X,Y,Z,Temperature_C,Pressure_Pa,V_Mag_ms,Power_W_Input
0.051,0.026,0.011,20.944,227628.812,8.264,68.000
0.048,0.000,0.004,24.042,-9566.977,0.572,68.000
0.051,0.022,0.011,21.535,219312.156,8.130,68.000
0.002,0.012,0.013,20.835,211746.375,7.531,68.000
0.049,0.017,0.013,20.626,239278.062,7.753,68.000
0.048,0.018,0.012,18.797,239608.812,9.435,68.000
0.043,0.001,0.006,21.182,112869.617,1.680,68.000
0.044,0.000,0.003,18.304,62883.867,0.051,68.000
0.050,0.010,0.014,18.469,225328.219,7.386,68.000
0.051,0.007,0.012,22.162,262108.906,7.552,68.000
0.049,0.008,0.014,21.603,253103.219,8.123,68.000
0.097,0.012,0.012,21.028,209062.156,6.806,68.000
0.050,0.000,0.005,27.459,-48311.582,1.726,68.000
0.051,0.011,0.012,20.555,212452.000,7.641,68.000
0.048,0.009,0.011,21.337,259574.781,8.710,68.000
0.050,0.003,0.011,21.827,276420.656,5.507,68.000
0.044,0.001,0.018,22.717,150543.219,2.054,68.000
0.050,0.022,0.014,22.886,245159.344,7.287,68.000
0.051,0.017,0.011,20.630,214119.625,8.061,68.000
0.046,0.002,0.009,23.499,241961.125,3.668,68.000
0.056,0.001,0.012,22.624,206633.625,3.952,68.000
0.099,0.013,0.011,23.336,205893.438,7.966,68.000
0.048,0.009,0.012,21.190,277158.969,9.191,68.000
0.051,0.026,0.011,20.612,229273.719,8.263,68.000
0.047,0.000,0.004,21.965,32485.508,0.323,68.000
0.050,0.020,0.012,20.626,233884.438,8.650,68.000
0.048,0.008,0.010,20.824,266236.531,8.069,68.000
0.051,0.018,0.013,21.342,222523.281,7.102,68.000
0.052,0.001,0.012,27.520,230128.000,4.159,68.000
0.098,0.011,0.013,20.948,202198.312,5.984,68.000
0.052,0.014,0.012,22.536,200188.594,6.297,68.000
0.051,0.000,0.005,24.565,45326.227,1.846,68.000
0.050,0.001,0.015,26.464,197384.250,3.010,68.000
0.052,0.000,0.020,21.969,51188.992,1.335,68.000
0.049,0.016,0.013,20.402,224881.500,6.996,68.000
0.047,0.001,0.013,22.941,253467.625,4.690,68.000
0.050,0.008,0.014,20.010,246129.125,7.900,68.000
0.048,0.001,0.011,22.808,268762.938,4.153,68.000
0.052,0.006,0.011,19.963,269918.188,6.697,68.000
0.051,0.016,0.014,21.414,221387.312,6.213,68.000
0.049,0.010,0.011,20.966,252407.812,8.885,68.000
0.048,0.002,0.007,22.296,228804.812,3.454,68.000
0.048,0.020,0.013,21.676,259429.625,8.384,68.000
0.047,0.001,0.016,22.993,187355.594,2.889,68.000
0.051,0.021,0.013,22.350,235875.406,7.241,68.000
0.049,0.022,0.014,22.958,236858.938,7.756,68.000
0.050,0.023,0.011,21.354,222065.656,8.984,68.000
0.044,0.001,0.019,21.195,156192.625,2.205,68.000
0.051,0.026,0.010,19.850,228016.125,8.451,68.000
0.046,0.001,0.012,28.110,127432.914,1.942,68.000
0.048,0.001,0.001,20.489,172574.594,1.920,68.000
0.049,0.025,0.012,21.200,228133.719,9.274,68.000
0.052,0.001,0.019,22.077,188718.656,2.678,68.000
0.051,0.017,0.011,20.720,212286.000,7.877,68.000
0.049,0.018,0.014,22.033,250249.406,7.496,68.000
0.051,0.025,0.011,21.303,220943.500,8.258,68.000
0.047,0.001,0.007,27.171,103458.477,2.110,68.000
0.050,0.001,0.004,20.861,198163.531,1.998,68.000
0.044,0.001,0.011,22.907,214490.656,2.664,68.000
0.056,0.000,0.010,27.697,2718.578,2.323,68.000
0.050,0.000,0.021,21.665,5636.648,-2.353,68.000
0.049,0.008,0.015,19.083,237662.125,7.168,68.000
0.050,0.018,0.012,20.127,222399.781,8.082,68.000
0.051,0.009,0.015,17.964,231542.125,7.040,68.000
0.001,0.013,0.012,21.005,220481.312,7.759,68.000
0.049,0.025,0.010,19.332,223626.281,9.251,68.000
0.099,0.012,0.011,22.294,206989.688,7.289,68.000
0.051,0.012,0.014,19.229,218734.125,7.213,68.000
0.054,0.000,0.013,33.262,-21382.055,-1.981,68.000
0.049,0.024,0.013,21.715,233407.438,8.789,68.000
0.050,0.000,0.011,32.289,27247.383,5.440,68.000
0.054,0.001,0.019,22.384,185645.812,2.390,68.000
0.043,0.001,0.019,20.810,130611.945,1.458,68.000
0.050,0.009,0.011,20.927,272361.812,8.869,68.000
0.058,0.001,0.018,21.622,138084.469,-0.190,68.000
0.048,0.000,0.012,29.410,57491.070,1.062,68.000
0.049,0.007,0.010,20.649,288811.156,8.154,68.000
0.045,0.002,0.016,22.410,174086.688,2.863,68.000
0.050,0.000,0.009,34.182,-60643.379,0.043,68.000
0.043,0.001,0.014,19.332,198224.312,3.503,68.000
0.049,0.010,0.012,20.453,258786.156,9.208,68.000
0.049,0.025,0.014,22.393,230459.688,8.651,68.000
0.048,0.002,0.012,23.246,262408.375,5.243,68.000
0.047,0.000,0.021,21.028,55798.930,0.841,68.000
0.045,0.001,0.013,25.398,221443.000,3.890,68.000
0.047,0.001,0.018,23.018,185658.031,2.501,68.000
0.051,0.000,0.002,24.084,-1358.117,0.731,68.000
0.045,0.001,0.011,21.059,241955.062,3.193,68.000
0.041,0.000,0.011,25.295,-33816.367,-0.610,68.000
0.054,0.001,0.014,25.826,182312.625,2.076,68.000
0.056,0.001,0.003,21.478,114106.227,1.396,68.000
0.049,0.001,0.010,24.941,268759.562,4.362,68.000
0.045,0.000,0.014,26.217,11869.883,1.877,68.000
0.050,0.025,0.012,21.793,229579.094,8.545,68.000
0.045,0.001,0.015,25.875,134173.844,1.670,68.000
0.049,0.021,0.012,20.373,232987.656,9.384,68.000
0.049,0.018,0.013,19.718,237913.812,8.179,68.000
0.050,0.017,0.010,19.826,217061.250,8.908,68.000
0.049,0.014,0.014,19.794,223781.812,7.289,68.000
0.052,0.002,0.011,22.751,266677.188,4.822,68.000
0.058,0.001,0.011,21.382,177315.375,2.733,68.000
0.049,0.009,0.014,19.588,233993.094,7.564,68.000
0.047,0.002,0.017,23.130,185100.062,2.741,68.000
0.051,0.014,0.012,21.403,208785.000,7.031,68.000
0.042,0.001,0.006,19.787,124577.555,1.689,68.000
0.061,0.001,0.009,20.882,159511.562,2.397,68.000
0.052,0.018,0.012,21.674,213114.062,6.690,68.000
0.049,0.008,0.014,21.682,253587.688,8.112,68.000
0.052,0.006,0.012,20.496,260848.438,6.609,68.000
0.056,0.000,0.015,23.874,68631.633,2.900,68.000
0.049,0.020,0.013,20.882,254774.812,8.570,68.000
0.052,0.026,0.013,24.049,227555.812,7.225,68.000
0.050,0.000,0.007,26.299,-4540.484,3.583,68.000
0.055,0.001,0.004,26.630,-29719.922,-0.491,68.000
0.099,0.012,0.011,23.172,206936.625,7.622,68.000
0.052,0.000,0.014,32.826,3257.641,1.747,68.000
0.043,0.000,0.019,20.979,-83835.430,-2.053,68.000
0.059,0.001,0.017,20.359,178512.750,0.355,68.000
0.050,0.005,0.012,21.976,282266.719,6.843,68.000
0.048,0.011,0.013,19.864,257426.750,9.244,68.000
0.046,0.001,0.013,27.008,162910.844,3.037,68.000
0.050,0.001,0.007,22.349,230213.000,3.477,68.000
0.050,0.001,0.022,20.904,181758.812,2.976,68.000
0.046,0.001,0.010,28.529,111788.539,1.957,68.000
0.049,0.001,0.004,19.885,216614.219,1.861,68.000
0.047,0.000,0.018,24.989,12867.055,-1.418,68.000
0.056,0.001,0.010,22.042,221340.344,3.882,68.000
0.050,0.022,0.014,23.224,238081.844,7.231,68.000
0.047,0.001,0.007,23.200,206943.562,2.817,68.000
0.050,0.008,0.010,19.171,267969.438,7.393,68.000
0.048,0.001,0.019,20.987,178947.438,2.927,68.000
0.047,0.001,0.020,21.616,173887.438,2.779,68.000
0.057,0.000,0.009,27.511,-74985.406,2.980,68.000
0.056,0.000,0.018,22.917,54745.773,1.977,68.000
0.051,0.007,0.011,20.851,278607.281,8.028,68.000
0.051,0.011,0.012,20.232,214636.062,7.634,68.000
0.041,0.000,0.009,19.858,15459.484,-1.700,68.000
0.047,0.001,0.017,23.226,193232.781,2.698,68.000
0.040,0.001,0.011,20.817,99318.070,1.208,68.000
0.049,0.001,0.004,20.631,201323.750,1.884,68.000
0.050,0.001,0.013,33.270,82277.742,2.166,68.000
0.057,0.001,0.014,23.232,164862.031,2.084,68.000
0.049,0.000,0.015,25.371,56058.633,1.671,68.000
0.048,0.012,0.012,19.724,263132.750,9.445,68.000
0.048,0.010,0.012,20.346,269624.125,9.434,68.000
0.048,0.014,0.013,19.880,244620.281,8.854,68.000
0.051,0.015,0.014,20.576,224239.156,6.300,68.000
0.045,0.000,0.018,22.438,-54438.352,0.022,68.000
0.051,0.014,0.011,20.119,208861.469,7.487,68.000
0.051,0.026,0.014,24.106,219696.438,7.558,68.000
0.053,0.000,0.013,34.214,-30738.188,-0.586,68.000
0.049,0.001,0.013,25.223,248922.062,4.546,68.000
0.056,0.001,0.011,22.117,210089.500,3.752,68.000
0.049,0.003,0.011,22.052,274079.625,5.604,68.000
0.047,0.002,0.007,21.876,212428.312,2.842,68.000
0.050,0.008,0.014,19.340,243479.031,7.611,68.000
0.051,0.014,0.013,21.933,208740.250,6.312,68.000
0.057,0.001,0.009,23.130,189972.406,3.773,68.000
0.050,0.009,0.013,21.025,244038.562,8.289,68.000
0.051,0.026,0.011,22.227,223388.594,7.561,68.000
0.050,0.024,0.013,22.676,229854.594,7.608,68.000
0.052,0.000,0.010,33.367,-56381.008,-0.494,68.000
0.052,0.004,0.012,21.857,249714.938,5.600,68.000
0.051,0.024,0.012,22.488,223853.875,7.314,68.000
0.053,0.001,0.022,23.330,72519.164,1.383,68.000
0.050,0.020,0.014,22.622,252833.625,7.122,68.000
0.051,0.001,0.007,23.653,206573.656,3.529,68.000
0.049,0.018,0.012,19.956,235301.438,8.388,68.000
0.048,0.015,0.014,19.988,229063.344,7.113,68.000
0.051,0.006,0.013,21.862,238431.875,6.840,68.000
0.055,0.001,0.008,22.673,207719.500,3.628,68.000
0.052,0.004,0.013,21.789,234744.594,5.183,68.000
0.044,0.001,0.014,20.092,204205.750,3.721,68.000
0.050,0.019,0.014,22.594,252912.469,7.232,68.000
0.052,0.001,0.005,22.732,123118.008,1.280,68.000
0.053,0.001,0.016,26.374,123640.945,0.602,68.000
0.047,0.000,0.014,28.132,12876.188,0.435,68.000
0.047,0.000,0.013,27.771,23415.047,0.950,68.000
0.048,0.012,0.012,19.662,259627.125,9.322,68.000
0.051,0.021,0.012,21.531,220595.188,7.976,68.000
0.052,0.016,0.011,21.361,205949.156,6.972,68.000
0.049,0.002,0.013,23.856,242685.688,5.240,68.000
0.060,0.000,0.013,21.492,71387.742,0.969,68.000
0.048,0.010,0.012,19.940,264555.062,9.382,68.000
0.049,0.008,0.012,22.611,285595.906,8.711,68.000
0.049,0.012,0.011,20.273,234799.844,8.226,68.000
0.052,0.017,0.013,21.814,215869.625,6.506,68.000
0.045,0.000,0.018,23.733,53442.961,0.100,68.000
0.051,0.026,0.013,23.526,230103.188,7.891,68.000
0.060,0.001,0.015,19.990,141701.438,-0.657,68.000
0.051,0.005,0.011,20.829,288572.938,6.596,68.000
0.048,0.002,0.011,22.537,268332.906,5.153,68.000
0.056,0.000,0.014,24.788,87883.320,1.590,68.000
0.042,0.000,0.014,20.281,4599.852,-0.871,68.000
0.050,0.009,0.015,18.134,234266.594,7.211,68.000
0.050,0.023,0.012,22.316,231279.906,8.377,68.000
0.050,0.012,0.013,20.795,234822.281,8.057,68.000
0.053,0.000,0.010,32.077,-7337.781,2.674,68.000
0.045,0.002,0.007,21.559,179821.656,2.199,68.000
0.058,0.001,0.015,21.175,166575.156,0.675,68.000
0.053,0.001,0.007,23.130,199500.438,3.311,68.000
0.050,0.000,0.022,20.989,47755.617,1.970,68.000
0.050,0.019,0.012,20.805,236038.219,8.233,68.000
0.051,0.004,0.013,22.039,238937.625,5.568,68.000
0.050,0.006,0.012,21.798,288200.281,7.849,68.000
0.056,0.000,0.010,28.970,-17812.742,1.760,68.000
0.051,0.026,0.010,20.742,232565.062,7.967,68.000
0.055,0.002,0.015,21.779,205930.250,2.253,68.000
0.100,0.011,0.012,18.304,73137.680,9.948,68.000
0.045,0.000,0.008,28.855,-93002.828,1.496,68.000
0.050,0.008,0.010,19.022,261643.562,7.345,68.000
0.049,0.009,0.010,20.404,257710.531,8.017,68.000
0.053,0.000,0.017,26.186,27841.586,-2.130,68.000
0.049,0.010,0.015,18.269,224024.250,7.270,68.000
0.046,0.001,0.020,21.179,171348.031,2.519,68.000
0.052,0.016,0.012,21.567,206876.031,6.458,68.000
0.058,0.001,0.019,20.941,155481.000,1.332,68.000
0.051,0.001,0.019,22.574,190506.406,2.959,68.000
0.052,0.001,0.022,20.784,182066.344,2.963,68.000
0.048,0.009,0.013,20.930,254784.250,8.613,68.000
0.055,0.000,0.020,22.061,38400.008,2.216,68.000
0.055,0.000,0.017,25.681,29211.852,-0.675,68.000
0.056,0.002,0.007,21.843,202029.812,2.921,68.000
0.049,0.012,0.012,19.961,245718.719,8.896,68.000
0.047,0.001,0.013,27.339,197185.406,3.326,68.000
0.051,0.019,0.012,21.255,224119.625,7.764,68.000
0.059,0.000,0.010,22.159,24439.305,1.871,68.000
0.056,0.000,0.012,30.959,7749.984,2.994,68.000
0.050,0.024,0.012,22.148,231099.906,8.408,68.000
0.056,0.000,0.008,23.883,1430.477,4.567,68.000
0.059,0.001,0.015,20.683,100190.742,-1.209,68.000
0.048,0.004,0.011,22.200,282248.344,6.365,68.000
0.052,0.005,0.011,20.151,270110.969,5.740,68.000
0.055,0.000,0.017,24.039,81753.773,0.648,68.000
0.052,0.006,0.014,20.688,222863.688,6.349,68.000
0.099,0.011,0.012,21.463,207559.625,6.599,68.000
0.098,0.012,0.011,21.891,207512.094,7.509,68.000
0.050,0.005,0.010,19.870,277666.625,6.569,68.000
0.052,0.026,0.012,22.297,225122.969,7.371,68.000
0.054,0.000,0.009,31.377,-60173.414,-0.465,68.000
0.052,0.005,0.012,21.100,259253.812,5.780,68.000
0.051,0.024,0.012,22.414,222837.406,7.143,68.000
0.099,0.012,0.011,21.650,208776.250,7.104,68.000
0.051,0.006,0.014,20.739,225355.594,6.572,68.000
0.097,0.014,0.012,20.626,206971.844,7.364,68.000
0.052,0.016,0.014,21.761,217400.438,6.004,68.000
0.042,0.000,0.017,22.457,-55478.488,-2.299,68.000
0.044,0.001,0.013,23.904,216783.031,3.665,68.000
0.051,0.005,0.014,21.763,230926.250,6.169,68.000
0.049,0.004,0.010,21.157,272202.469,6.013,68.000
0.049,0.013,0.011,19.666,253744.875,8.904,68.000
0.044,0.001,0.014,22.403,190191.844,3.262,68.000
0.050,0.017,0.011,20.093,219739.406,9.084,68.000
0.041,0.001,0.017,20.813,77597.273,1.382,68.000
0.051,0.018,0.013,21.256,224629.031,7.367,68.000
0.001,0.012,0.011,21.698,178770.438,7.937,68.000
0.043,0.001,0.014,25.637,94517.820,1.455,68.000
0.049,0.021,0.011,19.991,229146.781,9.519,68.000
0.047,0.001,0.022,20.856,165362.562,2.794,68.000
0.051,0.000,0.003,22.739,45879.836,0.334,68.000
0.050,0.023,0.010,20.530,217311.969,8.808,68.000
0.049,0.003,0.013,23.265,266329.375,5.862,68.000
0.051,0.018,0.012,20.812,222944.781,7.681,68.000
0.048,0.026,0.011,19.414,245314.188,10.290,68.000
0.051,0.001,0.003,19.852,220757.719,2.240,68.000
0.050,0.021,0.014,22.950,248678.406,7.202,68.000
0.051,0.014,0.010,20.136,209704.906,7.543,68.000
0.049,0.019,0.010,19.667,212848.031,9.510,68.000
0.048,0.009,0.011,21.624,263350.656,8.799,68.000
0.055,0.000,0.017,24.301,58670.602,0.252,68.000
0.051,0.004,0.012,21.871,266155.219,6.127,68.000
0.050,0.008,0.012,22.197,282239.875,8.794,68.000
0.055,0.001,0.013,23.877,184582.438,3.374,68.000
0.045,0.001,0.012,24.487,233468.781,3.773,68.000
0.056,0.002,0.011,22.164,218066.250,4.114,68.000
0.055,0.001,0.018,22.858,143522.094,1.009,68.000
0.050,0.008,0.013,22.204,262248.906,8.276,68.000
0.049,0.012,0.010,20.646,227116.625,7.552,68.000
0.051,0.006,0.014,20.766,223639.844,6.478,68.000
0.051,0.003,0.013,22.946,245042.844,5.195,68.000
0.099,0.013,0.012,26.266,111745.867,6.366,68.000
0.049,0.008,0.012,21.810,279236.031,8.943,68.000
0.053,0.000,0.021,20.475,-5083.891,-1.752,68.000
0.058,0.001,0.010,21.148,189117.906,3.326,68.000
0.054,0.000,0.015,29.208,-48112.414,-0.389,68.000
0.051,0.022,0.010,20.927,220497.844,8.475,68.000
0.050,0.000,0.007,28.481,37002.070,2.342,68.000
0.049,0.019,0.014,21.757,254542.219,7.780,68.000
0.050,0.018,0.010,19.955,216836.344,9.260,68.000
0.049,0.014,0.011,19.865,237931.969,8.619,68.000
0.050,0.026,0.013,21.969,234323.031,8.545,68.000
0.052,0.001,0.019,22.361,192634.406,2.926,68.000
0.050,0.011,0.014,18.213,226559.344,7.392,68.000
0.049,0.019,0.011,19.902,222108.281,9.670,68.000
0.049,0.025,0.010,19.564,220985.312,9.196,68.000
0.049,0.001,0.009,27.172,167011.281,3.241,68.000
0.049,0.009,0.013,21.569,264071.125,8.645,68.000
0.048,0.013,0.013,20.031,236973.406,8.119,68.000
0.001,0.011,0.012,21.135,189585.344,7.756,68.000
0.058,0.001,0.007,24.726,38802.352,1.668,68.000
0.052,0.003,0.012,22.800,244225.219,5.104,68.000
0.050,0.007,0.011,21.252,299880.531,8.532,68.000
0.049,0.000,0.011,33.421,-48806.859,-0.004,68.000
0.049,0.007,0.013,22.429,280872.688,8.465,68.000
0.041,0.000,0.008,22.304,-55725.762,-1.125,68.000
0.050,0.021,0.012,21.254,228778.469,8.489,68.000
0.050,0.015,0.012,20.651,225434.031,7.634,68.000
0.048,0.005,0.010,21.493,269700.656,5.966,68.000
0.047,0.000,0.005,20.949,89387.727,0.999,68.000
0.044,0.001,0.018,23.480,75360.445,0.434,68.000
0.047,0.001,0.007,24.743,152661.781,2.425,68.000
0.041,0.001,0.011,21.111,125385.523,1.503,68.000
0.050,0.005,0.012,21.433,288319.031,7.017,68.000
0.060,0.001,0.013,22.796,129902.711,0.494,68.000
0.049,0.011,0.011,20.872,242775.906,8.710,68.000
0.049,0.001,0.017,25.968,114682.273,0.894,68.000
0.042,0.001,0.008,23.482,120194.570,1.312,68.000
0.052,0.005,0.012,21.218,243688.531,6.069,68.000
0.001,0.012,0.011,21.834,163713.750,7.497,68.000
0.052,0.000,0.022,20.702,-11247.945,-1.624,68.000
0.049,0.010,0.010,20.599,240806.625,7.831,68.000
0.050,0.001,0.011,25.872,236325.688,3.965,68.000
0.048,0.010,0.013,20.199,256381.219,9.007,68.000
0.049,0.021,0.011,19.860,228035.344,9.442,68.000
0.041,0.001,0.006,19.173,108979.445,1.530,68.000
0.050,0.025,0.012,21.614,224911.688,8.329,68.000
0.048,0.002,0.011,22.443,268602.469,4.815,68.000
0.001,0.012,0.012,21.259,192247.938,7.975,68.000
0.050,0.019,0.012,20.695,233489.438,8.168,68.000
0.054,0.002,0.007,21.975,210763.594,3.507,68.000
0.052,0.000,0.016,25.664,45812.945,1.916,68.000
0.042,0.001,0.014,20.182,173999.125,2.946,68.000
0.048,0.018,0.012,18.987,229972.188,9.377,68.000
0.049,0.024,0.010,19.340,218184.875,9.580,68.000
0.055,0.000,0.012,29.265,38290.195,2.041,68.000
0.050,0.025,0.012,21.712,225912.688,8.584,68.000
0.049,0.023,0.011,21.013,221404.219,9.301,68.000
0.047,0.002,0.010,23.048,254627.875,3.750,68.000
0.051,0.003,0.014,22.770,218333.344,4.810,68.000
0.050,0.010,0.012,20.472,234941.219,8.372,68.000
0.045,0.001,0.013,23.618,216597.625,3.917,68.000
0.051,0.020,0.012,21.489,232243.719,7.794,68.000
0.051,0.021,0.011,20.993,218050.375,8.340,68.000
0.045,0.000,0.016,24.903,37490.664,0.091,68.000
0.050,0.009,0.013,21.098,247556.938,8.390,68.000
0.049,0.027,0.013,21.294,184274.000,7.471,68.000
0.052,0.006,0.013,21.704,236303.219,6.560,68.000
0.002,0.013,0.011,21.358,199884.281,7.496,68.000
0.051,0.000,0.011,29.850,26942.930,1.397,68.000
0.046,0.002,0.012,21.781,253015.906,4.231,68.000
0.048,0.023,0.013,21.773,236920.000,8.670,68.000
0.042,0.000,0.016,24.223,1209.602,-1.538,68.000
0.001,0.012,0.013,21.122,204698.156,7.746,68.000
0.050,0.004,0.010,21.147,278841.844,6.015,68.000
0.049,0.023,0.010,20.093,216802.469,9.295,68.000
0.048,0.007,0.013,22.326,282846.375,8.167,68.000
0.048,0.021,0.014,22.377,253236.750,8.157,68.000
0.098,0.011,0.013,21.029,207087.938,6.168,68.000
0.041,0.001,0.011,24.348,31174.555,-0.354,68.000
0.048,0.013,0.014,19.995,231822.219,7.880,68.000
0.059,0.000,0.013,23.677,40336.305,1.630,68.000
0.058,0.001,0.015,23.679,83038.852,-0.544,68.000
0.044,0.001,0.015,19.546,192767.688,3.348,68.000
0.055,0.002,0.018,21.092,197445.625,2.310,68.000
0.001,0.012,0.013,21.560,192504.875,7.679,68.000
0.050,0.003,0.012,23.124,258284.875,5.446,68.000
0.058,0.001,0.013,22.389,143414.250,1.462,68.000
0.050,0.015,0.012,21.127,225781.656,7.564,68.000
0.044,0.001,0.011,25.162,146770.656,1.694,68.000
0.049,0.005,0.011,21.737,281633.875,6.635,68.000
0.049,0.001,0.016,24.017,199993.844,3.036,68.000
0.047,0.001,0.005,21.048,191847.125,2.045,68.000
0.050,0.011,0.011,20.503,242115.938,8.728,68.000
0.003,0.012,0.012,20.876,198022.250,7.531,68.000
0.097,0.011,0.012,20.860,202650.406,6.254,68.000
0.057,0.000,0.014,24.149,121478.383,1.607,68.000
0.049,0.001,0.018,22.552,191244.562,2.673,68.000
0.049,0.010,0.011,21.126,239307.406,8.462,68.000
0.056,0.001,0.008,22.535,186594.594,3.073,68.000
0.049,0.001,0.020,21.550,181398.844,3.190,68.000
0.049,0.009,0.015,18.652,231869.281,7.291,68.000
0.051,0.001,0.004,21.465,206279.875,2.524,68.000
0.056,0.001,0.011,27.338,121999.539,2.964,68.000
0.050,0.020,0.013,22.453,249846.938,7.458,68.000
0.052,0.005,0.011,20.282,279972.469,6.364,68.000
0.057,0.001,0.007,21.708,172681.719,2.853,68.000
0.051,0.003,0.014,23.412,222511.188,4.953,68.000
0.051,0.004,0.009,21.070,274388.562,5.622,68.000
0.002,0.013,0.010,21.231,189759.656,7.790,68.000
0.049,0.002,0.014,23.927,208890.250,4.135,68.000
0.050,0.014,0.011,20.126,228949.156,8.214,68.000
0.057,0.001,0.017,20.205,193952.344,1.726,68.000
0.048,0.006,0.010,21.375,274061.438,7.041,68.000
0.059,0.001,0.009,21.060,167762.781,3.054,68.000
0.059,0.000,0.012,24.329,27801.820,1.162,68.000
0.050,0.018,0.013,21.175,228493.000,7.485,68.000
0.048,0.001,0.015,26.528,197269.781,2.522,68.000
0.050,0.013,0.012,20.552,227440.500,8.046,68.000
0.050,0.016,0.012,20.027,230620.500,8.142,68.000
0.050,0.008,0.014,20.602,247823.375,7.865,68.000
0.045,0.001,0.014,21.510,213123.531,3.998,68.000
0.050,0.025,0.012,21.770,230941.938,8.588,68.000
0.049,0.008,0.013,22.285,273554.219,8.633,68.000
0.052,0.001,0.009,23.219,258586.562,4.698,68.000
0.051,0.006,0.013,22.308,250323.375,6.745,68.000
0.044,0.001,0.019,20.835,152574.375,2.103,68.000
0.051,0.024,0.013,23.475,228787.188,7.305,68.000
0.049,0.015,0.013,20.189,229195.375,7.834,68.000
0.059,0.001,0.007,22.008,137746.625,2.641,68.000
0.051,0.003,0.010,21.903,274938.062,5.278,68.000
0.045,0.001,0.016,21.927,167234.500,2.821,68.000
0.051,0.004,0.010,21.269,274607.625,5.577,68.000
0.050,0.019,0.012,20.287,222365.344,8.220,68.000
0.050,0.015,0.012,20.657,228573.469,8.134,68.000
0.053,0.002,0.007,21.883,222090.375,3.752,68.000
0.048,0.005,0.011,21.963,285338.406,7.032,68.000
0.051,0.015,0.013,21.672,208933.094,6.222,68.000
0.047,0.000,0.017,27.882,-30810.117,-1.457,68.000
0.055,0.000,0.010,30.981,-33254.094,0.861,68.000
0.051,0.000,0.020,22.426,49694.414,1.263,68.000
0.041,0.001,0.014,20.669,87311.914,1.633,68.000
0.100,0.012,0.013,26.379,50321.727,7.126,68.000
0.044,0.001,0.019,21.497,161036.688,2.335,68.000
0.050,0.022,0.013,21.828,236649.281,7.928,68.000
0.050,0.011,0.010,20.085,230569.469,7.332,68.000
0.048,0.021,0.012,20.362,234480.812,9.562,68.000
0.050,0.016,0.014,20.650,223133.750,6.416,68.000
0.043,0.001,0.013,21.478,212584.906,3.600,68.000
0.058,0.001,0.018,21.274,155299.219,-0.031,68.000
0.052,0.023,0.012,22.778,218292.719,6.659,68.000
0.059,0.001,0.017,22.455,111697.930,-0.927,68.000
0.051,0.006,0.011,19.851,282720.500,7.041,68.000
0.058,0.000,0.012,25.201,43873.477,1.219,68.000
0.055,0.001,0.021,21.327,167601.281,2.811,68.000
0.049,0.018,0.010,19.810,224669.438,9.999,68.000
0.050,0.001,0.023,20.923,177091.844,2.776,68.000
0.051,0.007,0.014,20.887,238056.812,7.156,68.000
0.049,0.026,0.011,19.514,227573.750,9.168,68.000
0.048,0.000,0.018,23.831,-64033.797,-1.329,68.000
0.043,0.000,0.015,22.631,70076.477,0.619,68.000
0.051,0.001,0.019,23.744,135339.875,1.629,68.000
0.052,0.002,0.012,24.009,232571.000,4.727,68.000
0.058,0.001,0.013,22.705,151622.750,2.132,68.000
0.050,0.000,0.002,25.317,-18303.906,0.078,68.000
0.057,0.001,0.017,20.554,200184.344,1.643,68.000
0.050,0.010,0.010,20.222,234973.156,7.719,68.000
0.042,0.000,0.010,23.071,58717.414,-0.725,68.000
0.051,0.011,0.013,20.345,223077.125,7.775,68.000
0.050,0.000,0.018,25.041,19495.453,-1.359,68.000
0.050,0.014,0.012,20.546,232375.844,8.131,68.000
0.051,0.022,0.011,21.403,214109.688,8.341,68.000
0.099,0.011,0.013,23.471,189599.656,6.354,68.000
0.097,0.013,0.012,20.984,206134.125,7.500,68.000
0.048,0.024,0.013,21.638,235191.375,8.888,68.000
0.048,0.015,0.013,19.531,236650.688,8.407,68.000
0.048,0.017,0.011,19.784,230731.812,9.915,68.000
0.049,0.006,0.013,23.087,267816.719,7.570,68.000
0.050,0.015,0.013,21.252,220492.281,7.104,68.000
0.050,0.004,0.013,22.985,262621.188,6.034,68.000
0.051,0.022,0.011,21.763,222209.688,8.375,68.000
0.048,0.017,0.014,20.898,237577.688,7.520,68.000
0.050,0.022,0.011,21.398,225664.000,8.697,68.000
0.050,0.017,0.010,19.618,222183.656,9.054,68.000
0.043,0.001,0.013,25.793,144498.969,2.255,68.000
0.055,0.000,0.016,25.317,-13391.906,0.283,68.000
0.051,0.005,0.012,21.047,284336.062,6.585,68.000
0.047,0.002,0.011,21.925,259630.125,4.505,68.000
0.048,0.000,0.009,30.265,9816.469,-0.362,68.000
0.050,0.020,0.010,20.394,214802.812,9.395,68.000
0.052,0.000,0.010,32.361,17748.680,2.489,68.000
0.049,0.009,0.011,21.638,272432.062,8.929,68.000
0.049,0.001,0.022,21.232,173390.844,3.011,68.000
0.049,0.016,0.011,19.791,230092.906,9.627,68.000
0.045,0.001,0.017,22.486,171174.156,2.679,68.000
0.052,0.013,0.011,19.840,199879.969,6.879,68.000
0.051,0.016,0.012,21.309,210281.594,6.954,68.000
0.050,0.025,0.011,20.957,221494.312,8.482,68.000
0.050,0.007,0.012,22.103,295516.875,8.324,68.000
0.049,0.007,0.013,22.667,269810.188,8.134,68.000
0.058,0.001,0.019,24.192,83062.227,-0.956,68.000
0.051,0.002,0.007,22.054,229768.188,3.632,68.000
0.043,0.001,0.016,21.050,136343.688,2.240,68.000
0.044,0.001,0.009,24.519,175303.531,2.067,68.000
0.097,0.012,0.012,20.928,206122.406,6.468,68.000
0.051,0.008,0.011,20.934,279170.500,8.497,68.000
0.046,0.001,0.012,25.517,231071.188,3.797,68.000
0.050,0.020,0.012,20.439,235532.906,8.581,68.000
0.050,0.008,0.014,21.061,251403.938,8.056,68.000
0.050,0.004,0.012,22.072,287583.844,6.361,68.000
0.052,0.000,0.001,22.801,36577.570,-0.131,68.000
0.003,0.012,0.011,21.211,188646.844,7.513,68.000
0.052,0.009,0.013,20.014,219855.500,7.399,68.000
0.052,0.000,0.019,23.700,29873.070,0.561,68.000
0.053,0.000,0.006,24.611,14558.469,1.879,68.000
0.053,0.001,0.021,21.732,182524.469,2.945,68.000
0.049,0.007,0.010,21.106,285892.250,8.065,68.000
0.045,0.001,0.021,22.630,78601.820,0.646,68.000
0.053,0.002,0.018,22.313,189835.500,2.443,68.000
0.100,0.013,0.011,28.281,-33093.125,8.916,68.000
0.048,0.010,0.014,19.882,230068.438,7.814,68.000
0.051,0.009,0.012,20.564,238797.688,8.260,68.000
0.050,0.023,0.011,21.434,220009.469,8.692,68.000
0.047,0.001,0.013,24.819,229543.438,3.981,68.000
0.054,0.002,0.012,23.281,241694.875,4.542,68.000
0.051,0.001,0.001,22.819,85945.555,0.991,68.000
0.051,0.009,0.014,18.871,235171.156,7.441,68.000
0.050,0.019,0.013,22.097,247450.656,7.530,68.000
0.097,0.010,0.012,20.936,200367.969,6.267,68.000
0.046,0.001,0.011,21.839,254584.312,3.531,68.000
0.043,0.000,0.004,19.898,51344.023,0.248,68.000
0.049,0.002,0.014,23.522,213889.250,4.755,68.000
0.051,0.013,0.011,19.823,202282.312,6.951,68.000
0.055,0.002,0.010,22.152,231348.188,4.024,68.000
0.051,0.024,0.014,23.844,229703.281,7.515,68.000
0.048,0.003,0.011,22.390,270071.000,5.673,68.000
0.049,0.018,0.010,19.863,224501.969,10.058,68.000
0.049,0.015,0.014,19.782,223580.750,6.881,68.000
0.042,0.001,0.014,20.631,168195.812,3.005,68.000
0.048,0.001,0.020,22.158,118402.398,1.832,68.000
0.049,0.026,0.013,21.457,227314.469,8.520,68.000
0.048,0.006,0.010,21.385,278187.594,7.005,68.000
0.049,0.011,0.012,19.972,262051.219,9.247,68.000
0.052,0.009,0.014,19.524,234657.812,7.438,68.000
0.048,0.004,0.011,22.192,271802.781,6.249,68.000
0.049,0.000,0.004,25.926,-4371.531,0.889,68.000
0.048,0.001,0.018,21.760,183336.969,2.531,68.000
0.054,0.001,0.005,25.017,48068.133,1.202,68.000
0.050,0.024,0.013,22.397,229626.312,8.077,68.000
0.051,0.007,0.012,21.270,273439.594,7.934,68.000
0.046,0.001,0.010,30.190,109993.883,2.137,68.000
0.052,0.022,0.013,23.363,228757.500,6.680,68.000
0.051,0.026,0.011,21.643,229956.375,7.606,68.000
0.057,0.001,0.012,22.322,177211.875,2.905,68.000
0.052,0.001,0.007,26.474,89088.773,1.554,68.000
0.040,0.001,0.010,24.283,23599.422,-0.245,68.000
0.051,0.006,0.015,20.511,223713.500,6.489,68.000
0.047,0.001,0.003,21.735,87547.367,1.165,68.000
0.041,0.001,0.018,19.532,86410.008,0.881,68.000
0.052,0.001,0.021,21.135,182006.000,2.999,68.000
0.051,0.014,0.014,19.520,223294.250,6.524,68.000
0.001,0.012,0.013,21.047,208289.719,7.723,68.000
0.043,0.001,0.004,18.219,150720.719,1.428,68.000
0.051,0.017,0.014,21.621,225746.188,6.366,68.000
0.051,0.025,0.011,21.569,224971.219,7.690,68.000
0.045,0.001,0.004,20.157,162486.594,1.337,68.000
0.051,0.000,0.016,27.638,-56647.855,0.199,68.000
0.050,0.014,0.012,20.905,240439.562,8.229,68.000
0.049,0.003,0.014,23.669,227781.844,5.404,68.000
0.051,0.025,0.012,22.139,226770.156,7.551,68.000
0.043,0.001,0.012,21.763,220131.938,2.833,68.000
0.002,0.011,0.012,21.096,180651.281,7.535,68.000
0.051,0.001,0.013,28.853,144909.031,2.515,68.000
0.048,0.022,0.011,19.943,221061.188,9.758,68.000
0.050,0.020,0.011,20.614,217739.781,9.080,68.000
0.045,0.000,0.004,20.507,69854.586,0.506,68.000
0.052,0.016,0.011,20.961,206953.719,7.235,68.000
0.051,0.007,0.011,20.734,290195.719,8.090,68.000
0.041,0.001,0.017,19.368,91175.539,1.318,68.000
0.048,0.016,0.011,19.872,235480.656,9.760,68.000
0.051,0.001,0.017,27.637,131381.094,0.736,68.000
0.099,0.013,0.012,21.592,213546.844,7.467,68.000
0.058,0.001,0.018,23.916,84437.836,-0.839,68.000
0.057,0.001,0.012,27.128,45064.883,0.968,68.000
0.049,0.010,0.012,20.363,255225.844,9.080,68.000
0.056,0.001,0.007,25.439,85634.961,1.857,68.000
0.059,0.000,0.015,18.084,72314.617,1.904,68.000
0.056,0.001,0.016,20.755,208787.875,2.474,68.000
0.050,0.008,0.010,19.524,271947.688,7.900,68.000
0.052,0.023,0.013,22.886,219261.000,6.717,68.000
0.048,0.010,0.013,19.955,261267.969,9.313,68.000
0.001,0.012,0.012,21.298,196671.062,7.816,68.000
0.057,0.000,0.011,25.766,29999.898,1.892,68.000
0.049,0.023,0.012,21.604,236228.500,9.253,68.000
0.041,0.001,0.013,23.918,69701.977,0.558,68.000
0.051,0.026,0.010,20.481,229041.844,8.154,68.000
0.051,0.003,0.012,21.729,275394.312,5.850,68.000
0.044,0.001,0.005,20.018,148658.125,1.638,68.000
0.046,0.001,0.004,19.781,191273.594,1.577,68.000
0.052,0.019,0.013,22.562,220561.656,6.582,68.000
0.100,0.013,0.011,18.549,-74937.398,11.095,68.000
0.055,0.001,0.022,22.423,95508.414,1.604,68.000
0.048,0.002,0.010,22.696,268083.188,4.270,68.000
0.054,0.000,0.005,23.465,69326.086,1.656,68.000
0.049,0.001,0.007,22.449,225478.250,3.295,68.000
0.052,0.003,0.013,22.061,225280.312,4.833,68.000
0.057,0.001,0.006,19.127,205817.969,2.555,68.000
0.045,0.001,0.017,23.268,166970.938,2.173,68.000
0.054,0.001,0.006,21.081,208564.750,2.706,68.000
0.057,0.000,0.010,25.327,59472.977,3.053,68.000
0.048,0.019,0.012,19.534,248958.719,9.316,68.000
0.048,0.016,0.011,19.776,239174.500,9.676,68.000
0.052,0.026,0.013,24.236,227933.344,7.154,68.000
0.043,0.002,0.008,22.146,175958.875,2.069,68.000
0.055,0.000,0.014,27.628,26238.148,1.264,68.000
0.048,0.000,0.014,34.451,14280.781,-1.783,68.000
0.052,0.020,0.012,22.274,216387.250,6.849,68.000
0.049,0.015,0.013,20.341,232994.969,7.988,68.000
0.046,0.002,0.009,22.773,235669.188,3.560,68.000
0.050,0.021,0.010,20.791,217796.344,9.240,68.000
0.045,0.002,0.009,23.015,235655.062,3.465,68.000
0.051,0.011,0.013,20.576,226903.719,7.781,68.000
0.049,0.019,0.013,21.609,252765.094,7.959,68.000
0.051,0.010,0.012,20.498,233698.438,8.244,68.000
0.051,0.015,0.011,20.465,222101.438,7.950,68.000
0.052,0.008,0.013,20.934,223406.438,7.363,68.000
0.048,0.014,0.012,19.791,255076.750,9.356,68.000
0.051,0.027,0.011,21.226,228884.531,7.555,68.000
0.045,0.001,0.009,27.840,156171.188,2.460,68.000
0.057,0.001,0.012,24.004,169869.281,2.961,68.000
0.053,0.000,0.011,35.040,-56161.199,-1.148,68.000
0.050,0.005,0.014,22.036,223124.500,6.100,68.000
0.050,0.002,0.007,22.608,233495.719,3.740,68.000
0.053,0.000,0.014,31.866,-59910.254,-1.513,68.000
0.052,0.001,0.004,20.652,209176.125,2.429,68.000
0.050,0.026,0.010,19.574,228399.312,8.712,68.000
0.058,0.001,0.018,20.119,177072.375,0.962,68.000
0.051,0.001,0.011,28.872,189410.844,3.700,68.000
0.051,0.010,0.013,20.821,225433.469,7.979,68.000
0.057,0.001,0.005,19.109,213443.375,2.593,68.000
0.049,0.002,0.019,21.864,182526.719,2.519,68.000
0.054,0.000,0.015,30.243,-39880.965,-0.678,68.000
0.051,0.012,0.013,20.798,223282.094,7.470,68.000
0.044,0.001,0.014,20.847,204085.219,3.680,68.000
0.051,0.007,0.010,18.807,262228.281,6.512,68.000
0.050,0.001,0.010,28.578,160859.812,3.178,68.000
0.049,0.013,0.012,20.307,248998.469,8.816,68.000
0.051,0.016,0.011,20.591,217785.094,8.040,68.000
0.052,0.009,0.010,18.992,228947.000,6.928,68.000
0.052,0.002,0.007,22.236,238113.719,4.090,68.000
0.048,0.001,0.003,21.219,106251.727,0.916,68.000
0.044,0.001,0.004,20.639,66851.680,1.276,68.000
0.052,0.015,0.012,22.058,197440.219,6.373,68.000
0.050,0.009,0.011,20.114,260032.406,8.437,68.000
0.051,0.001,0.004,23.592,106521.070,1.522,68.000
0.053,0.002,0.012,23.697,247242.219,4.605,68.000
0.049,0.001,0.015,25.867,203361.188,2.743,68.000
0.043,0.001,0.007,23.763,20592.750,1.200,68.000
0.049,0.004,0.012,22.295,287232.094,6.455,68.000
0.051,0.007,0.011,20.682,292033.094,7.900,68.000
0.052,0.001,0.016,24.873,210861.906,2.415,68.000
0.051,0.019,0.012,21.149,220752.312,7.526,68.000
0.055,0.000,0.016,27.090,-11876.805,1.478,68.000
0.054,0.000,0.007,25.094,19743.688,2.073,68.000
0.050,0.020,0.013,22.470,246535.031,7.436,68.000
0.050,0.016,0.013,21.093,222039.969,6.812,68.000
0.051,0.000,0.005,23.876,117987.773,1.952,68.000
0.048,0.026,0.011,19.274,241103.719,10.320,68.000
0.048,0.001,0.022,20.419,168606.969,2.841,68.000
0.051,0.012,0.010,20.008,201681.750,7.111,68.000
0.057,0.001,0.006,20.714,196828.594,2.749,68.000
0.053,0.001,0.011,30.306,126382.695,3.117,68.000
0.051,0.003,0.011,22.152,275206.219,5.466,68.000
0.050,0.006,0.013,22.647,248844.656,6.892,68.000
0.043,0.001,0.016,20.193,125154.289,1.999,68.000
0.048,0.027,0.014,15.180,176224.062,8.830,68.000
0.042,0.001,0.018,21.470,107352.055,1.205,68.000
0.055,0.001,0.003,17.897,239166.656,2.454,68.000
0.049,0.010,0.011,21.208,250742.656,8.847,68.000
0.048,0.018,0.012,18.740,232898.219,9.040,68.000
0.044,0.001,0.020,22.696,106048.336,1.213,68.000
0.044,0.002,0.009,22.074,204248.156,2.758,68.000
0.049,0.010,0.011,20.708,244043.812,8.822,68.000
0.049,0.001,0.010,25.279,264267.906,4.267,68.000
0.050,0.010,0.012,20.733,251485.375,8.865,68.000
0.050,0.014,0.010,20.190,233845.656,8.285,68.000
0.050,0.001,0.020,24.530,71815.195,1.235,68.000
0.042,0.000,0.012,27.257,-21633.492,-1.804,68.000
0.049,0.001,0.004,21.488,200592.531,2.104,68.000
0.056,0.001,0.020,22.172,157140.500,2.312,68.000
0.051,0.001,0.010,29.135,140548.625,3.061,68.000
0.049,0.010,0.012,20.423,260507.500,9.113,68.000
0.040,0.001,0.014,18.929,111846.523,2.345,68.000
0.049,0.006,0.012,22.417,294090.062,7.833,68.000
0.050,0.022,0.014,23.039,242171.781,7.499,68.000
0.044,0.001,0.017,22.238,149247.688,2.166,68.000
0.051,0.012,0.014,20.052,226851.469,7.639,68.000
0.098,0.012,0.012,21.175,207483.031,6.788,68.000
0.048,0.008,0.011,21.822,274157.000,8.779,68.000
0.047,0.001,0.011,24.151,251861.281,3.437,68.000
0.050,0.022,0.011,21.535,222463.156,8.512,68.000
0.057,0.001,0.018,21.359,161478.344,0.763,68.000
0.052,0.010,0.011,19.868,202167.312,7.133,68.000
0.046,0.001,0.018,24.117,117365.367,0.972,68.000
0.053,0.000,0.011,34.312,-62161.902,-1.538,68.000
0.048,0.007,0.014,21.987,254596.781,7.751,68.000
0.051,0.013,0.012,21.445,223452.938,7.690,68.000
0.049,0.025,0.010,19.432,219467.812,9.350,68.000
0.045,0.002,0.013,22.128,228824.969,4.216,68.000
0.057,0.000,0.004,19.484,198740.500,2.315,68.000
0.048,0.007,0.011,21.874,287407.750,8.046,68.000
0.044,0.000,0.017,24.829,-24128.594,-0.444,68.000
0.039,0.000,0.010,22.133,-48652.191,-2.308,68.000
0.050,0.023,0.013,22.513,229820.875,8.016,68.000
0.042,0.001,0.012,21.621,176074.781,2.390,68.000
0.098,0.010,0.012,21.298,203338.688,6.323,68.000
0.048,0.012,0.010,20.705,235115.375,8.097,68.000
0.051,0.001,0.014,31.402,45964.570,0.684,68.000
0.055,0.001,0.006,20.630,214554.625,2.710,68.000
0.046,0.001,0.006,24.162,84372.477,1.712,68.000
0.001,0.012,0.012,21.319,200837.844,7.925,68.000
0.058,0.000,0.011,22.718,87016.414,2.476,68.000
0.050,0.001,0.005,21.480,206897.500,2.338,68.000
0.043,0.001,0.013,21.255,199252.625,3.500,68.000
0.051,0.007,0.013,21.048,248220.000,7.682,68.000
0.050,0.001,0.015,24.290,199933.312,3.009,68.000
0.057,0.001,0.016,22.637,100605.930,-0.020,68.000
0.097,0.013,0.012,21.088,209024.219,7.199,68.000
0.050,0.019,0.012,20.487,229382.219,8.262,68.000
0.054,0.000,0.011,32.440,-72839.719,-1.571,68.000
0.045,0.001,0.005,22.087,126781.242,1.647,68.000
0.054,0.001,0.019,22.523,182638.031,2.590,68.000
0.051,0.016,0.011,20.698,218082.906,8.118,68.000
0.050,0.000,0.012,27.240,122964.617,2.667,68.000
0.058,0.001,0.016,20.874,159332.062,0.400,68.000
0.056,0.001,0.020,21.925,163483.812,2.564,68.000
0.049,0.022,0.012,21.255,228009.281,8.984,68.000
0.048,0.023,0.013,21.606,238385.000,9.033,68.000
0.053,0.000,0.013,33.234,11570.508,2.652,68.000
0.098,0.012,0.013,21.174,211353.688,6.492,68.000
0.052,0.017,0.012,21.414,209700.344,6.823,68.000
0.052,0.014,0.012,21.894,196447.250,6.461,68.000
0.052,0.009,0.013,20.210,225533.312,7.629,68.000
0.050,0.002,0.015,24.145,202276.906,3.297,68.000
0.045,0.000,0.022,21.795,31216.445,0.339,68.000
0.055,0.001,0.016,22.040,213628.469,2.193,68.000
0.055,0.000,0.005,26.238,-26969.344,1.864,68.000
0.049,0.007,0.010,20.440,283710.562,7.720,68.000
0.051,0.018,0.014,21.698,234529.031,6.593,68.000
0.043,0.001,0.006,20.778,132149.219,1.773,68.000
0.051,0.026,0.011,21.661,227061.406,7.619,68.000
0.050,0.015,0.011,20.109,234897.469,8.712,68.000
0.050,0.024,0.013,22.550,232731.219,8.123,68.000
0.049,0.001,0.020,20.773,175105.969,3.183,68.000
0.049,0.002,0.014,23.935,221298.438,4.980,68.000
0.049,0.005,0.009,21.194,272223.312,6.268,68.000
0.049,0.000,0.014,31.596,-15957.797,-0.571,68.000
0.045,0.001,0.006,23.104,106240.648,1.805,68.000
0.053,0.002,0.017,22.232,200394.500,3.157,68.000
0.053,0.001,0.020,21.365,184365.812,2.909,68.000
0.058,0.001,0.019,23.372,84987.273,-0.477,68.000
0.053,0.000,0.017,27.071,-32488.711,-2.161,68.000
0.049,0.013,0.011,19.748,254719.781,8.965,68.000
0.001,0.013,0.013,21.203,218778.812,7.560,68.000
0.049,0.011,0.012,20.180,250373.406,8.985,68.000
0.047,0.001,0.010,23.083,266498.812,4.006,68.000
0.049,0.001,0.018,22.148,184805.781,2.435,68.000
0.045,0.002,0.012,21.297,247063.562,3.767,68.000
0.049,0.025,0.010,19.153,220282.688,9.330,68.000
0.048,0.000,0.021,20.684,-44809.688,-1.271,68.000
0.052,0.000,0.021,22.041,13447.086,-5.448,68.000
0.051,0.006,0.011,20.965,286643.031,7.433,68.000
0.052,0.009,0.013,20.427,220257.469,7.484,68.000
0.050,0.000,0.012,33.544,28886.930,4.759,68.000
0.041,0.001,0.011,26.318,-18479.930,-0.696,68.000
0.048,0.007,0.013,21.849,268627.969,8.288,68.000
0.051,0.012,0.011,20.112,212123.406,7.560,68.000
0.048,0.000,0.011,28.495,77971.570,0.837,68.000
0.053,0.002,0.013,23.605,195889.469,3.500,68.000
0.061,0.001,0.010,23.239,54911.477,0.941,68.000
0.057,0.001,0.004,17.581,238443.281,2.613,68.000
0.043,0.001,0.004,20.013,90753.336,1.619,68.000
0.049,0.005,0.011,21.362,290293.312,6.747,68.000
0.051,0.014,0.010,19.808,198267.031,7.024,68.000
0.043,0.000,0.008,24.804,12105.188,-1.129,68.000
0.052,0.024,0.013,23.009,218885.781,6.597,68.000
0.046,0.000,0.007,27.633,32975.227,0.430,68.000
0.050,0.005,0.015,21.238,221218.062,6.165,68.000
0.049,0.023,0.011,21.430,221053.719,9.152,68.000
0.046,0.000,0.021,21.987,14463.008,0.139,68.000
0.052,0.003,0.011,21.441,268447.094,5.369,68.000
0.001,0.013,0.012,22.427,176761.750,6.620,68.000
0.044,0.000,0.008,28.855,-44456.523,-0.182,68.000
0.051,0.026,0.010,20.564,231322.062,8.263,68.000
0.047,0.000,0.022,21.529,56724.742,0.944,68.000
0.097,0.013,0.013,20.637,209698.438,6.739,68.000
0.050,0.026,0.013,22.091,231262.188,8.422,68.000
0.049,0.002,0.010,22.777,276323.562,4.925,68.000
0.050,0.027,0.011,20.019,233193.719,8.194,68.000
0.052,0.003,0.011,22.198,272097.344,5.336,68.000
0.051,0.022,0.013,22.510,231722.062,7.204,68.000
0.047,0.001,0.013,23.449,231877.344,4.324,68.000
0.045,0.001,0.018,21.975,163741.594,2.362,68.000
0.044,0.001,0.017,22.470,141130.844,1.965,68.000
0.053,0.001,0.013,26.423,221534.188,3.941,68.000
0.049,0.011,0.011,20.880,233955.875,8.275,68.000
0.001,0.011,0.013,22.122,170289.594,7.184,68.000
0.051,0.018,0.014,22.162,239008.312,6.826,68.000
0.053,0.002,0.011,23.046,253640.125,4.580,68.000
0.052,0.004,0.013,22.178,224084.031,4.955,68.000
0.049,0.006,0.012,22.756,287672.688,7.501,68.000
0.048,0.001,0.007,22.268,224282.562,3.183,68.000
0.051,0.000,0.004,29.243,-91077.203,1.569,68.000
0.050,0.018,0.010,19.791,211662.188,9.210,68.000
0.058,0.000,0.015,24.774,-4395.133,2.817,68.000
0.051,0.008,0.012,21.667,272780.062,8.358,68.000
0.055,0.001,0.018,25.153,94914.852,0.277,68.000
0.050,0.015,0.014,20.024,225405.344,6.521,68.000
0.051,0.005,0.010,19.893,271745.406,6.211,68.000
0.048,0.007,0.012,22.470,285262.562,8.564,68.000
0.058,0.001,0.012,25.781,53420.070,1.255,68.000
0.052,0.005,0.011,19.938,273424.156,6.047,68.000
0.046,0.001,0.021,22.391,108953.383,1.234,68.000
0.002,0.011,0.012,20.961,186032.156,7.655,68.000
0.054,0.000,0.014,27.821,7582.914,1.232,68.000
0.049,0.012,0.012,19.648,254931.719,9.131,68.000
0.059,0.001,0.007,19.850,169989.156,2.656,68.000
0.048,0.000,0.014,32.026,-19387.688,-1.459,68.000
0.054,0.000,0.010,27.813,74702.242,2.347,68.000
0.049,0.015,0.013,19.735,229713.219,7.966,68.000
0.051,0.010,0.011,20.339,220129.312,7.969,68.000
0.050,0.014,0.012,21.313,227497.438,7.585,68.000
0.043,0.001,0.005,18.878,142565.344,1.675,68.000
0.051,0.007,0.014,20.171,227729.812,6.736,68.000
0.052,0.001,0.013,29.989,126173.742,2.344,68.000
0.049,0.002,0.011,22.267,271752.375,5.322,68.000
0.051,0.003,0.010,21.640,275758.406,5.479,68.000
0.050,0.016,0.014,21.050,226598.156,6.474,68.000
0.048,0.023,0.012,20.613,227458.125,9.892,68.000
0.050,0.003,0.011,21.583,277721.594,5.558,68.000
0.059,0.001,0.013,23.855,106944.883,0.587,68.000
0.051,0.023,0.010,20.982,217549.188,8.137,68.000
0.050,0.002,0.007,22.463,236013.500,3.717,68.000
0.048,0.013,0.013,19.903,246862.969,8.676,68.000
0.049,0.021,0.013,21.346,245169.531,8.510,68.000
0.098,0.011,0.013,21.039,210129.625,6.111,68.000
0.050,0.000,0.005,27.590,-47988.254,1.622,68.000
0.049,0.021,0.012,20.810,237467.125,9.106,68.000
0.098,0.014,0.012,21.336,211183.875,8.026,68.000
0.050,0.011,0.013,20.662,240853.094,8.459,68.000
0.043,0.001,0.015,20.473,166221.188,2.735,68.000
0.058,0.000,0.009,21.251,32306.586,1.775,68.000
0.048,0.015,0.013,19.681,237045.031,8.479,68.000
0.048,0.003,0.012,23.043,279067.469,6.290,68.000
0.053,0.000,0.016,27.823,-31552.391,-1.168,68.000
0.053,0.001,0.007,24.219,207313.625,4.102,68.000
0.048,0.025,0.011,19.659,228201.969,10.282,68.000
0.049,0.013,0.011,20.020,232693.406,8.121,68.000
0.048,0.015,0.013,19.720,235764.312,8.344,68.000
0.050,0.003,0.010,21.775,274518.844,5.526,68.000
0.043,0.000,0.011,21.320,132101.156,0.292,68.000
0.051,0.024,0.010,20.038,219114.562,8.381,68.000
0.049,0.018,0.011,19.633,226940.188,9.709,68.000
0.056,0.001,0.014,22.945,174590.156,2.247,68.000
0.056,0.001,0.019,23.275,173961.500,1.592,68.000
0.051,0.006,0.012,21.233,277167.531,7.314,68.000
0.050,0.000,0.003,24.365,19659.836,0.717,68.000
0.046,0.000,0.020,19.610,-54946.977,-0.272,68.000
0.055,0.001,0.006,21.196,205070.312,2.698,68.000
0.051,0.018,0.014,21.987,237846.125,6.756,68.000
0.051,0.008,0.009,18.841,260106.156,6.863,68.000
0.050,0.017,0.013,20.747,223598.188,7.167,68.000
0.056,0.001,0.007,22.069,202179.562,2.939,68.000
0.000,0.013,0.012,19.703,11584.758,12.531,68.000
0.048,0.002,0.012,22.124,263515.938,5.142,68.000
0.051,0.013,0.011,20.136,221486.062,7.718,68.000
0.051,0.018,0.013,22.062,227058.688,6.962,68.000
0.049,0.027,0.014,21.326,199863.094,7.260,68.000
0.052,0.001,0.014,24.935,188620.844,2.888,68.000
0.050,0.004,0.014,22.785,225727.562,5.516,68.000
0.048,0.002,0.014,23.582,224112.812,4.608,68.000
0.097,0.012,0.012,20.801,203856.812,6.491,68.000
0.050,0.015,0.014,20.422,226215.000,6.425,68.000
0.051,0.009,0.012,21.231,237311.688,7.859,68.000
0.048,0.005,0.012,22.463,294394.844,7.079,68.000
0.052,0.014,0.013,21.125,209498.625,6.260,68.000
0.052,0.002,0.009,22.919,255385.250,4.747,68.000
0.046,0.000,0.003,21.664,69647.633,1.141,68.000
0.061,0.001,0.010,21.848,149564.531,2.490,68.000
0.049,0.019,0.013,20.615,248025.344,8.518,68.000
0.043,0.001,0.006,22.758,38627.648,1.505,68.000
0.044,0.000,0.003,20.497,47012.117,0.250,68.000
0.052,0.024,0.012,22.603,219127.750,7.269,68.000
0.049,0.002,0.018,22.307,184527.812,2.462,68.000
0.052,0.000,0.023,20.692,2522.539,-1.452,68.000
0.050,0.013,0.014,20.290,218437.312,7.191,68.000
0.052,0.014,0.013,22.213,210595.656,6.633,68.000
0.049,0.001,0.018,26.070,141455.938,1.057,68.000
0.051,0.001,0.022,20.942,185336.469,2.995,68.000
0.047,0.000,0.007,23.801,-5247.016,2.078,68.000
0.049,0.016,0.013,19.696,235749.688,7.790,68.000
0.051,0.016,0.013,21.537,211799.219,6.466,68.000
0.048,0.012,0.013,19.982,252522.719,9.051,68.000
0.054,0.000,0.019,21.636,82865.820,4.438,68.000
0.049,0.010,0.014,19.730,233159.375,7.858,68.000
0.052,0.027,0.014,16.274,141318.250,4.850,68.000
0.051,0.003,0.014,23.206,216831.625,4.725,68.000
0.061,0.001,0.010,22.571,140178.906,2.484,68.000
0.050,0.020,0.011,20.521,223245.594,9.273,68.000
0.048,0.024,0.010,19.121,219839.562,9.747,68.000
0.051,0.014,0.011,20.370,198921.094,7.041,68.000
0.047,0.001,0.003,20.315,166519.125,1.333,68.000
0.049,0.003,0.014,23.645,218573.469,5.122,68.000
0.050,0.009,0.014,18.935,236511.625,7.606,68.000
0.042,0.001,0.010,23.655,151485.344,1.618,68.000
0.049,0.006,0.013,22.871,268448.469,7.789,68.000
0.044,0.002,0.009,21.882,195544.125,2.453,68.000
0.049,0.003,0.010,21.858,272796.219,5.467,68.000
0.049,0.003,0.010,22.641,275028.406,5.279,68.000
0.001,0.012,0.012,21.040,202550.969,7.798,68.000
0.001,0.013,0.013,20.896,229127.250,7.737,68.000
0.050,0.001,0.007,23.888,215195.781,3.704,68.000
0.050,0.018,0.010,20.074,215085.750,9.272,68.000
0.050,0.007,0.011,20.510,293481.312,8.180,68.000
0.054,0.001,0.012,28.949,182898.688,3.637,68.000
0.046,0.000,0.017,23.704,73726.773,0.118,68.000
0.045,0.001,0.004,21.804,99327.070,1.335,68.000
0.048,0.002,0.013,23.663,238877.812,5.267,68.000
0.052,0.000,0.017,26.648,-10940.211,1.024,68.000
0.051,0.001,0.019,21.841,183964.938,2.925,68.000
0.048,0.021,0.012,20.728,243152.156,9.668,68.000
0.053,0.000,0.019,24.030,57751.117,1.133,68.000
0.044,0.001,0.013,21.846,207551.219,3.746,68.000
0.049,0.026,0.012,21.290,232359.031,9.155,68.000
0.047,0.000,0.013,33.795,-60150.367,-1.415,68.000
0.055,0.002,0.017,21.013,203259.562,2.687,68.000
0.059,0.001,0.011,22.311,154783.844,2.606,68.000
0.048,0.008,0.013,21.723,282773.281,8.827,68.000
0.049,0.006,0.012,21.964,299187.062,7.685,68.000
0.042,0.001,0.013,27.940,28852.961,0.102,68.000
0.055,0.001,0.004,18.391,232918.281,2.568,68.000
0.048,0.002,0.012,22.402,268015.094,5.104,68.000
0.048,0.022,0.012,21.290,240593.625,9.353,68.000
0.050,0.009,0.010,19.739,245542.719,7.541,68.000
0.052,0.005,0.013,21.565,239045.750,5.946,68.000
0.051,0.020,0.010,21.240,214803.500,8.436,68.000
0.045,0.001,0.005,21.497,130800.914,1.636,68.000
0.050,0.000,0.022,21.692,-1520.641,-2.275,68.000
0.045,0.001,0.003,19.098,183726.062,1.313,68.000
0.042,0.000,0.014,22.777,34930.180,-0.156,68.000
0.051,0.008,0.010,18.696,260600.094,7.028,68.000
0.048,0.016,0.012,19.448,235662.781,9.360,68.000
0.049,0.002,0.007,21.984,227054.969,3.276,68.000
0.050,0.004,0.012,21.898,288972.906,6.553,68.000
0.049,0.007,0.009,20.119,273252.188,7.095,68.000
0.053,0.000,0.018,22.821,-46355.250,-0.922,68.000
0.041,0.001,0.009,24.302,27048.305,0.147,68.000
0.050,0.009,0.010,19.776,245756.188,7.770,68.000
0.046,0.000,0.004,20.052,83204.633,0.473,68.000
0.047,0.001,0.022,23.234,80196.523,1.168,68.000
0.041,0.000,0.013,23.597,25967.797,-1.264,68.000
0.048,0.003,0.014,23.391,232456.469,5.657,68.000
0.048,0.016,0.012,19.119,237426.750,9.142,68.000
0.097,0.012,0.013,20.882,207432.062,6.439,68.000
0.040,0.001,0.009,24.707,20161.461,-0.068,68.000
0.059,0.001,0.012,20.427,150120.375,1.633,68.000
0.049,0.002,0.014,23.890,212588.719,4.512,68.000
0.050,0.000,0.020,22.311,12543.508,-1.991,68.000
0.040,0.001,0.006,19.400,108143.055,1.564,68.000
0.050,0.019,0.012,20.454,239015.000,8.461,68.000
0.051,0.006,0.010,19.154,269733.500,6.521,68.000
0.049,0.001,0.002,20.787,164461.531,1.579,68.000
0.043,0.002,0.010,21.162,199428.656,2.630,68.000
0.053,0.000,0.021,23.445,1207.289,1.410,68.000
0.050,0.010,0.014,19.493,233530.250,7.872,68.000
0.041,0.000,0.017,21.850,-59498.457,-2.355,68.000
0.052,0.018,0.011,21.491,208392.062,7.295,68.000
0.057,0.001,0.014,22.513,178925.062,1.988,68.000
0.056,0.002,0.010,21.803,220563.250,3.798,68.000
0.053,0.000,0.018,23.975,-26882.883,-2.669,68.000
0.049,0.025,0.012,21.525,230496.750,9.092,68.000
0.048,0.025,0.012,19.998,228773.906,10.414,68.000
0.047,0.001,0.019,23.292,120084.852,1.376,68.000
0.048,0.008,0.012,21.922,284011.812,8.750,68.000
0.050,0.025,0.013,23.242,228541.094,7.680,68.000
0.051,0.007,0.013,21.273,245434.781,7.274,68.000
0.049,0.015,0.011,19.804,237213.906,8.790,68.000
0.042,0.001,0.005,18.995,127659.898,1.757,68.000
0.043,0.001,0.004,18.914,157121.906,1.473,68.000
0.050,0.008,0.014,20.241,246986.438,7.945,68.000
0.050,0.006,0.012,22.386,289307.188,8.028,68.000
0.051,0.016,0.013,21.139,219121.656,6.475,68.000
0.048,0.001,0.004,19.699,211694.719,1.771,68.000
0.050,0.012,0.011,20.025,219976.406,7.708,68.000
0.049,0.013,0.013,20.500,238059.281,8.275,68.000
0.060,0.001,0.009,22.391,145846.406,2.852,68.000
0.049,0.026,0.013,22.088,234525.375,8.636,68.000
0.053,0.002,0.013,23.676,202516.562,3.901,68.000
0.048,0.009,0.010,20.680,262341.875,7.903,68.000
0.050,0.027,0.014,24.931,157402.312,6.033,68.000
0.050,0.025,0.013,22.712,228774.531,7.719,68.000
0.049,0.002,0.009,23.483,274423.188,4.735,68.000
0.050,0.008,0.014,19.785,245012.719,7.455,68.000
0.051,0.017,0.013,22.189,219584.125,6.346,68.000
0.049,0.026,0.013,21.120,237105.188,9.317,68.000
0.050,0.005,0.013,22.965,259130.062,6.872,68.000
0.051,0.005,0.011,20.749,286733.750,6.531,68.000
0.050,0.007,0.010,19.995,292890.156,7.704,68.000
0.049,0.012,0.011,20.370,231384.500,8.149,68.000
0.049,0.025,0.012,21.232,229905.281,9.325,68.000
0.058,0.001,0.006,18.860,204403.906,2.620,68.000
0.002,0.013,0.011,21.456,195450.531,7.622,68.000
0.043,0.001,0.010,21.490,180945.812,2.085,68.000
0.056,0.001,0.009,22.621,202685.719,3.529,68.000
0.051,0.018,0.010,20.316,211856.688,8.517,68.000
0.041,0.001,0.007,20.915,63059.961,1.402,68.000
0.049,0.026,0.013,21.195,233026.906,9.238,68.000
0.050,0.007,0.009,19.354,264199.031,7.049,68.000
0.003,0.012,0.012,21.005,192890.719,7.454,68.000
0.050,0.025,0.014,23.770,232528.375,8.015,68.000
0.047,0.000,0.011,30.879,-50809.395,-1.277,68.000
0.054,0.001,0.020,22.120,180645.281,2.673,68.000
0.049,0.010,0.011,21.086,243001.125,8.736,68.000
0.050,0.010,0.014,20.138,239725.250,8.124,68.000
0.051,0.010,0.011,20.227,220431.219,7.996,68.000
0.051,0.018,0.012,21.255,211973.844,7.334,68.000
0.042,0.001,0.014,22.635,137944.812,2.399,68.000
0.041,0.000,0.009,21.987,-1369.320,-1.088,68.000
0.051,0.001,0.017,23.591,211781.125,3.016,68.000
0.047,0.001,0.014,23.387,210495.031,3.808,68.000
0.049,0.019,0.010,19.961,223200.812,9.932,68.000
0.050,0.000,0.014,28.986,25394.656,3.151,68.000
0.049,0.001,0.020,21.157,177860.094,3.022,68.000
0.055,0.000,0.012,30.114,-25861.273,0.946,68.000
0.049,0.022,0.013,22.295,243183.062,8.419,68.000
0.049,0.012,0.014,19.499,230438.531,7.623,68.000
0.043,0.001,0.019,21.376,141111.062,1.704,68.000
0.049,0.005,0.013,23.238,259491.094,6.757,68.000
0.053,0.002,0.008,22.445,236658.281,4.283,68.000
0.058,0.000,0.009,22.426,18215.031,3.740,68.000
0.046,0.001,0.015,26.587,140933.375,1.855,68.000
0.048,0.012,0.012,19.652,259117.688,9.343,68.000
0.043,0.000,0.015,24.195,19822.266,-0.131,68.000
0.049,0.025,0.013,21.588,234146.312,8.791,68.000
0.056,0.000,0.017,22.415,145557.750,0.515,68.000
0.050,0.001,0.002,19.238,206624.562,1.750,68.000
0.049,0.009,0.012,20.982,262190.719,8.927,68.000
0.048,0.024,0.011,19.820,217783.688,9.819,68.000
0.048,0.008,0.014,21.000,247933.125,8.083,68.000
0.051,0.004,0.011,20.982,278355.219,6.029,68.000
0.097,0.012,0.012,21.023,208210.688,6.904,68.000
0.050,0.000,0.021,21.649,28213.352,1.387,68.000
0.049,0.024,0.013,21.389,233074.344,9.136,68.000
0.043,0.001,0.005,20.460,81540.227,1.560,68.000
0.051,0.001,0.014,26.602,192143.438,2.855,68.000
0.049,0.016,0.011,19.912,234983.312,9.499,68.000
0.049,0.010,0.012,20.449,254810.656,9.087,68.000
0.047,0.001,0.009,23.409,247896.969,3.759,68.000
0.002,0.012,0.014,21.016,212390.656,7.654,68.000
0.045,0.002,0.014,20.909,197377.062,3.700,68.000
0.050,0.021,0.010,20.253,222920.156,9.343,68.000
0.049,0.010,0.012,20.109,253090.594,9.051,68.000
0.055,0.001,0.005,19.162,228711.250,2.629,68.000
0.053,0.000,0.015,28.507,-8434.383,-0.104,68.000
0.052,0.002,0.007,22.128,234839.344,3.837,68.000
0.052,0.007,0.012,20.577,257314.156,7.069,68.000
0.100,0.013,0.011,18.053,2599.172,10.120,68.000
0.044,0.001,0.020,21.590,148942.625,1.964,68.000
0.058,0.000,0.006,24.926,-60196.609,1.226,68.000
0.040,0.001,0.014,18.100,121626.305,2.460,68.000
0.045,0.000,0.012,30.522,-28687.867,-0.656,68.000
0.050,0.019,0.014,22.293,249931.938,7.071,68.000
0.050,0.018,0.012,19.952,219006.156,8.269,68.000
0.050,0.008,0.013,21.934,259518.094,8.382,68.000
0.047,0.001,0.013,26.034,232121.125,4.030,68.000
0.044,0.000,0.008,27.037,-42651.223,-1.147,68.000
0.051,0.000,0.004,29.123,-49156.664,2.287,68.000
0.041,0.001,0.013,24.080,43301.539,0.608,68.000
0.055,0.000,0.018,23.732,18158.672,1.971,68.000
0.049,0.021,0.012,20.632,242201.156,8.709,68.000
0.051,0.014,0.012,20.868,223739.031,7.723,68.000
0.053,0.002,0.012,23.402,256750.219,4.668,68.000
0.052,0.001,0.018,24.807,142668.969,1.440,68.000
0.048,0.027,0.013,22.700,106761.602,0.162,68.000
0.055,0.002,0.016,21.037,211080.219,2.682,68.000
0.046,0.000,0.013,32.425,-16617.773,-1.891,68.000
0.047,0.001,0.018,21.751,182906.438,2.593,68.000
0.048,0.024,0.011,20.084,213378.375,9.561,68.000
0.044,0.001,0.015,25.615,73207.336,0.910,68.000
0.099,0.011,0.011,22.524,208155.750,7.345,68.000
0.053,0.002,0.010,22.434,248069.125,4.580,68.000
0.048,0.000,0.014,33.572,-17664.961,-2.643,68.000
0.052,0.018,0.012,21.280,208814.594,7.094,68.000
0.049,0.019,0.011,19.855,220832.562,9.672,68.000
0.058,0.001,0.010,26.024,48028.414,2.122,68.000
0.047,0.001,0.012,24.378,243149.094,4.082,68.000
0.050,0.024,0.014,23.164,233966.156,8.150,68.000
0.049,0.005,0.013,22.792,250230.156,6.875,68.000
0.047,0.000,0.010,32.900,-63684.258,-0.817,68.000
0.056,0.001,0.015,24.929,103561.508,0.478,68.000
0.055,0.000,0.008,26.371,-356.531,2.649,68.000
0.049,0.011,0.012,20.317,252595.125,9.029,68.000
0.042,0.000,0.011,19.465,48545.555,0.123,68.000
0.059,0.000,0.007,22.808,-9904.320,3.097,68.000
0.047,0.001,0.016,23.334,191086.250,2.952,68.000
0.040,0.001,0.011,20.866,106058.164,1.212,68.000
0.042,0.001,0.011,25.859,56226.758,0.178,68.000
0.052,0.022,0.012,21.887,220128.531,7.647,68.000
0.049,0.016,0.010,19.741,232102.969,9.351,68.000
0.050,0.019,0.011,20.401,216074.156,8.884,68.000
0.048,0.001,0.010,23.475,272555.031,4.243,68.000
0.051,0.014,0.010,19.977,207882.750,7.479,68.000
0.045,0.001,0.003,19.966,165680.531,1.241,68.000
0.049,0.000,0.019,22.246,-38818.664,-0.657,68.000
0.060,0.001,0.014,20.666,139150.594,-0.858,68.000
0.050,0.019,0.013,21.817,242259.250,7.727,68.000
0.057,0.001,0.014,24.969,71257.289,0.045,68.000
0.050,0.013,0.012,21.136,227978.688,7.902,68.000
0.051,0.014,0.013,20.809,217506.125,6.781,68.000
0.050,0.019,0.014,22.312,250223.219,6.944,68.000
0.050,0.007,0.012,23.093,281528.562,8.156,68.000
0.051,0.000,0.002,24.413,-18179.414,0.797,68.000
0.058,0.000,0.013,24.312,75393.086,0.861,68.000
0.054,0.001,0.007,25.750,93673.633,2.040,68.000
0.098,0.011,0.013,21.242,208478.562,6.301,68.000
0.052,0.001,0.013,25.662,225340.938,4.047,68.000
0.041,0.000,0.014,20.257,6790.781,-0.733,68.000
0.052,0.006,0.010,18.702,262223.312,6.333,68.000
0.048,0.012,0.011,20.089,255290.219,9.150,68.000
0.053,0.000,0.012,34.787,-64832.816,0.580,68.000
0.050,0.025,0.013,22.307,230572.688,8.145,68.000
0.048,0.002,0.010,22.592,271963.094,4.728,68.000
0.043,0.001,0.015,19.484,140941.000,2.508,68.000
0.044,0.001,0.011,24.654,189193.562,2.302,68.000
0.051,0.013,0.010,19.995,196123.125,6.853,68.000
0.052,0.009,0.014,19.951,229890.219,7.702,68.000
0.000,0.011,0.012,23.801,131993.031,5.336,68.000
0.097,0.012,0.012,21.008,207584.031,6.642,68.000
0.097,0.011,0.012,20.946,203657.406,6.414,68.000
0.048,0.008,0.013,21.840,277229.781,8.662,68.000
0.050,0.023,0.012,21.842,225651.938,8.860,68.000
0.047,0.001,0.015,23.312,198066.375,3.436,68.000
0.050,0.001,0.013,27.556,224914.969,4.248,68.000
0.050,0.018,0.012,20.056,221793.844,8.336,68.000
0.051,0.015,0.012,21.662,216490.812,6.963,68.000
0.051,0.001,0.011,27.091,223764.375,4.077,68.000
0.052,0.013,0.012,21.350,199911.375,6.757,68.000
0.052,0.006,0.013,21.293,224245.750,5.858,68.000
0.052,0.008,0.011,20.380,249499.344,7.781,68.000
0.056,0.001,0.019,21.844,177106.562,1.869,68.000
0.049,0.003,0.014,23.338,223658.688,5.231,68.000
0.050,0.001,0.006,21.817,225728.656,3.119,68.000
0.048,0.000,0.011,27.681,124051.164,1.603,68.000
0.049,0.021,0.010,20.272,220791.062,9.705,68.000
0.043,0.000,0.008,23.546,-59019.664,2.515,68.000
0.050,0.008,0.012,22.515,281911.719,8.721,68.000
0.045,0.001,0.010,27.213,151812.312,2.259,68.000
0.052,0.002,0.011,22.573,270811.938,4.936,68.000
0.051,0.009,0.012,20.549,238726.219,8.057,68.000
0.050,0.009,0.011,20.293,253218.438,8.427,68.000
0.048,0.010,0.013,20.098,259264.344,9.161,68.000
0.047,0.000,0.006,24.650,16197.336,1.079,68.000
0.052,0.027,0.011,21.512,205052.531,5.779,68.000
0.052,0.013,0.011,19.836,199805.250,6.835,68.000
0.048,0.018,0.013,19.224,242401.906,8.677,68.000
0.044,0.000,0.005,26.505,-63847.434,-1.022,68.000
0.052,0.023,0.013,23.178,224256.531,6.612,68.000
0.054,0.000,0.007,26.030,23017.383,1.932,68.000
0.049,0.002,0.012,22.341,275605.875,5.588,68.000
0.056,0.000,0.015,26.759,-15916.266,3.224,68.000
0.050,0.012,0.014,19.214,230682.812,7.663,68.000
0.052,0.011,0.014,19.233,210030.188,7.101,68.000
0.043,0.001,0.010,24.337,180782.969,2.275,68.000
0.045,0.000,0.004,20.569,57947.398,0.237,68.000
0.051,0.000,0.009,30.933,-37643.445,1.312,68.000
0.049,0.018,0.010,20.009,223868.188,9.770,68.000
0.047,0.001,0.021,21.255,171320.844,2.545,68.000
0.048,0.015,0.012,19.955,242482.656,8.827,68.000
0.050,0.013,0.013,21.034,228463.906,7.685,68.000
0.048,0.000,0.019,22.936,-36425.961,0.182,68.000
0.052,0.008,0.014,20.185,239588.469,7.459,68.000
0.042,0.001,0.013,24.860,105135.148,1.637,68.000
0.098,0.010,0.012,21.073,202026.469,6.157,68.000
0.051,0.007,0.012,21.783,250938.500,7.539,68.000
0.052,0.005,0.011,20.324,271942.062,6.172,68.000
0.051,0.009,0.012,21.420,243694.875,8.020,68.000
0.051,0.001,0.009,28.389,136716.375,2.958,68.000
0.043,0.001,0.005,19.633,126503.727,1.664,68.000
0.049,0.002,0.011,22.422,271358.656,5.259,68.000
0.048,0.009,0.011,21.542,261869.500,8.827,68.000
0.060,0.001,0.011,23.728,78054.320,1.077,68.000
0.060,0.001,0.016,19.802,166680.469,0.032,68.000
0.053,0.001,0.010,22.539,247126.781,4.523,68.000
0.044,0.001,0.014,20.877,207593.375,3.872,68.000
0.049,0.014,0.012,19.970,252367.875,9.032,68.000
0.052,0.001,0.008,24.239,214097.469,4.195,68.000
0.052,0.009,0.012,20.480,224234.500,7.480,68.000
0.057,0.001,0.004,17.318,238320.062,2.549,68.000
0.047,0.001,0.004,20.034,192687.062,1.491,68.000
0.048,0.006,0.012,22.577,294400.156,7.709,68.000
0.050,0.025,0.011,21.511,221302.781,8.461,68.000
0.054,0.001,0.016,24.853,164146.281,1.260,68.000
0.050,0.002,0.010,22.369,275312.562,5.266,68.000
0.041,0.001,0.013,21.460,140649.781,2.460,68.000
0.051,0.016,0.011,20.543,211749.344,7.995,68.000
0.050,0.021,0.014,22.877,245973.719,7.134,68.000
0.052,0.001,0.006,22.982,206590.312,3.209,68.000
0.050,0.007,0.013,21.617,255256.250,7.940,68.000
0.051,0.008,0.014,20.624,247936.094,7.866,68.000
0.048,0.024,0.011,20.018,218799.281,9.961,68.000
0.050,0.021,0.013,22.315,242125.000,7.653,68.000
0.058,0.000,0.006,27.353,-82999.438,4.077,68.000
0.045,0.001,0.021,20.977,155349.062,2.313,68.000
0.048,0.001,0.023,20.482,167625.062,2.799,68.000
0.058,0.000,0.008,21.592,35915.180,3.618,68.000
0.051,0.016,0.012,21.113,218166.906,7.353,68.000
0.051,0.011,0.012,20.407,220587.656,8.100,68.000
0.051,0.011,0.011,20.245,213178.062,7.829,68.000
0.042,0.001,0.019,20.500,127912.758,1.433,68.000
0.043,0.001,0.006,22.102,84505.508,1.645,68.000
0.050,0.005,0.011,20.873,292118.250,6.816,68.000
0.048,0.025,0.012,20.317,232824.031,10.293,68.000
0.051,0.003,0.014,23.518,220307.250,4.761,68.000
0.040,0.000,0.015,18.404,62562.758,1.731,68.000
0.050,0.001,0.003,20.037,215302.969,2.072,68.000
0.043,0.000,0.013,21.960,85674.586,0.113,68.000
0.058,0.001,0.017,20.343,189872.094,0.823,68.000
0.052,0.005,0.010,19.844,267508.156,5.884,68.000
0.050,0.007,0.014,21.299,248811.125,7.402,68.000
0.051,0.017,0.011,20.843,214555.156,8.102,68.000
0.049,0.009,0.011,21.468,271969.375,8.736,68.000
0.055,0.001,0.005,21.829,187691.281,2.853,68.000
0.059,0.000,0.008,22.421,-1702.227,1.618,68.000
0.050,0.016,0.011,20.037,222839.938,8.541,68.000
0.052,0.001,0.012,29.002,194211.781,3.630,68.000
0.045,0.000,0.010,29.473,-58063.117,0.105,68.000
0.056,0.001,0.004,18.763,215269.875,2.689,68.000
0.048,0.023,0.013,21.744,237270.031,8.950,68.000
0.000,0.012,0.012,22.702,131464.219,6.789,68.000
0.052,0.008,0.012,21.387,237218.688,7.561,68.000
0.051,0.000,0.012,30.286,-14940.305,0.914,68.000
0.049,0.000,0.001,21.686,126675.430,1.561,68.000
0.051,0.011,0.013,20.936,225511.719,7.927,68.000
0.043,0.001,0.006,20.555,140287.188,1.837,68.000
0.048,0.021,0.010,20.004,224268.250,9.923,68.000
0.048,0.016,0.013,19.522,238174.125,7.908,68.000
0.045,0.001,0.013,22.196,228715.375,3.967,68.000
0.049,0.003,0.013,23.788,248917.688,5.643,68.000
0.050,0.018,0.010,20.161,212776.219,9.058,68.000
0.058,0.001,0.008,21.023,176241.656,2.933,68.000
0.046,0.000,0.011,32.629,-18499.281,0.962,68.000
0.055,0.001,0.005,20.091,208724.312,2.771,68.000
0.051,0.022,0.011,21.513,221519.250,8.351,68.000
0.046,0.001,0.012,22.683,250322.781,4.364,68.000
0.047,0.001,0.018,24.204,159543.281,1.607,68.000
0.059,0.001,0.015,20.235,151405.438,-0.053,68.000
0.002,0.012,0.011,21.307,182665.969,7.645,68.000
0.055,0.001,0.013,23.613,176007.594,3.205,68.000
0.052,0.019,0.014,22.608,238210.344,6.617,68.000
0.045,0.002,0.008,22.298,200336.125,2.469,68.000
0.048,0.007,0.013,22.291,277117.688,8.304,68.000
0.052,0.009,0.011,19.507,213107.094,6.980,68.000
0.050,0.010,0.014,18.382,222945.375,7.381,68.000
0.050,0.000,0.005,26.576,-192.461,0.896,68.000
0.044,0.001,0.017,22.577,140088.969,2.016,68.000
0.049,0.007,0.013,22.194,262026.469,8.145,68.000
0.051,0.008,0.013,21.172,250236.375,8.094,68.000
0.052,0.008,0.012,21.172,240528.469,7.631,68.000
0.050,0.000,0.013,30.425,61904.023,1.396,68.000
0.052,0.003,0.013,22.202,227390.281,4.778,68.000
0.049,0.014,0.014,19.123,222266.125,6.952,68.000
0.048,0.008,0.011,21.915,271333.531,8.548,68.000
0.051,0.000,0.023,20.187,10102.203,-0.784,68.000
0.049,0.000,0.015,27.796,49371.977,0.919,68.000
0.042,0.000,0.013,25.065,14816.641,-0.322,68.000
0.050,0.015,0.012,20.728,225165.094,8.076,68.000
0.049,0.009,0.014,19.460,233491.781,7.507,68.000
0.053,0.002,0.015,23.081,206469.344,2.568,68.000
0.098,0.013,0.012,21.319,212658.281,7.365,68.000
0.051,0.011,0.012,20.690,229262.812,8.146,68.000
0.046,0.001,0.002,20.352,157968.562,1.409,68.000
0.042,0.000,0.009,23.802,-47456.195,-0.012,68.000
0.051,0.013,0.013,20.845,219214.750,7.281,68.000
0.050,0.020,0.014,22.771,250762.750,7.245,68.000
0.046,0.001,0.019,22.579,145292.719,1.743,68.000
0.049,0.006,0.011,21.636,301819.656,7.956,68.000
0.052,0.026,0.012,22.559,218614.094,6.743,68.000
0.053,0.000,0.020,20.896,-14737.391,-2.062,68.000
0.099,0.013,0.011,22.173,214652.219,7.970,68.000
0.048,0.000,0.005,22.666,24046.180,1.226,68.000
0.052,0.001,0.016,24.592,218380.938,2.423,68.000
0.048,0.000,0.008,30.424,-40075.504,0.494,68.000
0.002,0.011,0.011,21.329,180668.812,7.594,68.000
0.055,0.002,0.008,22.055,207868.625,3.506,68.000
0.002,0.012,0.011,21.388,187023.438,7.692,68.000
0.049,0.005,0.014,22.251,233852.469,6.679,68.000
0.056,0.000,0.013,27.367,-44808.746,0.221,68.000
0.002,0.010,0.013,20.930,194544.156,7.740,68.000
0.052,0.009,0.012,20.374,229674.094,7.538,68.000
0.049,0.019,0.011,20.092,222654.406,9.297,68.000
0.055,0.001,0.021,21.854,161343.250,2.832,68.000
0.048,0.002,0.006,20.986,209889.625,2.360,68.000
0.048,0.010,0.012,20.284,266935.000,9.445,68.000
0.049,0.019,0.010,19.837,225935.562,10.049,68.000
0.099,0.012,0.011,21.712,207960.969,7.479,68.000
0.058,0.001,0.012,24.880,143895.625,2.825,68.000
0.040,0.001,0.009,21.286,86972.945,0.522,68.000
0.048,0.006,0.011,21.618,294687.844,7.764,68.000
0.050,0.021,0.010,20.265,219942.656,9.589,68.000
0.049,0.013,0.013,20.668,234781.719,8.043,68.000
0.053,0.001,0.013,32.111,66976.242,1.401,68.000
0.048,0.024,0.012,20.568,221668.344,9.704,68.000
0.002,0.012,0.013,20.832,215498.625,7.668,68.000
0.047,0.000,0.012,28.668,25876.289,-0.003,68.000
0.051,0.019,0.012,20.891,213552.469,7.695,68.000
0.047,0.002,0.012,22.687,258492.219,4.779,68.000
0.043,0.001,0.006,22.317,83482.680,1.652,68.000
0.047,0.002,0.010,22.823,265856.906,4.205,68.000
0.098,0.013,0.011,21.591,208812.094,7.851,68.000
0.049,0.009,0.013,21.278,256782.844,8.557,68.000
-0.000,0.011,0.012,15.048,84496.086,10.262,68.000
0.041,0.000,0.015,19.134,61403.273,1.258,68.000
0.098,0.013,0.012,21.348,211842.406,7.284,68.000
0.054,0.001,0.009,23.128,242510.281,4.601,68.000
0.051,0.016,0.013,21.585,215679.531,6.468,68.000
0.056,0.001,0.018,20.807,192772.938,1.951,68.000
0.098,0.012,0.013,21.074,209225.812,6.582,68.000
0.051,0.003,0.011,22.066,276736.156,5.391,68.000
0.057,0.001,0.006,21.546,174641.250,2.740,68.000
0.046,0.001,0.011,28.376,92283.680,1.661,68.000
0.049,0.025,0.010,19.537,224911.219,9.147,68.000
0.049,0.005,0.010,21.489,278323.906,6.599,68.000
0.058,0.000,0.010,21.239,38629.086,1.758,68.000
0.098,0.012,0.012,21.211,209696.562,6.740,68.000
0.052,0.019,0.012,22.198,223156.531,7.067,68.000
0.052,0.002,0.011,22.949,263299.812,4.698,68.000
0.053,0.002,0.009,22.861,247695.781,4.532,68.000
0.059,0.001,0.008,21.743,134378.812,2.614,68.000
0.049,0.015,0.011,20.031,245444.781,9.123,68.000
0.043,0.001,0.019,22.210,72030.055,0.170,68.000
0.048,0.002,0.013,23.436,237380.594,4.828,68.000
0.052,0.001,0.015,25.169,203480.469,2.275,68.000
0.050,0.022,0.010,20.187,225232.406,9.471,68.000
0.050,0.010,0.011,20.761,245287.844,8.752,68.000
0.048,0.016,0.013,19.845,232431.188,7.472,68.000
0.098,0.013,0.010,22.523,214601.219,8.233,68.000
0.098,0.012,0.014,20.241,211927.719,6.142,68.000
0.058,0.001,0.012,25.859,93436.383,1.845,68.000
0.097,0.013,0.012,20.803,206267.875,7.141,68.000
0.043,0.001,0.014,24.805,114605.461,1.632,68.000
0.052,0.007,0.011,19.274,261677.656,6.771,68.000
0.051,0.000,0.011,31.431,54562.508,1.943,68.000
0.056,0.001,0.016,21.111,211770.312,2.580,68.000
0.002,0.012,0.012,21.231,193718.781,7.554,68.000
0.054,0.001,0.014,25.159,182773.938,2.879,68.000
0.048,0.001,0.015,25.098,197344.344,2.840,68.000
0.049,0.001,0.009,25.827,252836.000,4.102,68.000
0.050,0.019,0.012,20.124,225158.125,8.738,68.000
0.057,0.001,0.006,19.968,208568.469,2.702,68.000
0.058,0.001,0.017,19.819,187092.531,1.140,68.000
0.041,0.000,0.007,17.898,-2198.633,0.642,68.000
0.049,0.009,0.014,20.128,238168.469,7.911,68.000
0.052,0.000,0.008,26.501,120836.055,3.196,68.000
0.056,0.001,0.011,29.016,43082.148,1.719,68.000
0.055,0.000,0.004,27.424,-62233.238,1.578,68.000
0.047,0.000,0.013,33.283,-38741.766,-1.659,68.000
0.046,0.001,0.009,23.302,237539.250,3.432,68.000
0.045,0.001,0.015,27.378,63349.852,0.630,68.000
0.050,0.000,0.012,28.261,101839.133,2.501,68.000
0.045,0.000,0.016,27.921,-11801.086,-3.352,68.000
0.045,0.001,0.014,27.926,128049.477,1.997,68.000
0.047,0.000,0.013,33.448,-27920.305,0.259,68.000
0.045,0.001,0.017,22.921,163920.812,2.372,68.000
0.050,0.003,0.011,21.731,280349.031,5.799,68.000
0.052,0.000,0.012,29.749,4157.875,2.783,68.000
0.049,0.001,0.009,25.467,254499.812,4.141,68.000
0.054,0.001,0.017,25.580,97446.820,0.491,68.000
0.050,0.014,0.012,20.301,235207.219,8.304,68.000
0.052,0.019,0.011,21.540,211568.750,7.571,68.000
0.049,0.002,0.010,22.605,272732.938,4.867,68.000
0.046,0.001,0.005,19.981,183757.562,1.664,68.000
0.047,0.001,0.015,28.353,64954.805,0.640,68.000
0.059,0.001,0.013,21.739,135710.656,0.448,68.000
0.049,0.013,0.014,19.968,222225.469,7.389,68.000
0.051,0.001,0.002,20.308,198321.125,2.095,68.000
0.050,0.022,0.010,20.843,216839.312,9.233,68.000
0.050,0.013,0.014,19.108,223436.781,7.033,68.000
0.051,0.005,0.011,19.928,279564.344,6.457,68.000
0.047,0.002,0.009,22.903,248576.375,3.885,68.000
0.052,0.001,0.019,22.366,189497.344,2.974,68.000
0.058,0.000,0.010,26.194,48027.539,2.292,68.000
0.050,0.018,0.014,21.884,242883.219,7.004,68.000
0.050,0.022,0.012,21.420,230015.656,8.268,68.000
0.050,0.026,0.011,20.275,233347.781,8.994,68.000
0.045,0.000,0.007,24.004,32916.070,0.649,68.000
0.049,0.017,0.010,19.759,224089.156,9.530,68.000
0.050,0.008,0.010,19.254,262937.500,7.717,68.000
0.058,0.001,0.014,24.670,100867.867,0.398,68.000
0.100,0.013,0.013,17.832,32453.961,8.634,68.000
0.052,0.027,0.011,22.151,201022.500,5.625,68.000
0.052,0.025,0.012,22.481,219833.812,6.945,68.000
0.054,0.001,0.010,25.912,212455.531,4.403,68.000
0.045,0.000,0.009,29.147,68960.586,1.820,68.000
0.044,0.001,0.010,22.382,225097.562,2.954,68.000
0.048,0.006,0.014,22.104,239570.406,7.031,68.000
0.052,0.000,0.017,27.573,-31456.789,0.167,68.000
0.044,0.000,0.014,25.140,20085.250,-0.690,68.000
0.097,0.011,0.012,21.012,204954.219,6.326,68.000
0.050,0.023,0.010,19.993,224246.562,9.301,68.000
0.051,0.001,0.021,22.427,132883.281,2.344,68.000
0.050,0.022,0.011,21.470,222352.031,8.761,68.000
0.051,0.024,0.012,22.581,226840.781,7.382,68.000
0.049,0.019,0.014,22.173,258955.312,7.742,68.000
0.050,0.001,0.001,22.010,129573.789,1.559,68.000
0.050,0.014,0.010,20.189,215915.125,7.818,68.000
0.050,0.024,0.014,23.470,231781.219,7.792,68.000
0.048,0.013,0.012,19.717,261659.406,9.508,68.000
0.049,0.014,0.011,19.929,250042.531,9.193,68.000
0.050,0.010,0.014,20.105,238160.062,8.085,68.000
0.050,0.020,0.013,21.442,243481.219,8.131,68.000
0.055,0.001,0.003,18.213,242566.062,2.582,68.000
0.051,0.010,0.011,19.977,228719.375,7.921,68.000
0.046,0.000,0.002,20.679,40639.117,-0.377,68.000
0.098,0.013,0.013,21.268,214698.469,7.422,68.000
0.051,0.011,0.012,20.660,221394.344,7.945,68.000
0.048,0.018,0.012,18.689,234357.281,9.221,68.000
0.050,0.016,0.012,20.886,223129.125,7.366,68.000
0.050,0.007,0.013,22.766,268458.406,8.158,68.000
0.051,0.027,0.010,21.093,201989.375,5.732,68.000
0.002,0.011,0.011,21.327,175868.031,7.720,68.000
0.046,0.002,0.010,22.145,247313.781,3.403,68.000
0.098,0.013,0.012,21.330,209859.500,7.830,68.000
0.046,0.000,0.003,22.361,9337.148,0.108,68.000
0.050,0.004,0.011,21.249,284009.906,6.135,68.000
0.052,0.019,0.012,21.481,210005.500,7.281,68.000
0.057,0.001,0.009,23.265,165369.781,3.368,68.000
0.050,0.027,0.013,21.685,235756.344,8.667,68.000
0.051,0.003,0.012,22.637,254430.188,5.365,68.000
0.045,0.000,0.005,22.823,89695.773,1.563,68.000
0.051,0.001,0.012,26.778,252690.188,4.475,68.000
0.049,0.000,0.011,29.081,13884.219,-0.020,68.000
0.059,0.001,0.014,22.250,144766.531,0.307,68.000
0.057,0.000,0.019,21.928,9802.797,0.673,68.000
0.099,0.012,0.013,21.830,219648.125,6.741,68.000
0.050,0.022,0.012,21.597,227602.219,8.613,68.000
0.053,0.002,0.010,23.005,258936.969,4.747,68.000
0.049,0.020,0.011,20.145,221461.250,9.512,68.000
0.099,0.013,0.013,21.321,214008.344,7.143,68.000
0.052,0.007,0.010,18.734,260311.125,6.733,68.000
0.051,0.007,0.013,21.271,246103.438,7.487,68.000
0.059,0.000,0.010,21.479,43181.742,3.705,68.000
0.048,0.020,0.011,19.138,229383.812,9.675,68.000
0.049,0.016,0.014,20.688,227180.156,6.734,68.000
0.055,0.000,0.014,26.814,13527.969,0.863,68.000
0.049,0.018,0.011,19.983,223183.688,9.350,68.000
0.051,0.019,0.011,20.745,215612.812,8.343,68.000
0.050,0.011,0.011,20.506,222325.531,7.956,68.000
0.052,0.002,0.015,23.986,198897.281,2.673,68.000
0.051,0.015,0.013,21.539,204789.625,6.251,68.000
0.051,0.006,0.011,20.123,290315.812,6.880,68.000
0.049,0.004,0.011,21.658,287575.219,6.586,68.000
0.050,0.001,0.005,24.979,111341.398,1.958,68.000
0.042,0.001,0.015,21.478,79210.258,1.183,68.000
0.048,0.005,0.013,23.013,279416.812,7.219,68.000
0.047,0.002,0.017,22.847,187819.969,2.574,68.000
0.053,0.001,0.018,23.771,146433.781,1.599,68.000
0.048,0.000,0.017,26.212,68706.883,-0.082,68.000
0.054,0.000,0.007,24.173,43964.102,4.386,68.000
0.049,0.010,0.012,20.536,255311.062,9.113,68.000
0.048,0.008,0.014,19.925,236619.625,7.644,68.000
0.050,0.020,0.012,20.622,241414.000,8.448,68.000
0.049,0.007,0.011,21.094,292430.875,8.410,68.000
0.051,0.005,0.014,21.826,211619.969,5.263,68.000
0.049,0.001,0.022,21.292,174662.000,2.971,68.000
0.052,0.002,0.013,23.436,221453.719,4.550,68.000
0.049,0.009,0.013,21.378,255090.844,8.497,68.000
0.050,0.008,0.010,19.311,259513.906,7.563,68.000
0.057,0.001,0.018,23.193,100783.586,0.164,68.000
0.048,0.027,0.012,20.987,178104.750,7.497,68.000
0.098,0.014,0.012,21.169,215090.375,7.651,68.000
0.050,0.000,0.010,28.447,51349.398,1.860,68.000
0.050,0.024,0.011,20.747,218615.719,8.938,68.000
0.046,0.001,0.006,21.033,181200.281,1.984,68.000
0.051,0.025,0.012,22.424,228050.375,7.744,68.000
0.049,0.000,0.015,31.252,-45322.289,1.481,68.000
0.046,0.001,0.004,21.389,105541.992,1.225,68.000
0.098,0.013,0.014,20.430,219479.000,6.514,68.000
0.052,0.015,0.011,20.526,201564.906,7.194,68.000
0.053,0.000,0.018,23.001,5202.172,1.221,68.000
0.048,0.015,0.011,19.443,239559.250,9.472,68.000
0.046,0.000,0.010,31.656,-29584.969,-0.453,68.000
0.048,0.008,0.014,21.631,255363.188,8.200,68.000
0.049,0.024,0.011,20.905,217961.625,9.359,68.000
0.048,0.012,0.012,19.813,263393.781,9.488,68.000
0.050,0.020,0.012,21.023,237738.500,8.179,68.000
0.045,0.000,0.006,22.666,41364.867,0.446,68.000
0.050,0.016,0.013,20.705,219216.281,6.979,68.000
0.051,0.001,0.015,26.342,187653.469,2.480,68.000
0.050,0.027,0.012,21.394,233423.562,8.479,68.000
0.056,0.001,0.018,22.075,144790.906,0.811,68.000
0.053,0.001,0.016,24.988,182383.625,1.715,68.000
0.051,0.002,0.018,22.035,192106.188,2.669,68.000
0.051,0.016,0.013,21.734,212694.500,6.325,68.000
0.045,0.000,0.020,21.455,44545.805,0.103,68.000
0.048,0.000,0.017,27.466,35513.430,-0.681,68.000
0.052,0.007,0.014,20.169,228867.281,6.851,68.000
0.050,0.015,0.011,19.967,221872.375,8.475,68.000
0.053,0.000,0.014,27.279,24006.180,3.383,68.000
0.042,0.000,0.008,20.073,64616.430,-0.431,68.000
0.061,0.001,0.013,21.297,105143.508,-0.169,68.000
0.058,0.000,0.017,22.125,51163.320,-0.537,68.000
0.059,0.001,0.007,19.558,177004.938,2.544,68.000
0.044,0.001,0.004,18.832,155735.375,1.314,68.000
0.002,0.014,0.012,21.039,223471.375,7.540,68.000
0.050,0.025,0.012,21.559,229398.562,8.874,68.000
0.050,0.002,0.009,23.358,276091.250,5.074,68.000
0.046,0.001,0.022,21.173,161277.219,2.479,68.000
0.048,0.004,0.010,21.693,265529.094,5.588,68.000
0.049,0.014,0.010,19.921,234501.156,8.367,68.000
0.052,0.001,0.002,21.585,183825.375,2.498,68.000
0.040,0.000,0.011,23.631,24979.188,-0.479,68.000
0.044,0.001,0.018,21.374,148943.844,2.027,68.000
0.045,0.001,0.003,21.667,79350.711,1.161,68.000
0.048,0.000,0.014,32.588,-22854.586,-1.855,68.000
0.049,0.001,0.008,23.047,246706.969,3.907,68.000
0.051,0.009,0.009,19.139,243764.688,6.976,68.000
0.043,0.001,0.007,24.410,20574.898,1.285,68.000
0.050,0.007,0.010,19.574,272403.469,7.419,68.000
0.052,0.009,0.013,20.222,220490.344,7.389,68.000
0.060,0.001,0.013,21.384,129864.430,-0.017,68.000
0.051,0.027,0.010,17.658,321427.469,10.774,68.000
0.040,0.000,0.010,22.706,-794.227,0.608,68.000
0.051,0.000,0.003,22.563,84809.086,1.017,68.000
0.054,0.001,0.004,20.421,185883.844,2.199,68.000
0.050,0.001,0.010,30.209,142772.562,2.997,68.000
0.049,0.019,0.011,20.040,225258.031,9.486,68.000
0.052,0.007,0.011,20.357,264803.875,7.458,68.000
0.049,0.000,0.004,26.623,-33331.781,0.270,68.000
0.050,0.020,0.011,20.641,218872.719,8.887,68.000
0.049,0.000,0.007,29.436,-9671.336,0.454,68.000
0.050,0.019,0.012,20.477,238041.250,8.400,68.000
0.054,0.002,0.015,22.850,197717.781,2.296,68.000
0.055,0.002,0.009,22.578,236313.281,4.306,68.000
0.056,0.001,0.007,22.336,185861.500,2.935,68.000
0.048,0.020,0.012,19.443,236596.719,9.586,68.000
0.042,0.000,0.015,23.965,-41187.918,-2.727,68.000
0.048,0.004,0.012,22.591,290202.281,6.800,68.000
0.049,0.001,0.007,22.424,230305.750,3.438,68.000
0.049,0.011,0.010,20.827,232351.281,8.055,68.000
0.045,0.001,0.011,24.485,223684.250,2.940,68.000
0.050,0.009,0.012,21.208,253724.719,8.602,68.000
0.045,0.000,0.013,26.932,66822.367,-0.431,68.000
0.049,0.024,0.011,20.434,217473.500,9.492,68.000
0.050,0.017,0.014,21.523,236388.906,6.823,68.000
0.002,0.013,0.012,20.966,209948.438,7.657,68.000
0.049,0.001,0.022,21.357,171834.906,2.943,68.000
0.049,0.001,0.005,21.462,198780.125,2.244,68.000
0.042,0.001,0.019,21.935,58290.117,0.034,68.000
0.051,0.010,0.014,19.116,224122.094,7.525,68.000
0.056,0.001,0.009,23.628,173593.219,3.265,68.000
0.042,0.001,0.012,25.569,116890.352,1.073,68.000
0.049,0.000,0.012,33.248,-27259.461,1.827,68.000
0.056,0.000,0.015,23.949,8129.992,1.157,68.000
0.053,0.001,0.009,27.066,151437.781,3.285,68.000
0.060,0.000,0.014,21.138,64768.852,-1.807,68.000
0.051,0.005,0.014,21.523,224522.812,5.986,68.000
0.050,0.001,0.016,25.334,206647.844,2.552,68.000
0.052,0.016,0.012,21.985,198182.406,5.982,68.000
0.053,0.001,0.003,20.219,202057.750,2.408,68.000
0.046,0.000,0.017,24.814,29575.570,-0.273,68.000
0.049,0.003,0.013,23.680,261395.406,5.642,68.000
0.044,0.000,0.010,26.877,87823.648,1.080,68.000
0.052,0.023,0.014,23.829,227357.625,6.552,68.000
0.052,0.011,0.014,19.361,210949.688,7.013,68.000
0.048,0.017,0.011,19.848,233935.594,9.893,68.000
0.044,0.001,0.010,25.766,168525.594,2.272,68.000
0.049,0.001,0.018,24.032,129636.805,1.332,68.000
0.043,0.001,0.012,23.047,210640.656,2.865,68.000
0.057,0.000,0.018,21.598,-28542.648,-0.281,68.000
0.056,0.002,0.015,20.644,198812.000,1.828,68.000
0.046,0.002,0.007,21.391,209756.688,2.589,68.000
0.050,0.006,0.013,22.943,263169.719,7.668,68.000
-0.000,0.011,0.011,17.561,19340.883,10.349,68.000
0.052,0.001,0.009,28.448,153333.750,3.123,68.000
0.054,0.001,0.010,22.999,239189.344,4.653,68.000
0.042,0.001,0.014,21.123,150006.688,2.691,68.000
0.055,0.001,0.016,24.493,139227.250,0.727,68.000
0.053,0.002,0.006,20.774,220525.031,2.639,68.000
0.051,0.002,0.011,22.241,275919.469,5.322,68.000
0.099,0.011,0.012,26.716,111241.273,5.448,68.000
0.047,0.001,0.007,25.469,141631.094,2.319,68.000
0.054,0.000,0.006,23.909,44957.102,2.440,68.000
0.048,0.021,0.013,21.391,253961.781,8.901,68.000
0.050,0.009,0.010,19.923,249374.688,7.702,68.000
0.043,0.001,0.005,19.275,146701.031,1.720,68.000
0.050,0.006,0.010,20.039,274920.938,6.705,68.000
0.049,0.022,0.011,20.842,226825.969,9.247,68.000
0.047,0.000,0.010,33.563,-65287.008,0.886,68.000
0.049,0.000,0.002,22.307,70408.102,0.720,68.000
0.049,0.016,0.010,19.802,228538.938,9.496,68.000
0.058,0.001,0.015,22.739,173920.719,1.115,68.000
0.049,0.023,0.011,20.712,217810.156,9.188,68.000
0.051,0.001,0.022,21.102,185440.562,3.066,68.000
0.050,0.022,0.011,20.865,218144.875,8.909,68.000
0.051,0.014,0.014,19.329,223002.312,6.663,68.000
0.044,0.001,0.005,19.409,161022.562,1.582,68.000
0.051,0.000,0.012,36.590,-73217.594,1.703,68.000
0.055,0.001,0.007,23.427,181492.625,3.271,68.000
0.050,0.001,0.008,28.311,121677.242,2.578,68.000
0.049,0.003,0.011,21.963,279419.750,5.934,68.000
0.045,0.001,0.015,20.753,192029.844,3.227,68.000
0.046,0.002,0.006,21.224,194172.312,2.375,68.000
0.044,0.001,0.004,18.027,156960.188,1.220,68.000
0.050,0.009,0.013,21.189,245562.344,8.277,68.000
0.048,0.001,0.013,24.933,247174.375,4.355,68.000
0.057,0.000,0.008,24.816,-39664.164,1.521,68.000
0.048,0.002,0.019,21.827,181700.281,2.271,68.000
0.051,0.010,0.010,19.592,236313.281,7.299,68.000
0.048,0.002,0.010,22.831,270481.562,4.549,68.000
0.052,0.013,0.012,20.725,197735.562,6.829,68.000
0.098,0.011,0.011,21.611,207199.906,6.944,68.000
0.051,0.002,0.015,24.415,196380.125,3.228,68.000
0.043,0.000,0.013,23.140,80292.664,-0.509,68.000
0.003,0.012,0.011,21.209,186592.125,7.603,68.000
0.049,0.015,0.011,19.658,245655.062,9.157,68.000
0.058,0.000,0.016,19.502,127537.102,0.631,68.000
0.056,0.001,0.010,22.030,217094.062,3.835,68.000
0.048,0.000,0.006,24.098,79598.945,1.915,68.000
0.052,0.002,0.011,22.969,264104.625,4.996,68.000
0.041,0.001,0.005,19.400,125261.523,1.804,68.000
0.051,0.001,0.002,20.918,191424.469,2.245,68.000
0.052,0.001,0.022,22.740,91631.539,1.921,68.000
0.049,0.008,0.013,21.962,269685.406,8.662,68.000
0.050,0.023,0.014,23.213,232267.156,7.777,68.000
0.054,0.001,0.018,22.203,190581.281,2.394,68.000
0.059,0.000,0.018,20.602,30498.930,1.638,68.000
0.040,0.001,0.014,17.455,129033.414,2.637,68.000
0.044,0.000,0.020,21.578,-56839.242,-4.127,68.000
0.048,0.001,0.002,21.888,110858.477,1.242,68.000
0.099,0.013,0.013,21.469,217081.656,7.357,68.000
0.047,0.000,0.004,20.947,82809.320,0.453,68.000
0.049,0.014,0.011,19.872,249914.812,8.952,68.000
0.050,0.010,0.012,20.604,246675.906,8.903,68.000
0.052,0.006,0.011,20.194,278229.562,6.495,68.000
0.044,0.000,0.004,17.841,59535.586,0.183,68.000
0.047,0.002,0.014,23.409,209702.062,4.261,68.000
0.051,0.026,0.010,19.710,231695.594,8.488,68.000
0.050,0.025,0.012,22.284,230321.406,8.290,68.000
0.046,0.000,0.018,22.686,-94201.102,-2.441,68.000
0.047,0.001,0.004,20.271,178754.875,1.407,68.000
0.046,0.001,0.015,22.620,191753.875,3.373,68.000
0.051,0.005,0.012,21.753,267362.844,6.317,68.000
0.050,0.010,0.012,20.579,242881.688,8.494,68.000
0.052,0.019,0.012,22.215,221786.312,6.939,68.000
0.048,0.001,0.010,25.722,255726.500,3.863,68.000
0.059,0.001,0.006,18.306,189220.000,2.507,68.000
0.049,0.027,0.013,21.586,153387.062,6.827,68.000
0.049,0.025,0.013,21.600,232443.094,8.928,68.000
0.049,0.024,0.010,19.366,219902.344,9.204,68.000
0.052,0.023,0.014,23.702,229101.719,6.587,68.000
0.060,0.001,0.016,19.637,164842.562,-0.019,68.000
0.048,0.008,0.013,21.435,265113.219,8.578,68.000
0.049,0.001,0.019,22.995,188409.938,2.626,68.000
0.052,0.016,0.013,21.804,200062.281,5.847,68.000
0.051,0.001,0.002,20.956,185980.750,1.979,68.000
0.041,0.001,0.009,23.426,111344.945,1.028,68.000
0.058,0.001,0.016,21.011,152697.344,0.237,68.000
0.053,0.000,0.019,22.291,63917.258,2.714,68.000
0.048,0.007,0.011,21.355,284151.281,8.089,68.000
0.050,0.001,0.005,21.205,200392.969,2.117,68.000
0.001,0.012,0.011,22.690,152065.312,6.548,68.000
0.049,0.000,0.014,33.303,18390.648,2.459,68.000
0.049,0.006,0.014,22.465,246399.188,7.091,68.000
0.050,0.015,0.014,20.284,222374.125,6.590,68.000
0.049,0.027,0.010,17.118,204154.375,8.057,68.000
0.052,0.001,0.020,20.675,180675.094,2.992,68.000
0.049,0.006,0.010,20.758,273126.250,6.926,68.000
0.053,0.000,0.017,23.915,71956.867,2.743,68.000
0.051,0.002,0.007,22.448,241110.812,3.877,68.000
0.050,0.007,0.013,22.113,258334.562,7.974,68.000
0.042,0.000,0.018,21.651,25170.523,-0.593,68.000
0.049,0.013,0.012,20.062,252557.000,9.091,68.000
0.048,0.001,0.017,26.808,113094.742,0.639,68.000
0.048,0.000,0.019,21.645,94107.773,1.853,68.000
0.048,0.003,0.013,22.976,273099.469,6.215,68.000
0.002,0.013,0.012,21.047,213881.000,7.607,68.000
0.051,0.012,0.011,19.901,214893.031,7.450,68.000
0.050,0.001,0.022,20.987,180543.656,2.878,68.000
0.052,0.015,0.010,20.474,207118.969,7.411,68.000
0.050,0.000,0.004,28.400,6069.453,2.656,68.000
0.044,0.002,0.016,21.144,145041.625,2.509,68.000
0.045,0.001,0.005,21.639,106316.852,1.657,68.000
0.048,0.012,0.012,19.947,261490.031,9.406,68.000
0.049,0.001,0.020,21.779,149974.219,2.423,68.000
0.001,0.013,0.011,21.848,168415.688,7.615,68.000
0.046,0.001,0.017,24.279,176807.531,2.152,68.000
0.048,0.000,0.011,33.276,-14534.109,2.650,68.000
0.050,0.022,0.010,20.229,216822.062,9.048,68.000
0.052,0.001,0.007,22.216,231178.062,3.747,68.000
0.050,0.008,0.012,22.092,264979.656,8.509,68.000
0.050,0.021,0.011,20.805,222343.281,8.583,68.000
0.048,0.001,0.011,25.032,261209.812,3.997,68.000
0.051,0.021,0.013,22.520,236812.062,7.052,68.000
0.051,0.000,0.015,31.583,-33416.633,-0.043,68.000
0.052,0.025,0.014,24.177,225152.469,6.952,68.000
0.051,0.001,0.013,32.555,35567.695,0.834,68.000
0.050,0.016,0.013,21.162,220614.875,6.569,68.000
0.051,0.015,0.010,20.375,205488.469,7.461,68.000
0.051,0.014,0.011,20.066,207940.875,7.286,68.000
0.052,0.002,0.012,23.914,249882.906,4.946,68.000
0.049,0.008,0.014,20.093,238660.312,7.546,68.000
0.059,0.001,0.014,21.884,121052.945,-0.445,68.000
0.051,0.009,0.013,20.609,236928.312,7.929,68.000
0.044,0.000,0.015,27.716,-2759.859,-0.859,68.000
0.049,0.001,0.017,25.517,172748.031,1.909,68.000
0.050,0.015,0.013,20.774,218632.781,7.081,68.000
0.050,0.004,0.014,22.588,226157.094,5.650,68.000
0.050,0.016,0.011,20.153,228639.594,8.923,68.000
0.057,0.001,0.007,20.758,184205.969,2.578,68.000
0.049,0.024,0.010,19.707,225029.531,9.385,68.000
0.048,0.007,0.012,22.557,288340.188,8.151,68.000
0.053,0.001,0.005,19.959,221681.188,2.559,68.000
0.048,0.008,0.012,22.217,274437.844,8.598,68.000
0.051,0.020,0.013,22.661,241228.562,7.076,68.000
0.050,0.015,0.010,19.878,220392.125,8.300,68.000
0.047,0.001,0.017,24.852,184770.844,2.258,68.000
0.048,0.009,0.012,21.258,259198.125,8.911,68.000
0.041,0.000,0.008,21.823,-55834.953,-1.386,68.000
0.048,0.018,0.012,19.011,239725.281,9.283,68.000
0.051,0.007,0.010,19.402,284071.875,7.255,68.000
0.043,0.001,0.013,20.210,186393.344,3.400,68.000
0.051,0.025,0.010,20.875,227010.469,8.236,68.000
0.002,0.010,0.012,21.204,180429.781,7.827,68.000
0.051,0.008,0.013,20.571,242236.156,7.883,68.000
0.052,0.001,0.021,22.765,103677.508,1.883,68.000
0.051,0.002,0.010,22.879,270912.000,5.037,68.000
0.039,0.001,0.009,20.737,86800.852,0.569,68.000
0.100,0.013,0.012,19.708,-3101.469,11.377,68.000
0.049,0.000,0.010,31.504,-22689.305,1.829,68.000
0.049,0.023,0.010,20.051,222096.500,9.416,68.000
0.048,0.001,0.001,20.336,187785.062,2.057,68.000
0.050,0.000,0.014,28.698,-30664.109,0.107,68.000
0.052,0.022,0.013,23.174,233210.094,6.668,68.000
0.049,0.008,0.014,19.271,240090.688,7.614,68.000
0.051,0.026,0.010,19.751,229186.688,8.531,68.000
0.043,0.001,0.017,21.668,113129.305,1.797,68.000
0.050,0.010,0.010,20.648,237052.062,8.136,68.000
0.054,0.001,0.008,24.396,186760.188,3.792,68.000
0.059,0.001,0.008,22.231,79580.727,1.700,68.000
0.053,0.001,0.009,22.731,244454.875,4.425,68.000
0.052,0.003,0.011,22.548,268338.344,5.189,68.000
0.057,0.001,0.019,23.818,87939.523,-0.321,68.000
0.052,0.005,0.012,21.316,246795.844,5.911,68.000
0.055,0.001,0.017,21.893,209662.188,2.155,68.000
0.051,0.006,0.014,21.367,222904.594,6.326,68.000
0.054,0.000,0.008,26.280,17113.336,2.378,68.000
0.049,0.000,0.014,29.210,57240.195,0.641,68.000
0.050,0.003,0.012,21.697,279402.125,5.964,68.000
0.051,0.006,0.013,22.113,236059.594,6.487,68.000
0.046,0.001,0.018,23.676,183140.250,2.284,68.000
0.052,0.005,0.010,20.637,271058.156,6.021,68.000
0.048,0.000,0.010,32.561,-48987.961,-0.173,68.000
0.044,0.000,0.017,23.184,57619.414,-0.067,68.000
0.049,0.027,0.011,20.278,167037.031,5.751,68.000
0.051,0.008,0.011,21.083,273484.125,8.476,68.000
0.057,0.000,0.011,27.518,-35217.586,1.648,68.000
0.050,0.027,0.014,24.755,138902.625,5.888,68.000
0.047,0.001,0.006,20.586,202996.562,2.047,68.000
0.047,0.001,0.004,23.591,101252.086,1.499,68.000
0.051,0.001,0.007,25.202,102257.695,1.442,68.000
0.049,0.007,0.011,21.335,296702.000,8.180,68.000
0.099,0.013,0.011,21.431,210363.562,7.399,68.000
0.100,0.013,0.013,25.348,103342.008,7.972,68.000
0.051,0.021,0.010,20.827,214579.625,8.784,68.000
0.051,0.002,0.016,23.512,210045.094,3.226,68.000
0.049,0.021,0.013,21.717,249491.844,8.272,68.000
0.051,0.000,0.016,24.790,33248.680,1.323,68.000
0.050,0.000,0.002,24.426,-7384.641,0.633,68.000
0.047,0.001,0.013,30.998,97266.352,1.836,68.000
0.049,0.005,0.010,20.790,269759.906,6.040,68.000
0.052,0.007,0.012,21.151,231259.469,7.256,68.000
0.053,0.001,0.019,24.080,137602.812,1.913,68.000
0.053,0.000,0.017,25.929,422.914,-3.305,68.000
0.043,0.001,0.020,21.480,142361.969,1.769,68.000
0.051,0.013,0.010,20.071,211571.625,7.363,68.000
0.051,0.003,0.013,22.794,245631.625,5.303,68.000
0.099,0.011,0.011,21.909,207805.375,6.906,68.000
0.099,0.013,0.014,21.149,228466.969,6.760,68.000
0.050,0.016,0.010,19.763,222906.969,9.020,68.000
0.045,0.000,0.009,27.904,32876.148,-0.738,68.000
0.048,0.025,0.011,19.684,232588.688,10.457,68.000
0.001,0.012,0.012,21.073,205809.969,7.718,68.000
0.050,0.026,0.014,23.817,232338.219,8.213,68.000
0.043,0.001,0.017,21.186,126717.820,2.030,68.000
0.050,0.005,0.013,23.029,269051.344,6.790,68.000
0.055,0.000,0.021,19.367,98062.242,3.755,68.000
0.051,0.016,0.011,21.102,210710.125,7.495,68.000
0.048,0.002,0.011,22.270,266929.719,4.642,68.000
0.048,0.001,0.001,20.332,188125.750,1.965,68.000
0.055,0.000,0.014,27.725,-4954.547,0.929,68.000
0.051,0.024,0.014,23.758,229297.375,7.269,68.000
0.047,0.001,0.022,21.866,108198.727,1.525,68.000
0.048,0.010,0.013,20.477,244061.500,8.543,68.000
0.050,0.013,0.011,19.747,239072.219,8.508,68.000
0.043,0.001,0.019,20.981,128735.195,1.466,68.000
0.051,0.000,0.020,20.586,131132.062,2.673,68.000
0.040,0.001,0.010,21.989,95503.180,0.759,68.000
0.050,0.016,0.010,19.750,219363.969,8.484,68.000
0.052,0.005,0.013,21.304,233983.375,5.535,68.000
0.055,0.001,0.008,22.606,217164.438,3.873,68.000
0.049,0.025,0.011,20.501,219419.938,9.466,68.000
0.049,0.001,0.004,21.981,187455.000,2.092,68.000
0.049,0.000,0.004,24.487,3823.461,1.886,68.000
0.049,0.012,0.014,20.153,230390.094,7.649,68.000
0.050,0.015,0.014,19.734,223845.812,6.579,68.000
0.049,0.000,0.005,23.331,64160.836,0.989,68.000
0.041,0.001,0.006,19.200,112445.602,1.531,68.000
0.053,0.001,0.017,24.542,156510.125,1.675,68.000
0.054,0.001,0.013,25.904,203214.750,3.679,68.000
0.052,0.009,0.011,19.290,216534.219,6.991,68.000
0.052,0.000,0.022,20.006,53731.617,0.372,68.000
0.051,0.004,0.012,22.392,259470.469,5.911,68.000
0.053,0.001,0.015,23.956,193370.531,2.313,68.000
0.055,0.001,0.009,24.117,196545.344,3.864,68.000
0.042,0.001,0.009,23.098,150263.312,1.553,68.000
0.048,0.007,0.010,21.122,284077.594,7.979,68.000
0.053,0.001,0.011,32.419,71693.836,2.209,68.000
0.052,0.006,0.014,20.379,219527.219,6.326,68.000
0.045,0.001,0.010,24.299,205954.469,2.687,68.000
0.051,0.008,0.011,20.654,264680.781,7.833,68.000
0.053,0.000,0.007,26.484,52374.805,2.818,68.000
0.052,0.001,0.004,19.148,236707.750,2.371,68.000
0.051,0.006,0.012,21.845,250495.438,6.910,68.000
0.045,0.000,0.009,29.484,-86856.516,-0.177,68.000
0.048,0.011,0.012,20.136,258818.469,9.287,68.000
0.046,0.001,0.013,23.314,222264.188,3.966,68.000
0.052,0.000,0.012,33.510,-65760.453,0.157,68.000
0.050,0.022,0.012,22.054,237489.531,8.426,68.000
0.047,0.000,0.004,22.987,12168.703,0.513,68.000
0.056,0.001,0.005,19.400,220433.500,2.689,68.000
0.053,0.001,0.019,25.392,87715.664,0.980,68.000
0.049,0.008,0.011,21.867,289100.344,8.778,68.000
0.049,0.019,0.013,20.337,246202.562,8.604,68.000
0.050,0.023,0.011,20.851,216555.188,8.948,68.000
0.044,0.001,0.005,22.379,53651.289,1.648,68.000
0.045,0.001,0.020,20.566,160881.250,2.457,68.000
0.047,0.001,0.019,21.229,174221.500,2.597,68.000
0.052,0.003,0.011,22.224,263566.938,5.047,68.000
0.048,0.002,0.014,23.656,214856.781,4.776,68.000
0.048,0.017,0.012,18.843,236303.750,8.741,68.000
0.050,0.009,0.013,21.376,252621.594,8.524,68.000
0.049,0.005,0.012,22.080,293633.094,6.952,68.000
0.051,0.001,0.022,21.862,124209.977,2.126,68.000
0.056,0.001,0.009,28.933,76838.945,2.761,68.000
0.060,0.001,0.014,20.548,112816.102,-1.330,68.000
0.045,0.001,0.006,20.728,176255.156,1.870,68.000
0.049,0.027,0.013,15.104,151004.062,5.665,68.000
0.049,0.010,0.012,20.098,260309.594,9.267,68.000
0.058,0.001,0.014,22.300,169787.625,1.470,68.000
0.059,0.001,0.011,24.231,86210.430,1.923,68.000
0.048,0.025,0.012,20.548,232162.750,10.395,68.000
0.047,0.002,0.007,21.892,215179.375,2.907,68.000
0.051,0.009,0.013,20.952,237841.875,8.124,68.000
0.052,0.000,0.004,28.127,-77830.156,0.548,68.000
0.051,0.001,0.019,21.771,183981.812,2.972,68.000
0.055,0.000,0.011,27.074,52572.539,3.089,68.000
0.051,0.000,0.008,28.580,51852.289,1.803,68.000
0.051,0.008,0.012,21.892,260951.969,8.343,68.000
0.048,0.010,0.011,21.310,254591.812,8.728,68.000
0.049,0.026,0.012,20.980,236086.094,9.370,68.000
0.049,0.003,0.009,23.045,275017.062,5.335,68.000
0.041,0.001,0.007,20.273,93773.664,1.342,68.000
0.051,0.000,0.005,25.895,-40413.492,1.793,68.000
0.050,0.019,0.011,20.195,220728.469,8.946,68.000
0.051,0.004,0.011,21.172,280669.344,5.982,68.000
0.055,0.001,0.019,22.328,175828.312,2.428,68.000
0.049,0.012,0.011,19.869,248788.688,8.887,68.000
0.053,0.000,0.020,23.215,-428.703,-0.106,68.000
0.049,0.016,0.012,19.460,234988.156,8.729,68.000
0.046,0.001,0.006,21.567,170562.281,1.945,68.000
0.045,0.001,0.004,18.840,180215.312,1.193,68.000
0.054,0.001,0.022,20.880,171498.406,2.886,68.000
0.051,0.000,0.004,30.619,-95445.625,0.811,68.000
0.098,0.013,0.012,21.467,213627.781,7.684,68.000
0.051,0.000,0.002,23.316,29401.586,0.671,68.000
0.050,0.027,0.012,21.503,224536.125,7.591,68.000
0.048,0.011,0.013,19.991,255741.125,9.223,68.000
0.055,0.000,0.018,23.188,35637.586,0.165,68.000
0.047,0.000,0.009,29.544,20072.398,-0.555,68.000
0.048,0.012,0.012,19.755,260320.344,9.407,68.000
0.055,0.002,0.015,22.190,186950.281,2.057,68.000
0.050,0.019,0.010,19.795,215238.625,9.282,68.000
0.051,0.019,0.014,22.610,244026.219,6.905,68.000
0.050,0.003,0.012,22.852,256656.281,5.571,68.000
0.052,0.001,0.011,28.904,185434.906,3.528,68.000
0.048,0.024,0.013,21.172,233017.312,9.908,68.000
0.050,0.024,0.010,20.181,218716.594,9.052,68.000
0.052,0.005,0.012,20.747,251898.219,6.043,68.000
0.044,0.000,0.015,25.503,-61104.262,-1.404,68.000
0.053,0.002,0.014,23.980,186258.469,2.397,68.000
0.047,0.002,0.014,23.314,202544.688,3.880,68.000
0.049,0.000,0.023,19.238,54271.133,2.738,68.000
0.048,0.025,0.013,20.880,235319.875,10.066,68.000
0.051,0.009,0.010,19.382,241135.469,7.563,68.000
0.058,0.000,0.019,21.076,68465.227,2.658,68.000
0.050,0.001,0.013,30.504,151155.719,3.184,68.000
0.041,0.001,0.007,19.058,105317.102,1.389,68.000
0.049,0.012,0.010,20.666,229028.656,7.892,68.000
0.048,0.001,0.004,19.688,206125.656,1.635,68.000
0.098,0.013,0.013,20.716,216914.375,6.666,68.000
0.043,0.001,0.012,23.391,197683.688,2.561,68.000
0.045,0.001,0.011,25.865,160383.875,1.928,68.000
0.049,0.008,0.012,22.594,283185.594,8.616,68.000
0.050,0.002,0.009,23.478,274439.312,4.874,68.000
0.056,0.001,0.010,23.607,187741.438,3.885,68.000
0.050,0.012,0.011,19.858,241128.094,8.488,68.000
0.049,0.017,0.011,20.056,228816.844,9.489,68.000
0.049,0.004,0.014,22.639,223952.031,6.002,68.000
0.048,0.008,0.013,21.451,268581.438,8.582,68.000
0.040,0.000,0.016,20.721,6931.727,-0.139,68.000
0.048,0.000,0.009,27.571,94087.133,0.647,68.000
0.045,0.001,0.019,21.121,162644.750,2.438,68.000
0.048,0.000,0.015,29.727,-66874.555,-2.358,68.000
0.053,0.001,0.005,22.349,139411.812,1.833,68.000
0.044,0.001,0.009,22.139,195188.875,2.369,68.000
0.051,0.009,0.009,19.065,247306.812,7.005,68.000
0.051,0.002,0.015,24.440,198536.938,3.339,68.000
0.052,0.002,0.014,24.002,208975.250,3.820,68.000
0.043,0.001,0.012,23.437,204052.156,2.991,68.000
0.042,0.000,0.010,20.405,84933.961,-0.814,68.000
0.051,0.013,0.010,20.001,198250.344,6.942,68.000
0.058,0.000,0.015,22.027,21396.891,-0.310,68.000
0.047,0.000,0.019,23.646,32755.867,-0.108,68.000
0.048,0.015,0.012,19.870,250826.562,9.712,68.000
0.044,0.001,0.013,27.756,117153.508,1.584,68.000
0.049,0.016,0.010,19.593,226312.875,9.028,68.000
0.051,0.016,0.010,19.856,218427.188,8.362,68.000
0.047,0.002,0.014,23.548,208633.000,4.062,68.000
0.058,0.001,0.014,24.317,129713.211,0.828,68.000
0.044,0.002,0.014,20.215,204831.750,3.896,68.000
0.051,0.018,0.010,20.198,209757.781,8.543,68.000
0.051,0.009,0.010,18.892,239242.031,7.205,68.000
0.055,0.001,0.012,22.906,229711.812,4.533,68.000
0.040,0.001,0.007,19.630,96823.180,1.064,68.000
0.050,0.017,0.010,19.540,217233.938,9.024,68.000
0.049,0.010,0.011,20.938,252215.094,8.769,68.000
0.059,0.000,0.007,24.587,-53001.062,3.736,68.000
0.045,0.002,0.011,20.926,241643.188,3.266,68.000
0.050,0.005,0.010,20.652,274833.500,6.184,68.000
0.049,0.018,0.012,19.327,226313.094,8.989,68.000
0.055,0.000,0.012,30.553,18052.180,1.002,68.000
0.040,0.000,0.015,18.974,128426.945,1.378,68.000
0.051,0.010,0.012,20.557,224270.219,8.013,68.000
0.051,0.016,0.012,20.866,219473.656,7.102,68.000
0.041,0.001,0.013,23.675,52638.398,0.838,68.000
0.051,0.004,0.011,21.194,279213.500,5.933,68.000
0.001,0.013,0.012,20.945,215184.094,7.681,68.000
0.055,0.001,0.007,25.513,106570.945,1.747,68.000
0.049,0.026,0.010,18.592,239113.469,9.209,68.000
0.051,0.025,0.011,22.037,224661.562,7.744,68.000
0.049,0.026,0.011,19.308,240455.031,9.139,68.000
0.050,0.023,0.014,23.346,233330.188,7.718,68.000
0.049,0.020,0.012,20.206,234135.406,9.247,68.000
0.045,0.002,0.006,21.621,177247.031,2.240,68.000
0.050,0.023,0.010,20.583,218395.562,8.595,68.000
0.049,0.021,0.013,21.126,247665.469,8.666,68.000
0.048,0.001,0.014,24.702,216358.719,3.514,68.000
0.052,0.003,0.010,21.972,271030.531,5.074,68.000
0.050,0.000,0.022,20.303,42857.867,1.798,68.000
0.049,0.008,0.013,22.298,268325.281,8.303,68.000
0.052,0.001,0.018,27.845,40666.477,-0.407,68.000
0.052,0.020,0.012,22.367,221925.750,6.916,68.000
0.047,0.001,0.010,22.995,264168.281,3.871,68.000
0.049,0.026,0.012,21.188,232432.719,9.427,68.000
0.055,0.001,0.007,25.927,84477.227,1.676,68.000
0.045,0.000,0.019,24.004,22143.539,1.582,68.000
0.050,0.011,0.012,20.432,231875.344,8.572,68.000
0.050,0.018,0.014,21.698,242290.719,7.023,68.000
0.044,0.000,0.009,24.553,74106.102,-0.976,68.000
0.049,0.006,0.012,22.200,300422.500,7.965,68.000
0.051,0.013,0.012,21.018,210825.031,7.351,68.000
0.052,0.000,0.018,23.517,-30110.148,-2.763,68.000
0.044,0.001,0.014,22.065,200250.750,3.552,68.000
0.042,0.001,0.015,19.033,150041.844,2.702,68.000
0.051,0.021,0.013,22.840,244085.406,7.045,68.000
0.001,0.012,0.012,20.917,203395.938,7.747,68.000
0.051,0.018,0.010,19.987,210025.312,8.519,68.000
0.053,0.000,0.009,30.724,-2977.180,0.277,68.000
0.050,0.004,0.010,20.868,277123.000,6.114,68.000
0.048,0.005,0.013,22.716,262574.562,7.335,68.000
0.054,0.000,0.012,32.521,-57655.941,-1.441,68.000
0.059,0.001,0.012,20.556,152118.500,1.828,68.000
0.056,0.000,0.006,22.997,38473.617,3.666,68.000
0.049,0.000,0.011,34.288,-51398.812,-0.588,68.000
0.049,0.019,0.012,19.396,236637.094,9.080,68.000
0.052,0.009,0.011,19.781,224792.406,7.344,68.000
0.049,0.000,0.020,18.942,76685.180,2.810,68.000
0.049,0.005,0.014,22.591,231112.656,6.288,68.000
0.051,0.013,0.013,20.930,219071.688,7.250,68.000
0.057,0.000,0.008,24.683,-40072.348,3.005,68.000
0.051,0.009,0.012,21.047,241955.031,8.013,68.000
0.048,0.016,0.012,19.363,241983.094,9.655,68.000
0.040,0.001,0.016,16.590,108434.008,2.031,68.000
0.051,0.005,0.012,20.846,278488.656,6.700,68.000
0.049,0.008,0.010,20.844,270912.188,8.210,68.000
0.047,0.000,0.008,27.793,37402.305,0.981,68.000
0.049,0.013,0.010,20.259,226181.812,7.816,68.000
0.098,0.013,0.012,21.367,210754.031,7.527,68.000
0.002,0.010,0.012,21.194,177296.125,7.596,68.000
0.054,0.000,0.002,23.676,-7221.086,1.078,68.000
0.043,0.001,0.007,22.410,124331.492,1.829,68.000
0.051,0.026,0.010,20.527,228770.188,8.388,68.000
0.048,0.003,0.013,23.132,271196.344,6.008,68.000
0.002,0.012,0.011,21.415,181183.281,7.614,68.000
0.044,0.000,0.003,20.276,138920.406,1.531,68.000
0.050,0.019,0.011,19.990,223478.594,8.973,68.000
0.098,0.012,0.011,21.543,206409.469,7.116,68.000
0.050,0.021,0.011,20.894,219992.969,8.785,68.000
0.050,0.005,0.010,20.330,271557.812,6.220,68.000
0.058,0.001,0.005,18.263,217443.375,2.710,68.000
0.056,0.001,0.010,29.010,40497.180,1.817,68.000
0.049,0.004,0.014,23.105,236938.281,6.021,68.000
0.042,0.000,0.017,22.960,6537.422,-0.462,68.000
0.050,0.010,0.013,20.335,243544.156,8.656,68.000
0.059,0.000,0.014,22.338,23852.055,-0.731,68.000
0.099,0.012,0.013,21.332,213063.531,6.355,68.000
0.049,0.003,0.014,23.051,221065.594,5.509,68.000
0.057,0.001,0.009,22.235,200659.594,3.567,68.000
0.043,0.000,0.009,22.626,37040.836,-1.390,68.000
0.047,0.001,0.017,25.271,192091.125,2.071,68.000
0.048,0.013,0.013,19.988,245600.812,8.595,68.000
0.050,0.020,0.014,22.621,251555.594,7.328,68.000
0.099,0.011,0.012,21.315,210310.969,6.424,68.000
0.052,0.022,0.012,22.348,224160.094,7.002,68.000
0.050,0.021,0.010,20.815,216313.250,9.138,68.000
0.050,0.025,0.011,21.377,223835.969,8.537,68.000
0.056,0.000,0.020,22.387,-3899.258,-3.964,68.000
0.048,0.023,0.012,20.916,230725.281,9.654,68.000
0.052,0.008,0.010,18.670,246982.938,6.896,68.000
0.050,0.010,0.009,19.876,230835.688,7.080,68.000
0.051,0.027,0.011,20.743,226022.438,7.366,68.000
0.043,0.000,0.012,28.508,-20860.008,-0.604,68.000
0.051,0.006,0.011,20.463,292834.250,7.050,68.000
0.050,0.003,0.011,21.555,277041.438,5.732,68.000
0.051,0.000,0.009,29.980,33029.758,1.194,68.000
0.050,0.021,0.014,22.944,242865.500,6.940,68.000
0.059,0.001,0.018,19.897,172513.188,0.687,68.000
0.046,0.001,0.019,21.371,176581.750,2.606,68.000
0.047,0.001,0.017,23.284,185280.938,2.713,68.000
0.052,0.006,0.012,21.388,239328.625,6.496,68.000
0.053,0.001,0.012,26.412,236277.719,4.445,68.000
0.055,0.000,0.007,23.261,11563.484,2.797,68.000
0.044,0.001,0.011,22.666,232408.250,2.844,68.000
0.042,0.001,0.015,19.108,134456.594,2.505,68.000
0.048,0.025,0.011,18.749,226524.656,9.754,68.000
0.048,0.009,0.011,21.810,267946.125,8.759,68.000
0.056,0.001,0.014,26.641,147380.000,1.069,68.000
0.050,0.019,0.013,20.621,235426.719,8.077,68.000
0.049,0.012,0.013,20.382,244644.375,8.909,68.000
0.055,0.000,0.020,22.771,2101.828,1.072,68.000
0.052,0.004,0.014,21.830,211925.312,4.870,68.000
0.052,0.000,0.021,20.089,-53361.070,-4.247,68.000
0.048,0.001,0.005,20.184,210079.375,1.980,68.000
0.047,0.001,0.010,24.299,251441.375,3.592,68.000
0.046,0.002,0.008,22.436,219188.406,3.095,68.000
0.052,0.007,0.013,21.634,240038.969,7.101,68.000
0.048,0.018,0.012,18.999,237921.781,8.891,68.000
0.049,0.026,0.011,19.239,238497.031,9.714,68.000
0.054,0.000,0.020,21.168,76827.102,4.168,68.000
0.049,0.004,0.012,21.995,290132.125,6.620,68.000
0.048,0.018,0.010,19.762,226818.750,10.203,68.000
0.049,0.018,0.013,21.105,240101.125,7.642,68.000
0.052,0.006,0.013,20.681,224625.219,6.347,68.000
0.051,0.012,0.013,20.577,226162.469,7.681,68.000
0.049,0.000,0.018,24.763,70084.477,0.563,68.000
0.044,0.001,0.021,21.010,152875.781,2.121,68.000
0.046,0.001,0.009,23.187,237366.250,3.580,68.000
0.040,0.001,0.016,20.404,67378.055,1.440,68.000
0.059,0.001,0.012,25.208,54506.086,0.645,68.000
0.049,0.013,0.014,19.196,223855.531,7.222,68.000
0.049,0.001,0.019,22.194,185870.219,2.977,68.000
0.052,0.003,0.011,21.731,267126.938,5.281,68.000
0.050,0.000,0.007,27.302,6325.609,3.079,68.000
0.050,0.016,0.012,20.709,220156.594,7.647,68.000
0.048,0.011,0.012,20.043,265353.062,9.451,68.000
0.048,0.018,0.013,20.631,247781.000,8.247,68.000
0.049,0.000,0.020,19.429,91334.398,1.482,68.000
0.050,0.015,0.012,20.991,222014.656,7.585,68.000
0.055,0.001,0.005,20.855,203150.969,2.798,68.000
0.048,0.011,0.012,19.890,268749.281,9.522,68.000
0.041,0.001,0.014,17.424,140955.406,2.826,68.000
0.047,0.002,0.014,23.310,209012.375,4.097,68.000
0.051,0.000,0.006,26.030,-7852.344,2.454,68.000
0.052,0.012,0.013,20.611,214069.531,7.161,68.000
0.048,0.018,0.013,20.533,245703.719,8.194,68.000
0.055,0.001,0.016,25.032,142213.938,0.766,68.000
0.048,0.019,0.011,19.084,233253.844,9.812,68.000
0.051,0.027,0.011,19.616,199164.375,6.989,68.000
0.050,0.002,0.009,23.147,275612.656,5.233,68.000
0.049,0.000,0.009,28.018,119952.836,1.455,68.000
0.051,0.010,0.010,19.811,230780.125,7.727,68.000
0.050,0.023,0.014,23.253,237403.250,7.523,68.000
0.053,0.002,0.007,21.744,219653.000,3.453,68.000
0.051,0.003,0.011,22.110,276472.438,5.500,68.000
0.050,0.014,0.011,20.164,233793.812,8.274,68.000
0.042,0.000,0.006,18.022,-6406.953,0.804,68.000
0.051,0.009,0.009,19.094,250193.469,7.030,68.000
0.049,0.013,0.012,19.651,254011.719,9.132,68.000
0.053,0.001,0.004,19.552,216451.156,2.463,68.000
0.057,0.002,0.014,22.105,181475.438,1.896,68.000
0.049,0.006,0.015,21.335,220722.312,6.287,68.000
0.049,0.012,0.012,19.768,256152.781,9.188,68.000
0.049,0.015,0.012,20.268,243894.562,8.863,68.000
0.051,0.027,0.014,18.174,116468.523,2.678,68.000
0.053,0.001,0.015,23.124,205970.938,2.434,68.000
0.050,0.022,0.013,22.791,243055.312,7.381,68.000
0.057,0.001,0.013,26.666,95475.508,1.468,68.000
0.051,0.027,0.012,21.628,166157.938,6.294,68.000
0.048,0.009,0.014,20.796,242509.875,8.211,68.000
0.049,0.009,0.015,18.515,232713.312,7.236,68.000
0.050,0.000,0.002,25.017,-14794.992,0.730,68.000
0.001,0.013,0.011,22.156,173637.781,7.145,68.000
0.049,0.002,0.010,22.602,274292.188,5.141,68.000
0.057,0.001,0.013,24.363,163954.531,2.268,68.000
0.046,0.000,0.003,23.182,-20258.867,-0.339,68.000
0.045,0.001,0.014,22.446,207269.188,3.718,68.000
0.051,0.019,0.014,22.426,245074.875,7.051,68.000
0.054,0.001,0.011,30.223,121648.820,2.861,68.000
0.050,0.027,0.012,20.225,241104.406,9.044,68.000
0.048,0.005,0.013,23.062,270143.688,6.896,68.000
0.050,0.001,0.010,26.609,253194.750,4.350,68.000
0.051,0.012,0.014,20.136,216373.906,7.245,68.000
0.098,0.010,0.011,21.537,204293.750,6.566,68.000
0.049,0.009,0.014,18.766,231541.906,7.517,68.000
0.046,0.002,0.015,22.325,187983.062,3.340,68.000
0.051,0.001,0.005,20.508,220958.906,2.360,68.000
0.050,0.001,0.018,22.445,193268.906,2.600,68.000
0.050,0.019,0.010,19.598,210053.781,9.294,68.000
0.041,0.000,0.012,24.933,31477.805,0.387,68.000
0.047,0.000,0.012,26.240,76040.367,0.892,68.000
0.055,0.001,0.015,27.418,46336.852,0.170,68.000
0.052,0.013,0.013,21.775,209165.938,6.729,68.000
0.048,0.012,0.013,19.746,250539.688,8.889,68.000
0.051,0.017,0.012,21.015,215370.750,7.271,68.000
0.048,0.019,0.011,19.382,227771.250,9.856,68.000
0.053,0.000,0.022,20.028,26930.898,1.296,68.000
0.058,0.001,0.008,20.720,169708.375,2.839,68.000
0.043,0.001,0.005,19.917,72980.586,1.492,68.000
0.002,0.013,0.013,20.928,219298.250,7.498,68.000
0.051,0.012,0.010,19.841,203611.031,6.930,68.000
0.054,0.001,0.012,23.652,241880.844,4.642,68.000
0.048,0.012,0.012,19.752,262703.438,9.362,68.000
0.059,0.001,0.005,17.907,216617.469,2.713,68.000
0.052,0.009,0.010,19.417,247151.312,7.447,68.000
0.049,0.016,0.013,20.108,230026.281,7.454,68.000
0.051,0.006,0.014,21.060,229184.438,6.579,68.000
0.051,0.013,0.012,20.442,212950.375,7.616,68.000
0.048,0.005,0.014,22.645,230869.719,6.361,68.000
0.050,0.012,0.010,20.224,219525.844,7.431,68.000
0.051,0.006,0.011,20.057,289213.594,6.787,68.000
0.048,0.005,0.013,23.024,271193.312,7.339,68.000
0.042,0.001,0.012,26.082,80136.648,0.675,68.000
0.056,0.000,0.007,24.995,12047.891,1.772,68.000
0.100,0.013,0.011,18.132,-16411.047,11.530,68.000
0.049,0.010,0.011,20.834,247856.969,8.904,68.000
0.057,0.000,0.015,21.976,77268.320,0.564,68.000
0.050,0.025,0.011,20.530,226850.750,8.763,68.000
0.051,0.020,0.010,20.677,216947.594,8.989,68.000
0.050,0.013,0.012,20.392,228765.062,8.114,68.000
0.048,0.000,0.020,22.780,130459.352,1.783,68.000
0.050,0.001,0.021,21.411,180810.031,3.164,68.000
0.050,0.000,0.018,24.242,35672.695,0.479,68.000
0.049,0.026,0.014,22.073,236731.219,8.538,68.000
0.052,0.000,0.010,33.535,-29470.406,2.098,68.000
0.046,0.001,0.011,22.089,255624.062,3.467,68.000
0.059,0.001,0.012,23.958,129585.523,1.575,68.000
0.050,0.023,0.013,23.132,232098.375,7.537,68.000
0.045,0.000,0.009,27.442,23668.625,0.002,68.000
0.048,0.001,0.002,20.686,173839.375,1.641,68.000
0.052,0.001,0.003,21.469,179047.938,2.440,68.000
0.048,0.015,0.013,19.857,232836.625,7.609,68.000
0.052,0.016,0.013,22.040,198267.562,5.692,68.000
0.055,0.000,0.004,25.906,-10001.336,3.633,68.000
0.052,0.013,0.014,20.422,212283.750,6.718,68.000
0.050,0.023,0.010,20.326,218804.625,8.777,68.000
0.048,0.000,0.014,31.870,-13452.656,-0.030,68.000
0.060,0.001,0.010,21.786,152263.344,2.694,68.000
0.050,0.018,0.012,20.323,219071.969,8.083,68.000
0.051,0.016,0.010,19.987,210393.094,7.877,68.000
0.046,0.001,0.013,22.673,225303.812,4.266,68.000
0.041,0.001,0.007,21.035,63063.383,1.386,68.000
0.050,0.026,0.011,20.272,235074.938,8.540,68.000
0.048,0.003,0.014,23.279,233241.531,5.662,68.000
0.050,0.006,0.009,19.550,272375.594,6.812,68.000
0.048,0.012,0.010,20.548,226305.312,7.772,68.000
0.055,0.000,0.018,22.608,90136.102,1.631,68.000
0.052,0.007,0.013,20.764,231653.469,7.012,68.000
0.050,0.013,0.012,20.683,231897.219,8.229,68.000
0.049,0.021,0.011,20.077,225827.562,9.352,68.000
0.002,0.014,0.013,21.092,228444.938,7.544,68.000
0.047,0.000,0.011,30.938,20237.938,0.270,68.000
0.045,0.001,0.019,21.200,169289.156,2.559,68.000
0.052,0.001,0.013,29.638,154391.062,3.226,68.000
0.051,0.022,0.011,22.138,217198.688,7.878,68.000
0.050,0.017,0.010,19.528,217062.875,9.148,68.000
0.053,0.001,0.002,24.241,30988.383,0.139,68.000
0.059,0.000,0.007,21.083,18703.508,1.772,68.000
0.046,0.002,0.017,22.562,175061.281,2.698,68.000
0.053,0.000,0.013,32.470,-80125.805,-0.450,68.000
0.045,0.001,0.020,23.497,79513.742,0.829,68.000
0.042,0.000,0.012,22.560,36829.852,-0.639,68.000
0.049,0.004,0.012,23.062,278077.000,6.336,68.000
0.048,0.021,0.010,20.164,229618.938,10.010,68.000
0.045,0.001,0.019,22.592,111700.414,1.374,68.000
0.052,0.002,0.007,21.712,225397.531,3.587,68.000
0.042,0.001,0.006,20.949,49203.648,1.314,68.000
0.000,0.011,0.012,14.897,70777.477,9.314,68.000
0.058,0.001,0.006,18.414,190860.719,2.418,68.000
0.050,0.003,0.010,22.048,274989.312,5.478,68.000
0.048,0.023,0.012,21.072,234104.375,9.786,68.000
0.049,0.025,0.012,21.254,232478.906,9.405,68.000
0.051,0.006,0.011,20.550,288408.219,6.933,68.000
0.050,0.021,0.014,22.881,248556.938,7.443,68.000
0.049,0.005,0.013,23.097,250026.500,6.556,68.000
0.049,0.008,0.013,21.756,261730.562,8.384,68.000
0.050,0.008,0.013,21.885,258678.969,8.231,68.000
0.050,0.003,0.011,21.797,280454.156,5.799,68.000
-0.000,0.011,0.011,16.663,54842.445,9.220,68.000
0.052,0.012,0.013,20.642,217676.562,7.363,68.000
0.052,0.001,0.014,29.369,95423.211,1.304,68.000
0.049,0.023,0.012,21.470,232558.312,9.253,68.000
0.051,0.015,0.012,21.472,213947.219,7.123,68.000
0.044,0.001,0.006,20.990,138782.406,1.755,68.000
0.050,0.006,0.010,19.465,272853.094,6.495,68.000
0.051,0.027,0.013,23.475,147123.375,5.051,68.000
0.051,0.022,0.013,22.752,233281.250,7.211,68.000
0.048,0.015,0.011,19.645,246671.375,9.499,68.000
0.039,0.001,0.013,21.600,69831.664,0.900,68.000
0.047,0.002,0.013,22.926,247730.469,5.030,68.000
0.051,0.022,0.011,21.454,219165.688,8.423,68.000
0.043,0.000,0.019,20.506,-67850.609,-1.334,68.000
0.051,0.014,0.013,21.566,222612.938,7.375,68.000
0.046,0.001,0.004,20.853,172869.125,1.602,68.000
0.049,0.001,0.005,23.638,91485.195,1.326,68.000
0.049,0.019,0.012,20.097,244839.219,8.829,68.000
0.099,0.012,0.012,24.804,157976.875,6.463,68.000
0.002,0.012,0.012,20.984,198374.812,7.792,68.000
0.049,0.002,0.009,23.622,261745.188,4.474,68.000
0.059,0.001,0.010,22.738,145447.688,2.573,68.000
0.056,0.001,0.017,21.202,200167.000,1.363,68.000
0.046,0.001,0.003,20.448,159505.719,1.271,68.000
0.049,0.018,0.012,19.638,228425.344,8.302,68.000
0.051,0.013,0.012,21.795,215641.719,7.225,68.000
0.050,0.006,0.010,19.402,276803.250,6.916,68.000
0.050,0.023,0.014,23.390,234047.812,7.937,68.000
0.049,0.004,0.009,21.914,272265.719,5.520,68.000
0.001,0.013,0.012,21.201,217593.812,7.794,68.000
0.049,0.012,0.010,20.805,226931.219,7.670,68.000
0.052,0.005,0.012,21.051,259321.188,6.347,68.000
0.047,0.001,0.012,25.928,246321.531,4.134,68.000
0.052,0.012,0.013,21.522,214814.656,7.339,68.000
0.042,0.001,0.006,19.932,107465.617,1.677,68.000
0.056,0.001,0.004,18.206,225577.812,2.656,68.000
0.053,0.001,0.017,22.437,207536.344,2.219,68.000
0.058,0.001,0.017,20.188,186678.562,0.740,68.000
0.048,0.001,0.014,23.749,208997.812,3.824,68.000
0.048,0.001,0.020,22.925,153882.125,2.199,68.000
0.048,0.001,0.013,27.555,180642.625,3.353,68.000
0.055,0.000,0.014,27.962,1155.406,0.736,68.000
0.050,0.009,0.014,20.730,248897.031,8.285,68.000
0.056,0.001,0.009,23.182,205729.812,3.841,68.000
0.051,0.000,0.002,22.868,78976.805,1.316,68.000
0.053,0.002,0.011,23.202,261722.562,4.715,68.000
0.048,0.001,0.015,23.844,202421.688,3.629,68.000
0.057,0.001,0.007,24.600,79757.055,1.870,68.000
0.055,0.001,0.011,24.599,214624.219,4.174,68.000
0.053,0.002,0.011,23.395,261500.406,4.775,68.000
0.044,0.000,0.015,28.473,-132493.297,-1.764,68.000
0.041,0.001,0.011,21.988,120295.883,1.398,68.000
0.045,0.001,0.013,22.430,222380.062,4.186,68.000
0.051,0.001,0.017,23.382,212482.156,3.129,68.000
0.044,0.000,0.011,24.158,106659.664,0.258,68.000
0.048,0.004,0.010,21.626,265158.250,5.933,68.000
0.049,0.002,0.010,22.770,273807.531,4.500,68.000
0.050,0.006,0.013,22.306,247859.844,7.044,68.000
0.049,0.012,0.010,20.666,231595.188,7.571,68.000
0.050,0.002,0.014,23.858,216744.250,4.517,68.000
0.049,0.026,0.012,20.337,237885.125,9.810,68.000
0.050,0.018,0.010,20.040,211126.000,8.855,68.000
0.046,0.001,0.006,22.429,173923.219,2.268,68.000
0.052,0.000,0.020,21.245,47228.352,1.697,68.000
0.054,0.001,0.009,22.915,236622.125,4.343,68.000
0.051,0.017,0.013,21.936,222966.531,6.525,68.000
0.048,0.024,0.013,20.983,231351.656,9.712,68.000
0.049,0.007,0.014,21.706,242393.250,7.475,68.000
0.050,0.017,0.013,20.020,228576.031,7.668,68.000
0.049,0.026,0.011,18.596,244238.031,9.723,68.000
0.047,0.001,0.015,23.205,196630.812,3.315,68.000
0.054,0.000,0.013,31.236,-53699.457,-0.135,68.000
0.051,0.013,0.010,20.156,208954.844,7.254,68.000
0.049,0.001,0.013,29.877,128582.102,2.455,68.000
0.048,0.001,0.017,25.977,168550.469,1.735,68.000
0.050,0.006,0.011,21.593,301960.844,7.926,68.000
0.050,0.018,0.013,20.466,233295.969,7.794,68.000
0.046,0.001,0.007,25.931,127255.227,2.298,68.000
0.098,0.012,0.014,20.943,222533.219,6.635,68.000
0.048,0.006,0.010,20.944,271024.188,7.135,68.000
0.042,0.001,0.016,19.525,130285.930,2.296,68.000
0.051,0.004,0.012,21.938,251966.031,5.818,68.000
0.051,0.005,0.012,22.321,262654.094,6.767,68.000
0.049,0.026,0.012,20.571,234478.188,9.838,68.000
0.047,0.000,0.020,21.154,69727.508,0.853,68.000
0.050,0.001,0.004,23.175,81828.305,0.772,68.000
0.044,0.001,0.011,22.305,232085.438,2.787,68.000
0.053,0.001,0.011,23.440,248950.281,4.683,68.000
0.051,0.010,0.011,20.396,222414.344,8.166,68.000
0.044,0.001,0.020,22.091,132705.594,1.650,68.000
0.047,0.001,0.008,25.854,162165.844,2.576,68.000
0.046,0.000,0.014,26.682,3292.688,2.189,68.000
0.047,0.000,0.021,22.053,2523.047,-0.076,68.000
0.051,0.000,0.009,33.985,-25208.531,-0.533,68.000
0.056,0.001,0.008,21.709,192965.844,2.909,68.000
0.048,0.006,0.011,22.182,293080.000,7.948,68.000
0.051,0.010,0.014,19.887,224817.344,7.699,68.000
0.051,0.001,0.006,24.389,142742.625,2.369,68.000
0.050,0.014,0.014,19.960,221203.344,6.952,68.000
0.048,0.008,0.013,21.101,273221.000,8.902,68.000
0.053,0.002,0.016,23.132,214280.750,2.723,68.000
0.052,0.001,0.010,23.027,258042.250,4.732,68.000
0.051,0.020,0.013,21.818,232360.094,7.434,68.000
0.044,0.002,0.011,20.680,220380.938,2.811,68.000
0.048,0.026,0.010,18.395,238975.281,9.435,68.000
0.048,0.005,0.014,22.517,230597.812,6.458,68.000
0.051,0.015,0.012,21.720,208231.062,6.873,68.000
0.049,0.008,0.013,21.477,260340.875,8.472,68.000
0.049,0.023,0.012,21.799,232827.406,9.216,68.000
0.050,0.009,0.015,18.341,237009.906,7.270,68.000
0.043,0.001,0.005,20.379,100123.039,1.604,68.000
0.049,0.012,0.011,20.300,241696.094,8.651,68.000
0.050,0.026,0.013,21.866,233956.938,8.526,68.000
0.049,0.001,0.002,21.129,171056.531,1.766,68.000
0.050,0.008,0.014,21.253,251411.281,8.266,68.000
0.050,0.019,0.012,20.526,226681.281,8.105,68.000
0.048,0.009,0.011,21.716,265499.688,8.805,68.000
0.058,0.001,0.018,20.277,181876.281,0.576,68.000
0.043,0.000,0.010,25.001,-25811.617,0.993,68.000
0.050,0.001,0.018,22.161,187008.125,2.659,68.000
0.051,0.008,0.013,20.621,241021.625,7.682,68.000
0.049,0.026,0.012,21.053,237723.219,9.504,68.000
0.000,0.013,0.013,24.124,57414.680,4.245,68.000
0.040,0.001,0.013,20.325,110185.461,2.117,68.000
0.048,0.016,0.013,19.518,236235.219,8.121,68.000
0.052,0.012,0.013,21.828,201205.781,6.688,68.000
0.052,0.008,0.011,20.416,253533.688,7.723,68.000
0.047,0.001,0.018,21.438,179589.688,2.593,68.000
0.058,0.001,0.006,19.790,185846.719,2.675,68.000
0.042,0.001,0.008,23.578,45449.242,0.689,68.000
0.045,0.001,0.012,29.347,69457.570,1.017,68.000
0.047,0.002,0.010,23.031,264683.969,4.109,68.000
0.054,0.000,0.015,28.615,-14536.727,0.287,68.000
0.046,0.000,0.007,23.704,22997.883,0.564,68.000
0.042,0.001,0.018,21.349,112843.680,1.313,68.000
0.042,0.001,0.011,23.361,140805.656,1.671,68.000
0.044,0.001,0.005,20.553,143846.750,1.698,68.000
0.057,0.001,0.016,22.106,115958.070,0.045,68.000
0.051,0.009,0.010,19.614,252254.406,7.855,68.000
0.039,0.000,0.012,19.276,-17729.875,-1.462,68.000
0.055,0.001,0.014,23.549,180363.531,2.982,68.000
0.050,0.003,0.013,23.003,241290.031,5.199,68.000
0.052,0.001,0.009,24.857,237421.875,4.606,68.000
0.046,0.001,0.014,22.390,220765.219,4.157,68.000
0.054,0.000,0.018,22.303,110485.461,2.316,68.000
0.052,0.008,0.011,18.955,244158.594,6.857,68.000
0.051,0.007,0.013,22.219,256838.219,7.485,68.000
0.048,0.020,0.011,19.546,227877.438,9.746,68.000
0.049,0.000,0.010,28.419,104902.523,1.594,68.000
0.045,0.001,0.010,27.599,142311.750,2.150,68.000
0.049,0.008,0.011,21.469,293243.812,8.750,68.000
0.059,0.001,0.014,22.367,85160.992,-0.856,68.000
0.057,0.000,0.010,24.892,54566.445,3.368,68.000
0.047,0.001,0.002,21.085,167711.125,1.825,68.000
0.043,0.001,0.004,19.545,132074.500,1.555,68.000
0.050,0.025,0.011,20.516,223831.969,8.715,68.000
0.001,0.011,0.011,21.504,179376.406,7.723,68.000
0.002,0.012,0.011,21.304,183350.750,7.675,68.000
0.058,0.000,0.017,21.627,43373.555,1.867,68.000
0.052,0.003,0.011,22.353,268986.469,5.214,68.000
0.049,0.013,0.012,19.708,251182.219,8.993,68.000
0.047,0.000,0.003,21.094,46566.039,0.811,68.000
0.097,0.013,0.011,21.288,205287.031,7.594,68.000
0.049,0.014,0.013,20.361,241495.938,8.457,68.000
0.058,0.001,0.013,24.048,88884.820,0.589,68.000
0.051,0.001,0.005,20.715,217144.188,2.342,68.000
0.060,0.001,0.012,20.054,145302.188,1.355,68.000
0.052,0.024,0.013,24.008,223286.500,6.301,68.000
0.050,0.010,0.011,20.479,245186.062,8.549,68.000
0.049,0.006,0.014,21.983,249656.250,7.346,68.000
0.046,0.001,0.013,22.993,228310.250,4.338,68.000
0.052,0.001,0.016,26.711,120960.258,0.623,68.000
0.049,0.008,0.012,22.339,287499.719,8.802,68.000
0.048,0.001,0.004,20.893,183115.094,1.582,68.000
0.052,0.001,0.015,24.317,197693.938,2.580,68.000
0.047,0.000,0.018,22.849,-13571.547,1.509,68.000
0.050,0.015,0.012,20.266,235385.938,8.426,68.000
0.057,0.000,0.007,24.231,4267.055,1.871,68.000
0.047,0.002,0.007,22.495,224807.375,3.331,68.000
0.051,0.007,0.014,20.004,233222.188,6.978,68.000
0.052,0.000,0.015,27.276,19060.109,1.227,68.000
0.050,0.012,0.014,18.508,227825.750,7.468,68.000
0.049,0.004,0.010,21.391,267555.250,5.554,68.000
0.047,0.000,0.017,26.704,-22384.094,-0.296,68.000
0.050,0.017,0.012,20.339,219960.719,7.514,68.000
0.052,0.015,0.011,20.706,195531.375,6.890,68.000
0.049,0.018,0.013,19.727,244288.969,8.566,68.000
0.043,0.001,0.017,22.224,128001.242,1.970,68.000
0.050,0.000,0.012,28.924,115749.289,2.655,68.000
0.044,0.001,0.012,21.950,228967.812,3.704,68.000
0.050,0.012,0.012,20.234,227459.375,8.162,68.000
0.050,0.026,0.014,22.710,236901.250,8.531,68.000
0.046,0.001,0.009,26.679,125487.867,2.146,68.000
0.056,0.001,0.012,27.619,111516.383,2.630,68.000
0.002,0.013,0.012,21.035,212957.500,7.438,68.000
0.051,0.001,0.011,24.296,269817.031,4.671,68.000
0.049,0.002,0.017,23.304,200535.750,2.892,68.000
0.048,0.024,0.012,20.709,229237.219,10.001,68.000
0.052,0.014,0.013,20.966,208675.406,6.401,68.000
0.056,0.001,0.017,20.457,204201.344,2.236,68.000
0.049,0.018,0.013,20.135,242219.406,8.222,68.000
0.049,0.001,0.009,23.751,265899.281,4.374,68.000
0.049,0.021,0.013,21.620,249223.094,8.457,68.000
0.040,0.001,0.014,18.122,104420.023,2.002,68.000
0.054,0.002,0.015,22.404,204520.188,2.401,68.000
0.048,0.013,0.012,19.623,262978.000,9.513,68.000
0.050,0.013,0.010,20.349,213434.625,7.482,68.000
0.042,0.001,0.009,21.834,165004.125,1.828,68.000
0.048,0.014,0.013,20.005,240455.875,8.526,68.000
0.099,0.011,0.012,22.929,206835.500,6.667,68.000
0.052,0.000,0.012,28.749,41658.680,2.020,68.000
0.050,0.019,0.014,22.317,249764.062,7.105,68.000
0.048,0.005,0.011,21.934,272854.688,6.386,68.000
0.049,0.001,0.021,20.904,181826.719,3.160,68.000
0.051,0.011,0.012,20.402,217965.344,7.863,68.000
0.040,0.000,0.011,20.679,-854.711,-1.236,68.000
0.043,0.001,0.011,20.914,203060.594,2.444,68.000
0.050,0.010,0.012,20.663,240894.344,8.724,68.000
0.041,0.001,0.016,18.932,105623.289,1.861,68.000
0.045,0.001,0.010,21.824,242596.844,3.214,68.000
0.045,0.001,0.004,21.357,107877.164,1.285,68.000
0.047,0.001,0.018,25.542,132533.344,1.018,68.000
0.045,0.001,0.012,21.025,240306.500,3.263,68.000
0.052,0.016,0.012,21.781,206512.812,6.523,68.000
0.049,0.003,0.012,22.201,284587.656,6.166,68.000
0.048,0.000,0.006,23.964,70115.039,1.274,68.000
0.052,0.022,0.013,23.023,234254.188,6.799,68.000
0.050,0.007,0.013,22.349,261106.094,7.896,68.000
0.049,0.008,0.014,20.073,239242.000,7.692,68.000
0.051,0.001,0.012,30.466,175420.438,3.571,68.000
0.044,0.001,0.020,21.578,147416.812,1.940,68.000
0.050,0.013,0.010,20.192,215082.312,7.466,68.000
0.056,0.001,0.007,25.210,107734.430,2.011,68.000
0.044,0.001,0.012,27.066,116379.867,1.308,68.000
0.052,0.000,0.004,23.860,36730.289,1.759,68.000
0.048,0.004,0.014,23.199,234812.062,6.077,68.000
0.049,0.022,0.014,23.056,238549.906,7.613,68.000
0.044,0.000,0.014,28.255,339.367,-0.463,68.000
0.051,0.009,0.011,19.796,243525.656,7.943,68.000
0.050,0.015,0.014,19.907,221093.562,6.684,68.000
0.051,0.020,0.013,22.418,244051.906,7.341,68.000
0.055,0.001,0.017,25.249,130569.039,0.653,68.000
0.048,0.018,0.014,21.266,246983.938,7.839,68.000
0.055,0.000,0.012,32.776,-56643.367,-1.691,68.000
0.049,0.001,0.006,24.020,98449.617,1.375,68.000
0.052,0.018,0.010,20.832,212039.656,8.094,68.000
0.048,0.012,0.011,19.898,254857.125,9.148,68.000
0.057,0.001,0.007,20.919,180064.531,2.795,68.000
0.054,0.001,0.014,24.399,181163.969,2.478,68.000
0.042,0.001,0.015,19.060,142177.562,2.489,68.000
0.043,0.001,0.016,21.772,121276.445,2.006,68.000
0.045,0.000,0.007,27.418,-67735.328,1.707,68.000
0.048,0.006,0.011,21.709,287771.719,7.430,68.000
0.058,0.001,0.012,25.419,123755.195,1.927,68.000
0.055,0.001,0.022,22.602,139527.344,2.330,68.000
0.055,0.001,0.010,27.137,153337.625,3.413,68.000
0.051,0.003,0.010,21.684,278359.000,5.550,68.000
0.050,0.012,0.010,20.111,219226.156,7.223,68.000
0.098,0.011,0.012,21.289,208838.938,6.470,68.000
0.049,0.024,0.010,19.029,223148.062,9.641,68.000
0.048,0.016,0.010,19.698,237533.031,9.625,68.000
0.098,0.011,0.013,21.240,209224.844,6.172,68.000
0.049,0.009,0.011,21.105,258348.219,8.595,68.000
0.050,0.016,0.010,19.989,217708.938,8.854,68.000
0.052,0.002,0.018,21.944,195292.094,2.777,68.000
0.052,0.013,0.010,19.719,193456.031,6.703,68.000
0.049,0.013,0.013,20.473,243155.281,8.626,68.000
0.050,0.026,0.012,21.548,229284.094,8.450,68.000
0.053,0.001,0.010,24.300,231909.062,4.371,68.000
0.048,0.001,0.022,23.421,53341.711,0.893,68.000
0.048,0.002,0.012,22.401,272976.594,5.438,68.000
0.049,0.016,0.010,19.606,226481.469,9.220,68.000
0.046,0.001,0.011,26.122,204209.688,2.830,68.000
0.048,0.006,0.010,21.022,269671.281,6.568,68.000
0.048,0.001,0.006,20.778,206625.531,2.158,68.000
0.054,0.000,0.005,24.143,20114.266,2.555,68.000
0.051,0.012,0.012,21.522,215053.375,7.387,68.000
0.052,0.027,0.012,22.481,210668.531,5.720,68.000
0.051,0.005,0.013,22.354,254208.656,6.392,68.000
0.052,0.022,0.012,22.540,222775.281,7.148,68.000
0.051,0.006,0.010,19.677,268932.344,6.405,68.000
0.051,0.005,0.013,22.351,245102.594,5.934,68.000
0.051,0.016,0.010,20.440,209363.812,7.685,68.000
0.044,0.001,0.004,19.624,127784.523,1.252,68.000
0.049,0.009,0.012,21.891,270947.312,8.954,68.000
0.048,0.000,0.011,27.009,21377.898,1.688,68.000
0.044,0.000,0.019,24.591,-13691.398,-0.630,68.000
0.049,0.008,0.012,22.386,285679.438,8.761,68.000
0.051,0.013,0.010,20.041,203748.188,7.086,68.000
0.059,0.001,0.013,22.299,139188.719,1.057,68.000
0.051,0.013,0.010,20.297,209099.312,7.189,68.000
0.046,0.001,0.006,24.853,87112.039,1.906,68.000
0.052,0.002,0.014,24.643,192866.844,2.957,68.000
0.000,0.013,0.013,18.472,7920.359,13.057,68.000
0.056,0.001,0.005,22.700,127220.695,1.907,68.000
0.098,0.013,0.013,21.237,218842.062,7.386,68.000
0.046,0.000,0.006,25.102,-26229.812,0.314,68.000
0.052,0.006,0.010,19.039,270530.719,6.360,68.000
0.052,0.013,0.013,21.098,208712.562,6.673,68.000
0.053,0.001,0.015,26.339,163753.906,1.445,68.000
0.053,0.002,0.015,24.356,191555.562,2.540,68.000
0.042,0.001,0.005,18.929,125230.914,1.720,68.000
0.045,0.000,0.009,26.348,63057.164,0.368,68.000
0.050,0.027,0.010,18.773,232199.344,8.759,68.000
0.041,0.001,0.014,17.498,137585.250,2.738,68.000
0.002,0.011,0.011,21.465,178029.719,7.673,68.000
0.059,0.000,0.009,22.210,5449.586,2.111,68.000
0.051,0.013,0.011,19.850,202729.250,7.030,68.000
0.049,0.000,0.008,28.315,69220.742,1.266,68.000
0.050,0.022,0.014,23.167,243021.938,7.462,68.000
0.046,0.001,0.003,19.609,182235.281,1.386,68.000
0.050,0.000,0.004,27.165,-8111.508,1.131,68.000
0.050,0.014,0.014,19.453,223652.438,7.028,68.000
0.046,0.001,0.017,23.746,168937.781,2.203,68.000
0.048,0.008,0.013,21.374,272037.562,8.798,68.000
0.001,0.011,0.013,22.170,173893.875,7.191,68.000
0.049,0.024,0.014,22.200,231769.000,8.452,68.000
0.052,0.006,0.012,20.996,238734.250,6.245,68.000
0.048,0.008,0.014,21.168,251394.938,8.231,68.000
0.047,0.001,0.002,21.439,137366.938,1.555,68.000
0.053,0.001,0.002,20.343,196658.750,2.461,68.000
0.057,0.001,0.014,25.401,87588.977,0.461,68.000
0.050,0.005,0.010,20.311,272595.219,6.253,68.000
0.098,0.014,0.013,21.124,214430.812,7.496,68.000
0.052,0.005,0.014,21.397,222121.938,5.794,68.000
0.042,0.001,0.014,19.408,171773.375,3.057,68.000
0.047,0.002,0.007,22.114,223456.125,3.167,68.000
0.050,0.001,0.019,24.351,127570.320,1.915,68.000
0.052,0.023,0.012,22.453,221324.562,7.415,68.000
0.050,0.001,0.011,25.614,263100.344,4.405,68.000
0.051,0.002,0.010,22.515,276263.312,5.293,68.000
0.051,0.023,0.012,22.444,231456.469,7.715,68.000
0.051,0.012,0.011,20.017,203955.219,7.347,68.000
0.051,0.001,0.009,29.694,126198.148,2.867,68.000
0.041,0.001,0.011,22.769,113811.117,1.339,68.000
0.050,0.023,0.012,21.984,230177.000,7.955,68.000
0.042,0.000,0.018,19.863,-76683.203,-2.261,68.000
0.051,0.001,0.003,19.513,223984.281,2.196,68.000
0.052,0.009,0.013,20.758,229395.062,7.698,68.000
0.049,0.019,0.011,19.581,224871.000,9.655,68.000
0.051,0.014,0.011,20.300,221493.281,7.830,68.000
0.049,0.001,0.013,27.473,203408.219,3.759,68.000
0.043,0.000,0.014,25.980,76407.727,1.953,68.000
0.041,0.000,0.008,20.473,21873.000,-0.690,68.000
0.045,0.000,0.007,27.377,-23564.844,0.542,68.000
0.059,0.001,0.016,20.818,139517.656,-0.400,68.000
0.049,0.012,0.012,19.737,248528.375,8.863,68.000
0.053,0.002,0.018,22.351,189325.375,2.450,68.000
0.049,0.009,0.010,20.666,261311.156,8.357,68.000
0.050,0.022,0.011,21.191,223607.969,8.784,68.000
0.048,0.000,0.004,25.892,-28802.883,0.611,68.000
0.052,0.001,0.015,24.924,200988.031,2.338,68.000
0.057,0.001,0.017,22.455,139512.844,0.149,68.000
0.057,0.002,0.013,23.025,159675.219,2.969,68.000
0.059,0.001,0.015,19.888,172563.969,0.521,68.000
0.053,0.000,0.008,25.432,94557.258,4.000,68.000
0.051,0.000,0.010,31.421,-21680.992,1.178,68.000
0.059,0.001,0.017,19.473,175161.719,0.578,68.000
0.059,0.001,0.005,18.172,224574.438,2.780,68.000
0.049,0.011,0.011,20.568,240619.531,8.642,68.000
0.048,0.027,0.011,14.509,257287.656,8.992,68.000
0.048,0.000,0.004,22.618,20817.672,1.066,68.000
0.055,0.001,0.016,21.587,213390.438,2.438,68.000
0.049,0.000,0.022,18.533,13554.336,-0.531,68.000
0.052,0.015,0.011,20.637,199803.000,7.040,68.000
0.051,0.020,0.011,21.361,211373.250,8.007,68.000
0.047,0.000,0.006,21.816,37019.539,2.200,68.000
0.058,0.001,0.011,21.671,169917.406,2.836,68.000
0.045,0.000,0.015,28.815,-38910.727,-4.497,68.000
0.049,0.000,0.009,30.847,-26193.133,1.882,68.000
0.051,0.020,0.012,21.403,217597.500,7.857,68.000
0.050,0.005,0.011,20.566,289647.250,6.697,68.000
0.053,0.001,0.009,23.036,239481.719,4.445,68.000
0.051,0.013,0.011,20.102,204879.562,7.086,68.000
0.049,0.006,0.011,21.686,298142.031,7.902,68.000
0.057,0.000,0.010,25.860,-12597.625,1.987,68.000
0.052,0.018,0.012,21.499,212472.625,6.918,68.000
0.050,0.022,0.010,20.620,214915.938,9.006,68.000
0.043,0.001,0.015,19.395,171923.406,2.927,68.000
0.058,0.001,0.020,21.008,153547.750,1.804,68.000
0.056,0.000,0.006,23.967,1586.125,1.346,68.000
0.049,0.006,0.009,20.381,272170.781,6.473,68.000
0.052,0.000,0.006,26.405,-39502.527,1.649,68.000
0.052,0.013,0.011,19.783,193429.531,6.644,68.000
0.049,0.017,0.013,20.278,233003.938,7.571,68.000
0.042,0.000,0.018,20.601,71750.164,0.127,68.000
0.046,0.001,0.022,21.991,104322.211,1.368,68.000
0.049,0.020,0.011,20.200,222086.188,9.472,68.000
0.049,0.001,0.008,25.480,211431.969,3.733,68.000
0.049,0.009,0.013,21.166,250508.938,8.470,68.000
0.058,0.001,0.011,24.104,141126.969,2.753,68.000
0.050,0.001,0.009,32.370,84753.195,2.471,68.000
0.048,0.022,0.011,20.114,222740.906,9.770,68.000
0.052,0.000,0.020,21.319,27968.648,0.328,68.000
0.049,0.007,0.012,22.476,288223.625,8.655,68.000
0.050,0.012,0.014,20.070,227720.094,7.579,68.000
0.047,0.001,0.013,23.821,226438.594,4.020,68.000
0.048,0.001,0.023,20.750,165374.562,2.728,68.000
0.049,0.004,0.010,21.098,269422.688,5.536,68.000
0.056,0.001,0.011,24.277,202499.781,4.034,68.000
0.051,0.001,0.016,25.034,215351.062,2.739,68.000
0.001,0.011,0.012,21.981,169754.562,7.290,68.000
0.056,0.001,0.007,21.485,193247.281,2.818,68.000
0.050,0.005,0.013,23.012,249126.156,6.145,68.000
0.051,0.021,0.013,22.331,238829.688,7.500,68.000
0.049,0.025,0.012,21.485,230805.594,9.207,68.000
0.051,0.019,0.012,21.525,222672.750,7.355,68.000
0.051,0.023,0.013,23.333,225729.562,6.777,68.000
0.052,0.027,0.012,16.038,202747.469,7.166,68.000
0.051,0.001,0.014,25.066,196344.750,3.142,68.000
0.052,0.001,0.017,23.277,211911.750,3.109,68.000
0.048,0.015,0.013,19.811,234135.719,8.042,68.000
0.049,0.006,0.013,23.101,274562.375,7.376,68.000
0.049,0.009,0.012,21.219,260513.219,8.993,68.000
0.048,0.001,0.019,22.062,185008.344,2.767,68.000
0.052,0.001,0.019,22.170,188200.531,2.704,68.000
0.049,0.018,0.013,20.188,241302.938,8.119,68.000
0.052,0.017,0.013,22.301,217059.188,6.358,68.000
0.050,0.013,0.010,20.291,218773.438,7.645,68.000
0.052,0.003,0.011,22.201,268783.656,5.207,68.000
0.044,0.000,0.019,24.674,-37299.281,-0.664,68.000
0.056,0.000,0.018,23.387,-10864.852,1.307,68.000
0.050,0.026,0.012,20.874,237187.125,8.924,68.000
0.051,0.019,0.011,21.291,211339.250,7.840,68.000
0.049,0.019,0.010,19.960,219314.656,9.784,68.000
0.050,0.020,0.014,22.736,251207.062,7.117,68.000
0.059,0.001,0.016,20.091,175545.312,0.386,68.000
0.058,0.000,0.017,21.949,69059.758,-0.121,68.000
0.048,0.026,0.012,19.774,235227.656,10.542,68.000
0.043,0.001,0.018,21.652,130542.945,1.728,68.000
0.043,0.001,0.019,23.173,32061.211,-0.150,68.000
0.049,0.018,0.014,22.019,247296.406,7.258,68.000
0.046,0.000,0.007,21.841,19915.820,3.438,68.000
0.052,0.015,0.011,21.488,203016.125,6.842,68.000
0.051,0.000,0.006,27.636,-48208.953,1.689,68.000
0.052,0.010,0.013,20.365,211745.250,7.386,68.000
0.050,0.008,0.012,21.460,264927.531,8.558,68.000
0.048,0.015,0.011,19.787,249196.625,9.650,68.000
0.048,0.007,0.013,21.840,282864.656,8.574,68.000
0.040,0.001,0.012,22.948,58751.648,0.474,68.000
0.050,0.027,0.012,22.346,222097.844,6.816,68.000
0.049,0.008,0.010,20.269,278624.031,7.914,68.000
0.050,0.013,0.011,19.914,225647.500,7.979,68.000
0.053,0.000,0.007,26.922,36247.492,2.057,68.000
0.050,0.019,0.012,20.278,223146.844,8.510,68.000
0.051,0.005,0.011,20.715,284365.469,6.295,68.000
0.056,0.000,0.017,24.360,-3609.055,0.466,68.000
0.044,0.001,0.020,20.690,147472.156,2.122,68.000
0.050,0.008,0.011,21.265,291752.750,8.771,68.000
0.052,0.001,0.018,22.210,199290.719,2.745,68.000
0.049,0.027,0.011,21.841,138199.188,-0.324,68.000
0.050,0.009,0.014,20.121,244476.469,8.052,68.000
0.048,0.000,0.011,33.569,-44452.988,-0.472,68.000
0.056,0.000,0.013,26.209,-7167.102,0.430,68.000
0.050,0.004,0.011,20.910,284713.625,6.310,68.000
0.054,0.000,0.014,31.664,-58981.074,-2.635,68.000
0.056,0.000,0.011,30.596,-67209.500,-0.004,68.000
0.058,0.001,0.013,24.710,149183.219,1.689,68.000
0.045,0.001,0.006,21.615,160780.750,1.875,68.000
0.043,0.001,0.005,20.304,97667.742,1.653,68.000
0.057,0.001,0.009,21.824,183240.375,3.135,68.000
0.048,0.001,0.020,22.959,89021.867,1.429,68.000
0.051,0.022,0.013,22.875,233848.375,7.011,68.000
0.048,0.005,0.011,22.045,280764.438,6.599,68.000
0.040,0.001,0.013,19.763,110312.273,1.920,68.000
0.049,0.008,0.010,20.567,281527.844,8.343,68.000
0.059,0.001,0.016,19.771,175503.219,0.597,68.000
0.051,0.015,0.011,20.809,207571.594,7.361,68.000
0.003,0.012,0.011,21.186,184842.594,7.525,68.000
0.050,0.019,0.010,19.741,218113.312,9.426,68.000
0.049,0.027,0.013,15.312,201285.969,9.459,68.000
0.051,0.003,0.011,21.402,277443.000,5.735,68.000
0.050,0.000,0.006,25.697,79897.773,2.036,68.000
0.051,0.016,0.012,21.436,211729.812,7.208,68.000
0.001,0.013,0.012,20.983,212694.938,7.828,68.000
0.050,0.000,0.004,27.381,-44891.500,0.388,68.000
0.048,0.005,0.011,21.871,287024.594,6.949,68.000
0.052,0.013,0.012,21.992,204301.969,6.630,68.000
0.049,0.001,0.017,24.626,204381.500,2.555,68.000
0.048,0.021,0.012,20.548,241553.281,9.871,68.000
0.045,0.000,0.006,21.912,6438.828,2.179,68.000
0.057,0.000,0.013,24.785,56225.258,0.889,68.000
0.047,0.001,0.003,20.200,175265.719,1.440,68.000
0.049,0.000,0.003,25.786,-1836.500,0.727,68.000
0.043,0.001,0.013,20.922,189416.812,3.540,68.000
0.049,0.002,0.014,23.985,213624.531,4.481,68.000
0.048,0.009,0.011,21.352,257269.719,8.800,68.000
0.050,0.006,0.011,19.966,288615.875,6.915,68.000
0.048,0.011,0.010,20.978,237351.844,7.944,68.000
0.052,0.001,0.017,22.465,202743.312,3.009,68.000
0.057,0.000,0.005,22.678,26629.172,1.151,68.000
0.058,0.001,0.011,21.294,181826.062,2.954,68.000
0.055,0.001,0.004,20.142,194764.656,2.780,68.000
0.055,0.001,0.005,25.060,58129.664,1.009,68.000
0.049,0.016,0.010,19.645,226646.750,9.113,68.000
0.046,0.001,0.010,26.487,221743.469,3.212,68.000
0.060,0.001,0.017,19.470,170484.031,0.314,68.000
0.056,0.001,0.012,23.329,186322.719,3.814,68.000
0.050,0.022,0.011,20.749,219189.562,8.987,68.000
0.052,0.003,0.013,22.323,217351.812,4.566,68.000
0.058,0.000,0.014,24.191,40857.961,2.146,68.000
0.050,0.022,0.010,20.066,217285.781,8.776,68.000
0.058,0.000,0.015,24.817,-30475.016,2.070,68.000
0.048,0.008,0.014,21.485,253451.438,8.239,68.000
0.049,0.003,0.014,23.276,217928.906,5.189,68.000
0.050,0.001,0.011,27.089,224259.688,3.885,68.000
0.052,0.018,0.011,21.068,209688.562,7.441,68.000
0.059,0.000,0.008,25.512,-112950.117,0.133,68.000
0.052,0.000,0.007,26.885,39173.648,1.645,68.000
0.048,0.015,0.011,19.720,249486.062,9.633,68.000
0.052,0.025,0.013,22.998,219161.719,6.419,68.000
0.053,0.000,0.021,20.521,48232.789,2.562,68.000
0.098,0.012,0.010,22.489,213313.656,7.860,68.000
0.046,0.002,0.010,22.337,258999.531,3.756,68.000
0.041,0.001,0.015,20.128,71172.602,1.255,68.000
0.056,0.001,0.015,23.628,188458.594,1.347,68.000
0.049,0.008,0.011,20.882,285507.594,8.382,68.000
0.051,0.020,0.011,21.174,212610.031,8.286,68.000
0.050,0.006,0.014,21.595,246337.969,7.141,68.000
0.045,0.001,0.010,27.836,98615.758,2.085,68.000
0.050,0.004,0.013,22.350,257410.219,6.075,68.000
0.052,0.000,0.012,33.291,-9109.781,2.236,68.000
0.042,0.000,0.008,23.533,20284.203,0.456,68.000
0.052,0.001,0.017,22.882,205871.000,3.190,68.000
0.056,0.002,0.010,21.867,220750.438,3.890,68.000
0.050,0.021,0.014,22.867,245449.188,7.085,68.000
0.050,0.019,0.012,20.486,225489.000,8.036,68.000
0.045,0.000,0.003,20.790,12650.578,0.205,68.000
0.051,0.015,0.012,21.417,213212.844,6.788,68.000
0.041,0.000,0.010,22.330,-36761.898,-0.358,68.000
0.049,0.007,0.015,20.164,231277.000,6.860,68.000
0.051,0.002,0.006,20.759,220993.438,2.500,68.000
0.058,0.001,0.009,24.367,57403.258,1.616,68.000
0.051,0.016,0.013,21.338,210103.750,6.252,68.000
0.049,0.014,0.014,19.973,223026.094,7.374,68.000
0.051,0.005,0.011,20.585,284059.125,6.401,68.000
0.054,0.002,0.018,21.654,194302.094,2.448,68.000
0.055,0.001,0.006,24.510,118726.352,2.381,68.000
0.049,0.016,0.011,19.758,231788.469,9.119,68.000
0.049,0.020,0.013,20.704,250424.094,8.919,68.000
0.050,0.000,0.007,29.079,-8931.328,0.296,68.000
0.100,0.012,0.012,19.510,-39943.523,10.444,68.000
0.050,0.022,0.012,21.675,229681.062,8.217,68.000
0.050,0.013,0.011,19.867,238443.312,8.356,68.000
0.044,0.001,0.020,20.561,147467.500,2.157,68.000
0.051,0.001,0.006,21.537,222776.000,3.046,68.000
0.049,0.001,0.005,22.182,177647.938,2.127,68.000
0.044,0.001,0.004,18.266,160596.750,1.312,68.000
0.051,0.002,0.017,23.293,208121.281,3.202,68.000
0.051,0.009,0.013,20.462,232818.719,7.990,68.000
0.053,0.000,0.005,24.580,38756.977,2.102,68.000
0.049,0.001,0.017,23.318,204744.438,2.953,68.000
0.050,0.020,0.014,22.627,252650.719,7.248,68.000
0.050,0.020,0.012,20.392,228090.156,8.724,68.000
0.048,0.002,0.019,21.790,181836.344,2.296,68.000
0.045,0.000,0.011,28.934,-17992.570,1.964,68.000
0.042,0.000,0.017,22.140,-55190.191,-2.756,68.000
0.050,0.003,0.015,22.871,213463.906,4.925,68.000
0.043,0.000,0.006,21.904,7499.953,-0.357,68.000
0.048,0.021,0.012,20.174,233489.062,9.710,68.000
0.057,0.000,0.007,23.393,19591.258,2.266,68.000
0.051,0.002,0.009,23.409,270770.938,5.039,68.000
0.042,0.001,0.012,21.413,165214.812,2.144,68.000
0.050,0.022,0.010,20.591,217449.188,9.112,68.000
0.044,0.000,0.006,25.411,1252.016,1.386,68.000
0.051,0.021,0.012,21.266,222449.625,8.195,68.000
0.097,0.013,0.013,20.892,208823.062,6.798,68.000
0.051,0.010,0.010,20.008,224896.875,7.627,68.000
0.055,0.000,0.011,33.143,-6762.477,-0.834,68.000
0.052,0.022,0.013,22.527,230243.625,6.957,68.000
0.051,0.011,0.011,20.331,214120.812,7.710,68.000
0.055,0.001,0.019,22.695,152361.031,2.163,68.000
0.043,0.001,0.014,19.934,196182.906,3.555,68.000
0.050,0.001,0.014,33.210,80256.055,1.771,68.000
0.054,0.001,0.011,30.577,83470.336,2.394,68.000
0.052,0.015,0.012,22.012,202526.688,6.460,68.000
0.052,0.008,0.010,18.788,246197.250,6.896,68.000
0.049,0.009,0.014,20.727,243269.906,8.288,68.000
0.003,0.012,0.011,21.144,190208.438,7.429,68.000
0.050,0.020,0.014,22.778,250086.594,7.304,68.000
0.050,0.012,0.013,20.686,231511.156,7.899,68.000
0.045,0.000,0.018,23.445,-991.977,-0.194,68.000
0.048,0.005,0.011,22.122,284606.500,6.735,68.000
0.052,0.004,0.011,20.676,272884.781,5.734,68.000
0.057,0.001,0.005,20.083,155914.781,1.743,68.000
0.052,0.002,0.014,24.694,196887.219,3.153,68.000
0.001,0.012,0.011,21.382,187369.719,7.856,68.000
0.054,0.000,0.012,31.992,-21346.453,1.360,68.000
0.055,0.000,0.010,31.748,-66336.406,0.608,68.000
0.050,0.019,0.013,21.260,237844.188,7.915,68.000
0.052,0.018,0.012,22.009,219058.219,6.847,68.000
0.054,0.001,0.012,26.086,211563.781,3.965,68.000
0.052,0.017,0.012,21.822,205615.625,6.449,68.000
0.049,0.000,0.009,28.881,-3318.625,2.086,68.000
0.050,0.015,0.011,20.405,228300.062,8.062,68.000
0.049,0.016,0.011,19.895,237554.250,9.483,68.000
0.051,0.001,0.019,22.066,187254.094,2.784,68.000
0.051,0.003,0.012,22.369,266490.000,5.408,68.000
0.051,0.003,0.013,22.701,223772.031,4.774,68.000
0.049,0.000,0.013,33.906,-48698.773,-1.410,68.000
0.052,0.002,0.011,22.717,268703.875,5.104,68.000
0.055,0.001,0.019,22.358,183794.062,2.292,68.000
0.097,0.011,0.012,20.676,202013.250,6.302,68.000
0.051,0.001,0.015,24.672,196191.375,2.700,68.000
0.049,0.021,0.011,19.841,221163.750,9.595,68.000
0.052,0.026,0.012,22.896,226275.281,6.957,68.000
0.044,0.001,0.020,20.569,149988.000,2.193,68.000
0.049,0.015,0.013,20.220,225691.438,7.445,68.000
0.098,0.011,0.013,21.332,206878.625,6.238,68.000
0.040,0.000,0.011,23.150,-29847.453,-1.586,68.000
0.050,0.017,0.013,20.945,231026.125,7.125,68.000
0.057,0.001,0.010,21.667,201271.312,3.606,68.000
0.045,0.001,0.006,23.304,73189.148,1.542,68.000
0.050,0.026,0.010,20.113,228198.312,8.572,68.000
0.049,0.001,0.007,25.550,139394.500,2.605,68.000
0.051,0.016,0.013,21.154,210448.031,6.487,68.000
0.052,0.001,0.015,25.283,192757.750,2.113,68.000
0.051,0.005,0.014,21.279,220058.500,6.094,68.000
0.050,0.001,0.009,25.608,235872.688,4.262,68.000
0.053,0.002,0.018,21.717,197420.031,2.703,68.000
0.053,0.001,0.008,27.024,130838.023,2.833,68.000
0.050,0.001,0.006,21.540,223177.312,2.840,68.000
0.050,0.007,0.014,20.706,247857.844,7.802,68.000
0.053,0.002,0.017,21.745,199607.438,2.846,68.000
0.057,0.001,0.020,21.873,159936.250,2.107,68.000
0.051,0.007,0.011,20.192,289362.062,7.842,68.000
0.049,0.007,0.010,20.342,274192.094,7.430,68.000
0.042,0.000,0.011,23.388,6065.641,-1.224,68.000
0.099,0.011,0.012,21.302,209595.125,6.590,68.000
0.051,0.026,0.011,20.823,232080.469,7.923,68.000
0.049,0.002,0.014,23.921,213700.156,4.533,68.000
0.055,0.001,0.020,22.047,169963.219,2.642,68.000
0.055,0.001,0.007,22.998,187092.625,3.100,68.000
0.051,0.001,0.006,21.962,226002.156,3.227,68.000
0.057,0.001,0.013,26.212,97346.898,1.414,68.000
0.048,0.003,0.011,22.110,264251.562,5.655,68.000
0.049,0.011,0.014,19.619,232585.969,7.796,68.000
0.053,0.002,0.015,23.326,207516.531,2.654,68.000
0.055,0.001,0.012,24.852,213915.500,4.012,68.000
0.052,0.017,0.011,20.805,205340.188,7.322,68.000
0.048,0.005,0.013,23.073,271477.312,7.298,68.000
0.099,0.012,0.010,22.678,213735.594,7.880,68.000
0.060,0.001,0.009,22.362,145128.844,2.876,68.000
0.052,0.000,0.005,23.351,101566.352,1.827,68.000
0.051,0.014,0.012,21.806,218989.562,7.141,68.000
0.052,0.001,0.022,21.083,186376.938,3.044,68.000
0.053,0.002,0.013,23.922,207870.125,4.105,68.000
0.057,0.000,0.014,22.219,101188.180,2.521,68.000
0.044,0.000,0.020,22.657,-5890.172,-0.253,68.000
0.098,0.013,0.011,21.431,207143.562,7.643,68.000
0.051,0.015,0.012,21.996,207617.125,6.590,68.000
0.042,0.001,0.007,20.302,106598.773,1.515,68.000
0.050,0.010,0.013,20.657,243305.969,8.520,68.000
0.053,0.001,0.005,24.746,89002.852,1.329,68.000
0.048,0.009,0.012,21.308,270511.594,9.063,68.000
0.048,0.003,0.013,23.317,261098.125,5.962,68.000
0.056,0.000,0.015,23.335,62330.555,0.790,68.000
0.040,0.001,0.014,17.229,135454.156,2.760,68.000
0.050,0.011,0.009,20.330,232352.062,7.398,68.000
0.099,0.012,0.013,23.318,189372.875,6.431,68.000
0.049,0.004,0.014,22.788,236560.344,5.965,68.000
0.045,0.002,0.011,20.950,238602.625,3.099,68.000
0.098,0.013,0.012,21.236,209175.031,7.680,68.000
0.055,0.000,0.014,26.962,6521.680,1.516,68.000
0.049,0.003,0.013,23.170,264107.219,5.930,68.000
0.047,0.001,0.004,23.355,109599.773,1.552,68.000
0.048,0.026,0.012,20.641,237897.969,10.548,68.000
0.051,0.010,0.014,19.947,223261.625,7.778,68.000
0.049,0.001,0.006,22.330,195731.625,2.428,68.000
0.057,0.000,0.012,25.888,76719.102,3.169,68.000
0.002,0.013,0.012,20.909,214141.406,7.632,68.000
0.048,0.008,0.014,20.543,243436.562,7.964,68.000
0.047,0.002,0.009,23.464,250249.625,3.835,68.000
0.053,0.001,0.006,23.651,102686.039,1.081,68.000
0.051,0.003,0.013,22.545,224187.000,4.893,68.000
0.051,0.020,0.012,21.570,220365.031,7.482,68.000
0.056,0.000,0.014,25.191,82531.852,1.503,68.000
0.050,0.006,0.013,22.569,252506.281,7.112,68.000
0.045,0.001,0.011,21.804,251693.875,3.273,68.000
0.041,0.001,0.014,20.285,147094.844,2.710,68.000
0.053,0.001,0.016,22.880,213699.781,2.436,68.000
0.002,0.013,0.013,20.856,224294.688,7.731,68.000
0.050,0.006,0.013,22.464,244495.344,6.767,68.000
0.050,0.006,0.012,21.615,289065.938,7.648,68.000
0.056,0.000,0.010,27.195,-5201.227,3.324,68.000
0.049,0.015,0.014,19.692,223678.375,6.856,68.000
0.048,0.024,0.012,20.350,224753.938,10.054,68.000
0.052,0.000,0.003,23.645,66888.977,1.374,68.000
0.051,0.005,0.012,20.694,274436.594,6.536,68.000
0.048,0.010,0.014,20.278,234596.469,8.066,68.000
0.059,0.001,0.010,26.070,27945.648,1.347,68.000
0.053,0.001,0.013,29.827,113894.773,2.104,68.000
0.059,0.000,0.013,24.581,10212.250,0.760,68.000
0.051,0.019,0.011,21.065,215251.688,8.332,68.000
0.098,0.014,0.013,20.964,212395.844,7.356,68.000
0.050,0.022,0.012,21.737,233759.969,8.196,68.000
0.049,0.000,0.007,28.094,-2035.359,1.686,68.000
0.049,0.019,0.011,19.831,223401.812,9.148,68.000
0.050,0.018,0.013,20.998,233617.156,7.784,68.000
0.058,0.000,0.007,23.122,-9378.969,3.188,68.000
0.051,0.002,0.010,22.755,274524.500,5.095,68.000
0.049,0.001,0.002,19.927,191907.094,1.697,68.000
0.060,0.001,0.006,18.326,191770.844,2.456,68.000
0.050,0.000,0.017,26.138,-21572.156,-0.265,68.000
0.049,0.023,0.011,19.887,214941.469,9.571,68.000
0.047,0.000,0.009,33.098,-48405.395,0.221,68.000
0.052,0.003,0.013,22.230,230037.500,4.992,68.000
0.051,0.016,0.012,21.481,210293.969,6.910,68.000
0.050,0.015,0.010,19.823,227598.125,8.602,68.000
0.049,0.008,0.010,19.980,263737.844,7.868,68.000
0.050,0.021,0.010,20.078,213388.875,9.334,68.000
0.050,0.022,0.013,22.209,238155.156,8.006,68.000
0.049,0.020,0.013,22.008,254355.719,7.962,68.000
0.040,0.001,0.015,18.342,57362.023,0.831,68.000
0.047,0.001,0.011,25.237,236527.125,3.549,68.000
0.049,0.006,0.010,21.217,286588.250,7.614,68.000
0.048,0.008,0.014,21.311,254649.375,8.261,68.000
0.050,0.000,0.018,23.687,14711.016,1.272,68.000
0.048,0.014,0.011,19.549,251109.125,9.105,68.000
0.049,0.001,0.015,28.979,114827.039,1.090,68.000
0.048,0.001,0.007,22.834,234541.000,3.635,68.000
0.049,0.002,0.014,23.807,212444.844,4.569,68.000
0.050,0.002,0.017,23.127,204633.156,3.114,68.000
0.050,0.001,0.022,22.164,123280.383,2.137,68.000
0.044,0.000,0.007,28.193,-31133.930,-0.393,68.000
0.048,0.001,0.022,21.035,167539.438,2.891,68.000
0.050,0.003,0.014,22.985,218896.188,5.146,68.000
0.048,0.002,0.013,23.550,250671.656,5.175,68.000
0.049,0.000,0.019,22.169,49015.555,1.639,68.000
0.047,0.001,0.018,24.364,131508.969,1.159,68.000
0.057,0.000,0.009,24.337,-10599.969,3.005,68.000
0.053,0.001,0.009,27.918,171757.531,3.729,68.000
0.048,0.020,0.012,19.759,245559.500,9.668,68.000
0.052,0.024,0.013,23.358,224388.719,6.595,68.000
0.050,0.027,0.012,21.585,231107.031,7.542,68.000
0.053,0.001,0.017,25.571,111409.070,0.487,68.000
0.041,0.001,0.016,18.484,104649.086,1.821,68.000
0.051,0.009,0.011,20.373,258023.344,8.246,68.000
0.058,0.001,0.011,21.573,183326.219,3.168,68.000
0.047,0.000,0.017,26.855,-14723.234,-1.030,68.000
0.043,0.001,0.008,24.101,151154.188,1.741,68.000
0.051,0.009,0.011,20.024,242997.625,8.126,68.000
0.050,0.001,0.002,19.897,197633.344,1.867,68.000
0.059,0.001,0.010,24.508,47726.898,1.506,68.000
0.051,0.001,0.006,21.233,213177.469,2.446,68.000
0.050,0.006,0.011,20.520,300174.500,7.784,68.000
0.050,0.012,0.014,19.453,227216.531,7.483,68.000
0.050,0.015,0.012,21.218,225554.656,7.698,68.000
0.050,0.014,0.014,19.120,223967.062,6.894,68.000
0.049,0.007,0.012,22.762,291599.469,8.289,68.000
0.043,0.000,0.012,22.085,13066.438,0.677,68.000
0.050,0.014,0.014,19.064,223447.312,6.796,68.000
0.051,0.013,0.011,20.079,221233.562,7.814,68.000
0.042,0.001,0.017,22.566,59876.883,0.173,68.000
0.050,0.013,0.011,19.957,232011.375,8.201,68.000
0.049,0.010,0.014,20.343,238049.938,8.136,68.000
0.052,0.012,0.010,19.912,206302.031,6.910,68.000
0.049,0.008,0.010,19.806,264487.438,7.669,68.000
0.042,0.001,0.007,20.985,103565.477,1.404,68.000
0.047,0.000,0.012,31.524,9541.578,0.107,68.000
0.050,0.012,0.011,20.363,220254.906,7.902,68.000
0.000,0.013,0.012,23.707,72611.320,3.949,68.000
0.049,0.021,0.012,20.735,231715.531,9.190,68.000
0.049,0.026,0.011,19.444,233080.969,9.668,68.000
0.053,0.002,0.015,23.773,200870.281,2.575,68.000
0.051,0.021,0.014,23.184,242557.406,6.831,68.000
0.002,0.012,0.012,21.335,197260.125,7.552,68.000
0.049,0.001,0.018,23.250,186797.844,2.369,68.000
0.055,0.001,0.007,22.329,204305.281,3.302,68.000
0.048,0.003,0.010,21.785,265182.250,5.291,68.000
0.048,0.001,0.015,29.011,137671.250,1.873,68.000
0.049,0.012,0.012,19.799,249994.719,8.986,68.000
0.051,0.024,0.010,21.001,223014.531,7.984,68.000
0.051,0.011,0.011,20.215,211938.750,7.665,68.000
0.049,0.000,0.020,22.269,93650.414,1.633,68.000
0.043,0.001,0.007,24.485,9421.227,0.856,68.000
0.045,0.001,0.004,18.970,172280.594,1.348,68.000
0.048,0.004,0.011,22.160,279194.375,6.287,68.000
0.099,0.013,0.012,23.656,199415.688,7.433,68.000
0.048,0.020,0.012,19.675,240988.938,9.488,68.000
0.051,0.012,0.010,19.798,211483.469,6.989,68.000
0.046,0.002,0.016,22.680,185984.844,3.026,68.000
0.052,0.001,0.019,24.482,105888.930,1.587,68.000
0.058,0.001,0.012,24.404,129879.086,2.141,68.000
0.051,0.027,0.012,16.143,163475.156,4.830,68.000
0.049,0.019,0.011,19.534,221703.000,9.895,68.000
0.100,0.013,0.013,28.276,14466.992,7.599,68.000
0.052,0.021,0.013,22.366,235064.312,7.041,68.000
0.057,0.001,0.007,22.099,182915.188,2.876,68.000
0.046,0.001,0.005,21.071,172090.719,1.762,68.000
0.057,0.001,0.007,22.182,178825.531,2.811,68.000
0.049,0.020,0.011,19.625,222143.156,9.786,68.000
0.049,0.007,0.013,22.255,265390.438,8.115,68.000
0.048,0.026,0.014,21.335,216067.594,8.241,68.000
0.050,0.011,0.013,20.524,235131.094,8.211,68.000
0.048,0.001,0.014,24.759,217183.594,3.527,68.000
0.048,0.009,0.012,21.596,276636.125,9.095,68.000
0.049,0.019,0.011,20.029,222771.938,9.305,68.000
0.049,0.000,0.011,27.938,60479.508,0.830,68.000
0.057,0.000,0.019,22.710,54873.273,2.478,68.000
0.051,0.000,0.022,20.271,26067.336,-0.313,68.000
0.056,0.001,0.005,18.520,222656.469,2.486,68.000
0.057,0.001,0.007,24.034,80977.430,1.281,68.000
0.052,0.001,0.009,23.912,243615.188,4.537,68.000
0.050,0.025,0.012,21.513,227721.000,8.607,68.000
0.050,0.018,0.012,20.515,221048.406,7.665,68.000
0.051,0.020,0.014,22.800,243873.938,6.871,68.000
0.051,0.018,0.011,20.754,212997.031,8.203,68.000
0.052,0.003,0.012,22.233,254133.344,5.555,68.000
0.048,0.015,0.011,19.650,246180.188,9.489,68.000
0.050,0.024,0.014,23.428,231620.656,8.072,68.000
0.049,0.018,0.012,19.132,229409.219,9.231,68.000
0.047,0.002,0.012,22.867,257658.375,4.822,68.000
0.049,0.001,0.002,19.204,205241.969,1.847,68.000
0.051,0.019,0.012,21.652,228374.938,7.537,68.000
0.048,0.001,0.022,21.090,167578.281,2.927,68.000
0.048,0.001,0.004,21.613,184196.844,1.860,68.000
0.051,0.020,0.014,22.886,246036.469,7.012,68.000
0.051,0.013,0.014,19.922,214892.812,7.069,68.000
0.045,0.001,0.010,22.054,250594.406,3.373,68.000
0.049,0.018,0.013,20.434,235901.344,7.755,68.000
0.042,0.001,0.007,20.207,117396.961,1.416,68.000
0.053,0.001,0.012,24.964,230085.125,4.468,68.000
0.048,0.007,0.013,22.192,283682.781,8.546,68.000
0.051,0.024,0.011,21.431,218494.312,8.202,68.000
0.045,0.001,0.018,23.499,158188.219,2.010,68.000
0.048,0.001,0.018,21.814,183685.062,2.418,68.000
0.050,0.001,0.016,24.211,200880.562,2.865,68.000
0.098,0.011,0.012,21.229,206979.781,6.452,68.000
0.049,0.004,0.012,22.353,287554.406,6.591,68.000
0.058,0.001,0.011,21.555,180966.219,2.873,68.000
0.052,0.014,0.012,21.654,205736.844,6.826,68.000
0.051,0.010,0.012,20.291,216004.969,7.708,68.000
0.051,0.017,0.013,21.332,218003.906,6.896,68.000
0.040,0.001,0.012,20.831,96465.492,1.093,68.000
0.050,0.023,0.014,23.080,233748.156,7.803,68.000
0.052,0.005,0.012,21.574,259656.469,6.019,68.000
0.058,0.000,0.012,24.039,40013.867,2.504,68.000
0.057,0.001,0.007,21.118,187606.188,2.676,68.000
0.051,0.027,0.014,24.422,212473.500,6.761,68.000
0.048,0.002,0.013,23.359,262546.531,5.489,68.000
0.048,0.009,0.014,20.133,239905.781,7.877,68.000
0.044,0.000,0.007,25.623,-35750.250,0.244,68.000
0.055,0.001,0.020,21.583,172426.000,2.832,68.000
0.055,0.001,0.018,21.917,195356.844,2.148,68.000
0.045,0.001,0.017,22.834,168163.844,2.438,68.000
0.045,0.000,0.009,30.644,-70277.820,0.368,68.000
0.056,0.000,0.012,32.328,-80988.547,0.121,68.000
0.047,0.001,0.012,23.111,255300.906,4.562,68.000
0.098,0.010,0.012,21.252,204890.125,6.290,68.000
0.050,0.000,0.008,31.561,-21975.961,0.387,68.000
0.098,0.013,0.013,20.865,219806.188,6.780,68.000
0.098,0.012,0.011,21.102,206617.781,7.116,68.000
0.052,0.000,0.018,24.246,-1047.844,-2.777,68.000
0.052,0.008,0.014,19.792,236125.031,7.223,68.000
0.042,0.000,0.012,25.754,22200.164,0.044,68.000
0.047,0.001,0.004,19.329,197092.719,1.390,68.000
0.057,0.001,0.015,24.189,75882.258,-0.602,68.000
0.047,0.000,0.017,25.741,64353.070,-0.227,68.000
0.050,0.014,0.014,19.660,220432.688,6.646,68.000
0.051,0.015,0.013,21.028,213086.094,6.192,68.000
0.050,0.007,0.014,20.270,239045.438,7.187,68.000
0.048,0.009,0.011,21.340,256538.312,8.701,68.000
0.049,0.027,0.014,22.120,181932.250,7.571,68.000
0.044,0.001,0.016,21.216,142950.594,2.392,68.000
0.050,0.010,0.013,20.792,246539.281,8.469,68.000
0.049,0.014,0.014,19.183,222917.125,6.824,68.000
0.052,0.009,0.012,20.562,226803.312,7.597,68.000
0.052,0.026,0.012,22.714,224993.438,6.952,68.000
0.055,0.001,0.016,22.710,218368.156,2.070,68.000
0.051,0.001,0.005,19.988,227464.594,2.290,68.000
0.051,0.014,0.013,21.571,218072.938,7.019,68.000
0.040,0.000,0.010,22.006,-46315.332,-0.307,68.000
0.049,0.000,0.009,28.503,111901.320,1.530,68.000
0.049,0.001,0.006,22.034,222862.562,3.071,68.000
0.048,0.001,0.011,24.444,261743.531,3.768,68.000
0.002,0.013,0.011,21.464,199191.750,7.608,68.000
0.056,0.002,0.017,20.561,199184.469,2.344,68.000
0.050,0.005,0.010,20.230,273146.188,6.236,68.000
0.043,0.000,0.010,24.899,7244.773,-1.083,68.000
0.049,0.007,0.012,22.631,289937.594,8.457,68.000
0.051,0.020,0.011,21.173,214562.750,8.305,68.000
0.051,0.026,0.013,23.489,228698.750,7.698,68.000
0.051,0.010,0.012,20.376,224479.281,7.828,68.000
0.048,0.005,0.012,22.565,289326.750,6.930,68.000
0.052,0.017,0.013,22.328,216873.625,6.267,68.000
0.047,0.000,0.009,32.308,-48248.035,0.000,68.000
0.048,0.000,0.009,30.936,-18957.625,0.703,68.000
0.049,0.017,0.014,21.561,239308.281,6.916,68.000
0.047,0.000,0.002,19.298,40663.508,-0.007,68.000
0.055,0.000,0.003,25.365,-33771.383,0.331,68.000
0.049,0.000,0.004,25.980,-30232.148,1.324,68.000
0.042,0.001,0.014,20.312,157043.469,2.990,68.000
0.050,0.023,0.012,21.963,226600.375,8.286,68.000
0.040,0.001,0.012,21.500,103295.570,1.326,68.000
0.051,0.011,0.010,19.661,224599.500,7.073,68.000
0.060,0.000,0.011,24.708,-40091.461,0.353,68.000
0.050,0.000,0.017,25.546,-3403.516,0.012,68.000
0.050,0.016,0.012,19.934,227090.219,7.808,68.000
0.051,0.000,0.012,30.587,54784.992,2.105,68.000
0.058,0.001,0.006,21.797,155948.594,2.627,68.000
0.048,0.001,0.004,19.514,213910.156,1.736,68.000
0.053,0.002,0.018,21.923,197788.469,2.670,68.000
0.052,0.005,0.014,21.096,215370.281,5.681,68.000
0.051,0.007,0.011,19.534,274838.875,7.415,68.000
0.051,0.021,0.013,22.752,245271.938,7.193,68.000
0.050,0.012,0.013,20.623,234399.312,8.000,68.000
0.051,0.010,0.013,20.551,228699.281,8.006,68.000
0.048,0.000,0.004,25.323,-36111.805,0.992,68.000
0.056,0.001,0.013,23.176,178191.750,3.562,68.000
0.056,0.001,0.007,23.483,152835.594,2.846,68.000
0.055,0.001,0.017,21.150,201649.875,2.241,68.000
0.046,0.002,0.012,22.445,249183.500,4.453,68.000
0.052,0.008,0.012,20.817,247481.531,7.764,68.000
0.049,0.010,0.010,20.723,245926.094,7.853,68.000
0.048,0.011,0.012,19.743,266305.906,9.498,68.000
0.043,0.001,0.007,21.211,130014.539,1.519,68.000
0.049,0.002,0.014,23.794,208633.375,4.234,68.000
0.051,0.001,0.020,21.157,180705.219,3.067,68.000
0.049,0.015,0.014,19.531,222638.812,6.775,68.000
0.042,0.001,0.018,20.736,95615.023,0.864,68.000
0.048,0.025,0.012,20.569,230096.031,10.318,68.000
0.049,0.001,0.018,22.972,187170.156,2.571,68.000
0.049,0.019,0.012,19.336,231680.000,9.280,68.000
0.054,0.000,0.018,24.280,7000.680,0.797,68.000
0.050,0.024,0.010,19.803,223707.531,8.971,68.000
0.052,0.000,0.018,24.952,-27139.172,-3.408,68.000
0.049,0.000,0.007,29.532,12269.859,1.117,68.000
0.048,0.004,0.014,23.148,226992.062,5.959,68.000
0.054,0.000,0.012,33.939,-15007.039,-0.253,68.000
0.050,0.000,0.014,35.079,-15559.734,2.678,68.000
0.045,0.001,0.016,22.044,171187.281,2.855,68.000
0.060,0.000,0.013,20.609,44484.914,0.188,68.000
0.050,0.007,0.009,19.701,269578.531,7.128,68.000
0.044,0.000,0.019,24.271,-42154.742,-0.018,68.000
0.052,0.023,0.013,23.811,225625.906,6.485,68.000
0.055,0.001,0.012,29.232,143425.125,3.182,68.000
0.039,0.000,0.013,20.474,4147.984,-1.281,68.000
0.048,0.001,0.017,23.168,197101.688,2.713,68.000
0.045,0.001,0.007,21.868,183996.875,2.289,68.000
0.051,0.006,0.012,22.214,259651.594,7.350,68.000
0.045,0.000,0.003,19.022,39476.930,-0.591,68.000
0.049,0.007,0.014,22.042,252949.688,7.678,68.000
0.051,0.006,0.012,22.289,259347.594,7.021,68.000
0.049,0.014,0.011,19.924,242531.906,8.652,68.000
0.050,0.007,0.014,20.586,245381.625,7.445,68.000
0.048,0.000,0.008,29.036,-45443.914,2.809,68.000
0.043,0.000,0.017,22.811,6522.492,-0.409,68.000
0.049,0.000,0.018,24.068,-1926.570,0.233,68.000
0.053,0.001,0.005,20.460,212094.406,2.439,68.000
0.051,0.018,0.012,20.921,213610.938,7.527,68.000
0.049,0.014,0.014,19.266,222048.625,6.811,68.000
0.053,0.001,0.018,24.015,166602.500,1.843,68.000
0.047,0.000,0.009,31.664,-41867.254,-0.630,68.000
0.051,0.021,0.011,21.462,213069.969,8.034,68.000
0.053,0.000,0.007,26.062,36012.555,1.983,68.000
0.049,0.023,0.014,22.474,235006.438,8.259,68.000
0.046,0.001,0.007,21.756,192547.094,2.431,68.000
0.050,0.026,0.012,20.949,234754.938,9.064,68.000
0.046,0.001,0.007,23.331,199283.875,2.584,68.000
0.051,0.001,0.002,23.042,88106.492,1.295,68.000
0.051,0.015,0.012,21.549,219264.812,7.129,68.000
0.052,0.000,0.013,28.581,45710.008,2.267,68.000
0.048,0.026,0.013,20.538,237651.375,10.373,68.000
0.050,0.001,0.021,21.392,152668.312,2.604,68.000
0.041,0.001,0.009,21.329,117312.539,1.151,68.000
0.051,0.001,0.018,23.164,192345.281,2.425,68.000
0.054,0.000,0.021,20.894,-32592.242,-2.237,68.000
0.051,0.002,0.016,23.739,207812.812,3.122,68.000
0.044,0.001,0.009,25.498,138697.812,1.831,68.000
0.048,0.004,0.013,23.166,252986.906,6.264,68.000
0.045,0.002,0.017,22.357,160741.406,2.206,68.000
0.050,0.010,0.014,19.258,229869.875,7.689,68.000
0.049,0.002,0.009,23.530,275347.469,4.789,68.000
0.051,0.016,0.012,21.443,212659.094,7.305,68.000
0.051,0.004,0.014,22.714,222125.312,5.297,68.000
0.057,0.000,0.012,27.222,22280.070,1.887,68.000
0.099,0.012,0.011,23.091,207445.438,7.892,68.000
0.056,0.001,0.020,22.429,160671.562,2.313,68.000
0.050,0.003,0.009,22.405,273574.156,5.387,68.000
0.050,0.026,0.013,22.905,231894.938,8.209,68.000
0.047,0.000,0.020,21.769,5887.367,0.261,68.000
0.052,0.013,0.012,21.579,212146.469,7.094,68.000
0.058,0.001,0.006,20.244,165288.562,2.550,68.000
0.050,0.013,0.014,20.078,222305.000,7.351,68.000
0.053,0.001,0.006,22.796,192143.188,2.909,68.000
0.001,0.010,0.012,21.266,184202.094,7.724,68.000
0.048,0.011,0.011,21.026,243199.438,8.556,68.000
0.050,0.026,0.011,21.191,225215.000,8.355,68.000
0.057,0.001,0.020,21.476,156459.031,2.077,68.000
0.050,0.027,0.011,19.851,236758.500,8.513,68.000
0.054,0.001,0.012,23.328,236082.688,4.543,68.000
0.043,0.001,0.006,20.807,125644.289,1.678,68.000
0.048,0.002,0.007,22.076,222552.250,3.193,68.000
0.053,0.001,0.019,23.002,163137.281,2.380,68.000
0.049,0.009,0.012,21.748,271169.188,8.775,68.000
0.050,0.026,0.010,19.300,230658.531,9.125,68.000
0.053,0.000,0.020,21.494,4786.773,0.254,68.000
0.051,0.002,0.010,23.028,278732.250,5.524,68.000
0.058,0.001,0.018,22.326,118571.055,-0.365,68.000
0.050,0.023,0.011,21.402,220407.625,8.916,68.000
0.044,0.001,0.013,22.773,207624.844,3.701,68.000
0.049,0.010,0.013,20.610,250919.875,8.662,68.000
0.059,0.001,0.007,19.645,172246.719,2.571,68.000
0.053,0.001,0.012,24.039,235366.531,4.488,68.000
0.001,0.012,0.013,21.244,206700.719,7.816,68.000
0.039,0.000,0.012,22.268,22900.086,0.483,68.000
0.048,0.011,0.013,19.843,261344.781,9.345,68.000
0.048,0.001,0.016,25.713,199185.281,2.541,68.000
0.049,0.020,0.012,20.136,233480.969,9.397,68.000
0.050,0.025,0.014,23.844,233935.594,8.189,68.000
0.049,0.008,0.014,20.616,244112.375,7.982,68.000
0.100,0.013,0.011,28.389,-54957.148,8.663,68.000
0.057,0.001,0.008,22.245,165490.406,2.951,68.000
0.048,0.001,0.012,24.144,255981.344,4.478,68.000
0.050,0.009,0.014,19.487,237966.156,7.791,68.000
0.051,0.000,0.014,32.571,-53043.641,-0.731,68.000
0.053,0.001,0.002,23.763,45005.148,0.047,68.000
0.052,0.006,0.013,21.105,226162.312,5.730,68.000
0.058,0.000,0.017,22.891,-12749.609,-1.040,68.000
0.059,0.001,0.009,21.778,155463.469,3.032,68.000
0.050,0.002,0.018,22.418,190330.312,2.665,68.000
0.044,0.002,0.012,21.358,231713.812,3.256,68.000
0.049,0.003,0.012,22.385,278614.594,5.915,68.000
0.048,0.012,0.012,19.657,259127.938,9.300,68.000
0.002,0.011,0.012,20.857,186678.844,7.613,68.000
0.049,0.013,0.013,20.479,229915.906,7.763,68.000
0.046,0.001,0.010,23.181,247617.250,3.595,68.000
0.043,0.001,0.006,19.606,140371.375,1.660,68.000
0.047,0.001,0.004,21.559,166209.094,1.589,68.000
0.051,0.001,0.007,22.739,239504.438,3.957,68.000
0.055,0.001,0.008,22.746,215126.750,3.919,68.000
0.050,0.024,0.013,23.062,229389.531,7.524,68.000
0.059,0.000,0.010,24.089,31411.508,2.340,68.000
0.055,0.000,0.020,19.579,26570.836,-2.442,68.000
0.059,0.001,0.018,19.891,176520.500,0.479,68.000
0.039,0.001,0.012,21.173,81011.273,1.106,68.000
0.047,0.000,0.011,30.713,18035.430,0.222,68.000
0.052,0.001,0.013,31.168,104273.289,2.076,68.000
0.050,0.002,0.018,22.057,182260.438,2.476,68.000
0.052,0.001,0.006,23.021,174580.094,2.439,68.000
0.050,0.001,0.002,20.458,194860.688,1.936,68.000
0.097,0.012,0.012,20.991,205170.656,7.006,68.000
0.045,0.000,0.015,26.307,-45589.031,1.167,68.000
0.049,0.004,0.011,22.026,288495.875,6.611,68.000
0.044,0.000,0.011,27.306,-991.164,1.251,68.000
0.044,0.001,0.008,22.468,173643.125,1.915,68.000
0.049,0.006,0.010,20.358,275040.438,7.130,68.000
0.050,0.014,0.014,20.233,219062.031,7.043,68.000
0.049,0.007,0.010,20.296,271882.969,7.612,68.000
0.049,0.001,0.004,21.454,186338.938,1.859,68.000
0.050,0.000,0.009,35.398,-54276.512,-0.278,68.000
0.057,0.000,0.012,27.081,-7936.117,1.338,68.000
0.051,0.025,0.011,22.216,220675.594,7.600,68.000
0.049,0.020,0.012,20.503,247277.781,8.850,68.000
0.052,0.023,0.012,22.700,223464.000,7.126,68.000
0.055,0.001,0.011,24.317,222656.531,4.296,68.000
0.053,0.002,0.012,24.165,226013.750,4.524,68.000
0.051,0.000,0.014,27.168,89252.352,3.192,68.000
0.050,0.003,0.012,22.899,263703.656,5.644,68.000
0.049,0.003,0.012,22.900,274477.531,5.779,68.000
0.051,0.000,0.022,19.876,75145.508,2.670,68.000
0.044,0.001,0.016,24.026,84310.883,0.801,68.000
0.050,0.020,0.014,22.530,250892.094,7.200,68.000
0.050,0.023,0.010,20.272,219947.906,8.936,68.000
0.047,0.002,0.012,22.705,254462.500,4.860,68.000
0.045,0.001,0.018,22.512,166334.156,2.418,68.000
0.049,0.008,0.010,20.379,264143.125,7.651,68.000
0.053,0.001,0.019,23.604,160271.781,2.303,68.000
0.054,0.000,0.012,27.606,37066.852,2.824,68.000
0.042,0.000,0.006,16.475,4752.125,1.874,68.000
0.053,0.001,0.011,26.494,238404.281,4.654,68.000
0.048,0.001,0.021,21.269,171378.938,2.990,68.000
0.051,0.007,0.011,20.136,285149.219,7.375,68.000
0.051,0.010,0.012,20.538,217928.406,7.756,68.000
0.050,0.001,0.017,22.581,198581.438,2.888,68.000
0.059,0.001,0.008,25.413,17037.188,1.345,68.000
0.052,0.000,0.005,25.813,-28121.352,1.840,68.000
0.044,0.000,0.020,22.889,-14633.086,-0.273,68.000
0.042,0.001,0.012,22.357,171627.000,2.107,68.000
0.048,0.012,0.013,19.891,251287.750,8.943,68.000
0.050,0.023,0.014,23.229,231300.000,7.586,68.000
0.050,0.014,0.013,20.811,233718.938,7.932,68.000
0.042,0.001,0.014,18.732,161574.812,2.949,68.000
0.053,0.001,0.004,20.724,179185.531,2.201,68.000
0.049,0.016,0.014,20.974,232831.594,7.064,68.000
0.049,0.014,0.012,20.778,244191.406,8.511,68.000
0.052,0.000,0.017,26.042,42482.664,-2.267,68.000
0.051,0.004,0.014,22.246,217600.438,5.105,68.000
0.054,0.001,0.008,23.763,209107.594,3.988,68.000
0.044,0.001,0.018,21.921,159730.031,2.299,68.000
0.049,0.014,0.012,20.034,249496.250,8.839,68.000
0.049,0.015,0.014,20.051,222359.188,6.787,68.000
0.051,0.004,0.012,22.192,263829.188,5.940,68.000
0.049,0.010,0.014,20.110,234366.500,7.869,68.000
0.048,0.016,0.013,19.296,237084.500,8.345,68.000
0.051,0.000,0.017,25.826,10371.422,0.376,68.000
0.051,0.020,0.014,22.829,241637.969,6.714,68.000
0.051,0.017,0.014,21.657,227967.688,6.558,68.000
0.051,0.003,0.009,22.335,275580.531,5.558,68.000
0.052,0.026,0.013,23.598,229510.938,6.980,68.000
0.056,0.000,0.017,25.249,-29163.953,0.322,68.000
0.054,0.001,0.019,22.332,182941.281,2.528,68.000
0.047,0.001,0.002,20.182,170889.844,1.572,68.000
0.053,0.000,0.016,23.588,-7646.891,1.469,68.000
0.049,0.014,0.013,20.731,238954.312,8.226,68.000
0.058,0.000,0.014,26.215,15294.406,2.314,68.000
0.052,0.010,0.013,20.201,207181.875,7.173,68.000
0.045,0.000,0.003,21.318,952.148,-0.317,68.000
0.051,0.001,0.022,21.721,130077.805,1.992,68.000
0.047,0.000,0.014,26.105,11108.945,1.936,68.000
0.051,0.013,0.012,21.533,219350.000,7.539,68.000
0.057,0.001,0.017,21.152,197943.656,1.262,68.000
0.050,0.004,0.014,22.885,231608.594,5.528,68.000
0.051,0.022,0.012,21.884,232920.312,7.832,68.000
0.048,0.000,0.007,23.797,29226.070,3.829,68.000
0.049,0.005,0.013,23.211,265592.000,6.692,68.000
0.052,0.000,0.012,33.847,-55674.184,-0.692,68.000
0.051,0.023,0.012,22.373,228554.531,7.706,68.000
0.050,0.015,0.012,20.697,226186.594,7.902,68.000
0.044,0.001,0.017,24.424,98189.789,0.569,68.000
0.049,0.002,0.016,23.588,203657.781,3.195,68.000
0.046,0.002,0.016,22.524,180601.594,2.940,68.000
0.048,0.005,0.010,21.633,275876.188,6.571,68.000
0.049,0.000,0.008,29.721,-11245.539,0.999,68.000
0.050,0.003,0.014,23.124,217545.156,4.865,68.000
0.057,0.001,0.004,18.330,239234.000,2.758,68.000
0.041,0.000,0.016,22.051,19718.805,0.373,68.000
0.049,0.025,0.010,19.313,224787.281,9.203,68.000
0.044,0.000,0.018,23.289,56711.352,-0.276,68.000
0.049,0.009,0.013,21.319,265867.000,8.694,68.000
0.051,0.024,0.013,22.939,225089.125,7.219,68.000
0.052,0.001,0.012,26.768,256218.812,4.473,68.000
0.054,0.001,0.017,25.447,85079.492,0.279,68.000
0.003,0.012,0.013,20.874,202839.469,7.498,68.000
0.049,0.000,0.016,24.841,68560.727,0.517,68.000
0.048,0.002,0.015,23.855,200166.438,3.407,68.000
0.051,0.009,0.013,20.824,235828.656,7.961,68.000
0.048,0.006,0.011,21.964,288621.844,7.275,68.000
0.048,0.001,0.007,23.397,227398.156,3.520,68.000
0.050,0.006,0.012,22.242,277181.281,7.778,68.000
0.048,0.001,0.012,23.707,259151.250,4.483,68.000
0.049,0.007,0.015,20.103,231415.625,6.780,68.000
0.048,0.004,0.012,22.995,280818.344,6.508,68.000
0.048,0.001,0.004,19.573,212775.688,1.669,68.000
0.051,0.010,0.010,19.847,239900.406,7.571,68.000
0.057,0.001,0.011,23.374,198097.625,3.829,68.000
0.049,0.001,0.004,25.119,52429.945,1.440,68.000
0.049,0.024,0.014,22.643,234899.250,8.412,68.000
0.047,0.001,0.015,25.319,196759.812,2.749,68.000
0.052,0.009,0.011,19.765,243203.375,7.610,68.000
0.052,0.001,0.006,25.293,59530.008,0.900,68.000
0.047,0.000,0.021,19.764,-54522.641,-1.889,68.000
0.051,0.001,0.008,26.905,140024.406,2.840,68.000
0.050,0.018,0.012,19.937,227988.562,8.114,68.000
0.052,0.011,0.011,20.100,199692.250,7.163,68.000
0.050,0.012,0.013,20.407,238626.844,8.615,68.000
0.050,0.010,0.014,20.002,235643.344,8.028,68.000
0.050,0.021,0.014,22.976,248829.625,7.124,68.000
0.050,0.024,0.011,21.532,219434.125,8.464,68.000
0.043,0.002,0.013,21.067,204107.125,3.912,68.000
0.044,0.000,0.005,25.242,3087.812,0.902,68.000
0.049,0.000,0.006,26.647,9763.266,1.485,68.000
0.048,0.015,0.013,19.880,236027.750,8.076,68.000
0.049,0.026,0.011,19.048,235762.688,9.506,68.000
0.051,0.007,0.013,21.562,240955.875,7.295,68.000
0.000,0.013,0.012,22.281,151022.094,6.814,68.000
0.052,0.004,0.011,21.047,269649.406,5.588,68.000
0.057,0.001,0.007,22.360,157084.906,2.765,68.000
0.042,0.001,0.008,22.980,104133.648,1.289,68.000
0.050,0.024,0.014,23.415,232905.062,7.906,68.000
0.053,0.001,0.013,27.155,199247.125,3.490,68.000
0.042,0.000,0.007,20.362,10346.094,-0.595,68.000
0.058,0.001,0.013,22.797,150775.562,1.951,68.000
0.051,0.003,0.010,21.982,277949.125,5.647,68.000
0.045,0.001,0.013,24.468,214799.844,3.795,68.000
0.043,0.001,0.016,22.564,138030.562,2.149,68.000
0.051,0.004,0.010,20.623,274737.562,5.703,68.000
0.050,0.023,0.011,21.724,223402.250,8.700,68.000
0.052,0.001,0.006,25.257,89473.664,1.339,68.000
0.054,0.000,0.006,24.360,57273.039,1.956,68.000
0.044,0.001,0.016,21.641,157998.844,2.728,68.000
0.045,0.000,0.018,23.046,-71072.953,-1.823,68.000
0.042,0.000,0.014,25.319,17535.023,-0.233,68.000
0.049,0.015,0.014,19.744,225348.250,7.058,68.000
0.050,0.008,0.010,19.702,279088.594,7.987,68.000
0.057,0.001,0.014,25.027,116555.508,1.202,68.000
0.045,0.002,0.009,22.238,215058.094,2.826,68.000
0.050,0.022,0.014,23.140,243717.062,7.340,68.000
0.049,0.010,0.012,20.224,251997.844,9.058,68.000
0.053,0.001,0.013,29.093,107950.617,1.794,68.000
0.052,0.001,0.016,25.947,184915.031,1.717,68.000
0.057,0.001,0.013,25.357,123617.758,1.565,68.000
0.056,0.000,0.004,18.821,230682.188,2.846,68.000
0.041,0.001,0.012,22.385,111927.789,1.471,68.000
0.051,0.022,0.013,23.302,232059.875,6.839,68.000
0.049,0.016,0.010,19.768,229027.844,9.445,68.000
0.049,0.010,0.013,20.368,249998.125,8.836,68.000
0.056,0.001,0.017,20.449,197557.719,2.103,68.000
0.051,0.014,0.012,20.598,216783.188,7.504,68.000
0.049,0.014,0.011,20.094,243601.625,8.790,68.000
0.052,0.001,0.002,21.866,126298.117,1.509,68.000
0.049,0.001,0.016,23.900,203112.594,2.943,68.000
0.052,0.013,0.012,21.634,207260.312,6.886,68.000
0.051,0.012,0.010,20.005,210761.594,7.172,68.000
0.100,0.012,0.012,30.396,-98256.883,8.052,68.000
0.098,0.012,0.011,21.446,203832.562,7.198,68.000
0.048,0.012,0.014,19.924,232259.562,7.824,68.000
0.052,0.001,0.013,30.977,82487.820,1.770,68.000
0.044,0.001,0.007,21.745,151336.094,1.830,68.000
0.041,0.001,0.011,22.874,133803.688,1.630,68.000
0.050,0.015,0.014,20.017,224317.906,6.551,68.000
0.053,0.001,0.015,23.619,200746.312,2.148,68.000
0.050,0.000,0.015,29.935,-7541.500,-1.088,68.000
0.051,0.003,0.012,22.742,255925.781,5.510,68.000
0.051,0.024,0.014,23.787,232459.750,7.494,68.000
0.048,0.003,0.011,22.153,265178.312,5.554,68.000
0.047,0.001,0.021,21.936,145069.719,2.163,68.000
0.050,0.000,0.006,24.900,46625.633,3.478,68.000
0.098,0.013,0.012,21.241,210498.938,7.613,68.000
0.047,0.001,0.007,25.999,154357.062,2.578,68.000
0.050,0.019,0.014,22.500,252733.219,7.124,68.000
0.049,0.021,0.013,21.323,246420.344,8.710,68.000
0.050,0.001,0.017,23.145,207650.375,3.107,68.000
0.049,0.017,0.010,19.971,223837.125,9.395,68.000
0.055,0.000,0.012,27.949,7396.883,4.104,68.000
0.051,0.016,0.010,20.238,210054.000,7.779,68.000
0.053,0.001,0.014,23.870,180182.938,2.736,68.000
0.050,0.025,0.010,19.358,221884.406,8.832,68.000
0.050,0.020,0.014,22.513,250625.719,7.008,68.000
0.050,0.012,0.013,21.050,231116.062,7.835,68.000
0.044,0.000,0.005,20.039,11148.969,0.392,68.000
0.042,0.001,0.012,26.027,86669.961,0.527,68.000
0.057,0.001,0.017,20.376,196815.125,1.467,68.000
0.055,0.000,0.016,24.856,10346.773,1.182,68.000
0.042,0.000,0.010,25.195,-21519.102,-0.930,68.000
0.048,0.023,0.012,21.252,234054.812,9.696,68.000
0.055,0.001,0.014,24.265,183614.656,2.879,68.000
0.048,0.023,0.012,20.614,227680.844,9.666,68.000
0.051,0.024,0.010,21.342,217797.438,7.850,68.000
0.058,0.000,0.017,21.649,6266.539,1.520,68.000
0.048,0.000,0.020,21.428,56131.758,0.410,68.000
0.059,0.000,0.008,24.316,-45981.836,3.598,68.000
0.049,0.023,0.012,21.450,233169.062,9.403,68.000
0.048,0.009,0.013,21.093,257126.094,8.537,68.000
0.050,0.021,0.012,21.106,237608.188,8.269,68.000
0.049,0.017,0.012,19.534,229792.094,8.388,68.000
0.051,0.009,0.011,20.655,258336.594,8.443,68.000
0.043,0.001,0.020,20.801,139729.469,1.768,68.000
0.053,0.001,0.021,21.425,183340.406,3.038,68.000
0.051,0.013,0.013,20.963,217672.000,7.101,68.000
0.051,0.008,0.011,20.686,270155.062,8.468,68.000
0.047,0.001,0.009,25.992,219171.312,3.528,68.000
0.050,0.025,0.010,19.123,222578.062,9.043,68.000
0.051,0.001,0.017,22.956,206450.406,3.106,68.000
0.049,0.011,0.013,20.335,241479.312,8.406,68.000
0.050,0.026,0.011,20.558,227398.562,8.716,68.000
0.056,0.000,0.016,21.839,77703.477,3.329,68.000
0.044,0.002,0.009,22.468,223436.281,3.115,68.000
0.055,0.001,0.008,25.191,141788.656,2.847,68.000
0.058,0.001,0.011,21.555,187864.594,2.994,68.000
0.048,0.023,0.012,20.359,225608.188,10.041,68.000
0.044,0.001,0.011,21.083,225251.500,2.784,68.000
0.051,0.001,0.011,25.786,260311.094,4.475,68.000
0.051,0.019,0.010,20.163,210398.062,8.748,68.000
0.048,0.023,0.011,20.060,217515.875,9.834,68.000
0.044,0.001,0.016,23.074,95439.273,1.217,68.000
0.049,0.009,0.012,21.643,272618.906,8.864,68.000
0.048,0.004,0.012,22.483,285896.844,6.566,68.000
0.050,0.013,0.014,19.510,223226.531,7.171,68.000
0.051,0.001,0.003,21.503,150286.156,1.526,68.000
0.044,0.001,0.005,21.436,109172.148,1.736,68.000
0.050,0.009,0.011,20.502,267946.812,8.608,68.000
0.043,0.001,0.020,20.681,143279.688,1.942,68.000
0.047,0.001,0.005,22.074,131560.875,1.338,68.000
0.098,0.012,0.012,21.456,212755.406,7.013,68.000
0.044,0.001,0.018,22.942,94079.289,0.731,68.000
0.047,0.002,0.011,22.325,262754.750,4.320,68.000
0.048,0.001,0.017,25.155,201786.969,2.328,68.000
0.049,0.002,0.007,22.888,240675.688,3.949,68.000
0.056,0.000,0.005,23.886,10556.656,1.006,68.000
0.058,0.001,0.005,22.831,66185.805,1.287,68.000
0.049,0.007,0.013,22.822,268841.844,7.951,68.000
0.050,0.007,0.011,20.457,295499.719,8.175,68.000
0.046,0.001,0.019,21.292,174498.656,2.608,68.000
0.050,0.025,0.011,20.809,224844.969,8.646,68.000
0.049,0.016,0.011,20.057,232998.094,9.325,68.000
0.051,0.001,0.006,20.708,217679.000,2.367,68.000
0.049,0.007,0.014,21.797,253598.375,7.981,68.000
0.050,0.014,0.013,20.713,219121.625,7.058,68.000
0.050,0.009,0.011,20.848,252835.125,8.734,68.000
0.051,0.025,0.011,22.065,221686.812,7.487,68.000
0.048,0.002,0.010,23.176,271356.312,4.370,68.000
0.048,0.002,0.012,23.237,269310.969,5.617,68.000
0.058,0.001,0.006,23.925,79591.117,1.961,68.000
0.050,0.008,0.013,21.714,257852.031,8.177,68.000
0.054,0.001,0.017,22.467,216917.844,2.546,68.000
0.050,0.010,0.014,18.311,222525.781,7.276,68.000
0.048,0.020,0.012,19.664,242866.500,9.902,68.000
0.051,0.000,0.007,27.651,19992.367,1.240,68.000
0.049,0.003,0.014,23.710,226896.938,5.334,68.000
0.051,0.001,0.020,22.993,128737.242,2.222,68.000
0.047,0.001,0.015,25.224,197926.031,2.851,68.000
0.059,0.001,0.011,21.635,163333.594,2.525,68.000
0.048,0.023,0.011,19.869,218409.375,9.899,68.000
0.049,0.008,0.013,22.055,261567.625,8.259,68.000
0.052,0.001,0.006,22.074,199196.469,2.529,68.000
0.052,0.000,0.018,23.669,38113.867,-0.331,68.000
0.049,0.002,0.005,20.492,223176.000,2.332,68.000
0.054,0.000,0.019,22.524,-31125.805,-2.734,68.000
0.050,0.011,0.014,19.125,229262.344,7.707,68.000
0.045,0.001,0.014,24.141,202523.875,3.575,68.000
0.049,0.019,0.014,22.533,255317.656,7.356,68.000
0.057,0.001,0.020,21.475,156496.406,2.128,68.000
0.041,0.000,0.014,20.077,57120.227,0.646,68.000
0.053,0.000,0.013,33.003,-69180.273,-0.115,68.000
0.050,0.013,0.013,20.975,234760.531,8.017,68.000
0.048,0.018,0.013,20.319,249294.906,8.488,68.000
0.051,0.025,0.010,20.317,222655.062,8.175,68.000
0.048,0.001,0.009,29.690,85762.836,2.096,68.000
0.042,0.001,0.012,23.800,169863.531,2.324,68.000
0.051,0.027,0.012,22.418,158108.625,5.355,68.000
0.048,0.002,0.008,23.288,251741.562,4.184,68.000
0.042,0.001,0.017,22.811,32599.914,-0.090,68.000
0.048,0.001,0.004,23.888,127622.555,1.812,68.000
0.045,0.001,0.008,24.375,196020.469,2.755,68.000
0.052,0.015,0.013,22.324,200997.750,6.014,68.000
0.042,0.000,0.009,21.393,27393.758,-1.247,68.000
0.051,0.023,0.010,21.208,218171.594,7.838,68.000
0.045,0.001,0.019,22.802,159926.469,2.090,68.000
0.050,0.025,0.014,23.096,233672.031,8.244,68.000
0.050,0.021,0.012,21.059,232957.594,8.309,68.000
0.048,0.011,0.012,19.854,263652.531,9.335,68.000
0.051,0.023,0.010,20.830,221655.875,8.247,68.000
0.040,0.001,0.009,23.520,753.500,-0.086,68.000
0.045,0.002,0.015,21.836,178479.188,3.027,68.000
0.055,0.001,0.006,20.954,210514.531,2.658,68.000
0.043,0.001,0.007,22.559,117703.570,1.488,68.000
0.055,0.002,0.007,22.342,208417.688,3.592,68.000
0.050,0.005,0.010,20.233,287104.438,6.916,68.000
0.041,0.001,0.009,22.490,100827.602,0.887,68.000
0.052,0.001,0.021,23.624,73593.930,1.292,68.000
0.051,0.008,0.014,19.186,241672.875,7.400,68.000
0.049,0.004,0.014,22.635,221879.500,5.769,68.000
0.051,0.000,0.012,35.080,56400.602,6.698,68.000
0.048,0.014,0.010,19.845,236442.875,8.742,68.000
0.051,0.025,0.013,23.949,226977.531,7.102,68.000
0.051,0.003,0.012,21.503,280574.531,5.921,68.000
0.051,0.010,0.013,20.872,231890.062,8.104,68.000
0.045,0.000,0.018,23.860,58306.383,-0.378,68.000
0.045,0.002,0.013,22.114,223019.688,4.214,68.000
0.055,0.001,0.017,21.833,207003.312,1.936,68.000
0.050,0.000,0.019,23.807,26231.516,0.780,68.000
0.044,0.001,0.012,22.565,223865.625,3.085,68.000
0.049,0.000,0.004,22.873,62928.617,2.177,68.000
0.053,0.001,0.013,25.532,203237.000,3.585,68.000
0.045,0.000,0.005,21.150,36855.086,0.409,68.000
0.048,0.000,0.008,29.043,16679.922,0.702,68.000
0.049,0.001,0.022,22.589,51829.633,0.962,68.000
0.048,0.001,0.016,23.924,197241.094,3.004,68.000
0.098,0.011,0.012,21.151,206997.812,6.547,68.000
0.051,0.001,0.008,23.229,247514.656,4.295,68.000
0.057,0.001,0.005,21.002,158836.656,1.927,68.000
0.050,0.012,0.010,20.034,220891.562,7.283,68.000
0.052,0.001,0.010,28.618,169624.500,3.456,68.000
0.050,0.024,0.011,21.418,219477.625,8.673,68.000
0.044,0.001,0.011,25.412,136747.094,1.179,68.000
0.045,0.001,0.003,20.762,114519.102,1.331,68.000
0.043,0.001,0.005,18.828,133700.562,1.732,68.000
0.049,0.012,0.013,20.429,241410.281,8.427,68.000
0.053,0.001,0.017,26.483,95929.539,0.736,68.000
0.055,0.001,0.011,27.130,171289.969,3.733,68.000
0.050,0.016,0.012,20.638,224050.406,8.000,68.000
0.045,0.001,0.005,23.814,34434.820,1.418,68.000
0.051,0.017,0.011,21.043,212400.781,7.747,68.000
0.050,0.002,0.009,23.463,260430.375,4.513,68.000
0.046,0.001,0.002,20.744,146242.906,1.204,68.000
0.045,0.001,0.007,24.175,132874.750,2.273,68.000
0.001,0.013,0.012,22.520,171254.594,6.363,68.000
0.052,0.023,0.012,22.312,217516.344,7.352,68.000
0.052,0.023,0.013,23.779,224788.938,6.304,68.000
0.050,0.002,0.015,23.981,208115.906,3.980,68.000
0.049,0.010,0.013,20.762,244172.719,8.423,68.000
0.051,0.013,0.013,21.405,222184.594,7.689,68.000
0.056,0.000,0.011,28.557,-16847.195,2.561,68.000
0.049,0.005,0.010,21.063,282633.531,6.542,68.000
0.044,0.000,0.009,24.226,14486.766,-1.278,68.000
0.056,0.000,0.006,23.005,14774.164,2.657,68.000
0.002,0.011,0.011,21.270,176426.125,7.536,68.000
0.052,0.014,0.012,21.862,209191.188,6.901,68.000
0.051,0.000,0.018,25.627,-7352.422,0.057,68.000
0.050,0.002,0.013,23.590,239421.844,5.069,68.000
0.049,0.002,0.009,23.525,265052.969,4.373,68.000
0.048,0.007,0.012,22.766,287733.156,8.221,68.000
0.049,0.012,0.013,20.563,239325.438,8.472,68.000
0.051,0.006,0.010,19.487,272111.000,6.394,68.000
0.051,0.017,0.012,20.971,214358.625,7.246,68.000
0.051,0.013,0.014,19.791,220000.094,7.217,68.000
0.049,0.007,0.010,20.686,274158.062,7.325,68.000
0.048,0.012,0.012,19.652,262428.906,9.414,68.000
0.044,0.001,0.005,21.215,129916.992,1.803,68.000
0.049,0.019,0.011,19.499,223403.438,9.884,68.000
0.053,0.001,0.008,24.968,198649.594,4.115,68.000
0.054,0.002,0.014,23.493,183557.656,2.749,68.000
0.049,0.012,0.012,19.847,245482.656,8.861,68.000
0.061,0.001,0.014,20.478,135326.438,-0.888,68.000
0.049,0.022,0.011,20.180,216971.938,9.369,68.000
0.051,0.001,0.021,21.284,185247.094,3.106,68.000
0.052,0.001,0.007,27.471,61119.117,1.424,68.000
0.048,0.000,0.002,20.852,48446.555,-0.245,68.000
0.049,0.009,0.011,21.069,255517.844,8.856,68.000
0.052,0.012,0.012,21.306,211774.844,7.263,68.000
0.051,0.003,0.010,22.166,272254.656,5.218,68.000
0.051,0.004,0.012,22.193,267427.844,6.052,68.000
0.048,0.026,0.012,20.725,232679.812,9.610,68.000
0.055,0.001,0.015,24.223,143283.312,0.901,68.000
0.058,0.000,0.009,22.302,26048.945,3.668,68.000
0.050,0.015,0.010,19.838,217621.375,8.145,68.000
0.051,0.009,0.010,19.245,238439.719,7.442,68.000
0.098,0.011,0.011,21.792,207653.312,6.932,68.000
0.048,0.006,0.012,22.739,290028.406,8.103,68.000
0.049,0.009,0.010,19.919,254028.531,7.543,68.000
0.051,0.023,0.012,22.152,226140.812,7.695,68.000
0.049,0.012,0.014,19.350,229782.938,7.615,68.000
0.057,0.001,0.020,21.921,156714.406,2.047,68.000
0.050,0.012,0.012,20.107,239598.750,8.657,68.000
0.059,0.001,0.006,18.394,194507.406,2.606,68.000
0.049,0.005,0.014,22.494,221680.875,6.054,68.000
0.050,0.018,0.014,21.908,239543.469,6.986,68.000
0.048,0.011,0.012,19.695,263610.812,9.432,68.000
0.050,0.011,0.010,20.178,226083.875,7.368,68.000
0.049,0.004,0.013,23.119,262671.375,6.338,68.000
0.001,0.013,0.013,21.789,195824.906,7.140,68.000
0.051,0.009,0.013,20.839,243345.469,8.139,68.000
0.050,0.017,0.011,20.212,217669.281,8.919,68.000
0.047,0.001,0.014,23.602,208684.250,3.819,68.000
0.055,0.001,0.016,22.526,217743.938,2.110,68.000
0.044,0.001,0.018,23.791,102433.555,0.563,68.000
0.051,0.025,0.011,21.840,225252.938,7.828,68.000
0.050,0.023,0.013,22.355,228163.344,7.825,68.000
0.049,0.013,0.013,20.571,223987.344,7.487,68.000
0.052,0.009,0.013,20.905,229412.844,7.673,68.000
0.050,0.015,0.014,19.994,222329.688,6.521,68.000
0.052,0.002,0.013,23.655,214364.844,4.222,68.000
-0.000,0.013,0.011,16.703,71062.102,8.971,68.000
0.051,0.023,0.014,23.340,234958.219,7.461,68.000
0.051,0.026,0.014,24.139,230070.219,7.764,68.000
0.050,0.006,0.014,21.271,236454.844,6.700,68.000
0.042,0.001,0.005,18.378,139656.125,1.642,68.000
0.050,0.025,0.013,22.420,230735.031,8.271,68.000
0.051,0.009,0.010,19.588,254935.531,7.953,68.000
0.049,0.021,0.010,20.021,219390.188,9.649,68.000
0.048,0.002,0.009,23.792,273924.531,4.621,68.000
0.051,0.018,0.011,20.414,208967.312,8.100,68.000
0.048,0.018,0.012,19.092,240134.469,9.153,68.000
0.042,0.001,0.016,22.151,44529.164,0.348,68.000
0.050,0.012,0.011,20.036,227921.812,8.101,68.000
0.050,0.006,0.011,20.055,293435.562,7.278,68.000
0.048,0.001,0.015,28.486,143651.062,1.781,68.000
0.043,0.001,0.018,21.521,94477.805,0.599,68.000
0.051,0.020,0.013,22.310,232493.375,7.202,68.000
0.051,0.002,0.017,22.443,198952.906,3.093,68.000
0.043,0.001,0.011,25.310,119942.789,0.938,68.000
0.049,0.018,0.012,19.494,222971.406,8.769,68.000
0.054,0.001,0.014,28.282,70374.961,0.480,68.000
0.051,0.009,0.010,19.181,249239.969,7.349,68.000
0.052,0.000,0.004,23.367,44005.414,0.886,68.000
0.051,0.001,0.005,21.061,215297.750,2.373,68.000
0.042,0.000,0.006,20.557,-24338.742,-0.414,68.000
0.056,0.001,0.003,18.127,243413.469,2.586,68.000
0.052,0.025,0.011,22.482,218895.969,7.098,68.000
0.044,0.001,0.017,23.176,66343.617,0.524,68.000
0.048,0.017,0.011,19.655,229443.625,10.066,68.000
0.052,0.003,0.012,21.986,260124.031,5.229,68.000
0.050,0.009,0.013,21.275,253974.219,8.425,68.000
0.049,0.015,0.010,19.663,231733.969,8.827,68.000
0.049,0.016,0.013,20.141,230157.750,7.245,68.000
0.051,0.009,0.010,19.089,236544.656,7.288,68.000
0.044,0.001,0.004,19.569,147002.406,1.330,68.000
0.048,0.017,0.012,19.090,239865.219,9.599,68.000
0.050,0.025,0.013,22.210,231156.062,8.473,68.000
0.048,0.000,0.015,26.339,109431.180,1.691,68.000
0.049,0.014,0.013,20.359,244622.219,8.582,68.000
0.048,0.027,0.011,19.633,235444.344,9.099,68.000
0.050,0.012,0.011,20.238,231698.750,8.317,68.000
0.049,0.001,0.019,21.973,186513.938,2.871,68.000
0.051,0.009,0.014,19.549,232429.969,7.526,68.000
0.048,0.003,0.011,21.946,262686.812,5.613,68.000
0.049,0.001,0.005,22.408,160588.188,1.878,68.000
0.049,0.023,0.013,22.419,234273.250,8.293,68.000
0.048,0.021,0.014,22.032,253705.438,8.193,68.000
0.041,0.001,0.018,19.752,90890.773,0.878,68.000
0.048,0.005,0.012,22.608,295562.750,7.500,68.000
0.050,0.009,0.010,20.345,252442.750,8.298,68.000
0.050,0.024,0.012,21.748,225599.562,8.839,68.000
0.049,0.001,0.023,21.360,117531.711,1.778,68.000
0.052,0.008,0.013,21.059,225182.938,7.346,68.000
0.049,0.020,0.013,21.162,249070.938,8.494,68.000
0.050,0.006,0.012,22.065,279230.531,7.584,68.000
0.099,0.011,0.011,23.927,173073.938,7.196,68.000
0.049,0.020,0.011,19.603,228469.062,9.505,68.000
0.051,0.005,0.009,20.234,273926.000,6.407,68.000
0.049,0.007,0.012,22.689,286732.188,8.586,68.000
0.046,0.000,0.003,18.759,40404.727,1.097,68.000
0.052,0.001,0.022,22.149,93846.461,1.835,68.000
0.056,0.001,0.005,19.182,218299.844,2.583,68.000
0.048,0.019,0.012,19.372,244889.719,9.202,68.000
0.051,0.025,0.013,22.452,227199.656,7.530,68.000
0.050,0.006,0.010,19.784,289152.781,7.178,68.000
0.049,0.019,0.011,20.041,219276.750,9.483,68.000
0.052,0.000,0.011,33.508,6801.484,0.958,68.000
0.044,0.002,0.010,21.937,217372.844,2.990,68.000
0.049,0.006,0.015,20.323,229513.656,6.717,68.000
0.051,0.023,0.013,23.221,230979.719,7.175,68.000
0.053,0.001,0.019,22.798,192590.375,2.724,68.000
0.048,0.006,0.011,21.575,291668.594,7.671,68.000
0.045,0.001,0.009,24.564,224609.625,3.110,68.000
0.051,0.020,0.013,22.847,238781.344,6.917,68.000
0.052,0.016,0.013,21.883,209455.594,6.051,68.000
0.047,0.001,0.009,23.161,237501.062,3.547,68.000
0.050,0.001,0.020,21.651,183829.688,3.298,68.000
0.049,0.008,0.011,21.232,281920.062,8.434,68.000
0.056,0.001,0.015,23.405,172973.812,1.016,68.000
0.050,0.014,0.012,21.172,230016.188,7.844,68.000
0.049,0.027,0.010,16.966,215686.750,8.573,68.000
0.052,0.001,0.015,24.829,189690.312,2.604,68.000
0.052,0.026,0.013,23.718,229456.562,7.052,68.000
0.052,0.009,0.013,20.655,227156.844,7.556,68.000
0.049,0.000,0.005,23.922,101910.086,1.368,68.000
0.052,0.010,0.013,20.199,215896.906,7.475,68.000
0.045,0.001,0.019,21.225,171006.938,2.573,68.000
0.041,0.001,0.012,22.295,116953.398,1.758,68.000
0.052,0.001,0.020,21.959,186099.750,3.090,68.000
0.051,0.012,0.010,20.236,209266.000,7.397,68.000
0.049,0.011,0.012,20.166,251563.938,9.004,68.000
0.052,0.002,0.010,22.754,265843.500,4.800,68.000
0.051,0.018,0.011,20.345,209267.531,8.208,68.000
0.051,0.019,0.013,22.533,245147.969,7.261,68.000
0.051,0.011,0.012,20.424,214642.750,7.690,68.000
0.049,0.005,0.013,23.157,265936.938,6.892,68.000
0.050,0.024,0.012,22.034,230148.438,8.404,68.000
0.051,0.023,0.011,21.944,222211.906,8.216,68.000
0.045,0.000,0.007,25.719,-5417.062,0.484,68.000
0.050,0.002,0.015,24.089,199186.594,3.393,68.000
0.051,0.021,0.010,21.258,217513.031,8.808,68.000
0.048,0.008,0.011,21.418,278395.281,8.006,68.000
0.058,0.001,0.017,20.590,190558.781,0.861,68.000
0.098,0.012,0.013,21.131,220695.031,6.629,68.000
0.050,0.006,0.010,19.536,277208.406,6.768,68.000
0.049,0.001,0.020,21.701,152028.875,2.541,68.000
0.052,0.005,0.012,21.263,266535.656,6.102,68.000
0.054,0.000,0.009,27.210,58882.539,3.176,68.000
0.050,0.025,0.012,21.607,230539.844,8.752,68.000
0.050,0.015,0.010,20.003,225376.625,8.477,68.000
0.056,0.000,0.008,23.583,89432.711,3.545,68.000
0.054,0.001,0.016,25.487,133571.750,0.668,68.000
0.049,0.013,0.010,20.926,223644.969,7.740,68.000
0.048,0.026,0.014,21.503,235047.281,9.011,68.000
0.051,0.001,0.009,23.713,244442.125,4.243,68.000
0.052,0.014,0.012,21.975,202927.125,6.645,68.000
0.048,0.006,0.013,22.696,283127.750,7.942,68.000
0.054,0.001,0.008,23.477,210325.844,4.021,68.000
0.054,0.001,0.003,18.933,224842.250,2.541,68.000
0.050,0.001,0.003,20.564,204827.562,1.961,68.000
0.098,0.011,0.013,21.011,213115.438,6.164,68.000
0.043,0.001,0.019,21.028,144173.781,1.918,68.000
0.048,0.025,0.013,21.342,235072.094,9.547,68.000
0.050,0.002,0.014,23.934,220751.719,4.899,68.000
0.057,0.000,0.017,22.472,25260.703,0.114,68.000
0.050,0.001,0.012,24.303,268919.938,4.488,68.000
0.047,0.000,0.002,21.980,40943.961,0.136,68.000
0.050,0.007,0.010,19.837,289345.500,7.830,68.000
0.043,0.000,0.009,24.824,13455.406,-0.905,68.000
0.002,0.012,0.012,20.951,199850.281,7.724,68.000
0.049,0.015,0.010,19.706,235140.781,9.311,68.000
0.060,0.001,0.014,20.713,143111.656,-0.219,68.000
0.052,0.008,0.010,18.586,249189.719,6.684,68.000
0.048,0.002,0.013,23.183,255289.812,4.901,68.000
0.049,0.015,0.014,20.347,229343.719,7.007,68.000
0.051,0.017,0.014,21.613,227664.688,6.488,68.000
0.048,0.004,0.011,22.266,275219.781,6.205,68.000
0.052,0.002,0.011,22.463,268684.938,4.911,68.000
0.059,0.001,0.011,20.614,162308.250,2.304,68.000
0.057,0.001,0.016,21.600,176538.594,1.375,68.000
0.051,0.000,0.011,33.592,8787.570,3.976,68.000
0.042,0.001,0.009,22.573,144954.094,1.341,68.000
0.051,0.001,0.017,24.605,215389.031,2.607,68.000
0.052,0.001,0.010,27.190,170028.281,3.209,68.000
0.042,0.000,0.007,18.299,12568.758,2.131,68.000
0.050,0.019,0.013,21.787,243289.875,7.849,68.000
0.048,0.001,0.010,27.632,221654.812,3.461,68.000
0.050,0.022,0.013,22.415,240623.656,8.015,68.000
0.053,0.002,0.017,21.966,204417.062,2.966,68.000
0.043,0.001,0.014,20.729,186024.562,3.224,68.000
0.049,0.003,0.012,23.126,272345.312,5.806,68.000
0.040,0.000,0.010,22.305,-49384.844,-2.234,68.000
0.056,0.000,0.014,27.968,41626.336,-0.115,68.000
0.050,0.010,0.011,20.523,233172.312,8.165,68.000
0.052,0.008,0.013,20.400,239232.312,7.583,68.000
0.050,0.023,0.012,21.894,230398.312,8.371,68.000
0.047,0.000,0.015,29.222,-26724.773,-2.671,68.000
0.050,0.026,0.014,23.571,233857.375,8.280,68.000
0.051,0.003,0.013,22.458,239231.031,5.067,68.000
0.058,0.000,0.010,25.004,81778.617,2.264,68.000
0.045,0.000,0.016,25.411,4544.586,0.148,68.000
0.049,0.023,0.013,22.428,236283.219,8.322,68.000
0.051,0.001,0.013,27.793,154089.031,2.568,68.000
0.042,0.000,0.007,20.895,22135.898,-0.476,68.000
0.043,0.001,0.020,20.896,142476.531,1.851,68.000
0.048,0.001,0.005,19.859,215252.344,1.926,68.000
0.050,0.012,0.010,20.310,219531.219,7.652,68.000
0.050,0.017,0.014,21.537,233942.062,6.931,68.000
0.050,0.001,0.001,22.868,100521.742,1.342,68.000
0.048,0.001,0.011,26.381,223458.531,3.501,68.000
0.055,0.001,0.021,21.070,170346.375,2.869,68.000
0.052,0.025,0.012,22.940,221984.344,6.683,68.000
0.061,0.001,0.011,20.831,141241.406,1.324,68.000
0.042,0.000,0.006,19.427,-3993.539,-0.567,68.000
0.044,0.001,0.019,21.562,157359.844,2.086,68.000
0.054,0.001,0.013,25.868,196726.625,3.300,68.000
0.052,0.003,0.012,22.126,235408.406,5.040,68.000
0.045,0.002,0.009,22.919,228115.156,3.257,68.000
0.042,0.001,0.015,18.178,158271.344,2.796,68.000
0.046,0.000,0.018,23.849,20903.602,-0.476,68.000
0.049,0.020,0.010,20.028,225631.875,10.005,68.000
0.049,0.007,0.012,22.750,288776.156,8.460,68.000
0.047,0.001,0.007,22.064,216460.438,2.917,68.000
0.059,0.001,0.012,22.877,137091.312,1.370,68.000
0.052,0.027,0.013,24.528,194536.438,5.405,68.000
0.049,0.009,0.013,21.403,255447.344,8.464,68.000
0.049,0.002,0.010,23.060,276673.562,4.935,68.000
0.050,0.014,0.014,19.914,219749.562,6.832,68.000
0.041,0.001,0.013,21.269,135106.562,2.110,68.000
0.050,0.006,0.009,19.712,271801.031,6.704,68.000
0.043,0.000,0.011,23.429,61628.008,-0.864,68.000
0.044,0.000,0.020,23.815,-41710.688,-0.220,68.000
0.056,0.001,0.013,23.755,163890.344,3.074,68.000
0.048,0.016,0.012,19.276,238832.000,9.147,68.000
0.050,0.001,0.018,24.088,196886.375,2.465,68.000
0.051,0.011,0.014,19.779,220984.812,7.539,68.000
0.052,0.001,0.006,23.122,166839.375,2.223,68.000
0.057,0.000,0.007,24.503,4303.859,0.959,68.000
0.050,0.001,0.011,25.129,267746.906,4.481,68.000
0.042,0.000,0.012,26.527,514.789,-0.784,68.000
0.049,0.001,0.019,21.305,180020.281,2.952,68.000
0.048,0.020,0.011,19.663,234329.562,9.689,68.000
0.001,0.011,0.012,21.268,184879.281,7.840,68.000
0.047,0.001,0.006,23.890,137959.562,2.065,68.000
0.044,0.001,0.018,23.909,79911.758,0.399,68.000
0.052,0.022,0.012,22.490,221035.219,6.728,68.000
0.039,0.001,0.013,20.399,87820.742,1.324,68.000
0.052,0.011,0.011,19.728,192933.094,6.838,68.000
0.050,0.019,0.010,20.659,214453.625,9.031,68.000
0.051,0.011,0.013,20.865,217478.406,7.903,68.000
0.039,0.001,0.012,23.211,18324.977,-0.313,68.000
0.048,0.009,0.013,20.630,266403.531,8.877,68.000
0.048,0.016,0.012,19.430,237316.875,8.552,68.000
0.049,0.012,0.013,19.953,248288.281,9.096,68.000
0.049,0.001,0.020,20.946,175121.469,3.154,68.000
0.046,0.001,0.007,24.079,194974.250,2.754,68.000
0.058,0.001,0.007,23.104,131988.344,2.854,68.000
0.055,0.000,0.013,31.789,-37217.055,0.509,68.000
0.057,0.001,0.013,22.931,156601.750,2.636,68.000
0.050,0.023,0.014,23.245,236073.062,7.655,68.000
0.098,0.013,0.013,21.059,215063.625,7.077,68.000
0.049,0.024,0.013,22.220,232357.844,8.270,68.000
0.049,0.005,0.012,22.296,292728.438,7.036,68.000
0.050,0.009,0.011,20.979,253835.031,8.830,68.000
0.052,0.007,0.014,20.330,225652.688,6.722,68.000
0.057,0.001,0.008,25.206,62765.945,1.480,68.000
0.050,0.014,0.013,20.991,221085.531,7.122,68.000
0.051,0.005,0.014,22.356,221459.062,5.622,68.000
0.049,0.003,0.010,21.503,268537.875,5.288,68.000
0.044,0.001,0.020,21.449,159721.812,2.292,68.000
0.050,0.006,0.012,21.494,292667.344,7.478,68.000
0.050,0.001,0.019,22.681,189532.406,2.827,68.000
0.057,0.001,0.004,18.394,225165.500,2.658,68.000
0.045,0.001,0.016,22.605,162672.750,2.622,68.000
0.049,0.023,0.014,22.976,235985.688,8.097,68.000
0.042,0.001,0.007,23.378,25667.258,0.841,68.000
0.049,0.004,0.013,23.033,269010.500,6.176,68.000
0.048,0.026,0.012,20.245,240059.781,10.224,68.000
0.049,0.003,0.014,23.457,222290.781,5.330,68.000
0.050,0.005,0.009,21.090,274759.750,5.927,68.000
0.052,0.007,0.010,18.820,270207.281,6.722,68.000
0.057,0.001,0.010,21.226,193394.188,3.365,68.000
0.051,0.005,0.011,20.829,290656.062,6.593,68.000
0.051,0.026,0.011,21.857,225391.906,7.603,68.000
0.052,0.013,0.010,19.970,193930.844,6.729,68.000
0.052,0.000,0.002,23.527,37408.055,0.808,68.000
0.053,0.001,0.007,22.222,216856.188,3.655,68.000
0.048,0.001,0.006,22.048,178185.000,2.117,68.000
0.053,0.001,0.015,25.936,188773.844,2.235,68.000
0.049,0.025,0.013,21.933,232043.062,8.537,68.000
0.044,0.000,0.020,21.141,-73781.719,-4.346,68.000
0.051,0.008,0.013,21.809,252296.656,8.168,68.000
0.098,0.012,0.011,21.952,210553.406,7.553,68.000
0.050,0.022,0.010,20.366,216935.000,8.990,68.000
0.046,0.001,0.008,25.007,204132.500,3.000,68.000
0.049,0.001,0.012,29.484,205797.344,3.829,68.000
0.048,0.009,0.012,21.398,265503.531,8.934,68.000
0.052,0.002,0.010,22.642,268772.031,4.885,68.000
0.048,0.007,0.014,21.449,243332.500,7.600,68.000
0.051,0.007,0.012,21.080,269501.156,7.567,68.000
0.043,0.000,0.011,27.832,-11856.711,0.308,68.000
0.049,0.006,0.013,23.101,276682.562,7.587,68.000
0.049,0.010,0.011,21.117,245315.125,8.785,68.000
0.054,0.000,0.010,31.160,2214.211,1.159,68.000
0.048,0.001,0.005,21.371,192855.688,2.161,68.000
0.055,0.000,0.019,21.730,97059.320,4.545,68.000
0.052,0.000,0.019,23.020,107307.930,2.140,68.000
0.052,0.012,0.012,20.752,206566.031,7.393,68.000
0.052,0.007,0.013,20.405,226547.469,7.063,68.000
0.059,0.000,0.012,23.375,5549.602,1.525,68.000
0.045,0.001,0.007,21.597,180687.844,2.070,68.000
0.050,0.007,0.011,21.628,299284.875,8.367,68.000
0.100,0.012,0.013,22.648,-70026.547,8.469,68.000
0.057,0.000,0.014,25.503,746.227,1.753,68.000
0.050,0.025,0.013,22.731,228924.375,7.808,68.000
0.097,0.012,0.012,20.878,204696.531,6.748,68.000
0.051,0.013,0.013,21.731,214623.875,7.056,68.000
0.098,0.011,0.011,21.650,203620.406,6.889,68.000
0.055,0.002,0.011,22.501,233787.094,4.438,68.000
0.039,0.000,0.012,21.886,-18136.500,-1.189,68.000
0.056,0.001,0.012,23.059,184054.438,3.511,68.000
0.060,0.001,0.011,22.624,115480.773,1.564,68.000
0.051,0.002,0.006,21.494,225506.250,3.181,68.000
0.049,0.019,0.013,21.231,252612.438,8.252,68.000
0.047,0.002,0.013,23.009,251608.094,5.034,68.000
0.047,0.001,0.013,24.265,230054.156,4.030,68.000
0.050,0.018,0.013,20.375,236224.781,8.080,68.000
0.048,0.015,0.013,19.674,234611.250,8.117,68.000
0.002,0.011,0.013,20.926,205254.562,7.740,68.000
0.045,0.002,0.012,21.777,245583.656,3.965,68.000
0.048,0.000,0.020,20.374,-30916.062,-0.181,68.000
0.043,0.001,0.009,25.666,37731.023,0.712,68.000
0.002,0.012,0.014,20.912,221183.375,7.636,68.000
0.046,0.001,0.009,27.190,178896.406,2.597,68.000
0.049,0.008,0.012,22.094,273943.281,8.839,68.000
0.041,0.001,0.007,18.967,103243.742,1.330,68.000
0.049,0.000,0.019,22.295,77250.461,1.158,68.000
0.049,0.006,0.013,22.754,254751.500,7.179,68.000
0.042,0.001,0.012,24.236,120700.508,1.021,68.000
0.043,0.000,0.019,20.106,-99851.727,-2.114,68.000
0.049,0.024,0.010,19.976,219405.594,9.235,68.000
0.049,0.018,0.011,19.747,223786.375,9.870,68.000
0.042,0.001,0.007,20.330,102532.164,1.355,68.000
0.050,0.005,0.014,22.444,233262.750,5.903,68.000
0.051,0.007,0.010,18.759,269691.938,6.717,68.000
0.048,0.007,0.013,21.830,267867.094,8.410,68.000
0.049,0.012,0.011,20.285,243582.281,8.705,68.000
0.049,0.019,0.010,20.092,220881.562,9.629,68.000
0.100,0.011,0.012,18.300,16083.703,9.806,68.000
0.042,0.000,0.013,22.906,10381.406,-1.239,68.000
0.044,0.001,0.017,23.546,93594.773,1.043,68.000
0.049,0.010,0.011,21.198,253897.375,8.792,68.000
0.050,0.008,0.014,20.094,247714.781,7.860,68.000
0.058,0.000,0.013,24.983,72198.055,2.143,68.000
0.056,0.000,0.017,22.408,87591.383,0.963,68.000
0.051,0.000,0.018,24.622,132214.656,1.296,68.000
0.051,0.023,0.012,22.349,222467.969,7.398,68.000
0.052,0.021,0.012,22.046,216295.250,7.272,68.000
0.052,0.000,0.005,26.805,-28269.039,1.082,68.000
0.052,0.008,0.010,18.897,262520.906,7.062,68.000
0.041,0.000,0.013,23.338,41504.680,-1.022,68.000
0.059,0.000,0.013,24.192,24621.969,-0.911,68.000
0.047,0.001,0.011,22.725,263649.438,3.824,68.000
0.048,0.001,0.004,19.179,210013.000,1.490,68.000
0.050,0.017,0.014,21.358,231022.625,6.545,68.000
0.043,0.001,0.015,20.832,161609.781,2.730,68.000
0.050,0.027,0.010,19.109,236310.031,8.865,68.000
0.045,0.000,0.015,31.346,-15383.117,-3.425,68.000
0.050,0.001,0.019,23.066,190200.000,2.824,68.000
0.051,0.006,0.012,21.995,272592.719,7.427,68.000
0.043,0.001,0.004,19.944,124651.320,1.603,68.000
0.048,0.022,0.011,20.214,225364.156,9.836,68.000
0.053,0.001,0.022,22.634,94583.586,2.033,68.000
0.051,0.000,0.008,28.176,41405.773,3.658,68.000
0.002,0.012,0.012,20.858,203322.219,7.622,68.000
0.052,0.000,0.021,20.412,55304.367,1.789,68.000
0.049,0.026,0.014,22.359,234806.375,8.654,68.000
0.046,0.000,0.004,20.578,81984.492,0.372,68.000
0.049,0.023,0.010,20.073,219168.125,9.722,68.000
0.060,0.001,0.013,21.568,134407.625,0.281,68.000
0.044,0.001,0.005,22.138,87249.008,1.595,68.000
0.049,0.007,0.009,20.173,267306.062,7.367,68.000
0.045,0.001,0.010,25.823,153297.125,1.987,68.000
0.045,0.001,0.009,24.514,200084.969,2.573,68.000
0.052,0.011,0.013,20.545,220331.500,7.473,68.000
0.049,0.016,0.013,19.703,231826.656,7.831,68.000
0.050,0.026,0.010,18.986,232272.188,9.067,68.000
0.050,0.002,0.016,24.136,201716.031,3.165,68.000
0.048,0.001,0.012,25.254,256415.219,4.442,68.000
0.048,0.018,0.013,20.089,246233.125,8.388,68.000
0.051,0.012,0.014,19.448,214442.250,7.131,68.000
0.048,0.014,0.013,19.858,242957.625,8.697,68.000
0.049,0.022,0.014,22.597,240526.625,8.155,68.000
0.055,0.002,0.008,22.186,213641.000,3.671,68.000
0.058,0.000,0.013,25.484,-15910.312,-0.941,68.000
0.050,0.010,0.012,20.546,238484.594,8.430,68.000
0.047,0.002,0.013,22.894,246946.625,4.729,68.000
0.051,0.016,0.012,21.458,209085.188,6.619,68.000
0.048,0.018,0.012,18.648,236616.031,9.335,68.000
0.052,0.025,0.011,22.440,221494.250,7.298,68.000
0.049,0.001,0.010,28.362,146261.312,2.694,68.000
0.049,0.001,0.023,21.381,169997.969,2.767,68.000
0.050,0.008,0.010,19.397,263015.406,7.831,68.000
0.051,0.005,0.014,21.977,219257.344,5.635,68.000
0.051,0.010,0.012,20.326,223705.500,7.786,68.000
0.051,0.002,0.014,24.437,202125.438,3.646,68.000
0.048,0.001,0.006,24.387,117480.836,1.946,68.000
0.053,0.000,0.002,22.643,23117.180,1.621,68.000
0.051,0.008,0.010,18.655,257934.500,7.226,68.000
0.047,0.000,0.010,32.730,-67863.367,0.990,68.000
0.050,0.027,0.013,18.052,249992.125,10.194,68.000
0.049,0.027,0.014,21.768,201201.781,7.252,68.000
0.048,0.018,0.012,18.856,237844.781,9.195,68.000
0.052,0.021,0.012,22.006,219245.875,7.416,68.000
0.052,0.008,0.011,19.547,257218.938,7.102,68.000
0.047,0.001,0.008,25.531,203721.969,3.205,68.000
0.051,0.019,0.012,21.454,232118.469,7.792,68.000
0.002,0.013,0.010,21.359,195952.219,7.857,68.000
0.047,0.001,0.003,20.754,183640.938,1.601,68.000
0.059,0.001,0.016,20.144,178782.625,0.442,68.000
0.051,0.019,0.014,22.665,239018.469,6.759,68.000
0.051,0.015,0.014,20.740,220741.875,6.186,68.000
0.044,0.001,0.005,21.169,71586.242,1.424,68.000
0.045,0.001,0.019,22.475,165475.938,2.092,68.000
0.051,0.008,0.010,19.277,266746.406,7.733,68.000
0.051,0.007,0.010,18.734,270498.719,7.221,68.000
0.056,0.001,0.004,17.991,238121.344,2.637,68.000
0.098,0.013,0.011,22.057,212570.594,8.000,68.000
0.052,0.009,0.011,19.684,217548.031,7.218,68.000
0.058,0.000,0.007,24.894,-56145.848,0.151,68.000
0.049,0.015,0.012,20.616,239761.906,8.483,68.000
0.049,0.005,0.013,23.216,258859.469,6.529,68.000
0.051,0.013,0.013,21.802,219406.969,7.358,68.000
0.047,0.002,0.010,22.670,257123.250,3.704,68.000
0.057,0.001,0.018,20.772,186177.812,1.501,68.000
0.048,0.000,0.007,24.848,85594.664,1.507,68.000
0.051,0.021,0.013,22.830,239280.812,7.042,68.000
0.049,0.012,0.011,20.042,239188.062,8.478,68.000
0.052,0.025,0.012,22.601,219760.812,6.762,68.000
0.050,0.011,0.012,20.135,243459.031,8.785,68.000
0.050,0.010,0.010,19.876,234315.125,7.596,68.000
0.052,0.020,0.014,22.749,238105.844,6.581,68.000
0.002,0.011,0.012,20.977,192205.750,7.788,68.000
0.054,0.002,0.007,22.108,213402.750,3.705,68.000
0.045,0.000,0.015,28.546,-32437.750,-4.285,68.000
0.044,0.000,0.013,29.193,73918.258,1.910,68.000
0.056,0.001,0.017,21.069,206995.625,2.331,68.000
0.050,0.022,0.010,20.205,222629.031,9.499,68.000
0.049,0.001,0.020,21.959,119093.461,1.923,68.000
0.044,0.001,0.006,21.094,159939.156,1.924,68.000
0.052,0.003,0.011,22.086,271922.062,5.181,68.000
0.044,0.002,0.017,21.406,144381.625,2.370,68.000
0.048,0.001,0.015,23.929,196725.656,3.146,68.000
0.057,0.001,0.014,23.183,167727.844,2.257,68.000
0.049,0.008,0.014,19.656,240850.281,7.601,68.000
0.043,0.001,0.013,22.737,192865.844,3.264,68.000
0.099,0.011,0.013,21.013,212877.250,6.203,68.000
0.056,0.002,0.012,22.533,194617.781,3.631,68.000
0.052,0.024,0.012,22.609,215966.000,6.827,68.000
0.056,0.000,0.003,22.371,17363.953,1.703,68.000
0.052,0.010,0.011,19.643,209044.938,7.125,68.000
0.039,0.000,0.011,22.904,25723.305,-0.604,68.000
0.046,0.000,0.011,31.855,-9495.109,-0.983,68.000
0.048,0.000,0.009,33.191,-48423.500,0.004,68.000
0.057,0.001,0.011,28.113,82220.398,2.577,68.000
0.051,0.001,0.018,22.106,192077.594,2.680,68.000
0.045,0.001,0.018,22.135,161849.656,2.354,68.000
0.045,0.001,0.005,19.550,175684.812,1.439,68.000
0.053,0.000,0.014,29.034,32286.336,2.135,68.000
0.046,0.001,0.020,22.996,88133.195,1.035,68.000
0.049,0.001,0.005,22.380,190350.750,2.351,68.000
0.048,0.025,0.011,19.377,222875.656,9.700,68.000
0.046,0.001,0.004,20.726,117459.727,1.173,68.000
0.052,0.009,0.012,20.799,229024.656,7.538,68.000
0.049,0.018,0.011,19.515,223464.594,9.261,68.000
0.098,0.014,0.013,20.789,213839.844,7.275,68.000
0.056,0.002,0.012,22.477,195531.406,3.687,68.000
0.048,0.011,0.014,20.236,235945.312,8.096,68.000
0.056,0.001,0.019,21.652,170064.844,1.950,68.000
0.051,0.007,0.015,19.581,233771.656,6.805,68.000
0.050,0.001,0.021,22.354,125451.977,2.296,68.000
0.052,0.023,0.012,22.634,224216.156,7.122,68.000
0.053,0.000,0.013,29.567,27327.711,1.432,68.000
0.048,0.012,0.012,19.713,263793.688,9.509,68.000
0.051,0.018,0.010,20.466,212052.344,8.429,68.000
0.052,0.011,0.012,20.140,199235.750,6.943,68.000
0.049,0.023,0.012,21.574,226646.375,9.019,68.000
0.049,0.003,0.010,22.102,271256.094,5.326,68.000
0.047,0.002,0.015,23.311,193385.125,3.250,68.000
0.052,0.010,0.012,20.126,220899.750,7.618,68.000
0.043,0.001,0.016,22.523,106841.555,1.408,68.000
0.050,0.007,0.011,20.840,297557.156,8.127,68.000
0.055,0.000,0.010,30.922,-60917.633,0.825,68.000
0.058,0.001,0.011,23.743,133260.969,2.816,68.000
0.052,0.001,0.019,22.675,191015.688,2.904,68.000
0.052,0.019,0.012,22.564,218442.062,6.548,68.000
0.049,0.000,0.017,27.212,18436.828,-0.609,68.000
0.043,0.001,0.010,26.874,77476.664,1.197,68.000
0.049,0.021,0.014,22.287,252813.062,8.011,68.000
0.048,0.001,0.015,28.442,111570.758,1.146,68.000
0.049,0.026,0.014,22.468,233096.000,8.659,68.000
0.058,0.001,0.009,23.535,146894.500,3.414,68.000
0.051,0.001,0.006,22.271,216130.031,3.156,68.000
0.059,0.001,0.013,21.515,139156.938,1.001,68.000
0.052,0.004,0.012,21.772,257156.812,5.862,68.000
0.051,0.023,0.010,21.489,218292.656,7.886,68.000
0.058,0.001,0.010,21.019,172924.719,2.979,68.000
0.053,0.001,0.008,22.613,226797.625,4.118,68.000
0.055,0.001,0.011,22.536,232237.656,4.444,68.000
0.050,0.001,0.018,22.760,187952.062,2.544,68.000
0.051,0.000,0.019,21.701,31541.789,1.369,68.000
0.042,0.001,0.008,22.887,77229.258,0.843,68.000
0.049,0.013,0.014,19.994,228341.781,7.519,68.000
0.049,0.010,0.010,20.798,250822.094,7.971,68.000
0.049,0.014,0.010,19.950,231786.906,8.465,68.000
0.057,0.001,0.009,24.184,152033.719,3.315,68.000
0.052,0.001,0.002,21.449,176313.719,2.460,68.000
0.048,0.001,0.014,26.735,173726.781,2.734,68.000
0.048,0.001,0.007,26.033,106403.852,2.068,68.000
0.049,0.003,0.012,23.198,272811.938,5.977,68.000
0.050,0.006,0.012,22.959,279924.188,7.914,68.000
0.052,0.001,0.020,22.894,159864.219,2.561,68.000
0.053,0.000,0.011,34.790,-50251.816,-0.926,68.000
0.047,0.001,0.006,22.260,187830.562,2.468,68.000
0.049,0.025,0.014,23.163,230675.219,8.196,68.000
0.052,0.000,0.003,24.184,21665.688,0.850,68.000
0.047,0.001,0.019,22.174,178460.969,2.484,68.000
0.049,0.006,0.013,23.203,264103.062,7.266,68.000
0.050,0.008,0.014,20.637,248939.000,8.119,68.000
0.048,0.014,0.012,20.019,254483.938,9.544,68.000
0.058,0.001,0.014,22.756,149072.719,1.313,68.000
0.051,0.021,0.014,23.205,238701.000,6.801,68.000
0.049,0.005,0.014,22.460,223517.938,6.025,68.000
0.045,0.001,0.005,20.753,172463.969,1.919,68.000
0.041,0.001,0.005,18.813,121066.445,1.628,68.000
0.052,0.007,0.014,20.086,229098.531,7.027,68.000
0.055,0.001,0.018,21.952,202115.844,1.953,68.000
0.049,0.017,0.013,19.767,235097.031,8.059,68.000
0.055,0.000,0.004,25.417,-26213.672,2.200,68.000
0.059,0.001,0.010,20.418,160106.219,2.289,68.000
0.052,0.001,0.013,31.675,67842.195,1.438,68.000
0.044,0.001,0.011,26.701,125927.461,1.361,68.000
0.051,0.003,0.013,22.578,230703.562,4.919,68.000
0.051,0.005,0.012,21.053,280136.094,6.560,68.000
0.049,0.010,0.013,20.526,246584.219,8.717,68.000
0.060,0.000,0.014,20.929,106619.414,-1.052,68.000
0.048,0.012,0.011,19.754,259054.219,9.243,68.000
0.050,0.003,0.015,23.039,213906.938,4.686,68.000
0.048,0.011,0.012,19.806,267337.594,9.508,68.000
0.048,0.026,0.012,20.190,236058.938,10.383,68.000
0.049,0.005,0.012,22.245,301030.375,7.532,68.000
0.049,0.018,0.011,19.570,220243.344,9.901,68.000
0.041,0.000,0.015,22.351,-28604.930,-1.840,68.000
0.049,0.000,0.018,25.025,-26268.117,-0.698,68.000
0.050,0.016,0.010,19.601,221135.938,8.906,68.000
0.051,0.023,0.013,22.854,229581.438,7.468,68.000
0.053,0.001,0.010,29.651,126552.570,2.879,68.000
0.057,0.001,0.017,20.573,197771.156,1.309,68.000
0.049,0.003,0.014,23.702,219003.594,5.030,68.000
0.055,0.000,0.009,26.023,14889.289,3.428,68.000
0.048,0.000,0.012,33.721,-40847.168,-0.413,68.000
0.044,0.000,0.017,23.906,6773.156,-0.505,68.000
0.051,0.011,0.013,20.332,231628.625,8.050,68.000
0.049,0.026,0.011,20.423,229727.750,9.191,68.000
0.051,0.000,0.019,22.710,59193.508,2.627,68.000
0.050,0.020,0.011,20.676,221423.750,8.905,68.000
0.002,0.013,0.012,21.283,203974.844,7.599,68.000
0.054,0.001,0.002,19.239,212246.312,2.332,68.000
0.050,0.017,0.011,20.178,221525.156,9.202,68.000
0.046,0.000,0.004,17.055,88939.570,1.860,68.000
0.052,0.021,0.013,22.957,232124.594,6.744,68.000
0.048,0.002,0.018,21.531,180360.125,2.441,68.000
0.048,0.006,0.012,22.797,291024.500,8.115,68.000
0.052,0.001,0.015,28.605,77256.039,0.546,68.000
0.048,0.002,0.014,23.682,211919.594,4.376,68.000
0.040,0.000,0.014,19.472,5568.148,-0.615,68.000
0.053,0.000,0.011,35.691,-90615.094,-0.948,68.000
0.048,0.001,0.019,21.994,186389.500,2.671,68.000
0.002,0.012,0.011,21.445,191273.000,7.624,68.000
0.045,0.000,0.007,23.987,-8850.000,0.153,68.000
0.051,0.020,0.012,21.500,218479.250,7.606,68.000
0.043,0.001,0.004,18.272,148355.188,1.480,68.000
0.052,0.000,0.008,25.857,52665.789,2.863,68.000
0.056,0.001,0.010,21.665,209761.031,3.641,68.000
0.041,0.001,0.010,21.125,140298.344,1.402,68.000
0.050,0.015,0.013,21.015,218249.156,7.053,68.000
0.051,0.006,0.013,22.158,243229.625,6.770,68.000
0.051,0.016,0.013,21.478,212125.625,6.093,68.000
0.049,0.001,0.014,31.054,118602.602,2.210,68.000
0.052,0.014,0.012,21.995,194217.406,6.301,68.000
0.044,0.002,0.010,21.554,228658.250,2.988,68.000
0.044,0.001,0.013,24.757,157134.812,2.447,68.000
0.051,0.014,0.010,19.997,206346.312,7.323,68.000
0.050,0.008,0.010,19.959,278738.594,8.218,68.000
0.052,0.001,0.009,23.234,248830.281,4.633,68.000
0.098,0.013,0.013,21.168,213391.656,7.331,68.000
0.047,0.000,0.022,20.846,41914.039,1.099,68.000
0.045,0.002,0.007,22.465,209545.656,2.819,68.000
0.052,0.007,0.011,19.959,266116.875,6.873,68.000
0.046,0.001,0.017,25.519,116952.727,1.177,68.000
0.041,0.001,0.014,24.400,28080.633,0.497,68.000
0.050,0.004,0.013,22.442,247385.406,5.625,68.000
0.045,0.001,0.005,20.993,164386.281,1.726,68.000
0.049,0.014,0.011,19.881,245601.500,8.748,68.000
0.041,0.001,0.019,19.801,107537.727,0.857,68.000
0.051,0.023,0.012,22.375,223098.125,7.864,68.000
0.051,0.000,0.006,26.817,14789.836,1.599,68.000
0.048,0.026,0.012,20.556,239302.688,10.065,68.000
0.057,0.001,0.010,28.584,37905.477,2.121,68.000
0.051,0.006,0.011,21.031,288112.781,7.662,68.000
0.048,0.002,0.017,22.881,197734.562,2.744,68.000
0.055,0.001,0.014,23.172,181164.438,2.336,68.000
0.048,0.009,0.010,20.508,256542.219,7.807,68.000
0.042,0.001,0.017,21.259,98044.977,1.609,68.000
0.054,0.001,0.017,23.572,162633.688,1.485,68.000
0.054,0.001,0.021,20.944,173492.719,2.892,68.000
0.000,0.012,0.013,18.526,-3068.062,12.865,68.000
0.052,0.001,0.010,32.107,105174.148,2.843,68.000
0.053,0.001,0.004,22.355,143397.125,1.873,68.000
0.050,0.024,0.014,23.515,233886.375,7.953,68.000
0.050,0.001,0.009,23.668,263575.062,4.399,68.000
0.052,0.006,0.012,20.786,252712.031,6.377,68.000
0.050,0.025,0.011,20.519,220998.156,8.938,68.000
0.050,0.025,0.011,20.845,223361.281,8.909,68.000
0.055,0.002,0.008,22.489,221955.906,3.962,68.000
0.048,0.000,0.011,29.064,99730.508,1.591,68.000
0.043,0.001,0.013,20.843,183974.656,3.179,68.000
0.098,0.013,0.013,21.312,216745.812,7.366,68.000
0.047,0.000,0.011,28.995,-5117.859,-0.696,68.000
0.047,0.000,0.018,24.033,27084.867,-0.190,68.000
0.049,0.006,0.011,21.902,299089.156,8.163,68.000
0.056,0.001,0.018,22.288,141226.031,0.544,68.000
0.044,0.000,0.015,28.934,-13114.984,-0.557,68.000
0.050,0.003,0.013,23.114,253441.031,5.703,68.000
0.000,0.013,0.012,22.644,70546.070,4.785,68.000
0.052,0.026,0.012,22.715,218430.312,6.396,68.000
0.051,0.002,0.009,23.491,267225.062,4.956,68.000
0.048,0.007,0.013,22.046,284273.500,8.565,68.000
0.049,0.012,0.011,20.138,249409.875,8.852,68.000
0.053,0.002,0.012,24.285,245111.250,4.728,68.000
0.053,0.001,0.003,19.183,216876.938,2.281,68.000
0.050,0.015,0.010,19.997,220353.781,8.120,68.000
0.001,0.013,0.013,22.353,172948.094,6.419,68.000
0.041,0.000,0.012,24.560,3857.344,-0.783,68.000
0.060,0.001,0.010,22.855,137942.281,2.630,68.000
0.049,0.023,0.012,21.044,229951.969,9.476,68.000
0.052,0.000,0.015,30.451,-12697.219,-1.770,68.000
0.043,0.000,0.009,25.063,-26967.703,-1.137,68.000
0.051,0.026,0.013,23.205,229742.281,7.854,68.000
0.048,0.005,0.010,21.250,264636.625,6.146,68.000
0.049,0.024,0.012,21.120,222634.531,9.304,68.000
0.048,0.009,0.013,20.934,270372.781,8.903,68.000
0.056,0.001,0.014,25.753,115191.383,0.712,68.000
0.049,0.014,0.012,20.544,244663.344,8.604,68.000
0.048,0.021,0.013,21.226,249490.344,9.204,68.000
0.060,0.001,0.009,20.834,161688.438,2.619,68.000
0.057,0.001,0.010,23.726,161515.594,3.528,68.000
0.048,0.018,0.013,19.983,245624.125,8.522,68.000
0.048,0.020,0.011,19.403,229550.719,9.875,68.000
0.059,0.000,0.015,19.325,130276.711,0.846,68.000
0.059,0.000,0.012,23.131,34221.133,0.672,68.000
0.048,0.000,0.007,25.835,12537.000,3.425,68.000
0.052,0.020,0.011,21.647,209284.219,7.673,68.000
0.050,0.003,0.011,21.698,276344.062,5.422,68.000
0.052,0.027,0.011,21.612,217516.000,6.455,68.000
0.040,0.000,0.012,20.491,-30920.633,-1.758,68.000
0.002,0.011,0.011,21.247,176510.906,7.746,68.000
0.053,0.001,0.015,23.892,187504.625,2.225,68.000
0.053,0.002,0.013,23.831,215133.062,4.259,68.000
0.056,0.002,0.014,22.081,180730.875,1.948,68.000
0.048,0.001,0.005,20.730,203645.656,2.078,68.000
0.049,0.005,0.013,23.040,276307.812,7.157,68.000
0.048,0.001,0.013,25.290,248230.781,4.368,68.000
0.053,0.000,0.019,22.782,45589.805,1.040,68.000
0.044,0.002,0.016,21.613,157704.125,2.785,68.000
0.099,0.013,0.013,24.043,193567.562,6.967,68.000
0.049,0.009,0.011,21.599,269243.750,8.921,68.000
0.098,0.013,0.013,20.881,213807.750,6.899,68.000
0.041,0.001,0.017,22.435,-37028.445,-1.005,68.000
0.051,0.000,0.006,26.869,-31608.469,2.236,68.000
0.050,0.009,0.010,19.642,260181.969,7.905,68.000
0.050,0.006,0.011,20.918,301533.031,8.063,68.000
0.045,0.001,0.006,22.631,146208.875,2.032,68.000
0.050,0.000,0.023,22.264,-89107.461,-6.663,68.000
0.049,0.015,0.010,19.734,241425.375,9.030,68.000
0.045,0.000,0.003,24.079,-41770.422,-0.319,68.000
0.053,0.000,0.020,20.943,41845.758,0.340,68.000
0.050,0.001,0.006,25.745,66754.664,1.179,68.000
0.047,0.002,0.011,22.391,263010.500,4.715,68.000
0.052,0.004,0.012,22.046,248673.438,5.521,68.000
0.050,0.001,0.011,24.676,269096.156,4.492,68.000
0.051,0.010,0.012,20.455,234059.875,8.043,68.000
0.049,0.020,0.012,20.259,236822.500,9.109,68.000
0.040,0.001,0.011,22.324,59578.727,0.207,68.000
0.049,0.014,0.011,19.867,251418.875,9.117,68.000
0.051,0.017,0.012,21.153,211611.375,7.016,68.000
0.056,0.001,0.014,23.678,170300.062,2.366,68.000
0.049,0.000,0.021,19.514,-97262.672,-6.785,68.000
0.050,0.012,0.011,20.305,219337.156,7.851,68.000
0.060,0.001,0.014,20.738,133655.438,-0.381,68.000
0.047,0.001,0.003,21.382,144078.375,1.353,68.000
0.051,0.007,0.014,19.893,228901.906,6.836,68.000
0.098,0.011,0.011,21.418,206286.938,6.631,68.000
0.046,0.001,0.011,24.399,245559.531,3.499,68.000
0.051,0.009,0.011,20.483,263851.250,8.461,68.000
0.049,0.007,0.013,22.639,280239.000,8.294,68.000
0.056,0.001,0.006,23.227,120978.523,1.971,68.000
0.042,0.000,0.013,19.333,62988.492,0.194,68.000
0.047,0.000,0.011,28.747,53442.664,0.090,68.000
0.049,0.008,0.013,21.774,272165.312,8.650,68.000
0.044,0.001,0.012,23.045,225419.969,3.189,68.000
0.050,0.023,0.011,21.435,220697.531,8.748,68.000
0.048,0.001,0.022,20.913,112210.523,1.631,68.000
0.055,0.001,0.005,19.065,230196.688,2.701,68.000
0.000,0.012,0.011,18.970,15601.281,12.017,68.000
0.051,0.015,0.013,21.843,204751.500,6.237,68.000
0.054,0.000,0.016,25.457,65968.227,0.922,68.000
0.051,0.005,0.013,22.488,244487.438,6.483,68.000
0.049,0.023,0.013,22.410,235894.250,8.419,68.000
0.046,0.002,0.006,20.893,188630.156,2.076,68.000
0.052,0.013,0.010,19.859,190699.156,6.628,68.000
0.050,0.009,0.014,20.619,244668.281,8.359,68.000
0.047,0.001,0.016,23.625,195185.250,3.031,68.000
0.045,0.001,0.018,24.654,114911.133,0.753,68.000
0.056,0.002,0.014,22.693,179885.969,2.442,68.000
0.050,0.006,0.011,21.496,299751.250,7.830,68.000
0.048,0.018,0.013,19.432,244350.844,8.616,68.000
0.044,0.001,0.014,22.660,202637.906,3.616,68.000
0.049,0.015,0.014,19.805,221818.500,6.625,68.000
0.047,0.001,0.006,24.202,115159.195,2.021,68.000
0.050,0.016,0.013,20.869,220058.125,6.870,68.000
0.042,0.001,0.010,25.631,78700.383,0.988,68.000
0.048,0.001,0.005,22.171,144992.781,1.520,68.000
0.051,0.001,0.012,27.840,236830.250,4.423,68.000
0.052,0.007,0.011,20.068,261404.094,7.046,68.000
0.047,0.000,0.014,32.677,-8196.625,-2.410,68.000
0.050,0.011,0.011,20.348,225332.531,8.166,68.000
0.054,0.001,0.011,22.923,240870.500,4.623,68.000
0.051,0.004,0.013,22.115,240906.594,5.419,68.000
0.049,0.019,0.014,22.135,257428.375,7.658,68.000
0.048,0.001,0.009,25.820,227371.375,3.638,68.000
0.042,0.001,0.013,20.672,164914.750,2.773,68.000
0.040,0.001,0.011,21.143,108417.664,1.181,68.000
0.056,0.001,0.016,21.176,211603.562,2.435,68.000
0.058,0.001,0.015,21.487,176149.719,1.307,68.000
0.058,0.000,0.006,22.966,6734.156,1.451,68.000
0.050,0.005,0.010,20.097,278098.750,6.638,68.000
0.050,0.016,0.012,20.407,228064.156,8.214,68.000
0.051,0.006,0.012,20.926,270355.312,7.303,68.000
0.049,0.016,0.011,19.942,235316.750,9.298,68.000
0.052,0.015,0.012,22.286,195641.719,6.186,68.000
0.002,0.014,0.012,20.985,221832.469,7.589,68.000
0.049,0.027,0.012,20.911,227532.062,8.206,68.000
0.048,0.000,0.002,22.015,36694.273,0.196,68.000
0.051,0.015,0.013,21.523,212422.094,6.448,68.000
0.056,0.001,0.009,27.279,12119.148,-0.079,68.000
0.052,0.015,0.012,22.176,194175.750,6.185,68.000
0.047,0.001,0.009,27.395,152306.250,2.528,68.000
0.046,0.002,0.013,22.565,227831.656,4.474,68.000
0.051,0.022,0.011,21.315,215297.094,8.254,68.000
0.055,0.000,0.010,29.565,-29472.172,1.386,68.000
0.047,0.000,0.022,21.970,1916.812,-1.588,68.000
0.052,0.013,0.011,20.271,191436.500,6.567,68.000
0.052,0.001,0.020,24.795,54951.383,0.946,68.000
0.099,0.013,0.012,22.766,214058.062,7.782,68.000
0.050,0.001,0.006,22.520,209498.906,2.926,68.000
0.052,0.003,0.010,21.556,272748.875,5.223,68.000
0.049,0.005,0.012,22.303,289464.938,6.777,68.000
0.048,0.001,0.014,24.355,213876.844,3.703,68.000
0.049,0.009,0.011,21.406,257643.000,8.921,68.000
0.043,0.001,0.015,19.627,154704.781,2.533,68.000
0.051,0.003,0.012,22.757,265894.625,5.595,68.000
0.042,0.001,0.013,27.580,29298.648,0.061,68.000
0.044,0.001,0.012,21.004,239612.844,3.230,68.000
0.050,0.001,0.006,21.227,219951.125,2.514,68.000
0.048,0.005,0.012,22.461,289958.062,6.965,68.000
0.054,0.001,0.019,23.677,133233.188,1.536,68.000
0.052,0.024,0.010,21.264,218011.750,7.667,68.000
0.053,0.001,0.021,22.351,123186.242,2.341,68.000
0.051,0.027,0.012,17.787,127837.320,1.983,68.000
0.052,0.005,0.012,21.042,255268.969,6.060,68.000
0.051,0.006,0.013,22.288,252017.938,7.007,68.000
0.050,0.004,0.012,22.541,270165.812,6.111,68.000
0.053,0.001,0.015,24.765,186684.438,1.976,68.000
0.051,0.018,0.010,20.391,207680.875,8.044,68.000
0.050,0.021,0.011,20.722,218728.344,8.927,68.000
0.056,0.001,0.005,23.624,97359.430,1.591,68.000
0.049,0.005,0.011,21.827,287960.219,6.783,68.000
0.098,0.012,0.013,20.994,210992.938,6.555,68.000
0.051,0.019,0.013,22.205,228198.781,7.129,68.000
0.052,0.027,0.011,19.745,184895.344,6.304,68.000
0.059,0.001,0.009,24.318,123159.648,3.340,68.000
0.049,0.022,0.012,21.207,228703.125,9.020,68.000
0.044,0.002,0.012,21.729,227654.562,3.824,68.000
0.041,0.001,0.018,20.552,44901.555,-0.155,68.000
0.048,0.014,0.011,19.572,251618.031,8.986,68.000
0.048,0.002,0.013,23.592,235350.719,4.757,68.000
0.043,0.001,0.020,20.652,139100.031,1.926,68.000
0.047,0.002,0.013,23.081,255661.469,5.100,68.000
0.056,0.002,0.015,20.956,206190.969,2.423,68.000
0.053,0.001,0.005,22.318,164301.969,2.267,68.000
0.051,0.000,0.015,28.308,411.641,0.798,68.000
0.048,0.012,0.011,19.954,253489.562,8.979,68.000
0.058,0.000,0.017,22.869,38554.961,-0.624,68.000
0.045,0.001,0.020,20.573,156137.875,2.304,68.000
0.052,0.001,0.014,28.407,131404.688,1.837,68.000
0.049,0.020,0.014,22.774,256572.469,7.485,68.000
0.052,0.001,0.014,31.862,62450.586,0.768,68.000
0.049,0.003,0.012,22.041,279533.906,5.870,68.000
0.040,0.000,0.010,22.227,-59430.590,-0.103,68.000
0.049,0.007,0.014,21.709,253341.969,8.022,68.000
0.056,0.001,0.009,22.206,201585.594,3.284,68.000
0.057,0.001,0.008,22.154,177878.375,3.034,68.000
0.041,0.001,0.017,20.060,87268.102,1.464,68.000
0.051,0.012,0.010,19.831,214269.375,7.017,68.000
0.049,0.010,0.014,20.496,239251.719,8.169,68.000
0.048,0.009,0.014,19.741,234315.125,7.534,68.000
0.048,0.005,0.011,22.114,274705.062,6.451,68.000
0.061,0.001,0.010,21.224,151756.000,2.221,68.000
0.056,0.000,0.018,21.817,87263.492,3.186,68.000
0.059,0.000,0.011,22.405,20312.016,1.701,68.000
0.051,0.016,0.012,21.214,215318.281,7.467,68.000
0.047,0.000,0.006,24.213,42879.648,0.819,68.000
0.049,0.000,0.015,29.461,-35077.039,-1.411,68.000
0.050,0.005,0.013,22.351,240284.844,6.321,68.000
0.052,0.002,0.011,23.184,262368.594,4.808,68.000
0.051,0.009,0.011,19.768,240153.094,7.764,68.000
0.048,0.012,0.011,20.282,245461.094,8.769,68.000
0.051,0.018,0.011,21.025,211758.156,7.645,68.000
0.050,0.012,0.012,19.906,237573.000,8.626,68.000
0.051,0.005,0.012,21.364,261834.906,6.325,68.000
0.048,0.002,0.010,23.139,269520.281,4.281,68.000
0.049,0.022,0.012,21.493,239215.406,9.108,68.000
0.053,0.001,0.003,21.360,145315.000,1.673,68.000
0.048,0.023,0.013,21.733,236663.750,8.776,68.000
0.049,0.023,0.012,21.082,228280.188,9.560,68.000
0.050,0.007,0.010,19.644,278428.875,7.372,68.000
0.051,0.011,0.014,18.674,213190.781,7.113,68.000
0.051,0.000,0.019,23.114,-15164.320,0.928,68.000
0.048,0.001,0.021,20.958,171953.406,3.002,68.000
0.048,0.023,0.013,21.240,236764.875,9.522,68.000
0.050,0.008,0.015,18.762,239214.781,7.228,68.000
0.045,0.001,0.006,22.331,115808.961,1.746,68.000
0.049,0.020,0.012,20.512,246514.656,9.107,68.000
0.052,0.001,0.003,19.281,236623.688,2.368,68.000
0.050,0.001,0.006,24.455,151813.625,2.469,68.000
0.046,0.000,0.007,23.588,60465.320,1.063,68.000
0.053,0.001,0.016,23.106,215985.156,3.059,68.000
0.052,0.005,0.012,20.877,253616.188,6.190,68.000
0.051,0.000,0.016,27.653,-53644.473,-1.462,68.000
0.055,0.000,0.015,25.214,-19768.453,1.823,68.000
0.048,0.026,0.011,18.719,234837.844,9.901,68.000
0.003,0.010,0.012,20.962,183159.750,7.606,68.000
0.050,0.025,0.011,20.537,225996.625,8.871,68.000
0.050,0.000,0.009,32.530,-38132.664,0.605,68.000
0.051,0.001,0.003,19.341,232940.812,2.285,68.000
0.059,0.001,0.012,26.223,14739.219,0.512,68.000
0.050,0.009,0.010,19.320,251586.719,7.443,68.000
0.049,0.001,0.019,21.684,181058.688,2.956,68.000
0.053,0.000,0.006,25.588,-12778.883,1.216,68.000
0.053,0.000,0.003,22.186,92370.211,1.343,68.000
0.048,0.023,0.010,19.663,219968.906,9.812,68.000
0.050,0.008,0.011,21.415,276966.312,8.846,68.000
0.049,0.014,0.014,19.403,223401.125,7.067,68.000
0.045,0.001,0.003,23.468,-11806.609,1.348,68.000
0.050,0.016,0.010,19.823,218559.062,8.726,68.000
0.051,0.002,0.011,22.348,270898.844,5.218,68.000
0.048,0.004,0.010,21.391,264807.281,5.610,68.000
0.040,0.001,0.014,18.397,75081.039,1.391,68.000
0.051,0.004,0.013,21.945,237196.594,5.464,68.000
0.057,0.001,0.005,19.261,213876.844,2.757,68.000
0.048,0.009,0.013,20.502,266692.438,9.061,68.000
0.055,0.001,0.015,23.525,203280.844,1.898,68.000
0.046,0.000,0.017,24.826,14217.555,-0.409,68.000
0.052,0.024,0.011,22.613,217983.594,7.110,68.000
0.045,0.001,0.012,26.851,123307.070,1.441,68.000
0.043,0.000,0.020,24.264,37100.398,-0.078,68.000
0.050,0.001,0.019,23.274,160510.531,2.038,68.000
0.060,0.000,0.009,20.373,32720.336,4.438,68.000
0.051,0.004,0.011,20.985,274615.188,5.699,68.000
0.051,0.002,0.010,22.512,269668.094,4.919,68.000
0.043,0.001,0.005,19.150,137648.688,1.695,68.000
0.051,0.005,0.010,20.173,273183.406,6.205,68.000
0.051,0.002,0.013,23.653,221673.562,4.617,68.000
0.059,0.000,0.012,24.075,-15605.445,0.671,68.000
0.056,0.001,0.011,22.282,217493.031,3.915,68.000
0.051,0.025,0.014,23.937,229794.188,7.864,68.000
0.051,0.020,0.013,22.435,245348.969,7.532,68.000
0.045,0.000,0.011,23.016,136469.156,0.668,68.000
0.099,0.011,0.012,22.790,206619.844,6.487,68.000
0.051,0.007,0.009,18.848,262224.250,6.803,68.000
0.049,0.016,0.014,20.664,226890.469,6.859,68.000
0.052,0.007,0.013,20.875,224964.469,6.455,68.000
0.058,0.001,0.006,26.230,-6231.172,0.980,68.000
0.050,0.019,0.012,21.045,235605.719,8.044,68.000
0.055,0.002,0.017,20.881,196763.562,2.446,68.000
0.048,0.022,0.012,20.372,233793.312,9.734,68.000
0.051,0.011,0.011,20.225,209233.062,7.533,68.000
0.051,0.023,0.012,22.218,227729.531,7.907,68.000
0.043,0.001,0.009,25.012,140415.969,1.676,68.000
0.051,0.026,0.011,21.148,232096.594,7.919,68.000
0.050,0.023,0.012,22.267,230457.500,8.159,68.000
0.048,0.000,0.002,21.233,43376.883,0.027,68.000
0.047,0.001,0.002,22.285,105729.633,1.214,68.000
0.048,0.002,0.017,22.763,195082.812,2.740,68.000
0.051,0.016,0.010,19.888,218449.469,8.387,68.000
0.052,0.000,0.003,22.434,57149.086,1.520,68.000
0.049,0.026,0.011,19.529,238596.312,9.767,68.000
0.052,0.013,0.013,21.663,210396.719,6.758,68.000
0.049,0.002,0.018,22.444,190389.562,2.596,68.000
0.001,0.013,0.011,21.484,201468.156,7.748,68.000
0.053,0.001,0.018,23.040,202836.031,2.214,68.000
0.049,0.001,0.020,21.420,180565.906,3.304,68.000
0.050,0.015,0.013,20.765,220990.250,6.955,68.000
0.052,0.000,0.007,27.523,55385.867,2.273,68.000
0.052,0.022,0.011,21.640,211752.688,7.838,68.000
0.049,0.013,0.013,20.456,231216.031,7.885,68.000
0.100,0.012,0.011,25.129,67540.570,7.919,68.000
0.050,0.005,0.012,22.106,275272.469,6.951,68.000
0.055,0.000,0.015,30.202,-86503.719,-0.818,68.000
0.048,0.001,0.005,21.185,199646.844,2.171,68.000
0.050,0.005,0.010,20.422,275672.438,6.251,68.000
0.046,0.001,0.004,18.498,184135.156,1.053,68.000
0.054,0.001,0.003,18.862,227407.875,2.544,68.000
0.042,0.000,0.009,20.226,72928.367,-1.134,68.000
0.050,0.016,0.013,20.719,219592.594,7.038,68.000
0.047,0.001,0.008,23.026,231936.125,3.498,68.000
0.042,0.000,0.011,23.251,57640.617,-0.521,68.000
0.050,0.006,0.013,22.644,259561.750,7.320,68.000
0.049,0.017,0.013,19.418,237528.375,8.263,68.000
0.051,0.008,0.010,18.630,261814.812,7.304,68.000
0.049,0.000,0.022,21.484,-5241.523,0.299,68.000
0.049,0.007,0.014,20.958,247441.188,7.836,68.000
0.051,0.009,0.015,18.361,233014.281,7.033,68.000
0.047,0.002,0.012,22.744,262045.250,4.888,68.000
0.059,0.001,0.014,21.221,140719.875,0.148,68.000
0.048,0.020,0.012,20.119,242655.875,9.667,68.000
0.042,0.001,0.017,23.216,-23653.648,-0.997,68.000
0.049,0.000,0.018,27.256,40024.742,-1.708,68.000
0.051,0.024,0.010,20.521,222526.375,8.594,68.000
0.055,0.001,0.009,24.125,193117.125,3.613,68.000
0.051,0.000,0.020,24.490,42695.945,0.961,68.000
0.049,0.010,0.011,20.976,249922.406,8.973,68.000
0.054,0.000,0.006,24.152,43587.227,1.153,68.000
0.056,0.001,0.014,26.720,54042.102,0.267,68.000
0.052,0.001,0.010,31.007,96587.414,2.427,68.000
0.050,0.025,0.013,22.279,231187.500,8.412,68.000
0.050,0.001,0.021,21.936,155341.844,2.684,68.000
0.001,0.013,0.011,21.583,192776.344,7.792,68.000
0.051,0.015,0.014,20.308,221513.562,6.409,68.000
0.041,0.001,0.013,20.738,136547.625,2.283,68.000
0.051,0.027,0.010,20.553,226907.562,7.511,68.000
0.046,0.001,0.006,21.238,187411.969,2.130,68.000
0.048,0.012,0.013,19.970,248697.312,8.751,68.000
0.049,0.018,0.010,19.880,221765.969,9.744,68.000
0.045,0.000,0.020,20.963,74775.211,0.343,68.000
0.051,0.016,0.010,19.959,210331.531,8.078,68.000
0.051,0.012,0.012,21.454,214028.188,7.472,68.000
0.046,0.000,0.012,33.441,-53791.070,-2.491,68.000
0.049,0.010,0.012,20.568,258353.188,8.972,68.000
0.053,0.000,0.022,21.161,8243.086,0.386,68.000
0.051,0.007,0.014,20.374,238824.500,7.516,68.000
0.049,0.025,0.011,20.685,220107.312,9.112,68.000
0.047,0.001,0.020,21.042,169537.406,2.584,68.000
0.051,0.000,0.017,28.428,-20981.734,-1.485,68.000
0.048,0.002,0.006,21.438,213061.531,2.622,68.000
0.045,0.001,0.021,22.748,103076.539,1.206,68.000
0.047,0.001,0.005,21.919,129437.508,1.413,68.000
0.051,0.004,0.011,20.974,281019.500,6.118,68.000
0.056,0.001,0.009,24.410,180124.625,3.566,68.000
0.051,0.008,0.012,21.636,255219.219,8.153,68.000
0.050,0.016,0.014,21.010,224897.750,6.590,68.000
0.050,0.001,0.009,27.031,220715.625,4.025,68.000
0.048,0.008,0.011,21.722,278629.531,8.505,68.000
0.051,0.000,0.009,32.292,-15573.000,3.680,68.000
0.059,0.000,0.012,23.687,-15251.344,0.483,68.000
0.049,0.027,0.011,22.763,114523.195,-1.111,68.000
0.002,0.013,0.011,21.333,191153.375,7.684,68.000
0.053,0.001,0.017,22.890,212747.531,3.085,68.000
0.047,0.001,0.017,28.072,79204.211,0.127,68.000
0.051,0.002,0.013,23.479,224270.094,4.758,68.000
0.046,0.002,0.016,22.688,182191.062,2.818,68.000
0.049,0.001,0.012,25.754,264178.062,4.466,68.000
0.046,0.001,0.015,22.480,191727.781,3.251,68.000
0.052,0.014,0.013,22.418,204195.844,6.185,68.000
0.050,0.002,0.017,22.701,200532.656,2.955,68.000
0.051,0.022,0.013,22.941,234680.906,6.947,68.000
0.056,0.001,0.015,21.933,196673.344,1.422,68.000
0.046,0.000,0.010,31.966,-44348.715,0.106,68.000
0.048,0.001,0.020,22.447,85361.242,1.541,68.000
0.050,0.026,0.012,21.531,231911.469,8.891,68.000
0.041,0.000,0.017,22.971,-30343.602,-0.046,68.000
0.055,0.001,0.010,25.331,204708.688,4.345,68.000
0.051,0.000,0.019,23.654,29746.992,0.248,68.000
0.052,0.015,0.012,21.797,207352.500,6.910,68.000
0.044,0.000,0.018,22.311,-59160.172,-3.122,68.000
0.051,0.027,0.013,19.513,100254.148,1.358,68.000
0.050,0.009,0.012,20.826,246416.281,8.476,68.000
0.050,0.022,0.010,20.091,218818.438,9.334,68.000
0.045,0.001,0.007,25.034,26979.273,1.515,68.000
0.097,0.012,0.011,21.259,203114.219,7.073,68.000
0.045,0.002,0.015,21.257,187555.344,3.393,68.000
0.098,0.010,0.012,21.258,202576.969,6.287,68.000
0.048,0.001,0.005,21.293,190439.406,2.015,68.000
0.049,0.016,0.011,19.722,233757.594,9.453,68.000
0.054,0.000,0.011,33.895,-13514.969,-0.736,68.000
0.099,0.013,0.010,22.719,216877.688,8.118,68.000
0.051,0.024,0.011,22.264,222297.750,7.938,68.000
0.052,0.020,0.012,21.718,216040.125,7.398,68.000
0.055,0.001,0.018,22.240,188008.219,2.015,68.000
0.060,0.001,0.010,23.367,50882.617,1.009,68.000
0.057,0.001,0.004,17.540,233355.531,2.513,68.000
0.050,0.013,0.010,20.251,212844.562,7.189,68.000
0.046,0.001,0.009,26.569,201554.062,2.878,68.000
0.051,0.012,0.013,21.814,216325.625,7.306,68.000
0.052,0.027,0.013,17.897,116389.336,1.492,68.000
0.052,0.001,0.008,22.621,234828.375,4.240,68.000
0.049,0.015,0.012,20.011,246495.562,9.202,68.000
0.052,0.002,0.015,24.516,194883.438,2.799,68.000
0.052,0.007,0.014,19.898,226627.250,6.661,68.000
0.060,0.000,0.014,21.567,677.508,0.419,68.000
0.051,0.004,0.010,20.824,275167.781,5.633,68.000
0.053,0.000,0.019,24.116,44910.773,-2.733,68.000
0.048,0.001,0.013,30.910,142875.750,2.674,68.000
0.002,0.012,0.012,20.829,202650.750,7.576,68.000
0.057,0.001,0.015,20.460,195115.094,1.567,68.000
0.097,0.013,0.012,20.969,207251.219,7.069,68.000
0.047,0.000,0.014,31.058,-41785.121,-0.453,68.000
0.098,0.011,0.012,21.233,206355.594,6.437,68.000
0.050,0.006,0.014,21.667,233909.844,6.539,68.000
0.050,0.002,0.009,23.878,274823.406,5.161,68.000
0.048,0.010,0.011,21.263,252199.031,8.901,68.000
0.055,0.000,0.005,24.336,-22704.906,1.867,68.000
0.049,0.001,0.014,27.909,177553.156,3.003,68.000
0.050,0.027,0.013,18.113,116287.023,4.917,68.000
0.041,0.001,0.011,22.128,128271.383,1.525,68.000
0.050,0.001,0.012,32.150,117717.398,2.697,68.000
0.048,0.001,0.005,21.247,193292.000,2.055,68.000
0.049,0.001,0.022,22.027,170097.344,2.993,68.000
0.052,0.027,0.013,23.038,79171.305,-0.261,68.000
0.049,0.016,0.012,19.963,231578.469,8.301,68.000
0.048,0.010,0.013,20.625,244366.219,8.468,68.000
0.044,0.000,0.009,26.374,-38998.133,2.287,68.000
0.059,0.000,0.008,24.586,-41255.145,1.961,68.000
0.044,0.000,0.008,27.197,-50868.961,-0.519,68.000
0.051,0.010,0.015,17.964,225745.344,7.034,68.000
0.051,0.001,0.015,27.069,134505.781,1.363,68.000
0.047,0.000,0.004,23.502,11449.609,1.144,68.000
0.052,0.001,0.002,22.289,101678.805,0.834,68.000
0.041,0.000,0.007,19.354,5725.281,-0.490,68.000
0.047,0.002,0.011,22.493,262645.938,4.045,68.000
0.050,0.020,0.010,20.001,217552.812,9.227,68.000
0.044,0.001,0.006,22.853,124310.430,2.000,68.000
0.053,0.001,0.017,22.190,210358.094,3.009,68.000
0.051,0.008,0.014,20.472,245222.594,8.036,68.000
0.054,0.001,0.009,27.359,115569.523,2.577,68.000
0.051,0.000,0.022,19.492,30091.695,1.485,68.000
0.052,0.007,0.011,20.017,269799.531,7.416,68.000
0.053,0.002,0.011,23.186,251414.969,4.600,68.000
0.051,0.000,0.015,26.476,42130.852,2.173,68.000
0.048,0.007,0.011,21.266,286741.938,7.739,68.000
0.050,0.023,0.013,22.770,228852.062,7.788,68.000
0.048,0.001,0.019,25.917,71285.008,0.822,68.000
0.049,0.014,0.011,19.676,237996.094,8.626,68.000
0.051,0.014,0.010,19.858,204122.906,7.310,68.000
0.048,0.010,0.011,21.305,254865.875,8.693,68.000
0.057,0.002,0.013,23.095,158784.250,2.746,68.000
0.000,0.012,0.012,22.942,154026.000,6.089,68.000
0.051,0.012,0.014,19.654,214190.969,7.105,68.000
0.100,0.013,0.013,27.438,11188.539,9.448,68.000
0.050,0.027,0.010,18.895,234780.688,8.835,68.000
0.046,0.000,0.015,26.090,-13361.523,-0.274,68.000
0.051,0.016,0.012,21.273,212533.562,7.272,68.000
0.041,0.001,0.006,19.784,104201.195,1.545,68.000
0.050,0.008,0.011,20.369,278494.000,8.441,68.000
0.049,0.003,0.014,23.427,224230.375,5.418,68.000
0.048,0.004,0.011,22.177,283385.031,6.501,68.000
0.053,0.000,0.021,20.604,-52646.762,-3.055,68.000
0.049,0.000,0.007,25.300,52441.477,3.910,68.000
0.055,0.001,0.010,27.664,126050.273,3.233,68.000
0.045,0.001,0.012,28.918,117534.164,1.707,68.000
0.052,0.000,0.013,31.168,-53782.754,0.121,68.000
0.001,0.011,0.013,22.651,153397.594,6.112,68.000
0.057,0.000,0.020,21.198,81949.758,2.338,68.000
0.002,0.012,0.013,20.797,207202.688,7.717,68.000
0.052,0.014,0.012,21.448,200726.562,6.681,68.000
0.048,0.001,0.005,20.605,206416.062,2.013,68.000
0.053,0.001,0.009,25.286,185860.125,3.613,68.000
0.049,0.010,0.014,19.900,233182.062,7.840,68.000
0.049,0.024,0.011,19.786,217629.781,9.547,68.000
0.044,0.001,0.011,23.716,207062.469,2.564,68.000
0.052,0.000,0.014,34.024,-37280.938,0.892,68.000
0.048,0.012,0.010,20.433,233261.312,8.025,68.000
0.050,0.009,0.013,21.292,248006.625,8.337,68.000
0.049,0.000,0.015,30.897,25156.984,2.338,68.000
0.044,0.001,0.013,21.850,221499.688,3.750,68.000
0.052,0.001,0.017,25.446,152072.594,1.493,68.000
0.052,0.000,0.019,23.751,25951.094,0.534,68.000
0.057,0.001,0.013,24.547,165491.000,2.739,68.000
0.051,0.008,0.010,18.972,256360.781,7.279,68.000
0.099,0.012,0.012,21.797,212660.594,6.992,68.000
0.056,0.001,0.013,23.111,166249.438,3.148,68.000
0.049,0.005,0.013,22.931,279908.594,7.215,68.000
0.049,0.001,0.010,29.328,131649.031,2.626,68.000
0.046,0.001,0.013,24.102,222721.812,4.008,68.000
0.049,0.026,0.013,20.769,237179.312,9.556,68.000
0.049,0.026,0.011,18.767,237564.094,9.751,68.000
0.055,0.000,0.002,22.618,63938.023,1.182,68.000
0.040,0.001,0.013,21.273,106949.883,2.070,68.000
0.001,0.011,0.011,21.531,180476.906,7.900,68.000
0.050,0.005,0.013,22.772,255545.250,6.774,68.000
0.051,0.005,0.011,20.669,283306.312,6.278,68.000
0.041,0.001,0.017,20.033,85173.242,1.582,68.000
0.049,0.009,0.011,21.173,264371.125,8.687,68.000
0.044,0.000,0.018,23.154,30657.008,-0.516,68.000
0.048,0.027,0.012,19.793,106575.773,1.988,68.000
0.003,0.012,0.012,20.934,200616.656,7.481,68.000
0.044,0.001,0.006,24.956,7596.008,1.636,68.000
0.048,0.012,0.013,20.146,239091.906,8.266,68.000
0.048,0.010,0.010,21.114,241930.094,8.175,68.000
0.049,0.026,0.012,20.963,225045.969,8.225,68.000
0.053,0.001,0.006,21.380,213533.594,2.767,68.000
0.098,0.012,0.013,21.237,216061.875,6.693,68.000
0.050,0.009,0.010,19.801,254616.438,8.155,68.000
0.050,0.014,0.010,19.925,232390.375,8.358,68.000
0.049,0.015,0.010,19.916,231846.438,8.730,68.000
0.048,0.018,0.011,19.045,231519.938,9.805,68.000
0.047,0.000,0.019,23.777,36404.289,0.000,68.000
0.050,0.010,0.010,20.116,234064.906,7.439,68.000
0.099,0.011,0.012,22.391,209749.938,6.728,68.000
0.055,0.000,0.006,25.275,-7959.633,1.632,68.000
0.042,0.001,0.006,20.624,95062.773,1.733,68.000
0.056,0.001,0.017,21.394,202372.500,1.729,68.000
0.098,0.013,0.013,21.099,211602.000,6.884,68.000
0.050,0.025,0.012,22.006,231159.906,8.394,68.000
0.049,0.001,0.008,23.279,246212.406,4.099,68.000
0.052,0.000,0.018,24.200,57541.680,1.306,68.000
0.048,0.001,0.002,22.219,119586.023,1.345,68.000
0.050,0.024,0.010,19.936,224140.188,9.055,68.000
0.047,0.000,0.019,21.560,87339.898,0.727,68.000
0.052,0.026,0.011,22.209,222394.719,7.317,68.000
0.051,0.003,0.015,22.931,209510.625,4.129,68.000
0.057,0.000,0.014,23.221,111914.086,3.137,68.000
0.050,0.023,0.012,21.900,229450.219,8.697,68.000
0.048,0.001,0.018,24.106,187802.375,2.317,68.000
0.048,0.000,0.017,26.130,13705.719,0.326,68.000
0.042,0.000,0.010,22.112,22930.516,-1.761,68.000
0.053,0.002,0.014,24.173,187484.125,2.523,68.000
0.052,0.007,0.012,20.812,237388.031,7.086,68.000
0.059,0.001,0.015,19.909,158068.156,-0.008,68.000
0.049,0.001,0.011,25.329,257092.156,4.117,68.000
0.043,0.000,0.007,22.589,-28387.766,-0.376,68.000
0.047,0.000,0.012,34.469,-38769.883,0.256,68.000
0.051,0.000,0.020,19.954,96136.602,3.112,68.000
0.056,0.002,0.017,20.220,204404.719,2.602,68.000
0.055,0.002,0.011,22.438,222110.438,4.296,68.000
0.051,0.011,0.012,20.797,220526.875,7.872,68.000
0.048,0.013,0.010,20.204,232600.781,7.984,68.000
0.044,0.001,0.003,19.234,154304.812,1.416,68.000
0.048,0.026,0.013,21.507,236786.625,9.175,68.000
0.048,0.011,0.012,19.789,265528.969,9.447,68.000
0.058,0.001,0.018,20.823,179073.719,0.624,68.000
0.042,0.001,0.005,18.909,131607.000,1.791,68.000
0.052,0.003,0.012,22.209,263306.719,5.179,68.000
0.049,0.024,0.011,20.424,216799.594,9.421,68.000
0.051,0.014,0.010,20.072,212971.594,7.522,68.000
0.052,0.000,0.008,28.002,50674.867,1.932,68.000
0.051,0.001,0.017,24.088,203786.750,2.638,68.000
0.052,0.007,0.012,21.591,242005.031,7.108,68.000
0.054,0.001,0.006,21.367,195144.562,2.634,68.000
0.055,0.000,0.008,23.719,34323.523,1.864,68.000
0.048,0.015,0.012,20.043,251508.469,9.590,68.000
0.048,0.017,0.012,18.847,233131.719,8.936,68.000
0.058,0.001,0.006,20.265,187064.125,2.689,68.000
0.051,0.025,0.014,23.866,230455.625,7.610,68.000
0.057,0.000,0.016,20.901,77720.773,2.621,68.000
0.051,0.013,0.011,20.030,210799.719,7.245,68.000
0.049,0.013,0.014,19.141,223469.719,7.127,68.000
0.048,0.024,0.012,20.286,221198.000,9.871,68.000
0.043,0.001,0.010,24.839,128375.086,1.424,68.000
0.048,0.021,0.012,20.311,238721.094,9.619,68.000
0.052,0.004,0.013,22.046,232118.156,5.162,68.000
0.048,0.001,0.017,26.458,107081.789,0.517,68.000
0.053,0.001,0.004,20.384,212869.781,2.501,68.000
0.056,0.000,0.014,27.540,12316.914,2.025,68.000
0.052,0.024,0.013,23.954,222075.000,6.305,68.000
0.049,0.006,0.010,20.427,272443.125,6.722,68.000
0.039,0.001,0.015,16.287,113147.602,2.424,68.000
0.050,0.005,0.012,22.272,268304.312,6.388,68.000
0.051,0.009,0.010,19.310,252768.281,7.569,68.000
0.051,0.020,0.012,21.827,220402.312,7.434,68.000
0.049,0.003,0.011,22.077,273639.875,5.750,68.000
0.051,0.025,0.014,23.846,229835.438,7.732,68.000
0.050,0.012,0.013,21.089,230495.781,7.755,68.000
0.051,0.014,0.012,20.591,224409.188,7.817,68.000
0.049,0.014,0.013,20.555,226805.406,7.462,68.000
0.050,0.018,0.012,19.695,222316.438,8.557,68.000
0.051,0.012,0.010,20.102,206670.938,7.291,68.000
0.049,0.018,0.011,19.763,229013.031,9.726,68.000
0.048,0.007,0.010,21.134,280806.906,7.581,68.000
0.053,0.001,0.018,21.772,199202.969,2.717,68.000
0.051,0.001,0.017,23.450,211808.344,3.129,68.000
0.050,0.006,0.012,22.316,282367.188,7.911,68.000
0.046,0.002,0.012,21.273,251909.344,3.999,68.000
0.002,0.011,0.011,21.211,172380.031,7.787,68.000
0.050,0.021,0.012,20.914,229096.562,8.625,68.000
0.056,0.000,0.021,22.959,21989.266,1.618,68.000
0.052,0.001,0.020,21.460,183482.562,2.994,68.000
0.050,0.011,0.010,20.308,231348.844,7.486,68.000
0.045,0.001,0.013,30.338,83770.305,1.255,68.000
0.051,0.018,0.013,21.799,226723.875,7.026,68.000
0.048,0.005,0.014,22.377,222901.344,6.135,68.000
0.049,0.024,0.012,20.829,228101.594,9.516,68.000
0.040,0.000,0.014,22.044,18726.695,-0.462,68.000
0.002,0.013,0.013,20.929,227150.438,7.696,68.000
0.051,0.025,0.013,22.701,229320.750,7.553,68.000
0.044,0.002,0.007,22.181,174589.281,2.088,68.000
0.045,0.001,0.016,23.002,163899.688,2.523,68.000
0.051,0.023,0.013,23.630,227763.594,6.874,68.000
0.045,0.001,0.005,22.394,113569.461,1.663,68.000
0.048,0.022,0.011,20.207,223975.156,9.637,68.000
0.047,0.000,0.014,31.664,-49018.395,-2.386,68.000
0.048,0.001,0.022,20.859,166116.062,2.884,68.000
0.045,0.002,0.011,21.168,248489.125,3.665,68.000
0.046,0.001,0.013,22.872,239719.406,4.274,68.000
0.050,0.012,0.012,20.278,225144.062,8.213,68.000
0.050,0.010,0.010,20.297,233437.500,7.924,68.000
0.050,0.011,0.009,20.008,224569.656,7.095,68.000
0.049,0.005,0.013,23.023,250840.562,6.733,68.000
0.050,0.000,0.021,21.130,8664.031,0.975,68.000
0.050,0.020,0.010,20.044,217035.375,9.404,68.000
0.048,0.026,0.011,19.054,245969.062,9.951,68.000
0.052,0.006,0.013,21.607,234390.219,6.685,68.000
0.048,0.007,0.013,21.917,277306.219,8.509,68.000
0.050,0.027,0.010,19.604,235641.312,8.659,68.000
0.049,0.013,0.013,20.436,242573.312,8.533,68.000
0.047,0.000,0.015,29.818,-31418.094,-1.033,68.000
0.052,0.000,0.005,23.540,64526.070,1.219,68.000
0.050,0.012,0.014,19.160,227223.656,7.521,68.000
0.045,0.001,0.015,21.229,180645.656,2.984,68.000
0.049,0.012,0.014,19.310,231564.344,7.712,68.000
0.040,0.001,0.015,17.657,110417.867,2.497,68.000
0.049,0.016,0.013,19.594,232128.312,8.004,68.000
0.054,0.001,0.015,22.460,205034.906,2.218,68.000
0.050,0.014,0.011,20.196,227141.969,7.993,68.000
0.050,0.000,0.005,25.659,25973.141,1.337,68.000
0.053,0.001,0.013,27.581,107640.914,1.722,68.000
0.050,0.011,0.013,20.543,236562.500,8.187,68.000
0.049,0.000,0.015,30.272,-56143.609,-1.763,68.000
0.059,0.001,0.012,22.406,155098.625,2.310,68.000
0.098,0.013,0.012,21.414,209326.062,7.726,68.000
0.057,0.001,0.005,20.469,198014.188,2.758,68.000
0.055,0.001,0.015,23.155,193326.594,1.589,68.000
0.044,0.001,0.016,22.761,150845.094,2.408,68.000
0.051,0.016,0.011,20.765,218888.188,8.023,68.000
0.049,0.011,0.011,20.581,245850.906,8.950,68.000
0.044,0.000,0.007,24.096,19879.352,0.051,68.000
0.045,0.001,0.022,22.395,127193.898,1.554,68.000
0.049,0.001,0.016,25.972,146368.875,1.351,68.000
0.043,0.002,0.014,20.093,201249.812,3.831,68.000
0.044,0.001,0.019,23.212,79017.883,0.788,68.000
0.060,0.001,0.015,19.700,158287.812,-0.086,68.000
0.042,0.001,0.012,22.993,174773.344,2.312,68.000
0.046,0.002,0.009,23.509,248767.000,3.834,68.000
0.053,0.001,0.017,23.617,216769.156,2.793,68.000
0.057,0.001,0.014,22.905,164082.750,1.670,68.000
0.049,0.014,0.014,19.024,221136.000,6.799,68.000
0.056,0.001,0.005,20.225,201720.594,2.704,68.000
0.055,0.002,0.014,22.781,181855.281,2.532,68.000
0.046,0.001,0.013,24.770,225383.188,3.960,68.000
0.052,0.007,0.011,20.607,270721.281,7.490,68.000
0.052,0.019,0.011,21.116,211005.188,7.905,68.000
0.048,0.022,0.012,20.804,237773.188,9.856,68.000
0.050,0.014,0.011,20.022,229042.469,8.238,68.000
0.051,0.014,0.013,21.630,219541.219,7.213,68.000
0.049,0.001,0.021,22.149,144429.656,2.499,68.000
0.050,0.000,0.005,27.112,-21910.750,1.386,68.000
0.051,0.027,0.014,25.014,162097.469,5.935,68.000
0.048,0.010,0.012,20.597,263685.562,9.365,68.000
0.051,0.023,0.010,20.896,221759.562,8.451,68.000
0.051,0.026,0.013,23.269,229240.062,7.164,68.000
0.051,0.021,0.011,20.987,220611.594,8.489,68.000
0.049,0.013,0.012,19.940,255632.844,9.229,68.000
0.050,0.023,0.014,23.087,233838.750,8.013,68.000
0.048,0.020,0.011,19.649,227803.812,9.968,68.000
0.046,0.001,0.010,29.366,120014.289,2.256,68.000
0.050,0.000,0.014,29.462,2781.555,0.874,68.000
0.054,0.000,0.016,27.107,2487.266,2.143,68.000
0.049,0.018,0.013,21.176,245379.688,7.908,68.000
0.047,0.001,0.018,25.858,77276.820,0.458,68.000
0.043,0.001,0.014,21.588,151415.969,2.395,68.000
0.047,0.001,0.020,21.296,171031.188,2.524,68.000
0.053,0.001,0.016,23.435,215221.969,2.218,68.000
0.049,0.021,0.011,19.862,221208.156,9.595,68.000
0.059,0.000,0.013,22.201,74710.914,0.390,68.000
0.052,0.000,0.003,24.119,5114.094,0.715,68.000
0.056,0.001,0.018,21.883,183566.906,1.530,68.000
0.048,0.021,0.013,21.112,253799.219,9.008,68.000
0.050,0.002,0.011,22.445,276876.625,5.529,68.000
0.049,0.000,0.016,26.575,97775.898,0.792,68.000
0.050,0.004,0.013,22.869,239462.812,5.589,68.000
0.048,0.002,0.006,21.085,216426.312,2.433,68.000
0.048,0.000,0.016,29.139,-24220.461,-1.482,68.000
0.041,0.001,0.015,19.466,137112.906,2.606,68.000
0.051,0.015,0.013,21.619,213269.062,6.690,68.000
0.002,0.012,0.013,20.899,207899.812,7.586,68.000
0.050,0.014,0.012,20.875,232955.281,8.036,68.000
0.055,0.001,0.011,24.403,225989.344,4.333,68.000
0.044,0.001,0.011,21.205,237023.406,3.109,68.000
0.047,0.001,0.012,27.628,176635.906,2.898,68.000
0.048,0.010,0.013,20.333,242976.906,8.623,68.000
0.051,0.001,0.016,26.929,133817.719,0.819,68.000
0.054,0.000,0.005,23.481,42023.492,1.866,68.000
0.052,0.011,0.014,19.774,216961.312,7.384,68.000
0.050,0.007,0.012,22.469,277481.625,8.262,68.000
0.052,0.018,0.011,20.695,208980.219,7.843,68.000
0.048,0.014,0.010,19.909,233493.719,8.516,68.000
0.045,0.000,0.021,22.160,7402.703,-0.338,68.000
0.053,0.001,0.012,25.664,234907.688,4.344,68.000
0.051,0.011,0.012,20.321,217603.562,7.880,68.000
0.045,0.002,0.015,21.640,182559.750,3.179,68.000
0.044,0.001,0.011,24.483,187211.969,2.244,68.000
0.049,0.010,0.011,20.996,242248.781,8.660,68.000
0.048,0.005,0.013,23.115,269678.719,6.868,68.000
0.049,0.022,0.010,20.117,216676.750,9.519,68.000
0.050,0.015,0.014,19.653,220629.469,6.646,68.000
0.049,0.021,0.013,21.215,242842.094,8.665,68.000
0.051,0.001,0.021,20.835,180774.188,3.027,68.000
0.050,0.004,0.009,21.715,276092.688,5.601,68.000
0.048,0.001,0.004,19.477,205052.594,1.521,68.000
0.052,0.001,0.009,23.082,253226.281,4.661,68.000
0.048,0.001,0.021,20.901,168494.375,2.924,68.000
0.042,0.001,0.015,22.319,85738.227,1.216,68.000
0.044,0.000,0.004,20.559,69828.070,1.328,68.000
0.060,0.000,0.010,21.581,-10579.961,1.553,68.000
0.054,0.001,0.010,27.328,177291.094,3.829,68.000
0.049,0.022,0.014,22.746,239555.594,7.954,68.000
0.048,0.005,0.014,22.507,249224.062,7.067,68.000
0.057,0.001,0.014,23.631,163926.438,1.591,68.000
0.059,0.001,0.007,19.314,175920.938,2.515,68.000
0.048,0.002,0.013,23.441,262240.812,5.330,68.000
0.049,0.016,0.011,19.831,229870.938,9.374,68.000
0.052,0.025,0.013,24.112,224423.281,6.456,68.000
0.049,0.005,0.013,23.075,246958.500,6.413,68.000
0.051,0.021,0.010,21.235,213361.312,8.456,68.000
0.051,0.023,0.013,23.456,228105.344,6.929,68.000
0.056,0.002,0.009,22.064,221511.625,3.892,68.000
0.054,0.000,0.007,25.092,43478.117,1.683,68.000
0.048,0.011,0.011,20.807,239174.438,8.346,68.000
0.042,0.001,0.016,20.691,117414.320,2.181,68.000
0.048,0.001,0.017,22.862,194676.281,2.683,68.000
0.050,0.018,0.014,21.780,239072.812,6.729,68.000
0.053,0.000,0.003,22.667,59384.336,0.918,68.000
0.052,0.003,0.013,23.000,215389.656,4.323,68.000
0.044,0.002,0.012,21.276,224628.625,3.333,68.000
0.047,0.000,0.011,32.191,-5421.703,2.305,68.000
0.046,0.000,0.016,28.457,-12062.547,-3.375,68.000
0.049,0.000,0.012,33.596,34037.336,4.388,68.000
0.048,0.001,0.013,23.230,253311.656,4.636,68.000
0.048,0.000,0.007,26.373,50602.148,1.286,68.000
0.049,0.027,0.011,20.199,200808.562,7.082,68.000
0.054,0.001,0.017,21.627,210934.938,2.835,68.000
0.056,0.001,0.010,23.945,189739.688,3.906,68.000
0.051,0.008,0.012,21.464,251695.594,8.175,68.000
0.048,0.016,0.012,19.240,239426.844,9.370,68.000
0.044,0.000,0.006,22.834,-24726.305,1.561,68.000
0.042,0.001,0.008,23.352,40245.211,0.801,68.000
0.049,0.001,0.005,25.373,83536.852,1.579,68.000
0.055,0.001,0.013,27.340,150657.062,2.455,68.000
0.053,0.001,0.019,23.283,138442.219,1.812,68.000
0.051,0.010,0.011,20.106,219700.594,7.788,68.000
0.051,0.005,0.011,20.692,281772.625,6.394,68.000
0.060,0.001,0.016,20.424,142034.719,-0.474,68.000
0.042,0.001,0.017,22.396,58255.086,0.073,68.000
0.099,0.013,0.013,21.675,215071.000,7.242,68.000
0.047,0.002,0.013,22.992,237312.156,4.861,68.000
0.050,0.017,0.013,21.329,228396.062,7.073,68.000
0.058,0.001,0.015,21.582,179038.969,1.060,68.000
0.050,0.022,0.010,20.312,224082.969,9.171,68.000
0.097,0.012,0.013,20.781,206103.625,6.274,68.000
0.052,0.005,0.013,21.532,219403.938,5.231,68.000
0.050,0.011,0.009,19.936,226491.750,7.068,68.000
0.001,0.012,0.013,21.194,205229.969,7.694,68.000
0.051,0.013,0.011,19.888,215061.812,7.393,68.000
0.051,0.021,0.013,23.047,239958.500,6.985,68.000
0.048,0.004,0.013,22.968,275673.219,6.681,68.000
0.046,0.000,0.019,22.521,87856.336,0.318,68.000
0.059,0.001,0.017,19.673,175544.781,0.592,68.000
0.052,0.001,0.017,25.799,154911.000,1.271,68.000
0.050,0.010,0.011,20.458,239204.125,8.240,68.000
0.049,0.017,0.013,20.082,234311.562,7.689,68.000
0.052,0.021,0.012,22.381,229481.875,7.136,68.000
0.055,0.001,0.004,21.743,108677.492,0.939,68.000
0.048,0.013,0.011,19.788,267928.969,9.611,68.000
0.046,0.001,0.011,24.345,236304.781,3.342,68.000
0.056,0.000,0.016,22.757,118169.570,1.878,68.000
0.050,0.020,0.012,20.857,243239.062,8.467,68.000
0.097,0.013,0.012,20.786,205950.219,6.910,68.000
0.050,0.008,0.013,21.316,253037.031,8.304,68.000
0.052,0.025,0.011,22.456,219799.094,7.077,68.000
0.052,0.026,0.013,22.969,228837.656,6.939,68.000
0.042,0.000,0.015,23.071,-612.938,0.574,68.000
0.049,0.014,0.013,20.712,236803.969,8.096,68.000
0.059,0.001,0.018,20.018,164003.250,0.390,68.000
0.046,0.001,0.021,21.532,169775.844,2.436,68.000
0.050,0.001,0.020,23.057,123317.117,2.310,68.000
0.047,0.001,0.003,19.672,202615.125,1.554,68.000
0.054,0.001,0.004,19.820,214514.531,2.681,68.000
0.052,0.001,0.011,23.860,261499.250,4.738,68.000
0.099,0.013,0.013,21.899,216595.250,7.490,68.000
0.043,0.002,0.015,19.201,191283.562,3.449,68.000
0.049,0.015,0.011,20.214,241195.875,8.926,68.000
0.058,0.000,0.013,24.733,-31983.273,1.504,68.000
0.047,0.002,0.018,22.584,184947.375,2.419,68.000
0.056,0.001,0.005,19.516,217365.156,2.660,68.000
0.053,0.002,0.011,23.334,259896.281,4.756,68.000
0.059,0.001,0.018,19.613,168889.156,0.438,68.000
0.002,0.010,0.012,20.881,184930.594,7.703,68.000
0.052,0.005,0.012,21.645,248132.625,5.852,68.000
0.047,0.000,0.009,33.307,-74419.297,0.896,68.000
0.048,0.000,0.010,32.432,-48340.035,-0.131,68.000
0.051,0.025,0.012,22.380,225390.875,7.286,68.000
0.045,0.000,0.013,27.601,22004.461,-0.359,68.000
0.049,0.012,0.011,20.326,234787.688,8.227,68.000
0.058,0.001,0.007,25.509,-17910.047,-0.207,68.000
0.052,0.015,0.014,20.574,216613.469,6.159,68.000
0.059,0.001,0.017,22.187,89497.211,-1.257,68.000
0.047,0.001,0.017,25.800,68260.180,0.225,68.000
0.055,0.001,0.009,26.237,119773.664,2.609,68.000
0.053,0.000,0.014,33.208,-45987.773,-1.525,68.000
0.048,0.001,0.003,20.354,189699.625,1.630,68.000
0.053,0.001,0.011,23.142,250076.469,4.606,68.000
0.051,0.019,0.011,21.228,212604.750,7.859,68.000
0.051,0.018,0.014,22.473,231650.125,6.669,68.000
0.053,0.001,0.017,22.901,211588.719,2.762,68.000
0.051,0.021,0.014,22.946,243546.594,6.857,68.000
0.052,0.024,0.012,22.590,222836.094,6.939,68.000
0.059,0.000,0.016,21.371,10849.508,2.146,68.000
0.048,0.005,0.014,22.036,225589.375,6.462,68.000
0.041,0.001,0.010,22.947,122852.758,1.216,68.000
0.052,0.012,0.011,19.789,192975.125,6.622,68.000
0.048,0.002,0.014,23.957,210668.938,4.244,68.000
0.050,0.001,0.017,22.752,206509.781,3.044,68.000
0.048,0.023,0.013,21.560,236834.438,8.754,68.000
0.050,0.001,0.015,28.883,102378.945,0.729,68.000
0.048,0.001,0.019,22.596,186942.719,2.694,68.000
0.051,0.007,0.010,18.886,271850.156,6.918,68.000
0.050,0.025,0.012,21.408,225891.250,8.874,68.000
0.046,0.000,0.006,22.715,11288.797,2.286,68.000
0.048,0.005,0.013,22.999,269208.094,7.164,68.000
0.048,0.015,0.013,19.696,240011.125,8.611,68.000
0.000,0.012,0.013,23.760,94402.523,4.642,68.000
0.048,0.025,0.011,19.542,225350.094,9.965,68.000
0.057,0.001,0.015,24.670,41615.477,-0.616,68.000
0.052,0.002,0.019,22.455,185417.844,2.420,68.000
0.048,0.010,0.012,20.215,266030.031,9.404,68.000
0.053,0.001,0.013,26.450,209732.469,3.793,68.000
0.098,0.012,0.012,21.009,209439.219,6.909,68.000
0.051,0.000,0.005,23.731,73923.414,1.213,68.000
0.046,0.001,0.011,21.533,254434.594,3.733,68.000
0.049,0.004,0.015,22.640,214181.656,5.602,68.000
0.051,0.006,0.010,19.112,279758.500,6.874,68.000
0.055,0.001,0.014,23.335,182324.062,2.325,68.000
0.050,0.015,0.013,20.803,216559.906,6.488,68.000
0.051,0.001,0.003,19.673,219300.844,2.185,68.000
0.055,0.000,0.013,31.363,-59310.363,-0.791,68.000
0.052,0.019,0.013,22.790,227610.344,6.656,68.000
0.052,0.000,0.020,20.588,-2303.875,-1.195,68.000
0.045,0.000,0.009,26.806,80198.602,0.514,68.000
0.041,0.000,0.015,20.659,-19962.516,-0.150,68.000
0.048,0.002,0.010,23.285,268732.625,4.428,68.000
0.049,0.027,0.014,15.418,132742.938,5.668,68.000
0.043,0.001,0.012,23.183,194263.406,2.960,68.000
0.056,0.001,0.016,22.604,160023.625,1.381,68.000
0.051,0.015,0.012,21.518,207481.000,7.009,68.000
0.049,0.015,0.011,19.823,234821.531,9.208,68.000
0.002,0.011,0.010,21.147,174784.406,7.900,68.000
0.049,0.008,0.013,22.019,275713.312,8.660,68.000
0.057,0.001,0.006,19.856,201764.219,2.622,68.000
0.050,0.020,0.012,20.676,226761.562,8.623,68.000
0.049,0.020,0.011,19.926,223227.281,9.687,68.000
0.047,0.001,0.007,22.647,225106.969,3.302,68.000
0.049,0.009,0.013,21.067,256915.750,8.641,68.000
0.048,0.026,0.012,20.663,235765.062,10.070,68.000
0.049,0.025,0.011,18.914,225124.156,9.567,68.000
0.049,0.015,0.011,19.833,243609.750,9.000,68.000
0.052,0.021,0.013,22.600,231029.938,6.755,68.000
0.050,0.011,0.012,20.687,233984.938,8.313,68.000
0.055,0.001,0.005,19.957,219103.156,2.610,68.000
0.045,0.002,0.008,22.809,217926.062,3.174,68.000
0.056,0.000,0.009,25.830,27305.945,1.985,68.000
0.050,0.020,0.013,21.325,243504.688,8.108,68.000
0.052,0.000,0.017,26.477,888.422,0.501,68.000
0.047,0.001,0.007,23.245,188081.188,2.747,68.000
0.052,0.000,0.010,34.413,-53939.445,2.621,68.000
0.051,0.016,0.013,21.230,218757.969,6.575,68.000
0.048,0.002,0.008,22.907,238110.344,3.768,68.000
0.043,0.000,0.013,24.125,63129.492,-0.791,68.000
0.050,0.019,0.010,19.878,215130.656,9.349,68.000
0.058,0.001,0.018,20.744,190510.250,0.713,68.000
0.051,0.003,0.010,21.571,275732.688,5.409,68.000
0.042,0.000,0.011,25.953,-39870.504,-0.837,68.000
0.051,0.007,0.010,19.226,278494.469,7.465,68.000
0.099,0.012,0.012,21.597,210308.438,6.769,68.000
0.051,0.009,0.011,19.927,249451.688,8.186,68.000
0.049,0.005,0.013,22.844,273285.281,6.646,68.000
0.051,0.026,0.014,23.849,225489.562,7.619,68.000
0.047,0.001,0.009,29.633,91761.398,2.449,68.000
0.049,0.006,0.012,22.787,286634.281,7.507,68.000
0.057,0.000,0.004,18.936,203496.938,2.270,68.000
0.049,0.022,0.012,21.160,234904.406,9.369,68.000
0.049,0.021,0.011,20.279,227311.656,9.114,68.000
0.045,0.000,0.014,25.454,-15098.070,2.131,68.000
0.059,0.001,0.007,21.501,150666.688,2.784,68.000
0.049,0.019,0.012,19.760,231298.438,9.351,68.000
0.041,0.001,0.006,20.179,97770.148,1.562,68.000
0.056,0.000,0.018,23.107,68067.680,0.082,68.000
0.002,0.011,0.012,20.962,190595.438,7.738,68.000
0.048,0.008,0.010,21.066,275987.969,7.925,68.000
0.051,0.019,0.013,21.928,229950.719,7.259,68.000
0.049,0.017,0.012,19.778,226424.812,8.716,68.000
0.052,0.014,0.012,22.040,197479.250,6.399,68.000
0.045,0.001,0.016,22.319,179572.906,2.808,68.000
0.052,0.012,0.010,19.852,195903.344,6.882,68.000
0.099,0.013,0.013,21.183,215014.125,7.176,68.000
0.057,0.001,0.017,20.658,197279.062,1.360,68.000
0.042,0.001,0.006,21.628,105126.242,1.732,68.000
0.055,0.000,0.010,31.096,-31432.297,1.458,68.000
0.050,0.014,0.013,21.137,219365.938,6.981,68.000
0.051,0.008,0.014,20.286,240026.000,7.699,68.000
0.060,0.000,0.012,21.773,100687.898,2.117,68.000
0.051,0.016,0.013,21.038,213364.719,6.658,68.000
0.048,0.005,0.011,21.787,275674.500,6.631,68.000
0.048,0.007,0.010,21.191,276811.562,7.429,68.000
0.059,0.001,0.009,20.693,165027.750,2.770,68.000
0.052,0.001,0.005,20.903,213498.094,2.390,68.000
0.046,0.000,0.016,25.597,-54340.977,0.541,68.000
0.050,0.026,0.013,23.235,230788.531,7.987,68.000
0.055,0.001,0.012,27.544,105833.102,1.992,68.000
0.057,0.000,0.009,26.244,-60972.156,2.427,68.000
0.057,0.000,0.007,23.869,-11946.680,1.581,68.000
0.051,0.021,0.013,21.957,237226.531,7.701,68.000
0.049,0.022,0.010,20.073,220266.719,9.465,68.000
0.049,0.001,0.002,22.303,88442.695,1.070,68.000
0.057,0.002,0.011,21.569,208519.594,3.581,68.000
0.049,0.022,0.012,21.170,236585.500,9.293,68.000
0.048,0.009,0.011,21.348,254038.812,8.458,68.000
0.048,0.002,0.010,22.756,271947.500,4.612,68.000
0.055,0.001,0.012,25.717,217887.625,4.286,68.000
0.051,0.027,0.011,19.561,208158.188,7.826,68.000
0.049,0.014,0.010,19.936,237328.531,8.734,68.000
0.049,0.012,0.014,20.152,232429.531,7.824,68.000
0.051,0.000,0.007,27.156,55888.477,1.664,68.000
0.046,0.000,0.009,29.221,67640.492,1.816,68.000
0.057,0.001,0.018,22.194,118092.258,-0.170,68.000
0.050,0.025,0.014,23.905,231368.094,8.008,68.000
0.048,0.000,0.012,34.487,-65511.410,-0.043,68.000
0.061,0.001,0.013,21.112,129418.914,-0.078,68.000
0.050,0.005,0.012,22.814,280508.219,7.132,68.000
0.049,0.001,0.009,29.788,139749.344,2.910,68.000
0.052,0.002,0.014,24.381,201847.719,3.528,68.000
0.047,0.001,0.006,20.971,189643.094,2.053,68.000
0.051,0.001,0.015,25.636,201552.594,2.279,68.000
0.000,0.011,0.013,16.065,20448.141,10.210,68.000
0.047,0.001,0.002,19.875,179411.562,1.511,68.000
0.048,0.001,0.008,24.929,222128.469,3.627,68.000
0.050,0.020,0.010,20.185,214659.000,9.549,68.000
0.051,0.001,0.008,27.067,158997.406,3.242,68.000
0.052,0.019,0.011,21.276,212510.688,7.907,68.000
0.050,0.023,0.012,22.001,226976.625,8.209,68.000
0.052,0.000,0.009,32.839,-44621.336,0.927,68.000
0.048,0.007,0.012,22.454,289597.031,8.459,68.000
0.045,0.002,0.012,21.949,240384.812,4.107,68.000
0.098,0.011,0.013,21.355,207404.312,6.104,68.000
0.059,0.000,0.006,26.129,-104455.219,2.611,68.000
0.046,0.000,0.017,25.924,-16786.578,-1.651,68.000
0.049,0.005,0.011,21.585,288562.062,6.802,68.000
0.047,0.001,0.002,21.330,97721.883,1.143,68.000
0.054,0.001,0.020,23.936,78436.398,1.312,68.000
0.047,0.001,0.010,26.005,238210.625,3.566,68.000
0.050,0.001,0.002,22.606,150048.438,1.800,68.000
0.041,0.001,0.010,21.148,125861.164,1.200,68.000
0.051,0.023,0.013,23.007,228667.344,7.302,68.000
0.042,0.001,0.011,26.317,58751.336,0.567,68.000
0.051,0.001,0.002,24.016,23810.695,0.439,68.000
0.049,0.018,0.014,22.080,249713.812,7.374,68.000
0.049,0.002,0.015,23.407,207053.281,4.393,68.000
0.049,0.001,0.009,27.135,196350.812,3.398,68.000
0.053,0.001,0.009,25.697,217353.875,4.501,68.000
0.052,0.019,0.012,22.090,213579.531,6.966,68.000
0.051,0.017,0.010,20.311,205384.688,7.930,68.000
0.053,0.001,0.007,23.460,198631.719,3.644,68.000
0.052,0.007,0.011,19.737,276272.062,6.921,68.000
0.061,0.001,0.011,24.888,52941.570,0.853,68.000
0.052,0.018,0.014,22.143,226911.969,6.389,68.000
0.056,0.001,0.015,23.065,175181.062,1.267,68.000
0.053,0.001,0.014,25.353,184782.688,2.982,68.000
0.050,0.006,0.010,19.489,274457.250,6.939,68.000
0.046,0.001,0.018,22.791,176190.531,2.382,68.000
0.053,0.000,0.012,34.372,-68976.516,0.106,68.000
0.051,0.008,0.011,20.755,265185.688,8.440,68.000
0.051,0.001,0.006,20.848,219419.875,2.510,68.000
0.051,0.027,0.014,23.214,72314.648,0.325,68.000
0.047,0.001,0.020,22.857,91048.117,0.985,68.000
0.048,0.008,0.012,22.466,281247.906,8.645,68.000
0.048,0.001,0.005,20.871,202500.031,2.140,68.000
0.052,0.000,0.002,23.622,9640.055,0.233,68.000
0.051,0.001,0.017,28.399,64423.195,0.094,68.000
0.051,0.022,0.011,21.613,214437.094,8.028,68.000
0.050,0.014,0.011,20.257,229479.062,8.201,68.000
0.051,0.003,0.011,22.318,271394.594,5.407,68.000
0.061,0.001,0.014,20.221,137981.875,-0.855,68.000
0.050,0.001,0.010,28.173,168129.688,3.212,68.000
0.055,0.002,0.017,20.549,200447.531,2.615,68.000
0.059,0.001,0.014,23.034,87936.648,-0.536,68.000
0.048,0.000,0.002,20.310,57994.477,-0.527,68.000
0.053,0.000,0.021,20.628,711.617,-2.327,68.000
0.046,0.001,0.018,21.459,176230.156,2.582,68.000
0.050,0.018,0.012,20.199,219033.719,8.123,68.000
0.059,0.000,0.009,21.146,27164.758,3.991,68.000
0.049,0.027,0.013,21.148,222700.750,8.028,68.000
0.049,0.018,0.014,21.750,244618.719,7.387,68.000
0.043,0.000,0.013,26.556,27989.180,1.075,68.000
0.051,0.000,0.007,28.615,40470.930,2.128,68.000
0.050,0.001,0.015,25.888,202269.969,2.744,68.000
0.048,0.026,0.010,18.582,234204.406,9.910,68.000
0.051,0.001,0.019,22.255,187958.906,2.781,68.000
0.055,0.000,0.006,23.088,24926.617,2.637,68.000
0.055,0.001,0.005,18.588,230227.344,2.605,68.000
0.001,0.011,0.013,21.507,186591.906,7.783,68.000
0.042,0.001,0.009,22.939,120996.023,1.115,68.000
0.045,0.000,0.004,19.687,13802.336,0.022,68.000
0.049,0.001,0.019,22.735,188205.312,2.718,68.000
0.054,0.000,0.009,27.158,41823.102,2.854,68.000
0.045,0.000,0.017,23.571,103375.430,4.426,68.000
0.051,0.003,0.010,21.177,275135.344,5.464,68.000
0.052,0.023,0.012,22.846,220767.594,6.795,68.000
0.052,0.020,0.011,21.428,209768.719,7.860,68.000
0.050,0.001,0.018,27.737,114552.977,0.505,68.000
0.048,0.013,0.011,19.688,258306.094,9.143,68.000
0.048,0.001,0.021,22.060,113849.820,1.856,68.000
0.048,0.013,0.011,19.507,260787.406,9.345,68.000
0.059,0.001,0.008,19.742,165851.500,2.457,68.000
0.056,0.000,0.007,23.433,6558.672,1.754,68.000
0.051,0.015,0.012,20.938,222419.469,7.675,68.000
0.049,0.025,0.013,21.367,235043.781,8.963,68.000
0.053,0.000,0.016,27.887,10210.305,0.146,68.000
0.051,0.009,0.013,20.662,230449.750,7.913,68.000
0.043,0.000,0.006,22.722,-30493.992,-0.254,68.000
0.049,0.005,0.013,23.252,260245.625,6.540,68.000
0.052,0.000,0.014,29.496,-42375.898,1.607,68.000
0.000,0.012,0.013,19.197,-1453.188,12.761,68.000
0.055,0.001,0.009,28.013,74811.727,1.900,68.000
0.048,0.019,0.012,19.042,241495.250,9.794,68.000
0.060,0.001,0.011,20.507,155161.312,1.972,68.000
0.044,0.001,0.021,20.674,147728.969,2.098,68.000
0.045,0.000,0.018,23.399,-33389.422,-1.824,68.000
0.055,0.001,0.016,21.745,216366.000,2.588,68.000
0.058,0.000,0.010,23.414,135914.406,3.189,68.000
0.056,0.000,0.009,26.082,-20709.227,2.645,68.000
0.049,0.006,0.011,21.435,305442.219,8.228,68.000
0.051,0.002,0.009,23.252,272026.750,4.922,68.000
0.051,0.026,0.013,23.254,229598.625,7.496,68.000
0.047,0.001,0.009,25.522,232106.906,3.414,68.000
0.002,0.012,0.012,21.102,188772.875,7.535,68.000
0.046,0.001,0.003,19.103,189540.156,1.315,68.000
0.050,0.001,0.005,24.590,96857.586,1.460,68.000
0.050,0.001,0.008,22.894,244839.156,4.071,68.000
0.049,0.001,0.004,20.559,197756.156,1.803,68.000
0.048,0.026,0.012,20.097,238725.531,10.278,68.000
0.051,0.009,0.011,20.458,247766.719,7.994,68.000
0.050,0.001,0.011,26.413,227716.594,3.949,68.000
0.049,0.006,0.012,21.925,298560.844,7.707,68.000
0.042,0.001,0.006,19.771,118202.445,1.559,68.000
0.055,0.000,0.004,27.273,-70737.094,0.201,68.000
0.051,0.000,0.008,28.546,36417.117,4.691,68.000
0.046,0.001,0.005,25.065,8032.859,1.380,68.000
0.045,0.000,0.020,22.189,14134.688,-0.215,68.000
0.099,0.012,0.012,21.410,209837.094,6.885,68.000
0.051,0.005,0.013,22.452,243839.125,6.238,68.000
0.059,0.001,0.013,25.108,23944.422,-0.329,68.000
0.051,0.015,0.010,20.210,212223.656,7.886,68.000
0.051,0.020,0.011,21.304,212681.000,8.088,68.000
0.049,0.018,0.013,20.931,238847.938,7.676,68.000
0.051,0.001,0.015,29.972,101094.633,1.160,68.000
0.056,0.000,0.006,23.885,28920.883,1.907,68.000
0.049,0.027,0.014,15.243,161128.625,8.519,68.000
0.051,0.001,0.022,21.430,149078.312,2.495,68.000
0.051,0.005,0.011,20.828,287762.469,6.442,68.000
0.050,0.001,0.021,21.279,182546.938,3.214,68.000
0.051,0.001,0.003,21.796,137993.375,1.246,68.000
0.052,0.026,0.012,23.076,223427.469,6.618,68.000
0.052,0.000,0.017,25.494,-6498.789,-1.806,68.000
0.056,0.001,0.005,19.170,225965.781,2.687,68.000
0.046,0.000,0.018,24.686,34667.352,-0.076,68.000
0.059,0.001,0.012,25.422,43676.039,0.335,68.000
0.050,0.000,0.008,29.239,-30210.750,3.131,68.000
0.050,0.008,0.010,20.128,284729.406,8.223,68.000
0.051,0.001,0.006,22.657,206110.125,3.057,68.000
0.053,0.000,0.014,32.927,-54244.656,-0.665,68.000
0.052,0.001,0.017,23.835,214165.406,2.627,68.000
0.049,0.021,0.013,22.129,252640.781,7.958,68.000
0.049,0.009,0.010,20.854,251644.625,8.127,68.000
0.047,0.001,0.011,29.820,93149.305,1.920,68.000
0.051,0.023,0.011,21.836,220797.375,8.103,68.000
0.051,0.015,0.011,20.911,215355.656,7.590,68.000
0.056,0.001,0.011,24.497,195392.562,3.679,68.000
0.042,0.001,0.015,18.672,176085.375,3.130,68.000
0.050,0.006,0.014,21.369,235950.188,6.770,68.000
0.049,0.022,0.011,20.732,225270.969,9.218,68.000
0.051,0.009,0.014,18.511,235158.750,7.325,68.000
0.049,0.008,0.011,21.159,284923.469,8.353,68.000
0.049,0.001,0.002,19.463,205740.875,1.857,68.000
0.051,0.003,0.012,22.109,264626.875,5.826,68.000
0.001,0.011,0.012,21.034,192964.656,7.818,68.000
0.052,0.008,0.012,20.866,232305.406,7.538,68.000
0.044,0.000,0.018,24.237,43379.508,-0.321,68.000
0.044,0.001,0.013,21.580,212913.969,3.960,68.000
0.058,0.001,0.016,20.152,195037.031,1.369,68.000
0.048,0.019,0.011,19.400,226321.812,10.012,68.000
0.047,0.002,0.006,21.147,200274.000,2.342,68.000
0.049,0.014,0.013,20.385,222494.438,7.367,68.000
0.049,0.019,0.012,19.552,227283.500,9.115,68.000
0.040,0.000,0.016,20.583,-366.047,0.541,68.000
0.049,0.025,0.011,20.007,220336.031,9.343,68.000
0.061,0.000,0.014,21.150,129546.227,-0.666,68.000
0.051,0.022,0.013,22.561,229741.219,7.401,68.000
0.050,0.013,0.013,20.763,220308.406,7.244,68.000
0.050,0.002,0.015,24.107,203395.938,3.138,68.000
0.050,0.025,0.013,22.116,231976.281,8.534,68.000
0.048,0.015,0.011,19.603,246493.531,9.275,68.000
0.051,0.026,0.011,21.276,226634.469,8.188,68.000
0.053,0.000,0.013,33.848,-45270.938,-0.991,68.000
0.050,0.015,0.011,20.502,229914.969,8.419,68.000
0.050,0.001,0.008,23.822,236749.094,4.078,68.000
0.050,0.001,0.014,27.997,200815.500,3.254,68.000
0.054,0.001,0.010,22.708,241145.375,4.649,68.000
0.049,0.014,0.012,20.071,243959.844,8.683,68.000
0.042,0.001,0.014,19.337,153133.875,2.906,68.000
0.049,0.001,0.006,23.447,188607.375,2.900,68.000
0.045,0.001,0.018,24.420,72909.711,0.365,68.000
0.049,0.000,0.008,28.706,-25158.125,2.849,68.000
0.052,0.009,0.012,20.102,218964.250,7.323,68.000
0.047,0.001,0.005,20.231,201278.781,1.894,68.000
0.051,0.006,0.011,20.013,283836.344,6.609,68.000
0.048,0.001,0.006,22.716,190898.938,2.525,68.000
0.060,0.001,0.014,21.563,140728.562,-0.548,68.000
0.054,0.001,0.018,21.530,200074.094,2.618,68.000
0.050,0.021,0.014,22.803,247734.312,7.097,68.000
0.002,0.013,0.012,20.918,211562.688,7.581,68.000
0.049,0.017,0.012,19.162,232993.906,8.729,68.000
0.045,0.001,0.009,27.410,89619.305,1.751,68.000
0.051,0.002,0.007,22.591,234667.875,3.910,68.000
0.097,0.012,0.011,21.759,205442.750,7.415,68.000
0.053,0.001,0.020,21.622,184787.656,2.938,68.000
0.052,0.023,0.012,22.785,220730.875,6.591,68.000
0.041,0.001,0.014,17.875,144826.594,2.822,68.000
0.050,0.010,0.012,20.543,234530.938,8.342,68.000
0.052,0.014,0.013,22.202,207572.031,6.419,68.000
0.041,0.001,0.011,23.076,119260.898,1.382,68.000
0.049,0.007,0.012,22.366,292278.781,8.700,68.000
0.049,0.020,0.014,21.937,256554.812,8.035,68.000
0.050,0.022,0.014,23.162,239630.938,7.371,68.000
0.048,0.001,0.005,21.069,204018.375,2.118,68.000
0.048,0.016,0.014,20.285,231294.281,7.205,68.000
0.054,0.000,0.020,22.236,34220.445,1.140,68.000
0.050,0.013,0.010,20.270,210260.844,7.172,68.000
0.050,0.007,0.012,22.447,275627.438,8.439,68.000
0.051,0.017,0.011,20.827,210543.062,7.789,68.000
0.047,0.000,0.010,33.105,-46499.305,-1.535,68.000
0.049,0.020,0.013,21.934,254851.594,8.055,68.000
0.050,0.007,0.011,21.645,292960.125,8.625,68.000
0.047,0.002,0.006,21.063,206582.438,2.462,68.000
0.049,0.021,0.014,22.226,251264.062,7.872,68.000
0.052,0.015,0.013,22.395,198889.344,5.841,68.000
0.050,0.023,0.014,23.191,234917.969,7.597,68.000
0.049,0.012,0.014,20.196,231591.156,7.718,68.000
0.058,0.001,0.004,18.163,233584.156,2.743,68.000
0.059,0.001,0.017,22.849,83437.852,-1.270,68.000
0.051,0.003,0.013,22.711,231942.531,5.157,68.000
0.049,0.007,0.009,19.914,265715.844,7.027,68.000
0.042,0.001,0.016,21.596,73395.242,1.210,68.000
0.050,0.027,0.010,19.127,233793.062,8.775,68.000
0.048,0.001,0.006,21.430,215372.250,2.573,68.000
0.043,0.001,0.017,21.854,125695.117,1.722,68.000
0.044,0.000,0.004,19.507,10818.445,0.295,68.000
0.050,0.006,0.013,23.043,260768.000,7.457,68.000
0.048,0.001,0.010,24.166,267120.156,3.949,68.000
0.052,0.002,0.012,23.326,253350.875,5.216,68.000
0.051,0.022,0.013,22.734,236688.312,7.246,68.000
0.048,0.007,0.011,21.768,282229.625,8.027,68.000
0.047,0.001,0.020,23.180,87368.773,1.324,68.000
0.049,0.011,0.014,19.394,226774.875,7.567,68.000
0.049,0.010,0.012,20.576,263042.906,9.150,68.000
0.049,0.013,0.013,20.115,247047.125,8.843,68.000
0.056,0.001,0.020,22.036,160600.000,2.183,68.000
0.098,0.012,0.011,21.529,205574.125,7.307,68.000
0.050,0.012,0.014,19.216,224171.281,7.324,68.000
0.044,0.000,0.011,21.062,102997.383,-0.363,68.000
0.051,0.012,0.013,21.612,218207.719,7.492,68.000
0.050,0.025,0.011,21.499,222458.031,8.384,68.000
0.048,0.001,0.004,20.622,187060.531,1.608,68.000
0.049,0.001,0.017,23.348,205466.344,2.904,68.000
0.051,0.021,0.014,22.913,243074.969,6.824,68.000
0.048,0.027,0.014,21.709,175469.875,7.378,68.000
0.047,0.001,0.009,29.264,159818.844,2.942,68.000
0.056,0.001,0.013,23.486,166118.281,3.132,68.000
0.050,0.024,0.014,23.382,231905.000,7.927,68.000
0.043,0.001,0.010,24.649,116645.711,1.200,68.000
0.042,0.001,0.019,19.929,112188.430,0.923,68.000
0.002,0.013,0.012,20.905,210691.125,7.522,68.000
0.051,0.005,0.010,20.579,275186.906,5.970,68.000
0.045,0.001,0.009,24.739,202251.094,2.626,68.000
0.041,0.000,0.010,21.513,20347.219,-1.835,68.000
0.045,0.001,0.003,18.630,172481.188,1.292,68.000
0.051,0.010,0.013,20.352,233948.625,8.144,68.000
0.048,0.020,0.012,19.580,243478.750,9.793,68.000
0.057,0.001,0.013,23.169,153419.062,2.376,68.000
0.049,0.014,0.010,20.086,225462.531,8.059,68.000
0.001,0.012,0.012,21.307,202038.812,7.727,68.000
0.051,0.013,0.010,20.139,210912.062,7.307,68.000
0.051,0.010,0.013,20.660,223845.094,7.823,68.000
0.059,0.000,0.014,22.048,-6031.609,-1.075,68.000
0.043,0.001,0.008,21.479,151775.719,1.464,68.000
0.042,0.000,0.018,22.368,33620.273,1.031,68.000
0.048,0.013,0.012,20.051,259179.625,9.392,68.000
0.052,0.001,0.006,20.833,218851.656,2.481,68.000
0.099,0.012,0.012,22.179,209969.500,7.245,68.000
0.049,0.025,0.011,20.527,222709.469,9.097,68.000
0.049,0.003,0.013,23.700,251091.250,5.739,68.000
0.048,0.026,0.012,19.813,238935.188,10.422,68.000
0.097,0.013,0.012,20.947,205374.625,7.088,68.000
0.050,0.010,0.014,19.324,230774.688,7.714,68.000
0.051,0.000,0.011,35.094,-51076.020,0.923,68.000
0.046,0.001,0.007,22.533,209255.906,2.727,68.000
0.049,0.019,0.011,19.636,227651.281,9.692,68.000
0.100,0.012,0.011,17.972,-46724.629,10.765,68.000
0.049,0.016,0.012,19.769,238275.250,9.230,68.000
0.046,0.000,0.022,21.217,76849.273,0.800,68.000
0.051,0.000,0.002,23.984,14250.672,1.102,68.000
0.057,0.000,0.014,25.854,-55150.117,2.033,68.000
0.058,0.000,0.008,24.680,-88741.430,0.182,68.000
0.042,0.000,0.008,23.174,49038.180,0.800,68.000
0.047,0.002,0.016,23.491,193888.219,3.092,68.000
0.061,0.000,0.011,23.148,26530.055,1.930,68.000
0.051,0.012,0.013,20.788,216820.062,7.217,68.000
0.049,0.002,0.010,23.246,274682.156,4.576,68.000
0.050,0.013,0.011,20.020,227686.031,7.941,68.000
0.050,0.001,0.015,24.865,198203.969,3.318,68.000
0.041,0.001,0.012,21.154,135929.594,1.786,68.000
0.054,0.002,0.018,21.828,195549.219,2.530,68.000
0.050,0.015,0.010,19.790,219214.156,8.448,68.000
0.050,0.022,0.012,21.380,227078.031,8.455,68.000
0.098,0.012,0.011,21.428,204636.688,7.186,68.000
0.049,0.012,0.014,19.800,230639.906,7.706,68.000
0.050,0.020,0.011,20.643,216857.656,8.739,68.000
0.052,0.009,0.011,19.264,236213.938,7.155,68.000
0.055,0.000,0.018,21.841,113679.633,1.689,68.000
0.054,0.001,0.014,24.585,180708.250,2.872,68.000
0.050,0.023,0.014,23.373,233048.219,7.840,68.000
0.050,0.016,0.012,20.057,227704.219,8.111,68.000
0.055,0.001,0.009,22.911,230634.312,4.204,68.000
0.048,0.006,0.011,21.849,294800.531,7.768,68.000
0.050,0.014,0.014,19.395,224916.594,6.670,68.000
0.050,0.026,0.011,20.819,233355.844,8.374,68.000
0.050,0.019,0.010,20.144,214007.062,9.429,68.000
0.050,0.013,0.013,21.096,229571.781,7.948,68.000
0.098,0.014,0.012,21.474,213789.594,8.005,68.000
0.050,0.025,0.013,23.208,228862.656,7.813,68.000
0.045,0.000,0.012,30.617,11625.289,1.063,68.000
0.052,0.010,0.012,20.365,213396.719,7.376,68.000
0.046,0.002,0.007,22.625,214327.469,2.990,68.000
0.052,0.001,0.009,24.239,230463.188,4.437,68.000
0.045,0.000,0.003,21.262,6469.398,-0.832,68.000
0.050,0.007,0.013,22.482,262150.344,7.981,68.000
0.044,0.001,0.015,22.375,180515.844,2.562,68.000
0.050,0.004,0.013,23.094,255472.250,5.899,68.000
0.052,0.012,0.014,19.757,212485.531,6.891,68.000
0.052,0.002,0.018,21.999,192498.781,2.598,68.000
0.052,0.012,0.012,20.619,199633.562,6.879,68.000
0.051,0.001,0.006,23.734,154947.250,2.194,68.000
0.051,0.003,0.011,21.573,276050.281,5.445,68.000
0.049,0.013,0.010,20.289,230367.219,7.940,68.000
0.049,0.001,0.001,20.758,153245.719,1.624,68.000
0.056,0.001,0.018,21.355,190830.500,1.732,68.000
0.050,0.023,0.013,22.708,232664.219,7.804,68.000
0.051,0.021,0.013,21.919,236558.812,7.679,68.000
0.048,0.010,0.012,20.312,266224.625,9.442,68.000
0.052,0.021,0.011,21.414,211042.938,7.664,68.000
0.044,0.002,0.017,22.026,158644.531,2.369,68.000
0.050,0.012,0.010,20.182,216656.000,7.311,68.000
0.047,0.001,0.004,19.339,201912.031,1.421,68.000
0.048,0.022,0.013,21.898,249174.938,8.839,68.000
0.054,0.002,0.006,20.901,209953.844,2.682,68.000
0.054,0.000,0.004,26.245,-33648.320,1.172,68.000
0.050,0.017,0.012,19.707,223274.781,8.266,68.000
0.050,0.007,0.010,19.789,289712.312,7.500,68.000
0.050,0.001,0.018,26.801,114290.273,0.702,68.000
0.047,0.000,0.002,22.182,-1335.930,-0.096,68.000
0.044,0.000,0.019,21.805,-71762.016,-4.434,68.000
0.051,0.009,0.014,19.680,242528.562,7.812,68.000
0.048,0.008,0.011,21.638,276160.219,8.642,68.000
0.052,0.008,0.012,20.654,231818.781,7.320,68.000
0.051,0.025,0.013,23.803,229216.000,7.310,68.000
0.044,0.001,0.019,21.415,150748.312,2.076,68.000
0.045,0.001,0.020,21.421,162823.312,2.316,68.000
0.049,0.006,0.012,22.821,293120.719,8.119,68.000
0.049,0.021,0.010,19.910,217759.375,9.577,68.000
0.052,0.022,0.011,21.602,213879.500,7.739,68.000
0.051,0.024,0.013,23.551,228036.094,6.968,68.000
0.051,0.006,0.012,21.008,271260.844,7.102,68.000
0.057,0.002,0.014,23.006,168564.844,2.282,68.000
0.050,0.013,0.012,20.711,237033.844,8.406,68.000
0.054,0.002,0.017,21.300,200936.375,2.639,68.000
0.055,0.001,0.004,18.400,227966.875,2.429,68.000
0.050,0.015,0.013,20.912,218834.531,6.843,68.000
0.050,0.010,0.010,20.215,237671.500,7.982,68.000
0.056,0.000,0.018,22.209,-24185.492,0.633,68.000
0.049,0.013,0.014,19.399,226589.719,7.454,68.000
0.046,0.002,0.010,22.566,255743.812,3.726,68.000
0.048,0.002,0.010,22.533,271644.875,4.417,68.000
0.052,0.014,0.013,21.444,206345.656,6.080,68.000
0.049,0.007,0.014,21.085,245762.719,7.593,68.000
0.049,0.010,0.012,20.598,260883.031,9.087,68.000
0.003,0.011,0.012,20.901,184919.312,7.441,68.000
0.049,0.009,0.012,20.999,265518.062,9.069,68.000
0.051,0.002,0.012,23.010,257937.406,5.391,68.000
0.045,0.001,0.019,21.688,170046.344,2.307,68.000
0.050,0.016,0.011,20.665,230457.062,8.480,68.000
0.047,0.002,0.016,23.281,192716.781,2.991,68.000
0.050,0.009,0.013,21.395,249360.812,8.414,68.000
0.098,0.014,0.012,21.287,211054.938,7.760,68.000
0.050,0.002,0.015,23.925,205159.688,4.077,68.000
0.050,0.015,0.014,19.993,223010.281,6.437,68.000
0.053,0.002,0.013,23.495,211610.875,4.155,68.000
0.051,0.027,0.011,17.885,294543.438,9.471,68.000
0.051,0.018,0.013,22.353,224235.000,6.738,68.000
0.049,0.019,0.014,22.321,254163.344,7.463,68.000
0.051,0.001,0.014,29.164,99109.961,1.377,68.000
0.051,0.008,0.010,18.647,253285.938,6.897,68.000
0.050,0.001,0.021,21.150,183326.281,3.041,68.000
0.049,0.005,0.015,21.514,220911.969,6.127,68.000
0.048,0.013,0.014,19.887,224414.719,7.558,68.000
0.040,0.000,0.010,22.887,-47471.477,-1.910,68.000
0.050,0.014,0.012,20.884,237045.062,8.117,68.000
0.050,0.008,0.010,19.274,262761.031,7.466,68.000
0.052,0.025,0.013,23.959,225071.469,6.584,68.000
0.053,0.001,0.019,21.502,187201.531,2.851,68.000
0.051,0.002,0.017,22.457,199854.094,3.024,68.000
0.050,0.020,0.012,20.853,231302.406,8.363,68.000
0.050,0.019,0.011,20.467,219565.531,8.919,68.000
0.048,0.016,0.011,19.903,235284.125,9.865,68.000
0.048,0.001,0.005,20.209,208692.562,2.046,68.000
0.059,0.001,0.011,23.805,115419.352,2.013,68.000
0.052,0.004,0.012,21.173,264033.250,5.818,68.000
0.002,0.011,0.012,20.823,194046.469,7.610,68.000
0.051,0.001,0.003,21.462,137235.469,1.135,68.000
0.050,0.027,0.011,21.058,234490.906,7.972,68.000
0.050,0.007,0.013,21.986,254417.750,7.596,68.000
0.051,0.001,0.015,26.337,191815.188,2.356,68.000
0.049,0.000,0.008,29.819,4937.273,0.512,68.000
0.044,0.001,0.004,21.378,75207.195,1.525,68.000
0.049,0.000,0.006,22.508,53069.539,2.734,68.000
0.051,0.017,0.014,21.651,223024.344,6.269,68.000
0.059,0.000,0.007,22.510,-22241.797,3.742,68.000
0.055,0.000,0.016,23.338,68709.773,0.974,68.000
0.046,0.001,0.003,21.676,117824.070,1.217,68.000
0.049,0.027,0.013,15.758,146588.156,5.572,68.000
0.047,0.000,0.010,25.045,134244.531,0.415,68.000
0.002,0.010,0.012,21.150,178152.312,7.737,68.000
0.049,0.010,0.010,20.557,247721.969,8.116,68.000
0.059,0.001,0.016,20.249,179434.406,0.221,68.000
0.048,0.002,0.014,23.672,203204.094,4.078,68.000
0.055,0.001,0.010,22.677,234399.531,4.235,68.000
0.002,0.010,0.011,21.164,175050.875,7.807,68.000
0.045,0.001,0.019,21.315,168487.656,2.516,68.000
0.047,0.001,0.002,20.097,170322.969,1.430,68.000
0.055,0.001,0.020,21.667,167471.719,2.823,68.000
0.052,0.000,0.013,30.763,-9087.367,0.959,68.000
0.050,0.014,0.011,20.134,232696.219,8.185,68.000
0.051,0.003,0.009,22.054,276303.000,5.632,68.000
0.048,0.015,0.012,19.927,248522.656,9.573,68.000
0.049,0.002,0.011,22.476,275615.344,5.499,68.000
0.055,0.001,0.010,29.589,124976.727,3.352,68.000
0.055,0.001,0.022,21.715,120143.430,2.071,68.000
0.049,0.001,0.007,27.736,65581.711,1.632,68.000
0.099,0.013,0.013,23.934,179748.688,6.741,68.000
0.050,0.009,0.010,19.736,247422.719,7.589,68.000
0.050,0.021,0.011,21.023,224314.344,8.725,68.000
0.052,0.006,0.010,19.482,274385.438,6.366,68.000
0.052,0.010,0.011,19.716,204182.156,7.112,68.000
0.048,0.003,0.012,23.008,276937.125,5.826,68.000
0.049,0.012,0.010,20.503,227859.312,7.632,68.000
0.050,0.023,0.011,21.324,223010.656,8.906,68.000
0.046,0.000,0.016,27.619,-37828.195,-1.376,68.000
0.000,0.012,0.012,16.101,31685.305,10.183,68.000
0.050,0.015,0.013,20.750,218757.625,6.807,68.000
0.053,0.002,0.009,22.609,247310.219,4.444,68.000
0.053,0.002,0.013,23.486,199250.562,3.591,68.000
0.048,0.010,0.011,20.718,252965.906,9.061,68.000
0.040,0.001,0.010,21.599,87834.539,0.721,68.000
0.048,0.008,0.011,22.305,284236.500,8.552,68.000
0.049,0.000,0.015,25.376,54085.648,1.211,68.000
0.098,0.012,0.012,21.329,210264.688,7.172,68.000
0.044,0.000,0.008,27.960,-43192.129,-0.804,68.000
0.051,0.009,0.013,21.607,245929.000,8.109,68.000
0.050,0.014,0.013,21.404,220539.094,7.295,68.000
0.052,0.000,0.008,28.648,65677.477,2.181,68.000
0.050,0.006,0.010,19.689,282032.375,6.787,68.000
0.052,0.012,0.012,21.421,199280.875,6.671,68.000
0.054,0.001,0.006,24.307,110589.336,1.762,68.000
0.044,0.000,0.015,28.063,-91705.969,-1.059,68.000
0.049,0.016,0.012,19.554,232584.844,8.196,68.000
0.050,0.001,0.007,23.297,206782.438,3.280,68.000
0.049,0.021,0.012,21.065,240738.562,8.898,68.000
0.048,0.002,0.010,22.912,268285.969,4.423,68.000
0.048,0.004,0.013,22.957,257585.938,6.451,68.000
0.048,0.016,0.012,19.543,239030.344,8.979,68.000
0.053,0.000,0.018,22.790,72134.258,3.082,68.000
0.058,0.000,0.018,23.232,87308.977,-1.045,68.000
0.054,0.001,0.018,21.367,199614.750,2.563,68.000
0.051,0.008,0.014,19.181,236068.500,7.233,68.000
0.048,0.000,0.009,33.273,-72546.102,1.028,68.000
0.050,0.000,0.009,34.378,-65352.711,1.141,68.000
0.060,0.001,0.012,21.984,130689.633,0.926,68.000
0.051,0.027,0.014,24.664,147345.438,5.925,68.000
0.049,0.007,0.011,21.965,298008.438,8.589,68.000
0.052,0.018,0.011,20.912,209911.469,7.647,68.000
0.050,0.021,0.011,20.531,219357.594,9.159,68.000
0.049,0.016,0.011,20.143,230146.875,9.313,68.000
0.052,0.024,0.012,22.378,224308.469,7.125,68.000
0.051,0.008,0.014,20.579,247937.219,7.976,68.000
0.043,0.001,0.008,21.896,151484.656,1.388,68.000
0.047,0.001,0.015,23.016,192173.750,3.083,68.000
0.058,0.001,0.005,17.942,216624.750,2.670,68.000
0.048,0.023,0.012,20.666,233956.281,9.949,68.000
0.051,0.007,0.014,20.524,233181.438,7.016,68.000
0.049,0.001,0.005,20.729,212987.188,2.159,68.000
0.048,0.020,0.013,20.747,256028.250,8.706,68.000
0.048,0.006,0.014,21.925,242078.906,7.362,68.000
0.050,0.018,0.010,19.923,211998.094,8.957,68.000
0.050,0.020,0.013,21.464,247614.250,8.143,68.000
0.059,0.001,0.015,20.437,172454.125,0.367,68.000
0.045,0.001,0.018,25.031,166998.062,1.717,68.000
0.053,0.001,0.013,23.929,204696.281,3.821,68.000
0.054,0.001,0.005,21.690,189938.156,2.944,68.000
0.052,0.007,0.013,20.348,220471.969,6.621,68.000
0.050,0.020,0.014,22.511,250260.312,6.902,68.000
0.054,0.002,0.006,20.361,215438.781,2.577,68.000
0.003,0.012,0.013,20.946,206509.312,7.442,68.000
0.050,0.015,0.012,21.287,222654.875,7.372,68.000
0.050,0.016,0.014,20.643,221852.812,6.479,68.000
0.053,0.002,0.009,22.598,244847.750,4.424,68.000
0.052,0.001,0.004,24.367,57716.352,0.822,68.000
0.051,0.001,0.013,28.595,222110.125,4.388,68.000
0.055,0.000,0.020,19.922,11880.500,-2.684,68.000
0.048,0.001,0.009,25.860,224544.250,3.514,68.000
0.041,0.001,0.019,19.426,97787.352,0.868,68.000
0.053,0.000,0.002,23.821,51467.742,1.368,68.000
0.050,0.024,0.012,22.098,228322.031,8.213,68.000
0.051,0.000,0.017,27.710,51690.836,-0.586,68.000
0.044,0.000,0.014,28.112,40853.023,1.084,68.000
0.041,0.001,0.012,21.042,135676.000,1.979,68.000
0.045,0.002,0.017,22.714,170804.812,2.435,68.000
0.043,0.001,0.018,21.901,130530.430,1.629,68.000
0.050,0.018,0.013,20.929,232156.281,7.410,68.000
0.051,0.006,0.013,22.477,250817.125,6.890,68.000
0.045,0.000,0.019,24.664,-32753.953,-0.716,68.000
0.049,0.026,0.014,23.028,227277.125,8.135,68.000
0.050,0.003,0.013,23.180,261797.812,5.886,68.000
0.047,0.002,0.018,22.135,182930.188,2.480,68.000
0.040,0.001,0.012,20.360,102659.445,1.284,68.000
0.050,0.008,0.012,22.031,270142.719,8.607,68.000
0.039,0.001,0.011,20.684,78247.523,0.853,68.000
0.041,0.000,0.011,21.851,-46996.461,-0.738,68.000
0.052,0.020,0.011,21.385,212001.625,8.119,68.000
0.059,0.001,0.015,20.593,160009.812,-0.072,68.000
0.042,0.001,0.006,22.358,24760.094,1.410,68.000
0.050,0.020,0.014,22.569,250248.250,6.987,68.000
0.052,0.005,0.013,21.733,237871.062,6.050,68.000
0.050,0.023,0.012,21.980,226382.406,8.615,68.000
0.042,0.000,0.018,21.090,9063.633,0.050,68.000
0.048,0.001,0.016,25.263,196900.750,2.448,68.000
0.048,0.003,0.011,22.176,267473.719,5.742,68.000
0.048,0.008,0.010,20.638,263595.000,7.906,68.000
0.049,0.002,0.018,22.479,188546.469,2.751,68.000
0.048,0.000,0.003,21.981,29800.211,0.423,68.000
0.040,0.000,0.013,17.785,24239.055,-0.362,68.000
0.045,0.001,0.012,22.204,243206.312,3.350,68.000
0.050,0.001,0.018,23.663,190749.438,2.406,68.000
0.049,0.001,0.018,23.477,193926.125,2.474,68.000
0.050,0.016,0.011,20.299,227341.594,9.061,68.000
0.052,0.005,0.012,20.994,269325.750,6.264,68.000
0.051,0.001,0.016,25.036,214843.469,2.388,68.000
0.050,0.015,0.011,20.464,226688.000,8.228,68.000
0.048,0.001,0.015,27.585,120402.383,1.508,68.000
0.049,0.014,0.010,20.179,223920.562,7.962,68.000
0.055,0.001,0.020,21.264,175054.688,2.825,68.000
0.046,0.001,0.017,22.945,171798.438,2.519,68.000
0.048,0.009,0.013,20.819,271339.250,9.031,68.000
0.043,0.001,0.008,22.580,174252.344,1.972,68.000
0.052,0.016,0.011,20.476,203971.156,7.233,68.000
0.054,0.000,0.015,29.631,-12548.656,-1.410,68.000
0.048,0.007,0.011,22.347,291041.625,8.543,68.000
0.050,0.001,0.008,25.013,210930.031,3.755,68.000
0.048,0.001,0.020,21.972,181894.250,2.982,68.000
0.050,0.002,0.015,24.034,203043.812,3.481,68.000
0.048,0.003,0.011,22.219,267708.688,5.497,68.000
0.049,0.001,0.022,21.278,145960.000,2.456,68.000
0.047,0.001,0.004,18.957,192009.125,1.169,68.000
0.056,0.000,0.013,29.137,23155.633,3.369,68.000
0.044,0.001,0.011,21.248,237244.750,2.989,68.000
0.048,0.005,0.014,22.438,232432.188,6.566,68.000
0.050,0.012,0.013,20.636,231035.188,7.892,68.000
0.048,0.013,0.011,19.807,251921.938,8.897,68.000
0.049,0.001,0.019,21.734,183460.188,2.838,68.000
0.044,0.000,0.011,21.936,85282.523,-0.205,68.000
0.044,0.000,0.012,28.903,49336.727,2.130,68.000
0.052,0.015,0.012,22.156,198596.250,6.247,68.000
0.050,0.009,0.013,21.510,249901.219,8.296,68.000
0.043,0.000,0.019,23.179,22352.344,0.548,68.000
0.048,0.013,0.011,19.625,256922.438,9.139,68.000
0.047,0.001,0.012,22.993,260136.469,4.705,68.000
0.056,0.001,0.006,24.946,75289.055,1.386,68.000
0.048,0.015,0.011,19.813,245945.562,9.632,68.000
0.040,0.000,0.008,21.065,-49136.078,-1.669,68.000
0.048,0.000,0.014,28.356,76710.508,0.701,68.000
0.050,0.019,0.011,20.435,220378.562,8.754,68.000
0.041,0.001,0.016,19.060,103700.102,2.047,68.000
0.049,0.020,0.013,21.657,256649.219,8.251,68.000
0.058,0.001,0.013,22.807,145341.938,1.598,68.000
0.048,0.005,0.014,22.496,232085.969,6.401,68.000
0.052,0.012,0.011,19.892,192686.562,6.691,68.000
0.051,0.003,0.011,21.403,279139.062,5.827,68.000
0.049,0.026,0.012,20.754,233751.688,9.789,68.000
0.051,0.005,0.013,21.969,251601.531,6.069,68.000
0.055,0.001,0.011,27.893,157258.719,3.186,68.000
0.044,0.001,0.016,23.253,101799.977,1.328,68.000
0.042,0.000,0.015,25.444,-1492.570,-2.478,68.000
0.052,0.002,0.005,20.780,224372.062,2.607,68.000
0.046,0.001,0.013,24.244,234503.750,4.100,68.000
0.052,0.026,0.012,22.651,221381.031,6.694,68.000
0.042,0.000,0.017,25.471,-57013.969,0.613,68.000
0.051,0.013,0.013,21.726,218799.656,7.043,68.000
0.046,0.001,0.011,21.701,255790.281,3.804,68.000
0.051,0.001,0.010,23.382,269893.344,4.787,68.000
0.049,0.008,0.012,22.002,276036.094,8.844,68.000
0.052,0.015,0.012,22.460,195116.312,5.932,68.000
0.052,0.009,0.012,20.172,214041.094,7.428,68.000
0.048,0.000,0.020,18.831,144308.219,1.939,68.000
0.048,0.001,0.012,26.817,200656.906,3.241,68.000
0.048,0.026,0.013,21.356,227916.750,8.612,68.000
0.049,0.007,0.012,22.830,285199.062,8.507,68.000
0.052,0.006,0.012,20.719,248572.781,6.307,68.000
0.049,0.012,0.012,20.161,245380.000,8.880,68.000
0.050,0.007,0.010,19.645,282263.500,7.773,68.000
0.056,0.001,0.017,20.590,196349.500,1.895,68.000
0.052,0.007,0.011,19.472,273704.906,6.717,68.000
0.057,0.000,0.006,23.328,3271.938,1.113,68.000
0.049,0.004,0.015,22.791,216172.625,5.439,68.000
0.050,0.025,0.011,21.478,222663.438,8.564,68.000
0.048,0.009,0.012,21.549,266258.125,8.890,68.000
0.048,0.019,0.011,19.386,228924.906,9.892,68.000
0.051,0.000,0.022,20.108,29053.680,-0.065,68.000
0.052,0.002,0.011,22.599,267023.406,5.143,68.000
0.054,0.000,0.019,23.582,22121.945,1.750,68.000
0.051,0.004,0.009,21.601,276163.344,5.728,68.000
0.043,0.001,0.007,22.307,136184.656,1.633,68.000
0.040,0.001,0.014,18.438,118704.680,2.416,68.000
0.050,0.019,0.011,20.599,219958.562,8.798,68.000
0.049,0.013,0.011,19.955,242789.188,8.563,68.000
0.049,0.020,0.011,19.680,225092.094,9.856,68.000
0.057,0.001,0.010,25.949,68004.305,2.155,68.000
0.039,0.001,0.010,21.360,81307.664,0.638,68.000
0.050,0.005,0.012,22.331,266913.188,6.744,68.000
0.044,0.000,0.010,27.206,4395.633,2.647,68.000
0.050,0.010,0.012,20.201,245891.219,8.779,68.000
0.052,0.001,0.017,22.907,205416.719,2.886,68.000
0.053,0.002,0.018,22.290,190086.938,2.406,68.000
0.049,0.026,0.010,18.396,239938.594,9.808,68.000
0.049,0.017,0.011,19.800,231693.469,9.479,68.000
0.052,0.001,0.017,22.458,202766.625,2.993,68.000
0.049,0.005,0.011,21.449,299003.156,7.454,68.000
0.048,0.006,0.013,22.344,265511.688,7.841,68.000
0.051,0.016,0.011,20.736,210532.438,7.785,68.000
0.058,0.001,0.005,18.052,224612.719,2.735,68.000
0.051,0.024,0.010,21.086,219351.344,7.834,68.000
0.051,0.014,0.012,21.715,214789.250,7.125,68.000
0.049,0.013,0.010,20.712,225181.625,7.742,68.000
0.050,0.015,0.012,21.094,219770.000,7.232,68.000
0.053,0.002,0.011,23.186,259281.969,4.731,68.000
0.046,0.001,0.016,23.339,182628.312,2.505,68.000
0.049,0.020,0.014,22.717,255808.844,7.371,68.000
0.052,0.001,0.006,22.609,192370.688,2.671,68.000
0.052,0.027,0.011,14.270,211747.469,5.707,68.000
0.051,0.002,0.010,22.406,274786.125,5.133,68.000
0.050,0.000,0.019,24.636,102683.883,1.189,68.000
0.047,0.001,0.007,22.548,221243.938,3.123,68.000
0.042,0.001,0.008,22.206,108949.180,1.213,68.000
0.051,0.009,0.012,21.027,243030.969,8.146,68.000
0.058,0.001,0.013,22.276,142500.656,1.625,68.000
0.048,0.021,0.012,20.341,235739.969,9.733,68.000
0.052,0.023,0.011,21.883,216601.344,7.580,68.000
0.052,0.001,0.015,25.669,163211.625,1.505,68.000
0.051,0.008,0.012,21.290,261036.344,8.189,68.000
0.044,0.001,0.005,23.501,40396.758,1.670,68.000
0.052,0.009,0.010,19.223,226910.906,7.018,68.000
0.044,0.000,0.015,27.616,-75759.867,-2.632,68.000
0.052,0.001,0.010,25.332,243433.875,4.524,68.000
0.041,0.001,0.013,24.505,34799.742,0.199,68.000
0.051,0.014,0.013,22.153,213054.094,6.779,68.000
0.051,0.005,0.013,22.445,234586.969,5.735,68.000
0.055,0.001,0.021,23.558,71442.945,1.142,68.000
0.049,0.019,0.013,21.160,253372.031,8.375,68.000
0.051,0.013,0.012,20.502,223716.375,7.841,68.000
0.098,0.013,0.012,21.300,212873.062,7.036,68.000
0.049,0.001,0.021,20.844,177252.188,3.123,68.000
0.042,0.000,0.018,18.904,-30690.219,0.347,68.000
0.058,0.001,0.012,22.292,143927.688,1.791,68.000
0.056,0.001,0.018,20.958,186238.281,1.752,68.000
0.045,0.001,0.012,23.740,233203.438,3.520,68.000
0.050,0.013,0.014,19.657,221806.781,7.287,68.000
0.001,0.013,0.011,21.497,192823.469,7.837,68.000
0.048,0.001,0.007,25.573,145384.219,2.719,68.000
0.043,0.001,0.005,19.855,96535.773,1.723,68.000
0.050,0.002,0.016,23.427,208380.500,3.302,68.000
0.056,0.001,0.005,20.228,187527.688,2.226,68.000
0.047,0.002,0.015,23.443,195814.188,3.322,68.000
0.042,0.001,0.006,20.497,56561.680,1.474,68.000
0.045,0.000,0.005,21.182,70292.570,0.567,68.000
0.051,0.025,0.013,23.760,226386.031,6.802,68.000
0.047,0.000,0.020,19.677,24708.172,1.922,68.000
0.049,0.023,0.014,21.990,232269.219,8.337,68.000
0.049,0.000,0.020,19.310,144706.469,2.347,68.000
0.055,0.001,0.011,24.086,229282.719,4.443,68.000
0.050,0.000,0.020,22.557,53387.414,1.272,68.000
0.049,0.017,0.013,19.853,230868.719,7.852,68.000
0.053,0.001,0.015,24.071,187095.125,2.248,68.000
0.049,0.026,0.014,22.018,235527.188,8.922,68.000
0.052,0.011,0.013,20.621,204683.656,7.223,68.000
0.047,0.001,0.012,22.559,264826.594,4.594,68.000
0.053,0.000,0.007,26.332,20680.391,1.601,68.000
0.051,0.003,0.013,22.625,243797.312,5.184,68.000
0.049,0.015,0.010,19.657,224902.188,8.737,68.000
0.049,0.015,0.012,20.467,238117.188,8.321,68.000
0.041,0.000,0.008,21.686,-50168.676,-1.186,68.000
0.050,0.023,0.014,23.278,235099.031,8.023,68.000
0.050,0.023,0.013,22.343,232880.375,8.012,68.000
0.043,0.001,0.019,22.973,68260.523,0.435,68.000
0.041,0.001,0.017,19.279,82063.570,1.142,68.000
0.047,0.001,0.022,20.685,164798.594,2.770,68.000
0.052,0.020,0.012,21.900,214502.125,7.138,68.000
0.058,0.001,0.007,23.189,132359.781,2.695,68.000
0.050,0.017,0.013,19.947,229910.812,7.795,68.000
0.050,0.021,0.013,21.967,245763.094,7.911,68.000
0.045,0.001,0.008,26.616,114017.680,1.909,68.000
0.049,0.024,0.013,21.749,233491.625,8.699,68.000
0.047,0.000,0.018,23.589,-68226.750,-1.424,68.000
0.051,0.001,0.002,19.451,222656.281,2.099,68.000
0.046,0.001,0.020,21.037,165819.281,2.525,68.000
0.052,0.005,0.013,21.458,228203.531,5.340,68.000
0.050,0.017,0.012,20.379,218636.750,8.092,68.000
0.050,0.017,0.014,21.532,232912.469,6.819,68.000
0.051,0.018,0.013,21.790,224438.031,7.142,68.000
0.049,0.013,0.014,20.064,222877.375,7.446,68.000
0.051,0.000,0.007,26.207,36294.789,4.204,68.000
0.057,0.000,0.014,23.994,81936.367,2.661,68.000
0.041,0.000,0.010,22.597,-18865.188,-2.155,68.000
0.054,0.000,0.010,27.157,43636.055,2.421,68.000
0.051,0.004,0.012,21.390,282830.594,6.299,68.000
0.058,0.000,0.007,23.705,-40302.516,3.179,68.000
0.051,0.001,0.011,26.448,259028.312,4.575,68.000
0.048,0.020,0.013,20.373,254133.656,9.187,68.000
0.050,0.008,0.009,19.215,255640.656,7.179,68.000
0.052,0.001,0.013,27.681,218440.219,4.054,68.000
0.051,0.002,0.018,22.084,196297.875,2.867,68.000
0.051,0.013,0.013,21.671,221970.969,7.443,68.000
0.051,0.009,0.015,18.101,232365.875,7.129,68.000
0.048,0.019,0.010,19.815,227879.531,10.201,68.000
0.048,0.001,0.016,23.827,195128.344,2.808,68.000
0.051,0.024,0.011,22.425,221091.688,7.534,68.000
0.049,0.004,0.014,22.897,229173.875,5.817,68.000
0.049,0.005,0.011,21.550,291948.875,7.071,68.000
0.053,0.000,0.015,30.063,-46959.473,1.493,68.000
0.052,0.022,0.012,22.595,223708.406,6.994,68.000
0.051,0.018,0.012,21.595,218352.938,7.046,68.000
0.045,0.001,0.009,27.028,110887.680,1.804,68.000
0.057,0.001,0.014,25.342,146319.375,0.938,68.000
0.052,0.002,0.019,22.479,185419.812,2.480,68.000
0.048,0.001,0.006,25.203,104868.648,1.929,68.000
0.046,0.001,0.004,19.810,173701.094,1.222,68.000
0.057,0.000,0.011,27.585,72.125,1.641,68.000
0.050,0.016,0.010,19.615,218299.469,8.556,68.000
0.050,0.009,0.011,20.507,267397.750,8.703,68.000
0.051,0.023,0.011,22.117,216285.500,7.708,68.000
0.051,0.007,0.013,21.569,236552.531,7.060,68.000
0.050,0.002,0.009,23.481,274182.844,4.747,68.000
0.002,0.012,0.011,21.318,184267.250,7.559,68.000
0.049,0.008,0.012,22.373,280704.281,8.818,68.000
0.050,0.009,0.013,21.336,254765.375,8.490,68.000
0.048,0.024,0.014,21.850,231165.312,8.765,68.000
0.048,0.014,0.010,19.490,234771.281,8.678,68.000
0.056,0.001,0.004,20.576,158122.906,1.792,68.000
0.056,0.002,0.010,21.282,211734.156,3.531,68.000
0.049,0.000,0.006,23.163,20111.688,2.306,68.000
0.052,0.016,0.012,21.704,205059.594,6.526,68.000
0.053,0.001,0.007,21.856,223366.812,3.427,68.000
0.050,0.007,0.011,20.445,294793.656,8.075,68.000
0.052,0.001,0.002,20.162,186759.844,2.164,68.000
0.050,0.002,0.010,22.768,277464.156,5.331,68.000
0.000,0.013,0.011,23.902,83765.680,3.689,68.000
0.048,0.007,0.011,22.067,287047.375,8.282,68.000
0.056,0.001,0.018,21.822,191424.094,1.628,68.000
0.049,0.022,0.012,21.008,237419.562,9.278,68.000
0.054,0.001,0.015,24.406,200439.125,1.772,68.000
0.051,0.008,0.011,19.918,261255.281,8.001,68.000
0.052,0.021,0.011,21.740,216102.781,7.784,68.000
0.050,0.023,0.011,21.882,223136.375,8.700,68.000
0.048,0.000,0.018,24.980,-20909.047,-0.424,68.000
0.051,0.000,0.018,27.278,16309.469,-0.806,68.000
0.041,0.000,0.015,21.827,78869.898,0.659,68.000
0.039,0.000,0.011,20.760,44457.508,-0.873,68.000
0.051,0.001,0.015,27.365,167733.125,1.806,68.000
0.051,0.012,0.014,20.205,223610.500,7.493,68.000
0.049,0.002,0.007,22.358,227476.344,3.443,68.000
0.055,0.001,0.018,21.391,193578.125,2.116,68.000
0.052,0.019,0.012,21.982,213313.469,6.821,68.000
0.052,0.003,0.010,21.214,273523.875,5.357,68.000
0.047,0.001,0.012,24.464,245336.375,4.032,68.000
0.049,0.021,0.011,20.360,226836.812,9.317,68.000
0.049,0.020,0.011,20.407,225466.469,9.452,68.000
0.044,0.001,0.018,21.300,160770.531,2.349,68.000
0.051,0.021,0.013,22.201,235100.188,7.201,68.000
0.053,0.000,0.005,23.405,82522.945,1.527,68.000
0.056,0.001,0.013,26.465,116391.555,1.953,68.000
0.048,0.001,0.018,24.788,191789.938,2.181,68.000
0.050,0.012,0.010,20.201,218697.812,7.562,68.000
0.050,0.017,0.013,20.820,227154.188,7.145,68.000
0.049,0.011,0.013,20.449,244433.812,8.812,68.000
0.051,0.005,0.015,21.169,217081.375,6.119,68.000
0.051,0.007,0.014,20.230,230538.594,6.887,68.000
0.044,0.001,0.015,20.790,170679.250,2.740,68.000
0.051,0.025,0.013,23.079,228443.469,7.417,68.000
0.042,0.001,0.011,21.212,157886.250,1.860,68.000
0.055,0.001,0.009,24.439,177748.906,3.525,68.000
0.052,0.001,0.017,23.169,211694.062,3.103,68.000
0.041,0.001,0.009,23.000,114993.117,1.043,68.000
0.056,0.002,0.009,22.062,211541.812,3.584,68.000
0.002,0.014,0.012,21.163,225179.000,7.654,68.000
0.052,0.000,0.004,23.672,39654.227,1.732,68.000
0.053,0.001,0.008,26.242,116678.727,2.091,68.000
0.052,0.008,0.012,21.088,227662.969,7.398,68.000
0.050,0.002,0.007,22.029,228772.719,3.345,68.000
0.048,0.009,0.014,19.596,233484.875,7.504,68.000
0.048,0.019,0.012,19.180,237555.094,9.676,68.000
0.049,0.003,0.012,23.269,265609.219,5.677,68.000
0.048,0.027,0.011,14.527,222316.625,5.898,68.000
0.052,0.003,0.013,22.342,234891.125,4.940,68.000
0.047,0.000,0.007,26.650,34136.602,1.175,68.000
0.056,0.001,0.012,24.385,178662.000,3.358,68.000
0.056,0.001,0.009,22.539,222506.062,4.102,68.000
0.051,0.021,0.010,21.055,216455.438,8.926,68.000
0.041,0.001,0.012,23.762,66808.148,0.279,68.000
0.059,0.001,0.014,22.026,147507.812,0.736,68.000
0.052,0.022,0.010,21.452,214721.938,8.115,68.000
0.048,0.014,0.012,20.135,258322.594,9.571,68.000
0.050,0.023,0.010,20.687,215969.469,8.630,68.000
0.052,0.026,0.011,21.617,226388.156,7.338,68.000
0.047,0.001,0.014,25.239,200489.375,3.042,68.000
0.050,0.001,0.014,27.604,196588.938,3.066,68.000
0.048,0.002,0.005,20.790,219211.500,2.349,68.000
0.050,0.000,0.016,27.760,-80281.414,-1.000,68.000
0.053,0.000,0.011,34.111,-51589.281,-0.777,68.000
0.047,0.001,0.021,22.921,60754.008,0.658,68.000
0.050,0.019,0.011,20.258,219701.500,8.715,68.000
0.050,0.000,0.010,28.966,101880.805,1.941,68.000
0.049,0.015,0.013,20.065,224451.844,7.026,68.000
0.047,0.001,0.015,29.115,117213.148,1.355,68.000
0.048,0.019,0.011,19.116,232938.438,9.836,68.000
0.049,0.026,0.014,23.190,225234.938,7.969,68.000
0.044,0.002,0.008,22.091,172576.281,1.877,68.000
0.047,0.000,0.013,28.167,-12247.578,1.828,68.000
0.053,0.001,0.010,26.862,226127.312,4.743,68.000
0.052,0.025,0.012,22.407,222015.031,7.182,68.000
0.051,0.021,0.011,21.023,210564.000,8.472,68.000
0.056,0.002,0.011,22.279,205026.562,3.858,68.000
0.003,0.012,0.011,21.184,177388.000,7.589,68.000
0.050,0.001,0.005,20.135,223681.938,2.269,68.000
0.051,0.008,0.014,19.885,237452.750,7.442,68.000
0.044,0.001,0.019,21.551,148483.500,1.859,68.000
0.098,0.012,0.010,22.465,211531.594,7.693,68.000
0.045,0.001,0.017,24.087,98150.961,0.925,68.000
0.049,0.025,0.013,21.672,233784.250,8.749,68.000
0.058,0.001,0.017,24.039,102395.492,-0.501,68.000
0.049,0.016,0.013,20.503,236025.906,7.497,68.000
0.047,0.001,0.004,23.357,88632.820,1.527,68.000
0.051,0.001,0.007,24.307,222222.062,4.024,68.000
0.056,0.001,0.015,20.675,205411.031,2.042,68.000
0.053,0.001,0.020,21.267,181985.031,2.899,68.000
0.056,0.000,0.006,22.305,36894.414,3.709,68.000
0.049,0.016,0.011,19.639,230812.219,9.509,68.000
0.050,0.003,0.010,21.550,277614.750,5.594,68.000
0.060,0.001,0.010,20.555,153984.281,2.262,68.000
0.099,0.012,0.013,21.320,217632.250,6.762,68.000
0.051,0.000,0.021,19.554,103060.398,2.724,68.000
0.049,0.017,0.014,21.375,237513.969,6.931,68.000
0.053,0.000,0.019,22.136,-48199.473,-0.979,68.000
0.049,0.011,0.013,20.312,246242.969,8.861,68.000
0.051,0.009,0.011,20.317,243705.969,8.334,68.000
0.059,0.001,0.017,19.517,176470.156,0.477,68.000
0.056,0.002,0.013,22.979,162836.844,2.667,68.000
0.051,0.017,0.013,21.353,220234.219,6.754,68.000
0.056,0.001,0.018,21.103,192731.438,1.437,68.000
0.050,0.026,0.013,22.097,234983.438,8.591,68.000
0.098,0.013,0.012,20.948,206083.625,7.157,68.000
0.051,0.008,0.012,20.864,248325.469,7.999,68.000
0.050,0.010,0.014,20.150,236508.750,8.094,68.000
0.051,0.026,0.012,23.442,222141.250,6.555,68.000
0.050,0.013,0.013,20.751,227052.969,7.607,68.000
0.052,0.009,0.014,19.883,229379.250,7.498,68.000
0.057,0.001,0.007,23.298,81050.961,1.455,68.000
0.049,0.008,0.012,22.139,272832.875,8.841,68.000
0.052,0.015,0.011,20.510,199394.219,7.184,68.000
0.055,0.001,0.017,22.525,214433.906,2.162,68.000
0.047,0.001,0.010,25.187,241094.594,3.351,68.000
0.050,0.011,0.013,20.603,237288.219,8.270,68.000
0.048,0.021,0.011,19.747,228386.844,9.766,68.000
0.049,0.007,0.012,22.349,297378.406,8.612,68.000
0.048,0.016,0.010,19.958,237165.406,9.898,68.000
0.052,0.000,0.002,23.767,15291.656,1.576,68.000
0.049,0.014,0.012,20.817,242965.656,8.386,68.000
0.049,0.025,0.011,19.946,218933.250,9.470,68.000
0.050,0.009,0.012,21.118,256081.094,8.696,68.000
0.053,0.000,0.011,32.880,-43256.902,0.843,68.000
0.041,0.000,0.009,21.840,-72201.359,0.236,68.000
0.059,0.001,0.012,21.618,137711.031,1.593,68.000
0.050,0.014,0.010,20.445,216588.969,7.655,68.000
0.045,0.000,0.017,23.770,25818.430,-0.506,68.000
0.043,0.001,0.007,21.266,137447.375,1.433,68.000
0.047,0.000,0.021,21.907,18553.867,0.453,68.000
0.051,0.001,0.008,23.233,253476.188,4.523,68.000
0.044,0.001,0.006,24.942,26263.328,1.586,68.000
0.050,0.001,0.002,21.852,148292.281,1.769,68.000
0.049,0.008,0.010,20.155,275117.688,7.863,68.000
0.050,0.024,0.013,22.781,230262.375,7.845,68.000
0.045,0.000,0.020,20.301,-47749.176,0.005,68.000
0.053,0.000,0.012,29.935,38253.680,1.938,68.000
0.049,0.015,0.012,19.916,235966.219,8.325,68.000
0.050,0.002,0.010,22.838,275882.969,5.004,68.000
0.048,0.000,0.005,23.841,65395.664,1.202,68.000
0.049,0.002,0.005,20.899,221550.938,2.388,68.000
0.050,0.003,0.013,23.174,239613.031,5.077,68.000
0.046,0.000,0.004,20.963,56963.602,0.260,68.000
0.044,0.002,0.009,22.143,187147.594,2.341,68.000
0.051,0.024,0.012,22.119,224574.969,8.033,68.000
0.046,0.000,0.020,21.288,54658.102,0.325,68.000
0.054,0.001,0.020,21.400,175917.406,2.898,68.000
0.055,0.001,0.010,23.555,229780.875,4.364,68.000
0.050,0.006,0.011,20.102,291910.688,7.071,68.000
0.042,0.001,0.005,19.023,134566.344,1.808,68.000
0.050,0.001,0.015,25.441,197606.188,2.789,68.000
0.049,0.011,0.012,20.192,250068.219,8.916,68.000
0.044,0.000,0.018,23.647,29116.258,-0.439,68.000
0.056,0.001,0.008,24.483,89595.742,1.042,68.000
0.054,0.001,0.018,22.727,201382.312,2.032,68.000
0.049,0.001,0.022,21.663,113209.945,1.952,68.000
0.046,0.001,0.014,23.477,213313.750,3.604,68.000
0.040,0.001,0.013,20.313,112939.836,1.786,68.000
0.052,0.025,0.011,21.759,224148.688,7.457,68.000
0.059,0.001,0.011,22.601,156823.438,2.586,68.000
0.043,0.001,0.019,21.467,134834.375,1.591,68.000
0.041,0.000,0.014,21.364,2139.109,-0.840,68.000
0.048,0.020,0.011,19.639,228385.500,9.634,68.000
0.046,0.002,0.018,21.493,179543.500,2.496,68.000
0.051,0.025,0.011,21.956,223728.812,7.583,68.000
0.058,0.001,0.005,18.464,211179.094,2.742,68.000
0.051,0.016,0.013,21.272,218269.562,6.440,68.000
0.052,0.016,0.011,21.565,204042.812,6.833,68.000
0.052,0.002,0.013,23.622,216300.938,4.336,68.000
0.049,0.022,0.010,20.235,221596.938,9.771,68.000
0.099,0.012,0.011,22.755,206543.031,7.653,68.000
0.052,0.013,0.012,22.241,205882.406,6.526,68.000
0.051,0.019,0.011,20.845,216074.094,8.306,68.000
0.048,0.013,0.013,19.989,253624.531,9.082,68.000
0.051,0.013,0.011,20.017,211999.469,7.355,68.000
0.051,0.006,0.010,18.869,268886.969,6.577,68.000
0.050,0.022,0.010,20.377,216937.719,9.161,68.000
0.051,0.021,0.013,22.622,238829.750,7.283,68.000
0.048,0.001,0.020,20.743,169128.125,2.961,68.000
0.059,0.001,0.007,21.663,147216.812,2.757,68.000
0.047,0.002,0.008,22.806,231496.469,3.566,68.000
0.053,0.001,0.020,21.353,187038.719,3.041,68.000
0.048,0.020,0.014,21.929,257691.469,8.173,68.000
0.052,0.004,0.013,21.410,232856.656,5.224,68.000
0.048,0.003,0.011,22.224,271204.156,5.759,68.000
0.041,0.001,0.007,23.049,249.680,0.680,68.000
0.056,0.002,0.007,21.775,200018.625,3.002,68.000
0.052,0.000,0.011,31.961,37450.898,1.867,68.000
0.052,0.010,0.012,19.995,214199.438,7.233,68.000
0.098,0.013,0.011,21.690,208827.656,7.772,68.000
0.047,0.002,0.015,23.237,196320.062,3.718,68.000
0.049,0.002,0.015,24.069,200986.625,3.858,68.000
0.048,0.014,0.013,19.904,235732.875,8.201,68.000
0.047,0.001,0.015,28.014,115314.008,1.267,68.000
0.046,0.001,0.003,21.146,133874.562,1.229,68.000
0.057,0.001,0.011,22.697,203082.094,3.757,68.000
0.050,0.022,0.014,22.970,243883.250,7.165,68.000
0.053,0.001,0.019,22.483,190018.875,2.421,68.000
0.049,0.016,0.010,19.823,229167.500,9.406,68.000
0.053,0.001,0.009,26.391,168971.844,3.613,68.000
0.058,0.001,0.013,25.164,124822.820,1.620,68.000
0.049,0.001,0.019,21.748,185094.875,2.590,68.000
0.051,0.014,0.011,20.245,218635.531,7.682,68.000
0.048,0.006,0.013,22.713,264037.156,7.462,68.000
0.050,0.001,0.013,27.734,215431.562,3.905,68.000
0.052,0.007,0.011,19.470,266197.531,6.690,68.000
0.053,0.000,0.011,31.085,3882.828,2.411,68.000
0.048,0.025,0.010,18.816,228506.188,9.811,68.000
0.044,0.001,0.019,21.244,156612.656,2.263,68.000
0.058,0.001,0.014,23.132,157143.156,1.688,68.000
0.050,0.002,0.008,23.017,254253.625,4.393,68.000
0.046,0.001,0.008,22.758,220737.656,3.133,68.000
0.042,0.000,0.007,18.245,-19385.750,1.706,68.000
0.057,0.001,0.004,18.226,247349.250,2.846,68.000
0.052,0.014,0.011,20.513,192485.750,6.660,68.000
0.051,0.022,0.011,21.289,219619.938,8.174,68.000
0.048,0.000,0.017,27.884,-16912.266,-1.528,68.000
0.050,0.005,0.013,23.170,256366.438,6.868,68.000
0.050,0.014,0.013,21.326,220270.375,7.157,68.000
0.057,0.000,0.017,20.658,119328.680,1.644,68.000
0.048,0.023,0.012,20.651,233669.219,9.970,68.000
0.052,0.008,0.014,20.117,235748.031,7.624,68.000
0.050,0.024,0.011,21.626,221955.000,8.650,68.000
0.049,0.026,0.010,18.911,228795.625,9.414,68.000
0.050,0.001,0.013,32.324,87506.742,2.070,68.000
0.048,0.000,0.014,29.785,19270.516,-0.345,68.000
0.052,0.022,0.012,22.246,221294.250,6.906,68.000
0.054,0.000,0.014,26.438,59753.867,2.203,68.000
0.048,0.006,0.014,22.037,240165.562,7.148,68.000
0.052,0.021,0.013,22.817,234340.469,6.681,68.000
0.049,0.001,0.018,22.272,185069.750,2.466,68.000
0.043,0.001,0.019,20.650,130718.477,1.513,68.000
0.100,0.012,0.013,27.143,-107335.508,10.866,68.000
0.050,0.024,0.012,21.726,226918.344,8.559,68.000
0.048,0.019,0.013,20.342,251792.094,8.875,68.000
0.056,0.001,0.006,20.633,204488.781,2.800,68.000
0.048,0.001,0.003,20.091,193431.312,1.519,68.000
0.048,0.014,0.014,19.781,226874.312,7.300,68.000
0.056,0.000,0.017,23.754,61894.242,0.388,68.000
0.044,0.000,0.013,25.257,96753.820,-0.059,68.000
0.049,0.002,0.014,23.956,223394.406,4.844,68.000
0.099,0.013,0.012,22.636,218583.344,7.621,68.000
0.049,0.005,0.015,22.164,217514.406,5.842,68.000
0.056,0.001,0.010,21.730,216143.219,3.734,68.000
0.053,0.001,0.003,20.195,202855.250,2.387,68.000
0.050,0.013,0.013,21.219,226178.750,7.885,68.000
0.000,0.011,0.011,20.584,-13832.781,12.160,68.000
0.055,0.001,0.007,25.227,124129.398,2.635,68.000
0.050,0.000,0.018,25.202,9008.453,0.512,68.000
0.052,0.021,0.013,22.726,233296.938,6.843,68.000
0.050,0.017,0.012,20.434,219080.656,8.056,68.000
0.048,0.021,0.011,20.217,231935.250,9.790,68.000
0.049,0.005,0.010,21.095,271235.594,6.206,68.000
0.043,0.000,0.016,24.032,23291.211,0.554,68.000
0.049,0.000,0.014,35.377,-27782.773,2.692,68.000
0.052,0.016,0.013,21.800,216842.188,6.135,68.000
0.049,0.000,0.014,29.346,51698.039,1.865,68.000
0.039,0.001,0.012,22.545,10048.266,-0.524,68.000
0.050,0.020,0.013,21.028,244045.844,8.279,68.000
0.054,0.001,0.003,18.691,222478.500,2.366,68.000
0.049,0.017,0.011,20.111,225070.594,9.589,68.000
0.059,0.001,0.005,18.217,207751.906,2.756,68.000
0.056,0.000,0.004,19.236,126248.195,2.463,68.000
0.048,0.022,0.012,20.690,230539.781,9.667,68.000
0.050,0.023,0.012,22.285,229918.594,7.973,68.000
0.050,0.015,0.014,19.827,221684.531,6.752,68.000
0.044,0.002,0.016,20.826,153290.375,2.721,68.000
0.051,0.008,0.013,21.245,251459.594,7.976,68.000
0.059,0.000,0.014,21.695,7582.148,3.008,68.000
0.052,0.002,0.010,22.877,258996.781,4.815,68.000
0.048,0.022,0.012,20.630,232388.281,9.819,68.000
0.045,0.000,0.019,21.110,-26674.547,-0.171,68.000
0.052,0.010,0.010,19.596,213720.750,7.030,68.000
0.049,0.000,0.019,23.300,43646.773,0.536,68.000
0.046,0.001,0.021,21.779,166002.188,2.383,68.000
0.050,0.007,0.015,19.914,231474.406,6.641,68.000
0.098,0.011,0.012,21.149,208462.062,6.554,68.000
0.048,0.019,0.013,20.636,256369.562,8.703,68.000
0.056,0.000,0.006,23.745,4173.766,1.350,68.000
0.050,0.020,0.014,22.595,254183.375,7.460,68.000
0.058,0.001,0.010,21.726,182546.469,3.375,68.000
0.058,0.001,0.013,24.413,143575.375,1.623,68.000
0.050,0.027,0.014,23.969,77527.836,-0.156,68.000
0.002,0.012,0.013,20.811,208541.562,7.478,68.000
0.050,0.001,0.011,25.218,266324.562,4.529,68.000
0.048,0.003,0.011,22.270,273921.594,5.805,68.000
0.051,0.006,0.013,22.286,249532.031,7.160,68.000
0.047,0.001,0.019,21.428,177396.250,2.569,68.000
0.049,0.027,0.010,19.310,222852.719,7.623,68.000
0.046,0.001,0.014,22.562,212191.438,3.901,68.000
0.051,0.025,0.012,22.562,224503.281,7.118,68.000
0.051,0.001,0.015,27.730,129543.164,1.156,68.000
0.056,0.001,0.019,22.106,168910.281,2.098,68.000
0.057,0.001,0.013,23.210,157302.281,2.159,68.000
0.045,0.001,0.017,22.493,163611.281,2.354,68.000
0.044,0.000,0.011,22.805,158202.344,0.938,68.000
0.051,0.016,0.011,20.138,214868.594,8.091,68.000
0.043,0.001,0.015,20.224,139757.344,2.393,68.000
0.045,0.001,0.009,25.238,189138.125,2.478,68.000
0.051,0.023,0.012,22.703,225408.406,7.284,68.000
0.052,0.015,0.011,20.866,203779.000,7.192,68.000
0.051,0.012,0.013,21.559,216117.094,7.178,68.000
0.052,0.000,0.022,19.752,34128.398,1.835,68.000
0.057,0.000,0.018,21.159,15237.898,0.542,68.000
0.051,0.015,0.010,20.052,214641.000,8.019,68.000
0.050,0.015,0.014,19.736,223132.938,6.597,68.000
0.049,0.003,0.012,22.941,278511.906,6.033,68.000
0.051,0.008,0.014,19.500,234800.594,7.157,68.000
0.098,0.013,0.012,21.290,209162.438,7.346,68.000
0.052,0.001,0.015,24.046,201613.875,2.466,68.000
0.050,0.012,0.012,20.781,225971.312,8.199,68.000
0.048,0.001,0.004,24.689,36666.742,1.381,68.000
0.043,0.001,0.015,23.759,76033.789,0.841,68.000
0.053,0.001,0.008,23.989,205778.812,4.094,68.000
0.048,0.001,0.002,20.400,182638.812,1.606,68.000
0.046,0.001,0.006,21.043,186688.125,2.007,68.000
0.052,0.001,0.020,21.920,187169.219,3.026,68.000
0.048,0.009,0.012,21.232,267900.438,9.087,68.000
0.046,0.001,0.003,18.883,185585.781,1.219,68.000
0.053,0.001,0.012,24.235,253944.562,4.745,68.000
0.052,0.001,0.019,22.214,190414.156,2.940,68.000
0.051,0.021,0.012,21.479,220276.094,7.938,68.000
0.042,0.000,0.013,21.593,-18579.297,-1.235,68.000
0.050,0.010,0.012,20.663,240136.219,8.570,68.000
0.052,0.021,0.012,22.090,218563.469,7.077,68.000
0.055,0.000,0.019,21.908,-8786.891,-1.744,68.000
0.053,0.001,0.008,22.901,228066.688,4.261,68.000
0.053,0.001,0.020,20.941,182887.188,2.948,68.000
0.051,0.023,0.012,22.292,221792.875,7.483,68.000
0.053,0.001,0.006,23.807,178338.156,2.979,68.000
0.045,0.000,0.015,31.466,-27110.969,-3.444,68.000
0.048,0.001,0.007,25.594,161277.906,2.685,68.000
0.050,0.010,0.015,18.095,223353.344,7.193,68.000
0.056,0.002,0.011,21.865,217239.438,3.817,68.000
0.051,0.000,0.019,22.748,103656.414,2.015,68.000
0.049,0.001,0.006,21.043,217308.625,2.352,68.000
0.057,0.001,0.013,25.371,78050.680,0.851,68.000
0.045,0.000,0.010,28.720,-37692.516,-0.761,68.000
0.048,0.006,0.014,22.406,248627.219,7.208,68.000
0.051,0.017,0.013,21.845,221708.594,6.381,68.000
0.044,0.001,0.007,23.057,125897.820,1.997,68.000
0.050,0.001,0.017,22.755,199245.781,2.874,68.000
0.048,0.015,0.012,19.673,237326.219,8.531,68.000
0.048,0.023,0.012,20.501,234969.344,10.013,68.000
0.051,0.012,0.012,20.312,215335.625,7.775,68.000
0.050,0.008,0.009,19.218,261021.656,7.093,68.000
0.058,0.000,0.012,25.594,-3545.453,1.530,68.000
0.043,0.000,0.007,20.281,4839.242,3.131,68.000
0.051,0.007,0.013,21.605,246723.094,7.402,68.000
0.052,0.002,0.010,22.451,272729.219,5.031,68.000
0.054,0.001,0.005,21.594,188666.156,2.754,68.000
0.053,0.001,0.016,24.421,211862.469,2.243,68.000
0.049,0.005,0.013,23.246,259666.812,7.015,68.000
0.058,0.001,0.010,25.019,23426.648,1.123,68.000
0.045,0.000,0.020,21.091,73154.242,0.440,68.000
0.049,0.023,0.011,20.716,221955.219,9.542,68.000
0.049,0.012,0.012,20.083,247081.375,8.998,68.000
0.059,0.001,0.013,22.107,136430.219,0.284,68.000
0.051,0.013,0.012,20.466,217346.656,7.578,68.000
0.049,0.000,0.017,23.896,114449.602,1.073,68.000
0.052,0.005,0.013,21.354,222655.000,5.658,68.000
0.050,0.014,0.013,20.541,220130.469,6.888,68.000
0.049,0.005,0.012,22.703,283890.469,7.229,68.000
0.041,0.000,0.013,23.909,19458.133,-0.432,68.000
0.053,0.000,0.008,27.041,37713.961,4.192,68.000
0.050,0.011,0.009,20.147,228298.094,7.247,68.000
0.049,0.012,0.013,20.607,238748.406,8.328,68.000
0.051,0.006,0.013,22.348,246249.000,6.650,68.000
0.051,0.005,0.011,20.574,288243.156,6.617,68.000
0.051,0.010,0.012,20.825,238669.656,8.180,68.000
0.042,0.000,0.012,26.770,6486.406,-0.068,68.000
0.048,0.017,0.012,18.949,235613.938,9.093,68.000
0.043,0.000,0.010,22.577,102038.945,-0.145,68.000
0.051,0.019,0.011,20.870,211171.969,8.224,68.000
0.047,0.000,0.022,22.418,-27946.133,-0.106,68.000
0.050,0.021,0.010,20.032,221524.094,9.332,68.000
0.001,0.012,0.011,21.389,193271.594,7.736,68.000
0.049,0.026,0.012,20.553,230632.031,9.373,68.000
0.050,0.014,0.014,19.904,221196.906,6.829,68.000
0.049,0.019,0.013,20.233,243273.469,8.500,68.000
0.051,0.026,0.012,22.695,230825.375,7.339,68.000
0.051,0.000,0.018,24.298,-8342.953,-2.636,68.000
0.048,0.000,0.012,28.515,23966.484,0.764,68.000
0.060,0.000,0.014,21.320,66501.195,2.096,68.000
0.051,0.025,0.014,23.975,228696.594,7.887,68.000
0.056,0.001,0.008,25.642,118169.836,2.767,68.000
0.043,0.002,0.009,21.827,196389.875,2.566,68.000
0.051,0.000,0.018,25.094,510.648,0.667,68.000
0.052,0.009,0.011,19.480,242164.250,7.479,68.000
0.051,0.013,0.012,20.378,219454.719,7.867,68.000
0.052,0.022,0.011,21.925,214231.594,7.809,68.000
0.049,0.013,0.014,19.824,230009.219,7.709,68.000
0.051,0.016,0.011,20.635,215749.875,7.887,68.000
0.053,0.000,0.019,21.349,88140.602,3.992,68.000
0.042,0.001,0.010,21.205,149785.000,1.548,68.000
0.051,0.001,0.018,22.113,197078.938,2.900,68.000
0.056,0.000,0.004,20.952,66177.070,0.955,68.000
0.049,0.013,0.011,19.838,247997.156,8.605,68.000
0.052,0.002,0.011,22.388,271421.875,5.037,68.000
0.051,0.027,0.013,20.742,77807.633,0.873,68.000
0.052,0.007,0.013,20.837,229564.344,7.057,68.000
0.051,0.006,0.011,20.935,286038.094,7.271,68.000
0.052,0.006,0.012,20.361,261728.281,6.803,68.000
0.045,0.001,0.005,22.273,133747.875,1.959,68.000
0.100,0.011,0.013,17.606,120199.430,11.640,68.000
0.049,0.007,0.011,21.197,288229.188,8.248,68.000
0.047,0.001,0.006,21.741,178273.312,1.979,68.000
0.050,0.013,0.011,19.986,232745.406,8.116,68.000
0.049,0.013,0.012,19.701,247398.469,8.865,68.000
0.051,0.005,0.014,21.645,225475.344,5.982,68.000
0.051,0.007,0.011,20.709,284142.438,7.738,68.000
0.050,0.009,0.013,21.098,250358.312,8.485,68.000
0.042,0.001,0.019,22.574,33620.367,-0.238,68.000
0.055,0.001,0.017,25.318,99968.133,0.165,68.000
0.051,0.015,0.014,19.997,222071.156,6.611,68.000
0.048,0.001,0.014,27.181,177540.312,2.630,68.000
0.045,0.000,0.019,22.975,27433.555,0.477,68.000
0.051,0.010,0.013,20.796,225833.250,7.983,68.000
0.044,0.001,0.017,22.008,138428.250,2.129,68.000
0.055,0.001,0.015,22.254,184486.344,1.961,68.000
0.040,0.001,0.010,21.529,86228.023,0.639,68.000
0.056,0.001,0.015,21.757,186810.656,1.809,68.000
0.044,0.002,0.008,22.314,186603.625,2.091,68.000
0.049,0.012,0.012,20.281,244060.094,8.860,68.000
0.040,0.001,0.012,23.719,13020.539,-0.547,68.000
0.052,0.001,0.008,23.663,234295.688,4.431,68.000
0.050,0.025,0.014,23.635,231592.125,8.091,68.000
0.042,0.001,0.008,21.036,132361.812,1.232,68.000
0.052,0.000,0.010,34.538,11669.867,0.430,68.000
0.002,0.012,0.012,20.840,196057.906,7.644,68.000
0.057,0.001,0.019,24.241,83568.867,-0.476,68.000
0.048,0.001,0.010,27.285,208967.594,3.270,68.000
0.052,0.019,0.011,21.578,212824.875,7.930,68.000
0.050,0.000,0.005,26.524,-29443.820,1.875,68.000
0.052,0.022,0.011,22.037,216157.312,7.579,68.000
0.050,0.023,0.010,20.419,219732.812,8.978,68.000
0.044,0.001,0.003,18.781,159736.719,1.381,68.000
0.054,0.002,0.010,22.495,243092.250,4.495,68.000
0.000,0.013,0.012,23.087,-9256.633,15.006,68.000
0.050,0.000,0.018,24.528,15296.875,-1.348,68.000
0.052,0.001,0.018,22.284,191279.188,2.601,68.000
0.054,0.001,0.003,20.950,166753.875,2.270,68.000
0.053,0.001,0.018,23.883,143304.625,1.414,68.000
0.052,0.000,0.003,24.659,4013.789,0.957,68.000
0.046,0.001,0.019,24.366,89932.148,0.729,68.000
0.049,0.016,0.010,19.886,230438.219,9.712,68.000
0.058,0.001,0.010,23.548,146824.656,3.182,68.000
0.050,0.019,0.012,20.069,222503.062,8.383,68.000
0.051,0.020,0.011,20.930,214049.375,8.669,68.000
0.041,0.000,0.011,24.683,-13260.219,0.143,68.000
0.056,0.000,0.019,23.492,25285.391,-1.085,68.000
0.052,0.009,0.014,19.428,233524.844,7.383,68.000
0.000,0.011,0.012,17.562,18374.969,10.028,68.000
0.050,0.009,0.015,17.994,232533.375,7.137,68.000
0.051,0.026,0.011,20.865,230398.500,8.218,68.000
0.049,0.026,0.010,18.667,233318.938,9.525,68.000
0.049,0.017,0.013,20.558,237906.531,7.617,68.000
0.048,0.003,0.011,22.142,264372.906,5.125,68.000
0.040,0.001,0.017,18.755,80312.258,1.231,68.000
0.050,0.022,0.012,21.763,235435.531,8.213,68.000
0.048,0.006,0.010,21.683,281678.719,7.224,68.000
0.050,0.021,0.013,22.403,247803.594,7.731,68.000
0.041,0.000,0.008,20.357,23121.500,-0.847,68.000
0.042,0.000,0.014,23.278,27305.836,-1.125,68.000
0.096,0.012,0.012,20.661,203588.969,6.659,68.000
0.098,0.011,0.013,20.839,206149.094,5.867,68.000
0.048,0.009,0.012,21.405,276383.656,9.082,68.000
0.051,0.006,0.011,19.433,280273.656,6.819,68.000
0.044,0.001,0.009,26.223,83057.242,1.311,68.000
0.049,0.020,0.012,20.324,231600.312,9.063,68.000
0.059,0.001,0.009,20.496,164721.188,2.669,68.000
0.050,0.013,0.011,19.953,219737.281,7.587,68.000
0.051,0.021,0.011,21.521,215934.719,7.933,68.000
0.050,0.005,0.012,21.978,290453.938,6.755,68.000
0.049,0.009,0.011,20.854,256914.906,8.756,68.000
0.098,0.012,0.013,20.772,213787.031,6.411,68.000
0.044,0.001,0.007,21.714,157590.500,1.833,68.000
0.049,0.023,0.014,22.115,236065.844,8.508,68.000
0.048,0.001,0.012,26.874,197843.781,3.073,68.000
0.046,0.000,0.009,28.285,-21958.539,1.066,68.000
0.043,0.001,0.019,21.175,144994.750,1.895,68.000
0.053,0.000,0.005,23.988,61565.352,1.474,68.000
0.056,0.001,0.016,22.125,159030.594,1.371,68.000
0.044,0.001,0.008,22.553,184737.906,2.115,68.000
0.052,0.002,0.006,20.563,220753.562,2.500,68.000
0.056,0.000,0.015,27.314,-7223.180,3.504,68.000
0.049,0.011,0.014,19.492,232701.969,7.832,68.000
0.050,0.004,0.011,21.236,287997.531,6.405,68.000
0.045,0.000,0.011,31.331,-29858.141,-0.904,68.000
0.042,0.000,0.015,24.179,-8007.391,-1.172,68.000
0.058,0.001,0.011,21.983,183331.938,2.949,68.000
0.051,0.007,0.011,20.747,285017.500,8.057,68.000
0.051,0.027,0.012,17.739,102592.164,3.538,68.000
0.043,0.002,0.014,19.053,195348.594,3.635,68.000
0.045,0.001,0.014,23.119,193831.156,3.104,68.000
0.050,0.020,0.012,20.856,232400.375,8.428,68.000
0.049,0.000,0.023,21.422,-57368.137,-5.282,68.000
0.048,0.001,0.018,25.685,71196.789,0.641,68.000
0.051,0.001,0.018,23.557,200155.250,2.538,68.000
0.051,0.001,0.018,23.848,163948.094,2.074,68.000
0.054,0.001,0.010,26.415,168753.062,3.592,68.000
0.050,0.022,0.013,22.558,236369.906,7.791,68.000
0.049,0.004,0.012,22.200,287121.531,6.431,68.000
0.050,0.003,0.011,21.982,274599.531,5.475,68.000
0.050,0.001,0.016,25.402,204933.094,2.610,68.000
0.059,0.001,0.013,22.133,139390.562,1.449,68.000
0.050,0.019,0.010,19.956,217513.656,9.455,68.000
0.060,0.001,0.016,20.581,137027.812,-0.433,68.000
0.046,0.001,0.008,22.789,216604.281,2.973,68.000
0.055,0.001,0.009,26.462,133145.219,2.985,68.000
0.051,0.008,0.010,19.401,254070.312,7.587,68.000
0.045,0.001,0.010,27.797,111206.086,1.813,68.000
0.049,0.002,0.006,20.959,221407.312,2.422,68.000
0.049,0.011,0.013,20.158,253443.906,9.108,68.000
0.050,0.016,0.014,20.572,224463.812,6.505,68.000
0.050,0.022,0.012,21.742,230858.562,8.375,68.000
0.048,0.023,0.012,21.184,233536.125,9.605,68.000
0.051,0.001,0.020,22.178,183346.531,3.279,68.000
0.000,0.012,0.011,19.635,7608.820,11.930,68.000
0.046,0.001,0.011,27.054,194955.219,2.802,68.000
0.049,0.023,0.013,22.365,233832.969,8.139,68.000
0.059,0.001,0.013,22.342,137748.719,0.966,68.000
0.048,0.000,0.002,21.839,40274.883,0.285,68.000
0.051,0.000,0.013,31.137,-11751.281,-0.265,68.000
0.051,0.015,0.013,21.436,216446.844,6.903,68.000
0.049,0.001,0.011,25.866,234079.844,3.951,68.000
0.044,0.001,0.007,28.673,-13622.586,1.686,68.000
0.047,0.001,0.020,21.426,177811.938,2.818,68.000
0.050,0.022,0.012,21.445,234698.625,8.417,68.000
0.050,0.023,0.010,19.799,225002.094,9.243,68.000
0.051,0.018,0.011,20.759,213316.906,7.895,68.000
0.041,0.000,0.016,21.941,-27041.102,-1.984,68.000
0.052,0.014,0.013,21.733,205820.531,6.402,68.000
0.048,0.001,0.014,25.885,205341.344,3.229,68.000
0.057,0.001,0.018,20.403,184728.594,1.554,68.000
0.058,0.001,0.009,25.446,86541.258,2.884,68.000
0.048,0.009,0.012,21.163,271883.812,9.163,68.000
0.054,0.001,0.002,23.494,49325.570,0.090,68.000
0.049,0.023,0.012,21.308,226373.094,9.241,68.000
0.049,0.012,0.011,20.126,247553.812,8.909,68.000
0.042,0.000,0.006,19.848,45675.195,-0.186,68.000
0.051,0.015,0.013,21.093,212655.500,6.262,68.000
0.046,0.000,0.011,32.533,-67630.469,-0.578,68.000
0.043,0.001,0.009,23.295,166055.375,1.845,68.000
0.051,0.013,0.010,19.952,200926.406,6.927,68.000
0.051,0.002,0.019,22.242,184218.219,2.625,68.000
0.049,0.027,0.010,16.526,324483.469,11.122,68.000
0.056,0.001,0.013,27.740,75893.008,1.402,68.000
0.048,0.001,0.009,23.634,258759.750,4.265,68.000
0.049,0.001,0.015,24.135,201077.906,3.638,68.000
0.047,0.000,0.007,27.028,-16049.898,2.959,68.000
0.050,0.009,0.011,20.730,255309.844,8.620,68.000
0.049,0.009,0.013,21.294,256506.719,8.463,68.000
0.049,0.022,0.012,21.271,235459.469,9.099,68.000
0.050,0.018,0.011,19.933,216496.750,9.188,68.000
0.048,0.016,0.011,19.715,236470.469,9.899,68.000
0.046,0.001,0.020,20.644,160686.562,2.422,68.000
0.052,0.013,0.012,21.243,202800.062,6.868,68.000
0.045,0.000,0.006,24.138,-16217.844,0.380,68.000
0.051,0.002,0.006,21.163,223357.000,2.796,68.000
0.050,0.005,0.015,21.347,219900.906,6.209,68.000
0.054,0.002,0.011,22.799,248117.969,4.638,68.000
0.046,0.002,0.008,22.965,226092.938,3.457,68.000
0.057,0.001,0.016,20.112,200124.594,2.048,68.000
0.040,0.000,0.012,22.720,37567.461,-0.114,68.000
0.057,0.001,0.007,20.921,187599.906,2.776,68.000
0.052,0.005,0.013,21.128,220773.094,5.509,68.000
0.048,0.001,0.008,27.726,105176.195,2.208,68.000
0.047,0.000,0.016,26.248,37318.523,0.447,68.000
0.039,0.000,0.012,18.852,15313.648,-1.323,68.000
0.049,0.021,0.012,20.797,237823.375,9.277,68.000
0.052,0.020,0.011,21.584,208176.719,7.678,68.000
0.048,0.012,0.011,20.247,240965.094,8.436,68.000
0.049,0.005,0.014,22.064,233009.781,6.480,68.000
0.043,0.000,0.007,21.464,-16383.336,2.697,68.000
0.050,0.006,0.010,20.288,293151.688,7.651,68.000
0.052,0.019,0.013,22.719,226832.812,6.650,68.000
0.045,0.001,0.008,22.878,200366.250,2.532,68.000
0.047,0.000,0.018,22.766,79977.977,1.200,68.000
0.050,0.000,0.019,22.344,100319.445,1.617,68.000
0.052,0.001,0.003,23.102,87100.492,0.905,68.000
0.056,0.001,0.018,22.366,143085.375,0.811,68.000
0.045,0.001,0.011,21.682,247708.906,3.166,68.000
0.052,0.000,0.021,22.053,13262.836,-4.323,68.000
0.099,0.012,0.013,21.464,216317.875,6.890,68.000
0.050,0.021,0.011,20.935,218912.312,8.845,68.000
0.046,0.000,0.019,25.237,35274.961,0.155,68.000
0.049,0.011,0.012,20.157,249884.125,9.003,68.000
0.050,0.001,0.022,22.560,123185.414,2.293,68.000
0.050,0.000,0.001,25.490,-25816.945,-0.285,68.000
0.048,0.006,0.013,22.886,271318.594,7.529,68.000
0.049,0.005,0.012,22.605,285778.656,7.012,68.000
0.048,0.001,0.007,23.527,212416.875,3.233,68.000
0.053,0.000,0.012,34.052,-76528.125,-0.199,68.000
0.051,0.002,0.015,24.617,195216.438,3.062,68.000
0.053,0.002,0.009,22.801,250651.031,4.723,68.000
0.054,0.002,0.008,22.619,226449.844,4.091,68.000
0.054,0.002,0.012,23.820,216253.688,4.302,68.000
0.050,0.018,0.014,22.118,244777.906,7.054,68.000
0.049,0.016,0.013,20.612,234288.531,7.332,68.000
0.043,0.000,0.010,21.955,137219.375,0.628,68.000
0.053,0.002,0.006,20.932,220597.719,2.754,68.000
0.051,0.003,0.012,22.184,248844.625,5.462,68.000
0.051,0.019,0.014,22.493,240178.188,6.894,68.000
0.052,0.021,0.011,21.408,213175.250,7.891,68.000
0.044,0.000,0.018,22.196,-54607.734,-3.130,68.000
0.052,0.012,0.011,19.624,191872.938,6.567,68.000
0.048,0.026,0.012,20.089,239463.312,10.472,68.000
0.047,0.002,0.012,22.900,264175.344,5.152,68.000
0.049,0.000,0.010,28.423,81245.180,0.905,68.000
0.048,0.004,0.013,23.120,265422.469,6.392,68.000
0.050,0.009,0.015,18.161,234594.500,7.286,68.000
0.053,0.000,0.014,29.506,-96814.281,0.445,68.000
0.050,0.014,0.013,20.849,234837.812,8.058,68.000
0.099,0.012,0.012,21.495,211211.281,7.160,68.000
0.050,0.016,0.012,20.948,220887.781,7.235,68.000
0.051,0.001,0.001,21.427,179512.250,2.356,68.000
0.049,0.020,0.012,19.981,228746.562,9.187,68.000
0.054,0.000,0.011,34.382,-30501.602,-0.553,68.000
0.043,0.001,0.018,22.164,133360.906,1.870,68.000
0.056,0.002,0.015,21.560,186288.031,1.879,68.000
0.055,0.000,0.007,23.069,19453.586,3.823,68.000
0.052,0.020,0.011,21.510,207266.875,7.431,68.000
0.050,0.015,0.011,20.196,229194.188,8.170,68.000
0.044,0.000,0.013,25.095,35925.820,-0.994,68.000
0.045,0.002,0.014,21.362,208677.219,3.979,68.000
0.052,0.022,0.011,21.803,210826.625,7.686,68.000
0.049,0.006,0.010,20.903,274420.688,6.809,68.000
0.042,0.000,0.012,26.388,-5582.023,-1.507,68.000
0.052,0.025,0.012,22.954,222144.719,6.686,68.000
0.041,0.001,0.018,20.752,1156.000,-0.862,68.000
0.042,0.001,0.019,20.094,115415.742,1.084,68.000
0.047,0.001,0.013,23.314,235517.562,4.464,68.000
0.051,0.026,0.012,21.800,233564.031,8.201,68.000
0.050,0.000,0.013,33.823,-16475.133,1.732,68.000
0.052,0.014,0.012,22.572,196761.531,6.140,68.000
0.051,0.022,0.012,21.760,229974.688,7.766,68.000
0.049,0.007,0.010,20.191,270950.156,7.088,68.000
0.059,0.000,0.012,23.910,45750.836,4.353,68.000
0.049,0.012,0.011,20.303,239864.031,8.553,68.000
0.049,0.001,0.005,20.021,221840.375,2.143,68.000
0.003,0.011,0.011,21.138,181160.844,7.433,68.000
0.050,0.023,0.013,22.836,233547.844,7.799,68.000
0.058,0.001,0.011,23.315,126905.273,2.614,68.000
0.043,0.000,0.014,21.681,48264.867,0.178,68.000
0.051,0.007,0.010,19.103,275943.562,7.063,68.000
0.002,0.012,0.012,20.948,210310.750,7.739,68.000
0.052,0.002,0.017,22.748,202364.656,3.255,68.000
0.051,0.025,0.014,24.292,227743.219,7.252,68.000
0.051,0.024,0.010,21.094,221435.875,8.005,68.000
0.049,0.007,0.011,21.782,296280.594,8.651,68.000
0.050,0.003,0.013,23.077,256593.188,5.762,68.000
0.053,0.000,0.008,27.467,13583.070,3.188,68.000
0.055,0.001,0.010,22.656,234123.094,4.342,68.000
0.058,0.000,0.009,20.668,30594.211,1.637,68.000
0.049,0.011,0.014,19.045,229737.188,7.690,68.000
0.058,0.001,0.012,22.123,153759.969,2.170,68.000
0.049,0.000,0.017,26.416,19822.266,1.566,68.000
0.050,0.001,0.005,21.541,203658.250,2.356,68.000
0.047,0.001,0.016,24.978,194779.656,2.392,68.000
0.051,0.006,0.012,20.746,274096.031,6.826,68.000
0.051,0.005,0.013,22.461,254075.906,6.620,68.000
0.056,0.001,0.011,22.649,213051.812,4.088,68.000
0.051,0.001,0.015,24.561,199196.000,2.886,68.000
0.052,0.012,0.013,21.598,206930.688,6.803,68.000
0.050,0.013,0.013,21.207,228043.969,7.828,68.000
0.049,0.002,0.013,23.833,253153.438,5.406,68.000
0.057,0.000,0.013,24.936,88963.445,1.641,68.000
0.053,0.001,0.010,23.349,258980.781,4.844,68.000
0.053,0.000,0.015,27.750,20528.070,0.580,68.000
0.051,0.007,0.012,21.998,256540.250,7.860,68.000
0.050,0.018,0.012,19.771,223388.469,8.518,68.000
0.048,0.017,0.011,19.873,230466.719,10.075,68.000
0.049,0.021,0.013,21.999,253290.531,8.103,68.000
0.099,0.013,0.013,21.817,215454.438,7.447,68.000
0.050,0.012,0.014,19.539,225249.969,7.428,68.000
0.049,0.022,0.012,20.767,230547.844,9.375,68.000
0.049,0.000,0.020,20.102,44786.961,1.149,68.000
0.041,0.000,0.011,21.826,-2867.680,-1.664,68.000
0.044,0.001,0.010,21.391,223847.750,2.784,68.000
0.056,0.000,0.007,24.187,38716.039,2.891,68.000
0.057,0.001,0.012,22.884,166375.375,2.896,68.000
0.041,0.001,0.007,21.136,35672.758,0.937,68.000
0.050,0.026,0.013,21.581,235296.219,8.886,68.000
0.057,0.000,0.009,26.069,-46558.805,2.174,68.000
0.050,0.006,0.014,21.816,240931.938,6.857,68.000
0.050,0.006,0.014,20.895,239056.406,6.955,68.000
0.050,0.024,0.011,21.383,220116.156,8.675,68.000
0.045,0.002,0.017,22.479,172722.375,2.590,68.000
0.048,0.001,0.018,22.948,192366.469,2.633,68.000
0.052,0.001,0.011,31.469,113588.773,2.724,68.000
0.042,0.001,0.012,21.734,167339.688,2.186,68.000
0.050,0.013,0.014,19.555,221451.125,7.094,68.000
0.045,0.001,0.021,22.334,162565.625,2.211,68.000
0.052,0.000,0.020,22.202,46850.211,1.332,68.000
0.052,0.001,0.014,27.952,159260.188,2.401,68.000
0.050,0.001,0.012,30.959,151597.344,3.245,68.000
0.055,0.000,0.021,20.320,2957.797,-1.482,68.000
0.049,0.005,0.014,22.567,229492.469,6.092,68.000
0.051,0.005,0.013,21.725,228518.969,5.766,68.000
0.050,0.014,0.014,19.621,222252.281,7.037,68.000
0.052,0.003,0.012,22.110,248762.906,5.429,68.000
0.054,0.001,0.004,18.968,227046.531,2.605,68.000
0.049,0.008,0.012,22.720,280380.312,8.642,68.000
0.043,0.001,0.009,26.276,43370.383,0.735,68.000
0.058,0.001,0.012,22.558,156164.688,2.218,68.000
0.002,0.011,0.013,21.039,203348.406,7.645,68.000
0.052,0.024,0.011,22.626,216437.719,6.951,68.000
0.049,0.001,0.020,21.153,178959.281,3.285,68.000
0.050,0.021,0.012,21.199,236053.625,8.077,68.000
0.040,0.001,0.014,19.674,95550.086,1.729,68.000
0.050,0.026,0.010,19.142,227450.094,9.037,68.000
0.052,0.010,0.010,19.370,220475.594,7.142,68.000
0.048,0.001,0.002,22.156,91652.211,1.240,68.000
0.049,0.005,0.012,22.284,292314.688,7.092,68.000
0.051,0.020,0.013,22.809,242620.656,6.888,68.000
0.060,0.000,0.010,24.127,-1828.773,2.029,68.000
0.048,0.010,0.011,21.161,251486.844,8.707,68.000
0.049,0.000,0.007,28.909,-11539.945,4.048,68.000
0.053,0.001,0.005,22.604,174210.969,2.629,68.000
0.041,0.001,0.015,18.035,124028.914,2.563,68.000
0.051,0.020,0.010,21.107,214344.844,8.428,68.000
0.047,0.000,0.016,25.745,31046.367,0.064,68.000
0.051,0.010,0.010,19.281,227718.031,7.163,68.000
0.056,0.002,0.014,23.050,178526.812,2.752,68.000
0.046,0.001,0.010,23.421,250157.781,3.520,68.000
0.041,0.001,0.014,18.100,133841.438,2.686,68.000
0.049,0.009,0.012,21.205,258680.125,8.966,68.000
0.044,0.001,0.015,25.899,102973.445,1.693,68.000
0.052,0.015,0.012,22.090,203255.281,6.370,68.000
0.050,0.002,0.015,24.195,204092.375,3.381,68.000
0.049,0.000,0.003,27.253,-13381.023,1.676,68.000
0.049,0.001,0.006,21.443,220252.875,2.670,68.000
0.059,0.001,0.017,21.270,135446.781,-0.447,68.000
0.057,0.000,0.012,27.617,-5427.633,1.709,68.000
0.048,0.020,0.012,19.696,243753.188,9.651,68.000
0.046,0.001,0.020,20.941,167405.750,2.576,68.000
0.045,0.001,0.005,20.492,157256.469,1.695,68.000
0.046,0.000,0.013,28.734,-10164.539,0.089,68.000
0.051,0.000,0.010,30.983,-2290.719,0.794,68.000
0.049,0.009,0.014,19.763,237671.906,7.860,68.000
0.043,0.001,0.017,21.307,122823.977,1.901,68.000
0.000,0.011,0.011,22.284,75302.758,5.549,68.000
0.050,0.017,0.011,20.444,223880.812,8.596,68.000
0.049,0.011,0.012,20.055,249531.188,9.038,68.000
0.049,0.022,0.010,20.239,217648.969,9.547,68.000
0.058,0.000,0.009,22.937,7082.867,1.866,68.000
0.045,0.001,0.012,24.292,227282.875,3.494,68.000
0.098,0.011,0.011,21.343,203134.594,6.560,68.000
0.002,0.012,0.013,20.837,206721.438,7.616,68.000
0.050,0.022,0.010,20.475,225086.469,9.056,68.000
0.051,0.018,0.011,20.560,212282.156,8.326,68.000
0.050,0.023,0.014,23.310,235677.125,7.916,68.000
0.050,0.019,0.013,21.671,239997.500,7.815,68.000
0.045,0.000,0.006,23.845,37098.133,0.743,68.000
0.057,0.000,0.011,25.604,41407.758,2.863,68.000
0.098,0.012,0.013,20.985,210334.938,6.697,68.000
0.049,0.025,0.012,20.813,223468.344,9.527,68.000
0.059,0.001,0.010,20.872,167579.031,2.807,68.000
0.051,0.001,0.007,23.520,202278.906,3.495,68.000
0.051,0.017,0.010,20.498,208341.438,7.902,68.000
0.051,0.014,0.013,21.757,214120.500,6.751,68.000
0.053,0.000,0.004,21.965,100721.633,1.541,68.000
0.049,0.008,0.013,21.812,260412.312,8.382,68.000
0.052,0.027,0.011,20.870,210945.000,7.301,68.000
0.058,0.001,0.009,22.560,163590.844,3.309,68.000
0.050,0.021,0.010,20.618,215039.062,9.160,68.000
0.048,0.008,0.011,21.745,280957.188,8.626,68.000
0.049,0.004,0.010,21.575,274604.219,6.038,68.000
0.049,0.007,0.014,20.341,239887.719,7.250,68.000
0.055,0.001,0.012,22.889,216189.844,4.103,68.000
0.052,0.001,0.015,27.298,119036.914,0.584,68.000
0.048,0.001,0.021,22.165,113787.867,1.687,68.000
0.058,0.001,0.015,22.351,116064.352,-0.515,68.000
0.057,0.001,0.010,27.661,20926.695,1.501,68.000
0.040,0.001,0.015,16.791,132226.188,2.634,68.000
0.050,0.009,0.013,20.783,245631.438,8.309,68.000
0.050,0.003,0.013,23.591,252835.500,5.456,68.000
0.049,0.006,0.012,22.184,299680.000,7.909,68.000
0.048,0.022,0.012,20.557,235297.594,9.979,68.000
0.050,0.000,0.022,21.473,-11299.273,0.730,68.000
0.045,0.000,0.003,20.080,64340.680,0.250,68.000
0.047,0.001,0.017,24.808,180094.312,1.977,68.000
0.047,0.001,0.010,24.844,250052.688,3.511,68.000
0.051,0.022,0.012,22.104,229593.688,7.579,68.000
0.002,0.011,0.013,21.017,203239.375,7.849,68.000
0.054,0.001,0.009,31.067,52425.008,1.686,68.000
0.043,0.002,0.010,21.206,190345.844,2.269,68.000
0.059,0.001,0.014,22.289,142020.656,0.932,68.000
0.050,0.013,0.013,20.706,228643.062,7.662,68.000
0.051,0.025,0.014,23.842,229459.312,7.830,68.000
0.050,0.014,0.012,21.042,231849.688,7.933,68.000
0.049,0.001,0.012,28.861,166399.406,3.089,68.000
0.044,0.001,0.012,23.804,221134.250,3.457,68.000
0.055,0.001,0.008,25.642,132795.344,2.594,68.000
0.049,0.007,0.013,22.260,262789.281,8.038,68.000
0.049,0.016,0.011,20.055,230933.844,9.448,68.000
0.047,0.001,0.009,23.907,250798.312,3.803,68.000
0.047,0.001,0.019,23.699,123858.898,1.212,68.000
0.002,0.013,0.012,21.118,206326.812,7.535,68.000
0.050,0.010,0.011,20.435,238415.094,8.447,68.000
0.048,0.014,0.013,20.057,249090.062,9.121,68.000
0.051,0.001,0.022,20.968,185012.625,2.957,68.000
0.051,0.000,0.020,20.706,46492.898,1.178,68.000
0.047,0.000,0.014,30.968,-7197.250,-0.319,68.000
0.051,0.015,0.011,20.762,214630.969,7.610,68.000
0.057,0.000,0.010,25.460,25300.531,3.019,68.000
0.044,0.002,0.011,20.630,225811.812,2.882,68.000
0.042,0.001,0.012,25.900,78627.680,0.389,68.000
0.052,0.001,0.014,25.178,197532.250,3.135,68.000
0.043,0.000,0.006,22.386,8158.586,-0.075,68.000
0.051,0.002,0.016,23.508,210869.625,3.122,68.000
0.047,0.001,0.019,22.792,184641.406,2.528,68.000
0.048,0.001,0.009,23.939,265790.812,4.179,68.000
0.058,0.001,0.011,21.444,172375.750,2.587,68.000
0.054,0.001,0.006,20.656,215581.219,2.662,68.000
0.051,0.002,0.013,23.720,218132.094,4.437,68.000
0.052,0.022,0.012,22.314,227190.906,7.142,68.000
0.052,0.006,0.012,20.477,263450.688,6.376,68.000
0.050,0.009,0.015,18.276,236955.906,7.210,68.000
0.051,0.017,0.010,20.200,207468.594,8.202,68.000
0.002,0.012,0.013,20.801,211022.906,7.620,68.000
0.049,0.023,0.014,22.806,232622.000,7.999,68.000
0.053,0.002,0.012,24.045,237973.562,4.605,68.000
0.057,0.001,0.016,20.099,194555.750,1.463,68.000
0.049,0.010,0.011,20.772,245703.969,8.903,68.000
0.099,0.011,0.012,21.366,207736.219,6.547,68.000
0.050,0.025,0.012,21.590,227576.500,8.430,68.000
0.049,0.001,0.007,24.367,203917.500,3.407,68.000
0.047,0.002,0.012,22.383,256789.969,4.730,68.000
0.051,0.021,0.013,22.629,237279.438,7.106,68.000
0.044,0.001,0.012,21.410,225300.625,3.153,68.000
0.053,0.000,0.003,22.164,52217.727,0.514,68.000
0.051,0.010,0.014,19.342,219097.469,7.379,68.000
0.001,0.013,0.011,22.871,152750.094,6.536,68.000
0.055,0.000,0.006,24.300,17809.008,1.432,68.000
0.056,0.000,0.012,27.948,38372.055,2.103,68.000
0.060,0.001,0.008,19.677,164843.719,2.177,68.000
0.051,0.006,0.012,22.397,260336.469,7.242,68.000
0.041,0.001,0.013,24.595,88098.648,1.099,68.000
0.053,0.000,0.017,25.784,-9156.562,-0.566,68.000
0.052,0.015,0.013,22.140,206094.875,6.264,68.000
0.049,0.002,0.013,23.826,251179.719,5.362,68.000
0.099,0.012,0.013,21.658,209442.219,6.676,68.000
0.059,0.001,0.005,17.782,215428.312,2.672,68.000
0.055,0.001,0.004,22.097,168478.219,3.075,68.000
0.055,0.001,0.012,22.986,223915.844,4.452,68.000
0.049,0.015,0.011,20.051,243390.469,9.390,68.000
0.052,0.013,0.013,21.918,207786.000,6.615,68.000
0.052,0.009,0.011,19.952,217346.906,7.378,68.000
0.049,0.007,0.010,21.128,287228.469,7.711,68.000
0.001,0.013,0.013,21.066,216054.188,7.583,68.000
0.050,0.002,0.010,23.011,277378.375,5.125,68.000
0.051,0.019,0.012,21.620,224905.094,7.394,68.000
0.044,0.001,0.006,20.601,141979.438,1.771,68.000
0.052,0.015,0.013,21.211,207061.469,5.906,68.000
0.046,0.001,0.011,27.552,153613.938,2.350,68.000
0.050,0.019,0.011,20.293,221606.094,9.136,68.000
0.052,0.000,0.009,31.009,2851.852,0.804,68.000
0.052,0.004,0.012,21.216,268166.469,5.944,68.000
0.048,0.001,0.021,21.832,171059.562,2.885,68.000
0.054,0.001,0.019,22.282,182310.281,2.683,68.000
0.056,0.001,0.020,21.852,159490.812,2.397,68.000
0.049,0.018,0.014,21.941,246900.062,7.478,68.000
0.051,0.004,0.011,21.141,276606.031,5.832,68.000
0.045,0.000,0.010,30.296,-64061.367,-1.345,68.000
0.049,0.013,0.011,19.691,249520.625,8.886,68.000
0.050,0.018,0.010,19.797,212620.969,9.064,68.000
0.050,0.022,0.014,22.867,246264.875,7.205,68.000
0.050,0.000,0.003,25.387,-9280.656,0.789,68.000
0.050,0.014,0.012,21.057,229773.938,7.877,68.000
0.048,0.018,0.013,20.595,243760.438,8.017,68.000
0.051,0.010,0.011,20.274,235850.562,8.238,68.000
0.043,0.001,0.018,23.386,60514.398,0.099,68.000
0.049,0.015,0.013,20.411,225999.188,7.355,68.000
0.051,0.001,0.009,23.284,261630.719,4.707,68.000
0.045,0.001,0.004,20.305,156483.062,1.397,68.000
0.043,0.001,0.019,20.773,134060.906,1.589,68.000
0.050,0.003,0.011,21.374,278428.562,5.922,68.000
0.048,0.018,0.010,19.887,229654.750,10.185,68.000
0.055,0.001,0.013,28.876,71233.211,1.330,68.000
0.042,0.000,0.006,19.636,-32385.359,0.143,68.000
0.055,0.001,0.017,21.096,200171.375,2.475,68.000
0.057,0.001,0.010,21.499,205942.281,3.567,68.000
0.046,0.001,0.015,27.232,136083.000,1.392,68.000
0.056,0.001,0.017,20.790,201111.844,1.827,68.000
0.001,0.012,0.011,21.375,196823.281,7.704,68.000
0.054,0.002,0.013,23.348,196876.375,3.720,68.000
0.043,0.001,0.018,20.788,118378.680,1.531,68.000
0.052,0.012,0.012,21.013,209250.844,7.384,68.000
0.050,0.008,0.012,22.398,277590.406,8.581,68.000
0.050,0.018,0.010,19.528,218908.719,9.133,68.000
0.040,0.000,0.007,22.542,-75988.484,-1.026,68.000
0.049,0.003,0.010,22.280,272275.344,5.246,68.000
0.048,0.013,0.012,20.094,263672.375,9.727,68.000
0.054,0.001,0.013,27.680,107084.773,1.794,68.000
0.050,0.018,0.010,19.873,216805.094,9.251,68.000
0.048,0.014,0.012,20.076,250985.531,9.319,68.000
0.049,0.007,0.011,21.837,300354.000,8.441,68.000
0.057,0.001,0.020,22.694,134914.281,1.522,68.000
0.001,0.011,0.012,21.275,184690.875,7.873,68.000
0.055,0.000,0.016,23.916,70718.961,1.181,68.000
0.052,0.003,0.011,21.930,270464.719,5.271,68.000
0.049,0.001,0.004,19.738,217074.000,1.851,68.000
0.049,0.016,0.012,19.973,232125.031,8.293,68.000
0.050,0.026,0.012,22.275,232613.000,8.143,68.000
0.057,0.001,0.007,21.684,173142.594,2.730,68.000
0.050,0.025,0.010,20.684,222666.969,8.570,68.000
0.048,0.006,0.013,22.928,282307.656,7.478,68.000
0.052,0.006,0.010,19.102,263800.469,6.494,68.000
0.051,0.010,0.013,20.279,227920.312,8.002,68.000
0.046,0.000,0.013,33.489,-39129.109,-2.785,68.000
0.045,0.001,0.012,22.500,245677.156,4.170,68.000
0.045,0.001,0.016,22.077,166860.250,2.778,68.000
0.052,0.006,0.013,21.481,234308.438,6.353,68.000
0.052,0.004,0.012,21.637,239932.344,5.414,68.000
0.049,0.018,0.014,21.718,242589.469,7.133,68.000
0.055,0.002,0.010,22.086,225879.094,4.019,68.000
0.049,0.006,0.011,21.426,296563.969,7.886,68.000
0.051,0.001,0.020,20.607,178950.438,3.075,68.000
0.050,0.007,0.013,22.712,265606.062,8.042,68.000
0.050,0.003,0.014,23.454,227459.250,5.270,68.000
0.050,0.026,0.014,23.459,235301.000,8.341,68.000
0.051,0.002,0.011,22.100,275402.719,5.191,68.000
0.050,0.015,0.010,19.697,220856.406,8.381,68.000
0.047,0.001,0.019,21.896,179119.469,2.483,68.000
0.048,0.006,0.013,22.766,262236.188,7.397,68.000
0.047,0.001,0.012,22.905,258089.781,4.718,68.000
0.049,0.022,0.013,21.708,239899.125,8.697,68.000
0.053,0.001,0.021,20.904,179678.688,2.986,68.000
0.056,0.001,0.004,19.736,210409.062,2.797,68.000
0.053,0.001,0.009,24.324,216816.906,4.249,68.000
0.052,0.010,0.013,20.234,225991.188,7.800,68.000
0.049,0.004,0.013,23.200,257404.344,6.035,68.000
0.048,0.022,0.012,20.774,237447.875,9.926,68.000
0.050,0.007,0.012,22.661,272543.500,8.220,68.000
0.053,0.000,0.017,26.248,-2303.922,0.374,68.000
0.048,0.006,0.011,21.870,291743.469,7.355,68.000
0.050,0.002,0.015,24.113,205798.156,3.819,68.000
0.048,0.017,0.013,19.235,240437.000,8.594,68.000
0.050,0.001,0.006,25.810,70292.664,1.242,68.000
0.056,0.000,0.016,26.449,-43768.918,2.708,68.000
0.048,0.002,0.016,23.684,193557.750,3.056,68.000
0.050,0.013,0.011,20.164,233912.125,8.149,68.000
0.047,0.002,0.013,22.888,231412.125,4.521,68.000
0.050,0.008,0.010,20.149,278679.094,8.287,68.000
0.057,0.000,0.010,24.644,23141.961,1.799,68.000
0.044,0.000,0.013,22.575,81913.305,0.163,68.000
0.001,0.013,0.012,21.217,209231.250,7.686,68.000
0.002,0.013,0.011,21.302,195751.500,7.603,68.000
0.046,0.001,0.017,23.486,169712.938,2.320,68.000
0.051,0.022,0.014,23.371,229601.594,6.658,68.000
0.049,0.018,0.012,19.246,230153.594,8.650,68.000
0.045,0.001,0.013,22.264,216919.781,4.086,68.000
0.048,0.000,0.008,29.062,-19954.656,2.879,68.000
0.051,0.027,0.010,19.659,234941.156,8.491,68.000
0.047,0.002,0.018,21.586,181994.562,2.470,68.000
0.050,0.021,0.013,22.621,247663.281,7.528,68.000
0.047,0.001,0.011,23.779,255287.938,3.609,68.000
0.050,0.007,0.011,20.462,297237.188,7.969,68.000
0.049,0.000,0.002,23.405,32995.055,0.541,68.000
0.049,0.013,0.014,19.159,224447.219,7.329,68.000
0.042,0.001,0.018,20.156,109184.289,1.158,68.000
0.060,0.000,0.012,22.534,74105.070,0.004,68.000
0.048,0.013,0.010,20.221,236107.312,8.136,68.000
0.049,0.009,0.012,21.527,275657.719,8.994,68.000
0.048,0.001,0.012,24.922,255869.469,4.416,68.000
0.047,0.001,0.010,26.808,178385.062,2.699,68.000
0.042,0.001,0.004,18.767,135036.844,1.595,68.000
0.050,0.001,0.016,24.359,200252.688,2.997,68.000
0.041,0.001,0.012,23.760,131391.688,2.172,68.000
0.055,0.001,0.012,30.260,72668.617,1.695,68.000
0.044,0.002,0.014,19.985,197862.469,3.732,68.000
0.053,0.000,0.009,33.560,-56265.367,0.069,68.000
0.051,0.003,0.010,21.705,272804.625,5.395,68.000
0.000,0.012,0.012,19.575,-6628.320,11.967,68.000
0.044,0.001,0.015,21.806,176482.781,2.603,68.000
0.041,0.001,0.013,19.918,149828.656,2.633,68.000
0.051,0.001,0.010,25.040,249210.906,4.504,68.000
0.046,0.000,0.002,20.679,2935.984,-0.278,68.000
0.048,0.013,0.011,19.673,255614.656,8.999,68.000
0.049,0.015,0.013,20.152,229120.188,7.746,68.000
0.050,0.000,0.017,24.817,2514.125,-2.118,68.000
0.048,0.019,0.012,19.685,249773.500,9.399,68.000
0.047,0.001,0.007,25.698,135784.875,2.368,68.000
0.051,0.002,0.014,24.137,209925.438,4.076,68.000
0.048,0.008,0.012,21.966,276722.688,8.759,68.000
0.052,0.009,0.011,20.011,232943.062,7.471,68.000
0.050,0.026,0.010,19.236,232465.375,8.969,68.000
0.049,0.020,0.011,20.008,221777.969,9.655,68.000
0.050,0.001,0.015,27.909,108409.664,1.138,68.000
0.049,0.026,0.010,18.266,237513.469,9.766,68.000
0.049,0.023,0.014,22.031,236234.812,8.448,68.000
0.048,0.016,0.012,19.378,238013.438,8.680,68.000
0.059,0.001,0.013,21.967,138059.594,0.834,68.000
0.049,0.018,0.012,19.156,228800.312,9.157,68.000
0.054,0.001,0.012,24.011,216922.500,4.315,68.000
0.049,0.007,0.014,20.321,241961.438,7.469,68.000
0.058,0.000,0.011,20.686,141069.250,3.919,68.000
0.100,0.011,0.011,17.461,38867.195,11.729,68.000
0.002,0.012,0.012,21.262,188711.000,7.577,68.000
0.050,0.008,0.014,19.525,244936.750,7.593,68.000
0.050,0.019,0.010,19.920,209098.438,9.022,68.000
0.048,0.007,0.011,21.590,290559.188,7.989,68.000
0.044,0.002,0.010,21.654,208420.625,2.739,68.000
0.002,0.013,0.012,20.886,208515.625,7.613,68.000
0.052,0.013,0.013,21.161,209106.625,6.728,68.000
0.049,0.003,0.010,22.560,272563.688,5.293,68.000
0.045,0.001,0.014,21.802,216734.094,4.070,68.000
0.045,0.001,0.004,18.637,176185.875,1.113,68.000
0.041,0.001,0.012,21.072,129284.039,1.674,68.000
0.053,0.002,0.005,20.694,221893.969,2.660,68.000
0.049,0.015,0.013,20.218,222254.625,6.992,68.000
0.045,0.001,0.004,19.593,166970.500,1.140,68.000
0.052,0.025,0.012,22.818,223127.344,6.897,68.000
0.056,0.000,0.009,28.346,-27024.141,1.050,68.000
0.046,0.000,0.012,27.907,-17579.461,1.319,68.000
0.050,0.001,0.019,24.131,128680.055,1.870,68.000
0.051,0.000,0.023,21.445,-44317.773,-5.747,68.000
0.050,0.020,0.010,20.829,218557.188,9.147,68.000
0.047,0.001,0.012,31.372,114623.383,2.176,68.000
0.050,0.002,0.006,20.940,222470.375,2.503,68.000
0.042,0.001,0.013,21.611,150056.562,2.651,68.000
0.050,0.016,0.010,19.732,218446.875,8.471,68.000
0.051,0.002,0.006,21.927,228013.750,3.284,68.000
0.050,0.000,0.023,21.603,-60875.109,-6.828,68.000
0.048,0.025,0.013,20.940,237359.000,9.730,68.000
0.050,0.013,0.010,20.354,222341.156,7.774,68.000
0.049,0.001,0.006,23.003,190061.625,2.627,68.000
0.050,0.001,0.009,26.243,247202.688,4.440,68.000
0.044,0.000,0.012,29.294,5619.172,0.817,68.000
0.046,0.001,0.015,25.597,137947.031,1.933,68.000
0.049,0.018,0.010,19.716,219344.156,9.710,68.000
0.042,0.001,0.018,20.747,111026.508,1.396,68.000
0.057,0.001,0.018,20.315,188555.031,1.647,68.000
0.051,0.000,0.013,33.515,-43901.398,-1.016,68.000
0.049,0.000,0.007,27.289,3267.797,3.901,68.000
0.052,0.000,0.002,23.862,-214.148,0.454,68.000
0.044,0.001,0.015,20.179,182402.719,2.915,68.000
0.053,0.001,0.008,24.124,205282.656,4.047,68.000
0.057,0.002,0.015,21.336,184566.469,1.675,68.000
0.049,0.011,0.014,18.833,228046.219,7.585,68.000
0.000,0.012,0.013,20.380,-10107.102,12.595,68.000
0.048,0.002,0.018,22.746,190334.531,2.475,68.000
0.053,0.002,0.013,23.645,203621.094,3.712,68.000
0.098,0.012,0.014,20.633,224731.094,6.555,68.000
0.051,0.027,0.014,16.323,140343.156,5.064,68.000
0.052,0.013,0.014,20.441,209861.125,6.510,68.000
0.058,0.000,0.013,24.951,90121.773,2.377,68.000
0.050,0.001,0.019,23.397,159066.656,2.204,68.000
0.044,0.001,0.010,24.689,198706.094,2.579,68.000
0.048,0.005,0.013,23.170,269388.125,7.115,68.000
0.050,0.010,0.010,20.199,244760.656,8.194,68.000
0.050,0.023,0.013,23.067,231127.281,7.672,68.000
0.050,0.022,0.013,22.679,243139.844,7.565,68.000
0.052,0.026,0.012,23.572,228823.938,6.697,68.000
0.048,0.014,0.011,19.808,255132.531,9.540,68.000
0.049,0.000,0.003,28.539,-69580.422,0.041,68.000
0.057,0.001,0.011,23.697,191471.406,3.600,68.000
0.052,0.001,0.008,25.223,166113.312,3.165,68.000
0.056,0.001,0.011,22.539,221788.812,4.174,68.000
0.051,0.002,0.013,22.932,234825.156,4.843,68.000
0.051,0.010,0.013,20.495,225583.031,7.894,68.000
0.050,0.005,0.010,19.874,273340.438,6.379,68.000
0.051,0.013,0.013,21.808,215807.281,6.962,68.000
0.052,0.007,0.011,19.393,258225.594,6.796,68.000
0.049,0.015,0.014,20.340,224615.406,6.709,68.000
0.049,0.001,0.021,20.890,175822.938,3.066,68.000
0.056,0.001,0.017,21.413,206678.188,2.020,68.000
0.051,0.027,0.014,23.413,177017.625,7.027,68.000
0.054,0.002,0.010,22.509,240543.312,4.534,68.000
0.057,0.001,0.016,22.547,139851.875,0.511,68.000
0.040,0.001,0.017,17.517,91857.477,1.604,68.000
0.049,0.004,0.012,22.470,283668.031,6.360,68.000
0.048,0.005,0.010,21.265,268752.438,6.324,68.000
0.050,0.001,0.006,23.957,124424.805,1.733,68.000
0.043,0.001,0.014,24.370,85720.930,1.348,68.000
0.050,0.000,0.022,21.836,26917.242,-1.558,68.000
0.050,0.019,0.012,20.438,234892.250,8.580,68.000
0.001,0.010,0.012,21.277,185469.250,7.882,68.000
0.043,0.000,0.018,22.309,54603.570,-0.236,68.000
0.051,0.021,0.014,23.184,236273.656,6.656,68.000
0.052,0.010,0.013,20.445,217436.000,7.601,68.000
0.049,0.021,0.013,21.633,248369.812,8.308,68.000
0.043,0.001,0.010,25.327,112212.320,1.313,68.000
0.098,0.011,0.013,20.718,208959.688,6.001,68.000
0.040,0.000,0.008,19.999,-57933.867,1.449,68.000
0.050,0.014,0.010,20.197,214634.031,7.736,68.000
0.051,0.000,0.009,30.224,-18959.492,2.337,68.000
0.052,0.002,0.006,21.211,222812.844,2.925,68.000
0.044,0.000,0.012,25.300,21538.539,-0.748,68.000
0.054,0.001,0.015,23.552,186358.500,2.146,68.000
0.049,0.019,0.014,22.574,256801.125,7.491,68.000
0.055,0.002,0.014,22.778,180568.688,2.555,68.000
0.046,0.000,0.005,22.700,11453.328,2.314,68.000
0.055,0.002,0.013,23.467,184510.938,3.312,68.000
0.043,0.001,0.010,23.775,149085.594,1.625,68.000
0.042,0.001,0.009,22.627,148077.031,1.417,68.000
0.042,0.001,0.016,20.289,119323.555,2.256,68.000
0.048,0.004,0.011,22.103,272870.031,6.140,68.000
0.043,0.001,0.011,23.389,197722.594,2.538,68.000
0.050,0.003,0.012,22.316,270707.281,5.945,68.000
0.048,0.016,0.013,19.588,234799.375,7.915,68.000
0.052,0.015,0.013,21.838,198256.438,5.685,68.000
0.050,0.026,0.010,19.564,226070.375,8.627,68.000
0.049,0.020,0.013,20.814,252537.594,8.658,68.000
0.042,0.000,0.005,19.374,49629.242,0.018,68.000
0.043,0.001,0.009,21.948,175859.219,1.944,68.000
0.054,0.001,0.012,23.870,214433.188,4.191,68.000
0.047,0.002,0.014,23.134,222146.719,4.363,68.000
0.057,0.001,0.016,20.140,203230.250,2.316,68.000
0.049,0.000,0.017,25.686,-21204.391,-0.098,68.000
0.052,0.021,0.013,22.686,231655.562,6.962,68.000
0.051,0.000,0.018,26.170,-14888.148,-0.113,68.000
0.050,0.011,0.012,20.766,229226.469,8.242,68.000
0.050,0.000,0.012,29.574,91009.086,2.216,68.000
0.097,0.012,0.012,20.997,205247.000,6.995,68.000
0.042,0.001,0.017,23.886,-18397.758,-0.715,68.000
0.001,0.012,0.013,21.177,197959.000,7.941,68.000
0.049,0.008,0.013,21.635,266692.250,8.536,68.000
0.049,0.001,0.005,22.772,154914.625,1.910,68.000
0.053,0.002,0.012,23.962,254067.969,4.759,68.000
0.055,0.001,0.005,23.665,74015.664,0.990,68.000
0.050,0.000,0.005,28.176,-17195.516,1.173,68.000
0.046,0.000,0.009,28.937,40512.555,0.249,68.000
0.046,0.002,0.014,22.632,221622.281,4.332,68.000
0.057,0.000,0.009,26.368,-21643.172,1.776,68.000
0.050,0.014,0.011,20.082,227205.062,8.096,68.000
0.048,0.013,0.014,19.859,223114.438,7.425,68.000
0.045,0.001,0.009,27.497,129169.461,2.216,68.000
0.051,0.007,0.014,19.748,238088.000,7.170,68.000
0.051,0.017,0.012,21.274,210963.406,7.238,68.000
0.052,0.026,0.011,22.079,207563.562,6.162,68.000
0.046,0.002,0.011,21.272,251988.250,3.848,68.000
0.048,0.007,0.011,22.099,284930.719,8.192,68.000
0.047,0.001,0.018,23.826,130556.070,1.219,68.000
0.050,0.000,0.017,26.074,57747.680,1.585,68.000
0.051,0.000,0.009,30.706,4100.477,0.723,68.000
0.001,0.013,0.012,21.598,197248.562,7.476,68.000
0.048,0.000,0.003,24.651,-12974.258,0.412,68.000
0.050,0.024,0.011,21.106,219236.156,8.520,68.000
0.045,0.000,0.014,29.086,-64390.523,-3.935,68.000
0.042,0.001,0.010,25.030,88313.820,0.974,68.000
0.051,0.021,0.013,22.068,237087.469,7.437,68.000
0.050,0.001,0.005,20.180,223548.688,2.283,68.000
0.050,0.011,0.015,17.823,221291.625,7.176,68.000
0.049,0.009,0.011,21.112,262789.625,8.564,68.000
0.043,0.000,0.005,19.947,53666.992,0.335,68.000
0.045,0.001,0.017,23.848,125064.180,1.335,68.000
0.049,0.007,0.010,20.865,294684.281,7.908,68.000
0.050,0.025,0.014,23.747,233059.094,8.044,68.000
0.051,0.026,0.014,24.016,230478.438,7.957,68.000
0.048,0.007,0.013,21.621,269021.562,8.435,68.000
0.052,0.013,0.013,22.256,208829.594,6.564,68.000
0.099,0.011,0.012,24.522,160728.625,6.263,68.000
0.000,0.011,0.013,18.780,-13074.367,12.964,68.000
0.046,0.000,0.005,23.174,-9106.156,0.428,68.000
0.050,0.023,0.010,20.312,220815.062,8.807,68.000
0.049,0.009,0.010,20.639,264940.844,8.206,68.000
0.052,0.018,0.012,22.177,213916.969,6.620,68.000
0.050,0.003,0.014,23.573,213593.875,4.579,68.000
0.049,0.014,0.013,20.298,224164.906,7.287,68.000
0.049,0.000,0.021,23.008,-3452.797,0.795,68.000
0.045,0.000,0.014,31.871,-56204.312,-4.463,68.000
0.057,0.000,0.009,24.930,-14676.664,3.217,68.000
0.049,0.007,0.010,20.384,276688.000,7.370,68.000
0.049,0.019,0.011,19.752,224539.812,9.310,68.000
0.051,0.017,0.012,20.507,216815.125,7.852,68.000
0.058,0.001,0.013,24.728,73015.586,0.834,68.000
0.055,0.001,0.006,21.942,181951.844,2.614,68.000
0.048,0.000,0.016,28.828,-21091.164,-0.616,68.000
0.058,0.000,0.006,25.053,-39515.172,2.277,68.000
0.054,0.001,0.022,21.085,173940.781,2.907,68.000
0.044,0.000,0.015,26.863,-11571.203,-0.130,68.000
0.047,0.001,0.005,20.281,204304.938,2.003,68.000
0.053,0.001,0.011,23.534,256851.312,4.846,68.000
0.049,0.001,0.002,22.661,116361.883,1.409,68.000
0.050,0.008,0.015,19.073,238520.656,7.196,68.000
0.052,0.001,0.005,22.799,134569.219,1.766,68.000
0.049,0.008,0.014,20.725,247443.812,7.870,68.000
0.057,0.000,0.018,23.668,39742.133,-0.841,68.000
0.048,0.014,0.014,19.851,226582.438,7.532,68.000
0.051,0.005,0.010,20.065,280266.812,6.414,68.000
0.048,0.014,0.011,19.671,255591.719,9.427,68.000
0.051,0.000,0.013,29.301,-11913.719,4.030,68.000
0.050,0.000,0.010,29.028,44468.695,1.288,68.000
0.047,0.001,0.009,24.786,236205.250,3.581,68.000
0.049,0.010,0.013,20.639,239275.938,8.389,68.000
0.049,0.001,0.021,20.961,174440.875,3.032,68.000
0.050,0.000,0.018,24.520,-29365.812,-0.321,68.000
0.050,0.009,0.012,20.867,248940.500,8.604,68.000
0.053,0.001,0.017,21.919,201323.719,2.866,68.000
0.048,0.001,0.011,22.495,265120.000,4.425,68.000
0.050,0.026,0.010,19.477,226658.750,8.962,68.000
0.048,0.010,0.014,20.288,236705.375,8.152,68.000
0.048,0.013,0.014,20.048,225181.906,7.575,68.000
0.059,0.001,0.016,19.778,175717.969,0.609,68.000
0.057,0.000,0.007,21.644,38047.664,3.609,68.000
0.054,0.001,0.015,22.164,207050.000,2.154,68.000
0.051,0.024,0.011,22.267,219309.688,7.673,68.000
0.050,0.013,0.010,20.393,222268.531,7.689,68.000
0.051,0.015,0.011,20.615,206076.156,7.361,68.000
0.051,0.019,0.011,20.948,211739.094,8.306,68.000
0.050,0.001,0.009,23.905,270878.906,4.699,68.000
0.049,0.013,0.012,20.304,246752.188,8.844,68.000
0.052,0.002,0.017,22.391,199317.000,3.026,68.000
0.099,0.013,0.011,27.943,131938.875,7.102,68.000
0.051,0.001,0.022,22.539,129161.117,2.303,68.000
0.055,0.001,0.011,23.645,227390.812,4.335,68.000
0.049,0.009,0.013,21.377,269965.719,8.879,68.000
0.051,0.010,0.011,20.008,235398.188,8.060,68.000
0.053,0.001,0.015,29.560,26019.062,0.030,68.000
0.052,0.003,0.014,23.410,210103.406,4.191,68.000
0.049,0.026,0.010,18.930,230379.531,9.468,68.000
0.051,0.000,0.001,22.990,19646.867,-0.171,68.000
0.055,0.000,0.022,19.739,114987.070,3.217,68.000
0.046,0.001,0.017,23.935,116853.805,1.336,68.000
0.048,0.005,0.012,22.655,290490.562,7.162,68.000
0.051,0.007,0.013,22.333,259738.062,8.012,68.000
0.048,0.001,0.008,29.432,79648.898,1.965,68.000
0.044,0.000,0.009,26.599,-33478.195,2.006,68.000
0.048,0.010,0.013,20.468,252927.250,8.806,68.000
0.049,0.000,0.016,24.311,97620.539,0.868,68.000
0.052,0.000,0.005,23.946,43854.117,1.866,68.000
0.046,0.000,0.021,19.232,-1837.719,0.323,68.000
0.045,0.001,0.010,27.414,150564.281,2.295,68.000
0.056,0.001,0.011,24.466,157936.750,3.176,68.000
0.051,0.000,0.013,29.782,43089.195,2.405,68.000
0.048,0.013,0.011,19.797,248264.406,8.692,68.000
0.050,0.022,0.013,22.364,237443.000,7.671,68.000
0.048,0.005,0.011,21.841,273406.688,6.432,68.000
0.059,0.000,0.009,21.872,6795.805,3.614,68.000
0.050,0.001,0.011,24.814,267525.469,4.463,68.000
0.059,0.001,0.013,22.051,136771.312,0.543,68.000
0.052,0.001,0.006,21.385,219116.281,2.971,68.000
0.055,0.000,0.019,21.193,-4654.750,-1.611,68.000
0.051,0.013,0.013,21.706,220184.969,7.181,68.000
0.051,0.001,0.008,23.912,236453.156,4.263,68.000
0.044,0.000,0.006,23.076,20836.180,0.424,68.000
0.049,0.002,0.015,23.887,202179.625,3.646,68.000
0.050,0.023,0.011,20.990,217063.094,8.721,68.000
0.054,0.001,0.020,23.211,127018.570,2.196,68.000
0.052,0.001,0.020,23.759,101393.117,1.953,68.000
0.001,0.010,0.011,21.156,177429.844,7.770,68.000
0.058,0.001,0.010,24.578,142768.656,3.669,68.000
0.057,0.000,0.020,19.987,89466.977,1.442,68.000
0.052,0.001,0.017,24.218,216765.781,2.738,68.000
0.047,0.000,0.019,21.856,69031.242,0.418,68.000
0.052,0.003,0.014,23.105,209710.500,4.398,68.000
0.048,0.013,0.011,19.916,244691.562,8.521,68.000
0.002,0.012,0.013,20.891,202655.094,7.630,68.000
0.051,0.000,0.003,22.032,85047.836,1.807,68.000
0.054,0.002,0.013,23.643,206000.562,3.975,68.000
0.050,0.005,0.010,20.282,284440.812,6.611,68.000
0.055,0.001,0.013,26.929,195033.969,3.504,68.000
0.060,0.000,0.009,17.628,35038.367,2.975,68.000
0.047,0.001,0.009,26.127,225631.125,3.531,68.000
0.097,0.013,0.012,20.906,209590.281,7.023,68.000
0.049,0.001,0.004,19.274,220497.094,1.810,68.000
0.049,0.012,0.010,20.550,224030.469,7.490,68.000
0.041,0.000,0.011,24.507,-53769.473,-1.868,68.000
0.049,0.002,0.017,23.159,203220.938,3.057,68.000
0.049,0.019,0.013,20.543,251142.562,8.553,68.000
0.041,0.001,0.015,20.072,119979.930,2.315,68.000
0.045,0.001,0.017,25.050,48277.570,-0.092,68.000
0.051,0.017,0.013,21.635,212174.750,6.548,68.000
0.051,0.001,0.018,23.146,197328.750,2.483,68.000
0.048,0.001,0.022,21.622,169122.844,2.959,68.000
0.049,0.001,0.001,20.283,197243.031,1.957,68.000
0.043,0.001,0.016,20.541,130297.648,2.056,68.000
0.051,0.025,0.012,22.087,227390.469,7.589,68.000
0.051,0.002,0.014,24.380,203121.344,3.689,68.000
0.052,0.003,0.013,23.179,218688.812,4.468,68.000
0.049,0.000,0.014,32.367,-30120.461,-1.217,68.000
0.049,0.002,0.016,23.669,203846.062,3.302,68.000
0.060,0.001,0.009,20.948,161244.531,2.614,68.000
0.042,0.000,0.015,22.571,-17992.867,-0.187,68.000
0.055,0.000,0.011,31.335,-46051.805,-1.691,68.000
0.049,0.003,0.011,22.036,274450.188,5.604,68.000
0.051,0.001,0.017,22.666,202247.250,2.942,68.000
0.049,0.012,0.011,20.117,238546.969,8.318,68.000
0.053,0.001,0.003,18.925,237396.062,2.361,68.000
0.050,0.018,0.014,21.649,237229.188,7.016,68.000
0.051,0.008,0.015,19.073,235735.406,7.013,68.000
0.049,0.016,0.014,21.052,229638.375,6.915,68.000
0.050,0.008,0.013,21.799,258823.062,8.322,68.000
0.055,0.001,0.016,21.734,213830.094,2.228,68.000
0.050,0.021,0.011,20.852,223012.500,8.738,68.000
0.048,0.001,0.010,23.542,267645.750,4.063,68.000
0.049,0.008,0.010,20.574,265659.688,7.908,68.000
0.050,0.016,0.013,20.372,227950.781,7.344,68.000
0.052,0.018,0.012,21.766,214470.906,6.755,68.000
0.051,0.001,0.023,21.722,150090.844,2.474,68.000
0.047,0.000,0.018,24.412,-71708.500,-1.291,68.000
0.049,0.020,0.013,21.357,256565.406,8.295,68.000
0.048,0.001,0.006,24.514,70917.086,1.529,68.000
0.050,0.000,0.009,30.732,16886.703,1.107,68.000
0.050,0.017,0.011,20.448,217576.750,8.594,68.000
0.049,0.014,0.010,20.197,224795.031,8.186,68.000
0.052,0.001,0.006,21.310,208199.969,2.341,68.000
0.044,0.001,0.004,19.584,147786.031,1.413,68.000
0.052,0.014,0.012,22.508,196017.031,6.257,68.000
0.049,0.012,0.014,20.228,234754.625,7.922,68.000
0.051,0.023,0.011,21.995,219043.625,8.071,68.000
0.053,0.000,0.020,21.909,77837.898,1.950,68.000
0.049,0.001,0.002,23.121,70168.789,1.061,68.000
0.050,0.019,0.010,20.301,213254.750,9.166,68.000
0.045,0.000,0.010,26.088,62950.852,-0.777,68.000
0.055,0.000,0.007,24.403,26839.930,3.422,68.000
0.049,0.019,0.010,19.743,213688.188,9.507,68.000
0.060,0.000,0.013,20.475,85610.945,0.403,68.000
0.052,0.026,0.013,23.955,229042.062,6.848,68.000
0.054,0.001,0.004,18.222,231921.406,2.425,68.000
0.049,0.003,0.012,22.846,281943.094,6.254,68.000
0.056,0.000,0.012,30.499,-71667.852,0.367,68.000
0.052,0.021,0.012,21.824,216237.938,7.610,68.000
0.054,0.000,0.019,22.572,-27043.734,-2.430,68.000
0.058,0.001,0.020,21.419,154976.906,1.672,68.000
0.043,0.002,0.011,20.794,213142.094,2.808,68.000
0.052,0.017,0.011,21.009,206945.031,7.226,68.000
0.053,0.002,0.017,22.103,199772.562,2.912,68.000
0.050,0.008,0.010,19.169,263851.125,7.295,68.000
0.048,0.022,0.012,20.382,230558.000,9.598,68.000
0.051,0.007,0.012,21.736,246799.281,7.663,68.000
0.050,0.001,0.008,22.873,248164.812,4.014,68.000
0.047,0.000,0.019,23.388,845.234,-0.857,68.000
0.051,0.002,0.014,24.747,199391.375,3.469,68.000
0.051,0.005,0.010,19.716,274433.562,6.324,68.000
0.049,0.001,0.002,21.111,164064.062,1.700,68.000
0.048,0.016,0.011,19.673,237481.875,9.820,68.000
0.051,0.019,0.012,21.287,227961.594,7.922,68.000
0.059,0.001,0.013,22.324,140308.906,1.076,68.000
0.056,0.000,0.014,24.765,53596.695,2.141,68.000
0.051,0.000,0.001,22.026,53237.617,0.840,68.000
0.049,0.000,0.016,28.341,40146.773,4.346,68.000
0.055,0.001,0.012,22.777,218056.844,4.295,68.000
0.049,0.014,0.012,20.617,241253.156,8.429,68.000
0.052,0.027,0.010,14.174,231403.469,6.215,68.000
0.040,0.000,0.015,17.833,84472.664,2.329,68.000
0.051,0.022,0.012,21.554,225293.250,8.218,68.000
0.048,0.009,0.014,20.449,242639.188,7.941,68.000
0.043,0.000,0.017,23.991,-13134.930,-0.561,68.000
0.049,0.023,0.011,20.693,216585.156,9.343,68.000
0.051,0.018,0.010,20.470,213426.812,8.508,68.000
0.049,0.006,0.015,20.823,225336.906,6.484,68.000
0.042,0.001,0.006,21.838,64463.617,1.482,68.000
0.050,0.010,0.009,20.040,240499.594,7.382,68.000
0.052,0.025,0.012,22.515,220705.969,7.015,68.000
0.042,0.001,0.010,21.622,153122.719,1.792,68.000
0.048,0.003,0.012,22.986,272066.125,5.748,68.000
0.049,0.011,0.010,20.731,232299.625,7.790,68.000
0.051,0.022,0.011,21.252,211220.344,8.071,68.000
0.049,0.025,0.011,20.270,222033.250,9.285,68.000
0.052,0.025,0.013,22.989,220065.031,6.581,68.000
0.058,0.000,0.017,23.009,29450.648,1.594,68.000
0.049,0.011,0.012,19.988,256804.438,9.193,68.000
0.050,0.005,0.015,21.968,217950.344,5.830,68.000
0.052,0.000,0.006,25.613,25358.211,2.142,68.000
0.055,0.000,0.014,29.425,47646.633,4.574,68.000
0.052,0.000,0.016,27.902,-11288.602,1.534,68.000
0.056,0.000,0.020,21.179,-18243.219,-3.043,68.000
0.044,0.001,0.014,20.748,196604.312,3.556,68.000
0.058,0.001,0.008,20.830,169151.656,2.853,68.000
0.050,0.004,0.009,21.776,274173.188,5.589,68.000
0.051,0.000,0.018,25.431,-17005.656,-0.529,68.000
0.048,0.007,0.014,21.252,236025.375,7.262,68.000
0.002,0.013,0.012,20.994,212325.438,7.612,68.000
0.049,0.017,0.011,19.681,228635.094,9.458,68.000
0.048,0.000,0.022,20.924,46425.461,1.132,68.000
0.051,0.009,0.011,20.450,237506.188,8.219,68.000
0.049,0.024,0.013,21.511,233602.938,9.106,68.000
0.050,0.015,0.013,20.516,220292.250,6.847,68.000
0.049,0.022,0.013,22.715,239344.469,7.901,68.000
0.051,0.020,0.012,21.776,235353.438,7.581,68.000
0.044,0.001,0.005,19.245,156493.969,1.641,68.000
0.049,0.001,0.019,22.304,185397.062,3.042,68.000
0.056,0.000,0.008,26.046,91112.992,1.597,68.000
0.050,0.010,0.011,20.567,242563.406,8.765,68.000
0.051,0.007,0.012,21.561,273921.719,8.303,68.000
0.052,0.012,0.011,19.866,193126.219,6.784,68.000
0.050,0.007,0.012,22.254,276495.375,7.988,68.000
0.054,0.002,0.010,22.472,238583.688,4.497,68.000
0.049,0.001,0.017,27.325,87660.227,0.343,68.000
0.049,0.014,0.010,19.864,234657.688,8.524,68.000
0.051,0.002,0.010,22.394,277847.156,5.385,68.000
0.049,0.012,0.014,19.700,233538.812,7.804,68.000
0.048,0.002,0.011,22.495,266371.938,5.049,68.000
0.053,0.001,0.004,19.895,220720.156,2.577,68.000
0.048,0.022,0.012,21.091,239001.438,9.601,68.000
0.050,0.016,0.014,20.645,224941.406,6.451,68.000
0.053,0.001,0.011,23.270,250756.781,4.639,68.000
0.058,0.001,0.015,22.769,90137.414,-0.780,68.000
0.040,0.001,0.012,20.600,113246.195,1.440,68.000
0.051,0.003,0.010,22.677,275811.656,5.427,68.000
0.041,0.001,0.017,22.316,-22792.562,-0.874,68.000
0.054,0.001,0.019,22.987,188320.469,2.356,68.000
0.049,0.012,0.010,20.675,227949.062,7.722,68.000
0.049,0.013,0.011,19.752,249318.312,8.777,68.000
0.045,0.002,0.007,22.225,197799.781,2.456,68.000
0.049,0.014,0.010,20.141,232141.781,8.210,68.000
0.052,0.023,0.011,21.667,215895.281,7.608,68.000
0.054,0.001,0.008,23.485,211022.375,4.004,68.000
0.041,0.001,0.013,20.847,135399.562,2.250,68.000
0.049,0.001,0.011,24.088,273076.812,4.328,68.000
0.051,0.009,0.013,21.258,242884.344,7.988,68.000
0.058,0.001,0.013,23.915,150949.219,1.979,68.000
0.050,0.017,0.010,19.501,219550.031,9.083,68.000
0.052,0.020,0.011,21.250,211200.406,8.112,68.000
0.045,0.002,0.014,21.624,216800.719,4.209,68.000
0.002,0.012,0.013,20.840,210681.969,7.598,68.000
0.050,0.001,0.002,23.411,91124.164,1.347,68.000
0.055,0.001,0.003,18.295,239019.938,2.556,68.000
0.058,0.000,0.014,23.231,42087.555,-0.006,68.000
0.050,0.009,0.014,19.894,241398.844,7.958,68.000
0.045,0.000,0.004,18.581,47735.664,-0.084,68.000
0.052,0.008,0.013,20.563,229351.344,7.435,68.000
0.050,0.012,0.015,18.185,222022.844,7.231,68.000
0.055,0.001,0.008,23.305,195170.750,3.445,68.000
0.051,0.003,0.012,22.478,248648.688,5.292,68.000
0.050,0.009,0.014,20.490,242975.031,8.300,68.000
0.053,0.001,0.013,26.636,193434.344,3.197,68.000
0.047,0.002,0.007,21.959,215725.406,2.933,68.000
0.049,0.001,0.014,32.364,-1230.641,0.172,68.000
0.052,0.010,0.011,19.538,214451.531,7.109,68.000
0.050,0.027,0.014,25.028,99284.211,0.325,68.000
0.058,0.000,0.006,26.239,-56183.840,0.893,68.000
0.057,0.001,0.019,21.438,165040.781,1.636,68.000
0.058,0.000,0.018,20.907,65213.070,2.584,68.000
0.046,0.000,0.014,32.863,4433.938,-2.320,68.000
0.055,0.001,0.011,22.573,225617.312,4.231,68.000
0.044,0.001,0.010,24.663,155107.531,1.857,68.000
0.098,0.012,0.011,21.976,206093.938,7.383,68.000
0.059,0.000,0.013,26.066,-9720.492,0.900,68.000
0.049,0.017,0.012,19.320,228673.125,9.145,68.000
0.048,0.007,0.010,20.947,282057.812,7.771,68.000
0.052,0.002,0.006,21.505,225389.625,3.200,68.000
0.044,0.002,0.017,21.518,150744.344,2.432,68.000
0.050,0.007,0.014,20.412,235771.094,7.035,68.000
0.051,0.002,0.015,24.220,198586.562,3.552,68.000
0.052,0.025,0.011,22.059,221294.094,7.357,68.000
0.049,0.024,0.011,20.383,215856.875,9.493,68.000
0.049,0.010,0.013,20.456,243117.844,8.674,68.000
0.052,0.000,0.015,28.953,11888.945,0.682,68.000
0.051,0.009,0.013,20.970,239362.031,8.070,68.000
0.050,0.009,0.014,20.212,241034.688,8.156,68.000
0.053,0.000,0.021,22.501,-32741.930,-0.354,68.000
0.051,0.009,0.011,19.549,243768.594,7.647,68.000
0.056,0.000,0.014,26.299,48132.133,1.268,68.000
0.051,0.001,0.012,26.711,254530.219,4.533,68.000
0.049,0.004,0.014,22.994,237913.125,6.188,68.000
0.048,0.012,0.013,19.861,255615.188,9.144,68.000
0.050,0.000,0.022,21.367,9735.594,1.195,68.000
0.050,0.006,0.014,21.237,239158.031,7.002,68.000
0.049,0.000,0.019,24.058,74691.227,1.060,68.000
0.055,0.000,0.008,25.603,-4957.172,2.790,68.000
0.049,0.001,0.005,19.711,221751.438,2.034,68.000
0.059,0.001,0.017,20.804,134683.219,-0.743,68.000
0.048,0.023,0.013,21.504,241187.125,9.339,68.000
0.052,0.001,0.018,22.907,202212.656,2.503,68.000
0.051,0.001,0.006,22.319,197525.094,2.542,68.000
0.051,0.022,0.010,21.154,214923.406,8.647,68.000
0.059,0.001,0.019,20.147,166494.125,0.303,68.000
0.052,0.010,0.011,19.762,202711.469,7.122,68.000
0.052,0.027,0.012,22.041,180025.500,5.673,68.000
0.045,0.001,0.017,22.796,169562.094,2.560,68.000
0.049,0.000,0.001,23.017,56302.930,0.401,68.000
0.054,0.000,0.003,21.813,90809.680,1.308,68.000
0.051,0.015,0.010,20.005,209073.438,7.623,68.000
0.050,0.001,0.008,23.769,237182.281,4.122,68.000
0.053,0.002,0.006,20.196,218529.438,2.406,68.000
0.055,0.001,0.015,21.668,206700.469,2.031,68.000
0.052,0.002,0.013,23.638,217753.969,4.300,68.000
0.053,0.001,0.007,23.209,214242.562,3.965,68.000
0.050,0.019,0.011,20.522,216280.875,9.081,68.000
0.050,0.023,0.011,21.633,223561.562,8.875,68.000
0.099,0.012,0.012,24.680,156378.094,6.374,68.000
0.057,0.001,0.010,21.378,200899.188,3.450,68.000
0.055,0.001,0.013,23.566,192961.656,3.801,68.000
0.057,0.000,0.009,24.976,-13480.023,1.485,68.000
0.053,0.001,0.010,30.416,124475.711,2.971,68.000
0.044,0.002,0.009,22.253,202297.656,2.612,68.000
0.050,0.001,0.007,22.888,241032.781,3.969,68.000
0.057,0.002,0.008,21.124,191570.812,2.717,68.000
0.051,0.023,0.010,21.235,222317.625,8.077,68.000
0.048,0.003,0.013,23.530,241206.344,5.471,68.000
0.053,0.001,0.022,20.794,178937.469,2.983,68.000
0.052,0.005,0.010,19.479,271409.219,6.098,68.000
0.047,0.000,0.007,25.219,71526.008,1.096,68.000
0.042,0.001,0.018,20.616,87745.523,0.779,68.000
0.053,0.001,0.012,24.377,244412.062,4.676,68.000
0.049,0.001,0.008,27.844,126408.289,2.609,68.000
0.045,0.000,0.017,22.222,123658.680,1.317,68.000
0.050,0.027,0.010,19.563,237472.625,8.920,68.000
0.048,0.007,0.010,20.932,272113.188,7.730,68.000
0.049,0.018,0.011,19.972,222421.500,9.649,68.000
0.053,0.002,0.010,22.708,255147.094,4.709,68.000
0.056,0.001,0.006,22.490,167376.812,2.889,68.000
0.055,0.001,0.012,24.654,209116.688,4.041,68.000
0.045,0.001,0.011,22.340,236252.625,3.060,68.000
0.048,0.025,0.012,20.630,233800.469,10.233,68.000
0.048,0.017,0.012,19.299,234115.156,9.324,68.000
0.052,0.003,0.013,22.232,229051.781,4.846,68.000
0.039,0.001,0.011,20.910,76024.398,0.683,68.000
0.051,0.025,0.013,22.828,224822.906,6.964,68.000
0.051,0.010,0.014,19.149,216924.125,7.293,68.000
0.052,0.001,0.013,28.330,185100.156,3.386,68.000
0.051,0.007,0.013,21.342,250881.938,7.823,68.000
0.048,0.025,0.011,19.964,217660.719,9.648,68.000
0.045,0.001,0.018,22.211,166635.094,2.405,68.000
0.056,0.000,0.010,28.493,-11899.430,1.633,68.000
0.051,0.019,0.013,22.425,242118.844,7.258,68.000
0.049,0.000,0.008,29.184,-6028.359,4.092,68.000
0.050,0.006,0.015,20.567,227403.062,6.479,68.000
0.056,0.000,0.009,27.199,-27160.016,3.235,68.000
0.002,0.010,0.013,21.095,190624.781,7.606,68.000
0.100,0.013,0.012,26.335,-118069.922,11.028,68.000
0.048,0.010,0.010,21.245,249378.312,8.228,68.000
0.052,0.004,0.012,21.760,243246.031,5.529,68.000
0.052,0.002,0.013,23.514,226295.969,4.607,68.000
0.047,0.002,0.016,23.241,192017.031,3.107,68.000
0.052,0.026,0.012,22.832,224928.938,6.830,68.000
0.052,0.006,0.012,20.955,252031.406,6.566,68.000
0.051,0.014,0.012,21.163,226198.094,7.653,68.000
0.054,0.001,0.016,25.025,167166.781,1.023,68.000
0.055,0.001,0.003,19.411,206789.312,2.408,68.000
0.049,0.007,0.013,22.956,276992.594,8.255,68.000
0.046,0.000,0.014,32.602,-62868.246,-4.050,68.000
0.059,0.001,0.006,18.279,194706.125,2.655,68.000
0.045,0.001,0.008,22.997,208781.562,2.766,68.000
0.052,0.010,0.011,19.541,207384.500,6.962,68.000
0.050,0.020,0.013,22.434,250007.531,7.589,68.000
0.049,0.015,0.014,19.576,220717.844,6.688,68.000
0.049,0.001,0.018,22.548,190505.500,2.644,68.000
0.045,0.001,0.019,23.915,72690.477,0.453,68.000
0.044,0.001,0.009,22.415,191029.250,2.314,68.000
0.048,0.025,0.011,19.652,218736.125,9.651,68.000
0.055,0.000,0.016,25.779,21475.477,0.501,68.000
0.058,0.001,0.017,19.820,193475.469,1.481,68.000
0.052,0.025,0.012,22.393,223973.812,7.073,68.000
0.046,0.001,0.010,25.343,223836.156,3.083,68.000
0.052,0.002,0.018,22.296,187651.688,2.475,68.000
0.057,0.000,0.012,28.279,8972.844,2.796,68.000
0.045,0.001,0.007,24.063,138972.219,2.152,68.000
0.049,0.021,0.011,20.395,226469.844,9.075,68.000
0.056,0.000,0.007,24.938,-24102.805,1.454,68.000
0.051,0.021,0.011,21.246,211412.312,8.011,68.000
0.002,0.012,0.012,21.307,195093.031,7.446,68.000
0.050,0.002,0.013,23.818,241544.875,5.177,68.000
0.053,0.001,0.006,23.002,167655.125,2.575,68.000
0.049,0.002,0.010,22.545,275060.969,5.165,68.000
0.052,0.000,0.018,24.642,31391.586,0.425,68.000
0.050,0.014,0.014,19.223,222955.781,6.676,68.000
0.052,0.001,0.017,27.623,68282.352,-0.112,68.000
0.052,0.001,0.004,22.732,108518.523,1.389,68.000
0.039,0.001,0.014,17.819,102528.680,2.431,68.000
0.048,0.010,0.011,20.981,253099.812,8.863,68.000
0.057,0.001,0.017,22.835,125106.320,0.001,68.000
0.052,0.000,0.010,31.148,-35424.961,0.918,68.000
0.049,0.003,0.010,22.332,273227.656,5.434,68.000
0.049,0.001,0.009,23.961,262975.875,4.540,68.000
0.053,0.001,0.012,34.950,33082.383,1.685,68.000
0.050,0.016,0.012,20.562,218493.031,8.031,68.000
0.047,0.001,0.011,22.349,260834.969,3.552,68.000
0.042,0.000,0.016,23.254,7546.953,0.334,68.000
0.052,0.012,0.011,19.887,198752.781,6.942,68.000
0.055,0.002,0.017,20.697,206696.500,2.881,68.000
0.044,0.001,0.018,21.210,152335.406,2.147,68.000
0.051,0.000,0.015,26.511,112387.055,0.730,68.000
0.000,0.012,0.013,24.172,32873.102,6.243,68.000
0.047,0.002,0.017,22.951,182915.469,2.536,68.000
0.060,0.001,0.013,21.007,79365.195,-1.159,68.000
0.055,0.000,0.021,20.765,32361.570,-0.321,68.000
0.051,0.000,0.018,26.254,38196.383,-3.142,68.000
0.051,0.010,0.011,20.045,216491.125,7.680,68.000
0.049,0.001,0.005,20.589,221924.812,2.258,68.000
0.051,0.011,0.011,20.223,210133.938,7.630,68.000
0.052,0.006,0.012,21.491,241037.781,6.611,68.000
0.050,0.024,0.010,20.445,219381.406,8.576,68.000
0.052,0.012,0.013,20.646,217713.938,7.267,68.000
0.049,0.009,0.014,19.109,233566.500,7.548,68.000
0.049,0.016,0.014,21.209,233296.281,6.892,68.000
0.049,0.000,0.009,30.084,-8431.016,2.303,68.000
0.048,0.011,0.011,20.515,244775.625,8.762,68.000
0.051,0.014,0.011,20.847,207456.875,7.227,68.000
0.052,0.022,0.011,21.829,213921.281,7.642,68.000
0.045,0.001,0.021,21.918,155800.875,2.127,68.000
0.051,0.000,0.004,29.638,-27347.234,2.551,68.000
0.053,0.000,0.004,22.015,73057.961,1.861,68.000
0.046,0.001,0.010,25.846,232810.969,3.172,68.000
0.052,0.008,0.013,20.283,229964.312,7.250,68.000
0.048,0.014,0.012,20.151,259881.125,9.636,68.000
0.052,0.014,0.012,21.536,207005.469,6.919,68.000
0.059,0.001,0.016,21.044,101015.055,-0.990,68.000
0.044,0.001,0.009,22.654,198653.031,2.407,68.000
0.044,0.001,0.015,22.151,188533.625,2.841,68.000
0.051,0.014,0.011,20.068,198871.875,7.073,68.000
0.047,0.000,0.008,29.451,-74192.484,0.864,68.000
0.049,0.006,0.013,22.934,278909.344,7.871,68.000
0.056,0.000,0.019,24.166,6681.227,-1.501,68.000
0.049,0.000,0.022,20.728,-22704.523,-1.159,68.000
0.051,0.021,0.011,21.444,213210.000,7.872,68.000
0.052,0.001,0.009,23.067,254372.375,4.653,68.000
0.049,0.013,0.014,19.439,224386.938,7.357,68.000
0.045,0.001,0.011,22.799,232039.500,2.951,68.000
0.051,0.011,0.010,20.117,211514.469,7.375,68.000
0.051,0.017,0.012,21.276,214136.250,6.814,68.000
0.000,0.013,0.012,22.208,178860.438,6.783,68.000
0.050,0.022,0.013,21.715,232906.375,8.307,68.000
0.046,0.000,0.009,26.215,102832.227,0.180,68.000
0.057,0.000,0.008,23.610,32917.555,2.549,68.000
0.044,0.000,0.019,22.369,-32518.758,-2.899,68.000
0.050,0.001,0.002,21.745,168193.062,1.797,68.000
0.049,0.000,0.018,22.954,97064.086,1.214,68.000
0.048,0.004,0.012,22.398,286601.688,6.713,68.000
0.055,0.001,0.011,22.705,231364.500,4.393,68.000
0.051,0.016,0.010,20.218,206792.438,7.567,68.000
0.053,0.002,0.015,23.517,197080.531,2.449,68.000
0.057,0.000,0.008,25.019,-35126.195,1.095,68.000
0.050,0.006,0.014,21.691,245237.375,6.990,68.000
0.051,0.002,0.010,22.360,276610.094,5.280,68.000
0.057,0.001,0.012,24.269,180071.812,3.200,68.000
0.052,0.025,0.011,21.683,218639.500,7.502,68.000
0.045,0.001,0.004,20.233,154442.625,1.314,68.000
0.055,0.001,0.018,22.167,189297.406,2.263,68.000
0.051,0.012,0.012,20.693,223107.406,8.057,68.000
0.051,0.012,0.010,19.974,210761.594,7.053,68.000
0.047,0.001,0.003,21.520,113566.352,1.184,68.000
0.050,0.007,0.010,20.048,285005.031,7.675,68.000
0.042,0.001,0.011,26.188,20845.852,-0.396,68.000
0.049,0.019,0.013,20.774,254950.031,8.571,68.000
0.098,0.013,0.013,21.071,212540.875,7.193,68.000
0.049,0.000,0.018,25.587,47953.242,0.252,68.000
0.048,0.000,0.004,25.052,-1285.055,0.556,68.000
0.048,0.025,0.011,19.828,222786.469,9.767,68.000
0.049,0.003,0.011,21.979,273631.906,5.607,68.000
0.049,0.002,0.013,23.713,237609.969,5.244,68.000
0.057,0.001,0.011,27.127,82914.945,2.339,68.000
0.041,0.001,0.006,19.091,116891.602,1.637,68.000
0.055,0.001,0.007,23.083,189340.906,3.242,68.000
0.049,0.003,0.014,23.230,216507.469,5.213,68.000
0.098,0.011,0.012,21.252,206212.094,6.281,68.000
0.047,0.000,0.016,26.147,50552.195,-0.624,68.000
0.050,0.019,0.014,22.232,247302.750,7.091,68.000
0.052,0.027,0.013,19.197,90092.695,1.162,68.000
0.048,0.008,0.011,22.048,276431.938,8.615,68.000
0.051,0.013,0.011,20.140,215939.438,7.583,68.000
0.043,0.000,0.020,21.479,-53283.504,-3.127,68.000
0.000,0.012,0.011,23.300,81696.586,4.832,68.000
0.052,0.008,0.012,21.244,235462.250,7.653,68.000
0.053,0.001,0.007,23.294,182208.562,3.071,68.000
0.050,0.013,0.010,20.374,215020.875,7.349,68.000
0.043,0.001,0.009,24.072,98869.586,1.028,68.000
0.051,0.002,0.014,24.291,201465.469,3.665,68.000
0.049,0.014,0.012,20.384,249981.219,8.988,68.000
0.048,0.025,0.011,20.087,220089.219,9.906,68.000
0.051,0.000,0.017,27.477,17795.984,-0.390,68.000
0.053,0.000,0.018,23.136,29659.055,2.070,68.000
0.049,0.000,0.012,29.875,155752.094,3.095,68.000
0.049,0.020,0.012,19.738,231874.562,9.410,68.000
0.057,0.001,0.009,25.002,145929.625,3.431,68.000
0.099,0.013,0.011,25.439,163054.062,7.380,68.000
0.050,0.023,0.012,21.864,225281.188,8.828,68.000
0.051,0.008,0.011,20.233,269521.031,7.747,68.000
0.050,0.020,0.013,21.424,241875.656,7.927,68.000
0.049,0.001,0.014,25.831,204157.562,3.278,68.000
0.052,0.011,0.012,20.638,205236.094,7.253,68.000
0.048,0.006,0.014,22.360,249656.281,7.241,68.000
0.049,0.009,0.009,20.308,257914.625,7.653,68.000
0.055,0.001,0.005,18.709,224851.719,2.548,68.000
0.051,0.013,0.011,20.242,218538.062,7.638,68.000
0.052,0.001,0.015,27.184,135561.531,1.314,68.000
0.049,0.023,0.014,22.713,233773.875,8.149,68.000
0.050,0.004,0.015,22.501,215348.906,5.236,68.000
0.052,0.000,0.013,33.064,-1557.227,0.381,68.000
0.048,0.007,0.010,21.070,280079.594,7.557,68.000
0.052,0.000,0.011,34.372,-40103.754,1.076,68.000
0.049,0.005,0.013,22.942,274296.906,6.934,68.000
0.049,0.020,0.013,21.106,254006.438,8.581,68.000
0.049,0.011,0.013,20.436,240943.875,8.449,68.000
0.050,0.007,0.013,21.741,253824.188,7.749,68.000
0.040,0.001,0.013,22.193,40058.852,0.335,68.000
0.049,0.003,0.012,23.198,271561.812,5.950,68.000
0.049,0.003,0.010,21.826,268954.594,5.451,68.000
0.051,0.006,0.014,21.035,222519.031,6.394,68.000
0.046,0.002,0.018,21.747,179763.562,2.505,68.000
0.050,0.000,0.021,22.116,-9872.812,0.452,68.000
0.050,0.018,0.011,20.335,219256.125,8.390,68.000
0.055,0.000,0.003,24.918,-20562.602,1.375,68.000
0.048,0.015,0.013,19.731,231867.125,7.795,68.000
0.052,0.006,0.014,20.830,218052.875,6.185,68.000
0.053,0.001,0.014,26.280,181435.531,2.748,68.000
0.051,0.002,0.015,24.366,196084.625,3.173,68.000
0.049,0.019,0.010,19.611,225315.750,10.064,68.000
0.098,0.012,0.013,20.851,214122.219,6.245,68.000
0.052,0.000,0.022,20.485,8004.836,1.175,68.000
0.043,0.001,0.017,22.651,102668.008,1.025,68.000
0.046,0.001,0.004,19.341,189925.094,1.339,68.000
0.060,0.000,0.014,22.181,5702.664,1.264,68.000
0.050,0.005,0.013,22.575,237322.844,5.868,68.000
0.052,0.003,0.012,21.920,248642.500,5.312,68.000
0.049,0.001,0.009,23.907,273846.438,4.463,68.000
0.001,0.013,0.012,21.074,222667.875,7.666,68.000
0.043,0.000,0.018,22.630,32870.930,-0.426,68.000
0.049,0.015,0.012,20.010,236741.188,8.408,68.000
0.053,0.001,0.021,21.969,184706.688,3.013,68.000
0.048,0.021,0.012,20.534,239138.344,9.710,68.000
0.048,0.002,0.012,23.356,270310.594,5.630,68.000
0.050,0.023,0.014,23.272,232874.156,7.981,68.000
0.051,0.019,0.013,22.230,233797.438,7.160,68.000
0.050,0.016,0.014,20.598,223207.562,6.591,68.000
0.050,0.000,0.006,27.799,-12270.828,1.198,68.000
0.058,0.000,0.011,20.851,159907.844,4.835,68.000
0.051,0.024,0.012,22.278,223079.406,7.762,68.000
0.002,0.012,0.010,21.244,180328.625,7.754,68.000
0.049,0.000,0.017,25.889,71480.227,0.066,68.000
0.050,0.007,0.014,20.106,238717.688,7.131,68.000
0.050,0.000,0.013,31.153,39858.352,1.319,68.000
0.059,0.000,0.017,20.929,22683.281,2.007,68.000
0.048,0.018,0.012,18.919,237797.406,8.968,68.000
0.051,0.005,0.010,20.183,267595.531,5.945,68.000
0.045,0.001,0.016,25.720,86722.398,1.228,68.000
0.051,0.014,0.011,20.578,224006.219,7.874,68.000
0.053,0.000,0.008,27.581,24523.891,1.711,68.000
0.054,0.002,0.008,22.732,230492.000,4.226,68.000
0.050,0.022,0.012,21.531,236003.656,8.462,68.000
0.048,0.001,0.016,24.499,195616.000,2.469,68.000
0.050,0.003,0.015,22.970,213150.094,4.799,68.000
0.000,0.013,0.013,13.710,82176.633,8.217,68.000
0.048,0.006,0.010,21.283,274131.812,6.963,68.000
0.050,0.019,0.011,20.346,218115.219,9.269,68.000
0.056,0.002,0.015,21.147,187101.938,1.770,68.000
0.050,0.000,0.021,20.889,63146.930,1.711,68.000
0.052,0.016,0.011,20.892,209657.719,7.560,68.000
0.050,0.021,0.013,21.990,247200.625,8.102,68.000
0.059,0.001,0.016,20.917,142806.125,-0.157,68.000
0.046,0.001,0.015,24.014,186075.781,2.540,68.000
0.053,0.001,0.018,22.389,198755.562,2.352,68.000
0.050,0.020,0.012,20.936,238209.188,8.242,68.000
0.059,0.001,0.017,20.069,177790.594,0.328,68.000
0.049,0.022,0.014,22.500,243733.625,8.051,68.000
0.050,0.001,0.022,21.123,177177.625,2.992,68.000
0.057,0.001,0.006,24.191,66931.023,1.396,68.000
0.048,0.001,0.010,22.891,267251.188,3.986,68.000
0.042,0.000,0.006,17.644,11073.203,1.426,68.000
0.041,0.001,0.015,21.760,62722.852,0.914,68.000
0.051,0.022,0.013,22.510,238109.719,7.464,68.000
0.049,0.000,0.013,28.787,76006.633,1.150,68.000
0.050,0.024,0.013,23.082,231002.531,7.784,68.000
0.051,0.001,0.017,23.614,206593.531,2.681,68.000
0.048,0.010,0.014,20.511,238987.469,8.201,68.000
0.051,0.009,0.011,20.639,250961.219,8.454,68.000
0.047,0.001,0.010,23.008,259008.375,3.714,68.000
0.043,0.000,0.006,20.717,-33349.930,1.182,68.000
0.049,0.018,0.014,22.026,245688.406,7.202,68.000
0.051,0.025,0.010,20.868,226156.469,8.140,68.000
0.048,0.016,0.011,19.733,244189.312,9.969,68.000
0.048,0.001,0.020,20.941,174744.781,3.061,68.000
0.046,0.000,0.015,28.331,-21144.625,-3.481,68.000
0.059,0.001,0.012,24.327,136678.812,2.087,68.000
0.098,0.012,0.012,21.002,205836.594,7.050,68.000
0.042,0.000,0.011,23.592,23375.648,-1.165,68.000
0.049,0.022,0.010,20.105,218324.281,9.575,68.000
0.045,0.001,0.010,24.523,234067.281,3.156,68.000
0.056,0.000,0.007,24.373,40582.008,3.013,68.000
0.047,0.000,0.011,34.018,-51519.465,2.721,68.000
0.044,0.001,0.014,25.140,127597.773,2.051,68.000
0.045,0.001,0.015,25.895,122467.883,1.607,68.000
0.053,0.000,0.020,23.008,-27451.062,-1.747,68.000
0.050,0.025,0.010,19.818,222464.844,8.842,68.000
0.049,0.023,0.013,21.844,237930.281,8.746,68.000
0.057,0.001,0.012,22.823,192399.031,3.545,68.000
0.049,0.020,0.013,22.003,252588.688,7.935,68.000
0.046,0.000,0.016,27.274,-12266.086,-0.901,68.000
0.050,0.001,0.016,25.681,207667.781,2.472,68.000
0.059,0.001,0.014,22.336,139360.656,0.497,68.000
0.058,0.000,0.019,21.668,85409.633,2.419,68.000
0.044,0.001,0.004,18.040,158185.188,1.249,68.000
0.052,0.023,0.012,22.368,218935.219,7.446,68.000
0.054,0.001,0.011,25.740,232383.875,4.476,68.000
0.048,0.001,0.004,25.005,51000.680,1.437,68.000
0.051,0.011,0.010,19.708,221299.312,7.038,68.000
0.052,0.000,0.021,20.067,54059.742,2.895,68.000
0.048,0.001,0.011,24.887,256546.094,3.833,68.000
0.051,0.009,0.014,19.594,237956.500,7.665,68.000
0.046,0.001,0.014,25.601,141315.625,2.205,68.000
0.052,0.024,0.012,22.725,217084.781,7.022,68.000
0.051,0.012,0.011,19.969,205914.250,7.214,68.000
0.048,0.008,0.012,22.602,283452.031,8.656,68.000
0.053,0.000,0.006,25.655,17125.547,3.191,68.000
0.048,0.022,0.011,19.963,221805.500,9.744,68.000
0.098,0.013,0.013,20.942,214330.406,7.223,68.000
0.051,0.003,0.015,22.764,210920.844,4.556,68.000
0.050,0.017,0.012,20.517,223824.000,7.430,68.000
0.052,0.008,0.012,20.538,230577.875,7.353,68.000
0.051,0.019,0.014,22.311,243997.219,7.038,68.000
0.053,0.002,0.006,21.301,216528.812,2.988,68.000
0.051,0.006,0.013,22.117,243853.750,6.946,68.000
0.003,0.012,0.011,21.276,190589.031,7.601,68.000
0.053,0.001,0.006,24.466,102023.992,1.718,68.000
0.050,0.001,0.012,25.479,264615.156,4.489,68.000
0.050,0.001,0.012,31.069,176596.344,3.614,68.000
0.057,0.001,0.012,26.520,86257.195,1.683,68.000
0.045,0.000,0.005,25.102,-38823.762,-0.626,68.000
0.049,0.010,0.011,20.941,243208.625,8.488,68.000
0.046,0.002,0.012,22.280,254866.500,4.464,68.000
0.050,0.003,0.013,23.082,236984.812,5.442,68.000
0.051,0.001,0.009,28.653,156123.250,3.287,68.000
0.048,0.009,0.013,20.807,261712.156,8.706,68.000
0.049,0.000,0.018,26.136,37181.227,-0.173,68.000
0.047,0.001,0.010,31.052,54343.570,1.990,68.000
0.049,0.011,0.010,20.501,231306.031,7.682,68.000
0.001,0.013,0.012,21.125,216412.500,7.805,68.000
0.043,0.001,0.018,21.183,136037.844,1.774,68.000
0.050,0.002,0.009,23.154,275532.719,5.194,68.000
0.053,0.000,0.006,24.172,68466.352,1.853,68.000
0.050,0.007,0.010,19.317,278687.406,7.377,68.000
0.048,0.002,0.014,23.797,212202.188,4.408,68.000
0.051,0.006,0.010,19.208,270903.906,6.555,68.000
0.050,0.005,0.012,22.622,278835.562,6.904,68.000
0.048,0.009,0.010,20.791,256380.781,7.958,68.000
0.051,0.022,0.013,23.460,235195.469,6.999,68.000
0.099,0.011,0.012,26.869,109989.648,5.709,68.000
0.058,0.001,0.016,20.579,190448.000,1.013,68.000
0.050,0.001,0.018,22.080,185247.906,2.530,68.000
0.048,0.004,0.012,22.778,285837.875,6.558,68.000
0.059,0.001,0.009,22.929,140293.656,3.145,68.000
0.041,0.000,0.017,22.512,-966.422,0.741,68.000
0.049,0.024,0.014,22.454,232228.750,8.401,68.000
0.048,0.009,0.010,21.334,254532.531,8.334,68.000
0.002,0.012,0.013,20.783,217180.156,7.744,68.000
0.050,0.009,0.010,19.772,253034.375,7.904,68.000
0.042,0.001,0.005,19.731,113361.773,1.766,68.000
0.051,0.012,0.011,19.607,199339.656,6.933,68.000
0.050,0.019,0.013,22.217,248631.812,7.576,68.000
0.047,0.001,0.002,22.598,44473.586,1.181,68.000
0.055,0.002,0.007,21.628,203796.688,2.932,68.000
0.051,0.013,0.011,19.883,209664.125,7.234,68.000
0.055,0.000,0.008,28.624,45113.273,1.105,68.000
0.048,0.014,0.012,19.982,257366.281,9.681,68.000
0.053,0.000,0.012,33.285,-6933.977,2.276,68.000
0.048,0.001,0.017,28.391,87222.680,0.375,68.000
0.097,0.012,0.013,20.589,207205.875,6.413,68.000
0.050,0.023,0.014,23.271,236034.250,7.647,68.000
0.049,0.022,0.013,21.606,241140.469,8.530,68.000
0.050,0.021,0.010,20.193,220031.719,9.223,68.000
0.049,0.000,0.010,26.428,89951.820,1.778,68.000
0.052,0.011,0.012,20.239,207605.156,7.385,68.000
0.054,0.001,0.009,22.715,230749.969,4.157,68.000
0.051,0.018,0.012,20.855,219825.344,7.349,68.000
0.051,0.005,0.010,20.094,267350.156,5.731,68.000
0.050,0.002,0.014,23.942,221716.531,4.846,68.000
0.045,0.001,0.009,22.683,215378.656,2.693,68.000
0.049,0.023,0.010,19.813,218435.562,9.451,68.000
0.052,0.006,0.011,20.224,270289.281,6.129,68.000
0.049,0.024,0.010,19.797,218842.250,9.410,68.000
0.051,0.021,0.011,20.998,219760.938,8.518,68.000
0.049,0.025,0.010,18.971,222078.062,9.547,68.000
0.043,0.002,0.011,20.784,193254.719,2.473,68.000
0.051,0.001,0.005,20.678,221747.812,2.381,68.000
0.048,0.009,0.013,20.970,273548.188,9.082,68.000
0.049,0.022,0.012,20.808,230213.469,9.441,68.000
0.043,0.001,0.013,21.744,187186.031,3.303,68.000
0.045,0.001,0.020,21.139,165066.688,2.486,68.000
0.052,0.025,0.010,21.570,222191.938,7.652,68.000
0.039,0.001,0.014,17.156,109624.711,2.539,68.000
0.052,0.001,0.020,23.110,130574.992,2.333,68.000
0.048,0.026,0.013,20.556,236370.250,10.224,68.000
0.049,0.004,0.012,22.844,275429.969,6.216,68.000
0.052,0.003,0.011,21.834,269103.188,5.294,68.000
0.050,0.014,0.014,19.093,222944.438,6.842,68.000
0.049,0.024,0.013,22.033,232451.719,8.500,68.000
0.049,0.003,0.013,23.878,249438.219,5.581,68.000
0.054,0.001,0.022,22.264,97199.008,1.725,68.000
0.056,0.001,0.003,18.430,231989.906,2.614,68.000
0.056,0.001,0.005,18.998,225018.781,2.627,68.000
0.058,0.001,0.017,22.762,117894.039,-0.403,68.000
0.059,0.001,0.011,20.487,153917.844,1.918,68.000
0.051,0.019,0.011,21.023,215262.156,8.120,68.000
0.054,0.000,0.018,22.963,74631.367,1.323,68.000
0.053,0.001,0.018,23.779,128407.102,1.637,68.000
0.047,0.002,0.013,23.237,236190.094,4.728,68.000
0.055,0.001,0.010,24.299,210496.812,4.192,68.000
0.097,0.012,0.013,20.780,203932.906,6.491,68.000
0.051,0.000,0.017,27.026,100852.148,0.975,68.000
0.043,0.000,0.013,21.010,72614.523,-0.311,68.000
0.042,0.001,0.018,20.559,103908.461,1.301,68.000
0.049,0.019,0.012,19.639,241566.781,8.851,68.000
0.042,0.000,0.013,27.213,18399.773,0.199,68.000
0.050,0.016,0.011,20.558,224758.594,8.257,68.000
0.049,0.014,0.012,20.150,244308.688,8.708,68.000
0.051,0.023,0.010,21.279,216985.344,7.923,68.000
0.048,0.027,0.012,23.166,97234.430,-0.033,68.000
0.050,0.018,0.010,20.153,213496.031,9.044,68.000
0.050,0.001,0.009,23.721,260324.719,4.570,68.000
0.060,0.001,0.010,23.152,139310.562,2.632,68.000
0.039,0.001,0.011,20.909,80627.602,0.818,68.000
0.059,0.001,0.009,22.603,148824.531,3.205,68.000
0.059,0.001,0.010,20.850,169760.438,2.972,68.000
0.051,0.023,0.011,21.559,216127.562,8.008,68.000
0.051,0.006,0.012,22.431,262771.594,7.486,68.000
0.048,0.012,0.013,20.043,250837.062,8.974,68.000
0.050,0.001,0.002,21.745,140375.844,1.519,68.000
0.051,0.001,0.010,27.110,194570.812,3.710,68.000
0.050,0.001,0.020,22.750,121415.461,2.235,68.000
0.053,0.001,0.021,22.815,131861.312,2.263,68.000
0.059,0.000,0.010,22.522,-30774.578,2.498,68.000
0.001,0.013,0.012,21.127,218972.594,7.702,68.000
0.050,0.006,0.011,21.217,300549.844,7.585,68.000
0.051,0.014,0.012,22.032,213013.219,6.854,68.000
0.044,0.001,0.004,19.334,140757.219,1.350,68.000
0.055,0.001,0.019,22.552,180244.594,2.477,68.000
0.052,0.005,0.013,21.605,231137.344,5.839,68.000
0.054,0.001,0.017,21.388,207351.500,2.710,68.000
0.061,0.001,0.009,20.733,161467.594,2.389,68.000
0.051,0.019,0.010,20.281,211287.531,8.384,68.000
0.041,0.001,0.009,20.827,115052.102,0.900,68.000
0.046,0.001,0.012,21.336,251933.562,3.852,68.000
0.050,0.017,0.012,20.281,218709.906,7.824,68.000
0.053,0.000,0.015,26.303,84815.039,1.933,68.000
0.050,0.018,0.011,19.813,222058.750,8.906,68.000
0.045,0.000,0.014,33.092,482.523,-2.505,68.000
0.059,0.000,0.010,23.948,-41843.324,0.951,68.000
0.048,0.013,0.013,20.055,254420.531,9.240,68.000
0.099,0.011,0.013,22.229,206578.625,6.368,68.000
0.050,0.012,0.011,20.228,223619.562,7.977,68.000
0.057,0.001,0.011,26.279,117131.477,2.767,68.000
0.051,0.011,0.010,19.514,219813.469,7.087,68.000
0.050,0.001,0.019,22.164,184572.000,3.020,68.000
0.051,0.023,0.012,22.082,221493.344,8.200,68.000
0.050,0.022,0.013,22.277,234684.156,8.049,68.000
0.049,0.022,0.014,22.534,244617.531,7.841,68.000
0.047,0.001,0.012,27.652,134570.875,2.055,68.000
0.049,0.024,0.011,21.169,220499.562,9.118,68.000
0.044,0.001,0.012,22.893,221963.156,3.351,68.000
0.051,0.022,0.012,21.734,230108.406,7.795,68.000
0.042,0.000,0.011,25.925,-30677.391,-1.469,68.000
0.051,0.020,0.011,20.784,216478.781,8.254,68.000
0.050,0.022,0.011,21.170,223169.844,8.508,68.000
0.056,0.001,0.014,24.340,177818.438,2.340,68.000
0.053,0.000,0.007,26.452,24596.602,1.779,68.000
0.048,0.014,0.011,19.680,255254.531,9.276,68.000
0.059,0.000,0.013,23.872,-20789.156,0.385,68.000
0.051,0.018,0.013,21.701,223913.438,6.920,68.000
0.099,0.012,0.011,24.943,164427.312,7.088,68.000
0.001,0.011,0.012,21.570,168505.656,7.625,68.000
0.047,0.001,0.009,28.637,97627.258,2.211,68.000
0.048,0.003,0.012,22.545,278895.156,5.930,68.000
0.049,0.018,0.010,19.973,221254.906,9.693,68.000
0.049,0.019,0.012,20.116,240034.062,8.622,68.000
0.059,0.001,0.008,24.637,24018.773,1.382,68.000
0.099,0.011,0.011,21.994,208720.812,6.983,68.000
0.048,0.003,0.014,23.082,227353.531,5.698,68.000
0.051,0.026,0.013,23.116,227415.656,7.272,68.000
0.045,0.000,0.011,26.340,67268.773,-0.404,68.000
0.048,0.003,0.013,23.127,272488.719,6.189,68.000
0.051,0.001,0.014,25.007,192115.156,3.013,68.000
0.047,0.001,0.013,25.499,221972.031,3.749,68.000
0.058,0.000,0.005,22.448,-15327.336,2.836,68.000
0.050,0.026,0.013,22.286,236842.281,8.631,68.000
0.050,0.015,0.012,20.740,225655.812,7.968,68.000
0.047,0.001,0.005,21.553,178771.875,2.032,68.000
0.048,0.018,0.011,19.570,228829.281,10.227,68.000
0.002,0.011,0.012,21.133,183890.000,7.667,68.000
0.048,0.026,0.012,20.510,238037.281,10.332,68.000
0.055,0.002,0.009,22.276,224000.438,3.890,68.000
0.048,0.025,0.012,20.643,231161.344,10.209,68.000
0.057,0.001,0.010,21.530,207203.188,3.652,68.000
0.053,0.002,0.008,22.535,240678.500,4.386,68.000
0.050,0.010,0.009,19.958,240277.938,7.320,68.000
0.052,0.025,0.013,23.193,219649.156,6.590,68.000
0.048,0.025,0.011,19.271,219311.594,9.700,68.000
0.051,0.000,0.006,27.089,3518.969,0.729,68.000
0.052,0.005,0.013,21.610,229432.344,5.740,68.000
0.053,0.001,0.020,21.805,188533.500,2.971,68.000
0.049,0.014,0.013,20.017,225204.938,7.613,68.000
0.045,0.000,0.011,32.334,-25434.625,-1.932,68.000
0.049,0.009,0.010,20.436,258574.906,7.731,68.000
0.051,0.021,0.011,21.097,211013.781,8.356,68.000
0.048,0.022,0.012,20.775,231807.625,9.615,68.000
0.045,0.000,0.013,28.548,66181.633,-0.087,68.000
0.050,0.024,0.010,19.758,219785.344,9.103,68.000
0.048,0.005,0.011,21.926,289670.156,7.274,68.000
0.049,0.012,0.010,20.440,221951.500,7.499,68.000
0.002,0.013,0.012,21.026,220865.938,7.555,68.000
0.045,0.001,0.012,24.755,184621.469,2.208,68.000
0.053,0.000,0.012,35.480,-79180.812,-0.342,68.000
0.051,0.004,0.013,22.189,239615.031,5.401,68.000
0.052,0.011,0.012,20.628,212914.344,7.479,68.000
0.051,0.001,0.022,20.981,181446.906,2.914,68.000
0.051,0.008,0.013,20.981,247255.406,7.846,68.000
0.002,0.012,0.011,21.241,188412.281,7.499,68.000
0.051,0.021,0.012,21.676,226038.844,7.539,68.000
0.055,0.000,0.017,26.172,25820.391,3.502,68.000
0.048,0.016,0.011,19.922,237001.219,10.063,68.000
0.049,0.024,0.010,19.490,220147.625,9.615,68.000
0.055,0.001,0.018,21.331,197935.375,1.962,68.000
0.049,0.019,0.014,22.206,251523.594,7.426,68.000
0.052,0.000,0.006,26.679,13703.797,1.137,68.000
0.052,0.023,0.013,22.909,218067.688,6.495,68.000
0.051,0.008,0.015,18.668,237677.250,7.063,68.000
0.042,0.001,0.015,24.683,49.016,0.228,68.000
0.050,0.007,0.012,22.183,289634.312,8.452,68.000
0.098,0.012,0.012,21.022,208061.750,6.500,68.000
0.051,0.001,0.012,27.266,252286.594,4.571,68.000
0.051,0.019,0.011,20.407,214394.562,8.640,68.000
0.100,0.012,0.012,29.926,-92770.656,8.105,68.000
0.060,0.001,0.013,21.395,132847.219,0.489,68.000
0.050,0.005,0.010,20.779,276723.812,6.297,68.000
0.049,0.001,0.017,22.916,197821.156,2.756,68.000
0.051,0.022,0.011,21.283,214845.094,8.031,68.000
0.041,0.000,0.010,22.924,-23217.445,-1.719,68.000
0.053,0.000,0.013,29.263,-23127.352,2.436,68.000
0.056,0.001,0.008,24.552,144466.094,2.624,68.000
0.050,0.003,0.014,23.102,225343.406,5.381,68.000
0.050,0.002,0.010,22.551,276221.062,5.198,68.000
0.058,0.001,0.011,22.188,174708.750,2.984,68.000
0.049,0.017,0.011,20.040,226664.125,9.523,68.000
0.051,0.004,0.012,22.278,258047.062,5.808,68.000
0.053,0.001,0.005,20.976,209452.969,2.657,68.000
0.047,0.001,0.016,25.228,192241.188,2.351,68.000
0.049,0.025,0.013,21.220,231975.406,9.247,68.000
0.048,0.001,0.018,25.986,108817.570,0.675,68.000
0.050,0.012,0.012,20.181,239417.906,8.684,68.000
0.051,0.000,0.019,24.607,102594.180,1.631,68.000
0.052,0.001,0.017,22.642,205957.094,3.238,68.000
0.051,0.008,0.012,21.959,257397.750,8.045,68.000
0.043,0.001,0.019,22.024,81119.133,0.384,68.000
0.048,0.010,0.012,20.702,262724.281,9.305,68.000
0.043,0.001,0.008,26.403,-91118.930,0.566,68.000
0.053,0.000,0.011,35.390,-58630.957,-1.135,68.000
0.049,0.001,0.005,24.549,139684.875,2.204,68.000
0.050,0.001,0.005,24.036,125927.945,1.872,68.000
0.047,0.001,0.012,30.498,145437.906,2.582,68.000
0.058,0.000,0.013,24.459,-11060.844,0.118,68.000
0.040,0.001,0.007,19.179,98650.523,1.156,68.000
0.055,0.001,0.013,28.802,63810.289,1.299,68.000
0.052,0.009,0.012,20.215,215467.562,7.305,68.000
0.098,0.012,0.012,21.167,209421.531,6.527,68.000
0.040,0.000,0.009,21.965,-38753.734,-0.127,68.000
0.052,0.001,0.003,21.562,174316.312,2.008,68.000
0.051,0.008,0.014,19.851,237333.500,7.526,68.000
0.001,0.012,0.012,21.139,206510.000,7.740,68.000
0.044,0.000,0.008,27.018,-97010.359,0.742,68.000
0.055,0.001,0.004,18.132,236820.750,2.546,68.000
0.058,0.000,0.008,26.376,-61637.457,4.610,68.000
0.050,0.011,0.012,20.167,241898.656,8.745,68.000
0.050,0.001,0.022,20.903,175673.500,2.893,68.000
0.047,0.000,0.014,32.836,20234.102,1.688,68.000
0.049,0.001,0.009,28.843,127845.289,2.631,68.000
0.048,0.008,0.010,20.521,263708.938,7.726,68.000
0.048,0.016,0.011,19.782,242194.719,9.601,68.000
0.049,0.020,0.011,19.962,227467.719,9.767,68.000
0.051,0.004,0.010,21.083,274839.000,5.609,68.000
0.048,0.013,0.012,19.832,265169.000,9.697,68.000
0.048,0.000,0.006,24.414,91549.992,1.613,68.000
0.052,0.015,0.011,20.905,204516.531,7.211,68.000
0.051,0.002,0.010,23.170,267902.344,4.836,68.000
0.055,0.001,0.014,25.023,183383.344,2.425,68.000
0.047,0.000,0.010,26.854,21194.773,0.950,68.000
0.051,0.001,0.003,19.325,234600.781,2.319,68.000
0.042,0.000,0.007,21.214,-14116.039,-0.761,68.000
0.048,0.007,0.011,21.752,280821.344,8.116,68.000
0.050,0.021,0.011,20.901,220560.094,8.556,68.000
0.044,0.001,0.012,24.949,179739.781,2.114,68.000
0.043,0.001,0.004,17.987,144428.781,1.430,68.000
0.051,0.024,0.010,20.415,220251.375,8.416,68.000
0.043,0.000,0.012,26.865,-27627.312,-1.082,68.000
0.053,0.000,0.016,26.745,10513.289,0.219,68.000
0.050,0.001,0.017,28.959,45145.758,-0.202,68.000
0.051,0.000,0.016,25.055,65640.695,3.601,68.000
0.049,0.007,0.010,20.640,275968.312,7.551,68.000
0.045,0.001,0.013,22.681,226325.250,4.141,68.000
0.040,0.000,0.015,19.884,27902.492,0.958,68.000
0.049,0.001,0.005,23.898,138359.188,2.051,68.000
0.059,0.000,0.008,22.207,-40560.797,1.087,68.000
0.051,0.002,0.010,22.591,272120.438,5.160,68.000
0.059,0.000,0.009,24.954,40928.867,1.791,68.000
0.042,0.001,0.005,18.842,130693.039,1.745,68.000
0.045,0.001,0.020,21.944,140114.250,1.843,68.000
0.053,0.000,0.017,26.471,-53505.590,-0.602,68.000
0.050,0.003,0.014,22.926,219580.688,5.070,68.000
0.049,0.011,0.014,19.501,232250.219,7.797,68.000
0.053,0.002,0.017,22.477,201597.969,3.207,68.000
0.051,0.011,0.013,20.745,229946.250,8.059,68.000
0.052,0.023,0.011,22.246,218493.312,7.471,68.000
0.053,0.001,0.005,20.558,218990.719,2.526,68.000
0.057,0.000,0.012,27.710,-21513.320,0.741,68.000
0.051,0.023,0.012,22.339,220059.719,7.640,68.000
0.054,0.001,0.013,27.065,120753.242,2.170,68.000
0.050,0.019,0.013,21.205,237236.031,7.836,68.000
0.052,0.003,0.013,22.609,215943.750,4.456,68.000
0.050,0.023,0.010,20.607,216922.688,8.847,68.000
0.050,0.009,0.010,19.719,255269.500,8.054,68.000
0.051,0.024,0.013,22.955,227896.125,7.308,68.000
0.049,0.005,0.014,22.528,222972.344,6.159,68.000
0.046,0.000,0.015,29.375,-26587.734,-3.804,68.000
0.052,0.014,0.013,21.875,208011.625,6.198,68.000
0.051,0.000,0.021,19.994,82170.977,2.317,68.000
0.056,0.000,0.011,30.570,-58753.598,1.653,68.000
0.052,0.012,0.011,19.830,192608.000,6.777,68.000
0.049,0.016,0.012,20.067,231151.781,7.986,68.000
0.046,0.001,0.012,26.640,182406.562,2.807,68.000
0.052,0.013,0.012,21.469,207809.406,6.947,68.000
0.050,0.004,0.011,21.425,285939.906,6.338,68.000
0.046,0.001,0.015,22.926,188972.781,3.014,68.000
0.001,0.012,0.011,21.934,166357.469,7.673,68.000
0.050,0.021,0.013,22.535,245079.062,7.554,68.000
0.057,0.001,0.006,23.613,76935.836,1.645,68.000
0.048,0.001,0.007,25.697,106867.320,2.089,68.000
0.002,0.012,0.011,21.199,178004.000,7.667,68.000
0.056,0.001,0.021,24.006,69129.117,0.834,68.000
0.048,0.001,0.014,24.487,214925.062,3.674,68.000
0.048,0.016,0.013,20.262,237237.750,7.660,68.000
0.052,0.001,0.004,19.108,232753.969,2.300,68.000
0.051,0.019,0.013,22.307,230793.906,7.051,68.000
0.052,0.025,0.012,23.077,221012.406,6.554,68.000
0.051,0.009,0.014,20.238,240665.688,8.129,68.000
0.052,0.017,0.012,21.208,207664.625,7.072,68.000
0.049,0.013,0.010,20.447,225145.562,7.795,68.000
0.052,0.016,0.012,21.438,208415.562,7.060,68.000
0.051,0.001,0.010,24.586,265308.688,4.599,68.000
0.057,0.001,0.009,26.892,56676.773,2.142,68.000
0.049,0.026,0.010,18.811,231495.719,8.981,68.000
0.050,0.010,0.014,18.492,227105.781,7.404,68.000
0.051,0.014,0.012,21.706,222507.812,7.315,68.000
0.049,0.020,0.010,19.847,221331.031,9.839,68.000
0.050,0.006,0.014,20.992,230749.781,6.792,68.000
0.052,0.002,0.014,23.645,208250.219,3.980,68.000
0.053,0.001,0.012,28.693,139434.531,2.582,68.000
0.050,0.010,0.010,20.352,235763.375,7.597,68.000
0.053,0.001,0.009,23.045,246176.031,4.657,68.000
0.049,0.019,0.012,20.194,240538.969,8.576,68.000
0.048,0.001,0.007,25.630,144309.312,2.592,68.000
0.049,0.002,0.017,22.816,201748.219,2.838,68.000
0.051,0.013,0.014,20.268,216419.219,7.021,68.000
0.043,0.000,0.014,23.743,7496.250,-1.163,68.000
0.051,0.003,0.012,21.865,270141.062,5.753,68.000
0.044,0.001,0.006,21.847,115739.602,1.731,68.000
0.047,0.002,0.012,22.494,260275.750,4.696,68.000
0.060,0.000,0.015,18.850,131634.469,0.520,68.000
0.049,0.006,0.010,20.085,272119.125,6.780,68.000
0.049,0.005,0.013,23.000,253976.500,6.839,68.000
0.051,0.015,0.011,20.808,207220.281,7.302,68.000
0.050,0.013,0.010,20.290,218020.438,7.599,68.000
0.050,0.008,0.011,20.312,278411.094,8.477,68.000
0.048,0.012,0.011,19.859,262173.594,9.364,68.000
0.050,0.000,0.004,24.724,37981.898,1.151,68.000
0.048,0.016,0.011,19.737,235551.688,9.763,68.000
0.053,0.000,0.013,33.625,-44947.484,-1.834,68.000
0.039,0.000,0.014,18.311,69024.039,1.312,68.000
0.049,0.004,0.014,22.885,223850.719,5.634,68.000
0.050,0.001,0.013,30.075,196840.062,3.922,68.000
0.050,0.016,0.014,20.737,225025.875,6.374,68.000
0.045,0.000,0.012,23.313,92803.055,0.081,68.000
0.098,0.012,0.014,20.510,218406.531,6.484,68.000
0.059,0.001,0.008,20.647,155454.375,2.520,68.000
0.048,0.013,0.013,19.897,256065.219,9.206,68.000
0.049,0.019,0.011,19.622,227096.500,9.679,68.000
0.059,0.001,0.010,26.976,-17262.086,0.204,68.000
0.050,0.009,0.009,19.300,248072.125,7.086,68.000
0.052,0.005,0.011,20.276,274006.438,5.936,68.000
0.048,0.021,0.012,20.944,243333.719,9.569,68.000
0.056,0.002,0.008,21.314,193219.031,2.808,68.000
0.049,0.008,0.011,20.704,281414.938,8.498,68.000
0.050,0.017,0.011,20.334,223336.250,9.041,68.000
0.056,0.002,0.016,20.836,209074.562,2.433,68.000
0.047,0.001,0.017,26.951,101701.305,0.474,68.000
0.050,0.001,0.012,25.277,266459.969,4.549,68.000
0.042,0.001,0.011,26.573,59552.727,0.231,68.000
0.055,0.000,0.020,24.083,-41708.449,-2.037,68.000
0.048,0.005,0.010,21.563,278851.812,6.840,68.000
0.043,0.000,0.015,24.190,59722.836,0.583,68.000
0.051,0.010,0.012,20.181,219324.562,7.810,68.000
0.050,0.020,0.014,22.566,250157.625,6.974,68.000
0.057,0.001,0.008,21.072,180386.562,2.804,68.000
0.002,0.013,0.013,20.907,215311.406,7.534,68.000
0.043,0.001,0.014,20.358,173540.531,3.122,68.000
0.050,0.005,0.011,20.697,286437.500,6.537,68.000
0.045,0.000,0.006,23.246,19196.641,0.317,68.000
0.047,0.002,0.016,22.829,185837.500,2.857,68.000
0.055,0.000,0.018,24.731,21760.805,1.324,68.000
0.098,0.014,0.012,20.934,208159.844,7.610,68.000
0.051,0.019,0.014,22.381,245699.594,6.900,68.000
0.042,0.001,0.009,21.769,151934.688,1.396,68.000
0.050,0.001,0.019,23.457,162018.406,2.068,68.000
0.055,0.001,0.010,30.208,53728.211,1.908,68.000
0.050,0.010,0.014,19.460,231023.906,7.784,68.000
0.098,0.012,0.014,20.497,216057.844,6.085,68.000
0.050,0.023,0.014,23.051,234063.188,7.531,68.000
0.049,0.001,0.014,25.506,200324.625,3.193,68.000
0.050,0.003,0.014,23.755,223464.875,5.081,68.000
0.051,0.025,0.012,22.157,225842.469,7.387,68.000
0.054,0.000,0.007,24.506,88720.664,2.769,68.000
0.041,0.001,0.017,22.140,-9272.758,-0.504,68.000
0.048,0.008,0.011,21.850,270096.406,8.617,68.000
0.056,0.000,0.014,28.919,60077.789,4.862,68.000
0.049,0.013,0.011,19.428,253236.906,8.967,68.000
0.051,0.009,0.011,20.459,255458.906,8.444,68.000
0.052,0.001,0.005,26.782,24104.188,0.599,68.000
0.051,0.025,0.013,22.761,229338.844,7.389,68.000
0.051,0.017,0.010,20.057,207842.344,8.138,68.000
0.050,0.021,0.010,20.907,218914.406,9.114,68.000
0.051,0.023,0.011,21.634,216239.531,7.814,68.000
0.051,0.026,0.011,21.891,228187.656,7.592,68.000
0.051,0.024,0.011,21.977,220651.656,8.112,68.000
0.051,0.014,0.014,20.384,213689.500,6.643,68.000
0.052,0.001,0.014,24.567,189849.406,2.672,68.000
0.053,0.000,0.007,26.545,50213.102,2.105,68.000
0.044,0.001,0.011,20.771,227513.156,2.770,68.000
0.043,0.001,0.007,21.456,136693.969,1.630,68.000
0.053,0.002,0.018,22.074,194176.531,2.578,68.000
0.041,0.000,0.017,22.153,-71055.922,-3.169,68.000
0.043,0.001,0.017,22.435,65048.617,0.252,68.000
0.003,0.013,0.013,21.064,209938.562,7.363,68.000
0.044,0.001,0.017,22.026,143835.906,2.173,68.000
0.052,0.001,0.009,24.718,230387.500,4.334,68.000
0.050,0.000,0.011,27.969,43314.070,1.885,68.000
0.055,0.000,0.015,27.199,-27362.180,0.328,68.000
0.052,0.016,0.013,21.832,213645.938,5.953,68.000
0.057,0.001,0.008,25.601,78984.289,1.885,68.000
0.051,0.006,0.010,18.919,272362.781,6.701,68.000
0.049,0.001,0.019,22.181,188807.344,2.703,68.000
0.051,0.016,0.013,20.880,211531.719,6.695,68.000
0.052,0.008,0.013,20.440,235546.375,7.469,68.000
0.046,0.000,0.017,25.188,-37353.102,-0.981,68.000
0.050,0.006,0.013,22.556,249256.812,6.827,68.000
0.049,0.014,0.014,19.174,222945.969,7.016,68.000
0.048,0.007,0.012,22.439,283744.812,8.510,68.000
0.052,0.001,0.010,25.736,243722.125,4.577,68.000
0.041,0.001,0.013,19.698,142941.469,2.488,68.000
0.043,0.000,0.017,23.444,22045.805,-0.095,68.000
0.099,0.013,0.011,21.748,211477.125,7.751,68.000
0.050,0.000,0.003,23.582,49506.898,0.802,68.000
0.048,0.002,0.010,23.057,273481.031,4.678,68.000
0.051,0.022,0.011,21.761,216279.156,7.869,68.000
0.050,0.004,0.013,22.527,248430.719,5.865,68.000
0.050,0.007,0.013,22.256,257226.438,7.731,68.000
0.052,0.014,0.013,21.857,205150.688,6.053,68.000
0.053,0.002,0.010,22.722,250611.688,4.737,68.000
0.051,0.017,0.013,21.681,224050.375,6.501,68.000
0.055,0.001,0.012,23.699,209650.969,4.159,68.000
0.098,0.012,0.012,21.014,206594.156,6.558,68.000
0.048,0.002,0.010,22.706,272112.188,4.825,68.000
0.049,0.016,0.012,19.684,236685.500,9.205,68.000
0.050,0.021,0.014,22.711,248793.438,7.474,68.000
0.057,0.000,0.009,25.310,-18054.922,3.109,68.000
0.048,0.003,0.011,22.382,269501.000,5.793,68.000
0.052,0.001,0.008,22.874,244498.938,4.404,68.000
0.052,0.026,0.011,21.407,224577.438,7.487,68.000
0.049,0.012,0.014,20.232,233591.188,7.857,68.000
0.055,0.001,0.019,22.455,179812.000,2.507,68.000
0.053,0.000,0.019,24.145,32375.023,-3.356,68.000
0.056,0.002,0.007,21.922,198398.406,3.050,68.000
0.052,0.018,0.013,22.183,221705.125,6.765,68.000
0.046,0.000,0.019,22.699,-8021.078,0.531,68.000
0.041,0.001,0.014,19.184,107107.055,1.950,68.000
0.045,0.000,0.008,28.234,-37119.086,-0.023,68.000
0.051,0.001,0.001,22.733,88151.977,0.906,68.000
0.048,0.000,0.015,24.790,-13723.156,2.170,68.000
0.048,0.003,0.012,22.702,276826.281,5.971,68.000
0.049,0.001,0.020,20.628,173338.875,3.185,68.000
0.051,0.007,0.012,22.177,269838.812,8.036,68.000
0.045,0.002,0.010,22.627,240942.719,3.403,68.000
0.050,0.013,0.012,19.844,242041.938,8.659,68.000
0.057,0.000,0.016,23.210,14835.875,0.377,68.000
0.051,0.001,0.008,23.111,246688.469,4.357,68.000
0.043,0.001,0.007,24.093,49033.430,1.374,68.000
0.046,0.000,0.009,28.830,-21147.891,1.950,68.000
0.051,0.001,0.011,33.270,101491.758,2.559,68.000
0.002,0.012,0.012,20.888,199046.656,7.598,68.000
0.048,0.007,0.013,22.183,267955.250,8.243,68.000
0.048,0.000,0.004,26.526,-38933.828,0.750,68.000
0.047,0.000,0.019,23.237,35867.148,1.365,68.000
0.098,0.011,0.011,22.282,208330.594,7.239,68.000
0.042,0.001,0.017,20.399,105706.852,1.744,68.000
0.002,0.012,0.013,20.773,217732.344,7.625,68.000
0.049,0.016,0.014,20.873,234440.688,7.280,68.000
0.045,0.001,0.011,21.222,246629.688,3.363,68.000
0.044,0.001,0.017,22.516,147434.156,2.044,68.000
0.050,0.001,0.001,20.585,191262.531,1.988,68.000
0.098,0.012,0.012,21.053,209664.000,6.838,68.000
0.055,0.001,0.010,23.517,227682.625,4.341,68.000
0.056,0.001,0.007,26.275,52895.070,1.377,68.000
0.041,0.001,0.015,19.305,130983.133,2.506,68.000
0.051,0.001,0.017,23.570,204964.438,2.705,68.000
0.043,0.000,0.011,21.947,86882.789,-0.494,68.000
0.050,0.025,0.013,22.680,232033.625,8.412,68.000
0.050,0.000,0.006,27.165,28064.586,1.871,68.000
0.051,0.015,0.011,20.397,205376.219,7.406,68.000
0.051,0.000,0.014,30.422,46379.055,0.893,68.000
0.057,0.000,0.006,21.923,48485.195,2.165,68.000
0.050,0.024,0.013,22.101,229788.094,8.395,68.000
0.058,0.001,0.012,23.442,157187.094,2.391,68.000
0.045,0.001,0.017,23.794,165547.875,2.154,68.000
0.051,0.001,0.009,23.458,262597.031,4.745,68.000
0.050,0.024,0.014,23.410,232612.531,7.949,68.000
0.054,0.001,0.021,21.152,176285.938,2.927,68.000
0.047,0.002,0.017,23.191,193164.875,2.754,68.000
0.042,0.001,0.018,20.753,89032.023,1.009,68.000
0.050,0.014,0.014,19.450,222856.094,6.876,68.000
0.055,0.002,0.009,22.649,226632.031,4.053,68.000
0.052,0.011,0.013,20.385,219144.750,7.627,68.000
0.051,0.008,0.013,20.666,241424.188,7.803,68.000
0.044,0.001,0.018,23.091,114650.320,1.124,68.000
0.045,0.002,0.018,22.494,172528.156,2.464,68.000
0.057,0.001,0.005,18.770,219803.562,2.571,68.000
0.050,0.007,0.012,21.934,288544.531,8.380,68.000
0.050,0.015,0.010,20.074,223037.906,8.592,68.000
0.051,0.019,0.012,20.655,217378.625,8.052,68.000
0.048,0.002,0.007,22.150,224233.375,3.276,68.000
0.049,0.027,0.012,21.117,228266.219,7.756,68.000
0.045,0.001,0.006,25.117,49352.727,1.686,68.000
0.049,0.025,0.013,21.950,233454.750,8.615,68.000
0.049,0.022,0.010,20.203,219406.938,9.521,68.000
0.055,0.001,0.012,24.529,197097.781,3.700,68.000
0.059,0.001,0.008,22.913,90558.289,2.149,68.000
0.050,0.000,0.015,30.180,-4364.648,-0.300,68.000
0.050,0.016,0.014,20.996,226085.312,6.695,68.000
0.049,0.006,0.012,22.404,298417.719,8.181,68.000
0.056,0.000,0.014,24.208,67850.555,1.051,68.000
0.049,0.004,0.011,21.803,285706.844,6.410,68.000
0.043,0.001,0.018,22.462,135172.125,1.708,68.000
0.050,0.021,0.011,20.513,217142.719,9.096,68.000
0.054,0.000,0.016,24.596,82830.898,1.372,68.000
0.046,0.000,0.014,33.451,-6958.922,-2.998,68.000
0.001,0.012,0.012,21.371,201900.344,7.865,68.000
0.050,0.012,0.012,20.545,228403.312,8.411,68.000
0.051,0.018,0.013,21.810,222496.062,6.812,68.000
0.049,0.001,0.010,27.654,170867.844,2.915,68.000
0.051,0.016,0.014,20.799,220948.906,6.255,68.000
0.042,0.001,0.015,20.468,144559.156,2.556,68.000
0.050,0.018,0.013,21.287,235636.781,7.363,68.000
0.047,0.000,0.013,32.212,-18489.555,-0.878,68.000
0.052,0.002,0.012,23.666,252757.281,5.067,68.000
0.057,0.000,0.019,20.467,18690.383,0.369,68.000
0.052,0.001,0.019,21.684,186281.219,2.919,68.000
0.052,0.026,0.011,22.001,224603.562,7.112,68.000
0.046,0.001,0.012,29.519,86222.242,1.347,68.000
0.050,0.024,0.013,22.494,230447.219,8.013,68.000
0.050,0.001,0.008,22.931,244649.125,4.027,68.000
0.048,0.014,0.012,19.836,254222.438,9.537,68.000
0.050,0.007,0.013,22.614,267148.688,8.055,68.000
0.049,0.003,0.010,21.977,274413.594,5.705,68.000
0.048,0.020,0.011,19.605,228320.531,9.737,68.000
0.051,0.014,0.011,20.857,206060.125,7.176,68.000
0.052,0.000,0.017,26.385,106345.305,1.239,68.000
0.051,0.006,0.013,21.805,244886.469,7.146,68.000
0.050,0.010,0.013,20.579,240095.219,8.394,68.000
0.051,0.009,0.013,20.796,232214.625,7.884,68.000
0.050,0.024,0.011,21.310,220233.656,8.923,68.000
0.051,0.005,0.010,20.361,274575.625,6.191,68.000
0.041,0.000,0.018,20.246,-60701.238,-1.859,68.000
0.051,0.005,0.009,20.267,272506.875,6.230,68.000
0.054,0.002,0.012,23.627,230336.906,4.410,68.000
0.048,0.002,0.013,23.683,237375.375,5.053,68.000
0.052,0.002,0.011,23.335,266094.594,4.926,68.000
0.051,0.011,0.012,20.630,215747.781,7.718,68.000
0.099,0.012,0.012,21.677,214552.469,7.262,68.000
0.049,0.000,0.001,21.921,62786.586,0.481,68.000
0.049,0.007,0.014,20.555,238367.438,7.133,68.000
0.047,0.002,0.013,23.090,249287.531,5.062,68.000
0.051,0.005,0.013,22.192,250359.500,6.558,68.000
0.051,0.001,0.008,23.038,250739.781,4.307,68.000
0.045,0.000,0.018,26.270,-32654.602,-1.161,68.000
0.055,0.002,0.015,21.492,196303.031,1.821,68.000
0.052,0.001,0.011,31.258,138349.469,3.060,68.000
0.048,0.019,0.014,21.472,255582.562,8.059,68.000
0.050,0.004,0.015,22.262,214953.438,5.471,68.000
0.048,0.025,0.010,19.032,221498.031,9.746,68.000
0.052,0.010,0.012,19.877,203552.375,7.166,68.000
0.050,0.008,0.012,22.280,288931.875,8.764,68.000
0.050,0.011,0.010,20.218,225059.812,7.539,68.000
0.049,0.016,0.013,19.924,234416.750,7.623,68.000
0.051,0.007,0.011,20.244,284796.812,8.041,68.000
0.050,0.013,0.013,21.386,225659.125,7.529,68.000
0.051,0.000,0.004,29.921,-78491.398,1.201,68.000
0.052,0.013,0.013,20.883,211131.031,6.700,68.000
0.056,0.001,0.014,27.108,87762.430,0.735,68.000
0.055,0.000,0.007,23.426,11106.273,3.701,68.000
0.052,0.007,0.013,21.356,234720.031,6.708,68.000
0.057,0.001,0.017,22.437,139201.844,-0.057,68.000
0.044,0.001,0.019,22.004,147707.562,1.750,68.000
0.050,0.012,0.010,20.343,222837.625,7.433,68.000
0.050,0.025,0.012,21.538,227085.656,8.594,68.000
0.056,0.000,0.009,29.375,-77449.281,0.075,68.000
0.052,0.007,0.010,18.558,260588.781,6.667,68.000
0.042,0.000,0.005,19.346,45414.195,-0.108,68.000
0.049,0.007,0.013,22.179,275166.156,8.382,68.000
0.055,0.001,0.013,25.245,200239.375,3.632,68.000
0.051,0.014,0.010,19.953,207314.438,7.370,68.000
0.039,0.001,0.011,22.261,48079.602,-0.044,68.000
0.048,0.017,0.012,19.012,235598.500,8.686,68.000
0.055,0.000,0.014,30.969,-13924.477,2.874,68.000
0.049,0.025,0.014,22.217,234522.375,8.733,68.000
0.048,0.002,0.014,24.010,212022.344,4.189,68.000
0.052,0.006,0.011,19.790,271722.312,6.604,68.000
0.048,0.012,0.012,19.750,262482.188,9.440,68.000
0.046,0.002,0.017,22.789,175957.281,2.592,68.000
0.047,0.000,0.018,24.156,49978.680,0.699,68.000
0.049,0.008,0.014,20.872,245242.750,7.964,68.000
0.056,0.002,0.013,23.087,170047.281,3.104,68.000
0.050,0.000,0.009,32.846,-33186.812,0.080,68.000
0.049,0.001,0.007,23.407,215754.250,3.418,68.000
0.049,0.006,0.010,21.003,273502.500,6.704,68.000
0.049,0.002,0.018,21.765,181530.844,2.458,68.000
0.048,0.009,0.010,21.070,253316.375,8.186,68.000
0.053,0.001,0.017,23.615,217932.500,2.515,68.000
0.051,0.001,0.014,27.759,194753.656,3.124,68.000
0.042,0.001,0.010,25.752,64382.680,0.619,68.000
0.051,0.004,0.014,22.591,215753.938,4.925,68.000
0.049,0.000,0.008,29.358,-1145.977,1.378,68.000
0.050,0.008,0.011,20.782,279467.469,8.586,68.000
0.054,0.001,0.007,23.160,173846.125,2.964,68.000
0.051,0.008,0.011,20.391,264697.906,8.247,68.000
0.049,0.001,0.021,21.266,144800.375,2.492,68.000
0.045,0.001,0.020,21.969,134971.156,1.741,68.000
0.100,0.012,0.013,26.796,15134.672,8.614,68.000
0.041,0.001,0.017,22.437,17201.227,-0.519,68.000
0.048,0.000,0.022,20.211,-66967.805,-2.278,68.000
0.051,0.004,0.010,20.746,274388.500,5.699,68.000
0.051,0.001,0.020,22.090,185776.156,3.165,68.000
0.048,0.022,0.013,22.106,244605.938,8.573,68.000
0.045,0.000,0.010,31.104,-49346.699,-0.776,68.000
0.042,0.000,0.017,23.831,-40004.500,-1.056,68.000
0.098,0.011,0.012,21.018,204837.812,6.289,68.000
0.052,0.007,0.011,19.712,267218.938,6.949,68.000
0.099,0.012,0.013,21.699,214121.031,6.545,68.000
0.049,0.026,0.010,18.621,232252.781,9.701,68.000
0.055,0.002,0.012,23.291,193361.594,3.891,68.000
0.050,0.022,0.014,22.945,241211.812,7.125,68.000
0.050,0.000,0.004,28.707,-52113.039,1.667,68.000
0.048,0.013,0.011,19.787,255528.812,9.047,68.000
0.050,0.015,0.011,19.952,226028.969,8.313,68.000
0.048,0.001,0.021,21.493,174668.656,2.980,68.000
0.045,0.002,0.006,21.457,180742.031,2.200,68.000
0.049,0.008,0.013,22.183,281308.250,8.558,68.000
0.044,0.001,0.009,27.403,57911.789,1.281,68.000
0.050,0.009,0.010,20.187,251736.531,8.254,68.000
0.049,0.007,0.010,20.819,291427.375,7.828,68.000
0.056,0.001,0.008,22.323,203744.250,3.373,68.000
0.048,0.001,0.006,21.723,218097.656,2.829,68.000
0.050,0.019,0.010,19.600,208805.625,9.114,68.000
0.048,0.008,0.012,22.297,278419.781,8.823,68.000
0.049,0.016,0.011,19.893,227304.812,9.466,68.000
0.047,0.001,0.009,27.637,153816.719,2.462,68.000
0.055,0.001,0.018,21.482,192687.344,2.105,68.000
0.055,0.001,0.012,29.503,82336.398,2.133,68.000
0.002,0.012,0.012,21.270,200286.844,7.626,68.000
0.050,0.019,0.013,22.037,250832.062,7.729,68.000
0.050,0.014,0.012,20.231,239369.062,8.492,68.000
0.051,0.010,0.011,20.290,229818.188,8.132,68.000
0.041,0.000,0.018,19.322,-333.977,-0.263,68.000
0.052,0.018,0.010,20.777,211010.156,7.999,68.000
0.041,0.001,0.010,24.123,100577.977,1.074,68.000
0.050,0.006,0.010,20.059,289435.250,7.020,68.000
0.002,0.014,0.012,21.263,215967.094,7.601,68.000
0.051,0.026,0.012,22.349,227620.625,7.659,68.000
0.052,0.000,0.018,25.943,-38107.133,-0.932,68.000
0.045,0.001,0.002,21.687,80356.773,1.316,68.000
0.049,0.015,0.012,20.292,241757.969,8.994,68.000
0.049,0.005,0.012,22.634,288207.281,6.843,68.000
0.042,0.000,0.007,19.665,3898.867,-0.293,68.000
0.050,0.009,0.009,19.767,247651.812,7.343,68.000
0.046,0.001,0.017,25.796,90277.195,0.232,68.000
0.055,0.000,0.017,24.469,7312.500,-0.331,68.000
0.051,0.000,0.020,22.263,76143.539,1.416,68.000
0.040,0.001,0.012,20.274,104467.320,1.425,68.000
0.045,0.000,0.017,24.513,107950.680,0.915,68.000
0.056,0.001,0.016,21.902,212938.438,2.096,68.000
0.051,0.017,0.014,21.816,233678.000,6.594,68.000
0.050,0.019,0.013,22.102,243221.406,7.470,68.000
0.048,0.001,0.013,23.865,230586.219,4.412,68.000
0.001,0.013,0.012,20.991,211082.719,7.714,68.000
0.043,0.001,0.018,20.553,126146.758,1.575,68.000
0.048,0.020,0.013,21.337,257733.938,8.433,68.000
0.049,0.005,0.014,22.212,239364.688,6.531,68.000
0.050,0.005,0.013,23.139,253561.844,6.318,68.000
0.052,0.000,0.003,23.995,29321.852,0.965,68.000
0.049,0.015,0.010,19.894,225904.719,8.641,68.000
0.042,0.001,0.015,18.873,163689.031,2.745,68.000
0.098,0.011,0.011,22.018,204967.188,7.184,68.000
0.050,0.014,0.014,19.151,223671.719,6.790,68.000
0.049,0.025,0.014,22.168,234524.656,8.849,68.000
0.059,0.001,0.017,19.306,173110.938,0.340,68.000
0.048,0.025,0.013,21.566,234432.375,9.214,68.000
0.049,0.005,0.012,22.531,281848.438,6.692,68.000
0.056,0.001,0.015,24.047,85655.992,-0.356,68.000
0.058,0.000,0.009,23.303,5599.859,2.358,68.000
0.049,0.000,0.012,27.529,30725.977,1.055,68.000
0.049,0.011,0.010,20.842,237607.219,7.790,68.000
0.052,0.025,0.011,22.632,219039.469,6.886,68.000
0.051,0.000,0.012,31.208,-42853.480,0.514,68.000
0.051,0.010,0.012,20.272,224272.062,8.075,68.000
0.057,0.001,0.015,21.157,188292.938,1.216,68.000
0.052,0.009,0.011,20.111,233107.594,7.391,68.000
0.048,0.027,0.011,18.226,193546.469,7.530,68.000
0.048,0.018,0.013,19.249,241213.219,8.542,68.000
0.051,0.001,0.021,21.976,125897.680,2.219,68.000
0.050,0.025,0.011,20.818,224827.031,8.819,68.000
0.049,0.022,0.012,21.234,237513.469,8.887,68.000
0.051,0.019,0.011,20.983,216274.219,8.497,68.000
0.045,0.000,0.010,28.982,-57597.367,-0.174,68.000
0.049,0.013,0.013,20.175,240687.469,8.277,68.000
0.044,0.001,0.019,21.214,148588.375,2.009,68.000
0.046,0.000,0.010,27.993,61864.805,-0.622,68.000
0.058,0.001,0.010,21.247,179786.062,3.256,68.000
0.048,0.014,0.010,19.803,238312.469,8.397,68.000
0.051,0.001,0.007,22.341,227605.344,3.423,68.000
0.052,0.007,0.011,19.569,268152.125,6.576,68.000
0.050,0.019,0.012,20.048,225461.969,8.662,68.000
0.051,0.026,0.012,22.178,231974.906,8.085,68.000
0.060,0.001,0.013,22.886,51739.992,-0.461,68.000
0.048,0.005,0.012,22.566,295104.062,7.030,68.000
0.045,0.002,0.011,21.316,249099.938,3.473,68.000
0.052,0.018,0.013,22.322,225428.156,6.425,68.000
0.045,0.001,0.017,22.549,169044.344,2.391,68.000
0.048,0.025,0.014,21.724,232945.719,8.961,68.000
0.098,0.011,0.011,21.615,205548.656,6.900,68.000
0.051,0.013,0.013,21.983,216133.000,7.047,68.000
0.049,0.000,0.020,19.454,138489.031,1.942,68.000
0.050,0.000,0.008,28.917,34609.133,1.024,68.000
0.052,0.001,0.006,25.306,111216.664,1.943,68.000
0.049,0.002,0.006,21.811,224564.750,3.047,68.000
0.052,0.016,0.011,21.213,207143.188,7.161,68.000
0.052,0.001,0.021,21.256,187277.438,3.086,68.000
0.041,0.001,0.015,23.225,25806.148,0.353,68.000
0.045,0.001,0.019,21.648,166412.750,2.545,68.000
0.047,0.001,0.006,23.681,149661.969,2.232,68.000
0.048,0.006,0.013,22.508,264094.938,7.686,68.000
0.043,0.001,0.004,18.524,158056.062,1.362,68.000
0.054,0.002,0.011,22.889,245917.781,4.504,68.000
0.052,0.022,0.013,23.216,229350.625,6.634,68.000
0.057,0.000,0.016,24.470,22131.680,-0.009,68.000
0.056,0.001,0.007,21.803,195421.156,2.920,68.000
0.049,0.010,0.012,20.874,254973.219,9.026,68.000
0.057,0.001,0.007,22.152,165908.250,2.803,68.000
0.047,0.001,0.017,23.946,179443.375,2.365,68.000
0.049,0.006,0.014,22.275,240354.562,6.753,68.000
0.049,0.001,0.012,24.826,258102.875,4.356,68.000
0.050,0.014,0.014,19.461,222667.844,6.799,68.000
0.049,0.003,0.012,23.088,272565.344,6.054,68.000
0.044,0.000,0.006,26.098,-55040.426,-0.876,68.000
0.053,0.000,0.020,21.990,53178.180,1.263,68.000
0.041,0.001,0.016,20.179,105374.664,2.118,68.000
0.053,0.001,0.012,26.294,222784.625,3.987,68.000
0.050,0.013,0.013,20.714,225971.656,7.570,68.000
0.049,0.010,0.010,21.011,247216.844,8.078,68.000
0.049,0.003,0.011,21.598,276682.438,5.976,68.000
0.052,0.000,0.009,29.023,11444.766,3.394,68.000
0.051,0.013,0.014,20.137,212879.625,6.946,68.000
0.053,0.001,0.011,33.506,64256.398,2.236,68.000
0.051,0.001,0.016,25.287,148203.812,1.549,68.000
0.055,0.001,0.014,26.159,112259.648,0.843,68.000
0.041,0.000,0.009,20.717,-48278.176,0.825,68.000
0.050,0.025,0.010,19.688,224384.875,8.956,68.000
0.053,0.000,0.003,22.444,92014.570,1.701,68.000
0.049,0.003,0.011,21.710,278420.938,5.825,68.000
0.050,0.012,0.010,20.428,222557.250,7.784,68.000
0.052,0.000,0.019,23.773,78356.742,1.781,68.000
0.050,0.022,0.014,23.172,236570.781,7.451,68.000
0.045,0.000,0.013,30.948,-17404.992,-0.498,68.000
0.056,0.000,0.011,27.469,-8138.078,1.960,68.000
0.049,0.027,0.012,21.127,228791.188,7.996,68.000
0.042,0.001,0.014,23.600,93688.461,1.349,68.000
0.043,0.000,0.010,25.506,10616.688,-0.907,68.000
0.048,0.001,0.011,25.502,258641.156,4.001,68.000
0.054,0.001,0.016,22.830,219485.625,2.168,68.000
0.047,0.000,0.012,32.561,-20652.984,-0.072,68.000
0.049,0.001,0.006,24.510,80085.742,1.288,68.000
0.052,0.001,0.012,29.811,179349.750,3.436,68.000
0.059,0.001,0.007,19.509,177027.969,2.588,68.000
0.050,0.016,0.010,19.653,219993.500,8.569,68.000
0.050,0.022,0.014,23.126,237844.344,7.273,68.000
0.052,0.010,0.012,20.491,209599.188,7.283,68.000
0.099,0.012,0.011,25.373,164495.188,7.331,68.000
0.054,0.001,0.018,23.438,162936.406,1.570,68.000
0.051,0.010,0.011,20.217,234704.562,8.099,68.000
0.048,0.006,0.012,22.866,289586.094,7.746,68.000
0.058,0.001,0.017,20.096,188840.406,1.240,68.000
0.050,0.005,0.014,22.015,234931.812,6.296,68.000
0.049,0.027,0.012,20.705,186313.594,6.415,68.000
0.057,0.001,0.004,18.442,226272.844,2.715,68.000
0.002,0.012,0.010,21.241,180787.281,7.811,68.000
0.046,0.001,0.006,21.847,169747.062,2.042,68.000
0.053,0.000,0.021,20.396,-17460.633,-3.855,68.000
0.050,0.000,0.020,20.442,94658.539,1.977,68.000
0.049,0.000,0.022,19.969,70433.867,2.009,68.000
0.048,0.015,0.010,19.864,246730.188,9.236,68.000
0.045,0.000,0.006,22.864,31218.367,0.503,68.000
0.048,0.019,0.013,20.675,256399.250,8.839,68.000
0.050,0.023,0.012,21.839,229562.688,8.218,68.000
0.050,0.025,0.010,19.546,220796.594,9.009,68.000
0.055,0.000,0.013,28.825,63748.398,1.463,68.000
0.049,0.018,0.013,20.251,239844.438,8.215,68.000
0.052,0.001,0.014,29.901,122537.805,1.841,68.000
0.052,0.008,0.011,19.928,259329.031,7.649,68.000
0.043,0.000,0.017,22.825,-41169.031,-1.889,68.000
0.048,0.026,0.013,20.583,237617.188,10.045,68.000
0.050,0.001,0.013,31.605,103209.680,2.405,68.000
0.048,0.025,0.012,20.411,223916.688,9.972,68.000
0.060,0.001,0.009,21.563,156902.875,2.750,68.000
0.050,0.004,0.013,22.867,240931.219,5.856,68.000
0.054,0.002,0.016,21.717,211374.125,2.872,68.000
0.055,0.001,0.018,21.523,193441.812,2.423,68.000
0.001,0.013,0.011,21.507,195790.656,7.693,68.000
0.047,0.001,0.010,27.583,191848.094,2.970,68.000
0.049,0.004,0.012,22.042,287215.125,6.387,68.000
0.050,0.011,0.014,20.038,233041.469,7.898,68.000
0.052,0.001,0.022,22.343,97859.742,1.806,68.000
0.050,0.013,0.013,20.901,224136.312,7.428,68.000
0.051,0.008,0.010,19.097,271487.844,7.520,68.000
0.049,0.015,0.011,20.051,238949.656,8.927,68.000
0.054,0.001,0.010,27.909,133104.219,3.136,68.000
0.098,0.013,0.013,21.360,213570.812,7.132,68.000
0.050,0.023,0.010,20.721,217369.812,9.068,68.000
0.044,0.001,0.018,21.707,147583.125,2.079,68.000
0.052,0.001,0.008,27.499,147510.656,3.140,68.000
0.042,0.001,0.004,18.165,141019.688,1.475,68.000
0.043,0.001,0.017,22.434,62407.883,0.217,68.000
0.057,0.001,0.006,23.894,102399.883,1.959,68.000
0.050,0.012,0.011,20.199,220026.281,7.840,68.000
0.049,0.013,0.010,20.453,225341.469,7.785,68.000
0.052,0.001,0.006,21.591,221823.344,3.117,68.000
0.051,0.013,0.014,20.112,220845.219,7.330,68.000
0.041,0.000,0.007,21.914,32768.352,1.262,68.000
0.048,0.001,0.011,24.699,259536.656,3.817,68.000
0.049,0.006,0.014,22.080,236850.750,7.030,68.000
0.051,0.022,0.012,22.051,228662.719,7.320,68.000
0.057,0.000,0.013,26.612,23566.305,0.915,68.000
0.052,0.000,0.019,23.251,43782.414,1.040,68.000
0.056,0.001,0.009,26.067,143328.188,3.515,68.000
0.047,0.001,0.017,23.192,181319.188,2.453,68.000
0.048,0.000,0.007,28.135,36012.914,1.244,68.000
0.098,0.014,0.012,21.139,211430.594,7.852,68.000
0.057,0.001,0.013,25.029,152440.188,1.986,68.000
0.052,0.001,0.022,21.407,185002.250,3.063,68.000
0.053,0.000,0.006,23.933,35286.648,1.983,68.000
0.045,0.001,0.015,25.966,136262.844,1.881,68.000
0.099,0.011,0.013,21.353,209620.812,6.330,68.000
0.056,0.001,0.009,26.376,111977.602,2.841,68.000
0.048,0.000,0.019,23.672,7483.609,-0.236,68.000
0.050,0.023,0.012,22.071,225447.938,8.409,68.000
0.051,0.001,0.015,24.780,196562.406,2.752,68.000
0.051,0.003,0.011,21.476,275258.312,5.666,68.000
0.048,0.000,0.020,20.275,120487.727,1.471,68.000
0.045,0.001,0.006,21.135,154117.188,1.868,68.000
0.052,0.013,0.010,19.900,188310.219,6.544,68.000
0.049,0.016,0.011,19.900,233335.031,9.330,68.000
0.047,0.001,0.019,21.430,175340.031,2.544,68.000
0.050,0.014,0.013,20.688,219629.156,7.027,68.000
0.050,0.013,0.011,19.892,233200.125,8.265,68.000
0.049,0.009,0.010,20.431,257377.188,7.837,68.000
0.050,0.018,0.010,20.089,212485.750,8.923,68.000
0.000,0.013,0.013,17.091,44904.945,9.907,68.000
0.050,0.009,0.013,20.900,245940.938,8.450,68.000
0.051,0.023,0.010,21.172,218523.969,8.316,68.000
0.048,0.003,0.010,22.360,268599.656,5.125,68.000
0.100,0.011,0.011,15.930,60181.148,10.495,68.000
0.041,0.001,0.008,21.417,107797.367,0.985,68.000
0.051,0.001,0.009,23.724,269601.812,4.798,68.000
0.055,0.001,0.012,29.897,73972.930,1.989,68.000
0.055,0.000,0.007,26.358,-43916.059,0.874,68.000
0.051,0.001,0.007,24.557,221215.500,4.052,68.000
0.048,0.001,0.009,30.465,98025.367,2.273,68.000
0.050,0.018,0.013,21.401,234005.188,7.564,68.000
0.051,0.012,0.011,19.960,205400.031,7.285,68.000
0.049,0.024,0.012,21.212,231374.500,9.347,68.000
0.049,0.008,0.010,20.458,281563.312,8.095,68.000
0.052,0.003,0.011,21.173,272788.000,5.338,68.000
0.052,0.016,0.012,21.793,200768.344,6.503,68.000
0.048,0.021,0.012,20.813,242577.688,9.826,68.000
0.053,0.000,0.012,30.591,-10974.281,1.208,68.000
0.049,0.001,0.013,25.999,236347.125,4.328,68.000
0.047,0.001,0.018,23.639,184440.000,2.331,68.000
0.051,0.006,0.013,22.365,246072.219,6.953,68.000
0.049,0.025,0.010,19.229,224552.594,9.338,68.000
0.051,0.016,0.010,19.772,212970.375,8.272,68.000
0.050,0.027,0.010,19.669,237322.812,8.851,68.000
0.055,0.000,0.014,31.189,-30049.773,2.386,68.000
0.052,0.002,0.010,22.654,270745.688,5.028,68.000
0.050,0.025,0.014,22.678,232483.906,8.396,68.000
0.098,0.012,0.013,21.211,212347.031,6.259,68.000
0.050,0.001,0.011,28.882,159991.281,3.176,68.000
0.049,0.012,0.011,20.150,250551.281,9.015,68.000
0.058,0.000,0.012,24.908,-8247.484,1.379,68.000
0.055,0.000,0.005,24.796,-13539.555,0.958,68.000
0.050,0.026,0.014,23.502,234467.562,8.192,68.000
0.048,0.014,0.011,19.784,250225.094,8.911,68.000
0.002,0.012,0.013,21.087,208407.406,7.730,68.000
0.050,0.005,0.014,22.253,234478.188,6.106,68.000
0.049,0.020,0.011,19.857,227965.281,9.589,68.000
0.050,0.008,0.013,21.681,257823.469,8.336,68.000
0.052,0.002,0.013,23.504,215305.438,4.465,68.000
0.048,0.001,0.014,27.806,155445.312,2.482,68.000
0.043,0.000,0.007,20.331,-22253.523,2.869,68.000
0.055,0.001,0.017,20.868,199249.125,2.421,68.000
0.050,0.018,0.010,20.049,212893.250,8.962,68.000
0.042,0.001,0.014,19.556,153184.875,2.796,68.000
0.051,0.006,0.011,20.402,290712.594,6.861,68.000
0.051,0.024,0.012,22.533,226434.000,7.687,68.000
0.050,0.000,0.022,19.946,5980.953,-0.824,68.000
0.049,0.018,0.011,19.922,220398.406,9.428,68.000
0.045,0.001,0.007,22.187,173894.000,2.216,68.000
0.049,0.005,0.012,22.644,287082.094,7.056,68.000
0.050,0.000,0.002,25.186,-41345.363,-0.045,68.000
0.054,0.000,0.003,22.262,78590.664,1.125,68.000
0.099,0.012,0.012,21.477,212674.000,7.257,68.000
0.049,0.018,0.010,20.006,219775.312,9.534,68.000
0.049,0.005,0.009,20.658,270790.781,6.229,68.000
0.040,0.001,0.012,20.607,98135.648,1.108,68.000
0.050,0.001,0.009,24.926,247509.281,4.247,68.000
0.053,0.000,0.011,34.162,-101316.758,0.214,68.000
0.049,0.027,0.011,22.490,112458.477,-1.076,68.000
0.051,0.013,0.014,20.233,211221.281,6.836,68.000
0.052,0.010,0.013,20.559,223811.312,7.666,68.000
0.049,0.017,0.011,19.965,229153.812,9.278,68.000
0.048,0.000,0.020,20.256,46519.273,1.859,68.000
0.052,0.019,0.013,22.775,229694.438,6.788,68.000
0.052,0.024,0.013,22.960,218799.938,6.404,68.000
0.043,0.001,0.008,23.724,134134.156,1.486,68.000
0.055,0.001,0.014,22.871,181078.875,2.335,68.000
0.048,0.001,0.002,19.195,194822.219,1.746,68.000
0.058,0.001,0.009,21.677,174026.656,3.197,68.000
0.048,0.025,0.013,20.835,231972.094,9.752,68.000
0.048,0.006,0.010,21.410,278636.969,6.989,68.000
0.044,0.001,0.014,20.376,205407.844,3.736,68.000
0.052,0.000,0.016,29.068,39974.164,2.619,68.000
0.045,0.001,0.019,24.419,56466.320,0.462,68.000
0.050,0.000,0.007,25.663,-313.906,2.675,68.000
0.049,0.001,0.015,29.903,64399.820,0.298,68.000
0.056,0.002,0.009,21.655,212250.531,3.694,68.000
0.049,0.002,0.017,22.675,195088.500,2.679,68.000
0.048,0.027,0.013,21.319,163695.906,6.952,68.000
0.053,0.002,0.011,23.150,258354.312,4.569,68.000
0.045,0.001,0.019,22.793,109594.211,1.306,68.000
0.050,0.001,0.006,22.557,203629.156,2.725,68.000
0.003,0.012,0.011,21.196,182128.625,7.583,68.000
0.052,0.017,0.011,21.214,207081.188,7.114,68.000
0.050,0.010,0.010,19.929,237515.250,7.480,68.000
0.052,0.001,0.003,20.225,204990.625,2.223,68.000
0.052,0.005,0.010,20.015,267760.062,5.897,68.000
0.050,0.010,0.012,20.743,249021.125,8.456,68.000
0.052,0.015,0.010,20.134,204754.062,7.323,68.000
0.056,0.001,0.011,25.057,200561.750,4.290,68.000
0.002,0.012,0.011,21.452,191319.938,7.615,68.000
0.052,0.009,0.013,20.233,230258.000,7.604,68.000
0.048,0.012,0.012,19.669,262811.469,9.420,68.000
0.050,0.022,0.010,20.638,216037.250,9.125,68.000
0.049,0.009,0.015,18.492,230457.438,7.218,68.000
0.061,0.001,0.014,20.633,134201.312,-1.007,68.000
0.051,0.022,0.014,23.269,235071.344,6.810,68.000
0.052,0.001,0.012,28.205,243094.500,4.369,68.000
0.058,0.001,0.016,19.875,192621.031,1.522,68.000
0.051,0.006,0.010,19.100,267433.469,6.617,68.000
0.050,0.012,0.010,20.235,219235.656,7.593,68.000
0.052,0.000,0.020,22.905,29219.180,0.638,68.000
0.056,0.001,0.013,29.513,28839.977,0.849,68.000
0.052,0.001,0.012,27.402,247436.875,4.354,68.000
0.052,0.010,0.013,20.100,202830.812,7.016,68.000
0.050,0.012,0.010,20.349,220204.438,7.376,68.000
0.048,0.003,0.011,22.202,267429.344,5.607,68.000
0.043,0.001,0.008,23.185,130186.477,1.578,68.000
0.044,0.001,0.017,22.780,90864.414,0.693,68.000
0.051,0.023,0.014,23.783,230097.219,6.860,68.000
0.051,0.020,0.012,22.110,228335.531,7.348,68.000
0.051,0.020,0.012,21.497,226040.875,7.715,68.000
0.050,0.000,0.022,21.899,-28048.961,0.066,68.000
0.051,0.000,0.006,26.657,45989.492,2.215,68.000
0.048,0.010,0.010,21.157,250542.250,8.075,68.000
0.040,0.001,0.015,16.657,119377.039,2.362,68.000
0.046,0.001,0.022,20.744,106793.055,1.288,68.000
0.057,0.002,0.015,20.073,197412.000,1.698,68.000
0.051,0.002,0.009,23.454,271759.406,4.852,68.000
0.048,0.002,0.011,22.228,264487.406,5.167,68.000
0.057,0.000,0.018,22.167,51960.555,0.054,68.000
0.050,0.007,0.014,21.199,253071.594,7.666,68.000
0.049,0.001,0.008,29.987,45308.867,1.624,68.000
0.002,0.013,0.012,20.838,206781.562,7.551,68.000
0.060,0.001,0.013,21.240,129667.586,-0.344,68.000
0.049,0.016,0.013,19.911,229437.625,7.759,68.000
0.042,0.001,0.019,21.172,119250.914,1.208,68.000
0.051,0.000,0.019,24.460,103882.023,1.077,68.000
0.049,0.017,0.012,19.128,235730.531,8.438,68.000
0.047,0.001,0.020,21.582,170467.219,2.504,68.000
0.042,0.001,0.007,21.840,40188.836,1.201,68.000
0.043,0.000,0.014,26.421,39782.492,1.138,68.000
0.049,0.022,0.011,20.724,223962.250,9.335,68.000
0.051,0.020,0.011,21.212,211080.969,8.213,68.000
0.057,0.001,0.013,23.511,161620.062,2.775,68.000
0.049,0.001,0.017,22.800,197384.000,2.923,68.000
0.051,0.024,0.010,20.307,224269.656,8.570,68.000
0.055,0.001,0.003,23.996,32026.930,0.331,68.000
0.050,0.006,0.010,19.467,280338.375,6.894,68.000
0.003,0.012,0.012,21.032,194106.281,7.364,68.000
0.043,0.001,0.010,25.513,99013.242,1.198,68.000
0.048,0.024,0.013,21.288,232871.094,9.439,68.000
0.059,0.001,0.013,21.407,135897.938,0.826,68.000
0.051,0.014,0.010,19.882,210783.500,7.611,68.000
0.045,0.001,0.004,21.504,80307.789,1.221,68.000
0.050,0.006,0.011,21.334,301279.438,7.618,68.000
0.049,0.003,0.013,23.232,240553.844,5.691,68.000
0.045,0.001,0.014,22.278,215959.125,4.015,68.000
0.052,0.026,0.012,22.666,226538.406,7.076,68.000
0.052,0.013,0.010,20.108,191959.562,6.571,68.000
0.045,0.001,0.022,20.930,157040.750,2.327,68.000
0.053,0.001,0.021,23.431,57941.820,0.828,68.000
0.049,0.008,0.010,20.024,268010.625,7.818,68.000
0.051,0.000,0.010,35.373,-39366.273,-0.112,68.000
0.049,0.001,0.004,19.740,221692.219,1.957,68.000
0.048,0.027,0.013,19.860,102681.867,1.973,68.000
0.051,0.011,0.012,20.691,221372.531,8.062,68.000
0.055,0.000,0.012,33.546,-23164.828,-1.530,68.000
0.059,0.001,0.006,18.464,200594.219,2.812,68.000
0.055,0.002,0.016,21.277,211911.156,2.490,68.000
0.055,0.000,0.009,29.883,-25341.281,1.719,68.000
0.055,0.000,0.021,23.453,-47553.789,-2.001,68.000
0.059,0.000,0.018,19.890,10593.344,1.152,68.000
0.052,0.014,0.012,22.024,210710.812,6.834,68.000
0.051,0.016,0.013,20.993,216566.812,6.849,68.000
0.050,0.011,0.014,19.286,231226.656,7.751,68.000
0.051,0.019,0.011,20.804,214071.406,8.498,68.000
0.050,0.015,0.014,19.970,221785.531,6.627,68.000
0.051,0.022,0.010,21.146,218383.594,8.749,68.000
0.047,0.002,0.012,21.903,259477.688,4.371,68.000
0.049,0.017,0.012,19.221,230113.469,8.575,68.000
0.041,0.001,0.011,22.977,126644.727,1.521,68.000
0.044,0.002,0.016,21.271,152261.500,2.631,68.000
0.053,0.001,0.020,21.093,183415.938,2.973,68.000
0.043,0.000,0.008,23.562,-53408.859,0.310,68.000
0.050,0.000,0.003,24.029,22274.898,0.871,68.000
0.052,0.000,0.018,23.722,-2980.719,0.576,68.000
0.047,0.001,0.016,23.094,189318.000,2.791,68.000
0.049,0.005,0.010,20.569,269727.750,6.089,68.000
0.001,0.013,0.011,22.970,162786.906,6.350,68.000
0.055,0.001,0.004,20.337,198602.562,2.729,68.000
0.051,0.001,0.002,21.689,166609.750,1.977,68.000
0.000,0.013,0.013,23.112,64631.289,4.429,68.000
0.002,0.012,0.014,21.058,213070.781,7.769,68.000
0.048,0.022,0.013,21.592,244011.594,9.287,68.000
0.048,0.001,0.010,27.906,142353.688,2.483,68.000
0.049,0.000,0.002,25.909,-27094.094,-0.059,68.000
0.045,0.001,0.013,25.327,181883.312,3.048,68.000
0.053,0.001,0.004,20.457,210450.656,2.537,68.000
0.048,0.007,0.011,22.453,295786.000,8.223,68.000
0.046,0.000,0.006,21.998,9321.109,1.644,68.000
0.048,0.013,0.014,19.832,223229.438,7.340,68.000
0.050,0.013,0.012,19.699,236964.156,8.552,68.000
0.049,0.009,0.012,21.592,261939.656,8.892,68.000
0.050,0.006,0.012,21.872,297216.312,7.893,68.000
0.059,0.000,0.013,25.201,-58796.359,0.059,68.000
0.099,0.011,0.012,21.407,209686.438,6.630,68.000
0.051,0.008,0.010,18.850,260573.656,7.182,68.000
0.056,0.002,0.012,22.898,175006.094,3.304,68.000
0.049,0.021,0.012,20.316,236069.250,8.976,68.000
0.048,0.006,0.011,21.763,288960.812,7.454,68.000
0.048,0.007,0.012,22.752,294140.688,8.330,68.000
0.049,0.008,0.014,19.423,238916.125,7.657,68.000
0.048,0.000,0.013,29.017,89322.461,1.305,68.000
0.051,0.026,0.010,20.606,228949.375,7.824,68.000
0.044,0.000,0.021,22.503,-12618.141,-0.273,68.000
0.049,0.014,0.011,19.919,237790.906,8.428,68.000
0.051,0.001,0.012,32.404,77814.383,2.238,68.000
0.001,0.012,0.012,21.196,202568.031,7.952,68.000
0.051,0.001,0.010,30.383,122781.648,2.829,68.000
0.058,0.000,0.012,25.238,7814.867,1.728,68.000
0.041,0.001,0.013,21.492,120363.852,2.093,68.000
0.040,0.001,0.011,24.635,-14558.242,-0.848,68.000
0.052,0.014,0.012,22.063,206182.062,6.572,68.000
0.049,0.026,0.012,20.682,234699.000,9.286,68.000
0.060,0.000,0.012,22.160,83618.883,1.857,68.000
0.051,0.003,0.011,22.166,272360.312,5.408,68.000
0.052,0.006,0.011,19.502,274826.281,6.358,68.000
0.049,0.001,0.005,21.128,206595.312,2.233,68.000
0.051,0.012,0.010,19.986,204903.906,7.196,68.000
0.001,0.012,0.012,21.189,200117.344,7.770,68.000
0.051,0.025,0.013,22.924,229094.250,7.647,68.000
0.050,0.020,0.010,20.121,212416.938,9.319,68.000
0.056,0.001,0.005,21.450,181542.812,2.887,68.000
0.057,0.001,0.012,27.106,95647.305,2.174,68.000
0.050,0.007,0.012,22.559,270466.500,8.328,68.000
0.048,0.008,0.012,21.602,279344.500,8.994,68.000
0.048,0.002,0.017,23.276,198168.531,2.842,68.000
0.045,0.001,0.013,22.581,236579.812,4.216,68.000
0.049,0.026,0.013,20.625,233676.562,9.614,68.000
0.048,0.005,0.012,22.431,296195.094,7.313,68.000
0.052,0.021,0.012,22.073,219176.125,6.964,68.000
0.050,0.021,0.013,22.120,245639.875,7.888,68.000
0.051,0.015,0.014,20.134,219432.281,6.383,68.000
0.052,0.013,0.012,20.886,204626.750,7.079,68.000
0.052,0.003,0.013,22.046,228661.969,4.824,68.000
0.002,0.013,0.011,21.553,202951.094,7.586,68.000
0.049,0.005,0.012,21.887,295765.500,7.201,68.000
0.060,0.001,0.014,21.581,135210.000,-0.264,68.000
0.046,0.000,0.003,20.389,8198.547,-0.059,68.000
0.051,0.000,0.023,20.407,-41671.770,-5.059,68.000
0.050,0.023,0.013,22.879,232571.312,7.653,68.000
0.050,0.001,0.018,24.587,127225.555,1.359,68.000
0.051,0.008,0.011,20.984,271207.312,8.273,68.000
0.048,0.001,0.004,19.018,206837.938,1.373,68.000
0.042,0.001,0.010,24.647,89496.977,0.648,68.000
0.050,0.001,0.018,24.088,159474.781,1.866,68.000
0.049,0.020,0.012,20.792,242024.250,8.671,68.000
0.043,0.000,0.019,23.475,-10138.695,0.108,68.000
0.050,0.001,0.008,23.232,247320.219,4.177,68.000
0.060,0.001,0.012,21.389,130244.789,0.571,68.000
0.003,0.011,0.011,21.196,179841.219,7.471,68.000
0.049,0.025,0.011,19.683,221708.562,9.489,68.000
0.048,0.023,0.014,21.726,234884.656,8.635,68.000
0.046,0.000,0.009,26.804,104288.977,0.781,68.000
0.050,0.017,0.011,20.336,217265.000,8.426,68.000
0.002,0.010,0.013,21.086,187820.406,7.647,68.000
0.052,0.000,0.014,29.061,69097.492,1.692,68.000
0.040,0.001,0.012,21.743,74287.883,0.741,68.000
0.055,0.001,0.021,21.153,166165.562,2.816,68.000
0.049,0.014,0.011,19.899,238634.344,8.487,68.000
0.054,0.000,0.017,25.304,742.109,0.551,68.000
0.055,0.002,0.012,22.558,218081.281,4.226,68.000
0.055,0.001,0.018,21.781,193875.781,2.111,68.000
0.045,0.000,0.012,28.456,9064.367,-0.599,68.000
0.049,0.002,0.010,23.063,273820.125,4.694,68.000
0.049,0.001,0.015,27.437,170021.938,2.254,68.000
0.051,0.004,0.014,22.480,221109.375,5.340,68.000
0.051,0.024,0.013,23.321,225331.781,6.788,68.000
0.044,0.001,0.017,21.550,146541.406,2.298,68.000
0.057,0.001,0.009,26.897,31592.258,1.404,68.000
0.049,0.006,0.010,20.651,289337.969,7.349,68.000
0.050,0.025,0.011,20.842,224443.062,8.448,68.000
0.049,0.008,0.013,21.904,260832.875,8.353,68.000
0.051,0.009,0.013,20.816,235017.812,8.011,68.000
0.049,0.010,0.013,20.256,246747.406,8.805,68.000
0.098,0.012,0.011,20.936,203197.344,6.921,68.000
0.051,0.006,0.012,21.530,283292.406,7.467,68.000
0.052,0.018,0.012,22.053,207613.219,6.475,68.000
0.048,0.007,0.014,21.463,244591.625,7.785,68.000
0.051,0.004,0.012,21.918,277253.688,6.162,68.000
0.051,0.006,0.011,19.980,290282.969,7.096,68.000
0.052,0.001,0.010,25.862,247608.812,4.624,68.000
0.050,0.002,0.011,22.320,274700.125,5.453,68.000
0.051,0.027,0.013,17.597,131830.156,5.101,68.000
0.055,0.002,0.013,23.494,182708.375,3.269,68.000
0.048,0.017,0.012,18.936,238261.094,9.286,68.000
0.051,0.005,0.013,22.147,252973.812,6.159,68.000
0.052,0.008,0.014,20.106,235458.500,7.531,68.000
0.051,0.000,0.008,28.008,33561.133,1.570,68.000
0.044,0.001,0.004,18.093,158547.500,1.239,68.000
0.052,0.007,0.013,21.649,238411.750,6.981,68.000
0.050,0.009,0.014,18.792,238303.312,7.573,68.000
0.049,0.021,0.011,20.250,219799.406,9.418,68.000
0.050,0.019,0.012,20.671,229976.906,8.079,68.000
0.051,0.016,0.013,21.387,207199.281,6.294,68.000
0.047,0.001,0.014,23.292,222125.969,4.179,68.000
0.048,0.007,0.013,22.124,277395.750,8.203,68.000
0.056,0.000,0.008,23.760,9731.961,2.088,68.000
0.057,0.001,0.006,24.910,46833.867,1.603,68.000
0.049,0.002,0.015,24.080,200092.812,3.285,68.000
0.043,0.000,0.007,22.713,2396.508,0.083,68.000
0.045,0.001,0.004,19.686,160860.656,1.389,68.000
0.047,0.000,0.013,33.573,-2786.195,-2.203,68.000
0.052,0.003,0.012,22.344,256221.312,5.433,68.000
0.051,0.021,0.012,21.740,235727.438,7.582,68.000
0.051,0.002,0.013,23.079,244389.062,5.059,68.000
0.057,0.001,0.020,21.158,155780.219,1.996,68.000
0.055,0.001,0.004,19.374,218250.688,2.706,68.000
0.052,0.000,0.004,22.389,55828.195,1.891,68.000
0.048,0.001,0.011,27.757,180097.375,2.966,68.000
0.041,0.001,0.013,20.189,134642.344,2.357,68.000
0.050,0.027,0.012,22.385,219796.781,6.889,68.000
0.058,0.001,0.014,23.415,138244.500,0.749,68.000
0.052,0.002,0.007,22.120,233258.250,3.892,68.000
0.051,0.003,0.011,21.512,281922.906,5.952,68.000
0.051,0.000,0.001,23.824,16170.164,-0.043,68.000
0.055,0.002,0.014,23.274,181481.062,2.913,68.000
0.045,0.002,0.013,22.335,224056.000,4.229,68.000
0.052,0.006,0.011,20.177,277638.250,6.936,68.000
0.050,0.024,0.010,19.940,220254.844,8.883,68.000
0.048,0.026,0.012,20.136,233182.594,9.851,68.000
0.043,0.001,0.009,22.277,171380.750,1.844,68.000
0.061,0.001,0.014,20.688,128634.508,-0.710,68.000
0.047,0.000,0.015,26.326,40438.148,0.747,68.000
0.047,0.001,0.015,23.291,194981.031,3.128,68.000
0.048,0.012,0.011,20.154,249587.188,9.010,68.000
0.047,0.000,0.011,32.731,-35042.758,1.829,68.000
0.050,0.012,0.010,20.139,221796.469,7.446,68.000
0.047,0.002,0.005,20.662,206312.062,2.185,68.000
0.047,0.000,0.020,20.039,137192.875,1.578,68.000
0.051,0.012,0.012,21.009,214937.438,7.721,68.000
0.050,0.013,0.014,20.118,224449.906,7.493,68.000
0.048,0.014,0.011,19.810,252086.688,9.026,68.000
0.050,0.003,0.013,23.236,249297.156,5.263,68.000
0.048,0.001,0.020,21.173,174751.188,3.039,68.000
0.048,0.001,0.002,20.372,183567.844,1.641,68.000
0.050,0.019,0.011,20.303,214664.344,9.006,68.000
0.056,0.001,0.020,21.835,165138.250,2.336,68.000
0.043,0.001,0.019,21.156,146681.375,1.967,68.000
0.002,0.013,0.013,21.026,215195.438,7.646,68.000
0.053,0.002,0.017,22.279,199845.469,2.982,68.000
0.055,0.001,0.003,23.626,60712.961,1.211,68.000
0.049,0.014,0.013,20.440,232157.219,7.869,68.000
0.000,0.012,0.013,16.083,21574.891,10.306,68.000
0.049,0.019,0.012,19.602,225470.438,8.954,68.000
0.048,0.015,0.012,19.843,243614.500,9.441,68.000
0.047,0.002,0.007,22.603,224272.844,3.324,68.000
0.050,0.001,0.009,29.782,116101.133,2.661,68.000
0.052,0.019,0.013,22.330,221647.312,6.761,68.000
0.041,0.001,0.013,19.464,134860.938,2.387,68.000
0.049,0.004,0.014,22.926,227316.594,5.706,68.000
0.059,0.000,0.011,22.520,42279.117,3.303,68.000
0.049,0.026,0.013,21.994,236056.406,8.698,68.000
0.045,0.001,0.020,20.589,155226.688,2.316,68.000
0.047,0.001,0.006,21.707,212307.750,2.801,68.000
0.047,0.001,0.009,26.875,176306.344,2.717,68.000
0.049,0.003,0.013,23.954,248006.688,5.499,68.000
0.050,0.001,0.007,29.164,75243.211,2.158,68.000
0.059,0.001,0.015,21.795,108859.336,-0.699,68.000
0.049,0.004,0.012,22.417,285496.719,6.572,68.000
0.048,0.001,0.018,24.806,132224.969,1.100,68.000
0.049,0.026,0.012,20.967,234333.469,8.586,68.000
0.049,0.001,0.011,24.236,269527.625,4.292,68.000
0.049,0.024,0.014,22.930,234083.125,8.251,68.000
0.040,0.001,0.015,16.503,127230.945,2.622,68.000
0.052,0.000,0.017,24.927,39508.320,1.224,68.000
0.050,0.003,0.010,22.076,276735.594,5.514,68.000
0.049,0.007,0.012,22.962,284497.594,8.340,68.000
0.047,0.002,0.009,23.032,244937.719,3.894,68.000
0.052,0.006,0.014,20.678,219642.250,6.337,68.000
0.050,0.001,0.014,28.520,204741.906,3.579,68.000
0.049,0.002,0.012,23.489,266038.312,5.641,68.000
0.052,0.000,0.013,35.534,-107894.969,0.048,68.000
0.050,0.009,0.011,20.808,264838.531,8.786,68.000
0.050,0.004,0.012,22.070,282681.500,6.457,68.000
0.048,0.015,0.011,19.712,246590.812,9.473,68.000
0.050,0.022,0.014,22.947,243830.938,7.310,68.000
0.051,0.002,0.018,22.052,187551.750,2.511,68.000
0.051,0.008,0.011,20.754,263411.531,8.255,68.000
0.049,0.001,0.003,19.519,220011.656,1.847,68.000
0.049,0.023,0.010,19.793,216971.656,9.695,68.000
0.052,0.015,0.012,22.319,196596.125,6.374,68.000
0.048,0.001,0.017,25.297,198771.500,2.367,68.000
0.045,0.000,0.012,30.760,-25219.031,-1.286,68.000
0.052,0.022,0.011,21.817,217610.812,7.714,68.000
0.057,0.001,0.014,23.173,160332.062,1.873,68.000
0.053,0.002,0.013,23.777,206042.688,4.029,68.000
0.042,0.001,0.011,26.462,61411.320,0.411,68.000
0.052,0.001,0.005,19.638,227610.688,2.473,68.000
0.052,0.014,0.011,20.293,196171.500,6.906,68.000
0.049,0.014,0.012,20.372,249056.656,8.784,68.000
0.052,0.012,0.012,21.752,202503.906,6.596,68.000
0.059,0.001,0.006,18.470,195293.844,2.687,68.000
0.058,0.001,0.005,17.681,226111.594,2.482,68.000
0.047,0.001,0.012,26.468,234730.000,4.093,68.000
0.048,0.001,0.002,22.400,105512.195,1.203,68.000
0.059,0.001,0.013,23.342,108813.336,0.155,68.000
0.051,0.001,0.006,22.121,210573.438,2.932,68.000
0.050,0.026,0.011,20.370,233971.531,8.270,68.000
0.043,0.001,0.007,22.968,101902.211,1.779,68.000
0.050,0.012,0.014,19.256,225709.031,7.437,68.000
0.041,0.001,0.011,21.336,134707.344,1.471,68.000
0.050,0.001,0.006,22.604,207174.438,2.958,68.000
0.051,0.000,0.020,21.344,43079.289,1.265,68.000
0.048,0.006,0.012,22.496,292049.375,8.093,68.000
0.052,0.001,0.023,20.493,180633.594,2.909,68.000
0.002,0.012,0.013,20.874,206658.250,7.591,68.000
0.041,0.001,0.006,18.907,112737.148,1.510,68.000
0.052,0.001,0.013,24.720,219648.812,4.349,68.000
0.048,0.009,0.010,20.933,261285.875,8.181,68.000
0.099,0.013,0.012,23.923,189906.719,7.167,68.000
0.051,0.012,0.014,19.779,218867.500,7.179,68.000
0.059,0.001,0.011,20.578,156822.062,2.099,68.000
0.048,0.006,0.012,22.685,296146.031,8.174,68.000
0.053,0.001,0.020,21.385,184098.562,2.858,68.000
0.052,0.015,0.011,21.130,203861.219,6.986,68.000
0.050,0.004,0.010,21.184,276382.531,5.696,68.000
0.044,0.002,0.010,21.290,210423.500,2.702,68.000
0.049,0.019,0.011,19.796,224630.688,9.311,68.000
0.058,0.000,0.009,22.204,47797.758,2.630,68.000
0.045,0.001,0.022,21.806,157505.625,2.216,68.000
0.052,0.007,0.013,20.662,234455.906,7.274,68.000
0.052,0.001,0.011,28.879,186608.094,3.465,68.000
0.049,0.010,0.014,19.293,227559.562,7.567,68.000
0.052,0.010,0.012,20.106,210992.219,7.321,68.000
0.050,0.008,0.011,21.154,286644.250,8.812,68.000
0.052,0.001,0.004,20.227,226572.906,2.499,68.000
0.045,0.000,0.018,25.220,-47624.188,-1.359,68.000
0.048,0.016,0.012,19.173,235209.406,8.933,68.000
0.053,0.001,0.020,23.755,109463.586,1.655,68.000
0.055,0.001,0.006,24.732,117767.383,2.367,68.000
0.041,0.000,0.016,21.665,-38274.328,-2.026,68.000
0.051,0.000,0.014,31.867,-64242.137,-0.927,68.000
0.052,0.007,0.011,19.261,275437.469,7.028,68.000
0.048,0.000,0.022,19.483,-18332.500,-0.781,68.000
0.049,0.014,0.012,19.886,249385.375,8.915,68.000
0.056,0.002,0.011,22.552,212129.938,4.143,68.000
0.098,0.011,0.012,21.113,207600.125,6.387,68.000
0.060,0.000,0.010,22.478,30766.773,3.384,68.000
0.052,0.002,0.013,23.632,210144.938,3.924,68.000
0.051,0.019,0.010,20.551,210815.750,8.896,68.000
0.048,0.013,0.012,20.018,261791.031,9.594,68.000
0.053,0.001,0.007,27.596,78667.273,1.999,68.000
0.051,0.019,0.014,22.366,239344.688,6.906,68.000
0.052,0.012,0.012,20.582,196277.156,6.865,68.000
0.047,0.001,0.017,25.419,190101.219,2.178,68.000
0.042,0.000,0.018,23.375,-88321.023,-1.606,68.000
0.048,0.015,0.012,19.941,241778.344,8.833,68.000
0.051,0.007,0.012,21.288,276156.719,7.761,68.000
0.052,0.001,0.014,25.949,195790.906,3.133,68.000
0.053,0.001,0.015,22.927,203066.750,2.298,68.000
0.056,0.002,0.010,22.010,223107.062,4.005,68.000
0.050,0.021,0.012,21.081,233088.844,8.489,68.000
0.043,0.001,0.020,20.774,136433.531,1.775,68.000
0.050,0.017,0.012,19.727,229090.781,7.879,68.000
0.052,0.008,0.012,21.177,233185.656,7.308,68.000
0.051,0.003,0.011,21.294,277428.594,5.617,68.000
0.049,0.015,0.010,19.804,225596.875,8.659,68.000
0.048,0.002,0.014,23.674,224613.125,4.790,68.000
0.052,0.005,0.013,21.255,226312.438,5.405,68.000
0.059,0.001,0.014,21.607,138207.594,0.218,68.000
0.052,0.013,0.014,20.205,212080.781,6.566,68.000
0.048,0.017,0.013,19.812,241011.562,8.168,68.000
0.056,0.001,0.004,19.921,160130.969,1.965,68.000
0.049,0.000,0.006,23.942,65238.773,1.242,68.000
0.048,0.001,0.012,27.384,213241.062,3.665,68.000
0.051,0.010,0.011,19.819,215321.469,7.489,68.000
0.040,0.000,0.008,21.962,-49511.512,-1.312,68.000
0.058,0.001,0.009,21.605,183227.219,3.370,68.000
0.052,0.001,0.012,32.272,78790.227,1.963,68.000
0.052,0.008,0.013,20.554,223738.250,7.455,68.000
0.053,0.001,0.014,24.702,182028.125,2.585,68.000
0.057,0.001,0.005,20.358,198435.969,2.777,68.000
0.052,0.015,0.012,22.167,200901.344,6.136,68.000
0.049,0.025,0.011,20.601,221851.625,9.019,68.000
0.051,0.022,0.014,23.086,236523.438,6.963,68.000
0.043,0.000,0.019,22.544,-21720.898,-0.972,68.000
0.051,0.002,0.017,23.318,208387.312,3.270,68.000
0.053,0.000,0.018,24.469,-28090.883,-2.954,68.000
0.046,0.001,0.016,22.539,180299.750,2.792,68.000
0.049,0.007,0.011,21.518,299464.281,8.570,68.000
0.051,0.013,0.013,21.922,216609.969,7.212,68.000
0.050,0.003,0.011,21.431,281992.656,5.970,68.000
0.049,0.000,0.017,26.969,22809.086,-0.567,68.000
0.051,0.005,0.015,21.420,217291.781,5.947,68.000
0.045,0.000,0.017,22.828,59095.539,-0.001,68.000
0.056,0.001,0.020,21.984,157551.750,2.500,68.000
0.001,0.011,0.012,22.865,156296.125,6.390,68.000
0.055,0.002,0.006,21.319,204300.188,2.754,68.000
0.049,0.001,0.012,29.206,159526.031,3.250,68.000
0.041,0.001,0.015,18.197,116212.430,2.372,68.000
0.050,0.021,0.012,20.877,233080.719,8.833,68.000
0.050,0.000,0.019,23.434,32013.727,0.591,68.000
0.050,0.006,0.009,20.015,271670.250,6.544,68.000
0.052,0.009,0.013,20.381,221748.844,7.367,68.000
0.046,0.001,0.020,21.575,169982.875,2.405,68.000
0.048,0.010,0.013,20.313,249354.844,8.661,68.000
0.051,0.014,0.010,20.105,208863.906,7.387,68.000
0.052,0.016,0.013,21.543,202793.562,6.106,68.000
0.049,0.006,0.014,21.481,242474.031,7.160,68.000
0.055,0.001,0.010,29.520,88519.461,2.543,68.000
0.047,0.001,0.018,25.160,187113.094,2.031,68.000
0.042,0.001,0.017,20.360,101182.992,1.515,68.000
0.048,0.002,0.007,22.155,224888.438,3.256,68.000
0.052,0.001,0.017,24.407,184249.594,2.020,68.000
0.050,0.001,0.007,22.718,235860.031,3.782,68.000
0.043,0.000,0.015,22.897,38653.508,0.292,68.000
0.051,0.021,0.013,22.488,240074.250,7.466,68.000
0.052,0.000,0.003,23.402,48599.664,0.893,68.000
0.052,0.020,0.012,22.345,221325.719,6.913,68.000
0.049,0.010,0.012,20.041,257927.438,9.209,68.000
0.049,0.015,0.010,19.764,230379.562,8.783,68.000
0.059,0.001,0.009,20.899,165549.219,2.881,68.000
0.042,0.000,0.016,23.230,-6056.898,-0.446,68.000
0.052,0.015,0.013,21.932,198901.594,5.878,68.000
0.047,0.001,0.018,22.244,181262.562,2.533,68.000
0.049,0.008,0.011,21.688,280791.875,8.796,68.000
0.056,0.000,0.003,24.316,-15111.773,0.642,68.000
0.050,0.015,0.014,20.115,220246.969,6.538,68.000
0.052,0.021,0.013,22.841,233731.000,6.830,68.000
0.055,0.000,0.014,32.080,-20148.508,-0.241,68.000
0.048,0.014,0.014,19.921,225802.688,7.575,68.000
0.044,0.000,0.009,26.001,-51212.211,1.488,68.000
0.042,0.000,0.014,20.899,27077.570,-0.200,68.000
0.047,0.001,0.021,23.255,53986.648,0.561,68.000
0.051,0.001,0.008,24.055,237606.750,4.408,68.000
0.048,0.015,0.013,19.863,233643.875,7.891,68.000
0.099,0.012,0.013,22.192,215448.125,6.724,68.000
0.051,0.013,0.012,20.328,221359.844,7.885,68.000
0.055,0.000,0.009,27.257,-6427.555,2.062,68.000
0.052,0.012,0.012,20.174,192174.938,6.798,68.000
0.050,0.016,0.013,20.013,226811.344,7.576,68.000
0.052,0.001,0.009,23.255,256413.219,4.732,68.000
0.050,0.015,0.010,19.610,217798.562,8.334,68.000
0.048,0.001,0.005,19.685,214680.719,1.937,68.000
0.050,0.001,0.005,25.992,33712.398,0.984,68.000
0.052,0.003,0.013,22.553,226494.875,4.767,68.000
0.050,0.014,0.014,19.595,221562.656,6.733,68.000
0.049,0.003,0.010,22.014,274294.562,5.535,68.000
0.049,0.013,0.010,20.274,225788.312,7.841,68.000
0.049,0.004,0.011,21.815,287832.406,6.540,68.000
0.045,0.001,0.015,21.933,189730.312,3.380,68.000
0.057,0.001,0.005,20.156,191722.938,2.665,68.000
0.050,0.005,0.013,22.517,240374.719,6.179,68.000
0.097,0.013,0.012,20.801,206290.594,7.369,68.000
0.051,0.010,0.011,20.163,211747.969,7.668,68.000
0.043,0.001,0.013,23.285,149451.438,2.540,68.000
0.053,0.000,0.002,24.851,-38510.359,-0.380,68.000
0.049,0.021,0.013,21.308,252764.406,8.599,68.000
0.041,0.000,0.015,20.895,62322.023,1.054,68.000
0.051,0.004,0.012,21.621,269141.094,5.888,68.000
0.051,0.023,0.013,23.335,226466.125,6.891,68.000
0.045,0.002,0.015,22.095,184781.344,3.257,68.000
0.001,0.011,0.011,22.096,158646.250,7.187,68.000
0.048,0.001,0.009,26.820,213775.531,3.595,68.000
0.055,0.001,0.014,23.241,180765.469,2.622,68.000
0.098,0.012,0.013,20.999,208386.969,6.476,68.000
0.052,0.007,0.010,18.987,273006.062,6.893,68.000
0.049,0.015,0.014,19.916,221709.938,6.685,68.000
0.060,0.000,0.010,21.390,2274.766,3.277,68.000
0.048,0.025,0.013,21.244,234106.719,9.325,68.000
0.056,0.001,0.020,23.797,97966.648,1.051,68.000
0.049,0.004,0.009,21.579,273779.875,5.661,68.000
0.045,0.001,0.020,20.952,158784.125,2.416,68.000
0.055,0.001,0.010,28.986,83810.758,2.410,68.000
0.055,0.000,0.010,30.941,-30407.047,2.226,68.000
0.043,0.000,0.016,23.493,-22940.461,-0.766,68.000
0.042,0.001,0.011,23.937,160848.531,2.084,68.000
0.041,0.000,0.010,23.877,-43692.836,-0.872,68.000
0.097,0.012,0.013,20.781,206592.500,6.488,68.000
0.043,0.001,0.004,18.532,157083.688,1.362,68.000
0.098,0.013,0.011,21.388,209521.062,7.661,68.000
0.052,0.009,0.011,19.319,222818.000,7.060,68.000
0.098,0.013,0.013,20.892,211663.781,6.724,68.000
0.050,0.026,0.010,19.676,231522.594,8.614,68.000
0.043,0.001,0.017,22.129,112887.805,1.591,68.000
0.051,0.025,0.014,23.742,229700.844,7.632,68.000
0.100,0.011,0.012,27.431,19042.492,9.181,68.000
0.047,0.000,0.015,28.688,-43195.973,-2.331,68.000
0.049,0.008,0.012,22.299,279942.188,8.729,68.000
0.044,0.000,0.021,20.462,-47709.586,0.145,68.000
0.050,0.003,0.009,22.895,276081.844,5.403,68.000
0.051,0.012,0.012,20.326,209495.312,7.637,68.000
0.044,0.000,0.006,25.111,-1495.258,0.900,68.000
0.052,0.013,0.012,21.167,206347.906,7.122,68.000
0.051,0.000,0.003,22.975,46062.570,0.968,68.000
0.050,0.025,0.011,21.455,222145.281,8.659,68.000
0.057,0.000,0.011,26.696,4484.914,2.438,68.000
0.048,0.009,0.011,21.270,261729.000,8.551,68.000
0.052,0.004,0.013,21.875,230412.969,5.312,68.000
0.048,0.008,0.010,20.587,265023.625,7.602,68.000
0.055,0.001,0.018,22.456,168208.344,1.068,68.000
0.098,0.012,0.012,21.231,210174.219,6.667,68.000
0.052,0.007,0.010,18.814,267557.406,6.932,68.000
0.050,0.005,0.014,22.175,221989.156,5.849,68.000
0.050,0.020,0.010,19.942,208297.844,9.052,68.000
0.050,0.002,0.013,23.296,237468.281,4.969,68.000
0.050,0.024,0.010,19.549,223385.688,9.190,68.000
0.052,0.007,0.014,20.423,233404.062,7.038,68.000
0.050,0.000,0.021,19.985,21629.062,-0.440,68.000
0.052,0.020,0.012,22.200,215947.281,6.861,68.000
0.052,0.007,0.012,21.032,243996.281,7.206,68.000
0.052,0.000,0.008,26.896,-12516.883,2.658,68.000
0.048,0.007,0.012,22.451,280764.125,8.526,68.000
0.049,0.001,0.017,24.605,200458.094,2.476,68.000
0.047,0.001,0.002,21.187,169574.375,1.747,68.000
0.050,0.010,0.015,18.274,225172.281,7.291,68.000
0.050,0.000,0.004,27.116,-23836.102,2.023,68.000
0.058,0.001,0.007,20.207,178600.188,2.659,68.000
0.050,0.020,0.011,20.691,221786.438,8.561,68.000
0.052,0.026,0.013,23.209,228803.250,6.753,68.000
0.050,0.005,0.014,22.265,234822.375,6.177,68.000
0.052,0.010,0.010,19.647,207210.938,6.893,68.000
0.052,0.001,0.007,26.107,142138.781,2.848,68.000
0.052,0.016,0.012,21.737,207909.219,6.707,68.000
0.099,0.012,0.012,21.352,212518.469,7.147,68.000
0.052,0.000,0.010,32.362,-38110.586,1.084,68.000
0.048,0.000,0.016,25.096,-2596.102,1.698,68.000
0.002,0.011,0.013,21.004,199468.156,7.706,68.000
0.050,0.000,0.023,22.153,-55333.609,-0.437,68.000
0.042,0.001,0.015,24.078,52334.133,0.744,68.000
0.044,0.001,0.014,22.066,167409.438,2.605,68.000
0.058,0.001,0.012,22.455,164852.688,2.492,68.000
0.045,0.002,0.008,22.667,219363.094,3.151,68.000
0.049,0.026,0.010,18.777,230529.844,9.284,68.000
0.041,0.000,0.009,21.822,-43289.812,-1.538,68.000
0.001,0.012,0.012,21.225,200895.531,7.845,68.000
0.051,0.019,0.014,22.103,239279.625,6.848,68.000
0.052,0.022,0.013,23.000,229962.094,6.645,68.000
0.050,0.000,0.020,23.568,2568.492,0.151,68.000
0.049,0.026,0.012,21.111,235216.438,9.298,68.000
0.051,0.003,0.012,22.723,246570.250,5.191,68.000
0.049,0.025,0.013,21.090,235161.375,9.129,68.000
0.100,0.012,0.011,27.265,-24493.836,8.745,68.000
0.049,0.005,0.010,21.004,269596.531,6.340,68.000
0.053,0.001,0.017,22.617,208322.281,2.523,68.000
0.049,0.009,0.010,20.485,258313.344,8.285,68.000
0.047,0.000,0.006,23.788,48448.758,1.035,68.000
0.056,0.001,0.020,25.283,70946.820,0.968,68.000
0.051,0.027,0.013,23.890,150350.781,5.693,68.000
0.058,0.001,0.006,23.458,66035.242,1.702,68.000
0.051,0.006,0.010,19.895,286378.344,6.747,68.000
0.049,0.023,0.012,21.893,233083.875,8.755,68.000
0.045,0.000,0.005,21.069,34219.180,1.964,68.000
0.043,0.001,0.012,22.678,208832.656,2.628,68.000
0.051,0.014,0.013,21.546,212547.969,6.818,68.000
0.002,0.010,0.012,21.089,176330.438,7.732,68.000
0.060,0.001,0.009,21.233,147394.750,2.472,68.000
0.052,0.001,0.009,24.358,244700.125,4.575,68.000
0.002,0.012,0.011,21.526,191427.062,7.656,68.000
0.043,0.002,0.009,21.828,176820.031,2.003,68.000
0.050,0.015,0.014,20.341,224500.312,6.514,68.000
0.051,0.016,0.011,20.213,211809.031,7.887,68.000
0.049,0.012,0.011,20.526,232953.375,8.148,68.000
0.049,0.027,0.013,15.239,208084.781,6.709,68.000
0.058,0.001,0.020,21.199,154932.562,1.324,68.000
0.043,0.000,0.009,25.444,-66990.656,1.018,68.000
0.051,0.027,0.011,21.345,227885.625,7.400,68.000
0.058,0.001,0.017,21.750,143941.719,0.140,68.000
0.044,0.000,0.018,22.238,19950.523,0.158,68.000
0.051,0.001,0.006,21.067,218592.938,2.548,68.000
0.052,0.025,0.012,22.776,225535.969,6.983,68.000
0.049,0.001,0.015,27.286,164934.812,2.280,68.000
0.059,0.001,0.008,20.851,151275.656,2.540,68.000
0.049,0.013,0.014,19.712,222427.438,7.386,68.000
0.050,0.000,0.014,35.318,-32250.234,1.593,68.000
0.051,0.026,0.013,23.562,230265.844,7.152,68.000
0.056,0.002,0.008,21.517,194675.562,2.863,68.000
0.050,0.021,0.013,21.998,246435.875,8.072,68.000
0.001,0.010,0.012,21.438,185874.406,7.817,68.000
0.049,0.001,0.015,23.957,200097.219,3.492,68.000
0.048,0.000,0.009,31.275,-55301.520,1.191,68.000
0.044,0.001,0.005,20.461,137411.656,1.792,68.000
0.050,0.015,0.011,19.955,223796.281,8.180,68.000
0.056,0.001,0.013,24.569,170044.031,3.080,68.000
0.052,0.002,0.009,23.216,260912.688,4.895,68.000
0.046,0.001,0.022,21.234,160541.969,2.431,68.000
0.056,0.001,0.015,21.970,202785.406,1.519,68.000
0.050,0.016,0.012,20.230,230787.031,8.447,68.000
0.043,0.000,0.014,26.483,15531.547,0.602,68.000
0.049,0.016,0.013,20.380,226921.438,7.090,68.000
0.051,0.027,0.013,19.974,96410.648,1.337,68.000
0.054,0.000,0.020,22.297,17457.477,1.366,68.000
0.052,0.018,0.011,20.711,208295.844,7.778,68.000
0.051,0.001,0.006,21.321,213482.281,2.456,68.000
0.099,0.011,0.011,22.232,208349.406,7.426,68.000
0.051,0.026,0.014,24.238,229690.844,7.850,68.000
0.056,0.001,0.020,21.843,161529.500,2.331,68.000
0.042,0.000,0.014,25.364,58225.414,0.638,68.000
0.050,0.013,0.010,20.290,211164.094,7.321,68.000
0.052,0.015,0.011,20.432,203569.625,7.238,68.000
0.050,0.007,0.012,22.687,280603.281,8.410,68.000
0.051,0.005,0.012,21.640,255969.406,6.231,68.000
0.060,0.001,0.012,22.847,99064.742,0.604,68.000
0.050,0.015,0.013,20.694,217969.344,6.643,68.000
0.051,0.000,0.022,20.988,81757.617,1.239,68.000
0.049,0.012,0.010,20.806,234134.938,8.030,68.000
0.050,0.013,0.010,20.352,212288.312,7.288,68.000
0.055,0.001,0.016,23.291,186263.562,1.579,68.000
0.050,0.001,0.008,29.611,112039.086,2.679,68.000
0.054,0.000,0.010,32.516,-89431.727,-0.543,68.000
0.050,0.025,0.011,20.492,224096.438,8.954,68.000
0.052,0.002,0.012,24.126,246878.781,4.892,68.000
0.048,0.006,0.013,22.443,265961.156,7.862,68.000
0.050,0.008,0.009,19.178,259076.469,7.181,68.000
0.051,0.025,0.011,21.118,226030.719,8.249,68.000
0.046,0.001,0.011,22.028,258307.000,3.724,68.000
0.049,0.007,0.013,22.376,260174.875,7.976,68.000
0.054,0.000,0.002,21.788,47764.648,1.447,68.000
0.050,0.023,0.011,20.668,217286.969,8.936,68.000
0.051,0.007,0.013,21.052,234808.156,7.038,68.000
0.054,0.001,0.006,23.434,123263.773,1.547,68.000
0.048,0.001,0.005,22.999,140181.469,1.777,68.000
0.051,0.001,0.013,30.349,96195.383,1.870,68.000
0.050,0.026,0.010,19.245,226215.594,8.818,68.000
0.057,0.001,0.020,22.391,133175.156,1.600,68.000
0.053,0.000,0.011,35.343,-54676.078,-1.272,68.000
0.050,0.024,0.011,21.352,220915.781,8.927,68.000
0.059,0.000,0.016,20.563,27325.180,2.739,68.000
0.050,0.017,0.014,21.314,233121.125,6.808,68.000
0.043,0.001,0.018,21.242,120610.383,1.385,68.000
0.051,0.008,0.013,21.522,254426.312,8.219,68.000
0.042,0.000,0.010,25.234,-43174.227,1.257,68.000
0.003,0.013,0.012,21.071,203782.406,7.254,68.000
0.048,0.002,0.012,22.379,268281.625,5.105,68.000
0.049,0.018,0.011,19.682,224515.469,9.276,68.000
0.050,0.001,0.021,21.368,182399.938,3.114,68.000
0.059,0.000,0.012,24.516,15992.930,1.966,68.000
0.051,0.001,0.019,23.025,192369.938,2.808,68.000
0.050,0.000,0.009,32.098,-10096.734,0.308,68.000
0.045,0.000,0.004,20.696,62519.055,0.259,68.000
0.044,0.001,0.006,20.820,135558.094,1.757,68.000
0.040,0.001,0.017,17.875,88853.336,1.372,68.000
0.043,0.000,0.008,22.151,14874.820,-0.644,68.000
0.051,0.007,0.014,20.702,247483.656,7.732,68.000
0.045,0.000,0.018,24.213,5235.875,-0.290,68.000
0.051,0.007,0.013,22.153,254311.625,7.640,68.000
0.053,0.001,0.013,30.909,103705.633,1.960,68.000
0.049,0.026,0.013,21.235,236989.031,9.075,68.000
0.050,0.005,0.013,22.485,238013.344,6.103,68.000
0.042,0.001,0.019,20.782,124376.383,1.412,68.000
0.048,0.026,0.013,21.251,236270.469,9.177,68.000
0.055,0.000,0.009,32.543,-72192.102,-0.388,68.000
0.048,0.001,0.018,26.975,48428.102,0.274,68.000
0.052,0.018,0.012,21.560,208165.156,6.920,68.000
0.049,0.001,0.017,22.759,197777.531,2.760,68.000
0.052,0.019,0.014,22.553,237378.375,6.628,68.000
0.049,0.023,0.011,20.611,223102.656,9.475,68.000
0.051,0.002,0.010,22.780,267263.594,4.707,68.000
0.002,0.010,0.011,21.282,173284.906,7.826,68.000
0.045,0.001,0.018,22.743,171806.875,2.341,68.000
0.050,0.010,0.014,19.493,233767.812,7.800,68.000
0.040,0.001,0.011,21.130,90019.305,0.907,68.000
0.051,0.002,0.011,22.660,269441.031,5.353,68.000
0.046,0.001,0.009,23.992,235371.312,3.247,68.000
0.050,0.013,0.014,19.404,222020.875,7.263,68.000
0.060,0.000,0.009,20.870,5902.094,1.830,68.000
0.057,0.000,0.008,23.902,31891.805,3.049,68.000
0.043,0.002,0.010,21.429,198250.906,2.486,68.000
0.050,0.001,0.017,24.343,203744.062,2.555,68.000
0.050,0.022,0.014,22.870,242167.000,7.132,68.000
0.049,0.015,0.012,20.664,234230.406,8.091,68.000
0.052,0.000,0.016,27.655,952.062,-0.431,68.000
0.049,0.003,0.014,23.087,225496.656,5.479,68.000
0.050,0.008,0.014,20.969,250398.688,8.290,68.000
0.051,0.011,0.011,20.264,209563.219,7.546,68.000
0.058,0.000,0.008,24.041,-19323.555,3.709,68.000
0.049,0.000,0.019,22.476,79330.430,1.895,68.000
0.052,0.000,0.022,20.498,-1764.820,-1.913,68.000
0.049,0.001,0.012,25.389,256743.375,4.487,68.000
0.050,0.007,0.013,22.938,274432.094,8.181,68.000
0.045,0.001,0.013,29.202,132759.875,2.069,68.000
0.049,0.002,0.010,22.499,273020.094,5.293,68.000
0.051,0.007,0.013,22.376,258064.156,7.840,68.000
0.051,0.007,0.010,19.529,286663.750,7.326,68.000
0.049,0.013,0.010,20.613,227050.219,7.813,68.000
0.045,0.000,0.004,20.722,47651.383,0.198,68.000
0.051,0.014,0.013,21.695,214105.500,6.592,68.000
0.049,0.001,0.007,24.506,220986.500,3.816,68.000
0.053,0.000,0.016,27.473,15547.062,-2.109,68.000
0.059,0.001,0.015,19.887,173833.938,0.639,68.000
0.049,0.006,0.010,20.544,282774.281,7.220,68.000
0.051,0.000,0.004,29.091,-54107.945,1.091,68.000
0.059,0.001,0.008,21.454,144380.562,2.622,68.000
0.048,0.005,0.010,21.884,270344.781,6.308,68.000
0.050,0.002,0.015,24.195,201954.656,3.191,68.000
0.051,0.020,0.014,22.746,247803.344,7.075,68.000
0.049,0.002,0.012,23.534,262100.656,5.548,68.000
0.049,0.013,0.012,20.136,253452.594,8.978,68.000
0.052,0.006,0.011,19.408,280850.406,6.693,68.000
0.056,0.001,0.013,23.374,166022.594,2.818,68.000
0.049,0.005,0.012,22.479,294640.656,7.190,68.000
0.051,0.013,0.010,19.924,196377.969,6.834,68.000
0.055,0.000,0.014,25.841,85648.289,1.800,68.000
0.051,0.024,0.014,23.852,227947.031,7.167,68.000
0.051,0.001,0.002,20.219,215464.250,2.292,68.000
0.044,0.000,0.017,24.808,-18467.211,-0.289,68.000
0.050,0.000,0.002,24.913,-22605.055,0.214,68.000
0.053,0.000,0.013,33.691,-57405.414,-1.784,68.000
0.050,0.007,0.009,19.290,268141.312,6.784,68.000
0.052,0.011,0.010,19.990,207363.906,7.113,68.000
0.050,0.024,0.014,23.270,234599.031,8.098,68.000
0.049,0.003,0.010,22.365,270687.625,5.420,68.000
0.040,0.001,0.010,25.263,-9494.914,-0.446,68.000
0.049,0.001,0.021,21.275,172950.562,3.027,68.000
0.054,0.000,0.017,23.135,7033.594,1.783,68.000
0.043,0.001,0.015,20.705,173306.156,3.033,68.000
0.049,0.003,0.012,22.350,283261.875,6.201,68.000
0.048,0.013,0.012,19.607,260678.438,9.370,68.000
0.052,0.003,0.012,22.366,238371.250,5.037,68.000
0.045,0.001,0.013,23.449,216422.375,3.795,68.000
0.052,0.001,0.014,26.781,190730.375,2.980,68.000
0.050,0.015,0.013,20.751,217640.500,6.718,68.000
0.052,0.001,0.019,22.719,192281.406,2.824,68.000
0.044,0.002,0.013,21.857,219230.500,3.956,68.000
0.098,0.013,0.012,21.539,213146.781,7.593,68.000
0.052,0.024,0.013,23.973,224869.469,6.573,68.000
0.048,0.004,0.013,23.019,257048.969,6.654,68.000
0.052,0.023,0.013,22.817,225493.344,6.977,68.000
0.049,0.001,0.020,21.876,121239.227,2.038,68.000
0.050,0.002,0.013,23.870,251524.938,5.324,68.000
0.050,0.025,0.013,22.505,230167.281,8.212,68.000
0.047,0.000,0.017,24.868,30628.555,-0.120,68.000
0.049,0.010,0.012,20.266,264210.844,9.293,68.000
0.053,0.001,0.018,24.673,144571.312,1.425,68.000
0.047,0.001,0.012,22.712,261156.750,4.716,68.000
0.048,0.005,0.012,22.699,292033.688,7.389,68.000
0.049,0.007,0.011,21.463,298620.469,8.350,68.000
0.049,0.023,0.012,20.919,228241.188,9.486,68.000
0.058,0.001,0.006,21.533,92873.836,1.510,68.000
0.059,0.001,0.012,21.694,137679.000,1.271,68.000
0.050,0.012,0.011,20.179,218850.812,7.755,68.000
0.046,0.000,0.012,33.303,-25570.539,-2.612,68.000
0.051,0.005,0.011,20.539,289417.656,6.673,68.000
0.051,0.018,0.010,20.154,208874.906,8.127,68.000
0.052,0.001,0.003,20.663,200833.875,2.347,68.000
0.049,0.006,0.009,20.446,273378.875,6.726,68.000
0.056,0.000,0.019,23.267,60136.758,1.822,68.000
0.098,0.011,0.011,22.241,206139.938,7.199,68.000
0.059,0.000,0.008,23.405,-46881.461,1.084,68.000
0.048,0.009,0.013,20.526,259900.969,8.803,68.000
0.052,0.001,0.014,26.724,194223.062,3.160,68.000
0.047,0.001,0.012,29.317,151492.719,2.566,68.000
0.050,0.027,0.011,21.218,228722.281,7.351,68.000
0.053,0.001,0.018,21.893,198013.031,2.611,68.000
0.043,0.000,0.015,25.462,29223.477,0.743,68.000
0.042,0.001,0.013,20.816,166261.312,2.957,68.000
0.051,0.010,0.013,20.739,223137.250,8.019,68.000
0.054,0.000,0.013,33.741,-62208.258,-2.443,68.000
0.045,0.000,0.021,18.822,6214.273,1.140,68.000
0.050,0.007,0.013,21.972,258739.062,8.077,68.000
0.050,0.001,0.019,22.406,188059.406,2.964,68.000
0.046,0.001,0.011,22.350,259243.438,3.512,68.000
0.048,0.026,0.011,19.369,236015.938,10.239,68.000
0.056,0.001,0.010,28.900,47720.930,1.947,68.000
0.053,0.001,0.006,26.941,31086.227,0.072,68.000
0.052,0.000,0.014,31.485,16745.133,0.859,68.000
0.049,0.021,0.011,20.731,229253.688,9.257,68.000
0.056,0.001,0.005,18.862,224675.250,2.653,68.000
0.049,0.026,0.012,20.744,236817.406,9.555,68.000
0.048,0.007,0.010,21.001,274885.156,7.413,68.000
0.002,0.012,0.013,20.919,205672.250,7.665,68.000
0.048,0.002,0.011,22.474,264092.750,4.925,68.000
0.041,0.000,0.009,21.930,-12140.914,-1.239,68.000
0.052,0.000,0.012,27.116,110469.555,2.854,68.000
0.044,0.000,0.008,27.543,-57339.113,-1.072,68.000
0.056,0.000,0.019,21.148,-23247.414,-1.028,68.000
0.054,0.000,0.020,20.449,-27880.430,-3.407,68.000
0.055,0.000,0.021,20.650,73636.367,1.982,68.000
0.049,0.004,0.014,22.853,227243.469,6.005,68.000
0.045,0.001,0.014,25.169,188270.969,2.865,68.000
0.049,0.010,0.011,20.979,251012.406,8.973,68.000
0.051,0.017,0.012,20.997,212513.438,7.478,68.000
0.059,0.000,0.008,19.065,53058.664,3.590,68.000
0.098,0.011,0.012,20.980,204956.250,6.413,68.000
0.056,0.000,0.020,24.006,35872.805,-4.149,68.000
0.049,0.021,0.011,20.564,226816.438,9.192,68.000
0.056,0.001,0.017,21.588,170453.094,1.282,68.000
0.050,0.025,0.010,19.625,223879.062,9.131,68.000
0.041,0.001,0.018,19.490,82389.383,0.911,68.000
0.051,0.008,0.013,21.149,243042.875,7.801,68.000
0.056,0.000,0.005,21.785,141536.906,1.889,68.000
0.049,0.000,0.017,25.217,64443.898,-0.028,68.000
0.040,0.001,0.015,16.564,124983.336,2.563,68.000
0.048,0.014,0.011,19.649,245294.031,9.039,68.000
0.040,0.001,0.013,19.404,116159.242,2.204,68.000
0.050,0.000,0.017,25.690,-39987.770,-3.080,68.000
0.051,0.022,0.010,21.305,217248.438,8.429,68.000
0.098,0.012,0.011,21.884,206425.688,7.295,68.000
0.049,0.007,0.011,20.913,291657.250,8.133,68.000
0.050,0.014,0.010,20.346,223835.875,7.857,68.000
0.049,0.006,0.014,21.313,234951.281,7.070,68.000
0.058,0.000,0.006,24.182,-24443.250,0.776,68.000
0.049,0.020,0.011,20.074,226137.781,9.115,68.000
0.045,0.001,0.009,23.143,223802.625,3.116,68.000
0.051,0.014,0.013,22.087,211458.562,6.621,68.000
0.098,0.013,0.010,22.497,214576.250,8.167,68.000
0.043,0.001,0.009,23.830,141838.375,1.478,68.000
0.044,0.000,0.011,23.961,88493.492,-0.272,68.000
0.049,0.020,0.012,20.240,234650.719,8.788,68.000
0.050,0.015,0.014,20.311,226104.562,6.477,68.000
0.051,0.003,0.012,22.717,254525.625,5.365,68.000
0.055,0.001,0.020,24.316,76640.383,1.031,68.000
0.052,0.000,0.011,30.080,19962.789,1.774,68.000
0.049,0.000,0.004,26.271,-20996.062,0.388,68.000
0.047,0.000,0.004,18.033,105817.461,1.678,68.000
0.045,0.001,0.009,25.205,207934.594,2.950,68.000
0.047,0.000,0.018,23.534,-42077.883,0.343,68.000
0.058,0.001,0.010,21.258,189097.562,3.323,68.000
0.049,0.027,0.012,21.355,146785.156,-0.079,68.000
0.052,0.025,0.013,24.196,225986.719,6.610,68.000
0.052,0.004,0.011,21.299,276872.344,5.843,68.000
0.054,0.001,0.006,22.633,180915.875,2.807,68.000
0.049,0.005,0.012,22.336,292373.250,7.288,68.000
0.049,0.013,0.013,20.559,240285.594,8.399,68.000
0.051,0.024,0.011,22.212,219049.094,7.576,68.000
0.048,0.012,0.014,20.035,237196.750,8.151,68.000
0.000,0.011,0.012,22.526,130091.117,6.813,68.000
0.044,0.002,0.015,20.221,183632.062,3.118,68.000
0.050,0.014,0.011,20.087,227993.281,8.074,68.000
0.047,0.000,0.010,29.824,17137.695,-0.822,68.000
0.059,0.001,0.011,22.322,159314.094,2.678,68.000
0.098,0.012,0.013,20.743,210236.938,6.174,68.000
0.049,0.006,0.010,20.227,275156.656,6.784,68.000
0.045,0.000,0.007,22.160,4906.367,2.888,68.000
0.056,0.001,0.011,24.386,201411.656,3.955,68.000
0.041,0.001,0.008,24.799,-76584.891,-0.267,68.000
0.050,0.025,0.014,23.631,233819.594,8.246,68.000
0.050,0.010,0.010,19.895,241813.344,7.534,68.000
0.050,0.006,0.014,21.681,246758.219,7.172,68.000
0.055,0.001,0.021,21.138,170793.344,2.890,68.000
0.056,0.001,0.011,23.832,203624.594,3.858,68.000
0.049,0.016,0.012,19.201,234198.188,8.396,68.000
0.043,0.000,0.015,23.462,8461.266,0.019,68.000
0.051,0.013,0.011,19.801,206190.844,7.110,68.000
0.048,0.019,0.012,19.498,240210.438,9.381,68.000
0.051,0.018,0.011,20.905,212235.750,7.915,68.000
0.045,0.001,0.005,23.826,79338.867,1.621,68.000
0.040,0.000,0.012,21.300,-10063.000,-1.850,68.000
0.052,0.010,0.013,20.011,221306.219,7.587,68.000
0.054,0.001,0.005,22.999,109434.148,1.206,68.000
0.040,0.001,0.009,23.355,18565.812,0.088,68.000
0.050,0.000,0.019,22.909,72408.367,1.487,68.000
0.055,0.000,0.021,22.744,-704.172,0.944,68.000
0.048,0.002,0.017,23.252,194864.406,2.744,68.000
0.059,0.001,0.011,24.847,79251.680,1.558,68.000
0.002,0.011,0.011,21.397,176371.281,7.629,68.000
0.056,0.001,0.007,21.969,198795.938,2.966,68.000
0.098,0.013,0.013,21.019,221706.062,6.883,68.000
0.052,0.023,0.010,21.513,217916.938,7.747,68.000
0.049,0.014,0.014,19.525,222458.656,7.084,68.000
0.048,0.026,0.011,19.171,238046.125,10.193,68.000
0.041,0.001,0.014,18.243,137661.469,2.742,68.000
0.049,0.009,0.013,20.997,248971.500,8.475,68.000
0.048,0.011,0.010,20.821,235349.594,8.038,68.000
0.045,0.001,0.007,26.477,21298.914,1.689,68.000
0.052,0.018,0.012,21.684,209828.500,6.714,68.000
0.051,0.027,0.013,24.090,204297.094,6.520,68.000
0.048,0.000,0.007,26.857,72868.555,1.867,68.000
0.055,0.002,0.008,22.698,220237.188,4.036,68.000
0.052,0.012,0.013,20.912,213255.562,7.016,68.000
0.048,0.001,0.021,21.433,178184.188,2.906,68.000
0.051,0.015,0.014,20.561,224230.719,6.320,68.000
0.049,0.000,0.006,24.800,39422.680,1.074,68.000
0.059,0.000,0.011,23.804,13985.164,2.342,68.000
0.052,0.001,0.015,23.659,208337.812,2.617,68.000
0.051,0.006,0.013,21.294,230062.781,6.421,68.000
0.039,0.001,0.009,21.604,78667.836,0.484,68.000
0.055,0.000,0.004,23.727,11021.141,3.274,68.000
0.057,0.001,0.018,20.340,183733.375,1.369,68.000
0.049,0.025,0.014,22.847,231938.500,8.401,68.000
0.049,0.001,0.012,26.462,258394.438,4.334,68.000
0.048,0.008,0.011,21.779,273990.094,8.541,68.000
0.049,0.027,0.011,21.273,216611.375,6.158,68.000
0.039,0.001,0.012,21.429,81553.195,0.973,68.000
0.048,0.001,0.006,22.998,197752.438,2.826,68.000
0.052,0.007,0.012,20.640,253192.812,7.214,68.000
0.050,0.001,0.009,23.388,258464.750,4.487,68.000
0.049,0.014,0.014,19.783,221037.250,6.905,68.000
0.050,0.001,0.004,23.318,128562.258,1.667,68.000
0.049,0.003,0.013,23.717,236546.281,5.409,68.000
0.048,0.007,0.010,20.934,273068.594,7.346,68.000
0.057,0.001,0.015,24.383,48219.258,-0.470,68.000
0.050,0.010,0.011,20.742,244467.031,8.782,68.000
0.057,0.000,0.012,26.750,25611.805,1.748,68.000
0.048,0.006,0.013,22.685,261607.375,7.434,68.000
0.049,0.026,0.013,21.325,232257.906,8.952,68.000
0.056,0.001,0.021,23.576,92817.711,1.385,68.000
0.059,0.001,0.009,23.070,114860.648,2.817,68.000
0.061,0.001,0.011,21.359,149220.469,2.051,68.000
0.050,0.019,0.011,20.415,218205.375,8.591,68.000
0.048,0.027,0.012,19.838,212123.094,7.875,68.000
0.050,0.003,0.014,23.406,226364.000,5.172,68.000
0.052,0.027,0.012,17.032,217466.000,7.485,68.000
0.052,0.000,0.007,27.577,-5162.430,1.114,68.000
0.048,0.000,0.004,27.273,-16631.125,0.490,68.000
0.045,0.002,0.016,21.966,174215.531,2.880,68.000
0.054,0.000,0.017,24.755,-18572.039,-0.183,68.000
0.049,0.006,0.010,20.293,278076.312,7.098,68.000
0.043,0.001,0.017,22.407,96589.633,0.995,68.000
0.051,0.020,0.010,20.833,212611.094,8.377,68.000
0.045,0.002,0.017,22.087,161726.375,2.367,68.000
0.051,0.013,0.012,21.473,219364.469,7.558,68.000
0.051,0.001,0.016,26.559,114374.492,0.721,68.000
0.052,0.008,0.012,20.903,226280.000,7.139,68.000
0.002,0.012,0.011,21.450,194062.250,7.574,68.000
0.046,0.001,0.014,22.750,221918.938,4.191,68.000
0.049,0.009,0.012,21.979,270244.188,8.897,68.000
0.055,0.001,0.015,21.646,193960.781,1.700,68.000
0.052,0.014,0.011,20.317,198971.938,6.891,68.000
0.049,0.015,0.012,20.436,236325.406,8.360,68.000
0.044,0.000,0.014,28.326,-53336.887,-2.703,68.000
0.044,0.000,0.019,24.360,-4513.031,-0.483,68.000
0.051,0.023,0.014,23.242,235789.719,7.383,68.000
0.050,0.023,0.012,21.995,229545.062,8.459,68.000
0.055,0.001,0.004,21.415,174317.469,2.917,68.000
0.049,0.014,0.014,19.011,223150.875,6.993,68.000
0.051,0.024,0.011,22.362,222086.000,7.624,68.000
0.051,0.000,0.018,23.964,21293.023,-1.157,68.000
0.051,0.020,0.012,21.595,217532.375,7.644,68.000
0.043,0.001,0.010,21.591,197838.031,2.498,68.000
0.049,0.021,0.014,22.109,255379.938,8.015,68.000
0.049,0.000,0.005,23.190,77235.039,1.382,68.000
0.050,0.016,0.014,21.206,226022.156,6.463,68.000
0.045,0.002,0.015,21.128,180341.281,3.124,68.000
0.098,0.011,0.011,21.404,204573.344,6.554,68.000
0.051,0.002,0.014,23.783,211372.531,4.301,68.000
0.051,0.010,0.011,19.838,222137.656,7.698,68.000
0.052,0.021,0.010,20.977,213038.531,8.245,68.000
0.060,0.001,0.008,21.927,108562.148,2.174,68.000
0.050,0.022,0.013,22.862,238906.656,7.551,68.000
0.050,0.018,0.011,20.305,218223.594,8.407,68.000
0.048,0.021,0.014,21.940,256052.156,8.178,68.000
0.057,0.001,0.007,25.036,41693.570,1.387,68.000
0.047,0.001,0.005,22.248,113263.398,1.461,68.000
0.047,0.001,0.005,22.544,163373.719,2.065,68.000
0.049,0.001,0.015,27.482,143596.156,1.696,68.000
0.041,0.001,0.018,20.211,80609.148,0.661,68.000
0.045,0.000,0.015,29.952,-20823.820,-3.817,68.000
0.098,0.012,0.010,22.441,212851.062,8.006,68.000
0.048,0.002,0.007,22.789,234081.750,3.674,68.000
0.044,0.001,0.012,24.624,164665.406,1.718,68.000
0.051,0.026,0.014,24.344,231436.031,7.665,68.000
0.050,0.020,0.013,21.866,245757.844,7.741,68.000
0.050,0.020,0.012,20.376,227828.688,8.856,68.000
0.048,0.003,0.013,23.598,243057.750,5.507,68.000
0.052,0.026,0.012,22.857,227510.719,7.037,68.000
0.055,0.001,0.018,23.005,143483.062,0.761,68.000
0.052,0.025,0.012,22.617,221173.500,6.609,68.000
0.052,0.001,0.017,27.855,88050.664,0.010,68.000
0.050,0.008,0.012,22.285,265339.375,8.603,68.000
0.052,0.002,0.015,23.536,204838.562,2.736,68.000
0.048,0.009,0.012,21.293,260006.906,8.882,68.000
0.054,0.002,0.013,23.523,198221.656,3.819,68.000
0.049,0.001,0.008,27.090,163533.188,3.045,68.000
0.042,0.000,0.010,24.250,-10740.000,-1.281,68.000
0.050,0.017,0.014,21.404,231062.312,6.610,68.000
0.051,0.010,0.012,20.413,228001.000,8.019,68.000
0.050,0.001,0.007,26.731,149563.875,2.952,68.000
0.056,0.001,0.007,22.004,199627.906,2.940,68.000
0.098,0.010,0.012,21.257,205879.125,6.219,68.000
0.052,0.008,0.011,19.832,250717.531,7.645,68.000
0.045,0.002,0.010,22.450,235699.281,3.298,68.000
0.051,0.003,0.013,22.354,233716.656,5.095,68.000
0.050,0.026,0.010,20.355,229301.156,8.573,68.000
0.051,0.000,0.020,21.450,6151.922,0.898,68.000
0.045,0.001,0.011,26.970,144443.000,1.958,68.000
0.057,0.000,0.006,22.816,18831.820,1.404,68.000
0.056,0.001,0.010,26.811,106065.336,2.906,68.000
0.051,0.000,0.014,33.157,-8295.703,1.241,68.000
0.049,0.001,0.020,21.260,149548.719,2.545,68.000
0.052,0.001,0.012,32.630,128765.055,2.861,68.000
0.043,0.001,0.006,19.204,130658.477,1.691,68.000
0.051,0.001,0.005,23.446,111969.070,1.397,68.000
0.050,0.016,0.010,19.473,217975.969,8.789,68.000
0.048,0.007,0.014,21.131,236527.906,7.301,68.000
0.057,0.001,0.004,18.219,233007.250,2.658,68.000
0.051,0.001,0.023,21.574,149654.125,2.424,68.000
0.057,0.000,0.012,29.116,-68215.734,0.413,68.000
0.051,0.000,0.022,20.147,58241.117,2.093,68.000
0.057,0.001,0.009,23.051,171432.375,3.541,68.000
0.040,0.001,0.014,17.641,127830.836,2.672,68.000
0.056,0.001,0.006,21.912,175375.656,2.858,68.000
0.041,0.001,0.008,24.496,5132.922,0.381,68.000
0.052,0.008,0.012,20.587,239085.031,7.536,68.000
0.056,0.001,0.011,22.953,218548.969,4.088,68.000
0.053,0.001,0.008,26.936,141246.438,3.127,68.000
0.050,0.016,0.014,20.945,223678.781,6.410,68.000
0.048,0.009,0.011,21.251,258823.969,8.490,68.000
0.051,0.026,0.010,20.459,230266.156,8.487,68.000
0.049,0.000,0.010,31.028,-26070.195,1.838,68.000
0.052,0.008,0.014,19.366,235413.094,6.990,68.000
0.051,0.025,0.014,23.967,232032.469,7.907,68.000
0.050,0.003,0.010,21.561,276916.906,5.568,68.000
0.056,0.001,0.014,26.362,46954.383,-0.265,68.000
0.053,0.001,0.011,23.441,257354.000,4.753,68.000
0.050,0.015,0.011,20.500,232635.719,8.357,68.000
0.053,0.001,0.008,22.885,230807.094,4.269,68.000
0.050,0.026,0.013,22.042,232913.219,8.398,68.000
0.044,0.001,0.018,22.872,154997.312,2.032,68.000
0.098,0.010,0.011,21.822,206185.750,6.546,68.000
0.001,0.012,0.013,21.080,212099.750,7.894,68.000
0.050,0.010,0.015,17.982,220629.781,7.144,68.000
0.048,0.027,0.010,13.914,252916.625,7.794,68.000
0.050,0.016,0.014,21.224,229430.000,6.528,68.000
0.045,0.000,0.013,26.766,-39457.551,-1.019,68.000
0.052,0.019,0.013,22.471,223232.906,6.778,68.000
0.043,0.000,0.009,24.266,16459.180,-1.473,68.000
0.048,0.001,0.006,24.583,121123.367,1.995,68.000
0.055,0.000,0.013,32.136,-37008.781,-0.789,68.000
0.051,0.015,0.014,20.588,221519.844,6.357,68.000
0.052,0.006,0.011,19.879,274654.500,6.729,68.000
0.051,0.013,0.012,21.602,214390.969,7.311,68.000
0.048,0.000,0.005,23.578,55401.305,1.106,68.000
0.051,0.001,0.005,21.416,206566.125,2.390,68.000
0.043,0.001,0.012,25.555,142912.156,1.403,68.000
0.049,0.027,0.012,16.575,129479.180,4.022,68.000
0.052,0.015,0.014,20.766,215097.312,6.032,68.000
0.059,0.001,0.014,21.231,150513.062,0.309,68.000
0.048,0.008,0.013,21.702,277293.094,8.615,68.000
0.054,0.001,0.004,18.749,227351.531,2.556,68.000
0.053,0.001,0.017,22.709,214909.312,2.707,68.000
0.003,0.012,0.012,20.923,193492.656,7.465,68.000
0.050,0.020,0.011,20.589,219771.312,8.904,68.000
0.054,0.001,0.012,28.846,183282.469,3.782,68.000
0.044,0.001,0.012,20.989,232423.594,3.016,68.000
0.050,0.023,0.011,21.095,215560.719,8.709,68.000
0.049,0.001,0.016,24.818,202290.844,2.657,68.000
0.098,0.012,0.013,21.316,212842.844,6.909,68.000
0.060,0.001,0.014,20.541,137027.156,-0.478,68.000
0.051,0.001,0.019,21.982,185633.188,2.889,68.000
0.047,0.000,0.019,21.728,86848.414,0.672,68.000
0.045,0.000,0.013,27.981,43723.883,0.108,68.000
0.048,0.010,0.010,21.003,241164.875,7.952,68.000
0.049,0.021,0.011,20.342,219358.688,9.290,68.000
0.056,0.000,0.017,24.656,39219.180,0.468,68.000
0.050,0.006,0.010,19.575,280508.812,7.004,68.000
0.048,0.001,0.002,20.019,177476.625,1.694,68.000
0.054,0.001,0.021,23.556,76387.180,1.342,68.000
0.052,0.001,0.009,28.267,166261.562,3.514,68.000
0.048,0.023,0.010,19.883,219079.438,9.875,68.000
0.051,0.010,0.009,19.843,243142.219,7.350,68.000
0.051,0.001,0.017,23.027,206424.562,3.102,68.000
0.098,0.012,0.013,21.225,210996.938,6.377,68.000
0.050,0.011,0.012,20.171,244478.062,8.798,68.000
0.045,0.001,0.007,25.886,22236.273,1.494,68.000
0.050,0.002,0.011,22.384,277358.531,5.485,68.000
0.049,0.015,0.011,19.922,242254.469,8.856,68.000
0.043,0.000,0.010,25.581,-21027.773,2.111,68.000
0.048,0.001,0.012,27.499,191620.750,3.259,68.000
0.053,0.001,0.011,26.297,237389.906,4.613,68.000
0.059,0.001,0.011,23.117,123336.805,2.210,68.000
0.046,0.000,0.017,25.222,-17509.570,-1.791,68.000
0.055,0.000,0.018,22.948,84788.945,1.133,68.000
0.048,0.009,0.012,20.651,270174.375,9.169,68.000
0.048,0.023,0.013,21.505,238421.938,9.428,68.000
0.050,0.013,0.010,20.604,215204.500,7.427,68.000
0.050,0.022,0.013,22.983,236730.125,7.327,68.000
0.048,0.012,0.013,19.897,254913.375,9.218,68.000
0.049,0.014,0.011,19.927,238641.344,8.695,68.000
0.057,0.001,0.005,21.956,131381.656,2.003,68.000
0.041,0.001,0.010,21.721,131361.219,1.456,68.000
0.050,0.013,0.012,20.409,241549.531,8.553,68.000
0.054,0.001,0.007,22.518,210378.781,3.616,68.000
0.046,0.001,0.014,24.383,195853.969,3.038,68.000
0.049,0.021,0.013,22.432,251976.344,8.082,68.000
0.052,0.012,0.011,19.737,193360.844,6.687,68.000
0.048,0.011,0.014,20.093,238479.062,8.278,68.000
0.050,0.021,0.010,20.578,216133.125,9.274,68.000
0.051,0.006,0.010,19.243,282216.062,7.031,68.000
0.052,0.026,0.011,21.208,226564.531,7.531,68.000
0.050,0.001,0.018,24.126,128996.555,1.483,68.000
0.050,0.004,0.010,20.938,272849.562,5.692,68.000
0.052,0.011,0.012,20.235,198376.656,7.101,68.000
0.052,0.009,0.012,20.840,236797.812,7.823,68.000
0.048,0.020,0.013,21.376,257951.906,8.419,68.000
0.047,0.001,0.014,22.938,223568.562,4.150,68.000
0.048,0.010,0.013,20.221,251030.031,8.998,68.000
0.057,0.000,0.011,25.401,96593.727,3.087,68.000
0.050,0.020,0.011,20.741,219399.031,9.097,68.000
0.100,0.012,0.013,27.030,41146.617,7.009,68.000
0.049,0.019,0.011,20.076,220485.688,9.481,68.000
0.055,0.001,0.017,25.657,103539.523,0.137,68.000
0.052,0.009,0.011,19.878,225173.844,7.556,68.000
0.052,0.009,0.013,20.577,224240.406,7.491,68.000
0.044,0.001,0.010,21.330,216267.125,2.724,68.000
0.044,0.001,0.004,20.268,143816.219,1.623,68.000
0.048,0.002,0.011,22.160,263825.156,4.833,68.000
0.051,0.024,0.014,23.942,230378.875,6.911,68.000
0.051,0.027,0.011,21.819,222813.031,6.895,68.000
0.049,0.005,0.010,21.097,270818.531,6.028,68.000
0.043,0.001,0.013,25.673,88136.367,1.111,68.000
0.052,0.014,0.012,21.602,201117.125,6.618,68.000
0.056,0.002,0.007,21.852,200959.719,2.916,68.000
0.050,0.008,0.011,20.359,275997.469,8.515,68.000
0.043,0.001,0.011,26.365,109913.570,1.170,68.000
0.056,0.002,0.013,23.312,173973.312,3.053,68.000
0.049,0.012,0.014,20.085,234997.219,8.034,68.000
0.002,0.012,0.012,20.978,201258.719,7.699,68.000
0.044,0.001,0.015,20.918,183686.531,3.065,68.000
0.049,0.015,0.011,19.928,235165.062,9.102,68.000
0.048,0.022,0.012,20.662,237336.906,9.928,68.000
0.055,0.001,0.019,22.365,176614.125,2.207,68.000
0.045,0.000,0.013,31.607,-11531.125,-0.259,68.000
0.049,0.023,0.012,21.578,234292.812,9.206,68.000
0.051,0.010,0.013,20.708,215412.188,7.748,68.000
0.049,0.005,0.014,22.188,230033.594,6.296,68.000
0.050,0.006,0.010,19.621,278668.719,6.788,68.000
0.042,0.000,0.015,23.839,34671.602,0.164,68.000
0.055,0.001,0.003,19.739,203459.406,2.544,68.000
0.045,0.001,0.011,25.316,217812.375,3.006,68.000
0.049,0.016,0.011,20.210,231105.844,9.272,68.000
0.053,0.002,0.017,22.846,207961.500,3.152,68.000
0.052,0.001,0.019,22.993,194261.125,2.743,68.000
0.049,0.001,0.003,20.948,196149.688,1.921,68.000
0.048,0.010,0.013,19.997,262364.031,9.255,68.000
0.053,0.000,0.018,24.176,-33247.812,-0.267,68.000
0.042,0.001,0.012,21.604,186485.344,2.473,68.000
0.049,0.007,0.013,22.805,281714.625,8.075,68.000
0.051,0.023,0.011,22.034,219956.594,7.999,68.000
0.047,0.001,0.013,23.057,238356.750,4.445,68.000
0.053,0.000,0.015,28.780,-22995.938,-0.057,68.000
0.002,0.011,0.013,20.931,197737.031,7.750,68.000
0.050,0.001,0.008,27.973,106380.258,2.167,68.000
0.040,0.000,0.009,22.226,-84752.109,-0.569,68.000
0.050,0.004,0.012,22.327,269934.375,6.094,68.000
0.049,0.015,0.012,20.068,238403.938,8.975,68.000
0.051,0.017,0.013,21.140,220476.500,7.073,68.000
0.049,0.009,0.013,20.853,254873.125,8.650,68.000
0.049,0.018,0.013,20.579,242288.344,8.063,68.000
0.051,0.022,0.012,22.164,221949.500,7.970,68.000
0.042,0.000,0.015,23.304,11684.805,-0.285,68.000
0.050,0.000,0.003,26.656,-42526.863,0.708,68.000
0.052,0.006,0.012,21.610,246255.969,6.705,68.000
0.055,0.001,0.006,25.012,57982.836,0.857,68.000
0.051,0.001,0.018,25.266,133331.562,1.091,68.000
0.054,0.001,0.009,27.846,121276.773,2.760,68.000
0.053,0.000,0.008,27.589,61439.039,2.520,68.000
0.049,0.003,0.015,23.381,208506.500,4.556,68.000
0.052,0.018,0.012,21.820,208808.469,7.025,68.000
0.056,0.001,0.007,22.700,172124.000,2.820,68.000
0.041,0.001,0.007,23.857,-14127.156,0.621,68.000
0.043,0.000,0.011,23.262,38845.617,-0.746,68.000
0.047,0.001,0.007,24.377,105522.773,1.935,68.000
0.050,0.020,0.011,20.525,219322.594,9.248,68.000
0.050,0.001,0.003,24.468,34540.727,0.929,68.000
0.048,0.000,0.017,28.650,-10717.125,-1.423,68.000
0.051,0.014,0.012,22.108,215312.125,7.043,68.000
0.046,0.001,0.009,24.975,229146.844,3.245,68.000
0.048,0.026,0.012,20.527,232264.781,9.459,68.000
0.050,0.003,0.013,23.173,231806.344,5.139,68.000
0.051,0.003,0.013,22.857,238813.188,5.096,68.000
0.051,0.014,0.012,20.847,218377.719,7.507,68.000
0.044,0.001,0.017,23.556,122327.039,1.520,68.000
0.042,0.001,0.018,20.928,76697.711,0.279,68.000
0.002,0.012,0.014,21.029,218599.125,7.726,68.000
0.050,0.000,0.023,23.764,-49670.102,-0.215,68.000
0.041,0.001,0.013,22.962,138792.750,2.408,68.000
0.052,0.017,0.012,21.509,207754.656,6.619,68.000
0.051,0.010,0.012,20.586,227793.188,8.002,68.000
0.042,0.000,0.007,19.806,16799.070,-0.297,68.000
0.053,0.001,0.015,23.340,195848.969,2.194,68.000
0.049,0.008,0.014,20.785,245506.531,7.990,68.000
0.041,0.001,0.015,20.978,16114.172,0.185,68.000
0.049,0.009,0.013,21.053,246649.156,8.517,68.000
0.058,0.001,0.019,20.664,161583.719,0.914,68.000
0.053,0.002,0.011,23.025,259181.969,4.664,68.000
0.054,0.000,0.012,33.475,-11819.281,-1.005,68.000
0.051,0.008,0.011,21.118,279216.562,8.385,68.000
0.043,0.001,0.005,19.252,129705.008,1.699,68.000
0.056,0.001,0.005,18.624,224568.000,2.565,68.000
0.052,0.010,0.011,19.627,204550.781,7.094,68.000
0.048,0.003,0.013,23.441,259275.438,5.649,68.000
0.052,0.001,0.009,27.337,153717.625,3.122,68.000
0.048,0.021,0.011,19.912,228114.562,9.686,68.000
0.050,0.017,0.013,20.539,230805.312,7.371,68.000
0.052,0.016,0.013,21.721,204102.719,6.099,68.000
0.052,0.006,0.014,20.453,219559.500,6.197,68.000
0.053,0.000,0.005,23.748,41249.867,1.204,68.000
0.051,0.005,0.015,21.822,212396.000,5.573,68.000
0.049,0.022,0.012,21.351,237121.844,8.937,68.000
0.052,0.001,0.018,23.951,126023.680,1.518,68.000
0.059,0.001,0.017,20.074,184087.781,0.425,68.000
0.050,0.001,0.017,24.437,208511.500,2.765,68.000
0.056,0.001,0.015,23.745,110819.320,0.292,68.000
0.048,0.014,0.012,20.204,254188.375,9.175,68.000
0.052,0.000,0.011,33.667,-8216.586,2.056,68.000
0.054,0.000,0.011,30.866,-33995.609,1.866,68.000
0.045,0.001,0.006,24.466,64262.383,1.729,68.000
0.052,0.001,0.015,26.631,149579.125,1.138,68.000
0.052,0.000,0.015,32.232,24274.367,-0.666,68.000
0.049,0.018,0.014,21.737,243436.750,7.254,68.000
0.052,0.001,0.017,22.674,205929.469,3.250,68.000
0.050,0.025,0.010,20.320,221095.500,8.770,68.000
0.052,0.004,0.014,22.012,218433.406,4.908,68.000
0.052,0.019,0.010,21.198,214798.000,8.290,68.000
0.050,0.008,0.013,21.435,253914.000,8.244,68.000
0.051,0.024,0.014,23.831,230045.312,7.161,68.000
0.050,0.002,0.014,23.854,214240.719,4.582,68.000
0.049,0.000,0.021,19.703,-79577.938,-6.282,68.000
0.048,0.005,0.011,21.837,282152.312,6.919,68.000
0.052,0.003,0.011,21.540,272973.438,5.259,68.000
0.050,0.019,0.014,22.357,253287.562,7.410,68.000
0.050,0.005,0.012,21.766,298293.844,7.370,68.000
0.054,0.001,0.014,26.863,127056.508,1.519,68.000
0.051,0.025,0.012,22.593,228095.812,7.227,68.000
0.050,0.011,0.010,20.134,225498.281,7.326,68.000
0.098,0.011,0.013,20.856,203688.750,6.069,68.000
0.048,0.000,0.023,20.869,113733.586,1.535,68.000
0.050,0.010,0.010,20.134,245049.625,7.856,68.000
0.057,0.002,0.014,22.163,178069.781,1.779,68.000
0.050,0.008,0.011,20.890,292652.344,8.596,68.000
0.048,0.001,0.002,20.805,133281.906,1.341,68.000
0.043,0.001,0.013,21.495,192102.375,3.288,68.000
0.053,0.001,0.014,26.036,185694.750,2.900,68.000
0.052,0.000,0.001,22.552,75234.227,0.676,68.000
0.051,0.000,0.017,24.971,-2099.109,-2.089,68.000
0.043,0.000,0.017,24.608,-14448.016,-0.041,68.000
0.050,0.010,0.015,18.000,222687.562,7.204,68.000
0.051,0.010,0.011,20.176,216658.062,7.796,68.000
0.057,0.001,0.004,17.478,239275.281,2.550,68.000
0.050,0.022,0.011,21.120,225161.938,8.869,68.000
0.052,0.011,0.012,20.168,200852.812,7.093,68.000
0.049,0.005,0.012,21.975,298306.250,7.446,68.000
0.055,0.000,0.021,21.983,33046.758,1.530,68.000
0.048,0.027,0.011,14.553,241822.062,7.060,68.000
0.052,0.003,0.013,22.382,216869.031,4.310,68.000
0.058,0.001,0.007,22.401,159465.469,2.963,68.000
0.000,0.012,0.012,22.932,148527.500,6.115,68.000
0.051,0.009,0.012,20.774,234805.375,7.961,68.000
0.043,0.001,0.005,18.743,137811.844,1.728,68.000
0.046,0.001,0.013,22.580,240107.875,4.317,68.000
0.048,0.021,0.011,19.953,227954.406,9.617,68.000
0.050,0.013,0.011,20.134,225758.062,7.868,68.000
0.053,0.000,0.017,23.981,2739.773,1.119,68.000
0.052,0.004,0.011,20.888,270515.750,5.767,68.000
0.055,0.001,0.004,18.246,236290.531,2.642,68.000
0.060,0.001,0.011,21.583,151111.656,2.178,68.000
0.051,0.004,0.011,20.930,281487.438,6.127,68.000
0.057,0.001,0.011,21.895,199602.250,3.385,68.000
0.055,0.001,0.019,25.473,58037.398,0.307,68.000
0.057,0.002,0.011,21.750,200325.906,3.395,68.000
0.050,0.020,0.012,20.965,228826.250,8.153,68.000
0.044,0.001,0.003,18.554,164425.000,1.351,68.000
0.002,0.013,0.013,20.934,227021.312,7.592,68.000
0.042,0.000,0.019,21.369,43364.680,-0.447,68.000
0.050,0.000,0.010,34.245,-32808.391,1.897,68.000
0.050,0.010,0.013,20.689,248644.406,8.565,68.000
0.051,0.001,0.020,23.348,102159.258,1.634,68.000
0.052,0.007,0.010,18.560,263881.656,6.454,68.000
0.050,0.007,0.010,19.838,285910.375,7.482,68.000
0.047,0.000,0.012,29.791,53163.695,0.559,68.000
0.050,0.022,0.012,21.383,228469.719,8.314,68.000
0.049,0.001,0.015,24.482,198587.188,3.413,68.000
0.058,0.001,0.006,18.811,198488.281,2.644,68.000
0.098,0.013,0.011,21.933,209689.594,8.017,68.000
0.051,0.000,0.010,35.038,-81931.875,-1.670,68.000
0.052,0.002,0.015,24.013,204126.406,2.891,68.000
0.042,0.000,0.011,22.465,49109.414,-0.936,68.000
0.051,0.017,0.013,21.755,216848.156,6.683,68.000
0.051,0.001,0.022,21.226,183866.000,2.997,68.000
0.049,0.021,0.014,22.429,251418.312,7.686,68.000
0.047,0.002,0.018,21.745,181314.031,2.495,68.000
0.000,0.013,0.011,18.447,32683.555,9.804,68.000
0.059,0.001,0.009,20.852,166460.062,3.045,68.000
0.051,0.008,0.013,21.795,248200.688,7.960,68.000
0.052,0.000,0.014,33.557,-21318.719,2.644,68.000
0.049,0.024,0.013,21.765,232751.344,8.673,68.000
0.055,0.000,0.003,23.158,7144.312,1.806,68.000
0.049,0.010,0.010,21.020,240196.531,8.203,68.000
0.040,0.000,0.014,18.111,90550.914,2.149,68.000
0.002,0.011,0.011,21.338,177227.469,7.637,68.000
0.041,0.001,0.015,18.271,128322.117,2.513,68.000
0.048,0.011,0.012,19.865,266103.281,9.470,68.000
0.050,0.000,0.008,29.698,2604.898,1.887,68.000
0.049,0.026,0.012,21.079,238099.281,9.255,68.000
0.052,0.017,0.011,20.540,203705.094,7.612,68.000
0.048,0.001,0.006,22.329,190368.312,2.377,68.000
0.048,0.007,0.011,22.317,289387.844,8.517,68.000
0.054,0.000,0.019,20.628,120994.195,4.971,68.000
0.048,0.002,0.013,23.480,239653.438,5.284,68.000
0.044,0.000,0.004,18.877,98829.273,0.101,68.000
0.052,0.015,0.012,21.896,206739.531,6.728,68.000
0.051,0.007,0.009,19.048,267434.625,6.827,68.000
0.058,0.001,0.011,22.735,142154.469,2.731,68.000
0.056,0.001,0.011,24.119,214648.688,4.254,68.000
0.059,0.000,0.011,23.063,20354.406,2.896,68.000
0.058,0.001,0.014,23.334,156296.312,1.663,68.000
0.046,0.000,0.006,24.140,2156.992,0.440,68.000
0.050,0.000,0.001,23.811,1662.078,0.280,68.000
0.054,0.001,0.018,22.415,191528.094,2.448,68.000
0.056,0.001,0.017,25.708,104630.195,-0.010,68.000
0.051,0.001,0.020,21.419,184659.500,3.136,68.000
0.048,0.008,0.012,21.898,278543.812,8.896,68.000
0.049,0.005,0.010,20.688,270297.750,6.244,68.000
0.048,0.004,0.011,22.242,285026.625,6.579,68.000
0.047,0.001,0.007,24.668,162610.531,2.521,68.000
0.051,0.003,0.014,23.722,211370.344,4.293,68.000
0.050,0.000,0.020,21.500,17932.695,1.022,68.000
0.048,0.011,0.011,20.337,253086.094,9.095,68.000
0.051,0.021,0.013,22.262,238420.938,7.398,68.000
0.042,0.000,0.013,22.682,-7327.289,-1.460,68.000
0.050,0.007,0.011,21.577,295013.812,8.491,68.000
0.048,0.001,0.003,19.582,206648.094,1.580,68.000
0.098,0.012,0.012,21.055,206293.969,6.874,68.000
0.000,0.012,0.013,22.769,125921.836,5.824,68.000
0.051,0.023,0.013,22.496,229030.500,7.631,68.000
0.058,0.001,0.019,20.474,171803.500,1.039,68.000
0.051,0.015,0.013,21.183,210856.719,6.277,68.000
0.046,0.000,0.012,31.679,-28624.555,-0.175,68.000
0.001,0.012,0.012,21.263,196584.125,7.712,68.000
0.052,0.002,0.013,24.375,218767.938,4.490,68.000
0.049,0.021,0.010,19.774,221113.812,9.737,68.000
0.050,0.009,0.010,19.543,250811.781,7.557,68.000
0.098,0.012,0.013,21.105,221840.156,6.828,68.000
0.050,0.001,0.004,19.970,216977.438,1.978,68.000
0.049,0.006,0.013,22.699,262831.875,7.567,68.000
0.047,0.000,0.009,31.233,-41378.191,-0.066,68.000
0.051,0.002,0.008,23.189,251367.375,4.425,68.000
0.047,0.002,0.012,23.137,261895.031,5.355,68.000
0.048,0.012,0.011,20.051,250246.375,8.872,68.000
0.053,0.002,0.012,24.229,238449.375,4.664,68.000
0.048,0.007,0.012,22.627,285293.000,8.160,68.000
0.051,0.017,0.011,20.546,212094.438,8.151,68.000
0.046,0.001,0.014,24.053,203861.719,3.285,68.000
0.050,0.001,0.002,22.420,140215.750,1.647,68.000
0.042,0.001,0.012,21.722,177044.375,2.219,68.000
0.052,0.006,0.012,21.314,260557.781,6.904,68.000
0.049,0.002,0.007,22.151,231690.719,3.503,68.000
0.048,0.014,0.013,19.867,228242.031,7.703,68.000
0.049,0.026,0.014,22.066,236622.188,8.881,68.000
0.052,0.001,0.003,18.949,233828.219,2.205,68.000
0.051,0.021,0.012,21.560,224130.562,7.751,68.000
0.052,0.017,0.013,21.690,211198.750,6.431,68.000
0.048,0.012,0.011,20.624,238845.250,8.332,68.000
0.052,0.025,0.012,22.447,222250.531,7.204,68.000
0.050,0.000,0.020,21.837,35760.977,1.158,68.000
0.051,0.016,0.011,20.834,213527.094,7.988,68.000
0.002,0.011,0.012,20.978,190542.531,7.674,68.000
0.048,0.006,0.011,21.940,297163.812,7.839,68.000
0.050,0.016,0.013,20.759,218079.438,6.993,68.000
0.050,0.001,0.004,19.502,224791.188,1.986,68.000
0.045,0.001,0.005,19.795,179460.594,1.550,68.000
0.050,0.019,0.014,22.496,251352.219,7.322,68.000
0.051,0.001,0.009,30.132,125743.242,2.838,68.000
0.048,0.002,0.006,21.444,214240.875,2.731,68.000
0.050,0.026,0.010,19.168,226106.250,8.965,68.000
0.047,0.001,0.022,20.746,158905.406,2.546,68.000
0.050,0.021,0.013,21.553,242926.500,8.139,68.000
0.048,0.004,0.013,23.189,251439.312,6.415,68.000
0.049,0.003,0.012,23.136,272272.812,6.026,68.000
0.049,0.005,0.014,21.762,227430.688,6.362,68.000
0.052,0.017,0.012,21.541,211617.438,6.606,68.000
0.049,0.000,0.023,19.264,70019.086,1.280,68.000
0.048,0.024,0.011,19.656,216981.344,9.693,68.000
0.044,0.000,0.008,28.785,-63880.789,-1.044,68.000
0.051,0.027,0.012,21.737,178246.688,6.213,68.000
0.046,0.001,0.018,21.939,180986.875,2.530,68.000
0.057,0.001,0.007,21.640,193458.719,2.822,68.000
0.050,0.020,0.014,22.758,251403.094,7.322,68.000
0.053,0.000,0.007,25.993,2600.148,1.073,68.000
0.052,0.027,0.013,21.432,118610.617,5.367,68.000
0.050,0.018,0.014,22.019,246337.781,6.909,68.000
0.049,0.023,0.013,22.661,235202.562,8.003,68.000
0.045,0.001,0.009,23.105,232042.812,3.224,68.000
0.056,0.001,0.010,21.957,213265.562,3.806,68.000
0.058,0.001,0.012,22.692,173382.688,2.827,68.000
0.043,0.000,0.012,21.941,82624.195,0.142,68.000
0.050,0.009,0.012,21.690,254801.000,8.348,68.000
0.045,0.001,0.007,24.685,147560.969,2.155,68.000
0.051,0.014,0.011,20.099,206626.125,7.359,68.000
0.048,0.025,0.012,19.888,232561.062,10.498,68.000
0.048,0.008,0.011,22.074,278485.062,8.591,68.000
0.098,0.012,0.013,21.241,212084.438,6.818,68.000
0.050,0.012,0.010,20.444,223193.875,7.762,68.000
0.042,0.000,0.012,21.012,57876.680,-0.457,68.000
0.050,0.013,0.010,20.474,215065.656,7.480,68.000
0.052,0.002,0.007,22.192,229236.125,3.860,68.000
0.001,0.013,0.011,21.461,202130.719,7.739,68.000
0.056,0.001,0.008,24.327,153392.750,3.196,68.000
0.053,0.001,0.014,23.966,181534.750,2.362,68.000
0.050,0.022,0.013,22.505,244305.938,7.706,68.000
0.056,0.001,0.006,24.098,107750.508,1.968,68.000
0.050,0.027,0.014,23.159,70799.836,0.303,68.000
0.049,0.010,0.014,18.725,228162.406,7.480,68.000
0.052,0.000,0.009,30.590,16995.375,4.055,68.000
0.051,0.008,0.010,18.628,251289.562,6.903,68.000
0.051,0.001,0.006,24.167,151368.000,2.372,68.000
0.051,0.027,0.013,23.039,179208.969,6.847,68.000
0.046,0.002,0.014,22.506,210541.188,4.094,68.000
0.051,0.026,0.013,22.505,229757.969,7.786,68.000
0.054,0.001,0.006,24.785,86038.633,1.102,68.000
0.051,0.010,0.010,19.565,227419.375,7.330,68.000
0.051,0.022,0.013,22.120,227874.719,7.639,68.000
0.046,0.000,0.022,19.689,59854.023,1.420,68.000
0.054,0.001,0.009,28.125,154348.062,3.466,68.000
0.049,0.017,0.010,19.878,230162.500,9.793,68.000
0.047,0.001,0.004,19.041,197097.594,1.291,68.000
0.049,0.026,0.011,20.195,230701.156,9.404,68.000
0.051,0.021,0.011,21.426,215627.625,8.064,68.000
0.055,0.001,0.020,22.113,166074.375,2.692,68.000
0.048,0.001,0.022,20.546,165276.125,2.805,68.000
0.050,0.008,0.010,19.467,275459.938,7.789,68.000
0.048,0.012,0.010,20.710,232760.031,8.010,68.000
0.056,0.000,0.017,24.401,-25949.695,0.670,68.000
0.051,0.002,0.010,22.964,273701.156,5.254,68.000
0.045,0.002,0.013,22.528,228643.188,4.397,68.000
0.050,0.001,0.013,32.321,133187.656,2.965,68.000
0.050,0.027,0.011,20.361,193100.531,6.802,68.000
0.049,0.001,0.010,23.197,271624.938,4.266,68.000
0.047,0.001,0.020,22.500,117465.320,1.680,68.000
0.058,0.000,0.011,24.964,105892.445,2.681,68.000
-0.000,0.013,0.011,19.281,10041.367,12.406,68.000
0.056,0.000,0.003,21.878,46889.336,0.815,68.000
0.050,0.026,0.010,19.158,231379.688,8.792,68.000
0.050,0.018,0.011,19.901,221481.469,8.910,68.000
0.054,0.000,0.014,31.839,-20406.953,-0.142,68.000
0.049,0.001,0.017,22.806,205667.875,2.824,68.000
0.042,0.001,0.004,18.614,146393.312,1.529,68.000
0.052,0.001,0.011,31.336,143983.125,3.062,68.000
0.048,0.014,0.012,20.115,250755.375,9.235,68.000
0.000,0.013,0.011,21.403,10137.203,11.967,68.000
0.051,0.009,0.012,21.005,253960.031,8.267,68.000
0.051,0.018,0.012,20.404,217720.906,7.902,68.000
0.051,0.021,0.014,22.854,244244.812,6.989,68.000
0.051,0.027,0.011,15.126,285351.625,9.476,68.000
0.043,0.001,0.017,22.576,75060.836,0.620,68.000
0.050,0.016,0.011,20.061,221985.219,9.068,68.000
0.049,0.002,0.015,23.996,200424.875,3.362,68.000
0.049,0.022,0.013,21.973,246727.156,8.645,68.000
0.052,0.001,0.014,29.979,117798.867,1.955,68.000
0.048,0.011,0.011,20.510,246055.031,8.782,68.000
0.051,0.012,0.010,19.826,199696.625,6.961,68.000
0.053,0.001,0.004,18.806,236777.094,2.494,68.000
0.052,0.003,0.010,21.846,272059.375,5.275,68.000
0.048,0.020,0.011,19.462,231817.844,10.006,68.000
0.049,0.001,0.003,22.738,123393.305,1.406,68.000
0.053,0.000,0.014,31.260,-52373.285,-1.108,68.000
0.050,0.000,0.020,20.394,44316.117,1.281,68.000
0.048,0.010,0.011,20.966,256663.906,9.050,68.000
0.052,0.014,0.012,22.306,194701.656,6.308,68.000
0.051,0.006,0.013,22.480,253296.438,7.115,68.000
0.045,0.000,0.009,25.987,47298.398,0.020,68.000
0.052,0.009,0.013,20.776,231038.812,7.796,68.000
0.046,0.001,0.017,23.074,179986.156,2.607,68.000
0.050,0.022,0.012,21.612,228406.562,8.627,68.000
0.049,0.001,0.014,26.351,199832.656,3.125,68.000
0.049,0.019,0.011,19.946,220556.906,9.521,68.000
0.049,0.014,0.012,20.126,247290.656,8.947,68.000
0.052,0.005,0.013,21.439,227664.500,5.720,68.000
0.051,0.013,0.013,21.799,220119.969,7.265,68.000
0.051,0.016,0.012,20.676,217564.781,7.181,68.000
0.053,0.001,0.015,24.330,189229.562,2.345,68.000
0.042,0.001,0.006,19.573,112522.508,1.620,68.000
0.050,0.012,0.013,20.691,230400.062,7.790,68.000
0.050,0.005,0.015,21.642,219723.844,6.078,68.000
0.052,0.001,0.008,26.067,174599.469,3.610,68.000
0.002,0.012,0.012,20.859,208107.938,7.628,68.000
0.050,0.010,0.012,20.775,243727.469,8.562,68.000
0.050,0.001,0.003,22.877,135805.031,1.635,68.000
0.051,0.003,0.013,22.405,244846.062,5.391,68.000
0.042,0.001,0.010,26.161,55496.289,0.743,68.000
0.052,0.001,0.018,22.423,197661.062,2.631,68.000
0.046,0.000,0.007,30.194,-73845.969,0.799,68.000
0.048,0.001,0.010,23.051,272067.312,4.160,68.000
0.052,0.011,0.012,20.780,206435.375,7.209,68.000
0.051,0.024,0.013,23.519,230080.938,7.308,68.000
0.050,0.025,0.011,21.307,223124.062,8.354,68.000
0.051,0.015,0.014,20.394,219525.812,6.321,68.000
0.045,0.002,0.012,21.245,249610.406,3.912,68.000
0.049,0.012,0.012,19.694,250238.969,8.983,68.000
0.049,0.007,0.012,22.263,291872.406,8.751,68.000
0.045,0.000,0.008,29.442,-46029.410,-0.252,68.000
0.049,0.015,0.012,20.250,239501.281,8.809,68.000
0.055,0.000,0.013,28.540,8838.750,1.178,68.000
0.049,0.003,0.014,23.302,223788.375,5.606,68.000
0.052,0.008,0.013,20.451,224114.312,7.068,68.000
0.050,0.009,0.009,19.824,245784.719,7.328,68.000
0.051,0.018,0.012,21.550,216526.906,6.964,68.000
0.058,0.001,0.011,22.471,148279.750,2.820,68.000
0.049,0.022,0.011,21.283,228376.062,9.085,68.000
0.048,0.001,0.020,21.597,179670.250,3.142,68.000
0.051,0.015,0.012,21.917,205948.875,6.476,68.000
0.050,0.011,0.010,20.139,228522.031,7.574,68.000
0.041,0.000,0.011,23.965,-59297.008,-2.282,68.000
0.048,0.004,0.011,21.907,267878.750,5.944,68.000
0.051,0.007,0.012,21.355,271336.000,8.051,68.000
0.050,0.003,0.010,22.146,276162.250,5.537,68.000
0.045,0.001,0.016,24.052,110832.445,1.483,68.000
0.051,0.025,0.012,22.255,226038.906,7.338,68.000
0.002,0.012,0.011,21.378,191737.188,7.517,68.000
0.098,0.013,0.011,21.777,208969.625,7.930,68.000
0.049,0.012,0.013,20.628,238907.031,8.380,68.000
0.055,0.001,0.018,20.984,197875.812,2.236,68.000
0.099,0.011,0.011,24.811,140651.688,6.240,68.000
0.050,0.011,0.012,20.490,228916.719,8.392,68.000
0.052,0.025,0.013,24.191,225748.594,6.815,68.000
0.050,0.009,0.009,19.801,251561.688,7.430,68.000
0.049,0.001,0.016,26.117,141314.531,1.328,68.000
0.052,0.001,0.006,21.283,220904.938,2.831,68.000
0.050,0.021,0.014,22.779,248458.844,7.016,68.000
0.050,0.001,0.006,21.799,225787.062,3.109,68.000
0.053,0.001,0.003,18.475,236770.906,2.437,68.000
0.002,0.012,0.014,21.033,215603.062,7.594,68.000
0.054,0.001,0.021,21.029,175205.250,2.929,68.000
0.051,0.026,0.012,22.208,222381.875,7.506,68.000
0.052,0.009,0.011,20.201,226174.781,7.733,68.000
0.052,0.026,0.012,23.087,227372.625,6.864,68.000
0.049,0.009,0.011,20.696,262941.875,8.594,68.000
0.049,0.007,0.011,21.494,302943.719,8.393,68.000
0.047,0.001,0.006,21.150,191772.344,2.140,68.000
0.050,0.025,0.010,19.225,221033.969,9.038,68.000
0.001,0.010,0.013,20.835,198282.875,7.932,68.000
0.050,0.003,0.011,21.643,280132.281,5.818,68.000
0.058,0.001,0.007,20.576,173826.219,2.709,68.000
0.046,0.000,0.012,33.233,-54448.027,-2.798,68.000
0.049,0.023,0.012,21.744,234150.062,8.999,68.000
0.049,0.026,0.014,23.470,232815.875,8.266,68.000
0.048,0.005,0.013,22.955,257975.094,7.015,68.000
0.047,0.001,0.014,28.340,134472.531,2.344,68.000
0.050,0.000,0.004,26.198,13360.758,1.284,68.000
0.049,0.008,0.013,22.493,275114.719,8.509,68.000
0.043,0.002,0.010,21.279,190276.062,2.502,68.000
0.044,0.001,0.014,22.712,189536.688,3.003,68.000
0.050,0.009,0.010,19.999,265321.656,8.299,68.000
0.058,0.001,0.013,22.950,141952.469,1.661,68.000
0.051,0.015,0.011,20.123,215780.125,8.061,68.000
0.049,0.001,0.004,24.252,113215.805,1.742,68.000
0.049,0.001,0.020,20.971,179737.750,3.198,68.000
0.049,0.010,0.014,18.994,227402.188,7.563,68.000
0.050,0.022,0.012,21.411,231142.844,8.443,68.000
0.051,0.018,0.012,21.191,219998.719,7.170,68.000
0.051,0.000,0.010,34.580,-60342.230,2.713,68.000
0.051,0.012,0.013,21.438,216358.000,7.339,68.000
0.049,0.008,0.013,21.615,259048.000,8.453,68.000
0.052,0.002,0.009,22.857,253477.875,4.636,68.000
0.049,0.000,0.010,30.258,68986.992,1.139,68.000
0.051,0.006,0.011,20.677,290185.562,7.122,68.000
0.043,0.000,0.009,23.183,17844.383,-0.736,68.000
0.050,0.023,0.014,23.175,236567.219,7.792,68.000
0.045,0.000,0.006,21.920,-6022.359,2.205,68.000
0.048,0.008,0.012,22.069,270675.594,8.604,68.000
0.050,0.001,0.017,25.240,211453.812,2.367,68.000
0.051,0.017,0.014,21.680,233928.906,6.606,68.000
0.050,0.024,0.012,21.897,227577.844,8.559,68.000
0.052,0.012,0.013,21.798,211863.812,7.080,68.000
0.002,0.013,0.011,21.297,197088.562,7.502,68.000
0.048,0.023,0.014,21.823,234983.312,8.582,68.000
0.052,0.010,0.012,19.947,210431.688,7.130,68.000
0.002,0.013,0.012,20.952,211778.156,7.435,68.000
0.054,0.001,0.016,23.417,221742.875,2.185,68.000
0.051,0.005,0.011,20.858,288099.750,6.448,68.000
0.045,0.001,0.013,22.954,215452.938,3.843,68.000
0.049,0.022,0.013,21.766,240490.000,8.675,68.000
0.056,0.002,0.007,21.542,198169.750,2.783,68.000
0.055,0.000,0.011,33.085,-2778.445,-0.878,68.000
0.098,0.012,0.013,21.337,210382.531,6.757,68.000
0.049,0.024,0.011,20.330,218231.562,9.389,68.000
0.049,0.026,0.014,22.510,235862.969,8.824,68.000
0.048,0.004,0.014,22.881,229507.969,6.195,68.000
0.049,0.001,0.020,21.151,179782.062,3.188,68.000
0.045,0.000,0.007,25.173,50587.695,0.882,68.000
0.049,0.012,0.012,20.114,243932.062,8.863,68.000
0.050,0.000,0.002,24.764,-10995.945,0.297,68.000
0.050,0.025,0.010,19.389,219914.281,8.850,68.000
0.002,0.013,0.013,20.972,211807.312,7.436,68.000
0.001,0.011,0.012,21.038,182315.625,7.907,68.000
0.049,0.006,0.011,21.571,303441.188,7.732,68.000
0.050,0.000,0.001,23.899,45513.867,0.813,68.000
0.048,0.001,0.002,19.271,195904.625,1.828,68.000
0.047,0.001,0.012,22.190,258919.469,4.128,68.000
0.100,0.012,0.011,28.093,-48196.098,8.738,68.000
0.046,0.001,0.018,26.193,97427.930,0.268,68.000
0.049,0.005,0.012,22.299,289337.406,6.821,68.000
0.058,0.000,0.010,22.394,8588.344,2.804,68.000
0.049,0.008,0.015,18.614,235620.344,7.269,68.000
0.045,0.000,0.019,21.769,54337.367,0.237,68.000
0.050,0.017,0.014,21.631,239085.031,6.943,68.000
0.052,0.020,0.013,22.723,234057.781,6.696,68.000
0.049,0.001,0.005,19.889,217951.031,1.980,68.000
0.055,0.001,0.009,26.775,121869.023,2.672,68.000
0.052,0.001,0.018,23.180,201420.812,2.612,68.000
0.053,0.001,0.016,23.356,214766.625,2.418,68.000
0.050,0.026,0.012,20.957,229812.812,8.909,68.000
0.056,0.001,0.020,24.085,73068.383,0.770,68.000
0.051,0.001,0.003,19.768,213599.281,2.159,68.000
0.047,0.001,0.019,25.116,66436.586,0.476,68.000
0.048,0.001,0.015,28.713,118071.992,0.936,68.000
0.056,0.001,0.008,23.573,168847.188,3.091,68.000
0.049,0.014,0.011,19.827,247813.531,8.959,68.000
0.056,0.000,0.013,30.148,-50841.098,0.875,68.000
0.051,0.001,0.020,20.761,180255.875,2.995,68.000
0.048,0.011,0.011,20.552,248856.906,9.034,68.000
0.052,0.016,0.012,21.621,206610.344,6.425,68.000
0.049,0.003,0.009,22.399,274655.969,5.603,68.000
0.050,0.000,0.008,29.636,8298.844,4.030,68.000
0.052,0.021,0.012,22.161,222886.781,7.317,68.000
0.041,0.001,0.012,23.181,56690.398,-0.013,68.000
0.043,0.000,0.005,18.683,-16.273,-0.492,68.000
0.055,0.000,0.016,26.716,28539.320,1.251,68.000
0.053,0.001,0.018,22.861,195451.125,2.416,68.000
0.098,0.011,0.013,21.195,204557.625,6.002,68.000
0.046,0.002,0.008,22.721,219446.781,3.212,68.000
0.054,0.001,0.020,21.598,176194.312,2.850,68.000
0.040,0.000,0.009,21.284,-62420.973,-2.380,68.000
0.050,0.004,0.010,20.744,279686.094,6.243,68.000
0.052,0.000,0.017,26.202,79966.430,1.106,68.000
0.049,0.002,0.018,22.145,185686.469,2.499,68.000
0.050,0.001,0.014,27.634,196866.781,2.950,68.000
0.051,0.002,0.007,22.347,236291.781,3.803,68.000
0.001,0.012,0.011,21.745,183774.719,7.512,68.000
0.048,0.026,0.011,18.621,238239.875,9.324,68.000
0.050,0.023,0.011,21.292,219718.406,8.697,68.000
0.099,0.011,0.013,21.170,211695.062,6.129,68.000
0.050,0.022,0.013,22.784,238979.906,7.414,68.000
0.049,0.019,0.013,20.372,253191.656,8.817,68.000
0.048,0.000,0.013,26.924,52415.258,1.343,68.000
0.051,0.022,0.011,21.272,220804.188,8.301,68.000
0.054,0.000,0.010,29.502,6184.203,2.864,68.000
0.051,0.003,0.010,21.597,277223.781,5.471,68.000
0.054,0.000,0.013,30.197,-27000.805,2.124,68.000
0.059,0.000,0.011,22.746,39989.930,2.231,68.000
0.057,0.001,0.008,25.500,61850.117,1.855,68.000
0.053,0.000,0.022,21.322,-9481.953,-0.096,68.000
0.057,0.000,0.019,22.126,66550.336,2.194,68.000
0.049,0.026,0.010,19.008,228109.719,8.738,68.000
0.057,0.000,0.013,25.163,95759.164,1.879,68.000
0.049,0.007,0.011,20.976,287447.969,8.000,68.000
0.000,0.013,0.012,20.325,7812.609,12.483,68.000
0.050,0.025,0.012,21.883,229522.062,8.413,68.000
0.049,0.010,0.013,20.650,239637.000,8.436,68.000
0.050,0.016,0.010,19.604,222747.062,8.666,68.000
0.050,0.000,0.015,30.381,3999.984,0.149,68.000
0.049,0.013,0.013,20.650,235601.938,8.109,68.000
0.047,0.000,0.022,19.614,90419.164,1.586,68.000
0.048,0.001,0.016,23.947,199055.219,3.093,68.000
0.051,0.006,0.010,19.488,284027.656,6.781,68.000
0.049,0.010,0.013,20.228,249460.875,8.925,68.000
0.049,0.001,0.021,20.821,174428.375,3.079,68.000
0.050,0.013,0.012,20.963,228077.000,8.060,68.000
0.050,0.026,0.011,20.249,237413.781,8.708,68.000
0.051,0.008,0.010,18.403,248330.781,6.604,68.000
0.048,0.010,0.012,20.091,264852.938,9.384,68.000
0.054,0.001,0.005,21.886,183287.750,2.773,68.000
0.052,0.013,0.012,21.956,207234.688,6.752,68.000
0.051,0.007,0.013,22.364,255711.719,7.637,68.000
0.051,0.021,0.012,21.439,230113.312,8.022,68.000
0.098,0.014,0.011,21.786,213419.062,8.101,68.000
0.058,0.001,0.017,19.855,184316.188,1.050,68.000
0.051,0.015,0.013,21.587,208842.719,6.138,68.000
0.046,0.001,0.007,23.518,166329.344,2.432,68.000
0.049,0.008,0.010,20.026,260566.531,7.578,68.000
0.050,0.013,0.012,20.381,236384.969,8.510,68.000
0.044,0.001,0.010,26.856,77555.133,1.444,68.000
0.050,0.006,0.014,21.562,231126.906,6.522,68.000
0.049,0.007,0.010,20.517,282342.906,7.665,68.000
0.050,0.009,0.009,19.241,249063.938,7.076,68.000
0.045,0.000,0.018,24.193,59093.602,0.434,68.000
0.052,0.024,0.011,22.346,217665.281,7.160,68.000
0.050,0.013,0.013,20.711,225899.094,7.533,68.000
0.052,0.000,0.006,25.308,55001.148,1.322,68.000
0.051,0.017,0.013,22.242,218875.375,6.488,68.000
0.042,0.001,0.018,20.479,101487.758,1.367,68.000
0.055,0.000,0.004,26.517,-37994.273,1.429,68.000
0.049,0.020,0.010,20.200,222738.531,9.788,68.000
0.053,0.000,0.009,27.932,55559.117,1.933,68.000
0.056,0.001,0.005,20.116,190307.219,2.280,68.000
0.050,0.005,0.015,21.808,216654.594,5.958,68.000
0.050,0.000,0.013,32.967,-79128.234,-0.862,68.000
0.000,0.012,0.011,17.723,21449.414,10.306,68.000
0.049,0.015,0.011,19.423,239533.844,8.995,68.000
0.044,0.000,0.010,24.251,116661.945,0.317,68.000
0.049,0.007,0.014,21.958,248856.219,7.482,68.000
0.049,0.004,0.015,22.764,214693.469,5.475,68.000
0.043,0.000,0.015,23.838,15957.094,-0.454,68.000
0.048,0.026,0.011,18.555,240546.094,9.961,68.000
0.049,0.018,0.012,18.985,231274.062,8.908,68.000
0.049,0.003,0.011,22.025,274375.688,5.539,68.000
0.052,0.020,0.013,22.625,232396.875,6.841,68.000
0.050,0.001,0.004,25.838,34580.852,1.055,68.000
0.051,0.018,0.011,20.714,213389.906,8.262,68.000
0.047,0.000,0.018,24.308,34974.117,0.070,68.000
0.044,0.001,0.003,20.157,121122.148,1.316,68.000
0.054,0.000,0.004,25.041,2002.258,2.682,68.000
0.051,0.016,0.013,21.598,219759.156,6.392,68.000
0.052,0.005,0.010,20.179,266481.875,5.713,68.000
0.044,0.001,0.016,22.658,145255.656,2.402,68.000
0.059,0.000,0.008,20.101,42637.289,1.909,68.000
0.057,0.000,0.019,22.977,25618.203,-1.573,68.000
0.051,0.003,0.014,23.191,215400.000,4.622,68.000
0.047,0.000,0.006,24.786,28970.211,1.261,68.000
0.049,0.006,0.011,21.075,294153.094,7.440,68.000
0.049,0.014,0.014,19.455,224520.750,6.982,68.000
0.047,0.002,0.015,23.199,194792.094,3.499,68.000
0.055,0.000,0.010,27.696,16116.844,2.551,68.000
0.047,0.001,0.008,27.103,98310.023,1.997,68.000
0.049,0.023,0.013,21.657,235888.031,8.996,68.000
0.050,0.004,0.010,21.147,278239.031,5.960,68.000
0.041,0.001,0.016,19.152,100064.055,2.123,68.000
0.050,0.003,0.014,23.318,221423.000,5.046,68.000
0.048,0.001,0.015,25.268,199937.469,2.998,68.000
0.044,0.001,0.013,21.421,209004.875,3.874,68.000
0.048,0.000,0.013,34.054,-26954.273,-3.045,68.000
0.052,0.013,0.010,20.061,193745.344,6.747,68.000
0.051,0.015,0.011,21.025,210412.969,7.343,68.000
0.047,0.001,0.013,27.111,165512.562,2.665,68.000
0.057,0.001,0.006,20.938,184631.625,2.718,68.000
0.049,0.007,0.013,22.125,264285.188,8.231,68.000
0.042,0.000,0.012,22.638,28976.977,-0.763,68.000
0.048,0.011,0.012,20.238,263856.312,9.393,68.000
0.046,0.001,0.020,21.660,166265.500,2.359,68.000
0.051,0.014,0.014,19.314,221904.094,6.774,68.000
0.056,0.000,0.007,24.279,17853.359,1.930,68.000
0.050,0.021,0.010,20.655,214745.156,9.034,68.000
0.098,0.012,0.011,21.966,208981.656,7.380,68.000
0.058,0.001,0.014,22.804,161799.656,1.616,68.000
0.043,0.001,0.014,22.106,168543.250,2.945,68.000
0.048,0.001,0.008,30.031,43224.539,1.921,68.000
0.049,0.004,0.012,22.313,284019.438,6.339,68.000
0.050,0.010,0.014,18.603,229954.906,7.447,68.000
0.046,0.001,0.019,21.777,172917.969,2.404,68.000
0.049,0.021,0.010,20.240,220387.719,9.539,68.000
0.048,0.000,0.016,27.964,-58009.574,-2.608,68.000
0.048,0.018,0.012,18.816,238278.969,9.276,68.000
0.049,0.001,0.006,26.383,73295.914,1.664,68.000
0.050,0.003,0.011,21.761,280535.406,5.865,68.000
0.049,0.024,0.011,20.797,219453.500,9.282,68.000
0.051,0.016,0.012,21.137,212101.594,7.039,68.000
0.052,0.026,0.013,23.045,224433.625,6.734,68.000
0.048,0.014,0.011,19.668,254132.062,9.284,68.000
0.046,0.002,0.006,21.045,183007.656,2.052,68.000
0.099,0.013,0.012,22.328,214522.688,7.681,68.000
0.047,0.000,0.018,23.910,-80697.102,-2.037,68.000
0.055,0.001,0.005,19.763,211714.969,2.704,68.000
0.050,0.001,0.003,19.191,227800.500,2.106,68.000
0.050,0.000,0.009,33.275,-53596.625,1.518,68.000
0.048,0.010,0.012,20.601,261671.625,9.313,68.000
0.049,0.013,0.010,20.260,223652.406,7.816,68.000
0.049,0.023,0.012,21.368,229771.750,8.948,68.000
0.049,0.001,0.022,22.154,87247.258,1.443,68.000
0.051,0.013,0.010,20.062,196009.094,6.841,68.000
0.057,0.000,0.005,20.287,47142.820,3.198,68.000
0.051,0.001,0.011,26.540,230877.781,3.981,68.000
0.048,0.007,0.012,22.635,280323.031,8.542,68.000
0.053,0.001,0.013,28.773,179019.875,3.277,68.000
0.048,0.003,0.013,23.249,261696.406,5.643,68.000
0.048,0.005,0.012,22.482,292995.656,7.231,68.000
0.052,0.027,0.011,17.724,289887.312,9.424,68.000
0.048,0.027,0.011,19.454,237187.625,8.696,68.000
0.051,0.011,0.010,20.279,225288.031,7.752,68.000
0.042,0.000,0.015,24.521,-28529.250,-0.983,68.000
0.050,0.014,0.010,20.188,217382.188,7.926,68.000
0.043,0.001,0.019,20.866,132081.188,1.403,68.000
0.050,0.026,0.011,20.317,237955.406,8.798,68.000
0.048,0.012,0.011,19.903,258595.938,9.274,68.000
0.052,0.001,0.020,21.193,181833.031,3.055,68.000
0.051,0.012,0.011,20.151,214015.812,7.673,68.000
0.051,0.019,0.012,21.154,223458.219,7.565,68.000
0.050,0.012,0.010,20.262,222942.688,7.538,68.000
0.053,0.001,0.022,20.700,178015.469,2.951,68.000
0.050,0.025,0.014,23.580,232724.750,7.982,68.000
0.055,0.001,0.007,22.438,204586.250,3.443,68.000
0.049,0.001,0.006,24.873,121986.867,2.137,68.000
0.048,0.021,0.012,20.444,237532.125,9.516,68.000
0.050,0.013,0.012,21.092,231934.219,8.081,68.000
0.051,0.011,0.014,19.851,228108.719,7.763,68.000
0.052,0.001,0.004,21.330,205402.938,2.559,68.000
0.049,0.004,0.013,23.165,266017.031,6.114,68.000
0.048,0.009,0.014,20.913,251222.500,8.251,68.000
0.047,0.000,0.007,24.932,57849.070,1.173,68.000
0.060,0.001,0.013,21.013,130391.289,0.093,68.000
0.050,0.021,0.010,20.221,214544.938,9.543,68.000
0.055,0.001,0.019,22.627,176981.688,2.374,68.000
0.053,0.001,0.015,23.615,195608.281,2.282,68.000
0.055,0.001,0.014,25.603,148815.938,1.678,68.000
0.057,0.000,0.008,24.740,-50869.930,0.997,68.000
0.058,0.000,0.005,23.809,-9720.242,1.958,68.000
0.048,0.004,0.011,21.903,269847.125,6.178,68.000
0.049,0.013,0.012,19.699,251177.250,8.983,68.000
0.047,0.001,0.004,21.391,125859.117,1.102,68.000
0.049,0.004,0.009,21.704,273557.531,5.708,68.000
0.049,0.023,0.014,22.288,232471.000,8.394,68.000
0.058,0.001,0.011,21.924,176719.750,2.811,68.000
0.051,0.015,0.011,20.733,217809.875,7.747,68.000
0.057,0.000,0.006,24.241,-39745.086,1.105,68.000
0.052,0.015,0.012,22.069,204869.750,6.703,68.000
0.045,0.001,0.009,23.102,225166.375,3.068,68.000
0.050,0.006,0.011,21.272,300688.969,7.645,68.000
0.050,0.010,0.011,20.092,241552.906,8.196,68.000
0.047,0.001,0.019,21.827,183113.094,2.596,68.000
0.049,0.006,0.010,20.968,278350.125,7.259,68.000
0.056,0.001,0.017,20.673,196815.125,1.983,68.000
0.051,0.026,0.012,22.885,223362.656,6.807,68.000
0.047,0.001,0.011,22.395,265536.719,4.457,68.000
0.050,0.000,0.012,32.456,62242.539,5.938,68.000
0.053,0.001,0.009,24.820,239917.844,4.682,68.000
0.049,0.006,0.011,21.354,301935.750,7.881,68.000
0.051,0.026,0.012,22.647,232007.094,7.627,68.000
0.052,0.005,0.011,20.394,278820.375,6.246,68.000
0.048,0.008,0.010,20.397,262049.562,7.566,68.000
0.052,0.016,0.012,21.551,205009.406,6.781,68.000
0.056,0.000,0.010,27.373,-12165.031,1.937,68.000
0.048,0.000,0.002,22.557,52288.992,0.430,68.000
0.041,0.001,0.010,26.220,-7290.719,-0.290,68.000
0.048,0.017,0.013,20.464,242565.500,8.055,68.000
0.043,0.001,0.007,21.316,132072.969,1.733,68.000
0.051,0.001,0.006,23.671,152861.656,2.163,68.000
0.043,0.001,0.006,19.142,135924.750,1.582,68.000
0.044,0.000,0.005,20.557,25672.289,0.150,68.000
0.051,0.001,0.011,25.310,260732.875,4.628,68.000
0.051,0.001,0.006,21.958,208875.062,2.738,68.000
0.048,0.020,0.013,20.654,251428.062,9.090,68.000
0.048,0.016,0.011,19.776,239437.375,9.845,68.000
0.042,0.001,0.010,25.818,89969.445,1.045,68.000
0.051,0.016,0.011,20.582,208961.656,7.664,68.000
0.051,0.007,0.014,20.386,238455.812,7.277,68.000
0.051,0.023,0.012,22.758,226739.969,7.456,68.000
0.049,0.002,0.013,23.761,253978.094,5.256,68.000
0.044,0.001,0.016,22.727,156937.656,2.462,68.000
0.052,0.000,0.009,30.175,66409.805,2.148,68.000
0.041,0.000,0.014,20.146,81952.805,1.581,68.000
0.050,0.016,0.011,20.277,227227.219,8.516,68.000
0.049,0.012,0.010,20.517,229496.562,7.910,68.000
0.051,0.002,0.011,22.344,273727.344,5.392,68.000
0.052,0.000,0.021,20.796,19914.695,-0.917,68.000
0.051,0.013,0.013,20.819,216405.469,7.001,68.000
0.050,0.016,0.011,20.465,222472.938,8.574,68.000
0.051,0.007,0.010,18.724,269647.625,7.102,68.000
0.050,0.024,0.012,22.185,231365.969,8.488,68.000
0.051,0.016,0.010,20.070,213250.344,8.124,68.000
0.050,0.025,0.014,23.514,230812.281,8.163,68.000
0.051,0.012,0.011,20.206,212289.125,7.645,68.000
0.044,0.001,0.012,27.047,146284.312,2.029,68.000
0.052,0.000,0.007,25.690,34312.836,3.364,68.000
0.051,0.015,0.012,21.282,215349.219,6.936,68.000
0.042,0.000,0.007,18.246,-17245.711,1.316,68.000
0.051,0.004,0.014,22.384,225725.719,5.352,68.000
0.044,0.002,0.012,21.157,234136.688,3.225,68.000
0.051,0.001,0.017,23.913,209946.375,2.821,68.000
0.053,0.001,0.006,25.518,51210.148,0.236,68.000
0.054,0.000,0.002,24.511,-24169.039,0.046,68.000
0.002,0.010,0.011,21.395,174688.938,7.721,68.000
0.050,0.014,0.011,20.271,228952.094,8.114,68.000
0.056,0.001,0.017,20.427,205558.938,2.668,68.000
0.049,0.021,0.010,20.345,222715.062,9.833,68.000
0.053,0.001,0.007,23.869,193793.562,3.765,68.000
0.057,0.001,0.010,25.923,90283.086,2.742,68.000
0.051,0.003,0.013,22.416,235676.156,5.205,68.000
0.050,0.016,0.010,19.732,215483.625,8.482,68.000
0.050,0.021,0.011,20.743,220315.812,8.715,68.000
0.049,0.020,0.014,22.683,254942.500,7.607,68.000
0.049,0.003,0.011,21.851,278855.719,5.821,68.000
0.039,0.001,0.014,16.780,120665.117,2.695,68.000
0.057,0.000,0.020,20.674,-4982.180,-2.297,68.000
0.050,0.010,0.011,20.804,241852.938,8.429,68.000
0.049,0.000,0.009,32.482,-65067.809,1.234,68.000
0.049,0.002,0.017,23.227,203615.125,3.074,68.000
0.059,0.000,0.009,23.658,54267.789,1.662,68.000
0.051,0.020,0.013,22.074,233057.875,7.412,68.000
0.056,0.001,0.014,23.332,177817.688,2.779,68.000
0.052,0.023,0.013,23.171,220569.688,6.673,68.000
0.051,0.013,0.013,21.460,223849.938,7.453,68.000
0.053,0.001,0.007,22.498,224359.562,4.022,68.000
0.053,0.000,0.005,24.470,58217.008,1.811,68.000
0.051,0.014,0.014,19.544,222863.031,6.915,68.000
0.049,0.015,0.010,19.644,231241.188,9.099,68.000
0.055,0.001,0.007,23.268,187473.281,3.354,68.000
0.049,0.023,0.013,22.543,240028.312,8.200,68.000
0.050,0.000,0.013,33.530,-13334.250,2.325,68.000
0.049,0.026,0.014,22.976,236328.781,8.478,68.000
0.055,0.001,0.010,25.166,197528.094,4.113,68.000
0.055,0.001,0.019,22.368,180928.219,2.575,68.000
0.050,0.020,0.011,20.661,216066.938,8.933,68.000
0.050,0.020,0.010,20.177,210980.781,9.101,68.000
0.050,0.004,0.015,22.645,214479.281,5.325,68.000
0.050,0.014,0.012,20.676,234475.250,8.198,68.000
0.054,0.001,0.014,26.448,124437.367,1.932,68.000
0.049,0.016,0.012,19.672,231214.438,8.981,68.000
0.051,0.000,0.022,20.407,23933.344,1.369,68.000
0.042,0.001,0.015,23.322,87148.492,1.432,68.000
0.041,0.000,0.009,20.624,-18327.625,-2.203,68.000
0.048,0.001,0.010,25.999,243977.312,3.604,68.000
0.098,0.013,0.012,21.577,213403.531,7.429,68.000
0.053,0.001,0.007,22.542,231812.156,4.138,68.000
0.050,0.013,0.012,20.984,230238.500,8.000,68.000
0.051,0.008,0.012,21.092,255158.250,8.228,68.000
0.049,0.023,0.011,20.786,224812.156,9.516,68.000
0.057,0.001,0.006,23.134,148053.469,2.826,68.000
0.048,0.009,0.013,20.689,272378.438,9.103,68.000
0.046,0.001,0.022,20.452,156342.062,2.398,68.000
0.051,0.025,0.010,20.398,226889.438,8.550,68.000
0.050,0.013,0.014,19.108,224481.469,7.056,68.000
0.049,0.005,0.014,22.849,239201.656,6.359,68.000
0.052,0.001,0.016,23.652,215051.656,2.922,68.000
0.048,0.006,0.010,21.185,274416.562,6.834,68.000
0.050,0.006,0.011,20.645,295667.406,7.285,68.000
0.049,0.009,0.012,21.266,259587.719,8.948,68.000
0.044,0.002,0.015,20.999,171993.719,2.873,68.000
0.055,0.000,0.011,33.246,-41701.105,-1.235,68.000
0.042,0.001,0.006,19.404,120274.711,1.640,68.000
0.049,0.024,0.013,22.024,230281.969,8.371,68.000
0.050,0.000,0.001,22.724,37442.477,0.716,68.000
0.044,0.000,0.005,20.411,18936.969,0.081,68.000
0.053,0.000,0.010,31.849,-41759.926,0.868,68.000
0.002,0.011,0.011,21.269,175951.969,7.704,68.000
0.048,0.004,0.013,23.139,253074.969,6.278,68.000
0.048,0.005,0.012,22.570,294695.656,7.248,68.000
0.056,0.000,0.013,29.927,20913.945,3.538,68.000
0.047,0.001,0.020,21.507,174437.906,2.674,68.000
0.002,0.012,0.013,20.915,213551.688,7.615,68.000
0.050,0.001,0.020,22.631,183490.562,3.361,68.000
0.051,0.022,0.012,22.145,229170.625,7.545,68.000
0.001,0.013,0.011,22.881,162795.688,6.277,68.000
0.049,0.025,0.013,21.813,232659.438,8.595,68.000
0.097,0.012,0.011,21.369,203342.844,6.917,68.000
0.048,0.001,0.019,23.311,187346.250,2.398,68.000
0.050,0.003,0.011,22.014,279229.281,5.851,68.000
0.052,0.027,0.011,16.053,220869.469,6.774,68.000
0.050,0.000,0.003,25.656,-9684.062,0.901,68.000
0.045,0.000,0.020,22.175,21312.062,-0.144,68.000
0.050,0.016,0.014,21.018,221458.094,6.468,68.000
0.050,0.003,0.012,22.689,262618.344,5.782,68.000
0.059,0.001,0.015,21.491,85906.680,-1.345,68.000
0.055,0.001,0.019,22.517,178025.531,2.255,68.000
0.045,0.001,0.017,23.336,155071.656,2.065,68.000
0.054,0.001,0.022,21.129,170974.531,2.845,68.000
0.055,0.002,0.007,22.137,206992.875,3.368,68.000
0.050,0.001,0.021,21.231,183228.125,3.182,68.000
0.046,0.000,0.010,32.956,-49515.000,-1.626,68.000
0.048,0.003,0.014,23.368,230451.219,5.340,68.000
0.049,0.000,0.004,24.266,56300.602,1.404,68.000
0.044,0.000,0.016,23.398,69555.883,1.269,68.000
0.052,0.001,0.018,22.151,198561.625,2.829,68.000
0.048,0.005,0.012,22.434,297052.688,7.475,68.000
0.052,0.000,0.014,29.035,8373.445,1.440,68.000
0.054,0.001,0.005,23.707,122059.836,1.838,68.000
0.046,0.000,0.021,21.224,78137.477,0.989,68.000
0.052,0.025,0.013,23.583,229082.969,6.862,68.000
0.054,0.001,0.002,21.103,135216.688,1.700,68.000
0.048,0.000,0.022,20.379,65213.664,1.698,68.000
0.057,0.000,0.013,26.084,53781.195,1.307,68.000
0.050,0.026,0.011,20.290,228543.250,8.915,68.000
0.050,0.001,0.017,27.575,129037.742,0.722,68.000
0.050,0.005,0.011,21.079,290838.812,6.674,68.000
0.046,0.001,0.006,23.753,79506.008,1.558,68.000
0.053,0.001,0.019,22.454,186116.781,2.794,68.000
0.048,0.009,0.013,21.031,275126.219,9.086,68.000
0.049,0.000,0.016,24.852,102418.602,0.784,68.000
0.059,0.001,0.006,19.194,183441.844,2.615,68.000
0.040,0.000,0.012,21.597,17651.320,-1.403,68.000
0.048,0.025,0.011,19.580,224355.000,9.952,68.000
0.049,0.024,0.011,20.816,218113.750,9.146,68.000
0.043,0.001,0.011,21.829,192392.000,2.287,68.000
0.049,0.021,0.013,21.682,255416.812,8.273,68.000
0.053,0.000,0.012,30.089,13071.328,1.525,68.000
0.051,0.017,0.011,20.410,209056.719,8.153,68.000
0.050,0.022,0.014,22.869,242289.312,7.260,68.000
0.051,0.016,0.011,20.644,214585.469,7.959,68.000
0.049,0.014,0.012,20.483,246431.094,8.714,68.000
0.049,0.000,0.014,32.841,15114.422,2.773,68.000
0.049,0.014,0.010,20.620,221786.062,7.896,68.000
0.054,0.001,0.016,22.098,215779.406,2.748,68.000
0.045,0.001,0.015,22.551,189448.938,2.999,68.000
0.050,0.021,0.012,21.136,230144.969,8.235,68.000
0.051,0.025,0.014,24.053,230111.469,7.782,68.000
0.054,0.000,0.004,21.265,124124.727,2.493,68.000
0.052,0.009,0.014,19.939,226840.125,7.709,68.000
0.047,0.001,0.018,23.265,186405.312,2.500,68.000
0.050,0.001,0.003,20.416,207281.844,2.104,68.000
0.052,0.004,0.010,20.973,274377.781,5.589,68.000
0.053,0.001,0.011,26.246,229596.344,4.554,68.000
0.048,0.027,0.013,23.296,97586.008,-0.039,68.000
0.053,0.001,0.015,25.432,187512.594,2.208,68.000
0.055,0.001,0.014,28.614,67072.961,0.998,68.000
0.051,0.022,0.013,22.216,234630.719,7.475,68.000
0.045,0.001,0.019,21.190,170367.969,2.471,68.000
0.052,0.007,0.012,21.354,247675.219,7.496,68.000
0.049,0.010,0.010,20.437,245847.031,7.880,68.000
0.050,0.021,0.012,20.551,235489.562,8.744,68.000
0.048,0.016,0.012,19.073,238370.375,9.313,68.000
0.057,0.001,0.017,20.116,196695.594,2.000,68.000
0.055,0.000,0.005,24.017,12149.797,2.545,68.000
0.053,0.001,0.004,20.355,189164.312,2.119,68.000
0.051,0.001,0.005,23.073,136400.500,1.753,68.000
0.042,0.000,0.007,19.307,-4917.258,-0.923,68.000
0.050,0.000,0.018,23.776,31393.023,0.036,68.000
0.001,0.012,0.012,21.670,195870.156,7.429,68.000
0.053,0.002,0.013,24.029,215664.844,4.244,68.000
0.050,0.006,0.011,21.035,303541.781,8.111,68.000
0.052,0.006,0.014,20.538,222353.625,6.532,68.000
0.053,0.000,0.005,23.988,28139.570,2.619,68.000
0.050,0.001,0.023,21.244,146419.562,2.380,68.000
0.050,0.024,0.012,22.117,227056.531,8.027,68.000
0.043,0.002,0.013,21.402,209435.562,3.704,68.000
0.053,0.000,0.010,28.984,9202.578,1.872,68.000
0.055,0.001,0.009,23.141,208599.938,3.738,68.000
0.041,0.000,0.013,21.907,45277.258,-0.774,68.000
0.056,0.001,0.012,29.313,75879.148,1.962,68.000
0.056,0.002,0.012,22.486,204514.469,3.861,68.000
0.048,0.010,0.011,21.210,248690.531,8.367,68.000
0.046,0.000,0.002,17.487,81185.023,0.507,68.000
0.043,0.001,0.009,23.126,164167.156,1.790,68.000
0.053,0.001,0.015,27.026,119141.523,0.510,68.000
0.043,0.001,0.006,20.352,127149.805,1.657,68.000
0.049,0.003,0.013,23.089,267580.594,5.994,68.000
0.045,0.001,0.002,20.834,145536.281,1.248,68.000
0.049,0.001,0.016,24.322,200005.188,3.032,68.000
0.044,0.001,0.005,19.050,159936.062,1.498,68.000
0.050,0.019,0.011,20.368,217959.844,8.769,68.000
0.048,0.000,0.006,23.189,13550.633,1.787,68.000
0.042,0.000,0.010,24.649,-8740.062,-1.230,68.000
0.049,0.024,0.012,21.822,233061.312,8.951,68.000
0.051,0.021,0.011,21.412,221436.406,8.350,68.000
0.098,0.010,0.012,21.393,204653.062,6.262,68.000
0.051,0.019,0.011,20.881,212437.344,8.476,68.000
0.047,0.001,0.009,24.739,236357.281,3.446,68.000
0.045,0.001,0.006,22.224,150220.312,2.044,68.000
0.050,0.014,0.010,20.072,214825.844,7.724,68.000
0.045,0.001,0.002,20.892,101828.883,1.088,68.000
0.002,0.012,0.012,20.773,198264.688,7.589,68.000
0.053,0.001,0.018,24.993,86810.477,0.727,68.000
0.043,0.001,0.004,18.514,148398.969,1.481,68.000
0.050,0.008,0.011,20.669,289928.469,8.532,68.000
0.040,0.001,0.013,21.769,46383.414,0.807,68.000
0.042,0.000,0.015,23.423,-32155.805,-0.858,68.000
0.052,0.012,0.013,21.613,203969.469,6.584,68.000
0.049,0.023,0.011,21.187,219859.625,9.194,68.000
0.040,0.001,0.014,17.714,129519.242,2.600,68.000
0.043,0.001,0.014,20.540,180197.875,3.091,68.000
0.002,0.011,0.013,20.861,199785.781,7.866,68.000
0.051,0.003,0.015,23.165,211125.281,4.330,68.000
0.050,0.008,0.013,22.087,266248.344,8.448,68.000
0.048,0.011,0.013,19.913,262524.906,9.355,68.000
0.052,0.026,0.011,21.922,222901.625,7.386,68.000
0.049,0.007,0.011,21.941,293190.062,8.510,68.000
0.048,0.000,0.018,24.401,-19637.859,-0.689,68.000
0.046,0.001,0.019,21.235,172949.188,2.590,68.000
0.048,0.013,0.012,19.856,260046.344,9.451,68.000
0.051,0.009,0.014,20.271,244981.562,8.094,68.000
0.049,0.026,0.014,22.484,237605.469,8.529,68.000
0.048,0.000,0.022,19.162,93651.742,2.461,68.000
0.051,0.022,0.012,21.580,230808.625,7.986,68.000
0.098,0.013,0.011,22.083,211522.000,7.829,68.000
0.048,0.027,0.013,20.145,97701.211,1.884,68.000
0.049,0.019,0.010,19.659,223211.719,9.967,68.000
0.051,0.010,0.012,20.492,233158.281,8.228,68.000
0.052,0.009,0.012,20.422,224480.812,7.518,68.000
0.050,0.010,0.009,20.037,236666.781,7.284,68.000
0.050,0.000,0.015,28.845,855.258,0.518,68.000
0.047,0.002,0.015,22.607,192397.250,3.666,68.000
0.042,0.001,0.015,18.479,168388.281,2.952,68.000
0.001,0.011,0.013,21.050,194028.094,8.024,68.000
0.049,0.008,0.014,21.400,252582.188,8.193,68.000
0.049,0.026,0.013,21.569,238130.438,8.835,68.000
0.051,0.018,0.011,21.015,213794.906,7.917,68.000
0.053,0.000,0.006,24.994,26509.367,2.465,68.000
0.050,0.014,0.010,20.152,226410.812,8.012,68.000
0.060,0.001,0.010,20.600,160460.625,2.418,68.000
0.050,0.015,0.010,19.714,218024.094,8.243,68.000
0.048,0.018,0.012,19.025,233211.219,9.516,68.000
0.098,0.013,0.011,21.600,207136.719,7.414,68.000
0.052,0.004,0.011,20.969,278251.844,5.943,68.000
0.052,0.000,0.004,23.679,24417.875,1.226,68.000
0.058,0.001,0.005,20.060,202224.250,2.793,68.000
0.050,0.020,0.012,20.949,239023.125,8.268,68.000
0.057,0.002,0.012,23.048,169335.281,3.247,68.000
0.047,0.000,0.013,29.454,-25388.703,-0.041,68.000
0.049,0.009,0.011,20.981,264618.750,8.830,68.000
0.049,0.002,0.016,24.051,198688.906,3.191,68.000
0.049,0.009,0.012,21.885,270820.906,8.934,68.000
0.051,0.013,0.014,19.520,218523.719,7.066,68.000
0.045,0.002,0.010,21.823,238559.125,3.193,68.000
0.058,0.001,0.015,22.166,165092.688,0.520,68.000
0.048,0.002,0.012,22.865,265173.781,5.109,68.000
0.050,0.018,0.013,21.492,230045.812,7.274,68.000
0.050,0.008,0.010,20.030,271982.844,8.350,68.000
0.044,0.002,0.007,22.162,165123.094,1.904,68.000
0.050,0.013,0.011,20.075,230119.281,8.120,68.000
0.055,0.001,0.008,23.794,188093.812,3.527,68.000
0.046,0.002,0.017,23.183,178995.906,2.525,68.000
0.052,0.024,0.011,22.392,220602.156,7.402,68.000
0.045,0.000,0.004,21.617,-10860.102,0.183,68.000
0.051,0.019,0.011,20.669,215268.312,8.522,68.000
0.048,0.001,0.018,25.583,101935.586,0.630,68.000
0.052,0.017,0.011,20.985,208984.406,7.492,68.000
0.041,0.001,0.016,20.531,27140.555,0.291,68.000
0.055,0.002,0.007,21.467,201568.312,2.810,68.000
0.052,0.023,0.012,22.226,216846.594,7.186,68.000
0.049,0.007,0.011,21.156,292788.062,7.934,68.000
0.043,0.002,0.014,19.850,199568.344,3.827,68.000
0.047,0.000,0.014,30.543,-24310.562,-1.034,68.000
0.048,0.012,0.012,19.665,260962.438,9.432,68.000
0.050,0.000,0.005,26.995,-1823.711,1.415,68.000
0.001,0.012,0.011,21.421,190394.375,7.772,68.000
0.052,0.005,0.012,21.518,239036.438,5.467,68.000
0.048,0.011,0.011,20.692,247094.406,8.742,68.000
0.052,0.006,0.013,21.134,218974.656,5.782,68.000
0.048,0.000,0.003,23.920,6332.117,0.205,68.000
0.050,0.018,0.012,19.772,224146.406,8.263,68.000
0.050,0.000,0.018,27.139,-1507.922,-1.101,68.000
0.050,0.001,0.003,23.131,142698.031,1.972,68.000
0.044,0.000,0.018,24.430,-18180.984,-0.800,68.000
0.052,0.007,0.013,21.207,225553.219,6.584,68.000
0.052,0.001,0.022,22.412,129088.055,2.351,68.000
0.098,0.011,0.011,21.788,205270.938,6.885,68.000
0.049,0.008,0.014,21.412,252071.312,8.188,68.000
0.049,0.017,0.013,19.890,233337.062,7.927,68.000
0.098,0.014,0.012,21.395,209431.312,7.955,68.000
0.052,0.016,0.013,21.790,207974.281,5.781,68.000
0.049,0.001,0.012,25.951,258627.438,4.493,68.000
0.050,0.001,0.017,24.839,210411.688,2.509,68.000
0.050,0.000,0.003,25.272,5270.109,0.835,68.000
0.049,0.000,0.004,24.817,500.086,0.390,68.000
0.040,0.001,0.011,20.812,112580.023,1.305,68.000
0.097,0.011,0.011,21.191,201302.438,6.595,68.000
0.050,0.002,0.013,23.742,231894.219,5.074,68.000
0.040,0.000,0.013,22.850,-1406.984,-1.095,68.000
0.045,0.000,0.012,32.142,-48619.977,-1.539,68.000
0.049,0.003,0.010,21.430,271161.812,5.393,68.000
0.043,0.001,0.009,25.074,96450.148,1.195,68.000
0.041,0.000,0.012,23.686,5636.375,-1.568,68.000
0.049,0.007,0.012,22.831,286656.125,8.323,68.000
0.047,0.001,0.009,24.697,230543.750,3.381,68.000
0.058,0.001,0.014,23.396,153991.469,0.805,68.000
0.051,0.001,0.004,26.542,-19105.656,0.331,68.000
0.050,0.022,0.014,23.080,244568.031,7.352,68.000
0.051,0.018,0.010,20.446,214314.688,8.710,68.000
0.056,0.000,0.012,30.269,-16368.711,0.782,68.000
0.051,0.015,0.011,20.598,220214.188,7.810,68.000
0.050,0.012,0.010,20.557,225212.625,7.855,68.000
0.046,0.001,0.008,25.367,161238.750,2.441,68.000
0.100,0.012,0.011,19.106,-97836.781,10.517,68.000
0.056,0.000,0.015,27.577,5795.906,0.844,68.000
0.044,0.001,0.020,21.690,156323.719,2.108,68.000
0.050,0.011,0.014,19.086,230576.281,7.695,68.000
0.048,0.022,0.011,20.199,224110.625,9.634,68.000
0.050,0.010,0.011,20.776,236099.625,8.310,68.000
0.054,0.000,0.006,23.492,81749.180,2.222,68.000
0.053,0.001,0.005,19.360,226415.312,2.464,68.000
0.050,0.006,0.013,22.206,250833.719,7.359,68.000
0.052,0.009,0.012,19.983,216843.250,7.199,68.000
0.051,0.015,0.010,19.936,214614.875,7.961,68.000
0.056,0.001,0.011,23.799,194913.406,3.777,68.000
0.049,0.012,0.013,20.355,240319.000,8.757,68.000
0.000,0.013,0.011,17.814,42042.992,9.816,68.000
0.040,0.001,0.008,19.800,96053.445,0.666,68.000
0.001,0.013,0.013,21.111,213970.000,7.676,68.000
0.050,0.020,0.011,20.508,221065.312,8.660,68.000
0.001,0.012,0.012,21.184,193875.406,7.716,68.000
0.050,0.000,0.013,28.611,4873.500,3.047,68.000
0.049,0.011,0.011,20.557,237293.344,8.539,68.000
0.049,0.000,0.014,28.185,19689.281,3.054,68.000
0.050,0.000,0.020,21.808,30526.305,-0.809,68.000
0.051,0.000,0.015,31.495,-29408.656,-1.953,68.000
0.051,0.019,0.011,21.219,212268.188,7.762,68.000
0.049,0.003,0.013,23.689,237114.625,5.380,68.000
0.041,0.001,0.016,18.042,113012.320,2.046,68.000
0.057,0.001,0.012,24.207,166124.438,2.675,68.000
0.048,0.001,0.009,23.409,256467.000,3.951,68.000
0.044,0.001,0.010,21.477,207442.812,2.528,68.000
0.050,0.015,0.013,20.811,227917.719,7.579,68.000
0.001,0.012,0.013,21.456,200698.312,7.535,68.000
0.049,0.015,0.010,19.798,230320.250,9.036,68.000
0.044,0.001,0.013,21.452,210874.250,3.851,68.000
0.049,0.009,0.011,20.651,267369.031,8.578,68.000
0.099,0.011,0.013,24.548,160230.906,6.061,68.000
0.057,0.001,0.014,24.123,165196.031,1.786,68.000
0.049,0.011,0.010,20.912,237646.031,7.932,68.000
0.052,0.020,0.013,22.895,240989.312,6.766,68.000
0.054,0.000,0.022,19.286,89543.258,2.745,68.000
0.042,0.001,0.018,21.385,29912.992,-0.552,68.000
0.049,0.001,0.020,21.929,154565.469,2.429,68.000
0.049,0.006,0.014,21.916,250903.562,7.408,68.000
0.046,0.001,0.005,20.084,184989.000,1.668,68.000
0.048,0.001,0.018,24.203,194062.562,2.340,68.000
0.041,0.001,0.012,21.360,138670.969,1.808,68.000
0.050,0.001,0.007,25.020,215302.250,3.897,68.000
0.051,0.018,0.014,21.756,231901.969,6.731,68.000
0.043,0.000,0.019,22.697,-3932.234,0.202,68.000
0.051,0.020,0.013,21.763,239163.406,7.702,68.000
0.055,0.000,0.006,25.135,2396.672,1.386,68.000
0.053,0.000,0.016,25.675,57562.352,0.904,68.000
0.050,0.021,0.010,20.534,215399.500,9.334,68.000
0.049,0.006,0.013,22.784,259417.531,7.314,68.000
0.045,0.001,0.016,23.951,175111.312,2.350,68.000
0.055,0.000,0.014,31.492,-37880.469,-0.538,68.000
0.044,0.001,0.011,21.072,221055.094,2.731,68.000
0.099,0.011,0.013,22.177,211315.125,6.519,68.000
0.047,0.000,0.002,19.622,44279.977,-0.273,68.000
0.056,0.000,0.004,21.051,110119.930,2.858,68.000
0.042,0.001,0.016,19.948,118975.086,1.945,68.000
0.041,0.000,0.015,22.715,-53346.070,-0.793,68.000
0.052,0.009,0.013,20.463,227559.562,7.846,68.000
0.052,0.017,0.011,21.094,209507.219,7.353,68.000
0.051,0.008,0.013,22.195,256072.531,8.076,68.000
0.053,0.002,0.012,24.070,224540.906,4.492,68.000
0.049,0.000,0.012,30.796,24693.000,0.954,68.000
0.052,0.005,0.013,21.436,226229.906,5.532,68.000
0.053,0.000,0.006,25.031,9900.109,0.813,68.000
0.048,0.010,0.011,21.138,241939.469,8.418,68.000
0.050,0.026,0.010,19.198,225400.844,9.091,68.000
0.051,0.021,0.012,21.290,224945.812,8.012,68.000
0.052,0.014,0.013,22.575,202251.344,6.109,68.000
0.048,0.009,0.010,21.083,255124.781,8.101,68.000
0.045,0.001,0.012,21.507,251041.156,3.848,68.000
0.049,0.001,0.014,28.690,141922.312,2.268,68.000
0.051,0.000,0.017,24.951,110234.711,1.551,68.000
0.050,0.011,0.011,20.472,230500.188,8.397,68.000
0.045,0.000,0.015,31.364,-8114.688,-3.191,68.000
0.049,0.008,0.014,21.033,244972.062,7.901,68.000
0.049,0.012,0.012,19.998,249936.438,8.991,68.000
0.047,0.000,0.017,26.018,-21157.648,-1.495,68.000
0.002,0.013,0.011,21.480,201814.656,7.658,68.000
0.050,0.014,0.013,20.546,220473.219,6.989,68.000
0.051,0.004,0.013,22.217,231140.406,5.400,68.000
0.047,0.001,0.010,29.545,117509.320,2.396,68.000
0.057,0.000,0.008,24.739,-11018.578,1.880,68.000
0.050,0.005,0.009,20.235,270739.062,6.291,68.000
0.049,0.009,0.013,20.938,247006.781,8.502,68.000
0.049,0.015,0.013,19.819,226902.344,7.380,68.000
0.052,0.001,0.005,20.847,221351.625,2.499,68.000
0.055,0.001,0.011,28.245,136555.594,3.237,68.000
0.050,0.006,0.011,20.431,294839.531,7.456,68.000
0.043,0.001,0.006,21.693,118801.367,1.723,68.000
0.002,0.012,0.011,21.547,185417.250,7.723,68.000
0.098,0.012,0.014,21.075,224623.094,6.725,68.000
0.050,0.026,0.012,22.164,233146.969,8.392,68.000
0.044,0.000,0.013,26.705,109511.523,0.394,68.000
0.045,0.000,0.013,31.410,3891.961,1.164,68.000
0.049,0.014,0.010,19.969,239038.125,8.702,68.000
0.049,0.003,0.010,21.627,267653.844,5.561,68.000
0.049,0.019,0.011,19.803,224797.750,9.497,68.000
0.058,0.001,0.018,20.076,185671.875,0.987,68.000
0.051,0.003,0.014,23.223,212352.625,4.388,68.000
0.052,0.009,0.010,19.142,233645.062,7.084,68.000
0.045,0.000,0.019,20.878,-138924.828,-4.195,68.000
0.046,0.001,0.015,23.413,190011.406,2.947,68.000
0.050,0.014,0.010,19.952,217819.031,7.954,68.000
0.051,0.018,0.011,20.526,216662.969,8.424,68.000
0.048,0.000,0.012,34.686,-31507.070,1.960,68.000
0.051,0.014,0.011,21.256,208487.406,7.144,68.000
0.051,0.000,0.002,23.959,13374.500,0.100,68.000
0.045,0.001,0.013,23.082,208084.312,3.772,68.000
0.047,0.001,0.014,25.567,206370.406,3.094,68.000
0.049,0.026,0.013,21.393,234482.781,8.997,68.000
0.049,0.013,0.010,20.004,230106.031,7.931,68.000
0.053,0.001,0.016,23.902,220314.344,2.463,68.000
0.048,0.025,0.012,20.691,230722.844,9.906,68.000
0.041,0.001,0.006,19.153,108720.711,1.514,68.000
0.051,0.010,0.014,19.774,230401.156,7.858,68.000
0.048,0.002,0.011,22.334,267988.562,5.281,68.000
0.057,0.001,0.013,24.434,62631.023,0.316,68.000
0.051,0.009,0.012,21.233,245954.594,8.205,68.000
0.046,0.001,0.014,24.672,212445.062,3.761,68.000
0.050,0.022,0.010,20.634,213878.375,8.725,68.000
0.042,0.001,0.010,21.746,175136.219,2.147,68.000
0.041,0.000,0.013,21.819,30240.273,-0.869,68.000
0.057,0.000,0.015,23.130,57389.758,0.394,68.000
0.053,0.001,0.004,21.039,178597.500,2.189,68.000
0.041,0.000,0.007,19.419,19159.773,-0.529,68.000
0.051,0.015,0.014,20.322,220772.219,6.269,68.000
0.003,0.012,0.013,20.986,198513.312,7.355,68.000
0.047,0.001,0.004,19.542,202780.656,1.591,68.000
0.049,0.008,0.011,21.502,292256.344,8.735,68.000
0.052,0.006,0.011,20.246,275766.594,6.737,68.000
0.048,0.002,0.014,23.634,207768.812,4.069,68.000
0.049,0.013,0.011,19.883,248220.906,8.783,68.000
0.048,0.001,0.012,24.423,259691.719,4.269,68.000
0.048,0.019,0.013,20.427,251557.375,8.740,68.000
0.058,0.001,0.010,21.404,186201.406,3.360,68.000
0.047,0.002,0.018,21.812,182641.875,2.567,68.000
0.052,0.000,0.007,26.207,15571.500,2.638,68.000
0.049,0.001,0.010,28.647,177492.188,3.255,68.000
0.052,0.005,0.013,21.351,236274.438,5.711,68.000
0.050,0.000,0.016,27.066,42485.883,1.213,68.000
0.049,0.008,0.010,20.946,281391.094,8.098,68.000
0.052,0.001,0.002,21.433,128894.586,1.546,68.000
0.049,0.018,0.012,19.331,226743.688,8.434,68.000
0.044,0.001,0.008,22.444,177924.438,1.949,68.000
0.051,0.001,0.005,21.515,204843.625,2.293,68.000
0.052,0.026,0.011,22.477,219913.875,7.040,68.000
0.053,0.001,0.020,21.228,179174.594,2.973,68.000
0.045,0.001,0.011,23.392,241499.469,3.190,68.000
0.058,0.001,0.008,23.413,129149.836,3.157,68.000
0.001,0.010,0.012,21.085,183291.031,7.899,68.000
0.048,0.016,0.012,19.367,239719.688,9.346,68.000
0.051,0.007,0.012,21.919,262646.375,7.804,68.000
0.049,0.013,0.011,19.656,250448.438,8.903,68.000
0.050,0.001,0.018,24.637,136284.281,1.359,68.000
0.048,0.001,0.019,22.063,184134.375,2.573,68.000
0.052,0.001,0.007,24.473,179344.000,3.364,68.000
0.059,0.001,0.014,22.047,138792.094,0.072,68.000
0.047,0.002,0.014,23.138,200457.625,3.911,68.000
0.049,0.013,0.012,20.115,246655.938,8.834,68.000
0.051,0.018,0.011,20.154,210570.688,8.486,68.000
0.098,0.012,0.014,20.682,219362.719,6.280,68.000
0.058,0.000,0.016,24.134,57984.711,3.302,68.000
0.052,0.000,0.017,26.498,6422.609,-0.298,68.000
0.049,0.005,0.013,22.899,257117.719,7.115,68.000
0.051,0.001,0.016,23.775,212090.438,3.026,68.000
0.002,0.012,0.011,21.500,184078.000,7.559,68.000
0.002,0.011,0.012,21.018,188763.312,7.802,68.000
0.098,0.011,0.011,22.034,208971.844,7.283,68.000
0.049,0.022,0.011,19.923,220753.812,9.406,68.000
0.050,0.008,0.014,19.741,243280.312,7.481,68.000
0.041,0.001,0.007,19.878,105603.055,1.547,68.000
0.053,0.001,0.015,26.396,133908.188,0.757,68.000
0.052,0.006,0.010,18.809,271935.469,6.456,68.000
0.052,0.006,0.012,21.172,255409.594,7.046,68.000
0.060,0.001,0.010,24.051,100211.414,2.473,68.000
0.039,0.001,0.010,20.778,85964.008,0.688,68.000
0.050,0.021,0.014,23.059,242798.531,7.091,68.000
0.048,0.000,0.007,25.835,75582.492,1.733,68.000
0.050,0.019,0.013,22.364,247897.281,7.427,68.000
0.056,0.001,0.018,23.045,116301.211,0.487,68.000
0.050,0.005,0.014,22.069,227733.781,6.112,68.000
0.049,0.002,0.009,23.396,258668.531,4.286,68.000
0.052,0.010,0.011,20.016,208024.594,7.441,68.000
0.048,0.009,0.012,21.795,269731.500,8.890,68.000
0.056,0.000,0.016,22.897,72692.617,3.396,68.000
0.055,0.001,0.019,22.518,179454.344,1.887,68.000
0.055,0.001,0.017,22.207,207603.781,1.921,68.000
0.048,0.009,0.011,21.264,255842.594,8.653,68.000
0.049,0.000,0.014,29.311,52659.461,0.659,68.000
0.048,0.016,0.012,19.416,237907.438,9.508,68.000
0.002,0.013,0.011,21.189,203230.719,7.506,68.000
0.052,0.013,0.012,20.729,204648.969,7.181,68.000
0.054,0.001,0.011,32.200,91621.914,2.590,68.000
0.052,0.008,0.013,19.928,224906.719,7.122,68.000
0.058,0.000,0.017,23.613,34585.695,-0.308,68.000
0.048,0.002,0.011,22.416,269866.219,5.132,68.000
0.051,0.005,0.014,21.859,229342.219,5.972,68.000
0.050,0.016,0.013,20.836,216979.438,6.890,68.000
0.047,0.000,0.022,22.673,-35374.711,-0.270,68.000
0.048,0.001,0.005,19.876,211967.938,1.981,68.000
0.050,0.013,0.012,19.991,230358.219,8.283,68.000
0.052,0.001,0.004,23.035,120294.664,1.834,68.000
0.045,0.002,0.013,22.416,223725.594,4.408,68.000
0.050,0.008,0.013,21.844,263463.125,8.408,68.000
0.055,0.001,0.020,21.264,170171.000,2.885,68.000
0.053,0.001,0.008,22.902,238304.531,4.442,68.000
0.046,0.001,0.019,21.438,174465.031,2.552,68.000
0.047,0.001,0.005,22.105,144697.781,1.586,68.000
0.057,0.001,0.011,21.515,200272.656,3.355,68.000
0.049,0.002,0.009,23.386,276078.562,4.932,68.000
0.049,0.001,0.022,22.233,83648.992,1.215,68.000
0.052,0.010,0.010,19.687,218625.000,7.051,68.000
0.050,0.021,0.011,20.644,221455.969,8.891,68.000
0.043,0.000,0.012,27.963,-29588.297,-2.099,68.000
0.050,0.002,0.014,23.858,210657.344,4.355,68.000
0.043,0.001,0.011,24.435,143399.688,1.638,68.000
0.048,0.024,0.011,19.883,216288.531,9.644,68.000
0.050,0.007,0.011,21.330,296299.656,8.691,68.000
0.056,0.001,0.010,28.766,67581.320,2.431,68.000
0.055,0.000,0.004,27.630,-74313.641,0.088,68.000
0.051,0.012,0.010,19.767,210764.188,6.948,68.000
0.055,0.001,0.012,23.169,219772.875,4.306,68.000
0.047,0.001,0.015,25.307,197652.594,2.819,68.000
0.098,0.011,0.014,20.582,214484.312,6.025,68.000
0.052,0.001,0.005,20.088,223757.844,2.310,68.000
0.053,0.001,0.006,21.605,217730.250,3.002,68.000
0.051,0.013,0.014,20.287,215112.500,7.018,68.000
0.052,0.000,0.017,27.887,-21200.766,-1.178,68.000
0.040,0.001,0.013,21.785,70334.242,0.713,68.000
0.052,0.012,0.014,20.111,212016.281,7.023,68.000
0.050,0.002,0.007,22.553,233602.031,3.691,68.000
0.049,0.007,0.010,20.813,275088.875,7.264,68.000
0.049,0.004,0.012,22.064,287591.031,6.606,68.000
0.056,0.000,0.005,21.825,102110.070,3.054,68.000
0.048,0.004,0.013,23.180,266795.000,6.568,68.000
0.047,0.001,0.021,21.581,142785.000,2.069,68.000
0.049,0.011,0.012,20.067,247993.625,8.933,68.000
0.050,0.008,0.013,21.737,258201.312,8.351,68.000
0.002,0.012,0.013,20.904,209841.469,7.766,68.000
0.045,0.001,0.017,23.992,102914.492,1.084,68.000
0.051,0.001,0.018,22.575,195051.500,2.650,68.000
0.059,0.001,0.010,20.811,171532.844,2.741,68.000
0.052,0.026,0.011,21.673,224983.250,7.397,68.000
0.050,0.008,0.015,18.573,237674.281,7.283,68.000
0.051,0.014,0.012,20.754,224587.312,7.777,68.000
0.055,0.001,0.016,21.618,217203.812,2.520,68.000
0.100,0.011,0.013,20.163,50073.086,11.083,68.000
0.049,0.012,0.013,20.321,241693.562,8.764,68.000
0.050,0.011,0.010,20.347,229147.625,7.842,68.000
0.055,0.000,0.010,30.044,-3914.008,1.613,68.000
0.045,0.001,0.010,24.027,232175.281,2.987,68.000
0.047,0.002,0.019,21.568,181072.062,2.442,68.000
0.053,0.002,0.015,23.235,193894.969,2.255,68.000
0.056,0.001,0.018,21.923,182600.906,1.243,68.000
0.043,0.000,0.007,22.183,1098.969,-0.222,68.000
0.052,0.007,0.012,20.199,255320.688,6.790,68.000
0.046,0.001,0.006,22.181,173130.719,2.071,68.000
0.098,0.010,0.013,21.407,205241.062,6.015,68.000
0.058,0.001,0.008,21.004,170856.719,2.993,68.000
0.049,0.006,0.010,20.730,287286.312,7.182,68.000
0.051,0.006,0.010,19.484,276083.125,6.478,68.000
0.055,0.001,0.006,24.430,88943.148,1.122,68.000
0.056,0.001,0.008,22.298,201155.281,3.274,68.000
0.050,0.000,0.002,23.457,-8329.047,0.075,68.000
0.049,0.011,0.012,20.119,252214.062,9.063,68.000
0.055,0.001,0.020,21.720,165650.094,2.536,68.000
0.050,0.000,0.009,32.803,-8218.711,0.336,68.000
0.051,0.016,0.014,21.648,221279.406,6.083,68.000
0.100,0.013,0.013,26.928,77142.133,8.023,68.000
0.051,0.022,0.014,23.283,236277.094,6.966,68.000
0.049,0.014,0.014,19.053,221310.531,6.884,68.000
0.052,0.009,0.013,20.762,224418.781,7.443,68.000
0.048,0.026,0.012,20.421,236394.000,10.340,68.000
0.050,0.021,0.010,20.411,218382.375,9.289,68.000
0.061,0.000,0.012,22.457,102941.227,0.216,68.000
0.053,0.001,0.005,23.642,140035.250,2.271,68.000
0.052,0.001,0.007,22.346,234501.438,4.024,68.000
0.043,0.000,0.017,23.616,-56150.594,-2.670,68.000
0.039,0.001,0.013,19.898,98826.352,1.466,68.000
0.049,0.022,0.011,20.371,214984.250,9.177,68.000
0.051,0.018,0.012,21.007,220840.156,7.436,68.000
0.051,0.016,0.012,21.512,208717.062,6.589,68.000
0.047,0.001,0.006,22.136,196779.656,2.541,68.000
0.051,0.024,0.013,23.685,228105.438,7.071,68.000
0.099,0.010,0.012,21.539,208706.375,6.242,68.000
0.043,0.000,0.012,29.195,39539.648,1.362,68.000
0.051,0.016,0.013,21.747,217371.969,6.257,68.000
0.099,0.012,0.013,23.590,190949.750,6.416,68.000
0.049,0.011,0.013,20.493,242160.625,8.715,68.000
0.049,0.000,0.015,29.900,-22994.609,0.520,68.000
0.055,0.001,0.011,24.858,213878.125,4.302,68.000
0.055,0.001,0.013,25.800,147338.094,2.271,68.000
0.052,0.015,0.011,22.060,202988.281,6.647,68.000
0.051,0.015,0.014,19.883,223528.344,6.522,68.000
0.051,0.003,0.011,21.925,272691.469,5.567,68.000
0.041,0.001,0.014,19.207,149314.094,2.734,68.000
0.043,0.000,0.015,22.415,73707.883,0.314,68.000
0.051,0.018,0.012,21.438,221016.938,7.191,68.000
0.051,0.022,0.012,21.907,221599.094,7.788,68.000
0.049,0.000,0.003,28.035,-59962.098,0.356,68.000
0.050,0.023,0.010,20.105,225060.156,9.109,68.000
0.045,0.001,0.005,20.832,152726.469,1.728,68.000
0.049,0.003,0.014,23.359,214198.688,4.974,68.000
0.056,0.001,0.017,20.375,202921.750,2.373,68.000
0.050,0.003,0.013,23.546,236191.406,5.410,68.000
0.052,0.001,0.005,22.836,162233.438,2.117,68.000
0.049,0.000,0.002,26.675,-39566.480,0.416,68.000
0.047,0.000,0.010,32.231,-74511.156,0.444,68.000
0.049,0.000,0.003,25.647,-35634.477,0.227,68.000
0.046,0.001,0.006,22.494,161235.500,2.051,68.000
0.050,0.017,0.014,21.397,233740.750,6.843,68.000
0.047,0.002,0.013,22.971,250785.281,4.801,68.000
0.048,0.001,0.007,27.242,110389.211,2.198,68.000
0.049,0.009,0.014,20.850,249770.031,8.261,68.000
0.042,0.001,0.007,21.697,61486.695,1.371,68.000
0.053,0.001,0.015,25.116,177739.875,1.372,68.000
0.050,0.000,0.005,25.742,-13682.203,1.801,68.000
0.050,0.000,0.013,33.373,-14793.883,2.423,68.000
0.042,0.001,0.012,25.894,79294.508,0.241,68.000
0.001,0.012,0.012,21.500,192483.656,7.477,68.000
0.044,0.000,0.018,24.208,-21483.914,-0.163,68.000
0.050,0.000,0.013,33.169,-34785.648,-0.147,68.000
0.052,0.001,0.007,23.897,211670.875,3.883,68.000
0.003,0.013,0.011,21.170,193948.562,7.416,68.000
0.049,0.021,0.013,21.183,246318.812,8.537,68.000
0.055,0.001,0.018,21.070,197931.219,2.319,68.000
0.047,0.001,0.011,29.197,110822.992,2.136,68.000
0.051,0.026,0.014,24.405,232571.500,8.025,68.000
0.047,0.000,0.004,19.870,58230.586,1.279,68.000
0.044,0.001,0.010,27.070,114347.195,1.709,68.000
0.052,0.023,0.013,23.115,226959.594,6.809,68.000
0.043,0.001,0.018,21.821,80305.836,0.533,68.000
0.051,0.000,0.018,24.040,67646.383,1.242,68.000
0.056,0.002,0.011,21.800,212323.469,3.732,68.000
0.044,0.001,0.004,18.902,163893.406,1.478,68.000
0.051,0.001,0.018,27.344,85546.508,0.860,68.000
0.049,0.025,0.012,21.215,230423.312,9.092,68.000
0.048,0.008,0.011,21.702,280669.250,8.306,68.000
0.049,0.008,0.015,19.222,236475.219,7.193,68.000
0.055,0.001,0.006,21.975,180915.750,2.782,68.000
0.055,0.001,0.012,26.686,191805.969,3.644,68.000
0.097,0.012,0.013,20.532,202722.062,6.325,68.000
0.051,0.002,0.015,24.527,196258.750,2.883,68.000
0.056,0.000,0.009,28.124,-33673.992,1.778,68.000
0.050,0.001,0.010,25.700,257666.906,4.564,68.000
0.050,0.009,0.014,20.399,242561.312,8.241,68.000
0.051,0.008,0.014,20.459,246579.375,7.775,68.000
0.049,0.000,0.020,23.793,100359.961,1.785,68.000
0.053,0.001,0.018,21.869,197729.312,2.591,68.000
0.049,0.027,0.012,21.281,233696.531,8.733,68.000
0.002,0.013,0.014,20.871,225780.250,7.615,68.000
0.051,0.001,0.014,29.766,110399.008,1.824,68.000
0.055,0.001,0.017,20.747,208934.906,2.681,68.000
0.054,0.001,0.010,22.773,240121.844,4.644,68.000
0.052,0.001,0.009,23.360,255854.312,4.719,68.000
0.048,0.009,0.011,21.589,267012.031,8.542,68.000
0.052,0.000,0.016,29.132,10317.836,2.406,68.000
0.050,0.010,0.010,20.208,244310.812,8.149,68.000
0.052,0.003,0.011,22.072,265847.281,5.268,68.000
0.049,0.005,0.012,22.382,293507.000,7.369,68.000
0.050,0.006,0.012,22.607,272366.062,7.635,68.000
0.054,0.000,0.018,23.683,20261.188,-0.737,68.000
0.051,0.008,0.010,18.979,272899.281,7.502,68.000
0.049,0.004,0.014,22.716,227925.406,5.889,68.000
0.052,0.005,0.010,19.883,268126.094,6.107,68.000
0.048,0.021,0.013,21.621,252359.344,9.018,68.000
0.052,0.010,0.014,19.357,224665.469,7.327,68.000
0.051,0.024,0.010,20.904,217374.656,8.067,68.000
0.044,0.001,0.007,22.740,138513.281,1.934,68.000
0.059,0.000,0.007,24.236,-47345.922,3.578,68.000
0.051,0.024,0.013,23.781,226070.062,6.775,68.000
0.047,0.000,0.021,22.208,1086.641,-0.077,68.000
0.051,0.014,0.010,19.876,199149.781,7.110,68.000
0.041,0.000,0.013,25.921,26467.805,0.241,68.000
0.050,0.020,0.013,22.378,248692.500,7.580,68.000
0.051,0.004,0.011,21.378,284192.750,6.133,68.000
0.046,0.000,0.005,20.002,49507.383,2.448,68.000
0.047,0.001,0.004,22.327,132234.938,1.518,68.000
0.051,0.003,0.014,23.639,208849.531,4.093,68.000
0.048,0.014,0.013,19.923,229123.125,7.851,68.000
0.050,0.015,0.012,20.860,222212.844,7.391,68.000
0.049,0.022,0.012,21.568,236683.781,8.657,68.000
0.048,0.026,0.012,19.847,232936.750,10.028,68.000
0.059,0.001,0.008,19.970,161099.938,2.490,68.000
0.050,0.014,0.012,21.199,234039.250,7.939,68.000
0.052,0.017,0.013,22.191,217600.250,6.207,68.000
0.051,0.018,0.010,20.458,213557.062,8.659,68.000
0.059,0.001,0.013,22.515,82928.539,-0.706,68.000
0.051,0.001,0.001,21.127,185155.250,2.212,68.000
0.051,0.000,0.008,27.376,37479.555,4.609,68.000
0.048,0.013,0.013,20.151,250576.250,8.780,68.000
0.055,0.002,0.017,20.692,198184.031,2.331,68.000
0.098,0.013,0.012,21.322,214463.531,7.504,68.000
0.052,0.010,0.012,20.359,214513.625,7.399,68.000
0.048,0.000,0.004,24.849,-13886.641,1.239,68.000
0.049,0.014,0.010,20.688,224987.594,8.026,68.000
0.054,0.000,0.005,24.600,-5119.398,0.582,68.000
0.052,0.002,0.017,22.656,200227.469,3.276,68.000
0.052,0.001,0.020,22.027,186857.312,3.041,68.000
0.046,0.002,0.011,21.449,253771.906,3.956,68.000
0.049,0.001,0.015,27.457,164812.031,2.212,68.000
0.043,0.002,0.015,19.289,178160.406,3.103,68.000
0.002,0.014,0.011,21.498,208422.906,7.683,68.000
0.002,0.012,0.011,21.280,184806.031,7.595,68.000
0.100,0.012,0.011,25.111,-21388.344,10.464,68.000
0.056,0.001,0.014,22.651,182613.469,2.049,68.000
0.051,0.010,0.014,19.681,223063.281,7.632,68.000
0.048,0.021,0.012,20.342,234296.438,9.581,68.000
0.050,0.007,0.009,19.447,263969.438,7.132,68.000
0.048,0.005,0.011,21.832,281600.500,6.802,68.000
0.042,0.001,0.010,23.948,135898.281,1.681,68.000
0.051,0.018,0.013,21.964,226700.656,6.891,68.000
0.048,0.001,0.023,20.937,110636.336,1.475,68.000
0.051,0.001,0.004,22.896,180516.094,2.436,68.000
0.050,0.005,0.011,21.060,290717.312,6.780,68.000
0.055,0.001,0.013,23.593,200328.156,3.845,68.000
0.047,0.001,0.022,21.697,168411.719,2.832,68.000
0.049,0.017,0.013,19.698,232736.375,8.003,68.000
0.054,0.002,0.018,21.378,198982.125,2.545,68.000
0.051,0.016,0.010,20.065,212948.312,8.030,68.000
0.052,0.011,0.013,20.612,218000.906,7.550,68.000
0.052,0.001,0.021,21.191,186169.375,3.118,68.000
0.052,0.024,0.013,23.934,223356.969,6.525,68.000
0.051,0.016,0.013,21.518,214812.375,6.376,68.000
0.049,0.018,0.014,21.296,242454.469,7.617,68.000
0.044,0.001,0.009,22.064,193568.406,2.340,68.000
0.050,0.004,0.013,22.950,241212.562,5.699,68.000
0.056,0.000,0.014,29.045,-7929.578,4.125,68.000
0.044,0.000,0.012,28.847,-41848.297,-0.734,68.000
0.052,0.001,0.001,21.765,116983.320,1.200,68.000
0.044,0.001,0.010,24.674,179146.438,2.196,68.000
0.050,0.008,0.011,20.950,286973.594,8.571,68.000
0.051,0.010,0.013,20.622,234842.719,8.162,68.000
0.052,0.018,0.012,22.251,208892.438,6.351,68.000
0.049,0.010,0.013,20.593,245035.438,8.634,68.000
0.050,0.019,0.014,22.401,250489.406,7.196,68.000
0.041,0.000,0.012,20.548,38597.320,-0.863,68.000
0.050,0.005,0.010,20.035,274629.688,6.481,68.000
0.042,0.001,0.006,20.370,76270.680,1.527,68.000
0.041,0.000,0.014,21.092,75885.633,0.727,68.000
0.051,0.027,0.012,21.943,100448.586,-0.030,68.000
0.049,0.018,0.012,19.164,228264.031,9.254,68.000
0.057,0.000,0.011,26.920,1897.961,2.628,68.000
0.043,0.000,0.013,26.540,77493.570,2.044,68.000
0.050,0.021,0.014,22.852,246334.000,7.266,68.000
0.050,0.012,0.014,20.071,229332.469,7.736,68.000
0.051,0.000,0.013,33.882,-79004.523,0.131,68.000
0.044,0.001,0.017,22.157,145448.656,2.281,68.000
0.039,0.001,0.015,16.607,114572.883,2.453,68.000
0.053,0.000,0.020,21.048,58890.320,2.816,68.000
0.052,0.005,0.014,21.160,219078.250,5.486,68.000
0.057,0.000,0.005,19.791,80151.398,1.044,68.000
0.053,0.000,0.017,25.657,-53707.480,-2.761,68.000
0.048,0.000,0.013,28.065,16843.602,0.909,68.000
0.051,0.025,0.012,22.458,224432.375,7.194,68.000
0.054,0.002,0.018,21.522,197479.594,2.669,68.000
0.098,0.013,0.012,21.276,208553.156,7.572,68.000
0.056,0.001,0.016,21.902,204830.344,1.717,68.000
0.059,0.001,0.011,22.039,149311.969,2.143,68.000
0.049,0.003,0.012,22.971,276487.875,5.821,68.000
0.048,0.001,0.010,24.587,265131.375,3.999,68.000
0.051,0.000,0.015,31.784,-3044.586,2.025,68.000
0.044,0.001,0.014,19.828,198018.469,3.445,68.000
0.047,0.002,0.016,23.025,187045.812,3.045,68.000
0.045,0.001,0.007,21.754,177130.156,2.204,68.000
0.056,0.000,0.006,23.021,6112.406,2.351,68.000
0.046,0.001,0.019,21.232,172350.531,2.570,68.000
0.042,0.001,0.012,21.688,189537.594,2.424,68.000
0.050,0.001,0.004,21.649,196529.906,2.060,68.000
0.051,0.000,0.002,24.859,-22088.023,0.339,68.000
0.045,0.001,0.011,22.689,235008.625,2.950,68.000
0.057,0.001,0.012,26.659,64750.992,1.383,68.000
0.046,0.001,0.014,28.722,75311.023,1.591,68.000
0.050,0.018,0.011,19.908,220988.000,8.913,68.000
0.058,0.001,0.012,23.057,158095.156,2.290,68.000
0.049,0.018,0.011,19.500,227587.500,9.438,68.000
0.051,0.001,0.019,23.578,162422.375,2.515,68.000
0.052,0.000,0.007,26.590,37984.664,3.147,68.000
0.052,0.024,0.011,22.514,215382.812,7.115,68.000
0.048,0.024,0.012,20.687,230089.688,10.121,68.000
0.048,0.003,0.014,23.311,234310.781,5.850,68.000
0.048,0.000,0.010,33.253,-65620.328,0.895,68.000
0.050,0.022,0.011,21.049,218838.625,8.755,68.000
0.050,0.021,0.011,20.660,218022.969,9.027,68.000
0.049,0.024,0.011,20.955,218220.406,9.313,68.000
0.050,0.002,0.017,22.736,202473.594,3.080,68.000
0.049,0.001,0.013,27.212,190108.125,3.384,68.000
0.048,0.025,0.010,18.976,224123.375,9.759,68.000
0.053,0.001,0.020,21.668,183615.562,3.003,68.000
0.049,0.025,0.013,22.019,232622.406,8.531,68.000
0.049,0.001,0.003,25.140,12546.547,1.012,68.000
0.051,0.013,0.014,19.345,220611.906,6.869,68.000
0.000,0.012,0.013,23.458,72364.242,6.074,68.000
0.049,0.014,0.010,19.978,228863.656,8.293,68.000
0.050,0.007,0.015,19.784,233964.969,6.856,68.000
0.051,0.009,0.012,20.647,240165.844,8.419,68.000
0.051,0.001,0.004,20.575,227166.188,2.446,68.000
0.056,0.001,0.005,18.646,229069.625,2.638,68.000
0.040,0.001,0.009,22.188,85700.883,0.541,68.000
0.050,0.013,0.010,20.407,212540.969,7.418,68.000
0.054,0.001,0.018,23.746,167986.656,1.640,68.000
0.045,0.001,0.010,25.533,216147.594,2.968,68.000
0.055,0.001,0.003,19.468,205987.781,2.535,68.000
0.054,0.002,0.017,21.354,204818.625,2.812,68.000
0.053,0.000,0.019,24.346,-3477.164,0.131,68.000
0.041,0.001,0.016,19.101,92521.695,1.822,68.000
0.054,0.000,0.003,22.181,60273.430,1.288,68.000
0.054,0.001,0.004,18.221,235180.469,2.520,68.000
0.057,0.001,0.016,20.196,195573.188,1.396,68.000
0.045,0.002,0.017,21.788,161851.375,2.534,68.000
0.052,0.013,0.013,21.714,208930.188,6.604,68.000
0.049,0.012,0.012,20.094,246433.906,8.983,68.000
0.049,0.012,0.011,20.332,227929.156,7.978,68.000
0.050,0.000,0.020,20.783,47572.773,1.520,68.000
0.049,0.024,0.013,21.922,234516.188,8.517,68.000
0.049,0.009,0.012,20.904,263877.125,8.962,68.000
0.051,0.018,0.010,20.144,210472.500,8.447,68.000
0.051,0.000,0.012,28.487,94757.164,2.665,68.000
0.046,0.001,0.005,21.180,170767.906,1.863,68.000
0.051,0.013,0.010,20.157,207630.812,7.164,68.000
0.043,0.001,0.012,26.266,101044.992,0.981,68.000
0.047,0.001,0.022,21.234,163614.250,2.700,68.000
0.045,0.001,0.017,22.149,168263.844,2.659,68.000
0.048,0.022,0.011,20.210,222575.625,9.827,68.000
0.055,0.001,0.004,18.547,233514.500,2.609,68.000
0.054,0.000,0.015,28.088,31143.367,1.685,68.000
0.051,0.012,0.010,19.647,205628.031,6.900,68.000
0.048,0.005,0.013,22.913,260652.438,7.119,68.000
0.059,0.000,0.015,19.992,111641.867,2.938,68.000
0.049,0.017,0.014,21.619,243110.250,7.153,68.000
0.051,0.007,0.011,20.490,284308.500,7.825,68.000
0.056,0.001,0.006,24.528,73451.180,1.428,68.000
0.052,0.013,0.013,22.245,206525.781,6.685,68.000
0.050,0.026,0.014,23.726,235019.812,8.431,68.000
0.043,0.001,0.017,21.325,131955.844,1.864,68.000
0.048,0.012,0.014,20.029,232591.094,7.872,68.000
0.049,0.004,0.013,23.331,246699.438,6.127,68.000
0.048,0.006,0.012,22.625,294579.594,8.163,68.000
0.050,0.004,0.010,20.838,276897.531,6.146,68.000
0.049,0.001,0.022,21.085,169926.344,2.851,68.000
0.050,0.003,0.014,23.361,222517.562,5.183,68.000
0.051,0.001,0.010,24.689,259747.000,4.417,68.000
0.051,0.002,0.011,22.194,275076.594,5.169,68.000
0.051,0.007,0.012,21.480,281642.094,7.943,68.000
0.050,0.010,0.011,20.844,252366.344,8.762,68.000
0.052,0.001,0.011,23.472,259196.875,4.807,68.000
0.052,0.019,0.013,22.614,217787.500,6.562,68.000
0.053,0.000,0.008,26.493,6533.523,2.483,68.000
0.051,0.024,0.011,21.531,218632.438,7.930,68.000
0.052,0.008,0.013,20.870,226058.125,7.215,68.000
0.052,0.003,0.011,21.654,272595.312,5.344,68.000
0.058,0.001,0.012,21.634,164179.938,2.425,68.000
0.055,0.001,0.008,23.113,193662.844,3.358,68.000
0.045,0.001,0.008,26.983,90431.445,1.835,68.000
0.051,0.020,0.012,21.932,235463.906,7.638,68.000
0.048,0.000,0.012,33.329,-43004.613,-0.254,68.000
0.052,0.007,0.012,20.845,260291.000,7.325,68.000
0.099,0.012,0.013,21.380,215794.094,6.697,68.000
0.045,0.001,0.007,25.390,166676.438,2.541,68.000
0.057,0.001,0.006,22.971,129789.445,2.400,68.000
0.001,0.013,0.011,21.467,203439.938,7.654,68.000
0.050,0.007,0.011,20.882,294513.469,8.466,68.000
0.056,0.001,0.006,20.766,204305.375,2.762,68.000
0.056,0.001,0.004,20.815,176395.156,2.384,68.000
0.041,0.001,0.016,19.321,101387.242,1.822,68.000
0.052,0.012,0.010,19.858,198174.000,6.890,68.000
0.048,0.004,0.010,21.507,264402.688,5.727,68.000
0.051,0.003,0.011,21.840,277396.375,5.618,68.000
0.047,0.001,0.002,21.345,84959.727,1.190,68.000
0.052,0.021,0.014,22.973,237348.562,6.572,68.000
0.053,0.001,0.012,24.382,227853.938,4.427,68.000
0.047,0.000,0.003,18.549,58404.195,0.571,68.000
0.051,0.025,0.010,20.895,221084.281,8.097,68.000
0.058,0.001,0.009,24.351,94959.164,2.855,68.000
0.043,0.000,0.005,16.815,27551.461,1.121,68.000
0.054,0.002,0.012,23.171,238849.062,4.519,68.000
0.051,0.016,0.013,21.473,207474.656,6.267,68.000
0.057,0.000,0.006,22.514,-3881.836,2.279,68.000
0.048,0.001,0.022,21.599,113977.336,1.642,68.000
0.051,0.000,0.021,20.632,62416.789,1.882,68.000
0.051,0.020,0.011,20.927,214772.188,8.467,68.000
0.045,0.001,0.018,24.741,55061.492,0.116,68.000
0.052,0.005,0.014,21.357,210522.531,5.391,68.000
0.047,0.001,0.014,23.518,201391.406,3.689,68.000
0.045,0.001,0.004,18.428,171781.188,1.147,68.000
0.059,0.001,0.014,22.469,152089.656,0.392,68.000
0.002,0.011,0.013,20.883,197318.281,7.689,68.000
0.047,0.001,0.007,22.413,221927.562,3.159,68.000
0.047,0.000,0.016,28.275,-14528.430,-1.285,68.000
0.050,0.020,0.010,20.726,218336.938,9.281,68.000
0.050,0.020,0.014,22.730,254084.719,7.478,68.000
0.048,0.000,0.015,26.885,69957.555,1.399,68.000
0.043,0.000,0.010,26.746,-3595.062,2.346,68.000
0.048,0.014,0.013,20.089,245915.406,8.847,68.000
0.051,0.007,0.014,19.839,238410.938,7.273,68.000
0.001,0.013,0.013,21.760,200539.062,6.987,68.000
0.098,0.011,0.013,21.118,206299.188,6.089,68.000
0.050,0.012,0.013,21.053,228567.125,7.999,68.000
0.051,0.019,0.012,20.966,219182.125,7.871,68.000
0.048,0.000,0.017,26.843,-2933.906,-0.286,68.000
0.049,0.000,0.006,25.393,43534.555,1.790,68.000
0.049,0.014,0.011,19.968,235874.219,8.292,68.000
0.055,0.001,0.011,22.692,235511.375,4.504,68.000
0.045,0.001,0.019,22.623,165877.312,2.228,68.000
0.051,0.024,0.013,23.647,225780.219,6.813,68.000
0.051,0.000,0.016,28.895,44467.242,0.464,68.000
0.047,0.001,0.003,21.823,103134.289,1.165,68.000
0.048,0.007,0.013,22.264,277076.375,8.222,68.000
0.052,0.024,0.013,23.588,225370.625,6.664,68.000
0.051,0.007,0.014,19.642,233036.562,7.052,68.000
0.052,0.000,0.018,23.431,87502.477,2.014,68.000
0.050,0.008,0.015,18.694,240125.875,7.200,68.000
0.053,0.001,0.017,22.192,204364.438,3.087,68.000
0.048,0.003,0.010,22.393,270042.188,5.445,68.000
0.051,0.013,0.010,19.863,205214.250,7.107,68.000
0.099,0.013,0.011,25.389,157848.469,7.193,68.000
0.042,0.001,0.014,19.639,178617.406,3.173,68.000
0.053,0.001,0.019,23.311,139486.781,1.880,68.000
0.059,0.001,0.007,25.693,-8034.680,0.954,68.000
0.043,0.001,0.010,23.559,164252.625,1.849,68.000
0.051,0.010,0.013,20.259,225610.469,7.904,68.000
0.052,0.027,0.010,18.856,166328.438,5.248,68.000
0.049,0.000,0.001,21.286,39340.289,-0.173,68.000
0.049,0.000,0.003,28.176,-52839.430,0.408,68.000
0.040,0.001,0.016,20.049,46851.914,0.720,68.000
0.060,0.001,0.015,20.202,129549.945,-0.724,68.000
0.047,0.000,0.007,24.649,84541.992,1.433,68.000
0.049,0.011,0.012,20.126,254197.969,9.098,68.000
0.049,0.012,0.013,20.605,239950.562,8.474,68.000
0.045,0.001,0.017,22.183,161469.969,2.182,68.000
0.046,0.001,0.019,22.253,175234.938,2.422,68.000
0.056,0.002,0.013,23.101,172714.656,3.224,68.000
0.050,0.012,0.012,20.688,225878.875,8.136,68.000
0.047,0.000,0.005,21.199,117548.742,1.384,68.000
0.059,0.001,0.014,23.648,142216.500,0.621,68.000
0.044,0.000,0.006,22.048,-43422.137,0.194,68.000
0.048,0.007,0.013,22.269,284420.719,8.361,68.000
0.047,0.001,0.007,22.652,208116.000,2.780,68.000
0.048,0.020,0.013,20.341,251712.281,9.228,68.000
0.050,0.002,0.009,23.221,274176.250,4.934,68.000
0.051,0.018,0.012,21.324,213066.281,7.035,68.000
0.058,0.000,0.018,21.392,67683.727,3.176,68.000
0.051,0.001,0.015,24.951,195875.469,2.430,68.000
0.051,0.009,0.014,18.927,236824.531,7.344,68.000
0.050,0.017,0.014,21.324,234159.531,6.967,68.000
0.048,0.023,0.012,20.612,230722.406,9.848,68.000
0.052,0.000,0.018,26.034,-56851.797,-1.335,68.000
0.050,0.010,0.012,20.808,247885.625,8.637,68.000
0.060,0.001,0.011,20.311,150603.156,1.885,68.000
0.052,0.021,0.011,21.567,209728.250,7.680,68.000
0.052,0.000,0.015,29.380,-10968.234,-1.670,68.000
0.049,0.001,0.019,23.126,160188.969,2.060,68.000
0.050,0.000,0.017,25.772,20823.672,-1.788,68.000
0.050,0.026,0.013,22.884,232942.531,8.135,68.000
0.050,0.024,0.013,22.900,229645.875,7.609,68.000
0.052,0.019,0.013,22.565,228581.531,6.904,68.000
0.051,0.008,0.010,18.726,259053.781,7.162,68.000
0.049,0.008,0.010,19.939,264778.688,7.836,68.000
0.042,0.001,0.016,18.731,120529.930,2.154,68.000
0.047,0.000,0.016,27.983,-23015.047,-0.434,68.000
0.052,0.002,0.017,23.192,207100.562,3.308,68.000
0.050,0.018,0.014,21.792,241506.094,6.904,68.000
0.042,0.001,0.008,22.014,117067.477,1.212,68.000
0.050,0.024,0.013,23.031,230531.875,7.829,68.000
0.048,0.012,0.012,19.858,259726.594,9.350,68.000
0.043,0.001,0.004,20.597,80690.289,1.584,68.000
0.051,0.016,0.014,21.620,225046.469,6.352,68.000
0.051,0.002,0.018,21.916,190097.000,2.735,68.000
0.002,0.012,0.011,21.355,180482.594,7.741,68.000
0.045,0.001,0.017,23.398,160694.094,2.191,68.000
0.050,0.001,0.010,26.979,247127.906,4.312,68.000
0.053,0.001,0.015,23.848,203767.031,2.021,68.000
0.047,0.000,0.009,30.217,-60456.496,0.825,68.000
0.053,0.000,0.015,33.453,18327.422,0.653,68.000
0.048,0.016,0.013,20.282,239470.438,7.747,68.000
0.044,0.001,0.014,20.531,206733.656,3.824,68.000
0.049,0.008,0.013,21.523,269517.062,8.678,68.000
0.042,0.001,0.005,19.287,122686.477,1.774,68.000
0.057,0.001,0.012,24.321,157845.594,2.529,68.000
0.051,0.014,0.013,21.512,220457.625,7.174,68.000
0.047,0.001,0.016,27.073,100371.570,0.742,68.000
0.050,0.005,0.014,22.326,222006.562,5.957,68.000
0.052,0.001,0.004,19.398,232955.844,2.340,68.000
0.048,0.002,0.006,21.696,220017.719,2.958,68.000
0.051,0.000,0.017,28.414,-73529.742,1.027,68.000
0.050,0.026,0.011,20.169,232740.062,8.730,68.000
0.059,0.001,0.011,20.782,163357.281,2.326,68.000
0.055,0.001,0.008,23.216,194800.969,3.556,68.000
0.058,0.001,0.017,19.619,184962.281,1.104,68.000
0.045,0.001,0.014,23.884,200695.219,3.395,68.000
0.050,0.018,0.012,20.824,226530.312,7.787,68.000
0.043,0.002,0.010,20.964,206119.656,2.635,68.000
0.054,0.001,0.004,18.511,228917.125,2.437,68.000
0.049,0.022,0.013,22.202,245767.531,8.328,68.000
0.047,0.001,0.019,23.945,89699.148,1.045,68.000
0.050,0.009,0.014,20.703,247589.625,8.291,68.000
0.050,0.021,0.013,21.907,239198.469,7.936,68.000
0.051,0.021,0.012,21.834,223622.031,7.516,68.000
0.049,0.020,0.010,20.093,221361.094,9.874,68.000
0.051,0.006,0.012,22.082,268653.250,7.574,68.000
0.058,0.001,0.011,21.592,176061.938,2.660,68.000
0.048,0.001,0.009,25.018,242664.969,3.782,68.000
0.099,0.011,0.013,21.167,206601.344,6.272,68.000
0.049,0.016,0.011,20.113,237137.625,9.276,68.000
0.050,0.024,0.011,20.957,218541.562,8.710,68.000
0.055,0.001,0.020,21.688,170924.625,2.730,68.000
0.051,0.023,0.014,23.607,231982.594,7.441,68.000
0.051,0.023,0.013,23.035,230099.219,7.284,68.000
0.049,0.001,0.014,24.425,201865.562,3.647,68.000
0.057,0.001,0.006,20.464,194110.031,2.651,68.000
0.048,0.006,0.011,21.676,294515.031,7.593,68.000
0.055,0.002,0.012,22.574,207810.969,3.942,68.000
0.051,0.008,0.011,20.133,269571.344,8.092,68.000
0.055,0.001,0.018,23.704,134511.969,1.197,68.000
0.049,0.000,0.009,28.172,108558.805,1.348,68.000
0.046,0.002,0.015,22.835,188026.156,3.165,68.000
0.049,0.020,0.013,21.364,251606.375,8.275,68.000
0.052,0.000,0.009,28.705,32988.805,2.687,68.000
0.051,0.012,0.013,21.657,213992.062,7.390,68.000
0.048,0.006,0.011,21.799,285987.156,7.342,68.000
0.051,0.007,0.011,20.009,287950.344,7.633,68.000
0.052,0.026,0.013,23.703,220629.094,6.343,68.000
0.048,0.003,0.010,22.060,265312.688,5.318,68.000
0.050,0.015,0.014,19.754,223739.844,6.494,68.000
0.052,0.000,0.006,25.926,60905.836,1.724,68.000
0.049,0.013,0.013,20.285,247149.281,8.716,68.000
0.001,0.013,0.012,21.226,206500.750,7.736,68.000
0.045,0.001,0.016,23.510,129213.914,1.790,68.000
0.054,0.001,0.004,22.300,94572.164,0.502,68.000
0.055,0.001,0.012,29.717,83819.961,1.926,68.000
0.058,0.000,0.014,25.988,-35664.805,-1.335,68.000
0.058,0.000,0.014,22.977,-2525.141,0.484,68.000
0.053,0.001,0.006,20.382,217258.938,2.364,68.000
0.048,0.009,0.011,21.405,260232.719,8.857,68.000
0.051,0.003,0.012,22.151,258371.062,5.667,68.000
0.050,0.001,0.020,21.706,183397.094,3.268,68.000
0.055,0.001,0.020,21.886,173139.938,2.391,68.000
0.040,0.001,0.008,19.926,95077.617,0.898,68.000
0.050,0.001,0.004,19.073,223036.594,1.810,68.000
0.048,0.001,0.020,21.540,178473.625,3.015,68.000
0.050,0.016,0.011,20.043,220702.062,8.400,68.000
0.044,0.001,0.019,21.320,149878.188,1.786,68.000
0.049,0.016,0.010,19.853,227360.875,9.240,68.000
0.049,0.005,0.010,20.886,265088.969,5.856,68.000
0.049,0.023,0.010,20.204,220617.531,9.488,68.000
0.049,0.006,0.011,20.880,292095.875,7.530,68.000
0.053,0.001,0.003,21.951,129560.383,1.654,68.000
0.051,0.008,0.011,19.601,253771.844,7.716,68.000
0.052,0.002,0.011,23.185,259722.094,4.670,68.000
0.051,0.001,0.011,30.358,152340.688,3.283,68.000
0.051,0.025,0.011,22.076,222313.125,7.837,68.000
0.049,0.009,0.014,19.028,232238.594,7.543,68.000
0.048,0.001,0.013,28.073,180192.500,3.340,68.000
0.051,0.008,0.011,19.616,260418.656,7.715,68.000
0.057,0.000,0.006,23.035,30030.945,2.019,68.000
0.052,0.010,0.011,19.679,204879.656,7.035,68.000
0.049,0.016,0.012,19.527,235072.156,8.310,68.000
0.058,0.001,0.009,22.579,163364.812,3.487,68.000
0.051,0.005,0.013,21.823,234982.625,5.601,68.000
0.054,0.000,0.009,33.080,-26015.391,-0.519,68.000
0.049,0.011,0.012,20.298,252350.906,8.983,68.000
0.050,0.021,0.012,20.966,236163.094,8.664,68.000
0.049,0.001,0.019,23.541,129422.461,1.457,68.000
0.054,0.001,0.008,25.874,145657.969,3.009,68.000
0.049,0.001,0.017,24.054,202071.062,2.496,68.000
0.099,0.011,0.012,24.850,160692.375,6.359,68.000
0.044,0.001,0.009,25.840,105358.648,1.607,68.000
0.046,0.001,0.015,24.075,191852.781,2.904,68.000
0.057,0.001,0.005,22.225,107799.055,1.482,68.000
0.051,0.008,0.013,21.394,235573.469,7.775,68.000
0.053,0.001,0.011,32.293,69071.195,2.073,68.000
0.060,0.001,0.009,20.775,165597.531,2.676,68.000
0.098,0.013,0.012,20.944,207568.281,7.402,68.000
0.048,0.009,0.012,21.368,277011.562,9.167,68.000
0.052,0.015,0.013,22.009,196336.969,5.722,68.000
0.049,0.006,0.013,23.072,269932.094,7.444,68.000
0.049,0.013,0.011,19.732,250067.906,8.773,68.000
0.041,0.001,0.010,21.328,121872.164,1.361,68.000
0.049,0.000,0.014,28.224,37848.648,0.293,68.000
0.051,0.008,0.012,21.318,266926.688,8.146,68.000
0.044,0.001,0.006,21.497,138935.969,1.818,68.000
0.050,0.015,0.012,21.141,224097.969,7.607,68.000
0.052,0.013,0.011,20.542,191287.812,6.568,68.000
0.049,0.011,0.013,20.335,246578.344,8.829,68.000
0.049,0.006,0.012,22.548,294235.938,7.649,68.000
0.052,0.005,0.013,21.460,233238.281,5.880,68.000
0.049,0.008,0.013,21.702,264647.969,8.502,68.000
0.047,0.000,0.004,22.164,41197.289,1.673,68.000
0.052,0.009,0.012,20.727,227676.062,7.668,68.000
0.050,0.008,0.010,20.025,277981.406,8.251,68.000
0.051,0.017,0.012,21.242,212990.906,6.768,68.000
0.048,0.013,0.010,20.043,243888.406,8.534,68.000
0.045,0.000,0.007,27.633,-18459.633,-0.082,68.000
0.048,0.023,0.011,20.226,224898.625,9.795,68.000
0.049,0.012,0.011,19.807,251798.188,9.020,68.000
0.050,0.005,0.010,20.144,278418.344,6.480,68.000
0.050,0.001,0.004,19.069,226870.688,1.965,68.000
0.048,0.016,0.012,19.531,240781.281,9.122,68.000
0.049,0.017,0.011,20.122,224376.312,9.349,68.000
0.041,0.001,0.007,19.715,108319.930,1.179,68.000
0.050,0.005,0.011,20.907,286883.062,6.556,68.000
0.048,0.026,0.011,18.763,242891.625,10.194,68.000
0.051,0.012,0.012,21.442,217719.969,7.610,68.000
0.051,0.014,0.013,22.057,213747.125,6.935,68.000
0.051,0.002,0.014,23.783,211787.125,4.180,68.000
0.050,0.013,0.010,20.558,216468.719,7.554,68.000
0.048,0.001,0.020,20.911,175850.406,3.016,68.000
0.055,0.000,0.003,24.585,-2154.805,2.173,68.000
0.046,0.001,0.006,21.550,192176.906,2.369,68.000
0.051,0.017,0.013,21.679,227990.875,6.760,68.000
0.045,0.002,0.010,21.358,237261.156,3.172,68.000
0.050,0.019,0.013,21.253,239408.625,8.047,68.000
0.056,0.000,0.010,27.723,-140.062,2.256,68.000
0.041,0.000,0.006,22.083,-8677.852,0.998,68.000
0.049,0.012,0.011,19.716,249750.531,8.890,68.000
0.051,0.027,0.011,17.081,315786.156,10.440,68.000
0.050,0.005,0.014,22.279,226366.688,5.791,68.000
0.044,0.001,0.004,18.328,165782.656,1.185,68.000
0.051,0.018,0.014,22.252,231936.531,6.608,68.000
0.042,0.000,0.011,26.559,-14042.789,-0.375,68.000
0.052,0.000,0.013,28.409,61461.992,1.909,68.000
0.051,0.018,0.014,22.391,233674.656,6.584,68.000
0.049,0.006,0.013,22.902,272124.719,7.650,68.000
0.049,0.009,0.014,20.048,242295.625,7.985,68.000
0.049,0.027,0.014,22.659,173159.094,6.875,68.000
0.051,0.014,0.010,20.008,206309.094,7.309,68.000
0.047,0.002,0.013,22.942,239668.188,4.651,68.000
0.058,0.000,0.019,20.682,108667.398,0.743,68.000
0.043,0.001,0.011,24.408,139697.656,1.655,68.000
0.053,0.002,0.019,22.374,186255.125,2.514,68.000
0.048,0.007,0.010,20.723,270063.469,7.355,68.000
0.050,0.022,0.011,20.998,222994.531,8.920,68.000
0.042,0.001,0.006,19.358,118021.742,1.611,68.000
0.049,0.011,0.012,20.040,253935.406,9.113,68.000
0.052,0.012,0.011,19.928,195701.969,6.955,68.000
0.045,0.001,0.009,25.016,204145.094,2.675,68.000
0.052,0.015,0.012,22.013,200011.000,6.472,68.000
0.048,0.007,0.011,21.936,291591.656,8.226,68.000
0.055,0.001,0.003,20.987,149360.719,1.743,68.000
0.053,0.001,0.022,22.431,64683.852,1.418,68.000
0.051,0.022,0.011,21.499,220728.719,8.404,68.000
0.040,0.000,0.010,20.087,2421.188,-2.103,68.000
0.051,0.006,0.012,21.451,261434.781,7.020,68.000
0.055,0.000,0.010,30.147,-31509.906,1.484,68.000
0.052,0.025,0.011,22.459,218290.312,7.187,68.000
0.001,0.011,0.011,21.427,175981.781,7.792,68.000
0.050,0.005,0.012,21.812,295086.344,7.096,68.000
0.052,0.012,0.013,21.810,201796.844,6.606,68.000
0.051,0.020,0.012,21.268,220942.406,7.856,68.000
0.049,0.003,0.010,22.716,274824.719,5.258,68.000
0.048,0.019,0.010,19.772,229074.625,10.233,68.000
0.051,0.001,0.015,24.865,198024.938,3.139,68.000
0.050,0.019,0.011,20.253,221128.656,8.714,68.000
0.000,0.013,0.012,22.885,67173.539,5.325,68.000
0.041,0.001,0.015,18.098,129468.898,2.677,68.000
0.055,0.000,0.019,22.537,92282.820,3.379,68.000
0.050,0.021,0.012,21.190,230556.188,8.630,68.000
0.044,0.001,0.007,22.521,130108.242,1.919,68.000
0.054,0.001,0.008,23.965,203248.500,3.895,68.000
0.053,0.000,0.003,22.643,40748.898,0.978,68.000
0.051,0.023,0.011,21.573,215211.406,7.754,68.000
0.055,0.001,0.004,17.952,238025.875,2.482,68.000
0.051,0.019,0.013,21.951,231232.438,7.373,68.000
0.051,0.027,0.014,24.207,209411.250,6.787,68.000
0.098,0.011,0.013,21.063,203996.562,6.116,68.000
0.052,0.001,0.004,22.293,147669.156,1.808,68.000
0.049,0.003,0.011,22.109,278589.906,5.927,68.000
0.049,0.008,0.010,20.699,271739.344,7.802,68.000
0.054,0.001,0.017,22.757,208688.938,2.243,68.000
0.048,0.001,0.019,21.679,184673.750,2.819,68.000
0.047,0.001,0.020,21.647,172989.125,2.572,68.000
0.053,0.001,0.015,26.763,136790.250,0.676,68.000
0.058,0.001,0.009,25.064,34140.539,1.564,68.000
0.052,0.002,0.016,23.602,212010.219,2.966,68.000
0.049,0.001,0.014,29.316,136097.875,2.094,68.000
0.051,0.008,0.012,21.629,255020.531,8.343,68.000
0.052,0.000,0.021,23.469,44.617,1.415,68.000
0.052,0.012,0.013,21.697,209965.438,7.152,68.000
0.051,0.001,0.005,20.221,223392.656,2.334,68.000
0.045,0.001,0.009,27.359,83712.492,1.578,68.000
0.050,0.007,0.014,20.616,246568.500,7.535,68.000
0.055,0.001,0.005,20.161,210806.344,2.711,68.000
0.048,0.000,0.008,29.458,-13067.258,0.440,68.000
0.051,0.006,0.011,20.420,277571.844,7.145,68.000
0.049,0.010,0.013,20.752,242170.906,8.484,68.000
0.044,0.001,0.012,22.666,220937.281,2.969,68.000
0.002,0.012,0.013,20.877,220513.906,7.754,68.000
0.002,0.012,0.012,21.253,194692.125,7.591,68.000
0.050,0.025,0.014,23.569,231303.781,8.208,68.000
0.049,0.019,0.013,21.375,257925.031,8.145,68.000
0.056,0.001,0.010,23.654,196866.375,3.926,68.000
0.052,0.007,0.012,21.409,250458.469,7.413,68.000
0.041,0.001,0.018,19.725,74212.602,0.711,68.000
0.048,0.003,0.012,22.709,281703.781,6.258,68.000
0.044,0.000,0.004,21.439,-3025.844,-0.062,68.000
0.058,0.000,0.015,23.227,-13065.141,2.162,68.000
0.054,0.001,0.018,23.354,165637.406,1.804,68.000
0.049,0.022,0.013,22.098,242857.312,8.481,68.000
0.044,0.000,0.004,19.647,-1587.930,0.115,68.000
0.050,0.019,0.012,20.927,232556.219,7.994,68.000
0.049,0.018,0.012,19.240,239322.094,8.707,68.000
0.002,0.013,0.012,21.094,219498.438,7.562,68.000
0.049,0.024,0.014,22.605,234817.844,8.472,68.000
0.049,0.024,0.011,21.130,219641.969,9.122,68.000
0.048,0.001,0.011,24.915,260868.219,3.997,68.000
0.043,0.001,0.012,25.617,115823.852,0.898,68.000
0.002,0.012,0.011,21.489,186752.750,7.655,68.000
0.049,0.009,0.015,18.449,227387.500,7.246,68.000
0.047,0.001,0.017,26.785,98962.805,0.301,68.000
0.052,0.000,0.015,25.684,24470.320,1.414,68.000
0.051,0.019,0.010,20.917,212593.812,8.417,68.000
0.048,0.002,0.011,22.348,265997.688,4.950,68.000
0.046,0.001,0.004,19.021,189656.375,1.199,68.000
0.050,0.004,0.009,21.615,273807.188,5.509,68.000
0.049,0.022,0.013,22.180,242222.688,8.260,68.000
0.044,0.001,0.015,21.127,174293.438,2.744,68.000
0.046,0.000,0.003,20.788,69201.523,0.232,68.000
0.045,0.000,0.010,32.301,-65234.379,-1.798,68.000
0.048,0.009,0.012,21.580,273810.250,9.042,68.000
0.051,0.009,0.012,21.185,243089.469,8.019,68.000
0.051,0.025,0.011,22.181,224051.281,7.764,68.000
0.051,0.008,0.012,21.781,262719.094,8.087,68.000
0.048,0.004,0.011,22.151,279674.406,6.437,68.000
0.053,0.000,0.009,26.815,108331.805,2.782,68.000
0.050,0.022,0.013,22.419,240472.000,7.664,68.000
0.046,0.001,0.003,23.152,-8552.406,1.179,68.000
0.047,0.001,0.021,21.342,170049.438,2.783,68.000
0.048,0.019,0.013,20.072,252269.750,9.162,68.000
0.052,0.002,0.012,23.717,245704.781,4.942,68.000
0.061,0.001,0.010,20.665,154784.219,2.195,68.000
0.049,0.020,0.012,20.263,229981.250,9.068,68.000
0.048,0.025,0.011,19.640,220598.750,9.850,68.000
0.058,0.001,0.017,24.505,92958.805,-0.660,68.000
0.046,0.000,0.015,32.591,-7088.711,-3.021,68.000
0.050,0.021,0.014,23.011,245122.812,7.232,68.000
0.050,0.000,0.016,28.235,21014.461,-0.515,68.000
0.051,0.005,0.012,21.636,261324.938,6.132,68.000
0.059,0.001,0.006,19.162,175803.219,2.527,68.000
0.047,0.001,0.017,24.512,184952.500,2.284,68.000
0.051,0.004,0.011,21.244,282447.094,6.030,68.000
0.051,0.006,0.015,20.283,224310.406,6.351,68.000
0.048,0.002,0.009,23.425,255672.781,4.215,68.000
0.052,0.018,0.013,22.721,222766.312,6.469,68.000
0.049,0.002,0.012,22.528,276177.562,5.608,68.000
0.050,0.021,0.012,20.821,236925.594,8.637,68.000
0.051,0.020,0.011,21.350,211234.969,7.843,68.000
0.052,0.008,0.013,20.185,229105.656,7.492,68.000
0.056,0.000,0.013,27.681,35121.367,1.996,68.000
0.049,0.013,0.012,19.774,247244.875,8.854,68.000
0.053,0.000,0.022,20.203,43701.992,-0.513,68.000
0.044,0.001,0.009,24.531,174837.469,2.074,68.000
0.041,0.001,0.008,23.259,35761.617,0.502,68.000
0.048,0.001,0.002,20.537,179153.906,1.607,68.000
0.050,0.000,0.022,21.669,-20115.711,0.445,68.000
0.049,0.001,0.009,23.772,264351.125,4.220,68.000
0.098,0.010,0.012,21.195,204872.531,6.286,68.000
0.048,0.001,0.003,19.427,211487.906,1.651,68.000
0.052,0.019,0.012,22.590,222735.875,6.725,68.000
0.049,0.001,0.019,21.746,182555.938,2.870,68.000
0.048,0.025,0.011,19.954,222169.406,10.101,68.000
0.049,0.026,0.011,20.516,234963.531,8.242,68.000
0.048,0.013,0.012,19.656,262145.188,9.417,68.000
0.052,0.026,0.011,22.251,221011.938,7.046,68.000
0.050,0.001,0.008,24.661,229444.438,4.102,68.000
0.047,0.001,0.011,22.473,263895.688,4.075,68.000
0.046,0.001,0.008,23.917,211244.375,3.025,68.000
0.050,0.016,0.014,21.261,226844.156,6.673,68.000
0.047,0.001,0.004,20.140,181660.688,1.368,68.000
0.051,0.004,0.014,22.501,222879.812,5.433,68.000
0.056,0.001,0.015,22.289,195826.906,1.429,68.000
0.046,0.000,0.015,31.696,-3089.492,-2.871,68.000
0.048,0.006,0.013,22.819,281553.656,7.685,68.000
0.054,0.001,0.018,21.613,196382.438,2.504,68.000
0.057,0.000,0.017,25.873,-13401.516,-0.946,68.000
0.058,0.000,0.012,23.832,59186.789,1.260,68.000
0.058,0.000,0.010,23.619,10150.914,1.570,68.000
0.044,0.002,0.009,21.912,194531.594,2.497,68.000
0.041,0.001,0.007,19.793,100056.492,1.126,68.000
0.049,0.014,0.013,19.945,231465.438,7.826,68.000
0.045,0.002,0.011,21.555,249844.031,3.445,68.000
0.045,0.000,0.020,20.351,-31139.250,0.444,68.000
0.051,0.000,0.010,34.214,-38646.469,-0.078,68.000
0.058,0.001,0.013,24.458,143199.688,1.093,68.000
0.049,0.001,0.019,21.875,185068.312,2.661,68.000
0.052,0.005,0.012,20.829,262764.375,6.079,68.000
0.053,0.001,0.020,21.609,183561.469,3.046,68.000
0.049,0.003,0.011,21.544,278709.188,6.001,68.000
0.059,0.000,0.016,18.439,119455.555,0.283,68.000
0.048,0.004,0.013,23.099,274340.188,6.382,68.000
0.051,0.014,0.013,20.761,212460.094,6.691,68.000
0.050,0.007,0.011,20.435,290031.000,8.302,68.000
0.050,0.024,0.013,23.160,229363.531,7.637,68.000
0.048,0.001,0.011,26.728,179173.031,2.866,68.000
0.049,0.001,0.008,25.621,219503.156,3.783,68.000
0.050,0.021,0.013,21.377,242827.969,8.309,68.000
0.051,0.013,0.010,19.903,202401.125,7.059,68.000
0.049,0.020,0.011,20.314,224698.781,9.254,68.000
0.098,0.012,0.011,21.453,203850.094,7.349,68.000
0.049,0.006,0.012,22.983,285560.750,7.981,68.000
0.048,0.001,0.011,26.780,201726.906,3.146,68.000
0.049,0.014,0.010,19.595,235610.438,8.674,68.000
0.048,0.015,0.012,20.078,249022.844,9.400,68.000
0.049,0.000,0.011,26.796,133280.844,2.200,68.000
0.051,0.023,0.014,23.642,229399.531,6.731,68.000
0.050,0.021,0.013,22.560,245838.188,7.398,68.000
0.049,0.018,0.010,19.810,217789.312,9.517,68.000
0.051,0.014,0.014,19.721,219786.312,6.586,68.000
0.043,0.000,0.006,21.374,26750.336,0.441,68.000
0.057,0.001,0.015,20.018,201375.031,1.684,68.000
0.042,0.001,0.013,20.891,173342.469,3.021,68.000
0.050,0.019,0.013,21.980,251294.781,7.656,68.000
0.049,0.004,0.010,22.016,268675.188,5.532,68.000
0.047,0.001,0.013,30.016,153129.438,2.603,68.000
0.056,0.001,0.012,24.025,185320.594,3.376,68.000
0.052,0.008,0.013,20.976,242120.250,7.529,68.000
0.047,0.002,0.007,22.081,220246.562,3.105,68.000
0.057,0.000,0.018,22.073,43656.773,0.634,68.000
0.050,0.013,0.010,20.083,212265.062,7.379,68.000
0.051,0.003,0.012,22.295,256272.781,5.511,68.000
0.048,0.000,0.022,22.277,60853.445,2.689,68.000
0.045,0.001,0.021,23.200,106108.305,1.129,68.000
0.059,0.001,0.011,25.724,43646.211,1.325,68.000
0.057,0.000,0.005,22.936,-8269.391,1.418,68.000
0.049,0.009,0.013,21.523,260793.344,8.516,68.000
0.047,0.001,0.006,21.563,199886.062,2.409,68.000
0.049,0.006,0.014,21.760,237596.656,6.866,68.000
0.053,0.001,0.011,29.979,145944.781,2.958,68.000
0.052,0.009,0.014,19.820,224616.281,7.510,68.000
0.051,0.003,0.013,22.797,229436.562,4.771,68.000
0.057,0.000,0.013,27.320,-32078.805,2.684,68.000
0.052,0.001,0.023,20.933,180606.469,2.897,68.000
0.056,0.000,0.010,27.895,-1263.523,2.392,68.000
0.049,0.007,0.013,22.444,258350.344,7.783,68.000
0.055,0.001,0.006,24.400,90238.633,1.322,68.000
0.055,0.000,0.004,25.998,-32189.367,2.975,68.000
0.051,0.011,0.011,20.276,220854.250,7.811,68.000
0.049,0.006,0.012,22.897,285063.156,7.749,68.000
0.046,0.001,0.003,19.212,181586.031,1.276,68.000
0.053,0.001,0.018,28.393,31215.789,-0.448,68.000
0.051,0.013,0.013,21.657,222185.344,7.297,68.000
0.051,0.021,0.012,21.790,217219.000,7.787,68.000
0.048,0.024,0.013,21.524,234647.500,9.407,68.000
0.055,0.002,0.018,21.580,193014.375,2.367,68.000
0.056,0.001,0.006,24.316,79593.133,1.174,68.000
0.049,0.001,0.006,22.225,203740.531,2.595,68.000
0.051,0.024,0.013,23.070,223150.750,6.979,68.000
0.050,0.001,0.005,20.321,220649.125,2.264,68.000
0.048,0.000,0.007,24.892,61616.133,4.655,68.000
0.047,0.000,0.006,22.677,4580.453,3.038,68.000
0.098,0.014,0.012,21.371,215012.281,7.700,68.000
0.044,0.001,0.005,19.304,151962.438,1.659,68.000
0.049,0.012,0.012,19.896,251367.062,9.122,68.000
0.043,0.001,0.018,22.142,66220.695,0.266,68.000
0.049,0.011,0.010,20.823,234068.625,7.995,68.000
0.049,0.005,0.013,22.876,275541.500,6.956,68.000
0.056,0.000,0.019,24.407,22823.953,0.448,68.000
0.050,0.006,0.013,22.724,259537.531,7.466,68.000
0.049,0.022,0.012,21.777,239608.969,8.877,68.000
0.058,0.001,0.018,20.097,170867.219,0.724,68.000
0.099,0.011,0.011,21.772,208657.062,7.072,68.000
0.044,0.001,0.009,25.667,189003.062,2.634,68.000
0.052,0.023,0.010,21.327,218144.844,7.652,68.000
0.050,0.021,0.014,23.001,244097.969,7.071,68.000
0.052,0.014,0.012,21.693,195956.344,6.480,68.000
0.052,0.001,0.014,27.092,185451.531,2.819,68.000
0.042,0.001,0.009,24.363,88140.492,0.893,68.000
0.051,0.022,0.013,23.197,235671.250,6.783,68.000
0.043,0.002,0.011,21.124,214005.250,2.697,68.000
0.040,0.001,0.016,16.866,108357.336,1.936,68.000
0.050,0.001,0.005,22.098,197434.844,2.391,68.000
0.058,0.000,0.012,25.219,6359.297,1.703,68.000
0.049,0.027,0.013,21.613,230429.625,8.488,68.000
0.051,0.020,0.014,22.506,246430.375,6.898,68.000
0.041,0.001,0.012,23.326,121516.789,1.749,68.000
0.042,0.000,0.013,25.397,-14963.883,-1.827,68.000
0.052,0.010,0.013,20.243,222915.875,7.750,68.000
0.051,0.026,0.014,24.308,231539.500,7.577,68.000
0.099,0.012,0.012,21.350,211830.469,6.945,68.000
0.052,0.023,0.013,23.486,223422.125,6.425,68.000
0.055,0.001,0.015,21.807,195179.812,1.868,68.000
0.049,0.001,0.002,19.254,211373.531,1.800,68.000
0.052,0.001,0.022,20.524,180921.031,2.973,68.000
0.054,0.002,0.007,21.833,213187.156,3.518,68.000
0.050,0.022,0.010,20.706,213141.656,8.821,68.000
0.060,0.001,0.012,22.342,139974.469,1.712,68.000
0.052,0.014,0.013,21.378,205670.438,5.939,68.000
0.051,0.006,0.010,19.264,277019.562,6.774,68.000
0.051,0.009,0.014,18.990,233817.469,7.327,68.000
0.100,0.012,0.011,20.125,-103198.336,10.790,68.000
0.048,0.002,0.010,22.662,271326.344,4.415,68.000
0.050,0.025,0.012,22.251,231547.438,8.476,68.000
0.056,0.000,0.012,31.281,-96752.555,-0.149,68.000
0.045,0.001,0.012,22.097,247463.969,3.866,68.000
0.051,0.027,0.012,20.484,115594.398,0.303,68.000
0.045,0.001,0.015,21.983,186880.469,3.172,68.000
0.058,0.001,0.017,19.978,184531.719,0.885,68.000
0.043,0.001,0.010,21.683,188146.656,2.182,68.000
0.097,0.011,0.011,21.453,202354.594,6.876,68.000
0.056,0.001,0.020,25.106,55980.539,0.577,68.000
0.098,0.011,0.013,20.903,204643.438,6.177,68.000
0.048,0.002,0.012,22.372,271991.219,5.393,68.000
0.051,0.010,0.012,20.405,232150.750,8.343,68.000
0.045,0.001,0.020,22.298,137807.281,1.714,68.000
0.049,0.004,0.011,21.942,286044.156,6.385,68.000
0.058,0.001,0.014,23.783,119485.961,0.415,68.000
0.049,0.024,0.011,20.041,219235.031,9.341,68.000
0.051,0.014,0.014,19.589,221007.500,6.649,68.000
0.049,0.027,0.011,20.248,170328.094,5.459,68.000
0.052,0.007,0.012,20.419,247784.469,7.079,68.000
0.049,0.006,0.014,21.619,240854.531,7.172,68.000
0.001,0.012,0.011,21.515,183711.500,7.705,68.000
0.050,0.019,0.013,20.917,234841.656,7.895,68.000
0.053,0.001,0.011,33.304,62855.289,1.988,68.000
0.053,0.000,0.004,22.446,103498.008,1.993,68.000
0.100,0.013,0.013,18.165,29490.258,9.248,68.000
0.048,0.000,0.010,30.645,-825.352,0.043,68.000
0.001,0.014,0.013,20.931,230101.938,7.603,68.000
0.044,0.000,0.012,26.060,19232.930,-0.783,68.000
0.051,0.001,0.004,20.577,212936.969,2.269,68.000
0.052,0.001,0.005,24.777,66687.977,0.880,68.000
0.047,0.001,0.003,19.073,192399.844,1.329,68.000
0.048,0.000,0.008,27.927,23707.500,0.647,68.000
0.048,0.003,0.011,22.252,266106.125,5.417,68.000
0.050,0.000,0.002,23.773,23342.828,0.330,68.000
0.052,0.018,0.012,21.429,211704.062,6.902,68.000
0.098,0.012,0.011,21.470,204856.688,7.037,68.000
0.051,0.019,0.010,20.194,209747.312,8.560,68.000
0.050,0.015,0.014,20.273,223292.750,6.487,68.000
0.048,0.012,0.011,20.345,249787.688,8.900,68.000
0.048,0.000,0.007,25.495,71811.992,1.612,68.000
0.049,0.011,0.013,20.326,246218.906,8.938,68.000
0.054,0.001,0.019,23.133,132250.656,1.678,68.000
0.043,0.001,0.009,22.282,192715.625,2.399,68.000
0.043,0.001,0.019,20.899,132342.594,1.447,68.000
0.051,0.001,0.004,20.308,222650.156,2.211,68.000
0.049,0.005,0.011,21.498,296649.750,7.142,68.000
0.003,0.013,0.012,20.962,208085.688,7.442,68.000
0.052,0.010,0.013,20.521,215992.031,7.632,68.000
0.040,0.000,0.010,21.194,-48583.512,-2.483,68.000
0.049,0.021,0.012,20.456,237768.250,9.134,68.000
0.098,0.013,0.011,21.444,210015.188,7.880,68.000
0.050,0.012,0.012,20.769,226913.344,8.226,68.000
0.043,0.001,0.006,23.052,97878.008,1.909,68.000
0.053,0.002,0.018,22.041,194169.750,2.575,68.000
0.047,0.001,0.018,24.593,186504.000,2.345,68.000
0.050,0.018,0.011,20.514,219814.875,8.652,68.000
0.051,0.007,0.014,20.755,234005.156,6.960,68.000
0.050,0.020,0.013,21.260,242366.750,8.106,68.000
0.048,0.009,0.014,20.663,242036.688,8.253,68.000
0.053,0.002,0.011,22.839,251474.281,4.640,68.000
0.058,0.001,0.010,21.671,172216.719,3.084,68.000
0.055,0.002,0.013,23.188,193668.281,3.728,68.000
0.002,0.013,0.013,21.000,228086.844,7.652,68.000
0.051,0.023,0.012,22.120,225705.719,7.703,68.000
0.053,0.000,0.005,23.639,60072.102,1.364,68.000
0.051,0.002,0.012,23.157,253171.469,5.274,68.000
0.052,0.015,0.012,21.990,203136.406,6.678,68.000
0.050,0.001,0.019,23.757,161785.906,1.989,68.000
0.044,0.000,0.005,20.643,64693.133,0.413,68.000
0.052,0.013,0.011,19.928,189293.469,6.479,68.000
0.056,0.001,0.004,18.234,233622.156,2.605,68.000
0.098,0.012,0.012,21.372,211562.469,6.568,68.000
0.051,0.004,0.013,22.371,252802.688,5.778,68.000
0.051,0.000,0.015,28.756,24677.914,0.576,68.000
0.051,0.008,0.014,20.045,241541.969,7.528,68.000
0.048,0.008,0.014,20.498,239311.688,7.599,68.000
0.053,0.002,0.009,22.995,254870.625,4.788,68.000
0.048,0.010,0.010,21.225,246301.688,8.168,68.000
0.058,0.000,0.006,26.320,-109659.750,2.259,68.000
0.049,0.001,0.004,19.681,221177.531,1.920,68.000
0.000,0.013,0.011,22.240,90499.039,5.728,68.000
0.051,0.015,0.010,20.444,208386.969,7.555,68.000
0.046,0.001,0.009,26.244,172057.125,2.535,68.000
0.054,0.000,0.016,25.985,68410.164,0.998,68.000
0.050,0.019,0.014,22.339,249312.344,7.183,68.000
0.049,0.021,0.013,21.009,246845.500,8.824,68.000
0.059,0.000,0.014,24.347,22094.820,1.003,68.000
0.051,0.016,0.014,21.279,219653.000,6.264,68.000
0.003,0.012,0.013,20.878,205754.531,7.488,68.000
0.050,0.000,0.001,25.801,-48728.680,0.359,68.000
0.048,0.023,0.013,21.632,239408.406,9.181,68.000
0.053,0.000,0.021,20.247,42507.445,1.051,68.000
0.048,0.001,0.007,22.495,227364.250,3.385,68.000
0.050,0.007,0.014,21.312,247834.906,7.299,68.000
0.049,0.006,0.013,23.056,278100.812,7.833,68.000
0.051,0.009,0.010,18.927,248602.094,7.160,68.000
0.049,0.021,0.012,21.013,245975.688,9.071,68.000
0.048,0.000,0.002,20.599,118100.070,0.478,68.000
0.049,0.026,0.013,21.306,236885.844,9.088,68.000
0.048,0.014,0.012,20.175,247709.562,8.924,68.000
0.052,0.003,0.010,22.349,273724.219,5.263,68.000
0.050,0.015,0.014,19.713,223521.344,6.639,68.000
0.054,0.000,0.009,29.817,-6009.555,0.747,68.000
0.048,0.000,0.009,28.493,90992.883,0.854,68.000
0.046,0.001,0.007,21.984,203907.312,2.577,68.000
0.049,0.018,0.011,19.601,224743.031,9.351,68.000
0.049,0.000,0.018,26.368,50205.055,0.023,68.000
0.051,0.001,0.005,22.875,166943.875,2.126,68.000
0.052,0.007,0.014,19.757,230740.281,6.872,68.000
0.058,0.001,0.019,20.265,166872.031,0.938,68.000
0.100,0.013,0.012,25.612,106086.477,8.813,68.000
0.048,0.002,0.013,23.361,240029.594,5.000,68.000
0.044,0.001,0.012,23.825,171210.188,1.613,68.000
0.054,0.001,0.010,22.630,235622.781,4.429,68.000
0.049,0.008,0.012,22.092,276382.531,8.768,68.000
0.052,0.003,0.013,22.738,221057.281,4.620,68.000
0.050,0.004,0.012,21.376,288717.719,6.399,68.000
0.052,0.000,0.022,20.241,30864.992,1.546,68.000
0.051,0.023,0.012,22.245,222501.250,7.507,68.000
0.041,0.001,0.015,18.768,106115.055,2.011,68.000
0.049,0.009,0.012,20.896,264384.094,9.079,68.000
0.057,0.002,0.010,21.108,204822.281,3.395,68.000
0.047,0.001,0.005,22.350,158300.094,1.854,68.000
0.050,0.001,0.017,26.733,155683.062,1.540,68.000
0.052,0.001,0.001,22.239,106119.523,1.257,68.000
0.049,0.003,0.010,22.273,273602.969,5.282,68.000
0.049,0.003,0.012,23.069,276487.062,6.187,68.000
0.045,0.000,0.017,22.940,56464.430,-0.019,68.000
0.049,0.001,0.004,24.542,40241.523,0.913,68.000
0.052,0.025,0.012,22.476,223670.375,6.904,68.000
0.050,0.006,0.014,21.011,229955.406,6.765,68.000
0.056,0.002,0.014,22.129,183238.000,2.051,68.000
0.052,0.001,0.015,26.235,188695.688,2.383,68.000
0.051,0.021,0.014,23.047,240015.906,6.966,68.000
0.051,0.003,0.013,22.261,241696.000,5.265,68.000
0.049,0.021,0.014,22.448,249152.656,7.673,68.000
0.058,0.000,0.008,24.268,-49980.543,1.247,68.000
0.050,0.022,0.010,20.421,217594.062,8.905,68.000
0.048,0.001,0.017,23.530,197640.188,2.663,68.000
0.049,0.019,0.014,21.755,250904.938,7.546,68.000
0.048,0.003,0.011,22.004,269322.062,5.787,68.000
0.048,0.008,0.011,21.342,279200.000,8.066,68.000
0.053,0.000,0.004,22.239,67725.930,1.627,68.000
0.052,0.020,0.013,22.805,239246.344,6.752,68.000
0.053,0.001,0.013,23.987,201595.500,3.620,68.000
0.048,0.001,0.012,26.023,245711.375,4.296,68.000
0.044,0.001,0.014,25.825,125031.430,1.728,68.000
0.052,0.001,0.023,20.791,151374.094,2.511,68.000
0.049,0.016,0.012,19.589,236118.719,8.352,68.000
0.047,0.001,0.016,27.158,104539.461,0.668,68.000
0.002,0.011,0.013,21.003,192296.875,7.721,68.000
0.042,0.001,0.013,20.271,167095.875,2.934,68.000
0.049,0.003,0.014,23.544,213260.188,4.817,68.000
0.050,0.026,0.010,19.106,231730.688,8.987,68.000
0.047,0.000,0.002,21.856,65255.852,0.389,68.000
0.048,0.001,0.010,23.553,272847.594,4.338,68.000
0.050,0.015,0.013,21.037,217264.781,6.959,68.000
0.051,0.010,0.010,19.821,236830.344,7.867,68.000
0.051,0.026,0.011,21.362,230858.000,7.882,68.000
0.058,0.001,0.010,22.060,167540.344,3.280,68.000
0.050,0.022,0.012,21.255,227886.469,8.606,68.000
0.050,0.022,0.011,21.539,223068.344,8.668,68.000
0.051,0.025,0.014,23.975,226927.312,7.408,68.000
0.045,0.001,0.015,29.064,12066.133,0.278,68.000
0.052,0.025,0.012,22.819,222955.562,6.739,68.000
0.052,0.008,0.011,19.457,256762.125,7.464,68.000
0.052,0.002,0.012,24.082,247908.062,4.746,68.000
0.052,0.002,0.017,22.394,201146.531,3.023,68.000
0.045,0.001,0.015,21.616,175927.094,2.885,68.000
0.048,0.025,0.011,19.292,220562.625,9.875,68.000
0.051,0.016,0.013,21.515,216494.938,6.287,68.000
0.058,0.001,0.019,21.112,174169.969,0.572,68.000
0.060,0.001,0.012,21.400,131274.594,0.876,68.000
0.054,0.001,0.014,29.562,75490.430,0.773,68.000
0.056,0.001,0.014,23.329,175210.719,2.568,68.000
0.046,0.000,0.021,22.221,82007.773,0.917,68.000
0.050,0.022,0.010,20.225,222959.188,9.150,68.000
0.052,0.015,0.014,20.324,219997.594,6.131,68.000
0.042,0.001,0.018,21.312,64099.148,0.235,68.000
0.047,0.001,0.005,20.146,195866.062,1.803,68.000
0.052,0.001,0.016,27.402,96976.930,0.244,68.000
0.052,0.011,0.013,20.349,217411.625,7.440,68.000
0.051,0.022,0.012,22.296,223154.188,7.572,68.000
0.052,0.004,0.010,20.834,272691.438,5.629,68.000
0.052,0.018,0.012,22.203,209735.656,6.419,68.000
0.043,0.001,0.015,19.316,190795.562,3.314,68.000
0.051,0.011,0.011,19.884,202065.031,7.213,68.000
0.049,0.001,0.004,24.119,113884.383,1.686,68.000
0.051,0.019,0.010,20.535,210582.094,8.774,68.000
0.052,0.022,0.011,22.053,213799.031,7.728,68.000
0.044,0.000,0.009,24.300,29190.992,-1.475,68.000
0.051,0.012,0.011,20.242,210142.781,7.375,68.000
0.052,0.001,0.016,23.414,216244.844,2.923,68.000
0.052,0.009,0.011,19.747,212879.406,7.150,68.000
0.050,0.019,0.013,21.669,239476.406,7.683,68.000
0.048,0.007,0.014,21.738,243803.250,7.511,68.000
0.050,0.022,0.011,21.304,225587.250,8.715,68.000
0.048,0.013,0.011,19.647,254876.188,8.960,68.000
0.044,0.001,0.018,21.718,159365.188,2.274,68.000
0.051,0.001,0.016,24.020,205472.594,2.943,68.000
0.055,0.001,0.020,24.568,44727.148,0.825,68.000
0.051,0.006,0.013,21.763,235729.062,6.492,68.000
0.048,0.018,0.011,19.549,227841.094,9.855,68.000
0.053,0.000,0.016,25.596,30237.148,1.393,68.000
0.055,0.001,0.004,17.980,236487.781,2.509,68.000
0.055,0.000,0.005,24.346,39816.914,2.001,68.000
0.060,0.001,0.011,25.095,52122.102,1.006,68.000
0.051,0.025,0.014,23.859,230527.938,7.894,68.000
0.050,0.025,0.012,22.030,232218.375,8.627,68.000
0.051,0.000,0.009,30.125,3491.055,1.494,68.000
0.049,0.011,0.010,20.690,233648.719,7.794,68.000
0.044,0.001,0.005,21.029,81927.305,1.480,68.000
0.052,0.017,0.013,22.252,216376.812,6.249,68.000
0.049,0.018,0.010,19.958,221398.750,9.699,68.000
0.040,0.001,0.013,20.438,104180.945,1.782,68.000
0.050,0.004,0.011,21.241,289071.906,6.390,68.000
0.052,0.001,0.020,21.468,185554.312,3.123,68.000
0.049,0.000,0.018,22.887,98800.852,1.440,68.000
0.052,0.001,0.010,33.741,47856.023,1.982,68.000
0.054,0.001,0.006,22.180,182608.844,2.701,68.000
0.048,0.021,0.013,21.315,247670.125,9.319,68.000
0.057,0.001,0.019,21.564,162180.125,1.995,68.000
0.053,0.001,0.018,22.164,200218.625,2.506,68.000
0.048,0.001,0.017,22.992,200397.312,2.697,68.000
0.097,0.012,0.012,20.857,204192.781,6.516,68.000
0.045,0.000,0.022,19.409,-15476.383,0.759,68.000
0.042,0.001,0.009,20.977,134291.688,1.122,68.000
0.050,0.007,0.014,21.451,253209.844,7.761,68.000
0.052,0.000,0.013,32.960,-45929.641,0.715,68.000
0.046,0.001,0.017,23.183,178252.250,2.434,68.000
0.040,0.000,0.015,20.635,26300.914,-1.034,68.000
0.050,0.001,0.018,24.341,135409.812,1.374,68.000
0.055,0.001,0.007,21.761,205721.719,2.991,68.000
0.049,0.013,0.012,20.469,243689.969,8.681,68.000
0.047,0.002,0.010,22.480,264280.906,4.181,68.000
0.052,0.025,0.011,22.070,219205.750,7.132,68.000
0.043,0.001,0.007,21.917,130869.836,1.647,68.000
0.049,0.010,0.013,20.059,252857.906,9.125,68.000
0.047,0.000,0.002,20.934,53531.695,0.143,68.000
0.047,0.002,0.008,22.815,234525.125,3.625,68.000
0.049,0.001,0.015,24.007,200384.969,3.228,68.000
0.050,0.013,0.011,20.021,233805.375,8.180,68.000
0.041,0.001,0.009,23.786,101822.367,0.947,68.000
0.052,0.000,0.019,22.317,78926.727,3.129,68.000
0.050,0.000,0.015,32.377,-6205.961,1.398,68.000
0.055,0.000,0.015,31.439,-5181.836,0.134,68.000
0.049,0.012,0.011,20.097,246717.125,8.752,68.000
0.052,0.001,0.007,24.386,189342.750,3.649,68.000
0.048,0.008,0.011,21.350,280770.250,8.188,68.000
0.050,0.013,0.012,20.136,226557.594,8.133,68.000
0.049,0.001,0.018,23.937,194831.406,2.351,68.000
0.052,0.001,0.016,23.276,216122.719,2.948,68.000
0.050,0.011,0.011,20.278,238979.906,8.534,68.000
0.052,0.000,0.007,26.820,49981.133,2.221,68.000
0.052,0.000,0.014,32.051,-34614.344,0.498,68.000
0.051,0.025,0.010,20.447,222880.312,8.396,68.000
0.052,0.007,0.013,21.057,225879.719,6.761,68.000
0.050,0.022,0.012,21.535,227855.312,8.485,68.000
0.052,0.025,0.011,22.032,217681.469,7.236,68.000
0.048,0.026,0.013,20.607,237344.750,10.459,68.000
0.040,0.001,0.011,22.717,55770.477,0.149,68.000
0.048,0.010,0.014,20.158,232276.375,7.903,68.000
0.052,0.011,0.014,19.925,212991.375,7.132,68.000
0.047,0.000,0.004,23.040,64024.461,0.853,68.000
0.052,0.001,0.010,22.878,257279.375,4.674,68.000
0.046,0.000,0.021,18.943,34624.227,0.952,68.000
0.051,0.006,0.012,20.920,279135.406,7.025,68.000
0.051,0.026,0.013,23.248,222381.375,7.876,68.000
0.050,0.000,0.011,29.272,165093.875,3.163,68.000
0.044,0.000,0.021,22.387,6135.516,-0.027,68.000
0.051,0.001,0.022,21.806,159567.031,2.620,68.000
0.049,0.026,0.014,22.866,233418.531,8.536,68.000
0.049,0.010,0.010,20.816,241460.281,7.969,68.000
0.051,0.001,0.006,25.108,96766.461,1.562,68.000
0.049,0.015,0.011,19.857,245768.844,9.354,68.000
0.042,0.000,0.006,21.623,-10859.156,-0.185,68.000
0.051,0.025,0.012,22.179,227953.125,7.741,68.000
0.060,0.001,0.008,20.162,171595.875,2.560,68.000
0.048,0.002,0.018,22.185,183880.000,2.455,68.000
0.044,0.000,0.015,28.039,-30947.953,-0.658,68.000
0.050,0.003,0.014,23.035,218248.281,5.234,68.000
0.048,0.012,0.012,19.714,265245.938,9.468,68.000
0.052,0.010,0.011,19.909,218478.844,7.485,68.000
0.052,0.007,0.013,20.841,236542.781,6.882,68.000
0.049,0.009,0.011,20.906,258282.531,8.745,68.000
0.052,0.001,0.016,23.661,211855.219,2.717,68.000
0.047,0.001,0.022,20.835,158864.344,2.442,68.000
0.050,0.020,0.013,21.819,248372.969,7.927,68.000
0.053,0.000,0.022,20.545,33087.195,1.287,68.000
0.042,0.001,0.010,24.366,148848.062,1.968,68.000
0.051,0.001,0.021,20.738,181008.531,2.934,68.000
0.050,0.023,0.013,22.803,235571.500,7.800,68.000
0.054,0.001,0.019,22.639,186649.875,2.556,68.000
0.042,0.001,0.018,20.603,109527.727,1.437,68.000
0.051,0.018,0.014,22.181,236672.500,6.705,68.000
0.052,0.001,0.018,22.050,195169.875,2.649,68.000
0.050,0.006,0.009,19.454,272699.031,6.800,68.000
0.049,0.007,0.012,22.310,296790.188,8.399,68.000
0.059,0.001,0.008,25.233,18902.906,1.463,68.000
0.048,0.020,0.013,20.994,253700.031,8.756,68.000
0.041,0.001,0.012,23.010,85719.664,0.553,68.000
0.055,0.000,0.011,33.256,-78321.227,0.438,68.000
0.048,0.004,0.012,22.618,287241.812,6.499,68.000
0.058,0.001,0.017,20.012,192216.375,1.544,68.000
0.051,0.023,0.011,22.087,222005.500,8.015,68.000
0.050,0.003,0.013,22.783,253601.875,5.653,68.000
0.047,0.001,0.008,22.985,231186.688,3.497,68.000
0.050,0.018,0.012,20.229,219833.906,8.194,68.000
0.048,0.006,0.011,21.818,286616.094,7.416,68.000
0.052,0.016,0.013,21.886,202721.062,5.747,68.000
0.049,0.027,0.014,15.157,186910.812,9.173,68.000
0.046,0.002,0.010,22.793,244633.094,3.517,68.000
0.049,0.013,0.011,19.497,251014.375,8.983,68.000
0.042,0.001,0.012,21.476,169434.625,2.497,68.000
0.050,0.008,0.014,19.246,243512.875,7.527,68.000
0.051,0.022,0.013,23.145,237210.438,7.022,68.000
0.057,0.001,0.007,20.690,183135.469,2.711,68.000
0.049,0.025,0.014,22.955,232148.438,8.461,68.000
0.051,0.003,0.014,23.333,212131.531,4.490,68.000
0.049,0.000,0.003,27.441,-66540.000,-0.036,68.000
0.049,0.022,0.013,21.360,241505.344,8.934,68.000
0.051,0.018,0.011,21.064,211875.594,7.749,68.000
0.055,0.000,0.006,23.030,16269.578,2.388,68.000
0.043,0.001,0.008,24.842,-1154.656,0.555,68.000
0.049,0.016,0.012,19.380,232530.562,8.226,68.000
0.049,0.015,0.014,20.314,224468.250,6.732,68.000
0.049,0.020,0.013,21.915,254563.375,7.963,68.000
0.049,0.018,0.011,19.854,222749.906,9.373,68.000
0.051,0.001,0.005,23.214,154753.281,2.087,68.000
0.047,0.001,0.013,26.727,230631.438,4.140,68.000
0.050,0.022,0.013,21.891,237465.344,8.083,68.000
0.048,0.001,0.018,23.023,192172.719,2.496,68.000
0.059,0.001,0.012,21.580,135186.781,1.023,68.000
0.052,0.018,0.012,22.187,211525.250,6.520,68.000
0.051,0.001,0.012,26.242,259177.312,4.531,68.000
0.044,0.000,0.009,24.511,78094.945,0.054,68.000
0.050,0.013,0.010,20.249,210059.406,7.313,68.000
0.002,0.011,0.013,20.981,206728.594,7.838,68.000
0.052,0.003,0.013,22.622,221374.719,4.599,68.000
0.048,0.010,0.011,21.179,252058.844,8.686,68.000
0.048,0.008,0.013,21.600,268148.156,8.518,68.000
0.052,0.008,0.011,18.997,246736.969,6.846,68.000
0.051,0.013,0.014,19.740,220261.500,6.982,68.000
0.098,0.013,0.014,20.678,222633.281,6.617,68.000
0.049,0.006,0.011,21.219,299200.562,7.569,68.000
0.055,0.002,0.009,22.450,231951.969,4.142,68.000
0.046,0.000,0.008,26.017,85678.289,0.524,68.000
0.048,0.000,0.019,21.786,-31744.133,0.549,68.000
0.051,0.026,0.014,23.610,231024.719,7.957,68.000
0.047,0.000,0.015,25.591,-4640.594,1.560,68.000
0.050,0.001,0.015,24.408,200390.031,3.131,68.000
0.052,0.019,0.012,21.628,208362.125,7.061,68.000
0.052,0.025,0.013,23.031,225172.188,6.827,68.000
0.048,0.016,0.011,19.962,234908.031,9.942,68.000
0.047,0.000,0.003,22.047,83049.930,1.213,68.000
0.050,0.021,0.014,22.787,247817.531,6.860,68.000
0.050,0.000,0.002,24.332,37844.445,0.979,68.000
0.098,0.011,0.012,21.112,205887.969,6.356,68.000
0.047,0.000,0.007,29.208,-44429.086,0.219,68.000
0.000,0.012,0.012,14.315,137313.531,9.221,68.000
0.056,0.001,0.009,25.026,168199.250,3.527,68.000
0.048,0.025,0.013,20.718,235163.344,10.355,68.000
0.044,0.002,0.011,20.719,229890.031,3.041,68.000
0.043,0.001,0.017,21.946,122810.258,1.732,68.000
0.048,0.020,0.013,20.970,255394.750,8.729,68.000
0.045,0.000,0.007,28.664,-62427.172,0.369,68.000
0.057,0.001,0.014,23.525,177432.375,1.394,68.000
0.052,0.001,0.013,26.715,229684.344,4.125,68.000
0.050,0.011,0.014,18.219,226554.188,7.477,68.000
0.045,0.001,0.013,21.863,215434.062,4.043,68.000
0.052,0.023,0.011,22.402,217960.438,7.122,68.000
0.055,0.000,0.017,24.298,-7280.891,0.369,68.000
0.050,0.009,0.010,19.756,262254.844,8.157,68.000
0.049,0.001,0.005,19.935,220899.750,2.039,68.000
0.050,0.005,0.010,19.991,275049.250,6.229,68.000
0.048,0.019,0.012,19.203,239494.125,9.342,68.000
0.051,0.000,0.002,25.795,-41025.508,0.036,68.000
0.049,0.010,0.013,20.343,250940.469,8.837,68.000
0.040,0.001,0.010,23.527,5214.148,-0.389,68.000
0.039,0.000,0.012,19.276,-19228.031,-1.465,68.000
0.049,0.005,0.014,22.307,223069.969,6.282,68.000
0.043,0.001,0.008,21.619,148572.312,1.456,68.000
0.050,0.020,0.010,20.417,210635.500,8.988,68.000
0.043,0.001,0.011,23.429,152461.688,1.664,68.000
0.051,0.001,0.020,21.592,182069.656,3.010,68.000
0.050,0.001,0.020,23.697,127633.898,2.279,68.000
0.051,0.013,0.011,20.138,216090.156,7.487,68.000
0.054,0.001,0.013,30.502,42752.570,0.903,68.000
0.042,0.001,0.006,20.104,111921.773,1.686,68.000
0.052,0.026,0.012,23.129,223992.562,6.681,68.000
0.053,0.000,0.011,31.464,1742.867,2.206,68.000
0.054,0.000,0.011,34.359,-72478.758,-0.775,68.000
0.041,0.001,0.009,23.830,-17276.570,-0.052,68.000
0.049,0.026,0.013,21.698,236828.312,8.933,68.000
0.048,0.018,0.012,18.872,235281.094,9.094,68.000
0.051,0.003,0.010,21.357,278818.688,5.682,68.000
0.059,0.000,0.007,23.883,-28156.109,2.455,68.000
0.040,0.001,0.012,20.799,114820.227,1.456,68.000
0.046,0.001,0.022,20.690,157593.906,2.456,68.000
0.047,0.001,0.011,30.343,107682.133,2.317,68.000
0.048,0.000,0.014,29.684,24852.859,-0.100,68.000
0.098,0.013,0.011,21.965,212377.781,8.090,68.000
0.043,0.001,0.005,20.974,97285.539,1.612,68.000
0.050,0.001,0.012,25.359,263194.312,4.498,68.000
0.044,0.001,0.015,19.917,193048.906,3.288,68.000
0.047,0.000,0.009,27.302,32729.336,0.641,68.000
0.052,0.020,0.012,22.435,219328.281,6.717,68.000
0.050,0.003,0.010,21.759,276888.875,5.586,68.000
0.051,0.001,0.002,23.797,51843.445,0.551,68.000
0.051,0.017,0.011,20.547,214588.375,8.435,68.000
0.050,0.021,0.012,21.245,238371.000,8.246,68.000
0.048,0.013,0.012,19.713,263735.000,9.471,68.000
0.056,0.000,0.018,22.819,68269.805,2.150,68.000
0.050,0.026,0.014,23.726,233288.375,8.266,68.000
0.048,0.001,0.006,24.483,109387.742,1.822,68.000
0.042,0.001,0.016,21.529,66000.211,1.145,68.000
0.048,0.000,0.006,23.303,16899.039,3.338,68.000
0.055,0.001,0.002,20.654,180750.406,2.172,68.000
0.049,0.023,0.014,22.264,235975.344,8.321,68.000
0.044,0.000,0.017,24.066,-13911.969,-0.379,68.000
0.047,0.001,0.020,23.003,93205.695,1.191,68.000
0.050,0.012,0.010,20.336,219942.375,7.677,68.000
0.052,0.023,0.012,22.280,221231.812,7.280,68.000
0.002,0.012,0.013,20.768,213796.281,7.734,68.000
0.054,0.002,0.017,21.755,208215.875,2.989,68.000
0.050,0.015,0.011,20.126,235668.875,8.598,68.000
0.051,0.006,0.012,22.144,257874.031,7.112,68.000
0.045,0.000,0.009,27.170,-8692.992,-0.301,68.000
0.045,0.000,0.021,22.095,-8495.188,-1.447,68.000
0.051,0.022,0.012,22.309,231563.188,7.737,68.000
0.047,0.000,0.012,33.251,-23314.516,-1.945,68.000
0.051,0.012,0.011,20.015,208460.875,7.371,68.000
0.051,0.009,0.010,18.887,232933.031,7.051,68.000
0.049,0.025,0.012,21.096,227910.062,9.316,68.000
0.049,0.026,0.010,18.575,234720.656,9.561,68.000
0.048,0.015,0.013,19.608,235596.031,8.253,68.000
0.050,0.006,0.010,19.892,289436.938,7.421,68.000
0.051,0.012,0.012,20.495,207765.281,7.482,68.000
0.049,0.000,0.017,26.279,-3779.922,0.659,68.000
0.052,0.000,0.002,23.895,-8461.109,0.769,68.000
0.053,0.001,0.022,20.953,182669.250,3.024,68.000
0.051,0.007,0.013,21.656,250166.219,7.736,68.000
0.056,0.001,0.020,22.064,160204.688,2.726,68.000
0.059,0.001,0.018,19.811,165899.000,0.333,68.000
0.051,0.027,0.013,17.001,132207.781,4.870,68.000
0.050,0.015,0.011,19.961,222775.125,8.233,68.000
0.049,0.005,0.013,22.760,280645.594,7.043,68.000
0.049,0.010,0.012,20.600,249679.219,9.035,68.000
0.047,0.001,0.006,22.600,176469.781,2.289,68.000
0.052,0.001,0.010,32.075,94050.320,2.438,68.000
0.051,0.000,0.011,31.229,156380.594,7.694,68.000
0.001,0.011,0.011,21.350,175947.312,7.795,68.000
0.049,0.003,0.013,23.342,256495.344,5.920,68.000
0.044,0.001,0.017,21.811,146874.562,2.057,68.000
0.052,0.016,0.012,21.722,205869.375,6.287,68.000
0.048,0.000,0.019,22.874,79560.711,0.902,68.000
0.050,0.022,0.010,20.697,215545.781,8.864,68.000
0.050,0.009,0.013,21.655,251695.875,8.321,68.000
0.056,0.000,0.018,21.606,13109.195,0.751,68.000
0.050,0.001,0.020,24.446,127205.477,2.094,68.000
0.048,0.000,0.022,22.335,-70194.297,-1.587,68.000
0.045,0.001,0.005,20.990,167721.188,1.768,68.000
0.048,0.012,0.013,19.841,259323.625,9.345,68.000
0.051,0.003,0.014,23.226,213729.656,4.549,68.000
0.057,0.000,0.006,23.134,-9658.125,0.533,68.000
0.049,0.013,0.014,19.497,223963.562,7.279,68.000
0.049,0.025,0.014,23.007,232807.938,8.555,68.000
0.055,0.000,0.017,25.224,47071.492,1.036,68.000
0.058,0.000,0.005,23.604,-18082.195,2.995,68.000
0.050,0.020,0.012,20.873,226356.844,8.441,68.000
0.050,0.018,0.010,20.050,210834.406,8.831,68.000
0.051,0.002,0.018,22.090,188140.875,2.528,68.000
0.044,0.001,0.008,24.361,174069.781,2.101,68.000
0.049,0.013,0.011,19.762,246770.781,8.762,68.000
0.056,0.002,0.017,20.261,202394.281,2.468,68.000
0.044,0.001,0.017,22.982,148143.844,2.176,68.000
0.052,0.025,0.011,22.422,221566.250,7.286,68.000
0.051,0.027,0.013,23.609,166385.438,6.229,68.000
0.058,0.001,0.006,19.133,192427.625,2.627,68.000
0.051,0.023,0.010,21.199,218624.312,8.111,68.000
0.056,0.001,0.004,18.353,237100.188,2.678,68.000
0.052,0.010,0.012,20.257,214481.750,7.493,68.000
0.049,0.000,0.005,22.053,46756.711,2.438,68.000
0.051,0.003,0.011,21.343,279809.719,5.816,68.000
0.049,0.002,0.011,22.175,271752.188,5.355,68.000
0.050,0.016,0.014,20.507,225717.469,6.583,68.000
0.048,0.003,0.012,22.894,277379.312,5.984,68.000
0.050,0.000,0.007,28.500,-12671.359,3.200,68.000
0.057,0.000,0.012,26.075,3319.430,1.731,68.000
0.058,0.001,0.012,21.418,166394.812,2.306,68.000
0.057,0.001,0.004,19.146,225155.219,2.868,68.000
0.049,0.007,0.012,22.960,286906.156,8.166,68.000
0.060,0.001,0.009,19.818,162174.531,2.146,68.000
0.049,0.008,0.012,22.403,281020.781,8.774,68.000
0.044,0.001,0.016,22.900,80133.070,0.938,68.000
0.050,0.022,0.011,21.018,222822.062,8.787,68.000
0.046,0.001,0.015,22.233,189366.094,3.380,68.000
0.048,0.022,0.012,20.697,234429.094,9.807,68.000
0.050,0.005,0.013,22.502,256365.719,6.517,68.000
0.055,0.001,0.006,21.397,202063.406,2.711,68.000
0.048,0.002,0.013,23.272,257004.469,5.133,68.000
0.056,0.000,0.015,26.955,12864.234,1.329,68.000
0.050,0.010,0.013,20.764,240473.219,8.309,68.000
0.049,0.010,0.014,18.807,229277.938,7.556,68.000
0.051,0.001,0.020,21.597,184895.531,3.165,68.000
0.049,0.008,0.014,21.123,250977.531,8.283,68.000
0.059,0.001,0.012,24.149,89939.977,0.923,68.000
0.052,0.017,0.011,20.891,208122.094,7.572,68.000
0.050,0.019,0.010,20.127,211838.531,9.082,68.000
0.049,0.020,0.014,22.790,253826.031,7.546,68.000
0.054,0.001,0.012,25.186,233938.750,4.415,68.000
0.048,0.018,0.012,19.239,239326.750,8.925,68.000
0.099,0.012,0.011,22.099,209287.312,7.469,68.000
0.050,0.014,0.011,20.030,237248.500,8.462,68.000
0.050,0.015,0.012,20.738,226431.281,7.692,68.000
0.051,0.014,0.014,19.776,218668.406,6.747,68.000
0.048,0.020,0.014,21.691,256795.125,8.183,68.000
0.047,0.000,0.009,28.853,18951.117,0.101,68.000
0.052,0.018,0.013,22.361,218960.219,6.409,68.000
0.049,0.009,0.011,20.896,256672.219,8.604,68.000
0.049,0.022,0.011,20.252,221478.906,9.517,68.000
0.051,0.011,0.011,20.363,216667.531,7.888,68.000
0.047,0.002,0.011,21.992,261540.062,4.431,68.000
0.051,0.021,0.012,21.958,234574.562,7.601,68.000
0.050,0.014,0.013,20.597,221743.438,7.303,68.000
0.042,0.000,0.015,21.976,46019.383,0.388,68.000
0.042,0.001,0.007,19.644,112857.023,1.373,68.000
0.048,0.000,0.019,21.890,12876.422,1.299,68.000
0.051,0.011,0.012,20.580,216336.688,7.882,68.000
0.055,0.002,0.011,22.148,224785.062,4.086,68.000
0.041,0.000,0.012,23.161,-5305.773,-0.456,68.000
0.050,0.014,0.011,20.089,223922.031,7.903,68.000
0.048,0.000,0.004,24.465,-18681.352,0.351,68.000
0.048,0.000,0.018,24.828,24569.789,0.383,68.000
0.039,0.001,0.012,20.311,96518.023,1.158,68.000
0.048,0.023,0.012,21.262,236121.625,9.933,68.000
0.051,0.004,0.012,22.148,252023.125,5.642,68.000
0.044,0.001,0.013,27.165,124055.633,1.744,68.000
0.041,0.001,0.009,20.509,107458.602,0.678,68.000
0.052,0.007,0.012,20.944,261055.625,7.431,68.000
0.052,0.001,0.005,22.064,193874.219,2.458,68.000
0.052,0.002,0.005,20.793,224177.688,2.602,68.000
0.041,0.001,0.016,20.767,47896.992,0.584,68.000
0.053,0.000,0.007,25.288,56412.336,3.596,68.000
0.044,0.001,0.009,26.238,136559.656,1.893,68.000
0.058,0.001,0.014,24.481,50366.727,-0.910,68.000
0.049,0.010,0.014,19.942,234214.875,7.924,68.000
0.043,0.000,0.018,21.529,52023.836,-0.246,68.000
0.050,0.003,0.009,22.626,274463.719,5.547,68.000
0.050,0.003,0.014,23.295,219685.938,4.930,68.000
0.053,0.001,0.010,22.834,254734.750,4.739,68.000
0.047,0.000,0.012,33.783,-17558.984,1.284,68.000
0.048,0.008,0.011,21.138,270360.469,8.364,68.000
0.049,0.021,0.013,21.474,249268.125,8.453,68.000
0.052,0.007,0.011,19.452,273616.094,7.204,68.000
0.052,0.012,0.011,19.949,197440.875,7.016,68.000
0.048,0.006,0.014,22.015,240870.406,7.095,68.000
0.050,0.001,0.007,23.480,233999.531,3.945,68.000
0.051,0.025,0.013,22.597,226982.219,7.344,68.000
0.044,0.000,0.005,25.217,-48203.594,-0.333,68.000
0.050,0.024,0.010,20.139,224348.781,8.800,68.000
0.050,0.002,0.010,22.477,275914.094,5.334,68.000
0.002,0.010,0.013,20.921,195985.594,7.731,68.000
0.049,0.006,0.014,21.543,226347.531,6.525,68.000
0.051,0.006,0.011,19.706,285353.906,6.836,68.000
0.052,0.001,0.022,21.784,93969.383,1.757,68.000
0.048,0.003,0.012,22.827,276062.719,5.812,68.000
0.044,0.000,0.007,25.628,-68588.516,0.484,68.000
0.059,0.000,0.013,24.917,-72951.883,0.046,68.000
0.041,0.000,0.016,22.533,-8518.578,1.358,68.000
0.098,0.012,0.014,20.786,221408.594,6.635,68.000
0.049,0.009,0.011,20.928,270412.719,8.582,68.000
0.051,0.011,0.014,19.199,214474.781,7.254,68.000
0.059,0.001,0.013,23.712,92245.414,0.552,68.000
0.055,0.002,0.010,22.146,231811.562,4.092,68.000
0.049,0.002,0.010,23.116,274909.312,4.610,68.000
0.060,0.001,0.008,20.994,146162.375,2.406,68.000
0.055,0.002,0.009,22.189,215130.469,3.681,68.000
0.054,0.001,0.005,25.134,47933.008,0.745,68.000
0.052,0.004,0.013,21.658,227931.000,5.239,68.000
0.051,0.027,0.014,19.606,93405.883,3.697,68.000
0.100,0.012,0.011,15.523,61045.711,10.430,68.000
0.050,0.026,0.014,23.894,230660.531,8.036,68.000
0.050,0.001,0.020,22.365,184673.000,3.307,68.000
0.050,0.000,0.015,27.706,27953.867,0.698,68.000
0.050,0.007,0.013,22.183,257817.750,7.906,68.000
0.051,0.009,0.014,19.661,241284.594,7.706,68.000
0.042,0.001,0.011,24.546,130069.570,1.429,68.000
0.051,0.018,0.012,20.660,220674.844,7.584,68.000
0.050,0.009,0.014,19.800,245662.531,7.848,68.000
0.048,0.002,0.013,23.557,240350.281,5.318,68.000
0.057,0.001,0.009,21.769,205914.594,3.691,68.000
0.048,0.004,0.012,22.915,285852.344,6.537,68.000
0.051,0.009,0.011,20.292,230087.469,7.928,68.000
0.046,0.000,0.010,32.725,-41141.137,-0.976,68.000
0.043,0.002,0.013,20.623,202895.375,3.931,68.000
0.060,0.001,0.010,20.556,154318.750,2.302,68.000
0.043,0.001,0.006,24.066,-5009.047,1.272,68.000
0.047,0.001,0.018,24.985,103684.133,0.586,68.000
0.051,0.027,0.013,22.587,214646.344,6.387,68.000
0.058,0.001,0.014,24.614,55524.867,-0.465,68.000
0.056,0.000,0.007,24.846,9453.172,1.817,68.000
0.051,0.001,0.009,25.577,255304.312,4.773,68.000
0.055,0.000,0.011,29.415,2977.242,1.666,68.000
0.043,0.000,0.015,24.229,-2472.953,-0.788,68.000
0.052,0.022,0.012,22.318,224876.531,7.378,68.000
0.052,0.023,0.013,23.689,227653.219,6.555,68.000
0.051,0.012,0.014,20.110,219354.781,7.353,68.000
0.050,0.014,0.013,20.772,219057.312,7.132,68.000
0.052,0.001,0.010,22.813,258950.375,4.632,68.000
0.042,0.001,0.005,19.949,89179.352,1.661,68.000
0.047,0.001,0.016,22.973,186089.000,2.745,68.000
0.045,0.001,0.017,23.430,165391.094,2.119,68.000
0.052,0.007,0.010,18.562,261393.375,6.249,68.000
0.049,0.010,0.013,20.332,247983.000,8.882,68.000
0.060,0.000,0.013,21.161,88877.945,2.818,68.000
0.053,0.000,0.011,35.173,-50853.328,-1.086,68.000
0.041,0.000,0.014,21.341,78919.977,1.116,68.000
0.048,0.002,0.017,22.797,193311.500,2.631,68.000
0.051,0.017,0.012,21.044,217552.562,7.055,68.000
0.050,0.020,0.014,22.680,249177.156,7.204,68.000
0.056,0.000,0.017,25.763,-20927.898,0.420,68.000
0.050,0.026,0.011,20.103,234971.656,8.974,68.000
0.045,0.000,0.021,21.372,39361.352,0.079,68.000
0.051,0.001,0.014,31.083,69779.539,1.140,68.000
0.048,0.014,0.012,19.886,255203.844,9.653,68.000
0.051,0.000,0.002,24.143,-12826.094,-0.090,68.000
0.002,0.011,0.011,21.387,179432.312,7.561,68.000
0.051,0.000,0.010,30.839,-11793.117,0.614,68.000
0.049,0.006,0.013,22.740,272257.500,7.846,68.000
0.099,0.011,0.012,21.388,207675.062,6.480,68.000
0.056,0.000,0.012,26.661,-21210.219,4.861,68.000
0.041,0.001,0.016,18.187,101531.023,1.827,68.000
0.050,0.014,0.010,20.172,215024.781,7.736,68.000
0.053,0.001,0.020,23.456,132607.625,2.162,68.000
0.050,0.020,0.011,20.489,220398.625,8.744,68.000
0.048,0.015,0.012,19.948,242404.250,9.005,68.000
0.051,0.001,0.012,32.212,66111.773,1.915,68.000
0.002,0.012,0.011,21.269,189539.000,7.593,68.000
0.058,0.001,0.019,21.198,156691.312,1.560,68.000
0.051,0.009,0.013,21.215,241834.281,8.165,68.000
0.098,0.012,0.013,21.071,209399.156,6.238,68.000
0.040,0.001,0.017,17.562,89329.586,1.453,68.000
0.053,0.000,0.009,27.180,-21581.453,1.881,68.000
0.048,0.000,0.001,20.240,84288.555,0.057,68.000
0.052,0.024,0.011,22.389,219225.781,7.329,68.000
0.049,0.019,0.012,19.685,233111.875,8.691,68.000
0.053,0.002,0.010,22.538,247242.844,4.464,68.000
0.057,0.001,0.015,24.080,71023.727,-0.349,68.000
0.048,0.012,0.013,19.832,256522.312,9.276,68.000
0.049,0.008,0.009,19.717,262343.875,7.478,68.000
0.050,0.000,0.004,28.910,-75356.367,0.201,68.000
0.053,0.001,0.008,23.597,215233.031,4.196,68.000
-0.000,0.013,0.011,16.075,93370.852,8.917,68.000
0.049,0.000,0.004,25.045,8005.477,0.448,68.000
0.045,0.000,0.020,21.189,68119.148,0.384,68.000
0.050,0.002,0.015,24.028,200067.344,3.520,68.000
0.051,0.020,0.013,22.741,248181.562,7.189,68.000
0.050,0.017,0.010,19.928,214414.531,8.908,68.000
0.050,0.014,0.013,21.373,222903.969,7.249,68.000
0.055,0.002,0.015,22.181,195832.844,1.999,68.000
0.052,0.011,0.011,19.885,196721.219,6.849,68.000
0.045,0.001,0.004,19.877,167511.406,1.251,68.000
0.048,0.003,0.012,22.953,277733.312,6.269,68.000
0.051,0.007,0.014,20.368,229228.594,6.837,68.000
0.049,0.008,0.011,21.452,286610.656,8.577,68.000
0.052,0.009,0.013,20.545,220409.531,7.275,68.000
0.052,0.016,0.011,21.256,206033.375,7.112,68.000
0.052,0.020,0.010,21.168,214739.500,8.282,68.000
0.048,0.001,0.005,22.402,138216.375,1.585,68.000
0.056,0.001,0.009,24.266,183323.281,3.731,68.000
0.041,0.001,0.010,22.909,103882.430,0.997,68.000
0.049,0.003,0.011,22.268,275552.094,5.652,68.000
0.050,0.008,0.014,19.291,244091.219,7.512,68.000
0.050,0.013,0.014,20.100,223803.625,7.350,68.000
0.048,0.013,0.011,19.604,261455.031,9.297,68.000
0.057,0.000,0.018,21.880,39280.086,2.800,68.000
0.052,0.001,0.017,23.019,210368.094,3.006,68.000
0.048,0.008,0.012,22.068,286248.156,8.740,68.000
0.046,0.000,0.009,26.309,98771.852,0.094,68.000
0.052,0.000,0.009,34.086,-67879.141,0.773,68.000
0.052,0.014,0.012,22.026,194839.406,6.398,68.000
0.049,0.005,0.014,22.843,241329.500,6.591,68.000
0.002,0.013,0.011,21.391,201710.938,7.573,68.000
0.050,0.001,0.015,25.957,197223.875,2.643,68.000
0.054,0.002,0.017,21.556,202437.938,2.981,68.000
0.051,0.026,0.012,22.775,231084.750,7.376,68.000
0.048,0.001,0.006,21.808,217569.656,2.899,68.000
0.052,0.004,0.012,21.818,248334.844,5.677,68.000
0.052,0.010,0.012,20.031,201059.375,7.105,68.000
0.048,0.000,0.012,28.182,43631.492,0.782,68.000
0.049,0.013,0.011,20.017,245712.625,8.544,68.000
0.056,0.001,0.014,22.565,183784.156,2.189,68.000
0.049,0.001,0.007,24.167,199505.594,3.379,68.000
0.050,0.001,0.020,24.748,103233.086,1.536,68.000
0.059,0.001,0.006,20.833,130563.508,1.976,68.000
0.051,0.000,0.022,20.335,79064.102,2.260,68.000
0.099,0.013,0.013,24.359,177169.656,6.936,68.000
0.042,0.000,0.017,22.518,-22262.180,-0.985,68.000
0.049,0.000,0.014,29.357,51590.945,0.760,68.000
0.051,0.009,0.010,19.238,245194.969,7.510,68.000
0.048,0.016,0.014,20.606,234556.188,7.339,68.000
0.051,0.005,0.012,21.901,259499.438,6.414,68.000
0.052,0.003,0.012,22.047,266065.625,5.443,68.000
0.059,0.001,0.012,25.936,71325.992,1.155,68.000
0.053,0.000,0.015,32.617,-69446.133,2.591,68.000
0.048,0.001,0.004,21.312,191909.000,1.888,68.000
0.054,0.001,0.004,18.970,234684.969,2.661,68.000
0.052,0.000,0.011,35.088,-41973.480,-0.632,68.000
0.050,0.016,0.011,20.150,225903.844,8.903,68.000
0.052,0.021,0.013,22.804,231246.375,6.648,68.000
0.047,0.001,0.005,21.258,176764.406,1.888,68.000
0.049,0.005,0.012,22.111,292076.125,6.858,68.000
0.051,0.005,0.014,22.251,224672.781,5.539,68.000
0.049,0.025,0.014,22.245,233304.031,8.691,68.000
0.056,0.000,0.013,29.826,-700.672,1.005,68.000
0.051,0.003,0.010,22.069,273757.344,5.402,68.000
0.051,0.006,0.012,21.913,269529.000,7.443,68.000
0.050,0.000,0.017,26.953,11138.117,-2.505,68.000
0.050,0.015,0.014,20.418,220857.406,6.470,68.000
0.051,0.021,0.012,21.483,221686.594,8.053,68.000
0.048,0.001,0.014,27.517,172492.844,2.575,68.000
0.048,0.026,0.012,20.002,238321.812,10.196,68.000
0.050,0.014,0.011,20.167,227696.938,7.987,68.000
0.043,0.001,0.009,25.798,91647.148,1.402,68.000
0.052,0.002,0.014,23.892,202293.281,3.519,68.000
0.051,0.026,0.011,21.386,230242.000,8.141,68.000
0.052,0.005,0.012,20.788,260061.438,5.969,68.000
0.048,0.001,0.019,21.779,183764.531,2.475,68.000
0.052,0.002,0.013,22.914,234139.688,4.808,68.000
0.051,0.027,0.010,15.316,239057.031,7.008,68.000
0.051,0.014,0.010,19.884,199046.188,7.075,68.000
0.052,0.002,0.009,22.854,252932.375,4.579,68.000
0.052,0.001,0.021,21.611,184686.125,3.060,68.000
0.049,0.026,0.010,19.316,227982.281,9.188,68.000
0.057,0.000,0.010,25.724,8153.562,1.419,68.000
0.055,0.001,0.017,22.619,149741.750,0.924,68.000
0.052,0.001,0.019,22.020,187657.625,2.916,68.000
0.050,0.013,0.012,21.000,227081.469,7.989,68.000
0.044,0.001,0.008,22.815,179261.281,2.027,68.000
0.055,0.001,0.006,22.612,180384.969,2.884,68.000
0.049,0.007,0.014,20.655,237859.906,7.156,68.000
0.098,0.011,0.011,21.209,204982.812,6.589,68.000
0.043,0.000,0.010,24.667,38358.164,-0.818,68.000
0.050,0.000,0.022,19.512,53318.461,0.103,68.000
0.050,0.022,0.014,23.065,237912.469,7.109,68.000
0.051,0.003,0.011,22.192,272210.719,5.338,68.000
0.058,0.001,0.007,25.077,1723.016,0.606,68.000
0.048,0.007,0.011,21.808,283213.719,8.023,68.000
0.046,0.001,0.009,24.746,214834.062,3.031,68.000
0.041,0.000,0.012,22.450,8465.492,-1.477,68.000
0.049,0.001,0.004,19.509,219049.281,1.810,68.000
0.049,0.000,0.005,23.342,76536.195,1.262,68.000
0.050,0.021,0.013,22.346,246755.000,7.765,68.000
0.098,0.012,0.013,20.866,216324.281,6.473,68.000
0.049,0.000,0.012,34.524,9614.562,3.955,68.000
0.049,0.007,0.011,21.938,300722.031,8.421,68.000
0.051,0.003,0.013,22.578,238062.844,4.937,68.000
0.051,0.009,0.014,20.060,234068.625,7.964,68.000
0.045,0.000,0.019,21.520,-75929.109,-2.064,68.000
0.040,0.001,0.014,18.550,123812.648,2.407,68.000
0.042,0.001,0.019,20.712,127121.273,1.225,68.000
0.048,0.013,0.010,20.086,233641.000,8.056,68.000
0.054,0.001,0.021,21.702,149412.938,2.608,68.000
0.050,0.024,0.014,23.386,230959.500,7.698,68.000
0.049,0.012,0.012,19.967,253813.375,9.167,68.000
0.051,0.006,0.013,21.667,232041.969,6.140,68.000
0.059,0.000,0.008,21.567,2900.602,2.617,68.000
0.049,0.006,0.011,21.812,300675.219,8.207,68.000
0.052,0.000,0.019,23.153,20219.555,1.887,68.000
0.052,0.014,0.013,21.954,206031.500,6.246,68.000
0.051,0.006,0.014,21.049,237830.188,6.869,68.000
0.049,0.006,0.014,21.362,229563.938,6.662,68.000
0.049,0.021,0.011,20.005,221191.250,9.453,68.000
0.053,0.001,0.015,24.476,190309.531,1.983,68.000
0.048,0.025,0.012,20.227,233988.531,10.506,68.000
0.052,0.020,0.013,22.691,228623.406,6.779,68.000
0.053,0.000,0.019,23.419,56963.523,2.600,68.000
0.049,0.022,0.013,22.115,240821.219,8.323,68.000
0.048,0.001,0.017,22.810,197098.750,2.628,68.000
0.051,0.007,0.011,20.865,281691.688,7.925,68.000
0.051,0.026,0.014,24.217,226991.031,7.481,68.000
0.047,0.001,0.014,22.700,199174.969,3.700,68.000
0.049,0.000,0.020,20.742,102641.680,3.739,68.000
0.060,0.000,0.012,21.695,43452.711,2.555,68.000
0.052,0.000,0.009,30.269,39446.664,1.483,68.000
0.048,0.001,0.021,21.954,110737.055,1.860,68.000
0.049,0.016,0.014,20.628,227016.406,6.657,68.000
0.049,0.001,0.009,28.657,130530.836,2.700,68.000
0.002,0.013,0.011,21.338,197843.594,7.530,68.000
0.050,0.016,0.014,21.090,228102.562,6.365,68.000
0.048,0.010,0.011,21.212,250965.781,8.761,68.000
0.058,0.001,0.013,24.690,74579.008,0.664,68.000
0.055,0.001,0.011,25.179,164522.469,3.356,68.000
0.052,0.000,0.022,20.575,-21072.445,-3.086,68.000
0.048,0.005,0.011,22.165,286769.594,7.073,68.000
0.052,0.022,0.012,22.335,220221.562,6.763,68.000
0.050,0.001,0.004,20.970,209046.406,2.071,68.000
0.050,0.006,0.012,22.123,289074.344,7.481,68.000
0.050,0.001,0.022,21.695,118559.742,2.168,68.000
0.060,0.001,0.009,22.134,64567.148,1.353,68.000
0.052,0.001,0.004,18.962,234893.625,2.235,68.000
0.049,0.008,0.013,22.006,275397.812,8.545,68.000
0.050,0.026,0.013,23.147,231183.469,8.066,68.000
0.051,0.011,0.013,20.974,218989.250,7.819,68.000
0.044,0.000,0.012,23.234,44814.414,-0.617,68.000
0.051,0.011,0.013,20.982,224413.750,8.021,68.000
0.052,0.002,0.008,22.821,248878.000,4.407,68.000
0.055,0.002,0.013,23.312,185152.656,3.527,68.000
0.054,0.000,0.006,22.725,56777.445,2.807,68.000
0.051,0.027,0.012,17.198,124845.445,4.324,68.000
0.045,0.000,0.017,22.933,70948.648,0.330,68.000
0.051,0.002,0.010,22.801,271755.125,5.085,68.000
0.050,0.001,0.021,22.780,125690.852,2.357,68.000
0.052,0.006,0.014,20.195,218669.844,6.373,68.000
0.049,0.009,0.011,21.320,264029.969,8.873,68.000
0.054,0.002,0.016,22.317,210180.594,2.580,68.000
0.051,0.002,0.007,22.394,241590.812,4.017,68.000
0.051,0.007,0.012,20.967,263492.406,7.797,68.000
0.059,0.001,0.014,22.888,139194.531,0.425,68.000
0.048,0.026,0.013,20.978,237220.750,9.593,68.000
0.049,0.007,0.014,21.150,243307.969,7.306,68.000
0.051,0.008,0.015,19.073,233575.562,6.870,68.000
0.042,0.000,0.017,22.599,13396.172,-0.286,68.000
0.048,0.019,0.012,19.203,234298.750,9.511,68.000
0.049,0.005,0.010,20.854,280758.656,6.848,68.000
0.049,0.008,0.011,20.766,278703.312,8.393,68.000
0.056,0.000,0.018,22.099,72288.430,2.698,68.000
0.050,0.023,0.013,22.780,236813.594,7.984,68.000
0.049,0.002,0.006,21.798,221887.594,3.002,68.000
0.053,0.000,0.019,21.988,79821.852,1.984,68.000
0.055,0.001,0.015,27.552,68995.883,0.461,68.000
0.047,0.000,0.020,21.361,89515.633,0.958,68.000
0.050,0.002,0.006,20.897,222031.312,2.555,68.000
0.052,0.001,0.015,25.842,142836.312,1.234,68.000
0.059,0.000,0.017,20.890,64111.289,2.296,68.000
0.051,0.026,0.011,21.893,224927.656,7.743,68.000
0.058,0.001,0.016,20.988,156044.594,0.455,68.000
0.051,0.001,0.011,25.201,261982.406,4.491,68.000
0.059,0.001,0.010,21.626,157600.750,2.795,68.000
0.098,0.010,0.012,21.192,204131.219,6.249,68.000
0.048,0.007,0.012,22.687,291743.312,8.262,68.000
0.044,0.002,0.011,20.930,229374.406,3.024,68.000
0.049,0.007,0.011,21.087,297025.750,8.126,68.000
0.048,0.001,0.018,22.956,185923.500,2.357,68.000
0.042,0.001,0.018,21.339,31112.773,-0.355,68.000
0.046,0.001,0.018,24.066,94278.211,0.666,68.000
0.046,0.000,0.008,30.975,-58511.895,-0.701,68.000
0.042,0.001,0.009,21.635,158389.969,1.516,68.000
0.044,0.001,0.010,21.942,206226.125,2.579,68.000
0.044,0.000,0.012,29.812,-26267.797,-1.304,68.000
0.050,0.019,0.011,20.236,220376.875,9.118,68.000
0.049,0.020,0.014,22.832,255400.000,7.376,68.000
0.049,0.003,0.013,23.578,238464.750,5.506,68.000
0.049,0.019,0.011,19.962,221404.531,9.148,68.000
0.051,0.020,0.013,22.809,246278.719,7.057,68.000
0.046,0.002,0.011,21.989,257334.125,3.670,68.000
0.051,0.024,0.013,22.851,225417.156,7.443,68.000
0.050,0.024,0.010,20.459,219445.375,8.750,68.000
0.041,0.000,0.006,18.299,31232.414,-0.506,68.000
0.054,0.000,0.007,25.842,9343.594,1.497,68.000
0.057,0.000,0.019,20.754,-8460.086,0.033,68.000
0.048,0.013,0.012,20.050,260313.688,9.457,68.000
0.049,0.000,0.018,26.157,-1504.258,-0.990,68.000
0.049,0.015,0.012,20.211,238522.500,8.472,68.000
0.054,0.000,0.011,33.311,-29569.078,-0.577,68.000
0.054,0.000,0.011,29.255,14799.031,2.764,68.000
0.052,0.001,0.006,21.733,223796.000,3.208,68.000
0.051,0.021,0.011,21.463,212667.844,7.863,68.000
0.050,0.019,0.013,21.657,239199.281,7.703,68.000
0.043,0.001,0.010,27.504,32415.289,0.915,68.000
0.045,0.000,0.015,26.654,-11758.891,0.085,68.000
0.049,0.016,0.010,19.665,226508.844,9.073,68.000
0.047,0.001,0.021,21.683,169486.688,2.821,68.000
0.054,0.000,0.012,33.806,-26241.375,-0.374,68.000
0.049,0.016,0.012,19.563,233865.469,8.521,68.000
0.050,0.009,0.011,20.517,257111.781,8.526,68.000
0.051,0.015,0.010,20.200,214365.062,7.943,68.000
0.049,0.000,0.008,29.393,-10781.305,0.989,68.000
0.051,0.001,0.018,22.002,193276.281,2.744,68.000
0.052,0.023,0.011,22.312,219150.312,7.319,68.000
0.054,0.000,0.021,23.358,-38986.578,-0.691,68.000
0.051,0.026,0.013,22.342,229706.000,7.922,68.000
0.058,0.001,0.014,22.657,155717.750,1.398,68.000
0.052,0.013,0.011,20.202,193158.938,6.734,68.000
0.051,0.000,0.005,24.527,67415.305,1.522,68.000
0.052,0.000,0.007,26.720,17492.250,1.439,68.000
0.058,0.000,0.006,25.687,-91923.359,2.260,68.000
0.054,0.001,0.021,21.369,170392.719,2.945,68.000
0.051,0.025,0.012,22.566,225370.094,7.402,68.000
0.050,0.023,0.014,23.292,236140.938,7.811,68.000
0.055,0.002,0.012,22.610,224246.250,4.325,68.000
0.054,0.001,0.015,23.190,188569.375,2.101,68.000
0.051,0.008,0.013,22.030,252687.281,8.079,68.000
0.051,0.026,0.014,24.075,228482.094,7.768,68.000
0.046,0.001,0.007,21.803,210997.250,2.705,68.000
0.050,0.000,0.016,26.257,45842.852,1.194,68.000
0.052,0.011,0.011,19.783,192417.062,6.696,68.000
0.044,0.000,0.018,22.522,28268.273,1.340,68.000
0.049,0.008,0.011,20.900,275542.188,8.493,68.000
0.049,0.001,0.005,20.005,223214.312,2.158,68.000
0.052,0.001,0.011,26.927,253875.938,4.598,68.000
0.052,0.002,0.006,20.350,219693.469,2.396,68.000
0.049,0.012,0.013,20.597,235493.406,8.271,68.000
0.048,0.000,0.020,22.069,-470.289,-1.578,68.000
0.046,0.001,0.017,22.502,172976.719,2.591,68.000
0.048,0.006,0.012,22.313,297283.344,7.948,68.000
0.058,0.001,0.014,24.139,124015.742,0.231,68.000
0.052,0.002,0.017,23.148,207952.750,3.198,68.000
0.049,0.006,0.010,20.424,280962.250,7.090,68.000
0.052,0.002,0.012,23.121,243961.562,5.019,68.000
0.049,0.025,0.012,21.602,230669.000,8.918,68.000
0.097,0.012,0.012,20.683,204562.531,6.535,68.000
0.059,0.000,0.014,22.413,92044.070,-0.680,68.000
0.051,0.000,0.011,29.921,25154.500,1.384,68.000
0.055,0.000,0.020,23.004,26556.461,1.984,68.000
0.053,0.000,0.004,23.496,33458.945,1.190,68.000
0.052,0.009,0.011,19.449,219710.125,7.244,68.000
0.052,0.005,0.013,21.306,220794.531,5.324,68.000
0.053,0.000,0.018,25.366,-734.688,-3.583,68.000
0.002,0.010,0.011,21.331,174739.375,7.794,68.000
0.053,0.001,0.010,22.913,250294.156,4.774,68.000
0.050,0.014,0.010,20.299,216070.938,7.644,68.000
0.052,0.005,0.014,21.335,221067.688,5.534,68.000
0.054,0.001,0.021,21.101,173619.594,2.911,68.000
0.049,0.013,0.010,20.593,218628.562,7.673,68.000
0.050,0.019,0.014,22.218,245983.781,6.979,68.000
0.050,0.026,0.013,22.180,224886.844,7.814,68.000
0.048,0.000,0.006,22.519,14574.531,1.702,68.000
0.049,0.001,0.004,19.597,218538.594,1.796,68.000
0.057,0.001,0.020,21.651,154331.000,2.106,68.000
0.051,0.012,0.012,20.605,207884.750,7.455,68.000
0.050,0.005,0.013,22.669,246440.094,6.266,68.000
0.002,0.010,0.012,21.204,186603.312,7.796,68.000
0.052,0.019,0.013,22.855,221101.188,6.461,68.000
0.050,0.021,0.012,20.870,231635.062,8.663,68.000
0.044,0.002,0.010,21.215,234147.688,3.098,68.000
0.047,0.001,0.013,29.871,106905.195,2.328,68.000
0.049,0.001,0.013,26.786,239298.031,4.477,68.000
0.056,0.000,0.019,23.986,28577.008,-0.490,68.000
0.056,0.001,0.018,20.996,194961.000,1.713,68.000
0.048,0.023,0.012,21.293,237726.094,9.594,68.000
0.050,0.012,0.012,20.726,230659.438,8.383,68.000
0.049,0.013,0.012,19.786,249371.406,8.981,68.000
0.052,0.001,0.006,21.216,219565.875,2.765,68.000
0.042,0.001,0.014,18.317,162374.688,3.077,68.000
0.050,0.021,0.011,20.777,221690.438,8.840,68.000
0.059,0.001,0.015,20.490,156627.750,-0.147,68.000
0.048,0.006,0.013,22.992,272133.656,7.512,68.000
0.043,0.001,0.013,21.094,203674.969,3.801,68.000
0.048,0.019,0.012,19.023,240418.781,9.486,68.000
0.041,0.000,0.009,20.218,29381.195,-1.794,68.000
0.061,0.000,0.013,20.606,73297.773,0.534,68.000
0.051,0.021,0.013,22.257,233173.469,7.173,68.000
0.052,0.006,0.011,20.141,272281.500,6.301,68.000
0.002,0.012,0.012,20.917,207831.906,7.653,68.000
0.052,0.010,0.011,19.745,213504.781,7.307,68.000
0.058,0.001,0.006,18.556,202109.469,2.723,68.000
0.051,0.007,0.010,19.278,280423.875,7.280,68.000
0.057,0.000,0.005,21.213,47315.023,3.611,68.000
0.051,0.021,0.013,23.405,238759.031,6.808,68.000
0.052,0.013,0.010,19.974,192571.781,6.639,68.000
0.050,0.007,0.010,19.548,282384.688,7.656,68.000
0.049,0.017,0.013,20.938,237842.594,7.571,68.000
0.050,0.005,0.011,20.520,281591.125,6.382,68.000
0.002,0.011,0.012,20.794,191679.656,7.648,68.000
0.000,0.012,0.013,18.282,6655.445,12.968,68.000
0.001,0.012,0.011,21.404,195114.906,7.812,68.000
0.055,0.001,0.019,22.622,179338.875,2.178,68.000
0.049,0.020,0.011,20.103,223506.375,9.151,68.000
0.050,0.010,0.011,20.355,241165.875,8.426,68.000
0.097,0.013,0.013,20.399,205834.406,6.465,68.000
0.051,0.024,0.012,22.253,223950.062,7.334,68.000
0.049,0.012,0.012,20.032,247885.656,8.916,68.000
0.052,0.005,0.012,20.651,266152.094,6.246,68.000
0.049,0.010,0.014,19.601,233660.938,7.804,68.000
0.054,0.000,0.020,21.601,-28022.273,-0.912,68.000
0.057,0.001,0.013,26.505,77914.508,1.178,68.000
0.052,0.008,0.010,18.565,252675.094,6.626,68.000
0.046,0.001,0.014,22.246,208337.188,3.929,68.000
0.046,0.001,0.008,25.388,151294.656,2.319,68.000
0.100,0.012,0.013,21.203,-16697.414,9.950,68.000
0.049,0.006,0.013,23.186,272166.906,7.309,68.000
0.048,0.016,0.012,19.348,237370.250,8.970,68.000
0.050,0.001,0.007,22.372,233100.500,3.571,68.000
0.051,0.026,0.011,21.160,226783.906,7.717,68.000
0.050,0.000,0.019,22.870,27236.445,1.619,68.000
0.047,0.001,0.008,26.427,137889.562,2.350,68.000
0.051,0.011,0.014,20.066,218077.188,7.417,68.000
0.053,0.000,0.013,26.948,51459.164,3.741,68.000
0.051,0.001,0.007,22.161,226212.719,3.488,68.000
0.050,0.003,0.010,21.475,276888.062,5.853,68.000
0.001,0.012,0.012,21.351,200906.750,7.828,68.000
0.051,0.017,0.013,20.917,220147.000,6.992,68.000
0.052,0.001,0.008,24.368,224960.750,4.324,68.000
0.051,0.017,0.011,20.913,210928.000,7.619,68.000
0.048,0.000,0.019,22.474,41326.398,2.715,68.000
0.050,0.001,0.010,25.366,261792.062,4.501,68.000
0.058,0.001,0.011,21.131,176655.719,2.764,68.000
0.051,0.020,0.012,21.082,221086.469,7.873,68.000
0.048,0.022,0.012,21.434,238634.250,9.404,68.000
0.059,0.001,0.014,22.362,61812.336,-1.464,68.000
0.050,0.000,0.011,26.811,111662.711,2.264,68.000
0.050,0.015,0.010,20.026,224805.406,8.305,68.000
0.049,0.005,0.010,20.864,270282.469,5.924,68.000
0.051,0.019,0.014,22.441,236418.656,6.753,68.000
0.058,0.000,0.007,23.948,-32603.117,1.924,68.000
0.053,0.001,0.007,26.705,88691.070,1.779,68.000
0.048,0.004,0.013,23.084,275966.969,6.638,68.000
0.051,0.000,0.017,28.208,-24003.438,-1.427,68.000
0.052,0.005,0.012,21.458,243066.094,5.655,68.000
0.052,0.020,0.013,22.316,229527.406,7.017,68.000
0.049,0.002,0.015,23.716,200906.844,3.754,68.000
0.052,0.001,0.010,26.649,227959.469,4.517,68.000
0.050,0.026,0.014,22.762,236296.969,8.650,68.000
0.002,0.013,0.012,20.934,216282.438,7.516,68.000
0.047,0.002,0.014,22.747,197658.688,3.908,68.000
0.051,0.023,0.011,21.592,221483.594,8.262,68.000
0.049,0.000,0.020,20.732,126186.586,3.793,68.000
0.049,0.003,0.013,23.448,264992.219,5.813,68.000
0.044,0.001,0.011,23.152,204581.094,2.441,68.000
0.051,0.018,0.012,21.401,215141.125,6.891,68.000
0.055,0.001,0.014,28.656,65336.789,0.797,68.000
0.048,0.020,0.013,20.450,254524.531,9.035,68.000
0.052,0.016,0.012,21.601,202698.500,6.606,68.000
0.050,0.000,0.019,23.473,34598.602,0.422,68.000
0.049,0.001,0.021,20.639,177990.531,3.126,68.000
0.057,0.000,0.017,23.214,36397.930,1.633,68.000
0.055,0.001,0.020,21.818,175044.625,2.670,68.000
0.048,0.000,0.018,23.172,78529.867,1.011,68.000
0.049,0.016,0.013,19.506,233292.062,8.030,68.000
0.053,0.001,0.020,21.329,185732.938,3.024,68.000
0.058,0.000,0.018,23.191,87889.570,-0.700,68.000
0.049,0.019,0.014,21.802,253197.906,7.642,68.000
0.049,0.016,0.011,20.024,233484.844,9.687,68.000
0.050,0.015,0.011,20.171,232724.750,8.324,68.000
0.050,0.014,0.013,21.157,221880.844,7.290,68.000
0.050,0.019,0.012,20.822,228140.875,7.875,68.000
0.048,0.001,0.012,26.525,222031.281,3.696,68.000
0.050,0.007,0.011,20.625,296784.500,8.034,68.000
0.047,0.001,0.007,24.795,124245.727,2.163,68.000
0.051,0.001,0.001,22.691,100591.805,1.294,68.000
0.052,0.013,0.011,20.578,192715.906,6.659,68.000
0.054,0.001,0.012,30.714,97462.430,2.361,68.000
0.047,0.001,0.022,21.155,76445.336,0.843,68.000
0.055,0.001,0.015,22.279,193575.656,1.845,68.000
0.050,0.001,0.004,21.408,202265.188,2.140,68.000
0.050,0.005,0.009,20.625,274741.344,6.239,68.000
0.042,0.001,0.017,20.293,110245.227,1.722,68.000
0.096,0.013,0.012,20.453,203656.719,6.735,68.000
0.048,0.001,0.014,24.203,210733.656,3.948,68.000
0.044,0.001,0.017,22.831,148904.406,2.351,68.000
0.051,0.016,0.014,21.678,220197.375,6.207,68.000
0.051,0.023,0.012,22.188,222088.156,7.922,68.000
0.056,0.001,0.019,22.280,180664.312,1.449,68.000
0.056,0.001,0.020,22.096,166126.281,2.459,68.000
0.059,0.000,0.014,23.159,22624.656,1.817,68.000
0.049,0.012,0.010,20.537,230737.469,7.518,68.000
0.051,0.000,0.014,30.949,17277.547,0.499,68.000
0.047,0.000,0.011,33.979,6780.133,3.257,68.000
0.051,0.010,0.014,19.228,225500.844,7.580,68.000
0.050,0.001,0.004,21.583,193307.812,2.057,68.000
0.050,0.000,0.001,24.489,-17092.586,-0.521,68.000
0.050,0.021,0.011,20.736,222243.469,8.722,68.000
0.049,0.004,0.012,22.553,282358.594,6.522,68.000
0.055,0.000,0.012,34.033,-30082.562,-0.896,68.000
0.051,0.022,0.014,23.076,237628.719,6.952,68.000
0.053,0.001,0.004,18.844,234865.500,2.494,68.000
0.050,0.000,0.008,28.591,10591.641,3.601,68.000
0.051,0.010,0.012,20.540,224545.906,7.831,68.000
0.050,0.023,0.012,21.727,227664.938,8.792,68.000
0.047,0.001,0.019,24.013,89190.055,1.005,68.000
0.042,0.001,0.009,21.640,147159.219,1.606,68.000
0.051,0.026,0.014,24.395,229932.688,7.430,68.000
0.050,0.018,0.013,21.730,231282.062,6.995,68.000
0.055,0.002,0.011,22.282,224948.156,4.217,68.000
0.049,0.022,0.012,21.191,234985.062,8.877,68.000
0.043,0.000,0.006,23.128,-51743.855,0.156,68.000
0.045,0.001,0.014,27.226,61135.055,0.748,68.000
0.052,0.001,0.006,26.325,82867.477,1.655,68.000
0.050,0.005,0.010,20.103,274073.938,6.296,68.000
0.050,0.020,0.011,20.441,221651.188,9.288,68.000
0.051,0.000,0.009,28.596,22006.648,2.406,68.000
0.052,0.000,0.010,30.248,-1370.180,1.352,68.000
0.051,0.010,0.011,20.068,219753.656,7.693,68.000
0.051,0.005,0.013,22.237,233560.094,5.586,68.000
0.052,0.007,0.013,21.240,230238.656,7.160,68.000
0.048,0.017,0.011,19.802,231487.969,9.943,68.000
0.041,0.001,0.010,20.945,114967.117,1.079,68.000
0.047,0.001,0.005,20.605,203943.062,2.118,68.000
0.049,0.026,0.014,22.838,235399.781,8.538,68.000
0.052,0.026,0.014,24.098,226115.375,7.141,68.000
0.051,0.025,0.012,22.073,227356.188,7.646,68.000
0.055,0.000,0.015,26.770,33493.367,-0.489,68.000
0.051,0.008,0.013,20.888,247746.156,7.930,68.000
0.050,0.024,0.012,22.196,229063.188,8.242,68.000
0.051,0.020,0.011,20.786,215038.188,8.731,68.000
0.048,0.010,0.013,20.078,254679.781,9.147,68.000
0.049,0.020,0.011,20.077,222530.531,9.341,68.000
0.050,0.001,0.019,22.810,188503.844,3.067,68.000
0.045,0.001,0.012,22.063,239025.375,3.966,68.000
0.052,0.001,0.020,21.410,184594.969,2.946,68.000
0.051,0.012,0.014,20.088,222279.781,7.429,68.000
0.048,0.026,0.013,21.127,228447.062,8.798,68.000
0.051,0.007,0.011,21.026,281232.281,8.251,68.000
0.054,0.001,0.011,22.884,245297.438,4.595,68.000
0.050,0.009,0.015,18.097,232510.844,7.225,68.000
0.050,0.006,0.013,22.320,246029.625,6.944,68.000
0.002,0.012,0.013,20.911,202711.531,7.686,68.000
0.049,0.001,0.017,22.984,204172.281,2.782,68.000
0.051,0.008,0.014,20.383,242171.406,7.888,68.000
0.051,0.014,0.014,20.002,216606.812,6.646,68.000
0.052,0.002,0.018,22.038,192492.250,2.606,68.000
0.047,0.001,0.019,21.808,181839.719,2.539,68.000
0.051,0.001,0.007,26.354,116491.570,2.251,68.000
0.050,0.008,0.011,21.029,272794.469,8.610,68.000
0.059,0.000,0.013,23.971,-44288.977,0.418,68.000
0.056,0.001,0.019,22.247,177351.344,1.971,68.000
0.052,0.000,0.013,33.078,-66927.875,-2.054,68.000
0.049,0.001,0.005,20.084,219137.594,2.101,68.000
0.040,0.001,0.016,17.591,98322.258,1.702,68.000
0.052,0.005,0.011,20.461,279732.719,6.431,68.000
0.051,0.018,0.011,20.907,211499.969,7.824,68.000
0.050,0.000,0.006,26.242,-17791.203,2.505,68.000
0.043,0.001,0.011,26.086,73706.727,0.339,68.000
0.048,0.008,0.012,22.429,279246.750,8.538,68.000
0.052,0.018,0.012,22.047,206647.906,6.249,68.000
0.049,0.002,0.013,23.589,262342.750,5.477,68.000
0.041,0.000,0.009,22.078,-73177.461,1.083,68.000
0.053,0.002,0.012,23.958,235100.156,4.535,68.000
0.050,0.012,0.013,20.836,227317.969,8.223,68.000
0.048,0.003,0.011,22.274,266761.781,5.199,68.000
0.052,0.011,0.013,20.956,202728.812,6.921,68.000
0.053,0.001,0.009,25.827,188604.438,3.712,68.000
0.047,0.001,0.020,21.187,169232.875,2.610,68.000
0.045,0.001,0.010,25.344,215158.812,2.947,68.000
0.051,0.010,0.012,20.255,214374.719,7.736,68.000
0.049,0.002,0.011,22.193,268804.156,5.046,68.000
0.043,0.000,0.006,23.472,-1421.539,1.339,68.000
0.057,0.001,0.008,22.759,170063.125,2.988,68.000
0.052,0.006,0.011,19.777,280172.906,6.435,68.000
0.051,0.016,0.012,20.824,218970.062,7.441,68.000
0.048,0.001,0.012,22.905,258644.750,4.723,68.000
0.043,0.001,0.016,20.156,139714.594,2.342,68.000
0.055,0.001,0.017,20.723,199858.094,2.345,68.000
0.048,0.010,0.011,21.293,250659.031,8.452,68.000
0.052,0.005,0.012,20.722,269663.812,6.421,68.000
0.051,0.007,0.011,20.775,284555.312,8.214,68.000
0.051,0.001,0.016,24.938,203817.344,2.454,68.000
0.044,0.001,0.021,20.454,149333.844,2.106,68.000
0.039,0.001,0.011,20.845,72802.445,0.687,68.000
0.047,0.000,0.002,21.646,25854.500,-0.097,68.000
0.048,0.009,0.011,21.361,257075.156,8.573,68.000
0.053,0.001,0.021,21.251,179516.188,2.924,68.000
0.052,0.009,0.014,20.048,232924.500,7.687,68.000
0.055,0.001,0.004,18.396,231581.438,2.614,68.000
0.043,0.000,0.012,25.349,41902.195,-0.832,68.000
0.050,0.026,0.014,23.965,224823.844,7.522,68.000
0.050,0.001,0.009,33.675,25261.172,1.797,68.000
0.052,0.001,0.017,26.616,133256.906,0.797,68.000
0.052,0.011,0.010,19.839,202142.031,6.930,68.000
0.054,0.001,0.007,25.274,145654.406,3.081,68.000
0.049,0.014,0.013,20.613,238651.969,8.210,68.000
0.048,0.001,0.022,21.166,169236.438,2.949,68.000
0.043,0.000,0.020,21.340,42696.773,0.001,68.000
0.047,0.001,0.006,24.200,83150.383,1.673,68.000
0.049,0.008,0.014,19.445,241269.156,7.582,68.000
0.056,0.000,0.012,28.767,28253.961,2.176,68.000
0.051,0.001,0.022,22.834,96807.742,1.794,68.000
0.051,0.024,0.011,21.942,221550.875,8.190,68.000
0.048,0.006,0.011,21.711,291070.406,7.546,68.000
0.048,0.007,0.014,22.054,254404.562,7.745,68.000
0.048,0.007,0.011,21.883,286139.844,8.267,68.000
0.056,0.001,0.012,22.845,212538.031,4.117,68.000
0.052,0.024,0.012,22.637,222844.438,6.918,68.000
0.052,0.001,0.002,24.508,41432.336,0.759,68.000
0.043,0.002,0.012,21.576,213967.000,3.479,68.000
0.049,0.020,0.013,21.838,257647.125,8.087,68.000
0.052,0.001,0.012,30.258,150503.750,2.959,68.000
0.057,0.000,0.016,23.517,3050.602,-0.099,68.000
0.050,0.002,0.010,22.156,275524.125,5.348,68.000
0.056,0.000,0.009,26.996,-25797.930,2.503,68.000
0.043,0.001,0.009,23.274,175405.531,1.906,68.000
0.047,0.000,0.002,19.307,66127.852,0.585,68.000
0.051,0.011,0.014,19.700,226975.312,7.724,68.000
0.049,0.013,0.013,20.163,227388.312,7.743,68.000
0.050,0.004,0.009,21.299,275590.594,5.696,68.000
0.046,0.001,0.007,24.760,151339.344,2.411,68.000
0.056,0.001,0.007,21.938,198971.500,2.921,68.000
0.051,0.000,0.019,22.666,-15798.273,0.510,68.000
0.050,0.022,0.011,21.181,222888.344,8.633,68.000
0.052,0.007,0.013,20.945,226011.125,6.840,68.000
0.051,0.005,0.012,21.651,269171.094,6.747,68.000
0.048,0.001,0.018,24.962,137211.781,1.166,68.000
0.048,0.000,0.021,19.589,-7537.258,-0.283,68.000
0.051,0.006,0.011,19.574,282779.438,6.687,68.000
0.055,0.000,0.012,32.642,-79037.961,-0.946,68.000
0.050,0.025,0.014,23.463,232005.750,8.092,68.000
0.053,0.001,0.006,20.605,216891.312,2.492,68.000
0.049,0.021,0.011,20.160,222870.156,9.530,68.000
0.046,0.001,0.018,26.714,23245.188,-0.164,68.000
0.059,0.001,0.008,19.996,163675.000,2.494,68.000
0.048,0.025,0.012,20.612,229436.406,9.988,68.000
0.052,0.001,0.003,23.454,72605.727,0.652,68.000
0.049,0.016,0.013,20.569,229471.188,7.143,68.000
0.050,0.022,0.011,20.714,218311.344,9.039,68.000
0.055,0.000,0.003,22.793,36811.836,2.170,68.000
0.052,0.000,0.016,26.081,58059.539,1.250,68.000
0.047,0.002,0.010,23.179,264617.750,4.089,68.000
0.051,0.000,0.014,30.987,53952.711,1.458,68.000
0.051,0.002,0.009,23.377,268279.906,4.955,68.000
0.056,0.001,0.011,28.725,37522.336,1.654,68.000
0.050,0.001,0.015,24.418,202681.281,2.994,68.000
0.049,0.006,0.012,23.092,283513.000,7.951,68.000
0.049,0.010,0.011,21.253,246952.406,8.552,68.000
0.048,0.009,0.013,20.717,265268.625,8.881,68.000
0.048,0.004,0.013,23.125,256431.750,6.581,68.000
0.056,0.001,0.016,20.847,212162.938,2.408,68.000
0.043,0.000,0.019,23.431,14681.133,-0.516,68.000
0.050,0.024,0.012,21.663,225487.875,8.800,68.000
0.051,0.001,0.009,25.331,245192.250,4.635,68.000
0.051,0.016,0.014,21.702,223085.906,6.214,68.000
0.045,0.001,0.002,21.427,87032.320,1.232,68.000
0.051,0.010,0.012,20.273,222446.906,7.976,68.000
0.049,0.002,0.014,23.735,216287.625,4.786,68.000
0.058,0.000,0.017,23.491,-10208.984,-1.067,68.000
0.051,0.000,0.017,28.419,-37066.320,2.266,68.000
0.057,0.001,0.014,24.994,117641.664,0.735,68.000
0.058,0.001,0.005,22.011,126067.398,1.998,68.000
0.055,0.001,0.005,19.261,224053.406,2.630,68.000
0.053,0.000,0.020,22.553,33086.570,0.609,68.000
0.049,0.016,0.013,20.100,228125.438,7.344,68.000
0.050,0.020,0.014,22.753,247835.250,7.167,68.000
0.044,0.000,0.017,22.883,53478.664,0.043,68.000
0.047,0.002,0.011,21.828,258689.844,4.222,68.000
0.053,0.001,0.019,22.482,188120.094,2.707,68.000
0.053,0.002,0.010,22.721,250524.500,4.718,68.000
0.048,0.024,0.012,21.061,231990.469,10.120,68.000
0.099,0.013,0.013,21.300,215219.844,7.022,68.000
0.052,0.000,0.004,23.442,40844.992,1.744,68.000
0.041,0.001,0.011,21.256,151155.062,1.871,68.000
0.053,0.001,0.020,22.389,156408.469,2.571,68.000
0.052,0.001,0.006,20.919,218034.500,2.511,68.000
0.042,0.000,0.016,22.981,-26746.656,-1.550,68.000
0.097,0.013,0.011,21.225,204761.781,7.369,68.000
0.050,0.004,0.011,21.331,287659.250,6.431,68.000
0.056,0.001,0.015,25.396,113891.195,0.337,68.000
0.050,0.008,0.011,20.955,270843.156,8.582,68.000
0.048,0.004,0.011,22.126,267926.531,5.944,68.000
0.059,0.000,0.007,25.224,-79100.984,1.093,68.000
0.048,0.001,0.009,27.274,167818.344,2.940,68.000
0.048,0.015,0.011,19.795,252214.250,9.575,68.000
0.047,0.000,0.003,21.389,72706.586,0.367,68.000
0.052,0.000,0.019,24.076,20728.477,0.152,68.000
0.050,0.008,0.009,19.316,259896.875,7.266,68.000
0.049,0.012,0.012,19.948,249149.531,9.092,68.000
0.049,0.019,0.012,19.321,237363.625,9.165,68.000
0.052,0.002,0.006,21.217,221387.500,3.086,68.000
0.049,0.020,0.013,21.629,252107.250,8.222,68.000
0.049,0.001,0.006,22.546,187318.500,2.391,68.000
0.048,0.003,0.012,22.645,284098.250,6.269,68.000
0.053,0.001,0.003,20.538,176488.312,2.099,68.000
0.048,0.002,0.014,23.412,228940.656,5.133,68.000
0.056,0.001,0.019,24.620,82827.852,-0.162,68.000
0.058,0.001,0.017,19.947,186047.812,0.940,68.000
0.049,0.002,0.008,23.030,247499.969,4.151,68.000
0.049,0.005,0.014,22.505,230767.531,6.420,68.000
0.052,0.023,0.011,21.974,219143.469,7.645,68.000
0.048,0.009,0.010,21.066,258875.406,8.313,68.000
0.051,0.004,0.011,21.181,286690.688,6.323,68.000
0.002,0.013,0.011,21.267,190912.531,7.660,68.000
0.051,0.023,0.012,22.376,218893.594,7.734,68.000
0.052,0.002,0.016,23.181,212897.219,3.073,68.000
0.043,0.001,0.007,23.824,47996.711,1.203,68.000
0.048,0.006,0.010,21.427,278401.531,7.127,68.000
0.052,0.000,0.006,26.638,18908.641,2.894,68.000
0.057,0.000,0.013,27.929,26708.047,3.247,68.000
0.040,0.001,0.015,18.736,74529.227,1.282,68.000
0.040,0.000,0.011,22.319,-8843.219,0.139,68.000
0.052,0.000,0.021,20.329,-60451.602,-4.231,68.000
0.049,0.002,0.014,23.769,225578.344,5.054,68.000
0.049,0.024,0.013,21.723,233660.438,8.796,68.000
0.049,0.008,0.010,20.625,281928.156,8.139,68.000
0.059,0.001,0.009,22.380,95161.070,2.148,68.000
0.056,0.001,0.013,23.282,161427.062,2.914,68.000
0.048,0.012,0.013,20.197,242266.125,8.526,68.000
0.002,0.013,0.012,21.223,212199.469,7.564,68.000
0.052,0.023,0.012,22.375,214997.781,6.926,68.000
0.052,0.004,0.012,21.287,270852.781,5.793,68.000
0.052,0.001,0.003,21.860,163631.031,2.032,68.000
0.048,0.001,0.012,22.697,262272.375,4.604,68.000
0.051,0.001,0.006,21.680,224420.344,3.196,68.000
0.052,0.026,0.013,23.774,219360.844,5.986,68.000
0.041,0.000,0.011,25.131,-44730.918,-0.628,68.000
0.050,0.000,0.002,23.589,18330.797,0.697,68.000
0.050,0.023,0.010,20.750,217091.750,8.613,68.000
0.042,0.001,0.018,21.213,96878.727,1.112,68.000
0.048,0.009,0.014,21.019,249180.750,8.171,68.000
0.049,0.012,0.011,19.732,255638.719,9.087,68.000
0.052,0.002,0.013,23.444,210517.156,4.012,68.000
0.050,0.014,0.010,20.229,214414.438,7.564,68.000
0.097,0.011,0.012,20.773,204732.219,6.258,68.000
0.058,0.001,0.014,22.435,158025.906,0.627,68.000
0.056,0.000,0.012,29.590,-84100.602,0.114,68.000
0.049,0.002,0.006,21.746,223098.062,2.910,68.000
0.059,0.001,0.007,23.589,66489.477,1.844,68.000
0.100,0.011,0.012,25.994,439.562,8.565,68.000
0.098,0.011,0.012,21.018,206210.188,6.333,68.000
0.044,0.000,0.016,24.476,-72728.234,-1.969,68.000
0.051,0.000,0.006,24.655,-13076.234,1.792,68.000
0.049,0.000,0.006,24.635,7680.289,2.546,68.000
0.052,0.025,0.013,23.156,221053.062,6.642,68.000
0.060,0.001,0.015,19.934,153112.188,-0.196,68.000
0.050,0.000,0.019,23.664,71146.305,1.375,68.000
0.045,0.001,0.015,24.059,177570.406,2.382,68.000
0.051,0.023,0.014,23.938,229816.000,6.669,68.000
0.057,0.001,0.018,21.112,178993.750,1.544,68.000
0.049,0.007,0.013,22.800,277157.938,8.395,68.000
0.045,0.000,0.015,31.897,9537.391,-1.218,68.000
0.051,0.006,0.010,19.211,276186.312,6.537,68.000
0.058,0.001,0.018,20.649,185787.062,0.823,68.000
0.052,0.005,0.013,21.346,218013.438,5.107,68.000
0.044,0.000,0.018,22.407,-28881.766,-0.418,68.000
0.054,0.002,0.009,22.923,245695.844,4.646,68.000
0.047,0.001,0.022,20.893,107512.648,1.335,68.000
0.050,0.020,0.011,20.379,224046.688,8.928,68.000
0.053,0.000,0.014,30.675,-71420.906,-0.657,68.000
0.052,0.004,0.011,21.192,266707.312,5.613,68.000
0.055,0.002,0.014,22.464,185347.156,2.222,68.000
0.051,0.013,0.012,20.596,208607.312,7.203,68.000
0.056,0.000,0.015,28.232,-51867.949,1.824,68.000
0.049,0.026,0.014,21.914,236220.531,8.984,68.000
0.042,0.001,0.014,19.120,181193.750,3.220,68.000
0.050,0.009,0.015,18.481,235323.500,7.284,68.000
0.048,0.014,0.012,20.000,258895.688,9.611,68.000
0.051,0.003,0.014,23.719,212749.031,4.341,68.000
0.043,0.000,0.004,19.919,45091.430,0.126,68.000
0.052,0.000,0.020,20.453,73965.820,2.278,68.000
0.050,0.003,0.013,23.407,240691.406,5.159,68.000
0.098,0.010,0.012,21.257,205118.344,6.235,68.000
0.051,0.000,0.018,25.788,-56057.398,-1.368,68.000
0.056,0.002,0.012,23.078,180069.438,3.558,68.000
0.051,0.001,0.017,27.292,98717.008,0.351,68.000
0.055,0.000,0.010,30.515,2205.547,2.506,68.000
0.050,0.009,0.014,18.668,234305.812,7.549,68.000
0.051,0.016,0.011,20.479,211975.812,7.904,68.000
0.048,0.005,0.012,22.764,291420.125,7.376,68.000
0.049,0.017,0.013,20.977,236586.344,7.429,68.000
0.054,0.001,0.003,21.362,148911.094,1.798,68.000
0.052,0.001,0.007,22.174,224571.281,3.485,68.000
0.045,0.001,0.015,21.907,180505.531,2.741,68.000
0.044,0.000,0.012,23.409,35543.430,-0.823,68.000
0.049,0.007,0.012,23.044,283879.500,8.158,68.000
0.048,0.016,0.013,19.641,233349.562,7.813,68.000
0.054,0.000,0.016,29.876,31436.836,4.291,68.000
0.048,0.023,0.012,20.787,229081.844,9.703,68.000
0.049,0.000,0.022,21.252,-106300.969,-4.306,68.000
0.052,0.002,0.010,22.622,257977.906,4.703,68.000
0.049,0.004,0.011,21.849,289294.969,6.624,68.000
0.047,0.002,0.014,22.876,209289.125,4.105,68.000
0.054,0.001,0.007,23.724,197130.156,3.729,68.000
0.043,0.000,0.008,24.730,-68984.930,-0.527,68.000
0.044,0.001,0.009,23.341,189076.906,2.215,68.000
0.053,0.001,0.020,21.748,186047.000,2.978,68.000
0.048,0.001,0.003,22.129,149125.562,1.628,68.000
0.044,0.001,0.011,22.710,219745.719,2.706,68.000
0.052,0.026,0.011,21.422,228924.438,7.375,68.000
0.057,0.001,0.008,22.289,183945.656,3.043,68.000
0.044,0.000,0.010,27.217,-6844.156,2.026,68.000
0.049,0.025,0.014,22.677,231540.750,8.514,68.000
0.051,0.013,0.011,20.081,211720.844,7.478,68.000
0.050,0.005,0.013,22.659,239190.781,6.010,68.000
0.053,0.001,0.020,21.137,184408.281,2.925,68.000
0.100,0.013,0.011,30.133,-57410.070,9.532,68.000
0.050,0.005,0.011,20.257,290180.375,6.887,68.000
0.048,0.000,0.013,28.815,82011.805,1.515,68.000
0.049,0.013,0.012,19.962,255805.375,9.186,68.000
0.049,0.022,0.012,21.145,233010.406,8.868,68.000
0.050,0.020,0.011,20.670,219726.406,9.094,68.000
0.046,0.000,0.008,30.445,-36742.617,-1.115,68.000
0.042,0.001,0.006,19.273,123701.242,1.732,68.000
0.041,0.000,0.017,22.572,-27327.539,-0.692,68.000
0.002,0.013,0.011,21.360,196271.875,7.692,68.000
0.052,0.010,0.014,19.193,219848.188,7.239,68.000
0.050,0.000,0.005,23.992,73044.930,1.363,68.000
0.054,0.000,0.014,31.623,-5060.742,-1.347,68.000
0.046,0.000,0.012,33.916,25388.586,-1.341,68.000
0.052,0.020,0.011,21.601,209238.844,7.698,68.000
0.053,0.001,0.004,19.361,226760.812,2.580,68.000
0.051,0.027,0.012,23.456,189135.406,4.600,68.000
0.051,0.010,0.013,20.737,228112.625,8.215,68.000
0.050,0.009,0.010,20.282,265143.688,8.424,68.000
0.045,0.000,0.010,27.804,-3062.586,0.971,68.000
0.052,0.025,0.011,21.943,221548.969,7.210,68.000
0.051,0.001,0.006,22.010,209529.625,2.807,68.000
0.056,0.000,0.019,21.975,29592.117,0.899,68.000
0.051,0.007,0.010,18.933,271097.719,7.073,68.000
0.048,0.001,0.010,28.620,127684.898,2.337,68.000
0.058,0.001,0.018,20.511,179427.094,0.433,68.000
0.042,0.001,0.015,20.686,149276.188,2.531,68.000
0.052,0.001,0.005,22.336,144815.125,1.797,68.000
0.050,0.011,0.013,20.781,234226.688,8.288,68.000
0.048,0.002,0.013,23.718,251401.656,5.182,68.000
0.052,0.000,0.004,28.610,-79189.156,0.849,68.000
0.050,0.014,0.014,19.402,221426.812,6.891,68.000
0.056,0.000,0.011,32.516,-91857.828,-1.801,68.000
0.054,0.001,0.003,20.152,180765.031,2.070,68.000
0.060,0.000,0.015,20.929,104008.445,-1.039,68.000
0.052,0.004,0.010,20.742,273330.969,5.750,68.000
0.046,0.001,0.016,22.446,178853.562,2.758,68.000
0.047,0.001,0.021,21.370,171662.031,2.804,68.000
0.059,0.000,0.017,22.159,30279.070,-0.665,68.000
0.053,0.000,0.010,34.192,-46403.109,-0.297,68.000
0.051,0.003,0.010,21.727,272903.750,5.314,68.000
0.041,0.001,0.012,24.623,48767.664,-0.059,68.000
0.098,0.012,0.011,21.021,203783.875,6.747,68.000
0.051,0.026,0.012,22.487,228570.688,7.499,68.000
0.046,0.001,0.010,27.627,174037.781,2.605,68.000
0.052,0.002,0.010,22.690,259907.156,4.732,68.000
0.052,0.015,0.013,21.816,201438.094,5.997,68.000
0.041,0.001,0.012,21.707,133466.500,1.889,68.000
0.046,0.001,0.007,26.509,81089.492,2.047,68.000
0.045,0.002,0.012,21.968,237648.812,4.110,68.000
0.043,0.000,0.006,20.483,27174.039,-0.012,68.000
0.049,0.010,0.010,20.624,242904.594,7.746,68.000
0.050,0.008,0.010,19.937,272014.125,8.247,68.000
0.049,0.005,0.013,23.082,273997.906,7.130,68.000
0.053,0.000,0.020,21.510,72818.445,3.568,68.000
0.049,0.022,0.010,20.285,220982.438,9.524,68.000
0.047,0.001,0.004,20.519,171583.469,1.385,68.000
0.049,0.011,0.013,20.237,248483.500,8.963,68.000
0.054,0.001,0.015,26.839,116246.836,0.179,68.000
0.055,0.000,0.012,28.271,21425.484,1.604,68.000
0.051,0.011,0.010,20.034,206013.656,7.163,68.000
0.049,0.002,0.012,22.359,275195.250,5.553,68.000
0.057,0.000,0.014,27.038,-25589.891,2.644,68.000
0.048,0.004,0.013,23.079,268209.625,6.610,68.000
0.050,0.004,0.010,20.907,274328.562,5.742,68.000
0.042,0.001,0.007,20.372,121890.852,1.223,68.000
0.049,0.014,0.011,19.621,247291.188,9.028,68.000
0.051,0.008,0.014,19.599,237341.906,7.233,68.000
0.051,0.018,0.012,21.334,213858.656,7.077,68.000
0.050,0.026,0.011,20.361,234910.281,8.465,68.000
0.049,0.010,0.013,20.887,244014.656,8.438,68.000
0.043,0.001,0.018,21.188,132081.594,1.761,68.000
0.053,0.001,0.012,27.329,230624.625,4.310,68.000
0.046,0.001,0.016,22.855,183402.781,2.698,68.000
0.044,0.001,0.017,21.358,142893.750,2.221,68.000
0.048,0.016,0.013,19.225,234625.156,8.285,68.000
0.041,0.000,0.013,22.931,31153.617,-0.194,68.000
0.051,0.014,0.014,20.224,217430.250,6.615,68.000
0.057,0.001,0.005,19.168,212272.031,2.654,68.000
0.051,0.014,0.011,20.361,201399.219,7.066,68.000
0.049,0.000,0.012,28.078,106681.133,2.073,68.000
0.049,0.005,0.014,21.855,226426.281,6.441,68.000
0.052,0.000,0.016,26.372,84355.742,1.119,68.000
0.042,0.001,0.006,19.664,113660.680,1.753,68.000
0.048,0.001,0.010,22.754,269837.906,4.070,68.000
0.049,0.003,0.010,21.881,266660.750,5.345,68.000
0.053,0.001,0.022,22.607,37599.164,0.937,68.000
0.050,0.018,0.011,20.123,214211.031,8.959,68.000
0.045,0.001,0.018,25.250,33461.242,-0.119,68.000
0.047,0.000,0.015,29.537,-62769.289,-2.575,68.000
0.048,0.001,0.004,21.719,177897.469,1.745,68.000
0.099,0.012,0.012,22.010,208288.531,7.220,68.000
0.052,0.008,0.012,20.758,234617.625,7.160,68.000
0.051,0.021,0.012,21.491,226691.500,7.842,68.000
0.052,0.027,0.012,22.479,206804.031,5.430,68.000
0.051,0.015,0.012,21.380,221144.656,7.469,68.000
0.098,0.012,0.011,21.362,205207.781,6.928,68.000
0.044,0.001,0.021,21.186,148929.719,1.971,68.000
0.050,0.006,0.013,22.585,254159.062,7.340,68.000
0.044,0.001,0.008,22.892,195129.750,2.389,68.000
0.051,0.017,0.012,20.674,216186.312,7.531,68.000
0.058,0.000,0.009,22.841,-33013.258,0.995,68.000
0.050,0.014,0.011,19.860,232978.625,8.377,68.000
0.044,0.002,0.010,21.435,220725.500,2.915,68.000
0.044,0.000,0.017,24.243,-42349.168,-2.150,68.000
0.051,0.001,0.005,22.033,185065.719,2.175,68.000
0.051,0.002,0.014,24.499,205000.344,3.906,68.000
0.051,0.014,0.010,20.181,217504.969,7.753,68.000
0.050,0.020,0.013,21.919,249523.375,7.908,68.000
0.050,0.004,0.011,21.352,286887.562,6.323,68.000
0.050,0.001,0.018,22.592,188256.406,2.559,68.000
0.056,0.000,0.012,28.802,1792.922,2.953,68.000
0.042,0.000,0.015,23.167,66778.039,0.278,68.000
0.054,0.001,0.005,20.425,217786.219,2.629,68.000
0.052,0.005,0.011,20.426,269027.844,6.088,68.000
0.056,0.000,0.020,22.173,-19266.477,-4.155,68.000
0.051,0.000,0.017,29.124,-16458.898,3.439,68.000
0.049,0.020,0.014,22.196,257650.750,7.984,68.000
0.048,0.023,0.013,21.700,237082.562,8.916,68.000
0.057,0.001,0.015,21.723,188670.125,1.175,68.000
0.051,0.015,0.011,20.669,214371.344,7.661,68.000
0.050,0.015,0.010,19.718,217924.469,8.312,68.000
0.049,0.011,0.010,20.635,232692.250,7.631,68.000
0.044,0.001,0.020,20.898,153475.156,2.196,68.000
0.048,0.012,0.011,19.704,256761.281,9.189,68.000
0.043,0.000,0.017,23.034,-33070.961,-1.473,68.000
0.050,0.016,0.012,20.303,225734.156,7.942,68.000
0.051,0.009,0.010,19.208,242563.406,7.224,68.000
0.051,0.004,0.011,21.039,285297.219,6.233,68.000
0.002,0.013,0.011,21.362,193914.688,7.587,68.000
0.050,0.001,0.012,27.815,247822.562,4.541,68.000
0.050,0.010,0.011,20.168,242620.531,8.299,68.000
0.050,0.019,0.010,20.119,212892.000,9.116,68.000
0.050,0.006,0.010,19.968,290799.656,6.981,68.000
0.045,0.000,0.008,27.382,-15592.914,0.098,68.000
0.052,0.000,0.017,27.276,32873.680,0.103,68.000
0.043,0.000,0.004,17.967,26243.617,-0.017,68.000
0.051,0.016,0.012,21.234,213797.156,6.813,68.000
0.041,0.001,0.018,20.969,16165.148,-0.646,68.000
0.053,0.000,0.011,35.719,-103786.500,-1.633,68.000
0.050,0.003,0.014,23.070,229427.625,5.349,68.000
0.047,0.002,0.015,23.207,196154.531,3.579,68.000
0.050,0.018,0.013,22.049,235913.250,7.236,68.000
0.046,0.001,0.008,23.606,218398.375,3.056,68.000
0.056,0.000,0.004,21.516,25686.945,2.006,68.000
0.051,0.025,0.014,23.906,230490.688,7.482,68.000
0.051,0.016,0.014,20.966,222087.625,6.099,68.000
0.049,0.003,0.011,21.932,274724.031,5.632,68.000
0.048,0.007,0.012,22.303,289304.094,8.594,68.000
0.051,0.001,0.010,26.019,243858.469,4.447,68.000
0.049,0.020,0.013,20.951,250199.125,8.535,68.000
0.053,0.001,0.020,24.157,74341.273,1.349,68.000
0.099,0.013,0.013,21.746,214330.906,7.243,68.000
0.051,0.006,0.014,21.251,230436.031,6.639,68.000
0.050,0.013,0.010,20.323,215674.375,7.357,68.000
0.051,0.009,0.014,20.087,239083.000,7.992,68.000
0.049,0.001,0.001,19.792,205083.250,2.084,68.000
0.050,0.001,0.007,22.411,230419.312,3.540,68.000
0.048,0.001,0.009,27.804,221521.875,3.705,68.000
0.048,0.027,0.012,15.924,163996.531,5.277,68.000
0.052,0.000,0.012,34.100,-52190.848,0.746,68.000
0.056,0.000,0.005,21.460,146962.688,1.840,68.000
0.051,0.001,0.007,23.924,226839.250,4.106,68.000
0.043,0.001,0.019,21.106,139106.375,1.776,68.000
0.050,0.008,0.012,22.396,279997.219,8.733,68.000
0.050,0.016,0.010,20.070,221270.750,8.668,68.000
0.056,0.001,0.019,22.554,170456.125,1.917,68.000
0.046,0.000,0.006,24.713,21622.164,1.006,68.000
0.048,0.023,0.011,19.609,216185.281,9.701,68.000
0.048,0.001,0.013,29.514,130878.242,2.580,68.000
0.055,0.001,0.014,26.706,112979.461,1.050,68.000
0.048,0.001,0.004,24.039,126255.148,1.876,68.000
0.046,0.000,0.014,31.997,-40111.133,-3.450,68.000
0.048,0.001,0.015,28.105,137349.062,1.835,68.000
0.059,0.001,0.018,19.938,165463.500,0.239,68.000
0.051,0.014,0.013,21.812,215173.875,6.838,68.000
0.052,0.001,0.002,22.101,152024.188,1.697,68.000
0.051,0.025,0.013,23.492,229134.875,7.780,68.000
0.050,0.017,0.012,20.199,224636.094,7.628,68.000
0.050,0.015,0.010,20.003,219049.938,8.402,68.000
0.051,0.019,0.013,22.365,227345.500,6.818,68.000
0.049,0.008,0.010,20.038,270879.844,7.650,68.000
0.048,0.008,0.011,22.115,280227.531,8.430,68.000
0.052,0.001,0.013,27.365,211417.656,3.629,68.000
0.056,0.001,0.010,27.636,119534.023,3.379,68.000
0.049,0.007,0.014,21.976,253808.156,7.885,68.000
0.052,0.008,0.011,20.153,246059.469,7.524,68.000
0.050,0.019,0.012,20.264,225213.438,8.455,68.000
0.056,0.001,0.018,21.581,182033.938,1.995,68.000
0.040,0.001,0.012,20.463,98955.492,1.175,68.000
0.058,0.001,0.018,21.502,158223.156,0.070,68.000
0.050,0.001,0.011,25.016,268534.469,4.536,68.000
0.049,0.001,0.020,21.544,182620.906,3.131,68.000
0.054,0.001,0.011,33.915,2741.312,1.333,68.000
0.050,0.007,0.010,19.683,282900.656,7.543,68.000
0.047,0.001,0.017,23.447,184266.438,2.531,68.000
0.043,0.000,0.007,22.842,-13394.102,-0.396,68.000
0.046,0.001,0.020,21.459,140783.031,1.782,68.000
0.050,0.007,0.012,22.671,270007.875,8.428,68.000
0.051,0.020,0.011,21.186,214226.000,8.259,68.000
0.041,0.001,0.017,20.553,81029.289,1.260,68.000
0.057,0.001,0.013,24.480,163487.156,2.568,68.000
0.047,0.000,0.011,34.040,-16446.961,2.985,68.000
0.048,0.001,0.009,23.534,251912.500,4.012,68.000
0.051,0.001,0.016,23.956,208531.406,2.730,68.000
0.041,0.001,0.014,22.483,115567.180,1.918,68.000
0.056,0.002,0.016,21.061,209867.094,2.460,68.000
0.049,0.000,0.005,23.270,78877.148,1.895,68.000
0.049,0.019,0.012,19.993,237294.344,8.497,68.000
0.049,0.005,0.011,21.453,295298.562,7.131,68.000
0.051,0.007,0.010,19.682,288064.750,7.565,68.000
0.050,0.005,0.014,22.126,227528.375,6.108,68.000
0.049,0.010,0.013,20.451,245202.344,8.757,68.000
0.051,0.007,0.010,19.089,274440.375,7.103,68.000
0.043,0.000,0.004,20.448,-23806.961,-0.637,68.000
0.047,0.002,0.006,20.698,192632.469,2.071,68.000
0.052,0.014,0.013,21.852,209100.344,6.394,68.000
0.056,0.000,0.017,24.321,34207.148,0.654,68.000
0.050,0.025,0.012,21.966,230430.156,8.335,68.000
0.050,0.018,0.014,21.652,239820.781,6.920,68.000
0.050,0.001,0.015,28.317,172618.875,1.900,68.000
0.052,0.018,0.012,22.287,210919.125,6.517,68.000
0.049,0.005,0.011,21.503,295980.344,7.157,68.000
0.051,0.009,0.015,18.292,234579.875,7.145,68.000
0.001,0.011,0.012,21.076,187256.000,7.787,68.000
0.002,0.012,0.012,21.197,195822.875,7.596,68.000
0.054,0.001,0.002,20.544,155405.188,1.615,68.000
0.045,0.001,0.006,21.329,171617.281,1.981,68.000
0.052,0.001,0.013,26.643,203286.875,3.316,68.000
0.050,0.001,0.003,19.881,216496.188,2.069,68.000
0.050,0.007,0.011,21.065,294054.844,8.619,68.000
0.055,0.000,0.012,33.372,-85582.742,-1.689,68.000
0.054,0.000,0.010,28.615,34026.992,2.263,68.000
0.049,0.007,0.015,19.819,233508.500,6.900,68.000
0.052,0.003,0.011,22.241,266843.938,5.133,68.000
0.097,0.012,0.013,20.783,205318.344,6.336,68.000
0.050,0.011,0.013,20.737,240851.375,8.574,68.000
0.001,0.012,0.012,21.022,196932.938,7.750,68.000
0.049,0.006,0.012,22.885,285638.375,7.462,68.000
0.050,0.024,0.011,21.384,218458.094,8.461,68.000
0.050,0.001,0.010,28.855,177442.750,3.396,68.000
0.050,0.000,0.002,25.929,-43151.223,-0.731,68.000
0.050,0.023,0.012,22.004,227613.594,8.459,68.000
0.057,0.000,0.009,27.683,-95723.352,1.687,68.000
0.050,0.021,0.013,21.725,245960.219,8.135,68.000
0.052,0.005,0.013,21.802,228793.531,5.353,68.000
0.044,0.001,0.008,26.998,-69995.805,1.107,68.000
0.048,0.010,0.013,20.118,254224.344,9.037,68.000
0.056,0.001,0.008,24.312,164775.062,3.314,68.000
0.051,0.023,0.010,21.151,222331.688,8.309,68.000
0.049,0.021,0.010,20.327,219465.656,9.656,68.000
0.001,0.012,0.014,20.945,218968.219,7.771,68.000
0.060,0.001,0.014,21.029,134231.469,-0.556,68.000
0.051,0.019,0.010,20.348,212926.094,8.706,68.000
0.049,0.027,0.010,13.451,276251.125,8.702,68.000
0.048,0.001,0.012,24.694,252638.000,4.293,68.000
0.050,0.016,0.013,21.025,219200.312,6.720,68.000
0.042,0.000,0.015,23.803,34901.805,-0.122,68.000
0.050,0.008,0.013,21.377,253712.688,8.424,68.000
0.049,0.021,0.013,21.975,254262.750,8.308,68.000
0.051,0.001,0.012,26.878,244944.344,4.470,68.000
0.050,0.025,0.010,19.660,222309.125,8.701,68.000
0.054,0.000,0.017,25.988,-34033.219,0.004,68.000
0.051,0.012,0.013,21.159,222374.438,7.677,68.000
0.051,0.011,0.010,19.634,226135.219,6.997,68.000
0.050,0.020,0.013,21.807,249030.031,8.085,68.000
0.049,0.016,0.013,19.338,234846.562,8.142,68.000
0.053,0.000,0.019,22.754,-38787.516,-1.237,68.000
0.056,0.002,0.010,21.768,214411.031,3.798,68.000
0.052,0.005,0.010,20.233,271463.188,5.844,68.000
0.053,0.000,0.015,27.421,54229.164,0.939,68.000
0.052,0.004,0.011,20.950,276446.594,5.969,68.000
0.049,0.025,0.011,19.407,218072.125,9.485,68.000
0.051,0.014,0.012,21.621,224093.125,7.443,68.000
0.051,0.013,0.011,20.104,222493.750,7.730,68.000
0.041,0.000,0.011,25.785,-59342.773,-1.739,68.000
0.002,0.010,0.013,21.078,190005.812,7.787,68.000
0.052,0.006,0.013,21.458,230374.625,6.516,68.000
0.048,0.008,0.013,22.000,283205.625,8.704,68.000
0.048,0.022,0.014,22.336,242001.375,8.299,68.000
0.059,0.001,0.015,21.117,90994.570,-1.072,68.000
0.053,0.002,0.013,23.825,212231.031,4.116,68.000
0.044,0.001,0.014,24.603,127446.742,1.921,68.000
0.050,0.026,0.011,19.681,226466.906,8.929,68.000
0.045,0.001,0.018,27.313,-3032.242,-0.463,68.000
0.050,0.001,0.017,23.407,210973.625,3.102,68.000
0.055,0.000,0.004,25.812,-63527.504,1.057,68.000
0.050,0.004,0.014,23.025,231983.031,5.643,68.000
0.048,0.019,0.011,19.285,232023.094,10.019,68.000
0.052,0.002,0.007,21.990,229329.562,3.646,68.000
0.051,0.011,0.012,20.823,214683.188,7.658,68.000
0.100,0.013,0.012,28.180,-49051.133,11.370,68.000
0.050,0.001,0.005,20.014,223435.125,2.223,68.000
0.049,0.013,0.014,19.291,223468.938,7.364,68.000
0.001,0.012,0.011,21.528,186736.000,7.640,68.000
0.048,0.005,0.013,22.951,283599.969,7.208,68.000
0.050,0.002,0.011,22.208,274310.188,5.377,68.000
0.051,0.005,0.011,20.635,280661.156,6.143,68.000
0.054,0.001,0.019,25.054,72841.242,0.607,68.000
0.003,0.012,0.012,20.898,203622.344,7.454,68.000
0.053,0.001,0.004,19.020,230721.062,2.521,68.000
0.050,0.022,0.014,22.904,236581.344,7.590,68.000
0.048,0.001,0.017,22.959,196776.594,2.740,68.000
0.050,0.009,0.011,20.573,262801.344,8.581,68.000
0.058,0.000,0.013,23.804,119709.523,2.310,68.000
0.099,0.013,0.013,24.023,172146.906,6.964,68.000
0.050,0.001,0.013,30.254,183221.781,3.693,68.000
0.052,0.000,0.004,23.521,30898.680,1.164,68.000
0.051,0.019,0.010,19.989,209862.781,8.533,68.000
0.041,0.000,0.016,20.988,10147.242,0.512,68.000
0.051,0.026,0.013,23.103,229569.062,7.885,68.000
0.049,0.007,0.011,21.910,294122.344,8.724,68.000
0.053,0.001,0.007,25.777,105069.617,2.207,68.000
0.052,0.027,0.012,23.117,211688.688,5.419,68.000
0.059,0.001,0.010,20.627,165876.000,2.534,68.000
0.051,0.023,0.011,21.849,220850.375,8.218,68.000
0.042,0.000,0.011,26.049,-60910.934,-1.103,68.000
0.052,0.006,0.013,21.463,230551.156,6.340,68.000
0.051,0.005,0.013,21.759,229988.000,5.932,68.000
0.051,0.010,0.009,19.821,233297.062,7.142,68.000
0.049,0.022,0.010,20.037,218236.625,9.717,68.000
0.056,0.002,0.014,22.737,179589.688,2.351,68.000
0.047,0.001,0.004,20.963,180110.469,1.591,68.000
0.050,0.000,0.007,26.954,50520.711,1.799,68.000
0.050,0.010,0.012,20.664,239484.031,8.404,68.000
0.052,0.008,0.012,20.905,236885.375,7.798,68.000
0.052,0.011,0.011,19.815,195269.156,6.945,68.000
0.041,0.000,0.006,15.351,62179.227,2.816,68.000
0.053,0.001,0.013,24.771,219231.812,4.271,68.000
0.002,0.012,0.013,20.893,216489.562,7.797,68.000
0.052,0.010,0.011,20.040,212791.250,7.560,68.000
0.056,0.001,0.015,23.697,187660.500,1.198,68.000
0.053,0.001,0.004,18.749,233584.812,2.514,68.000
0.051,0.015,0.010,20.120,204741.625,7.371,68.000
0.045,0.001,0.014,26.618,124450.148,1.898,68.000
0.057,0.001,0.015,23.384,180187.312,1.233,68.000
0.047,0.001,0.010,23.450,265887.531,4.043,68.000
0.051,0.012,0.011,20.026,202420.969,7.232,68.000
0.000,0.012,0.011,22.712,108508.289,5.198,68.000
0.051,0.015,0.011,20.626,215580.375,7.768,68.000
0.050,0.013,0.014,19.200,223257.969,7.174,68.000
0.048,0.014,0.012,19.983,259617.969,9.614,68.000
0.058,0.001,0.012,23.071,163332.906,2.527,68.000
0.057,0.000,0.006,21.934,38422.961,3.274,68.000
0.054,0.000,0.003,21.781,89732.789,1.449,68.000
0.051,0.012,0.012,20.696,220249.000,7.953,68.000
0.052,0.001,0.013,24.222,209958.625,4.101,68.000
0.046,0.001,0.016,22.742,185063.375,2.878,68.000
0.040,0.000,0.013,20.213,41901.758,-0.567,68.000
0.050,0.023,0.013,22.347,232797.281,8.291,68.000
0.051,0.020,0.011,21.088,215894.656,8.046,68.000
0.045,0.001,0.005,21.701,130074.367,1.614,68.000
0.050,0.017,0.010,19.719,215694.938,8.964,68.000
0.051,0.007,0.015,19.400,232874.531,6.926,68.000
0.051,0.017,0.012,21.177,212049.062,7.051,68.000
0.055,0.001,0.004,19.920,205173.469,2.701,68.000
0.051,0.001,0.013,30.841,108193.070,2.379,68.000
0.060,0.001,0.009,22.357,65859.367,1.293,68.000
0.052,0.010,0.012,20.456,211556.969,7.538,68.000
0.049,0.002,0.006,21.101,219213.344,2.461,68.000
0.052,0.008,0.011,19.225,256271.219,7.042,68.000
0.047,0.002,0.009,22.703,236582.969,3.580,68.000
0.052,0.019,0.012,22.281,216026.656,6.671,68.000
0.050,0.023,0.013,22.544,234546.219,8.071,68.000
0.047,0.000,0.011,29.183,10338.078,-0.857,68.000
0.050,0.000,0.021,20.201,13559.906,-0.185,68.000
0.056,0.001,0.006,22.040,178072.625,2.856,68.000
0.049,0.010,0.012,20.319,254500.344,8.984,68.000
0.041,0.000,0.015,21.983,-17616.172,1.015,68.000
0.052,0.025,0.013,23.617,226804.344,6.682,68.000
0.099,0.012,0.011,22.111,209653.438,7.676,68.000
0.040,0.001,0.014,19.802,68493.539,1.425,68.000
0.050,0.004,0.012,22.277,268640.906,6.284,68.000
0.051,0.008,0.012,21.971,265131.344,8.304,68.000
0.100,0.011,0.011,18.989,-16922.203,11.154,68.000
0.045,0.001,0.006,22.300,148430.688,1.976,68.000
0.049,0.025,0.013,21.924,232292.719,8.681,68.000
0.050,0.027,0.011,21.040,231372.250,7.916,68.000
0.039,0.000,0.012,21.355,4537.562,-1.182,68.000
0.049,0.006,0.013,22.818,251860.906,7.066,68.000
0.055,0.000,0.013,28.301,10235.219,1.154,68.000
0.052,0.006,0.011,19.716,265880.812,6.486,68.000
0.049,0.009,0.010,20.969,255931.594,8.114,68.000
0.050,0.020,0.013,22.291,250007.062,7.613,68.000
0.050,0.005,0.015,22.064,215804.562,5.800,68.000
0.045,0.001,0.006,20.449,164056.750,1.838,68.000
0.055,0.001,0.019,22.161,178837.281,2.189,68.000
0.050,0.018,0.010,19.778,212079.688,9.273,68.000
0.049,0.007,0.015,19.458,235822.219,7.041,68.000
0.052,0.004,0.011,21.250,272845.938,5.842,68.000
0.060,0.001,0.011,22.152,146161.344,2.281,68.000
0.045,0.000,0.016,25.822,-26376.688,-0.481,68.000
0.044,0.001,0.018,22.902,122244.773,1.271,68.000
0.049,0.012,0.010,20.773,231743.812,8.011,68.000
0.099,0.013,0.012,21.624,215172.219,7.390,68.000
0.002,0.012,0.011,21.278,180232.656,7.566,68.000
0.049,0.009,0.013,21.151,265244.281,8.786,68.000
0.050,0.007,0.010,19.323,271625.406,6.968,68.000
0.001,0.012,0.013,21.441,192993.469,7.606,68.000
0.052,0.010,0.011,19.871,208844.656,7.273,68.000
0.055,0.001,0.013,24.002,186428.938,3.132,68.000
0.052,0.008,0.011,19.142,245090.156,6.865,68.000
0.057,0.002,0.014,23.148,168563.812,2.142,68.000
0.048,0.010,0.014,20.547,238119.906,8.151,68.000
0.100,0.013,0.011,28.143,-43584.473,11.700,68.000
0.097,0.012,0.012,20.727,204889.469,6.805,68.000
0.049,0.020,0.012,20.151,231860.531,9.219,68.000
0.050,0.023,0.012,21.920,226050.562,8.602,68.000
0.049,0.009,0.014,19.953,240402.594,7.945,68.000
0.049,0.010,0.010,20.636,237106.719,7.802,68.000
0.051,0.012,0.012,20.485,217704.656,7.924,68.000
0.049,0.009,0.010,20.225,255912.875,7.696,68.000
0.051,0.003,0.012,22.026,272281.344,5.678,68.000
0.048,0.002,0.016,23.351,193367.719,2.972,68.000
0.054,0.001,0.014,27.384,122030.164,1.642,68.000
0.049,0.023,0.014,22.316,233589.281,8.372,68.000
0.048,0.006,0.012,22.608,288802.719,8.103,68.000
0.003,0.012,0.012,20.885,200602.781,7.466,68.000
0.050,0.005,0.013,23.187,255477.844,6.631,68.000
0.056,0.001,0.019,21.877,172382.969,1.813,68.000
0.044,0.000,0.014,25.589,-32807.727,0.809,68.000
0.052,0.008,0.011,19.736,255410.031,7.367,68.000
0.046,0.000,0.006,22.698,1204.125,2.512,68.000
0.044,0.001,0.010,23.843,214624.781,2.770,68.000
0.044,0.001,0.010,21.847,226472.469,2.851,68.000
0.049,0.000,0.017,26.792,75377.352,3.674,68.000
0.059,0.001,0.015,20.633,168386.562,0.352,68.000
0.047,0.002,0.009,23.440,259113.531,4.080,68.000
0.050,0.022,0.014,22.740,242757.688,7.403,68.000
0.042,0.001,0.007,20.761,124223.930,1.469,68.000
0.098,0.014,0.011,21.392,208402.969,8.126,68.000
0.058,0.001,0.016,19.952,186151.562,0.891,68.000
0.049,0.001,0.004,19.551,219244.531,1.836,68.000
0.051,0.005,0.013,21.672,233058.062,6.030,68.000
0.050,0.007,0.014,20.815,242724.719,7.248,68.000
0.049,0.018,0.014,21.578,247679.938,7.661,68.000
0.044,0.001,0.007,24.271,60832.180,1.673,68.000
0.052,0.007,0.012,21.004,231238.250,7.023,68.000
0.044,0.001,0.006,22.007,135092.688,1.807,68.000
0.040,0.001,0.009,20.891,90460.023,0.728,68.000
0.047,0.001,0.010,22.778,261642.281,3.689,68.000
0.050,0.006,0.012,21.678,291875.875,7.717,68.000
0.050,0.001,0.007,25.755,134294.750,2.626,68.000
0.048,0.000,0.017,27.045,-9490.164,-0.964,68.000
0.000,0.013,0.011,22.006,85010.430,5.458,68.000
0.050,0.006,0.010,19.836,290170.125,7.084,68.000
0.042,0.000,0.014,22.986,47042.008,-0.308,68.000
0.052,0.012,0.014,20.139,212690.969,6.969,68.000
0.051,0.022,0.011,21.736,217890.469,8.042,68.000
0.055,0.001,0.007,25.075,123065.305,2.295,68.000
0.051,0.025,0.014,23.981,231904.781,7.783,68.000
0.052,0.000,0.020,21.644,11087.031,0.552,68.000
0.052,0.015,0.012,22.073,199713.594,6.527,68.000
0.050,0.009,0.010,19.567,247477.312,7.492,68.000
0.058,0.001,0.014,23.185,162238.438,1.543,68.000
0.049,0.002,0.015,23.448,209044.312,4.322,68.000
0.052,0.006,0.011,20.024,273274.281,6.518,68.000
0.043,0.000,0.014,22.628,79009.352,0.068,68.000
0.057,0.001,0.018,20.758,192651.062,1.560,68.000
0.050,0.000,0.018,26.964,52635.461,0.093,68.000
0.051,0.011,0.011,20.309,216433.500,7.928,68.000
0.050,0.013,0.011,19.946,239630.625,8.410,68.000
0.100,0.012,0.012,26.104,-139230.250,9.324,68.000
0.049,0.013,0.010,20.434,217453.500,7.516,68.000
0.050,0.008,0.012,22.246,262051.250,8.471,68.000
0.053,0.000,0.005,24.512,59040.898,1.546,68.000
0.049,0.001,0.017,26.443,175360.438,1.701,68.000
0.048,0.005,0.013,22.797,280719.344,6.743,68.000
0.049,0.013,0.014,19.127,223452.062,7.063,68.000
0.055,0.000,0.010,31.125,11389.961,1.781,68.000
0.049,0.027,0.011,17.394,124427.180,3.058,68.000
0.051,0.003,0.013,22.667,230281.875,5.038,68.000
0.051,0.000,0.019,21.752,93702.055,3.008,68.000
0.047,0.001,0.004,19.290,191766.188,1.398,68.000
0.056,0.000,0.015,22.355,95656.961,1.176,68.000
0.051,0.012,0.010,20.179,203097.562,7.180,68.000
0.050,0.005,0.013,22.608,248690.781,6.545,68.000
0.099,0.012,0.011,22.105,210948.844,7.751,68.000
0.058,0.001,0.013,22.907,143958.656,1.510,68.000
0.048,0.001,0.023,20.629,167655.344,2.803,68.000
0.050,0.004,0.012,22.458,260507.500,5.990,68.000
0.048,0.001,0.013,23.747,246526.062,4.601,68.000
0.002,0.010,0.013,20.954,189508.156,7.709,68.000
0.045,0.001,0.011,21.382,240115.469,2.973,68.000
0.052,0.003,0.011,22.164,268265.562,5.269,68.000
0.050,0.001,0.005,21.226,206847.250,2.213,68.000
0.051,0.007,0.010,19.052,274083.375,7.264,68.000
0.052,0.017,0.011,20.753,205117.875,7.468,68.000
0.050,0.011,0.011,20.445,227178.062,8.048,68.000
0.048,0.025,0.013,20.974,232905.500,10.077,68.000
0.049,0.008,0.010,20.413,272842.812,8.273,68.000
0.002,0.012,0.012,20.880,202191.469,7.760,68.000
0.042,0.001,0.009,23.263,92740.805,0.866,68.000
0.053,0.001,0.004,21.086,182652.938,2.231,68.000
0.045,0.000,0.011,32.176,-7649.328,1.196,68.000
0.049,0.001,0.002,20.898,187427.281,1.939,68.000
0.050,0.000,0.016,28.500,-20279.773,-0.819,68.000
0.048,0.000,0.006,24.743,20335.367,0.847,68.000
0.050,0.011,0.011,20.232,222034.344,7.855,68.000
0.048,0.022,0.013,21.643,242908.250,9.092,68.000
0.045,0.002,0.013,22.551,234196.500,4.407,68.000
0.058,0.001,0.006,19.947,179680.750,2.874,68.000
0.051,0.014,0.013,20.682,216081.812,6.838,68.000
0.047,0.001,0.005,21.955,142066.781,1.574,68.000
0.050,0.006,0.015,21.042,222891.000,6.423,68.000
0.043,0.001,0.012,21.588,196284.531,2.421,68.000
0.048,0.014,0.014,19.834,225015.031,7.391,68.000
0.002,0.011,0.011,21.263,174187.969,7.759,68.000
0.055,0.000,0.018,22.679,21663.188,-0.852,68.000
0.058,0.001,0.009,21.507,173323.000,3.239,68.000
0.051,0.005,0.012,21.041,273522.625,6.455,68.000
0.049,0.009,0.013,20.716,262467.031,8.852,68.000
0.053,0.001,0.004,21.306,183400.594,2.219,68.000
0.048,0.008,0.013,21.155,279328.062,9.034,68.000
0.052,0.001,0.019,23.126,135963.375,2.069,68.000
0.051,0.001,0.015,27.846,130091.711,1.693,68.000
0.049,0.027,0.012,18.884,105407.695,1.082,68.000
0.051,0.001,0.017,23.879,210924.250,2.874,68.000
0.049,0.001,0.008,23.101,243282.969,3.918,68.000
0.052,0.000,0.011,34.610,-43140.906,1.019,68.000
0.052,0.018,0.013,22.296,212762.094,6.374,68.000
0.051,0.023,0.012,22.348,220942.844,7.581,68.000
0.049,0.017,0.013,20.883,232960.156,7.318,68.000
0.047,0.001,0.015,29.481,90127.898,0.821,68.000
0.097,0.012,0.011,21.149,201669.594,7.195,68.000
0.050,0.025,0.013,22.612,229936.781,8.019,68.000
0.044,0.001,0.009,26.619,66768.648,1.291,68.000
0.051,0.001,0.016,23.775,213299.969,2.945,68.000
0.050,0.027,0.010,19.072,236738.500,9.038,68.000
0.052,0.006,0.011,20.097,277878.875,6.327,68.000
0.057,0.001,0.013,23.484,161440.500,2.396,68.000
0.050,0.000,0.013,28.389,36792.258,2.028,68.000
0.047,0.000,0.008,30.831,-55528.070,-0.742,68.000
0.047,0.001,0.020,21.214,169186.188,2.742,68.000
0.050,0.005,0.009,20.581,272740.156,6.097,68.000
0.040,0.001,0.016,17.234,99146.633,1.798,68.000
0.052,0.027,0.012,17.040,135895.062,4.082,68.000
0.048,0.001,0.020,21.448,177418.344,2.924,68.000
0.049,0.019,0.012,19.493,233479.375,8.874,68.000
0.049,0.002,0.010,22.841,274570.031,5.083,68.000
0.052,0.004,0.014,21.881,217927.250,4.977,68.000
0.052,0.010,0.014,19.754,224117.938,7.550,68.000
0.045,0.001,0.006,20.603,169756.188,1.871,68.000
0.044,0.001,0.016,22.430,138239.531,2.340,68.000
0.051,0.025,0.010,20.875,226680.062,8.369,68.000
0.049,0.000,0.021,22.710,-63007.816,-2.099,68.000
0.050,0.014,0.010,20.373,218963.594,7.831,68.000
0.053,0.001,0.022,21.036,180480.188,2.968,68.000
0.053,0.000,0.015,27.471,60235.898,1.515,68.000
0.051,0.001,0.010,23.058,268508.219,4.557,68.000
0.049,0.023,0.011,21.248,220746.906,9.104,68.000
0.052,0.001,0.010,22.997,259968.844,4.743,68.000
0.059,0.001,0.009,22.395,149564.875,3.205,68.000
0.052,0.004,0.014,22.289,219942.656,5.189,68.000
0.054,0.002,0.015,23.057,187082.312,2.172,68.000
0.048,0.012,0.013,19.981,255847.312,9.259,68.000
0.050,0.006,0.009,19.992,271643.062,6.537,68.000
0.052,0.001,0.004,21.449,199170.219,2.506,68.000
0.050,0.023,0.014,23.201,230625.875,7.575,68.000
0.051,0.001,0.013,28.271,215454.344,4.108,68.000
0.057,0.000,0.018,21.258,105395.461,0.593,68.000
0.003,0.012,0.012,20.886,198990.812,7.519,68.000
0.048,0.010,0.012,19.980,262280.031,9.330,68.000
0.050,0.008,0.012,21.966,259924.156,8.383,68.000
0.051,0.009,0.012,20.564,231568.469,7.945,68.000
0.059,0.001,0.018,19.970,178928.906,0.601,68.000
0.057,0.001,0.012,24.356,175364.688,3.059,68.000
0.055,0.000,0.013,33.338,-38530.594,0.460,68.000
0.050,0.001,0.017,27.308,120184.570,0.853,68.000
0.044,0.001,0.004,19.088,161377.344,1.546,68.000
0.050,0.018,0.014,21.887,242767.344,6.937,68.000
0.058,0.001,0.013,22.582,147227.500,1.898,68.000
0.059,0.001,0.007,19.204,181893.469,2.614,68.000
0.040,0.001,0.015,18.067,101104.367,1.895,68.000
0.050,0.025,0.013,23.077,229288.531,7.916,68.000
0.050,0.012,0.009,19.941,222771.688,7.087,68.000
0.058,0.001,0.007,20.135,184523.438,2.666,68.000
0.047,0.001,0.009,23.703,251714.438,4.007,68.000
0.058,0.000,0.017,22.444,14886.883,-0.196,68.000
0.050,0.003,0.010,21.235,278634.438,5.779,68.000
0.050,0.001,0.017,23.626,202913.750,2.697,68.000
0.052,0.002,0.014,24.416,193416.469,3.054,68.000
0.042,0.001,0.017,20.808,87588.273,1.071,68.000
0.053,0.001,0.016,25.327,163013.375,1.292,68.000
0.050,0.020,0.010,19.943,214696.969,9.190,68.000
0.058,0.001,0.017,19.831,186843.938,1.256,68.000
0.052,0.000,0.017,24.763,14912.188,1.025,68.000
0.049,0.025,0.014,22.172,231651.219,8.700,68.000
0.050,0.000,0.004,26.033,-13153.258,1.629,68.000
0.051,0.024,0.012,22.790,224099.719,7.132,68.000
0.050,0.019,0.014,22.363,252178.062,7.057,68.000
0.049,0.000,0.022,20.219,-55923.969,-5.363,68.000
0.051,0.020,0.012,22.015,230485.406,7.362,68.000
0.054,0.000,0.020,20.683,19965.828,-1.382,68.000
0.050,0.006,0.015,20.554,227011.094,6.468,68.000
0.044,0.000,0.020,23.610,-23617.672,-0.115,68.000
0.097,0.012,0.011,21.841,207234.969,7.373,68.000
0.048,0.008,0.012,22.254,279379.156,8.802,68.000
0.056,0.001,0.011,23.263,216535.094,4.150,68.000
0.048,0.001,0.010,25.519,253510.188,3.761,68.000
0.048,0.013,0.011,20.039,240433.344,8.393,68.000
0.048,0.001,0.018,25.212,131409.312,0.989,68.000
0.046,0.001,0.006,22.731,166730.531,2.234,68.000
0.098,0.013,0.012,21.165,212091.500,7.457,68.000
0.051,0.012,0.011,20.231,222305.938,7.948,68.000
0.052,0.002,0.012,23.863,237439.531,4.809,68.000
0.051,0.020,0.013,21.652,235600.219,7.641,68.000
0.054,0.001,0.008,22.800,226037.688,4.132,68.000
0.049,0.007,0.010,20.101,275841.000,7.712,68.000
0.053,0.000,0.005,25.951,2522.227,1.161,68.000
0.049,0.027,0.011,20.197,84905.445,-0.182,68.000
0.043,0.000,0.017,23.348,-10914.609,-1.009,68.000
0.054,0.001,0.002,21.606,143580.031,1.879,68.000
0.052,0.005,0.012,21.374,247225.375,5.645,68.000
0.051,0.001,0.015,24.366,201180.562,2.784,68.000
0.051,0.002,0.006,20.580,219698.500,2.347,68.000
0.051,0.027,0.012,22.428,218386.906,6.431,68.000
0.002,0.011,0.011,21.227,175411.875,7.652,68.000
0.052,0.025,0.013,23.581,228254.469,6.725,68.000
0.042,0.001,0.013,24.292,155579.344,2.804,68.000
0.048,0.008,0.010,20.689,267271.562,7.803,68.000
0.048,0.026,0.013,20.759,235188.594,9.977,68.000
0.059,0.000,0.007,25.064,-63850.758,3.462,68.000
0.098,0.010,0.012,21.143,204316.969,6.126,68.000
0.051,0.010,0.013,20.693,226562.625,7.846,68.000
0.048,0.014,0.011,19.708,251040.562,9.264,68.000
0.059,0.001,0.009,20.880,163806.531,2.703,68.000
0.053,0.000,0.004,21.559,123035.773,1.995,68.000
0.055,0.001,0.009,24.264,198692.438,3.826,68.000
0.052,0.000,0.006,25.441,-491.492,2.562,68.000
0.052,0.013,0.013,20.952,209210.000,6.545,68.000
0.041,0.001,0.011,21.145,137734.969,1.636,68.000
0.051,0.024,0.013,22.724,226042.344,7.516,68.000
0.053,0.001,0.019,21.746,185812.875,2.772,68.000
0.051,0.007,0.012,21.120,266638.625,7.703,68.000
0.002,0.012,0.013,20.829,216197.938,7.756,68.000
0.098,0.012,0.012,21.011,209066.281,6.526,68.000
0.051,0.006,0.012,21.215,268135.812,6.906,68.000
0.049,0.002,0.005,20.849,223011.188,2.405,68.000
0.055,0.001,0.012,25.767,213198.469,4.098,68.000
0.051,0.023,0.014,23.294,232498.781,7.405,68.000
0.051,0.012,0.011,20.038,199204.688,7.156,68.000
0.053,0.001,0.010,25.527,229852.094,4.440,68.000
0.099,0.012,0.011,24.920,134482.656,6.398,68.000
0.048,0.001,0.009,27.559,180566.562,3.249,68.000
0.043,0.001,0.008,26.130,4192.594,1.012,68.000
0.048,0.005,0.013,23.215,266839.000,6.753,68.000
0.049,0.015,0.011,19.591,241424.250,9.220,68.000
0.051,0.008,0.012,21.833,250315.406,8.041,68.000
0.057,0.001,0.018,20.423,187023.094,1.202,68.000
0.050,0.024,0.014,23.699,233258.750,7.882,68.000
0.050,0.004,0.012,22.869,271016.781,6.150,68.000
0.059,0.000,0.010,20.633,29739.867,1.450,68.000
0.051,0.000,0.013,35.119,-77154.875,-0.158,68.000
0.048,0.002,0.011,22.316,264760.344,4.111,68.000
0.048,0.003,0.012,22.873,276498.312,6.071,68.000
0.044,0.000,0.011,27.377,-40079.961,-0.089,68.000
0.047,0.001,0.013,23.020,231004.281,4.363,68.000
0.050,0.009,0.011,20.495,263854.625,8.669,68.000
0.056,0.000,0.019,20.694,-9744.438,-3.008,68.000
0.051,0.019,0.012,20.868,218451.656,8.008,68.000
0.050,0.020,0.012,20.538,227291.156,8.845,68.000
0.048,0.008,0.011,21.290,278409.969,8.365,68.000
0.051,0.001,0.013,27.486,216362.062,4.116,68.000
0.055,0.001,0.009,24.823,192907.188,3.889,68.000
0.053,0.002,0.012,24.018,225182.438,4.428,68.000
0.055,0.000,0.019,22.489,-58186.281,-1.042,68.000
0.052,0.012,0.012,21.643,205337.750,6.801,68.000
0.052,0.001,0.018,25.103,133277.375,1.485,68.000
0.056,0.001,0.008,25.586,85174.164,1.897,68.000
0.048,0.007,0.012,22.864,288975.625,8.388,68.000
0.055,0.001,0.016,21.613,212009.094,2.493,68.000
0.050,0.008,0.010,19.154,259733.781,7.447,68.000
0.051,0.010,0.014,18.538,223857.562,7.221,68.000
0.052,0.007,0.014,20.511,232969.219,6.836,68.000
0.002,0.013,0.013,20.968,222127.688,7.659,68.000
0.049,0.000,0.013,33.702,-25989.281,-2.578,68.000
0.050,0.022,0.012,21.265,236443.375,8.607,68.000
0.049,0.016,0.011,19.998,229587.125,9.076,68.000
0.049,0.000,0.006,25.468,3461.461,3.056,68.000
0.051,0.003,0.014,23.504,212256.656,4.395,68.000
0.045,0.002,0.017,22.396,168726.156,2.560,68.000
0.050,0.023,0.013,22.644,235268.438,7.775,68.000
0.050,0.006,0.012,21.946,297054.969,8.067,68.000
0.049,0.000,0.009,29.904,87868.508,2.323,68.000
0.050,0.003,0.013,23.184,239501.500,5.550,68.000
0.043,0.001,0.006,20.761,135694.938,1.811,68.000
0.056,0.001,0.004,19.717,182120.531,2.355,68.000
0.049,0.018,0.014,21.699,243491.062,7.318,68.000
0.057,0.001,0.011,26.805,125295.883,3.030,68.000
0.041,0.001,0.013,25.513,82078.523,1.096,68.000
0.055,0.001,0.004,21.104,161731.812,2.427,68.000
0.049,0.019,0.012,19.991,238877.812,8.983,68.000
0.052,0.017,0.012,21.614,204757.656,6.684,68.000
0.045,0.001,0.020,21.445,166177.719,2.295,68.000
0.052,0.000,0.010,35.252,-74586.625,0.752,68.000
0.049,0.009,0.014,20.047,239228.562,7.879,68.000
0.052,0.000,0.011,28.888,64688.648,2.856,68.000
0.050,0.023,0.011,21.256,217251.000,8.530,68.000
0.053,0.001,0.019,22.577,191015.250,2.929,68.000
0.051,0.025,0.014,23.900,228611.344,7.539,68.000
0.053,0.000,0.014,28.978,-28314.750,2.106,68.000
0.050,0.018,0.014,21.687,241313.625,7.181,68.000
0.051,0.007,0.010,19.318,283132.938,7.138,68.000
0.050,0.019,0.014,22.361,248665.938,7.012,68.000
0.050,0.006,0.012,21.311,290528.344,7.388,68.000
0.050,0.022,0.013,22.351,232623.312,7.844,68.000
0.048,0.000,0.017,24.910,10234.883,-0.345,68.000
0.049,0.003,0.011,22.073,283454.625,6.187,68.000
0.053,0.000,0.022,20.467,11309.742,-1.320,68.000
0.042,0.001,0.006,19.262,126476.758,1.741,68.000
0.041,0.001,0.010,25.947,-19282.438,-0.296,68.000
0.049,0.014,0.014,19.554,222314.531,7.155,68.000
0.051,0.025,0.013,23.978,227508.594,7.062,68.000
0.049,0.007,0.010,20.606,288612.625,7.869,68.000
0.050,0.016,0.011,19.871,211102.688,8.432,68.000
0.050,0.001,0.016,27.754,127616.555,0.789,68.000
0.050,0.011,0.011,20.661,227208.000,8.106,68.000
0.050,0.003,0.015,23.202,213388.531,4.529,68.000
0.049,0.007,0.011,20.917,295577.250,8.018,68.000
0.048,0.022,0.011,19.965,221519.969,9.683,68.000
0.049,0.025,0.010,19.721,220405.812,9.171,68.000
0.055,0.001,0.007,23.517,185687.531,3.442,68.000
0.056,0.001,0.006,24.965,70835.461,1.657,68.000
0.050,0.000,0.017,27.622,16371.984,1.026,68.000
0.052,0.014,0.013,22.322,208665.031,6.526,68.000
0.048,0.008,0.010,20.604,264710.750,7.905,68.000
0.052,0.006,0.013,21.311,226160.406,6.412,68.000
0.050,0.013,0.014,19.582,221597.938,7.232,68.000
0.050,0.013,0.011,20.015,226853.719,7.946,68.000
0.057,0.000,0.013,27.541,20262.641,1.057,68.000
0.050,0.001,0.005,22.075,197374.656,2.401,68.000
0.050,0.022,0.011,21.084,220092.125,8.598,68.000
0.049,0.020,0.010,20.291,225008.062,10.029,68.000
0.060,0.001,0.008,22.525,74888.570,1.621,68.000
0.048,0.001,0.011,28.863,120665.883,2.388,68.000
0.051,0.024,0.012,22.409,225172.094,7.541,68.000
0.051,0.007,0.013,21.807,250059.031,7.534,68.000
0.050,0.001,0.021,22.733,126497.398,2.307,68.000
0.055,0.001,0.019,22.690,181249.188,2.170,68.000
0.049,0.022,0.011,20.185,222998.844,9.511,68.000
0.051,0.012,0.012,21.055,211299.062,7.554,68.000
0.050,0.011,0.009,20.142,230129.219,7.242,68.000
0.052,0.024,0.012,22.850,219491.000,6.556,68.000
0.053,0.001,0.012,31.502,93645.555,2.095,68.000
0.049,0.010,0.012,20.609,257655.281,8.885,68.000
0.052,0.001,0.010,26.057,246695.031,4.675,68.000
0.049,0.003,0.011,21.983,280378.781,6.132,68.000
0.041,0.001,0.011,22.319,142376.906,1.762,68.000
0.053,0.001,0.022,21.141,181138.625,2.980,68.000
0.048,0.015,0.012,19.845,239850.000,8.689,68.000
0.050,0.022,0.013,22.287,240942.281,7.853,68.000
0.049,0.020,0.014,22.934,252355.594,7.399,68.000
0.051,0.001,0.003,21.557,169240.312,1.977,68.000
0.049,0.009,0.010,20.203,258357.656,7.860,68.000
0.051,0.000,0.005,23.948,26418.656,1.618,68.000
0.050,0.007,0.011,20.959,300246.219,8.183,68.000
0.057,0.000,0.018,22.528,63489.477,-0.264,68.000
0.048,0.002,0.015,23.635,200283.781,3.762,68.000
0.049,0.008,0.011,21.840,284651.969,8.894,68.000
0.049,0.001,0.007,23.865,223248.688,3.635,68.000
0.050,0.021,0.013,21.399,244425.562,8.362,68.000
0.050,0.026,0.014,23.761,225481.906,7.736,68.000
0.002,0.012,0.011,21.425,184463.344,7.559,68.000
0.051,0.008,0.013,21.502,251335.688,7.885,68.000
0.052,0.011,0.013,21.154,214336.562,7.466,68.000
0.044,0.000,0.009,24.333,70050.008,-0.284,68.000
0.098,0.012,0.011,21.936,208541.312,7.489,68.000
0.048,0.001,0.008,24.855,210828.844,3.429,68.000
0.051,0.001,0.007,22.448,235327.188,3.789,68.000
0.046,0.001,0.004,21.533,103711.180,1.270,68.000
0.053,0.001,0.011,23.460,256910.469,4.639,68.000
0.049,0.022,0.011,19.834,220534.156,9.575,68.000
0.051,0.021,0.013,23.014,243768.125,7.131,68.000
0.050,0.020,0.013,22.262,253319.312,7.759,68.000
0.050,0.020,0.011,20.680,215462.750,8.927,68.000
0.055,0.000,0.013,27.585,44828.430,1.580,68.000
0.042,0.001,0.017,21.474,96075.180,1.357,68.000
0.048,0.010,0.014,20.322,236271.844,8.117,68.000
0.056,0.001,0.017,20.418,202439.531,2.505,68.000
0.048,0.002,0.009,23.232,251199.406,4.069,68.000
0.098,0.012,0.012,21.024,207450.500,6.620,68.000
0.049,0.001,0.006,21.771,222992.594,2.944,68.000
0.051,0.014,0.014,20.208,216809.750,6.871,68.000
0.044,0.000,0.010,24.995,54974.977,-0.633,68.000
0.050,0.018,0.014,21.724,239930.938,6.859,68.000
0.059,0.000,0.006,25.002,-38475.328,2.712,68.000
0.048,0.024,0.011,20.196,221379.125,10.038,68.000
0.052,0.000,0.022,20.827,4626.719,0.814,68.000
0.050,0.012,0.011,20.108,235315.156,8.317,68.000
0.051,0.001,0.012,28.854,188794.500,3.454,68.000
0.060,0.001,0.016,19.812,169613.188,0.025,68.000
0.048,0.006,0.011,21.672,288626.375,7.447,68.000
0.052,0.000,0.001,23.075,94532.305,1.249,68.000
0.051,0.024,0.013,22.917,223428.531,6.971,68.000
0.047,0.000,0.019,20.918,-30167.984,0.145,68.000
0.050,0.011,0.012,20.637,227190.062,8.249,68.000
0.053,0.001,0.016,22.940,215554.406,2.739,68.000
0.047,0.001,0.007,23.582,212808.906,3.072,68.000
0.002,0.011,0.013,20.943,202749.719,7.814,68.000
0.053,0.001,0.013,30.815,64340.836,1.378,68.000
0.059,0.000,0.010,24.867,-30433.125,1.069,68.000
0.051,0.015,0.013,21.259,208838.375,6.490,68.000
0.048,0.004,0.010,21.808,265631.844,6.002,68.000
0.050,0.002,0.006,20.787,222268.938,2.428,68.000
0.053,0.000,0.010,31.405,-30213.750,1.167,68.000
0.044,0.000,0.007,27.255,-57515.453,0.958,68.000
0.050,0.002,0.016,23.965,203599.094,3.167,68.000
0.049,0.025,0.012,21.112,229684.812,9.143,68.000
0.047,0.002,0.011,22.118,262019.062,4.467,68.000
0.060,0.001,0.009,23.525,50880.320,1.399,68.000
0.051,0.010,0.014,19.778,231920.969,7.893,68.000
0.045,0.000,0.016,27.182,-77212.398,-1.111,68.000
0.052,0.001,0.016,24.449,218423.719,2.523,68.000
0.041,0.000,0.018,22.618,28596.555,1.076,68.000
0.051,0.016,0.013,21.483,222127.062,6.487,68.000
0.051,0.012,0.014,20.040,221977.656,7.338,68.000
0.048,0.017,0.013,19.342,238250.625,8.294,68.000
0.050,0.007,0.014,20.737,242858.844,7.167,68.000
0.051,0.009,0.010,19.491,248106.688,7.625,68.000
0.042,0.001,0.012,23.320,161969.469,2.496,68.000
0.049,0.001,0.009,25.639,244100.719,4.085,68.000
0.050,0.000,0.018,24.580,20572.719,1.315,68.000
0.048,0.026,0.013,20.659,238448.406,9.841,68.000
0.052,0.005,0.010,19.703,266823.469,6.029,68.000
0.052,0.005,0.013,21.334,225686.969,5.242,68.000
0.051,0.023,0.013,23.008,226116.281,7.286,68.000
0.051,0.026,0.013,22.805,230424.375,7.663,68.000
0.049,0.001,0.018,22.462,192411.406,2.596,68.000
0.043,0.001,0.009,23.624,179086.688,2.124,68.000
0.054,0.001,0.006,20.859,210366.625,2.625,68.000
0.056,0.001,0.018,22.361,157893.312,0.429,68.000
0.049,0.025,0.014,23.099,233448.312,8.323,68.000
0.044,0.001,0.015,20.347,168477.219,2.702,68.000
0.048,0.000,0.008,30.205,-55131.750,1.852,68.000
0.052,0.027,0.013,24.045,193531.719,5.889,68.000
0.049,0.016,0.010,19.863,226139.875,9.327,68.000
0.051,0.025,0.010,21.206,221911.062,7.853,68.000
0.042,0.000,0.009,21.756,-43753.418,1.613,68.000
0.050,0.006,0.010,19.540,273811.031,6.761,68.000
0.041,0.001,0.009,24.883,-2358.984,-0.064,68.000
0.050,0.004,0.011,21.431,286926.438,6.281,68.000
0.049,0.012,0.013,20.571,234680.375,7.979,68.000
0.051,0.019,0.013,22.450,237108.812,7.023,68.000
0.055,0.001,0.021,21.357,168402.438,2.904,68.000
0.050,0.015,0.011,20.215,227098.812,8.156,68.000
0.049,0.027,0.014,15.692,135042.625,5.433,68.000
0.051,0.021,0.011,21.105,217123.562,8.105,68.000
0.055,0.001,0.008,22.410,206732.031,3.542,68.000
0.047,0.001,0.005,20.249,193060.688,1.868,68.000
0.059,0.001,0.008,20.683,164485.062,2.896,68.000
0.048,0.002,0.011,22.274,267746.562,5.132,68.000
0.051,0.002,0.012,23.078,243562.812,5.078,68.000
0.048,0.001,0.019,23.905,101591.117,1.093,68.000
0.046,0.000,0.013,32.673,-37453.242,-2.586,68.000
0.057,0.000,0.010,25.807,-18343.812,2.135,68.000
0.054,0.000,0.015,25.282,46546.727,1.119,68.000
0.056,0.001,0.020,22.164,162469.031,2.431,68.000
0.057,0.001,0.004,20.021,157745.688,1.857,68.000
0.048,0.009,0.011,21.574,266545.219,8.598,68.000
0.054,0.002,0.009,22.624,231294.469,4.158,68.000
0.059,0.001,0.010,24.159,20595.750,0.882,68.000
0.049,0.009,0.014,20.114,242882.875,7.943,68.000
0.047,0.002,0.016,23.149,187854.656,2.880,68.000
0.049,0.021,0.010,20.353,220436.594,9.829,68.000
0.050,0.001,0.012,28.661,193116.375,3.568,68.000
0.054,0.001,0.017,21.469,202031.594,2.660,68.000
0.052,0.001,0.008,23.982,234100.656,4.355,68.000
0.098,0.011,0.012,21.001,206793.719,6.468,68.000
0.050,0.012,0.012,20.430,229289.250,8.372,68.000
0.049,0.005,0.010,21.272,279475.938,6.801,68.000
0.049,0.013,0.011,19.839,245249.531,8.604,68.000
0.051,0.008,0.012,22.100,260010.906,8.216,68.000
0.051,0.001,0.020,24.546,75692.930,1.391,68.000
0.052,0.003,0.013,21.961,230711.688,4.977,68.000
0.058,0.001,0.006,22.262,118191.586,2.390,68.000
0.053,0.002,0.009,22.697,242443.500,4.400,68.000
0.061,0.000,0.010,23.205,35795.477,2.795,68.000
0.050,0.020,0.011,20.243,221754.094,8.933,68.000
0.049,0.027,0.012,15.214,218373.031,9.438,68.000
0.052,0.013,0.013,21.911,212686.781,7.002,68.000
0.049,0.007,0.014,20.396,239188.531,7.290,68.000
0.041,0.001,0.015,17.343,120685.727,2.408,68.000
0.049,0.012,0.014,19.724,227761.531,7.636,68.000
0.049,0.020,0.013,20.479,250524.125,8.913,68.000
0.055,0.002,0.006,20.789,210527.281,2.651,68.000
0.043,0.000,0.008,25.740,-75465.562,-0.371,68.000
0.050,0.006,0.010,19.653,273127.875,6.536,68.000
0.048,0.006,0.012,22.660,288837.375,7.519,68.000
0.050,0.021,0.011,20.804,220108.500,8.647,68.000
0.049,0.027,0.011,22.935,98126.508,-1.180,68.000
0.057,0.001,0.004,18.024,229312.938,2.626,68.000
0.051,0.001,0.014,28.339,197490.531,3.297,68.000
0.042,0.000,0.014,23.577,34268.102,-0.535,68.000
0.051,0.001,0.017,28.132,104451.414,0.215,68.000
0.048,0.003,0.012,22.543,279630.156,6.156,68.000
0.045,0.000,0.011,29.010,64996.852,0.870,68.000
0.049,0.004,0.010,21.087,272702.125,6.023,68.000
0.056,0.001,0.021,21.966,158523.062,2.733,68.000
0.044,0.001,0.017,22.788,145250.875,2.191,68.000
0.048,0.000,0.019,22.125,22014.133,-0.191,68.000
0.052,0.012,0.011,19.885,192329.188,6.500,68.000
0.050,0.016,0.012,20.277,231866.344,8.501,68.000
0.042,0.001,0.009,24.368,35464.805,0.193,68.000
0.052,0.014,0.013,20.715,212373.188,6.606,68.000
0.057,0.000,0.004,18.040,154277.125,2.713,68.000
0.046,0.001,0.009,24.452,224871.219,3.099,68.000
0.048,0.024,0.012,20.768,227915.844,9.715,68.000
0.046,0.001,0.014,22.658,195800.469,3.267,68.000
0.053,0.000,0.004,22.396,112713.305,1.792,68.000
0.042,0.001,0.007,23.471,9287.586,0.763,68.000
0.043,0.002,0.012,21.384,209739.500,3.412,68.000
0.051,0.004,0.011,20.770,280067.281,6.019,68.000
0.042,0.001,0.009,23.780,44487.945,0.420,68.000
0.050,0.023,0.014,23.376,234006.031,7.890,68.000
0.044,0.000,0.015,23.665,30263.008,0.210,68.000
0.050,0.001,0.020,22.494,183623.062,3.298,68.000
0.048,0.009,0.011,21.699,267210.469,8.716,68.000
0.050,0.016,0.014,20.995,224430.031,6.492,68.000
0.049,0.000,0.002,25.350,-23107.555,-0.167,68.000
0.048,0.003,0.013,23.237,264708.219,5.612,68.000
0.052,0.013,0.011,20.251,190228.906,6.583,68.000
0.049,0.020,0.011,20.097,226127.906,9.442,68.000
0.049,0.008,0.011,21.539,276923.531,8.885,68.000
0.048,0.021,0.013,21.445,251714.688,8.800,68.000
0.044,0.001,0.012,21.884,223148.219,2.734,68.000
0.051,0.001,0.019,22.023,186357.719,2.890,68.000
0.048,0.007,0.011,22.145,292508.188,8.433,68.000
0.098,0.010,0.012,20.986,203137.375,6.123,68.000
0.050,0.011,0.010,20.037,228009.156,7.483,68.000
0.049,0.000,0.009,28.809,64976.742,1.016,68.000
0.051,0.015,0.014,20.165,221003.656,6.407,68.000
0.050,0.001,0.010,25.386,258752.531,4.286,68.000
0.045,0.000,0.012,30.635,-47563.070,-0.752,68.000
0.052,0.013,0.013,22.142,204213.906,6.480,68.000
0.048,0.000,0.015,31.283,10820.305,-2.273,68.000
0.049,0.000,0.004,25.800,31806.008,1.228,68.000
0.000,0.011,0.013,13.764,77850.477,9.695,68.000
0.048,0.001,0.002,22.853,75966.680,1.301,68.000
0.049,0.023,0.012,21.345,225404.094,9.048,68.000
0.048,0.010,0.011,21.259,252456.156,8.837,68.000
0.042,0.001,0.015,20.587,163436.250,2.937,68.000
0.060,0.001,0.012,20.358,135664.812,0.803,68.000
0.049,0.021,0.012,20.581,241136.844,9.083,68.000
0.049,0.009,0.013,20.995,261955.688,8.768,68.000
0.052,0.023,0.011,22.396,219085.594,7.524,68.000
0.051,0.015,0.012,21.722,209457.406,6.842,68.000
0.051,0.007,0.014,20.730,243403.594,7.341,68.000
0.052,0.001,0.018,22.656,195485.406,2.601,68.000
0.052,0.015,0.012,22.263,197578.219,5.973,68.000
0.048,0.008,0.013,21.278,279982.312,9.008,68.000
0.049,0.015,0.011,20.014,237321.344,9.216,68.000
0.051,0.014,0.012,21.623,210283.312,6.990,68.000
0.056,0.000,0.007,24.289,29617.867,2.179,68.000
0.048,0.009,0.012,21.633,269051.156,8.934,68.000
0.051,0.001,0.015,24.210,202474.438,2.735,68.000
0.040,0.001,0.012,22.727,57997.023,0.206,68.000
0.061,0.001,0.013,21.180,131839.688,0.161,68.000
0.043,0.001,0.013,22.615,183752.375,3.443,68.000
0.048,0.002,0.017,22.686,199172.312,2.691,68.000
0.041,0.001,0.013,22.174,119920.258,1.987,68.000
0.043,0.002,0.012,21.631,214873.875,3.306,68.000
0.049,0.012,0.010,20.609,231003.500,7.545,68.000
0.049,0.004,0.010,21.586,266170.656,5.533,68.000
0.048,0.001,0.013,24.826,227246.844,3.864,68.000
0.050,0.000,0.022,22.494,-16407.344,0.431,68.000
0.051,0.007,0.012,22.126,257545.469,7.766,68.000
0.050,0.020,0.010,20.027,212955.938,9.502,68.000
0.051,0.008,0.014,20.178,241829.156,7.665,68.000
0.041,0.001,0.012,20.929,128940.398,1.721,68.000
0.050,0.022,0.013,22.571,234787.344,7.677,68.000
0.050,0.027,0.011,20.497,231732.844,8.014,68.000
0.050,0.018,0.011,20.239,217662.406,8.542,68.000
0.050,0.006,0.015,21.104,223346.281,6.322,68.000
0.054,0.001,0.019,23.110,134869.906,1.691,68.000
0.049,0.005,0.012,22.603,282690.156,6.968,68.000
0.048,0.023,0.013,21.309,237350.844,9.657,68.000
0.049,0.001,0.018,22.476,184608.438,2.538,68.000
0.048,0.000,0.019,23.272,34024.961,-0.524,68.000
0.047,0.001,0.013,30.174,143870.438,2.832,68.000
0.042,0.001,0.004,18.976,145951.344,1.634,68.000
0.048,0.002,0.010,22.837,274012.594,4.494,68.000
0.049,0.025,0.014,22.747,232066.250,8.445,68.000
0.047,0.000,0.015,28.409,-32534.531,-3.171,68.000
0.055,0.000,0.017,25.606,25617.891,-0.447,68.000
0.052,0.000,0.020,22.772,8738.844,0.020,68.000
0.045,0.001,0.006,20.645,163309.188,1.839,68.000
0.047,0.000,0.012,33.963,-58650.184,-0.849,68.000
0.099,0.012,0.012,21.776,213786.188,7.135,68.000
0.055,0.001,0.014,23.574,182303.375,2.987,68.000
0.060,0.001,0.007,22.651,85615.367,1.851,68.000
0.043,0.001,0.018,22.193,108261.242,1.147,68.000
0.050,0.022,0.012,21.976,232076.125,7.977,68.000
0.049,0.001,0.015,23.992,198117.625,3.282,68.000
0.051,0.001,0.012,29.678,181964.594,3.624,68.000
0.050,0.017,0.011,19.951,219307.531,9.052,68.000
0.051,0.002,0.017,22.783,202922.562,3.273,68.000
0.056,0.001,0.014,23.988,182778.125,2.069,68.000
0.049,0.018,0.010,19.972,216528.188,9.571,68.000
0.050,0.019,0.012,20.585,232107.469,8.353,68.000
0.049,0.005,0.010,20.790,281057.844,6.630,68.000
0.050,0.001,0.007,27.246,155196.250,3.367,68.000
0.050,0.001,0.007,26.172,109338.023,1.928,68.000
0.054,0.000,0.012,33.734,-57213.297,-0.379,68.000
0.051,0.001,0.021,21.024,183611.500,3.147,68.000
0.051,0.011,0.014,19.167,219376.344,7.404,68.000
0.043,0.001,0.019,22.076,142196.906,1.716,68.000
0.050,0.008,0.013,22.288,267158.531,8.358,68.000
0.048,0.015,0.014,20.318,228382.125,6.974,68.000
0.046,0.001,0.018,23.930,177246.500,2.165,68.000
0.050,0.021,0.010,20.378,222776.094,9.608,68.000
0.039,0.001,0.013,20.542,89796.195,1.389,68.000
0.060,0.000,0.010,22.305,-8775.680,1.325,68.000
0.052,0.008,0.013,20.011,222974.781,7.106,68.000
0.052,0.019,0.012,22.411,214808.000,6.530,68.000
0.041,0.001,0.014,17.510,144811.906,2.800,68.000
0.051,0.022,0.011,21.066,214299.125,8.423,68.000
0.050,0.009,0.015,18.292,229999.188,7.255,68.000
0.052,0.017,0.012,21.584,211646.500,6.582,68.000
0.051,0.002,0.005,20.929,224183.969,2.589,68.000
0.058,0.001,0.012,22.105,174196.125,2.665,68.000
0.051,0.011,0.012,20.790,225149.938,8.091,68.000
0.044,0.000,0.008,28.029,-55567.227,-2.000,68.000
0.053,0.001,0.009,22.850,241650.625,4.427,68.000
0.056,0.001,0.003,19.065,224199.469,2.807,68.000
0.052,0.024,0.012,22.799,220540.656,6.685,68.000
0.051,0.004,0.009,21.201,275878.312,5.753,68.000
0.053,0.001,0.009,23.736,224362.375,4.232,68.000
0.048,0.023,0.011,19.977,215970.188,9.662,68.000
0.049,0.018,0.011,19.633,221859.469,9.113,68.000
0.050,0.015,0.013,21.058,218077.406,6.790,68.000
0.050,0.010,0.011,20.497,223164.312,8.181,68.000
0.054,0.002,0.013,23.566,191299.281,3.459,68.000
0.049,0.006,0.011,21.353,297551.312,7.614,68.000
0.049,0.003,0.011,21.888,275963.188,5.778,68.000
0.044,0.000,0.006,22.275,-26020.086,-0.292,68.000
0.050,0.017,0.013,21.529,231476.969,7.099,68.000
0.049,0.026,0.013,21.097,235576.625,9.347,68.000
0.050,0.025,0.014,23.845,231951.500,8.144,68.000
0.053,0.001,0.022,20.988,177393.500,2.848,68.000
0.051,0.026,0.014,24.277,227625.125,7.574,68.000
0.054,0.001,0.015,22.664,196495.844,2.021,68.000
0.003,0.011,0.012,20.896,193111.625,7.436,68.000
0.051,0.023,0.014,23.321,235563.469,7.316,68.000
0.048,0.002,0.018,21.776,181414.438,2.367,68.000
0.044,0.001,0.007,22.065,160063.906,1.784,68.000
0.048,0.002,0.017,22.812,198723.062,2.677,68.000
0.045,0.001,0.008,27.840,14436.734,1.615,68.000
0.051,0.018,0.011,20.985,211740.281,7.618,68.000
0.056,0.002,0.011,21.810,207033.531,3.680,68.000
0.050,0.004,0.014,22.893,223976.438,5.364,68.000
0.050,0.003,0.010,21.768,279441.750,5.640,68.000
0.052,0.008,0.010,18.565,247437.781,6.791,68.000
0.049,0.006,0.012,22.725,294485.938,7.897,68.000
0.049,0.023,0.010,20.294,219693.750,9.275,68.000
0.049,0.025,0.014,22.522,233113.531,8.660,68.000
0.044,0.000,0.007,25.649,-9485.898,-0.373,68.000
0.052,0.026,0.012,22.627,225751.250,7.181,68.000
0.051,0.005,0.012,21.722,254674.656,6.443,68.000
0.049,0.005,0.011,21.493,286888.656,6.736,68.000
0.051,0.002,0.007,22.287,236963.906,3.885,68.000
0.048,0.018,0.011,19.330,229953.281,10.021,68.000
0.058,0.001,0.009,21.530,171894.531,3.184,68.000
0.047,0.001,0.017,27.036,107301.086,0.553,68.000
0.050,0.001,0.011,27.880,196783.500,3.548,68.000
0.050,0.017,0.014,21.372,232253.688,6.699,68.000
0.058,0.001,0.011,23.296,133111.469,2.485,68.000
0.050,0.005,0.011,20.845,291663.625,6.855,68.000
0.050,0.010,0.012,20.589,240992.656,8.570,68.000
0.049,0.008,0.013,21.828,271779.500,8.693,68.000
0.059,0.001,0.012,22.039,138947.031,1.549,68.000
0.048,0.017,0.013,20.470,239145.219,7.740,68.000
0.049,0.007,0.011,21.915,297417.188,8.612,68.000
0.040,0.000,0.014,18.907,64142.242,1.285,68.000
0.056,0.001,0.012,24.342,191934.281,3.659,68.000
0.049,0.003,0.011,21.988,273840.656,5.815,68.000
0.043,0.002,0.010,21.232,202262.312,2.598,68.000
0.040,0.000,0.011,22.786,-61081.102,-2.474,68.000
0.059,0.000,0.011,23.300,17108.297,1.431,68.000
0.048,0.000,0.003,24.282,-11461.266,-0.056,68.000
0.049,0.012,0.014,19.522,232580.688,7.696,68.000
0.048,0.024,0.012,20.947,232048.375,9.881,68.000
0.056,0.002,0.010,21.763,222783.219,3.831,68.000
0.052,0.009,0.013,20.306,220355.750,7.428,68.000
0.041,0.000,0.011,24.805,-39055.320,-0.758,68.000
0.099,0.012,0.012,22.379,207987.906,7.424,68.000
0.051,0.017,0.010,20.174,208655.688,8.262,68.000
0.052,0.001,0.016,24.139,218242.188,2.655,68.000
0.057,0.001,0.010,23.672,179880.562,3.786,68.000
0.049,0.003,0.012,23.199,272063.969,5.779,68.000
0.049,0.001,0.014,27.577,200877.438,3.346,68.000
0.059,0.001,0.011,25.363,52978.695,1.589,68.000
0.048,0.009,0.012,20.983,264566.594,9.078,68.000
0.056,0.000,0.018,22.939,-25937.742,0.493,68.000
0.049,0.014,0.013,19.960,226519.531,7.489,68.000
0.048,0.003,0.013,23.251,248975.188,6.104,68.000
0.050,0.006,0.010,20.070,279050.344,6.947,68.000
0.052,0.021,0.012,22.297,222059.344,6.914,68.000
0.050,0.004,0.011,20.993,278892.188,6.078,68.000
0.049,0.021,0.010,20.053,218669.656,9.566,68.000
0.050,0.027,0.014,23.534,154883.750,6.536,68.000
0.048,0.000,0.012,28.215,25897.398,0.662,68.000
0.051,0.023,0.011,21.999,216298.906,7.785,68.000
0.048,0.026,0.013,20.940,236258.438,9.640,68.000
0.046,0.002,0.013,22.643,232286.844,4.472,68.000
0.058,0.001,0.005,18.323,210397.406,2.625,68.000
0.051,0.000,0.003,22.967,61865.727,1.091,68.000
0.051,0.003,0.014,23.178,211112.406,4.201,68.000
0.050,0.018,0.012,20.200,224375.906,8.122,68.000
0.044,0.002,0.013,21.544,214650.594,4.108,68.000
0.050,0.001,0.002,23.283,97726.289,1.343,68.000
0.045,0.000,0.003,23.646,-23933.852,-0.173,68.000
0.050,0.002,0.017,22.735,203811.500,3.202,68.000
0.051,0.001,0.007,27.044,139648.156,2.930,68.000
0.050,0.002,0.011,22.198,275096.562,5.429,68.000
0.052,0.010,0.014,19.747,214468.969,7.328,68.000
0.056,0.002,0.014,23.064,172055.188,2.446,68.000
0.040,0.001,0.014,18.115,117827.477,2.575,68.000
0.045,0.002,0.014,21.727,195661.688,3.721,68.000
0.053,0.000,0.004,23.054,104941.055,1.927,68.000
0.051,0.016,0.012,20.962,215101.594,6.975,68.000
0.044,0.000,0.015,25.974,-7473.961,1.427,68.000
0.050,0.001,0.003,20.477,200062.594,1.972,68.000
0.056,0.000,0.008,23.772,12611.039,1.866,68.000
0.049,0.022,0.011,20.710,221397.594,9.165,68.000
0.049,0.009,0.012,21.543,268678.250,9.000,68.000
0.050,0.022,0.012,21.513,228629.781,8.792,68.000
0.054,0.001,0.004,20.996,168769.750,2.337,68.000
0.043,0.001,0.015,19.199,185727.656,3.194,68.000
0.058,0.000,0.007,22.172,-7804.516,2.917,68.000
0.047,0.001,0.003,21.718,145978.031,1.416,68.000
0.049,0.000,0.018,24.780,57881.555,0.343,68.000
0.098,0.012,0.011,21.186,205235.969,6.828,68.000
0.051,0.018,0.011,20.559,212183.406,8.380,68.000
0.041,0.000,0.012,19.582,14518.570,-1.210,68.000
0.046,0.001,0.014,23.571,206044.531,3.531,68.000
0.049,0.011,0.011,20.397,245194.812,8.838,68.000
0.050,0.014,0.010,20.373,217342.000,7.676,68.000
0.046,0.000,0.016,27.459,-39334.781,-2.713,68.000
0.050,0.019,0.010,19.992,209995.812,9.140,68.000
0.040,0.001,0.012,21.064,106875.430,1.378,68.000
0.049,0.001,0.009,23.751,265597.812,4.391,68.000
0.051,0.014,0.014,19.388,223136.531,6.561,68.000
0.052,0.010,0.013,20.225,225809.875,7.854,68.000
0.049,0.013,0.010,20.407,228034.875,7.866,68.000
0.048,0.026,0.013,20.989,231276.344,9.296,68.000
0.060,0.000,0.013,22.265,77094.539,-0.251,68.000
0.046,0.000,0.018,23.767,-12729.820,-2.093,68.000
0.051,0.025,0.014,23.920,228425.656,7.684,68.000
0.055,0.001,0.021,22.621,94594.195,1.646,68.000
0.049,0.019,0.013,20.064,249333.812,8.843,68.000
0.050,0.014,0.010,20.037,226650.062,8.188,68.000
0.049,0.002,0.009,23.530,261822.594,4.422,68.000
0.051,0.008,0.011,20.818,282437.062,8.326,68.000
0.042,0.001,0.005,20.658,60547.180,1.648,68.000
0.041,0.000,0.010,25.065,-47980.117,-1.215,68.000
0.048,0.005,0.011,21.849,285845.250,7.017,68.000
0.048,0.001,0.007,23.511,207865.656,3.256,68.000
0.050,0.008,0.011,20.394,275837.188,8.577,68.000
0.047,0.000,0.020,20.351,94656.852,1.354,68.000
0.051,0.025,0.011,21.624,221933.812,7.701,68.000
0.049,0.015,0.012,20.161,231597.469,8.074,68.000
0.056,0.000,0.014,25.156,14524.109,0.408,68.000
0.050,0.024,0.010,19.980,219889.250,8.851,68.000
0.052,0.020,0.011,21.530,210816.875,7.869,68.000
0.052,0.000,0.011,35.272,-65730.688,0.204,68.000
0.047,0.001,0.005,20.607,191803.438,1.958,68.000
0.052,0.014,0.012,21.317,206491.062,6.952,68.000
0.059,0.000,0.010,23.339,-8341.180,2.242,68.000
0.052,0.017,0.011,20.680,206792.812,7.576,68.000
0.042,0.000,0.017,22.351,-56058.723,-2.279,68.000
0.056,0.000,0.009,27.646,-64215.586,1.757,68.000
0.002,0.010,0.011,21.232,173042.156,7.894,68.000
0.051,0.007,0.012,21.836,261336.625,7.957,68.000
0.049,0.026,0.011,19.209,228755.781,9.380,68.000
0.051,0.007,0.013,22.079,254163.281,7.693,68.000
0.049,0.012,0.013,20.672,237082.406,8.159,68.000
0.054,0.001,0.005,22.920,129952.117,1.921,68.000
0.044,0.000,0.016,25.217,-74451.992,-1.862,68.000
0.051,0.001,0.020,22.233,186442.906,3.113,68.000
0.049,0.002,0.006,21.370,219128.094,2.674,68.000
0.042,0.000,0.014,24.521,35025.289,0.120,68.000
0.098,0.013,0.012,21.414,214021.969,7.439,68.000
0.049,0.011,0.011,20.833,240493.281,8.653,68.000
0.049,0.018,0.011,19.929,225083.500,9.520,68.000
0.049,0.013,0.014,19.525,225889.188,7.524,68.000
0.052,0.004,0.014,22.128,217049.219,5.075,68.000
0.050,0.023,0.013,22.608,233949.406,8.096,68.000
0.048,0.000,0.018,24.248,69742.992,0.499,68.000
0.060,0.001,0.018,19.481,170231.125,0.264,68.000
0.051,0.000,0.004,23.887,14884.000,0.572,68.000
0.057,0.000,0.006,21.926,21650.227,3.629,68.000
0.052,0.019,0.012,22.233,220691.000,6.878,68.000
0.056,0.001,0.020,25.357,71050.789,1.004,68.000
0.051,0.019,0.011,20.561,212820.781,8.435,68.000
0.050,0.001,0.020,21.798,180118.000,3.288,68.000
0.049,0.006,0.013,23.085,277111.375,7.856,68.000
0.050,0.020,0.014,22.628,250957.781,7.124,68.000
0.050,0.009,0.014,19.699,236938.719,7.908,68.000
0.049,0.012,0.014,19.408,234109.906,7.811,68.000
0.054,0.001,0.003,18.945,218024.938,2.387,68.000
0.049,0.003,0.011,21.846,275942.656,6.046,68.000
0.054,0.001,0.019,24.261,137575.062,1.460,68.000
0.055,0.002,0.015,21.435,204405.719,2.163,68.000
0.099,0.012,0.013,23.657,170936.375,6.147,68.000
0.048,0.026,0.012,19.634,243232.938,10.319,68.000
0.048,0.021,0.013,21.248,254200.875,8.758,68.000
0.049,0.003,0.012,22.644,281788.969,6.197,68.000
0.049,0.004,0.013,23.139,266145.750,6.470,68.000
0.053,0.001,0.019,22.211,189489.625,2.697,68.000
0.050,0.020,0.010,20.189,219362.406,9.614,68.000
0.052,0.010,0.012,20.010,212010.594,7.362,68.000
0.050,0.009,0.013,21.545,251375.250,8.323,68.000
0.056,0.001,0.015,20.580,204269.031,1.757,68.000
0.048,0.020,0.012,19.544,240367.469,9.752,68.000
0.050,0.016,0.013,20.839,214980.500,6.643,68.000
0.046,0.002,0.018,21.710,181480.781,2.512,68.000
0.051,0.021,0.012,21.940,229919.594,7.358,68.000
0.055,0.001,0.009,25.982,143711.938,3.177,68.000
0.056,0.000,0.011,31.779,-51948.473,-1.356,68.000
0.051,0.023,0.013,22.517,223937.031,7.344,68.000
0.053,0.001,0.014,24.145,185977.719,2.789,68.000
0.048,0.001,0.013,27.542,213131.500,3.664,68.000
0.044,0.001,0.006,19.876,143867.062,1.676,68.000
0.052,0.007,0.013,20.616,223604.906,6.833,68.000
0.056,0.001,0.018,23.114,112654.945,0.267,68.000
0.049,0.024,0.010,19.359,220977.156,9.654,68.000
0.060,0.000,0.013,21.035,37278.648,1.602,68.000
0.052,0.023,0.012,22.484,218195.094,6.923,68.000
0.057,0.000,0.018,23.603,23784.000,3.275,68.000
0.058,0.001,0.005,19.140,211071.406,2.724,68.000
0.050,0.014,0.014,20.064,221203.188,7.120,68.000
0.052,0.008,0.011,19.910,247847.469,7.253,68.000
0.049,0.005,0.011,21.697,291265.719,6.885,68.000
0.048,0.011,0.012,19.761,264978.281,9.450,68.000
0.052,0.019,0.011,21.225,214248.438,8.148,68.000
0.051,0.010,0.012,20.705,231692.250,8.014,68.000
0.052,0.001,0.020,22.830,129386.961,2.390,68.000
0.057,0.001,0.017,20.291,198931.188,2.016,68.000
0.051,0.006,0.012,21.625,269768.969,7.031,68.000
0.046,0.001,0.009,23.725,241790.531,3.601,68.000
0.058,0.001,0.006,19.110,191505.688,2.681,68.000
0.052,0.000,0.002,22.565,32838.805,1.076,68.000
0.048,0.025,0.012,20.453,232171.062,10.434,68.000
0.049,0.014,0.011,19.789,244972.531,8.792,68.000
0.048,0.022,0.012,20.867,236841.031,9.781,68.000
0.099,0.012,0.011,24.422,189438.781,7.349,68.000
0.050,0.007,0.009,19.361,268180.781,6.843,68.000
0.051,0.012,0.012,21.316,220452.281,7.733,68.000
0.051,0.011,0.013,21.001,219716.406,7.647,68.000
0.050,0.027,0.012,17.930,342086.188,13.558,68.000
0.046,0.002,0.014,22.472,195765.188,3.901,68.000
0.045,0.000,0.019,24.361,-10858.398,-0.787,68.000
0.044,0.002,0.013,21.280,210506.312,4.012,68.000
0.100,0.013,0.013,24.153,-84566.031,9.571,68.000
0.043,0.001,0.006,19.811,128488.070,1.668,68.000
0.051,0.003,0.011,21.405,277534.312,5.752,68.000
0.050,0.025,0.013,22.332,231575.531,8.278,68.000
0.050,0.013,0.013,20.960,232904.812,7.946,68.000
0.052,0.022,0.013,22.836,232542.000,6.800,68.000
0.050,0.010,0.014,20.082,237528.031,8.068,68.000
0.051,0.009,0.014,18.999,239206.000,7.487,68.000
0.052,0.012,0.012,21.304,201873.656,6.829,68.000
0.050,0.007,0.012,22.835,285617.594,8.441,68.000
0.050,0.018,0.011,20.004,222035.031,9.140,68.000
0.058,0.000,0.011,24.610,76326.195,1.757,68.000
0.050,0.017,0.012,19.887,221241.000,8.498,68.000
0.049,0.017,0.011,20.097,223171.375,9.432,68.000
0.051,0.000,0.004,23.164,60435.977,0.922,68.000
0.048,0.012,0.013,20.246,241609.250,8.412,68.000
0.048,0.015,0.012,19.877,237922.938,8.575,68.000
0.052,0.001,0.020,21.405,183153.125,2.985,68.000
0.050,0.009,0.012,21.388,263521.375,8.923,68.000
0.043,0.001,0.009,21.907,184631.344,2.232,68.000
0.044,0.002,0.010,22.045,225382.250,3.057,68.000
0.051,0.006,0.011,20.413,292639.250,7.282,68.000
0.052,0.022,0.012,22.284,214707.625,7.368,68.000
0.052,0.016,0.013,21.452,206182.531,6.183,68.000
0.050,0.004,0.010,21.356,280029.562,6.255,68.000
0.052,0.000,0.013,34.437,-3963.164,-0.238,68.000
0.045,0.002,0.009,23.077,236631.688,3.485,68.000
0.055,0.001,0.008,24.626,154022.188,2.830,68.000
0.051,0.008,0.013,21.410,249687.312,7.962,68.000
0.054,0.000,0.002,20.455,81856.414,1.876,68.000
0.060,0.000,0.008,20.272,43811.211,2.906,68.000
0.052,0.002,0.010,22.487,259321.562,4.597,68.000
0.052,0.009,0.013,20.486,222128.906,7.572,68.000
0.041,0.001,0.010,26.364,-23574.102,-0.465,68.000
0.044,0.001,0.008,23.591,145748.594,1.786,68.000
0.047,0.000,0.022,18.310,118500.430,2.544,68.000
0.051,0.000,0.018,24.625,103498.102,1.609,68.000
0.052,0.017,0.012,21.558,207302.344,6.873,68.000
0.050,0.016,0.012,19.872,228764.562,7.834,68.000
0.045,0.001,0.008,23.231,197256.438,2.547,68.000
0.052,0.010,0.011,19.637,214910.000,7.292,68.000
0.050,0.006,0.014,21.047,238741.781,6.990,68.000
0.051,0.023,0.013,22.719,227967.938,7.402,68.000
0.048,0.014,0.011,19.628,253824.562,9.257,68.000
0.050,0.012,0.013,21.107,229767.125,8.007,68.000
0.050,0.019,0.014,22.172,248567.750,6.941,68.000
0.054,0.000,0.011,30.273,-9857.422,1.413,68.000
0.047,0.000,0.004,21.888,65312.930,0.724,68.000
0.052,0.023,0.012,22.632,221140.438,7.000,68.000
0.058,0.000,0.016,20.510,132795.125,1.079,68.000
0.050,0.013,0.011,20.066,228379.156,7.966,68.000
0.057,0.002,0.014,22.816,171601.656,1.898,68.000
0.051,0.025,0.010,20.622,223636.156,8.311,68.000
0.049,0.002,0.014,23.865,216781.000,4.691,68.000
0.048,0.001,0.004,24.351,69971.117,1.445,68.000
0.048,0.011,0.010,21.104,239767.125,7.981,68.000
0.045,0.000,0.006,23.520,14396.328,0.398,68.000
0.049,0.007,0.013,22.216,259855.250,8.098,68.000
0.050,0.014,0.011,20.108,239317.406,8.552,68.000
0.042,0.000,0.017,23.295,27119.102,0.878,68.000
0.048,0.021,0.012,20.696,241557.406,9.482,68.000
0.051,0.001,0.020,21.254,182031.312,3.028,68.000
0.048,0.000,0.005,23.043,18092.102,1.993,68.000
0.048,0.002,0.018,21.651,181862.625,2.434,68.000
0.052,0.001,0.014,28.800,128047.023,1.961,68.000
0.050,0.003,0.014,23.597,216849.844,4.668,68.000
0.041,0.000,0.008,19.203,-49269.102,0.682,68.000
0.045,0.001,0.013,29.635,115624.336,2.054,68.000
0.048,0.016,0.011,19.982,245112.469,9.905,68.000
0.050,0.015,0.011,20.179,238068.875,8.731,68.000
0.050,0.007,0.012,22.248,293557.031,8.722,68.000
0.050,0.025,0.011,21.257,222700.250,8.457,68.000
0.050,0.001,0.009,33.780,37951.727,1.963,68.000
0.050,0.024,0.014,23.533,232946.281,8.001,68.000
0.049,0.000,0.021,19.990,-17454.344,-2.875,68.000
0.051,0.001,0.004,19.436,229807.688,2.093,68.000
0.049,0.015,0.012,20.442,231481.750,8.010,68.000
0.045,0.001,0.017,23.158,135156.719,1.605,68.000
0.049,0.026,0.011,19.578,236848.656,9.494,68.000
0.053,0.001,0.002,21.841,155002.250,2.224,68.000
0.050,0.004,0.014,22.419,221790.500,5.637,68.000
0.048,0.002,0.013,23.415,247446.781,4.891,68.000
0.048,0.021,0.011,19.936,228937.688,9.622,68.000
0.051,0.023,0.011,21.549,216988.656,8.210,68.000
0.055,0.001,0.010,27.162,147318.875,3.317,68.000
0.051,0.013,0.014,20.462,212106.438,6.797,68.000
0.045,0.000,0.017,24.737,5405.680,0.193,68.000
0.059,0.000,0.014,22.635,-44063.625,1.456,68.000
0.052,0.015,0.012,21.807,206179.438,6.661,68.000
0.044,0.001,0.003,18.464,163237.375,1.292,68.000
0.050,0.023,0.013,22.283,231940.000,8.245,68.000
0.050,0.002,0.018,22.166,186285.031,2.594,68.000
0.051,0.012,0.013,21.118,227433.438,7.850,68.000
0.056,0.001,0.005,19.889,212361.812,2.770,68.000
0.050,0.026,0.012,21.485,234083.250,8.955,68.000
0.056,0.000,0.017,23.158,86918.445,0.528,68.000
0.057,0.002,0.012,22.215,193780.250,3.414,68.000
0.052,0.020,0.011,21.395,211123.594,7.888,68.000
0.055,0.000,0.009,25.988,8873.930,1.245,68.000
0.050,0.014,0.010,20.190,226878.250,7.947,68.000
0.051,0.000,0.022,17.842,109394.852,3.349,68.000
0.042,0.001,0.006,19.194,115264.289,1.503,68.000
0.057,0.000,0.017,22.179,113126.664,0.972,68.000
0.050,0.023,0.011,21.671,222098.781,8.619,68.000
0.054,0.001,0.005,19.308,225109.625,2.538,68.000
0.050,0.020,0.011,20.587,219986.250,8.554,68.000
0.049,0.006,0.011,21.323,302938.031,7.867,68.000
0.046,0.000,0.011,27.221,21578.156,0.817,68.000
0.054,0.001,0.010,24.455,231231.344,4.460,68.000
0.052,0.002,0.008,22.890,252199.219,4.538,68.000
0.051,0.000,0.004,27.848,-20009.273,2.079,68.000
0.046,0.000,0.011,26.031,86844.711,0.371,68.000
0.057,0.001,0.013,25.782,131966.219,2.149,68.000
0.050,0.001,0.020,20.841,179332.844,3.208,68.000
0.051,0.021,0.012,21.599,228621.531,7.774,68.000
0.048,0.005,0.011,22.067,291924.156,7.103,68.000
0.050,0.009,0.010,19.475,249944.156,7.770,68.000
0.049,0.012,0.012,19.920,250287.688,9.013,68.000
0.044,0.001,0.003,18.822,160889.250,1.299,68.000
0.050,0.026,0.012,20.898,233366.562,8.776,68.000
0.059,0.000,0.012,22.952,25090.727,1.145,68.000
0.049,0.021,0.014,22.853,249120.094,7.448,68.000
0.051,0.009,0.011,20.317,250727.031,8.235,68.000
0.051,0.011,0.014,18.618,216063.000,7.273,68.000
0.043,0.001,0.011,22.453,181241.812,2.203,68.000
0.052,0.005,0.011,20.166,272581.656,5.995,68.000
0.056,0.001,0.020,22.375,166326.688,2.171,68.000
0.048,0.004,0.013,23.012,274712.469,6.409,68.000
0.049,0.015,0.011,20.060,238410.344,8.992,68.000
0.051,0.010,0.013,20.345,234564.500,8.239,68.000
0.050,0.005,0.013,22.738,249003.969,6.751,68.000
0.058,0.001,0.008,25.296,28133.008,1.431,68.000
0.052,0.010,0.013,20.614,214711.469,7.567,68.000
0.052,0.018,0.011,20.621,208905.438,7.939,68.000
0.051,0.001,0.019,22.400,188245.312,3.067,68.000
0.049,0.011,0.013,20.593,237531.500,8.367,68.000
0.052,0.025,0.013,23.092,217109.406,6.423,68.000
0.044,0.001,0.005,20.931,141715.312,1.757,68.000
0.056,0.001,0.019,22.162,169726.219,2.203,68.000
0.050,0.001,0.004,25.309,39047.398,0.937,68.000
0.052,0.014,0.011,20.505,197196.688,6.935,68.000
0.100,0.013,0.013,19.524,64996.023,11.121,68.000
0.048,0.026,0.011,19.456,237071.812,10.506,68.000
0.051,0.000,0.011,29.495,71410.102,2.112,68.000
0.042,0.001,0.007,20.174,117960.977,1.560,68.000
0.052,0.007,0.011,19.852,255622.625,6.922,68.000
0.050,0.025,0.010,19.968,220217.938,8.978,68.000
0.052,0.009,0.013,20.631,224777.250,7.676,68.000
0.049,0.001,0.010,27.137,179932.938,3.157,68.000
0.049,0.004,0.011,21.591,289066.500,6.572,68.000
0.048,0.014,0.014,19.722,224155.750,7.090,68.000
0.057,0.001,0.018,20.563,184092.031,1.660,68.000
0.056,0.000,0.017,25.224,11037.227,-0.666,68.000
0.049,0.023,0.013,22.126,234269.281,8.383,68.000
0.040,0.001,0.014,17.559,133790.438,2.678,68.000
0.041,0.000,0.017,22.044,1294.516,0.758,68.000
0.050,0.025,0.012,22.173,231013.312,8.231,68.000
0.052,0.001,0.007,27.358,92498.211,2.116,68.000
0.054,0.001,0.018,24.251,119281.508,0.974,68.000
0.044,0.000,0.020,22.379,6654.000,0.212,68.000
0.050,0.001,0.007,23.704,210928.906,3.559,68.000
0.042,0.001,0.010,21.552,156249.625,1.691,68.000
0.051,0.018,0.013,21.982,229075.562,6.814,68.000
0.051,0.024,0.014,23.823,230621.469,7.655,68.000
0.056,0.001,0.011,22.798,219898.969,4.126,68.000
0.058,0.001,0.008,25.876,-2396.539,1.131,68.000
0.049,0.008,0.012,22.440,279349.500,8.732,68.000
0.053,0.002,0.011,23.290,258881.594,4.665,68.000
0.051,0.003,0.013,23.007,227328.125,4.908,68.000
0.051,0.018,0.012,20.594,218700.625,7.613,68.000
0.052,0.000,0.009,30.496,-9380.797,2.788,68.000
0.044,0.001,0.020,21.740,159379.312,2.081,68.000
0.057,0.000,0.012,26.198,37217.820,2.031,68.000
0.051,0.002,0.014,23.968,209467.781,4.103,68.000
0.049,0.001,0.002,20.055,207131.031,1.916,68.000
0.048,0.003,0.011,22.345,269880.969,5.532,68.000
0.049,0.007,0.012,22.894,290724.531,8.250,68.000
0.048,0.027,0.012,20.376,224274.188,8.281,68.000
0.052,0.001,0.005,23.213,175948.281,2.547,68.000
0.056,0.001,0.004,19.114,214891.375,2.770,68.000
0.046,0.001,0.019,21.574,176619.500,2.576,68.000
0.055,0.002,0.008,22.364,209168.094,3.592,68.000
0.044,0.001,0.012,21.479,230617.812,3.036,68.000
0.049,0.021,0.011,20.189,225265.688,9.462,68.000
0.049,0.007,0.013,22.414,264572.250,7.954,68.000
0.051,0.007,0.011,20.740,272620.812,7.691,68.000
0.052,0.000,0.007,25.369,52382.117,3.897,68.000
0.100,0.011,0.012,20.380,26037.953,12.271,68.000
0.045,0.002,0.017,22.418,172985.406,2.766,68.000
0.049,0.014,0.011,19.886,242733.844,8.741,68.000
0.053,0.002,0.012,23.797,251184.656,4.694,68.000
0.048,0.000,0.017,27.208,-2074.031,-1.022,68.000
0.042,0.001,0.018,20.412,94428.820,1.238,68.000
0.050,0.009,0.011,20.738,256801.531,8.731,68.000
0.052,0.003,0.011,22.346,264222.375,5.024,68.000
0.047,0.000,0.008,26.851,76611.836,0.193,68.000
0.055,0.001,0.009,22.848,216529.594,3.851,68.000
0.098,0.010,0.013,21.210,202254.094,6.022,68.000
0.055,0.001,0.015,27.294,72616.508,-0.021,68.000
0.049,0.025,0.011,19.104,221163.469,9.514,68.000
0.050,0.001,0.004,26.227,81833.398,1.809,68.000
0.050,0.010,0.010,20.220,240238.938,7.844,68.000
0.050,0.010,0.010,20.405,235199.156,7.775,68.000
0.051,0.016,0.011,20.671,216918.344,7.901,68.000
0.002,0.013,0.012,21.188,199169.656,7.429,68.000
0.053,0.001,0.005,22.207,140661.000,1.696,68.000
0.052,0.026,0.011,21.878,219728.312,6.958,68.000
0.046,0.001,0.021,21.008,162362.875,2.531,68.000
0.055,0.001,0.010,22.428,224356.375,4.026,68.000
0.055,0.001,0.013,23.233,182195.625,3.383,68.000
0.049,0.025,0.010,19.100,223703.406,9.603,68.000
0.045,0.000,0.005,23.434,5858.250,0.458,68.000
0.001,0.010,0.012,21.147,179612.906,7.933,68.000
0.057,0.001,0.017,20.801,199435.125,1.335,68.000
0.043,0.001,0.005,18.662,145569.719,1.629,68.000
0.052,0.002,0.012,23.145,259201.625,4.902,68.000
0.049,0.009,0.012,21.844,272946.219,8.953,68.000
0.047,0.002,0.013,23.111,254093.938,4.903,68.000
0.049,0.017,0.011,19.766,225231.844,9.291,68.000
0.048,0.025,0.012,20.006,230065.438,10.221,68.000
0.054,0.001,0.020,21.870,181499.438,2.837,68.000
0.060,0.000,0.009,18.249,54227.227,1.529,68.000
0.043,0.001,0.018,21.733,138719.875,1.852,68.000
0.051,0.019,0.010,20.446,211202.281,8.264,68.000
0.049,0.015,0.011,19.985,237797.281,9.071,68.000
0.051,0.014,0.012,21.869,221720.094,7.271,68.000
0.051,0.004,0.012,22.025,258508.938,5.798,68.000
0.050,0.011,0.011,20.452,229145.094,8.285,68.000
0.049,0.000,0.006,26.393,12970.859,0.965,68.000
0.048,0.019,0.013,21.175,257547.500,8.406,68.000
0.045,0.000,0.010,27.857,-9776.812,0.026,68.000
0.048,0.001,0.007,22.195,221938.344,3.134,68.000
0.042,0.001,0.014,23.006,102362.805,1.681,68.000
0.055,0.002,0.018,21.392,194316.438,2.224,68.000
0.049,0.007,0.012,23.078,282658.281,8.171,68.000
0.044,0.000,0.010,26.791,-38708.664,2.227,68.000
0.046,0.001,0.007,23.743,179666.000,2.559,68.000
0.047,0.001,0.016,27.601,108898.273,1.022,68.000
0.048,0.001,0.009,23.681,256659.406,3.985,68.000
0.050,0.007,0.010,19.784,284051.594,7.959,68.000
0.057,0.000,0.017,23.125,33463.242,1.522,68.000
0.043,0.000,0.012,25.375,77824.539,-0.058,68.000
0.043,0.000,0.007,22.486,-46889.633,-0.236,68.000
0.058,0.000,0.014,23.930,54524.633,1.694,68.000
0.060,0.001,0.010,24.091,48468.586,0.981,68.000
0.046,0.001,0.020,20.791,162488.812,2.460,68.000
0.053,0.001,0.020,22.808,159189.812,2.483,68.000
0.045,0.000,0.012,28.068,53144.367,-0.313,68.000
0.051,0.026,0.010,21.164,228379.312,7.867,68.000
0.052,0.006,0.013,20.893,222878.094,6.122,68.000
0.046,0.000,0.011,26.718,59296.148,-0.327,68.000
0.058,0.000,0.006,23.655,-6982.555,1.724,68.000
0.055,0.001,0.006,24.917,71704.148,1.057,68.000
0.051,0.019,0.011,21.062,215567.094,8.359,68.000
0.050,0.009,0.012,20.982,253646.656,8.712,68.000
0.048,0.000,0.011,32.211,-16636.367,2.223,68.000
0.051,0.025,0.014,23.716,230638.781,7.786,68.000
0.051,0.018,0.012,21.153,220424.938,7.459,68.000
0.041,0.000,0.008,21.380,-25642.539,-1.129,68.000
0.044,0.000,0.019,21.719,-67179.891,-4.478,68.000
0.045,0.001,0.021,23.376,74791.227,0.637,68.000
0.042,0.001,0.007,21.728,102583.461,1.580,68.000
0.050,0.000,0.014,32.969,-8706.273,-0.368,68.000
0.046,0.000,0.005,25.183,4700.664,0.871,68.000
0.049,0.001,0.008,23.306,246371.250,4.115,68.000
0.051,0.006,0.014,20.484,225871.469,6.644,68.000
0.048,0.020,0.012,19.551,239343.219,9.464,68.000
0.045,0.001,0.011,21.653,251427.750,3.394,68.000
0.047,0.002,0.012,22.738,255225.969,4.735,68.000
0.050,0.000,0.021,21.095,61319.492,1.773,68.000
0.049,0.008,0.012,22.330,283398.594,8.849,68.000
0.050,0.015,0.014,20.150,220063.000,6.547,68.000
0.050,0.023,0.014,23.341,233506.812,7.646,68.000
0.047,0.000,0.002,22.532,42925.102,0.207,68.000
0.060,0.000,0.013,21.226,76514.227,0.699,68.000
0.050,0.010,0.013,20.688,238920.406,8.344,68.000
0.058,0.001,0.011,21.709,179373.438,3.089,68.000
0.001,0.012,0.012,21.189,201456.188,7.672,68.000
0.050,0.025,0.011,21.472,223665.688,8.355,68.000
0.049,0.001,0.017,26.014,176401.406,1.792,68.000
0.040,0.001,0.009,20.773,95259.742,0.634,68.000
0.048,0.001,0.017,23.429,197410.219,2.744,68.000
0.050,0.007,0.012,21.887,281762.062,8.498,68.000
0.054,0.000,0.017,24.694,-7961.102,-1.475,68.000
0.047,0.001,0.011,22.019,258514.281,3.962,68.000
0.053,0.002,0.016,22.752,211863.469,2.952,68.000
0.049,0.021,0.012,20.422,235902.594,9.228,68.000
0.050,0.024,0.010,19.415,218717.750,9.028,68.000
0.052,0.025,0.012,22.521,225767.750,7.097,68.000
0.054,0.001,0.013,23.741,206880.719,3.855,68.000
0.049,0.003,0.011,21.727,277725.750,6.052,68.000
0.045,0.001,0.011,25.999,176584.406,2.338,68.000
0.050,0.005,0.014,21.869,222814.656,6.090,68.000
0.052,0.001,0.018,27.315,86405.352,0.752,68.000
0.001,0.012,0.013,21.047,213153.438,7.849,68.000
0.055,0.001,0.020,24.962,50736.992,0.776,68.000
0.055,0.001,0.013,26.461,185201.250,3.272,68.000
0.042,0.001,0.008,20.660,125769.445,1.064,68.000
0.044,0.000,0.010,25.528,38607.070,-0.506,68.000
0.046,0.002,0.011,21.677,254985.094,3.731,68.000
0.057,0.001,0.015,22.350,188764.938,1.083,68.000
0.052,0.000,0.005,26.533,-37818.289,1.730,68.000
0.049,0.001,0.018,24.741,132885.469,1.179,68.000
0.054,0.001,0.008,26.472,140630.562,3.087,68.000
0.048,0.001,0.016,23.781,195668.375,2.999,68.000
0.051,0.008,0.014,19.767,241005.062,7.720,68.000
0.098,0.012,0.013,21.065,212964.156,6.549,68.000
0.097,0.011,0.012,20.721,201620.844,6.406,68.000
0.049,0.007,0.014,20.784,237329.344,7.327,68.000
0.050,0.012,0.014,19.699,227015.531,7.537,68.000
0.050,0.007,0.013,22.514,264483.156,8.190,68.000
0.051,0.005,0.012,21.905,259241.500,6.184,68.000
0.053,0.001,0.018,22.606,197044.125,2.516,68.000
0.053,0.000,0.002,23.706,42221.180,0.813,68.000
0.051,0.025,0.010,20.903,223790.188,8.118,68.000
0.043,0.001,0.012,22.651,202088.875,2.666,68.000
0.049,0.007,0.014,20.990,246115.344,7.794,68.000
0.097,0.012,0.011,20.968,203073.031,6.545,68.000
0.052,0.026,0.011,22.096,220989.188,7.145,68.000
0.048,0.007,0.014,21.633,257458.156,8.124,68.000
0.047,0.002,0.009,23.166,249468.750,4.018,68.000
0.051,0.004,0.011,21.129,279819.625,5.977,68.000
0.041,0.001,0.017,20.857,36578.508,0.265,68.000
0.047,0.000,0.012,27.811,43105.586,-0.066,68.000
0.046,0.001,0.012,21.810,256948.281,4.109,68.000
0.044,0.001,0.021,20.885,146610.750,2.019,68.000
0.001,0.013,0.012,21.007,214346.062,7.683,68.000
0.049,0.015,0.010,19.748,227631.594,8.745,68.000
0.050,0.017,0.010,19.689,217859.906,8.951,68.000
0.047,0.001,0.007,23.529,195442.281,2.968,68.000
0.050,0.011,0.010,20.028,228567.219,7.319,68.000
0.049,0.003,0.012,23.183,271323.375,5.879,68.000
0.044,0.000,0.018,22.673,60842.102,-0.133,68.000
0.049,0.017,0.012,19.435,233200.656,8.200,68.000
0.049,0.009,0.014,19.276,236789.156,7.614,68.000
0.099,0.012,0.011,25.352,164336.812,7.306,68.000
0.049,0.019,0.010,19.812,217733.375,9.603,68.000
0.049,0.026,0.011,18.930,231711.656,9.648,68.000
0.054,0.001,0.004,20.395,202755.656,2.612,68.000
0.052,0.026,0.010,20.583,229039.406,7.628,68.000
0.051,0.013,0.014,20.362,215747.625,7.144,68.000
0.050,0.016,0.013,20.226,226717.062,7.479,68.000
0.051,0.002,0.010,23.111,268663.969,4.981,68.000
0.049,0.000,0.021,20.274,23364.180,0.420,68.000
0.052,0.020,0.011,21.411,211899.312,7.673,68.000
0.055,0.001,0.013,23.578,193512.844,3.579,68.000
0.050,0.020,0.012,20.974,230617.906,8.243,68.000
0.098,0.010,0.012,21.206,204509.031,6.243,68.000
0.050,0.014,0.011,19.977,234117.594,8.299,68.000
0.046,0.002,0.011,21.516,253753.906,3.706,68.000
0.040,0.001,0.010,20.697,93955.680,0.774,68.000
0.049,0.026,0.013,21.647,234120.344,8.731,68.000
0.052,0.001,0.010,30.778,112677.867,2.641,68.000
0.050,0.013,0.013,20.731,222478.875,7.404,68.000
0.054,0.000,0.003,22.665,24104.312,0.228,68.000
0.042,0.001,0.007,22.323,53245.508,1.278,68.000
0.046,0.001,0.005,22.164,150989.562,1.898,68.000
0.051,0.009,0.010,19.228,239714.500,7.118,68.000
0.055,0.000,0.014,26.145,-18124.461,0.189,68.000
0.050,0.022,0.014,23.268,239408.344,7.451,68.000
0.057,0.001,0.014,23.897,173076.750,1.553,68.000
0.059,0.001,0.010,21.733,156332.875,2.846,68.000
0.052,0.001,0.008,27.373,126804.023,2.661,68.000
0.046,0.001,0.020,21.739,170094.562,2.424,68.000
0.042,0.001,0.007,20.512,112241.227,1.563,68.000
0.059,0.000,0.015,21.309,32700.242,2.803,68.000
0.049,0.001,0.015,25.424,198333.125,2.908,68.000
0.056,0.001,0.015,22.385,195392.938,1.130,68.000
0.057,0.001,0.015,20.597,185891.375,1.356,68.000
0.052,0.012,0.013,21.794,202860.312,6.908,68.000
0.044,0.001,0.004,18.873,146643.750,1.291,68.000
0.057,0.001,0.011,26.983,66139.398,1.736,68.000
0.053,0.000,0.019,22.934,80307.461,1.851,68.000
0.048,0.005,0.010,21.525,270165.531,6.249,68.000
0.049,0.004,0.014,22.963,221041.531,5.679,68.000
0.045,0.000,0.022,22.349,-13257.531,-0.344,68.000
0.052,0.000,0.011,30.207,26145.062,2.516,68.000
0.051,0.020,0.014,22.802,241086.125,6.706,68.000
0.049,0.026,0.012,20.670,236553.594,9.619,68.000
0.054,0.002,0.014,23.240,182708.594,2.392,68.000
0.045,0.001,0.017,24.274,79140.305,0.221,68.000
0.051,0.010,0.013,20.713,236038.312,8.152,68.000
0.051,0.015,0.012,22.000,207521.188,6.877,68.000
0.050,0.018,0.013,20.673,232433.031,7.564,68.000
0.044,0.001,0.014,21.200,208767.656,3.904,68.000
0.048,0.027,0.010,17.864,200571.438,8.041,68.000
0.051,0.024,0.011,21.726,217173.656,7.741,68.000
0.051,0.013,0.013,21.701,217928.594,7.413,68.000
0.049,0.010,0.010,21.099,241589.812,8.191,68.000
0.050,0.000,0.006,25.828,56706.477,1.631,68.000
0.041,0.001,0.014,18.888,145167.719,2.591,68.000
0.049,0.012,0.013,20.597,235939.719,8.114,68.000
0.051,0.022,0.012,21.879,221933.938,8.235,68.000
0.055,0.001,0.014,22.761,183351.156,2.312,68.000
0.054,0.001,0.014,23.298,182953.156,2.351,68.000
0.051,0.009,0.013,21.113,237705.094,8.111,68.000
0.051,0.012,0.011,20.237,218356.344,7.807,68.000
0.051,0.001,0.019,24.343,130877.320,1.778,68.000
0.042,0.001,0.011,21.291,176793.500,2.103,68.000
0.046,0.001,0.005,22.547,110067.945,1.500,68.000
0.050,0.014,0.012,20.594,241967.344,8.501,68.000
0.048,0.001,0.009,30.173,82337.758,2.359,68.000
0.048,0.007,0.012,22.661,289088.594,8.182,68.000
0.050,0.011,0.011,20.528,228176.969,8.048,68.000
0.048,0.006,0.012,22.417,295763.500,7.673,68.000
0.052,0.005,0.010,20.342,267484.594,5.935,68.000
0.052,0.010,0.010,19.681,211782.531,7.076,68.000
0.040,0.001,0.015,16.579,110710.820,2.289,68.000
0.050,0.015,0.013,20.970,216804.594,6.724,68.000
0.050,0.000,0.011,31.662,82827.320,6.067,68.000
0.059,0.001,0.014,20.821,145999.375,0.144,68.000
0.057,0.000,0.017,23.678,47992.570,0.196,68.000
0.052,0.014,0.011,20.501,197697.969,6.910,68.000
0.050,0.001,0.005,24.834,89340.523,1.411,68.000
0.051,0.025,0.013,22.967,228173.500,7.523,68.000
0.047,0.001,0.009,27.342,223451.562,3.509,68.000
0.043,0.000,0.010,24.237,51545.242,-0.799,68.000
0.052,0.001,0.006,20.765,219328.531,2.501,68.000
0.045,0.001,0.016,26.755,64418.930,0.684,68.000
0.053,0.002,0.013,24.396,217133.250,4.389,68.000
0.048,0.026,0.011,19.068,235545.719,9.919,68.000
0.050,0.000,0.020,22.260,67744.148,1.604,68.000
0.055,0.000,0.020,22.293,42626.070,3.077,68.000
0.058,0.000,0.015,19.965,126740.289,0.640,68.000
0.058,0.001,0.012,25.843,72145.695,1.145,68.000
0.043,0.001,0.012,21.728,216648.188,3.387,68.000
0.049,0.004,0.010,21.464,270748.906,5.448,68.000
0.051,0.027,0.011,15.927,261801.094,8.729,68.000
0.049,0.001,0.009,30.867,76101.227,1.951,68.000
0.051,0.001,0.022,20.952,183217.156,2.984,68.000
0.048,0.003,0.012,22.516,272815.688,5.548,68.000
0.041,0.001,0.013,20.399,137193.594,2.430,68.000
0.100,0.012,0.011,18.765,-62809.859,11.438,68.000
0.050,0.001,0.005,24.008,144376.344,2.219,68.000
0.048,0.016,0.012,19.093,237572.969,8.737,68.000
0.049,0.016,0.011,20.008,233698.281,9.278,68.000
0.057,0.000,0.018,23.054,24750.266,0.630,68.000
0.051,0.013,0.012,21.175,212370.531,7.303,68.000
0.059,0.000,0.013,24.363,25686.227,-0.553,68.000
0.043,0.001,0.007,22.518,110509.148,1.560,68.000
0.052,0.023,0.013,22.947,223773.438,6.961,68.000
0.051,0.007,0.009,19.198,269840.594,6.759,68.000
0.053,0.000,0.009,28.110,31942.352,1.625,68.000
0.049,0.005,0.010,21.065,271598.688,6.538,68.000
0.041,0.001,0.010,26.666,8202.938,0.183,68.000
0.043,0.002,0.014,19.271,196201.812,3.602,68.000
0.050,0.024,0.014,23.336,232327.438,8.034,68.000
0.043,0.001,0.013,24.568,145411.094,2.227,68.000
0.050,0.018,0.014,22.153,241525.625,7.206,68.000
0.041,0.001,0.019,20.237,113256.852,0.930,68.000
0.051,0.004,0.013,22.186,253344.969,5.961,68.000
0.060,0.001,0.014,21.416,135526.938,-0.024,68.000
0.048,0.003,0.013,23.162,264105.031,6.194,68.000
0.051,0.017,0.014,21.657,227288.500,6.466,68.000
0.050,0.012,0.012,20.141,239510.062,8.669,68.000
0.049,0.019,0.011,19.872,222590.375,9.137,68.000
0.048,0.019,0.012,18.945,242959.875,9.613,68.000
0.047,0.001,0.011,24.834,246964.719,3.717,68.000
0.056,0.000,0.004,20.908,101698.055,1.963,68.000
0.050,0.020,0.010,20.393,214786.750,9.280,68.000
0.051,0.006,0.014,20.974,231403.188,6.746,68.000
0.052,0.002,0.016,23.351,213524.406,3.080,68.000
0.041,0.001,0.007,21.036,60433.336,1.280,68.000
0.049,0.000,0.007,27.514,7901.117,1.119,68.000
0.045,0.001,0.022,22.727,47740.914,0.348,68.000
0.041,0.001,0.015,17.585,146510.875,2.756,68.000
0.046,0.001,0.008,23.135,229229.969,3.420,68.000
0.050,0.008,0.014,20.372,247439.531,7.836,68.000
0.049,0.002,0.010,22.925,275812.156,5.212,68.000
0.051,0.010,0.013,20.582,230137.688,8.181,68.000
0.055,0.002,0.013,23.398,176468.094,3.144,68.000
0.055,0.001,0.005,23.075,111796.742,1.437,68.000
0.052,0.010,0.013,20.473,204201.625,7.280,68.000
0.098,0.013,0.011,21.653,211456.312,7.917,68.000
0.053,0.000,0.009,30.257,5628.094,0.492,68.000
0.045,0.001,0.015,22.198,181579.094,2.891,68.000
0.051,0.017,0.014,21.672,235138.094,6.668,68.000
0.051,0.009,0.012,20.749,244765.188,8.249,68.000
0.049,0.012,0.012,19.855,246543.500,8.853,68.000
0.046,0.001,0.013,24.848,223508.375,3.986,68.000
0.051,0.024,0.010,21.112,218525.938,8.075,68.000
0.050,0.000,0.017,28.364,-950.766,-1.065,68.000
0.054,0.001,0.015,25.197,188133.500,1.952,68.000
0.043,0.000,0.009,23.207,80743.539,-0.639,68.000
0.056,0.000,0.019,22.135,-10678.312,-0.369,68.000
0.051,0.022,0.012,21.988,227404.250,7.715,68.000
0.049,0.026,0.011,19.831,235499.469,9.152,68.000
0.051,0.004,0.012,21.914,258993.219,5.956,68.000
0.046,0.000,0.022,18.533,46869.523,1.319,68.000
0.048,0.019,0.013,20.002,250921.938,9.026,68.000
0.057,0.001,0.010,28.382,29181.258,2.128,68.000
0.040,0.001,0.015,16.395,114648.039,2.324,68.000
0.052,0.012,0.011,19.966,198453.625,7.049,68.000
0.055,0.001,0.004,23.852,26226.141,-0.026,68.000
0.052,0.004,0.011,20.794,269149.375,5.301,68.000
0.050,0.016,0.010,19.965,217537.219,8.452,68.000
0.050,0.024,0.014,23.374,232733.469,7.815,68.000
0.056,0.000,0.020,23.171,4094.570,1.405,68.000
0.042,0.000,0.005,21.559,31271.492,1.682,68.000
0.041,0.001,0.010,20.744,119196.273,1.166,68.000
0.047,0.001,0.020,21.067,170175.031,2.654,68.000
0.047,0.000,0.007,26.974,41722.086,0.375,68.000
0.047,0.002,0.012,22.957,258267.062,4.882,68.000
0.054,0.001,0.012,25.633,235928.062,4.467,68.000
0.059,0.001,0.007,24.859,-3813.133,0.716,68.000
0.058,0.000,0.010,20.514,114267.086,4.728,68.000
0.050,0.008,0.013,21.533,256558.594,8.320,68.000
0.049,0.015,0.014,20.383,225708.219,6.831,68.000
0.056,0.000,0.019,22.356,13990.977,-3.516,68.000
0.050,0.001,0.014,30.633,138885.562,2.205,68.000
0.051,0.025,0.013,23.445,228565.719,7.604,68.000
0.050,0.001,0.013,27.398,238721.469,4.362,68.000
0.051,0.011,0.011,20.315,214543.531,7.750,68.000
0.048,0.008,0.012,21.813,283387.625,8.894,68.000
0.049,0.009,0.011,21.105,271857.688,8.819,68.000
0.055,0.001,0.007,22.037,204602.219,3.213,68.000
0.049,0.008,0.010,19.793,260548.844,7.640,68.000
0.052,0.003,0.012,22.722,237717.531,4.975,68.000
0.053,0.001,0.005,20.257,219994.469,2.627,68.000
0.051,0.018,0.012,21.062,213282.188,7.484,68.000
0.042,0.000,0.010,21.854,23822.844,-1.685,68.000
0.051,0.026,0.014,24.223,229048.688,7.615,68.000
0.054,0.001,0.009,24.011,208862.375,3.957,68.000
0.046,0.001,0.021,21.838,164997.156,2.562,68.000
0.049,0.001,0.016,24.064,197863.625,3.013,68.000
0.054,0.002,0.011,22.636,243673.562,4.462,68.000
0.057,0.002,0.012,22.233,188257.281,3.252,68.000
0.044,0.001,0.019,21.417,154358.875,2.083,68.000
0.099,0.011,0.012,26.351,113050.945,5.533,68.000
0.049,0.003,0.010,22.012,272339.875,5.454,68.000
0.058,0.000,0.005,22.754,-14538.281,3.010,68.000
0.050,0.001,0.010,25.769,262383.344,4.481,68.000
0.053,0.001,0.019,22.065,190984.656,2.909,68.000
0.050,0.018,0.010,19.736,214749.750,9.272,68.000
0.051,0.010,0.011,20.356,218782.438,7.997,68.000
0.002,0.013,0.014,21.052,222601.281,7.539,68.000
0.044,0.000,0.013,27.799,34358.961,1.062,68.000
0.050,0.015,0.014,20.407,220050.406,6.504,68.000
0.050,0.027,0.013,21.523,228125.625,8.221,68.000
0.059,0.000,0.012,23.770,37569.711,1.911,68.000
0.043,0.001,0.017,21.398,125664.961,1.872,68.000
0.050,0.010,0.014,20.159,237761.719,8.133,68.000
0.058,0.001,0.007,20.416,180091.781,2.602,68.000
0.051,0.000,0.017,26.843,41430.242,0.372,68.000
0.055,0.001,0.007,21.568,200686.688,2.766,68.000
0.055,0.001,0.014,23.337,178660.469,2.597,68.000
0.051,0.001,0.005,24.794,68764.648,0.998,68.000
0.053,0.002,0.015,23.875,186669.750,2.224,68.000
0.045,0.001,0.020,21.695,161444.312,2.233,68.000
0.051,0.011,0.012,20.390,218485.094,7.970,68.000
0.052,0.008,0.012,20.736,223397.812,7.233,68.000
0.060,0.001,0.008,19.477,163051.938,2.168,68.000
0.047,0.002,0.013,22.936,249398.625,4.893,68.000
0.050,0.005,0.013,22.786,245855.500,6.028,68.000
0.041,0.000,0.010,24.589,-33528.797,-0.640,68.000
0.044,0.000,0.017,23.047,57571.227,-0.078,68.000
0.052,0.001,0.016,24.381,213777.000,2.476,68.000
0.050,0.008,0.011,20.935,280857.125,8.821,68.000
0.059,0.000,0.017,19.713,88047.258,2.970,68.000
0.057,0.001,0.020,24.322,73601.055,0.645,68.000
0.050,0.010,0.012,20.811,240329.469,8.395,68.000
0.099,0.010,0.012,21.423,207856.844,6.314,68.000
0.051,0.025,0.010,21.196,224972.500,7.848,68.000
0.048,0.001,0.003,21.030,188953.531,1.764,68.000
0.049,0.011,0.014,20.100,234419.719,8.046,68.000
0.044,0.001,0.010,23.647,203730.812,2.547,68.000
0.042,0.001,0.014,20.641,161053.125,2.828,68.000
0.051,0.003,0.014,22.882,217247.781,4.782,68.000
0.049,0.001,0.007,24.135,210993.594,3.486,68.000
0.044,0.002,0.015,20.378,191273.094,3.425,68.000
0.055,0.000,0.013,29.132,7261.539,1.177,68.000
0.052,0.000,0.005,24.120,102870.477,1.958,68.000
0.046,0.001,0.009,24.653,229137.469,3.380,68.000
0.050,0.000,0.017,26.409,544.188,-1.011,68.000
0.051,0.000,0.014,33.494,-12281.344,2.874,68.000
0.048,0.025,0.012,20.558,228136.344,10.089,68.000
0.042,0.000,0.010,24.617,-48966.688,-0.541,68.000
0.052,0.001,0.019,22.370,191096.406,2.933,68.000
0.050,0.015,0.014,20.087,224737.875,6.421,68.000
0.055,0.001,0.002,22.089,140617.375,2.010,68.000
0.049,0.016,0.012,19.590,228185.062,7.999,68.000
0.042,0.000,0.014,25.088,34051.977,0.796,68.000
0.051,0.001,0.002,20.087,195797.094,1.972,68.000
0.048,0.001,0.015,27.374,143689.406,1.544,68.000
0.050,0.008,0.010,19.476,262478.312,7.541,68.000
0.050,0.000,0.011,28.846,71178.930,1.707,68.000
0.052,0.010,0.011,19.558,207804.406,7.017,68.000
0.055,0.001,0.013,27.983,73005.070,0.979,68.000
0.050,0.020,0.012,20.453,223659.750,8.548,68.000
0.049,0.007,0.014,21.710,253242.656,8.000,68.000
0.050,0.001,0.018,24.172,196825.719,2.393,68.000
0.051,0.001,0.019,22.531,192417.562,2.868,68.000
0.047,0.000,0.004,23.606,31444.180,0.835,68.000
0.052,0.016,0.011,21.111,204209.219,6.978,68.000
0.056,0.001,0.004,17.643,237543.719,2.565,68.000
0.054,0.000,0.005,23.721,35247.070,2.706,68.000
0.052,0.003,0.014,22.631,206885.562,4.182,68.000
0.049,0.024,0.014,22.388,234634.469,8.641,68.000
0.051,0.008,0.014,19.315,234139.062,7.171,68.000
0.048,0.022,0.013,21.333,246183.969,9.353,68.000
0.051,0.012,0.011,20.051,212245.875,7.542,68.000
0.050,0.026,0.014,23.812,234605.875,8.091,68.000
0.050,0.013,0.014,20.130,220569.031,7.272,68.000
0.046,0.001,0.005,20.412,189469.844,1.877,68.000
0.043,0.001,0.014,18.785,186571.344,3.332,68.000
0.051,0.016,0.011,20.986,210378.625,7.545,68.000
0.055,0.002,0.009,22.465,233129.750,4.122,68.000
0.050,0.018,0.010,19.840,214410.281,9.155,68.000
0.050,0.013,0.011,20.138,229993.219,8.013,68.000
0.048,0.001,0.022,20.939,111075.492,1.606,68.000
0.049,0.020,0.014,22.386,259019.344,7.737,68.000
0.048,0.020,0.011,19.733,228996.094,9.815,68.000
0.053,0.001,0.015,24.444,193812.594,1.959,68.000
0.057,0.002,0.011,22.082,197447.438,3.443,68.000
0.047,0.001,0.012,30.418,108210.367,1.907,68.000
0.057,0.000,0.014,25.114,-65749.797,1.344,68.000
0.050,0.023,0.010,19.823,219945.906,9.091,68.000
0.049,0.024,0.014,22.966,233787.031,8.302,68.000
0.050,0.012,0.010,20.294,220467.312,7.685,68.000
0.043,0.000,0.006,20.656,-21225.531,1.429,68.000
0.048,0.009,0.011,21.199,255618.812,8.506,68.000
0.055,0.002,0.014,23.071,179472.375,2.805,68.000
0.049,0.012,0.012,20.170,247376.531,8.962,68.000
0.050,0.017,0.011,20.526,220355.219,8.435,68.000
0.042,0.000,0.005,19.088,31307.273,-0.132,68.000
0.048,0.005,0.011,21.896,278138.750,6.552,68.000
0.048,0.001,0.007,23.654,211649.094,3.193,68.000
0.048,0.010,0.011,20.931,247384.250,8.733,68.000
0.045,0.001,0.016,22.882,171471.438,2.544,68.000
0.057,0.001,0.019,20.806,168325.094,1.331,68.000
0.049,0.006,0.013,23.007,267506.719,7.799,68.000
0.050,0.012,0.011,20.116,224787.469,7.892,68.000
0.054,0.001,0.012,28.640,134708.906,2.503,68.000
0.053,0.000,0.007,25.240,32414.164,3.009,68.000
0.055,0.000,0.007,26.261,-7884.281,2.412,68.000
0.053,0.000,0.011,30.180,5362.750,2.275,68.000
0.051,0.001,0.009,23.509,264569.062,4.804,68.000
0.048,0.003,0.013,23.259,245965.594,5.829,68.000
0.050,0.001,0.019,22.467,189172.438,2.724,68.000
0.051,0.005,0.014,21.419,222726.375,6.075,68.000
0.048,0.001,0.008,22.954,237714.625,3.696,68.000
0.052,0.000,0.018,25.532,11757.375,-3.676,68.000
0.054,0.001,0.019,22.348,184008.781,2.595,68.000
0.051,0.003,0.011,21.781,279149.438,5.733,68.000
0.053,0.002,0.014,23.721,191404.531,3.240,68.000
0.059,0.000,0.016,18.316,133639.688,0.307,68.000
0.048,0.020,0.011,19.410,228196.188,9.814,68.000
0.050,0.026,0.010,19.404,229569.094,8.685,68.000
0.059,0.001,0.010,23.353,132376.781,2.907,68.000
0.051,0.018,0.011,20.773,213305.281,7.866,68.000
0.050,0.022,0.014,23.026,241461.188,7.356,68.000
0.052,0.019,0.012,21.965,217514.438,7.211,68.000
0.047,0.002,0.012,22.110,262794.781,4.687,68.000
0.049,0.005,0.015,21.949,219494.281,6.077,68.000
0.051,0.022,0.012,22.036,228264.500,7.755,68.000
0.050,0.005,0.013,22.520,242306.375,6.486,68.000
0.056,0.000,0.020,21.569,-8944.336,-4.162,68.000
0.049,0.005,0.011,21.660,283218.969,6.804,68.000
0.050,0.022,0.013,22.147,236808.375,7.878,68.000
0.053,0.000,0.010,33.081,-36038.047,1.573,68.000
0.051,0.001,0.014,28.987,131548.406,1.908,68.000
0.048,0.010,0.011,20.856,244427.906,8.613,68.000
0.049,0.022,0.013,22.455,244624.906,7.855,68.000
0.051,0.008,0.010,18.965,264560.625,7.271,68.000
0.051,0.008,0.015,18.434,236655.781,7.112,68.000
0.044,0.001,0.019,22.494,105078.055,1.165,68.000
0.048,0.001,0.014,28.197,142850.969,2.061,68.000
0.051,0.009,0.012,21.250,247092.719,8.196,68.000
0.051,0.001,0.009,23.409,259400.938,4.624,68.000
0.050,0.017,0.012,20.246,220980.625,8.189,68.000
0.057,0.001,0.010,21.438,207857.094,3.587,68.000
0.052,0.001,0.004,21.133,207539.125,2.591,68.000
0.050,0.022,0.010,20.163,218538.938,8.980,68.000
0.049,0.009,0.014,20.604,247051.906,8.199,68.000
0.052,0.019,0.012,22.087,211225.906,6.753,68.000
0.052,0.009,0.013,20.456,234779.750,7.792,68.000
0.049,0.022,0.013,21.944,238126.875,8.519,68.000
0.041,0.001,0.007,19.440,109593.617,1.368,68.000
0.049,0.025,0.012,20.701,228873.312,9.698,68.000
0.053,0.000,0.018,23.983,-376.219,0.975,68.000
0.051,0.013,0.011,20.073,205871.938,7.226,68.000
0.050,0.016,0.014,21.295,224777.750,6.514,68.000
0.052,0.002,0.013,23.305,215688.250,4.167,68.000
0.057,0.001,0.012,27.763,82291.836,1.880,68.000
0.053,0.001,0.010,30.327,123412.852,3.198,68.000
0.059,0.001,0.014,22.559,144067.094,0.155,68.000
0.045,0.000,0.005,24.792,28764.836,0.722,68.000
0.045,0.001,0.009,23.166,227989.156,3.165,68.000
0.049,0.017,0.014,21.161,240081.656,7.523,68.000
0.056,0.000,0.007,23.810,-13937.055,1.043,68.000
0.047,0.001,0.011,22.095,259386.906,4.022,68.000
0.049,0.009,0.013,21.039,251739.344,8.528,68.000
0.057,0.001,0.016,21.279,195897.344,1.234,68.000
0.056,0.001,0.021,21.948,155929.469,2.824,68.000
0.049,0.000,0.013,33.272,-36198.773,-1.454,68.000
0.049,0.025,0.013,21.547,234504.312,8.917,68.000
0.056,0.001,0.016,21.089,209253.750,2.323,68.000
0.057,0.000,0.008,25.017,-60675.637,1.098,68.000
0.052,0.001,0.005,19.640,228149.250,2.332,68.000
0.051,0.001,0.021,21.172,184308.156,3.076,68.000
0.052,0.013,0.014,20.359,212629.344,6.807,68.000
0.058,0.001,0.012,23.491,149701.531,2.054,68.000
0.049,0.005,0.012,22.725,289642.250,7.320,68.000
0.055,0.002,0.012,22.662,231150.188,4.391,68.000
0.051,0.015,0.010,19.911,198606.125,7.256,68.000
0.002,0.013,0.011,21.474,198413.406,7.585,68.000
0.051,0.007,0.013,21.303,242356.062,7.562,68.000
0.001,0.013,0.011,21.553,183128.188,7.924,68.000
0.042,0.001,0.010,22.330,154792.312,1.625,68.000
0.053,0.000,0.022,19.718,60171.039,2.526,68.000
0.041,0.001,0.007,19.515,109215.148,1.532,68.000
0.049,0.004,0.014,23.090,233608.750,5.868,68.000
0.001,0.013,0.013,21.157,212548.188,7.871,68.000
0.044,0.000,0.017,23.680,-32844.945,-0.892,68.000
0.041,0.000,0.012,20.000,28290.055,-0.957,68.000
0.053,0.000,0.010,28.106,79240.367,2.383,68.000
0.048,0.025,0.013,20.992,237042.344,9.473,68.000
0.050,0.018,0.013,21.754,241838.125,7.571,68.000
0.049,0.021,0.013,21.581,250081.875,8.657,68.000
0.054,0.001,0.020,21.744,179412.594,2.874,68.000
0.058,0.000,0.013,25.074,27816.305,2.155,68.000
0.049,0.017,0.012,19.628,232073.938,8.124,68.000
0.049,0.006,0.011,21.649,301150.312,7.735,68.000
0.043,0.001,0.015,19.075,182259.750,3.173,68.000
0.050,0.002,0.017,23.206,207238.188,3.269,68.000
0.043,0.001,0.004,18.440,154106.750,1.421,68.000
0.051,0.007,0.012,22.322,261151.438,7.693,68.000
0.041,0.001,0.014,20.433,121555.180,2.449,68.000
0.047,0.001,0.008,24.951,202970.781,3.136,68.000
0.049,0.010,0.013,20.799,248051.031,8.541,68.000
0.049,0.005,0.014,22.682,234722.188,6.087,68.000
0.045,0.001,0.019,21.446,161413.281,2.330,68.000
0.050,0.018,0.014,21.821,243177.188,7.081,68.000
0.002,0.013,0.011,21.376,205710.781,7.507,68.000
0.052,0.002,0.010,22.899,264384.719,4.876,68.000
0.098,0.012,0.010,22.430,210321.344,7.691,68.000
0.048,0.005,0.012,22.404,294847.719,7.064,68.000
0.048,0.010,0.010,21.119,246992.500,8.035,68.000
0.000,0.012,0.012,21.846,142394.219,6.903,68.000
0.045,0.002,0.007,21.509,185452.344,2.303,68.000
0.049,0.014,0.013,20.651,235010.000,7.961,68.000
0.052,0.017,0.012,21.397,210071.188,7.097,68.000
0.048,0.002,0.005,20.671,207757.625,2.215,68.000
0.053,0.000,0.002,24.302,-15209.148,0.224,68.000
0.051,0.008,0.012,21.620,246713.000,7.898,68.000
0.055,0.001,0.009,23.362,206796.719,3.760,68.000
0.050,0.003,0.010,21.632,276447.750,5.592,68.000
0.048,0.020,0.012,20.222,251094.156,9.328,68.000
0.048,0.002,0.016,23.927,197953.531,3.161,68.000
0.048,0.004,0.011,22.193,280599.250,6.456,68.000
0.055,0.000,0.017,24.348,-3225.922,0.430,68.000
0.042,0.001,0.017,20.787,107263.539,1.580,68.000
0.050,0.020,0.012,21.282,235472.125,8.035,68.000
0.042,0.001,0.010,23.774,136044.844,1.547,68.000
0.050,0.001,0.023,20.870,175009.406,2.824,68.000
0.054,0.001,0.003,18.384,236863.625,2.492,68.000
0.052,0.024,0.013,23.133,219660.062,6.623,68.000
0.052,0.011,0.012,20.553,206248.219,7.401,68.000
0.043,0.000,0.005,19.114,48727.352,0.077,68.000
0.045,0.000,0.007,23.802,-21244.727,2.518,68.000
0.045,0.001,0.020,23.261,76500.805,0.831,68.000
0.056,0.001,0.005,19.392,220433.594,2.664,68.000
0.051,0.020,0.011,21.245,211206.969,7.833,68.000
0.050,0.001,0.006,23.118,182947.281,2.503,68.000
0.048,0.001,0.010,22.995,271050.375,4.171,68.000
0.058,0.001,0.012,24.187,100648.461,1.544,68.000
0.051,0.026,0.012,22.306,228147.281,7.503,68.000
0.052,0.023,0.012,22.339,222006.000,7.330,68.000
0.049,0.015,0.013,19.932,229500.375,7.664,68.000
0.043,0.000,0.012,27.541,-16331.828,-1.698,68.000
0.050,0.001,0.022,22.703,123758.992,2.351,68.000
0.044,0.001,0.018,21.617,154365.344,2.108,68.000
0.049,0.019,0.014,22.324,253832.969,7.331,68.000
0.050,0.020,0.011,20.424,223433.938,9.087,68.000
0.049,0.013,0.013,20.284,230605.500,7.881,68.000
0.050,0.000,0.019,22.941,88388.273,1.735,68.000
0.054,0.000,0.010,26.422,61634.711,3.164,68.000
0.049,0.021,0.012,20.830,244011.656,8.831,68.000
0.055,0.000,0.007,26.495,-30288.664,2.889,68.000
0.049,0.017,0.012,19.204,236537.406,8.515,68.000
0.049,0.005,0.012,22.574,283932.531,6.749,68.000
0.048,0.002,0.015,23.569,198451.562,3.500,68.000
0.053,0.001,0.006,23.564,162765.438,2.755,68.000
0.049,0.001,0.009,26.953,202329.406,3.677,68.000
0.050,0.021,0.014,22.687,246872.312,6.998,68.000
0.049,0.016,0.011,20.044,230836.625,9.155,68.000
0.050,0.003,0.010,21.239,276041.312,5.605,68.000
0.052,0.016,0.013,21.718,209760.438,6.093,68.000
0.053,0.001,0.016,22.945,212544.344,2.649,68.000
0.049,0.008,0.012,22.555,282051.031,8.678,68.000
0.055,0.001,0.018,21.275,198496.281,2.434,68.000
0.044,0.000,0.019,24.577,-57910.617,-0.117,68.000
0.048,0.021,0.013,22.119,254825.156,8.461,68.000
0.051,0.005,0.010,20.084,284497.562,6.647,68.000
0.047,0.001,0.017,22.842,194597.219,2.713,68.000
0.049,0.015,0.014,20.452,227403.688,6.824,68.000
0.049,0.020,0.013,20.775,248321.562,8.555,68.000
0.050,0.022,0.012,21.365,234215.062,8.630,68.000
0.048,0.027,0.012,19.878,232241.844,8.998,68.000
0.051,0.007,0.011,20.083,291493.344,7.540,68.000
0.056,0.002,0.008,21.887,200008.750,3.144,68.000
0.048,0.015,0.013,19.902,238370.062,8.348,68.000
0.052,0.002,0.009,23.415,263930.250,4.909,68.000
0.048,0.002,0.007,22.840,237672.906,3.800,68.000
0.051,0.009,0.011,20.261,242558.562,8.186,68.000
0.002,0.013,0.013,21.021,230432.062,7.634,68.000
0.000,0.013,0.011,22.096,86802.305,5.604,68.000
0.053,0.001,0.017,22.565,206482.875,3.109,68.000
0.043,0.001,0.007,24.749,-17251.445,0.944,68.000
0.053,0.001,0.007,21.746,214801.312,3.175,68.000
0.051,0.018,0.011,20.723,209415.531,7.971,68.000
0.049,0.009,0.010,20.535,255201.312,7.905,68.000
0.058,0.001,0.018,20.264,173214.969,1.140,68.000
0.052,0.010,0.014,19.828,226300.594,7.633,68.000
0.049,0.022,0.011,20.879,224561.406,9.051,68.000
0.048,0.001,0.007,22.132,221156.438,3.092,68.000
0.052,0.001,0.008,23.745,222962.062,4.291,68.000
0.051,0.018,0.011,20.591,209613.594,8.025,68.000
0.050,0.003,0.014,23.022,223928.188,5.260,68.000
0.047,0.001,0.016,24.554,182453.719,2.428,68.000
0.052,0.008,0.014,19.566,233726.844,7.452,68.000
0.050,0.025,0.011,20.952,221569.000,8.924,68.000
0.050,0.008,0.010,19.166,268135.406,7.677,68.000
0.050,0.001,0.016,25.279,202787.062,2.654,68.000
0.048,0.012,0.010,20.779,233612.094,8.076,68.000
0.047,0.001,0.018,23.072,184399.531,2.470,68.000
0.048,0.000,0.020,20.849,69521.539,1.008,68.000
0.050,0.020,0.010,20.194,217794.688,9.430,68.000
0.048,0.013,0.012,19.921,262295.906,9.567,68.000
0.098,0.012,0.013,20.834,207590.125,6.317,68.000
0.055,0.000,0.011,26.826,61392.164,3.020,68.000
0.044,0.001,0.021,20.720,150826.781,2.040,68.000
0.060,0.001,0.010,24.236,33023.273,0.552,68.000
0.053,0.001,0.018,21.818,196952.531,2.645,68.000
0.052,0.001,0.014,25.129,192300.625,2.880,68.000
0.044,0.001,0.006,23.406,77350.414,1.734,68.000
0.057,0.001,0.011,21.575,197784.031,3.369,68.000
0.049,0.001,0.006,22.158,225937.719,3.176,68.000
0.044,0.001,0.006,23.616,68920.508,1.566,68.000
0.044,0.000,0.016,25.163,11316.797,0.165,68.000
0.048,0.013,0.013,20.079,233061.969,8.006,68.000
0.050,0.000,0.018,25.680,40077.508,-0.023,68.000
0.052,0.002,0.010,22.899,267684.219,4.937,68.000
0.051,0.010,0.011,20.419,236891.938,8.345,68.000
0.049,0.007,0.014,21.361,244160.062,7.392,68.000
0.050,0.001,0.014,29.869,106649.445,1.724,68.000
0.054,0.001,0.019,22.347,188470.062,2.428,68.000
0.051,0.020,0.013,22.433,238141.375,7.294,68.000
0.052,0.026,0.013,24.173,227057.625,7.185,68.000
0.051,0.002,0.008,23.063,255301.875,4.535,68.000
0.048,0.019,0.012,19.219,239540.156,9.681,68.000
0.059,0.001,0.006,23.804,35871.883,1.258,68.000
0.051,0.014,0.014,20.122,217235.656,6.356,68.000
0.052,0.001,0.021,22.434,127994.133,2.231,68.000
0.050,0.006,0.011,21.446,299617.031,8.138,68.000
0.046,0.001,0.004,19.453,177403.062,1.247,68.000
0.051,0.008,0.013,21.594,246746.656,7.809,68.000
0.051,0.024,0.014,23.772,229605.844,6.978,68.000
0.052,0.011,0.012,20.088,198101.312,6.991,68.000
0.048,0.010,0.014,19.981,232275.188,7.828,68.000
0.058,0.001,0.010,22.768,155852.781,3.388,68.000
0.046,0.000,0.008,31.969,-50573.465,-1.767,68.000
0.098,0.014,0.012,21.288,213738.594,7.878,68.000
0.055,0.001,0.018,22.033,187832.250,1.883,68.000
0.044,0.001,0.005,19.740,154061.156,1.700,68.000
0.049,0.023,0.011,20.773,220149.031,9.570,68.000
0.097,0.011,0.013,20.690,201057.250,6.236,68.000
0.049,0.001,0.002,24.085,88737.305,1.442,68.000
0.052,0.001,0.011,31.459,137171.531,3.197,68.000
0.045,0.000,0.012,27.007,-4670.484,-0.958,68.000
0.052,0.002,0.011,22.764,265090.906,5.074,68.000
0.047,0.002,0.011,22.363,262171.781,4.309,68.000
0.055,0.001,0.014,24.453,182703.969,2.867,68.000
0.051,0.002,0.010,22.983,272471.781,5.176,68.000
0.050,0.023,0.013,23.050,229412.375,7.439,68.000
0.049,0.003,0.013,23.722,238670.750,5.444,68.000
0.054,0.000,0.017,26.180,27930.227,0.915,68.000
0.050,0.000,0.007,26.620,-12117.453,2.405,68.000
0.049,0.007,0.014,20.266,241324.406,7.396,68.000
0.050,0.021,0.014,22.659,248851.844,6.897,68.000
0.050,0.014,0.011,20.295,224581.188,7.975,68.000
0.052,0.001,0.019,22.283,188859.250,2.662,68.000
0.052,0.019,0.012,21.827,212114.281,7.073,68.000
0.052,0.001,0.019,24.745,134741.844,1.617,68.000
0.047,0.001,0.015,28.375,88069.414,0.954,68.000
0.055,0.001,0.005,18.934,224736.375,2.539,68.000
0.049,0.021,0.011,20.269,225793.719,9.236,68.000
0.053,0.001,0.009,26.808,151203.875,3.267,68.000
0.040,0.001,0.010,22.078,85994.305,0.710,68.000
0.056,0.000,0.006,24.180,7137.438,1.800,68.000
0.050,0.008,0.012,21.969,277813.250,8.471,68.000
0.048,0.010,0.011,21.253,248435.438,8.462,68.000
0.047,0.001,0.015,29.799,14484.781,0.079,68.000
0.041,0.001,0.015,19.273,95237.570,1.473,68.000
0.051,0.000,0.009,30.169,-13504.625,0.961,68.000
0.048,0.026,0.011,18.949,241779.250,10.016,68.000
0.050,0.000,0.017,28.752,-38181.906,-1.523,68.000
0.048,0.007,0.013,22.470,285015.875,8.192,68.000
0.049,0.013,0.013,20.591,227876.781,7.680,68.000
0.051,0.004,0.014,22.657,226898.062,5.279,68.000
0.050,0.022,0.013,22.911,236419.125,7.534,68.000
0.048,0.001,0.014,25.974,201296.344,2.960,68.000
0.051,0.013,0.013,21.716,218271.750,7.140,68.000
0.048,0.005,0.014,22.396,252410.219,7.164,68.000
0.048,0.010,0.012,20.235,267594.281,9.283,68.000
0.051,0.022,0.010,21.373,216519.125,8.484,68.000
0.046,0.001,0.016,23.355,173906.625,2.560,68.000
0.044,0.000,0.014,29.672,-17479.797,-2.873,68.000
0.055,0.001,0.010,22.827,234206.531,4.293,68.000
0.048,0.024,0.011,20.162,214917.750,9.609,68.000
0.056,0.001,0.012,24.519,209211.094,4.048,68.000
0.052,0.018,0.014,22.398,231959.062,6.550,68.000
0.051,0.001,0.021,21.135,184608.719,3.161,68.000
0.052,0.000,0.014,31.746,-63353.812,-1.081,68.000
0.044,0.001,0.020,23.504,68849.523,0.571,68.000
0.050,0.002,0.010,22.370,276218.062,5.333,68.000
0.059,0.001,0.013,23.572,138557.125,1.432,68.000
0.048,0.018,0.012,18.991,238658.875,9.374,68.000
0.048,0.009,0.011,21.417,264330.250,8.495,68.000
0.042,0.001,0.016,21.202,96284.430,1.578,68.000
0.048,0.004,0.010,22.050,269119.000,5.668,68.000
0.049,0.021,0.013,21.909,250740.531,8.149,68.000
0.049,0.018,0.012,19.684,233527.719,8.638,68.000
0.049,0.018,0.011,19.385,226980.688,9.451,68.000
0.057,0.001,0.016,20.375,205049.688,2.123,68.000
0.050,0.024,0.011,21.487,220440.469,8.885,68.000
0.001,0.013,0.013,20.944,224173.781,7.780,68.000
0.045,0.001,0.014,25.957,117119.273,1.878,68.000
0.001,0.011,0.011,22.065,157023.750,7.171,68.000
0.051,0.000,0.013,27.764,83530.742,3.399,68.000
0.049,0.025,0.013,21.670,233113.188,8.799,68.000
0.045,0.001,0.007,27.351,22490.133,1.682,68.000
0.053,0.000,0.012,31.954,6758.680,1.567,68.000
0.052,0.000,0.022,18.962,69733.461,2.293,68.000
0.048,0.001,0.003,19.961,181854.438,1.413,68.000
0.048,0.010,0.013,20.278,259567.344,9.014,68.000
0.050,0.002,0.014,23.872,215822.156,4.473,68.000
0.045,0.001,0.003,20.916,106641.477,1.156,68.000
0.051,0.009,0.013,20.712,240701.281,8.105,68.000
0.050,0.001,0.019,23.929,129048.930,1.623,68.000
0.052,0.005,0.011,20.076,270884.719,5.874,68.000
0.049,0.021,0.012,21.139,242914.875,9.055,68.000
0.059,0.000,0.015,21.645,13539.250,3.075,68.000
0.048,0.002,0.009,23.485,267566.125,4.288,68.000
0.049,0.003,0.014,23.554,230971.656,5.503,68.000
0.050,0.000,0.023,23.802,-56700.410,-5.970,68.000
0.047,0.001,0.021,21.436,168633.844,2.673,68.000
0.058,0.000,0.015,21.018,41720.289,1.603,68.000
0.049,0.002,0.011,22.188,274096.250,5.434,68.000
0.048,0.000,0.009,30.467,-16564.547,-0.210,68.000
0.052,0.005,0.011,20.524,274915.875,5.944,68.000
0.047,0.001,0.006,22.639,165481.906,2.116,68.000
0.052,0.015,0.011,21.459,200260.875,6.763,68.000
0.047,0.001,0.017,23.910,180670.969,2.393,68.000
0.053,0.001,0.009,23.142,252356.438,4.678,68.000
0.052,0.010,0.012,20.364,202341.688,7.059,68.000
0.047,0.000,0.008,31.041,-32754.633,-0.686,68.000
0.050,0.014,0.014,19.851,222674.844,6.770,68.000
0.051,0.006,0.014,20.824,232288.094,6.849,68.000
0.098,0.011,0.012,21.127,205170.594,6.355,68.000
0.052,0.019,0.011,21.796,209961.719,7.747,68.000
0.054,0.000,0.022,18.688,95234.039,3.872,68.000
0.050,0.027,0.012,20.866,234738.750,8.400,68.000
0.043,0.001,0.012,25.382,120941.008,1.054,68.000
0.047,0.001,0.022,20.867,107400.383,1.523,68.000
0.041,0.000,0.008,17.895,-1174.758,1.319,68.000
0.050,0.012,0.013,20.747,226503.594,7.557,68.000
0.048,0.006,0.012,22.622,293043.688,7.977,68.000
0.049,0.007,0.011,21.631,297856.312,8.744,68.000
0.043,0.001,0.005,19.501,137252.312,1.654,68.000
0.050,0.008,0.015,18.534,238525.906,7.276,68.000
0.057,0.001,0.011,22.068,190950.375,3.074,68.000
0.053,0.002,0.014,24.513,192148.562,2.662,68.000
0.046,0.000,0.020,21.456,4036.781,-0.234,68.000
0.049,0.011,0.011,20.813,233564.969,8.314,68.000
0.057,0.001,0.013,26.170,64476.023,0.753,68.000
0.045,0.001,0.018,22.928,172539.375,2.342,68.000
0.048,0.011,0.011,20.346,247909.875,9.008,68.000
0.002,0.014,0.013,21.088,230755.469,7.494,68.000
0.050,0.002,0.009,23.688,271677.219,4.955,68.000
0.049,0.026,0.013,21.240,236275.500,9.065,68.000
0.049,0.011,0.013,20.295,248705.562,8.943,68.000
0.045,0.001,0.008,24.469,186614.094,2.231,68.000
0.051,0.017,0.012,21.109,211230.312,7.306,68.000
0.049,0.005,0.011,21.457,298300.188,7.349,68.000
0.047,0.001,0.002,20.887,135897.156,1.265,68.000
0.050,0.025,0.013,22.726,230179.750,7.964,68.000
0.056,0.001,0.007,23.329,184578.625,3.172,68.000
0.052,0.012,0.013,21.467,207088.812,6.947,68.000
0.047,0.001,0.014,25.689,203255.219,3.198,68.000
0.050,0.015,0.010,19.985,221410.188,8.303,68.000
0.049,0.001,0.019,24.095,101900.258,1.039,68.000
0.058,0.000,0.007,24.553,-28620.711,4.630,68.000
0.051,0.022,0.011,21.132,214522.219,8.495,68.000
0.049,0.023,0.014,22.871,235891.812,8.221,68.000
0.051,0.026,0.013,22.576,230081.844,7.445,68.000
0.050,0.014,0.011,20.136,223999.219,7.943,68.000
0.061,0.001,0.013,20.725,130808.414,-0.389,68.000
0.049,0.004,0.011,21.893,286399.781,6.376,68.000
0.049,0.007,0.014,20.578,240157.281,7.526,68.000
0.051,0.002,0.018,22.336,186565.719,2.590,68.000
0.047,0.001,0.019,21.235,175603.844,2.661,68.000
0.051,0.020,0.013,22.365,233451.562,7.227,68.000
0.052,0.000,0.007,27.048,-4176.859,1.229,68.000
0.056,0.000,0.017,23.231,15013.781,1.850,68.000
0.052,0.009,0.011,20.173,227005.375,7.526,68.000
0.051,0.022,0.010,20.402,218758.531,8.603,68.000
0.041,0.001,0.008,21.105,92647.664,0.966,68.000
0.046,0.000,0.010,30.833,-42993.863,0.822,68.000
0.055,0.001,0.010,24.331,214114.938,4.212,68.000
0.050,0.008,0.011,20.611,274104.531,8.590,68.000
0.050,0.025,0.014,23.656,230092.000,7.994,68.000
0.059,0.001,0.009,20.968,166383.938,2.929,68.000
0.050,0.007,0.012,21.720,286734.719,8.166,68.000
0.059,0.000,0.011,23.225,29999.773,1.522,68.000
0.052,0.001,0.022,22.715,101626.586,1.828,68.000
0.055,0.001,0.009,23.053,235637.594,4.444,68.000
0.002,0.012,0.012,20.921,200031.312,7.589,68.000
0.049,0.013,0.014,19.884,223031.594,7.326,68.000
0.042,0.000,0.016,22.486,-17841.148,0.336,68.000
0.051,0.011,0.014,19.018,223986.938,7.469,68.000
0.045,0.000,0.020,20.234,-66144.516,-0.501,68.000
0.057,0.000,0.006,23.489,8251.680,1.365,68.000
0.051,0.027,0.014,24.139,217383.375,6.982,68.000
0.044,0.002,0.012,21.617,236409.656,3.697,68.000
0.050,0.026,0.014,23.291,236153.000,8.497,68.000
0.051,0.000,0.007,26.993,-22126.805,2.180,68.000
0.059,0.001,0.015,21.427,75769.508,-1.326,68.000
0.040,0.001,0.017,17.862,90171.227,1.482,68.000
0.050,0.002,0.016,23.441,205395.812,3.329,68.000
0.057,0.001,0.017,20.380,195654.000,1.820,68.000
0.058,0.001,0.008,23.507,143901.188,3.140,68.000
0.053,0.000,0.019,24.036,-5065.500,0.110,68.000
0.045,0.002,0.008,22.465,193355.188,2.369,68.000
0.051,0.018,0.013,21.756,217598.000,6.745,68.000
0.050,0.001,0.006,24.704,137489.250,2.293,68.000
0.049,0.002,0.010,22.672,273658.188,4.672,68.000
0.050,0.011,0.013,20.448,235077.438,8.133,68.000
0.058,0.001,0.015,23.567,46550.680,-0.960,68.000
0.051,0.018,0.010,20.179,208726.844,8.334,68.000
0.052,0.001,0.018,22.326,198911.594,2.604,68.000
0.049,0.022,0.013,21.552,240244.094,8.933,68.000
0.046,0.000,0.002,20.668,49384.164,-0.058,68.000
0.050,0.001,0.022,20.752,178897.375,2.941,68.000
0.049,0.021,0.014,22.443,247892.344,7.827,68.000
0.050,0.014,0.011,19.987,234421.312,8.269,68.000
0.052,0.013,0.011,20.562,192926.344,6.716,68.000
0.045,0.001,0.010,24.839,220407.031,3.014,68.000
0.053,0.001,0.020,21.883,186617.500,2.867,68.000
0.044,0.000,0.007,24.697,-42063.777,1.144,68.000
0.045,0.001,0.022,20.757,157100.281,2.353,68.000
0.050,0.001,0.020,21.249,179103.531,3.316,68.000
0.048,0.018,0.012,19.044,241012.781,8.998,68.000
0.054,0.001,0.007,22.684,212768.562,3.860,68.000
0.098,0.013,0.013,21.043,212752.781,6.917,68.000
0.050,0.018,0.013,21.127,231792.812,7.598,68.000
0.049,0.020,0.012,20.182,234465.531,8.816,68.000
0.100,0.011,0.012,28.970,-43613.770,8.722,68.000
0.052,0.003,0.011,21.391,274454.094,5.538,68.000
0.049,0.023,0.010,19.902,216421.656,9.503,68.000
0.048,0.010,0.011,20.798,254527.375,9.070,68.000
0.049,0.022,0.014,22.761,237047.531,7.867,68.000
0.052,0.009,0.013,20.347,219758.906,7.566,68.000
0.053,0.001,0.012,29.345,190163.656,3.551,68.000
0.055,0.001,0.005,22.933,144193.750,2.307,68.000
0.055,0.000,0.003,26.664,-58659.305,0.106,68.000
0.057,0.000,0.010,25.164,12507.742,2.324,68.000
0.050,0.022,0.011,21.085,225725.344,8.869,68.000
0.001,0.011,0.012,21.441,186937.875,7.961,68.000
0.051,0.022,0.013,22.882,231920.562,7.231,68.000
0.002,0.012,0.012,20.886,204481.250,7.682,68.000
0.059,0.001,0.015,20.573,154860.625,0.123,68.000
0.051,0.019,0.013,22.395,236630.906,7.223,68.000
0.049,0.022,0.012,20.969,234789.188,9.074,68.000
0.051,0.019,0.010,20.345,212619.406,8.645,68.000
0.053,0.001,0.013,24.128,214229.875,4.069,68.000
0.045,0.000,0.013,30.866,-21571.047,0.694,68.000
0.046,0.001,0.015,27.787,83705.773,0.947,68.000
0.046,0.001,0.018,25.246,177985.875,1.855,68.000
0.041,0.001,0.009,21.893,98817.883,0.758,68.000
0.058,0.001,0.010,21.138,176872.062,2.980,68.000
0.050,0.001,0.012,26.629,258848.250,4.517,68.000
0.050,0.025,0.011,20.108,225161.344,8.925,68.000
0.051,0.011,0.010,19.961,213397.656,7.108,68.000
0.041,0.001,0.008,20.345,113457.039,1.104,68.000
0.048,0.025,0.012,20.177,226140.281,9.902,68.000
0.058,0.001,0.007,19.992,178899.750,2.559,68.000
0.052,0.001,0.006,24.299,123950.586,1.779,68.000
0.047,0.001,0.005,22.043,157636.875,1.716,68.000
0.052,0.002,0.015,24.470,196048.000,2.759,68.000
0.050,0.002,0.018,21.953,185987.719,2.828,68.000
0.048,0.010,0.012,19.917,263910.250,9.362,68.000
0.053,0.002,0.011,23.337,258789.375,4.630,68.000
0.049,0.002,0.014,23.758,210782.812,4.622,68.000
0.050,0.007,0.010,19.688,278517.375,7.326,68.000
0.050,0.009,0.011,20.027,244616.656,8.206,68.000
0.057,0.000,0.009,27.086,-88826.328,0.447,68.000
0.055,0.001,0.014,24.441,185043.188,2.173,68.000
0.042,0.001,0.014,20.989,104702.273,1.788,68.000
0.048,0.015,0.012,19.688,239111.531,8.648,68.000
0.048,0.018,0.011,19.351,228462.188,9.616,68.000
0.045,0.000,0.009,26.932,5073.352,3.119,68.000
0.051,0.014,0.013,21.829,216982.250,7.025,68.000
0.059,0.001,0.006,18.268,189244.125,2.473,68.000
0.044,0.001,0.003,18.554,163376.781,1.323,68.000
0.044,0.000,0.006,25.055,-17974.125,0.244,68.000
0.048,0.001,0.018,23.452,185526.312,2.293,68.000
0.051,0.009,0.011,19.587,229102.562,7.557,68.000
0.100,0.013,0.011,18.220,-58639.023,11.560,68.000
0.053,0.001,0.012,24.300,223230.250,4.339,68.000
0.055,0.000,0.014,29.486,10966.961,3.871,68.000
0.053,0.002,0.013,23.897,219481.938,4.401,68.000
0.057,0.001,0.004,17.103,231563.844,2.394,68.000
0.043,0.000,0.019,22.208,25839.727,0.434,68.000
0.052,0.002,0.014,24.538,196181.562,3.136,68.000
0.042,0.001,0.010,21.390,159683.906,1.775,68.000
0.055,0.001,0.015,22.394,204097.344,1.702,68.000
0.049,0.003,0.014,23.320,233670.469,5.692,68.000
0.060,0.001,0.013,21.360,132760.719,0.698,68.000
0.050,0.021,0.012,21.451,236942.500,8.082,68.000
0.051,0.026,0.012,22.563,227839.000,7.576,68.000
0.052,0.022,0.012,22.040,223846.406,7.370,68.000
0.052,0.000,0.013,34.063,-51914.965,0.007,68.000
0.041,0.001,0.008,23.327,-5748.852,0.394,68.000
0.050,0.003,0.010,21.774,278064.000,5.682,68.000
0.050,0.011,0.011,20.549,235641.844,8.598,68.000
0.051,0.023,0.014,23.813,229952.844,6.679,68.000
0.098,0.012,0.012,21.333,211509.594,7.142,68.000
0.052,0.001,0.018,23.261,196945.688,2.563,68.000
0.046,0.001,0.007,24.562,94535.820,1.850,68.000
0.048,0.000,0.013,34.171,-47445.426,-2.077,68.000
0.051,0.002,0.018,22.175,197037.438,2.839,68.000
0.048,0.008,0.014,21.139,252972.688,8.256,68.000
0.049,0.025,0.013,21.522,234728.125,9.006,68.000
0.052,0.027,0.013,23.058,166233.812,5.539,68.000
0.049,0.025,0.014,23.258,230533.375,8.299,68.000
0.044,0.001,0.010,26.567,117454.273,1.835,68.000
0.044,0.002,0.014,19.672,198495.531,3.713,68.000
0.100,0.011,0.012,27.102,19623.156,8.935,68.000
0.048,0.001,0.006,21.652,216926.969,2.683,68.000
0.047,0.000,0.006,22.388,11439.117,2.357,68.000
0.044,0.001,0.019,21.744,160877.562,2.270,68.000
0.048,0.007,0.013,22.605,284175.781,8.129,68.000
0.039,0.001,0.011,21.320,76887.070,0.627,68.000
0.057,0.000,0.015,22.615,40989.133,0.083,68.000
0.100,0.013,0.012,24.285,-73901.398,10.809,68.000
0.052,0.001,0.022,20.833,184125.250,3.019,68.000
0.051,0.020,0.011,21.033,213932.781,8.442,68.000
0.051,0.007,0.014,20.267,242751.281,7.654,68.000
0.057,0.001,0.007,22.230,170229.688,2.862,68.000
0.051,0.002,0.012,22.682,266687.500,5.383,68.000
0.048,0.001,0.008,24.758,216671.156,3.562,68.000
0.051,0.018,0.014,21.905,231669.062,6.534,68.000
0.059,0.001,0.010,22.389,151538.031,2.687,68.000
0.050,0.018,0.010,19.689,218613.625,9.228,68.000
0.053,0.001,0.006,21.557,219487.000,3.062,68.000
0.044,0.001,0.018,21.496,157350.844,2.213,68.000
0.051,0.023,0.011,21.967,222216.562,8.055,68.000
0.051,0.012,0.012,20.996,210059.469,7.472,68.000
0.051,0.022,0.011,21.915,218610.000,7.968,68.000
0.051,0.002,0.006,20.821,220298.375,2.578,68.000
0.051,0.023,0.014,23.672,231650.781,7.183,68.000
0.057,0.001,0.009,23.731,161222.625,3.308,68.000
0.050,0.001,0.001,20.284,191391.594,1.885,68.000
0.051,0.026,0.012,22.621,225091.094,7.369,68.000
0.044,0.002,0.007,22.206,182221.000,2.049,68.000
0.051,0.009,0.011,20.550,242258.750,8.073,68.000
0.051,0.007,0.011,20.186,292140.625,7.701,68.000
0.052,0.007,0.011,19.891,266036.531,7.189,68.000
0.052,0.008,0.010,18.973,250459.625,7.005,68.000
0.047,0.000,0.014,31.909,-32258.961,0.524,68.000
0.048,0.009,0.012,20.931,274828.938,9.226,68.000
0.048,0.025,0.011,19.681,229347.781,9.848,68.000
0.049,0.022,0.013,22.282,245102.312,8.150,68.000
0.051,0.001,0.013,31.810,70481.836,1.684,68.000
0.051,0.010,0.012,20.349,233199.531,8.180,68.000
0.099,0.013,0.011,27.375,94946.430,6.317,68.000
0.052,0.013,0.011,19.911,191197.219,6.602,68.000
0.044,0.000,0.021,20.293,-98567.648,-1.690,68.000
0.051,0.024,0.014,23.821,229053.719,7.379,68.000
0.041,0.000,0.015,21.718,12648.602,-1.171,68.000
0.049,0.001,0.020,21.133,177793.438,3.261,68.000
0.049,0.014,0.010,20.266,232051.062,8.106,68.000
0.041,0.001,0.014,21.316,117041.977,1.940,68.000
0.051,0.013,0.010,19.854,203531.531,7.084,68.000
0.002,0.012,0.011,21.501,184580.406,7.540,68.000
0.060,0.001,0.011,20.137,146242.750,1.524,68.000
0.051,0.005,0.010,19.883,271315.312,6.247,68.000
0.050,0.000,0.010,34.668,-70825.734,0.649,68.000
0.050,0.015,0.013,20.912,220133.406,6.939,68.000
0.049,0.023,0.012,21.492,232400.938,9.533,68.000
0.047,0.000,0.015,28.264,36303.977,-0.152,68.000
0.048,0.000,0.009,32.403,-83595.188,0.794,68.000
0.043,0.001,0.006,20.083,117390.742,1.686,68.000
0.051,0.020,0.012,20.907,221304.812,8.058,68.000
0.048,0.020,0.011,19.714,229054.875,9.893,68.000
0.048,0.020,0.013,20.744,252290.094,9.223,68.000
0.054,0.000,0.005,23.938,17162.039,0.951,68.000
0.048,0.002,0.018,21.971,182521.938,2.507,68.000
0.060,0.001,0.011,21.537,149948.750,1.910,68.000
0.054,0.001,0.016,22.917,223646.688,2.310,68.000
0.046,0.001,0.008,23.915,214513.344,3.039,68.000
0.050,0.008,0.011,20.937,286980.562,8.639,68.000
0.045,0.001,0.012,30.461,84500.820,1.166,68.000
0.043,0.001,0.014,22.758,185103.906,3.203,68.000
0.049,0.025,0.013,22.342,231601.969,8.472,68.000
0.042,0.000,0.011,26.643,-22413.484,-0.515,68.000
0.049,0.004,0.013,23.131,245998.625,6.016,68.000
0.003,0.012,0.012,21.225,195371.500,7.482,68.000
0.058,0.001,0.014,24.040,149691.250,1.251,68.000
0.053,0.001,0.021,21.199,182789.219,2.902,68.000
0.059,0.000,0.006,19.211,56018.320,4.272,68.000
0.048,0.010,0.012,20.524,259568.781,9.299,68.000
0.048,0.023,0.012,21.485,236224.500,9.400,68.000
0.054,0.000,0.012,28.845,41364.633,2.070,68.000
0.043,0.001,0.019,22.359,34034.711,-0.175,68.000
0.059,0.000,0.010,23.762,50600.008,0.842,68.000
0.050,0.024,0.011,21.114,220315.250,8.677,68.000
0.050,0.003,0.010,21.967,277724.875,5.539,68.000
0.058,0.000,0.013,25.688,75993.164,3.611,68.000
0.051,0.013,0.011,20.399,210454.812,7.332,68.000
0.051,0.007,0.011,20.907,287238.688,7.910,68.000
0.052,0.026,0.011,22.550,218961.906,6.856,68.000
0.050,0.019,0.012,20.395,226814.594,8.182,68.000
0.049,0.023,0.013,22.446,236708.438,8.320,68.000
0.043,0.000,0.011,26.177,19022.453,1.824,68.000
0.052,0.008,0.010,19.042,255773.312,7.199,68.000
0.048,0.021,0.011,19.725,227279.844,9.756,68.000
0.049,0.001,0.021,21.649,177679.406,3.127,68.000
0.047,0.000,0.019,22.162,72533.664,0.331,68.000
0.098,0.013,0.013,20.920,221471.938,7.137,68.000
0.048,0.001,0.014,29.193,139543.906,2.141,68.000
0.048,0.001,0.009,25.277,231830.344,3.781,68.000
0.049,0.002,0.010,22.492,270568.156,5.011,68.000
0.049,0.011,0.010,20.836,233698.594,8.074,68.000
0.052,0.000,0.003,23.921,17437.297,1.069,68.000
0.049,0.012,0.013,20.424,236055.281,8.083,68.000
0.051,0.009,0.013,21.338,246362.562,8.138,68.000
0.044,0.002,0.015,19.825,181180.562,3.050,68.000
0.049,0.000,0.017,26.761,21156.023,1.341,68.000
0.003,0.012,0.011,21.274,186796.656,7.429,68.000
0.048,0.011,0.013,19.918,258249.094,9.279,68.000
0.044,0.001,0.007,22.684,148658.625,1.778,68.000
0.050,0.001,0.006,22.572,211288.406,3.080,68.000
0.047,0.001,0.007,23.067,212780.438,2.981,68.000
0.050,0.014,0.014,19.195,223829.906,6.712,68.000
0.049,0.006,0.010,20.386,272827.750,6.735,68.000
0.052,0.002,0.012,23.502,258744.844,4.846,68.000
0.051,0.020,0.013,22.658,234813.625,7.048,68.000
0.048,0.010,0.013,20.339,254996.500,8.907,68.000
0.051,0.002,0.015,24.328,196797.062,3.076,68.000
0.043,0.000,0.008,25.924,-18656.414,-0.710,68.000
0.052,0.009,0.010,19.393,224319.312,7.234,68.000
0.052,0.000,0.020,22.302,51205.805,2.099,68.000
0.049,0.000,0.006,23.622,64800.633,1.588,68.000
0.050,0.013,0.013,21.170,226103.531,7.605,68.000
0.048,0.000,0.002,21.536,80484.852,0.469,68.000
0.055,0.000,0.013,32.647,-42810.398,2.059,68.000
0.051,0.000,0.012,35.549,-33555.898,3.078,68.000
0.051,0.014,0.012,21.065,213151.031,7.295,68.000
0.057,0.001,0.016,20.368,196998.469,1.545,68.000
0.054,0.001,0.004,21.377,168123.750,2.315,68.000
0.049,0.026,0.011,20.976,228357.344,7.440,68.000
0.043,0.001,0.014,20.122,202746.562,3.664,68.000
0.049,0.000,0.017,27.522,89255.258,0.328,68.000
0.055,0.000,0.003,24.053,-5817.297,2.286,68.000
0.051,0.000,0.011,35.187,-19644.469,0.107,68.000
0.056,0.001,0.006,20.540,204702.344,2.747,68.000
0.051,0.000,0.006,25.867,-5109.812,2.522,68.000
0.053,0.002,0.013,23.519,206596.531,4.010,68.000
0.050,0.010,0.015,18.041,227793.781,7.216,68.000
0.059,0.001,0.012,22.442,136219.250,1.119,68.000
0.052,0.001,0.011,33.413,104011.852,2.695,68.000
0.057,0.000,0.012,29.429,-27321.586,2.389,68.000
0.049,0.027,0.010,19.493,214608.938,6.840,68.000
0.049,0.006,0.014,21.855,233861.000,6.610,68.000
0.002,0.012,0.013,20.985,201370.156,7.615,68.000
0.054,0.001,0.012,23.788,229146.281,4.505,68.000
0.042,0.001,0.006,20.156,116099.680,1.573,68.000
0.051,0.012,0.013,21.438,219557.469,7.494,68.000
0.045,0.000,0.011,25.959,96793.852,0.252,68.000
0.051,0.009,0.014,20.174,235161.156,7.842,68.000
0.051,0.000,0.021,20.827,18495.102,0.205,68.000
0.049,0.018,0.010,19.688,221836.781,10.006,68.000
0.040,0.001,0.012,22.416,62401.039,0.477,68.000
0.056,0.001,0.016,20.876,205137.469,2.193,68.000
0.048,0.013,0.011,19.598,261267.156,9.361,68.000
0.056,0.001,0.006,20.264,211744.375,2.756,68.000
0.058,0.000,0.014,24.039,85416.742,1.084,68.000
0.051,0.023,0.010,20.936,221417.375,8.343,68.000
0.041,0.001,0.014,17.804,140253.594,2.837,68.000
0.049,0.009,0.012,21.388,270540.625,9.036,68.000
0.051,0.003,0.012,22.075,268890.688,5.560,68.000
0.044,0.000,0.004,20.877,41316.695,0.415,68.000
0.044,0.001,0.014,21.202,201349.688,3.478,68.000
0.002,0.011,0.012,21.241,185025.906,7.617,68.000
0.043,0.001,0.012,25.247,103508.492,0.721,68.000
0.048,0.027,0.012,19.304,83868.648,1.629,68.000
0.049,0.014,0.012,19.896,250406.406,9.138,68.000
0.048,0.014,0.013,19.845,229644.438,7.668,68.000
0.047,0.000,0.011,33.971,-33901.883,2.607,68.000
0.051,0.008,0.012,21.018,253896.656,8.005,68.000
0.049,0.021,0.012,20.839,231130.500,9.031,68.000
0.050,0.023,0.011,20.998,216358.125,8.751,68.000
0.057,0.000,0.005,23.602,-18732.688,2.619,68.000
0.047,0.000,0.019,22.998,65626.180,0.214,68.000
0.048,0.013,0.014,19.981,230587.406,7.806,68.000
0.050,0.021,0.013,21.524,239950.312,7.975,68.000
0.051,0.012,0.012,20.575,211160.062,7.629,68.000
0.048,0.026,0.010,18.527,241185.156,9.998,68.000
0.051,0.024,0.014,23.650,229832.188,7.473,68.000
0.052,0.011,0.010,19.937,201964.875,6.865,68.000
0.048,0.000,0.013,34.227,-51439.305,-0.088,68.000
0.049,0.020,0.011,19.693,228961.125,9.738,68.000
0.052,0.016,0.012,21.958,203385.562,6.450,68.000
0.050,0.021,0.013,22.173,244265.094,7.886,68.000
0.039,0.001,0.014,18.338,87907.102,1.949,68.000
0.051,0.020,0.010,20.505,208140.219,8.795,68.000
0.050,0.001,0.020,22.021,181119.250,3.227,68.000
0.046,0.001,0.007,21.734,202512.594,2.587,68.000
0.051,0.001,0.008,22.927,249773.906,4.386,68.000
0.055,0.001,0.012,23.516,194754.969,3.849,68.000
0.048,0.007,0.013,22.017,269063.500,8.263,68.000
0.055,0.000,0.007,27.347,-59619.336,0.569,68.000
0.048,0.001,0.020,20.600,171404.969,3.121,68.000
0.048,0.003,0.012,22.837,279186.344,6.346,68.000
0.048,0.025,0.012,20.755,231301.969,10.127,68.000
0.057,0.001,0.012,27.734,31361.414,1.040,68.000
0.050,0.003,0.010,21.991,278333.469,5.514,68.000
0.044,0.000,0.011,28.443,-19348.516,-0.511,68.000
0.059,0.001,0.013,26.442,-21002.570,-1.363,68.000
0.048,0.005,0.011,21.809,280201.969,6.739,68.000
0.048,0.002,0.010,22.817,270424.938,4.321,68.000
0.051,0.000,0.020,21.020,99911.805,2.187,68.000
0.048,0.000,0.018,24.869,46404.055,0.098,68.000
0.050,0.014,0.012,20.558,228140.438,7.962,68.000
0.050,0.011,0.012,20.210,243103.000,8.797,68.000
0.047,0.000,0.005,21.016,124229.586,1.335,68.000
0.047,0.000,0.006,23.897,21402.047,0.513,68.000
0.051,0.022,0.011,21.773,215824.500,7.942,68.000
0.050,0.019,0.014,22.274,249026.125,7.008,68.000
0.050,0.014,0.011,20.303,226940.375,8.054,68.000
0.052,0.002,0.014,24.472,198312.781,3.019,68.000
0.056,0.001,0.011,21.909,212390.156,3.733,68.000
0.049,0.016,0.010,19.712,228331.438,9.225,68.000
0.048,0.000,0.020,23.767,95139.336,1.378,68.000
0.054,0.002,0.006,20.763,207071.125,2.639,68.000
0.050,0.008,0.009,19.625,266612.125,7.360,68.000
0.043,0.001,0.016,23.371,58245.930,0.411,68.000
0.000,0.012,0.013,13.717,61978.648,8.137,68.000
0.048,0.002,0.010,22.496,269792.000,4.596,68.000
0.042,0.001,0.019,20.387,124130.352,1.266,68.000
0.048,0.021,0.011,19.724,229759.750,9.812,68.000
0.049,0.006,0.009,20.362,274366.031,6.734,68.000
0.052,0.005,0.011,20.501,274461.125,6.084,68.000
0.060,0.001,0.015,19.713,150026.000,-0.267,68.000
0.049,0.004,0.012,22.089,290803.969,6.693,68.000
0.045,0.000,0.010,32.410,-69981.359,-0.378,68.000
0.046,0.000,0.004,20.629,62335.680,0.274,68.000
0.043,0.001,0.005,19.330,127691.586,1.748,68.000
0.049,0.011,0.013,20.526,239765.344,8.594,68.000
0.057,0.001,0.005,20.338,197790.031,2.722,68.000
0.052,0.015,0.012,21.567,204971.188,6.892,68.000
0.049,0.010,0.010,21.071,247937.969,8.029,68.000
0.000,0.011,0.012,22.586,82335.930,5.640,68.000
0.051,0.008,0.013,21.052,239257.688,7.801,68.000
0.098,0.012,0.010,22.402,211287.688,7.775,68.000
0.055,0.001,0.007,22.908,182940.750,2.957,68.000
0.048,0.005,0.012,22.572,293382.875,7.031,68.000
0.048,0.001,0.010,25.004,260642.625,4.015,68.000
0.046,0.001,0.005,22.761,75852.820,1.421,68.000
0.050,0.014,0.012,21.309,229546.219,7.714,68.000
0.041,0.001,0.009,25.418,-44914.801,-0.142,68.000
0.052,0.001,0.014,24.588,198650.969,3.272,68.000
0.051,0.003,0.014,22.957,214273.750,4.657,68.000
0.049,0.012,0.012,19.810,249406.656,8.991,68.000
0.051,0.004,0.010,20.730,277244.062,5.955,68.000
0.052,0.001,0.015,24.149,202692.125,2.630,68.000
0.050,0.006,0.015,20.275,227614.344,6.597,68.000
0.048,0.009,0.012,21.943,272265.625,8.929,68.000
0.052,0.001,0.014,25.644,189369.438,2.544,68.000
0.050,0.009,0.010,19.698,260070.688,8.001,68.000
0.051,0.008,0.013,21.077,248924.219,8.206,68.000
0.046,0.002,0.016,22.410,180524.469,2.834,68.000
0.060,0.001,0.014,21.287,131847.312,-0.626,68.000
0.044,0.000,0.006,24.016,-10706.789,0.001,68.000
0.000,0.012,0.011,16.191,67365.758,9.179,68.000
0.050,0.003,0.014,23.058,224030.375,5.185,68.000
0.051,0.009,0.014,19.540,227536.906,7.519,68.000
0.058,0.001,0.006,19.131,191892.500,2.509,68.000
0.051,0.017,0.011,20.622,216403.188,8.361,68.000
0.049,0.013,0.012,20.156,248453.031,8.964,68.000
0.055,0.001,0.018,25.107,62723.305,0.031,68.000
0.050,0.003,0.011,21.691,277901.438,5.687,68.000
0.050,0.009,0.014,19.086,241205.219,7.639,68.000
0.051,0.020,0.011,21.349,211286.438,7.805,68.000
0.046,0.000,0.020,19.813,130375.867,1.408,68.000
0.049,0.005,0.010,20.246,270559.344,6.269,68.000
0.046,0.000,0.011,32.702,-64141.363,-2.370,68.000
0.051,0.014,0.014,20.134,221257.625,6.578,68.000
0.050,0.009,0.013,21.072,248950.750,8.427,68.000
0.058,0.000,0.009,25.256,28260.414,1.080,68.000
0.048,0.010,0.012,19.943,268362.594,9.454,68.000
0.048,0.003,0.014,23.245,233139.594,5.866,68.000
0.049,0.013,0.012,19.697,257302.125,9.217,68.000
0.048,0.015,0.011,19.968,247967.125,9.755,68.000
0.050,0.001,0.003,23.280,105731.164,1.348,68.000
0.043,0.001,0.013,24.348,104375.336,1.127,68.000
0.050,0.000,0.022,20.903,11202.195,0.931,68.000
0.050,0.002,0.008,23.041,252293.188,4.195,68.000
0.049,0.003,0.014,23.580,221470.312,5.108,68.000
0.049,0.009,0.011,21.085,265472.781,8.832,68.000
0.050,0.025,0.010,20.106,223397.562,8.989,68.000
0.055,0.001,0.022,21.124,168931.000,2.835,68.000
0.050,0.010,0.010,19.927,241386.688,7.734,68.000
0.043,0.001,0.009,23.297,147215.969,1.415,68.000
0.050,0.027,0.014,20.457,71285.461,1.874,68.000
0.053,0.001,0.014,24.002,187155.406,3.124,68.000
0.049,0.019,0.014,22.203,254558.625,7.536,68.000
0.046,0.001,0.021,23.177,78423.227,0.826,68.000
0.049,0.001,0.017,24.161,205670.656,2.582,68.000
0.053,0.001,0.012,23.710,246044.188,4.607,68.000
0.046,0.001,0.009,26.781,186729.750,2.754,68.000
0.051,0.001,0.006,25.043,96387.727,1.555,68.000
0.040,0.001,0.008,19.151,94604.648,0.788,68.000
0.055,0.001,0.021,21.925,121658.773,2.029,68.000
0.049,0.001,0.007,28.210,120505.430,2.807,68.000
0.046,0.001,0.018,21.358,179135.281,2.659,68.000
0.051,0.006,0.014,20.388,222680.500,6.565,68.000
0.050,0.013,0.012,20.402,226054.469,8.134,68.000
0.050,0.001,0.007,23.534,216354.406,3.556,68.000
0.046,0.001,0.013,26.850,156744.531,2.754,68.000
0.049,0.020,0.011,20.323,224207.375,9.319,68.000
0.045,0.001,0.014,26.715,139485.406,2.545,68.000
0.100,0.011,0.011,22.477,93682.508,9.635,68.000
0.051,0.005,0.012,21.728,252781.406,6.041,68.000
0.043,0.000,0.016,24.689,-46913.570,-2.045,68.000
0.054,0.001,0.018,22.207,198429.531,2.345,68.000
0.056,0.002,0.012,22.547,185769.375,3.457,68.000
0.052,0.008,0.014,19.884,228697.844,7.398,68.000
0.050,0.001,0.003,19.585,225411.125,2.042,68.000
0.049,0.000,0.017,24.903,24046.117,0.563,68.000
0.051,0.013,0.010,20.124,204279.094,7.054,68.000
0.048,0.004,0.012,22.927,285158.375,6.728,68.000
0.048,0.009,0.014,20.335,240713.812,7.881,68.000
0.049,0.008,0.011,21.791,274495.688,8.789,68.000
0.099,0.013,0.012,21.627,213265.125,7.812,68.000
0.047,0.002,0.012,23.080,262013.281,5.166,68.000
0.043,0.000,0.014,21.199,39850.555,0.273,68.000
0.055,0.000,0.006,24.236,50999.727,1.776,68.000
0.049,0.026,0.013,21.524,236552.812,9.031,68.000
0.057,0.000,0.019,22.852,68448.883,-0.037,68.000
0.050,0.021,0.013,21.858,239832.219,7.944,68.000
0.061,0.000,0.014,20.780,133837.781,-0.948,68.000
0.059,0.000,0.008,21.353,20799.773,2.433,68.000
0.056,0.000,0.005,19.404,140288.531,3.100,68.000
0.049,0.025,0.012,20.876,229984.812,9.348,68.000
0.051,0.016,0.013,21.324,214073.438,6.241,68.000
0.042,0.000,0.010,24.454,-44313.539,-0.468,68.000
0.051,0.012,0.014,19.823,214198.000,7.056,68.000
0.042,0.001,0.007,21.833,110984.508,1.349,68.000
0.045,0.000,0.008,28.440,-45901.340,-0.335,68.000
0.052,0.001,0.015,29.322,120491.602,1.416,68.000
0.050,0.027,0.011,16.433,145073.750,3.383,68.000
0.053,0.001,0.018,22.098,193051.406,2.486,68.000
0.049,0.010,0.010,20.825,237767.219,7.931,68.000
0.050,0.006,0.014,20.775,233216.375,6.873,68.000
0.047,0.002,0.007,22.102,219557.844,3.084,68.000
0.052,0.012,0.010,20.007,199174.500,6.958,68.000
0.057,0.001,0.007,25.247,87848.852,1.818,68.000
0.048,0.026,0.011,19.591,234955.938,9.944,68.000
0.049,0.016,0.013,20.172,225169.250,7.313,68.000
0.049,0.026,0.010,18.624,242537.531,9.603,68.000
0.052,0.025,0.012,22.499,222033.250,6.814,68.000
0.051,0.010,0.014,19.418,224752.906,7.456,68.000
0.050,0.023,0.011,21.298,220818.250,8.912,68.000
0.047,0.001,0.009,25.582,215256.062,3.327,68.000
0.051,0.001,0.018,22.324,190576.125,2.684,68.000
0.051,0.010,0.012,20.475,236240.438,8.333,68.000
0.058,0.001,0.007,23.164,123840.867,2.664,68.000
0.043,0.000,0.007,21.150,17801.750,-0.071,68.000
0.052,0.002,0.010,22.953,262643.438,4.848,68.000
0.051,0.015,0.011,20.780,212850.156,7.496,68.000
0.050,0.022,0.011,21.149,219019.156,8.798,68.000
0.047,0.002,0.008,22.905,235591.938,3.687,68.000
0.052,0.011,0.011,20.033,195569.156,6.975,68.000
0.046,0.002,0.013,22.760,230605.312,4.512,68.000
0.049,0.009,0.014,19.029,233830.500,7.570,68.000
0.048,0.015,0.012,19.864,244977.469,9.533,68.000
0.040,0.001,0.015,18.068,115811.023,2.547,68.000
0.053,0.002,0.006,21.256,219901.281,3.031,68.000
0.048,0.022,0.011,20.173,225564.344,9.839,68.000
0.099,0.012,0.011,24.599,189126.031,7.649,68.000
0.051,0.001,0.019,22.744,189720.094,2.983,68.000
0.049,0.001,0.011,30.595,127630.258,2.653,68.000
0.058,0.001,0.008,25.420,43893.727,1.492,68.000
0.049,0.022,0.011,20.442,223983.500,9.467,68.000
0.051,0.021,0.011,20.940,211112.625,8.465,68.000
0.050,0.019,0.011,20.423,212929.062,8.877,68.000
0.052,0.016,0.012,21.851,200496.656,6.023,68.000
0.046,0.000,0.006,24.745,5593.688,0.710,68.000
0.042,0.000,0.012,24.532,13971.312,-1.548,68.000
0.058,0.001,0.017,20.226,192986.500,1.333,68.000
0.057,0.001,0.018,20.416,176135.562,1.264,68.000
0.002,0.012,0.013,20.940,213791.469,7.522,68.000
0.058,0.001,0.016,20.200,185523.562,1.046,68.000
0.048,0.002,0.015,23.772,198440.188,3.381,68.000
0.051,0.025,0.013,23.382,228921.844,6.914,68.000
0.046,0.001,0.010,28.883,136622.812,2.283,68.000
0.056,0.001,0.010,24.140,205674.469,4.050,68.000
0.050,0.005,0.014,21.790,230459.312,6.335,68.000
0.003,0.013,0.011,21.325,192031.344,7.347,68.000
0.048,0.020,0.013,20.899,255242.375,8.883,68.000
0.050,0.018,0.014,21.917,242764.875,6.860,68.000
0.053,0.001,0.012,30.299,104228.008,2.334,68.000
0.051,0.012,0.010,19.742,211405.125,6.873,68.000
0.049,0.001,0.019,22.099,188209.562,2.847,68.000
0.050,0.019,0.011,20.437,219343.344,8.915,68.000
0.052,0.004,0.013,21.757,223765.281,5.075,68.000
0.056,0.001,0.006,22.645,166331.812,2.750,68.000
0.042,0.001,0.015,20.849,128265.727,2.252,68.000
0.049,0.001,0.012,31.736,118427.227,2.614,68.000
0.051,0.017,0.011,20.561,215407.656,8.294,68.000
0.042,0.000,0.012,22.413,61827.258,-0.556,68.000
0.057,0.000,0.017,24.219,80512.727,-0.372,68.000
0.052,0.001,0.005,20.556,216732.906,2.564,68.000
0.051,0.011,0.014,19.795,228156.438,7.836,68.000
0.048,0.009,0.012,20.839,271728.906,9.169,68.000
0.048,0.016,0.013,19.495,235566.938,7.854,68.000
0.049,0.006,0.014,22.164,236589.281,6.865,68.000
0.048,0.013,0.010,20.623,231681.312,7.906,68.000
0.053,0.001,0.010,23.033,253111.938,4.697,68.000
0.049,0.007,0.013,22.318,271434.281,8.254,68.000
0.052,0.008,0.010,18.575,255033.375,6.775,68.000
0.048,0.016,0.011,19.780,235065.781,9.688,68.000
0.047,0.000,0.015,27.687,8543.656,0.192,68.000
0.058,0.001,0.014,25.278,123496.070,0.931,68.000
0.049,0.007,0.013,22.475,271484.750,8.163,68.000
0.060,0.001,0.014,20.957,141019.188,-0.484,68.000
0.053,0.001,0.014,29.615,75588.898,1.022,68.000
0.047,0.001,0.008,23.047,236189.625,3.592,68.000
0.050,0.011,0.015,17.915,222933.938,7.252,68.000
0.052,0.010,0.012,20.164,202884.188,7.044,68.000
0.051,0.006,0.013,21.889,235697.219,6.301,68.000
0.050,0.007,0.011,20.447,297383.906,7.945,68.000
0.051,0.027,0.010,17.600,170090.312,6.488,68.000
0.048,0.016,0.012,19.306,240193.969,9.660,68.000
0.098,0.011,0.012,21.099,204436.469,6.311,68.000
0.050,0.004,0.014,22.635,221393.594,5.717,68.000
0.049,0.015,0.012,20.331,234229.000,8.314,68.000
0.050,0.023,0.011,21.557,220937.219,8.505,68.000
0.051,0.023,0.012,22.580,225732.438,7.496,68.000
0.051,0.012,0.014,19.299,216072.625,7.103,68.000
0.052,0.005,0.011,20.839,273339.688,5.993,68.000
0.057,0.001,0.008,21.662,191521.469,2.955,68.000
0.042,0.001,0.005,20.664,55472.633,1.585,68.000
0.058,0.001,0.009,22.311,160628.750,3.351,68.000
0.060,0.001,0.013,21.209,131766.375,0.433,68.000
0.057,0.000,0.013,27.512,26139.227,1.969,68.000
0.051,0.025,0.010,20.079,229080.500,8.526,68.000
0.049,0.006,0.011,21.095,296622.062,7.465,68.000
0.049,0.001,0.012,24.491,269069.031,4.426,68.000
0.051,0.011,0.011,20.371,219798.562,8.043,68.000
0.048,0.014,0.011,19.778,248690.500,8.800,68.000
0.041,0.001,0.008,20.173,111160.477,0.865,68.000
0.052,0.001,0.005,19.777,223170.500,2.387,68.000
0.049,0.017,0.010,19.852,221522.625,9.642,68.000
0.056,0.000,0.014,26.057,45252.945,1.100,68.000
0.043,0.001,0.005,19.760,133754.344,1.736,68.000
0.050,0.024,0.012,22.049,228679.125,8.235,68.000
0.099,0.013,0.012,21.438,215087.594,7.198,68.000
0.046,0.000,0.021,20.663,78199.164,0.838,68.000
0.050,0.013,0.014,19.407,221649.156,7.162,68.000
0.050,0.001,0.022,22.053,155140.281,2.626,68.000
0.047,0.002,0.011,22.416,262880.719,4.431,68.000
0.052,0.009,0.012,20.570,230732.844,7.783,68.000
0.052,0.020,0.012,21.791,217156.562,7.464,68.000
0.050,0.003,0.010,22.468,275689.062,5.354,68.000
0.050,0.021,0.012,20.889,233451.844,8.495,68.000
0.059,0.001,0.016,20.641,143204.875,-0.430,68.000
0.051,0.007,0.013,22.110,251302.781,7.483,68.000
0.050,0.003,0.009,22.067,275188.938,5.547,68.000
0.049,0.001,0.003,20.653,202339.469,1.901,68.000
0.049,0.001,0.018,23.176,186269.031,2.352,68.000
0.051,0.001,0.002,23.760,65101.602,1.325,68.000
0.047,0.001,0.006,23.996,94339.148,1.629,68.000
0.051,0.017,0.012,21.030,216049.375,6.968,68.000
0.052,0.008,0.012,20.724,232297.125,7.574,68.000
0.051,0.019,0.011,21.417,212631.281,8.094,68.000
0.052,0.000,0.022,19.720,67383.258,2.943,68.000
0.052,0.001,0.001,21.182,146504.594,1.559,68.000
0.048,0.011,0.011,20.783,247817.969,8.785,68.000
0.052,0.027,0.012,23.995,187566.188,4.180,68.000
0.044,0.001,0.014,28.179,69897.367,1.122,68.000
0.051,0.006,0.014,21.470,228161.406,6.231,68.000
0.053,0.001,0.019,23.074,194348.031,2.498,68.000
0.051,0.000,0.008,29.173,55852.477,1.600,68.000
0.051,0.002,0.015,24.165,206532.219,3.175,68.000
0.052,0.000,0.005,26.090,17219.305,1.908,68.000
0.050,0.000,0.020,21.618,-7218.711,-0.191,68.000
0.048,0.001,0.005,23.225,131788.625,1.769,68.000
0.054,0.001,0.003,18.418,238644.844,2.599,68.000
0.054,0.001,0.008,22.650,215608.125,3.883,68.000
0.047,0.001,0.015,29.022,118114.961,1.391,68.000
0.047,0.000,0.005,21.958,116988.289,1.579,68.000
0.050,0.001,0.019,22.489,186593.156,3.110,68.000
0.048,0.019,0.013,21.032,254422.562,8.260,68.000
0.050,0.021,0.012,20.902,224244.469,8.455,68.000
0.052,0.004,0.013,21.836,229256.219,5.051,68.000
0.052,0.006,0.011,19.829,279819.594,6.623,68.000
0.055,0.000,0.009,28.825,-18594.688,1.406,68.000
0.052,0.012,0.014,20.217,213950.406,7.008,68.000
0.049,0.025,0.012,21.269,230793.469,9.171,68.000
0.051,0.001,0.007,28.144,87793.164,1.992,68.000
0.043,0.001,0.015,21.874,120224.539,1.923,68.000
0.051,0.025,0.011,21.628,219320.562,7.722,68.000
0.054,0.001,0.020,23.420,127640.570,2.113,68.000
0.044,0.000,0.014,23.072,44247.742,0.126,68.000
0.052,0.020,0.012,21.842,223313.625,7.331,68.000
0.049,0.010,0.014,20.446,240045.219,8.175,68.000
0.050,0.003,0.015,23.557,209554.781,4.371,68.000
0.047,0.001,0.020,23.192,85930.367,1.354,68.000
0.055,0.002,0.016,21.725,212842.344,2.520,68.000
0.051,0.005,0.013,22.051,251311.438,6.281,68.000
0.045,0.001,0.010,22.408,242409.812,3.190,68.000
0.098,0.014,0.013,21.093,213854.469,7.408,68.000
0.051,0.001,0.013,27.266,226873.906,4.156,68.000
0.054,0.000,0.014,32.046,-23029.305,-1.070,68.000
0.039,0.001,0.011,20.834,71891.508,0.768,68.000
0.049,0.005,0.011,21.259,288948.406,6.690,68.000
0.050,0.006,0.013,22.696,257641.875,7.510,68.000
0.052,0.000,0.011,33.778,-51178.332,-0.978,68.000
0.058,0.001,0.009,23.864,34110.570,0.920,68.000
0.050,0.000,0.003,24.658,-16540.531,0.186,68.000
0.049,0.017,0.012,18.979,231148.844,8.774,68.000
0.052,0.003,0.013,22.064,222345.000,4.689,68.000
0.098,0.014,0.012,21.469,211294.219,8.013,68.000
0.051,0.003,0.010,22.148,276761.031,5.503,68.000
0.052,0.006,0.013,21.370,230515.906,6.044,68.000
0.052,0.006,0.013,21.109,228116.312,6.068,68.000
0.049,0.001,0.015,24.003,201402.344,3.297,68.000
0.051,0.001,0.019,23.721,160859.000,2.613,68.000
0.051,0.022,0.011,21.658,218212.312,8.249,68.000
0.048,0.008,0.013,21.204,275918.406,8.824,68.000
0.053,0.002,0.007,21.335,223860.781,3.331,68.000
0.050,0.003,0.014,23.133,231549.969,5.457,68.000
0.050,0.002,0.010,22.163,275665.500,5.450,68.000
0.048,0.004,0.010,21.755,266519.969,5.918,68.000
0.049,0.006,0.013,23.024,268839.656,7.606,68.000
0.044,0.002,0.016,20.951,155505.688,2.728,68.000
0.044,0.001,0.019,23.429,68326.367,0.618,68.000
0.052,0.019,0.011,21.434,209863.250,7.595,68.000
0.048,0.018,0.012,19.082,231410.062,9.429,68.000
0.050,0.002,0.017,23.169,205303.031,3.174,68.000
0.044,0.000,0.019,21.071,-78830.648,-2.488,68.000
0.043,0.002,0.013,20.849,200217.531,3.907,68.000
0.050,0.000,0.009,32.117,-33029.898,2.230,68.000
0.051,0.003,0.010,21.965,277434.312,5.415,68.000
0.049,0.012,0.013,20.392,240778.281,8.796,68.000
0.042,0.001,0.018,22.238,14113.375,-0.751,68.000
0.051,0.008,0.009,19.067,260066.594,7.136,68.000
0.049,0.000,0.019,23.491,26090.266,0.069,68.000
0.050,0.012,0.012,20.330,224849.781,8.191,68.000
0.050,0.013,0.014,19.736,221993.594,7.378,68.000
0.050,0.014,0.013,20.852,231124.625,7.734,68.000
0.052,0.006,0.011,19.444,277971.969,6.477,68.000
0.049,0.007,0.010,20.538,270602.281,7.581,68.000
0.051,0.001,0.019,21.994,185251.344,2.898,68.000
0.051,0.008,0.014,19.020,238057.375,7.315,68.000
0.058,0.001,0.007,25.691,-15968.648,0.075,68.000
0.045,0.000,0.014,26.098,9738.984,1.506,68.000
0.051,0.019,0.013,22.777,238782.781,6.885,68.000
0.051,0.027,0.013,23.187,215726.094,7.144,68.000
0.049,0.001,0.014,27.711,206941.531,3.665,68.000
0.051,0.005,0.014,22.065,222038.125,5.506,68.000
0.048,0.017,0.012,18.723,233866.312,9.101,68.000
0.050,0.000,0.020,20.747,3775.758,-0.011,68.000
0.050,0.022,0.012,21.714,236006.219,8.059,68.000
0.048,0.001,0.019,21.592,183898.531,2.761,68.000
0.051,0.008,0.010,19.521,258675.531,7.829,68.000
0.048,0.005,0.012,22.514,297449.219,7.289,68.000
0.049,0.027,0.013,21.201,159324.438,6.525,68.000
0.040,0.001,0.011,22.146,81791.148,0.774,68.000
0.045,0.001,0.002,19.377,166868.781,1.237,68.000
0.048,0.018,0.010,19.622,224505.344,10.155,68.000
0.054,0.002,0.013,23.668,207987.188,4.030,68.000
0.049,0.019,0.013,21.481,251858.875,7.907,68.000
0.051,0.011,0.014,18.593,216126.344,7.085,68.000
0.058,0.001,0.008,26.178,973.508,0.598,68.000
0.049,0.008,0.014,21.483,252522.094,8.115,68.000
0.045,0.001,0.017,22.552,171234.656,2.534,68.000
0.045,0.000,0.013,32.746,18281.531,1.765,68.000
0.050,0.009,0.012,21.266,254829.000,8.744,68.000
0.049,0.019,0.011,19.804,221619.344,9.340,68.000
0.050,0.003,0.013,22.826,245463.188,5.421,68.000
0.043,0.001,0.012,21.838,208847.375,2.888,68.000
0.048,0.024,0.012,20.740,228417.969,9.907,68.000
0.040,0.001,0.013,19.967,106338.648,1.530,68.000
0.052,0.019,0.012,21.805,209916.031,7.046,68.000
0.050,0.002,0.015,23.699,207061.219,4.112,68.000
0.045,0.000,0.009,24.473,72904.914,-0.372,68.000
0.049,0.003,0.010,22.099,272871.406,5.550,68.000
0.042,0.001,0.008,21.083,137333.594,1.113,68.000
0.051,0.006,0.012,21.731,268205.688,7.257,68.000
0.046,0.001,0.014,22.036,195825.906,3.575,68.000
0.054,0.001,0.011,23.002,241551.219,4.637,68.000
0.052,0.001,0.004,22.943,101054.586,1.298,68.000
0.051,0.005,0.009,20.579,273894.656,6.195,68.000
0.057,0.001,0.019,21.056,170061.531,1.462,68.000
0.049,0.009,0.014,20.254,240911.812,7.915,68.000
0.049,0.021,0.011,20.227,225056.969,9.212,68.000
0.048,0.002,0.011,22.255,264816.844,5.051,68.000
0.059,0.001,0.013,24.269,140310.125,1.271,68.000
0.056,0.000,0.020,23.644,-3409.453,0.693,68.000
0.050,0.000,0.019,23.539,66217.727,3.116,68.000
0.051,0.009,0.013,20.545,235279.781,8.092,68.000
0.050,0.001,0.014,33.019,48845.602,1.009,68.000
0.044,0.000,0.012,28.934,-25085.203,-1.132,68.000
0.048,0.024,0.011,20.037,215600.312,9.800,68.000
0.051,0.019,0.012,21.213,210975.375,7.462,68.000
0.049,0.021,0.012,20.544,245351.406,9.096,68.000
0.047,0.001,0.020,20.807,164661.250,2.583,68.000
0.049,0.018,0.013,20.713,241742.406,7.858,68.000
0.047,0.001,0.019,22.487,182535.531,2.595,68.000
0.048,0.001,0.022,20.623,166123.969,2.831,68.000
0.056,0.001,0.019,26.577,33152.930,0.125,68.000
0.045,0.001,0.011,22.459,245784.938,3.341,68.000
0.050,0.017,0.011,20.091,224400.219,8.863,68.000
0.051,0.011,0.012,20.487,220074.719,7.930,68.000
0.050,0.003,0.015,22.804,214322.875,4.797,68.000
0.046,0.001,0.016,23.897,181025.062,2.433,68.000
0.048,0.017,0.011,19.605,237436.031,9.790,68.000
0.050,0.005,0.013,22.957,267399.688,6.548,68.000
0.048,0.010,0.013,20.160,255583.812,9.059,68.000
0.045,0.000,0.009,26.119,11125.250,3.186,68.000
0.049,0.017,0.010,19.810,221984.125,9.716,68.000
0.044,0.002,0.013,21.565,212972.156,4.134,68.000
0.054,0.001,0.020,23.568,104729.992,1.613,68.000
0.100,0.011,0.013,20.073,65710.320,11.315,68.000
0.046,0.000,0.006,22.462,-298.523,1.557,68.000
0.053,0.001,0.019,22.266,190043.562,2.578,68.000
0.052,0.008,0.014,19.104,234791.906,7.099,68.000
0.002,0.013,0.013,20.883,219207.938,7.598,68.000
0.046,0.001,0.005,20.836,189114.812,1.964,68.000
0.048,0.001,0.015,23.374,196637.969,3.401,68.000
0.057,0.000,0.007,23.496,-11710.211,3.585,68.000
0.049,0.004,0.013,23.174,258493.125,6.108,68.000
0.050,0.009,0.014,19.955,244931.938,7.943,68.000
0.052,0.013,0.012,20.667,194253.656,6.571,68.000
0.051,0.027,0.010,19.996,233345.719,8.345,68.000
0.052,0.001,0.016,26.984,137797.688,0.760,68.000
0.050,0.014,0.012,20.035,241541.688,8.560,68.000
0.046,0.000,0.010,32.541,-49814.957,-1.503,68.000
0.049,0.003,0.014,23.628,229149.625,5.543,68.000
0.059,0.001,0.006,19.545,184690.469,2.846,68.000
0.045,0.001,0.006,23.802,69012.414,1.543,68.000
0.050,0.022,0.014,23.121,235894.688,7.515,68.000
0.042,0.000,0.018,21.748,12151.508,-0.860,68.000
0.050,0.005,0.014,21.564,225789.656,6.343,68.000
0.050,0.019,0.013,21.084,236736.375,7.953,68.000
0.099,0.011,0.013,22.328,208220.906,6.555,68.000
0.048,0.010,0.012,19.896,266006.281,9.436,68.000
0.055,0.001,0.017,24.557,152895.938,0.672,68.000
0.055,0.000,0.012,32.138,-15121.117,0.381,68.000
0.041,0.001,0.012,25.956,20619.312,-0.328,68.000
0.051,0.020,0.012,21.132,227124.562,7.931,68.000
0.050,0.000,0.005,28.765,-67838.266,1.624,68.000
0.052,0.009,0.013,20.363,228195.656,7.850,68.000
0.051,0.022,0.014,23.308,236924.781,7.081,68.000
0.052,0.025,0.011,22.464,221255.844,7.330,68.000
0.049,0.025,0.012,21.298,226214.812,9.122,68.000
0.050,0.015,0.011,20.256,230040.500,8.218,68.000
0.051,0.010,0.010,19.364,229351.344,7.231,68.000
0.053,0.002,0.009,22.719,247501.844,4.590,68.000
0.051,0.001,0.005,20.532,222231.906,2.337,68.000
0.056,0.001,0.019,26.590,18833.633,-1.066,68.000
0.050,0.023,0.010,20.006,224836.281,9.106,68.000
0.059,0.000,0.012,27.030,27736.164,1.027,68.000
0.044,0.001,0.014,21.832,194302.531,3.241,68.000
0.049,0.009,0.013,20.932,256891.500,8.695,68.000
0.052,0.027,0.013,19.064,85444.836,1.305,68.000
0.050,0.017,0.014,21.620,234695.688,6.660,68.000
0.050,0.026,0.012,21.571,232883.688,8.631,68.000
0.050,0.010,0.013,20.709,243701.125,8.440,68.000
0.051,0.018,0.013,22.153,227350.312,6.775,68.000
0.052,0.000,0.012,28.624,82175.633,2.309,68.000
0.057,0.000,0.018,22.252,138158.438,-0.245,68.000
0.049,0.000,0.019,22.534,-13104.031,0.298,68.000
0.052,0.002,0.012,23.029,262074.312,5.167,68.000
0.056,0.000,0.015,23.351,57417.539,1.228,68.000
0.044,0.000,0.020,20.132,-95285.203,-1.759,68.000
0.051,0.003,0.013,22.672,242582.875,5.054,68.000
0.048,0.000,0.020,21.930,24190.102,0.538,68.000
0.051,0.022,0.011,21.507,217444.062,8.256,68.000
0.051,0.015,0.013,21.113,214686.562,6.525,68.000
0.057,0.001,0.019,21.433,165337.781,1.187,68.000
0.049,0.016,0.013,20.167,226896.656,7.425,68.000
0.051,0.001,0.019,22.593,188352.531,3.091,68.000
0.048,0.012,0.012,19.678,258998.656,9.416,68.000
0.051,0.013,0.014,20.389,215323.938,6.982,68.000
0.059,0.000,0.014,23.356,-8245.203,1.341,68.000
0.051,0.000,0.012,30.195,152805.906,3.107,68.000
0.049,0.026,0.011,19.833,231411.875,9.411,68.000
0.052,0.003,0.013,22.601,226236.812,4.662,68.000
0.002,0.011,0.011,21.321,177017.875,7.612,68.000
0.051,0.021,0.010,20.658,216991.344,8.981,68.000
0.056,0.001,0.007,22.888,190243.969,3.142,68.000
0.049,0.001,0.011,24.556,269135.188,4.436,68.000
0.049,0.024,0.014,22.248,230851.344,8.511,68.000
0.048,0.013,0.012,19.710,260248.906,9.420,68.000
0.052,0.015,0.013,21.021,211319.250,6.083,68.000
0.052,0.002,0.006,20.659,220622.031,2.529,68.000
0.055,0.001,0.008,24.588,160023.531,2.977,68.000
0.042,0.000,0.005,16.431,28515.852,1.562,68.000
0.043,0.001,0.013,21.086,194580.625,3.578,68.000
0.057,0.001,0.008,25.823,66821.539,2.021,68.000
0.042,0.001,0.014,23.894,71847.508,1.166,68.000
0.050,0.010,0.012,20.469,232443.156,8.443,68.000
0.050,0.021,0.014,22.911,245918.406,7.115,68.000
0.050,0.026,0.014,23.272,234871.500,8.162,68.000
0.055,0.001,0.015,22.783,194643.219,1.546,68.000
0.050,0.019,0.011,20.555,219092.906,8.586,68.000
0.099,0.011,0.011,21.642,206688.688,6.803,68.000
0.056,0.002,0.015,20.146,200730.406,1.945,68.000
0.052,0.010,0.013,20.201,217058.250,7.526,68.000
0.052,0.005,0.010,19.452,266206.375,5.900,68.000
0.050,0.023,0.010,20.397,218770.562,9.004,68.000
0.052,0.014,0.012,21.742,208163.438,6.928,68.000
0.053,0.001,0.003,19.141,223489.562,2.477,68.000
0.049,0.012,0.010,20.659,228954.188,7.901,68.000
0.051,0.019,0.011,21.110,214553.312,8.100,68.000
0.043,0.001,0.015,22.360,129888.477,2.029,68.000
0.043,0.001,0.014,19.702,185030.719,3.290,68.000
0.049,0.001,0.019,23.556,160230.219,1.951,68.000
0.051,0.001,0.019,24.094,130595.695,1.844,68.000
0.048,0.001,0.006,21.236,210778.781,2.350,68.000
0.055,0.001,0.010,22.318,226417.000,4.052,68.000
0.058,0.000,0.018,23.132,101683.633,-0.903,68.000
0.049,0.006,0.014,21.957,236220.156,6.740,68.000
0.049,0.012,0.012,19.769,254030.938,9.142,68.000
0.051,0.000,0.021,20.489,53284.383,1.860,68.000
0.053,0.000,0.010,34.126,-28250.086,-0.232,68.000
0.053,0.001,0.020,22.317,157102.062,2.440,68.000
0.048,0.000,0.017,25.879,-7616.281,-0.982,68.000
0.051,0.025,0.010,20.390,224940.000,8.410,68.000
0.049,0.013,0.011,19.772,246801.062,8.726,68.000
0.053,0.001,0.019,24.273,137313.156,1.660,68.000
0.050,0.001,0.004,19.655,223163.812,2.001,68.000
0.048,0.018,0.012,18.822,240423.344,9.551,68.000
0.059,0.001,0.016,21.588,123955.898,-0.427,68.000
0.053,0.001,0.016,26.141,136075.688,0.673,68.000
0.050,0.020,0.010,20.528,220661.281,9.520,68.000
0.049,0.012,0.013,20.484,237648.562,8.202,68.000
0.048,0.002,0.012,23.082,260343.719,4.943,68.000
0.098,0.012,0.013,21.394,213116.406,6.609,68.000
0.057,0.000,0.014,23.286,84070.883,5.306,68.000
0.050,0.020,0.014,22.606,249703.156,7.005,68.000
0.051,0.024,0.013,22.758,225784.875,7.245,68.000
0.051,0.007,0.011,20.114,277458.375,7.479,68.000
0.043,0.000,0.013,24.142,75922.820,-0.553,68.000
0.049,0.027,0.012,19.642,125634.164,6.041,68.000
0.049,0.001,0.009,25.027,266434.844,4.460,68.000
0.055,0.001,0.019,24.322,71746.883,0.692,68.000
0.098,0.014,0.011,21.416,211034.719,7.994,68.000
0.047,0.001,0.015,26.048,195672.375,2.647,68.000
0.060,0.000,0.012,23.764,-46200.086,0.072,68.000
0.050,0.000,0.019,22.908,60306.711,1.207,68.000
0.048,0.007,0.012,22.710,287876.812,8.196,68.000
0.049,0.025,0.012,21.220,227785.844,9.081,68.000
0.044,0.001,0.014,21.501,202812.531,3.459,68.000
0.050,0.004,0.009,21.343,274737.531,5.689,68.000
0.055,0.001,0.007,23.120,189598.125,3.245,68.000
0.049,0.008,0.014,21.420,252400.594,8.196,68.000
0.050,0.017,0.010,19.631,222710.562,9.201,68.000
0.050,0.007,0.010,19.429,273202.469,7.378,68.000
0.051,0.018,0.012,21.082,222720.375,7.517,68.000
0.052,0.011,0.011,19.930,196591.656,6.914,68.000
0.057,0.002,0.010,21.243,208767.094,3.506,68.000
0.044,0.001,0.005,21.358,113997.148,1.591,68.000
0.042,0.001,0.019,20.079,119456.258,1.018,68.000
0.048,0.015,0.012,19.975,245029.000,9.262,68.000
0.041,0.001,0.007,22.009,77839.992,1.161,68.000
0.049,0.017,0.010,20.010,227705.938,9.934,68.000
0.052,0.012,0.014,19.714,211257.594,6.934,68.000
0.045,0.000,0.013,29.775,5295.492,-0.679,68.000
0.051,0.013,0.011,20.051,221170.812,7.697,68.000
0.051,0.017,0.010,19.998,209635.969,8.510,68.000
0.048,0.001,0.007,24.587,212482.719,3.549,68.000
0.057,0.001,0.019,21.434,172348.219,1.230,68.000
0.046,0.000,0.014,26.068,31815.539,1.466,68.000
0.051,0.003,0.013,23.224,225658.625,4.861,68.000
0.051,0.022,0.012,21.897,231782.094,7.579,68.000
0.051,0.018,0.013,21.951,221181.875,6.873,68.000
0.050,0.018,0.011,20.392,218249.031,8.752,68.000
0.053,0.001,0.013,27.409,121914.758,1.981,68.000
0.045,0.001,0.007,23.554,145133.281,2.228,68.000
0.052,0.002,0.013,23.868,212091.531,4.147,68.000
0.050,0.003,0.013,23.775,232945.625,5.269,68.000
0.059,0.001,0.010,20.582,161664.062,2.439,68.000
0.048,0.027,0.011,19.701,234743.156,8.694,68.000
0.051,0.012,0.013,21.203,218428.938,7.527,68.000
0.051,0.010,0.014,18.649,211507.812,6.973,68.000
0.049,0.002,0.013,23.781,234255.062,5.203,68.000
0.045,0.000,0.006,21.974,-8660.656,1.025,68.000
0.059,0.000,0.015,22.811,-6037.273,1.904,68.000
0.057,0.001,0.014,25.032,118266.977,0.920,68.000
0.045,0.000,0.019,22.264,-54443.137,-3.879,68.000
0.044,0.000,0.007,23.772,22055.242,0.409,68.000
0.000,0.013,0.012,17.082,35932.211,10.133,68.000
0.048,0.009,0.011,21.382,255760.469,8.837,68.000
0.052,0.026,0.011,22.071,221100.688,7.291,68.000
0.049,0.019,0.012,19.684,245807.688,8.994,68.000
0.051,0.024,0.011,22.217,222715.094,7.789,68.000
0.052,0.003,0.012,21.957,261596.781,5.311,68.000
0.002,0.012,0.011,21.323,180561.062,7.621,68.000
0.058,0.000,0.010,25.808,56025.867,2.263,68.000
0.049,0.018,0.012,19.301,234314.719,8.415,68.000
0.051,0.018,0.012,21.328,221010.062,7.283,68.000
0.042,0.001,0.011,23.592,160108.094,2.128,68.000
0.050,0.022,0.010,20.067,223614.031,9.244,68.000
0.055,0.002,0.017,20.458,206085.219,2.826,68.000
0.050,0.009,0.011,20.153,269211.562,8.458,68.000
0.050,0.020,0.012,20.662,225450.594,8.595,68.000
0.050,0.007,0.011,21.378,293131.125,8.352,68.000
0.052,0.005,0.014,21.526,222168.531,5.709,68.000
0.050,0.001,0.002,20.317,208906.875,2.065,68.000
0.043,0.001,0.014,21.980,177957.094,3.186,68.000
0.053,0.000,0.020,21.494,75413.602,1.962,68.000
0.048,0.026,0.011,19.388,244234.500,10.025,68.000
0.058,0.001,0.007,21.645,157133.781,2.698,68.000
0.049,0.002,0.015,23.996,200444.750,3.763,68.000
0.049,0.010,0.013,20.530,239917.344,8.453,68.000
0.060,0.001,0.008,20.288,162570.469,2.381,68.000
0.052,0.001,0.017,22.972,210415.719,3.207,68.000
0.049,0.009,0.011,20.872,258667.750,8.649,68.000
0.052,0.014,0.011,20.473,191682.906,6.658,68.000
0.048,0.009,0.013,20.831,264506.188,8.850,68.000
0.051,0.016,0.011,20.570,208130.719,7.692,68.000
0.056,0.001,0.017,24.646,112327.289,0.338,68.000
0.047,0.001,0.007,22.031,209449.688,2.779,68.000
0.047,0.002,0.008,22.994,244147.250,3.919,68.000
0.050,0.016,0.014,21.287,227460.594,6.548,68.000
0.053,0.001,0.018,21.805,199000.938,2.669,68.000
0.056,0.001,0.007,25.214,111405.508,2.000,68.000
0.043,0.001,0.014,23.242,136992.000,2.157,68.000
0.042,0.001,0.013,21.093,163925.656,2.813,68.000
0.052,0.001,0.005,20.666,216159.750,2.509,68.000
0.050,0.003,0.013,23.292,235416.312,5.287,68.000
0.098,0.011,0.012,20.911,205731.812,6.404,68.000
0.049,0.019,0.014,21.900,258299.750,7.929,68.000
0.052,0.014,0.011,21.683,193809.656,6.455,68.000
0.050,0.015,0.013,20.595,220776.938,7.033,68.000
0.048,0.001,0.020,20.982,176617.312,2.984,68.000
0.051,0.009,0.014,19.063,234051.375,7.245,68.000
0.054,0.000,0.009,31.090,-77721.156,0.106,68.000
0.057,0.001,0.008,21.519,187657.594,3.006,68.000
0.056,0.001,0.021,22.169,161030.656,2.594,68.000
0.046,0.001,0.009,26.597,159911.188,2.522,68.000
0.049,0.018,0.012,19.188,237390.906,8.624,68.000
0.000,0.011,0.012,22.487,83966.430,6.102,68.000
0.060,0.000,0.009,21.248,34029.867,2.361,68.000
0.050,0.011,0.013,20.957,228097.000,8.173,68.000
0.050,0.012,0.014,20.106,229415.375,7.638,68.000
0.058,0.001,0.009,22.503,154701.906,3.300,68.000
0.050,0.013,0.011,19.991,238724.906,8.377,68.000
0.051,0.007,0.011,20.647,269873.438,7.768,68.000
0.099,0.011,0.011,22.631,207484.281,6.934,68.000
0.048,0.022,0.013,21.612,242815.625,8.913,68.000
0.042,0.001,0.018,21.073,26561.867,-0.427,68.000
0.045,0.000,0.006,21.415,-5136.008,1.097,68.000
0.049,0.001,0.001,21.831,97569.664,1.068,68.000
0.099,0.012,0.012,21.501,211391.188,7.397,68.000
0.048,0.000,0.005,22.888,86272.508,1.391,68.000
0.052,0.003,0.012,22.862,234269.844,4.808,68.000
0.051,0.003,0.011,21.663,277999.500,5.616,68.000
0.051,0.013,0.014,20.176,217107.938,7.201,68.000
0.049,0.021,0.012,20.338,238074.625,9.304,68.000
0.048,0.001,0.010,24.711,264025.688,3.793,68.000
0.040,0.001,0.013,19.025,123698.695,2.316,68.000
0.050,0.008,0.014,20.952,251510.594,8.003,68.000
0.052,0.024,0.013,23.667,223380.344,6.445,68.000
0.049,0.006,0.012,22.809,285215.500,7.750,68.000
0.046,0.001,0.012,24.395,240241.469,3.980,68.000
0.051,0.010,0.010,19.575,229163.188,7.109,68.000
0.048,0.005,0.014,22.850,239956.844,6.460,68.000
0.060,0.001,0.009,23.568,104090.914,2.480,68.000
0.051,0.001,0.015,28.486,131830.844,1.644,68.000
0.043,0.002,0.011,20.772,200303.375,2.573,68.000
0.048,0.007,0.013,22.136,278061.938,8.339,68.000
0.043,0.001,0.017,21.522,137704.188,1.915,68.000
0.051,0.018,0.013,22.087,228718.719,6.893,68.000
0.045,0.000,0.008,28.877,-48229.594,-0.252,68.000
0.050,0.010,0.014,19.493,232501.281,7.784,68.000
0.056,0.001,0.005,21.107,170486.656,2.269,68.000
0.049,0.008,0.012,22.561,286029.688,8.754,68.000
0.052,0.005,0.012,21.134,262484.688,5.941,68.000
0.055,0.001,0.022,21.382,167645.188,2.775,68.000
0.046,0.001,0.005,20.827,174168.219,1.633,68.000
0.048,0.001,0.020,20.909,174328.406,3.131,68.000
0.049,0.017,0.013,20.329,235503.281,7.649,68.000
0.049,0.002,0.015,23.633,203150.125,4.149,68.000
0.052,0.007,0.014,20.200,224272.562,6.505,68.000
0.048,0.008,0.013,21.573,281798.875,8.862,68.000
0.058,0.000,0.014,22.798,48469.852,-0.179,68.000
0.042,0.000,0.009,23.329,-79021.453,0.847,68.000
0.049,0.005,0.014,22.178,225054.875,6.274,68.000
0.050,0.026,0.010,20.023,228934.625,8.796,68.000
0.051,0.000,0.017,25.837,-75238.219,-1.248,68.000
0.049,0.008,0.012,22.417,280710.469,8.804,68.000
0.050,0.025,0.013,22.651,229024.812,7.868,68.000
0.050,0.020,0.013,21.183,245768.625,8.340,68.000
0.057,0.001,0.014,23.999,161251.344,1.753,68.000
0.048,0.007,0.013,21.988,265912.125,8.283,68.000
0.053,0.001,0.013,24.320,210431.688,4.055,68.000
0.048,0.021,0.013,21.356,251692.031,9.017,68.000
0.052,0.027,0.011,19.542,154700.688,6.128,68.000
0.049,0.016,0.010,19.568,224988.750,8.888,68.000
0.052,0.019,0.012,22.034,211698.031,6.914,68.000
0.047,0.001,0.005,20.261,206117.469,1.955,68.000
0.051,0.005,0.011,20.412,290535.625,6.780,68.000
0.048,0.013,0.010,19.938,234094.219,8.155,68.000
0.051,0.010,0.012,20.655,232290.250,8.207,68.000
0.051,0.026,0.012,21.942,230575.312,7.944,68.000
0.051,0.012,0.013,20.732,224129.281,7.480,68.000
0.058,0.000,0.008,23.115,-26777.453,2.988,68.000
0.049,0.011,0.014,19.699,231556.406,7.783,68.000
0.049,0.007,0.011,21.631,301326.406,8.625,68.000
0.048,0.005,0.012,22.687,287761.625,6.883,68.000
0.051,0.008,0.014,20.253,238155.812,7.787,68.000
0.050,0.004,0.010,21.029,278038.125,6.054,68.000
0.049,0.008,0.010,20.956,278732.438,8.254,68.000
0.061,0.001,0.011,20.417,151216.625,1.805,68.000
0.055,0.000,0.002,23.824,3788.078,0.552,68.000
0.051,0.014,0.011,20.193,218657.656,7.702,68.000
0.045,0.002,0.012,22.284,243565.250,4.297,68.000
0.045,0.001,0.009,24.385,218126.938,2.962,68.000
0.050,0.011,0.011,20.615,225316.000,8.082,68.000
0.051,0.015,0.013,21.166,211365.875,6.642,68.000
0.051,0.004,0.010,21.017,277722.906,5.813,68.000
0.048,0.005,0.013,22.856,284703.438,7.318,68.000
0.042,0.000,0.013,25.489,49632.336,0.995,68.000
0.052,0.010,0.014,19.074,214810.562,7.153,68.000
0.041,0.000,0.009,19.645,-32428.367,1.207,68.000
0.051,0.001,0.018,24.590,132640.531,1.469,68.000
0.051,0.018,0.012,21.296,217729.500,7.212,68.000
0.051,0.003,0.012,22.928,256332.812,5.374,68.000
0.050,0.017,0.011,20.274,215532.188,8.595,68.000
0.049,0.010,0.014,20.543,240200.500,8.197,68.000
0.051,0.025,0.013,22.745,229650.406,7.721,68.000
0.051,0.007,0.010,18.919,270446.312,6.807,68.000
0.048,0.002,0.006,21.293,215742.188,2.582,68.000
0.050,0.001,0.017,27.394,151701.531,1.219,68.000
0.042,0.001,0.014,23.698,118786.852,1.999,68.000
0.040,0.001,0.014,18.210,127050.289,2.468,68.000
0.051,0.010,0.014,19.799,228743.656,7.791,68.000
0.043,0.001,0.017,22.314,75415.648,0.708,68.000
0.048,0.024,0.011,19.393,217601.719,9.689,68.000
0.047,0.001,0.018,24.549,133328.000,1.156,68.000
0.048,0.023,0.011,20.071,218351.719,9.834,68.000
0.057,0.000,0.015,22.971,96904.820,2.965,68.000
0.051,0.025,0.013,23.629,229594.656,7.043,68.000
0.051,0.000,0.005,25.297,14535.867,1.498,68.000
0.050,0.014,0.012,20.908,233913.438,8.069,68.000
0.050,0.003,0.014,23.650,217677.750,4.789,68.000
0.048,0.011,0.011,20.765,254339.312,8.982,68.000
0.050,0.023,0.012,22.151,232216.500,8.155,68.000
0.044,0.001,0.007,22.385,170301.031,2.101,68.000
0.051,0.023,0.011,21.641,217128.781,8.003,68.000
0.052,0.021,0.012,21.933,220404.125,7.348,68.000
0.043,0.000,0.018,22.503,36654.852,-0.320,68.000
0.051,0.026,0.013,23.514,230062.156,7.796,68.000
0.052,0.020,0.012,21.895,219915.406,7.278,68.000
0.050,0.022,0.012,21.744,227129.656,8.444,68.000
0.049,0.023,0.011,20.282,216276.375,9.384,68.000
0.050,0.016,0.010,19.792,220171.750,8.797,68.000
0.052,0.005,0.012,21.251,259885.969,6.202,68.000
0.052,0.001,0.008,23.542,226801.531,4.204,68.000
0.052,0.001,0.019,24.232,134666.250,1.628,68.000
0.049,0.025,0.014,22.249,232085.156,8.603,68.000
0.049,0.006,0.012,22.882,293029.625,8.119,68.000
0.049,0.020,0.011,19.791,227151.375,9.457,68.000
0.048,0.009,0.013,21.026,259814.625,8.608,68.000
0.048,0.021,0.011,19.890,230058.469,9.819,68.000
0.052,0.006,0.011,19.787,280184.844,6.823,68.000
0.049,0.008,0.015,18.877,236589.906,7.213,68.000
0.057,0.001,0.005,17.992,225844.906,2.533,68.000
0.049,0.024,0.010,19.603,221408.625,9.497,68.000
0.047,0.000,0.018,25.259,6083.086,-0.336,68.000
0.048,0.004,0.012,22.420,284885.156,6.690,68.000
0.050,0.024,0.010,19.802,224203.188,9.242,68.000
0.048,0.006,0.013,22.627,273245.125,7.916,68.000
0.046,0.002,0.011,21.751,252946.719,3.519,68.000
0.041,0.000,0.012,23.758,16443.453,-0.140,68.000
0.050,0.004,0.013,23.004,253804.438,6.032,68.000
0.052,0.010,0.011,19.590,204596.438,6.945,68.000
0.050,0.000,0.001,26.614,-49174.594,0.827,68.000
0.053,0.000,0.012,31.044,5814.008,1.670,68.000
0.052,0.000,0.006,25.645,-16973.156,2.192,68.000
0.051,0.001,0.019,24.148,110042.898,1.472,68.000
0.052,0.000,0.022,19.143,52448.242,1.999,68.000
0.045,0.001,0.014,21.603,211180.625,3.838,68.000
0.048,0.001,0.001,19.670,198919.750,2.044,68.000
0.050,0.007,0.010,19.813,286076.312,7.926,68.000
0.048,0.018,0.011,19.365,229809.406,9.769,68.000
0.051,0.000,0.004,29.042,-65396.219,1.679,68.000
0.049,0.000,0.019,23.124,20108.336,-1.010,68.000
0.044,0.001,0.010,26.323,109013.742,1.368,68.000
0.048,0.016,0.013,19.874,235230.344,7.594,68.000
0.042,0.001,0.019,21.094,76390.023,0.282,68.000
0.043,0.001,0.016,20.591,125780.398,2.220,68.000
0.098,0.012,0.011,21.166,205820.531,7.092,68.000
0.052,0.008,0.013,20.475,225203.750,7.165,68.000
0.050,0.001,0.018,23.474,191237.531,2.375,68.000
0.048,0.009,0.011,21.600,269484.031,8.622,68.000
0.048,0.002,0.013,23.642,248413.875,4.890,68.000
0.044,0.001,0.011,24.996,160160.562,1.809,68.000
0.056,0.001,0.016,22.738,180281.656,1.508,68.000
0.049,0.001,0.022,21.324,167793.500,2.854,68.000
0.049,0.018,0.013,20.232,238330.844,7.977,68.000
0.057,0.000,0.010,25.207,4698.695,1.667,68.000
0.049,0.014,0.011,19.665,246437.625,9.042,68.000
0.045,0.001,0.016,23.289,157434.750,2.440,68.000
0.051,0.012,0.013,21.413,219873.938,7.617,68.000
0.049,0.012,0.013,20.426,241142.406,8.650,68.000
0.042,0.001,0.007,21.920,20778.039,0.958,68.000
0.051,0.001,0.004,22.054,136071.250,1.249,68.000
0.055,0.001,0.011,22.839,236938.562,4.526,68.000
0.049,0.010,0.010,20.828,239949.875,7.856,68.000
0.051,0.002,0.016,23.476,211333.094,3.211,68.000
0.050,0.018,0.011,20.192,212869.562,8.785,68.000
0.053,0.001,0.014,27.912,51200.758,0.415,68.000
0.051,0.010,0.014,19.636,226859.750,7.750,68.000
0.050,0.001,0.005,20.054,226481.562,2.250,68.000
0.044,0.001,0.011,21.162,239502.969,3.032,68.000
0.041,0.000,0.017,21.249,-68282.500,-2.603,68.000
0.054,0.001,0.018,27.637,37647.289,-0.547,68.000
0.045,0.001,0.018,21.512,163978.125,2.455,68.000
0.050,0.002,0.006,20.778,221196.188,2.411,68.000
0.050,0.020,0.012,20.665,231317.562,8.378,68.000
0.100,0.012,0.013,26.211,-168494.812,9.786,68.000
0.057,0.001,0.014,23.365,171668.812,1.757,68.000
0.051,0.004,0.012,22.177,260546.594,6.086,68.000
0.055,0.000,0.005,26.081,-59870.273,1.581,68.000
0.049,0.001,0.019,23.223,130328.070,1.459,68.000
0.044,0.002,0.011,20.825,236125.062,3.172,68.000
0.050,0.010,0.013,20.550,238110.188,8.314,68.000
0.051,0.014,0.012,21.155,218956.250,7.439,68.000
0.050,0.001,0.016,28.792,124332.914,0.789,68.000
0.047,0.000,0.009,33.031,-86394.297,0.399,68.000
0.050,0.001,0.015,29.889,74007.727,1.030,68.000
0.051,0.014,0.013,20.789,216076.531,6.938,68.000
0.049,0.008,0.011,21.531,279752.938,8.595,68.000
0.051,0.001,0.003,19.970,215132.969,2.138,68.000
0.058,0.000,0.016,21.878,124317.477,-0.291,68.000
0.052,0.018,0.011,21.301,208802.875,7.249,68.000
0.050,0.007,0.009,19.341,266882.438,7.084,68.000
0.050,0.000,0.006,26.739,31954.992,0.700,68.000
0.052,0.008,0.011,19.181,255664.812,6.844,68.000
0.050,0.007,0.013,21.782,256766.219,8.004,68.000
0.051,0.005,0.010,19.793,272894.062,6.098,68.000
0.051,0.019,0.011,20.928,212639.781,8.273,68.000
0.039,0.001,0.012,21.089,79795.727,1.174,68.000
0.048,0.001,0.014,27.408,172087.812,2.771,68.000
0.048,0.013,0.013,20.120,240949.281,8.327,68.000
0.053,0.002,0.012,24.087,230607.875,4.656,68.000
0.048,0.010,0.012,20.180,266596.125,9.481,68.000
0.057,0.000,0.004,18.835,236030.812,2.862,68.000
0.051,0.013,0.012,21.346,223431.000,7.768,68.000
0.052,0.010,0.011,19.760,196677.969,6.845,68.000
0.048,0.005,0.011,22.002,283859.531,6.686,68.000
0.041,0.001,0.018,19.718,86117.055,0.924,68.000
0.051,0.023,0.011,22.136,221237.594,8.185,68.000
0.050,0.004,0.015,22.204,215133.688,5.370,68.000
0.059,0.001,0.014,22.132,140451.844,0.700,68.000
0.050,0.023,0.013,22.535,230430.719,7.840,68.000
0.047,0.001,0.009,27.281,159645.188,2.533,68.000
0.044,0.001,0.012,22.042,230902.406,3.611,68.000
0.048,0.003,0.013,23.508,243494.344,5.778,68.000
0.051,0.024,0.012,22.438,226120.844,7.609,68.000
0.048,0.000,0.003,21.527,46441.930,0.129,68.000
0.048,0.000,0.004,24.176,21893.500,0.810,68.000
0.046,0.000,0.013,27.835,-20861.695,1.716,68.000
0.049,0.021,0.012,20.510,236258.969,9.088,68.000
0.058,0.001,0.014,22.090,163155.750,1.326,68.000
0.057,0.001,0.013,23.148,154793.094,2.486,68.000
0.057,0.001,0.012,23.174,168366.812,3.071,68.000
0.056,0.001,0.004,18.243,233932.938,2.679,68.000
0.059,0.000,0.012,21.566,57385.992,1.851,68.000
0.041,0.000,0.014,23.923,36473.945,-0.179,68.000
0.049,0.021,0.014,22.467,253030.438,7.826,68.000
0.058,0.001,0.006,21.009,171581.844,2.742,68.000
0.058,0.001,0.012,22.010,167437.062,2.558,68.000
0.048,0.016,0.012,19.090,236499.781,8.546,68.000
0.056,0.000,0.012,30.965,-37184.922,0.640,68.000
0.050,0.000,0.015,29.307,28615.430,0.288,68.000
0.049,0.007,0.010,20.504,287225.062,7.820,68.000
0.046,0.000,0.006,24.185,28920.602,1.022,68.000
0.052,0.010,0.011,20.014,215385.094,7.578,68.000
0.058,0.001,0.013,24.590,114589.227,0.678,68.000
0.051,0.004,0.011,21.196,281773.406,6.071,68.000
0.058,0.001,0.011,23.461,165924.969,3.035,68.000
0.052,0.002,0.012,23.581,260705.781,5.211,68.000
0.052,0.001,0.010,24.959,239603.781,4.548,68.000
0.052,0.001,0.019,25.017,84688.023,1.031,68.000
0.052,0.025,0.014,24.329,225948.594,7.065,68.000
0.058,0.001,0.020,21.205,152131.500,1.742,68.000
0.050,0.009,0.013,21.642,264870.000,8.500,68.000
0.047,0.001,0.011,22.705,263299.281,3.770,68.000
0.051,0.001,0.019,21.731,184209.781,2.980,68.000
0.049,0.001,0.020,21.559,182798.781,3.259,68.000
0.050,0.018,0.013,21.599,232755.188,7.394,68.000
0.051,0.019,0.013,22.718,238113.812,6.884,68.000
0.050,0.010,0.009,20.119,233129.156,7.271,68.000
0.051,0.002,0.016,23.609,210783.750,3.124,68.000
0.049,0.024,0.013,21.562,234684.188,8.915,68.000
0.048,0.021,0.011,19.883,229853.156,9.679,68.000
0.040,0.001,0.009,21.645,86216.711,0.658,68.000
0.051,0.001,0.018,23.031,192357.469,2.741,68.000
0.098,0.013,0.014,20.950,224172.844,6.902,68.000
0.061,0.001,0.012,20.014,140608.125,0.959,68.000
0.047,0.000,0.012,33.217,-48117.645,-1.973,68.000
0.057,0.001,0.011,23.225,189811.500,3.459,68.000
0.048,0.001,0.006,21.876,215088.531,2.892,68.000
0.098,0.012,0.011,21.909,209061.688,7.561,68.000
0.044,0.002,0.008,22.236,184434.406,2.149,68.000
0.052,0.022,0.010,21.466,217744.844,8.077,68.000
0.053,0.001,0.002,23.657,66251.289,0.940,68.000
0.057,0.001,0.008,21.444,187999.875,2.907,68.000
0.053,0.001,0.015,25.688,173692.719,1.424,68.000
0.050,0.021,0.012,21.278,235838.906,8.043,68.000
0.056,0.001,0.007,22.067,199886.438,3.067,68.000
0.047,0.001,0.019,25.190,94966.914,0.919,68.000
0.049,0.006,0.013,23.001,280545.000,7.656,68.000
0.051,0.023,0.014,23.862,230618.469,6.842,68.000
0.050,0.026,0.010,19.183,223569.250,8.860,68.000
0.054,0.001,0.016,22.239,214286.344,2.364,68.000
0.045,0.001,0.020,22.994,107875.133,1.202,68.000
0.041,0.000,0.012,20.767,33477.305,-0.786,68.000
0.056,0.001,0.015,20.916,196995.406,1.660,68.000
0.052,0.018,0.012,21.265,210615.969,7.201,68.000
0.050,0.009,0.012,21.568,259069.625,8.625,68.000
0.057,0.001,0.008,22.803,167956.281,3.106,68.000
0.051,0.015,0.011,20.480,205125.688,7.409,68.000
0.047,0.001,0.020,21.693,175334.375,2.768,68.000
0.052,0.001,0.004,18.946,237034.219,2.373,68.000
0.050,0.004,0.013,22.584,237959.562,5.657,68.000
0.051,0.004,0.013,22.094,252014.406,5.822,68.000
0.052,0.000,0.019,23.488,21174.234,1.480,68.000
0.050,0.024,0.010,20.660,219009.156,8.579,68.000
0.051,0.016,0.011,20.735,214904.500,7.737,68.000
0.052,0.009,0.012,20.390,221507.656,7.301,68.000
0.043,0.001,0.016,23.162,75011.586,0.794,68.000
0.048,0.009,0.013,20.773,256643.938,8.653,68.000
0.052,0.024,0.011,22.114,218036.594,7.444,68.000
0.053,0.000,0.003,21.631,68331.164,2.120,68.000
0.048,0.012,0.012,19.787,259640.062,9.331,68.000
0.051,0.020,0.011,21.349,211299.125,8.069,68.000
0.002,0.011,0.012,21.071,189944.812,7.752,68.000
0.051,0.005,0.010,19.720,271656.625,6.285,68.000
0.050,0.001,0.017,24.299,202859.188,2.525,68.000
0.051,0.012,0.011,20.098,211947.562,7.516,68.000
0.052,0.000,0.011,30.217,5138.445,1.652,68.000
0.051,0.002,0.017,22.771,203327.000,3.219,68.000
0.054,0.001,0.012,29.148,100862.336,2.162,68.000
0.049,0.016,0.012,19.586,233392.594,9.168,68.000
0.043,0.001,0.007,21.604,149668.594,1.632,68.000
0.048,0.018,0.011,19.655,229800.375,10.211,68.000
0.046,0.002,0.013,22.771,236788.031,4.575,68.000
0.046,0.000,0.009,30.548,-43802.645,-0.531,68.000
0.051,0.001,0.010,25.458,254582.562,4.497,68.000
0.050,0.001,0.018,22.188,184321.312,2.559,68.000
0.052,0.026,0.010,21.180,226750.375,7.619,68.000
0.048,0.001,0.016,27.406,70917.680,0.643,68.000
0.052,0.013,0.013,21.979,205256.125,6.758,68.000
0.051,0.002,0.014,24.801,202200.594,3.520,68.000
0.052,0.009,0.012,20.211,224695.656,7.763,68.000
0.052,0.026,0.011,22.111,223159.312,7.141,68.000
0.051,0.009,0.010,19.668,238225.594,7.784,68.000
0.050,0.025,0.012,21.702,226439.406,8.385,68.000
0.049,0.013,0.012,19.734,250190.625,8.879,68.000
0.051,0.000,0.018,25.837,23686.664,-0.155,68.000
0.049,0.012,0.012,20.012,250122.312,9.007,68.000
0.050,0.004,0.014,22.676,231988.562,5.712,68.000
0.049,0.013,0.013,20.552,236984.719,8.165,68.000
0.048,0.020,0.013,20.633,255137.812,8.864,68.000
0.049,0.027,0.011,20.218,165232.594,5.613,68.000
0.051,0.020,0.011,20.797,215687.438,8.530,68.000
0.055,0.000,0.016,23.124,83924.977,1.514,68.000
0.050,0.011,0.014,19.927,234130.438,7.992,68.000
0.051,0.003,0.013,22.888,232325.625,4.866,68.000
0.049,0.025,0.012,21.108,225494.312,9.295,68.000
0.059,0.001,0.008,19.954,165393.469,2.595,68.000
0.057,0.001,0.005,19.225,216663.188,2.698,68.000
0.049,0.024,0.010,19.990,218663.688,9.207,68.000
0.048,0.010,0.012,20.548,262197.000,9.288,68.000
0.052,0.000,0.003,23.805,19284.938,0.640,68.000
0.051,0.023,0.011,21.872,219921.781,8.165,68.000
0.048,0.025,0.013,21.262,235578.938,9.340,68.000
0.048,0.001,0.008,23.126,242800.188,3.796,68.000
0.049,0.003,0.013,23.339,243686.344,5.902,68.000
0.052,0.021,0.014,23.082,232576.656,6.505,68.000
0.042,0.000,0.013,22.631,-41702.781,-1.596,68.000
0.049,0.004,0.010,21.071,274757.688,6.234,68.000
0.051,0.008,0.015,18.623,236196.781,6.993,68.000
0.049,0.010,0.014,20.292,239076.375,8.120,68.000
0.042,0.000,0.006,21.216,27242.367,1.338,68.000
0.050,0.012,0.010,20.041,221810.094,7.226,68.000
0.048,0.005,0.012,22.565,294943.969,7.259,68.000
0.051,0.022,0.012,22.119,219547.219,7.766,68.000
0.052,0.020,0.012,22.271,227247.125,7.180,68.000
0.048,0.026,0.012,19.926,234240.562,10.322,68.000
0.054,0.001,0.014,23.296,179341.875,2.619,68.000
0.053,0.001,0.005,20.325,220396.594,2.559,68.000
0.048,0.002,0.012,22.408,272433.781,5.266,68.000
0.051,0.016,0.010,19.766,214046.906,8.256,68.000
0.050,0.017,0.010,20.097,217705.281,8.886,68.000
0.052,0.005,0.014,21.470,215332.406,5.661,68.000
0.047,0.001,0.006,22.911,178820.031,2.530,68.000
0.050,0.020,0.010,20.435,211586.125,9.172,68.000
0.048,0.005,0.013,22.793,283190.875,7.318,68.000
0.052,0.018,0.012,21.947,212000.312,6.731,68.000
0.042,0.000,0.013,26.104,13781.617,-0.196,68.000
0.057,0.001,0.010,27.642,68526.789,2.338,68.000
0.051,0.002,0.009,23.029,258874.094,4.522,68.000
0.059,0.001,0.017,19.920,173341.312,0.207,68.000
0.050,0.012,0.014,19.569,226893.969,7.496,68.000
0.050,0.018,0.011,20.170,219440.250,8.643,68.000
0.047,0.001,0.004,22.480,82789.211,1.235,68.000
0.057,0.001,0.013,23.246,161131.781,2.467,68.000
0.049,0.011,0.011,20.617,246452.688,8.855,68.000
0.001,0.013,0.012,21.194,205291.531,7.654,68.000
0.055,0.001,0.015,24.280,145950.812,1.014,68.000
0.049,0.006,0.010,20.085,268317.781,6.708,68.000
0.040,0.000,0.009,20.394,-34109.391,-2.170,68.000
0.051,0.002,0.005,21.119,224687.250,2.645,68.000
0.050,0.014,0.011,20.138,225557.031,8.049,68.000
0.044,0.001,0.013,22.000,218689.938,3.992,68.000
0.047,0.001,0.004,22.855,106496.852,1.196,68.000
0.060,0.001,0.017,19.512,171444.844,0.123,68.000
0.049,0.018,0.011,19.886,218619.562,9.465,68.000
0.056,0.002,0.011,22.078,221751.344,4.049,68.000
0.055,0.002,0.007,21.794,206265.500,3.247,68.000
0.048,0.002,0.011,22.226,269474.594,5.241,68.000
0.048,0.001,0.020,22.285,185354.000,2.998,68.000
0.050,0.018,0.014,21.951,242255.219,7.137,68.000
0.052,0.014,0.012,22.414,194986.031,6.259,68.000
0.049,0.001,0.016,26.797,143252.656,1.368,68.000
0.040,0.000,0.013,21.719,43660.648,-0.096,68.000
0.059,0.001,0.013,22.251,138870.031,1.310,68.000
0.050,0.017,0.010,19.574,213621.781,8.763,68.000
0.051,0.001,0.017,25.014,150651.656,1.643,68.000
0.051,0.016,0.012,21.239,214108.219,7.135,68.000
0.052,0.009,0.012,20.381,236041.531,7.855,68.000
0.050,0.026,0.014,23.913,232444.969,8.156,68.000
0.051,0.019,0.013,22.472,233070.188,6.853,68.000
0.052,0.001,0.007,22.185,227164.750,3.613,68.000
0.044,0.001,0.009,23.817,184091.750,2.120,68.000
0.048,0.001,0.018,24.162,193390.562,2.378,68.000
0.045,0.001,0.009,27.356,82483.758,1.701,68.000
0.045,0.000,0.007,27.052,-56737.543,2.281,68.000
0.052,0.006,0.013,21.618,233244.500,6.230,68.000
0.051,0.000,0.021,21.165,86856.852,1.729,68.000
0.051,0.008,0.009,19.046,263531.500,7.082,68.000
0.048,0.001,0.007,25.059,198878.594,3.161,68.000
0.051,0.013,0.012,20.821,222521.688,7.814,68.000
0.049,0.005,0.010,21.276,267993.125,5.879,68.000
0.045,0.000,0.004,16.208,107195.414,2.009,68.000
0.059,0.000,0.011,23.415,8106.938,1.389,68.000
0.058,0.000,0.006,26.166,-61735.547,1.869,68.000
0.048,0.020,0.012,20.335,248678.969,9.507,68.000
0.050,0.021,0.011,20.940,221707.219,8.706,68.000
0.056,0.001,0.017,21.730,206379.312,1.800,68.000
0.052,0.007,0.011,20.136,259869.062,7.205,68.000
0.051,0.026,0.013,23.871,220684.562,6.801,68.000
0.048,0.006,0.011,22.039,291784.531,7.933,68.000
0.052,0.001,0.019,22.009,189886.250,2.994,68.000
0.049,0.023,0.012,21.932,232903.438,8.717,68.000
0.055,0.000,0.008,22.829,116213.867,3.621,68.000
0.051,0.006,0.010,19.039,278362.406,6.728,68.000
0.057,0.002,0.013,22.896,157306.656,2.744,68.000
0.040,0.001,0.012,20.506,102320.211,1.305,68.000
0.051,0.002,0.007,22.544,237934.531,3.840,68.000
0.044,0.000,0.007,23.579,-16923.344,0.078,68.000
0.051,0.015,0.013,20.899,215903.562,6.422,68.000
0.049,0.024,0.013,21.719,235222.281,8.922,68.000
0.058,0.001,0.010,22.718,112240.336,2.359,68.000
0.050,0.023,0.014,23.280,234799.094,7.816,68.000
0.052,0.001,0.009,23.233,258164.656,4.815,68.000
0.052,0.016,0.011,21.906,204270.188,6.670,68.000
0.050,0.001,0.009,23.844,273218.688,4.708,68.000
0.047,0.000,0.021,19.734,-36320.531,-1.509,68.000
0.050,0.020,0.013,21.276,245630.656,8.323,68.000
0.055,0.001,0.019,22.794,150618.938,1.980,68.000
0.097,0.013,0.011,21.813,207195.812,7.464,68.000
0.052,0.001,0.005,20.523,221686.000,2.364,68.000
0.045,0.001,0.014,22.907,213554.094,3.823,68.000
0.048,0.002,0.011,22.394,266380.281,4.709,68.000
0.048,0.008,0.013,21.065,273119.344,8.859,68.000
0.050,0.007,0.013,21.960,256390.469,7.832,68.000
0.049,0.000,0.022,19.792,40526.930,1.600,68.000
0.048,0.000,0.010,29.824,21966.773,-0.330,68.000
0.048,0.000,0.018,23.473,-28866.805,-2.758,68.000
0.052,0.026,0.011,21.724,224248.281,7.250,68.000
0.050,0.000,0.015,31.836,-34816.727,-0.188,68.000
0.042,0.000,0.018,22.997,-21823.938,-1.077,68.000
0.048,0.022,0.012,20.624,235083.062,9.980,68.000
0.050,0.024,0.013,22.642,231129.156,7.831,68.000
0.051,0.001,0.006,22.713,196215.156,2.754,68.000
0.050,0.017,0.010,19.642,222337.812,9.304,68.000
0.052,0.026,0.011,22.492,219138.281,6.806,68.000
0.052,0.013,0.013,20.931,213223.219,6.975,68.000
0.051,0.001,0.020,21.151,183949.500,3.150,68.000
0.049,0.008,0.011,21.296,279638.094,8.784,68.000
0.048,0.002,0.007,22.869,235998.000,3.744,68.000
0.049,0.016,0.013,20.035,228563.969,7.578,68.000
0.051,0.005,0.013,21.874,235651.500,6.123,68.000
0.052,0.027,0.011,15.282,180049.344,4.953,68.000
0.053,0.001,0.006,21.412,219118.906,2.806,68.000
0.046,0.000,0.017,26.959,-19825.383,-0.849,68.000
0.049,0.014,0.012,20.034,255458.656,9.177,68.000
0.052,0.001,0.008,27.460,133094.531,2.886,68.000
0.049,0.023,0.013,21.828,237388.469,8.825,68.000
0.049,0.024,0.011,20.253,217987.844,9.168,68.000
0.048,0.018,0.013,19.892,242513.625,8.291,68.000
0.044,0.001,0.015,26.123,46614.227,0.431,68.000
0.051,0.015,0.013,20.616,215933.844,6.407,68.000
0.057,0.001,0.016,20.883,204801.594,1.952,68.000
0.051,0.001,0.018,27.969,60269.836,-0.054,68.000
0.050,0.024,0.010,20.488,219505.719,8.792,68.000
0.049,0.024,0.012,21.685,228775.969,9.022,68.000
0.050,0.011,0.013,20.780,231325.562,8.283,68.000
0.048,0.012,0.011,20.083,253744.062,9.007,68.000
0.049,0.001,0.011,26.180,232023.438,3.875,68.000
0.052,0.019,0.011,21.595,209331.156,7.409,68.000
0.054,0.001,0.022,22.338,94384.461,1.707,68.000
0.052,0.000,0.014,30.116,28973.445,1.088,68.000
0.046,0.000,0.020,21.433,48436.227,0.587,68.000
0.050,0.019,0.010,19.777,215766.969,9.259,68.000
0.047,0.001,0.021,21.907,168896.875,2.750,68.000
0.050,0.005,0.010,20.292,289245.500,6.870,68.000
0.050,0.023,0.013,22.467,230761.406,8.018,68.000
0.055,0.000,0.012,28.276,38540.758,1.979,68.000
0.051,0.001,0.009,23.489,264106.281,4.710,68.000
0.049,0.012,0.013,20.099,249488.531,9.111,68.000
0.050,0.021,0.013,22.630,243222.156,7.360,68.000
0.058,0.000,0.012,25.724,14046.898,1.609,68.000
0.049,0.010,0.011,20.976,242832.594,8.682,68.000
0.046,0.000,0.011,33.529,-39414.684,-1.333,68.000
0.058,0.000,0.018,20.191,-4167.086,1.560,68.000
0.055,0.002,0.011,22.508,238421.531,4.484,68.000
0.055,0.000,0.015,31.165,-56628.633,1.228,68.000
0.050,0.001,0.004,19.686,229187.688,2.169,68.000
0.052,0.025,0.011,22.025,219727.688,7.257,68.000
0.049,0.025,0.011,19.518,226728.125,9.571,68.000
0.043,0.001,0.007,22.409,133465.656,1.628,68.000
0.049,0.004,0.013,23.145,243955.375,5.872,68.000
0.050,0.005,0.010,20.427,281775.156,6.417,68.000
0.051,0.021,0.013,22.445,241100.312,7.272,68.000
0.059,0.001,0.010,22.655,153852.312,2.879,68.000
0.055,0.001,0.017,21.561,204922.281,2.181,68.000
0.058,0.000,0.018,19.150,148854.594,1.738,68.000
0.054,0.002,0.011,22.873,248985.719,4.587,68.000
0.051,0.005,0.009,20.498,272789.500,6.063,68.000
0.047,0.001,0.020,20.813,168484.844,2.894,68.000
0.049,0.000,0.005,25.381,58694.555,1.388,68.000
0.058,0.001,0.016,19.540,185681.344,1.049,68.000
0.050,0.016,0.014,20.972,226762.344,6.370,68.000
0.053,0.001,0.009,23.152,253494.750,4.700,68.000
0.049,0.005,0.011,21.178,287975.031,7.097,68.000
0.049,0.019,0.013,20.919,248180.781,8.215,68.000
0.051,0.020,0.010,20.492,210531.125,8.922,68.000
0.052,0.001,0.011,26.849,252159.469,4.606,68.000
0.050,0.000,0.005,26.369,-2876.930,0.844,68.000
0.049,0.017,0.011,20.034,233501.125,9.728,68.000
0.098,0.012,0.012,21.101,207219.531,6.958,68.000
0.052,0.026,0.013,23.871,220966.500,6.305,68.000
0.051,0.019,0.012,21.702,219594.719,7.316,68.000
0.050,0.001,0.015,25.970,200413.000,2.535,68.000
0.046,0.002,0.014,22.405,220801.188,4.312,68.000
0.099,0.013,0.013,22.271,217570.344,7.418,68.000
0.046,0.000,0.018,23.034,74198.477,0.475,68.000
0.056,0.002,0.012,22.611,209454.781,4.067,68.000
0.057,0.000,0.014,26.624,15048.414,2.534,68.000
0.051,0.001,0.016,24.536,213723.750,2.609,68.000
0.050,0.001,0.022,22.175,120836.617,2.238,68.000
0.049,0.019,0.010,19.818,217066.125,9.547,68.000
0.059,0.001,0.012,24.980,54557.086,0.969,68.000
0.051,0.017,0.013,21.680,219876.625,6.584,68.000
0.051,0.013,0.012,20.990,226161.969,7.780,68.000
0.051,0.000,0.006,24.638,97750.258,1.836,68.000
0.042,0.001,0.017,21.774,105802.148,1.324,68.000
0.052,0.001,0.004,19.358,235959.750,2.414,68.000
0.048,0.016,0.012,19.019,236800.500,8.694,68.000
0.054,0.002,0.014,23.453,185416.469,3.086,68.000
0.050,0.025,0.010,20.923,225736.156,8.569,68.000
0.001,0.011,0.013,20.867,206478.562,7.803,68.000
0.051,0.003,0.010,22.223,275351.750,5.494,68.000
0.047,0.001,0.010,27.992,132590.750,2.216,68.000
0.045,0.000,0.010,22.192,69180.586,0.938,68.000
0.050,0.016,0.011,20.600,222887.406,8.231,68.000
0.050,0.000,0.007,26.584,32329.961,1.105,68.000
0.043,0.000,0.010,23.388,43994.039,-1.524,68.000
0.043,0.001,0.018,21.432,140462.594,1.888,68.000
0.049,0.018,0.013,19.436,241631.062,8.476,68.000
0.044,0.000,0.007,25.257,-54091.117,0.197,68.000
0.052,0.017,0.012,21.595,207987.344,6.390,68.000
0.001,0.012,0.011,21.438,189363.750,7.747,68.000
0.002,0.012,0.011,21.317,184400.094,7.585,68.000
0.041,0.001,0.017,19.087,89263.758,1.592,68.000
0.049,0.003,0.010,22.344,271555.500,5.580,68.000
0.048,0.022,0.010,19.816,219670.625,9.870,68.000
0.049,0.013,0.014,19.507,222500.094,7.187,68.000
0.047,0.001,0.014,28.816,121226.195,2.004,68.000
0.057,0.001,0.017,20.141,194542.906,1.598,68.000
0.099,0.013,0.012,26.714,124933.164,6.814,68.000
0.048,0.012,0.011,20.040,237620.250,8.330,68.000
0.052,0.026,0.011,22.484,220561.188,6.909,68.000
0.061,0.001,0.012,20.406,138836.719,1.063,68.000
0.050,0.023,0.014,23.266,231473.500,7.518,68.000
0.049,0.023,0.011,20.773,217529.625,9.346,68.000
0.050,0.014,0.012,21.022,230948.719,7.982,68.000
0.052,0.027,0.012,21.699,191838.156,6.413,68.000
0.048,0.025,0.013,21.302,234558.844,9.048,68.000
0.049,0.000,0.017,26.231,111579.758,0.751,68.000
0.051,0.020,0.012,21.848,223535.406,7.467,68.000
0.053,0.001,0.003,20.698,177568.062,2.123,68.000
0.051,0.001,0.006,21.357,220635.719,2.805,68.000
0.050,0.000,0.023,23.757,-50272.176,-6.094,68.000
0.060,0.001,0.011,23.356,89327.258,1.434,68.000
0.049,0.010,0.011,20.770,249907.281,8.539,68.000
0.055,0.001,0.003,24.667,20559.891,1.117,68.000
0.049,0.008,0.013,21.951,263341.812,8.291,68.000
0.050,0.012,0.014,19.975,230661.719,7.761,68.000
0.048,0.009,0.013,20.705,252107.500,8.529,68.000
0.052,0.024,0.011,22.729,218687.656,6.944,68.000
0.098,0.014,0.013,21.025,218063.375,7.325,68.000
0.051,0.021,0.010,21.086,219259.781,8.897,68.000
0.052,0.023,0.013,23.132,219676.250,6.472,68.000
0.044,0.001,0.008,29.588,-32017.992,1.577,68.000
0.051,0.016,0.012,21.165,214965.938,7.194,68.000
0.051,0.020,0.011,20.976,218666.875,8.336,68.000
0.047,0.000,0.007,26.674,-24187.562,1.903,68.000
0.051,0.017,0.010,20.480,208140.312,8.108,68.000
0.050,0.026,0.013,22.453,230859.750,8.151,68.000
0.050,0.009,0.013,21.007,247890.188,8.333,68.000
0.043,0.001,0.013,20.739,202294.375,3.695,68.000
0.050,0.022,0.013,22.783,237767.219,7.724,68.000
0.059,0.000,0.010,23.618,-39287.719,1.960,68.000
0.046,0.001,0.010,26.617,225938.000,3.249,68.000
0.054,0.001,0.014,25.703,185036.219,2.816,68.000
0.044,0.001,0.007,22.585,139295.312,1.868,68.000
0.055,0.000,0.020,20.469,2059.398,-2.617,68.000
0.050,0.001,0.010,31.737,93208.898,2.417,68.000
0.098,0.013,0.013,21.091,221495.625,7.162,68.000
0.051,0.009,0.010,19.049,239215.875,6.997,68.000
0.049,0.000,0.010,32.520,39649.352,4.798,68.000
0.049,0.009,0.014,20.533,246404.156,8.246,68.000
0.051,0.010,0.014,19.205,228846.188,7.683,68.000
0.053,0.001,0.014,27.728,104809.398,1.561,68.000
0.053,0.002,0.014,24.263,190094.094,2.883,68.000
0.100,0.013,0.013,22.593,-40084.344,10.961,68.000
0.048,0.001,0.014,23.868,212241.688,4.020,68.000
0.052,0.019,0.013,22.932,223349.438,6.479,68.000
0.047,0.001,0.011,25.372,248392.438,3.607,68.000
0.043,0.001,0.015,23.400,74406.836,0.952,68.000
0.053,0.000,0.010,30.414,27886.539,1.644,68.000
0.002,0.011,0.013,20.806,196239.125,7.541,68.000
0.056,0.001,0.004,18.007,232755.031,2.532,68.000
0.052,0.010,0.010,19.136,228079.094,6.964,68.000
0.053,0.001,0.002,20.840,182788.594,2.434,68.000
0.051,0.019,0.012,21.198,213578.500,7.495,68.000
0.052,0.001,0.001,20.503,197007.281,2.340,68.000
0.058,0.001,0.006,19.220,198732.062,2.696,68.000
0.002,0.013,0.013,21.046,221371.781,7.433,68.000
0.048,0.011,0.012,19.802,262723.312,9.364,68.000
0.052,0.024,0.012,23.037,221699.000,6.736,68.000
0.060,0.001,0.010,20.601,158481.281,2.358,68.000
0.049,0.001,0.005,21.718,203176.594,2.263,68.000
0.054,0.000,0.008,29.867,-34027.070,1.171,68.000
0.050,0.016,0.012,20.561,221643.500,7.338,68.000
0.050,0.007,0.015,19.350,238195.562,7.049,68.000
0.052,0.013,0.013,21.904,211337.344,6.764,68.000
0.049,0.000,0.020,18.579,144275.906,2.170,68.000
0.043,0.000,0.012,24.303,31081.289,-1.406,68.000
0.059,0.001,0.017,21.067,98707.148,-1.158,68.000
0.049,0.001,0.010,24.864,260406.969,4.069,68.000
0.055,0.000,0.010,29.832,-56826.613,-0.092,68.000
0.050,0.009,0.014,20.540,243337.844,8.290,68.000
0.053,0.001,0.011,30.589,149242.188,3.450,68.000
0.051,0.000,0.017,25.060,20394.078,0.879,68.000
0.001,0.012,0.013,20.882,219223.938,7.827,68.000
0.048,0.020,0.014,21.872,256464.688,8.170,68.000
0.051,0.013,0.012,20.951,219180.438,7.596,68.000
0.045,0.001,0.005,22.251,150551.312,1.969,68.000
0.049,0.012,0.012,19.770,254435.844,9.125,68.000
0.048,0.012,0.013,19.832,253394.656,9.029,68.000
0.051,0.002,0.008,23.089,254517.281,4.451,68.000
0.048,0.000,0.007,28.395,-29871.797,2.909,68.000
0.052,0.013,0.012,21.849,203942.938,6.552,68.000
0.057,0.000,0.015,22.783,75180.742,2.984,68.000
0.052,0.009,0.011,19.292,217352.219,6.875,68.000
0.055,0.001,0.021,22.753,116933.914,2.014,68.000
0.052,0.002,0.013,22.897,228799.875,4.718,68.000
0.058,0.001,0.011,22.668,179758.656,3.018,68.000
0.050,0.023,0.012,21.843,227168.375,8.581,68.000
0.043,0.001,0.005,19.042,138355.844,1.697,68.000
0.046,0.000,0.009,28.429,-15065.859,1.591,68.000
0.051,0.019,0.014,22.400,233902.625,6.603,68.000
0.048,0.011,0.011,20.585,251316.844,8.959,68.000
0.050,0.016,0.010,19.660,221416.688,8.816,68.000
0.053,0.000,0.007,26.711,16567.172,1.741,68.000
0.052,0.006,0.013,21.037,218270.344,5.574,68.000
0.000,0.011,0.012,22.053,98817.164,6.326,68.000
0.048,0.015,0.013,19.737,235717.250,8.273,68.000
0.052,0.001,0.017,22.439,203093.531,2.977,68.000
0.097,0.012,0.012,20.958,204456.938,6.832,68.000
0.048,0.011,0.013,19.836,263155.906,9.439,68.000
0.049,0.016,0.012,19.575,237127.125,8.814,68.000
0.047,0.000,0.017,25.454,58938.586,-0.117,68.000
0.048,0.026,0.012,20.270,237361.000,10.172,68.000
0.048,0.007,0.011,21.375,290030.000,8.040,68.000
0.048,0.012,0.010,20.850,234038.531,7.910,68.000
0.053,0.002,0.007,22.311,234522.594,4.155,68.000
0.049,0.004,0.010,21.333,276138.062,6.205,68.000
0.051,0.005,0.011,20.570,291293.406,6.839,68.000
0.049,0.009,0.012,21.738,277392.406,9.006,68.000
0.051,0.003,0.010,21.476,275247.938,5.480,68.000
0.051,0.000,0.007,26.355,11352.586,3.263,68.000
0.048,0.020,0.012,20.255,249723.688,9.491,68.000
0.051,0.026,0.012,22.519,233747.906,7.732,68.000
0.041,0.000,0.013,19.521,-5666.500,-1.171,68.000
0.051,0.003,0.011,21.829,278150.031,5.698,68.000
0.047,0.000,0.003,20.286,43086.055,-0.024,68.000
0.051,0.022,0.010,21.025,215130.438,8.555,68.000
0.052,0.012,0.012,21.141,208290.125,7.250,68.000
0.049,0.001,0.017,25.423,201821.344,2.385,68.000
0.098,0.012,0.013,20.952,216559.250,6.312,68.000
0.058,0.000,0.016,22.430,104712.352,-0.549,68.000
0.045,0.000,0.002,22.883,7592.133,0.296,68.000
0.052,0.000,0.016,26.370,50566.586,0.788,68.000
0.055,0.000,0.002,22.044,33516.242,1.512,68.000
0.043,0.000,0.016,23.359,-38353.148,-2.160,68.000
0.049,0.023,0.013,21.847,236509.688,9.048,68.000
0.053,0.000,0.009,32.053,-7109.609,0.369,68.000
0.050,0.015,0.014,20.287,222582.156,6.518,68.000
0.052,0.023,0.011,22.175,218107.438,7.598,68.000
0.048,0.023,0.011,20.253,217029.031,9.673,68.000
0.059,0.000,0.018,21.687,73897.555,-0.211,68.000
0.045,0.001,0.004,19.663,111865.508,1.095,68.000
0.047,0.001,0.013,23.248,244796.750,4.601,68.000
0.048,0.001,0.007,23.084,208173.000,3.092,68.000
0.050,0.015,0.010,19.944,218601.469,8.108,68.000
0.044,0.001,0.020,23.111,48356.227,0.260,68.000
0.040,0.000,0.010,22.346,-40014.418,-2.039,68.000
0.050,0.005,0.012,21.554,286716.656,6.550,68.000
0.048,0.011,0.013,19.916,255490.219,9.165,68.000
0.051,0.002,0.013,23.260,229534.969,4.764,68.000
0.044,0.000,0.007,21.562,-6432.984,2.101,68.000
0.050,0.007,0.011,20.924,295902.531,8.248,68.000
0.049,0.026,0.014,22.869,235452.312,8.718,68.000
0.051,0.001,0.008,23.617,244513.188,4.336,68.000
0.049,0.001,0.014,28.934,136605.281,2.116,68.000
0.052,0.001,0.009,27.855,140623.250,3.090,68.000
0.051,0.020,0.010,20.806,215928.469,8.743,68.000
0.050,0.020,0.010,19.770,215819.656,9.361,68.000
0.044,0.002,0.014,20.803,206799.375,4.035,68.000
0.051,0.025,0.012,22.168,224020.469,7.397,68.000
0.051,0.001,0.004,19.044,231887.875,2.153,68.000
0.041,0.000,0.008,18.644,-24488.773,1.184,68.000
0.055,0.001,0.011,22.518,225513.375,4.309,68.000
0.061,0.001,0.011,21.276,138918.531,1.552,68.000
0.052,0.000,0.020,21.690,53018.852,2.345,68.000
0.044,0.001,0.019,25.543,-13040.047,-0.651,68.000
0.051,0.007,0.010,19.140,277842.812,7.262,68.000
0.046,0.001,0.012,22.198,254671.969,4.171,68.000
0.058,0.000,0.018,21.357,86249.523,0.339,68.000
0.043,0.001,0.010,21.433,204153.875,2.528,68.000
0.049,0.016,0.010,19.581,225717.188,8.866,68.000
0.049,0.009,0.014,19.352,235394.469,7.601,68.000
0.055,0.000,0.009,31.145,-55877.324,0.913,68.000
0.050,0.015,0.010,19.804,219065.406,8.243,68.000
0.050,0.021,0.012,21.497,237746.188,8.245,68.000
0.048,0.006,0.014,22.231,249976.406,7.338,68.000
0.054,0.000,0.006,23.605,45538.055,1.267,68.000
0.048,0.020,0.012,20.118,247818.094,9.735,68.000
0.059,0.000,0.007,25.174,-47993.129,0.813,68.000
0.050,0.006,0.014,21.306,245983.781,7.072,68.000
0.048,0.012,0.012,19.732,261151.844,9.359,68.000
0.043,0.001,0.010,23.630,180748.625,2.195,68.000
0.000,0.013,0.011,22.425,105388.055,5.789,68.000
0.052,0.020,0.012,22.127,217566.969,7.057,68.000
0.054,0.001,0.009,25.305,196583.969,3.935,68.000
0.054,0.000,0.021,21.785,26505.406,1.861,68.000
0.050,0.003,0.009,22.979,276650.031,5.421,68.000
0.050,0.023,0.012,22.292,229683.656,8.184,68.000
0.048,0.001,0.011,22.941,270410.938,4.290,68.000
0.051,0.026,0.012,21.961,234032.688,8.191,68.000
0.055,0.000,0.011,32.129,-53242.465,1.118,68.000
0.047,0.001,0.014,26.196,213287.031,3.526,68.000
0.001,0.011,0.012,21.306,177468.375,8.083,68.000
0.054,0.000,0.013,33.427,-63664.297,-1.920,68.000
0.052,0.020,0.012,21.998,213541.719,6.996,68.000
0.056,0.001,0.005,19.185,217284.094,2.655,68.000
0.051,0.006,0.013,21.910,233002.406,6.268,68.000
0.050,0.023,0.011,21.647,220174.312,8.495,68.000
0.050,0.001,0.022,20.972,180522.875,3.025,68.000
0.053,0.000,0.002,22.971,22887.516,1.257,68.000
0.050,0.001,0.005,21.277,209552.500,2.306,68.000
0.052,0.018,0.011,20.838,210115.500,7.734,68.000
0.049,0.018,0.011,19.914,221740.844,9.569,68.000
0.045,0.001,0.008,24.944,171493.938,2.219,68.000
0.050,0.012,0.011,19.945,218088.031,7.608,68.000
0.056,0.001,0.020,24.202,72933.992,0.847,68.000
0.050,0.001,0.005,20.156,220317.125,2.143,68.000
0.049,0.025,0.011,20.728,226114.781,9.116,68.000
0.050,0.006,0.014,20.676,232310.750,6.865,68.000
0.053,0.001,0.007,26.127,124656.445,2.607,68.000
0.050,0.027,0.014,18.605,105388.555,2.843,68.000
0.049,0.022,0.012,21.290,240261.156,9.118,68.000
0.049,0.019,0.011,19.699,218670.594,9.661,68.000
0.049,0.023,0.013,22.291,237409.312,8.543,68.000
0.044,0.001,0.009,22.986,223808.531,3.053,68.000
0.050,0.021,0.013,22.664,245892.156,7.369,68.000
0.050,0.015,0.011,19.962,220349.125,8.307,68.000
0.054,0.000,0.010,30.322,87476.805,2.222,68.000
0.049,0.000,0.004,23.406,15057.477,1.358,68.000
0.043,0.001,0.018,22.538,107723.180,1.001,68.000
0.056,0.001,0.005,20.743,200290.594,2.798,68.000
0.057,0.000,0.017,23.384,23961.617,0.167,68.000
0.050,0.000,0.019,21.395,-609.734,0.154,68.000
0.049,0.019,0.012,19.772,233252.438,8.711,68.000
0.051,0.005,0.012,21.079,282850.844,6.373,68.000
0.046,0.000,0.019,21.655,78252.461,0.422,68.000
0.051,0.015,0.011,20.524,220344.156,8.003,68.000
0.043,0.001,0.018,21.011,134998.969,1.768,68.000
0.050,0.008,0.012,22.153,278915.125,8.656,68.000
0.050,0.025,0.011,21.022,224039.594,8.514,68.000
0.040,0.001,0.015,17.693,91840.242,1.841,68.000
0.051,0.012,0.010,19.909,211242.031,6.973,68.000
0.052,0.004,0.011,21.076,275315.406,5.797,68.000
0.098,0.014,0.012,21.180,212325.156,7.623,68.000
0.054,0.002,0.006,20.381,211068.344,2.465,68.000
0.052,0.003,0.012,22.111,248313.781,5.373,68.000
0.051,0.023,0.010,20.743,220379.594,8.547,68.000
0.051,0.015,0.014,20.280,219733.719,6.317,68.000
0.051,0.001,0.005,24.106,103629.414,1.430,68.000
0.051,0.007,0.011,19.447,277933.906,7.264,68.000
0.049,0.015,0.010,19.603,225166.969,8.768,68.000
0.048,0.015,0.012,20.093,255121.781,9.713,68.000
0.051,0.000,0.012,31.114,-20507.875,2.184,68.000
0.055,0.001,0.013,26.196,185329.188,2.899,68.000
0.050,0.021,0.014,22.875,248702.344,7.002,68.000
0.052,0.017,0.012,21.674,209130.469,6.404,68.000
0.054,0.000,0.013,33.516,-5753.273,-1.133,68.000
0.048,0.000,0.004,27.018,4273.703,0.936,68.000
0.048,0.025,0.012,20.944,231222.375,9.703,68.000
0.048,0.002,0.006,21.331,216719.594,2.622,68.000
0.044,0.001,0.016,20.733,153306.062,2.636,68.000
0.059,0.001,0.009,21.059,167238.469,3.085,68.000
0.049,0.011,0.011,20.482,246197.969,8.941,68.000
0.046,0.002,0.013,22.638,238258.031,4.468,68.000
0.051,0.014,0.013,20.976,214205.344,6.440,68.000
0.049,0.025,0.010,19.025,221014.938,9.177,68.000
0.052,0.005,0.011,19.932,275927.000,6.281,68.000
0.048,0.000,0.005,24.143,-18013.180,0.681,68.000
0.053,0.001,0.004,19.339,224482.062,2.534,68.000
0.051,0.021,0.013,22.306,241497.500,7.449,68.000
0.050,0.020,0.010,20.071,210468.281,9.260,68.000
0.055,0.000,0.009,27.035,-11192.852,1.802,68.000
0.058,0.001,0.007,21.506,163473.625,2.730,68.000
0.059,0.001,0.016,19.689,178545.438,0.552,68.000
0.003,0.012,0.012,21.077,187531.469,7.396,68.000
0.048,0.001,0.005,20.593,207036.656,2.157,68.000
0.002,0.014,0.011,21.481,210580.875,7.596,68.000
0.056,0.002,0.013,22.992,162157.812,3.105,68.000
0.057,0.001,0.015,19.996,192470.312,1.442,68.000
0.054,0.001,0.010,30.378,114026.617,2.889,68.000
0.050,0.008,0.015,18.798,238698.281,7.240,68.000
0.049,0.002,0.010,22.667,275139.156,4.918,68.000
0.042,0.001,0.017,20.090,92490.383,1.278,68.000
0.053,0.000,0.022,21.075,16714.617,0.555,68.000
0.046,0.000,0.005,22.170,19045.602,0.380,68.000
0.041,0.001,0.017,18.328,98003.805,1.673,68.000
0.057,0.001,0.017,24.446,100648.602,-0.229,68.000
0.049,0.000,0.007,26.175,4555.680,3.532,68.000
0.051,0.003,0.010,21.456,275405.406,5.429,68.000
0.050,0.011,0.010,20.533,226810.438,7.931,68.000
0.050,0.000,0.017,25.675,-27187.938,-0.310,68.000
0.048,0.001,0.012,29.756,134630.938,2.598,68.000
0.056,0.001,0.012,22.718,201470.500,3.821,68.000
0.049,0.016,0.014,20.897,226381.125,6.631,68.000
0.050,0.010,0.013,20.690,240450.688,8.480,68.000
0.049,0.010,0.011,21.067,240433.562,8.348,68.000
0.058,0.001,0.004,17.966,239962.281,2.689,68.000
0.050,0.012,0.011,19.971,232052.719,8.280,68.000
0.051,0.015,0.013,21.202,212686.625,6.164,68.000
0.049,0.013,0.014,19.455,223839.594,7.367,68.000
0.051,0.018,0.013,21.514,220523.031,6.978,68.000
0.048,0.017,0.012,18.991,233914.562,8.922,68.000
0.051,0.001,0.016,24.733,210639.312,2.540,68.000
0.044,0.001,0.016,23.783,106708.383,1.547,68.000
0.058,0.000,0.015,20.872,33239.117,0.826,68.000
0.052,0.001,0.009,24.988,248314.250,4.690,68.000
0.051,0.012,0.014,19.693,220012.750,7.305,68.000
0.049,0.005,0.011,21.421,297140.750,7.388,68.000
0.051,0.016,0.014,20.894,220605.156,6.386,68.000
0.052,0.008,0.012,20.542,238566.406,7.572,68.000
0.050,0.024,0.012,21.989,228934.312,8.215,68.000
0.059,0.001,0.018,19.860,167519.156,0.498,68.000
0.048,0.025,0.012,20.812,231780.562,10.236,68.000
0.048,0.008,0.012,21.392,280843.469,9.065,68.000
0.057,0.001,0.007,21.213,191258.938,2.736,68.000
0.050,0.008,0.010,19.672,269264.719,7.848,68.000
0.055,0.002,0.011,22.468,237923.719,4.457,68.000
0.045,0.000,0.008,28.123,-42640.297,-0.772,68.000
0.050,0.006,0.010,20.471,289885.312,7.145,68.000
0.039,0.001,0.015,16.428,121578.695,2.638,68.000
0.056,0.000,0.004,22.351,19886.219,0.934,68.000
0.048,0.000,0.006,24.703,50414.289,1.509,68.000
0.043,0.002,0.015,19.392,181563.938,3.031,68.000
0.052,0.001,0.006,21.196,217397.500,2.710,68.000
0.049,0.000,0.007,27.065,20277.883,1.155,68.000
0.049,0.018,0.011,20.037,220618.250,9.427,68.000
0.050,0.001,0.018,23.288,190607.656,2.516,68.000
0.058,0.001,0.016,19.627,188105.438,1.258,68.000
0.048,0.020,0.012,19.826,246956.531,9.845,68.000
0.048,0.000,0.018,24.031,5402.156,-0.217,68.000
0.058,0.001,0.019,20.238,166289.344,0.676,68.000
0.049,0.015,0.011,19.915,240510.812,8.856,68.000
0.048,0.001,0.016,23.648,194219.188,2.862,68.000
0.050,0.020,0.013,21.507,248740.531,8.141,68.000
0.050,0.001,0.007,23.704,229857.781,3.862,68.000
0.054,0.001,0.017,22.557,215351.906,2.394,68.000
0.058,0.001,0.009,23.605,113738.820,2.809,68.000
0.049,0.006,0.010,20.463,276247.312,7.110,68.000
0.052,0.016,0.012,21.617,202996.875,6.279,68.000
0.050,0.001,0.015,29.626,85909.586,0.559,68.000
0.051,0.001,0.011,26.116,257705.531,4.656,68.000
0.052,0.005,0.013,21.581,229158.000,5.810,68.000
0.049,0.018,0.014,22.024,251947.812,7.601,68.000
0.048,0.008,0.013,21.812,284644.719,8.725,68.000
0.059,0.000,0.018,21.553,40484.086,1.706,68.000
0.049,0.018,0.011,19.912,221416.531,9.678,68.000
0.040,0.000,0.011,21.567,22945.117,-1.162,68.000
0.040,0.001,0.007,19.729,99494.305,1.293,68.000
0.049,0.002,0.011,22.183,273123.469,5.403,68.000
0.048,0.025,0.012,20.400,232086.000,10.056,68.000
0.048,0.019,0.013,20.131,254193.469,9.162,68.000
0.051,0.019,0.010,20.587,213565.969,8.554,68.000
0.051,0.008,0.012,21.424,238246.344,7.847,68.000
0.051,0.001,0.008,26.957,134583.656,2.637,68.000
0.044,0.001,0.011,20.906,238039.938,3.042,68.000
0.049,0.001,0.022,22.816,37329.648,0.308,68.000
0.060,0.000,0.014,22.722,11830.547,1.763,68.000
0.048,0.006,0.013,23.069,282111.625,7.495,68.000
0.041,0.001,0.013,23.324,86198.055,0.777,68.000
0.050,0.024,0.012,22.137,229451.156,8.368,68.000
0.002,0.011,0.012,21.070,194434.062,7.743,68.000
0.050,0.017,0.010,20.114,216524.500,8.710,68.000
0.051,0.013,0.012,21.735,221425.219,7.497,68.000
0.054,0.002,0.013,23.598,188727.312,3.413,68.000
0.099,0.012,0.011,23.059,207330.688,7.964,68.000
0.049,0.017,0.012,19.518,229436.031,8.073,68.000
0.044,0.002,0.015,20.643,181738.031,3.080,68.000
0.054,0.001,0.006,20.305,214139.750,2.535,68.000
0.050,0.008,0.015,18.495,238098.844,7.196,68.000
0.049,0.019,0.011,19.579,223428.125,9.886,68.000
0.052,0.014,0.014,19.901,217118.562,6.344,68.000
0.048,0.015,0.011,19.642,248583.250,9.400,68.000
0.047,0.000,0.006,23.018,24547.180,2.662,68.000
0.051,0.026,0.011,20.899,228289.406,7.860,68.000
0.052,0.002,0.012,23.846,259265.438,5.065,68.000
0.053,0.001,0.004,21.425,149555.656,1.665,68.000
0.053,0.001,0.014,30.638,17521.305,-0.022,68.000
0.051,0.005,0.012,21.988,259052.062,6.658,68.000
0.051,0.016,0.014,21.051,218775.031,6.265,68.000
0.052,0.015,0.012,22.523,195976.688,6.023,68.000
0.052,0.000,0.015,30.651,-33178.344,-2.419,68.000
0.051,0.014,0.011,20.120,213670.219,7.532,68.000
0.050,0.024,0.010,20.233,219916.312,8.683,68.000
0.052,0.000,0.002,25.306,-33372.039,-0.097,68.000
0.098,0.012,0.012,21.055,206995.375,7.091,68.000
0.060,0.001,0.015,19.679,156310.562,-0.221,68.000
0.048,0.001,0.004,21.613,177366.562,1.740,68.000
0.044,0.001,0.007,22.411,179020.219,2.005,68.000
0.046,0.001,0.018,22.121,178889.625,2.533,68.000
0.052,0.016,0.011,20.731,202963.250,7.173,68.000
0.047,0.002,0.017,22.795,193164.844,2.700,68.000
0.053,0.002,0.006,21.226,221804.375,3.085,68.000
0.049,0.020,0.011,19.997,225617.375,9.488,68.000
0.052,0.002,0.014,24.371,200208.438,3.333,68.000
0.049,0.001,0.019,22.875,158345.656,2.308,68.000
0.001,0.012,0.014,20.984,214040.656,7.810,68.000
0.060,0.001,0.011,23.007,117245.289,1.980,68.000
0.048,0.008,0.013,21.583,274748.875,8.745,68.000
0.049,0.017,0.011,20.003,230620.438,9.739,68.000
0.050,0.006,0.010,19.422,280702.031,7.052,68.000
0.048,0.022,0.012,20.690,238317.938,9.749,68.000
0.050,0.015,0.013,20.484,221273.938,6.761,68.000
0.049,0.001,0.011,25.580,236484.312,3.938,68.000
0.052,0.009,0.012,20.071,218502.875,7.437,68.000
0.053,0.000,0.014,32.962,-20589.547,-1.229,68.000
0.048,0.001,0.012,24.087,258253.312,4.282,68.000
0.002,0.013,0.012,20.954,219281.531,7.639,68.000
0.050,0.007,0.010,19.831,276614.938,7.151,68.000
0.050,0.022,0.011,21.467,223631.750,8.533,68.000
0.051,0.003,0.013,23.355,224397.750,4.753,68.000
0.050,0.024,0.011,21.590,221580.188,8.648,68.000
0.057,0.001,0.017,20.343,193583.844,1.854,68.000
0.053,0.001,0.021,23.231,98944.898,1.838,68.000
0.047,0.000,0.016,28.985,-36592.938,-0.928,68.000
0.051,0.001,0.010,24.637,265361.094,4.629,68.000
0.050,0.000,0.023,21.730,-79519.719,-6.439,68.000
0.000,0.012,0.011,22.642,59032.820,4.599,68.000
0.052,0.003,0.011,21.545,272318.062,5.464,68.000
0.048,0.021,0.013,21.288,248843.969,9.064,68.000
0.053,0.000,0.016,27.930,-9273.867,1.630,68.000
0.050,0.021,0.010,20.386,217694.469,9.417,68.000
0.046,0.001,0.016,24.089,185646.250,2.486,68.000
0.050,0.012,0.011,20.180,225969.969,8.138,68.000
0.051,0.009,0.014,19.725,239374.125,7.805,68.000
0.042,0.001,0.016,20.740,111713.414,1.915,68.000
0.050,0.024,0.011,21.318,222003.438,8.898,68.000
0.048,0.020,0.012,19.507,241196.656,9.738,68.000
0.049,0.022,0.013,22.400,245173.812,8.326,68.000
0.051,0.026,0.010,20.290,228292.375,8.364,68.000
0.056,0.001,0.009,28.972,23400.039,0.850,68.000
0.049,0.017,0.014,21.048,239206.875,7.400,68.000
0.043,0.001,0.020,20.725,130108.898,1.301,68.000
0.048,0.001,0.013,24.651,225153.406,4.017,68.000
0.041,0.001,0.010,25.309,-10534.930,-0.120,68.000
0.048,0.000,0.013,34.646,-2130.844,-2.471,68.000
0.049,0.018,0.013,21.226,243770.125,7.751,68.000
0.052,0.001,0.015,26.166,187592.719,2.430,68.000
0.041,0.001,0.011,23.191,130845.555,1.514,68.000
0.051,0.025,0.013,23.428,228960.844,7.461,68.000
0.048,0.001,0.004,23.687,93604.180,1.521,68.000
0.060,0.001,0.017,19.193,170712.062,0.248,68.000
0.049,0.001,0.005,20.478,219516.781,2.247,68.000
0.052,0.001,0.017,26.565,124330.367,0.738,68.000
0.042,0.001,0.009,21.265,136275.969,1.139,68.000
0.052,0.015,0.013,21.645,206452.344,5.981,68.000
0.051,0.001,0.011,28.237,190609.625,3.551,68.000
0.059,0.001,0.009,23.805,29834.555,1.056,68.000
0.059,0.001,0.013,21.510,134956.125,0.552,68.000
0.052,0.024,0.011,22.270,218361.938,7.184,68.000
0.054,0.001,0.017,21.951,205512.000,2.363,68.000
0.056,0.001,0.019,22.097,172532.000,1.682,68.000
0.050,0.018,0.012,20.456,222455.219,7.893,68.000
0.054,0.001,0.013,26.217,196918.594,3.395,68.000
0.051,0.021,0.010,21.027,212870.344,8.433,68.000
0.046,0.001,0.012,23.743,241453.406,4.041,68.000
0.051,0.003,0.010,21.104,274651.281,5.441,68.000
0.049,0.017,0.013,19.436,236891.688,8.177,68.000
0.051,0.009,0.012,20.701,238774.188,8.115,68.000
0.047,0.001,0.002,19.929,177548.094,1.599,68.000
0.053,0.001,0.021,21.225,177989.688,2.930,68.000
0.052,0.000,0.003,24.024,8738.180,0.789,68.000
0.052,0.004,0.012,21.864,242543.156,5.382,68.000
0.049,0.009,0.012,21.529,264087.594,8.926,68.000
0.054,0.001,0.014,23.518,179833.719,2.680,68.000
0.051,0.023,0.013,23.334,229516.531,7.211,68.000
0.002,0.010,0.012,20.988,187430.344,7.747,68.000
0.050,0.002,0.006,21.158,222812.531,2.642,68.000
0.060,0.001,0.011,20.517,155410.750,2.096,68.000
0.042,0.001,0.014,23.562,110941.633,1.773,68.000
0.044,0.000,0.009,25.128,77432.883,0.147,68.000
0.048,0.001,0.008,23.201,239918.375,3.825,68.000
0.050,0.011,0.015,17.870,221691.844,7.199,68.000
0.048,0.027,0.013,21.448,151209.375,6.194,68.000
0.049,0.004,0.013,22.973,274159.719,6.454,68.000
0.049,0.018,0.013,20.613,242993.062,8.182,68.000
0.048,0.014,0.013,20.077,243053.281,8.653,68.000
0.052,0.014,0.014,20.403,212123.625,6.484,68.000
0.051,0.020,0.014,22.909,239675.625,6.721,68.000
0.051,0.001,0.023,22.090,73743.742,1.121,68.000
0.054,0.002,0.009,22.675,234244.688,4.218,68.000
0.060,0.000,0.014,20.186,97770.680,-0.298,68.000
0.097,0.011,0.012,21.119,202760.750,6.394,68.000
0.043,0.001,0.020,21.393,141488.781,1.598,68.000
0.051,0.010,0.012,20.542,222033.875,7.828,68.000
0.045,0.002,0.010,22.272,229368.125,3.195,68.000
0.049,0.025,0.013,21.262,233045.094,9.089,68.000
0.055,0.001,0.009,22.475,213043.594,3.633,68.000
0.050,0.001,0.008,29.474,98597.367,2.455,68.000
0.048,0.002,0.015,23.887,200030.969,3.727,68.000
0.054,0.001,0.007,24.229,184969.562,3.674,68.000
0.049,0.003,0.013,23.200,260910.250,6.010,68.000
0.046,0.000,0.005,21.481,76119.492,0.770,68.000
0.050,0.015,0.012,20.832,231547.688,7.900,68.000
0.050,0.000,0.012,33.307,67907.820,6.364,68.000
0.048,0.007,0.013,22.327,265905.562,8.000,68.000
0.048,0.017,0.011,19.627,234020.906,9.618,68.000
0.052,0.001,0.011,26.100,256551.250,4.597,68.000
0.100,0.013,0.012,26.988,129022.992,6.703,68.000
0.049,0.007,0.012,22.229,294969.250,8.566,68.000
0.041,0.001,0.006,19.199,117059.305,1.685,68.000
0.044,0.000,0.004,20.650,7339.961,0.120,68.000
0.042,0.001,0.011,23.576,165656.625,2.130,68.000
0.048,0.004,0.012,23.099,279091.781,6.440,68.000
0.050,0.007,0.009,19.216,263616.094,6.853,68.000
0.049,0.016,0.014,21.025,229021.156,6.743,68.000
0.057,0.001,0.020,21.418,154069.219,1.909,68.000
0.057,0.000,0.018,23.397,31286.680,-0.885,68.000
0.043,0.001,0.014,21.676,182897.281,3.154,68.000
0.053,0.000,0.013,33.125,-57063.906,-2.513,68.000
0.049,0.025,0.013,21.700,233095.875,8.873,68.000
0.046,0.001,0.020,21.941,145058.500,1.898,68.000
0.055,0.000,0.006,25.292,15538.750,1.853,68.000
0.040,0.001,0.010,22.476,94425.680,0.940,68.000
0.047,0.000,0.010,27.976,11305.461,0.733,68.000
0.056,0.001,0.004,17.952,243732.719,2.679,68.000
0.052,0.001,0.018,24.039,166875.094,1.972,68.000
0.047,0.000,0.008,27.497,-2977.680,2.997,68.000
0.057,0.001,0.011,21.637,207674.906,3.569,68.000
0.049,0.017,0.012,19.413,231024.750,9.196,68.000
0.043,0.000,0.016,22.994,-2896.039,-0.135,68.000
0.050,0.013,0.011,20.100,226787.156,7.877,68.000
0.051,0.000,0.014,28.517,2028.625,0.895,68.000
0.045,0.002,0.009,22.779,223436.781,3.196,68.000
0.043,0.001,0.010,22.941,170675.688,1.889,68.000
0.051,0.000,0.011,33.918,-17825.680,1.779,68.000
0.051,0.007,0.011,21.048,287421.312,8.189,68.000
0.049,0.002,0.014,24.098,211242.188,4.205,68.000
0.050,0.023,0.010,20.634,218839.594,8.818,68.000
0.050,0.013,0.014,19.978,223051.750,7.449,68.000
0.051,0.017,0.011,20.591,217794.188,8.170,68.000
0.045,0.002,0.011,21.164,246193.344,3.608,68.000
0.052,0.007,0.013,21.041,233560.250,7.356,68.000
0.052,0.001,0.013,28.782,163912.375,2.744,68.000
0.001,0.013,0.011,21.480,190939.594,7.816,68.000
0.047,0.000,0.018,27.064,-33636.766,-1.104,68.000
0.049,0.008,0.011,21.853,288973.375,8.786,68.000
0.047,0.001,0.016,28.320,79603.148,0.256,68.000
0.043,0.001,0.005,18.959,133121.469,1.743,68.000
0.047,0.002,0.018,22.566,182551.281,2.448,68.000
0.052,0.001,0.006,22.912,191152.312,2.824,68.000
0.051,0.000,0.005,23.909,28075.258,1.732,68.000
0.047,0.000,0.017,24.958,-35977.336,-2.217,68.000
0.051,0.007,0.010,18.778,272103.625,6.750,68.000
0.099,0.011,0.012,24.774,163259.938,6.179,68.000
0.050,0.011,0.014,18.221,224912.375,7.376,68.000
0.049,0.025,0.010,19.144,222658.812,9.368,68.000
0.048,0.006,0.011,21.575,284643.688,7.195,68.000
0.051,0.020,0.013,22.136,241572.406,7.526,68.000
0.051,0.023,0.012,22.512,223221.406,7.262,68.000
0.041,0.001,0.009,20.973,125587.430,0.988,68.000
0.050,0.021,0.012,21.177,231020.031,8.276,68.000
0.049,0.004,0.010,21.058,276685.625,6.246,68.000
0.049,0.027,0.010,17.142,211039.812,8.305,68.000
0.052,0.001,0.017,23.391,207437.312,2.705,68.000
0.049,0.021,0.011,20.397,223995.781,9.105,68.000
0.049,0.013,0.014,19.648,225513.000,7.510,68.000
0.052,0.002,0.013,23.491,213148.719,4.308,68.000
0.049,0.001,0.009,23.695,272991.906,4.502,68.000
0.052,0.010,0.011,19.699,200919.375,6.952,68.000
0.050,0.004,0.012,22.350,283282.312,6.287,68.000
0.044,0.001,0.017,23.582,69330.320,0.430,68.000
0.051,0.001,0.013,27.040,217488.156,3.929,68.000
0.049,0.023,0.013,21.688,237124.375,8.845,68.000
0.050,0.010,0.014,19.228,227857.812,7.646,68.000
0.045,0.001,0.005,19.900,175125.094,1.597,68.000
0.041,0.000,0.015,22.132,20919.656,0.120,68.000
0.040,0.001,0.010,20.633,100061.023,0.833,68.000
0.002,0.010,0.012,21.056,178629.969,7.674,68.000
0.050,0.001,0.019,22.573,188970.719,3.019,68.000
0.051,0.001,0.005,23.582,112738.430,1.423,68.000
0.041,0.000,0.017,22.982,-8072.477,0.635,68.000
0.052,0.005,0.011,20.390,276826.594,6.285,68.000
0.049,0.003,0.012,22.415,276893.531,5.727,68.000
0.047,0.000,0.006,23.986,57189.836,1.092,68.000
0.045,0.002,0.007,21.551,192793.719,2.350,68.000
0.052,0.012,0.011,19.846,191030.781,6.610,68.000
0.051,0.000,0.013,34.252,19666.328,5.250,68.000
0.050,0.003,0.014,23.798,223278.312,5.031,68.000
0.050,0.021,0.014,22.862,247887.188,7.279,68.000
0.002,0.012,0.013,20.822,211115.375,7.708,68.000
0.042,0.001,0.011,23.203,149070.625,1.869,68.000
0.048,0.000,0.004,27.654,-46928.820,1.032,68.000
0.051,0.001,0.018,24.599,143509.469,1.502,68.000
0.050,0.003,0.012,22.055,285433.969,6.146,68.000
0.050,0.004,0.010,20.865,279524.250,6.192,68.000
0.052,0.001,0.005,22.118,188968.969,2.460,68.000
0.050,0.018,0.012,20.278,219021.969,7.853,68.000
0.048,0.005,0.010,21.213,271282.688,6.519,68.000
0.041,0.001,0.011,21.549,146471.875,1.732,68.000
0.052,0.016,0.014,21.599,214037.750,5.979,68.000
0.050,0.001,0.022,21.020,176982.969,2.972,68.000
0.039,0.001,0.010,24.810,-36216.914,-0.600,68.000
0.049,0.019,0.011,19.655,223929.250,9.272,68.000
0.053,0.000,0.018,25.314,8499.828,-3.476,68.000
0.052,0.002,0.017,22.818,202636.375,3.212,68.000
0.058,0.000,0.005,23.368,-7650.320,1.861,68.000
0.057,0.002,0.011,22.417,201962.094,3.748,68.000
0.044,0.001,0.020,21.284,148517.219,1.980,68.000
0.050,0.004,0.011,21.312,288305.062,6.482,68.000
0.057,0.001,0.004,17.935,246555.062,2.753,68.000
0.056,0.001,0.013,23.399,168122.938,2.810,68.000
0.044,0.001,0.017,21.644,156345.781,2.389,68.000
0.044,0.001,0.007,25.695,1832.672,1.451,68.000
0.052,0.011,0.012,20.311,203906.625,7.305,68.000
0.051,0.005,0.009,20.829,275497.312,5.977,68.000
0.047,0.001,0.006,24.809,90794.883,1.876,68.000
0.051,0.000,0.023,22.439,-23644.828,-5.513,68.000
0.052,0.012,0.012,20.217,200551.969,7.143,68.000
0.048,0.001,0.019,23.168,124731.461,1.629,68.000
0.056,0.002,0.015,20.251,196644.625,1.762,68.000
0.051,0.026,0.010,20.472,231164.594,8.005,68.000
0.050,0.004,0.014,22.688,225575.219,5.731,68.000
0.049,0.004,0.013,23.238,247797.281,6.313,68.000
0.051,0.014,0.010,20.220,209733.625,7.302,68.000
0.052,0.006,0.012,21.221,242028.688,6.248,68.000
0.057,0.001,0.016,22.182,146463.062,0.642,68.000
0.052,0.002,0.007,21.964,230046.781,3.888,68.000
0.048,0.002,0.011,22.216,267609.812,4.343,68.000
0.050,0.009,0.013,20.848,245812.250,8.411,68.000
0.001,0.013,0.012,21.919,197456.812,7.067,68.000
0.050,0.002,0.015,24.280,203582.375,3.310,68.000
0.050,0.000,0.023,21.781,-58713.504,-5.924,68.000
0.051,0.014,0.010,20.212,202771.375,7.271,68.000
0.056,0.000,0.004,19.252,196780.875,2.327,68.000
0.050,0.000,0.014,31.775,12252.727,0.123,68.000
0.097,0.013,0.012,20.721,207045.062,6.732,68.000
0.051,0.004,0.011,21.213,287848.625,6.327,68.000
0.042,0.001,0.009,22.202,141022.594,1.308,68.000
0.056,0.000,0.007,25.159,-9694.992,1.113,68.000
0.052,0.020,0.012,22.014,220242.562,7.286,68.000
0.050,0.000,0.020,22.708,29551.773,1.437,68.000
0.052,0.002,0.016,23.474,213243.031,2.994,68.000
0.059,0.000,0.008,22.560,26801.383,2.497,68.000
0.052,0.001,0.020,21.211,183514.312,2.976,68.000
0.054,0.001,0.015,31.285,-24388.375,-0.966,68.000
0.051,0.006,0.015,20.225,225306.625,6.504,68.000
0.041,0.001,0.017,19.213,97073.570,1.556,68.000
0.049,0.007,0.013,22.798,278178.031,8.230,68.000
0.049,0.022,0.014,22.758,240233.469,7.845,68.000
0.049,0.026,0.013,20.998,238038.625,9.463,68.000
0.048,0.000,0.004,26.878,-36965.578,0.699,68.000
0.051,0.022,0.012,21.931,225322.344,7.542,68.000
0.098,0.013,0.013,21.088,212884.438,6.944,68.000
0.049,0.001,0.018,23.449,191411.500,2.285,68.000
0.045,0.000,0.012,26.519,40030.211,-0.316,68.000
0.053,0.001,0.020,21.229,183167.719,2.891,68.000
0.048,0.015,0.013,19.826,229556.219,7.581,68.000
0.053,0.001,0.010,29.977,107701.617,2.731,68.000
0.057,0.001,0.018,20.691,191087.750,0.988,68.000
0.050,0.000,0.014,30.994,-22455.555,0.443,68.000
0.052,0.001,0.016,23.446,212715.094,2.688,68.000
0.052,0.015,0.010,19.898,198729.344,7.181,68.000
0.043,0.001,0.004,21.206,39385.383,1.427,68.000
0.052,0.006,0.010,19.035,266983.656,6.172,68.000
0.051,0.023,0.013,22.652,225725.688,7.481,68.000
0.054,0.001,0.009,25.506,204151.688,4.200,68.000
0.042,0.000,0.014,25.234,33828.680,0.468,68.000
0.052,0.023,0.013,23.495,225326.500,6.605,68.000
0.059,0.000,0.006,24.820,-34781.320,2.887,68.000
0.048,0.000,0.014,28.376,79520.102,0.916,68.000
0.050,0.013,0.013,21.252,226608.656,7.646,68.000
0.051,0.012,0.012,20.870,223045.781,8.016,68.000
0.050,0.000,0.016,29.085,-3804.625,-0.978,68.000
0.048,0.018,0.012,18.861,239008.875,9.733,68.000
0.060,0.001,0.007,19.921,172530.781,2.553,68.000
0.050,0.001,0.008,25.221,220752.031,4.004,68.000
0.049,0.001,0.012,28.778,158178.281,3.017,68.000
0.047,0.002,0.013,23.215,246862.500,4.864,68.000
0.046,0.001,0.015,27.286,79043.164,1.036,68.000
0.051,0.009,0.013,21.414,239369.406,7.997,68.000
0.049,0.017,0.011,19.993,225403.938,9.525,68.000
0.052,0.010,0.013,20.188,213634.656,7.259,68.000
0.047,0.000,0.015,28.043,20222.289,-0.617,68.000
0.051,0.007,0.012,21.694,254807.531,7.608,68.000
0.051,0.005,0.012,22.174,263085.906,6.526,68.000
0.049,0.001,0.007,25.733,136834.719,2.567,68.000
0.045,0.002,0.010,21.756,236344.000,3.186,68.000
0.048,0.002,0.007,21.990,220303.406,3.095,68.000
0.051,0.024,0.010,20.878,218707.000,8.289,68.000
0.052,0.002,0.014,24.289,205779.594,3.533,68.000
0.048,0.001,0.008,26.856,160581.500,2.930,68.000
0.049,0.015,0.011,20.052,238841.625,9.178,68.000
0.051,0.022,0.013,23.018,234702.156,6.996,68.000
0.052,0.021,0.011,21.396,208989.594,7.439,68.000
0.049,0.026,0.010,18.940,227370.688,9.246,68.000
0.056,0.001,0.021,21.954,156692.844,2.700,68.000
0.052,0.011,0.010,19.712,203619.781,6.832,68.000
0.050,0.012,0.010,20.384,224465.031,7.586,68.000
0.049,0.016,0.012,19.580,233340.844,8.526,68.000
0.049,0.021,0.012,20.378,234637.281,9.406,68.000
0.048,0.001,0.015,23.675,198341.469,3.369,68.000
0.048,0.015,0.011,19.630,249447.531,9.528,68.000
0.057,0.001,0.011,23.688,186497.219,3.366,68.000
0.056,0.000,0.007,24.324,7468.781,1.864,68.000
0.040,0.001,0.011,22.092,96729.414,0.908,68.000
0.051,0.000,0.009,30.256,-866.062,1.684,68.000
0.053,0.000,0.010,32.922,-70386.406,-0.272,68.000
0.047,0.000,0.022,19.120,-48529.758,-0.973,68.000
0.047,0.000,0.011,28.267,41946.258,0.558,68.000
0.052,0.000,0.004,23.766,18713.094,1.163,68.000
0.057,0.001,0.007,22.677,149329.781,2.744,68.000
0.098,0.011,0.013,21.124,205107.469,6.172,68.000
0.048,0.024,0.012,21.064,231662.000,9.637,68.000
0.051,0.015,0.013,21.101,210391.750,6.410,68.000
0.053,0.000,0.009,29.986,-35357.797,1.484,68.000
0.051,0.000,0.023,21.943,11144.812,2.157,68.000
0.050,0.009,0.010,19.774,247188.094,7.824,68.000
0.044,0.001,0.021,21.780,99220.305,1.078,68.000
0.048,0.000,0.013,29.341,65868.227,0.718,68.000
0.045,0.001,0.020,21.937,165900.500,2.292,68.000
0.048,0.002,0.013,23.689,252646.531,5.344,68.000
0.050,0.013,0.010,20.229,218009.906,7.562,68.000
0.052,0.017,0.012,21.369,210968.375,6.865,68.000
0.100,0.011,0.011,24.013,29123.617,11.173,68.000
0.049,0.013,0.012,20.517,243094.219,8.595,68.000
0.043,0.001,0.016,22.750,47567.867,0.306,68.000
0.058,0.001,0.015,19.965,189045.031,1.309,68.000
0.045,0.002,0.010,21.704,248707.469,3.397,68.000
0.049,0.009,0.012,21.220,269229.688,8.917,68.000
0.052,0.022,0.012,22.187,223449.250,7.060,68.000
0.045,0.001,0.018,23.144,98852.883,0.745,68.000
0.051,0.001,0.015,24.724,197971.781,2.463,68.000
0.051,0.013,0.014,19.468,220386.500,6.975,68.000
0.099,0.013,0.013,24.071,190278.094,7.078,68.000
0.051,0.001,0.005,20.151,223297.344,2.290,68.000
0.050,0.013,0.010,20.365,222474.406,7.787,68.000
0.050,0.014,0.013,21.354,224635.062,7.410,68.000
0.098,0.010,0.012,21.264,207091.469,6.242,68.000
0.046,0.000,0.010,27.115,87663.930,-0.298,68.000
0.052,0.002,0.011,22.813,268083.875,4.835,68.000
0.050,0.003,0.009,22.246,273595.406,5.487,68.000
0.050,0.014,0.013,21.393,225778.688,7.562,68.000
0.051,0.001,0.007,27.014,84356.602,1.829,68.000
0.055,0.001,0.013,23.336,187242.562,3.578,68.000
0.044,0.002,0.010,21.095,228590.781,3.049,68.000
0.003,0.013,0.012,20.916,205329.344,7.504,68.000
0.052,0.001,0.010,30.152,158162.969,3.435,68.000
0.051,0.022,0.012,22.152,227093.094,7.339,68.000
0.044,0.000,0.006,23.294,-8359.320,0.164,68.000
0.050,0.010,0.013,20.585,241718.906,8.375,68.000
0.050,0.014,0.012,20.058,242017.156,8.617,68.000
0.052,0.001,0.018,24.749,136200.719,1.633,68.000
0.055,0.001,0.004,20.391,194432.594,2.787,68.000
0.055,0.001,0.016,24.213,155120.406,1.222,68.000
0.045,0.001,0.008,25.024,184644.312,2.389,68.000
0.048,0.008,0.013,21.412,278540.219,8.919,68.000
0.055,0.000,0.015,30.007,-970.211,-1.115,68.000
0.051,0.018,0.013,22.282,230485.281,6.879,68.000
0.051,0.009,0.010,19.801,251440.875,8.043,68.000
0.052,0.004,0.011,21.299,272242.250,5.687,68.000
0.052,0.001,0.017,23.152,210662.406,2.931,68.000
0.049,0.006,0.011,21.466,299209.875,7.643,68.000
0.051,0.022,0.012,21.925,221239.625,7.763,68.000
0.049,0.004,0.013,23.081,274103.062,6.318,68.000
0.050,0.027,0.013,21.862,199565.875,6.950,68.000
0.048,0.014,0.012,20.138,251151.625,9.209,68.000
0.050,0.027,0.014,22.624,74388.055,0.609,68.000
0.050,0.001,0.019,22.607,190491.250,2.951,68.000
0.050,0.009,0.011,20.111,266251.938,8.501,68.000
0.045,0.001,0.003,20.508,144141.188,1.214,68.000
0.057,0.001,0.005,19.726,206970.656,2.750,68.000
0.057,0.001,0.010,24.437,150803.500,3.579,68.000
0.041,0.001,0.007,19.355,102880.727,1.307,68.000
0.047,0.002,0.011,22.010,261569.500,4.661,68.000
0.050,0.006,0.014,21.245,226906.281,6.438,68.000
0.050,0.019,0.010,20.207,211166.438,8.939,68.000
0.051,0.002,0.009,23.527,269228.094,4.949,68.000
0.051,0.021,0.010,20.763,214296.719,8.505,68.000
0.052,0.001,0.021,20.772,182023.250,2.960,68.000
0.055,0.001,0.016,23.198,184564.406,1.521,68.000
0.049,0.002,0.011,22.395,272601.188,5.165,68.000
0.052,0.025,0.012,22.659,218986.344,6.791,68.000
0.052,0.001,0.016,23.942,214155.312,2.501,68.000
0.049,0.020,0.013,21.124,253537.031,8.409,68.000
0.048,0.002,0.014,23.429,226533.719,4.785,68.000
0.057,0.000,0.007,24.800,-29779.859,1.663,68.000
0.045,0.001,0.008,22.967,220770.844,3.166,68.000
0.049,0.011,0.011,20.626,249433.750,8.946,68.000
0.043,0.001,0.007,21.751,144098.156,1.760,68.000
0.100,0.011,0.012,19.266,49083.133,11.156,68.000
0.049,0.001,0.012,25.393,264316.125,4.266,68.000
0.049,0.023,0.010,19.761,219726.969,9.650,68.000
0.046,0.001,0.022,20.484,157335.438,2.515,68.000
0.050,0.003,0.012,23.492,260866.531,5.564,68.000
0.047,0.000,0.003,21.043,99743.445,0.514,68.000
0.052,0.003,0.010,21.440,272571.594,5.390,68.000
0.042,0.000,0.019,22.745,17303.547,-0.802,68.000
0.050,0.015,0.011,20.051,237673.406,8.655,68.000
0.052,0.018,0.013,22.485,226444.938,6.542,68.000
0.048,0.025,0.012,20.548,233046.531,10.036,68.000
0.050,0.001,0.017,27.792,118817.711,0.816,68.000
0.055,0.001,0.015,23.000,185241.031,2.079,68.000
0.058,0.000,0.018,21.169,106855.977,3.185,68.000
0.055,0.000,0.011,32.187,-40026.531,-1.435,68.000
0.050,0.017,0.012,20.108,220415.781,7.977,68.000
0.055,0.002,0.012,22.817,218754.781,4.224,68.000
0.051,0.015,0.010,19.968,212066.906,7.823,68.000
0.048,0.012,0.013,20.064,243535.219,8.520,68.000
0.056,0.000,0.021,21.232,9981.828,-0.440,68.000
0.049,0.017,0.011,20.100,226835.812,9.306,68.000
0.050,0.004,0.012,21.940,279055.469,6.383,68.000
0.049,0.000,0.020,20.560,48541.352,2.358,68.000
0.048,0.013,0.013,19.949,251542.125,8.953,68.000
0.051,0.014,0.014,19.434,219267.656,6.648,68.000
0.048,0.013,0.012,19.958,256882.281,9.296,68.000
0.040,0.001,0.012,22.130,101264.586,1.273,68.000
0.050,0.000,0.008,28.611,41537.023,1.880,68.000
0.051,0.000,0.008,26.567,64988.055,3.152,68.000
0.047,0.001,0.006,23.660,130686.430,1.951,68.000
0.051,0.013,0.010,20.167,206594.875,7.160,68.000
0.050,0.010,0.010,20.059,233133.688,7.622,68.000
0.051,0.010,0.013,20.428,235564.438,8.242,68.000
0.000,0.013,0.013,15.845,39981.945,10.274,68.000
0.053,0.000,0.007,25.827,54220.992,3.808,68.000
0.053,0.001,0.017,22.491,207130.188,2.460,68.000
0.053,0.002,0.016,22.910,213003.344,2.787,68.000
0.048,0.001,0.022,21.817,81343.664,1.316,68.000
0.055,0.002,0.011,22.604,228623.188,4.444,68.000
0.046,0.001,0.019,21.941,177571.969,2.521,68.000
0.049,0.001,0.019,21.683,182310.094,2.924,68.000
0.051,0.006,0.013,22.236,253798.688,7.229,68.000
0.049,0.007,0.012,22.658,286949.094,8.602,68.000
0.051,0.025,0.010,21.105,225137.469,7.985,68.000
0.052,0.022,0.012,22.221,221925.438,7.356,68.000
0.052,0.002,0.014,23.305,205790.969,3.794,68.000
0.051,0.017,0.014,21.813,228325.750,6.435,68.000
0.051,0.002,0.010,23.066,271536.906,4.833,68.000
0.045,0.000,0.005,23.271,2975.969,0.690,68.000
0.051,0.013,0.013,22.054,216817.312,7.137,68.000
0.048,0.001,0.015,23.644,202797.125,3.580,68.000
0.039,0.001,0.011,21.026,77157.570,0.854,68.000
0.052,0.012,0.011,19.738,191280.188,6.639,68.000
0.100,0.011,0.012,18.475,56691.883,9.896,68.000
0.043,0.001,0.010,22.677,184913.281,2.223,68.000
0.049,0.001,0.007,22.961,237041.938,3.777,68.000
0.052,0.023,0.012,23.023,219535.562,6.625,68.000
0.046,0.000,0.010,26.581,29933.898,0.660,68.000
0.048,0.001,0.012,22.551,264207.969,4.481,68.000
0.057,0.001,0.012,23.626,175647.250,2.971,68.000
0.049,0.026,0.014,22.630,236770.688,8.718,68.000
0.002,0.013,0.012,21.240,212799.594,7.586,68.000
0.051,0.007,0.014,20.072,236646.750,7.073,68.000
0.051,0.018,0.013,22.355,231023.219,6.997,68.000
0.055,0.000,0.002,23.069,10059.109,-0.120,68.000
0.054,0.001,0.021,22.058,125799.352,1.982,68.000
0.051,0.010,0.011,20.214,221604.281,7.874,68.000
0.050,0.018,0.010,19.870,221693.781,9.410,68.000
0.050,0.026,0.013,21.870,232116.031,8.564,68.000
0.042,0.001,0.010,26.332,19442.969,0.139,68.000
0.050,0.000,0.009,34.645,-56795.387,-0.102,68.000
0.050,0.016,0.010,19.743,220293.000,9.060,68.000
0.056,0.000,0.004,19.748,98025.227,1.444,68.000
0.049,0.019,0.014,21.814,257223.531,7.849,68.000
0.046,0.000,0.021,19.585,-18540.625,0.130,68.000
0.060,0.001,0.011,21.544,152376.781,2.357,68.000
0.099,0.012,0.011,21.440,208057.969,6.926,68.000
0.051,0.010,0.012,20.365,221904.094,7.949,68.000
0.051,0.003,0.011,21.521,274428.938,5.356,68.000
0.050,0.012,0.012,20.390,236713.625,8.636,68.000
0.058,0.000,0.010,22.868,6000.500,3.192,68.000
0.001,0.011,0.012,21.383,185475.500,7.870,68.000
0.043,0.001,0.011,21.590,215180.812,2.650,68.000
0.053,0.001,0.009,24.596,216261.906,4.298,68.000
0.050,0.011,0.014,19.980,232961.125,7.973,68.000
0.049,0.006,0.011,21.412,301241.438,7.650,68.000
0.057,0.001,0.009,26.451,64531.430,1.855,68.000
0.056,0.001,0.006,25.327,35167.414,0.758,68.000
0.052,0.008,0.013,20.195,228519.000,7.378,68.000
0.048,0.001,0.009,27.947,139712.688,2.631,68.000
0.043,0.001,0.012,23.435,182485.125,2.821,68.000
0.051,0.000,0.016,24.290,87472.539,3.282,68.000
0.051,0.015,0.012,21.157,213352.250,7.403,68.000
0.052,0.006,0.010,18.723,261329.406,6.187,68.000
0.045,0.001,0.014,21.932,196600.531,3.633,68.000
0.051,0.004,0.014,22.302,217505.438,5.391,68.000
0.048,0.006,0.013,22.147,278783.312,8.122,68.000
0.054,0.001,0.019,22.268,179136.656,2.648,68.000
0.050,0.000,0.010,33.631,-20717.367,3.971,68.000
0.053,0.001,0.006,23.914,169915.438,2.889,68.000
0.051,0.000,0.007,26.700,42827.539,2.649,68.000
0.053,0.001,0.008,26.424,144563.656,3.149,68.000
0.057,0.002,0.014,22.776,173120.938,2.056,68.000
0.052,0.000,0.017,25.258,-9297.781,-2.132,68.000
0.043,0.000,0.018,20.880,11451.336,0.662,68.000
0.049,0.014,0.013,19.918,226540.812,7.563,68.000
0.049,0.008,0.011,21.940,279210.188,8.809,68.000
0.050,0.020,0.013,21.933,247585.125,7.921,68.000
0.048,0.016,0.011,19.732,243364.781,10.006,68.000
0.045,0.000,0.015,28.900,-6896.406,-3.501,68.000
0.053,0.001,0.015,23.382,209359.062,2.534,68.000
0.049,0.001,0.014,27.666,171740.156,2.504,68.000
0.043,0.000,0.007,22.443,-54134.992,-0.543,68.000
0.052,0.011,0.012,20.291,202357.719,7.161,68.000
0.050,0.023,0.013,22.165,233442.969,8.243,68.000
0.048,0.000,0.009,28.264,32249.852,1.212,68.000
0.050,0.000,0.003,24.910,7006.766,0.843,68.000
0.052,0.000,0.001,21.637,47135.711,0.669,68.000
0.044,0.001,0.017,23.689,122277.320,1.386,68.000
0.041,0.001,0.013,21.863,128577.305,2.359,68.000
0.048,0.006,0.014,21.991,255924.375,7.689,68.000
0.049,0.009,0.010,20.439,251630.406,7.993,68.000
0.050,0.006,0.013,23.270,268858.750,7.237,68.000
0.049,0.000,0.002,23.995,-4271.891,-0.285,68.000
0.053,0.001,0.010,22.732,244667.469,4.512,68.000
0.049,0.010,0.012,20.400,253977.250,8.920,68.000
0.056,0.000,0.020,23.340,24563.422,2.163,68.000
0.050,0.019,0.014,22.349,249409.062,7.288,68.000
0.051,0.002,0.014,24.042,213555.688,4.176,68.000
0.050,0.000,0.004,27.330,-36113.062,1.278,68.000
0.051,0.016,0.014,20.958,222133.500,6.190,68.000
0.049,0.012,0.011,20.541,232602.281,8.165,68.000
0.049,0.010,0.014,18.957,227986.125,7.513,68.000
0.050,0.000,0.022,21.211,-11854.672,-3.266,68.000
0.044,0.001,0.008,27.127,65419.602,1.571,68.000
0.049,0.019,0.013,21.512,251322.062,7.790,68.000
0.051,0.024,0.013,23.782,224820.469,6.717,68.000
0.046,0.000,0.018,25.227,8663.289,-1.476,68.000
0.042,0.001,0.016,20.932,104133.836,1.975,68.000
0.050,0.008,0.014,20.116,246320.250,7.980,68.000
0.047,0.000,0.004,24.852,15399.977,0.750,68.000
0.041,0.001,0.012,23.107,134263.219,1.788,68.000
0.049,0.000,0.005,21.999,51022.258,1.834,68.000
0.048,0.001,0.017,28.511,58295.695,0.021,68.000
0.054,0.000,0.002,25.441,-44186.152,-0.369,68.000
0.050,0.007,0.012,23.019,280625.531,8.316,68.000
0.051,0.016,0.014,21.168,217510.094,6.080,68.000
0.052,0.020,0.012,22.062,216845.062,7.098,68.000
0.051,0.009,0.011,20.487,241632.719,8.379,68.000
0.051,0.013,0.010,19.957,203632.875,7.027,68.000
0.054,0.001,0.013,30.451,54942.195,1.225,68.000
0.048,0.000,0.008,29.960,-27838.234,0.911,68.000
0.045,0.001,0.018,21.440,173363.031,2.694,68.000
0.049,0.021,0.013,21.442,241609.500,8.526,68.000
0.050,0.020,0.011,20.805,218074.281,8.737,68.000
0.042,0.001,0.013,26.057,15845.812,0.362,68.000
0.054,0.001,0.006,20.842,205582.531,2.591,68.000
0.050,0.020,0.013,21.643,242485.094,7.970,68.000
0.048,0.007,0.011,21.758,294878.125,8.288,68.000
0.052,0.016,0.011,20.762,204111.406,7.128,68.000
0.049,0.026,0.012,21.108,237101.906,9.275,68.000
0.058,0.001,0.012,22.325,158021.656,2.280,68.000
0.049,0.001,0.010,28.320,200563.125,3.610,68.000
0.053,0.000,0.015,29.681,-23986.453,0.143,68.000
0.000,0.013,0.013,20.377,15066.383,12.407,68.000
0.051,0.012,0.013,21.473,220451.438,7.356,68.000
0.042,0.000,0.015,23.017,-48462.844,-0.429,68.000
0.001,0.013,0.013,22.147,186057.594,6.789,68.000
0.049,0.026,0.011,19.645,231468.375,9.651,68.000
0.048,0.001,0.003,19.426,209667.438,1.614,68.000
0.043,0.001,0.015,22.545,132415.812,1.954,68.000
0.050,0.023,0.011,21.603,221307.469,8.582,68.000
0.051,0.012,0.011,20.011,216774.562,7.633,68.000
0.049,0.007,0.014,21.084,234861.844,7.144,68.000
0.057,0.000,0.004,19.513,187958.062,2.284,68.000
0.043,0.001,0.007,22.057,136671.406,1.742,68.000
0.048,0.015,0.011,19.656,248922.594,9.623,68.000
0.050,0.001,0.015,26.316,194739.969,2.826,68.000
0.050,0.017,0.014,21.632,236831.219,6.710,68.000
0.049,0.020,0.011,20.087,224384.156,9.446,68.000
0.058,0.001,0.014,21.918,161338.562,0.919,68.000
0.039,0.001,0.013,22.112,31094.727,0.099,68.000
0.054,0.001,0.010,22.938,241854.281,4.616,68.000
0.050,0.008,0.013,21.425,256233.156,8.094,68.000
0.059,0.001,0.014,24.191,80901.227,-0.321,68.000
0.052,0.001,0.006,26.503,70724.477,1.608,68.000
0.052,0.000,0.010,34.232,-48226.434,2.443,68.000
0.055,0.001,0.014,23.523,179675.062,2.842,68.000
0.046,0.001,0.006,21.226,180377.875,2.020,68.000
0.053,0.001,0.014,25.220,180537.438,2.258,68.000
0.051,0.001,0.008,24.657,222556.812,4.188,68.000
0.048,0.019,0.014,21.768,258380.562,8.111,68.000
0.052,0.016,0.012,22.032,199535.469,6.202,68.000
0.059,0.001,0.006,20.901,154438.125,2.653,68.000
0.043,0.001,0.006,24.107,55879.367,1.641,68.000
0.052,0.020,0.012,22.143,223563.000,7.182,68.000
0.050,0.014,0.011,20.111,221136.500,7.757,68.000
0.047,0.000,0.009,25.743,127773.477,0.547,68.000
0.052,0.008,0.014,19.909,227725.438,7.290,68.000
0.040,0.001,0.013,18.922,115176.430,2.247,68.000
0.055,0.000,0.018,24.452,74006.180,0.318,68.000
0.048,0.019,0.013,19.610,244000.875,8.912,68.000
0.045,0.001,0.002,20.796,152072.781,1.358,68.000
0.043,0.000,0.016,23.099,52752.477,0.213,68.000
0.050,0.018,0.012,20.123,235310.250,8.251,68.000
0.044,0.002,0.010,21.138,218769.594,2.902,68.000
0.052,0.006,0.012,20.425,259954.625,6.169,68.000
0.054,0.001,0.007,26.919,62613.961,1.114,68.000
0.050,0.005,0.012,22.525,266769.281,6.863,68.000
0.054,0.001,0.006,23.089,128886.148,1.727,68.000
0.051,0.010,0.010,19.594,236859.094,7.530,68.000
0.049,0.012,0.013,20.565,240599.156,8.562,68.000
0.048,0.006,0.012,22.743,294962.656,7.705,68.000
0.050,0.001,0.013,27.248,215586.031,4.047,68.000
0.055,0.000,0.005,25.005,-13783.750,1.332,68.000
0.050,0.018,0.013,20.672,231500.125,7.692,68.000
0.050,0.016,0.011,20.013,224611.781,8.978,68.000
0.050,0.003,0.013,23.323,250072.656,5.327,68.000
0.056,0.001,0.012,22.805,185484.969,3.478,68.000
0.048,0.018,0.011,19.653,229458.312,9.955,68.000
0.051,0.001,0.004,19.101,232401.125,2.122,68.000
0.044,0.001,0.012,24.554,171181.750,1.960,68.000
0.048,0.000,0.009,28.845,77165.852,0.996,68.000
0.050,0.007,0.014,20.183,240498.156,7.179,68.000
0.053,0.000,0.007,26.686,62969.633,2.580,68.000
0.052,0.000,0.023,20.517,29426.352,-0.979,68.000
0.045,0.002,0.015,22.091,181746.188,3.049,68.000
0.052,0.010,0.012,20.192,210624.719,7.482,68.000
0.048,0.004,0.013,23.027,277836.531,6.577,68.000
0.044,0.000,0.014,25.025,79465.148,-0.098,68.000
0.058,0.000,0.008,23.990,-31134.523,2.127,68.000
0.052,0.001,0.019,21.704,185513.906,2.976,68.000
0.060,0.001,0.012,24.901,24218.219,-0.001,68.000
0.052,0.001,0.013,30.486,149886.312,3.155,68.000
0.050,0.022,0.013,22.507,239706.219,7.839,68.000
0.052,0.003,0.013,22.832,213094.000,4.194,68.000
0.052,0.001,0.022,21.282,187097.531,3.057,68.000
0.056,0.001,0.020,22.335,159851.000,2.289,68.000
0.049,0.009,0.012,21.844,273510.500,8.968,68.000
0.050,0.026,0.012,22.004,235520.906,8.450,68.000
0.051,0.008,0.013,21.710,252735.969,8.144,68.000
0.054,0.001,0.022,21.101,174843.188,2.863,68.000
0.048,0.005,0.012,22.679,295441.938,7.435,68.000
0.050,0.001,0.007,26.063,127302.555,2.594,68.000
0.043,0.001,0.005,19.910,105766.711,1.655,68.000
0.051,0.001,0.006,21.306,220860.719,2.839,68.000
0.050,0.007,0.013,21.797,252445.750,7.548,68.000
0.096,0.012,0.012,20.599,201042.125,6.730,68.000
0.051,0.009,0.013,21.367,242966.656,8.113,68.000
0.041,0.000,0.007,20.096,724.328,-0.741,68.000
0.050,0.012,0.011,19.974,221523.344,7.809,68.000
0.000,0.013,0.013,22.334,97907.211,5.813,68.000
0.051,0.008,0.013,21.745,254831.250,8.054,68.000
0.050,0.019,0.010,20.014,212302.562,9.207,68.000
0.051,0.005,0.014,21.686,228292.750,6.096,68.000
0.050,0.005,0.009,20.928,273729.812,5.951,68.000
0.003,0.011,0.012,20.932,191169.688,7.592,68.000
0.002,0.010,0.012,21.091,182430.688,7.758,68.000
0.051,0.005,0.010,20.414,280613.938,6.341,68.000
0.052,0.005,0.014,21.974,221754.156,5.318,68.000
0.051,0.014,0.011,20.314,202488.906,7.221,68.000
0.056,0.001,0.006,20.544,200666.938,2.613,68.000
0.048,0.008,0.012,22.462,277604.250,8.700,68.000
0.048,0.016,0.013,19.488,237821.906,8.399,68.000
0.047,0.001,0.014,29.290,100764.273,1.613,68.000
0.050,0.001,0.016,28.880,91508.023,0.404,68.000
0.051,0.005,0.013,21.755,243727.031,6.106,68.000
0.049,0.015,0.013,20.240,225439.281,7.043,68.000
0.098,0.012,0.011,21.328,206425.281,7.196,68.000
0.043,0.001,0.004,18.459,152297.562,1.428,68.000
0.051,0.002,0.017,22.690,201921.938,3.295,68.000
0.097,0.013,0.013,20.884,210338.031,7.114,68.000
0.050,0.015,0.012,21.097,222653.219,7.401,68.000
0.051,0.003,0.011,21.353,278144.250,5.777,68.000
0.058,0.001,0.008,23.074,132598.062,2.998,68.000
0.046,0.001,0.004,20.678,158485.000,1.361,68.000
0.052,0.001,0.003,20.053,217285.750,2.306,68.000
0.048,0.001,0.022,20.556,165450.188,2.849,68.000
0.049,0.008,0.012,22.277,283327.656,8.808,68.000
0.049,0.016,0.014,20.941,227597.438,6.819,68.000
0.053,0.001,0.002,22.699,94012.508,1.207,68.000
0.052,0.010,0.012,20.213,211445.344,7.183,68.000
0.052,0.001,0.019,21.727,185461.781,2.939,68.000
0.049,0.021,0.012,20.983,240569.406,8.716,68.000
0.052,0.001,0.007,22.251,230294.750,3.938,68.000
0.045,0.001,0.006,24.175,85442.508,1.794,68.000
0.058,0.000,0.018,22.276,83291.945,2.846,68.000
0.100,0.013,0.013,29.416,-4334.906,7.017,68.000
0.050,0.021,0.011,20.730,217180.156,9.007,68.000
0.049,0.002,0.014,23.790,208141.656,4.278,68.000
0.049,0.005,0.011,21.335,287769.000,6.908,68.000
0.050,0.018,0.010,19.536,217877.844,8.959,68.000
0.048,0.000,0.022,19.360,-3618.906,-0.938,68.000
0.050,0.005,0.010,20.400,276216.844,6.246,68.000
0.052,0.007,0.013,21.383,233570.875,6.871,68.000
0.050,0.018,0.013,21.950,237677.312,7.389,68.000
0.053,0.000,0.014,31.532,-76058.844,-1.567,68.000
0.048,0.001,0.011,29.170,148008.719,2.775,68.000
0.049,0.018,0.013,19.503,240328.281,8.365,68.000
0.049,0.022,0.012,21.513,234713.812,8.850,68.000
0.049,0.013,0.013,20.403,239458.656,8.282,68.000
0.045,0.000,0.018,23.919,28185.383,1.590,68.000
0.046,0.000,0.014,33.549,-21648.828,-3.216,68.000
0.052,0.002,0.007,22.161,236045.875,4.072,68.000
0.100,0.013,0.011,17.613,-42593.918,10.791,68.000
0.051,0.003,0.012,22.587,264172.625,5.703,68.000
0.048,0.012,0.010,20.628,235949.500,8.142,68.000
0.050,0.021,0.012,20.850,233043.438,8.453,68.000
0.052,0.018,0.013,22.598,224406.688,6.581,68.000
0.053,0.000,0.015,31.376,-2159.852,3.827,68.000
0.049,0.001,0.017,27.550,92155.570,0.464,68.000
0.054,0.000,0.009,31.431,-58008.793,-0.070,68.000
0.049,0.013,0.012,20.037,249911.812,8.988,68.000
0.048,0.018,0.013,20.619,249218.062,8.230,68.000
0.049,0.004,0.012,22.571,280456.250,6.452,68.000
0.059,0.001,0.015,20.909,159624.812,0.385,68.000
0.057,0.001,0.018,20.432,185252.094,1.506,68.000
0.048,0.006,0.014,22.175,253471.062,7.642,68.000
0.056,0.001,0.020,22.340,164044.469,2.092,68.000
0.049,0.020,0.012,19.802,235465.625,9.409,68.000
0.050,0.005,0.009,20.859,273009.438,6.152,68.000
0.051,0.024,0.012,22.477,224099.125,7.435,68.000
0.049,0.019,0.013,21.560,255071.656,8.066,68.000
0.050,0.002,0.009,23.651,261913.344,4.506,68.000
0.049,0.001,0.013,27.766,188258.625,3.570,68.000
0.049,0.018,0.012,18.986,232424.531,8.803,68.000
0.044,0.001,0.010,25.870,173423.375,2.276,68.000
0.051,0.025,0.014,24.085,230619.812,7.929,68.000
0.051,0.001,0.015,26.309,196970.562,2.528,68.000
0.051,0.006,0.010,20.056,289468.344,6.833,68.000
0.048,0.000,0.017,26.481,-1324.977,-1.272,68.000
0.051,0.020,0.013,22.610,235357.156,7.085,68.000
0.002,0.012,0.010,21.142,176620.844,7.840,68.000
0.100,0.013,0.011,18.578,-3105.000,12.313,68.000
0.049,0.005,0.013,23.150,267618.156,7.167,68.000
0.042,0.001,0.009,23.085,140210.000,1.377,68.000
0.049,0.007,0.012,22.652,285990.812,8.479,68.000
0.051,0.001,0.022,22.868,93284.023,1.936,68.000
0.057,0.001,0.009,25.575,78905.555,2.155,68.000
0.001,0.013,0.013,21.831,187970.812,7.176,68.000
0.057,0.001,0.018,20.355,191690.875,1.470,68.000
0.043,0.000,0.005,19.849,67653.461,0.252,68.000
0.049,0.024,0.013,21.959,233861.719,8.684,68.000
0.049,0.007,0.013,22.967,277076.094,8.069,68.000
0.050,0.018,0.014,21.748,240107.250,6.820,68.000
0.040,0.000,0.011,23.486,-2562.984,-0.092,68.000
0.043,0.001,0.015,21.879,150721.969,2.361,68.000
0.049,0.007,0.013,22.577,273867.469,8.016,68.000
0.051,0.026,0.010,21.197,222422.625,7.090,68.000
0.044,0.000,0.014,25.595,55384.148,-0.576,68.000
0.051,0.026,0.010,20.030,230037.875,8.271,68.000
0.057,0.000,0.007,21.982,-6925.219,2.339,68.000
0.048,0.001,0.005,20.968,196345.219,2.067,68.000
0.047,0.001,0.008,22.940,227013.188,3.363,68.000
0.056,0.000,0.019,23.511,-12308.766,1.083,68.000
0.046,0.001,0.019,21.162,174713.562,2.598,68.000
0.099,0.013,0.011,21.627,207875.844,7.687,68.000
0.057,0.000,0.009,25.270,-26767.461,2.520,68.000
0.050,0.001,0.014,31.088,74905.539,1.136,68.000
0.051,0.004,0.012,21.144,281680.156,6.188,68.000
0.047,0.001,0.015,25.319,191534.688,2.420,68.000
0.051,0.001,0.009,24.557,231784.594,4.354,68.000
0.056,0.001,0.014,24.485,183217.875,1.380,68.000
0.049,0.008,0.013,21.845,269465.062,8.533,68.000
0.048,0.000,0.012,34.520,-39803.586,1.239,68.000
0.050,0.001,0.003,20.113,211985.375,2.084,68.000
0.049,0.005,0.012,22.705,286904.781,7.267,68.000
0.045,0.001,0.005,20.404,182131.438,1.793,68.000
0.050,0.001,0.016,25.012,202015.594,2.654,68.000
0.049,0.027,0.010,16.466,322890.344,11.038,68.000
0.049,0.016,0.011,20.216,233443.656,9.419,68.000
0.056,0.001,0.007,24.700,102295.961,1.819,68.000
0.051,0.010,0.010,19.705,234775.406,7.730,68.000
0.045,0.001,0.013,22.607,224472.719,4.133,68.000
0.052,0.019,0.013,22.814,229257.562,6.630,68.000
0.060,0.001,0.012,22.147,102673.195,0.260,68.000
0.051,0.026,0.013,24.103,228099.312,7.370,68.000
0.057,0.001,0.007,24.154,126526.539,2.296,68.000
0.052,0.003,0.013,22.272,222788.938,4.704,68.000
0.051,0.001,0.009,30.618,111368.992,2.652,68.000
0.053,0.000,0.015,30.111,49065.492,1.279,68.000
0.052,0.001,0.005,20.577,218331.000,2.417,68.000
0.041,0.001,0.010,21.722,141078.062,1.687,68.000
0.052,0.016,0.010,20.358,206206.562,7.376,68.000
0.098,0.014,0.012,21.435,212778.312,7.893,68.000
0.055,0.001,0.017,24.988,115913.820,0.403,68.000
0.048,0.022,0.013,21.636,242758.938,9.088,68.000
0.050,0.018,0.010,19.591,214172.250,8.974,68.000
0.048,0.000,0.011,32.852,-24956.844,-0.543,68.000
0.052,0.000,0.002,23.473,31991.680,0.332,68.000
0.056,0.001,0.018,21.118,189253.969,1.851,68.000
0.051,0.025,0.013,22.894,229129.938,7.038,68.000
0.050,0.000,0.008,29.004,-13676.914,2.924,68.000
0.043,0.001,0.010,21.589,202164.219,2.459,68.000
0.049,0.023,0.011,20.036,215878.906,9.570,68.000
0.048,0.014,0.013,19.960,226652.312,7.704,68.000
0.049,0.006,0.010,21.023,275861.844,6.867,68.000
0.049,0.001,0.006,22.643,201691.719,2.782,68.000
0.058,0.001,0.012,22.315,151340.969,1.978,68.000
0.051,0.001,0.019,23.701,163270.094,2.512,68.000
0.055,0.001,0.019,23.567,127795.711,1.264,68.000
0.050,0.021,0.014,22.887,245629.062,6.965,68.000
0.052,0.002,0.008,22.217,238351.625,4.166,68.000
0.049,0.021,0.011,20.461,231008.344,9.436,68.000
0.049,0.022,0.011,20.128,222191.094,9.582,68.000
0.050,0.020,0.012,20.798,223733.438,8.391,68.000
0.048,0.000,0.016,26.295,-21157.172,-0.699,68.000
0.060,0.000,0.011,21.952,39099.180,1.680,68.000
0.052,0.010,0.013,20.363,215938.688,7.459,68.000
0.051,0.009,0.012,20.898,238360.719,8.006,68.000
0.042,0.001,0.013,20.563,162340.688,2.982,68.000
0.048,0.012,0.013,19.973,241791.969,8.406,68.000
0.044,0.001,0.009,22.395,185159.906,2.118,68.000
0.049,0.015,0.012,20.068,243481.031,8.918,68.000
0.050,0.000,0.004,26.814,-22951.609,1.436,68.000
0.044,0.001,0.005,21.210,133836.125,1.791,68.000
0.098,0.013,0.011,21.514,208795.812,7.716,68.000
0.055,0.000,0.015,25.701,32945.586,2.181,68.000
0.055,0.000,0.017,22.756,108810.023,1.143,68.000
0.058,0.001,0.006,26.106,-31361.844,0.288,68.000
0.047,0.000,0.013,33.809,-37001.906,-2.526,68.000
0.052,0.002,0.014,23.970,205633.719,3.653,68.000
0.052,0.000,0.006,24.891,66185.539,1.314,68.000
0.052,0.010,0.012,20.246,217459.438,7.564,68.000
0.053,0.000,0.015,27.189,-10424.445,-0.219,68.000
0.046,0.000,0.014,32.762,-19792.172,-2.904,68.000
0.051,0.021,0.014,22.989,238847.344,6.665,68.000
0.057,0.000,0.014,27.510,-34176.961,2.116,68.000
0.050,0.026,0.013,22.354,233678.969,8.463,68.000
0.040,0.001,0.011,21.379,87409.195,0.888,68.000
0.059,0.001,0.018,19.720,171058.375,0.506,68.000
0.054,0.002,0.015,22.555,197567.469,2.172,68.000
0.051,0.004,0.010,21.101,275757.344,5.719,68.000
0.046,0.001,0.013,30.053,69801.398,1.470,68.000
0.049,0.000,0.005,25.668,46995.773,1.339,68.000
0.050,0.023,0.013,22.652,231963.375,7.653,68.000
0.052,0.025,0.011,21.813,221101.469,7.490,68.000
0.057,0.001,0.018,21.196,180801.375,1.441,68.000
0.051,0.002,0.015,23.850,205218.406,3.829,68.000
0.053,0.002,0.009,22.846,242398.938,4.476,68.000
0.045,0.000,0.021,22.107,15252.258,0.037,68.000
0.053,0.001,0.009,23.014,237501.406,4.378,68.000
0.052,0.013,0.012,21.628,199034.500,6.464,68.000
0.044,0.001,0.017,22.127,158294.469,2.166,68.000
0.041,0.000,0.011,23.173,-63794.543,-1.232,68.000
0.051,0.023,0.013,23.089,227735.656,6.974,68.000
0.049,0.001,0.003,20.093,203626.625,1.705,68.000
0.051,0.004,0.012,21.863,268083.188,6.207,68.000
0.050,0.008,0.014,20.757,249645.875,8.094,68.000
0.052,0.013,0.012,20.985,191922.000,6.439,68.000
0.045,0.001,0.018,22.969,157813.656,2.039,68.000
0.044,0.002,0.013,21.007,207172.375,4.011,68.000
0.050,0.014,0.011,19.942,236041.531,8.411,68.000
0.048,0.007,0.012,22.490,290724.344,8.402,68.000
0.043,0.001,0.012,24.904,122016.211,0.840,68.000
0.052,0.001,0.001,20.231,199286.906,2.274,68.000
0.051,0.023,0.013,23.724,228083.125,6.678,68.000
0.050,0.012,0.009,20.159,222791.438,7.224,68.000
0.045,0.002,0.007,21.418,186158.719,2.194,68.000
0.059,0.000,0.013,24.566,-15034.391,0.709,68.000
0.049,0.010,0.014,20.296,234699.656,8.125,68.000
0.049,0.006,0.012,22.587,294026.875,7.880,68.000
0.046,0.002,0.007,21.478,203976.625,2.587,68.000
0.052,0.022,0.013,22.723,229131.125,6.962,68.000
0.042,0.000,0.017,24.675,-62589.250,-0.659,68.000
0.048,0.024,0.013,21.398,233805.625,9.250,68.000
0.048,0.024,0.012,20.961,229892.625,9.594,68.000
0.050,0.018,0.013,20.954,236999.031,7.604,68.000
0.051,0.006,0.010,19.257,277742.594,6.903,68.000
0.050,0.000,0.013,29.809,26037.281,1.684,68.000
0.041,0.001,0.005,19.070,126741.445,1.769,68.000
0.055,0.001,0.010,25.235,212616.062,4.293,68.000
0.050,0.018,0.014,22.265,244177.469,7.342,68.000
0.059,0.000,0.012,25.930,-35316.664,0.414,68.000
0.049,0.024,0.012,21.787,231614.000,8.775,68.000
0.049,0.005,0.011,21.446,299894.531,7.409,68.000
0.051,0.010,0.013,20.500,225590.438,7.870,68.000
0.047,0.001,0.017,25.538,149545.062,1.521,68.000
0.049,0.025,0.012,21.038,230995.125,9.379,68.000
0.050,0.012,0.014,18.958,225333.406,7.462,68.000
0.056,0.001,0.017,22.688,148236.625,0.753,68.000
0.051,0.020,0.014,22.618,246178.625,6.882,68.000
0.051,0.023,0.010,21.158,217684.469,8.092,68.000
0.048,0.010,0.010,21.220,250711.531,8.219,68.000
0.098,0.011,0.011,21.536,205350.312,6.801,68.000
0.058,0.001,0.014,22.489,153762.594,1.139,68.000
0.050,0.010,0.013,20.574,244508.844,8.600,68.000
0.052,0.020,0.011,21.538,209398.469,7.360,68.000
0.057,0.001,0.006,22.547,138903.594,2.371,68.000
0.050,0.027,0.011,17.380,129461.852,2.933,68.000
0.044,0.001,0.015,22.731,162091.625,2.349,68.000
0.054,0.002,0.014,23.398,183660.438,3.023,68.000
0.051,0.006,0.009,19.699,269694.750,6.648,68.000
0.052,0.016,0.012,21.540,208098.969,6.733,68.000
0.042,0.001,0.011,25.945,71859.586,0.708,68.000
0.052,0.001,0.002,21.210,189673.062,2.404,68.000
0.054,0.001,0.013,23.790,191572.250,3.464,68.000
0.050,0.022,0.012,21.319,231839.156,8.488,68.000
0.049,0.000,0.012,27.381,34446.133,1.603,68.000
0.050,0.018,0.014,21.677,239475.031,6.834,68.000
0.054,0.001,0.006,22.148,180594.031,2.658,68.000
0.049,0.014,0.014,19.303,222239.000,6.886,68.000
0.048,0.019,0.011,19.170,230388.312,9.713,68.000
0.052,0.021,0.013,22.940,236679.938,6.728,68.000
0.051,0.001,0.008,27.602,154715.000,3.312,68.000
0.051,0.001,0.015,25.715,202358.219,2.221,68.000
0.051,0.021,0.011,20.940,219055.000,8.368,68.000
0.052,0.012,0.011,19.732,196423.531,6.878,68.000
0.050,0.017,0.011,20.351,221421.219,8.807,68.000
0.049,0.018,0.013,20.892,242557.781,8.024,68.000
0.051,0.001,0.014,26.673,191557.938,2.780,68.000
0.046,0.001,0.014,22.585,217073.031,3.908,68.000
0.046,0.001,0.002,19.947,167759.719,1.474,68.000
0.052,0.006,0.012,20.653,251213.062,6.175,68.000
0.054,0.000,0.008,29.315,-48992.168,1.393,68.000
0.049,0.009,0.010,20.821,268375.375,8.406,68.000
0.051,0.011,0.010,19.957,210459.969,7.246,68.000
0.049,0.008,0.012,22.031,279980.406,8.939,68.000
0.049,0.006,0.010,20.138,270447.594,6.603,68.000
0.098,0.013,0.011,22.053,209127.625,7.746,68.000
0.041,0.001,0.006,20.661,53418.680,1.256,68.000
0.041,0.001,0.016,20.294,31137.289,0.369,68.000
0.048,0.014,0.013,20.077,248390.688,8.968,68.000
0.051,0.008,0.015,18.443,234279.594,6.975,68.000
0.057,0.001,0.014,22.569,177427.031,1.818,68.000
0.050,0.009,0.013,21.534,253272.500,8.433,68.000
0.048,0.016,0.012,19.555,238528.062,9.367,68.000
0.048,0.013,0.011,19.638,258711.719,9.241,68.000
0.045,0.000,0.005,21.836,-5458.258,0.757,68.000
0.050,0.013,0.012,20.725,230196.469,8.235,68.000
0.043,0.001,0.007,21.504,144894.781,1.620,68.000
0.099,0.013,0.012,21.556,216396.906,7.423,68.000
0.048,0.000,0.021,21.231,-2059.773,-0.029,68.000
0.043,0.000,0.014,23.363,89927.680,-0.049,68.000
0.050,0.005,0.014,21.856,230072.062,6.409,68.000
0.052,0.022,0.011,22.003,212904.812,7.495,68.000
0.002,0.010,0.012,21.054,182580.062,7.691,68.000
0.041,0.000,0.013,23.670,10172.484,-0.512,68.000
0.049,0.019,0.011,19.450,227025.906,9.506,68.000
0.043,0.000,0.019,20.538,-67268.891,-1.405,68.000
0.041,0.001,0.018,19.580,80851.148,1.050,68.000
0.049,0.000,0.015,31.499,4402.531,1.846,68.000
0.057,0.002,0.015,21.202,185868.406,1.752,68.000
0.050,0.007,0.014,20.543,237222.375,7.074,68.000
0.048,0.012,0.013,19.770,259543.094,9.428,68.000
0.050,0.008,0.011,20.201,272186.812,8.424,68.000
0.045,0.001,0.021,21.685,161343.031,2.396,68.000
0.050,0.006,0.010,19.991,279739.125,7.107,68.000
0.053,0.002,0.010,22.939,260183.344,4.735,68.000
0.051,0.007,0.010,18.504,261318.469,6.782,68.000
0.048,0.000,0.013,34.265,-23630.477,-2.506,68.000
0.049,0.008,0.014,20.423,245220.719,7.991,68.000
0.051,0.027,0.012,22.372,139060.312,5.221,68.000
0.051,0.006,0.011,19.780,281943.094,6.547,68.000
0.049,0.001,0.020,22.204,155763.125,2.445,68.000
0.041,0.000,0.017,21.592,-62936.238,-2.529,68.000
0.051,0.003,0.013,22.746,234725.188,5.003,68.000
0.057,0.001,0.009,28.339,-19278.148,0.383,68.000
0.049,0.025,0.010,18.888,226857.031,9.599,68.000
0.050,0.000,0.006,27.426,-54289.820,1.923,68.000
0.048,0.006,0.011,21.508,290879.906,7.684,68.000
0.050,0.019,0.014,22.542,254250.844,7.439,68.000
0.049,0.022,0.012,21.063,230356.625,9.014,68.000
0.051,0.016,0.013,21.742,213821.594,6.151,68.000
0.050,0.008,0.014,20.898,249859.938,8.249,68.000
0.048,0.003,0.013,23.346,243441.625,5.514,68.000
0.051,0.025,0.012,22.012,230102.438,8.048,68.000
0.051,0.026,0.014,24.069,228269.219,7.875,68.000
0.048,0.024,0.013,21.646,235606.438,9.133,68.000
0.050,0.001,0.001,22.709,101170.320,1.269,68.000
0.047,0.002,0.008,22.799,228624.281,3.469,68.000
0.042,0.001,0.016,19.116,108817.398,1.826,68.000
0.051,0.018,0.011,20.155,211173.000,8.555,68.000
0.002,0.010,0.011,21.280,173819.375,7.572,68.000
0.098,0.010,0.011,21.993,207248.500,6.896,68.000
0.049,0.017,0.013,19.886,237408.969,7.872,68.000
0.001,0.013,0.013,21.250,217409.688,7.738,68.000
0.047,0.000,0.005,17.456,123911.914,2.792,68.000
0.052,0.010,0.011,20.027,208472.688,7.442,68.000
0.047,0.002,0.008,22.912,238170.781,3.737,68.000
0.051,0.005,0.012,20.972,285998.094,6.425,68.000
0.049,0.015,0.013,19.891,230665.656,7.795,68.000
0.043,0.001,0.013,20.596,193216.906,3.476,68.000
0.049,0.000,0.008,30.429,-59695.371,1.790,68.000
0.050,0.001,0.019,23.518,159576.344,2.239,68.000
0.050,0.012,0.014,19.412,229049.500,7.625,68.000
0.052,0.001,0.007,27.373,105334.695,2.677,68.000
0.061,0.000,0.012,19.891,107289.680,2.448,68.000
0.051,0.005,0.010,19.503,267050.781,6.133,68.000
0.046,0.000,0.009,29.939,-40239.086,1.577,68.000
0.052,0.004,0.010,20.982,271716.938,5.422,68.000
0.050,0.025,0.013,22.480,230490.500,8.252,68.000
0.053,0.001,0.011,31.644,80741.695,2.380,68.000
0.051,0.001,0.005,21.265,207080.781,2.344,68.000
0.050,0.003,0.011,21.468,281475.094,5.940,68.000
0.048,0.000,0.017,28.079,714.734,0.003,68.000
0.044,0.001,0.006,20.432,160086.188,1.878,68.000
0.052,0.004,0.013,21.686,239582.094,5.482,68.000
0.057,0.001,0.006,22.711,129450.117,1.974,68.000
0.049,0.025,0.011,19.613,223588.719,9.093,68.000
0.052,0.019,0.011,21.785,210391.281,7.317,68.000
0.046,0.000,0.015,25.313,24444.484,1.408,68.000
0.044,0.000,0.017,24.752,-7105.547,-0.916,68.000
0.046,0.001,0.006,21.525,186133.938,2.257,68.000
0.045,0.000,0.014,29.396,-29077.648,-1.344,68.000
0.049,0.021,0.012,20.984,244456.594,8.691,68.000
0.098,0.012,0.011,21.402,207152.344,7.334,68.000
0.055,0.001,0.009,26.429,123439.352,2.692,68.000
0.050,0.001,0.023,22.605,30853.758,0.508,68.000
0.051,0.024,0.013,23.087,226354.344,7.057,68.000
0.045,0.001,0.003,19.090,158025.781,1.171,68.000
0.056,0.001,0.017,23.619,119167.461,0.272,68.000
0.058,0.001,0.005,20.902,179021.969,2.800,68.000
0.042,0.000,0.018,20.151,-14558.711,-0.262,68.000
0.050,0.003,0.014,23.205,219147.781,5.088,68.000
0.050,0.007,0.014,20.526,247692.000,7.682,68.000
0.050,0.025,0.012,21.736,227397.750,8.304,68.000
0.051,0.020,0.013,22.090,233105.469,7.181,68.000
0.049,0.010,0.011,21.108,251033.344,8.962,68.000
0.002,0.013,0.013,21.033,228462.406,7.489,68.000
0.051,0.015,0.012,21.205,221013.938,7.442,68.000
0.002,0.010,0.013,21.063,195497.000,7.895,68.000
0.047,0.001,0.010,23.446,256428.969,3.785,68.000
0.049,0.006,0.013,22.495,259460.844,7.682,68.000
0.051,0.006,0.010,19.126,278673.188,6.942,68.000
0.051,0.006,0.010,19.326,268799.094,6.226,68.000
0.055,0.001,0.011,28.443,121100.648,2.826,68.000
0.056,0.000,0.013,26.948,672.570,1.599,68.000
0.052,0.000,0.008,26.742,-11718.141,2.146,68.000
0.050,0.018,0.013,21.224,230804.000,7.463,68.000
0.057,0.001,0.011,21.614,194633.469,3.148,68.000
0.049,0.011,0.013,20.183,249610.531,9.046,68.000
0.045,0.002,0.010,22.159,248506.000,3.527,68.000
0.050,0.004,0.014,22.774,219228.781,5.395,68.000
0.051,0.026,0.010,20.577,228003.719,8.142,68.000
0.002,0.013,0.012,21.068,216540.500,7.551,68.000
0.052,0.011,0.013,20.490,203098.125,6.983,68.000
0.052,0.014,0.011,21.293,195518.469,6.542,68.000
0.049,0.023,0.013,22.126,234939.406,8.498,68.000
0.098,0.010,0.011,21.618,206496.938,6.572,68.000
0.048,0.002,0.013,23.350,255124.781,5.412,68.000
0.051,0.023,0.011,21.941,218792.469,7.799,68.000
0.052,0.008,0.012,20.950,255219.250,7.742,68.000
0.051,0.013,0.011,20.049,219667.656,7.735,68.000
0.050,0.011,0.013,20.468,236601.750,8.085,68.000
0.052,0.011,0.013,20.889,209339.531,7.190,68.000
0.051,0.009,0.013,20.996,245886.844,8.216,68.000
0.000,0.013,0.012,17.691,39446.273,9.965,68.000
0.050,0.011,0.010,20.684,232690.812,8.020,68.000
0.049,0.011,0.014,20.064,236035.031,8.038,68.000
0.048,0.027,0.013,21.830,156125.062,6.650,68.000
0.044,0.001,0.011,25.394,174729.969,2.161,68.000
0.051,0.005,0.012,21.633,268414.094,6.519,68.000
0.054,0.001,0.008,22.742,223575.281,4.061,68.000
0.050,0.004,0.012,21.508,288631.875,6.470,68.000
0.049,0.009,0.011,21.293,262212.906,8.859,68.000
0.045,0.001,0.019,21.945,167850.750,2.348,68.000
0.043,0.001,0.020,23.530,43101.102,0.108,68.000
0.049,0.000,0.007,26.689,48600.633,1.779,68.000
0.052,0.003,0.012,21.851,259303.562,5.387,68.000
0.051,0.010,0.010,19.792,214465.812,7.277,68.000
0.048,0.000,0.019,24.084,55508.805,0.163,68.000
0.042,0.001,0.008,21.795,148353.344,1.376,68.000
0.044,0.000,0.008,28.277,-33401.516,-0.668,68.000
0.058,0.001,0.012,22.834,164172.906,2.668,68.000
0.051,0.000,0.007,27.716,49822.023,1.772,68.000
0.041,0.001,0.017,21.001,9338.312,-0.125,68.000
0.049,0.020,0.013,21.485,251102.906,8.268,68.000
0.049,0.014,0.013,20.463,232884.188,7.976,68.000
0.057,0.000,0.015,25.235,-38584.438,2.453,68.000
0.050,0.003,0.012,23.099,271842.625,6.002,68.000
0.050,0.024,0.012,21.921,225832.531,8.325,68.000
0.049,0.010,0.012,20.347,257678.406,9.163,68.000
0.043,0.001,0.019,21.258,137007.406,1.562,68.000
0.055,0.000,0.007,26.779,-42675.895,0.903,68.000
0.052,0.006,0.013,21.002,223431.625,5.862,68.000
0.055,0.000,0.013,26.352,82176.133,2.020,68.000
0.046,0.002,0.014,22.177,208084.125,4.056,68.000
0.050,0.020,0.013,22.409,247382.750,7.466,68.000
0.049,0.001,0.010,25.235,258359.656,3.899,68.000
0.051,0.009,0.012,20.304,231891.188,7.940,68.000
0.051,0.000,0.011,26.101,190066.406,3.824,68.000
0.054,0.001,0.013,23.912,209614.469,4.007,68.000
0.049,0.024,0.010,19.590,220434.094,9.288,68.000
0.052,0.025,0.011,21.953,218518.469,7.355,68.000
0.056,0.000,0.019,23.585,38168.367,1.039,68.000
0.053,0.001,0.002,19.981,210958.281,2.528,68.000
0.051,0.001,0.017,25.321,214933.656,2.474,68.000
0.049,0.021,0.011,19.955,225578.938,9.494,68.000
0.051,0.001,0.013,28.332,207270.594,3.868,68.000
0.044,0.001,0.013,23.610,209287.969,3.566,68.000
0.050,0.000,0.014,32.604,-50596.773,-0.512,68.000
0.050,0.000,0.015,28.538,14544.562,-0.381,68.000
0.056,0.000,0.011,29.600,-30240.977,0.808,68.000
0.059,0.000,0.017,20.672,492.922,0.410,68.000
0.042,0.000,0.008,18.629,6487.609,2.052,68.000
0.051,0.001,0.019,22.194,187187.781,2.772,68.000
0.048,0.009,0.014,20.877,247569.812,8.290,68.000
0.055,0.000,0.009,27.263,-24822.969,2.268,68.000
0.049,0.000,0.010,30.532,15329.484,3.364,68.000
0.042,0.001,0.009,22.867,122135.086,1.093,68.000
0.098,0.010,0.013,21.216,204956.906,6.137,68.000
0.047,0.001,0.016,28.650,89327.367,0.622,68.000
0.051,0.020,0.014,22.519,244524.000,6.756,68.000
0.052,0.024,0.011,22.231,219710.094,7.263,68.000
0.051,0.004,0.013,22.127,234493.875,5.273,68.000
0.052,0.001,0.012,26.673,253269.250,4.409,68.000
0.045,0.000,0.021,21.803,14027.742,-0.069,68.000
0.052,0.000,0.019,22.253,96966.945,2.229,68.000
0.046,0.001,0.017,24.048,175436.156,2.341,68.000
0.002,0.010,0.011,21.255,174413.375,7.629,68.000
0.045,0.001,0.014,23.643,195576.219,3.251,68.000
0.048,0.015,0.014,20.147,226011.312,6.922,68.000
0.048,0.008,0.013,21.183,262807.906,8.599,68.000
0.055,0.000,0.009,33.226,-57193.180,-0.542,68.000
0.056,0.001,0.007,22.972,183620.812,3.093,68.000
0.058,0.001,0.017,20.548,193505.750,1.078,68.000
0.044,0.000,0.009,25.678,-14798.086,1.112,68.000
0.051,0.025,0.012,22.303,227252.688,7.668,68.000
0.043,0.001,0.006,24.116,-24198.461,1.471,68.000
0.047,0.000,0.007,26.283,-19314.031,2.363,68.000
0.052,0.020,0.013,22.426,229949.688,6.991,68.000
0.049,0.004,0.012,22.639,285463.062,6.417,68.000
0.052,0.003,0.013,22.383,228700.188,4.830,68.000
0.041,0.001,0.009,20.861,117823.242,0.769,68.000
0.057,0.000,0.011,26.304,15264.984,2.222,68.000
0.049,0.021,0.010,20.200,218269.375,9.714,68.000
0.003,0.012,0.013,21.109,204902.781,7.445,68.000
0.042,0.001,0.009,24.132,76175.883,0.708,68.000
0.055,0.001,0.018,21.307,199201.438,2.181,68.000
0.053,0.001,0.003,20.658,178052.031,2.155,68.000
0.056,0.001,0.012,30.726,-25587.523,0.238,68.000
0.050,0.002,0.016,23.414,207000.906,3.327,68.000
0.045,0.002,0.007,22.782,190744.250,2.381,68.000
0.050,0.013,0.010,20.411,217106.094,7.310,68.000
0.055,0.001,0.005,24.690,34929.352,0.460,68.000
0.098,0.012,0.014,20.620,224480.656,6.308,68.000
0.048,0.024,0.013,21.385,233186.562,9.387,68.000
0.051,0.016,0.011,20.513,216268.719,8.084,68.000
0.051,0.001,0.008,23.789,236385.219,4.165,68.000
0.098,0.013,0.012,20.997,207428.812,7.510,68.000
0.049,0.010,0.012,20.375,253873.312,9.047,68.000
0.049,0.005,0.012,21.936,299662.938,7.444,68.000
0.051,0.001,0.018,23.565,193831.344,2.329,68.000
0.050,0.000,0.018,24.943,15566.070,0.505,68.000
0.051,0.001,0.023,19.804,26314.875,2.302,68.000
0.058,0.001,0.013,24.248,116712.336,1.329,68.000
0.055,0.001,0.014,24.652,185898.562,2.644,68.000
0.051,0.004,0.014,22.694,219304.625,5.095,68.000
0.056,0.001,0.013,23.111,173250.906,3.306,68.000
0.050,0.026,0.012,21.070,234854.531,9.098,68.000
0.051,0.026,0.011,20.887,226737.000,8.045,68.000
0.051,0.023,0.014,23.755,230550.969,7.071,68.000
0.050,0.000,0.016,29.235,-6258.203,-0.455,68.000
0.047,0.001,0.005,21.718,167853.906,1.839,68.000
0.048,0.016,0.012,19.750,241040.875,9.379,68.000
0.099,0.012,0.013,21.629,219492.250,6.613,68.000
0.051,0.000,0.002,24.046,43169.320,1.075,68.000
0.049,0.010,0.011,21.041,239464.875,8.411,68.000
0.056,0.000,0.010,27.128,-20645.773,1.067,68.000
0.048,0.019,0.012,19.655,249384.500,9.180,68.000
0.100,0.012,0.011,18.913,-43426.492,11.803,68.000
0.052,0.013,0.012,21.789,210397.406,6.990,68.000
0.055,0.000,0.019,22.797,47144.227,2.797,68.000
0.059,0.001,0.007,25.686,-17218.375,0.813,68.000
0.057,0.000,0.017,22.209,53298.508,-0.127,68.000
0.054,0.000,0.015,28.204,36956.664,2.060,68.000
0.049,0.002,0.014,23.865,222570.094,4.969,68.000
0.051,0.001,0.010,25.183,255003.875,4.521,68.000
0.049,0.018,0.011,19.726,222533.656,9.157,68.000
0.047,0.000,0.007,25.444,61513.133,0.930,68.000
0.048,0.021,0.013,21.698,257848.969,8.422,68.000
0.048,0.024,0.011,20.072,216574.906,9.801,68.000
0.050,0.004,0.011,21.252,287065.125,6.335,68.000
0.050,0.021,0.013,21.700,241924.875,8.139,68.000
0.049,0.017,0.013,19.941,238636.438,7.994,68.000
0.051,0.000,0.015,27.664,56370.492,1.187,68.000
0.053,0.002,0.007,22.100,224006.375,3.935,68.000
0.051,0.002,0.013,23.195,225842.250,4.694,68.000
0.050,0.015,0.011,19.994,225882.781,8.434,68.000
0.051,0.002,0.016,23.881,206996.844,3.273,68.000
0.050,0.021,0.011,20.852,218392.031,8.960,68.000
0.048,0.006,0.014,21.924,241922.188,7.236,68.000
0.049,0.002,0.017,22.899,202301.125,2.902,68.000
0.043,0.000,0.018,22.390,25784.664,-0.538,68.000
0.051,0.006,0.015,20.196,222037.469,6.396,68.000
0.043,0.001,0.011,26.007,106033.211,1.197,68.000
0.002,0.010,0.012,20.909,183992.750,7.583,68.000
0.056,0.002,0.016,20.435,206295.938,2.302,68.000
0.045,0.001,0.005,23.351,81813.211,1.707,68.000
0.060,0.000,0.011,22.601,26883.148,1.625,68.000
0.040,0.001,0.013,20.004,105386.664,2.089,68.000
0.045,0.000,0.004,20.004,64783.477,0.248,68.000
0.050,0.002,0.010,22.898,278057.781,5.413,68.000
0.050,0.012,0.010,20.238,217752.594,7.396,68.000
0.052,0.017,0.012,21.475,205278.094,6.798,68.000
0.051,0.004,0.015,22.372,213407.156,4.926,68.000
0.054,0.002,0.007,21.641,210208.625,3.179,68.000
0.051,0.007,0.013,21.429,248414.656,7.620,68.000
0.052,0.007,0.011,19.789,264915.000,6.634,68.000
0.041,0.000,0.014,24.718,34949.242,0.517,68.000
0.052,0.000,0.005,26.398,7056.305,1.983,68.000
0.048,0.000,0.019,21.378,112937.789,1.468,68.000
0.052,0.001,0.019,24.458,137218.844,1.675,68.000
0.002,0.011,0.011,21.379,177841.375,7.646,68.000
0.048,0.001,0.015,23.560,199097.250,3.565,68.000
0.040,0.000,0.009,23.040,-70658.266,-1.985,68.000
0.044,0.000,0.020,21.228,-81171.875,-4.916,68.000
0.043,0.000,0.014,24.358,106917.758,1.482,68.000
0.051,0.021,0.012,21.640,217872.844,7.670,68.000
0.051,0.012,0.012,20.908,219283.219,7.852,68.000
0.056,0.000,0.011,32.104,979.750,-0.470,68.000
0.048,0.013,0.013,20.042,245611.375,8.577,68.000
0.052,0.001,0.023,20.514,181244.312,2.855,68.000
0.051,0.016,0.012,20.975,216185.094,7.037,68.000
0.050,0.002,0.009,23.210,274676.000,4.931,68.000
0.042,0.001,0.012,24.303,146699.188,2.163,68.000
0.052,0.021,0.012,22.178,218741.781,7.125,68.000
0.048,0.001,0.022,22.909,33639.008,0.476,68.000
0.055,0.001,0.011,28.131,167019.344,3.853,68.000
0.001,0.012,0.012,20.991,209213.719,7.728,68.000
0.053,0.000,0.002,24.191,-16256.992,0.289,68.000
0.042,0.001,0.006,19.676,111965.992,1.553,68.000
0.050,0.012,0.013,21.084,229012.062,8.085,68.000
0.052,0.021,0.013,22.874,230259.281,6.635,68.000
0.046,0.001,0.002,20.672,98781.305,1.021,68.000
0.043,0.001,0.012,23.855,179801.688,2.605,68.000
0.052,0.024,0.012,22.689,218729.000,6.666,68.000
0.043,0.001,0.012,21.741,193312.375,2.870,68.000
0.049,0.015,0.011,19.752,246226.219,9.241,68.000
0.050,0.024,0.010,19.957,220060.969,8.624,68.000
0.049,0.020,0.014,22.318,257305.438,7.799,68.000
0.051,0.006,0.012,21.366,278507.531,7.547,68.000
0.044,0.001,0.020,23.606,72046.461,0.565,68.000
0.048,0.001,0.020,20.379,169185.312,3.082,68.000
0.044,0.000,0.013,26.610,127012.508,1.728,68.000
0.044,0.001,0.006,23.070,38545.961,1.627,68.000
0.048,0.027,0.012,19.138,224089.969,9.091,68.000
0.049,0.010,0.013,20.610,251389.531,8.702,68.000
0.049,0.011,0.011,21.009,235586.969,8.336,68.000
0.043,0.001,0.017,23.412,37100.898,0.051,68.000
0.050,0.019,0.013,22.008,241190.000,7.362,68.000
0.055,0.000,0.015,26.278,12899.656,-0.770,68.000
0.047,0.001,0.013,23.005,247203.188,4.562,68.000
0.052,0.022,0.012,22.355,226540.531,7.151,68.000
0.051,0.000,0.019,23.098,54253.680,1.124,68.000
0.060,0.000,0.011,23.876,9577.180,2.081,68.000
0.053,0.001,0.005,21.762,186226.156,2.573,68.000
0.052,0.017,0.011,20.939,207939.281,7.388,68.000
0.047,0.001,0.014,26.918,139654.469,2.545,68.000
0.051,0.006,0.009,19.615,270758.688,6.702,68.000
0.050,0.011,0.010,20.755,230354.250,8.073,68.000
0.049,0.001,0.004,24.494,73546.695,1.187,68.000
0.050,0.009,0.010,19.899,251117.969,7.879,68.000
0.041,0.001,0.010,23.238,112358.883,1.143,68.000
0.059,0.001,0.018,19.961,173339.625,0.580,68.000
0.048,0.023,0.013,21.746,241014.094,9.127,68.000
0.046,0.001,0.008,24.058,198038.406,2.756,68.000
0.053,0.001,0.004,18.610,233345.844,2.334,68.000
0.058,0.001,0.015,20.385,176893.344,1.031,68.000
0.053,0.001,0.006,25.576,75237.430,0.797,68.000
0.051,0.005,0.010,20.487,270127.031,5.959,68.000
0.050,0.021,0.014,22.940,247906.500,7.052,68.000
0.058,0.001,0.008,23.212,144319.750,3.156,68.000
0.050,0.007,0.011,21.519,299729.219,8.322,68.000
0.048,0.001,0.010,23.620,274432.000,4.032,68.000
0.056,0.001,0.010,24.695,183577.094,3.884,68.000
0.045,0.001,0.011,21.322,250547.000,3.527,68.000
0.047,0.001,0.017,23.256,188953.875,2.728,68.000
0.043,0.001,0.006,22.770,107979.633,1.884,68.000
0.042,0.000,0.017,23.706,-42709.305,-0.887,68.000
0.052,0.008,0.011,19.096,244136.062,7.101,68.000
0.050,0.001,0.016,24.264,202238.750,3.017,68.000
0.040,0.001,0.009,21.435,88988.523,0.463,68.000
0.047,0.001,0.007,22.780,229005.938,3.422,68.000
0.049,0.002,0.018,22.422,188101.406,2.773,68.000
0.049,0.010,0.010,20.702,247113.562,7.974,68.000
0.057,0.001,0.019,21.737,162559.594,2.054,68.000
0.051,0.010,0.011,20.455,222426.281,8.101,68.000
0.050,0.008,0.013,22.315,261257.562,8.215,68.000
0.046,0.001,0.010,28.424,161010.500,2.571,68.000
0.051,0.008,0.014,20.406,242992.281,7.850,68.000
0.054,0.000,0.016,24.613,62187.836,0.881,68.000
0.058,0.001,0.015,23.321,72783.648,-0.765,68.000
0.050,0.007,0.014,21.130,252823.219,7.861,68.000
0.049,0.016,0.014,21.036,231283.219,6.917,68.000
0.043,0.001,0.011,21.096,197682.531,2.461,68.000
0.052,0.007,0.014,20.055,222329.219,6.491,68.000
0.051,0.007,0.014,20.163,241387.000,7.446,68.000
0.040,0.001,0.013,20.464,98390.164,1.378,68.000
0.050,0.019,0.011,20.324,214852.875,9.083,68.000
0.047,0.002,0.010,22.383,258844.562,3.694,68.000
0.045,0.001,0.012,21.316,247130.719,3.636,68.000
0.048,0.013,0.012,19.877,260254.250,9.462,68.000
0.043,0.000,0.009,25.558,-17996.477,1.994,68.000
0.052,0.007,0.012,21.075,238884.500,7.300,68.000
0.054,0.002,0.010,22.627,239291.750,4.488,68.000
0.050,0.012,0.013,20.904,225834.906,8.053,68.000
0.046,0.001,0.004,21.903,115755.414,1.403,68.000
0.056,0.002,0.011,22.483,216619.719,4.224,68.000
0.050,0.021,0.011,21.042,226467.906,8.874,68.000
0.050,0.026,0.014,23.656,226293.031,7.740,68.000
0.051,0.012,0.011,19.970,213288.000,7.407,68.000
0.049,0.001,0.019,24.163,125864.602,1.433,68.000
0.054,0.000,0.008,27.083,-33894.969,1.820,68.000
0.049,0.014,0.013,20.229,223238.312,7.326,68.000
0.049,0.020,0.010,20.006,219603.438,9.682,68.000
0.054,0.001,0.020,21.808,178200.875,2.781,68.000
0.046,0.000,0.020,20.803,-46775.109,-0.222,68.000
0.053,0.001,0.010,26.877,190638.000,3.929,68.000
0.056,0.000,0.008,24.311,-29076.062,1.135,68.000
0.052,0.023,0.012,22.526,216649.344,6.757,68.000
0.048,0.001,0.019,22.649,185512.719,2.522,68.000
0.055,0.001,0.011,26.906,157164.531,3.249,68.000
0.057,0.000,0.016,23.767,-4001.617,0.515,68.000
0.058,0.001,0.006,18.674,203941.969,2.694,68.000
0.055,0.000,0.007,25.780,-34642.828,2.548,68.000
0.057,0.000,0.015,25.626,3654.195,2.488,68.000
0.055,0.000,0.012,32.725,-86265.383,-2.416,68.000
0.056,0.000,0.009,25.936,-12429.047,3.240,68.000
0.045,0.000,0.011,25.571,97521.398,0.255,68.000
0.051,0.026,0.012,21.770,231988.031,8.136,68.000
0.052,0.010,0.012,20.484,218986.906,7.626,68.000
0.042,0.001,0.014,20.067,170860.094,3.024,68.000
0.048,0.009,0.013,20.838,248291.656,8.440,68.000
0.056,0.001,0.010,26.184,107508.055,2.651,68.000
0.052,0.001,0.018,22.787,201187.281,2.649,68.000
0.051,0.004,0.013,22.445,232161.688,5.337,68.000
0.045,0.000,0.020,19.304,-23203.227,1.279,68.000
0.051,0.010,0.010,19.645,237553.625,7.601,68.000
0.052,0.011,0.014,19.863,216762.500,7.288,68.000
0.043,0.000,0.007,20.321,-20896.383,2.335,68.000
0.048,0.006,0.011,22.014,292090.094,7.440,68.000
0.048,0.024,0.012,20.872,230067.062,9.802,68.000
0.045,0.001,0.007,24.955,31581.711,1.492,68.000
0.050,0.012,0.014,19.976,231981.000,7.871,68.000
0.050,0.025,0.010,19.630,223246.094,8.669,68.000
0.047,0.001,0.007,23.613,203504.781,2.957,68.000
0.050,0.012,0.011,19.936,239507.000,8.519,68.000
0.051,0.016,0.011,20.736,215811.562,7.800,68.000
0.057,0.001,0.011,24.957,169371.094,3.555,68.000
0.051,0.019,0.011,20.992,215558.875,8.054,68.000
0.052,0.014,0.010,20.165,200978.594,7.113,68.000
0.051,0.016,0.010,20.214,213606.938,8.310,68.000
0.100,0.012,0.013,21.874,-1767.789,10.336,68.000
0.054,0.001,0.015,22.961,196355.969,2.145,68.000
0.057,0.000,0.006,21.079,48911.773,3.802,68.000
0.057,0.001,0.008,21.702,192554.812,2.952,68.000
0.052,0.013,0.011,20.256,190307.375,6.578,68.000
0.046,0.001,0.020,22.151,111774.008,1.310,68.000
0.041,0.001,0.008,19.876,101154.742,0.931,68.000
0.050,0.007,0.013,23.043,276225.656,8.054,68.000
0.058,0.001,0.014,22.984,169139.406,1.312,68.000
0.049,0.015,0.010,19.701,230162.469,8.564,68.000
0.056,0.000,0.017,24.952,-39356.496,0.048,68.000
0.049,0.001,0.020,21.518,180732.594,3.384,68.000
0.045,0.000,0.019,22.445,30853.508,-0.193,68.000
0.050,0.023,0.013,22.936,233941.812,7.559,68.000
0.049,0.015,0.014,19.536,222806.188,6.718,68.000
0.053,0.001,0.007,27.696,62827.992,1.852,68.000
0.048,0.014,0.013,19.757,236802.156,8.195,68.000
0.048,0.021,0.012,20.547,243113.562,9.514,68.000
0.042,0.001,0.017,21.075,104132.086,1.673,68.000
0.051,0.004,0.012,22.106,257403.938,5.996,68.000
0.051,0.012,0.011,19.994,211126.312,7.421,68.000
0.051,0.013,0.013,20.863,218894.469,7.175,68.000
0.049,0.018,0.011,19.809,223616.438,9.525,68.000
0.045,0.000,0.009,29.748,-48132.664,-0.544,68.000
0.049,0.023,0.013,21.829,237243.969,8.940,68.000
0.046,0.002,0.015,22.631,190032.469,3.421,68.000
0.097,0.012,0.012,20.869,202583.688,6.646,68.000
0.049,0.010,0.011,20.878,250226.750,8.517,68.000
0.050,0.020,0.010,19.536,210807.281,9.419,68.000
0.051,0.022,0.011,21.292,216482.094,8.123,68.000
0.049,0.025,0.011,19.791,225169.531,9.313,68.000
0.050,0.010,0.010,19.703,238585.531,7.337,68.000
0.056,0.000,0.015,24.897,4753.242,0.114,68.000
0.048,0.007,0.011,21.544,282353.875,8.042,68.000
0.052,0.013,0.014,20.325,211130.812,6.885,68.000
0.049,0.001,0.007,22.707,231429.312,3.573,68.000
0.048,0.013,0.012,19.641,262733.969,9.511,68.000
0.051,0.020,0.010,20.318,209858.094,8.768,68.000
0.060,0.001,0.014,22.329,21247.664,-2.071,68.000
0.050,0.019,0.010,20.445,218575.688,9.397,68.000
0.052,0.018,0.012,22.037,210699.062,6.479,68.000
0.001,0.012,0.012,21.177,211506.375,7.807,68.000
0.050,0.027,0.014,22.773,203647.875,7.027,68.000
0.050,0.016,0.013,21.346,224738.938,6.606,68.000
0.001,0.012,0.013,21.284,201512.969,7.712,68.000
0.054,0.002,0.009,22.283,231244.000,4.019,68.000
0.050,0.002,0.014,24.034,209969.719,4.273,68.000
0.045,0.000,0.013,29.788,89869.727,1.230,68.000
0.050,0.022,0.010,20.043,223377.406,9.288,68.000
0.059,0.001,0.015,21.113,77997.227,-1.328,68.000
0.040,0.000,0.014,21.917,84299.570,-0.262,68.000
0.060,0.000,0.013,20.676,86380.477,2.185,68.000
0.050,0.019,0.014,22.410,250323.312,6.975,68.000
0.049,0.000,0.012,28.574,110409.289,2.199,68.000
0.044,0.000,0.004,21.705,-1687.945,-0.015,68.000
0.053,0.001,0.005,21.328,196016.406,2.708,68.000
0.043,0.000,0.005,16.935,51713.102,2.145,68.000
0.048,0.005,0.013,22.820,261462.062,7.309,68.000
0.058,0.001,0.011,21.157,187533.062,3.042,68.000
0.051,0.003,0.014,23.140,221764.312,5.095,68.000
0.048,0.000,0.011,33.444,-45527.746,0.570,68.000
0.052,0.012,0.013,21.625,200613.875,6.810,68.000
0.055,0.000,0.017,24.667,900.172,0.852,68.000
0.044,0.001,0.019,21.169,153863.344,2.098,68.000
0.055,0.001,0.017,24.665,112422.352,0.392,68.000
0.054,0.001,0.010,24.671,225501.188,4.562,68.000
0.051,0.008,0.010,18.905,254506.719,7.347,68.000
0.053,0.001,0.014,28.852,96859.133,0.942,68.000
0.050,0.000,0.006,25.183,24394.250,2.949,68.000
0.056,0.001,0.010,22.070,217149.250,3.903,68.000
0.050,0.000,0.015,28.660,53116.367,0.731,68.000
0.047,0.002,0.006,21.400,208735.062,2.547,68.000
0.048,0.001,0.005,22.814,132962.219,1.578,68.000
0.055,0.002,0.010,22.281,234587.531,4.320,68.000
0.003,0.012,0.013,21.041,204582.875,7.288,68.000
0.050,0.000,0.010,30.118,33135.039,1.057,68.000
0.048,0.012,0.012,19.696,256911.438,9.234,68.000
0.052,0.000,0.014,31.835,-12094.594,-1.072,68.000
0.053,0.000,0.012,34.391,-19313.109,3.452,68.000
0.048,0.002,0.008,22.819,238910.156,3.764,68.000
0.044,0.001,0.006,19.750,154201.844,1.635,68.000
0.051,0.019,0.013,21.694,224800.938,7.193,68.000
0.098,0.010,0.012,21.196,204607.375,6.191,68.000
0.048,0.025,0.012,20.741,227011.250,9.848,68.000
0.051,0.000,0.010,34.881,-70090.562,0.646,68.000
0.051,0.005,0.011,20.743,289264.875,6.617,68.000
0.049,0.008,0.014,19.772,241263.875,7.509,68.000
0.051,0.015,0.012,21.300,213479.438,7.366,68.000
0.056,0.001,0.016,21.595,156436.969,1.278,68.000
0.052,0.000,0.018,25.117,-23897.617,-3.353,68.000
0.049,0.009,0.010,20.872,257726.281,8.415,68.000
0.049,0.011,0.014,20.079,236478.281,8.076,68.000
0.051,0.010,0.010,19.666,233524.625,7.522,68.000
0.055,0.001,0.010,22.673,231524.875,4.285,68.000
0.055,0.001,0.015,23.820,197580.844,1.787,68.000
0.049,0.000,0.002,24.844,2190.891,0.545,68.000
0.052,0.012,0.013,21.177,210666.969,7.134,68.000
0.056,0.002,0.008,22.093,202829.906,3.303,68.000
0.045,0.002,0.008,22.689,212842.094,2.964,68.000
0.045,0.001,0.010,24.007,227015.375,2.987,68.000
0.047,0.000,0.009,31.813,-26871.039,-0.975,68.000
0.053,0.000,0.022,21.822,45454.180,-0.148,68.000
0.049,0.014,0.013,20.641,240431.219,8.349,68.000
0.055,0.001,0.020,21.860,174597.531,2.496,68.000
0.058,0.001,0.015,21.161,169654.688,0.265,68.000
0.060,0.001,0.013,21.404,78912.633,-0.758,68.000
0.052,0.005,0.010,20.121,267536.031,6.106,68.000
0.052,0.006,0.014,20.896,228016.094,6.455,68.000
0.048,0.001,0.005,22.480,152260.594,1.859,68.000
0.051,0.025,0.012,22.555,227354.375,7.467,68.000
0.049,0.020,0.013,21.237,251487.438,8.433,68.000
0.047,0.002,0.009,23.096,252706.688,4.011,68.000
0.051,0.020,0.014,22.865,241825.594,6.732,68.000
0.049,0.026,0.014,22.031,223566.906,8.211,68.000
0.002,0.010,0.012,20.964,178896.625,7.624,68.000
0.051,0.014,0.012,21.737,219541.438,7.388,68.000
0.049,0.016,0.011,19.919,236120.781,9.486,68.000
0.055,0.001,0.016,22.737,219951.625,2.193,68.000
0.049,0.018,0.011,19.771,223072.000,9.475,68.000
0.054,0.000,0.017,25.244,-55003.156,-0.913,68.000
0.051,0.025,0.013,23.692,228588.594,7.379,68.000
0.049,0.001,0.018,22.123,183576.375,2.475,68.000
0.049,0.001,0.006,20.949,218772.312,2.362,68.000
0.049,0.013,0.013,20.855,231066.656,7.817,68.000
0.058,0.000,0.015,21.402,42356.742,1.801,68.000
0.054,0.001,0.020,21.404,171966.688,2.949,68.000
0.045,0.000,0.012,29.660,-20843.867,-0.724,68.000
0.058,0.001,0.011,21.984,167977.000,2.702,68.000
0.050,0.003,0.012,22.329,273942.219,5.627,68.000
0.050,0.015,0.013,20.593,217087.438,6.543,68.000
0.050,0.026,0.010,19.324,228031.969,8.913,68.000
0.052,0.007,0.012,20.322,251966.750,6.923,68.000
0.051,0.004,0.014,22.657,218945.625,4.960,68.000
0.001,0.013,0.013,21.189,214649.125,7.678,68.000
0.049,0.012,0.013,20.402,244005.125,8.875,68.000
0.055,0.001,0.018,22.182,186527.562,2.287,68.000
0.002,0.010,0.013,20.942,187077.500,7.754,68.000
0.048,0.005,0.010,21.377,266683.125,6.030,68.000
0.052,0.018,0.013,22.267,222343.312,6.326,68.000
0.048,0.004,0.014,22.846,220362.188,5.786,68.000
0.049,0.014,0.010,20.115,226816.312,8.143,68.000
0.051,0.010,0.010,19.833,222400.344,7.484,68.000
0.044,0.001,0.017,22.084,155148.312,2.217,68.000
0.049,0.019,0.013,20.458,244211.125,8.450,68.000
0.052,0.001,0.002,21.416,151742.000,1.977,68.000
0.045,0.001,0.011,22.773,243231.750,3.108,68.000
0.048,0.014,0.010,20.173,235019.906,8.304,68.000
0.049,0.004,0.011,21.315,278690.344,6.170,68.000
0.051,0.018,0.013,21.493,221511.531,7.052,68.000
0.051,0.001,0.006,23.487,157334.906,2.161,68.000
0.051,0.016,0.012,20.959,215549.844,7.257,68.000
0.049,0.005,0.010,21.133,272133.156,6.475,68.000
0.045,0.000,0.022,22.298,-16957.797,-0.725,68.000
0.043,0.001,0.009,26.013,60040.945,1.010,68.000
0.058,0.001,0.017,21.997,136327.062,-0.269,68.000
0.049,0.001,0.020,21.053,176978.312,3.121,68.000
0.049,0.026,0.010,18.981,230467.906,8.875,68.000
0.052,0.000,0.019,22.934,57794.617,2.165,68.000
0.051,0.015,0.010,19.744,214352.719,8.157,68.000
0.049,0.001,0.016,27.046,143787.812,1.400,68.000
0.055,0.000,0.014,30.820,-57955.461,-0.627,68.000
0.045,0.001,0.012,21.901,249343.750,3.911,68.000
0.050,0.021,0.011,20.683,225224.625,9.062,68.000
0.043,0.001,0.004,19.779,132706.594,1.479,68.000
0.054,0.001,0.015,27.725,85168.570,-0.015,68.000
0.052,0.025,0.013,23.932,227036.500,6.921,68.000
0.050,0.026,0.012,21.417,235495.750,8.933,68.000
0.050,0.005,0.014,22.350,225788.969,5.873,68.000
0.050,0.008,0.012,22.159,269922.094,8.458,68.000
0.050,0.000,0.002,24.446,13783.656,0.856,68.000
0.053,0.001,0.002,21.903,112905.930,0.745,68.000
0.049,0.017,0.014,21.361,238454.031,7.025,68.000
0.048,0.001,0.013,25.229,228187.812,3.901,68.000
0.056,0.000,0.020,20.603,-5578.891,-2.832,68.000
0.051,0.015,0.014,20.490,223178.125,6.360,68.000
0.052,0.006,0.011,19.980,280470.344,6.454,68.000
0.057,0.001,0.010,21.472,191754.594,3.400,68.000
0.059,0.000,0.017,20.997,77879.023,3.993,68.000
0.051,0.013,0.012,20.473,217635.406,7.669,68.000
0.052,0.008,0.013,20.720,223062.125,7.194,68.000
0.057,0.001,0.014,24.361,100134.055,0.391,68.000
0.050,0.010,0.013,20.441,235165.469,8.245,68.000
0.050,0.011,0.010,20.039,223433.906,7.427,68.000
0.049,0.019,0.012,19.699,243078.438,9.017,68.000
0.051,0.007,0.010,19.108,277179.156,7.183,68.000
0.044,0.002,0.017,21.607,157382.188,2.454,68.000
0.051,0.012,0.014,20.035,223051.125,7.501,68.000
0.049,0.016,0.013,20.485,227493.094,7.016,68.000
0.046,0.000,0.022,19.475,59108.117,1.478,68.000
0.051,0.004,0.014,22.513,229371.281,5.526,68.000
0.056,0.002,0.017,20.337,201857.406,2.599,68.000
0.055,0.001,0.007,25.345,85296.945,1.355,68.000
0.049,0.001,0.003,24.473,26786.961,0.941,68.000
0.048,0.011,0.012,19.870,265471.688,9.404,68.000
0.060,0.001,0.010,21.681,146554.688,2.369,68.000
0.099,0.011,0.011,23.408,209413.219,7.027,68.000
0.051,0.017,0.011,20.967,210588.594,7.523,68.000
0.048,0.001,0.013,27.806,187709.938,3.405,68.000
0.052,0.007,0.011,19.300,270339.875,6.759,68.000
0.002,0.011,0.013,21.029,191665.062,7.696,68.000
0.100,0.012,0.013,26.756,-106112.461,10.793,68.000
0.051,0.012,0.014,18.939,215840.125,7.109,68.000
0.049,0.009,0.011,20.939,266097.281,8.472,68.000
0.050,0.021,0.013,22.167,242402.938,7.713,68.000
0.053,0.002,0.012,23.312,259124.219,4.821,68.000
0.051,0.011,0.011,20.283,213370.938,7.785,68.000
0.048,0.001,0.002,20.508,162866.094,1.648,68.000
0.058,0.001,0.012,23.514,145901.812,1.918,68.000
0.041,0.001,0.010,24.809,64031.539,0.510,68.000
0.050,0.020,0.011,20.557,222312.906,9.132,68.000
0.053,0.002,0.014,23.718,199436.250,3.421,68.000
0.052,0.001,0.021,21.601,187107.938,3.120,68.000
0.051,0.007,0.013,21.904,254524.531,7.886,68.000
0.049,0.005,0.011,21.796,290438.562,7.055,68.000
0.049,0.009,0.012,21.141,270284.812,9.002,68.000
0.098,0.013,0.012,21.024,205364.781,7.522,68.000
0.002,0.012,0.010,21.295,184196.344,7.746,68.000
0.045,0.001,0.015,26.228,129880.117,1.382,68.000
0.049,0.016,0.012,20.220,237889.406,8.770,68.000
0.051,0.016,0.012,20.711,217415.281,7.803,68.000
0.051,0.017,0.011,20.459,214433.562,8.375,68.000
0.051,0.001,0.015,26.095,164713.750,1.819,68.000
0.045,0.001,0.015,23.223,185490.625,2.780,68.000
0.047,0.000,0.017,25.362,30376.164,-0.206,68.000
0.043,0.001,0.011,21.141,187555.531,2.350,68.000
0.051,0.021,0.013,22.496,237556.375,7.299,68.000
0.050,0.007,0.013,22.877,266651.625,7.913,68.000
0.052,0.006,0.010,19.088,265692.156,6.294,68.000
0.001,0.013,0.011,21.396,200998.281,7.654,68.000
0.049,0.001,0.014,26.865,199361.531,3.069,68.000
0.045,0.002,0.016,21.781,161314.781,2.850,68.000
0.051,0.021,0.010,21.251,220165.531,8.769,68.000
0.041,0.001,0.014,18.759,122189.430,2.549,68.000
0.048,0.000,0.018,25.211,-26980.594,-0.049,68.000
0.051,0.023,0.011,21.399,218590.500,8.312,68.000
0.050,0.003,0.011,22.175,277986.000,5.675,68.000
0.053,0.001,0.022,20.525,176820.312,2.928,68.000
0.054,0.000,0.018,24.840,-9412.477,-2.277,68.000
0.052,0.003,0.013,22.466,223277.000,4.780,68.000
0.049,0.003,0.012,22.375,285503.375,6.238,68.000
0.047,0.001,0.018,25.924,99772.586,0.434,68.000
0.048,0.000,0.022,22.055,-78419.797,-1.666,68.000
0.056,0.000,0.007,24.150,7841.219,1.867,68.000
0.059,0.000,0.014,20.909,121478.445,0.707,68.000
0.052,0.008,0.012,21.019,240167.719,7.390,68.000
0.051,0.000,0.007,26.973,18099.656,2.472,68.000
0.056,0.002,0.008,21.880,202935.031,3.235,68.000
0.043,0.000,0.018,23.308,25104.227,-0.548,68.000
0.045,0.000,0.004,21.141,23480.328,0.341,68.000
0.042,0.000,0.018,23.240,27039.711,0.753,68.000
0.048,0.004,0.013,23.238,266549.938,6.391,68.000
0.052,0.026,0.012,22.571,223340.688,7.086,68.000
0.049,0.015,0.013,20.331,224190.562,7.279,68.000
0.051,0.011,0.013,20.826,215188.938,7.716,68.000
0.051,0.001,0.002,20.330,198742.750,2.054,68.000
0.058,0.001,0.014,22.966,151035.812,1.535,68.000
0.049,0.008,0.012,22.428,279809.188,8.839,68.000
0.048,0.014,0.013,19.912,246674.219,9.016,68.000
0.052,0.015,0.013,21.550,208255.312,5.929,68.000
0.048,0.018,0.011,19.324,229099.969,9.585,68.000
0.050,0.005,0.011,20.522,290589.156,6.989,68.000
0.048,0.000,0.004,25.864,7470.961,0.829,68.000
0.048,0.007,0.012,22.880,290968.031,8.292,68.000
0.052,0.017,0.010,20.440,205608.000,7.784,68.000
0.051,0.012,0.012,20.965,224904.250,8.003,68.000
0.057,0.001,0.011,29.310,6464.328,1.298,68.000
0.051,0.005,0.012,22.165,262515.469,6.300,68.000
0.051,0.000,0.002,24.372,-7306.219,0.322,68.000
0.043,0.001,0.017,21.417,132903.406,2.095,68.000
0.053,0.000,0.010,29.617,127094.211,2.980,68.000
0.054,0.001,0.007,25.953,128406.008,2.562,68.000
0.051,0.021,0.011,21.521,218801.281,8.173,68.000
0.052,0.009,0.012,20.240,223713.156,7.569,68.000
0.047,0.001,0.018,22.431,186071.594,2.529,68.000
0.002,0.010,0.012,21.264,179365.125,7.719,68.000
0.051,0.023,0.013,22.839,225300.531,7.150,68.000
0.052,0.024,0.012,22.932,221351.969,6.529,68.000
0.049,0.021,0.014,22.311,250114.688,8.002,68.000
0.048,0.005,0.011,21.533,281135.062,6.885,68.000
0.050,0.002,0.017,22.736,202795.562,3.172,68.000
0.049,0.001,0.008,23.129,249477.969,4.034,68.000
0.053,0.000,0.013,33.581,-63823.285,-0.183,68.000
0.050,0.013,0.012,20.893,231865.719,8.170,68.000
0.048,0.000,0.006,23.058,22825.297,2.085,68.000
0.051,0.018,0.013,21.990,226962.469,6.658,68.000
0.046,0.001,0.020,22.357,143419.969,1.746,68.000
0.057,0.001,0.012,26.122,167227.688,3.481,68.000
0.048,0.002,0.018,22.480,189336.719,2.714,68.000
0.050,0.023,0.011,21.884,221928.000,8.444,68.000
0.048,0.005,0.013,23.092,256580.250,6.810,68.000
0.058,0.001,0.010,24.139,113713.805,2.846,68.000
0.050,0.008,0.011,21.707,283104.938,8.895,68.000
0.048,0.019,0.012,18.975,234817.531,9.601,68.000
0.044,0.001,0.012,21.732,236976.000,3.474,68.000
0.048,0.000,0.002,22.529,11995.547,-0.083,68.000
0.054,0.001,0.002,20.585,191929.594,2.561,68.000
0.052,0.000,0.014,30.752,-16705.344,-0.414,68.000
0.049,0.005,0.010,21.431,272768.531,6.321,68.000
0.053,0.001,0.007,22.408,220639.812,3.829,68.000
0.044,0.000,0.016,24.052,17979.016,2.025,68.000
0.053,0.001,0.007,26.463,118505.133,2.232,68.000
0.049,0.003,0.011,21.850,277748.125,5.874,68.000
0.047,0.001,0.022,21.474,163476.438,2.621,68.000
0.049,0.004,0.013,22.850,273136.281,6.407,68.000
0.052,0.001,0.012,32.006,91470.680,2.100,68.000
0.049,0.006,0.011,21.501,301974.844,8.133,68.000
0.042,0.001,0.011,24.821,84301.258,0.599,68.000
0.052,0.005,0.011,20.800,273695.469,6.047,68.000
0.050,0.013,0.014,19.230,223838.906,7.142,68.000
0.052,0.027,0.013,16.926,128518.211,4.103,68.000
0.042,0.001,0.005,18.479,135022.062,1.678,68.000
0.052,0.016,0.013,21.698,213061.812,6.071,68.000
0.042,0.001,0.011,21.199,181447.562,2.153,68.000
0.048,0.005,0.013,22.891,272344.281,7.372,68.000
0.050,0.003,0.014,23.473,219348.438,4.884,68.000
0.050,0.009,0.014,19.932,241177.625,7.967,68.000
0.048,0.002,0.014,23.585,225012.438,5.010,68.000
0.052,0.015,0.012,21.795,204988.844,6.365,68.000
0.051,0.018,0.013,22.113,220392.000,6.601,68.000
0.048,0.012,0.012,19.809,258703.750,9.321,68.000
0.050,0.010,0.015,18.000,223643.344,7.060,68.000
0.050,0.000,0.013,34.713,-8300.352,1.769,68.000
0.051,0.001,0.021,21.317,184780.938,3.128,68.000
0.043,0.002,0.014,19.436,199355.594,3.685,68.000
0.047,0.002,0.006,21.248,201797.531,2.338,68.000
0.048,0.003,0.011,22.108,271838.062,5.771,68.000
0.048,0.003,0.011,22.232,266615.625,5.313,68.000
0.050,0.023,0.010,20.198,224483.281,9.110,68.000
0.049,0.003,0.015,22.751,217507.312,5.259,68.000
0.051,0.016,0.013,21.516,207558.875,6.091,68.000
0.040,0.000,0.012,22.808,-20072.008,-0.356,68.000
0.051,0.008,0.014,20.352,240664.094,7.629,68.000
0.050,0.000,0.022,21.837,-36658.086,-0.563,68.000
0.059,0.000,0.006,23.410,-18304.375,3.295,68.000
0.043,0.000,0.017,23.301,-11074.617,-0.691,68.000
0.049,0.022,0.011,20.092,220638.750,9.502,68.000
0.043,0.000,0.009,26.583,-36900.352,-1.473,68.000
0.051,0.026,0.014,23.958,230116.000,7.922,68.000
0.052,0.012,0.012,21.781,202472.125,6.699,68.000
0.055,0.001,0.005,19.872,210181.500,2.753,68.000
0.044,0.001,0.012,21.874,231432.562,2.947,68.000
0.048,0.018,0.011,19.383,222758.375,10.070,68.000
0.050,0.005,0.012,21.939,279692.844,6.805,68.000
0.042,0.000,0.014,23.373,16686.703,-0.771,68.000
0.053,0.001,0.003,18.928,225485.812,2.356,68.000
0.055,0.001,0.010,29.269,83129.211,2.431,68.000
0.050,0.001,0.007,22.821,222331.312,3.410,68.000
0.054,0.001,0.005,19.430,221833.156,2.521,68.000
0.051,0.001,0.005,20.186,223465.000,2.292,68.000
0.042,0.001,0.018,21.327,102816.820,1.189,68.000
0.044,0.001,0.020,20.964,151828.406,2.149,68.000
0.051,0.026,0.011,21.826,224918.625,7.561,68.000
0.044,0.000,0.011,28.857,13103.398,1.974,68.000
0.050,0.000,0.017,27.389,30809.398,-0.531,68.000
0.049,0.001,0.012,25.453,261718.812,4.277,68.000
0.057,0.001,0.018,21.249,180924.719,1.094,68.000
0.045,0.001,0.004,18.912,174247.625,1.227,68.000
0.053,0.001,0.004,20.013,217005.281,2.615,68.000
0.048,0.000,0.018,23.838,-4771.633,-1.978,68.000
0.051,0.001,0.013,27.191,207989.688,3.786,68.000
0.047,0.000,0.022,20.525,72893.133,1.379,68.000
0.043,0.001,0.010,24.199,172505.844,2.011,68.000
0.051,0.012,0.014,19.474,215385.562,7.029,68.000
0.056,0.001,0.014,22.891,179417.156,2.546,68.000
0.050,0.019,0.010,19.967,214738.312,9.327,68.000
0.045,0.001,0.013,28.386,157764.062,2.698,68.000
0.051,0.013,0.010,19.866,201352.250,6.973,68.000
0.052,0.002,0.012,23.430,232913.406,4.759,68.000
0.046,0.001,0.012,23.726,240678.125,3.936,68.000
0.043,0.001,0.005,18.803,141730.938,1.660,68.000
0.053,0.001,0.009,23.568,230275.531,4.211,68.000
0.053,0.000,0.015,29.236,3700.750,0.654,68.000
0.049,0.015,0.013,20.175,226268.000,7.568,68.000
0.049,0.005,0.011,21.805,289530.812,6.875,68.000
0.051,0.001,0.021,22.799,99837.320,1.897,68.000
0.051,0.000,0.020,21.552,11507.906,0.814,68.000
0.043,0.001,0.015,21.312,155917.844,2.503,68.000
0.051,0.003,0.012,22.538,259054.875,5.693,68.000
0.049,0.006,0.012,22.541,294095.844,7.624,68.000
0.052,0.001,0.011,27.403,252888.625,4.603,68.000
0.098,0.012,0.012,21.123,211044.562,6.849,68.000
0.098,0.011,0.012,21.093,203863.781,6.276,68.000
0.056,0.001,0.009,24.211,178737.594,3.821,68.000
0.050,0.022,0.011,21.451,221596.781,8.598,68.000
0.099,0.013,0.011,25.444,160788.375,7.350,68.000
0.051,0.014,0.010,20.205,203286.375,7.119,68.000
0.051,0.011,0.014,19.152,221965.969,7.532,68.000
0.053,0.002,0.012,24.046,248779.938,4.763,68.000
0.049,0.015,0.010,19.629,238090.562,9.129,68.000
0.050,0.004,0.014,22.731,217873.594,5.225,68.000
0.050,0.017,0.010,20.207,219389.969,9.229,68.000
0.048,0.006,0.011,21.602,293040.062,7.724,68.000
0.052,0.000,0.002,23.720,12466.258,0.333,68.000
0.047,0.002,0.017,23.089,184491.250,2.586,68.000
0.048,0.001,0.017,24.699,199649.625,2.353,68.000
0.052,0.023,0.011,22.162,217050.250,7.588,68.000
0.050,0.004,0.014,22.697,229970.750,5.599,68.000
0.049,0.026,0.012,21.233,233554.250,9.266,68.000
0.048,0.001,0.013,24.032,228060.500,4.057,68.000
0.099,0.012,0.012,21.445,210733.938,7.105,68.000
0.044,0.001,0.010,23.414,210734.625,2.591,68.000
0.050,0.000,0.004,24.101,52958.617,0.998,68.000
0.047,0.001,0.008,28.574,89096.758,2.115,68.000
0.049,0.001,0.007,22.358,228159.031,3.359,68.000
0.051,0.015,0.011,20.225,208226.125,7.550,68.000
0.049,0.022,0.013,22.477,241971.344,7.880,68.000
0.051,0.019,0.012,20.724,218475.844,7.945,68.000
0.046,0.001,0.019,23.082,117520.367,1.430,68.000
0.049,0.001,0.016,24.832,201006.719,2.744,68.000
0.059,0.000,0.011,22.174,9652.844,1.271,68.000
0.048,0.020,0.013,20.448,251736.531,9.089,68.000
0.048,0.017,0.012,19.246,233053.562,9.277,68.000
0.051,0.006,0.013,22.102,242179.312,6.545,68.000
0.050,0.009,0.014,19.054,241121.812,7.525,68.000
0.056,0.001,0.013,24.095,171362.312,2.853,68.000
0.001,0.011,0.011,21.336,178879.344,8.036,68.000
0.050,0.027,0.010,19.231,235824.688,8.964,68.000
0.054,0.001,0.018,21.717,195694.469,2.563,68.000
0.048,0.005,0.011,21.718,280044.719,6.708,68.000
0.039,0.000,0.013,21.588,61421.570,0.278,68.000
0.049,0.023,0.013,22.374,232945.500,8.238,68.000
0.050,0.017,0.014,21.532,234465.281,6.751,68.000
0.047,0.001,0.019,22.185,183443.906,2.617,68.000
0.049,0.007,0.013,23.039,276645.906,8.046,68.000
0.052,0.000,0.007,26.277,36906.258,2.565,68.000
0.049,0.023,0.011,20.341,218198.156,9.378,68.000
0.049,0.015,0.010,19.779,234361.812,8.977,68.000
0.052,0.018,0.013,22.416,220946.844,6.468,68.000
0.050,0.005,0.013,22.720,241168.594,6.044,68.000
0.053,0.000,0.022,18.844,71961.555,2.223,68.000
0.052,0.026,0.012,22.414,220256.156,6.988,68.000
0.052,0.011,0.013,20.956,217377.594,7.484,68.000
0.049,0.008,0.012,22.142,278700.938,8.897,68.000
0.043,0.001,0.019,20.913,137645.125,1.486,68.000
0.047,0.000,0.006,22.708,39091.523,0.699,68.000
0.047,0.001,0.004,21.319,119341.352,1.145,68.000
0.049,0.003,0.011,22.253,273942.938,5.640,68.000
0.058,0.001,0.013,24.493,50629.242,-0.122,68.000
0.051,0.003,0.012,22.342,272087.406,5.468,68.000
0.060,0.001,0.015,20.760,143984.344,-0.583,68.000
0.046,0.002,0.017,23.079,181220.406,2.693,68.000
0.048,0.001,0.009,30.830,100475.305,2.356,68.000
0.049,0.004,0.011,22.097,284170.562,6.346,68.000
0.048,0.014,0.013,19.862,231342.156,7.785,68.000
0.051,0.001,0.016,25.704,154263.312,1.398,68.000
0.049,0.006,0.010,20.076,276700.344,7.084,68.000
0.056,0.000,0.018,21.940,-12836.477,-0.201,68.000
0.047,0.000,0.011,29.053,16778.203,-0.648,68.000
0.051,0.024,0.011,22.095,222598.844,7.871,68.000
0.054,0.000,0.005,22.407,64306.133,3.260,68.000
0.049,0.000,0.007,28.371,912.312,1.660,68.000
0.049,0.020,0.010,19.732,217454.719,9.728,68.000
0.052,0.018,0.013,22.227,211006.281,6.337,68.000
0.043,0.001,0.020,23.357,62557.398,0.403,68.000
0.056,0.001,0.019,21.874,168608.469,2.209,68.000
0.050,0.024,0.014,23.462,231675.906,7.966,68.000
0.050,0.025,0.012,22.388,228958.250,8.006,68.000
0.098,0.013,0.014,20.776,224231.406,6.896,68.000
0.049,0.004,0.013,23.163,245171.906,6.205,68.000
0.051,0.003,0.009,22.062,275935.750,5.539,68.000
0.049,0.002,0.016,24.197,200224.812,3.167,68.000
0.050,0.001,0.011,26.813,231000.562,3.863,68.000
0.048,0.001,0.010,26.013,247726.906,3.801,68.000
0.048,0.026,0.011,18.641,242026.031,10.151,68.000
0.051,0.017,0.013,21.538,223489.656,6.866,68.000
0.050,0.006,0.014,21.540,230871.781,6.420,68.000
0.045,0.001,0.012,21.905,241033.750,3.868,68.000
0.052,0.000,0.009,32.167,-32845.773,1.486,68.000
0.052,0.014,0.011,20.564,196613.000,6.876,68.000
0.050,0.006,0.014,21.850,236441.062,6.534,68.000
0.050,0.019,0.013,21.648,238790.688,7.565,68.000
0.055,0.001,0.013,26.140,187717.219,3.028,68.000
0.040,0.001,0.009,20.796,88567.727,0.559,68.000
0.055,0.001,0.011,23.429,224058.156,4.358,68.000
0.099,0.011,0.013,21.414,210798.844,6.322,68.000
0.053,0.002,0.008,22.382,231696.750,4.197,68.000
0.051,0.006,0.015,20.801,222339.031,6.360,68.000
0.045,0.002,0.006,21.004,170466.062,2.023,68.000
0.048,0.001,0.017,25.077,195475.688,2.316,68.000
0.049,0.003,0.012,22.922,276726.062,5.969,68.000
0.051,0.002,0.010,23.208,272340.781,5.138,68.000
0.057,0.001,0.020,22.210,158644.625,2.133,68.000
0.050,0.026,0.013,21.622,232956.281,8.829,68.000
0.097,0.013,0.012,20.974,209777.594,6.920,68.000
0.050,0.004,0.014,22.822,225252.094,5.454,68.000
0.052,0.007,0.010,18.728,269513.594,6.588,68.000
0.098,0.012,0.011,21.943,210384.594,7.672,68.000
0.051,0.008,0.011,20.020,275040.281,7.921,68.000
0.051,0.010,0.014,18.560,226419.219,7.241,68.000
0.052,0.006,0.012,20.524,270078.750,6.532,68.000
0.051,0.012,0.013,20.787,225310.188,7.630,68.000
0.042,0.001,0.013,27.187,94676.727,1.511,68.000
0.051,0.001,0.021,22.000,157206.188,2.706,68.000
0.051,0.022,0.010,20.788,214692.094,8.455,68.000
0.047,0.001,0.013,24.007,233864.750,4.128,68.000
0.043,0.000,0.020,23.094,-2314.625,0.236,68.000
0.044,0.000,0.005,23.229,-29732.758,-0.325,68.000
0.049,0.000,0.022,22.512,-19151.898,-0.229,68.000
0.048,0.027,0.013,16.381,131343.375,5.174,68.000
0.050,0.007,0.014,20.030,241875.719,7.341,68.000
0.048,0.013,0.012,20.060,261187.375,9.519,68.000
0.049,0.013,0.014,19.962,226828.062,7.615,68.000
0.048,0.023,0.012,21.003,235314.469,9.890,68.000
0.051,0.016,0.012,21.265,211527.281,6.740,68.000
0.052,0.006,0.014,20.695,225901.750,6.628,68.000
0.053,0.001,0.017,22.975,209722.312,2.442,68.000
0.041,0.000,0.007,16.634,-3578.352,1.998,68.000
0.050,0.005,0.012,22.504,279865.938,6.655,68.000
0.051,0.018,0.014,22.323,235844.812,6.949,68.000
0.050,0.003,0.015,22.903,214113.406,5.063,68.000
0.048,0.001,0.005,22.576,114391.086,1.398,68.000
0.041,0.000,0.015,23.301,-6386.703,-0.202,68.000
0.052,0.000,0.006,25.303,4475.055,3.284,68.000
0.041,0.001,0.013,20.312,147137.906,2.531,68.000
0.049,0.000,0.004,25.312,44924.211,1.411,68.000
0.055,0.002,0.012,23.407,207456.406,4.086,68.000
0.049,0.000,0.014,32.536,-63905.871,-0.780,68.000
0.048,0.000,0.006,24.428,68987.820,1.362,68.000
0.044,0.001,0.004,21.355,74108.023,1.337,68.000
0.054,0.001,0.004,22.483,121220.586,1.442,68.000
0.050,0.018,0.011,20.346,218951.750,8.719,68.000
0.050,0.012,0.013,20.644,232387.750,7.845,68.000
0.052,0.001,0.007,24.319,208909.188,4.024,68.000
0.050,0.000,0.010,31.992,16187.719,0.905,68.000
0.051,0.018,0.014,21.856,235410.594,6.639,68.000
0.049,0.026,0.012,20.635,236731.031,9.905,68.000
0.048,0.006,0.013,22.812,273477.281,7.678,68.000
0.052,0.009,0.010,19.188,222816.969,6.957,68.000
0.045,0.000,0.005,22.022,101572.992,1.461,68.000
0.057,0.000,0.006,22.656,23352.398,1.490,68.000
0.051,0.005,0.014,21.761,218531.625,5.962,68.000
0.001,0.011,0.012,21.210,193981.656,7.798,68.000
0.057,0.001,0.014,24.501,93836.539,0.653,68.000
0.001,0.012,0.011,21.567,179807.938,7.761,68.000
0.048,0.000,0.012,33.046,-41214.586,-0.161,68.000
0.046,0.001,0.018,22.157,176996.719,2.513,68.000
0.050,0.000,0.019,22.128,24410.914,-1.561,68.000
0.002,0.014,0.013,21.204,226081.969,7.466,68.000
0.051,0.012,0.013,21.185,223607.312,7.741,68.000
0.057,0.000,0.017,23.089,36410.992,2.474,68.000
0.052,0.011,0.011,19.899,195706.938,6.958,68.000
0.053,0.002,0.017,21.954,205748.344,3.163,68.000
0.054,0.002,0.015,22.173,205805.625,2.301,68.000
0.057,0.001,0.019,21.894,177872.500,1.155,68.000
0.051,0.004,0.013,22.268,247578.344,5.602,68.000
0.050,0.020,0.013,21.887,244909.500,7.747,68.000
0.051,0.004,0.013,22.363,230879.000,5.236,68.000
0.051,0.010,0.011,20.212,227052.531,8.128,68.000
0.056,0.000,0.019,21.537,-3466.938,-1.139,68.000
0.049,0.015,0.011,19.714,232086.750,8.828,68.000
0.049,0.011,0.013,20.382,243759.625,8.820,68.000
0.052,0.019,0.013,22.722,235267.719,6.705,68.000
0.052,0.006,0.010,19.290,269057.469,6.073,68.000
0.044,0.001,0.009,26.739,77567.664,1.386,68.000
0.050,0.000,0.005,27.077,18669.125,1.458,68.000
0.044,0.000,0.004,19.723,21675.719,0.552,68.000
0.053,0.000,0.002,23.429,10374.492,1.470,68.000
0.051,0.005,0.011,20.564,286819.125,6.665,68.000
0.051,0.023,0.011,21.511,218206.562,8.261,68.000
0.058,0.000,0.011,21.574,116230.570,3.305,68.000
0.051,0.009,0.012,21.416,253073.844,8.340,68.000
0.052,0.004,0.012,21.401,259019.938,5.567,68.000
0.047,0.001,0.014,27.017,188736.125,2.882,68.000
0.048,0.015,0.013,19.882,231617.500,7.799,68.000
0.000,0.013,0.013,23.263,80698.586,6.186,68.000
0.055,0.000,0.020,20.583,-12343.320,-2.460,68.000
0.057,0.001,0.012,24.801,186879.562,3.534,68.000
0.047,0.000,0.007,27.196,34246.336,0.772,68.000
0.060,0.000,0.014,21.549,1425.711,0.351,68.000
0.048,0.014,0.014,19.826,222579.500,7.240,68.000
0.050,0.006,0.010,19.548,281593.281,7.162,68.000
0.047,0.000,0.004,23.999,1577.680,0.517,68.000
0.098,0.013,0.012,21.481,214147.344,7.248,68.000
0.052,0.014,0.010,19.917,198167.594,6.985,68.000
0.048,0.016,0.012,19.623,244137.469,9.670,68.000
0.044,0.000,0.019,23.509,-17826.562,-0.119,68.000
0.052,0.012,0.014,20.092,215489.438,7.155,68.000
0.051,0.020,0.011,21.148,210142.250,8.221,68.000
0.050,0.025,0.013,22.452,229525.375,8.138,68.000
0.042,0.001,0.011,21.393,170676.500,2.084,68.000
0.047,0.000,0.015,31.228,3348.164,-0.078,68.000
0.098,0.011,0.010,22.610,210518.125,7.574,68.000
0.047,0.001,0.003,20.465,179783.031,1.483,68.000
0.055,0.001,0.006,20.327,212918.562,2.644,68.000
0.045,0.001,0.009,23.284,233832.344,3.267,68.000
0.046,0.001,0.010,22.639,249107.781,3.371,68.000
0.058,0.001,0.013,22.677,146761.188,1.759,68.000
0.052,0.015,0.013,21.751,205933.469,6.067,68.000
0.100,0.013,0.012,22.893,-97448.820,10.037,68.000
0.044,0.000,0.012,25.315,71505.133,-0.366,68.000
0.046,0.001,0.014,22.442,205277.812,3.655,68.000
0.051,0.018,0.013,21.935,218694.562,6.806,68.000
0.056,0.001,0.019,25.051,60618.555,0.140,68.000
0.052,0.001,0.020,21.509,185459.219,3.104,68.000
0.050,0.003,0.015,23.570,209528.781,4.211,68.000
0.057,0.001,0.017,20.929,203051.656,1.807,68.000
0.046,0.000,0.005,22.411,35230.602,0.714,68.000
0.051,0.005,0.014,22.488,229250.781,5.701,68.000
0.048,0.020,0.011,19.564,229445.281,10.016,68.000
0.049,0.014,0.013,20.572,229652.594,7.723,68.000
0.052,0.001,0.007,26.359,126969.148,2.304,68.000
0.059,0.001,0.011,21.387,158261.250,2.191,68.000
0.053,0.000,0.006,25.219,46306.945,3.397,68.000
0.055,0.000,0.017,24.063,-1154.781,1.105,68.000
0.054,0.000,0.019,22.150,-14847.422,-2.214,68.000
0.045,0.001,0.009,22.829,208051.812,2.733,68.000
0.053,0.001,0.016,25.543,167471.250,1.088,68.000
0.046,0.002,0.015,22.069,189144.094,3.544,68.000
0.048,0.027,0.012,16.314,139156.188,4.466,68.000
0.059,0.000,0.009,20.309,48568.477,2.005,68.000
0.049,0.000,0.002,24.202,18715.641,0.472,68.000
0.000,0.011,0.011,22.987,38633.680,4.442,68.000
0.048,0.001,0.013,24.445,229390.094,3.922,68.000
0.052,0.004,0.013,21.499,222418.375,4.963,68.000
0.050,0.022,0.012,21.526,236091.875,8.234,68.000
0.051,0.006,0.014,20.710,231730.344,6.843,68.000
0.051,0.005,0.014,22.163,218345.719,5.413,68.000
0.050,0.005,0.014,21.564,224795.500,6.323,68.000
0.049,0.010,0.012,20.188,255663.594,9.151,68.000
0.052,0.001,0.019,22.133,187096.812,2.871,68.000
0.049,0.011,0.013,20.555,241795.281,8.654,68.000
0.059,0.000,0.009,19.692,37933.633,1.294,68.000
0.048,0.025,0.011,19.437,229112.938,9.831,68.000
0.050,0.004,0.011,21.057,283325.094,6.377,68.000
0.041,0.001,0.006,19.002,115828.914,1.559,68.000
0.052,0.013,0.012,21.275,207394.344,7.035,68.000
0.051,0.022,0.013,23.147,234491.219,7.117,68.000
0.050,0.006,0.011,20.668,299596.750,7.861,68.000
0.052,0.009,0.013,20.132,222568.625,7.616,68.000
0.052,0.027,0.012,17.408,168922.688,6.504,68.000
0.053,0.000,0.012,32.172,-43094.930,0.700,68.000
0.042,0.000,0.014,24.944,18292.016,0.055,68.000
0.049,0.002,0.008,22.934,244107.656,3.958,68.000
0.050,0.012,0.010,20.293,220831.625,7.514,68.000
0.049,0.004,0.012,22.223,286326.250,6.530,68.000
0.053,0.001,0.019,24.001,133700.281,1.982,68.000
0.050,0.023,0.010,20.158,220369.844,8.929,68.000
0.045,0.001,0.006,21.749,145473.000,1.888,68.000
0.050,0.021,0.010,20.013,219090.750,9.381,68.000
0.048,0.002,0.012,22.773,271868.312,5.507,68.000
0.043,0.001,0.016,19.575,134493.812,2.217,68.000
0.051,0.015,0.011,20.232,210572.219,7.749,68.000
0.050,0.008,0.013,22.239,259455.344,8.310,68.000
0.061,0.001,0.011,19.984,143508.594,1.313,68.000
0.047,0.000,0.018,23.394,82418.914,0.729,68.000
0.050,0.025,0.010,19.929,226628.438,8.976,68.000
0.052,0.004,0.012,21.745,249662.344,5.686,68.000
0.002,0.010,0.012,21.183,181888.500,7.761,68.000
0.056,0.000,0.020,24.386,-29922.156,-0.087,68.000
0.042,0.000,0.013,25.792,11308.172,-0.027,68.000
0.049,0.021,0.013,22.353,248049.750,7.916,68.000
0.056,0.001,0.015,21.754,185843.281,1.759,68.000
0.050,0.017,0.014,21.601,238457.000,6.843,68.000
0.055,0.001,0.019,22.069,174695.406,2.345,68.000
0.042,0.000,0.008,18.448,35810.320,2.331,68.000
0.047,0.001,0.017,23.107,181695.625,2.564,68.000
0.041,0.001,0.012,21.394,152760.969,1.979,68.000
0.050,0.000,0.007,28.838,56551.586,1.940,68.000
0.051,0.006,0.011,20.775,294439.781,7.738,68.000
0.050,0.025,0.013,22.318,230303.438,8.325,68.000
0.049,0.003,0.013,23.391,264622.938,5.661,68.000
0.056,0.002,0.013,23.065,178615.781,3.486,68.000
0.041,0.001,0.010,20.992,138742.531,1.440,68.000
0.057,0.000,0.017,23.528,77633.023,2.644,68.000
0.052,0.003,0.012,22.783,254977.125,5.295,68.000
0.050,0.015,0.010,20.016,219644.375,8.191,68.000
0.048,0.023,0.013,21.599,237880.062,9.193,68.000
0.050,0.021,0.011,20.660,225387.906,8.999,68.000
0.051,0.001,0.004,21.522,200002.969,2.359,68.000
0.049,0.007,0.011,21.959,297389.594,8.389,68.000
0.050,0.019,0.014,22.177,245542.219,7.164,68.000
0.050,0.019,0.011,20.100,215912.188,9.290,68.000
0.050,0.020,0.013,22.233,250252.188,7.761,68.000
0.051,0.022,0.010,21.502,215618.781,8.224,68.000
0.040,0.001,0.009,21.360,87241.133,0.480,68.000
0.055,0.000,0.006,24.853,-4068.648,1.431,68.000
0.051,0.009,0.014,19.643,234726.156,7.585,68.000
0.049,0.024,0.011,20.525,221409.469,9.213,68.000
0.051,0.014,0.013,21.970,210360.281,6.533,68.000
0.047,0.001,0.006,24.460,106640.211,1.864,68.000
0.057,0.000,0.009,25.318,-22687.211,1.761,68.000
0.051,0.009,0.014,18.998,230337.844,7.219,68.000
0.051,0.025,0.013,23.693,227370.188,6.843,68.000
0.052,0.016,0.013,21.674,208960.062,6.316,68.000
0.058,0.000,0.014,24.786,-29915.789,1.606,68.000
0.051,0.010,0.010,19.294,224671.125,7.063,68.000
0.050,0.013,0.013,21.339,227157.625,7.694,68.000
0.054,0.001,0.018,22.811,189019.188,2.187,68.000
0.052,0.002,0.018,22.245,188627.375,2.390,68.000
0.046,0.000,0.005,19.279,63828.352,1.457,68.000
0.051,0.015,0.010,20.181,210165.406,7.762,68.000
0.055,0.001,0.013,23.910,190277.812,3.473,68.000
0.041,0.000,0.018,21.935,-2928.875,0.571,68.000
0.049,0.004,0.011,21.233,280436.594,6.437,68.000
0.049,0.020,0.013,21.708,258932.312,8.268,68.000
0.051,0.011,0.013,20.325,230189.344,7.958,68.000
0.049,0.007,0.013,22.462,270604.562,8.246,68.000
0.041,0.001,0.006,19.198,118287.820,1.653,68.000
0.048,0.026,0.012,19.576,237189.000,9.628,68.000
0.050,0.022,0.011,20.750,217321.812,8.832,68.000
0.047,0.000,0.020,21.708,2731.953,-1.704,68.000
0.057,0.001,0.012,22.657,169875.625,2.743,68.000
0.051,0.025,0.012,22.134,228022.594,7.855,68.000
0.058,0.001,0.018,21.700,155198.375,-0.249,68.000
0.051,0.012,0.012,20.666,219884.469,7.873,68.000
0.050,0.000,0.011,25.956,152918.906,2.826,68.000
0.051,0.013,0.012,20.659,207429.531,7.379,68.000
0.002,0.011,0.011,21.385,174018.750,7.698,68.000
0.049,0.019,0.013,20.956,247593.688,8.224,68.000
0.048,0.017,0.013,19.782,238867.188,7.999,68.000
0.048,0.025,0.011,19.136,223108.094,9.727,68.000
0.050,0.001,0.006,22.077,226343.094,3.195,68.000
0.050,0.006,0.015,20.364,228386.344,6.589,68.000
0.001,0.012,0.012,21.050,206315.312,7.811,68.000
0.049,0.020,0.014,22.385,257158.281,7.638,68.000
0.052,0.012,0.011,19.808,191571.375,6.756,68.000
0.058,0.001,0.018,21.434,156258.469,-0.004,68.000
0.049,0.023,0.014,22.994,236117.000,8.013,68.000
0.052,0.007,0.012,20.613,251778.688,7.294,68.000
0.055,0.001,0.014,26.500,151181.406,1.826,68.000
0.050,0.000,0.017,26.235,-8591.844,-1.357,68.000
0.052,0.011,0.014,19.843,213376.719,7.222,68.000
0.050,0.004,0.010,20.963,276706.625,5.951,68.000
0.040,0.000,0.008,22.189,-87793.148,-1.463,68.000
0.058,0.001,0.006,18.567,198013.125,2.646,68.000
0.047,0.001,0.005,19.935,197999.844,1.786,68.000
0.042,0.001,0.010,22.849,137268.656,1.418,68.000
0.049,0.003,0.013,23.569,238080.719,5.572,68.000
0.049,0.023,0.014,22.704,235627.531,8.145,68.000
0.060,0.000,0.012,22.295,39535.805,0.753,68.000
0.054,0.001,0.019,23.705,134938.219,1.654,68.000
0.044,0.000,0.012,30.374,-42029.340,-0.696,68.000
0.043,0.001,0.011,23.902,173215.125,2.306,68.000
0.042,0.000,0.007,20.507,14759.031,-0.448,68.000
0.042,0.000,0.013,24.681,9842.328,-1.567,68.000
0.040,0.001,0.010,20.603,97215.352,0.856,68.000
0.097,0.011,0.013,20.917,201251.281,6.150,68.000
0.050,0.026,0.013,22.142,231527.594,8.432,68.000
0.051,0.004,0.014,22.263,213475.406,5.065,68.000
0.045,0.001,0.010,22.408,246667.812,3.332,68.000
0.098,0.013,0.011,21.265,207481.688,7.204,68.000
0.045,0.001,0.018,23.507,164562.219,2.240,68.000
0.051,0.013,0.014,19.928,217122.250,7.078,68.000
0.001,0.012,0.013,22.715,155880.500,6.042,68.000
0.050,0.026,0.011,20.592,227828.812,8.886,68.000
0.056,0.001,0.013,24.298,174003.031,2.753,68.000
0.047,0.000,0.020,20.462,-54621.090,-0.472,68.000
0.049,0.001,0.013,26.635,221193.406,3.973,68.000
0.048,0.001,0.016,25.399,194846.875,2.579,68.000
0.043,0.002,0.012,21.638,219144.812,3.358,68.000
0.050,0.001,0.006,25.410,130197.789,2.517,68.000
0.050,0.008,0.009,19.154,253663.250,7.154,68.000
0.052,0.025,0.012,22.875,220079.500,6.509,68.000
0.050,0.016,0.014,21.227,228938.406,6.460,68.000
0.048,0.009,0.011,21.348,260843.938,8.631,68.000
0.050,0.014,0.012,20.654,227260.906,7.930,68.000
0.056,0.000,0.010,28.700,-43133.902,0.900,68.000
0.042,0.001,0.011,21.510,189414.000,2.321,68.000
0.052,0.012,0.011,19.787,188592.938,6.491,68.000
0.049,0.003,0.012,22.453,276351.625,5.720,68.000
0.048,0.008,0.010,20.655,267803.312,7.712,68.000
0.049,0.023,0.013,22.339,234860.375,8.277,68.000
0.055,0.000,0.019,22.791,43541.852,1.227,68.000
0.044,0.001,0.018,22.823,147857.469,2.147,68.000
0.049,0.010,0.011,21.241,254849.156,8.965,68.000
0.052,0.022,0.012,22.284,223928.844,7.215,68.000
0.052,0.007,0.012,21.255,252909.125,7.278,68.000
0.051,0.003,0.013,23.076,229535.188,5.012,68.000
0.044,0.001,0.013,25.857,147554.188,2.357,68.000
0.047,0.001,0.011,22.467,263583.281,4.117,68.000
0.051,0.009,0.011,19.824,237423.062,7.907,68.000
0.058,0.000,0.009,27.055,14157.805,1.753,68.000
0.041,0.000,0.014,22.069,109806.430,1.218,68.000
0.052,0.001,0.018,22.061,196663.250,2.686,68.000
0.002,0.011,0.012,20.947,188130.125,7.588,68.000
0.003,0.011,0.012,21.048,183016.875,7.437,68.000
0.049,0.007,0.010,20.080,275166.781,7.157,68.000
0.051,0.005,0.011,20.566,280440.781,6.525,68.000
0.055,0.000,0.022,20.705,56182.508,0.397,68.000
0.050,0.000,0.013,32.943,-37695.656,-0.131,68.000
0.002,0.012,0.010,21.256,184251.031,7.785,68.000
0.100,0.012,0.013,26.842,-126958.891,10.840,68.000
0.048,0.002,0.011,22.346,265463.938,5.061,68.000
0.056,0.000,0.006,23.754,8324.578,1.408,68.000
0.051,0.005,0.011,20.873,287452.625,6.365,68.000
0.050,0.013,0.011,20.049,226552.375,7.885,68.000
0.050,0.001,0.006,24.218,142640.688,2.216,68.000
0.049,0.010,0.013,20.432,249431.312,8.717,68.000
0.049,0.011,0.010,20.554,229563.531,7.686,68.000
0.044,0.001,0.005,19.470,163873.594,1.647,68.000
0.049,0.020,0.013,21.065,251692.062,8.647,68.000
0.057,0.000,0.019,21.578,74533.320,3.093,68.000
0.059,0.000,0.011,23.270,-15932.312,1.211,68.000
0.056,0.001,0.009,28.413,34171.695,0.657,68.000
0.057,0.001,0.010,25.950,154638.000,3.791,68.000
0.049,0.023,0.014,22.639,234366.938,8.149,68.000
0.049,0.001,0.021,24.375,-14316.375,-0.290,68.000
0.051,0.004,0.010,20.900,275160.906,5.625,68.000
0.043,0.000,0.018,21.602,42854.242,-0.490,68.000
0.052,0.022,0.011,21.396,212476.781,7.926,68.000
0.049,0.010,0.012,20.938,254276.875,9.013,68.000
0.059,0.001,0.018,20.081,171627.406,0.564,68.000
0.051,0.026,0.013,24.098,218538.812,7.202,68.000
0.049,0.007,0.011,21.564,293454.969,8.658,68.000
0.050,0.018,0.012,19.884,230316.500,8.018,68.000
0.059,0.001,0.015,21.277,151875.562,0.029,68.000
0.048,0.015,0.013,19.853,232316.562,7.449,68.000
0.047,0.001,0.012,29.367,148132.312,2.549,68.000
0.048,0.000,0.014,28.870,56767.570,0.380,68.000
0.044,0.001,0.011,24.805,155887.719,1.635,68.000
0.051,0.025,0.012,22.095,226313.125,7.647,68.000
0.048,0.002,0.013,23.522,262073.812,5.469,68.000
0.049,0.020,0.012,20.296,245401.000,8.809,68.000
0.044,0.000,0.013,24.674,109203.117,0.298,68.000
0.048,0.006,0.013,22.965,281243.531,7.663,68.000
0.049,0.009,0.013,21.298,263597.344,8.705,68.000
0.048,0.021,0.012,20.732,244288.125,9.297,68.000
0.051,0.007,0.011,20.514,289494.906,7.727,68.000
0.051,0.021,0.010,21.259,213618.844,8.635,68.000
0.050,0.023,0.012,22.027,223992.406,8.382,68.000
0.048,0.007,0.013,22.173,266476.875,8.033,68.000
0.052,0.007,0.011,19.618,270750.594,6.738,68.000
0.045,0.000,0.014,24.406,24519.641,1.977,68.000
0.049,0.015,0.011,19.692,245609.156,9.347,68.000
0.050,0.010,0.011,20.789,243480.781,8.582,68.000
0.047,0.001,0.014,25.385,202391.312,3.099,68.000
0.052,0.007,0.012,20.885,251206.219,7.074,68.000
0.051,0.009,0.012,20.755,245427.625,8.041,68.000
0.048,0.025,0.011,19.617,231259.094,10.108,68.000
0.051,0.018,0.011,20.527,215336.875,8.516,68.000
0.043,0.001,0.014,19.473,196150.938,3.455,68.000
0.050,0.005,0.014,22.509,235583.219,6.029,68.000
0.049,0.003,0.014,23.841,224649.281,5.207,68.000
0.049,0.017,0.013,20.629,233760.438,7.459,68.000
0.046,0.001,0.013,22.831,229548.781,4.256,68.000
0.049,0.012,0.011,20.165,237459.094,8.420,68.000
0.052,0.027,0.012,23.309,204669.312,5.047,68.000
0.054,0.000,0.015,24.849,82156.195,1.572,68.000
0.001,0.012,0.013,20.900,219818.906,7.783,68.000
0.059,0.000,0.007,22.521,-6349.164,2.235,68.000
0.052,0.001,0.018,22.987,196975.281,2.456,68.000
0.051,0.000,0.013,34.128,-109585.508,-2.096,68.000
0.051,0.009,0.010,19.800,241782.312,7.949,68.000
0.055,0.001,0.004,21.615,113588.273,0.851,68.000
0.043,0.001,0.005,19.608,143341.188,1.743,68.000
0.049,0.025,0.011,21.045,221495.750,9.062,68.000
0.047,0.001,0.009,25.222,221420.688,3.367,68.000
0.050,0.021,0.012,21.141,242645.812,8.493,68.000
0.056,0.000,0.005,21.843,80250.461,2.201,68.000
0.054,0.002,0.017,21.411,207288.031,3.028,68.000
0.050,0.002,0.017,22.498,197374.281,2.874,68.000
0.052,0.000,0.015,31.076,-44430.637,-0.964,68.000
0.051,0.019,0.012,21.792,222249.156,7.141,68.000
0.051,0.002,0.008,22.927,253620.750,4.499,68.000
0.050,0.021,0.013,22.498,246311.688,7.544,68.000
0.052,0.015,0.012,22.197,197409.031,6.396,68.000
0.056,0.002,0.009,21.885,202469.750,3.234,68.000
0.052,0.012,0.012,21.182,212979.312,7.390,68.000
0.058,0.001,0.015,19.940,176706.812,0.794,68.000
0.057,0.000,0.007,24.276,-51644.805,0.857,68.000
0.052,0.000,0.014,33.201,-44190.816,1.079,68.000
0.050,0.014,0.014,19.191,222567.625,6.938,68.000
0.054,0.002,0.014,23.241,181427.156,2.638,68.000
0.055,0.001,0.011,22.821,229328.375,4.446,68.000
0.051,0.002,0.009,23.276,265318.906,4.746,68.000
0.050,0.019,0.014,22.334,246551.562,7.260,68.000
0.051,0.025,0.010,20.082,225460.375,8.412,68.000
0.043,0.001,0.015,19.450,175899.250,2.865,68.000
0.049,0.019,0.010,19.914,222230.781,9.793,68.000
0.053,0.000,0.004,21.482,111316.992,1.838,68.000
0.054,0.001,0.014,23.602,182894.969,3.036,68.000
0.047,0.001,0.014,27.849,118403.086,1.627,68.000
0.050,0.005,0.012,21.199,286933.594,6.454,68.000
0.002,0.014,0.012,21.116,217928.188,7.481,68.000
0.098,0.013,0.012,21.292,212989.281,7.121,68.000
0.051,0.018,0.013,21.831,227773.531,7.114,68.000
0.051,0.016,0.014,21.213,222411.250,6.364,68.000
0.052,0.004,0.012,21.241,258458.156,5.650,68.000
0.053,0.001,0.018,21.707,198128.594,2.757,68.000
0.046,0.001,0.017,22.835,172639.469,2.436,68.000
0.051,0.020,0.012,21.209,229900.781,7.956,68.000
0.050,0.025,0.013,22.601,230180.406,8.089,68.000
0.060,0.000,0.011,22.307,19927.602,2.959,68.000
0.051,0.015,0.014,20.044,222606.094,6.537,68.000
0.048,0.002,0.016,23.784,197034.312,3.089,68.000
0.050,0.000,0.017,26.461,72255.023,0.102,68.000
0.052,0.002,0.013,23.816,222182.531,4.484,68.000
0.051,0.013,0.012,20.988,215407.375,7.616,68.000
0.050,0.000,0.011,25.533,183122.438,3.365,68.000
0.049,0.002,0.009,23.638,276720.812,4.846,68.000
0.048,0.026,0.013,20.623,237681.688,10.222,68.000
0.047,0.000,0.003,21.515,22830.422,0.052,68.000
0.045,0.001,0.011,24.998,174046.344,2.073,68.000
0.045,0.000,0.006,23.452,13884.195,0.436,68.000
0.053,0.001,0.011,32.395,80809.164,2.186,68.000
0.048,0.007,0.012,22.567,285127.781,8.546,68.000
0.049,0.018,0.010,19.775,217040.750,9.495,68.000
0.050,0.001,0.009,25.071,241679.094,4.303,68.000
0.045,0.000,0.008,27.347,-57801.074,1.511,68.000
0.047,0.001,0.002,20.053,183883.406,1.590,68.000
0.049,0.008,0.013,21.638,273538.250,8.828,68.000
0.052,0.007,0.014,19.951,231320.719,7.088,68.000
0.054,0.001,0.009,27.004,135012.000,3.017,68.000
0.049,0.016,0.014,20.519,225189.156,6.516,68.000
0.057,0.001,0.018,24.682,85862.695,-0.219,68.000
0.047,0.001,0.022,20.793,138154.094,2.194,68.000
0.002,0.013,0.011,21.461,203863.281,7.456,68.000
0.051,0.010,0.011,19.768,230388.750,7.827,68.000
0.042,0.001,0.019,19.886,109246.930,0.963,68.000
0.044,0.001,0.007,23.700,138151.969,1.847,68.000
0.042,0.001,0.015,22.915,51125.258,0.734,68.000
0.049,0.012,0.010,20.690,229339.562,7.953,68.000
0.049,0.025,0.013,21.342,233291.375,8.890,68.000
0.049,0.001,0.012,27.557,222957.000,4.031,68.000
0.000,0.013,0.013,20.464,9678.750,12.484,68.000
0.044,0.000,0.003,20.633,62244.852,1.197,68.000
0.053,0.000,0.002,24.299,-8713.523,0.180,68.000
0.048,0.000,0.015,29.555,-72463.578,-3.047,68.000
0.049,0.005,0.013,23.180,263251.750,7.111,68.000
0.044,0.001,0.007,21.439,144573.219,1.878,68.000
0.043,0.001,0.010,21.598,179816.344,2.031,68.000
0.052,0.007,0.012,21.038,232333.625,6.940,68.000
0.043,0.001,0.007,21.832,123571.680,1.736,68.000
0.048,0.007,0.014,21.461,245069.750,7.676,68.000
0.052,0.019,0.012,21.914,208381.312,6.918,68.000
0.051,0.006,0.014,20.858,233448.250,6.772,68.000
0.045,0.000,0.014,31.201,-94437.281,-2.692,68.000
0.053,0.002,0.010,22.859,256248.438,4.805,68.000
0.052,0.021,0.012,21.917,222601.094,7.324,68.000
0.044,0.000,0.010,23.013,83073.242,-0.910,68.000
0.058,0.001,0.007,20.601,176097.594,2.721,68.000
0.049,0.011,0.010,20.936,236680.406,8.058,68.000
0.051,0.021,0.012,21.673,236832.125,7.787,68.000
0.056,0.001,0.016,23.076,127013.633,0.609,68.000
0.049,0.007,0.011,21.975,294144.562,8.705,68.000
0.049,0.000,0.011,25.017,170743.219,2.867,68.000
0.056,0.001,0.016,20.923,209716.812,2.589,68.000
0.060,0.000,0.011,22.790,38494.242,0.468,68.000
0.052,0.025,0.012,22.622,222415.188,6.834,68.000
0.050,0.003,0.012,21.876,278191.719,5.790,68.000
0.051,0.001,0.017,24.544,181681.062,2.149,68.000
0.050,0.010,0.013,20.735,232383.250,8.350,68.000
0.042,0.001,0.017,20.669,110190.992,1.544,68.000
0.049,0.005,0.010,20.564,270884.000,6.003,68.000
0.049,0.000,0.016,27.273,65693.945,0.403,68.000
0.047,0.000,0.017,26.224,20763.812,0.458,68.000
0.049,0.001,0.017,25.164,200007.812,2.470,68.000
0.050,0.025,0.012,21.394,231737.719,8.860,68.000
0.052,0.026,0.014,24.276,228787.625,7.229,68.000
0.050,0.000,0.014,33.043,-48638.109,-0.834,68.000
0.051,0.020,0.012,21.455,233725.125,7.840,68.000
0.050,0.023,0.013,22.976,230863.594,7.375,68.000
0.057,0.002,0.012,22.246,177223.938,2.934,68.000
0.049,0.000,0.013,34.085,-30104.023,-2.696,68.000
0.097,0.013,0.012,21.055,209342.750,7.008,68.000
0.044,0.001,0.018,23.180,120178.289,1.229,68.000
0.050,0.003,0.010,22.340,274580.406,5.321,68.000
0.052,0.001,0.012,29.645,181399.250,3.434,68.000
0.048,0.001,0.013,25.566,246275.594,4.372,68.000
0.055,0.001,0.015,23.295,186274.812,1.853,68.000
0.042,0.001,0.013,21.821,165311.594,2.920,68.000
0.001,0.012,0.013,21.074,197873.812,7.969,68.000
0.052,0.008,0.010,19.044,248265.688,7.203,68.000
0.050,0.008,0.015,19.004,238861.562,7.156,68.000
0.058,0.001,0.010,23.159,164872.375,3.522,68.000
0.050,0.022,0.011,21.236,225590.688,8.977,68.000
0.049,0.016,0.012,19.299,233227.125,8.698,68.000
0.051,0.023,0.013,22.936,224130.781,7.148,68.000
0.042,0.000,0.009,20.449,87502.867,-0.324,68.000
0.049,0.005,0.014,22.764,237498.594,6.255,68.000
0.048,0.025,0.013,21.266,235240.500,9.118,68.000
0.049,0.003,0.013,23.749,252268.000,5.583,68.000
0.099,0.012,0.012,22.350,210888.062,6.860,68.000
0.045,0.000,0.011,24.748,83517.039,-0.394,68.000
0.055,0.001,0.010,22.232,224430.688,4.024,68.000
0.052,0.017,0.013,21.999,214817.000,6.306,68.000
0.051,0.001,0.020,20.749,179191.469,3.153,68.000
0.058,0.000,0.010,21.449,55266.102,2.730,68.000
0.058,0.001,0.009,22.057,161075.812,3.312,68.000
0.049,0.024,0.012,21.473,227272.312,9.318,68.000
0.045,0.000,0.022,19.801,-16764.344,0.088,68.000
0.056,0.000,0.020,23.559,1173.203,2.717,68.000
0.099,0.012,0.012,22.059,212742.031,7.205,68.000
0.050,0.001,0.020,22.739,185200.844,3.281,68.000
0.057,0.001,0.019,23.621,91853.742,0.526,68.000
0.050,0.000,0.018,22.735,111728.039,1.975,68.000
0.051,0.024,0.010,20.562,220265.781,8.205,68.000
0.050,0.001,0.003,22.862,149875.156,2.002,68.000
0.097,0.012,0.013,20.698,202637.188,6.251,68.000
0.050,0.008,0.014,21.000,251610.812,8.177,68.000
0.051,0.020,0.012,21.398,234397.656,7.816,68.000
0.051,0.002,0.013,23.780,217181.406,4.310,68.000
0.049,0.002,0.007,22.242,228840.688,3.436,68.000
0.046,0.001,0.019,21.706,175780.000,2.485,68.000
0.058,0.001,0.004,17.503,232935.094,2.508,68.000
0.049,0.025,0.014,22.453,232137.406,8.510,68.000
0.001,0.011,0.012,21.394,182588.938,7.853,68.000
0.051,0.008,0.012,21.391,265328.031,8.397,68.000
0.049,0.026,0.011,20.160,235452.375,9.237,68.000
0.099,0.012,0.013,20.962,215560.625,6.183,68.000
0.050,0.009,0.009,19.881,247405.094,7.433,68.000
0.048,0.000,0.002,22.447,36563.977,0.318,68.000
0.051,0.000,0.022,23.287,38464.086,0.626,68.000
0.051,0.006,0.012,22.168,261078.875,6.901,68.000
0.050,0.013,0.010,20.112,215468.688,7.458,68.000
0.052,0.022,0.011,21.824,209993.281,7.473,68.000
0.050,0.012,0.014,18.783,229503.031,7.595,68.000
0.044,0.001,0.016,21.626,160112.188,2.853,68.000
0.049,0.015,0.010,19.699,234749.781,8.752,68.000
0.048,0.003,0.012,23.143,270507.781,5.676,68.000
0.050,0.012,0.012,20.563,229647.812,8.335,68.000
0.043,0.000,0.006,21.374,-37555.797,1.344,68.000
0.043,0.000,0.018,21.195,-14312.039,-0.153,68.000
0.044,0.002,0.008,22.112,179164.719,2.116,68.000
0.058,0.001,0.017,22.536,111357.898,-0.467,68.000
0.052,0.019,0.011,20.916,210637.312,8.060,68.000
0.049,0.025,0.013,21.136,233545.062,9.403,68.000
0.050,0.001,0.017,25.136,209344.656,2.702,68.000
0.051,0.001,0.005,22.075,192646.344,2.395,68.000
0.059,0.001,0.018,19.743,172219.812,0.538,68.000
0.047,0.002,0.012,22.226,262756.281,4.608,68.000
0.048,0.025,0.013,21.294,233814.688,9.739,68.000
0.052,0.005,0.014,21.177,218049.750,5.588,68.000
0.049,0.000,0.011,29.842,154756.750,7.592,68.000
0.050,0.018,0.010,19.800,210422.875,9.072,68.000
0.051,0.014,0.011,20.179,221185.594,7.834,68.000
0.045,0.001,0.014,31.081,-1515.477,0.485,68.000
0.100,0.013,0.011,31.809,-86205.641,7.021,68.000
0.001,0.012,0.012,21.234,193087.375,7.884,68.000
0.048,0.016,0.011,19.828,235921.156,9.994,68.000
0.055,0.000,0.019,23.133,13510.906,-3.230,68.000
0.058,0.001,0.005,23.126,70976.227,1.401,68.000
0.054,0.000,0.021,20.051,13434.812,-2.758,68.000
0.041,0.001,0.007,22.585,46193.367,0.984,68.000
0.042,0.001,0.012,22.472,170004.156,2.239,68.000
0.050,0.020,0.011,20.627,222047.969,8.755,68.000
0.049,0.001,0.015,29.831,62468.289,0.438,68.000
0.050,0.000,0.006,25.611,64851.352,1.690,68.000
0.049,0.026,0.014,22.018,226980.875,8.428,68.000
0.053,0.000,0.013,29.792,10835.109,1.291,68.000
0.052,0.011,0.012,19.994,197330.219,6.827,68.000
0.048,0.000,0.007,28.016,17249.836,1.117,68.000
0.049,0.014,0.010,20.302,220959.875,7.821,68.000
0.048,0.025,0.013,21.193,232339.125,9.525,68.000
0.048,0.000,0.005,23.391,71899.633,1.394,68.000
0.045,0.000,0.002,22.393,-18213.031,0.191,68.000
0.042,0.000,0.009,22.780,29564.602,-1.604,68.000
0.049,0.018,0.012,19.589,224774.531,8.802,68.000
0.052,0.026,0.013,23.841,226412.125,7.061,68.000
0.048,0.020,0.012,19.769,247179.219,9.335,68.000
0.049,0.001,0.018,26.877,112738.133,0.589,68.000
0.054,0.001,0.012,23.459,226438.375,4.376,68.000
0.056,0.001,0.004,18.519,218235.031,2.650,68.000
0.046,0.000,0.018,24.182,1628.883,0.611,68.000
0.041,0.001,0.015,17.976,144521.312,2.654,68.000
0.043,0.001,0.012,25.394,170654.875,2.067,68.000
0.049,0.018,0.011,19.419,226645.719,9.480,68.000
0.043,0.000,0.014,25.243,32858.945,-0.840,68.000
0.055,0.001,0.012,25.099,205332.250,3.991,68.000
0.051,0.027,0.011,21.448,219574.312,6.730,68.000
0.052,0.026,0.012,22.685,225432.656,7.035,68.000
0.002,0.013,0.011,21.321,201107.219,7.734,68.000
0.049,0.023,0.012,21.178,224895.312,9.312,68.000
0.050,0.013,0.013,20.855,221917.781,7.307,68.000
0.041,0.000,0.014,19.380,76901.992,1.480,68.000
0.051,0.001,0.020,24.393,71535.492,1.364,68.000
0.049,0.002,0.018,21.932,181761.656,2.535,68.000
0.054,0.001,0.017,21.940,205414.812,2.112,68.000
0.050,0.002,0.015,23.821,205708.062,3.994,68.000
0.059,0.000,0.014,21.643,69028.695,0.009,68.000
0.052,0.005,0.013,21.511,223806.594,5.506,68.000
0.047,0.001,0.006,21.379,204094.406,2.515,68.000
0.045,0.000,0.017,23.672,-19537.773,-1.159,68.000
0.042,0.000,0.008,23.209,41194.445,0.754,68.000
0.051,0.001,0.003,20.065,211765.812,2.146,68.000
0.056,0.001,0.018,23.421,110952.477,0.256,68.000
0.049,0.007,0.012,22.916,291601.250,8.288,68.000
0.047,0.002,0.017,23.218,188166.250,2.671,68.000
0.057,0.001,0.009,21.742,183915.531,3.105,68.000
0.053,0.000,0.017,28.020,39178.445,-2.199,68.000
0.002,0.011,0.014,21.008,206378.688,7.634,68.000
0.044,0.001,0.010,23.665,212899.688,2.662,68.000
0.049,0.018,0.012,19.311,238170.406,8.803,68.000
0.048,0.017,0.012,18.985,237043.000,9.613,68.000
0.046,0.001,0.004,20.562,164549.156,1.424,68.000
0.047,0.002,0.011,21.928,256629.312,3.544,68.000
0.044,0.001,0.012,23.135,227741.594,3.051,68.000
0.048,0.014,0.011,20.079,260440.062,9.773,68.000
0.049,0.001,0.006,22.944,203112.344,2.900,68.000
0.046,0.000,0.013,33.346,-54585.344,-3.727,68.000
0.050,0.012,0.011,20.084,231421.469,8.287,68.000
0.051,0.025,0.011,20.908,222892.562,8.269,68.000
0.049,0.021,0.013,21.583,251636.656,8.630,68.000
0.055,0.001,0.007,22.554,199882.344,3.100,68.000
0.045,0.002,0.013,21.784,217274.938,4.246,68.000
0.051,0.007,0.012,21.917,267912.312,7.665,68.000
0.041,0.001,0.006,21.286,14862.875,1.181,68.000
0.049,0.001,0.002,20.627,166264.656,1.659,68.000
0.056,0.000,0.010,30.145,-75793.672,0.607,68.000
0.001,0.011,0.012,22.006,160968.719,7.246,68.000
0.049,0.005,0.012,22.527,293653.875,7.431,68.000
0.050,0.021,0.013,21.697,239673.281,8.089,68.000
0.051,0.014,0.011,20.630,205189.125,7.231,68.000
0.050,0.020,0.014,22.570,249772.250,7.012,68.000
0.050,0.003,0.009,22.061,277547.156,5.643,68.000
0.054,0.001,0.010,27.246,183408.000,3.979,68.000
0.049,0.027,0.014,22.909,161934.375,6.793,68.000
0.054,0.000,0.020,21.718,63536.977,1.643,68.000
0.051,0.024,0.010,20.508,220088.625,8.177,68.000
0.050,0.012,0.012,20.554,225647.094,8.228,68.000
0.051,0.000,0.014,28.686,-13114.867,0.663,68.000
0.050,0.010,0.010,20.745,242712.188,8.259,68.000
0.055,0.001,0.017,21.256,201579.312,1.989,68.000
0.042,0.000,0.006,19.710,17825.281,-0.265,68.000
0.059,0.000,0.010,25.169,-27247.758,1.161,68.000
0.049,0.001,0.008,24.223,234262.188,3.938,68.000
0.048,0.015,0.012,19.748,241157.312,9.013,68.000
0.051,0.001,0.017,22.927,202523.344,2.965,68.000
0.050,0.015,0.013,20.907,216630.312,6.915,68.000
0.043,0.000,0.011,28.209,-30045.156,-0.438,68.000
0.051,0.012,0.011,19.951,218312.562,7.614,68.000
0.048,0.006,0.012,22.820,289657.344,7.565,68.000
0.045,0.001,0.012,24.953,192458.125,2.452,68.000
0.045,0.001,0.020,20.274,153462.906,2.239,68.000
0.049,0.007,0.011,22.022,290182.719,8.649,68.000
0.052,0.016,0.013,21.592,210869.094,5.961,68.000
0.043,0.001,0.018,22.314,56045.773,0.156,68.000
0.049,0.006,0.013,23.113,266399.031,7.329,68.000
0.052,0.002,0.018,22.094,194222.375,2.586,68.000
0.043,0.002,0.011,20.680,208499.875,2.667,68.000
0.055,0.000,0.004,25.855,-45213.930,-0.868,68.000
0.044,0.000,0.016,27.407,-26468.867,-2.544,68.000
0.051,0.022,0.013,23.235,232092.656,6.991,68.000
0.044,0.001,0.004,21.221,83877.086,1.334,68.000
0.052,0.021,0.011,21.423,211223.812,7.822,68.000
0.052,0.006,0.010,19.131,268773.281,6.439,68.000
0.044,0.000,0.017,23.787,-45975.633,-2.243,68.000
0.049,0.008,0.014,19.844,236188.875,7.599,68.000
0.047,0.000,0.012,27.918,7257.977,0.021,68.000
0.050,0.012,0.010,20.474,224098.469,7.756,68.000
0.002,0.011,0.014,20.879,208457.812,7.703,68.000
0.050,0.000,0.008,29.532,12451.992,1.903,68.000
0.051,0.009,0.012,21.024,243617.844,8.175,68.000
0.048,0.010,0.011,20.955,258400.688,9.080,68.000
0.050,0.006,0.013,22.361,242337.844,6.627,68.000
0.053,0.001,0.005,23.975,102489.758,1.412,68.000
0.052,0.016,0.011,20.935,206294.219,7.321,68.000
0.045,0.000,0.012,31.116,2499.109,-0.221,68.000
0.058,0.001,0.010,21.759,171781.938,3.139,68.000
0.052,0.011,0.011,20.016,196028.656,6.927,68.000
0.045,0.002,0.011,21.320,244764.750,3.378,68.000
0.045,0.001,0.011,25.658,128118.664,1.549,68.000
0.057,0.001,0.015,21.874,181916.812,1.605,68.000
0.045,0.002,0.014,21.087,207666.406,4.011,68.000
0.051,0.010,0.010,19.689,226065.969,7.336,68.000
0.052,0.018,0.011,21.041,209496.438,7.416,68.000
0.050,0.000,0.010,33.057,-8770.078,4.585,68.000
0.052,0.008,0.014,19.578,232243.906,7.224,68.000
0.050,0.000,0.012,26.654,148904.531,2.940,68.000
0.051,0.014,0.010,20.313,215126.312,7.526,68.000
0.051,0.008,0.012,21.635,245876.156,8.028,68.000
0.098,0.011,0.012,20.959,205658.500,6.396,68.000
0.057,0.000,0.019,23.154,51112.320,1.141,68.000
0.055,0.001,0.014,23.803,182303.469,2.618,68.000
0.057,0.001,0.014,22.942,168382.375,1.855,68.000
0.045,0.000,0.013,27.917,81894.680,-0.086,68.000
0.048,0.027,0.012,15.045,240751.531,9.341,68.000
0.045,0.000,0.021,21.575,26750.492,-0.141,68.000
0.053,0.000,0.015,30.613,-29192.445,-0.482,68.000
0.051,0.000,0.010,30.991,-34288.672,0.661,68.000
0.042,0.001,0.020,20.901,126984.523,1.333,68.000
0.051,0.021,0.013,22.226,235818.938,7.474,68.000
0.051,0.012,0.014,19.414,222098.688,7.376,68.000
0.050,0.001,0.009,23.707,272515.281,4.559,68.000
0.051,0.020,0.013,22.725,243292.531,7.130,68.000
0.053,0.000,0.002,21.429,80697.398,1.999,68.000
0.043,0.002,0.012,21.449,214154.750,2.899,68.000
0.050,0.001,0.022,20.980,178201.688,2.841,68.000
0.051,0.025,0.013,23.146,228045.688,7.285,68.000
0.052,0.016,0.012,21.704,205545.250,6.822,68.000
0.059,0.001,0.009,23.280,68487.492,1.739,68.000
0.051,0.010,0.012,20.581,229627.938,8.206,68.000
0.050,0.011,0.010,20.463,230413.281,7.935,68.000
0.051,0.024,0.011,22.225,223596.031,8.065,68.000
0.050,0.001,0.002,19.281,212947.219,1.837,68.000
0.056,0.000,0.013,27.940,6686.914,2.163,68.000
0.050,0.001,0.012,27.910,197042.125,3.627,68.000
0.046,0.001,0.002,20.957,90065.242,1.003,68.000
0.060,0.000,0.009,18.453,63681.680,1.373,68.000
0.046,0.001,0.021,21.997,139183.375,1.878,68.000
0.059,0.001,0.014,21.689,148040.844,0.233,68.000
0.050,0.000,0.012,27.192,130703.555,2.740,68.000
0.040,0.001,0.010,21.008,108873.305,1.103,68.000
0.043,0.001,0.011,23.656,192348.531,2.322,68.000
0.050,0.021,0.010,20.689,215873.344,9.202,68.000
0.050,0.007,0.015,20.088,229604.406,6.658,68.000
0.043,0.000,0.013,26.504,22188.492,1.180,68.000
0.043,0.002,0.009,21.890,187498.719,2.334,68.000
0.054,0.001,0.020,21.660,178010.812,2.864,68.000
0.047,0.000,0.010,31.893,-45047.758,-1.094,68.000
0.051,0.021,0.012,21.272,223213.250,8.236,68.000
0.041,0.000,0.013,20.473,-8389.164,-0.864,68.000
0.049,0.001,0.010,26.068,248626.094,3.926,68.000
0.043,0.000,0.007,22.506,-43767.602,-0.713,68.000
0.044,0.001,0.019,22.202,158875.875,1.962,68.000
0.049,0.000,0.018,23.413,6271.977,0.648,68.000
0.048,0.024,0.010,19.325,219040.312,9.762,68.000
0.051,0.023,0.013,23.648,226955.375,6.692,68.000
0.050,0.003,0.012,23.305,258690.969,5.495,68.000
0.049,0.018,0.012,19.203,233679.188,9.016,68.000
0.055,0.000,0.018,23.472,64792.070,0.366,68.000
0.050,0.026,0.013,21.771,233209.844,8.553,68.000
0.042,0.000,0.008,21.384,21918.938,-0.759,68.000
0.049,0.013,0.013,20.255,247518.062,8.675,68.000
0.061,0.001,0.013,20.996,128239.398,-0.408,68.000
0.045,0.002,0.009,22.553,217105.188,2.949,68.000
0.051,0.016,0.010,20.362,211063.031,7.778,68.000
0.051,0.001,0.020,22.798,126412.258,2.280,68.000
0.056,0.001,0.020,26.026,7115.172,-0.502,68.000
0.051,0.018,0.012,21.139,211457.125,7.338,68.000
0.049,0.002,0.006,21.853,225027.719,3.070,68.000
0.045,0.001,0.010,22.496,229595.406,3.084,68.000
0.054,0.001,0.009,22.858,227315.969,4.102,68.000
0.052,0.000,0.007,24.914,70275.664,3.678,68.000
0.044,0.000,0.006,21.270,2661.797,2.501,68.000
0.050,0.012,0.014,18.878,224417.688,7.339,68.000
0.048,0.002,0.012,23.314,266432.656,5.503,68.000
0.042,0.001,0.006,21.131,72355.445,1.514,68.000
0.050,0.010,0.014,19.084,228185.438,7.586,68.000
0.055,0.000,0.015,27.518,-10842.469,-1.234,68.000
0.059,0.001,0.009,21.624,152532.938,2.848,68.000
0.050,0.013,0.014,19.602,221829.000,7.314,68.000
