X,Y,Z,Temperature_C,Pressure_Pa,V_Mag_ms,Power_W_Input
0.051,0.026,0.011,21.261,117958.539,5.768,60.000
0.048,0.000,0.004,21.466,16890.945,0.450,60.000
0.051,0.022,0.011,19.795,116156.602,5.917,60.000
0.002,0.012,0.013,20.585,68603.664,5.335,60.000
0.049,0.017,0.013,19.888,138472.000,6.785,60.000
0.048,0.018,0.012,20.156,138472.750,6.194,60.000
0.043,0.001,0.006,22.279,71066.273,0.961,60.000
0.044,0.000,0.003,19.808,41171.758,0.284,60.000
0.050,0.010,0.014,21.725,131572.250,3.709,60.000
0.051,0.007,0.012,22.082,122573.195,5.226,60.000
0.049,0.008,0.014,20.737,123115.789,4.454,60.000
0.097,0.012,0.012,19.978,116089.164,4.699,60.000
0.050,0.000,0.005,24.002,-26753.586,0.184,60.000
0.051,0.011,0.012,20.067,111561.367,4.039,60.000
0.048,0.009,0.011,21.237,133087.188,3.906,60.000
0.050,0.003,0.011,23.185,70821.227,2.675,60.000
0.044,0.001,0.018,20.306,126456.289,0.197,60.000
0.050,0.022,0.014,19.985,127524.742,6.306,60.000
0.051,0.017,0.011,19.564,98840.148,6.244,60.000
0.046,0.002,0.009,23.235,112014.352,1.178,60.000
0.056,0.001,0.012,21.573,108215.508,1.227,60.000
0.099,0.013,0.011,19.694,94092.383,4.923,60.000
0.048,0.009,0.012,21.079,163310.406,5.066,60.000
0.051,0.026,0.011,21.306,119068.992,5.729,60.000
0.047,0.000,0.004,21.864,-3409.570,-0.534,60.000
0.050,0.020,0.012,20.422,134341.531,5.894,60.000
0.048,0.008,0.010,21.912,124179.977,3.005,60.000
0.051,0.018,0.013,20.567,110568.430,6.937,60.000
0.052,0.001,0.012,27.762,79877.352,2.161,60.000
0.098,0.011,0.013,20.504,131710.188,4.209,60.000
0.052,0.014,0.012,21.037,110569.477,4.513,60.000
0.051,0.000,0.005,25.275,-18898.930,-0.027,60.000
0.050,0.001,0.015,26.338,127295.383,1.671,60.000
0.052,0.000,0.020,21.020,19441.266,-1.119,60.000
0.049,0.016,0.013,20.620,139119.531,6.086,60.000
0.047,0.001,0.013,24.371,112747.492,2.654,60.000
0.050,0.008,0.014,20.082,101027.289,4.015,60.000
0.048,0.001,0.011,23.339,89427.680,1.397,60.000
0.052,0.006,0.011,20.303,115033.680,3.977,60.000
0.051,0.016,0.014,21.504,128927.695,6.350,60.000
0.049,0.010,0.011,20.631,140792.750,4.490,60.000
0.048,0.002,0.007,23.421,96743.633,0.825,60.000
0.048,0.020,0.013,20.100,141323.875,6.095,60.000
0.047,0.001,0.016,21.391,162956.312,1.901,60.000
0.051,0.021,0.013,20.465,111096.992,6.075,60.000
0.049,0.022,0.014,20.821,141498.531,5.916,60.000
0.050,0.023,0.011,20.476,131544.344,6.582,60.000
0.044,0.001,0.019,18.835,121678.992,0.452,60.000
0.051,0.026,0.010,21.467,114857.180,5.594,60.000
0.046,0.001,0.012,29.500,9692.312,-0.408,60.000
0.048,0.001,0.001,21.276,61654.789,0.540,60.000
0.049,0.025,0.012,20.260,151675.156,6.229,60.000
0.052,0.001,0.019,21.891,105747.570,2.103,60.000
0.051,0.017,0.011,19.625,95058.102,6.161,60.000
0.049,0.018,0.014,19.572,146189.719,7.172,60.000
0.051,0.025,0.011,20.956,114699.633,5.947,60.000
0.047,0.001,0.007,26.921,24884.406,-0.015,60.000
0.050,0.001,0.004,21.223,106720.852,0.411,60.000
0.044,0.001,0.011,23.985,92784.727,0.219,60.000
0.056,0.000,0.010,26.069,11351.180,1.671,60.000
0.050,0.000,0.021,19.094,34892.070,-1.670,60.000
0.049,0.008,0.015,20.458,107183.758,3.467,60.000
0.050,0.018,0.012,19.424,119775.414,6.206,60.000
0.051,0.009,0.015,20.789,113755.914,3.136,60.000
0.001,0.013,0.012,19.677,65653.102,6.121,60.000
0.049,0.025,0.010,21.738,130745.039,6.085,60.000
0.099,0.012,0.011,19.711,112940.039,5.095,60.000
0.051,0.012,0.014,23.538,136991.844,3.705,60.000
0.054,0.000,0.013,31.462,53643.430,0.672,60.000
0.049,0.024,0.013,20.189,163669.875,5.664,60.000
0.050,0.000,0.011,32.729,2444.227,1.555,60.000
0.054,0.001,0.019,21.534,100983.039,1.447,60.000
0.043,0.001,0.019,19.271,114457.039,0.453,60.000
0.050,0.009,0.011,21.086,155820.312,4.581,60.000
0.058,0.001,0.018,21.967,65830.289,-0.439,60.000
0.048,0.000,0.012,31.077,-169.938,-0.663,60.000
0.049,0.007,0.010,20.936,154437.469,3.368,60.000
0.045,0.002,0.016,19.990,160800.844,1.536,60.000
0.050,0.000,0.009,29.715,-86997.617,-1.439,60.000
0.043,0.001,0.014,20.454,107712.367,1.082,60.000
0.049,0.010,0.012,20.490,136698.219,4.383,60.000
0.049,0.025,0.014,19.995,173019.406,5.744,60.000
0.048,0.002,0.012,23.757,113782.648,2.807,60.000
0.047,0.000,0.021,20.800,35142.414,0.332,60.000
0.045,0.001,0.013,26.346,98539.805,1.715,60.000
0.047,0.001,0.018,20.690,148365.125,1.412,60.000
0.051,0.000,0.002,25.748,-39955.176,-0.804,60.000
0.045,0.001,0.011,22.282,108627.633,0.567,60.000
0.041,0.000,0.011,26.781,-74498.297,1.749,60.000
0.054,0.001,0.014,26.401,94133.336,1.190,60.000
0.056,0.001,0.003,21.429,23691.875,-0.694,60.000
0.049,0.001,0.010,25.413,61020.836,1.470,60.000
0.045,0.000,0.014,30.543,41260.727,2.226,60.000
0.050,0.025,0.012,19.990,155468.375,5.952,60.000
0.045,0.001,0.015,25.751,87571.977,0.398,60.000
0.049,0.021,0.012,20.340,130455.180,5.986,60.000
0.049,0.018,0.013,19.678,131298.156,6.616,60.000
0.050,0.017,0.010,19.673,102412.383,5.927,60.000
0.049,0.014,0.014,21.314,161957.250,5.206,60.000
0.052,0.002,0.011,23.428,44111.492,2.946,60.000
0.058,0.001,0.011,18.780,135818.500,0.272,60.000
0.049,0.009,0.014,21.007,124329.445,4.043,60.000
0.047,0.002,0.017,20.963,159270.094,1.673,60.000
0.051,0.014,0.012,20.309,113997.273,4.781,60.000
0.042,0.001,0.006,20.975,80870.289,0.941,60.000
0.061,0.001,0.009,19.978,127227.039,0.337,60.000
0.052,0.018,0.012,20.254,96649.305,6.418,60.000
0.049,0.008,0.014,20.773,125668.258,4.431,60.000
0.052,0.006,0.012,20.845,107394.195,4.129,60.000
0.056,0.000,0.015,25.692,59709.305,1.988,60.000
0.049,0.020,0.013,20.027,139846.219,6.184,60.000
0.052,0.026,0.013,19.672,169894.719,5.507,60.000
0.050,0.000,0.007,27.873,-33089.773,0.940,60.000
0.055,0.001,0.004,22.248,-96092.609,-2.241,60.000
0.099,0.012,0.011,20.243,106750.992,5.087,60.000
0.052,0.000,0.014,33.262,56218.336,0.423,60.000
0.043,0.000,0.019,21.657,-66967.344,-2.268,60.000
0.059,0.001,0.017,21.298,106978.945,0.105,60.000
0.050,0.005,0.012,22.087,113982.883,4.435,60.000
0.048,0.011,0.013,21.082,146282.594,3.825,60.000
0.046,0.001,0.013,28.563,58951.555,1.079,60.000
0.050,0.001,0.007,23.763,104873.242,0.627,60.000
0.050,0.001,0.022,21.935,126753.383,1.752,60.000
0.046,0.001,0.010,26.997,9173.141,-1.422,60.000
0.049,0.001,0.004,20.998,113669.820,0.953,60.000
0.047,0.000,0.018,24.654,49983.383,-1.823,60.000
0.056,0.001,0.010,22.229,82251.711,0.462,60.000
0.050,0.022,0.014,20.442,131845.875,6.031,60.000
0.047,0.001,0.007,23.424,99031.867,0.557,60.000
0.050,0.008,0.010,20.554,131371.062,2.735,60.000
0.048,0.001,0.019,20.974,130754.398,1.391,60.000
0.047,0.001,0.020,21.235,129366.336,1.140,60.000
0.057,0.000,0.009,21.251,-79236.438,2.562,60.000
0.056,0.000,0.018,21.879,41385.367,0.706,60.000
0.051,0.007,0.011,21.308,155204.031,5.085,60.000
0.051,0.011,0.012,19.731,112493.305,3.988,60.000
0.041,0.000,0.009,22.054,-7984.312,-0.826,60.000
0.047,0.001,0.017,21.550,157119.094,1.793,60.000
0.040,0.001,0.011,21.161,69851.820,-0.414,60.000
0.049,0.001,0.004,21.347,105434.320,0.880,60.000
0.050,0.001,0.013,33.030,-15058.984,0.266,60.000
0.057,0.001,0.014,22.440,116618.383,0.318,60.000
0.049,0.000,0.015,27.063,75852.367,1.706,60.000
0.048,0.012,0.012,21.215,136327.250,4.267,60.000
0.048,0.010,0.012,20.563,152718.781,4.689,60.000
0.048,0.014,0.013,21.133,138416.250,5.299,60.000
0.051,0.015,0.014,21.914,144993.312,5.793,60.000
0.045,0.000,0.018,22.335,-33503.258,-0.408,60.000
0.051,0.014,0.011,20.552,75964.258,5.587,60.000
0.051,0.026,0.014,18.991,152587.906,4.578,60.000
0.053,0.000,0.013,34.419,25396.234,0.356,60.000
0.049,0.001,0.013,26.100,110766.289,2.669,60.000
0.056,0.001,0.011,20.973,107799.789,0.932,60.000
0.049,0.003,0.011,22.478,87259.602,2.159,60.000
0.047,0.002,0.007,22.658,93731.945,0.936,60.000
0.050,0.008,0.014,20.277,102260.070,3.684,60.000
0.051,0.014,0.013,22.046,125036.070,4.944,60.000
0.057,0.001,0.009,23.721,94144.883,0.264,60.000
0.050,0.009,0.013,20.044,122554.367,4.985,60.000
0.051,0.026,0.011,20.166,131277.031,5.802,60.000
0.050,0.024,0.013,20.111,161444.656,5.546,60.000
0.052,0.000,0.010,30.626,-30510.875,0.906,60.000
0.052,0.004,0.012,21.955,86725.664,3.441,60.000
0.051,0.024,0.012,19.726,147563.656,5.460,60.000
0.053,0.001,0.022,22.003,26962.773,0.116,60.000
0.050,0.020,0.014,19.961,136290.812,6.994,60.000
0.051,0.001,0.007,24.564,101034.961,0.639,60.000
0.049,0.018,0.012,19.765,130016.977,6.498,60.000
0.048,0.015,0.014,20.634,151777.625,5.834,60.000
0.051,0.006,0.013,21.435,90192.289,3.686,60.000
0.055,0.001,0.008,23.100,99439.133,0.336,60.000
0.052,0.004,0.013,21.714,85429.945,3.172,60.000
0.044,0.001,0.014,21.557,109906.852,1.216,60.000
0.050,0.019,0.014,19.966,138124.812,7.105,60.000
0.052,0.001,0.005,22.506,42955.273,-0.169,60.000
0.053,0.001,0.016,27.275,8733.961,0.085,60.000
0.047,0.000,0.014,30.402,27117.508,-0.019,60.000
0.047,0.000,0.013,29.348,59210.664,0.253,60.000
0.048,0.012,0.012,21.265,132896.594,4.449,60.000
0.051,0.021,0.012,19.892,120758.852,5.784,60.000
0.052,0.016,0.011,19.843,98915.133,5.970,60.000
0.049,0.002,0.013,24.049,103958.273,3.042,60.000
0.060,0.000,0.013,23.684,67351.133,0.938,60.000
0.048,0.010,0.012,20.517,147628.219,4.564,60.000
0.049,0.008,0.012,21.788,171941.344,5.575,60.000
0.049,0.012,0.011,20.924,91871.633,4.386,60.000
0.052,0.017,0.013,20.482,100781.461,6.607,60.000
0.045,0.000,0.018,22.333,10107.812,-0.448,60.000
0.051,0.026,0.013,19.730,175736.250,5.639,60.000
0.060,0.001,0.015,21.779,120766.336,-0.573,60.000
0.051,0.005,0.011,21.093,116619.414,3.803,60.000
0.048,0.002,0.011,22.488,89352.773,1.738,60.000
0.056,0.000,0.014,26.505,54955.133,0.990,60.000
0.042,0.000,0.014,24.992,9915.828,-1.926,60.000
0.050,0.009,0.015,20.816,112642.445,3.274,60.000
0.050,0.023,0.012,20.186,158412.438,5.672,60.000
0.050,0.012,0.013,21.617,152668.469,4.222,60.000
0.053,0.000,0.010,30.384,8631.883,-0.059,60.000
0.045,0.002,0.007,21.913,84502.430,0.636,60.000
0.058,0.001,0.015,22.334,117674.430,-0.170,60.000
0.053,0.001,0.007,23.959,94719.664,0.478,60.000
0.050,0.000,0.022,21.204,49389.414,0.385,60.000
0.050,0.019,0.012,20.139,129460.398,6.357,60.000
0.051,0.004,0.013,21.577,88558.352,2.993,60.000
0.050,0.006,0.012,22.039,145090.969,5.305,60.000
0.056,0.000,0.010,26.526,34263.492,-0.493,60.000
0.051,0.026,0.010,21.286,113328.555,5.524,60.000
0.055,0.002,0.015,21.761,88591.211,0.551,60.000
0.100,0.011,0.012,14.810,115521.727,3.884,60.000
0.045,0.000,0.008,27.749,-95428.812,-0.962,60.000
0.050,0.008,0.010,20.667,124285.680,2.831,60.000
0.049,0.009,0.010,21.636,113510.586,3.084,60.000
0.053,0.000,0.017,29.244,45152.055,-0.414,60.000
0.049,0.010,0.015,22.390,133916.688,3.656,60.000
0.046,0.001,0.020,20.343,128110.867,1.121,60.000
0.052,0.016,0.012,20.469,108490.102,5.945,60.000
0.058,0.001,0.019,18.711,102727.445,0.180,60.000
0.051,0.001,0.019,22.950,114347.367,2.063,60.000
0.052,0.001,0.022,20.946,120120.477,1.801,60.000
0.048,0.009,0.013,20.564,148175.719,4.727,60.000
0.055,0.000,0.020,21.094,38746.445,-0.345,60.000
0.055,0.000,0.017,24.275,-34917.664,-2.266,60.000
0.056,0.002,0.007,22.492,111024.086,0.069,60.000
0.049,0.012,0.012,20.661,128232.320,4.282,60.000
0.047,0.001,0.013,29.353,87826.430,1.732,60.000
0.051,0.019,0.012,19.970,118220.398,6.126,60.000
0.059,0.000,0.010,23.009,64868.352,-1.737,60.000
0.056,0.000,0.012,31.695,57824.430,0.010,60.000
0.050,0.024,0.012,20.077,159695.094,5.687,60.000
0.056,0.000,0.008,22.532,-13227.195,2.465,60.000
0.059,0.001,0.015,23.089,69597.352,-1.312,60.000
0.048,0.004,0.011,21.368,114603.977,2.657,60.000
0.052,0.005,0.011,21.314,75814.555,2.820,60.000
0.055,0.000,0.017,22.687,10867.086,-0.930,60.000
0.052,0.006,0.014,19.272,88140.930,2.260,60.000
0.099,0.011,0.012,19.810,128070.539,5.102,60.000
0.098,0.012,0.011,18.910,100817.352,4.799,60.000
0.050,0.005,0.010,21.089,103048.555,1.750,60.000
0.052,0.026,0.012,19.737,141125.344,5.656,60.000
0.054,0.000,0.009,26.642,-20247.359,0.790,60.000
0.052,0.005,0.012,21.241,87275.836,3.536,60.000
0.051,0.024,0.012,19.679,148640.406,5.409,60.000
0.099,0.012,0.011,19.054,111207.930,4.688,60.000
0.051,0.006,0.014,19.847,97024.961,2.399,60.000
0.097,0.014,0.012,19.267,104898.117,4.851,60.000
0.052,0.016,0.014,21.126,118052.070,6.242,60.000
0.042,0.000,0.017,21.682,-29383.070,-2.622,60.000
0.044,0.001,0.013,24.750,97201.492,1.243,60.000
0.051,0.005,0.014,20.905,91882.789,3.004,60.000
0.049,0.004,0.010,21.969,88071.836,1.775,60.000
0.049,0.013,0.011,21.054,101403.867,4.772,60.000
0.044,0.001,0.014,24.668,96422.164,0.791,60.000
0.050,0.017,0.011,19.874,116934.977,6.444,60.000
0.041,0.001,0.017,21.101,109179.852,-0.711,60.000
0.051,0.018,0.013,20.258,112167.195,6.704,60.000
0.001,0.012,0.011,18.842,24519.492,7.182,60.000
0.043,0.001,0.014,25.967,-2483.141,-1.725,60.000
0.049,0.021,0.011,20.183,126474.414,6.534,60.000
0.047,0.001,0.022,20.846,131053.289,1.319,60.000
0.051,0.000,0.003,18.943,44868.758,-0.980,60.000
0.050,0.023,0.010,20.492,117640.758,6.243,60.000
0.049,0.003,0.013,23.045,112145.961,3.162,60.000
0.051,0.018,0.012,19.617,119799.898,6.386,60.000
0.048,0.026,0.011,21.750,145328.406,6.849,60.000
0.051,0.001,0.003,20.083,117447.430,0.623,60.000
0.050,0.021,0.014,19.996,129530.430,6.464,60.000
0.051,0.014,0.010,19.954,77663.680,5.702,60.000
0.049,0.019,0.010,18.971,114289.320,6.123,60.000
0.048,0.009,0.011,21.461,142981.938,4.141,60.000
0.055,0.000,0.017,23.558,786.891,-1.327,60.000
0.051,0.004,0.012,21.992,102467.602,4.046,60.000
0.050,0.008,0.012,21.829,175265.562,5.648,60.000
0.055,0.001,0.013,23.530,102924.945,1.311,60.000
0.045,0.001,0.012,25.504,92622.742,1.322,60.000
0.056,0.002,0.011,21.186,89845.352,1.292,60.000
0.055,0.001,0.018,22.764,50034.617,-0.050,60.000
0.050,0.008,0.013,20.944,133044.188,5.056,60.000
0.049,0.012,0.010,21.040,75035.398,4.340,60.000
0.051,0.006,0.014,20.020,89051.102,2.473,60.000
0.051,0.003,0.013,23.892,90152.102,3.166,60.000
0.099,0.013,0.012,22.822,46203.023,3.789,60.000
0.049,0.008,0.012,21.219,168638.156,5.532,60.000
0.053,0.000,0.021,19.729,-32569.781,-1.521,60.000
0.058,0.001,0.010,20.448,113426.805,0.294,60.000
0.054,0.000,0.015,29.983,-19405.914,-0.486,60.000
0.051,0.022,0.010,19.697,104694.930,6.042,60.000
0.050,0.000,0.007,27.547,-12669.773,0.888,60.000
0.049,0.019,0.014,19.502,145202.500,7.005,60.000
0.050,0.018,0.010,18.863,106637.273,5.856,60.000
0.049,0.014,0.011,20.927,87118.820,5.750,60.000
0.050,0.026,0.013,20.120,182008.406,5.831,60.000
0.052,0.001,0.019,22.215,112114.117,2.012,60.000
0.050,0.011,0.014,22.549,145066.094,3.597,60.000
0.049,0.019,0.011,19.694,117604.508,6.385,60.000
0.049,0.025,0.010,21.540,128737.305,6.096,60.000
0.049,0.001,0.009,26.776,46016.461,0.095,60.000
0.049,0.009,0.013,20.948,147583.188,5.639,60.000
0.048,0.013,0.013,21.471,159602.219,4.180,60.000
0.001,0.011,0.012,19.903,46149.805,6.206,60.000
0.058,0.001,0.007,24.649,40480.539,0.047,60.000
0.052,0.003,0.012,23.620,89864.570,2.866,60.000
0.050,0.007,0.011,21.332,170248.969,4.516,60.000
0.049,0.000,0.011,31.849,-11759.695,1.039,60.000
0.049,0.007,0.013,21.753,150116.906,5.260,60.000
0.041,0.000,0.008,22.447,-16412.156,-0.898,60.000
0.050,0.021,0.012,20.000,127880.805,5.783,60.000
0.050,0.015,0.012,20.504,133169.062,5.873,60.000
0.048,0.005,0.010,22.957,94596.773,1.239,60.000
0.047,0.000,0.005,23.029,29413.070,-0.443,60.000
0.044,0.001,0.018,21.238,31659.648,-1.175,60.000
0.047,0.001,0.007,24.936,66254.695,0.493,60.000
0.041,0.001,0.011,21.680,78143.070,-0.439,60.000
0.050,0.005,0.012,21.747,121505.398,4.505,60.000
0.060,0.001,0.013,23.478,128013.977,-0.796,60.000
0.049,0.011,0.011,20.570,120181.805,4.066,60.000
0.049,0.001,0.017,25.223,39766.836,-0.157,60.000
0.042,0.001,0.008,22.975,91348.789,0.552,60.000
0.052,0.005,0.012,20.829,95736.836,3.666,60.000
0.001,0.012,0.011,19.258,12178.516,6.623,60.000
0.052,0.000,0.022,19.956,-27015.320,-1.030,60.000
0.049,0.010,0.010,21.566,89298.555,3.639,60.000
0.050,0.001,0.011,26.298,39902.867,1.891,60.000
0.048,0.010,0.013,20.721,159900.375,4.499,60.000
0.049,0.021,0.011,20.061,124320.617,6.278,60.000
0.041,0.001,0.006,20.755,94843.008,1.236,60.000
0.050,0.025,0.012,19.981,142241.250,6.055,60.000
0.048,0.002,0.011,22.908,83187.430,1.560,60.000
0.001,0.012,0.012,19.947,43582.180,6.502,60.000
0.050,0.019,0.012,19.964,128179.461,6.415,60.000
0.054,0.002,0.007,22.660,99252.445,0.337,60.000
0.052,0.000,0.016,27.247,49222.977,1.222,60.000
0.042,0.001,0.014,20.808,75396.695,-0.018,60.000
0.048,0.018,0.012,20.226,138712.219,6.315,60.000
0.049,0.024,0.010,21.351,136636.156,6.687,60.000
0.055,0.000,0.012,28.198,46517.883,2.185,60.000
0.050,0.025,0.012,20.139,143838.719,6.148,60.000
0.049,0.023,0.011,20.560,135056.188,6.620,60.000
0.047,0.002,0.010,22.969,106779.492,1.191,60.000
0.051,0.003,0.014,20.978,103600.117,2.430,60.000
0.050,0.010,0.012,20.298,129434.758,4.684,60.000
0.045,0.001,0.013,25.766,121430.883,2.002,60.000
0.051,0.020,0.012,20.111,120770.570,6.267,60.000
0.051,0.021,0.011,19.787,114552.898,5.966,60.000
0.045,0.000,0.016,23.615,53727.055,0.204,60.000
0.050,0.009,0.013,20.064,128467.039,5.055,60.000
0.049,0.027,0.013,17.318,105656.711,4.077,60.000
0.052,0.006,0.013,21.456,90566.852,3.673,60.000
0.002,0.013,0.011,18.659,45792.586,6.502,60.000
0.051,0.000,0.011,29.058,-8519.477,0.754,60.000
0.046,0.002,0.012,22.948,111610.352,1.524,60.000
0.048,0.023,0.013,20.605,157877.062,5.542,60.000
0.042,0.000,0.016,23.815,-22933.070,-0.377,60.000
0.001,0.012,0.013,20.144,59015.164,5.965,60.000
0.050,0.004,0.010,21.700,83488.789,1.578,60.000
0.049,0.023,0.010,20.645,126035.945,6.520,60.000
0.048,0.007,0.013,22.017,145959.906,4.141,60.000
0.048,0.021,0.014,20.467,140306.062,5.946,60.000
0.098,0.011,0.013,20.398,131833.094,4.524,60.000
0.041,0.001,0.011,24.047,2937.281,-2.081,60.000
0.048,0.013,0.014,21.980,159351.062,4.110,60.000
0.059,0.000,0.013,24.078,52577.477,1.980,60.000
0.058,0.001,0.015,25.475,51998.680,-1.316,60.000
0.044,0.001,0.015,20.814,116180.352,1.219,60.000
0.055,0.002,0.018,20.645,86353.320,0.747,60.000
0.001,0.012,0.013,21.546,48415.570,5.654,60.000
0.050,0.003,0.012,23.788,97555.711,3.396,60.000
0.058,0.001,0.013,21.936,120690.789,-0.093,60.000
0.050,0.015,0.012,20.387,139567.281,5.472,60.000
0.044,0.001,0.011,24.936,57993.508,-0.715,60.000
0.049,0.005,0.011,21.102,116671.242,2.236,60.000
0.049,0.001,0.016,23.149,146546.844,1.885,60.000
0.047,0.001,0.005,22.835,93817.227,0.682,60.000
0.050,0.011,0.011,20.025,125777.180,4.144,60.000
0.003,0.012,0.012,19.812,52987.930,5.944,60.000
0.097,0.011,0.012,19.679,128901.133,4.839,60.000
0.057,0.000,0.014,25.482,80214.180,1.051,60.000
0.049,0.001,0.018,22.323,137815.250,1.934,60.000
0.049,0.010,0.011,20.775,113330.648,4.049,60.000
0.056,0.001,0.008,22.929,108827.492,0.245,60.000
0.049,0.001,0.020,21.902,129268.523,1.621,60.000
0.049,0.009,0.015,21.122,115592.805,3.665,60.000
0.051,0.001,0.004,21.630,112398.805,0.585,60.000
0.056,0.001,0.011,26.163,46738.273,0.758,60.000
0.050,0.020,0.013,19.856,128721.695,6.644,60.000
0.052,0.005,0.011,20.377,113825.180,3.459,60.000
0.057,0.001,0.007,22.165,121144.367,0.183,60.000
0.051,0.003,0.014,22.062,104600.617,2.532,60.000
0.051,0.004,0.009,22.657,75453.383,0.901,60.000
0.002,0.013,0.010,17.597,32764.539,7.227,60.000
0.049,0.002,0.014,23.224,135998.781,2.350,60.000
0.050,0.014,0.011,20.834,92061.430,5.755,60.000
0.057,0.001,0.017,20.109,98378.930,0.267,60.000
0.048,0.006,0.010,21.689,116935.492,1.543,60.000
0.059,0.001,0.009,21.139,122724.055,0.199,60.000
0.059,0.000,0.012,25.789,31129.742,0.879,60.000
0.050,0.018,0.013,20.354,118517.633,6.945,60.000
0.048,0.001,0.015,26.708,138829.094,1.674,60.000
0.050,0.013,0.012,21.120,134317.812,4.460,60.000
0.050,0.016,0.012,19.889,130303.461,6.413,60.000
0.050,0.008,0.014,20.668,106707.320,4.010,60.000
0.045,0.001,0.014,23.064,125879.367,1.801,60.000
0.050,0.025,0.012,19.990,156393.562,5.992,60.000
0.049,0.008,0.013,21.404,150712.750,5.752,60.000
0.052,0.001,0.009,24.954,71684.367,0.562,60.000
0.051,0.006,0.013,21.938,96629.711,3.850,60.000
0.044,0.001,0.019,19.020,117835.383,0.619,60.000
0.051,0.024,0.013,20.224,156155.062,5.754,60.000
0.049,0.015,0.013,20.840,132936.906,5.758,60.000
0.059,0.001,0.007,23.026,117158.570,0.349,60.000
0.051,0.003,0.010,23.174,52037.039,2.084,60.000
0.045,0.001,0.016,20.013,156095.844,1.229,60.000
0.051,0.004,0.010,22.125,71196.133,1.180,60.000
0.050,0.019,0.012,19.670,125477.477,6.175,60.000
0.050,0.015,0.012,20.739,111731.711,5.758,60.000
0.053,0.002,0.007,23.207,96082.102,0.588,60.000
0.048,0.005,0.011,20.527,139736.344,2.240,60.000
0.051,0.015,0.013,21.680,126857.008,5.074,60.000
0.047,0.000,0.017,26.257,-54344.945,-2.387,60.000
0.055,0.000,0.010,28.291,5856.945,0.619,60.000
0.051,0.000,0.020,21.564,18865.938,-1.061,60.000
0.041,0.001,0.014,21.076,17149.828,-2.706,60.000
0.100,0.012,0.013,24.777,44758.258,4.970,60.000
0.044,0.001,0.019,19.224,125032.758,0.578,60.000
0.050,0.022,0.013,20.607,135783.281,5.789,60.000
0.050,0.011,0.010,20.829,69135.398,3.917,60.000
0.048,0.021,0.012,20.497,131443.219,6.023,60.000
0.050,0.016,0.014,21.373,146319.438,6.096,60.000
0.043,0.001,0.013,20.964,97798.164,0.273,60.000
0.058,0.001,0.018,21.719,86554.695,-0.213,60.000
0.052,0.023,0.012,19.873,126322.289,5.329,60.000
0.059,0.001,0.017,23.681,43095.711,-1.348,60.000
0.051,0.006,0.011,19.853,136730.875,3.928,60.000
0.058,0.000,0.012,26.420,37905.414,1.015,60.000
0.055,0.001,0.021,19.776,114686.898,1.503,60.000
0.049,0.018,0.010,19.721,126666.758,6.617,60.000
0.050,0.001,0.023,22.019,126861.445,1.840,60.000
0.051,0.007,0.014,20.760,90388.992,3.144,60.000
0.049,0.026,0.011,21.787,133437.906,6.191,60.000
0.048,0.000,0.018,24.139,-22395.398,-1.510,60.000
0.043,0.000,0.015,23.749,62948.430,-0.127,60.000
0.051,0.001,0.019,23.802,64994.477,1.322,60.000
0.052,0.002,0.012,23.727,82987.852,2.677,60.000
0.058,0.001,0.013,21.745,122021.773,0.136,60.000
0.050,0.000,0.002,19.911,18723.102,-1.175,60.000
0.057,0.001,0.017,21.727,100973.352,0.563,60.000
0.050,0.010,0.010,20.641,79671.680,3.722,60.000
0.042,0.000,0.010,23.352,28438.242,-1.057,60.000
0.051,0.011,0.013,21.019,117316.445,3.837,60.000
0.050,0.000,0.018,25.607,27520.805,-1.897,60.000
0.050,0.014,0.012,20.601,125239.055,5.051,60.000
0.051,0.022,0.011,19.551,100253.195,5.867,60.000
0.099,0.011,0.013,22.426,109620.602,4.120,60.000
0.097,0.013,0.012,19.257,103846.367,5.182,60.000
0.048,0.024,0.013,20.319,163961.969,5.496,60.000
0.048,0.015,0.013,21.023,129725.414,5.660,60.000
0.048,0.017,0.011,20.269,133870.188,6.564,60.000
0.049,0.006,0.013,21.879,116682.289,3.839,60.000
0.050,0.015,0.013,20.785,141570.438,5.337,60.000
0.050,0.004,0.013,22.543,94949.977,3.476,60.000
0.051,0.022,0.011,20.022,122124.836,6.105,60.000
0.048,0.017,0.014,20.122,140944.281,6.610,60.000
0.050,0.022,0.011,19.984,126985.320,6.074,60.000
0.050,0.017,0.010,19.535,106716.883,5.847,60.000
0.043,0.001,0.013,24.736,41929.742,-0.979,60.000
0.055,0.000,0.016,26.236,29343.883,0.036,60.000
0.051,0.005,0.012,21.451,110657.773,4.174,60.000
0.047,0.002,0.011,22.884,100755.805,1.424,60.000
0.048,0.000,0.009,28.392,-37405.367,-1.494,60.000
0.050,0.020,0.010,18.885,100131.539,6.163,60.000
0.052,0.000,0.010,34.189,30057.492,1.877,60.000
0.049,0.009,0.011,21.330,164646.938,4.893,60.000
0.049,0.001,0.022,21.741,126451.055,1.577,60.000
0.049,0.016,0.011,20.343,120769.148,6.508,60.000
0.045,0.001,0.017,19.824,158272.188,1.458,60.000
0.052,0.013,0.011,19.751,84205.633,4.012,60.000
0.051,0.016,0.012,20.075,109723.008,6.104,60.000
0.050,0.025,0.011,21.006,117534.055,6.042,60.000
0.050,0.007,0.012,22.328,155041.938,5.440,60.000
0.049,0.007,0.013,21.384,135526.219,4.794,60.000
0.058,0.001,0.019,23.279,11162.938,-1.850,60.000
0.051,0.002,0.007,23.272,101236.539,0.492,60.000
0.043,0.001,0.016,18.498,133267.500,0.228,60.000
0.044,0.001,0.009,23.909,103044.680,0.600,60.000
0.097,0.012,0.012,19.985,124539.352,4.679,60.000
0.051,0.008,0.011,21.091,166742.656,4.913,60.000
0.046,0.001,0.012,26.456,74713.023,1.297,60.000
0.050,0.020,0.012,20.487,134518.344,6.226,60.000
0.050,0.008,0.014,20.665,108670.102,4.396,60.000
0.050,0.004,0.012,22.351,107304.664,3.494,60.000
0.052,0.000,0.001,18.701,32862.711,-1.230,60.000
0.003,0.012,0.011,18.724,39243.836,6.516,60.000
0.052,0.009,0.013,19.438,73878.727,3.276,60.000
0.052,0.000,0.019,21.733,-11440.953,-2.300,60.000
0.053,0.000,0.006,22.376,14529.078,-0.802,60.000
0.053,0.001,0.021,21.479,114053.305,1.836,60.000
0.049,0.007,0.010,21.370,149538.688,3.120,60.000
0.045,0.001,0.021,21.619,39995.680,-0.112,60.000
0.053,0.002,0.018,22.193,96716.836,1.941,60.000
0.100,0.013,0.011,24.758,-66885.023,7.148,60.000
0.048,0.010,0.014,22.028,150519.969,4.064,60.000
0.051,0.009,0.012,20.728,133303.562,5.028,60.000
0.050,0.023,0.011,20.470,124906.898,6.436,60.000
0.047,0.001,0.013,26.961,128600.492,2.428,60.000
0.054,0.002,0.012,22.965,68257.867,2.269,60.000
0.051,0.001,0.001,21.773,-2064.742,-0.680,60.000
0.051,0.009,0.014,20.250,102138.742,3.322,60.000
0.050,0.019,0.013,20.074,132629.406,7.103,60.000
0.097,0.010,0.012,19.679,129262.570,4.901,60.000
0.046,0.001,0.011,22.696,108617.586,1.136,60.000
0.043,0.000,0.004,21.849,13196.969,0.080,60.000
0.049,0.002,0.014,22.378,134204.281,2.510,60.000
0.051,0.013,0.011,19.559,83204.164,4.097,60.000
0.055,0.002,0.010,23.161,68045.617,0.366,60.000
0.051,0.024,0.014,20.203,135896.969,5.985,60.000
0.048,0.003,0.011,21.680,105861.711,1.742,60.000
0.049,0.018,0.010,19.607,127056.211,6.622,60.000
0.049,0.015,0.014,21.105,162921.312,5.732,60.000
0.042,0.001,0.014,21.941,74747.430,0.077,60.000
0.048,0.001,0.020,22.576,68368.414,0.756,60.000
0.049,0.026,0.013,19.290,158040.969,5.140,60.000
0.048,0.006,0.010,21.128,120939.086,1.692,60.000
0.049,0.011,0.012,20.179,150285.625,4.388,60.000
0.052,0.009,0.014,19.582,85266.023,3.238,60.000
0.048,0.004,0.011,21.449,108658.727,1.679,60.000
0.049,0.000,0.004,25.915,-35538.555,-0.147,60.000
0.048,0.001,0.018,21.214,137198.344,1.598,60.000
0.054,0.001,0.005,24.276,-4633.242,-0.846,60.000
0.050,0.024,0.013,20.029,163683.531,5.485,60.000
0.051,0.007,0.012,21.870,140753.438,5.439,60.000
0.046,0.001,0.010,28.662,20377.094,-0.675,60.000
0.052,0.022,0.013,20.490,116581.742,5.934,60.000
0.051,0.026,0.011,20.364,126930.977,5.773,60.000
0.057,0.001,0.012,20.173,134919.656,0.522,60.000
0.052,0.001,0.007,25.638,6038.531,-0.720,60.000
0.040,0.001,0.010,23.781,22644.602,-0.591,60.000
0.051,0.006,0.015,19.642,97255.336,2.242,60.000
0.047,0.001,0.003,21.737,18629.867,0.692,60.000
0.041,0.001,0.018,18.526,105085.102,0.107,60.000
0.052,0.001,0.021,21.461,110769.195,2.023,60.000
0.051,0.014,0.014,23.196,151739.094,5.081,60.000
0.001,0.012,0.013,20.083,60938.773,5.930,60.000
0.043,0.001,0.004,20.692,89768.383,1.172,60.000
0.051,0.017,0.014,20.793,131607.344,6.707,60.000
0.051,0.025,0.011,20.693,113996.742,5.730,60.000
0.045,0.001,0.004,21.832,84694.977,0.928,60.000
0.051,0.000,0.016,27.515,-21597.039,-0.732,60.000
0.050,0.014,0.012,20.579,148227.844,5.170,60.000
0.049,0.003,0.014,22.047,116010.336,2.571,60.000
0.051,0.025,0.012,19.536,155536.438,5.610,60.000
0.043,0.001,0.012,22.035,105514.445,0.029,60.000
0.002,0.011,0.012,19.288,34227.398,6.387,60.000
0.051,0.001,0.013,29.913,48740.352,1.717,60.000
0.048,0.022,0.011,20.989,134508.719,6.886,60.000
0.050,0.020,0.011,19.204,106221.055,6.100,60.000
0.045,0.000,0.004,22.823,25492.641,-0.152,60.000
0.052,0.016,0.011,19.485,94656.523,6.072,60.000
0.051,0.007,0.011,20.846,161415.938,4.675,60.000
0.041,0.001,0.017,18.702,90877.477,-0.552,60.000
0.048,0.016,0.011,20.531,123148.461,6.463,60.000
0.051,0.001,0.017,28.267,13181.070,0.019,60.000
0.099,0.013,0.012,19.853,114811.836,5.480,60.000
0.058,0.001,0.018,23.135,8592.898,-1.680,60.000
0.057,0.001,0.012,26.272,3101.164,-0.139,60.000
0.049,0.010,0.012,20.364,140921.844,4.778,60.000
0.056,0.001,0.007,24.487,51615.820,-0.105,60.000
0.059,0.000,0.015,22.357,89192.977,3.083,60.000
0.056,0.001,0.016,21.288,96488.148,0.454,60.000
0.050,0.008,0.010,20.474,136601.969,3.185,60.000
0.052,0.023,0.013,19.939,130945.586,5.338,60.000
0.048,0.010,0.013,20.670,149700.844,4.338,60.000
0.001,0.012,0.012,19.695,47321.852,6.414,60.000
0.057,0.000,0.011,25.459,20110.469,0.800,60.000
0.049,0.023,0.012,20.410,154585.250,5.657,60.000
0.041,0.001,0.013,22.310,20048.352,-2.422,60.000
0.051,0.026,0.010,21.335,115673.586,5.541,60.000
0.051,0.003,0.012,23.147,82499.820,3.364,60.000
0.044,0.001,0.005,22.215,83106.461,1.071,60.000
0.046,0.001,0.004,21.342,93283.758,0.706,60.000
0.052,0.019,0.013,20.261,98192.539,6.354,60.000
0.100,0.013,0.011,16.809,-44156.391,9.910,60.000
0.055,0.001,0.022,21.065,51350.805,0.355,60.000
0.048,0.002,0.010,23.261,89062.977,1.256,60.000
0.054,0.000,0.005,23.019,12160.086,0.122,60.000
0.049,0.001,0.007,23.583,103378.867,0.910,60.000
0.052,0.003,0.013,21.989,84542.586,2.591,60.000
0.057,0.001,0.006,19.808,130623.086,-0.322,60.000
0.045,0.001,0.017,20.650,150402.625,1.218,60.000
0.054,0.001,0.006,21.845,102555.023,0.138,60.000
0.057,0.000,0.010,25.598,33113.367,0.444,60.000
0.048,0.019,0.012,20.425,139148.969,6.093,60.000
0.048,0.016,0.011,20.670,118796.445,6.338,60.000
0.052,0.026,0.013,20.149,175746.344,5.357,60.000
0.043,0.002,0.008,22.016,98546.617,0.666,60.000
0.055,0.000,0.014,28.970,13417.234,0.738,60.000
0.048,0.000,0.014,34.302,46795.180,3.079,60.000
0.052,0.020,0.012,19.755,103573.617,5.692,60.000
0.049,0.015,0.013,20.904,137750.562,5.617,60.000
0.046,0.002,0.009,22.653,102978.461,0.747,60.000
0.050,0.021,0.010,19.236,101867.383,6.299,60.000
0.045,0.002,0.009,22.913,114126.570,0.978,60.000
0.051,0.011,0.013,21.491,128522.805,4.141,60.000
0.049,0.019,0.013,19.519,134581.000,6.601,60.000
0.051,0.010,0.012,20.388,124254.055,4.887,60.000
0.051,0.015,0.011,20.404,102401.742,6.100,60.000
0.052,0.008,0.013,20.565,94637.008,4.215,60.000
0.048,0.014,0.012,21.174,107794.523,5.253,60.000
0.051,0.027,0.011,20.229,116905.930,5.309,60.000
0.045,0.001,0.009,27.237,68218.711,0.301,60.000
0.057,0.001,0.012,23.236,124389.383,0.624,60.000
0.053,0.000,0.011,32.818,-7888.242,0.716,60.000
0.050,0.005,0.014,20.892,103033.414,2.661,60.000
0.050,0.002,0.007,23.905,102235.586,0.670,60.000
0.053,0.000,0.014,33.273,-4450.711,-0.793,60.000
0.052,0.001,0.004,20.805,113138.070,0.269,60.000
0.050,0.026,0.010,21.646,120223.836,5.705,60.000
0.058,0.001,0.018,19.927,103310.227,0.137,60.000
0.051,0.001,0.011,28.098,7591.891,1.535,60.000
0.051,0.010,0.013,20.525,107529.789,5.007,60.000
0.057,0.001,0.005,19.813,132080.250,-0.198,60.000
0.049,0.002,0.019,22.160,127662.039,1.937,60.000
0.054,0.000,0.015,31.184,21241.203,-0.155,60.000
0.051,0.012,0.013,22.047,132397.875,3.989,60.000
0.044,0.001,0.014,22.583,117778.305,1.466,60.000
0.051,0.007,0.010,19.371,127869.039,1.886,60.000
0.050,0.001,0.010,28.162,-2985.461,0.160,60.000
0.049,0.013,0.012,21.072,146684.875,4.632,60.000
0.051,0.016,0.011,20.066,103149.273,6.399,60.000
0.052,0.009,0.010,18.859,107935.305,3.142,60.000
0.052,0.002,0.007,23.987,91406.211,0.661,60.000
0.048,0.001,0.003,20.283,21332.617,0.322,60.000
0.044,0.001,0.004,21.724,27941.430,1.043,60.000
0.052,0.015,0.012,20.311,106655.758,4.474,60.000
0.050,0.009,0.011,20.353,132254.531,4.002,60.000
0.051,0.001,0.004,22.810,33635.039,-0.127,60.000
0.053,0.002,0.012,23.203,62834.320,2.368,60.000
0.049,0.001,0.015,25.726,139225.031,1.754,60.000
0.043,0.001,0.007,23.202,11178.578,0.318,60.000
0.049,0.004,0.012,22.001,118882.180,3.173,60.000
0.051,0.007,0.011,20.825,159379.344,4.523,60.000
0.052,0.001,0.016,24.638,106772.914,1.570,60.000
0.051,0.019,0.012,19.506,113711.133,6.063,60.000
0.055,0.000,0.016,26.436,-1015.578,-0.062,60.000
0.054,0.000,0.007,23.394,24810.578,-0.506,60.000
0.050,0.020,0.013,19.990,124525.023,6.536,60.000
0.050,0.016,0.013,20.689,124588.398,6.751,60.000
0.051,0.000,0.005,24.440,48620.102,0.195,60.000
0.048,0.026,0.011,21.633,146858.469,6.928,60.000
0.048,0.001,0.022,20.946,135674.844,1.519,60.000
0.051,0.012,0.010,19.330,86125.555,4.109,60.000
0.057,0.001,0.006,20.954,121990.945,-0.243,60.000
0.053,0.001,0.011,29.707,-21092.555,1.111,60.000
0.051,0.003,0.011,23.305,59985.430,2.918,60.000
0.050,0.006,0.013,21.692,102987.961,3.314,60.000
0.043,0.001,0.016,18.842,111476.945,-0.089,60.000
0.048,0.027,0.014,19.761,167300.500,8.208,60.000
0.042,0.001,0.018,19.736,116355.070,-0.138,60.000
0.055,0.001,0.003,18.805,131869.094,-0.013,60.000
0.049,0.010,0.011,20.690,131449.500,4.004,60.000
0.048,0.018,0.012,19.848,134381.250,6.252,60.000
0.044,0.001,0.020,20.955,64085.086,0.085,60.000
0.044,0.002,0.009,22.634,116156.070,0.437,60.000
0.049,0.010,0.011,20.379,125363.758,4.276,60.000
0.049,0.001,0.010,25.379,59375.836,1.301,60.000
0.050,0.010,0.012,20.662,138876.625,5.203,60.000
0.050,0.014,0.010,20.837,83350.008,5.483,60.000
0.050,0.001,0.020,24.234,16300.516,0.054,60.000
0.042,0.000,0.012,28.129,-75204.188,1.372,60.000
0.049,0.001,0.004,22.150,108679.367,0.882,60.000
0.056,0.001,0.020,20.005,106391.805,0.879,60.000
0.051,0.001,0.010,28.247,-14669.305,0.733,60.000
0.049,0.010,0.012,20.614,151874.656,5.085,60.000
0.040,0.001,0.014,19.343,45324.695,-1.566,60.000
0.049,0.006,0.012,22.313,134328.875,4.967,60.000
0.050,0.022,0.014,20.470,135696.406,6.132,60.000
0.044,0.001,0.017,18.853,132728.344,0.229,60.000
0.051,0.012,0.014,22.188,139448.188,4.008,60.000
0.098,0.012,0.012,19.473,124384.523,5.141,60.000
0.048,0.008,0.011,21.599,155698.375,4.439,60.000
0.047,0.001,0.011,24.070,95620.211,1.121,60.000
0.050,0.022,0.011,19.941,126490.430,6.011,60.000
0.057,0.001,0.018,21.424,78175.055,-0.015,60.000
0.052,0.010,0.011,18.727,104818.133,3.414,60.000
0.046,0.001,0.018,22.981,62941.023,-0.183,60.000
0.053,0.000,0.011,32.002,-7389.688,0.720,60.000
0.048,0.007,0.014,21.252,117218.570,3.337,60.000
0.051,0.013,0.012,21.446,138797.594,4.604,60.000
0.049,0.025,0.010,21.639,133435.094,6.388,60.000
0.045,0.002,0.013,22.780,114426.180,1.461,60.000
0.057,0.000,0.004,20.502,105932.992,0.106,60.000
0.048,0.007,0.011,21.474,158326.406,3.071,60.000
0.044,0.000,0.017,23.632,9568.188,-0.357,60.000
0.039,0.000,0.010,21.482,-35971.836,-1.711,60.000
0.050,0.023,0.013,20.141,158009.562,5.499,60.000
0.042,0.001,0.012,20.945,95883.398,-0.573,60.000
0.098,0.010,0.012,19.818,129810.883,4.939,60.000
0.048,0.012,0.010,21.449,94474.820,4.285,60.000
0.051,0.001,0.014,31.842,-20070.469,0.140,60.000
0.055,0.001,0.006,21.244,113203.727,0.144,60.000
0.046,0.001,0.006,24.372,16256.352,0.274,60.000
0.001,0.012,0.012,19.873,48733.508,6.457,60.000
0.058,0.000,0.011,23.511,66601.273,1.488,60.000
0.050,0.001,0.005,22.082,111716.133,0.521,60.000
0.043,0.001,0.013,21.861,91682.211,0.807,60.000
0.051,0.007,0.013,20.788,99719.367,4.090,60.000
0.050,0.001,0.015,23.357,137491.906,1.829,60.000
0.057,0.001,0.016,24.447,21342.977,-0.954,60.000
0.097,0.013,0.012,19.698,109176.773,4.923,60.000
0.050,0.019,0.012,20.092,128302.305,6.404,60.000
0.054,0.000,0.011,28.866,-11047.312,0.783,60.000
0.045,0.001,0.005,23.299,59121.289,0.843,60.000
0.054,0.001,0.019,21.590,102339.852,1.665,60.000
0.051,0.016,0.011,19.921,106026.273,6.468,60.000
0.050,0.000,0.012,29.220,22430.656,0.677,60.000
0.058,0.001,0.016,22.686,89914.445,-0.288,60.000
0.056,0.001,0.020,19.535,103335.227,1.198,60.000
0.049,0.022,0.012,20.129,137302.812,6.050,60.000
0.048,0.023,0.013,20.465,159002.344,5.409,60.000
0.053,0.000,0.013,33.836,70700.961,1.451,60.000
0.098,0.012,0.013,20.673,121321.133,4.303,60.000
0.052,0.017,0.012,19.982,102365.945,6.271,60.000
0.052,0.014,0.012,20.213,106046.086,4.439,60.000
0.052,0.009,0.013,19.661,78039.211,3.382,60.000
0.050,0.002,0.015,22.924,137234.094,1.934,60.000
0.045,0.000,0.022,20.939,39072.789,-0.247,60.000
0.055,0.001,0.016,22.553,98359.008,0.699,60.000
0.055,0.000,0.005,21.214,11515.484,-1.417,60.000
0.049,0.007,0.010,20.872,145187.875,2.674,60.000
0.051,0.018,0.014,20.113,138555.562,7.255,60.000
0.043,0.001,0.006,21.157,75242.727,0.435,60.000
0.051,0.026,0.011,20.254,124659.680,5.816,60.000
0.050,0.015,0.011,20.553,106510.445,6.094,60.000
0.050,0.024,0.013,20.329,163535.156,5.604,60.000
0.049,0.001,0.020,21.489,123619.539,1.659,60.000
0.049,0.002,0.014,23.295,122743.398,2.560,60.000
0.049,0.005,0.009,22.966,96348.227,1.197,60.000
0.049,0.000,0.014,31.836,-25774.562,-0.390,60.000
0.045,0.001,0.006,23.827,48228.727,0.581,60.000
0.053,0.002,0.017,22.194,87898.977,1.509,60.000
0.053,0.001,0.020,21.073,105760.602,1.886,60.000
0.058,0.001,0.019,21.754,19450.727,-1.396,60.000
0.053,0.000,0.017,29.270,-12934.055,-1.757,60.000
0.049,0.013,0.011,21.121,107776.961,4.701,60.000
0.001,0.013,0.013,19.923,65762.227,5.830,60.000
0.049,0.011,0.012,20.440,146188.875,4.309,60.000
0.047,0.001,0.010,23.419,95516.680,1.283,60.000
0.049,0.001,0.018,22.158,132571.719,1.873,60.000
0.045,0.002,0.012,22.615,111924.648,0.945,60.000
0.049,0.025,0.010,21.774,134595.594,6.293,60.000
0.048,0.000,0.021,21.654,-61912.746,-0.552,60.000
0.052,0.000,0.021,19.013,11589.195,-2.021,60.000
0.051,0.006,0.011,21.281,141353.719,4.642,60.000
0.052,0.009,0.013,19.793,93210.883,4.019,60.000
0.050,0.000,0.012,33.371,56245.352,2.024,60.000
0.041,0.001,0.011,25.599,-28076.125,-2.129,60.000
0.048,0.007,0.013,21.279,133048.312,3.926,60.000
0.051,0.012,0.011,20.119,106703.586,3.743,60.000
0.048,0.000,0.011,29.646,-11897.422,-1.171,60.000
0.053,0.002,0.013,23.823,86622.398,1.529,60.000
0.061,0.001,0.010,22.869,34594.852,-0.161,60.000
0.057,0.001,0.004,18.731,134002.969,0.041,60.000
0.043,0.001,0.004,21.800,54278.820,1.501,60.000
0.049,0.005,0.011,20.737,123885.523,2.997,60.000
0.051,0.014,0.010,20.063,64086.508,5.468,60.000
0.043,0.000,0.008,23.538,-21636.461,-0.845,60.000
0.052,0.024,0.013,19.653,146666.156,5.259,60.000
0.046,0.000,0.007,25.837,-31831.719,-1.065,60.000
0.050,0.005,0.015,20.025,105164.789,2.434,60.000
0.049,0.023,0.011,20.624,135060.906,6.486,60.000
0.046,0.000,0.021,21.517,100.820,-1.038,60.000
0.052,0.003,0.011,22.625,58165.477,2.999,60.000
0.001,0.013,0.012,20.826,18309.820,5.298,60.000
0.044,0.000,0.008,24.657,-75638.133,-2.620,60.000
0.051,0.026,0.010,21.341,114588.633,5.742,60.000
0.047,0.000,0.022,21.371,44513.883,0.288,60.000
0.097,0.013,0.013,20.057,110913.086,4.061,60.000
0.050,0.026,0.013,19.760,172579.844,5.694,60.000
0.049,0.002,0.010,23.539,72302.352,1.314,60.000
0.050,0.027,0.011,21.234,101887.820,5.035,60.000
0.052,0.003,0.011,22.925,56820.242,2.932,60.000
0.051,0.022,0.013,20.506,126616.508,5.794,60.000
0.047,0.001,0.013,25.237,135588.906,2.521,60.000
0.045,0.001,0.018,19.061,134822.188,0.828,60.000
0.044,0.001,0.017,19.547,128739.586,-0.022,60.000
0.053,0.001,0.013,26.498,95886.539,2.156,60.000
0.049,0.011,0.011,20.747,102728.570,4.168,60.000
0.001,0.011,0.013,21.667,27404.102,5.366,60.000
0.051,0.018,0.014,20.205,132951.000,7.335,60.000
0.053,0.002,0.011,23.229,47290.617,2.491,60.000
0.052,0.004,0.013,21.314,88116.977,2.471,60.000
0.049,0.006,0.012,22.421,126552.680,4.197,60.000
0.048,0.001,0.007,23.030,101587.320,0.664,60.000
0.051,0.000,0.004,24.069,-51962.098,-0.990,60.000
0.050,0.018,0.010,19.203,110337.852,5.976,60.000
0.058,0.000,0.015,26.321,44289.789,1.180,60.000
0.051,0.008,0.012,21.936,161536.594,5.866,60.000
0.055,0.001,0.018,24.940,-1845.602,-1.091,60.000
0.050,0.015,0.014,22.189,159291.750,5.677,60.000
0.051,0.005,0.010,20.520,98378.070,1.680,60.000
0.048,0.007,0.012,22.091,155977.062,4.658,60.000
0.058,0.001,0.012,23.629,15814.500,-0.169,60.000
0.052,0.005,0.011,20.722,93816.852,2.910,60.000
0.046,0.001,0.021,21.578,69712.930,0.310,60.000
0.002,0.011,0.012,19.693,41133.914,6.275,60.000
0.054,0.000,0.014,29.149,26932.930,0.898,60.000
0.049,0.012,0.012,21.045,126266.523,4.497,60.000
0.059,0.001,0.007,20.831,126466.039,0.032,60.000
0.048,0.000,0.014,31.258,21210.820,0.136,60.000
0.054,0.000,0.010,28.701,-3793.211,0.381,60.000
0.049,0.015,0.013,20.997,125457.836,5.874,60.000
0.051,0.010,0.011,19.249,118275.914,3.811,60.000
0.050,0.014,0.012,20.644,137621.000,5.042,60.000
0.043,0.001,0.005,21.114,81849.008,1.364,60.000
0.051,0.007,0.014,20.213,88267.055,2.638,60.000
0.052,0.001,0.013,30.712,37262.367,1.402,60.000
0.049,0.002,0.011,22.582,81543.602,2.070,60.000
0.051,0.003,0.010,22.721,61378.070,1.497,60.000
0.050,0.016,0.014,21.274,144765.531,6.302,60.000
0.048,0.023,0.012,20.688,142105.156,6.477,60.000
0.050,0.003,0.011,22.629,64771.992,2.357,60.000
0.059,0.001,0.013,24.269,92047.508,-0.567,60.000
0.051,0.023,0.010,19.835,104025.555,6.106,60.000
0.050,0.002,0.007,23.705,97107.023,0.571,60.000
0.048,0.013,0.013,21.139,151932.188,4.170,60.000
0.049,0.021,0.013,20.829,141058.156,5.979,60.000
0.098,0.011,0.013,20.785,135674.594,4.111,60.000
0.050,0.000,0.005,23.560,-19762.484,0.073,60.000
0.049,0.021,0.012,20.398,140426.406,5.848,60.000
0.098,0.014,0.012,19.495,97776.555,5.361,60.000
0.050,0.011,0.013,20.630,149295.844,4.394,60.000
0.043,0.001,0.015,20.976,118357.477,0.686,60.000
0.058,0.000,0.009,22.502,50812.711,-1.544,60.000
0.048,0.015,0.013,21.101,131545.344,5.622,60.000
0.048,0.003,0.012,22.315,118298.492,3.227,60.000
0.053,0.000,0.016,29.428,5305.070,-1.181,60.000
0.053,0.001,0.007,25.149,96267.289,0.611,60.000
0.048,0.025,0.011,21.381,142898.281,6.975,60.000
0.049,0.013,0.011,21.137,82126.617,4.605,60.000
0.048,0.015,0.013,21.063,129224.039,5.668,60.000
0.050,0.003,0.010,23.226,67325.336,1.149,60.000
0.043,0.000,0.011,22.914,67799.398,-0.391,60.000
0.051,0.024,0.010,20.622,110519.445,5.613,60.000
0.049,0.018,0.011,20.083,135553.875,6.481,60.000
0.056,0.001,0.014,22.745,113207.492,0.357,60.000
0.056,0.001,0.019,22.489,104560.961,0.748,60.000
0.051,0.006,0.012,21.708,126292.758,4.881,60.000
0.050,0.000,0.003,23.165,-27294.977,-0.361,60.000
0.046,0.000,0.020,19.943,2222.242,-0.916,60.000
0.055,0.001,0.006,21.890,106428.586,0.060,60.000
0.051,0.018,0.014,20.136,138290.812,7.318,60.000
0.051,0.008,0.009,19.963,134689.219,2.352,60.000
0.050,0.017,0.013,20.263,120208.164,6.872,60.000
0.056,0.001,0.007,22.611,112286.180,0.178,60.000
0.000,0.013,0.012,20.144,8476.875,11.125,60.000
0.048,0.002,0.012,23.048,93973.711,2.047,60.000
0.051,0.013,0.011,20.274,98024.898,4.586,60.000
0.051,0.018,0.013,20.687,112672.477,7.080,60.000
0.049,0.027,0.014,17.618,99653.180,1.828,60.000
0.052,0.001,0.014,24.573,93085.102,1.526,60.000
0.050,0.004,0.014,21.379,105698.586,2.557,60.000
0.048,0.002,0.014,24.238,135743.062,2.728,60.000
0.097,0.012,0.012,19.634,122857.648,4.866,60.000
0.050,0.015,0.014,21.816,152723.688,5.785,60.000
0.051,0.009,0.012,20.963,120119.477,5.303,60.000
0.048,0.005,0.012,21.522,136182.906,3.360,60.000
0.052,0.014,0.013,22.596,121040.977,4.705,60.000
0.052,0.002,0.009,24.820,60549.227,0.771,60.000
0.046,0.000,0.003,21.639,11114.414,0.820,60.000
0.061,0.001,0.010,18.975,131492.469,0.054,60.000
0.049,0.019,0.013,20.106,136308.594,6.328,60.000
0.043,0.001,0.006,22.663,14630.734,0.546,60.000
0.044,0.000,0.003,22.296,9210.086,-0.526,60.000
0.052,0.024,0.012,19.642,133592.781,5.359,60.000
0.049,0.002,0.018,22.020,132918.062,1.843,60.000
0.052,0.000,0.023,19.833,-8092.234,-0.719,60.000
0.050,0.013,0.014,22.792,151832.781,4.775,60.000
0.052,0.014,0.013,21.641,125018.039,4.704,60.000
0.049,0.001,0.018,25.844,54421.023,0.610,60.000
0.051,0.001,0.022,21.748,123668.273,1.800,60.000
0.047,0.000,0.007,25.404,-20182.445,0.211,60.000
0.049,0.016,0.013,19.794,136001.656,6.313,60.000
0.051,0.016,0.013,20.640,107020.164,6.440,60.000
0.048,0.012,0.013,21.168,152852.875,3.869,60.000
0.054,0.000,0.019,22.399,89297.070,2.267,60.000
0.049,0.010,0.014,21.565,143041.531,4.225,60.000
0.052,0.027,0.014,23.107,154259.219,7.349,60.000
0.051,0.003,0.014,21.928,104435.398,2.384,60.000
0.061,0.001,0.010,21.600,111184.117,0.258,60.000
0.050,0.020,0.011,19.427,111161.727,6.336,60.000
0.048,0.024,0.010,21.656,140797.969,6.819,60.000
0.051,0.014,0.011,20.599,80356.711,4.865,60.000
0.047,0.001,0.003,21.331,80654.930,0.508,60.000
0.049,0.003,0.014,22.460,127790.945,2.575,60.000
0.050,0.009,0.014,20.715,119070.539,3.724,60.000
0.042,0.001,0.010,23.739,104165.367,0.450,60.000
0.049,0.006,0.013,21.823,125076.648,4.028,60.000
0.044,0.002,0.009,21.995,109252.992,0.438,60.000
0.049,0.003,0.010,23.360,67188.602,1.140,60.000
0.049,0.003,0.010,23.845,68424.477,1.214,60.000
0.001,0.012,0.012,19.886,55517.117,6.172,60.000
0.001,0.013,0.013,20.425,81167.852,5.577,60.000
0.050,0.001,0.007,24.925,99184.805,0.699,60.000
0.050,0.018,0.010,19.566,112448.742,6.097,60.000
0.050,0.007,0.011,20.949,162330.031,3.890,60.000
0.054,0.001,0.012,28.688,38295.508,1.431,60.000
0.046,0.000,0.017,22.352,57535.914,0.404,60.000
0.045,0.001,0.004,22.608,44010.633,1.012,60.000
0.048,0.002,0.013,23.526,122944.742,2.906,60.000
0.052,0.000,0.017,26.720,-1271.047,0.079,60.000
0.051,0.001,0.019,22.598,115431.289,2.193,60.000
0.048,0.021,0.012,20.480,140622.688,5.761,60.000
0.053,0.000,0.019,22.383,16096.148,-1.066,60.000
0.044,0.001,0.013,23.014,105475.836,1.451,60.000
0.049,0.026,0.012,20.107,165467.469,6.183,60.000
0.047,0.000,0.013,33.304,-48447.629,-0.170,60.000
0.055,0.002,0.017,20.639,86662.086,0.691,60.000
0.059,0.001,0.011,19.703,128821.711,0.051,60.000
0.048,0.008,0.013,21.140,155899.969,5.143,60.000
0.049,0.006,0.012,21.660,139560.219,4.461,60.000
0.042,0.001,0.013,27.716,-45416.270,-3.378,60.000
0.055,0.001,0.004,19.132,129302.320,-0.095,60.000
0.048,0.002,0.012,23.334,101861.633,2.285,60.000
0.048,0.022,0.012,20.491,144218.312,5.608,60.000
0.050,0.009,0.010,21.258,101976.430,3.148,60.000
0.052,0.005,0.013,20.969,93310.711,3.420,60.000
0.051,0.020,0.010,18.700,93043.258,5.605,60.000
0.045,0.001,0.005,22.884,65497.867,0.992,60.000
0.050,0.000,0.022,19.180,33963.883,-1.507,60.000
0.045,0.001,0.003,20.836,92598.039,1.028,60.000
0.042,0.000,0.014,24.381,4998.539,-2.312,60.000
0.051,0.008,0.010,20.257,127429.117,2.639,60.000
0.048,0.016,0.012,20.050,123011.461,6.360,60.000
0.049,0.002,0.007,23.132,100535.242,0.732,60.000
0.050,0.004,0.012,22.166,115601.633,3.830,60.000
0.049,0.007,0.009,21.633,124238.617,1.753,60.000
0.053,0.000,0.018,22.455,-44552.008,-0.768,60.000
0.041,0.001,0.009,23.472,29202.430,-0.586,60.000
0.050,0.009,0.010,20.796,102542.945,3.369,60.000
0.046,0.000,0.004,22.276,30456.117,-0.337,60.000
0.047,0.001,0.022,22.184,35949.930,0.414,60.000
0.041,0.000,0.013,24.201,-5112.750,-3.417,60.000
0.048,0.003,0.014,21.911,124101.539,2.691,60.000
0.048,0.016,0.012,19.925,123981.445,6.103,60.000
0.097,0.012,0.013,20.191,121220.648,4.400,60.000
0.040,0.001,0.009,23.725,25492.469,-0.298,60.000
0.059,0.001,0.012,18.619,146358.469,-0.434,60.000
0.049,0.002,0.014,23.487,129402.914,2.421,60.000
0.050,0.000,0.020,20.139,28110.289,-1.575,60.000
0.040,0.001,0.006,21.051,98507.133,1.384,60.000
0.050,0.019,0.012,20.291,132622.938,6.333,60.000
0.051,0.006,0.010,20.035,119798.305,1.748,60.000
0.049,0.001,0.002,21.214,53878.695,0.114,60.000
0.043,0.002,0.010,22.019,104213.430,-0.140,60.000
0.053,0.000,0.021,22.954,-4688.758,0.263,60.000
0.050,0.010,0.014,21.011,129523.383,4.154,60.000
0.041,0.000,0.017,21.422,-67312.578,-2.893,60.000
0.052,0.018,0.011,18.806,98996.508,5.725,60.000
0.057,0.001,0.014,22.519,111825.148,0.252,60.000
0.056,0.002,0.010,22.447,78437.852,0.221,60.000
0.053,0.000,0.018,25.500,-24022.688,-1.667,60.000
0.049,0.025,0.012,20.170,161374.531,6.049,60.000
0.048,0.025,0.012,20.920,143470.000,6.866,60.000
0.047,0.001,0.019,22.399,63554.539,0.112,60.000
0.048,0.008,0.012,21.526,166856.469,4.747,60.000
0.050,0.025,0.013,19.997,163916.500,5.661,60.000
0.051,0.007,0.013,20.994,97283.258,3.639,60.000
0.049,0.015,0.011,20.765,94038.680,5.829,60.000
0.042,0.001,0.005,21.383,86347.570,1.722,60.000
0.043,0.001,0.004,21.181,95171.320,1.614,60.000
0.050,0.008,0.014,20.433,100668.773,4.050,60.000
0.050,0.006,0.012,22.451,140628.219,5.423,60.000
0.051,0.016,0.013,21.268,139907.750,6.124,60.000
0.048,0.001,0.004,21.062,107766.086,0.826,60.000
0.050,0.012,0.011,20.440,80255.523,4.396,60.000
0.049,0.013,0.013,21.397,151326.906,4.253,60.000
0.060,0.001,0.009,21.660,115518.680,0.300,60.000
0.049,0.026,0.013,19.915,181589.125,5.792,60.000
0.053,0.002,0.013,23.786,89684.602,1.699,60.000
0.048,0.009,0.010,22.290,116282.070,2.455,60.000
0.050,0.027,0.014,17.170,90889.758,1.716,60.000
0.050,0.025,0.013,19.889,167918.469,5.582,60.000
0.049,0.002,0.009,24.315,78809.664,1.326,60.000
0.050,0.008,0.014,20.244,102591.164,3.609,60.000
0.051,0.017,0.013,20.887,111596.789,6.972,60.000
0.049,0.026,0.013,20.214,176959.375,5.931,60.000
0.050,0.005,0.013,22.332,102209.789,3.839,60.000
0.051,0.005,0.011,20.926,114380.305,3.822,60.000
0.050,0.007,0.010,20.281,162631.719,3.319,60.000
0.049,0.012,0.011,20.957,89356.602,4.428,60.000
0.049,0.025,0.012,20.271,153230.781,6.325,60.000
0.058,0.001,0.006,19.684,134076.250,-0.247,60.000
0.002,0.013,0.011,18.241,39859.492,6.815,60.000
0.043,0.001,0.010,22.476,107947.086,0.036,60.000
0.056,0.001,0.009,23.195,91134.680,0.294,60.000
0.051,0.018,0.010,19.198,101222.477,5.942,60.000
0.041,0.001,0.007,21.977,66809.273,0.697,60.000
0.049,0.026,0.013,20.152,170663.531,6.031,60.000
0.050,0.007,0.009,21.023,127051.008,1.995,60.000
0.003,0.012,0.012,19.027,44139.430,6.281,60.000
0.050,0.025,0.014,20.088,154928.562,5.904,60.000
0.047,0.000,0.011,30.033,-91786.266,-2.884,60.000
0.054,0.001,0.020,21.006,111925.148,1.488,60.000
0.049,0.010,0.011,20.492,124793.273,4.133,60.000
0.050,0.010,0.014,20.322,127066.133,4.300,60.000
0.051,0.010,0.011,19.821,120831.070,4.203,60.000
0.051,0.018,0.012,19.131,102741.664,5.926,60.000
0.042,0.001,0.014,23.822,51972.695,-0.714,60.000
0.041,0.000,0.009,22.996,21902.406,-0.653,60.000
0.051,0.001,0.017,23.632,115577.758,1.949,60.000
0.047,0.001,0.014,24.609,150563.719,2.468,60.000
0.049,0.019,0.010,19.276,118226.648,6.654,60.000
0.050,0.000,0.014,30.388,44537.961,0.905,60.000
0.049,0.001,0.020,21.718,129099.039,1.703,60.000
0.055,0.000,0.012,25.706,-8051.523,1.436,60.000
0.049,0.022,0.013,20.932,152197.500,5.654,60.000
0.049,0.012,0.014,23.352,151221.594,3.697,60.000
0.043,0.001,0.019,19.933,119306.258,0.516,60.000
0.049,0.005,0.013,22.115,100610.617,3.348,60.000
0.053,0.002,0.008,23.919,84853.383,0.390,60.000
0.058,0.000,0.009,22.587,19148.031,1.446,60.000
0.046,0.001,0.015,27.128,91589.555,0.936,60.000
0.048,0.012,0.012,21.102,133779.656,4.347,60.000
0.043,0.000,0.015,25.220,5105.242,-0.490,60.000
0.049,0.025,0.013,19.851,177295.719,5.719,60.000
0.056,0.000,0.017,23.445,53043.352,-0.400,60.000
0.050,0.001,0.002,20.189,87600.414,0.156,60.000
0.049,0.009,0.012,20.758,152521.312,5.447,60.000
0.048,0.024,0.011,21.653,141799.156,6.969,60.000
0.048,0.008,0.014,20.793,127755.211,4.317,60.000
0.051,0.004,0.011,22.179,80121.102,3.330,60.000
0.097,0.012,0.012,19.745,116449.242,4.952,60.000
0.050,0.000,0.021,21.628,20782.539,-0.647,60.000
0.049,0.024,0.013,20.133,163680.062,5.708,60.000
0.043,0.001,0.005,22.177,49838.305,1.385,60.000
0.051,0.001,0.014,26.326,104924.352,1.580,60.000
0.049,0.016,0.011,20.253,123501.258,6.560,60.000
0.049,0.010,0.012,20.451,134339.188,4.379,60.000
0.047,0.001,0.009,23.294,107997.617,0.743,60.000
0.002,0.012,0.014,20.944,74299.367,5.313,60.000
0.045,0.002,0.014,21.249,151754.594,1.772,60.000
0.050,0.021,0.010,19.508,110142.555,6.144,60.000
0.049,0.010,0.012,20.306,146011.219,4.689,60.000
0.055,0.001,0.005,20.042,129649.570,0.056,60.000
0.053,0.000,0.015,29.424,34023.492,-0.823,60.000
0.052,0.002,0.007,23.525,95934.898,0.621,60.000
0.052,0.007,0.012,21.188,109768.789,4.444,60.000
0.100,0.013,0.011,15.550,44512.336,4.479,60.000
0.044,0.001,0.020,20.702,120678.180,1.022,60.000
0.058,0.000,0.006,24.420,-63011.734,0.551,60.000
0.040,0.001,0.014,18.893,47889.180,-1.508,60.000
0.045,0.000,0.012,31.250,-52575.559,-0.088,60.000
0.050,0.019,0.014,20.042,142081.000,7.383,60.000
0.050,0.018,0.012,19.393,113259.992,6.318,60.000
0.050,0.008,0.013,21.156,141427.781,5.749,60.000
0.047,0.001,0.013,27.871,105451.367,1.971,60.000
0.044,0.000,0.008,26.252,-13131.969,2.055,60.000
0.051,0.000,0.004,25.786,-91970.422,0.494,60.000
0.041,0.001,0.013,22.381,-19078.719,-3.674,60.000
0.055,0.000,0.018,21.967,17292.508,0.697,60.000
0.049,0.021,0.012,20.542,141964.094,5.891,60.000
0.051,0.014,0.012,20.328,117087.617,5.187,60.000
0.053,0.002,0.012,23.505,55943.273,2.784,60.000
0.052,0.001,0.018,25.460,59586.461,1.338,60.000
0.048,0.027,0.013,20.751,170337.469,5.696,60.000
0.055,0.002,0.016,20.778,89769.508,0.318,60.000
0.046,0.000,0.013,32.203,-28056.234,0.345,60.000
0.047,0.001,0.018,20.724,138256.156,1.454,60.000
0.048,0.024,0.011,21.183,138629.562,6.788,60.000
0.044,0.001,0.015,25.383,37937.461,-1.502,60.000
0.099,0.011,0.011,19.683,110379.195,4.811,60.000
0.053,0.002,0.010,23.954,51993.664,1.252,60.000
0.048,0.000,0.014,31.662,19601.422,1.006,60.000
0.052,0.018,0.012,19.210,99220.195,5.906,60.000
0.049,0.019,0.011,19.663,122463.805,6.326,60.000
0.058,0.001,0.010,25.326,17269.633,-0.406,60.000
0.047,0.001,0.012,25.944,90199.664,1.773,60.000
0.050,0.024,0.014,20.288,159540.250,5.812,60.000
0.049,0.005,0.013,21.804,99110.586,3.236,60.000
0.047,0.000,0.010,32.143,-72927.867,0.817,60.000
0.056,0.001,0.015,25.674,43427.242,-0.466,60.000
0.055,0.000,0.008,24.572,-17020.750,1.738,60.000
0.049,0.011,0.012,20.354,134629.719,4.354,60.000
0.042,0.000,0.011,21.266,1330.688,0.504,60.000
0.059,0.000,0.007,21.372,29123.680,-0.506,60.000
0.047,0.001,0.016,21.829,161503.562,1.988,60.000
0.040,0.001,0.011,21.481,69325.727,-0.444,60.000
0.042,0.001,0.011,25.127,30885.398,-1.728,60.000
0.052,0.022,0.012,19.641,121092.070,5.550,60.000
0.049,0.016,0.010,20.326,115069.008,6.219,60.000
0.050,0.019,0.011,19.093,108658.430,5.945,60.000
0.048,0.001,0.010,24.029,80819.352,1.283,60.000
0.051,0.014,0.010,20.388,69367.273,5.765,60.000
0.045,0.001,0.003,21.570,86438.070,0.979,60.000
0.049,0.000,0.019,22.097,-8722.188,-1.099,60.000
0.060,0.001,0.014,22.597,124215.727,-0.530,60.000
0.050,0.019,0.013,19.920,122528.930,6.564,60.000
0.057,0.001,0.014,25.741,31207.414,-1.051,60.000
0.050,0.013,0.012,21.368,140696.656,4.673,60.000
0.051,0.014,0.013,22.363,145757.625,5.052,60.000
0.050,0.019,0.014,19.916,139650.250,7.273,60.000
0.050,0.007,0.012,22.353,144030.719,5.647,60.000
0.051,0.000,0.002,25.704,-57257.715,-0.873,60.000
0.058,0.000,0.013,26.118,60810.008,0.903,60.000
0.054,0.001,0.007,25.709,34450.305,-0.310,60.000
0.098,0.011,0.013,20.523,130658.211,4.625,60.000
0.052,0.001,0.013,25.707,98891.320,2.256,60.000
0.041,0.000,0.014,24.753,5351.852,-2.255,60.000
0.052,0.006,0.010,19.014,124215.523,2.063,60.000
0.048,0.012,0.011,21.264,119541.133,4.244,60.000
0.053,0.000,0.012,33.436,9943.867,0.049,60.000
0.050,0.025,0.013,19.848,166650.469,5.526,60.000
0.048,0.002,0.010,23.192,82130.164,1.298,60.000
0.043,0.001,0.015,19.246,105390.242,0.256,60.000
0.044,0.001,0.011,24.725,72922.805,-0.208,60.000
0.051,0.013,0.010,19.451,64193.445,4.884,60.000
0.052,0.009,0.014,19.773,82020.773,3.394,60.000
0.000,0.011,0.012,22.911,-10372.828,3.630,60.000
0.097,0.012,0.012,20.029,119977.820,4.709,60.000
0.097,0.011,0.012,19.405,126125.055,4.873,60.000
0.048,0.008,0.013,21.089,144232.281,4.846,60.000
0.050,0.023,0.012,20.242,139407.094,5.956,60.000
0.047,0.001,0.015,24.078,157700.250,2.358,60.000
0.050,0.001,0.013,27.957,109483.539,2.329,60.000
0.050,0.018,0.012,19.448,121361.555,6.221,60.000
0.051,0.015,0.012,20.441,134786.688,4.936,60.000
0.051,0.001,0.011,27.294,27348.805,1.933,60.000
0.052,0.013,0.012,20.451,112197.992,3.907,60.000
0.052,0.006,0.013,20.070,86023.008,2.807,60.000
0.052,0.008,0.011,20.722,134802.094,4.722,60.000
0.056,0.001,0.019,20.082,98677.414,0.682,60.000
0.049,0.003,0.014,21.854,116083.133,2.508,60.000
0.050,0.001,0.006,23.036,110824.211,0.573,60.000
0.048,0.000,0.011,28.911,21374.094,-0.949,60.000
0.049,0.021,0.010,20.038,117926.914,6.759,60.000
0.043,0.000,0.008,26.278,-23927.492,0.051,60.000
0.050,0.008,0.012,22.118,169119.562,6.048,60.000
0.045,0.001,0.010,26.670,49866.383,-0.207,60.000
0.052,0.002,0.011,23.544,45131.164,2.656,60.000
0.051,0.009,0.012,21.040,131243.719,5.139,60.000
0.050,0.009,0.011,20.261,132899.125,4.035,60.000
0.048,0.010,0.013,20.403,153544.906,4.601,60.000
0.047,0.000,0.006,26.133,-24197.883,0.077,60.000
0.052,0.027,0.011,19.774,59885.320,3.209,60.000
0.052,0.013,0.011,19.361,83472.523,4.044,60.000
0.048,0.018,0.013,19.365,131514.969,6.354,60.000
0.044,0.000,0.005,22.581,-16825.125,0.814,60.000
0.052,0.023,0.013,20.284,125613.883,5.624,60.000
0.054,0.000,0.007,25.798,-1190.656,0.386,60.000
0.049,0.002,0.012,23.651,83042.164,2.851,60.000
0.056,0.000,0.015,26.737,24104.477,1.442,60.000
0.050,0.012,0.014,22.790,148996.500,3.770,60.000
0.052,0.011,0.014,21.544,110500.789,3.386,60.000
0.043,0.001,0.010,24.415,107815.461,0.444,60.000
0.045,0.000,0.004,22.198,13725.297,-0.382,60.000
0.051,0.000,0.009,29.281,-29083.062,1.203,60.000
0.049,0.018,0.010,19.920,122726.180,6.454,60.000
0.047,0.001,0.021,20.906,130012.289,1.217,60.000
0.048,0.015,0.012,20.855,136753.188,5.585,60.000
0.050,0.013,0.013,21.806,157525.156,4.898,60.000
0.048,0.000,0.019,22.724,-17918.797,0.227,60.000
0.052,0.008,0.014,19.979,85341.820,3.283,60.000
0.042,0.001,0.013,23.136,21082.000,-1.779,60.000
0.098,0.010,0.012,20.185,135912.031,4.918,60.000
0.051,0.007,0.012,21.871,116444.742,5.183,60.000
0.052,0.005,0.011,20.461,104872.617,3.626,60.000
0.051,0.009,0.012,21.044,126901.305,5.529,60.000
0.051,0.001,0.009,27.661,8474.234,-0.298,60.000
0.043,0.001,0.005,21.872,75689.023,1.326,60.000
0.049,0.002,0.011,22.766,82104.492,1.806,60.000
0.048,0.009,0.011,21.449,140201.062,4.086,60.000
0.060,0.001,0.011,21.386,75157.477,-0.361,60.000
0.060,0.001,0.016,21.644,118060.352,-0.253,60.000
0.053,0.001,0.010,24.288,52284.789,1.237,60.000
0.044,0.001,0.014,22.049,109716.227,1.416,60.000
0.049,0.014,0.012,20.952,127608.695,5.082,60.000
0.052,0.001,0.008,25.302,78706.664,0.437,60.000
0.052,0.009,0.012,19.786,103928.508,4.326,60.000
0.057,0.001,0.004,18.477,130945.789,-0.045,60.000
0.047,0.001,0.004,20.975,99360.555,0.865,60.000
0.048,0.006,0.012,21.984,138342.625,3.940,60.000
0.050,0.025,0.011,20.592,125647.883,6.313,60.000
0.054,0.001,0.016,25.275,44249.523,0.224,60.000
0.050,0.002,0.010,23.701,46536.461,1.663,60.000
0.041,0.001,0.013,19.723,64614.289,-1.017,60.000
0.051,0.016,0.011,19.543,98666.070,6.233,60.000
0.050,0.021,0.014,20.000,125684.273,6.564,60.000
0.052,0.001,0.006,23.575,105901.867,0.484,60.000
0.050,0.007,0.013,20.931,114445.602,4.531,60.000
0.051,0.008,0.014,20.534,97230.992,4.013,60.000
0.048,0.024,0.011,21.212,139385.312,6.941,60.000
0.050,0.021,0.013,20.752,125910.711,6.140,60.000
0.058,0.000,0.006,24.266,-88627.609,3.166,60.000
0.045,0.001,0.021,20.145,117552.289,1.124,60.000
0.048,0.001,0.023,21.222,136305.594,1.755,60.000
0.058,0.000,0.008,22.759,70257.273,-0.129,60.000
0.051,0.016,0.012,20.188,120076.742,5.910,60.000
0.051,0.011,0.012,20.079,115620.758,4.119,60.000
0.051,0.011,0.011,19.519,111443.273,3.897,60.000
0.042,0.001,0.019,18.924,112275.398,0.506,60.000
0.043,0.001,0.006,23.145,52584.805,0.995,60.000
0.050,0.005,0.011,20.564,128290.430,2.769,60.000
0.048,0.025,0.012,20.630,148498.344,6.626,60.000
0.051,0.003,0.014,22.644,99658.867,2.544,60.000
0.040,0.000,0.015,19.847,26193.227,-1.784,60.000
0.050,0.001,0.003,20.372,113017.805,0.485,60.000
0.043,0.000,0.013,27.058,39988.461,-1.152,60.000
0.058,0.001,0.017,21.247,103742.805,0.301,60.000
0.052,0.005,0.010,20.706,86883.273,2.464,60.000
0.050,0.007,0.014,21.100,104413.445,3.676,60.000
0.051,0.017,0.011,19.621,98368.711,6.179,60.000
0.049,0.009,0.011,21.491,152630.781,4.245,60.000
0.055,0.001,0.005,22.447,107489.398,0.114,60.000
0.059,0.000,0.008,21.699,42223.523,-1.845,60.000
0.050,0.016,0.011,20.267,100852.211,6.248,60.000
0.052,0.001,0.012,28.911,54240.398,1.983,60.000
0.045,0.000,0.010,30.212,-82859.781,0.634,60.000
0.056,0.001,0.004,20.199,121607.883,-0.056,60.000
0.048,0.023,0.013,20.610,164226.406,5.500,60.000
0.000,0.012,0.012,22.706,-20454.969,6.816,60.000
0.052,0.008,0.012,21.691,111909.820,5.242,60.000
0.051,0.000,0.012,30.177,-20237.336,0.118,60.000
0.049,0.000,0.001,21.454,24076.188,0.381,60.000
0.051,0.011,0.013,20.924,120864.664,4.362,60.000
0.043,0.001,0.006,21.341,76518.961,0.590,60.000
0.048,0.021,0.010,20.620,130784.836,7.092,60.000
0.048,0.016,0.013,19.821,139914.469,5.891,60.000
0.045,0.001,0.013,22.940,111990.695,1.536,60.000
0.049,0.003,0.013,22.770,104451.773,2.933,60.000
0.050,0.018,0.010,19.236,106537.648,5.927,60.000
0.058,0.001,0.008,21.571,110894.664,-0.097,60.000
0.046,0.000,0.011,33.161,-23100.969,1.391,60.000
0.055,0.001,0.005,21.222,116675.805,0.142,60.000
0.051,0.022,0.011,19.800,119779.258,5.870,60.000
0.046,0.001,0.012,23.878,116438.852,1.939,60.000
0.047,0.001,0.018,23.600,96675.273,0.519,60.000
0.059,0.001,0.015,21.720,118021.148,-0.302,60.000
0.002,0.012,0.011,18.190,30109.758,6.944,60.000
0.055,0.001,0.013,23.161,108469.195,1.065,60.000
0.052,0.019,0.014,20.548,115762.398,6.904,60.000
0.045,0.002,0.008,22.195,95333.008,0.539,60.000
0.048,0.007,0.013,21.339,140328.406,4.344,60.000
0.052,0.009,0.011,19.020,113994.305,3.423,60.000
0.050,0.010,0.014,22.177,135071.719,3.682,60.000
0.050,0.000,0.005,25.214,-42190.984,-0.682,60.000
0.044,0.001,0.017,19.977,134413.344,0.137,60.000
0.049,0.007,0.013,20.979,130954.742,4.550,60.000
0.051,0.008,0.013,20.426,108931.977,4.541,60.000
0.052,0.008,0.012,21.733,116525.867,5.262,60.000
0.050,0.000,0.013,30.744,21531.703,0.859,60.000
0.052,0.003,0.013,22.492,84932.070,2.725,60.000
0.049,0.014,0.014,22.149,164993.656,5.222,60.000
0.048,0.008,0.011,21.749,150984.406,3.966,60.000
0.051,0.000,0.023,19.702,286.219,-0.276,60.000
0.049,0.000,0.015,29.187,57868.539,1.242,60.000
0.042,0.000,0.013,26.399,-57847.242,-0.780,60.000
0.050,0.015,0.012,20.447,112430.992,5.928,60.000
0.049,0.009,0.014,21.059,127045.117,3.965,60.000
0.053,0.002,0.015,22.754,89173.695,0.926,60.000
0.098,0.013,0.012,20.070,109208.242,4.880,60.000
0.051,0.011,0.012,20.186,125725.852,4.556,60.000
0.046,0.001,0.002,22.052,74230.633,0.782,60.000
0.042,0.000,0.009,25.860,-54390.082,2.011,60.000
0.051,0.013,0.013,22.776,140948.188,4.226,60.000
0.050,0.020,0.014,19.785,131022.461,6.642,60.000
0.046,0.001,0.019,21.496,96732.055,0.559,60.000
0.049,0.006,0.011,21.332,155193.094,4.262,60.000
0.052,0.026,0.012,19.629,138666.125,5.325,60.000
0.053,0.000,0.020,19.031,-40199.414,-1.562,60.000
0.099,0.013,0.011,19.113,98989.430,5.147,60.000
0.048,0.000,0.005,22.554,332.867,-0.030,60.000
0.052,0.001,0.016,24.935,98944.773,1.491,60.000
0.048,0.000,0.008,28.680,-92954.305,-2.520,60.000
0.002,0.011,0.011,18.891,31674.992,6.629,60.000
0.055,0.002,0.008,22.715,88009.945,0.145,60.000
0.002,0.012,0.011,17.994,32245.836,7.039,60.000
0.049,0.005,0.014,21.165,102967.023,2.732,60.000
0.056,0.000,0.013,26.408,-17156.016,0.635,60.000
0.002,0.010,0.013,20.523,56987.695,5.742,60.000
0.052,0.009,0.012,20.628,116500.805,4.773,60.000
0.049,0.019,0.011,19.882,120951.664,6.302,60.000
0.055,0.001,0.021,19.687,107272.711,1.425,60.000
0.048,0.002,0.006,22.324,95740.273,0.729,60.000
0.048,0.010,0.012,20.643,147794.656,4.496,60.000
0.049,0.019,0.010,19.742,122139.648,6.645,60.000
0.099,0.012,0.011,19.023,107884.398,5.006,60.000
0.058,0.001,0.012,22.970,128728.180,-0.055,60.000
0.040,0.001,0.009,21.374,81353.617,0.215,60.000
0.048,0.006,0.011,21.320,154600.375,3.314,60.000
0.050,0.021,0.010,19.231,107196.805,6.211,60.000
0.049,0.013,0.013,21.524,151264.719,4.449,60.000
0.053,0.001,0.013,32.811,-4866.750,0.806,60.000
0.048,0.024,0.012,20.716,142145.688,6.529,60.000
0.002,0.012,0.013,20.646,72317.102,5.429,60.000
0.047,0.000,0.012,30.021,8549.117,-1.088,60.000
0.051,0.019,0.012,19.337,107907.492,5.940,60.000
0.047,0.002,0.012,23.566,115649.664,2.220,60.000
0.043,0.001,0.006,23.194,50073.383,1.029,60.000
0.047,0.002,0.010,23.113,95565.273,1.206,60.000
0.098,0.013,0.011,19.364,105111.164,5.509,60.000
0.049,0.009,0.013,20.239,139336.688,5.256,60.000
-0.000,0.011,0.012,14.611,32090.945,9.717,60.000
0.041,0.000,0.015,20.111,39551.445,-1.356,60.000
0.098,0.013,0.012,19.948,112511.789,5.167,60.000
0.054,0.001,0.009,24.787,63491.320,0.939,60.000
0.051,0.016,0.013,20.820,113078.930,6.618,60.000
0.056,0.001,0.018,20.115,94231.508,0.413,60.000
0.098,0.012,0.013,20.346,121396.508,4.518,60.000
0.051,0.003,0.011,23.259,57628.008,2.678,60.000
0.057,0.001,0.006,22.037,119313.195,-0.062,60.000
0.046,0.001,0.011,26.926,-6834.273,-1.872,60.000
0.049,0.025,0.010,21.674,130736.305,6.287,60.000
0.049,0.005,0.010,21.899,109242.602,1.982,60.000
0.058,0.000,0.010,22.220,56002.617,-1.492,60.000
0.098,0.012,0.012,20.162,120327.570,4.789,60.000
0.052,0.019,0.012,19.865,103984.898,6.145,60.000
0.052,0.002,0.011,23.779,43120.883,2.911,60.000
0.053,0.002,0.009,24.769,76952.961,0.460,60.000
0.059,0.001,0.008,22.613,106390.555,0.219,60.000
0.049,0.015,0.011,20.892,103672.227,5.920,60.000
0.043,0.001,0.019,20.378,58583.867,-1.038,60.000
0.048,0.002,0.013,24.560,133972.156,2.979,60.000
0.052,0.001,0.015,24.680,103408.273,1.474,60.000
0.050,0.022,0.010,20.204,117192.211,6.180,60.000
0.050,0.010,0.011,20.680,133719.281,4.547,60.000
0.048,0.016,0.013,20.247,140001.375,5.873,60.000
0.098,0.013,0.010,18.998,92653.680,5.202,60.000
0.098,0.012,0.014,20.233,130811.164,3.712,60.000
0.058,0.001,0.012,24.538,65840.383,-0.049,60.000
0.097,0.013,0.012,19.427,108500.430,4.845,60.000
0.043,0.001,0.014,25.740,3368.805,-1.264,60.000
0.052,0.007,0.011,19.486,139416.156,3.398,60.000
0.051,0.000,0.011,31.878,-21372.945,-0.056,60.000
0.056,0.001,0.016,20.991,92983.055,0.485,60.000
0.002,0.012,0.012,19.180,44757.570,6.398,60.000
0.054,0.001,0.014,25.389,98116.961,1.420,60.000
0.048,0.001,0.015,24.674,149811.250,1.854,60.000
0.049,0.001,0.009,25.343,69305.680,0.788,60.000
0.050,0.019,0.012,20.382,125827.305,6.239,60.000
0.057,0.001,0.006,20.422,128472.695,-0.177,60.000
0.058,0.001,0.017,20.504,100214.070,0.280,60.000
0.041,0.000,0.007,23.574,51673.305,2.769,60.000
0.049,0.009,0.014,20.966,134858.469,4.309,60.000
0.052,0.000,0.008,27.436,38037.352,0.826,60.000
0.056,0.001,0.011,26.737,-24548.031,0.401,60.000
0.055,0.000,0.004,22.563,-16799.047,-1.604,60.000
0.047,0.000,0.013,33.518,-42889.008,0.833,60.000
0.046,0.001,0.009,22.950,109032.398,0.673,60.000
0.045,0.001,0.015,26.833,26227.812,-1.240,60.000
0.050,0.000,0.012,29.641,25850.547,0.648,60.000
0.045,0.000,0.016,27.422,-18568.195,-1.611,60.000
0.045,0.001,0.014,29.013,53188.820,0.470,60.000
0.047,0.000,0.013,33.527,7537.914,0.642,60.000
0.045,0.001,0.017,20.779,154005.594,1.155,60.000
0.050,0.003,0.011,22.891,72228.523,2.674,60.000
0.052,0.000,0.012,28.286,24278.516,1.325,60.000
0.049,0.001,0.009,25.146,68779.789,0.711,60.000
0.054,0.001,0.017,25.920,-657.422,-0.639,60.000
0.050,0.014,0.012,20.736,121742.227,5.065,60.000
0.052,0.019,0.011,19.081,104891.242,5.793,60.000
0.049,0.002,0.010,23.198,77707.883,1.428,60.000
0.046,0.001,0.005,21.725,87609.883,0.644,60.000
0.047,0.001,0.015,27.757,4850.992,-0.456,60.000
0.059,0.001,0.013,21.588,122685.852,-0.210,60.000
0.049,0.013,0.014,22.180,163261.250,4.790,60.000
0.051,0.001,0.002,20.665,90403.258,0.180,60.000
0.050,0.022,0.010,20.174,112832.305,6.401,60.000
0.050,0.013,0.014,23.543,155433.250,4.673,60.000
0.051,0.005,0.011,20.095,121586.508,3.185,60.000
0.047,0.002,0.009,23.209,98672.289,0.943,60.000
0.052,0.001,0.019,22.704,115228.961,2.026,60.000
0.058,0.000,0.010,25.647,18937.250,-0.275,60.000
0.050,0.018,0.014,19.926,145718.594,7.410,60.000
0.050,0.022,0.012,20.089,134847.625,5.639,60.000
0.050,0.026,0.011,20.716,138161.875,6.428,60.000
0.045,0.000,0.007,25.053,-19599.789,-0.013,60.000
0.049,0.017,0.010,19.631,116186.398,6.179,60.000
0.050,0.008,0.010,20.426,127717.055,3.255,60.000
0.058,0.001,0.014,25.238,73044.602,-0.570,60.000
0.100,0.013,0.013,15.195,85558.148,3.599,60.000
0.052,0.027,0.011,18.309,79729.305,3.609,60.000
0.052,0.025,0.012,19.452,139146.375,5.405,60.000
0.054,0.001,0.010,25.629,55065.680,0.738,60.000
0.045,0.000,0.009,28.376,11018.797,-0.463,60.000
0.044,0.001,0.010,22.895,112439.383,0.584,60.000
0.048,0.006,0.014,21.314,100088.695,2.644,60.000
0.052,0.000,0.017,28.750,-23436.031,-0.420,60.000
0.044,0.000,0.014,27.156,-11956.828,-1.457,60.000
0.097,0.011,0.012,20.069,128327.445,4.688,60.000
0.050,0.023,0.010,20.696,121257.461,6.212,60.000
0.051,0.001,0.021,22.470,72448.945,0.953,60.000
0.050,0.022,0.011,20.193,125212.133,6.363,60.000
0.051,0.024,0.012,19.873,154148.969,5.453,60.000
0.049,0.019,0.014,19.567,142979.594,6.837,60.000
0.050,0.001,0.001,21.903,29643.648,-0.095,60.000
0.050,0.014,0.010,19.984,81916.914,5.757,60.000
0.050,0.024,0.014,20.303,149332.969,5.835,60.000
0.048,0.013,0.012,21.349,128726.258,4.518,60.000
0.049,0.014,0.011,21.027,105827.805,5.586,60.000
0.050,0.010,0.014,20.236,120965.914,4.190,60.000
0.050,0.020,0.013,20.544,129141.305,6.258,60.000
0.055,0.001,0.003,19.026,135572.500,0.120,60.000
0.051,0.010,0.011,19.392,111903.602,3.725,60.000
0.046,0.000,0.002,24.179,13895.867,-0.819,60.000
0.098,0.013,0.013,20.246,106841.711,4.663,60.000
0.051,0.011,0.012,20.314,115238.320,4.459,60.000
0.048,0.018,0.012,19.940,135436.812,6.267,60.000
0.050,0.016,0.012,20.441,134311.781,6.124,60.000
0.050,0.007,0.013,21.855,136973.375,5.536,60.000
0.051,0.027,0.010,19.161,40082.398,2.695,60.000
0.002,0.011,0.011,18.765,26848.242,6.876,60.000
0.046,0.002,0.010,22.344,104846.617,0.919,60.000
0.098,0.013,0.012,19.604,104796.180,5.508,60.000
0.046,0.000,0.003,24.401,-20248.266,-0.864,60.000
0.050,0.004,0.011,22.133,86111.695,3.202,60.000
0.052,0.019,0.012,19.207,100267.148,5.726,60.000
0.057,0.001,0.009,23.515,101066.383,0.143,60.000
0.050,0.027,0.013,20.557,170640.219,6.029,60.000
0.051,0.003,0.012,23.115,93434.789,3.375,60.000
0.045,0.000,0.005,23.600,39474.086,1.098,60.000
0.051,0.001,0.012,27.078,59711.930,2.536,60.000
0.049,0.000,0.011,28.193,-42616.234,-0.985,60.000
0.059,0.001,0.014,22.806,121843.445,-0.252,60.000
0.057,0.000,0.019,19.709,-9576.781,0.989,60.000
0.099,0.012,0.013,21.371,121369.992,4.229,60.000
0.050,0.022,0.012,19.936,136353.062,5.878,60.000
0.053,0.002,0.010,24.038,53293.117,2.251,60.000
0.049,0.020,0.011,19.533,114072.961,6.345,60.000
0.099,0.013,0.013,20.376,115274.211,4.750,60.000
0.052,0.007,0.010,18.850,140398.125,2.416,60.000
0.051,0.007,0.013,20.995,100018.680,3.993,60.000
0.059,0.000,0.010,22.488,96015.086,-1.106,60.000
0.048,0.020,0.011,20.124,126480.070,6.257,60.000
0.049,0.016,0.014,20.865,150477.344,6.137,60.000
0.055,0.000,0.014,27.963,5976.320,0.301,60.000
0.049,0.018,0.011,19.989,126155.914,6.427,60.000
0.051,0.019,0.011,19.555,112752.758,6.114,60.000
0.050,0.011,0.011,19.847,99932.148,4.040,60.000
0.052,0.002,0.015,23.081,90441.852,1.082,60.000
0.051,0.015,0.013,20.857,112903.789,5.573,60.000
0.051,0.006,0.011,20.180,145204.750,3.345,60.000
0.049,0.004,0.011,21.107,115346.445,2.794,60.000
0.050,0.001,0.005,25.000,36753.742,0.030,60.000
0.042,0.001,0.015,21.881,12810.516,-2.402,60.000
0.048,0.005,0.013,21.848,122468.211,3.154,60.000
0.047,0.002,0.017,20.634,151601.250,1.584,60.000
0.053,0.001,0.018,23.896,57419.555,0.894,60.000
0.048,0.000,0.017,25.260,23362.352,-0.139,60.000
0.054,0.000,0.007,24.304,37762.633,0.907,60.000
0.049,0.010,0.012,20.338,140065.688,4.605,60.000
0.048,0.008,0.014,21.025,121140.664,4.124,60.000
0.050,0.020,0.012,20.435,134075.375,6.335,60.000
0.049,0.007,0.011,21.280,161393.188,3.754,60.000
0.051,0.005,0.014,19.611,98590.320,2.184,60.000
0.049,0.001,0.022,21.798,124953.961,1.575,60.000
0.052,0.002,0.013,24.514,88407.633,2.339,60.000
0.049,0.009,0.013,20.367,134190.719,5.073,60.000
0.050,0.008,0.010,20.892,122308.383,2.951,60.000
0.057,0.001,0.018,23.085,11614.461,-0.944,60.000
0.048,0.027,0.012,15.966,52195.336,2.376,60.000
0.098,0.014,0.012,19.963,102866.008,4.824,60.000
0.050,0.000,0.010,28.941,-9437.430,0.057,60.000
0.050,0.024,0.011,20.921,123307.273,6.308,60.000
0.046,0.001,0.006,22.403,83327.445,0.663,60.000
0.051,0.025,0.012,19.700,162145.875,5.569,60.000
0.049,0.000,0.015,30.529,-12063.992,1.056,60.000
0.046,0.001,0.004,22.189,45132.617,0.836,60.000
0.098,0.013,0.014,20.033,125171.852,3.727,60.000
0.052,0.015,0.011,19.867,86728.477,5.821,60.000
0.053,0.000,0.018,27.488,12616.430,2.144,60.000
0.048,0.015,0.011,20.730,111969.695,6.082,60.000
0.046,0.000,0.010,32.323,-6231.750,2.223,60.000
0.048,0.008,0.014,20.825,126457.648,4.412,60.000
0.049,0.024,0.011,21.111,134377.812,6.603,60.000
0.048,0.012,0.012,20.999,148656.250,4.042,60.000
0.050,0.020,0.012,20.600,130148.273,6.173,60.000
0.045,0.000,0.006,24.019,-7526.125,-0.454,60.000
0.050,0.016,0.013,20.482,123119.789,6.411,60.000
0.051,0.001,0.015,25.918,107603.773,1.453,60.000
0.050,0.027,0.012,19.549,152540.625,5.520,60.000
0.056,0.001,0.018,21.976,58865.477,-0.125,60.000
0.053,0.001,0.016,25.664,75042.414,1.012,60.000
0.051,0.002,0.018,22.713,111755.820,2.120,60.000
0.051,0.016,0.013,20.864,108281.117,6.488,60.000
0.045,0.000,0.020,20.616,11240.492,-0.641,60.000
0.048,0.000,0.017,26.664,7522.656,-0.411,60.000
0.052,0.007,0.014,19.763,83124.383,2.527,60.000
0.050,0.015,0.011,20.409,96642.492,6.303,60.000
0.053,0.000,0.014,27.210,42783.180,1.732,60.000
0.042,0.000,0.008,20.977,52054.789,-1.198,60.000
0.061,0.001,0.013,22.289,103569.617,-0.862,60.000
0.058,0.000,0.017,21.876,45624.930,0.220,60.000
0.059,0.001,0.007,20.997,142140.750,0.220,60.000
0.044,0.001,0.004,21.193,86486.523,1.095,60.000
0.002,0.014,0.012,19.536,67753.180,5.975,60.000
0.050,0.025,0.012,20.198,149440.812,6.302,60.000
0.050,0.002,0.009,24.861,62873.914,1.050,60.000
0.046,0.001,0.022,20.823,126742.102,1.243,60.000
0.048,0.004,0.010,22.645,85583.195,1.192,60.000
0.049,0.014,0.010,20.821,81923.492,5.332,60.000
0.052,0.001,0.002,22.076,94286.648,0.290,60.000
0.040,0.000,0.011,23.212,25664.312,-1.081,60.000
0.044,0.001,0.018,18.423,121751.789,0.186,60.000
0.045,0.001,0.003,22.283,36536.992,1.038,60.000
0.048,0.000,0.014,31.577,17842.656,-0.272,60.000
0.049,0.001,0.008,23.691,98377.664,0.773,60.000
0.051,0.009,0.009,20.496,110771.945,3.024,60.000
0.043,0.001,0.007,24.018,8362.422,0.339,60.000
0.050,0.007,0.010,20.842,135752.875,2.419,60.000
0.052,0.009,0.013,19.393,82387.898,3.355,60.000
0.060,0.001,0.013,22.048,127789.586,-0.535,60.000
0.051,0.027,0.010,23.895,282899.906,12.354,60.000
0.040,0.000,0.010,26.314,-18025.930,2.892,60.000
0.051,0.000,0.003,21.630,14881.047,-0.424,60.000
0.054,0.001,0.004,20.761,91665.273,-0.194,60.000
0.050,0.001,0.010,29.258,-11145.930,-0.168,60.000
0.049,0.019,0.011,20.106,123473.383,6.347,60.000
0.052,0.007,0.011,20.770,134294.219,4.602,60.000
0.049,0.000,0.004,21.131,-34341.078,-0.754,60.000
0.050,0.020,0.011,19.715,112683.367,6.258,60.000
0.049,0.000,0.007,28.215,-60447.227,-1.584,60.000
0.050,0.019,0.012,20.142,131692.938,6.361,60.000
0.054,0.002,0.015,22.495,88174.508,0.752,60.000
0.055,0.002,0.009,23.891,66213.352,0.543,60.000
0.056,0.001,0.007,22.935,113563.336,0.214,60.000
0.048,0.020,0.012,20.463,130751.789,5.956,60.000
0.042,0.000,0.015,24.023,-69446.875,-2.798,60.000
0.048,0.004,0.012,21.714,127020.477,3.318,60.000
0.049,0.001,0.007,23.381,106020.180,0.563,60.000
0.049,0.011,0.010,20.744,93947.617,4.241,60.000
0.045,0.001,0.011,24.384,84012.398,0.357,60.000
0.050,0.009,0.012,21.219,143933.812,5.598,60.000
0.045,0.000,0.013,29.659,29594.133,-0.457,60.000
0.049,0.024,0.011,21.287,141856.156,6.845,60.000
0.050,0.017,0.014,20.250,147761.469,7.164,60.000
0.002,0.013,0.012,19.382,57386.117,6.245,60.000
0.049,0.001,0.022,21.793,125874.195,1.608,60.000
0.049,0.001,0.005,22.850,101223.570,0.628,60.000
0.042,0.001,0.019,20.322,57012.555,-1.107,60.000
0.051,0.010,0.014,21.419,126881.727,3.795,60.000
0.056,0.001,0.009,24.105,89497.977,0.253,60.000
0.042,0.001,0.012,25.493,42715.242,-1.110,60.000
0.049,0.000,0.012,33.358,756.555,1.135,60.000
0.056,0.000,0.015,26.061,39113.320,1.379,60.000
0.053,0.001,0.009,26.290,33914.617,-0.079,60.000
0.060,0.000,0.014,23.835,64974.398,-1.314,60.000
0.051,0.005,0.014,20.111,91572.523,2.673,60.000
0.050,0.001,0.016,25.474,131317.781,1.814,60.000
0.052,0.016,0.012,20.485,96694.883,5.400,60.000
0.053,0.001,0.003,20.513,105145.758,0.195,60.000
0.046,0.000,0.017,23.698,22580.523,-0.065,60.000
0.049,0.003,0.013,23.577,112542.523,3.284,60.000
0.044,0.000,0.010,26.174,14878.852,-1.386,60.000
0.052,0.023,0.014,20.279,132803.312,5.891,60.000
0.052,0.011,0.014,21.846,117215.586,3.350,60.000
0.048,0.017,0.011,20.365,132877.406,6.563,60.000
0.044,0.001,0.010,25.440,78055.977,0.044,60.000
0.049,0.001,0.018,23.582,60316.539,0.554,60.000
0.043,0.001,0.012,23.167,93333.930,0.153,60.000
0.057,0.000,0.018,20.388,-27962.609,-0.416,60.000
0.056,0.002,0.015,22.043,97582.336,0.455,60.000
0.046,0.002,0.007,21.992,92119.117,0.604,60.000
0.050,0.006,0.013,21.733,120243.383,4.133,60.000
-0.000,0.011,0.011,18.746,-936.984,9.747,60.000
0.052,0.001,0.009,27.862,-8080.938,-0.028,60.000
0.054,0.001,0.010,24.052,68376.320,1.129,60.000
0.042,0.001,0.014,21.006,61532.570,-0.843,60.000
0.055,0.001,0.016,25.388,25999.789,-0.419,60.000
0.053,0.002,0.006,21.495,109806.664,0.247,60.000
0.051,0.002,0.011,23.503,58073.961,2.750,60.000
0.099,0.011,0.012,23.998,65574.039,3.406,60.000
0.047,0.001,0.007,25.203,49999.492,0.246,60.000
0.054,0.000,0.006,22.012,48107.977,-0.259,60.000
0.048,0.021,0.013,20.723,145794.250,5.855,60.000
0.050,0.009,0.010,21.368,107132.398,3.084,60.000
0.043,0.001,0.005,21.364,82070.727,1.215,60.000
0.050,0.006,0.010,21.669,106254.602,1.594,60.000
0.049,0.022,0.011,20.372,133007.656,6.357,60.000
0.047,0.000,0.010,32.669,-74359.000,0.621,60.000
0.049,0.000,0.002,21.658,1202.062,-0.474,60.000
0.049,0.016,0.010,20.186,117682.477,6.335,60.000
0.058,0.001,0.015,23.947,113977.258,0.030,60.000
0.049,0.023,0.011,20.990,127588.383,6.553,60.000
0.051,0.001,0.022,21.581,121705.680,1.825,60.000
0.050,0.022,0.011,19.992,111036.461,6.340,60.000
0.051,0.014,0.014,23.431,150602.969,4.881,60.000
0.044,0.001,0.005,21.367,81284.117,0.781,60.000
0.051,0.000,0.012,35.276,-28144.234,0.310,60.000
0.055,0.001,0.007,24.057,95055.648,0.194,60.000
0.050,0.001,0.008,27.547,21508.938,-0.146,60.000
0.049,0.003,0.011,22.511,88665.461,2.381,60.000
0.045,0.001,0.015,21.296,145589.469,1.628,60.000
0.046,0.002,0.006,22.075,86910.992,0.709,60.000
0.044,0.001,0.004,20.454,88034.195,1.033,60.000
0.050,0.009,0.013,20.217,129594.758,5.172,60.000
0.048,0.001,0.013,26.455,103933.398,2.263,60.000
0.057,0.000,0.008,24.733,-16770.000,-0.027,60.000
0.048,0.002,0.019,21.864,135370.281,1.825,60.000
0.051,0.010,0.010,19.831,92086.070,3.416,60.000
0.048,0.002,0.010,23.497,82137.477,1.268,60.000
0.052,0.013,0.012,20.284,104901.367,3.455,60.000
0.098,0.011,0.011,19.077,114997.289,4.606,60.000
0.051,0.002,0.015,23.129,105448.352,1.483,60.000
0.043,0.000,0.013,25.079,29568.008,-2.006,60.000
0.003,0.012,0.011,18.552,35980.930,6.721,60.000
0.049,0.015,0.011,21.130,97496.695,5.874,60.000
0.058,0.000,0.016,21.865,94760.602,0.377,60.000
0.056,0.001,0.010,21.484,93227.195,0.676,60.000
0.048,0.000,0.006,25.480,10269.633,0.744,60.000
0.052,0.002,0.011,23.115,58383.883,2.942,60.000
0.041,0.001,0.005,21.963,95809.180,2.347,60.000
0.051,0.001,0.002,21.401,87904.102,0.285,60.000
0.052,0.001,0.022,22.351,47843.539,0.657,60.000
0.049,0.008,0.013,21.160,149702.969,5.746,60.000
0.050,0.023,0.014,20.625,151166.875,5.889,60.000
0.054,0.001,0.018,21.663,99242.008,1.533,60.000
0.059,0.000,0.018,18.856,40614.945,1.100,60.000
0.040,0.001,0.014,19.268,49065.758,-1.321,60.000
0.044,0.000,0.020,20.275,-43466.504,-3.112,60.000
0.048,0.001,0.002,21.056,17997.508,0.017,60.000
0.099,0.013,0.013,20.385,110431.383,4.666,60.000
0.047,0.000,0.004,22.314,28851.195,-0.299,60.000
0.049,0.014,0.011,20.915,111730.477,5.208,60.000
0.050,0.010,0.012,20.368,135715.656,4.592,60.000
0.052,0.006,0.011,20.305,114038.648,3.874,60.000
0.044,0.000,0.004,19.304,45320.398,0.171,60.000
0.047,0.002,0.014,23.654,147818.531,2.371,60.000
0.051,0.026,0.010,21.629,117394.273,5.562,60.000
0.050,0.025,0.012,19.930,163922.219,5.646,60.000
0.046,0.000,0.018,23.741,-59313.125,-2.601,60.000
0.047,0.001,0.004,21.405,92314.477,0.948,60.000
0.046,0.001,0.015,23.396,159081.062,2.171,60.000
0.051,0.005,0.012,21.765,107003.258,4.261,60.000
0.050,0.010,0.012,20.439,133419.375,5.056,60.000
0.052,0.019,0.012,20.048,105029.695,6.299,60.000
0.048,0.001,0.010,25.600,62421.148,1.265,60.000
0.059,0.001,0.006,20.033,148023.250,0.002,60.000
0.049,0.027,0.013,15.651,61503.836,1.641,60.000
0.049,0.025,0.013,20.056,171172.750,5.876,60.000
0.049,0.024,0.010,21.233,126807.461,6.064,60.000
0.052,0.023,0.014,20.267,129033.383,5.950,60.000
0.060,0.001,0.016,21.475,115511.070,-0.321,60.000
0.048,0.008,0.013,20.753,139864.375,4.653,60.000
0.049,0.001,0.019,23.202,127384.430,1.710,60.000
0.052,0.016,0.013,20.903,100391.133,5.574,60.000
0.051,0.001,0.002,20.674,81064.789,0.270,60.000
0.041,0.001,0.009,23.588,84536.836,0.518,60.000
0.058,0.001,0.016,22.896,92592.820,-0.461,60.000
0.053,0.000,0.019,19.917,62579.930,0.619,60.000
0.048,0.007,0.011,21.422,148310.781,3.284,60.000
0.050,0.001,0.005,22.029,108599.258,0.383,60.000
0.001,0.012,0.011,20.189,-1618.312,5.549,60.000
0.049,0.000,0.014,32.333,56116.320,1.345,60.000
0.049,0.006,0.014,21.432,106586.164,2.949,60.000
0.050,0.015,0.014,21.420,154087.781,6.065,60.000
0.049,0.027,0.010,15.378,76149.258,3.395,60.000
0.052,0.001,0.020,21.554,114769.023,1.960,60.000
0.049,0.006,0.010,21.630,111579.227,1.724,60.000
0.053,0.000,0.017,25.916,78755.617,2.361,60.000
0.051,0.002,0.007,23.736,93327.289,0.543,60.000
0.050,0.007,0.013,21.251,124458.008,4.958,60.000
0.042,0.000,0.018,18.907,15071.484,-1.532,60.000
0.049,0.013,0.012,20.764,149199.875,4.361,60.000
0.048,0.001,0.017,25.696,24197.312,-0.412,60.000
0.048,0.000,0.019,20.588,102985.773,1.175,60.000
0.048,0.003,0.013,22.418,115118.789,3.056,60.000
0.002,0.013,0.012,19.269,59619.117,6.221,60.000
0.051,0.012,0.011,19.869,89771.289,4.166,60.000
0.050,0.001,0.022,22.024,126829.258,1.737,60.000
0.052,0.015,0.010,19.629,92726.320,5.982,60.000
0.050,0.000,0.004,25.072,-39699.832,1.220,60.000
0.044,0.002,0.016,18.293,141746.531,0.452,60.000
0.045,0.001,0.005,22.635,47536.148,0.826,60.000
0.048,0.012,0.012,21.304,130872.055,4.213,60.000
0.049,0.001,0.020,22.510,97458.023,1.223,60.000
0.001,0.013,0.011,19.742,13821.805,6.569,60.000
0.046,0.001,0.017,22.078,150268.719,1.247,60.000
0.048,0.000,0.011,33.819,-15552.141,1.089,60.000
0.050,0.022,0.010,19.954,109083.695,5.940,60.000
0.052,0.001,0.007,23.562,98393.477,0.724,60.000
0.050,0.008,0.012,21.499,153684.719,6.053,60.000
0.050,0.021,0.011,19.799,115774.227,5.922,60.000
0.048,0.001,0.011,25.866,69281.867,1.929,60.000
0.051,0.021,0.013,20.120,104798.320,6.285,60.000
0.051,0.000,0.015,31.437,24770.469,-0.537,60.000
0.052,0.025,0.014,19.995,152722.719,5.683,60.000
0.051,0.001,0.013,33.292,-42566.926,0.365,60.000
0.050,0.016,0.013,21.078,131716.656,6.444,60.000
0.051,0.015,0.010,19.903,89099.898,5.992,60.000
0.051,0.014,0.011,20.613,67315.180,5.084,60.000
0.052,0.002,0.012,23.821,76656.586,2.818,60.000
0.049,0.008,0.014,20.832,111437.430,3.914,60.000
0.059,0.001,0.014,23.306,99735.508,-0.735,60.000
0.051,0.009,0.013,20.043,92163.117,3.858,60.000
0.044,0.000,0.015,29.269,-10194.742,-1.313,60.000
0.049,0.001,0.017,25.503,99504.727,1.179,60.000
0.050,0.015,0.013,20.683,133705.000,5.827,60.000
0.050,0.004,0.014,20.987,103590.586,2.613,60.000
0.050,0.016,0.011,20.083,108725.320,6.467,60.000
0.057,0.001,0.007,21.070,126559.055,-0.282,60.000
0.049,0.024,0.010,21.466,128433.820,6.161,60.000
0.048,0.007,0.012,22.107,151533.500,4.107,60.000
0.053,0.001,0.005,19.946,123852.305,0.029,60.000
0.048,0.008,0.012,21.751,156357.500,4.247,60.000
0.051,0.020,0.013,20.275,110328.195,6.598,60.000
0.050,0.015,0.010,19.868,88767.211,5.813,60.000
0.047,0.001,0.017,23.726,150728.594,1.507,60.000
0.048,0.009,0.012,21.485,139126.344,4.200,60.000
0.041,0.000,0.008,21.526,-11631.898,-1.294,60.000
0.048,0.018,0.012,20.312,132537.125,6.053,60.000
0.051,0.007,0.010,19.602,152849.688,2.638,60.000
0.043,0.001,0.013,20.371,83070.836,0.181,60.000
0.051,0.025,0.010,21.173,112350.445,5.800,60.000
0.002,0.010,0.012,19.977,37891.945,6.402,60.000
0.051,0.008,0.013,20.106,94393.992,3.886,60.000
0.052,0.001,0.021,22.114,50296.133,0.562,60.000
0.051,0.002,0.010,24.398,52259.367,1.722,60.000
0.039,0.001,0.009,20.888,73936.477,0.013,60.000
0.100,0.013,0.012,17.042,20597.031,6.957,60.000
0.049,0.000,0.010,31.979,-13378.453,2.243,60.000
0.049,0.023,0.010,20.800,127209.086,6.552,60.000
0.048,0.001,0.001,21.700,79201.898,0.380,60.000
0.050,0.000,0.014,29.762,12399.422,-0.081,60.000
0.052,0.022,0.013,20.208,106995.055,6.163,60.000
0.049,0.008,0.014,20.717,115488.352,3.879,60.000
0.051,0.026,0.010,21.591,116657.352,5.637,60.000
0.043,0.001,0.017,20.103,118542.977,-0.273,60.000
0.050,0.010,0.010,20.349,101780.492,3.915,60.000
0.054,0.001,0.008,24.861,86404.320,0.487,60.000
0.059,0.001,0.008,22.917,57601.055,0.048,60.000
0.053,0.001,0.009,24.735,71036.305,0.636,60.000
0.052,0.003,0.011,23.176,57396.148,3.133,60.000
0.057,0.001,0.019,22.166,19219.617,-1.439,60.000
0.052,0.005,0.012,20.770,97386.117,3.639,60.000
0.055,0.001,0.017,22.727,97088.727,0.592,60.000
0.051,0.006,0.014,20.452,93518.367,2.722,60.000
0.054,0.000,0.008,24.724,-14016.797,1.892,60.000
0.049,0.000,0.014,29.005,44297.727,0.972,60.000
0.050,0.003,0.012,23.316,81218.727,3.190,60.000
0.051,0.006,0.013,21.471,90902.680,3.282,60.000
0.046,0.001,0.018,22.060,140741.156,1.167,60.000
0.052,0.005,0.010,20.907,91606.227,1.457,60.000
0.048,0.000,0.010,32.198,-46952.312,1.402,60.000
0.044,0.000,0.017,21.297,56451.930,-0.705,60.000
0.049,0.027,0.011,14.459,2768.836,0.988,60.000
0.051,0.008,0.011,21.418,161724.875,5.354,60.000
0.057,0.000,0.011,24.121,-19082.094,1.242,60.000
0.050,0.027,0.014,15.329,52909.727,0.655,60.000
0.047,0.001,0.006,21.945,93121.742,0.542,60.000
0.047,0.001,0.004,23.064,36350.008,0.634,60.000
0.051,0.001,0.007,24.703,18125.805,-0.553,60.000
0.049,0.007,0.011,21.239,160424.938,3.701,60.000
0.099,0.013,0.011,19.117,111620.211,5.178,60.000
0.100,0.013,0.013,23.864,58056.711,5.258,60.000
0.051,0.021,0.010,18.884,94274.648,5.970,60.000
0.051,0.002,0.016,23.225,117521.789,1.893,60.000
0.049,0.021,0.013,20.765,135025.812,6.237,60.000
0.051,0.000,0.016,26.740,40234.648,0.949,60.000
0.050,0.000,0.002,25.283,-45317.199,-0.668,60.000
0.047,0.001,0.013,32.368,-9829.852,0.144,60.000
0.049,0.005,0.010,22.673,92154.680,1.306,60.000
0.052,0.007,0.012,21.543,99885.977,4.694,60.000
0.053,0.001,0.019,23.860,59667.367,0.810,60.000
0.053,0.000,0.017,29.157,8415.672,-0.566,60.000
0.043,0.001,0.020,20.422,118793.227,0.820,60.000
0.051,0.013,0.010,19.914,77115.398,4.562,60.000
0.051,0.003,0.013,23.405,88407.227,3.176,60.000
0.099,0.011,0.011,19.610,118639.352,4.878,60.000
0.099,0.013,0.014,20.549,135263.406,3.921,60.000
0.050,0.016,0.010,19.629,106103.117,5.937,60.000
0.045,0.000,0.009,26.422,-20384.461,-1.638,60.000
0.048,0.025,0.011,21.361,144821.094,6.993,60.000
0.001,0.012,0.012,19.517,53968.273,6.314,60.000
0.050,0.026,0.014,19.791,171451.375,5.955,60.000
0.043,0.001,0.017,18.506,121923.758,-0.045,60.000
0.050,0.005,0.013,22.420,100387.492,3.743,60.000
0.055,0.000,0.021,19.172,101115.414,1.418,60.000
0.051,0.016,0.011,19.933,100206.352,6.195,60.000
0.048,0.002,0.011,22.879,82635.336,1.375,60.000
0.048,0.001,0.001,21.834,77019.023,0.484,60.000
0.055,0.000,0.014,28.240,16498.562,0.949,60.000
0.051,0.024,0.014,20.228,141051.344,5.877,60.000
0.047,0.001,0.022,21.826,75044.727,0.747,60.000
0.048,0.010,0.013,20.839,158430.562,4.414,60.000
0.050,0.013,0.011,20.809,102812.758,4.782,60.000
0.043,0.001,0.019,18.972,114440.414,0.142,60.000
0.051,0.000,0.020,20.967,99241.367,1.250,60.000
0.040,0.001,0.010,22.264,71168.445,0.179,60.000
0.050,0.016,0.010,19.541,98240.273,5.877,60.000
0.052,0.005,0.013,20.638,87141.945,3.115,60.000
0.055,0.001,0.008,23.405,86623.102,0.345,60.000
0.049,0.025,0.011,21.106,142356.281,6.693,60.000
0.049,0.001,0.004,22.842,100245.289,0.700,60.000
0.049,0.000,0.004,23.352,21076.156,0.418,60.000
0.049,0.012,0.014,22.424,157801.812,4.112,60.000
0.050,0.015,0.014,22.649,159440.219,5.576,60.000
0.049,0.000,0.005,23.735,-11482.367,-0.476,60.000
0.041,0.001,0.006,20.574,89502.336,1.018,60.000
0.053,0.001,0.017,24.940,52548.352,0.961,60.000
0.054,0.001,0.013,26.236,92424.289,1.426,60.000
0.052,0.009,0.011,18.845,111867.320,3.351,60.000
0.052,0.000,0.022,18.327,47350.227,-0.396,60.000
0.051,0.004,0.012,22.223,98855.633,3.741,60.000
0.053,0.001,0.015,23.262,95581.414,1.147,60.000
0.055,0.001,0.009,24.591,71710.242,0.199,60.000
0.042,0.001,0.009,23.288,103433.477,0.493,60.000
0.048,0.007,0.010,21.280,146142.875,2.906,60.000
0.053,0.001,0.011,30.326,-58817.660,0.934,60.000
0.052,0.006,0.014,19.213,87274.477,2.040,60.000
0.045,0.001,0.010,24.388,99963.836,0.603,60.000
0.051,0.008,0.011,21.239,142074.156,4.925,60.000
0.053,0.000,0.007,26.318,45828.727,0.278,60.000
0.052,0.001,0.004,19.465,126382.727,0.519,60.000
0.051,0.006,0.012,22.052,97950.148,4.225,60.000
0.045,0.000,0.009,28.079,-77830.008,0.220,60.000
0.048,0.011,0.012,21.048,130141.055,4.275,60.000
0.046,0.001,0.013,25.417,122936.898,2.211,60.000
0.052,0.000,0.012,31.988,-1249.219,0.286,60.000
0.050,0.022,0.012,20.523,153803.406,5.724,60.000
0.047,0.000,0.004,22.729,-27256.375,-0.524,60.000
0.056,0.001,0.005,20.416,124534.648,0.157,60.000
0.053,0.001,0.019,24.353,17889.945,-0.295,60.000
0.049,0.008,0.011,21.930,172183.719,5.027,60.000
0.049,0.019,0.013,20.088,134134.969,6.394,60.000
0.050,0.023,0.011,20.490,119779.227,6.424,60.000
0.044,0.001,0.005,22.709,23588.273,0.780,60.000
0.045,0.001,0.020,19.901,121066.148,1.174,60.000
0.047,0.001,0.019,20.416,129974.086,1.257,60.000
0.052,0.003,0.011,22.693,54414.727,3.020,60.000
0.048,0.002,0.014,23.066,130687.320,2.534,60.000
0.048,0.017,0.012,19.764,125719.898,6.149,60.000
0.050,0.009,0.013,20.345,132731.344,5.279,60.000
0.049,0.005,0.012,21.844,127809.398,3.839,60.000
0.051,0.001,0.022,22.207,75633.055,1.013,60.000
0.056,0.001,0.009,28.116,22400.469,0.015,60.000
0.060,0.001,0.014,23.097,106853.023,-0.977,60.000
0.045,0.001,0.006,22.048,82071.805,0.467,60.000
0.049,0.027,0.013,22.310,158193.500,7.725,60.000
0.049,0.010,0.012,20.397,142160.156,4.515,60.000
0.058,0.001,0.014,22.420,118501.523,-0.039,60.000
0.059,0.001,0.011,22.004,70691.930,0.127,60.000
0.048,0.025,0.012,20.537,149030.969,6.349,60.000
0.047,0.002,0.007,22.780,93410.742,0.939,60.000
0.051,0.009,0.013,20.104,113464.070,4.930,60.000
0.052,0.000,0.004,22.120,-56146.699,-1.551,60.000
0.051,0.001,0.019,22.408,114432.836,2.136,60.000
0.055,0.000,0.011,26.563,42765.570,2.296,60.000
0.051,0.000,0.008,27.914,-13690.125,-0.215,60.000
0.051,0.008,0.012,21.884,149203.531,6.148,60.000
0.048,0.010,0.011,21.249,127375.523,3.795,60.000
0.049,0.026,0.012,20.231,156827.875,6.460,60.000
0.049,0.003,0.009,24.339,70608.852,1.199,60.000
0.041,0.001,0.007,20.945,78988.508,0.452,60.000
0.051,0.000,0.005,23.029,-20713.695,-0.579,60.000
0.050,0.019,0.011,20.039,119887.539,6.207,60.000
0.051,0.004,0.011,22.437,76016.586,3.248,60.000
0.055,0.001,0.019,20.795,100283.102,1.258,60.000
0.049,0.012,0.011,20.769,121386.164,4.321,60.000
0.053,0.000,0.020,21.983,-30952.242,-2.397,60.000
0.049,0.016,0.012,20.263,123899.602,6.189,60.000
0.046,0.001,0.006,22.922,80052.039,0.711,60.000
0.045,0.001,0.004,20.500,89080.055,0.655,60.000
0.054,0.001,0.022,19.964,113580.867,1.861,60.000
0.051,0.000,0.004,22.501,-51210.945,-1.347,60.000
0.098,0.013,0.012,19.984,106863.352,5.228,60.000
0.051,0.000,0.002,20.121,28164.945,-0.802,60.000
0.050,0.027,0.012,18.561,129722.898,4.587,60.000
0.048,0.011,0.013,20.839,145775.812,4.016,60.000
0.055,0.000,0.018,22.859,-20636.297,-1.886,60.000
0.047,0.000,0.009,27.903,-36759.531,-1.472,60.000
0.048,0.012,0.012,21.059,142957.812,4.095,60.000
0.055,0.002,0.015,22.865,93343.898,0.719,60.000
0.050,0.019,0.010,18.481,107293.773,5.819,60.000
0.051,0.019,0.014,20.412,122901.805,7.130,60.000
0.050,0.003,0.012,23.526,95503.055,3.409,60.000
0.052,0.001,0.011,29.164,673.000,1.551,60.000
0.048,0.024,0.013,20.389,152655.438,5.781,60.000
0.050,0.024,0.010,21.024,125199.195,6.203,60.000
0.052,0.005,0.012,20.577,96185.898,3.871,60.000
0.044,0.000,0.015,26.208,-74469.875,-1.800,60.000
0.053,0.002,0.014,23.474,91172.961,0.929,60.000
0.047,0.002,0.014,23.582,155682.188,2.401,60.000
0.049,0.000,0.023,20.837,85951.664,1.443,60.000
0.048,0.025,0.013,20.397,161266.875,6.068,60.000
0.051,0.009,0.010,19.913,105928.227,3.384,60.000
0.058,0.000,0.019,17.127,67799.695,1.769,60.000
0.050,0.001,0.013,30.816,39210.258,1.517,60.000
0.041,0.001,0.007,20.385,92383.539,0.907,60.000
0.049,0.012,0.010,20.805,89489.367,4.330,60.000
0.048,0.001,0.004,20.867,105622.133,0.789,60.000
0.098,0.013,0.013,20.260,121310.383,3.955,60.000
0.043,0.001,0.012,23.675,90190.039,0.005,60.000
0.045,0.001,0.011,26.971,36484.180,-0.472,60.000
0.049,0.008,0.012,21.751,164605.938,5.762,60.000
0.050,0.002,0.009,24.743,65477.227,1.013,60.000
0.056,0.001,0.010,23.533,85597.977,0.223,60.000
0.050,0.012,0.011,20.411,116183.961,4.137,60.000
0.049,0.017,0.011,20.218,125552.820,6.516,60.000
0.049,0.004,0.014,21.414,105897.930,2.566,60.000
0.048,0.008,0.013,20.949,138530.188,4.379,60.000
0.040,0.000,0.016,20.597,9222.422,-3.633,60.000
0.048,0.000,0.009,27.155,23315.711,0.459,60.000
0.045,0.001,0.019,19.054,126328.352,0.712,60.000
0.048,0.000,0.015,29.820,-35135.812,-2.060,60.000
0.053,0.001,0.005,22.017,59901.461,-0.234,60.000
0.044,0.001,0.009,22.173,111715.070,0.528,60.000
0.051,0.009,0.009,20.629,116205.523,2.713,60.000
0.051,0.002,0.015,23.393,114433.164,1.705,60.000
0.052,0.002,0.014,24.103,89351.539,1.765,60.000
0.043,0.001,0.012,23.342,86553.602,0.164,60.000
0.042,0.000,0.010,21.769,24982.508,-0.042,60.000
0.051,0.013,0.010,19.738,56577.883,5.075,60.000
0.058,0.000,0.015,23.939,7265.570,-0.745,60.000
0.047,0.000,0.019,22.576,-10635.875,-0.995,60.000
0.048,0.015,0.012,21.331,109959.586,5.760,60.000
0.044,0.001,0.013,29.486,-5686.078,-0.478,60.000
0.049,0.016,0.010,20.079,106361.805,6.094,60.000
0.051,0.016,0.010,19.459,98353.820,5.897,60.000
0.047,0.002,0.014,23.868,153270.688,2.481,60.000
0.058,0.001,0.014,24.913,96135.680,-0.436,60.000
0.044,0.002,0.014,21.543,117373.398,1.307,60.000
0.051,0.018,0.010,18.517,95814.508,5.652,60.000
0.051,0.009,0.010,19.771,105724.883,3.278,60.000
0.055,0.001,0.012,22.436,81034.086,2.003,60.000
0.040,0.001,0.007,20.297,95373.430,0.562,60.000
0.050,0.017,0.010,19.694,103624.555,5.965,60.000
0.049,0.010,0.011,20.726,138193.375,4.289,60.000
0.059,0.000,0.007,24.232,-15115.430,2.011,60.000
0.045,0.002,0.011,21.725,111029.883,0.331,60.000
0.050,0.005,0.010,21.597,91704.039,1.269,60.000
0.049,0.018,0.012,20.055,128224.445,6.427,60.000
0.055,0.000,0.012,29.192,-36870.523,0.335,60.000
0.040,0.000,0.015,15.684,33082.805,2.359,60.000
0.051,0.010,0.012,20.317,114946.977,4.652,60.000
0.051,0.016,0.012,20.200,119936.633,6.531,60.000
0.041,0.001,0.013,21.775,-3661.039,-3.340,60.000
0.051,0.004,0.011,22.482,76967.352,3.265,60.000
0.001,0.013,0.012,19.306,59950.117,6.259,60.000
0.055,0.001,0.007,24.541,33384.211,-0.506,60.000
0.049,0.026,0.010,21.648,111797.898,5.319,60.000
0.051,0.025,0.011,20.003,132476.000,5.943,60.000
0.049,0.026,0.011,21.010,121400.523,5.729,60.000
0.050,0.023,0.014,20.482,140273.250,5.915,60.000
0.049,0.020,0.012,20.518,129501.320,5.999,60.000
0.045,0.002,0.006,22.306,82356.633,0.795,60.000
0.050,0.023,0.010,20.546,116525.273,6.121,60.000
0.049,0.021,0.013,20.876,141173.469,6.090,60.000
0.048,0.001,0.014,26.596,139195.719,2.569,60.000
0.052,0.003,0.010,23.443,48790.867,2.382,60.000
0.050,0.000,0.022,21.131,52132.258,0.612,60.000
0.049,0.008,0.013,21.077,141521.000,5.063,60.000
0.052,0.001,0.018,27.487,-41119.590,-1.129,60.000
0.052,0.020,0.012,19.971,99884.148,5.948,60.000
0.047,0.001,0.010,23.444,87979.539,1.196,60.000
0.049,0.026,0.012,20.283,167502.406,6.272,60.000
0.055,0.001,0.007,24.832,29086.523,-0.454,60.000
0.045,0.000,0.019,23.601,52177.742,1.314,60.000
0.050,0.011,0.012,20.132,121619.820,4.144,60.000
0.050,0.018,0.014,20.022,149053.469,7.314,60.000
0.044,0.000,0.009,24.867,-4134.984,-0.944,60.000
0.049,0.006,0.012,21.823,147615.312,4.776,60.000
0.051,0.013,0.012,20.832,117948.570,3.934,60.000
0.052,0.000,0.018,26.064,-25035.203,-1.867,60.000
0.044,0.001,0.014,23.802,102043.086,1.262,60.000
0.042,0.001,0.015,20.936,60179.539,-0.311,60.000
0.051,0.021,0.013,20.111,117036.352,6.524,60.000
0.001,0.012,0.012,19.415,52868.805,6.332,60.000
0.051,0.018,0.010,19.108,97617.227,5.752,60.000
0.053,0.000,0.009,29.019,23658.328,2.796,60.000
0.050,0.004,0.010,21.565,88976.586,1.626,60.000
0.048,0.005,0.013,21.710,110473.695,2.733,60.000
0.054,0.000,0.012,29.409,23089.844,0.898,60.000
0.059,0.001,0.012,18.538,144913.438,-0.314,60.000
0.056,0.000,0.006,20.916,63668.789,-0.594,60.000
0.049,0.000,0.011,33.346,-28461.266,1.587,60.000
0.049,0.019,0.012,20.542,135855.188,6.308,60.000
0.052,0.009,0.011,19.573,120472.836,3.787,60.000
0.049,0.000,0.020,19.138,117538.258,1.448,60.000
0.049,0.005,0.014,21.416,97453.664,2.529,60.000
0.051,0.013,0.013,22.858,141137.875,4.554,60.000
0.057,0.000,0.008,24.158,-24226.477,1.134,60.000
0.051,0.009,0.012,21.183,128801.336,5.486,60.000
0.048,0.016,0.012,20.322,125637.398,6.209,60.000
0.040,0.001,0.016,19.642,67054.664,-1.042,60.000
0.051,0.005,0.012,21.289,113613.680,4.368,60.000
0.049,0.008,0.010,21.711,130788.305,3.268,60.000
0.047,0.000,0.008,26.874,-6767.266,0.205,60.000
0.049,0.013,0.010,20.926,75743.602,4.649,60.000
0.098,0.013,0.012,19.872,107608.070,5.182,60.000
0.002,0.010,0.012,19.439,31311.789,6.467,60.000
0.054,0.000,0.002,19.687,41175.367,-1.803,60.000
0.043,0.001,0.007,22.539,75717.242,0.476,60.000
0.051,0.026,0.010,21.390,116226.961,5.740,60.000
0.048,0.003,0.013,22.621,117720.539,3.106,60.000
0.002,0.012,0.011,18.520,29935.008,6.809,60.000
0.044,0.000,0.003,22.713,82241.008,1.687,60.000
0.050,0.019,0.011,20.027,128724.305,6.395,60.000
0.098,0.012,0.011,18.924,111748.914,4.720,60.000
0.050,0.021,0.011,19.747,115667.461,6.202,60.000
0.050,0.005,0.010,21.885,92290.727,1.254,60.000
0.058,0.001,0.005,19.238,135688.594,-0.013,60.000
0.056,0.001,0.010,26.472,-20266.477,0.458,60.000
0.049,0.004,0.014,21.556,108771.852,2.717,60.000
0.042,0.000,0.017,21.557,17642.656,-1.555,60.000
0.050,0.010,0.013,20.421,139867.094,4.737,60.000
0.059,0.000,0.014,24.213,26257.086,-0.490,60.000
0.099,0.012,0.013,20.823,129484.977,4.357,60.000
0.049,0.003,0.014,21.278,120664.055,2.602,60.000
0.057,0.001,0.009,23.143,97101.961,0.149,60.000
0.043,0.000,0.009,23.457,-9099.914,-1.040,60.000
0.047,0.001,0.017,24.473,140478.688,1.306,60.000
0.048,0.013,0.013,21.127,152853.750,4.169,60.000
0.050,0.020,0.014,19.922,132926.438,6.969,60.000
0.099,0.011,0.012,20.318,133936.781,4.918,60.000
0.052,0.022,0.012,20.076,119979.430,5.553,60.000
0.050,0.021,0.010,19.799,107715.773,6.328,60.000
0.050,0.025,0.011,20.307,136185.219,6.423,60.000
0.056,0.000,0.020,21.921,-14719.742,-0.422,60.000
0.048,0.023,0.012,20.434,141372.781,5.954,60.000
0.052,0.008,0.010,18.671,134061.656,2.910,60.000
0.050,0.010,0.009,21.093,77057.586,3.537,60.000
0.051,0.027,0.011,20.828,96115.508,4.621,60.000
0.043,0.000,0.012,29.183,-52995.898,0.833,60.000
0.051,0.006,0.011,20.518,142325.406,3.842,60.000
0.050,0.003,0.011,23.071,69996.758,2.706,60.000
0.051,0.000,0.009,28.232,-40440.531,-0.326,60.000
0.050,0.021,0.014,19.965,124071.805,6.348,60.000
0.059,0.001,0.018,20.074,102952.398,0.158,60.000
0.046,0.001,0.019,20.272,134463.531,1.305,60.000
0.047,0.001,0.017,21.224,159183.656,1.682,60.000
0.052,0.006,0.012,21.340,92416.117,3.862,60.000
0.053,0.001,0.012,26.597,58702.883,1.907,60.000
0.055,0.000,0.007,22.496,28259.148,-0.267,60.000
0.044,0.001,0.011,23.444,94693.164,0.375,60.000
0.042,0.001,0.015,19.726,92126.133,-0.054,60.000
0.048,0.025,0.011,22.014,142405.281,6.690,60.000
0.048,0.009,0.011,21.612,148501.406,4.304,60.000
0.056,0.001,0.014,27.303,84622.930,0.336,60.000
0.050,0.019,0.013,19.798,124927.977,6.549,60.000
0.049,0.012,0.013,20.651,147191.344,4.159,60.000
0.055,0.000,0.020,22.657,3374.242,-1.454,60.000
0.052,0.004,0.014,19.560,102013.352,2.146,60.000
0.052,0.000,0.021,19.678,-48864.992,-2.233,60.000
0.048,0.001,0.005,21.714,105210.070,0.778,60.000
0.047,0.001,0.010,24.040,92048.836,1.185,60.000
0.046,0.002,0.008,22.614,99233.273,0.660,60.000
0.052,0.007,0.013,21.372,98708.664,4.055,60.000
0.048,0.018,0.012,19.776,133318.906,6.198,60.000
0.049,0.026,0.011,21.827,140285.344,6.588,60.000
0.054,0.000,0.020,20.278,82495.664,1.127,60.000
0.049,0.004,0.012,22.012,117212.117,3.676,60.000
0.048,0.018,0.010,20.075,127089.836,6.611,60.000
0.049,0.018,0.013,19.747,136211.219,7.116,60.000
0.052,0.006,0.013,20.170,84899.492,2.681,60.000
0.051,0.012,0.013,21.722,134367.906,4.073,60.000
0.049,0.000,0.018,23.311,27852.367,-0.036,60.000
0.044,0.001,0.021,20.576,121732.508,1.484,60.000
0.046,0.001,0.009,23.109,105795.820,0.985,60.000
0.040,0.001,0.016,21.067,69080.758,-1.753,60.000
0.059,0.001,0.012,24.477,35486.898,-0.750,60.000
0.049,0.013,0.014,23.553,156574.000,4.390,60.000
0.049,0.001,0.019,22.723,128998.742,1.898,60.000
0.052,0.003,0.011,22.691,54607.898,2.983,60.000
0.050,0.000,0.007,25.410,-45029.520,1.542,60.000
0.050,0.016,0.012,19.997,117632.664,6.428,60.000
0.048,0.011,0.012,21.141,138785.188,4.182,60.000
0.048,0.018,0.013,19.272,140714.312,6.590,60.000
0.049,0.000,0.020,20.128,68122.258,0.731,60.000
0.050,0.015,0.012,20.295,124132.242,5.802,60.000
0.055,0.001,0.005,21.616,116469.914,0.175,60.000
0.048,0.011,0.012,20.767,147691.938,4.202,60.000
0.041,0.001,0.014,20.007,49498.508,-1.022,60.000
0.047,0.002,0.014,23.703,155676.375,2.465,60.000
0.051,0.000,0.006,25.348,88.164,1.123,60.000
0.052,0.012,0.013,21.500,115388.289,3.513,60.000
0.048,0.018,0.013,19.387,140005.781,6.617,60.000
0.055,0.001,0.016,25.669,23547.156,-0.283,60.000
0.048,0.019,0.011,20.276,133717.156,6.325,60.000
0.051,0.027,0.011,16.883,93610.883,4.333,60.000
0.050,0.002,0.009,24.741,60586.008,0.990,60.000
0.049,0.000,0.009,27.729,27282.602,-0.410,60.000
0.051,0.010,0.010,19.496,91988.305,3.437,60.000
0.050,0.023,0.014,20.279,134001.062,5.966,60.000
0.053,0.002,0.007,22.830,100143.383,0.553,60.000
0.051,0.003,0.011,23.398,61139.914,2.861,60.000
0.050,0.014,0.011,20.673,106801.195,5.039,60.000
0.042,0.000,0.006,23.259,47940.555,1.654,60.000
0.051,0.009,0.009,20.699,118638.789,2.713,60.000
0.049,0.013,0.012,21.110,122596.914,4.566,60.000
0.053,0.001,0.004,20.194,115011.086,0.194,60.000
0.057,0.002,0.014,22.148,107993.977,0.286,60.000
0.049,0.006,0.015,20.678,101607.898,2.556,60.000
0.049,0.012,0.012,20.863,138164.094,4.370,60.000
0.049,0.015,0.012,20.923,125196.555,5.601,60.000
0.051,0.027,0.014,22.384,159425.219,7.298,60.000
0.053,0.001,0.015,22.787,92869.133,1.081,60.000
0.050,0.022,0.013,20.627,128103.945,6.150,60.000
0.057,0.001,0.013,26.393,57079.836,-0.184,60.000
0.051,0.027,0.012,16.156,72854.180,2.683,60.000
0.048,0.009,0.014,20.784,146252.656,4.420,60.000
0.049,0.009,0.015,21.023,116151.805,3.617,60.000
0.050,0.000,0.002,25.318,-52796.074,-0.555,60.000
0.001,0.013,0.011,19.464,15884.852,6.153,60.000
0.049,0.002,0.010,23.280,68969.555,1.592,60.000
0.057,0.001,0.013,23.922,115134.430,0.569,60.000
0.046,0.000,0.003,23.270,-57666.031,-0.969,60.000
0.045,0.001,0.014,24.575,112747.430,1.661,60.000
0.051,0.019,0.014,20.157,132893.688,7.245,60.000
0.054,0.001,0.011,28.333,-4993.281,1.283,60.000
0.050,0.027,0.012,19.045,145462.344,6.583,60.000
0.048,0.005,0.013,22.119,111120.023,2.916,60.000
0.050,0.001,0.010,26.591,43172.242,1.155,60.000
0.051,0.012,0.014,22.643,130253.289,3.711,60.000
0.098,0.010,0.011,19.574,124492.883,4.816,60.000
0.049,0.009,0.014,21.181,130233.102,3.802,60.000
0.046,0.002,0.015,21.555,164189.719,1.927,60.000
0.051,0.001,0.005,20.907,116784.539,0.317,60.000
0.050,0.001,0.018,22.819,134778.406,2.051,60.000
0.050,0.019,0.010,18.835,109201.352,5.837,60.000
0.041,0.000,0.012,28.103,3637.227,1.378,60.000
0.047,0.000,0.012,27.905,70664.914,0.054,60.000
0.055,0.001,0.015,28.250,-11647.727,-0.743,60.000
0.052,0.013,0.013,22.537,120886.039,4.229,60.000
0.048,0.012,0.013,21.229,149068.594,3.860,60.000
0.051,0.017,0.012,19.850,111284.039,6.385,60.000
0.048,0.019,0.011,20.202,128052.883,6.451,60.000
0.053,0.000,0.022,20.345,27245.102,-1.226,60.000
0.058,0.001,0.008,21.279,116968.680,-0.036,60.000
0.043,0.001,0.005,21.786,46974.602,1.368,60.000
0.002,0.013,0.013,19.827,67834.883,5.760,60.000
0.051,0.012,0.010,19.704,64175.461,4.616,60.000
0.054,0.001,0.012,23.142,76895.836,2.271,60.000
0.048,0.012,0.012,20.972,139065.312,4.274,60.000
0.059,0.001,0.005,19.204,145324.125,0.177,60.000
0.052,0.009,0.010,18.726,136518.281,3.401,60.000
0.049,0.016,0.013,20.285,139616.938,6.336,60.000
0.051,0.006,0.014,20.244,91180.602,2.692,60.000
0.051,0.013,0.012,20.459,114757.883,3.984,60.000
0.048,0.005,0.014,21.457,103711.523,2.575,60.000
0.050,0.012,0.010,20.852,67912.258,4.642,60.000
0.051,0.006,0.011,20.047,144014.812,3.355,60.000
0.048,0.005,0.013,21.790,115640.539,2.996,60.000
0.042,0.001,0.012,24.915,11718.461,-2.305,60.000
0.056,0.000,0.007,24.492,8634.172,0.654,60.000
0.100,0.013,0.011,15.790,9662.156,7.390,60.000
0.049,0.010,0.011,20.426,132741.750,4.391,60.000
0.057,0.000,0.015,23.851,42933.758,-0.016,60.000
0.050,0.025,0.011,21.127,125283.086,6.289,60.000
0.051,0.020,0.010,18.576,92350.164,6.060,60.000
0.050,0.013,0.012,20.618,128532.227,4.485,60.000
0.048,0.000,0.020,22.975,73249.273,0.638,60.000
0.050,0.001,0.021,22.487,127405.820,1.822,60.000
0.050,0.000,0.018,23.149,2861.703,-1.204,60.000
0.049,0.026,0.014,20.691,185182.844,5.623,60.000
0.052,0.000,0.010,31.938,-22077.141,0.467,60.000
0.046,0.001,0.011,22.387,110943.055,0.887,60.000
0.059,0.001,0.012,22.623,131661.125,-0.437,60.000
0.050,0.023,0.013,20.841,147889.688,5.919,60.000
0.045,0.000,0.009,26.592,-40150.340,-2.496,60.000
0.048,0.001,0.002,21.661,75956.648,0.216,60.000
0.052,0.001,0.003,21.980,92708.445,0.181,60.000
0.048,0.015,0.013,20.460,137203.250,5.875,60.000
0.052,0.016,0.013,20.793,98410.883,5.334,60.000
0.055,0.000,0.004,27.172,-49490.508,1.604,60.000
0.052,0.013,0.014,23.031,129158.539,4.205,60.000
0.050,0.023,0.010,20.240,112108.852,5.984,60.000
0.048,0.000,0.014,31.849,34364.273,0.255,60.000
0.060,0.001,0.010,20.630,115122.258,0.334,60.000
0.050,0.018,0.012,19.212,113814.430,6.195,60.000
0.051,0.016,0.010,19.669,93777.336,5.994,60.000
0.046,0.001,0.013,24.125,130929.711,2.291,60.000
0.041,0.001,0.007,21.989,66143.039,0.628,60.000
0.050,0.026,0.011,21.446,122551.992,5.878,60.000
0.048,0.003,0.014,22.254,120795.773,2.646,60.000
0.050,0.006,0.009,21.330,117366.086,1.688,60.000
0.048,0.012,0.010,21.121,83232.805,4.440,60.000
0.055,0.000,0.018,22.326,37400.570,-0.192,60.000
0.052,0.007,0.013,20.649,84816.836,3.251,60.000
0.050,0.013,0.012,21.055,141553.344,4.620,60.000
0.049,0.021,0.011,19.906,121663.273,6.504,60.000
0.002,0.014,0.013,19.922,73279.180,5.785,60.000
0.047,0.000,0.011,30.775,-51189.734,-2.435,60.000
0.045,0.001,0.019,19.748,129042.602,1.029,60.000
0.052,0.001,0.013,29.701,45080.680,2.320,60.000
0.051,0.022,0.011,19.725,121549.961,5.663,60.000
0.050,0.017,0.010,19.538,108711.492,5.959,60.000
0.053,0.001,0.002,21.905,-34623.641,-1.301,60.000
0.059,0.000,0.007,20.055,63296.211,-2.048,60.000
0.046,0.002,0.017,19.981,159371.438,1.481,60.000
0.053,0.000,0.013,30.267,-59505.379,-1.028,60.000
0.045,0.001,0.020,21.965,37882.164,-0.418,60.000
0.042,0.000,0.012,24.655,4666.984,-1.396,60.000
0.049,0.004,0.012,22.563,112236.758,3.391,60.000
0.048,0.021,0.010,20.437,127774.930,7.134,60.000
0.045,0.001,0.019,21.129,63618.180,-0.139,60.000
0.052,0.002,0.007,23.068,99630.523,0.592,60.000
0.042,0.001,0.006,22.145,42067.805,1.056,60.000
0.000,0.011,0.012,15.348,29695.414,8.553,60.000
0.058,0.001,0.006,19.842,140011.094,-0.291,60.000
0.050,0.003,0.010,23.555,65859.727,1.083,60.000
0.048,0.023,0.012,20.518,144091.500,6.005,60.000
0.049,0.025,0.012,20.297,162416.188,6.010,60.000
0.051,0.006,0.011,20.723,130121.867,4.201,60.000
0.050,0.021,0.014,20.082,130805.102,6.359,60.000
0.049,0.005,0.013,21.894,101692.992,2.885,60.000
0.049,0.008,0.013,20.663,136686.812,4.826,60.000
0.050,0.008,0.013,20.734,126279.586,4.761,60.000
0.050,0.003,0.011,23.334,72789.867,3.036,60.000
-0.000,0.011,0.011,15.595,15719.406,8.234,60.000
0.052,0.012,0.013,21.726,121768.633,3.750,60.000
0.052,0.001,0.014,30.230,29771.883,1.004,60.000
0.049,0.023,0.012,20.285,147268.750,5.640,60.000
0.051,0.015,0.012,20.106,119313.430,5.764,60.000
0.044,0.001,0.006,22.415,70909.617,0.727,60.000
0.050,0.006,0.010,21.070,100853.773,1.530,60.000
0.051,0.027,0.013,16.914,59861.727,1.166,60.000
0.051,0.022,0.013,20.681,122975.633,5.987,60.000
0.048,0.015,0.011,20.934,109583.227,5.922,60.000
0.039,0.001,0.013,20.635,23968.172,-2.169,60.000
0.047,0.002,0.013,23.785,122636.961,2.482,60.000
0.051,0.022,0.011,19.781,114828.898,6.002,60.000
0.043,0.000,0.019,20.473,-41558.875,-1.515,60.000
0.051,0.014,0.013,21.654,139507.875,4.840,60.000
0.046,0.001,0.004,22.321,86217.070,0.802,60.000
0.049,0.001,0.005,23.888,10134.516,0.002,60.000
0.049,0.019,0.012,20.517,137555.719,6.292,60.000
0.099,0.012,0.012,22.581,84958.961,4.172,60.000
0.002,0.012,0.012,19.701,50814.461,6.324,60.000
0.049,0.002,0.009,24.269,82662.930,0.826,60.000
0.059,0.001,0.010,20.628,118306.664,0.020,60.000
0.056,0.001,0.017,22.231,105053.805,0.500,60.000
0.046,0.001,0.003,21.905,78267.711,1.019,60.000
0.049,0.018,0.012,19.633,123418.445,6.271,60.000
0.051,0.013,0.012,21.532,129284.039,4.494,60.000
0.050,0.006,0.010,20.551,121168.945,1.918,60.000
0.050,0.023,0.014,20.421,138493.906,6.005,60.000
0.049,0.004,0.009,23.729,70353.195,1.103,60.000
0.001,0.013,0.012,20.018,62353.570,6.142,60.000
0.049,0.012,0.010,20.880,81904.742,4.395,60.000
0.052,0.005,0.012,21.255,103789.508,4.234,60.000
0.047,0.001,0.012,26.772,79771.773,1.757,60.000
0.052,0.012,0.013,20.851,112919.367,4.022,60.000
0.042,0.001,0.006,22.207,82069.820,1.532,60.000
0.056,0.001,0.004,19.536,129398.086,0.111,60.000
0.053,0.001,0.017,23.446,96468.867,1.240,60.000
0.058,0.001,0.017,21.474,104927.258,0.231,60.000
0.048,0.001,0.014,24.657,148471.438,2.470,60.000
0.048,0.001,0.020,23.007,97732.805,1.080,60.000
0.048,0.001,0.013,28.466,64617.992,1.794,60.000
0.055,0.000,0.014,29.036,17140.453,0.829,60.000
0.050,0.009,0.014,20.228,121172.523,4.579,60.000
0.056,0.001,0.009,23.783,80132.742,0.287,60.000
0.051,0.000,0.002,22.145,13810.211,-0.160,60.000
0.053,0.002,0.011,23.228,47113.211,2.730,60.000
0.048,0.001,0.015,23.341,153931.906,2.348,60.000
0.057,0.001,0.007,24.306,57612.695,0.077,60.000
0.055,0.001,0.011,24.308,89638.117,1.162,60.000
0.053,0.002,0.011,23.376,54432.617,2.915,60.000
0.044,0.000,0.015,28.924,-89940.922,-3.685,60.000
0.041,0.001,0.011,22.110,70477.430,-0.453,60.000
0.045,0.001,0.013,23.898,127595.258,2.168,60.000
0.051,0.001,0.017,23.318,109317.352,1.886,60.000
0.044,0.000,0.011,26.174,31135.523,-1.640,60.000
0.048,0.004,0.010,22.420,91158.758,1.575,60.000
0.049,0.002,0.010,23.621,70508.352,1.362,60.000
0.050,0.006,0.013,21.569,103934.289,3.418,60.000
0.049,0.012,0.010,21.276,75591.477,4.118,60.000
0.050,0.002,0.014,22.642,115074.758,2.408,60.000
0.049,0.026,0.012,20.691,150152.344,6.740,60.000
0.050,0.018,0.010,19.008,103149.805,5.758,60.000
0.046,0.001,0.006,23.059,86883.445,0.676,60.000
0.052,0.000,0.020,18.964,51095.258,-0.317,60.000
0.054,0.001,0.009,24.500,71644.352,0.667,60.000
0.051,0.017,0.013,20.692,117136.070,7.130,60.000
0.048,0.024,0.013,20.218,155936.438,5.831,60.000
0.049,0.007,0.014,20.945,109464.414,3.363,60.000
0.050,0.017,0.013,20.102,124710.227,6.617,60.000
0.049,0.026,0.011,22.329,137832.562,6.264,60.000
0.047,0.001,0.015,22.565,164127.844,2.172,60.000
0.054,0.000,0.013,28.469,-31417.195,0.046,60.000
0.051,0.013,0.010,20.204,60054.336,5.233,60.000
0.049,0.001,0.013,30.687,36540.398,1.068,60.000
0.048,0.001,0.017,25.701,100215.945,0.992,60.000
0.050,0.006,0.011,21.451,155922.188,4.580,60.000
0.050,0.018,0.013,20.068,128194.539,6.972,60.000
0.046,0.001,0.007,25.540,41831.695,0.258,60.000
0.098,0.012,0.014,20.469,135027.281,3.946,60.000
0.048,0.006,0.010,21.691,117591.508,1.696,60.000
0.042,0.001,0.016,19.305,101031.430,0.009,60.000
0.051,0.004,0.012,21.543,96806.773,3.793,60.000
0.051,0.005,0.012,22.189,104149.852,4.165,60.000
0.049,0.026,0.012,20.534,154406.594,6.651,60.000
0.047,0.000,0.020,21.258,43916.945,0.352,60.000
0.050,0.001,0.004,21.545,6500.234,-0.498,60.000
0.044,0.001,0.011,23.402,95203.945,0.354,60.000
0.053,0.001,0.011,23.106,62258.555,2.416,60.000
0.051,0.010,0.011,19.738,116956.633,4.164,60.000
0.044,0.001,0.020,20.586,95499.477,0.300,60.000
0.047,0.001,0.008,25.471,59420.914,0.221,60.000
0.046,0.000,0.014,29.486,29115.555,1.338,60.000
0.047,0.000,0.021,20.894,16774.977,-1.300,60.000
0.051,0.000,0.009,32.036,-11434.945,2.323,60.000
0.056,0.001,0.008,22.304,108722.727,0.007,60.000
0.048,0.006,0.011,21.501,155254.656,3.563,60.000
0.051,0.010,0.014,20.548,108292.398,3.621,60.000
0.051,0.001,0.006,24.616,59372.852,0.152,60.000
0.050,0.014,0.014,22.499,159465.781,5.316,60.000
0.048,0.008,0.013,20.770,151581.969,4.906,60.000
0.053,0.002,0.016,22.722,91396.758,1.074,60.000
0.052,0.001,0.010,24.899,55080.617,1.071,60.000
0.051,0.020,0.013,19.992,110540.711,6.213,60.000
0.044,0.002,0.011,21.729,102320.836,-0.102,60.000
0.048,0.026,0.010,21.520,115424.711,5.526,60.000
0.048,0.005,0.014,21.568,101577.258,2.579,60.000
0.051,0.015,0.012,20.173,110859.070,5.111,60.000
0.049,0.008,0.013,20.544,137514.375,4.941,60.000
0.049,0.023,0.012,20.344,149506.062,5.852,60.000
0.050,0.009,0.015,20.702,109086.852,3.381,60.000
0.043,0.001,0.005,22.213,60828.273,1.253,60.000
0.049,0.012,0.011,20.638,112459.398,4.099,60.000
0.050,0.026,0.013,19.955,174460.688,5.909,60.000
0.049,0.001,0.002,22.118,72081.195,0.194,60.000
0.050,0.008,0.014,20.467,116365.148,4.669,60.000
0.050,0.019,0.012,19.985,124567.336,6.200,60.000
0.048,0.009,0.011,21.323,147737.656,4.226,60.000
0.058,0.001,0.018,20.744,106049.961,0.251,60.000
0.043,0.000,0.010,26.996,-15165.984,1.663,60.000
0.050,0.001,0.018,22.458,118019.523,2.166,60.000
0.051,0.008,0.013,20.520,88428.008,3.806,60.000
0.049,0.026,0.012,20.427,165683.812,6.368,60.000
0.000,0.013,0.013,25.734,-50740.727,3.393,60.000
0.040,0.001,0.013,19.284,45815.383,-1.412,60.000
0.048,0.016,0.013,20.562,130835.711,5.789,60.000
0.052,0.012,0.013,21.019,101585.273,3.586,60.000
0.052,0.008,0.011,20.811,132261.688,4.723,60.000
0.047,0.001,0.018,20.250,136793.219,1.332,60.000
0.058,0.001,0.006,20.991,137827.688,0.021,60.000
0.042,0.001,0.008,22.710,52271.977,-0.218,60.000
0.045,0.001,0.012,31.289,-22722.766,-1.394,60.000
0.047,0.002,0.010,23.327,93368.773,1.229,60.000
0.054,0.000,0.015,29.313,40444.492,-0.096,60.000
0.046,0.000,0.007,24.914,-39827.945,-1.208,60.000
0.042,0.001,0.018,19.390,115541.398,-0.055,60.000
0.042,0.001,0.011,23.900,87430.273,-0.069,60.000
0.044,0.001,0.005,22.499,78289.664,1.002,60.000
0.057,0.001,0.016,24.007,42188.461,-0.870,60.000
0.051,0.009,0.010,19.326,135628.125,3.645,60.000
0.039,0.000,0.012,22.017,-32405.812,-1.760,60.000
0.055,0.001,0.014,23.531,101694.320,1.099,60.000
0.050,0.003,0.013,23.106,90211.680,2.999,60.000
0.052,0.001,0.009,26.004,55499.023,0.762,60.000
0.046,0.001,0.014,24.347,139255.156,2.348,60.000
0.054,0.000,0.018,21.522,59926.586,0.775,60.000
0.052,0.008,0.011,18.677,132933.062,3.114,60.000
0.051,0.007,0.013,21.774,115620.195,4.799,60.000
0.048,0.020,0.011,20.110,122937.102,6.473,60.000
0.049,0.000,0.010,28.771,6558.242,-0.697,60.000
0.045,0.001,0.010,26.677,30878.680,-0.651,60.000
0.049,0.008,0.011,21.834,169002.312,4.476,60.000
0.059,0.001,0.014,24.491,72321.992,-0.870,60.000
0.057,0.000,0.010,25.192,85066.789,-0.504,60.000
0.047,0.001,0.002,22.541,74762.180,0.705,60.000
0.043,0.001,0.004,21.971,82733.055,1.467,60.000
0.050,0.025,0.011,21.048,121162.289,6.183,60.000
0.001,0.011,0.011,18.633,27355.305,6.932,60.000
0.002,0.012,0.011,18.019,29213.414,7.025,60.000
0.058,0.000,0.017,23.334,67830.055,2.199,60.000
0.052,0.003,0.011,23.206,55194.273,3.029,60.000
0.049,0.013,0.012,20.918,125442.086,4.683,60.000
0.047,0.000,0.003,21.868,40857.523,-0.066,60.000
0.097,0.013,0.011,19.205,104989.711,5.431,60.000
0.049,0.014,0.013,20.720,152780.531,5.148,60.000
0.058,0.001,0.013,24.756,68545.680,-0.608,60.000
0.051,0.001,0.005,21.000,118044.461,0.456,60.000
0.060,0.001,0.012,18.482,144411.562,-0.518,60.000
0.052,0.024,0.013,20.124,142873.188,5.638,60.000
0.050,0.010,0.011,20.161,134488.625,4.247,60.000
0.049,0.006,0.014,21.236,109418.805,3.493,60.000
0.046,0.001,0.013,24.629,136135.125,2.386,60.000
0.052,0.001,0.016,27.457,10047.938,0.325,60.000
0.049,0.008,0.012,21.978,174385.156,5.585,60.000
0.048,0.001,0.004,21.751,95296.523,0.730,60.000
0.052,0.001,0.015,23.338,101327.758,1.401,60.000
0.047,0.000,0.018,22.891,27142.820,0.845,60.000
0.050,0.015,0.012,20.917,108906.805,5.694,60.000
0.057,0.000,0.007,23.704,8564.508,0.578,60.000
0.047,0.002,0.007,22.929,97314.539,0.722,60.000
0.051,0.007,0.014,19.862,91297.695,2.798,60.000
0.052,0.000,0.015,27.866,57662.945,1.708,60.000
0.050,0.012,0.014,23.020,148372.469,3.504,60.000
0.049,0.004,0.010,23.018,81531.305,1.155,60.000
0.047,0.000,0.017,25.996,21728.391,-0.937,60.000
0.050,0.017,0.012,19.862,112988.492,6.561,60.000
0.052,0.015,0.011,19.849,86816.398,5.357,60.000
0.049,0.018,0.013,19.736,130465.039,6.352,60.000
0.043,0.001,0.017,20.532,129313.664,0.052,60.000
0.050,0.000,0.012,30.409,47053.789,0.901,60.000
0.044,0.001,0.012,22.568,105074.148,0.776,60.000
0.050,0.012,0.012,20.532,120108.195,4.177,60.000
0.050,0.026,0.014,19.951,190035.219,5.765,60.000
0.046,0.001,0.009,26.225,39144.102,-0.208,60.000
0.056,0.001,0.012,26.076,45452.867,0.465,60.000
0.002,0.013,0.012,19.359,59069.242,6.058,60.000
0.051,0.001,0.011,24.825,56741.383,2.100,60.000
0.049,0.002,0.017,22.551,148007.125,1.850,60.000
0.048,0.024,0.012,20.461,148458.344,6.276,60.000
0.052,0.014,0.013,22.540,121270.164,4.274,60.000
0.056,0.001,0.017,21.351,99914.883,0.590,60.000
0.049,0.018,0.013,19.471,133224.344,6.639,60.000
0.049,0.001,0.009,24.106,80687.086,0.800,60.000
0.049,0.021,0.013,20.950,139529.031,6.039,60.000
0.040,0.001,0.014,20.019,31908.305,-1.926,60.000
0.054,0.002,0.015,22.285,87864.508,0.741,60.000
0.048,0.013,0.012,21.199,123899.180,4.604,60.000
0.050,0.013,0.010,20.654,68682.211,5.182,60.000
0.042,0.001,0.009,22.453,110045.148,0.261,60.000
0.048,0.014,0.013,20.819,143634.344,5.371,60.000
0.099,0.011,0.012,20.798,123141.586,4.846,60.000
0.052,0.000,0.012,28.776,33527.883,0.963,60.000
0.050,0.019,0.014,19.984,137937.938,7.288,60.000
0.048,0.005,0.011,21.479,108283.008,1.857,60.000
0.049,0.001,0.021,21.953,133411.781,1.830,60.000
0.051,0.011,0.012,19.989,117924.727,3.891,60.000
0.040,0.000,0.011,23.257,-15614.312,-1.093,60.000
0.043,0.001,0.011,22.030,100767.773,-0.186,60.000
0.050,0.010,0.012,20.396,132997.250,4.723,60.000
0.041,0.001,0.016,19.137,86604.039,-0.462,60.000
0.045,0.001,0.010,22.241,103781.305,0.425,60.000
0.045,0.001,0.004,22.219,47117.148,0.850,60.000
0.047,0.001,0.018,23.918,72129.023,-0.174,60.000
0.045,0.001,0.012,22.477,108212.055,0.660,60.000
0.052,0.016,0.012,20.128,99556.633,6.078,60.000
0.049,0.003,0.012,22.874,101730.805,3.240,60.000
0.048,0.000,0.006,25.012,3151.320,0.005,60.000
0.052,0.022,0.013,20.491,110345.555,6.019,60.000
0.050,0.007,0.013,21.347,124697.852,4.885,60.000
0.049,0.008,0.014,20.852,113353.039,4.076,60.000
0.051,0.001,0.012,29.535,1744.312,1.673,60.000
0.044,0.001,0.020,20.621,119105.680,1.045,60.000
0.050,0.013,0.010,20.327,71177.992,4.717,60.000
0.056,0.001,0.007,24.230,56337.477,-0.206,60.000
0.044,0.001,0.012,28.781,1718.805,-1.092,60.000
0.052,0.000,0.004,24.902,-18739.789,-0.415,60.000
0.048,0.004,0.014,21.856,104608.164,2.738,60.000
0.049,0.022,0.014,20.435,134833.781,6.028,60.000
0.044,0.000,0.014,29.017,-32390.617,-0.122,60.000
0.051,0.009,0.011,19.530,125589.867,3.860,60.000
0.050,0.015,0.014,21.999,160285.000,5.784,60.000
0.051,0.020,0.013,19.979,120601.008,6.796,60.000
0.055,0.001,0.017,25.765,23426.078,-0.364,60.000
0.048,0.018,0.014,19.406,143227.594,6.806,60.000
0.055,0.000,0.012,29.651,16545.875,0.720,60.000
0.049,0.001,0.006,24.359,16677.391,-0.232,60.000
0.052,0.018,0.010,18.795,95386.164,5.618,60.000
0.048,0.012,0.011,21.156,118173.336,4.359,60.000
0.057,0.001,0.007,21.407,122928.805,-0.039,60.000
0.054,0.001,0.014,24.786,101016.773,1.332,60.000
0.042,0.001,0.015,19.622,95309.617,0.167,60.000
0.043,0.001,0.016,20.868,123668.430,-0.062,60.000
0.045,0.000,0.007,27.063,-62533.777,-0.153,60.000
0.048,0.006,0.011,20.837,149507.125,2.416,60.000
0.058,0.001,0.012,24.702,92733.023,-0.040,60.000
0.055,0.001,0.022,20.767,92249.180,1.021,60.000
0.055,0.001,0.010,26.849,21042.375,0.974,60.000
0.051,0.003,0.010,22.745,61658.492,2.170,60.000
0.050,0.012,0.010,20.736,66336.164,4.495,60.000
0.098,0.011,0.012,20.291,130347.023,4.902,60.000
0.049,0.024,0.010,21.528,140442.031,6.712,60.000
0.048,0.016,0.010,20.565,117803.305,6.337,60.000
0.098,0.011,0.013,20.839,129025.539,4.335,60.000
0.049,0.009,0.011,21.273,130785.492,3.882,60.000
0.050,0.016,0.010,19.834,105187.445,6.094,60.000
0.052,0.002,0.018,22.587,93261.398,2.067,60.000
0.052,0.013,0.010,19.189,70647.180,4.317,60.000
0.049,0.013,0.013,20.965,152648.656,4.263,60.000
0.050,0.026,0.012,20.177,148808.594,6.184,60.000
0.053,0.001,0.010,25.379,54270.539,0.552,60.000
0.048,0.001,0.022,22.564,11692.258,-0.180,60.000
0.048,0.002,0.012,23.317,98489.805,2.425,60.000
0.049,0.016,0.010,20.106,109682.961,6.123,60.000
0.046,0.001,0.011,26.029,66861.898,0.481,60.000
0.048,0.006,0.010,22.638,103410.180,1.333,60.000
0.048,0.001,0.006,22.194,96509.945,0.641,60.000
0.054,0.000,0.005,21.650,34290.195,-0.875,60.000
0.051,0.012,0.012,20.911,124712.602,4.026,60.000
0.052,0.027,0.012,19.087,105036.008,4.134,60.000
0.051,0.005,0.013,21.959,97665.680,3.726,60.000
0.052,0.022,0.012,19.951,130031.633,5.388,60.000
0.051,0.006,0.010,20.025,110920.039,1.608,60.000
0.051,0.005,0.013,21.417,95157.227,3.220,60.000
0.051,0.016,0.010,19.430,96838.633,5.942,60.000
0.044,0.001,0.004,21.408,69016.992,1.116,60.000
0.049,0.009,0.012,21.368,164188.750,5.124,60.000
0.048,0.000,0.011,25.691,-13389.391,0.676,60.000
0.044,0.000,0.019,22.990,-58628.074,-2.327,60.000
0.049,0.008,0.012,21.978,174043.062,5.343,60.000
0.051,0.013,0.010,19.810,66179.617,4.720,60.000
0.059,0.001,0.013,21.756,119203.680,-0.076,60.000
0.051,0.013,0.010,20.034,60868.555,5.076,60.000
0.046,0.001,0.006,25.226,27779.633,0.599,60.000
0.052,0.002,0.014,23.523,89467.305,1.109,60.000
0.000,0.013,0.013,21.149,17135.906,11.035,60.000
0.056,0.001,0.005,22.879,59359.320,-0.247,60.000
0.098,0.013,0.013,20.504,110141.773,4.376,60.000
0.046,0.000,0.006,24.285,-76296.375,-1.319,60.000
0.052,0.006,0.010,19.319,125794.789,2.574,60.000
0.052,0.013,0.013,22.600,122220.195,3.751,60.000
0.053,0.001,0.015,26.674,68270.242,0.937,60.000
0.053,0.002,0.015,23.359,89541.336,0.948,60.000
0.042,0.001,0.005,21.381,88857.414,1.864,60.000
0.045,0.000,0.009,26.629,10517.430,-1.252,60.000
0.050,0.027,0.010,21.171,105577.445,4.929,60.000
0.041,0.001,0.014,19.969,49529.930,-0.988,60.000
0.002,0.011,0.011,18.647,27142.992,6.881,60.000
0.059,0.000,0.009,22.983,12530.281,0.416,60.000
0.051,0.013,0.011,19.892,87805.102,4.006,60.000
0.049,0.000,0.008,27.679,-15118.055,-0.845,60.000
0.050,0.022,0.014,20.219,133357.188,6.096,60.000
0.046,0.001,0.003,21.001,91602.789,0.855,60.000
0.050,0.000,0.004,26.070,-46232.039,-0.110,60.000
0.050,0.014,0.014,23.050,158824.250,4.994,60.000
0.046,0.001,0.017,21.914,153373.656,1.376,60.000
0.048,0.008,0.013,20.816,148842.844,5.010,60.000
0.001,0.011,0.013,21.688,29713.023,5.367,60.000
0.049,0.024,0.014,20.393,161237.781,5.748,60.000
0.052,0.006,0.012,20.905,91756.008,3.670,60.000
0.048,0.008,0.014,20.716,136504.875,4.571,60.000
0.047,0.001,0.002,22.572,50785.320,0.796,60.000
0.053,0.001,0.002,20.924,100946.461,0.240,60.000
0.057,0.001,0.014,25.727,51230.414,-0.681,60.000
0.050,0.005,0.010,21.659,92949.383,1.295,60.000
0.098,0.014,0.013,20.128,105038.070,4.603,60.000
0.052,0.005,0.014,19.799,90738.758,2.478,60.000
0.042,0.001,0.014,20.152,71376.258,-0.158,60.000
0.047,0.002,0.007,22.928,93039.789,0.768,60.000
0.050,0.001,0.019,24.546,57951.070,1.217,60.000
0.052,0.023,0.012,19.709,137705.219,5.454,60.000
0.050,0.001,0.011,25.903,45572.180,1.947,60.000
0.051,0.002,0.010,23.815,48552.383,1.971,60.000
0.051,0.023,0.012,20.239,152471.250,5.541,60.000
0.051,0.012,0.011,19.694,88533.852,4.120,60.000
0.051,0.001,0.009,28.389,4503.023,-0.261,60.000
0.041,0.001,0.011,23.016,73112.898,-0.326,60.000
0.050,0.023,0.012,20.055,149258.125,5.589,60.000
0.042,0.000,0.018,18.859,-83098.555,-2.491,60.000
0.051,0.001,0.003,19.505,117627.195,0.393,60.000
0.052,0.009,0.013,20.122,100188.336,4.399,60.000
0.049,0.019,0.011,20.034,129804.008,6.446,60.000
0.051,0.014,0.011,20.507,90660.523,5.115,60.000
0.049,0.001,0.013,28.352,89083.977,2.081,60.000
0.043,0.000,0.014,26.571,27258.180,1.008,60.000
0.041,0.000,0.008,21.219,30199.805,-1.004,60.000
0.045,0.000,0.007,26.626,-84196.570,-1.991,60.000
0.059,0.001,0.016,22.840,94965.461,-0.659,60.000
0.049,0.012,0.012,20.726,127499.836,4.486,60.000
0.053,0.002,0.018,22.153,96825.539,2.081,60.000
0.049,0.009,0.010,21.419,123760.758,3.616,60.000
0.050,0.022,0.011,20.068,124260.539,6.302,60.000
0.048,0.000,0.004,24.731,-60123.500,-0.305,60.000
0.052,0.001,0.015,24.335,107995.930,1.526,60.000
0.057,0.001,0.017,23.389,50281.336,-0.483,60.000
0.057,0.002,0.013,22.058,111930.305,0.681,60.000
0.059,0.001,0.015,21.516,114418.945,-0.009,60.000
0.053,0.000,0.008,26.148,15796.039,1.375,60.000
0.051,0.000,0.010,27.371,-50581.312,1.198,60.000
0.059,0.001,0.017,20.781,106040.164,0.139,60.000
0.059,0.001,0.005,19.214,140554.312,0.218,60.000
0.049,0.011,0.011,20.709,112168.852,4.043,60.000
0.048,0.027,0.011,21.576,207449.281,8.028,60.000
0.048,0.000,0.004,22.579,-9416.602,-0.254,60.000
0.055,0.001,0.016,21.486,94442.039,0.567,60.000
0.049,0.000,0.022,19.935,35292.273,-0.297,60.000
0.052,0.015,0.011,19.825,87236.102,5.542,60.000
0.051,0.020,0.011,19.147,109170.039,5.916,60.000
0.047,0.000,0.006,25.064,-4269.594,0.440,60.000
0.058,0.001,0.011,19.771,127006.992,0.219,60.000
0.045,0.000,0.015,27.315,-52221.848,-2.190,60.000
0.049,0.000,0.009,30.932,-14762.117,1.991,60.000
0.051,0.020,0.012,19.851,116763.008,5.946,60.000
0.050,0.005,0.011,20.459,119864.789,2.716,60.000
0.053,0.001,0.009,24.770,78645.008,0.584,60.000
0.051,0.013,0.011,19.873,91389.680,4.168,60.000
0.049,0.006,0.011,21.257,152300.062,3.997,60.000
0.057,0.000,0.010,24.025,-7813.977,1.307,60.000
0.052,0.018,0.012,19.641,101460.008,6.092,60.000
0.050,0.022,0.010,19.862,107846.227,6.196,60.000
0.043,0.001,0.015,19.865,113709.039,0.850,60.000
0.058,0.001,0.020,18.516,102914.367,0.440,60.000
0.056,0.000,0.006,20.354,21093.625,-1.550,60.000
0.049,0.006,0.009,22.535,103029.867,1.357,60.000
0.052,0.000,0.006,22.141,-12570.109,-0.780,60.000
0.052,0.013,0.011,19.636,69991.039,4.393,60.000
0.049,0.017,0.013,20.159,128345.867,6.791,60.000
0.042,0.000,0.018,18.555,75135.352,-0.083,60.000
0.046,0.001,0.022,21.361,70913.320,0.618,60.000
0.049,0.020,0.011,19.550,111639.648,6.381,60.000
0.049,0.001,0.008,25.846,89321.648,0.903,60.000
0.049,0.009,0.013,20.295,131600.031,5.070,60.000
0.058,0.001,0.011,21.702,100097.039,0.309,60.000
0.050,0.001,0.009,30.043,-31066.867,-0.927,60.000
0.048,0.022,0.011,20.884,134555.688,7.007,60.000
0.052,0.000,0.020,19.059,25346.109,-0.756,60.000
0.049,0.007,0.012,22.025,163342.219,4.980,60.000
0.050,0.012,0.014,22.658,152071.219,4.111,60.000
0.047,0.001,0.013,26.170,124245.023,2.316,60.000
0.048,0.001,0.023,21.446,133902.812,1.626,60.000
0.049,0.004,0.010,22.880,78234.164,1.073,60.000
0.056,0.001,0.011,23.672,97285.164,0.884,60.000
0.051,0.001,0.016,24.952,113586.555,1.875,60.000
0.001,0.011,0.012,20.600,22402.500,5.971,60.000
0.056,0.001,0.007,21.702,120544.148,-0.163,60.000
0.050,0.005,0.013,21.680,100877.023,3.211,60.000
0.051,0.021,0.013,20.539,116208.898,6.177,60.000
0.049,0.025,0.012,20.173,163995.781,6.139,60.000
0.051,0.019,0.012,19.892,111784.398,6.300,60.000
0.051,0.023,0.013,20.339,142711.938,5.711,60.000
0.052,0.027,0.012,21.279,166356.938,7.959,60.000
0.051,0.001,0.014,24.311,110312.148,1.665,60.000
0.052,0.001,0.017,23.215,104357.602,1.830,60.000
0.048,0.015,0.013,20.932,134891.000,5.605,60.000
0.049,0.006,0.013,22.230,119333.070,3.946,60.000
0.049,0.009,0.012,20.801,152425.750,4.741,60.000
0.048,0.001,0.019,22.179,132955.688,1.477,60.000
0.052,0.001,0.019,22.338,109114.070,2.194,60.000
0.049,0.018,0.013,19.628,134354.406,6.697,60.000
0.052,0.017,0.013,20.753,102819.367,6.798,60.000
0.050,0.013,0.010,20.516,69903.055,4.963,60.000
0.052,0.003,0.011,23.136,56517.461,2.921,60.000
0.044,0.000,0.019,22.934,-40194.973,-1.928,60.000
0.056,0.000,0.018,20.690,-5261.766,0.311,60.000
0.050,0.026,0.012,20.514,147903.062,6.374,60.000
0.051,0.019,0.011,19.250,108337.680,5.966,60.000
0.049,0.019,0.010,19.253,118946.773,6.453,60.000
0.050,0.020,0.014,19.869,132547.188,6.726,60.000
0.059,0.001,0.016,21.896,114946.680,-0.045,60.000
0.058,0.000,0.017,22.986,38911.102,-0.706,60.000
0.048,0.026,0.012,21.175,145641.156,6.928,60.000
0.043,0.001,0.018,19.009,119596.633,-0.100,60.000
0.043,0.001,0.019,21.079,-14638.773,-2.178,60.000
0.049,0.018,0.014,19.707,142410.312,7.197,60.000
0.046,0.000,0.007,26.044,6938.414,0.488,60.000
0.052,0.015,0.011,19.719,101720.289,5.456,60.000
0.051,0.000,0.006,23.707,-27792.164,-0.212,60.000
0.052,0.010,0.013,20.003,93033.602,4.004,60.000
0.050,0.008,0.012,21.704,159612.656,5.697,60.000
0.048,0.015,0.011,21.072,108342.742,5.928,60.000
0.048,0.007,0.013,21.538,155195.781,4.688,60.000
0.040,0.001,0.012,22.205,38156.070,-1.326,60.000
0.050,0.027,0.012,19.280,123249.023,4.348,60.000
0.049,0.008,0.010,21.221,136966.875,2.949,60.000
0.050,0.013,0.011,20.382,100032.445,4.380,60.000
0.053,0.000,0.007,26.143,-3468.820,0.177,60.000
0.050,0.019,0.012,20.301,123742.227,6.198,60.000
0.051,0.005,0.011,21.146,101894.273,3.271,60.000
0.056,0.000,0.017,25.274,2249.633,0.296,60.000
0.044,0.001,0.020,19.407,115805.055,0.825,60.000
0.050,0.008,0.011,21.600,167172.500,4.674,60.000
0.052,0.001,0.018,23.451,102106.164,2.094,60.000
0.049,0.027,0.011,20.832,199623.188,5.143,60.000
0.050,0.009,0.014,20.326,113654.961,4.224,60.000
0.048,0.000,0.011,32.664,-17289.203,1.651,60.000
0.056,0.000,0.013,26.983,-1170.406,0.009,60.000
0.050,0.004,0.011,21.506,101608.117,2.772,60.000
0.054,0.000,0.014,29.696,16590.117,-0.636,60.000
0.056,0.000,0.011,26.583,-609.641,-0.733,60.000
0.058,0.001,0.013,24.329,111929.211,0.149,60.000
0.045,0.001,0.006,23.020,75845.086,0.584,60.000
0.043,0.001,0.005,22.412,62159.508,1.523,60.000
0.057,0.001,0.009,22.181,105316.070,-0.200,60.000
0.048,0.001,0.020,22.615,33764.227,0.060,60.000
0.051,0.022,0.013,20.591,120791.570,5.980,60.000
0.048,0.005,0.011,20.499,121620.320,2.147,60.000
0.040,0.001,0.013,18.545,52689.492,-1.654,60.000
0.049,0.008,0.010,20.874,143890.969,3.438,60.000
0.059,0.001,0.016,21.578,111286.961,-0.011,60.000
0.051,0.015,0.011,20.292,94092.023,5.550,60.000
0.003,0.012,0.011,18.780,36290.430,6.526,60.000
0.050,0.019,0.010,18.697,111045.102,5.922,60.000
0.049,0.027,0.013,19.653,166322.375,8.385,60.000
0.051,0.003,0.011,22.776,62344.148,3.074,60.000
0.050,0.000,0.006,26.343,18229.352,0.065,60.000
0.051,0.016,0.012,19.909,110334.930,6.070,60.000
0.001,0.013,0.012,19.584,57878.836,6.368,60.000
0.050,0.000,0.004,24.184,-76481.242,-1.109,60.000
0.048,0.005,0.011,20.313,130345.242,2.590,60.000
0.052,0.013,0.012,21.640,111166.523,4.073,60.000
0.049,0.001,0.017,24.658,136600.625,1.690,60.000
0.048,0.021,0.012,20.404,137407.156,5.836,60.000
0.045,0.000,0.006,24.357,-2129.141,0.234,60.000
0.057,0.000,0.013,26.334,31770.773,0.847,60.000
0.047,0.001,0.003,21.203,85741.398,0.602,60.000
0.049,0.000,0.003,25.490,-42659.926,-0.302,60.000
0.043,0.001,0.013,20.504,88581.945,0.040,60.000
0.049,0.002,0.014,23.249,127931.617,2.446,60.000
0.048,0.009,0.011,21.498,132378.750,3.986,60.000
0.050,0.006,0.011,20.173,139025.094,3.127,60.000
0.048,0.011,0.010,21.591,91503.555,4.125,60.000
0.052,0.001,0.017,23.386,103698.977,2.089,60.000
0.057,0.000,0.005,18.780,53891.711,-1.718,60.000
0.058,0.001,0.011,19.260,128884.789,0.374,60.000
0.055,0.001,0.004,21.644,110432.445,0.077,60.000
0.055,0.001,0.005,24.052,4703.766,-0.718,60.000
0.049,0.016,0.010,20.104,107764.258,6.121,60.000
0.046,0.001,0.010,25.391,78178.195,0.429,60.000
0.060,0.001,0.017,20.782,110519.711,-0.075,60.000
0.056,0.001,0.012,22.439,113286.086,1.353,60.000
0.050,0.022,0.011,20.216,116357.945,6.516,60.000
0.052,0.003,0.013,22.155,84108.227,2.185,60.000
0.058,0.000,0.014,25.646,74456.977,-0.077,60.000
0.050,0.022,0.010,19.900,108236.836,5.824,60.000
0.058,0.000,0.015,24.777,21461.578,-0.362,60.000
0.048,0.008,0.014,20.789,130863.977,4.578,60.000
0.049,0.003,0.014,21.772,123294.570,2.519,60.000
0.050,0.001,0.011,27.397,25503.727,1.637,60.000
0.052,0.018,0.011,19.207,95856.148,5.876,60.000
0.059,0.000,0.008,24.561,-108149.594,-0.075,60.000
0.052,0.000,0.007,25.676,-12096.516,-0.297,60.000
0.048,0.015,0.011,20.900,114057.602,5.925,60.000
0.052,0.025,0.013,19.466,152721.094,5.366,60.000
0.053,0.000,0.021,20.823,49536.039,-0.031,60.000
0.098,0.012,0.010,19.155,93432.211,4.842,60.000
0.046,0.002,0.010,22.396,107757.789,1.012,60.000
0.041,0.001,0.015,20.873,31353.742,-2.772,60.000
0.056,0.001,0.015,24.689,105876.930,0.745,60.000
0.049,0.008,0.011,21.167,150494.656,3.650,60.000
0.051,0.020,0.011,18.685,97800.336,5.695,60.000
0.050,0.006,0.014,21.205,102577.867,3.415,60.000
0.045,0.001,0.010,26.689,9206.492,-0.959,60.000
0.050,0.004,0.013,22.068,96394.539,3.767,60.000
0.052,0.000,0.012,33.095,45002.992,1.140,60.000
0.042,0.000,0.008,22.582,33908.430,-0.384,60.000
0.052,0.001,0.017,23.339,103643.867,1.934,60.000
0.056,0.002,0.010,22.200,86255.180,0.411,60.000
0.050,0.021,0.014,19.984,127716.195,6.519,60.000
0.050,0.019,0.012,19.795,123730.914,6.274,60.000
0.045,0.000,0.003,20.671,-17426.375,-0.322,60.000
0.051,0.015,0.012,20.313,123169.242,5.761,60.000
0.041,0.000,0.010,24.720,-48229.684,2.112,60.000
0.049,0.007,0.015,20.362,101905.586,2.984,60.000
0.051,0.002,0.006,21.473,114554.883,0.417,60.000
0.058,0.001,0.009,23.927,25858.211,-0.427,60.000
0.051,0.016,0.013,21.037,120493.117,5.956,60.000
0.049,0.014,0.014,21.527,161218.062,4.975,60.000
0.051,0.005,0.011,20.997,111612.836,2.954,60.000
0.054,0.002,0.018,21.257,89605.414,1.267,60.000
0.055,0.001,0.006,25.029,59561.164,-0.218,60.000
0.049,0.016,0.011,20.268,110242.586,6.104,60.000
0.049,0.020,0.013,20.675,143005.406,5.815,60.000
0.050,0.000,0.007,27.759,-67931.852,-1.647,60.000
0.100,0.012,0.012,15.820,12540.711,6.868,60.000
0.050,0.022,0.012,19.968,141084.844,5.639,60.000
0.050,0.013,0.011,20.719,97633.211,4.655,60.000
0.044,0.001,0.020,19.617,115473.961,0.987,60.000
0.051,0.001,0.006,22.502,112352.852,0.460,60.000
0.049,0.001,0.005,23.482,92507.977,0.767,60.000
0.044,0.001,0.004,20.845,90758.773,1.154,60.000
0.051,0.002,0.017,23.327,118494.680,1.962,60.000
0.051,0.009,0.013,19.648,96023.445,3.963,60.000
0.053,0.000,0.005,22.100,38031.508,-0.312,60.000
0.049,0.001,0.017,23.047,144173.469,1.940,60.000
0.050,0.020,0.014,19.751,135404.719,6.958,60.000
0.050,0.020,0.012,20.491,128051.258,6.171,60.000
0.048,0.002,0.019,21.711,136813.781,1.774,60.000
0.045,0.000,0.011,30.244,-44788.867,0.652,60.000
0.042,0.000,0.017,22.108,-42933.320,-2.813,60.000
0.050,0.003,0.015,21.053,121429.398,2.534,60.000
0.043,0.000,0.006,22.726,-24330.188,-0.854,60.000
0.048,0.021,0.012,20.473,129695.945,6.039,60.000
0.057,0.000,0.007,21.477,49768.602,-1.222,60.000
0.051,0.002,0.009,25.251,60485.289,1.144,60.000
0.042,0.001,0.012,20.844,89372.414,-0.585,60.000
0.050,0.022,0.010,20.406,120457.727,6.467,60.000
0.044,0.000,0.006,25.359,-12138.086,0.152,60.000
0.051,0.021,0.012,20.050,120848.898,5.867,60.000
0.097,0.013,0.013,20.018,113302.336,4.392,60.000
0.051,0.010,0.010,19.145,97125.773,3.480,60.000
0.055,0.000,0.011,30.900,34469.445,1.899,60.000
0.052,0.022,0.013,20.378,117181.914,5.859,60.000
0.051,0.011,0.011,19.562,99071.164,3.957,60.000
0.055,0.001,0.019,21.828,84843.133,0.993,60.000
0.043,0.001,0.014,20.968,92352.055,0.867,60.000
0.050,0.001,0.014,33.622,-15775.406,0.185,60.000
0.054,0.001,0.011,29.078,-36791.133,0.871,60.000
0.052,0.015,0.012,20.145,104012.711,5.420,60.000
0.052,0.008,0.010,18.417,136821.344,3.006,60.000
0.049,0.009,0.014,20.522,136337.344,4.653,60.000
0.003,0.012,0.011,18.577,39280.977,6.436,60.000
0.050,0.020,0.014,19.912,130392.477,6.694,60.000
0.050,0.012,0.013,22.119,149843.812,4.284,60.000
0.045,0.000,0.018,23.321,46266.586,-0.517,60.000
0.048,0.005,0.011,20.691,125634.586,2.580,60.000
0.052,0.004,0.011,22.089,71593.086,2.862,60.000
0.057,0.001,0.005,20.922,68430.758,-0.507,60.000
0.052,0.002,0.014,23.609,99613.586,1.529,60.000
0.001,0.012,0.011,18.144,33033.070,7.170,60.000
0.054,0.000,0.012,31.266,-46223.406,0.089,60.000
0.055,0.000,0.010,27.663,-7605.727,-0.452,60.000
0.050,0.019,0.013,19.871,123819.008,6.345,60.000
0.052,0.018,0.012,20.212,102795.945,6.432,60.000
0.054,0.001,0.012,26.414,86600.039,1.521,60.000
0.052,0.017,0.012,19.929,93724.539,6.019,60.000
0.049,0.000,0.009,30.008,1403.914,2.287,60.000
0.050,0.015,0.011,20.642,105062.477,5.535,60.000
0.049,0.016,0.011,20.516,113751.617,6.211,60.000
0.051,0.001,0.019,22.470,112753.383,2.189,60.000
0.051,0.003,0.012,23.525,73287.742,3.108,60.000
0.051,0.003,0.013,22.651,86193.055,2.559,60.000
0.049,0.000,0.013,33.320,-26418.516,0.870,60.000
0.052,0.002,0.011,23.124,53005.445,3.012,60.000
0.055,0.001,0.019,21.378,100446.430,1.277,60.000
0.097,0.011,0.012,19.794,124828.383,4.646,60.000
0.051,0.001,0.015,23.568,112283.961,1.561,60.000
0.049,0.021,0.011,20.253,121979.133,6.719,60.000
0.052,0.026,0.012,19.817,153709.906,5.472,60.000
0.044,0.001,0.020,19.567,116275.648,0.961,60.000
0.049,0.015,0.013,20.921,133700.625,5.998,60.000
0.098,0.011,0.013,20.615,133413.438,4.678,60.000
0.040,0.000,0.011,23.517,-37995.977,-2.547,60.000
0.050,0.017,0.013,20.466,132497.312,7.050,60.000
0.057,0.001,0.010,20.578,111863.148,0.682,60.000
0.045,0.001,0.006,23.507,16866.562,0.316,60.000
0.050,0.026,0.010,21.731,118485.258,5.634,60.000
0.049,0.001,0.007,26.025,50002.008,0.397,60.000
0.051,0.016,0.013,20.715,118160.898,5.786,60.000
0.052,0.001,0.015,24.807,99111.477,1.397,60.000
0.051,0.005,0.014,19.921,98521.445,2.441,60.000
0.050,0.001,0.009,25.476,77386.273,0.686,60.000
0.053,0.002,0.018,21.938,89240.664,1.517,60.000
0.053,0.001,0.008,26.091,21634.625,-0.287,60.000
0.050,0.001,0.006,22.619,113977.461,0.648,60.000
0.050,0.007,0.014,20.703,104669.461,3.923,60.000
0.053,0.002,0.017,21.861,88755.898,1.437,60.000
0.057,0.001,0.020,19.774,105081.227,0.582,60.000
0.051,0.007,0.011,20.528,163834.906,4.114,60.000
0.049,0.007,0.010,21.399,130123.320,2.024,60.000
0.042,0.000,0.011,24.623,-33149.352,-2.167,60.000
0.099,0.011,0.012,20.018,130838.914,5.137,60.000
0.051,0.026,0.011,20.970,117555.914,5.583,60.000
0.049,0.002,0.014,23.280,128771.867,2.454,60.000
0.055,0.001,0.020,20.042,102815.727,1.376,60.000
0.055,0.001,0.007,23.289,105374.992,0.063,60.000
0.051,0.001,0.006,23.075,110947.758,0.630,60.000
0.057,0.001,0.013,25.981,65637.320,0.035,60.000
0.048,0.003,0.011,21.279,101123.648,1.660,60.000
0.049,0.011,0.014,22.611,156821.938,3.908,60.000
0.053,0.002,0.015,22.822,90687.758,1.028,60.000
0.055,0.001,0.012,25.332,94450.914,1.364,60.000
0.052,0.017,0.011,19.298,90598.211,5.857,60.000
0.048,0.005,0.013,21.821,113153.055,3.108,60.000
0.099,0.012,0.010,19.332,97702.430,4.934,60.000
0.060,0.001,0.009,22.553,117606.008,0.449,60.000
0.052,0.000,0.005,23.165,29714.477,-0.109,60.000
0.051,0.014,0.012,20.700,137691.344,4.927,60.000
0.052,0.001,0.022,21.293,120306.164,1.832,60.000
0.053,0.002,0.013,24.284,85500.039,2.149,60.000
0.057,0.000,0.014,25.827,88296.586,2.594,60.000
0.044,0.000,0.020,21.169,-40902.059,-1.767,60.000
0.098,0.013,0.011,19.306,106581.539,5.431,60.000
0.051,0.015,0.012,20.693,122621.258,4.863,60.000
0.042,0.001,0.007,21.071,83160.742,0.601,60.000
0.050,0.010,0.013,20.467,134493.031,4.863,60.000
0.053,0.001,0.005,23.964,23791.961,-0.659,60.000
0.048,0.009,0.012,21.084,160372.844,4.767,60.000
0.048,0.003,0.013,22.427,122253.102,2.900,60.000
0.056,0.000,0.015,24.403,22352.164,-0.154,60.000
0.040,0.001,0.014,20.031,49583.773,-1.098,60.000
0.050,0.011,0.009,21.220,74592.227,3.729,60.000
0.099,0.012,0.013,21.947,109863.695,4.341,60.000
0.049,0.004,0.014,21.377,101667.398,2.745,60.000
0.045,0.002,0.011,21.692,102417.320,0.252,60.000
0.098,0.013,0.012,19.517,105433.336,5.390,60.000
0.055,0.000,0.014,28.820,13789.469,0.879,60.000
0.049,0.003,0.013,22.723,100448.711,3.295,60.000
0.047,0.001,0.004,23.259,36527.664,0.598,60.000
0.048,0.026,0.012,20.728,157212.094,6.474,60.000
0.051,0.010,0.014,20.470,98027.586,3.604,60.000
0.049,0.001,0.006,23.746,100459.789,0.569,60.000
0.057,0.000,0.012,25.877,74984.992,2.132,60.000
0.002,0.013,0.012,19.356,61257.977,6.188,60.000
0.048,0.008,0.014,20.867,129914.055,4.370,60.000
0.047,0.002,0.009,23.393,108810.086,1.260,60.000
0.053,0.001,0.006,23.205,31195.539,-0.674,60.000
0.051,0.003,0.013,22.118,87396.805,2.583,60.000
0.051,0.020,0.012,20.003,111785.055,6.041,60.000
0.056,0.000,0.014,26.480,49545.508,0.944,60.000
0.050,0.006,0.013,21.828,105481.820,3.727,60.000
0.045,0.001,0.011,22.374,107289.242,0.742,60.000
0.041,0.001,0.014,20.430,63141.930,-0.804,60.000
0.053,0.001,0.016,22.799,95951.039,1.048,60.000
0.002,0.013,0.013,20.558,79547.617,5.528,60.000
0.050,0.006,0.013,21.616,100150.164,3.314,60.000
0.050,0.006,0.012,21.892,139394.531,5.061,60.000
0.056,0.000,0.010,23.766,-3171.039,3.190,60.000
0.049,0.015,0.014,21.256,160354.594,5.609,60.000
0.048,0.024,0.012,20.819,140627.469,6.712,60.000
0.052,0.000,0.003,23.323,5570.688,-0.201,60.000
0.051,0.005,0.012,21.129,109707.070,4.222,60.000
0.048,0.010,0.014,21.488,156603.219,4.180,60.000
0.059,0.001,0.010,24.010,11709.266,-0.395,60.000
0.053,0.001,0.013,30.878,24900.898,1.695,60.000
0.059,0.000,0.013,26.033,72045.836,-0.703,60.000
0.051,0.019,0.011,19.048,108121.695,6.013,60.000
0.098,0.014,0.013,19.931,103069.586,4.431,60.000
0.050,0.022,0.012,20.151,149174.625,5.618,60.000
0.049,0.000,0.007,26.829,-38657.461,0.081,60.000
0.049,0.019,0.011,20.154,129578.852,6.402,60.000
0.050,0.018,0.013,20.095,124614.633,6.870,60.000
0.058,0.000,0.007,24.796,-9860.938,1.573,60.000
0.051,0.002,0.010,24.376,48435.055,1.458,60.000
0.049,0.001,0.002,20.847,81736.742,0.091,60.000
0.060,0.001,0.006,20.391,156173.594,0.210,60.000
0.050,0.000,0.017,28.706,-8027.070,-0.722,60.000
0.049,0.023,0.011,20.916,132210.188,6.722,60.000
0.047,0.000,0.009,31.976,-48875.012,1.367,60.000
0.052,0.003,0.013,22.120,84932.727,2.850,60.000
0.051,0.016,0.012,20.161,110385.836,5.830,60.000
0.050,0.015,0.010,20.267,94919.180,5.873,60.000
0.049,0.008,0.010,21.552,117847.633,2.947,60.000
0.050,0.021,0.010,18.933,101401.102,6.036,60.000
0.050,0.022,0.013,20.756,143286.344,5.864,60.000
0.049,0.020,0.013,19.734,134516.375,6.372,60.000
0.040,0.001,0.015,19.817,6566.961,-3.471,60.000
0.047,0.001,0.011,25.817,71956.570,1.284,60.000
0.049,0.006,0.010,20.930,147314.844,2.425,60.000
0.048,0.008,0.014,20.715,132946.531,4.516,60.000
0.050,0.000,0.018,23.318,29937.664,0.282,60.000
0.048,0.014,0.011,21.015,100845.039,5.450,60.000
0.049,0.001,0.015,29.046,30411.648,0.315,60.000
0.048,0.001,0.007,23.665,102207.383,0.917,60.000
0.049,0.002,0.014,22.201,133624.406,2.346,60.000
0.050,0.002,0.017,23.268,136430.781,2.040,60.000
0.050,0.001,0.022,22.698,76064.023,1.031,60.000
0.044,0.000,0.007,26.360,-58083.973,-1.190,60.000
0.048,0.001,0.022,21.108,131042.430,1.285,60.000
0.050,0.003,0.014,21.092,119582.977,2.548,60.000
0.048,0.002,0.013,24.153,124386.305,2.994,60.000
0.049,0.000,0.019,21.691,62514.367,-0.155,60.000
0.047,0.001,0.018,22.914,70639.008,-0.230,60.000
0.057,0.000,0.009,24.484,10487.391,-0.686,60.000
0.053,0.001,0.009,27.959,15815.211,0.601,60.000
0.048,0.020,0.012,20.598,137678.906,5.752,60.000
0.052,0.024,0.013,19.999,144730.281,5.591,60.000
0.050,0.027,0.012,19.927,125471.789,5.319,60.000
0.053,0.001,0.017,26.208,3645.422,-0.201,60.000
0.041,0.001,0.016,19.389,82423.711,-0.557,60.000
0.051,0.009,0.011,20.374,147082.406,4.478,60.000
0.058,0.001,0.011,20.112,123395.555,0.485,60.000
0.047,0.000,0.017,24.813,-43291.406,-2.061,60.000
0.043,0.001,0.008,23.419,95784.367,0.671,60.000
0.051,0.009,0.011,19.702,129599.164,3.971,60.000
0.050,0.001,0.002,20.591,84244.602,0.112,60.000
0.059,0.001,0.010,23.848,31609.539,-0.082,60.000
0.051,0.001,0.006,21.658,115262.008,0.454,60.000
0.050,0.006,0.011,20.482,163078.281,3.718,60.000
0.050,0.012,0.014,22.964,146493.938,3.863,60.000
0.050,0.015,0.012,20.258,131797.656,5.320,60.000
0.050,0.014,0.014,23.458,158866.500,4.910,60.000
0.049,0.007,0.012,22.397,154337.375,5.332,60.000
0.043,0.000,0.012,25.233,-4509.039,0.078,60.000
0.050,0.014,0.014,22.878,163546.188,5.083,60.000
0.051,0.013,0.011,20.371,102046.586,4.371,60.000
0.042,0.001,0.017,21.568,64757.211,-1.583,60.000
0.050,0.013,0.011,20.419,110885.508,4.290,60.000
0.049,0.010,0.014,21.073,146658.094,4.482,60.000
0.052,0.012,0.010,18.933,78513.523,3.992,60.000
0.049,0.008,0.010,21.389,126753.023,2.623,60.000
0.042,0.001,0.007,21.226,79306.789,0.464,60.000
0.047,0.000,0.012,32.341,-32164.500,-1.827,60.000
0.050,0.012,0.011,20.196,91841.602,4.270,60.000
0.000,0.013,0.012,23.597,-48941.633,3.733,60.000
0.049,0.021,0.012,20.133,132017.781,6.017,60.000
0.049,0.026,0.011,21.761,140861.500,6.625,60.000
0.053,0.002,0.015,22.957,91693.117,1.014,60.000
0.051,0.021,0.014,20.260,115614.867,6.490,60.000
0.002,0.012,0.012,19.105,46092.648,6.419,60.000
0.049,0.001,0.018,22.790,136952.156,1.687,60.000
0.055,0.001,0.007,22.749,107310.820,0.146,60.000
0.048,0.003,0.010,22.955,76226.336,1.136,60.000
0.048,0.001,0.015,29.593,62722.227,1.038,60.000
0.049,0.012,0.012,20.832,126833.898,4.427,60.000
0.051,0.024,0.010,20.728,107292.023,5.741,60.000
0.051,0.011,0.011,18.949,114195.273,3.637,60.000
0.049,0.000,0.020,23.285,43493.523,0.374,60.000
0.043,0.001,0.007,23.579,11333.484,0.044,60.000
0.045,0.001,0.004,20.940,89379.555,0.898,60.000
0.048,0.004,0.011,21.101,108574.258,2.285,60.000
0.099,0.013,0.012,21.585,91211.586,4.600,60.000
0.048,0.020,0.012,20.542,135464.656,5.701,60.000
0.051,0.012,0.010,20.185,57092.477,4.615,60.000
0.046,0.002,0.016,20.787,165137.312,1.834,60.000
0.052,0.001,0.019,24.173,35316.523,0.366,60.000
0.058,0.001,0.012,22.752,104486.977,0.186,60.000
0.051,0.027,0.012,21.371,162782.719,6.364,60.000
0.049,0.019,0.011,19.806,123915.352,6.412,60.000
0.100,0.013,0.013,26.427,6607.781,4.199,60.000
0.052,0.021,0.013,20.234,106479.461,6.076,60.000
0.057,0.001,0.007,22.766,115720.180,0.209,60.000
0.046,0.001,0.005,22.736,82625.117,0.782,60.000
0.057,0.001,0.007,22.569,120534.570,0.125,60.000
0.049,0.020,0.011,19.767,116566.055,6.581,60.000
0.049,0.007,0.013,21.107,127738.023,4.195,60.000
0.048,0.026,0.014,18.792,134879.562,3.868,60.000
0.050,0.011,0.013,21.135,140129.250,4.510,60.000
0.048,0.001,0.014,26.402,139668.062,2.578,60.000
0.048,0.009,0.012,21.158,165169.031,4.936,60.000
0.049,0.019,0.011,19.947,124727.727,6.390,60.000
0.049,0.000,0.011,28.633,18901.781,0.150,60.000
0.057,0.000,0.019,21.024,38591.289,0.587,60.000
0.051,0.000,0.022,18.769,19263.633,-0.597,60.000
0.056,0.001,0.005,19.557,127470.961,-0.106,60.000
0.057,0.001,0.007,23.001,39400.289,-0.394,60.000
0.052,0.001,0.009,25.234,79259.055,0.634,60.000
0.050,0.025,0.012,20.151,146941.812,6.317,60.000
0.050,0.018,0.012,19.780,114078.977,6.456,60.000
0.051,0.020,0.014,20.157,116740.805,6.750,60.000
0.051,0.018,0.011,19.309,102302.602,6.057,60.000
0.052,0.003,0.012,22.681,91048.117,3.374,60.000
0.048,0.015,0.011,20.848,112719.852,5.856,60.000
0.050,0.024,0.014,20.235,152893.531,5.916,60.000
0.049,0.018,0.012,20.294,137905.156,6.353,60.000
0.047,0.002,0.012,23.710,118705.086,2.324,60.000
0.049,0.001,0.002,20.292,88088.430,0.283,60.000
0.051,0.019,0.012,19.897,115992.414,6.270,60.000
0.048,0.001,0.022,21.187,127882.398,1.293,60.000
0.048,0.001,0.004,22.419,97109.836,0.852,60.000
0.051,0.020,0.014,20.151,121581.852,6.772,60.000
0.051,0.013,0.014,23.560,137878.031,3.862,60.000
0.045,0.001,0.010,22.349,106096.633,0.832,60.000
0.049,0.018,0.013,19.924,129130.461,6.937,60.000
0.042,0.001,0.007,20.357,84552.555,0.417,60.000
0.053,0.001,0.012,24.597,90767.164,2.440,60.000
0.048,0.007,0.013,21.679,151312.625,5.066,60.000
0.051,0.024,0.011,20.628,110632.164,5.982,60.000
0.045,0.001,0.018,21.231,136763.625,0.569,60.000
0.048,0.001,0.018,21.400,138187.031,1.614,60.000
0.050,0.001,0.016,23.516,129180.398,1.873,60.000
0.098,0.011,0.012,19.955,131898.750,5.033,60.000
0.049,0.004,0.012,22.386,116047.258,3.726,60.000
0.058,0.001,0.011,19.106,134839.625,0.375,60.000
0.052,0.014,0.012,20.142,116423.164,4.537,60.000
0.051,0.010,0.012,20.197,110452.492,4.440,60.000
0.051,0.017,0.013,20.487,104210.555,6.834,60.000
0.040,0.001,0.012,20.552,62919.352,-0.767,60.000
0.050,0.023,0.014,20.328,134994.906,5.987,60.000
0.052,0.005,0.012,21.326,102383.273,4.056,60.000
0.058,0.000,0.012,21.979,50481.977,1.983,60.000
0.057,0.001,0.007,21.474,123475.523,-0.198,60.000
0.051,0.027,0.014,19.404,138180.375,3.458,60.000
0.048,0.002,0.013,23.715,116855.742,3.049,60.000
0.048,0.009,0.014,20.942,136577.969,4.261,60.000
0.044,0.000,0.007,24.970,-63745.188,-1.937,60.000
0.055,0.001,0.020,19.975,105459.305,1.578,60.000
0.055,0.001,0.018,21.715,99897.148,1.061,60.000
0.045,0.001,0.017,20.129,155700.906,1.307,60.000
0.045,0.000,0.009,29.658,-60234.270,0.734,60.000
0.056,0.000,0.012,30.120,-14369.828,-1.029,60.000
0.047,0.001,0.012,24.164,114618.430,2.234,60.000
0.098,0.010,0.012,19.650,130689.961,4.773,60.000
0.050,0.000,0.008,29.140,-82571.438,-1.762,60.000
0.098,0.013,0.013,20.367,123122.008,4.059,60.000
0.098,0.012,0.011,18.874,111927.227,4.954,60.000
0.052,0.000,0.018,27.548,-2694.742,-1.719,60.000
0.052,0.008,0.014,19.708,84800.398,2.972,60.000
0.042,0.000,0.012,26.607,-57614.570,0.640,60.000
0.047,0.001,0.004,20.578,99840.367,0.877,60.000
0.057,0.001,0.015,25.811,13439.336,-1.641,60.000
0.047,0.000,0.017,24.846,20670.438,-0.221,60.000
0.050,0.014,0.014,22.714,155270.844,5.427,60.000
0.051,0.015,0.013,21.730,127070.695,5.538,60.000
0.050,0.007,0.014,20.404,105031.789,3.245,60.000
0.048,0.009,0.011,21.425,129153.477,3.830,60.000
0.049,0.027,0.014,18.012,114787.148,4.207,60.000
0.044,0.001,0.016,18.754,139853.781,0.434,60.000
0.050,0.010,0.013,20.280,136495.062,4.975,60.000
0.049,0.014,0.014,21.879,165384.031,5.307,60.000
0.052,0.009,0.012,20.809,110740.227,4.936,60.000
0.052,0.026,0.012,19.497,154381.656,5.471,60.000
0.055,0.001,0.016,22.939,99716.055,0.867,60.000
0.051,0.001,0.005,20.410,123181.211,0.506,60.000
0.051,0.014,0.013,21.192,135465.125,4.996,60.000
0.040,0.000,0.010,24.195,-19762.734,1.786,60.000
0.049,0.000,0.009,27.993,23487.664,-0.355,60.000
0.049,0.001,0.006,23.105,106570.383,0.848,60.000
0.048,0.001,0.011,24.667,81155.180,1.269,60.000
0.002,0.013,0.011,18.151,42381.086,6.794,60.000
0.056,0.002,0.017,20.074,86042.523,0.154,60.000
0.050,0.005,0.010,21.318,92239.117,1.332,60.000
0.043,0.000,0.010,24.385,-3470.461,-1.563,60.000
0.049,0.007,0.012,22.175,161236.250,5.507,60.000
0.051,0.020,0.011,19.302,109479.664,5.936,60.000
0.051,0.026,0.013,19.529,173784.875,5.571,60.000
0.051,0.010,0.012,20.605,115417.602,4.966,60.000
0.048,0.005,0.012,22.010,117812.336,3.427,60.000
0.052,0.017,0.013,20.628,99010.195,6.658,60.000
0.047,0.000,0.009,32.162,-46296.312,1.444,60.000
0.048,0.000,0.009,31.353,-5770.195,2.415,60.000
0.049,0.017,0.014,20.249,146706.094,7.169,60.000
0.047,0.000,0.002,20.194,6596.773,-0.659,60.000
0.055,0.000,0.003,19.048,16290.531,-1.978,60.000
0.049,0.000,0.004,23.106,905.133,0.507,60.000
0.042,0.001,0.014,21.861,69223.852,-0.186,60.000
0.050,0.023,0.012,19.875,146654.125,5.557,60.000
0.040,0.001,0.012,20.560,60698.508,-0.965,60.000
0.051,0.011,0.010,19.882,72286.633,3.871,60.000
0.060,0.000,0.011,19.620,39712.492,-1.592,60.000
0.050,0.000,0.017,27.581,-1628.891,-0.529,60.000
0.050,0.016,0.012,20.209,124010.742,6.535,60.000
0.051,0.000,0.012,32.662,-5170.742,0.642,60.000
0.058,0.001,0.006,22.641,117922.773,-0.030,60.000
0.048,0.001,0.004,20.817,109584.523,0.802,60.000
0.053,0.002,0.018,22.426,94921.820,1.977,60.000
0.052,0.005,0.014,19.653,88410.273,2.279,60.000
0.051,0.007,0.011,19.728,149926.406,3.769,60.000
0.051,0.021,0.013,20.121,120085.539,6.557,60.000
0.050,0.012,0.013,21.954,154772.750,4.334,60.000
0.051,0.010,0.013,20.420,116081.648,4.408,60.000
0.048,0.000,0.004,23.970,10873.156,1.471,60.000
0.056,0.001,0.013,22.601,110485.664,1.209,60.000
0.056,0.001,0.007,24.028,103287.070,0.096,60.000
0.055,0.001,0.017,21.137,97300.914,0.698,60.000
0.046,0.002,0.012,23.086,118370.008,1.762,60.000
0.052,0.008,0.012,21.192,128242.383,5.173,60.000
0.049,0.010,0.010,22.029,94019.852,3.319,60.000
0.048,0.011,0.012,20.890,149456.375,4.064,60.000
0.043,0.001,0.007,20.943,82527.383,0.355,60.000
0.049,0.002,0.014,22.966,129192.305,2.249,60.000
0.051,0.001,0.020,22.054,113877.664,2.046,60.000
0.049,0.015,0.014,21.329,162484.438,5.511,60.000
0.042,0.001,0.018,19.556,115216.523,-0.098,60.000
0.048,0.025,0.012,20.612,146558.125,6.473,60.000
0.049,0.001,0.018,23.129,125786.477,1.798,60.000
0.049,0.019,0.012,20.498,136897.344,6.245,60.000
0.054,0.000,0.018,25.567,4363.492,0.332,60.000
0.050,0.024,0.010,21.020,119796.820,5.823,60.000
0.052,0.000,0.018,27.938,-18675.781,-2.007,60.000
0.049,0.000,0.007,28.678,-43156.758,-0.989,60.000
0.048,0.004,0.014,21.818,110780.945,2.664,60.000
0.054,0.000,0.012,32.717,43300.555,1.104,60.000
0.050,0.000,0.014,34.373,14924.047,0.547,60.000
0.045,0.001,0.016,19.851,160172.938,1.432,60.000
0.060,0.000,0.013,22.874,52271.602,0.423,60.000
0.050,0.007,0.009,21.221,127057.195,1.873,60.000
0.044,0.000,0.019,25.267,-31154.203,0.132,60.000
0.052,0.023,0.013,20.385,135707.094,5.825,60.000
0.055,0.001,0.012,28.280,28410.180,1.041,60.000
0.039,0.000,0.013,20.380,-12835.680,-3.013,60.000
0.048,0.001,0.017,21.722,152140.531,1.637,60.000
0.045,0.001,0.007,22.162,91006.180,0.747,60.000
0.051,0.006,0.012,22.382,115319.852,4.981,60.000
0.045,0.000,0.003,21.621,55004.727,0.439,60.000
0.049,0.007,0.014,20.917,117144.445,3.620,60.000
0.051,0.006,0.012,22.332,104221.789,4.242,60.000
0.049,0.014,0.011,20.930,89526.586,5.467,60.000
0.050,0.007,0.014,20.569,103096.555,3.369,60.000
0.048,0.000,0.008,29.177,-57635.441,-0.242,60.000
0.043,0.000,0.017,20.726,4901.805,-1.936,60.000
0.049,0.000,0.018,24.141,25482.617,-0.318,60.000
0.053,0.001,0.005,20.456,115326.539,0.135,60.000
0.051,0.018,0.012,19.265,106036.023,6.046,60.000
0.049,0.014,0.014,22.088,164876.031,5.234,60.000
0.053,0.001,0.018,24.311,77698.117,1.301,60.000
0.047,0.000,0.009,28.653,-88987.906,-2.694,60.000
0.051,0.021,0.011,19.422,111677.633,5.888,60.000
0.053,0.000,0.007,25.616,1683.008,0.380,60.000
0.049,0.023,0.014,20.572,156315.969,5.788,60.000
0.046,0.001,0.007,22.281,92068.945,0.853,60.000
0.050,0.026,0.012,20.329,149996.156,6.541,60.000
0.046,0.001,0.007,23.313,100565.242,0.677,60.000
0.051,0.001,0.002,22.361,895.852,-0.408,60.000
0.051,0.015,0.012,20.477,137054.375,5.087,60.000
0.052,0.000,0.013,30.093,58073.273,1.721,60.000
0.048,0.026,0.013,20.626,157645.281,6.306,60.000
0.050,0.001,0.021,22.544,98180.867,1.462,60.000
0.041,0.001,0.009,21.770,86406.070,0.197,60.000
0.051,0.001,0.018,23.967,119148.602,2.051,60.000
0.054,0.000,0.021,19.684,-69709.188,-1.122,60.000
0.051,0.002,0.016,23.093,114621.336,1.701,60.000
0.044,0.001,0.009,24.765,82751.773,0.242,60.000
0.048,0.004,0.013,22.006,103671.398,2.895,60.000
0.045,0.002,0.017,18.798,145213.188,0.973,60.000
0.050,0.010,0.014,21.636,137542.688,3.942,60.000
0.049,0.002,0.009,24.545,69580.852,1.049,60.000
0.051,0.016,0.012,19.874,114497.727,5.837,60.000
0.051,0.004,0.014,20.426,109821.523,2.527,60.000
0.057,0.000,0.012,25.457,37591.742,1.591,60.000
0.099,0.012,0.011,19.577,98181.992,4.812,60.000
0.056,0.001,0.020,20.671,110419.883,0.997,60.000
0.050,0.003,0.009,24.212,61629.555,0.883,60.000
0.050,0.026,0.013,19.878,179825.719,5.705,60.000
0.047,0.000,0.020,21.651,-9700.156,-1.278,60.000
0.052,0.013,0.012,21.225,122291.711,4.031,60.000
0.058,0.001,0.006,21.891,130243.195,0.079,60.000
0.050,0.013,0.014,22.778,155686.000,4.512,60.000
0.053,0.001,0.006,23.685,96025.602,0.281,60.000
0.001,0.010,0.012,19.998,41427.570,6.197,60.000
0.048,0.011,0.011,21.098,108625.383,4.134,60.000
0.050,0.026,0.011,20.431,135841.906,6.257,60.000
0.057,0.001,0.020,19.046,99262.836,0.551,60.000
0.050,0.027,0.011,21.640,122886.867,5.666,60.000
0.054,0.001,0.012,22.993,78681.867,2.132,60.000
0.043,0.001,0.006,22.154,71703.758,0.817,60.000
0.048,0.002,0.007,23.040,96765.758,0.842,60.000
0.053,0.001,0.019,22.899,89806.414,1.329,60.000
0.049,0.009,0.012,21.109,161515.406,5.683,60.000
0.050,0.026,0.010,22.046,128959.508,5.832,60.000
0.053,0.000,0.020,19.301,-3598.211,-0.755,60.000
0.051,0.002,0.010,24.444,58166.445,1.563,60.000
0.058,0.001,0.018,22.631,36091.977,-1.095,60.000
0.050,0.023,0.011,20.398,125725.680,6.470,60.000
0.044,0.001,0.013,23.449,95607.648,1.040,60.000
0.049,0.010,0.013,20.499,144098.844,5.132,60.000
0.059,0.001,0.007,21.011,132054.938,0.180,60.000
0.053,0.001,0.012,23.904,81127.398,2.231,60.000
0.001,0.012,0.013,20.686,63350.773,5.781,60.000
0.039,0.000,0.012,24.805,-30220.719,2.524,60.000
0.048,0.011,0.013,20.796,150312.281,3.990,60.000
0.048,0.001,0.016,25.452,142255.406,1.777,60.000
0.049,0.020,0.012,20.499,129529.133,6.001,60.000
0.050,0.025,0.014,20.020,165314.938,5.852,60.000
0.049,0.008,0.014,20.765,125283.742,4.401,60.000
0.100,0.013,0.011,25.749,-76998.055,6.671,60.000
0.057,0.001,0.008,22.768,110251.211,0.178,60.000
0.048,0.001,0.012,25.456,106348.867,2.417,60.000
0.050,0.009,0.014,20.142,117046.539,3.793,60.000
0.051,0.000,0.014,32.499,17569.516,-0.117,60.000
0.053,0.001,0.002,21.367,-28335.211,-1.351,60.000
0.052,0.006,0.013,19.398,88030.742,2.611,60.000
0.058,0.000,0.017,24.672,-8524.836,-0.107,60.000
0.059,0.001,0.009,21.933,116869.867,0.216,60.000
0.050,0.002,0.018,22.746,131181.562,2.047,60.000
0.044,0.002,0.012,21.555,112211.414,-0.014,60.000
0.049,0.003,0.012,22.825,99905.258,2.870,60.000
0.048,0.012,0.012,21.247,126888.273,4.485,60.000
0.002,0.011,0.012,19.714,41953.992,6.211,60.000
0.049,0.013,0.013,21.865,156353.656,4.467,60.000
0.046,0.001,0.010,22.866,111242.461,1.144,60.000
0.043,0.001,0.006,21.054,75218.180,0.905,60.000
0.047,0.001,0.004,22.596,86703.867,0.622,60.000
0.051,0.001,0.007,23.987,99552.461,0.630,60.000
0.055,0.001,0.008,23.430,96052.258,0.371,60.000
0.050,0.024,0.013,20.424,156481.688,5.783,60.000
0.059,0.000,0.010,24.475,30662.039,0.658,60.000
0.055,0.000,0.020,18.719,9839.250,-1.512,60.000
0.059,0.001,0.018,20.485,108408.508,0.175,60.000
0.039,0.001,0.012,20.148,43085.227,-1.366,60.000
0.047,0.000,0.011,29.848,-42563.531,-2.933,60.000
0.052,0.001,0.013,31.510,11011.906,1.240,60.000
0.050,0.002,0.018,22.333,121481.492,2.053,60.000
0.052,0.001,0.006,23.426,94584.305,0.097,60.000
0.050,0.001,0.002,21.100,87084.945,0.203,60.000
0.097,0.012,0.012,19.432,115259.758,5.135,60.000
0.045,0.000,0.015,28.834,10704.172,0.852,60.000
0.049,0.004,0.011,21.095,120971.898,2.982,60.000
0.044,0.000,0.011,29.497,-26117.914,2.330,60.000
0.044,0.001,0.008,22.208,95640.117,0.781,60.000
0.049,0.006,0.010,21.252,118282.852,1.924,60.000
0.050,0.014,0.014,22.601,155025.719,4.992,60.000
0.049,0.007,0.010,21.471,133180.656,2.248,60.000
0.049,0.001,0.004,22.307,98260.445,0.923,60.000
0.050,0.000,0.009,32.056,-43056.801,1.133,60.000
0.057,0.000,0.012,26.198,56846.039,-0.404,60.000
0.051,0.025,0.011,20.227,120181.398,5.776,60.000
0.049,0.020,0.012,20.676,142253.969,6.248,60.000
0.052,0.023,0.012,19.960,142330.625,5.320,60.000
0.055,0.001,0.011,23.927,74533.086,0.997,60.000
0.053,0.002,0.012,23.703,79189.727,2.415,60.000
0.051,0.000,0.014,28.792,79496.805,1.885,60.000
0.050,0.003,0.012,24.014,93340.680,3.356,60.000
0.049,0.003,0.012,23.773,101199.758,3.274,60.000
0.051,0.000,0.022,20.567,78930.070,1.173,60.000
0.044,0.001,0.016,23.419,70125.320,-1.018,60.000
0.050,0.020,0.014,19.938,132168.562,6.980,60.000
0.050,0.023,0.010,20.507,116459.117,6.137,60.000
0.047,0.002,0.012,23.497,118775.305,1.970,60.000
0.045,0.001,0.018,19.466,142730.625,1.066,60.000
0.049,0.008,0.010,22.087,122869.695,2.209,60.000
0.053,0.001,0.019,23.266,84012.398,1.216,60.000
0.054,0.000,0.012,25.118,31988.539,2.306,60.000
0.042,0.000,0.006,20.224,20121.953,0.127,60.000
0.053,0.001,0.011,26.821,42881.898,1.869,60.000
0.048,0.001,0.021,21.305,130542.805,1.315,60.000
0.051,0.007,0.011,20.134,150192.625,4.223,60.000
0.051,0.010,0.012,20.287,108894.508,4.559,60.000
0.050,0.001,0.017,23.032,133449.781,2.058,60.000
0.059,0.001,0.008,25.139,20667.102,-0.178,60.000
0.052,0.000,0.005,22.610,-5952.859,-0.540,60.000
0.044,0.000,0.020,20.623,-17435.031,-1.461,60.000
0.042,0.001,0.012,22.483,85015.055,-0.121,60.000
0.048,0.012,0.013,21.237,152353.500,3.860,60.000
0.050,0.023,0.014,20.667,143059.625,5.917,60.000
0.050,0.014,0.013,21.068,142960.844,5.002,60.000
0.042,0.001,0.014,20.294,61298.555,-0.392,60.000
0.053,0.001,0.004,21.145,87165.648,-0.040,60.000
0.049,0.016,0.014,20.343,143639.344,6.459,60.000
0.049,0.014,0.012,20.676,152149.469,5.044,60.000
0.052,0.000,0.017,28.211,64875.133,-0.850,60.000
0.051,0.004,0.014,19.954,101756.414,2.292,60.000
0.054,0.001,0.008,24.496,85075.258,0.466,60.000
0.044,0.001,0.018,18.811,135219.938,0.662,60.000
0.049,0.014,0.012,20.832,129324.648,5.044,60.000
0.049,0.015,0.014,21.117,154110.344,6.023,60.000
0.051,0.004,0.012,22.410,99630.227,3.889,60.000
0.049,0.010,0.014,21.325,140610.156,4.316,60.000
0.048,0.016,0.013,19.990,131663.750,5.975,60.000
0.051,0.000,0.017,28.119,5607.562,-0.053,60.000
0.051,0.020,0.014,20.538,116393.664,6.937,60.000
0.051,0.017,0.014,20.780,137216.438,6.767,60.000
0.051,0.003,0.009,23.920,69590.039,1.048,60.000
0.052,0.026,0.013,19.607,170019.594,5.459,60.000
0.056,0.000,0.017,25.262,-23372.680,-0.185,60.000
0.054,0.001,0.019,21.253,103195.852,1.555,60.000
0.047,0.001,0.002,21.687,77742.305,0.663,60.000
0.053,0.000,0.016,27.879,17899.680,1.431,60.000
0.049,0.014,0.013,20.917,151980.500,5.113,60.000
0.058,0.000,0.014,26.879,68420.680,-0.312,60.000
0.052,0.010,0.013,19.860,89992.148,3.757,60.000
0.045,0.000,0.003,20.013,-1415.211,0.099,60.000
0.051,0.001,0.022,22.015,78050.883,1.110,60.000
0.047,0.000,0.014,29.982,32479.820,1.244,60.000
0.051,0.013,0.012,21.509,133597.281,4.413,60.000
0.057,0.001,0.017,22.082,104128.617,0.477,60.000
0.050,0.004,0.014,21.193,105724.773,2.599,60.000
0.051,0.022,0.012,20.444,136336.844,5.713,60.000
0.048,0.000,0.007,27.256,12220.180,2.336,60.000
0.049,0.005,0.013,22.182,101510.711,3.092,60.000
0.052,0.000,0.012,34.088,-3903.969,0.688,60.000
0.051,0.023,0.012,20.059,150193.906,5.534,60.000
0.050,0.015,0.012,20.680,110991.211,5.463,60.000
0.044,0.001,0.017,22.428,69303.898,-0.729,60.000
0.049,0.002,0.016,22.990,141861.094,2.038,60.000
0.046,0.002,0.016,20.545,163914.969,1.746,60.000
0.048,0.005,0.010,21.990,108398.289,1.792,60.000
0.049,0.000,0.008,30.238,-5286.211,2.264,60.000
0.050,0.003,0.014,21.585,118665.883,2.464,60.000
0.057,0.001,0.004,19.439,141007.531,0.379,60.000
0.041,0.000,0.016,22.039,49811.117,-1.044,60.000
0.049,0.025,0.010,21.719,130864.242,6.168,60.000
0.044,0.000,0.018,21.689,36783.805,-0.641,60.000
0.049,0.009,0.013,20.393,148281.094,5.158,60.000
0.051,0.024,0.013,19.955,154396.312,5.426,60.000
0.052,0.001,0.012,27.085,40296.414,2.347,60.000
0.054,0.001,0.017,25.956,-11402.641,-0.660,60.000
0.003,0.012,0.013,20.044,58562.602,5.747,60.000
0.049,0.000,0.016,24.171,47565.258,0.498,60.000
0.048,0.002,0.015,22.557,155716.781,2.077,60.000
0.051,0.009,0.013,19.906,101211.305,4.455,60.000
0.048,0.006,0.011,20.813,146911.000,2.598,60.000
0.048,0.001,0.007,23.957,106854.320,0.753,60.000
0.050,0.006,0.012,22.594,132243.844,5.460,60.000
0.048,0.001,0.012,24.927,105464.523,2.503,60.000
0.049,0.007,0.015,20.270,103136.086,2.968,60.000
0.048,0.004,0.012,22.323,118942.367,3.246,60.000
0.048,0.001,0.004,20.589,111128.477,0.751,60.000
0.051,0.010,0.010,20.043,94955.070,3.391,60.000
0.057,0.001,0.011,22.252,109260.398,0.785,60.000
0.049,0.001,0.004,24.253,-10665.031,-0.087,60.000
0.049,0.024,0.014,20.320,167550.969,5.776,60.000
0.047,0.001,0.015,26.269,147523.156,1.907,60.000
0.052,0.009,0.011,19.695,128356.523,3.880,60.000
0.052,0.001,0.006,24.665,4238.336,-0.802,60.000
0.047,0.000,0.021,20.941,-21420.461,-1.445,60.000
0.051,0.001,0.008,26.651,26858.695,0.131,60.000
0.050,0.018,0.012,19.637,122614.398,6.397,60.000
0.052,0.011,0.011,19.564,104212.758,3.516,60.000
0.050,0.012,0.013,20.569,138520.062,4.129,60.000
0.050,0.010,0.014,21.138,138617.094,4.252,60.000
0.050,0.021,0.014,20.017,129721.273,6.549,60.000
0.050,0.024,0.011,20.451,123133.086,6.308,60.000
0.043,0.002,0.013,21.007,98607.320,0.445,60.000
0.044,0.000,0.005,24.078,-39143.828,-0.105,60.000
0.049,0.000,0.006,25.351,-33825.250,-0.082,60.000
0.048,0.015,0.013,20.774,147829.062,5.563,60.000
0.049,0.026,0.011,21.931,137566.875,6.336,60.000
0.051,0.007,0.013,21.240,97667.242,4.074,60.000
0.000,0.013,0.012,21.500,-2856.383,6.875,60.000
0.052,0.004,0.011,22.349,64433.055,3.175,60.000
0.057,0.001,0.007,23.053,115097.508,0.005,60.000
0.042,0.001,0.008,22.745,87381.617,0.500,60.000
0.050,0.024,0.014,20.513,155248.906,5.900,60.000
0.053,0.001,0.013,27.728,85658.633,1.549,60.000
0.042,0.000,0.007,21.352,6654.617,-1.293,60.000
0.058,0.001,0.013,22.038,117260.023,0.103,60.000
0.051,0.003,0.010,23.068,68873.570,1.310,60.000
0.045,0.001,0.013,25.589,107692.789,1.771,60.000
0.043,0.001,0.016,22.857,124999.820,0.182,60.000
0.051,0.004,0.010,21.390,78126.164,1.536,60.000
0.050,0.023,0.011,20.166,131163.188,6.167,60.000
0.052,0.001,0.006,24.944,27440.492,-0.659,60.000
0.054,0.000,0.006,24.708,11526.359,0.440,60.000
0.044,0.001,0.016,19.001,152637.844,0.943,60.000
0.045,0.000,0.018,23.216,-30443.258,-1.991,60.000
0.042,0.000,0.014,25.663,-42511.168,-1.008,60.000
0.049,0.015,0.014,20.931,161850.562,5.573,60.000
0.050,0.008,0.010,20.265,150583.031,3.555,60.000
0.057,0.001,0.014,25.112,74822.680,0.097,60.000
0.045,0.002,0.009,22.109,107683.961,0.472,60.000
0.050,0.022,0.014,20.183,129534.320,6.148,60.000
0.049,0.010,0.012,20.327,135352.188,4.524,60.000
0.053,0.001,0.013,30.450,30496.492,1.545,60.000
0.052,0.001,0.016,26.591,69680.898,1.053,60.000
0.057,0.001,0.013,25.354,88819.070,-0.055,60.000
0.056,0.000,0.004,20.099,132266.281,0.459,60.000
0.041,0.001,0.012,21.788,66779.992,-0.714,60.000
0.051,0.022,0.013,20.590,120241.836,5.956,60.000
0.049,0.016,0.010,20.152,117096.742,6.212,60.000
0.049,0.010,0.013,20.610,151404.156,4.734,60.000
0.056,0.001,0.017,20.037,91995.148,0.342,60.000
0.051,0.014,0.012,20.633,115127.914,4.602,60.000
0.049,0.014,0.011,20.910,108796.789,5.560,60.000
0.052,0.001,0.002,21.511,32373.883,-0.501,60.000
0.049,0.001,0.016,23.463,143269.656,1.987,60.000
0.052,0.013,0.012,20.920,118301.305,3.966,60.000
0.051,0.012,0.010,19.705,69975.852,4.432,60.000
0.100,0.012,0.012,29.818,-76207.062,5.860,60.000
0.098,0.012,0.011,18.935,107047.789,4.806,60.000
0.048,0.012,0.014,22.622,153081.250,3.796,60.000
0.052,0.001,0.013,31.529,-6260.680,1.465,60.000
0.044,0.001,0.007,21.457,84359.805,0.499,60.000
0.041,0.001,0.011,23.140,80285.961,-0.246,60.000
0.050,0.015,0.014,22.092,160780.188,5.737,60.000
0.053,0.001,0.015,23.531,100546.586,1.295,60.000
0.050,0.000,0.015,29.865,-27029.500,-1.018,60.000
0.051,0.003,0.012,23.288,93559.680,3.442,60.000
0.051,0.024,0.014,20.433,149050.000,5.898,60.000
0.048,0.003,0.011,21.882,100581.742,1.847,60.000
0.047,0.001,0.021,21.784,101920.867,0.964,60.000
0.050,0.000,0.006,25.687,22107.227,0.816,60.000
0.098,0.013,0.012,19.771,105540.398,5.143,60.000
0.047,0.001,0.007,25.796,63636.789,0.393,60.000
0.050,0.019,0.014,20.020,138708.750,7.138,60.000
0.049,0.021,0.013,20.897,144183.719,5.922,60.000
0.050,0.001,0.017,23.202,138860.156,2.087,60.000
0.049,0.017,0.010,20.065,117304.773,6.354,60.000
0.055,0.000,0.012,24.306,-19334.305,2.916,60.000
0.051,0.016,0.010,19.243,96838.836,5.777,60.000
0.053,0.001,0.014,24.059,94070.289,1.212,60.000
0.050,0.025,0.010,21.412,122506.836,5.505,60.000
0.050,0.020,0.014,19.956,133134.812,7.044,60.000
0.050,0.012,0.013,21.637,145553.438,4.164,60.000
0.044,0.000,0.005,20.822,3909.164,-0.381,60.000
0.042,0.001,0.012,25.408,18276.234,-1.925,60.000
0.057,0.001,0.017,20.804,102071.008,0.403,60.000
0.055,0.000,0.016,26.125,18242.422,0.759,60.000
0.042,0.000,0.010,26.860,-47484.051,2.703,60.000
0.048,0.023,0.012,20.361,152785.688,5.757,60.000
0.055,0.001,0.014,24.128,108344.133,1.183,60.000
0.048,0.023,0.012,20.533,140363.969,6.329,60.000
0.051,0.024,0.010,20.566,105043.586,5.725,60.000
0.058,0.000,0.017,21.805,36953.477,0.639,60.000
0.048,0.000,0.020,21.146,18410.367,-0.544,60.000
0.059,0.000,0.008,24.474,-24485.602,1.481,60.000
0.049,0.023,0.012,20.399,148660.750,5.901,60.000
0.048,0.009,0.013,20.567,146682.094,4.782,60.000
0.050,0.021,0.012,20.470,135841.438,5.936,60.000
0.049,0.017,0.012,19.660,127951.164,6.439,60.000
0.051,0.009,0.011,21.011,147408.188,4.969,60.000
0.043,0.001,0.020,19.764,117123.805,0.873,60.000
0.053,0.001,0.021,21.191,114753.477,1.923,60.000
0.051,0.013,0.013,22.826,142214.500,4.748,60.000
0.051,0.008,0.011,20.810,159415.531,4.814,60.000
0.047,0.001,0.009,25.496,100358.836,0.750,60.000
0.050,0.025,0.010,21.539,126493.070,5.732,60.000
0.051,0.001,0.017,23.505,114647.961,2.032,60.000
0.049,0.011,0.013,21.102,153830.281,4.142,60.000
0.050,0.026,0.011,20.943,130237.508,6.303,60.000
0.056,0.000,0.016,23.777,85173.633,2.690,60.000
0.044,0.002,0.009,22.780,114157.867,0.667,60.000
0.055,0.001,0.008,24.844,72193.336,0.002,60.000
0.058,0.001,0.011,19.451,130630.430,0.489,60.000
0.048,0.023,0.012,20.736,139623.594,6.588,60.000
0.044,0.001,0.011,22.221,104608.070,0.064,60.000
0.051,0.001,0.011,26.267,40740.273,2.254,60.000
0.051,0.019,0.010,18.553,96681.914,5.690,60.000
0.048,0.023,0.011,21.511,135869.219,6.847,60.000
0.044,0.001,0.016,21.674,79867.773,-0.735,60.000
0.049,0.009,0.012,21.083,164257.312,5.610,60.000
0.048,0.004,0.012,21.462,131858.781,2.854,60.000
0.050,0.013,0.014,23.066,158118.094,4.728,60.000
0.051,0.001,0.003,20.856,52567.133,-0.039,60.000
0.044,0.001,0.005,22.986,61902.836,1.360,60.000
0.050,0.009,0.011,20.704,149288.562,4.543,60.000
0.043,0.001,0.020,19.718,115983.273,1.072,60.000
0.047,0.001,0.005,22.327,57023.367,0.571,60.000
0.098,0.012,0.012,20.302,117027.445,4.893,60.000
0.044,0.001,0.018,20.920,61967.367,-0.922,60.000
0.047,0.002,0.011,23.072,98261.430,1.316,60.000
0.048,0.001,0.017,24.940,136456.094,1.531,60.000
0.049,0.002,0.007,23.887,96133.367,1.011,60.000
0.056,0.000,0.005,19.720,35414.352,-1.578,60.000
0.058,0.001,0.005,22.878,14980.969,-0.524,60.000
0.049,0.007,0.013,21.606,130145.414,4.507,60.000
0.050,0.007,0.011,20.796,165754.062,4.049,60.000
0.046,0.001,0.019,19.940,134357.594,1.256,60.000
0.050,0.025,0.011,20.752,128682.633,6.392,60.000
0.049,0.016,0.011,20.232,118092.492,6.526,60.000
0.051,0.001,0.006,21.501,115039.492,0.399,60.000
0.049,0.007,0.014,20.834,123624.383,4.157,60.000
0.050,0.014,0.013,22.452,152054.531,4.966,60.000
0.050,0.009,0.011,20.630,149471.156,4.734,60.000
0.051,0.025,0.011,19.937,127254.805,5.780,60.000
0.048,0.002,0.010,23.941,77553.305,1.327,60.000
0.048,0.002,0.012,23.643,115320.227,3.113,60.000
0.058,0.001,0.006,24.561,61772.180,-0.088,60.000
0.050,0.008,0.013,20.726,122275.336,4.746,60.000
0.054,0.001,0.017,23.121,99505.102,1.077,60.000
0.050,0.010,0.014,22.049,134407.031,3.678,60.000
0.048,0.020,0.012,20.682,134259.688,6.027,60.000
0.051,0.000,0.007,26.774,-33137.828,-0.513,60.000
0.049,0.003,0.014,22.636,121715.305,2.613,60.000
0.051,0.001,0.020,23.487,65597.461,1.065,60.000
0.047,0.001,0.015,26.708,149799.250,2.034,60.000
0.059,0.001,0.011,18.796,138073.594,-0.048,60.000
0.048,0.023,0.011,21.630,139471.500,7.014,60.000
0.049,0.008,0.013,20.811,133086.125,4.731,60.000
0.052,0.001,0.006,22.447,107639.195,0.299,60.000
0.052,0.000,0.018,24.022,28677.430,-0.770,60.000
0.049,0.002,0.005,21.856,108222.086,0.519,60.000
0.054,0.000,0.019,22.283,-37673.914,-1.525,60.000
0.050,0.011,0.014,21.998,141420.062,3.887,60.000
0.045,0.001,0.014,26.592,110717.961,1.508,60.000
0.049,0.019,0.014,19.721,141065.969,6.998,60.000
0.057,0.001,0.020,18.981,104005.805,0.598,60.000
0.041,0.000,0.014,19.807,-25925.258,-4.148,60.000
0.053,0.000,0.013,32.200,11489.812,0.381,60.000
0.050,0.013,0.013,21.366,152454.250,4.811,60.000
0.048,0.018,0.013,19.371,135366.500,6.361,60.000
0.051,0.025,0.010,20.696,108278.211,5.700,60.000
0.048,0.001,0.009,28.471,-10170.570,-0.838,60.000
0.042,0.001,0.012,23.538,85492.555,-0.163,60.000
0.051,0.027,0.012,16.934,60298.648,2.187,60.000
0.048,0.002,0.008,23.908,94115.508,0.972,60.000
0.042,0.001,0.017,22.109,47912.789,-2.294,60.000
0.048,0.001,0.004,24.025,57340.836,0.718,60.000
0.045,0.001,0.008,24.296,94856.930,0.802,60.000
0.052,0.015,0.013,21.195,110461.820,4.714,60.000
0.042,0.000,0.009,22.310,-8940.461,-1.142,60.000
0.051,0.023,0.010,20.223,104355.820,5.879,60.000
0.045,0.001,0.019,21.135,124737.617,0.706,60.000
0.050,0.025,0.014,19.815,175527.250,5.694,60.000
0.050,0.021,0.012,20.207,134316.656,5.724,60.000
0.048,0.011,0.012,20.433,149287.750,4.297,60.000
0.051,0.023,0.010,20.265,107442.430,5.997,60.000
0.040,0.001,0.009,22.798,15218.359,-0.720,60.000
0.045,0.002,0.015,19.839,163547.312,1.582,60.000
0.055,0.001,0.006,21.711,106338.523,0.209,60.000
0.043,0.001,0.007,22.112,77972.523,0.423,60.000
0.055,0.002,0.007,22.936,100820.430,0.136,60.000
0.050,0.005,0.010,20.400,124932.070,2.242,60.000
0.041,0.001,0.009,22.585,87654.164,0.347,60.000
0.052,0.001,0.021,22.401,26365.344,0.113,60.000
0.051,0.008,0.014,19.972,103773.430,3.433,60.000
0.049,0.004,0.014,21.103,110419.383,2.569,60.000
0.051,0.000,0.012,35.382,58686.211,2.863,60.000
0.048,0.014,0.010,20.649,94321.711,5.407,60.000
0.051,0.025,0.013,19.763,161018.188,5.625,60.000
0.051,0.003,0.012,22.994,79659.180,3.346,60.000
0.051,0.010,0.013,20.509,115218.867,5.114,60.000
0.045,0.000,0.018,23.092,32895.914,-0.378,60.000
0.045,0.002,0.013,22.768,119086.883,1.769,60.000
0.055,0.001,0.017,22.368,99309.055,0.670,60.000
0.050,0.000,0.019,23.162,-2210.523,-1.443,60.000
0.044,0.001,0.012,23.707,95102.727,0.502,60.000
0.049,0.000,0.004,22.733,44282.836,0.305,60.000
0.053,0.001,0.013,25.863,95058.461,1.716,60.000
0.045,0.000,0.005,22.782,1925.898,-0.118,60.000
0.048,0.000,0.008,28.047,-27316.867,0.018,60.000
0.049,0.001,0.022,22.539,17378.703,-0.166,60.000
0.048,0.001,0.016,22.677,155984.375,1.967,60.000
0.098,0.011,0.012,19.473,127600.352,4.945,60.000
0.051,0.001,0.008,24.367,99609.258,0.749,60.000
0.057,0.001,0.005,21.531,78590.898,-0.196,60.000
0.050,0.012,0.010,20.780,62188.883,4.319,60.000
0.052,0.001,0.010,28.514,1853.766,0.434,60.000
0.050,0.024,0.011,20.540,125214.852,6.444,60.000
0.044,0.001,0.011,26.112,36538.461,-1.284,60.000
0.045,0.001,0.003,22.200,61654.602,1.160,60.000
0.043,0.001,0.005,21.552,83421.445,1.609,60.000
0.049,0.012,0.013,21.171,157322.094,4.069,60.000
0.053,0.001,0.017,26.717,581.367,-0.019,60.000
0.055,0.001,0.011,26.482,55254.758,1.188,60.000
0.050,0.016,0.012,20.407,111451.883,6.134,60.000
0.045,0.001,0.005,23.946,-2810.180,0.296,60.000
0.051,0.017,0.011,19.606,96848.820,6.163,60.000
0.050,0.002,0.009,24.663,76030.977,0.797,60.000
0.046,0.001,0.002,22.196,69709.711,0.872,60.000
0.045,0.001,0.007,24.355,71439.508,0.806,60.000
0.001,0.013,0.012,21.474,17560.914,4.726,60.000
0.052,0.023,0.012,19.517,129441.320,5.427,60.000
0.052,0.023,0.013,20.257,134723.625,5.747,60.000
0.050,0.002,0.015,22.405,126228.586,2.124,60.000
0.049,0.010,0.013,20.586,152832.344,4.646,60.000
0.051,0.013,0.013,21.747,132509.125,4.280,60.000
0.056,0.000,0.011,23.146,-19916.805,2.529,60.000
0.049,0.005,0.010,21.509,110973.258,2.134,60.000
0.044,0.000,0.009,23.904,-43856.996,-2.067,60.000
0.056,0.000,0.006,23.876,-29273.719,1.094,60.000
0.002,0.011,0.011,18.945,28785.492,6.574,60.000
0.052,0.014,0.012,20.610,121847.914,4.490,60.000
0.051,0.000,0.018,26.106,-6047.484,-0.636,60.000
0.050,0.002,0.013,24.128,95834.648,2.999,60.000
0.049,0.002,0.009,24.097,78891.633,0.817,60.000
0.048,0.007,0.012,22.242,148989.594,4.531,60.000
0.049,0.012,0.013,21.257,149481.250,4.109,60.000
0.051,0.006,0.010,19.870,123114.992,2.163,60.000
0.051,0.017,0.012,19.921,112464.070,6.422,60.000
0.051,0.013,0.014,23.510,145555.281,3.963,60.000
0.049,0.007,0.010,21.415,123880.961,2.020,60.000
0.048,0.012,0.012,21.164,138063.500,4.330,60.000
0.044,0.001,0.005,22.918,73476.320,1.064,60.000
0.049,0.019,0.011,19.827,120189.445,6.544,60.000
0.053,0.001,0.008,25.913,74400.180,0.431,60.000
0.054,0.002,0.014,23.238,89110.945,0.879,60.000
0.049,0.012,0.012,20.826,132535.125,4.303,60.000
0.061,0.001,0.014,22.027,131938.906,-0.519,60.000
0.049,0.022,0.011,20.728,127289.492,6.581,60.000
0.051,0.001,0.021,21.903,121182.477,1.797,60.000
0.052,0.001,0.007,26.371,-5443.055,-0.861,60.000
0.048,0.000,0.002,19.649,43259.914,-0.539,60.000
0.049,0.009,0.011,20.878,146539.000,4.613,60.000
0.052,0.012,0.012,20.495,114887.477,3.911,60.000
0.051,0.003,0.010,23.598,50770.086,1.801,60.000
0.051,0.004,0.012,22.455,100823.867,3.955,60.000
0.048,0.026,0.012,20.399,137358.469,5.609,60.000
0.055,0.001,0.015,24.798,49091.617,-0.162,60.000
0.058,0.000,0.009,21.814,21153.656,1.008,60.000
0.050,0.015,0.010,19.497,91657.539,5.925,60.000
0.051,0.009,0.010,18.982,119481.523,3.327,60.000
0.098,0.011,0.011,19.315,115400.398,4.632,60.000
0.048,0.006,0.012,22.308,143517.125,4.432,60.000
0.049,0.009,0.010,21.749,113529.836,2.612,60.000
0.051,0.023,0.012,19.828,143950.969,5.558,60.000
0.049,0.012,0.014,23.347,150544.469,3.720,60.000
0.057,0.001,0.020,19.865,104606.742,0.767,60.000
0.050,0.012,0.012,20.675,135704.250,4.164,60.000
0.059,0.001,0.006,19.830,148928.094,-0.018,60.000
0.049,0.005,0.014,21.193,104293.602,2.600,60.000
0.050,0.018,0.014,20.084,141827.438,7.404,60.000
0.048,0.011,0.012,20.974,143680.125,4.099,60.000
0.050,0.011,0.010,20.937,65818.445,4.107,60.000
0.049,0.004,0.013,22.257,95022.383,3.081,60.000
0.001,0.013,0.013,21.460,42982.805,5.215,60.000
0.051,0.009,0.013,19.940,103928.805,4.284,60.000
0.050,0.017,0.011,19.760,113227.539,6.292,60.000
0.047,0.001,0.014,24.459,152757.156,2.524,60.000
0.055,0.001,0.016,22.682,98184.008,0.814,60.000
0.044,0.001,0.018,22.311,63938.758,-0.708,60.000
0.051,0.025,0.011,20.389,124288.430,5.988,60.000
0.050,0.023,0.013,20.183,153801.969,5.455,60.000
0.049,0.013,0.013,21.949,161276.625,4.865,60.000
0.052,0.009,0.013,20.437,99762.133,4.475,60.000
0.050,0.015,0.014,22.050,156598.656,5.846,60.000
0.052,0.002,0.013,24.519,83872.117,1.950,60.000
-0.000,0.013,0.011,14.892,27394.820,7.626,60.000
0.051,0.023,0.014,20.272,132606.500,5.950,60.000
0.051,0.026,0.014,19.929,170806.875,5.699,60.000
0.050,0.006,0.014,20.968,100162.398,2.930,60.000
0.042,0.001,0.005,20.994,87928.086,1.659,60.000
0.050,0.025,0.013,19.964,173612.438,5.670,60.000
0.051,0.009,0.010,19.603,130497.523,3.572,60.000
0.049,0.021,0.010,20.100,119376.711,6.670,60.000
0.048,0.002,0.009,24.272,87215.133,1.477,60.000
0.051,0.018,0.011,18.713,95171.555,5.664,60.000
0.048,0.018,0.012,20.292,132461.812,6.014,60.000
0.042,0.001,0.016,21.612,41669.680,-2.075,60.000
0.050,0.012,0.011,20.377,111640.211,4.103,60.000
0.050,0.006,0.011,19.966,145542.219,3.078,60.000
0.048,0.001,0.015,29.644,68100.961,0.938,60.000
0.043,0.001,0.018,19.939,89341.164,-0.682,60.000
0.051,0.020,0.013,20.181,107409.148,6.407,60.000
0.051,0.002,0.017,23.072,107596.570,2.070,60.000
0.043,0.001,0.011,25.832,35418.555,-1.432,60.000
0.049,0.018,0.012,19.911,121715.305,6.441,60.000
0.054,0.001,0.014,28.961,7713.117,0.166,60.000
0.051,0.009,0.010,20.403,113864.742,3.108,60.000
0.052,0.000,0.004,21.920,-14221.391,-0.650,60.000
0.051,0.001,0.005,21.366,116531.102,0.510,60.000
0.042,0.000,0.006,22.754,-9150.969,-0.572,60.000
0.056,0.001,0.003,18.802,136860.562,0.045,60.000
0.052,0.025,0.011,19.750,128513.039,5.388,60.000
0.044,0.001,0.017,21.689,45974.945,-1.497,60.000
0.048,0.017,0.011,20.331,132560.844,6.630,60.000
0.052,0.003,0.012,22.786,68552.117,2.997,60.000
0.050,0.009,0.013,20.189,124637.117,4.964,60.000
0.049,0.015,0.010,20.375,96677.617,5.828,60.000
0.049,0.016,0.013,20.384,142341.719,5.996,60.000
0.051,0.009,0.010,19.660,101764.539,3.329,60.000
0.044,0.001,0.004,21.701,81290.727,1.071,60.000
0.048,0.017,0.012,20.042,135230.594,6.308,60.000
0.050,0.025,0.013,19.885,171148.938,5.609,60.000
0.048,0.000,0.015,26.697,97239.852,1.810,60.000
0.049,0.014,0.013,20.866,148007.406,5.034,60.000
0.048,0.027,0.011,20.198,109143.180,5.214,60.000
0.050,0.012,0.011,20.259,116307.461,4.028,60.000
0.049,0.001,0.019,22.394,128341.539,1.958,60.000
0.051,0.009,0.014,19.904,89955.898,3.308,60.000
0.048,0.003,0.011,21.362,93868.523,1.761,60.000
0.049,0.001,0.005,22.735,77152.352,0.394,60.000
0.049,0.023,0.013,20.870,156698.938,5.815,60.000
0.048,0.021,0.014,20.272,137519.094,5.911,60.000
0.041,0.001,0.018,18.499,106900.930,-0.016,60.000
0.048,0.005,0.012,21.830,132218.094,3.886,60.000
0.050,0.009,0.010,20.647,120694.023,3.685,60.000
0.050,0.024,0.012,20.248,140251.219,6.169,60.000
0.049,0.001,0.023,22.404,80472.836,1.257,60.000
0.052,0.008,0.013,20.709,92893.523,4.161,60.000
0.049,0.020,0.013,20.682,137402.562,6.321,60.000
0.050,0.006,0.012,22.393,127577.789,5.192,60.000
0.099,0.011,0.011,20.767,79772.133,4.460,60.000
0.049,0.020,0.011,20.260,126495.617,6.227,60.000
0.051,0.005,0.009,21.364,97909.695,1.334,60.000
0.049,0.007,0.012,21.843,166183.625,5.258,60.000
0.046,0.000,0.003,22.126,17622.688,-0.218,60.000
0.052,0.001,0.022,21.677,48997.117,0.774,60.000
0.056,0.001,0.005,20.101,125430.211,0.051,60.000
0.048,0.019,0.012,20.473,134944.344,6.121,60.000
0.051,0.025,0.013,19.683,162606.531,5.446,60.000
0.050,0.006,0.010,19.995,138478.062,2.615,60.000
0.049,0.019,0.011,19.496,117496.055,6.239,60.000
0.052,0.000,0.011,34.070,34430.258,2.120,60.000
0.044,0.002,0.010,22.463,114122.977,0.349,60.000
0.049,0.006,0.015,20.186,103070.492,2.811,60.000
0.051,0.023,0.013,20.695,133489.219,5.871,60.000
0.053,0.001,0.019,22.454,111636.383,1.782,60.000
0.048,0.006,0.011,20.779,155780.625,2.720,60.000
0.045,0.001,0.009,24.236,108834.961,0.860,60.000
0.051,0.020,0.013,20.420,111488.852,6.868,60.000
0.052,0.016,0.013,20.700,104703.523,6.173,60.000
0.047,0.001,0.009,23.143,106696.742,0.883,60.000
0.050,0.001,0.020,22.536,126116.383,1.862,60.000
0.049,0.008,0.011,21.480,148041.656,3.634,60.000
0.056,0.001,0.015,24.850,81477.883,0.149,60.000
0.050,0.014,0.012,20.345,135691.312,5.134,60.000
0.049,0.027,0.010,17.145,111734.883,4.462,60.000
0.052,0.001,0.015,24.212,106562.445,1.424,60.000
0.052,0.026,0.013,19.706,169993.250,5.468,60.000
0.052,0.009,0.013,19.939,88384.867,3.823,60.000
0.049,0.000,0.005,23.307,29053.273,0.116,60.000
0.052,0.010,0.013,19.931,90485.820,3.665,60.000
0.045,0.001,0.019,19.565,132393.750,1.071,60.000
0.041,0.001,0.012,20.873,65940.398,-1.108,60.000
0.052,0.001,0.020,22.138,115544.555,1.859,60.000
0.051,0.012,0.010,19.526,86239.805,4.164,60.000
0.049,0.011,0.012,20.539,134663.344,4.310,60.000
0.052,0.002,0.010,23.958,48120.852,2.381,60.000
0.051,0.018,0.011,19.166,97341.367,5.941,60.000
0.051,0.019,0.013,20.200,124073.289,7.076,60.000
0.051,0.011,0.012,20.094,111846.555,4.220,60.000
0.049,0.005,0.013,22.068,106730.883,3.160,60.000
0.050,0.024,0.012,19.935,153071.188,5.707,60.000
0.051,0.023,0.011,20.190,121584.961,6.137,60.000
0.045,0.000,0.007,26.640,-34121.820,-0.807,60.000
0.050,0.002,0.015,22.913,124732.852,1.745,60.000
0.051,0.021,0.010,18.868,93407.695,5.993,60.000
0.048,0.008,0.011,21.585,143853.469,3.075,60.000
0.058,0.001,0.017,22.226,108093.883,0.182,60.000
0.098,0.012,0.013,20.694,128166.398,4.204,60.000
0.050,0.006,0.010,20.878,114389.398,1.721,60.000
0.049,0.001,0.020,22.523,98839.789,1.260,60.000
0.052,0.005,0.012,21.391,98203.445,3.857,60.000
0.054,0.000,0.009,27.382,30756.539,2.339,60.000
0.050,0.025,0.012,20.039,156853.750,6.060,60.000
0.050,0.015,0.010,20.299,95509.508,5.981,60.000
0.056,0.000,0.008,24.779,60833.305,0.820,60.000
0.054,0.001,0.016,25.578,15672.875,-0.566,60.000
0.049,0.013,0.010,20.635,82685.023,4.711,60.000
0.048,0.026,0.014,19.905,179170.906,5.736,60.000
0.051,0.001,0.009,24.489,82651.883,0.605,60.000
0.052,0.014,0.012,20.601,113676.398,4.316,60.000
0.048,0.006,0.013,21.950,140538.062,3.909,60.000
0.054,0.001,0.008,24.037,95975.586,0.471,60.000
0.054,0.001,0.003,19.673,121434.680,0.173,60.000
0.050,0.001,0.003,21.059,104639.820,0.688,60.000
0.098,0.011,0.013,20.710,135699.625,4.061,60.000
0.043,0.001,0.019,19.246,114351.664,0.529,60.000
0.048,0.025,0.013,20.300,162305.969,5.715,60.000
0.050,0.002,0.014,23.318,112016.336,2.525,60.000
0.057,0.000,0.017,23.925,24922.141,-0.341,60.000
0.050,0.001,0.012,24.874,67247.836,2.373,60.000
0.047,0.000,0.002,22.088,-13773.367,-0.575,60.000
0.050,0.007,0.010,20.295,159919.312,3.395,60.000
0.043,0.000,0.009,24.419,-4701.648,-1.746,60.000
0.002,0.012,0.012,19.825,53622.492,6.117,60.000
0.049,0.015,0.010,20.460,111281.961,6.136,60.000
0.060,0.001,0.014,21.700,120872.352,-0.311,60.000
0.052,0.008,0.010,19.162,131197.375,2.659,60.000
0.048,0.002,0.013,24.181,113096.258,2.702,60.000
0.049,0.015,0.014,20.618,151285.594,6.036,60.000
0.051,0.017,0.014,20.768,135605.438,6.766,60.000
0.048,0.004,0.011,20.866,117359.539,2.135,60.000
0.052,0.002,0.011,23.387,44607.570,2.997,60.000
0.059,0.001,0.011,18.189,128870.445,0.003,60.000
0.057,0.001,0.016,23.149,77482.164,0.152,60.000
0.051,0.000,0.011,32.593,33954.820,1.464,60.000
0.042,0.001,0.009,22.319,103820.070,0.433,60.000
0.051,0.001,0.017,25.061,115911.930,1.846,60.000
0.052,0.001,0.010,27.942,-8999.328,0.497,60.000
0.042,0.000,0.007,23.283,56415.242,2.173,60.000
0.050,0.019,0.013,19.914,124972.320,6.646,60.000
0.048,0.001,0.010,26.529,68209.477,0.678,60.000
0.050,0.022,0.013,20.912,141744.594,5.932,60.000
0.053,0.002,0.017,21.988,87615.305,1.171,60.000
0.043,0.001,0.014,22.714,85538.930,0.499,60.000
0.049,0.003,0.012,23.929,104628.742,3.446,60.000
0.040,0.000,0.010,21.716,-34990.602,-1.614,60.000
0.056,0.000,0.014,28.051,11451.625,-1.092,60.000
0.050,0.010,0.011,20.091,106614.570,3.926,60.000
0.052,0.008,0.013,20.162,88220.477,3.592,60.000
0.050,0.023,0.012,20.005,144769.625,5.743,60.000
0.047,0.000,0.015,29.665,-15132.961,-1.103,60.000
0.050,0.026,0.014,19.859,178563.656,5.942,60.000
0.051,0.003,0.013,23.110,86964.117,3.056,60.000
0.058,0.000,0.010,23.654,59981.727,0.230,60.000
0.045,0.000,0.016,26.050,57305.648,1.098,60.000
0.049,0.023,0.013,20.533,162448.969,5.625,60.000
0.051,0.001,0.013,28.700,55461.086,1.801,60.000
0.042,0.000,0.007,22.008,19949.227,-1.074,60.000
0.043,0.001,0.020,19.873,112570.148,0.944,60.000
0.048,0.001,0.005,21.221,108591.820,0.650,60.000
0.050,0.012,0.010,20.063,86106.930,4.323,60.000
0.050,0.017,0.014,20.305,143210.312,7.324,60.000
0.050,0.001,0.001,22.129,6064.102,-0.388,60.000
0.048,0.001,0.011,26.536,50281.758,1.142,60.000
0.055,0.001,0.021,19.849,113784.070,1.647,60.000
0.052,0.025,0.012,19.557,154083.000,5.418,60.000
0.061,0.001,0.011,18.939,141967.875,-0.291,60.000
0.042,0.000,0.006,21.342,4828.086,-0.697,60.000
0.044,0.001,0.019,19.873,122358.289,0.591,60.000
0.054,0.001,0.013,26.404,92224.039,1.373,60.000
0.052,0.003,0.012,22.377,85714.898,2.836,60.000
0.045,0.002,0.009,22.597,111154.680,0.771,60.000
0.042,0.001,0.015,20.265,61152.320,-0.273,60.000
0.046,0.000,0.018,21.988,-22836.672,-1.559,60.000
0.049,0.020,0.010,19.925,121337.102,6.699,60.000
0.049,0.007,0.012,22.395,159439.844,5.686,60.000
0.047,0.001,0.007,22.758,97940.883,0.890,60.000
0.059,0.001,0.012,22.122,129256.711,-0.358,60.000
0.052,0.027,0.013,18.400,92259.727,1.760,60.000
0.049,0.009,0.013,20.283,131188.625,5.094,60.000
0.049,0.002,0.010,24.000,68798.320,1.253,60.000
0.050,0.014,0.014,22.464,155814.500,5.233,60.000
0.041,0.001,0.013,19.683,68432.414,-1.093,60.000
0.050,0.006,0.009,21.466,111344.477,1.567,60.000
0.043,0.000,0.011,25.276,4354.328,-2.697,60.000
0.044,0.000,0.020,20.846,-55447.324,-1.950,60.000
0.056,0.001,0.013,22.819,119395.398,0.781,60.000
0.048,0.016,0.012,20.233,122757.992,6.032,60.000
0.050,0.001,0.018,24.518,122819.852,1.811,60.000
0.051,0.011,0.014,21.370,119755.539,3.692,60.000
0.052,0.001,0.006,23.227,82516.602,0.330,60.000
0.057,0.000,0.007,23.438,31268.508,-1.785,60.000
0.050,0.001,0.011,25.545,54271.633,2.206,60.000
0.042,0.000,0.012,27.123,-65533.590,-0.090,60.000
0.049,0.001,0.019,21.630,129700.867,1.682,60.000
0.048,0.020,0.011,20.476,129146.273,6.187,60.000
0.001,0.011,0.012,19.582,35616.195,6.607,60.000
0.047,0.001,0.006,24.700,58340.555,0.611,60.000
0.044,0.001,0.018,21.790,40498.680,-1.491,60.000
0.052,0.022,0.012,19.931,123197.195,5.385,60.000
0.039,0.001,0.013,19.568,43244.055,-1.478,60.000
0.052,0.011,0.011,18.670,89370.367,3.495,60.000
0.050,0.019,0.010,18.958,99921.930,5.927,60.000
0.051,0.011,0.013,20.565,108631.977,4.400,60.000
0.039,0.001,0.012,22.378,463.500,-2.228,60.000
0.048,0.009,0.013,20.595,159782.375,4.675,60.000
0.048,0.016,0.012,20.689,125476.227,5.863,60.000
0.049,0.012,0.013,20.924,144161.750,3.922,60.000
0.049,0.001,0.020,21.568,127654.367,1.575,60.000
0.046,0.001,0.007,23.995,96516.695,0.549,60.000
0.058,0.001,0.007,23.549,113454.914,0.310,60.000
0.055,0.000,0.013,31.995,43041.633,0.390,60.000
0.057,0.001,0.013,21.905,119402.148,0.452,60.000
0.050,0.023,0.014,20.304,136132.438,5.953,60.000
0.098,0.013,0.013,20.423,110955.961,4.312,60.000
0.049,0.024,0.013,20.451,165529.125,5.648,60.000
0.049,0.005,0.012,22.046,120975.805,4.191,60.000
0.050,0.009,0.011,20.807,145412.719,4.681,60.000
0.052,0.007,0.014,19.676,85213.555,2.363,60.000
0.057,0.001,0.008,24.397,29048.727,-0.147,60.000
0.050,0.014,0.013,21.476,150014.125,5.417,60.000
0.051,0.005,0.014,20.583,98483.555,2.582,60.000
0.049,0.003,0.010,22.947,66464.867,1.171,60.000
0.044,0.001,0.020,19.889,120690.461,0.818,60.000
0.050,0.006,0.012,21.607,134443.469,4.675,60.000
0.050,0.001,0.019,23.109,124082.492,2.052,60.000
0.057,0.001,0.004,19.566,128228.414,0.125,60.000
0.045,0.001,0.016,21.022,152807.812,1.108,60.000
0.049,0.023,0.014,20.565,148480.281,5.912,60.000
0.042,0.001,0.007,22.814,37929.414,0.067,60.000
0.049,0.004,0.013,22.584,100099.758,3.315,60.000
0.048,0.026,0.012,20.964,151657.094,6.650,60.000
0.049,0.003,0.014,21.953,120518.820,2.557,60.000
0.050,0.005,0.009,22.732,85375.805,1.073,60.000
0.052,0.007,0.010,18.712,145967.250,2.405,60.000
0.057,0.001,0.010,20.420,112657.102,0.556,60.000
0.051,0.005,0.011,20.823,123314.508,3.612,60.000
0.051,0.026,0.011,20.295,123652.758,5.848,60.000
0.052,0.013,0.010,19.229,66963.570,4.713,60.000
0.052,0.000,0.002,22.324,-22342.602,-0.774,60.000
0.053,0.001,0.007,23.182,99933.711,0.533,60.000
0.048,0.001,0.006,23.625,86197.602,0.630,60.000
0.053,0.001,0.015,25.683,90971.023,1.306,60.000
0.049,0.025,0.013,19.929,172638.094,5.670,60.000
0.044,0.000,0.020,20.333,-58786.020,-3.474,60.000
0.051,0.008,0.013,20.875,129536.148,5.476,60.000
0.098,0.012,0.011,18.936,101482.227,4.748,60.000
0.050,0.022,0.010,19.652,105904.742,5.941,60.000
0.046,0.001,0.008,24.876,98099.492,0.712,60.000
0.049,0.001,0.012,29.307,40664.617,1.707,60.000
0.048,0.009,0.012,21.356,149616.188,4.328,60.000
0.052,0.002,0.010,23.984,47057.727,2.221,60.000
0.048,0.007,0.014,20.835,114451.492,3.619,60.000
0.051,0.007,0.012,21.549,127494.180,5.071,60.000
0.043,0.000,0.011,29.103,-56635.492,1.479,60.000
0.049,0.006,0.013,22.216,127375.523,4.195,60.000
0.049,0.010,0.011,20.621,129108.070,4.158,60.000
0.054,0.000,0.010,31.797,32840.508,1.492,60.000
0.048,0.001,0.005,23.026,96483.117,0.815,60.000
0.055,0.000,0.019,21.787,98641.086,2.374,60.000
0.052,0.000,0.019,22.477,64068.523,0.657,60.000
0.052,0.012,0.012,20.058,108608.461,3.770,60.000
0.052,0.007,0.013,20.307,77670.633,3.184,60.000
0.059,0.000,0.012,22.568,27449.961,1.733,60.000
0.045,0.001,0.007,21.615,87585.602,0.528,60.000
0.050,0.007,0.011,21.637,162500.469,4.992,60.000
0.100,0.012,0.013,19.199,-24579.758,5.875,60.000
0.057,0.000,0.014,26.811,45577.258,-0.275,60.000
0.050,0.025,0.013,19.842,171924.812,5.574,60.000
0.097,0.012,0.012,19.334,118585.477,5.010,60.000
0.051,0.013,0.013,22.412,126296.852,4.025,60.000
0.098,0.011,0.011,19.192,111486.570,4.640,60.000
0.055,0.002,0.011,21.937,76242.008,1.995,60.000
0.039,0.000,0.012,24.280,-68033.578,0.142,60.000
0.056,0.001,0.012,22.571,116997.414,1.117,60.000
0.060,0.001,0.011,20.583,104550.242,-0.318,60.000
0.051,0.002,0.006,22.578,107057.117,0.387,60.000
0.049,0.019,0.013,19.669,136165.031,6.471,60.000
0.047,0.002,0.013,23.723,120475.555,2.336,60.000
0.047,0.001,0.013,26.550,124858.477,2.329,60.000
0.050,0.018,0.013,19.764,126017.789,6.577,60.000
0.048,0.015,0.013,20.795,129722.367,5.757,60.000
0.002,0.011,0.013,20.783,67455.398,5.544,60.000
0.045,0.002,0.012,22.955,111404.867,1.122,60.000
0.048,0.000,0.020,20.369,20353.719,-0.967,60.000
0.043,0.001,0.009,24.434,34221.477,-0.237,60.000
0.002,0.012,0.014,20.649,79114.211,5.343,60.000
0.046,0.001,0.009,26.378,76188.195,0.420,60.000
0.049,0.008,0.012,21.661,166673.250,5.118,60.000
0.041,0.001,0.007,20.459,93995.477,1.026,60.000
0.049,0.000,0.019,21.772,44740.195,0.123,60.000
0.049,0.006,0.013,21.720,105925.258,3.234,60.000
0.042,0.001,0.012,24.162,45159.711,-1.213,60.000
0.043,0.000,0.019,21.665,-86186.625,-2.438,60.000
0.049,0.024,0.010,21.127,128254.883,6.382,60.000
0.049,0.018,0.011,19.949,128768.008,6.463,60.000
0.042,0.001,0.007,20.772,79655.977,0.381,60.000
0.050,0.005,0.014,21.219,98804.617,2.865,60.000
0.051,0.007,0.010,18.974,137073.188,2.343,60.000
0.048,0.007,0.013,21.066,135530.781,4.248,60.000
0.049,0.012,0.011,20.976,108908.492,4.182,60.000
0.049,0.019,0.010,19.221,114376.242,6.361,60.000
0.100,0.011,0.012,14.966,73371.398,4.241,60.000
0.042,0.000,0.013,26.193,-18438.820,-2.609,60.000
0.044,0.001,0.017,22.187,78050.086,-0.777,60.000
0.049,0.010,0.011,20.929,131080.188,4.051,60.000
0.050,0.008,0.014,20.226,101729.852,3.966,60.000
0.058,0.000,0.013,25.900,61272.227,2.226,60.000
0.056,0.000,0.017,21.504,39299.039,-0.219,60.000
0.051,0.000,0.018,25.051,58563.492,1.120,60.000
0.051,0.023,0.012,19.763,142706.844,5.451,60.000
0.052,0.021,0.012,19.745,116280.836,5.811,60.000
0.052,0.000,0.005,23.034,-18320.234,-0.554,60.000
0.052,0.008,0.010,18.778,146394.031,3.106,60.000
0.041,0.000,0.013,23.971,12850.891,-3.092,60.000
0.059,0.000,0.013,25.620,26180.211,-0.981,60.000
0.047,0.001,0.011,23.320,92456.539,1.266,60.000
0.048,0.001,0.004,20.131,108498.336,0.766,60.000
0.050,0.017,0.014,20.535,145136.281,6.727,60.000
0.043,0.001,0.015,21.542,112789.539,0.538,60.000
0.050,0.027,0.010,21.805,123741.508,5.701,60.000
0.045,0.000,0.015,29.582,-22292.703,-0.091,60.000
0.050,0.001,0.019,23.598,122091.430,1.971,60.000
0.051,0.006,0.012,22.498,123206.289,5.032,60.000
0.043,0.001,0.004,22.373,81493.602,1.648,60.000
0.048,0.022,0.011,20.814,134077.625,6.964,60.000
0.053,0.001,0.022,22.034,49002.008,0.394,60.000
0.051,0.000,0.008,29.547,16971.484,0.904,60.000
0.002,0.012,0.012,19.756,55905.195,6.038,60.000
0.052,0.000,0.021,20.225,39384.180,-0.211,60.000
0.049,0.026,0.014,19.804,180870.312,5.797,60.000
0.046,0.000,0.004,22.144,28780.430,-0.319,60.000
0.049,0.023,0.010,21.235,134812.250,6.863,60.000
0.060,0.001,0.013,21.488,124511.930,-0.231,60.000
0.044,0.001,0.005,22.921,39281.430,0.958,60.000
0.049,0.007,0.009,21.723,130933.805,1.826,60.000
0.045,0.001,0.010,25.347,43843.242,-0.794,60.000
0.045,0.001,0.009,24.088,106501.227,0.584,60.000
0.052,0.011,0.013,21.361,117915.305,3.746,60.000
0.049,0.016,0.013,20.276,135571.719,6.167,60.000
0.050,0.026,0.010,22.033,124224.430,5.629,60.000
0.050,0.002,0.016,23.330,127915.039,1.924,60.000
0.048,0.001,0.012,26.014,92919.914,2.323,60.000
0.048,0.018,0.013,19.306,135057.156,6.436,60.000
0.051,0.012,0.014,22.822,127823.555,3.590,60.000
0.048,0.014,0.013,21.060,139210.375,5.264,60.000
0.049,0.022,0.014,20.872,147728.375,5.709,60.000
0.055,0.002,0.008,22.926,86505.680,0.178,60.000
0.058,0.000,0.013,26.494,-20718.539,-0.960,60.000
0.050,0.010,0.012,20.550,129746.352,4.966,60.000
0.047,0.002,0.013,23.661,122221.055,2.159,60.000
0.051,0.016,0.012,20.528,109855.648,6.171,60.000
0.048,0.018,0.012,20.004,135639.625,6.295,60.000
0.052,0.025,0.011,19.845,131373.500,5.656,60.000
0.049,0.001,0.010,27.597,-1105.570,-0.316,60.000
0.049,0.001,0.023,22.296,131881.594,1.783,60.000
0.050,0.008,0.010,20.548,127978.164,3.272,60.000
0.051,0.005,0.014,20.194,103729.914,2.493,60.000
0.051,0.010,0.012,20.222,112687.695,4.757,60.000
0.051,0.002,0.014,23.385,106448.898,1.699,60.000
0.048,0.001,0.006,24.825,38894.242,0.341,60.000
0.053,0.000,0.002,24.587,-18784.305,-0.282,60.000
0.051,0.008,0.010,19.627,127198.211,3.035,60.000
0.047,0.000,0.010,32.058,-92208.609,0.201,60.000
0.050,0.027,0.013,18.955,213883.094,10.354,60.000
0.049,0.027,0.014,17.645,102692.289,1.820,60.000
0.048,0.018,0.012,20.025,132109.469,6.156,60.000
0.052,0.021,0.012,19.619,122087.727,5.613,60.000
0.052,0.008,0.011,19.922,133040.625,3.815,60.000
0.047,0.001,0.008,25.027,94610.711,0.630,60.000
0.051,0.019,0.012,19.929,121650.273,6.359,60.000
0.002,0.013,0.010,17.738,37857.711,7.270,60.000
0.047,0.001,0.003,21.638,96069.258,0.962,60.000
0.059,0.001,0.016,22.076,115072.180,-0.004,60.000
0.051,0.019,0.014,20.703,123111.883,7.056,60.000
0.051,0.015,0.014,21.655,135743.125,5.785,60.000
0.044,0.001,0.005,22.042,30492.305,0.801,60.000
0.045,0.001,0.019,21.206,126462.211,0.769,60.000
0.051,0.008,0.010,19.416,142770.531,3.459,60.000
0.051,0.007,0.010,19.717,138419.844,2.870,60.000
0.056,0.001,0.004,18.992,132861.781,0.026,60.000
0.098,0.013,0.011,18.937,95144.695,5.106,60.000
0.052,0.009,0.011,19.294,117404.930,3.676,60.000
0.058,0.000,0.007,20.307,-38443.109,-2.832,60.000
0.049,0.015,0.012,20.699,129936.945,5.538,60.000
0.049,0.005,0.013,22.074,98396.352,3.243,60.000
0.051,0.013,0.013,21.989,131761.500,4.399,60.000
0.047,0.002,0.010,22.677,104121.102,1.173,60.000
0.057,0.001,0.018,20.142,101318.570,0.372,60.000
0.048,0.000,0.007,25.377,19676.180,-0.206,60.000
0.051,0.021,0.013,20.114,109627.586,6.315,60.000
0.049,0.012,0.011,20.608,103801.289,4.288,60.000
0.052,0.025,0.012,19.507,139382.156,5.304,60.000
0.050,0.011,0.012,20.327,133134.000,4.263,60.000
0.050,0.010,0.010,20.432,82489.680,3.554,60.000
0.052,0.020,0.014,20.470,110919.695,6.812,60.000
0.002,0.011,0.012,19.732,46363.445,6.340,60.000
0.054,0.002,0.007,22.956,98301.555,0.242,60.000
0.045,0.000,0.015,27.496,-50014.852,-2.150,60.000
0.044,0.000,0.013,30.319,25929.805,1.673,60.000
0.056,0.001,0.017,21.625,96343.773,0.618,60.000
0.050,0.022,0.010,20.090,114148.602,6.191,60.000
0.049,0.001,0.020,22.744,69447.586,0.824,60.000
0.044,0.001,0.006,21.668,81267.289,0.312,60.000
0.052,0.003,0.011,23.224,51905.242,2.816,60.000
0.044,0.002,0.017,18.357,139207.438,0.367,60.000
0.048,0.001,0.015,23.229,156842.688,2.033,60.000
0.057,0.001,0.014,22.524,116769.883,0.344,60.000
0.049,0.008,0.014,20.791,113161.195,3.915,60.000
0.043,0.001,0.013,22.136,83356.617,-0.046,60.000
0.099,0.011,0.013,20.849,131785.031,4.180,60.000
0.056,0.002,0.012,21.798,108646.102,1.082,60.000
0.052,0.024,0.012,19.592,130103.914,5.197,60.000
0.056,0.000,0.003,23.436,-40946.328,-0.239,60.000
0.052,0.010,0.011,19.121,113825.086,3.590,60.000
0.039,0.000,0.011,22.593,27498.258,-1.085,60.000
0.046,0.000,0.011,33.579,20498.047,4.026,60.000
0.048,0.000,0.009,31.990,-46419.656,1.486,60.000
0.057,0.001,0.011,26.092,24520.297,0.830,60.000
0.051,0.001,0.018,22.703,118856.508,2.113,60.000
0.045,0.001,0.018,19.040,138250.781,0.851,60.000
0.045,0.001,0.005,21.342,87049.820,0.674,60.000
0.053,0.000,0.014,30.013,31882.648,1.323,60.000
0.046,0.001,0.020,21.456,33056.602,-0.239,60.000
0.049,0.001,0.005,23.615,95143.508,0.447,60.000
0.048,0.025,0.011,21.713,143268.344,6.812,60.000
0.046,0.001,0.004,21.526,51415.336,0.903,60.000
0.052,0.009,0.012,20.313,105033.508,4.587,60.000
0.049,0.018,0.011,20.078,130164.570,6.447,60.000
0.098,0.014,0.013,20.126,104723.961,4.244,60.000
0.056,0.002,0.012,21.130,115948.742,1.044,60.000
0.048,0.011,0.014,21.767,158362.281,4.103,60.000
0.056,0.001,0.019,19.496,99134.164,0.623,60.000
0.051,0.007,0.015,20.002,91443.055,2.797,60.000
0.050,0.001,0.021,23.054,69625.398,0.997,60.000
0.052,0.023,0.012,20.126,138039.375,5.425,60.000
0.053,0.000,0.013,30.693,-570.469,1.101,60.000
0.048,0.012,0.012,21.226,141347.812,4.096,60.000
0.051,0.018,0.010,19.001,98608.570,5.830,60.000
0.052,0.011,0.012,19.620,95878.773,3.679,60.000
0.049,0.023,0.012,20.306,138288.781,6.072,60.000
0.049,0.003,0.010,22.749,74592.039,1.507,60.000
0.047,0.002,0.015,21.781,163645.844,2.065,60.000
0.052,0.010,0.012,20.072,115750.117,4.562,60.000
0.043,0.001,0.016,22.307,91111.727,-0.526,60.000
0.050,0.007,0.011,20.928,162645.531,4.508,60.000
0.055,0.000,0.010,26.220,-51727.156,1.061,60.000
0.058,0.001,0.011,21.110,103772.773,0.131,60.000
0.052,0.001,0.019,22.708,110783.961,2.030,60.000
0.052,0.019,0.012,20.011,98117.492,6.042,60.000
0.049,0.000,0.017,25.629,-20441.766,-1.452,60.000
0.043,0.001,0.010,25.659,40324.398,-0.793,60.000
0.049,0.021,0.014,20.359,136336.062,6.062,60.000
0.048,0.001,0.015,28.339,38880.711,0.340,60.000
0.049,0.026,0.014,19.860,180452.375,5.815,60.000
0.058,0.001,0.009,23.581,106378.539,0.147,60.000
0.051,0.001,0.006,23.060,112760.539,0.639,60.000
0.059,0.001,0.013,21.061,127537.180,-0.486,60.000
0.052,0.004,0.012,21.586,96033.242,3.897,60.000
0.051,0.023,0.010,20.130,103949.711,6.006,60.000
0.058,0.001,0.010,19.907,121100.117,0.212,60.000
0.053,0.001,0.008,23.673,95757.023,0.436,60.000
0.055,0.001,0.011,22.242,76381.883,1.928,60.000
0.050,0.001,0.018,23.187,123508.336,2.000,60.000
0.051,0.000,0.019,19.793,44729.305,-0.245,60.000
0.042,0.001,0.008,22.503,72401.977,0.048,60.000
0.049,0.013,0.014,22.483,159421.188,4.133,60.000
0.049,0.010,0.010,21.779,103956.258,3.214,60.000
0.049,0.014,0.010,20.551,88820.398,5.308,60.000
0.057,0.001,0.009,24.264,92462.133,0.070,60.000
0.052,0.001,0.002,22.001,86557.242,0.147,60.000
0.048,0.001,0.014,28.137,108177.227,1.996,60.000
0.048,0.001,0.007,26.272,28994.992,0.115,60.000
0.049,0.003,0.012,23.029,115519.648,3.311,60.000
0.050,0.006,0.012,22.350,136609.688,5.336,60.000
0.052,0.001,0.020,22.898,88899.086,1.420,60.000
0.053,0.000,0.011,33.302,-3374.898,0.669,60.000
0.047,0.001,0.006,23.077,93454.102,0.635,60.000
0.049,0.025,0.014,20.121,161394.594,5.936,60.000
0.052,0.000,0.003,22.916,-30571.969,-0.665,60.000
0.047,0.001,0.019,21.344,130783.211,1.088,60.000
0.049,0.006,0.013,21.983,110365.836,3.554,60.000
0.050,0.008,0.014,20.166,108621.445,4.257,60.000
0.048,0.014,0.012,21.398,118941.586,5.347,60.000
0.058,0.001,0.014,22.007,120400.242,0.070,60.000
0.051,0.021,0.014,20.209,112368.102,6.325,60.000
0.049,0.005,0.014,20.949,108460.102,2.660,60.000
0.045,0.001,0.005,22.353,81770.852,0.735,60.000
0.041,0.001,0.005,21.432,91916.820,2.046,60.000
0.052,0.007,0.014,19.805,77382.336,2.812,60.000
0.055,0.001,0.018,22.160,98570.180,0.823,60.000
0.049,0.017,0.013,19.827,131103.250,6.744,60.000
0.055,0.000,0.004,21.574,12188.297,-1.773,60.000
0.059,0.001,0.010,18.434,124696.398,0.010,60.000
0.052,0.001,0.013,32.493,-305.172,1.023,60.000
0.044,0.001,0.011,26.685,34403.992,-1.292,60.000
0.051,0.003,0.013,22.975,84311.023,2.877,60.000
0.051,0.005,0.012,21.401,110758.789,4.212,60.000
0.049,0.010,0.013,20.613,146308.312,4.828,60.000
0.060,0.000,0.014,23.462,106563.539,-0.644,60.000
0.048,0.012,0.011,21.417,118908.242,4.466,60.000
0.050,0.003,0.015,21.295,123727.680,2.504,60.000
0.048,0.011,0.012,20.785,151309.406,4.136,60.000
0.048,0.026,0.012,20.705,150748.719,6.779,60.000
0.049,0.005,0.012,21.638,141283.344,4.173,60.000
0.049,0.018,0.011,19.842,124543.648,6.324,60.000
0.041,0.000,0.015,22.500,-63131.895,-1.579,60.000
0.049,0.000,0.018,25.670,-8662.742,-1.220,60.000
0.050,0.016,0.010,19.769,104131.992,6.023,60.000
0.051,0.023,0.013,20.647,138294.594,5.675,60.000
0.053,0.001,0.010,28.841,-20246.945,0.071,60.000
0.057,0.001,0.017,21.694,100947.570,0.394,60.000
0.049,0.003,0.014,22.173,121510.758,2.461,60.000
0.055,0.000,0.009,25.178,11783.461,1.581,60.000
0.048,0.000,0.012,34.194,-23976.125,1.250,60.000
0.044,0.000,0.017,21.641,-2869.797,-1.851,60.000
0.051,0.011,0.013,20.905,130875.195,4.215,60.000
0.049,0.026,0.011,20.855,141003.281,6.542,60.000
0.051,0.000,0.019,21.782,65055.602,0.131,60.000
0.050,0.020,0.011,19.742,114169.836,6.208,60.000
0.002,0.013,0.012,19.065,50328.039,6.436,60.000
0.054,0.001,0.002,19.864,113621.492,-0.021,60.000
0.050,0.017,0.011,19.901,119723.789,6.379,60.000
0.046,0.000,0.004,21.634,69275.477,0.332,60.000
0.052,0.021,0.013,20.391,99348.117,6.051,60.000
0.048,0.002,0.018,21.154,132978.125,1.676,60.000
0.048,0.006,0.012,22.349,143639.156,4.680,60.000
0.052,0.001,0.015,28.487,3564.430,0.432,60.000
0.048,0.002,0.014,23.396,145445.219,2.470,60.000
0.040,0.000,0.014,20.195,-8223.750,-3.266,60.000
0.053,0.000,0.011,31.612,-26552.680,-0.245,60.000
0.048,0.001,0.019,21.871,135338.000,1.507,60.000
0.002,0.012,0.011,18.936,40150.445,6.645,60.000
0.045,0.000,0.007,24.688,-47342.133,-1.447,60.000
0.051,0.020,0.012,19.853,115656.289,6.041,60.000
0.043,0.001,0.004,20.686,88863.430,1.363,60.000
0.052,0.000,0.008,24.925,-4844.680,1.115,60.000
0.056,0.001,0.010,22.438,89802.023,0.157,60.000
0.041,0.001,0.010,22.058,94699.773,0.202,60.000
0.050,0.015,0.013,20.665,138382.906,5.751,60.000
0.051,0.006,0.013,21.710,92872.945,3.671,60.000
0.051,0.016,0.013,21.227,123594.898,5.956,60.000
0.049,0.001,0.014,32.139,24756.633,0.775,60.000
0.052,0.014,0.012,20.053,106760.977,4.266,60.000
0.044,0.002,0.010,21.980,105080.133,0.229,60.000
0.044,0.001,0.013,26.100,38055.320,0.158,60.000
0.051,0.014,0.010,20.306,63713.992,5.444,60.000
0.050,0.008,0.010,20.272,150547.000,3.748,60.000
0.052,0.001,0.009,24.984,79143.117,0.659,60.000
0.098,0.013,0.013,20.167,106418.367,4.570,60.000
0.047,0.000,0.022,20.994,37151.914,0.031,60.000
0.045,0.002,0.007,22.633,92247.961,0.918,60.000
0.052,0.007,0.011,20.319,117531.945,4.135,60.000
0.046,0.001,0.017,23.369,74949.461,-0.136,60.000
0.041,0.001,0.014,22.934,-40792.461,-4.386,60.000
0.050,0.004,0.013,21.823,93392.352,3.013,60.000
0.045,0.001,0.005,22.873,84034.602,0.885,60.000
0.049,0.014,0.011,20.962,94421.102,5.311,60.000
0.041,0.001,0.019,18.652,110704.008,0.456,60.000
0.051,0.023,0.012,19.875,138297.531,5.628,60.000
0.051,0.000,0.006,24.765,-28221.492,0.402,60.000
0.048,0.026,0.012,20.713,163403.000,6.420,60.000
0.057,0.001,0.010,27.050,-11189.695,0.240,60.000
0.051,0.006,0.011,21.322,148837.750,4.866,60.000
0.048,0.002,0.017,21.389,151965.062,1.689,60.000
0.055,0.001,0.014,23.607,99643.383,0.884,60.000
0.048,0.009,0.010,22.262,105421.555,2.631,60.000
0.042,0.001,0.017,19.957,112534.789,-0.386,60.000
0.054,0.001,0.017,24.212,56861.992,0.513,60.000
0.054,0.001,0.021,20.068,113641.727,1.763,60.000
0.000,0.012,0.013,21.165,10848.617,11.386,60.000
0.052,0.001,0.010,30.863,-31186.867,-0.017,60.000
0.053,0.001,0.004,21.956,60233.180,-0.083,60.000
0.050,0.024,0.014,20.398,151156.188,5.872,60.000
0.050,0.001,0.009,24.050,78195.961,0.656,60.000
0.052,0.006,0.012,21.073,99389.992,4.121,60.000
0.050,0.025,0.011,21.179,124622.367,6.194,60.000
0.050,0.025,0.011,20.875,131741.188,6.490,60.000
0.055,0.002,0.008,23.561,84453.508,0.309,60.000
0.048,0.000,0.011,30.208,13271.391,-1.012,60.000
0.043,0.001,0.013,21.019,79795.758,0.132,60.000
0.098,0.013,0.013,20.544,109923.102,4.450,60.000
0.047,0.000,0.011,29.269,-48246.156,-2.050,60.000
0.047,0.000,0.018,22.397,-14446.961,-1.237,60.000
0.049,0.006,0.011,21.514,156540.844,4.223,60.000
0.056,0.001,0.018,22.165,59420.852,-0.145,60.000
0.044,0.000,0.015,29.399,-27596.734,-0.946,60.000
0.050,0.003,0.013,22.330,95448.742,3.101,60.000
0.000,0.013,0.012,23.367,-54643.414,5.243,60.000
0.052,0.026,0.012,18.884,133243.844,4.742,60.000
0.051,0.002,0.009,25.381,60561.930,1.073,60.000
0.048,0.007,0.013,21.598,153205.219,4.771,60.000
0.049,0.012,0.011,20.888,116137.789,4.230,60.000
0.053,0.002,0.012,23.964,69752.883,2.746,60.000
0.053,0.001,0.003,19.546,113469.133,0.137,60.000
0.050,0.015,0.010,20.549,88339.195,5.957,60.000
0.001,0.013,0.013,22.776,26419.141,4.238,60.000
0.041,0.000,0.012,26.787,-60766.855,-0.006,60.000
0.060,0.001,0.010,21.753,106701.898,0.277,60.000
0.049,0.023,0.012,20.383,142462.406,5.932,60.000
0.052,0.000,0.015,30.330,23984.875,-0.629,60.000
0.043,0.000,0.009,24.149,-32741.227,-2.458,60.000
0.051,0.026,0.013,19.769,181489.438,5.638,60.000
0.048,0.005,0.010,22.619,94515.117,1.253,60.000
0.049,0.024,0.012,20.497,140688.406,6.499,60.000
0.048,0.009,0.013,20.645,155192.938,4.877,60.000
0.056,0.001,0.014,26.235,63457.289,-0.158,60.000
0.049,0.014,0.012,20.843,128958.727,5.391,60.000
0.048,0.021,0.013,20.753,148596.750,5.645,60.000
0.060,0.001,0.009,20.236,124309.367,0.246,60.000
0.057,0.001,0.010,22.719,93472.789,0.165,60.000
0.048,0.018,0.013,19.274,134835.000,6.464,60.000
0.048,0.020,0.011,20.154,125510.461,6.481,60.000
0.059,0.000,0.015,21.925,103422.164,0.653,60.000
0.059,0.000,0.012,24.643,31670.602,0.675,60.000
0.048,0.000,0.007,27.974,-7949.375,1.229,60.000
0.052,0.020,0.011,18.927,107663.539,5.669,60.000
0.050,0.003,0.011,22.848,60160.711,2.346,60.000
0.052,0.027,0.011,19.660,88590.648,4.187,60.000
0.040,0.000,0.012,23.504,-49168.730,-2.261,60.000
0.002,0.011,0.011,18.300,25332.523,7.042,60.000
0.053,0.001,0.015,23.311,94489.273,1.002,60.000
0.053,0.002,0.013,23.587,81705.945,2.111,60.000
0.056,0.002,0.014,22.409,106380.258,0.339,60.000
0.048,0.001,0.005,22.356,101387.164,0.785,60.000
0.049,0.005,0.013,22.250,113911.086,3.700,60.000
0.048,0.001,0.013,26.692,110472.836,2.288,60.000
0.053,0.000,0.019,20.802,4123.391,-1.525,60.000
0.044,0.002,0.016,18.663,152337.562,0.894,60.000
0.099,0.013,0.013,22.615,91782.727,3.934,60.000
0.049,0.009,0.011,21.389,160146.625,4.813,60.000
0.098,0.013,0.013,20.298,111482.805,4.165,60.000
0.041,0.001,0.017,21.443,-18432.805,-4.683,60.000
0.051,0.000,0.006,25.154,-31039.820,-0.008,60.000
0.050,0.009,0.010,20.319,128048.648,3.325,60.000
0.050,0.006,0.011,20.855,161429.969,4.283,60.000
0.045,0.001,0.006,23.281,76902.914,0.532,60.000
0.050,0.000,0.023,24.098,-50143.391,-1.603,60.000
0.049,0.015,0.010,20.672,101709.211,5.654,60.000
0.045,0.000,0.003,24.200,-73757.781,-0.952,60.000
0.053,0.000,0.020,18.833,22975.016,-0.782,60.000
0.050,0.001,0.006,25.314,-87.555,-0.620,60.000
0.047,0.002,0.011,22.724,99137.867,1.439,60.000
0.052,0.004,0.012,21.871,91796.258,3.597,60.000
0.050,0.001,0.011,25.223,56011.242,2.186,60.000
0.051,0.010,0.012,20.580,125121.305,5.089,60.000
0.049,0.020,0.012,20.472,135759.656,5.865,60.000
0.040,0.001,0.011,22.273,47550.930,-0.809,60.000
0.049,0.014,0.011,20.904,104418.836,5.433,60.000
0.051,0.017,0.012,19.949,107542.648,6.339,60.000
0.056,0.001,0.014,23.233,115572.898,0.622,60.000
0.049,0.000,0.021,21.069,-87827.516,-4.011,60.000
0.050,0.012,0.011,19.965,95724.039,4.168,60.000
0.060,0.001,0.014,21.505,127753.039,-0.568,60.000
0.047,0.001,0.003,21.699,61594.195,0.663,60.000
0.051,0.007,0.014,19.946,83749.008,2.595,60.000
0.098,0.011,0.011,19.299,122233.023,4.662,60.000
0.046,0.001,0.011,24.736,89020.117,1.309,60.000
0.051,0.009,0.011,20.613,150337.344,4.548,60.000
0.049,0.007,0.013,21.903,147731.156,5.047,60.000
0.056,0.001,0.006,22.819,63262.336,-0.248,60.000
0.042,0.000,0.013,23.839,56748.727,-0.714,60.000
0.047,0.000,0.011,30.007,-23926.055,-2.124,60.000
0.049,0.008,0.013,20.840,145044.188,5.059,60.000
0.044,0.001,0.012,24.254,92900.664,0.670,60.000
0.050,0.023,0.011,20.341,124579.711,6.364,60.000
0.048,0.001,0.022,21.290,77470.523,0.858,60.000
0.055,0.001,0.005,20.159,130135.867,0.096,60.000
0.000,0.012,0.011,19.872,-2.500,11.707,60.000
0.051,0.015,0.013,21.028,120012.148,5.268,60.000
0.054,0.000,0.016,24.832,9536.523,-0.511,60.000
0.051,0.005,0.013,21.863,92308.117,3.527,60.000
0.049,0.023,0.013,20.352,160767.000,5.664,60.000
0.046,0.002,0.006,22.385,82034.008,0.700,60.000
0.052,0.013,0.010,19.369,63720.914,4.612,60.000
0.050,0.009,0.014,20.115,113157.617,4.517,60.000
0.047,0.001,0.016,22.180,159472.094,1.996,60.000
0.045,0.001,0.018,23.557,62958.023,-0.207,60.000
0.056,0.002,0.014,23.067,104986.602,0.561,60.000
0.050,0.006,0.011,21.534,153394.156,4.686,60.000
0.048,0.018,0.013,19.411,132748.531,6.256,60.000
0.044,0.001,0.014,24.572,107519.461,1.349,60.000
0.049,0.015,0.014,21.382,160949.938,5.703,60.000
0.047,0.001,0.006,24.546,41866.914,0.527,60.000
0.050,0.016,0.013,20.853,126475.773,6.619,60.000
0.042,0.001,0.010,24.655,54318.742,-0.457,60.000
0.048,0.001,0.005,22.320,54506.258,0.439,60.000
0.051,0.001,0.012,27.824,75981.523,2.555,60.000
0.052,0.007,0.011,20.528,120578.523,4.272,60.000
0.047,0.000,0.014,31.348,-16176.883,0.741,60.000
0.050,0.011,0.011,20.066,104321.789,4.051,60.000
0.054,0.001,0.011,22.594,68363.883,2.082,60.000
0.051,0.004,0.013,21.915,87176.180,3.305,60.000
0.049,0.019,0.014,19.651,146880.406,7.050,60.000
0.048,0.001,0.009,25.124,87596.258,0.561,60.000
0.042,0.001,0.013,20.101,71862.398,-0.458,60.000
0.040,0.001,0.011,21.887,69302.180,-0.370,60.000
0.056,0.001,0.016,21.602,98393.680,0.650,60.000
0.058,0.001,0.015,22.428,115730.477,0.012,60.000
0.058,0.000,0.006,23.054,-10105.742,0.366,60.000
0.050,0.005,0.010,21.303,105136.477,1.780,60.000
0.050,0.016,0.012,20.548,110704.070,6.221,60.000
0.051,0.006,0.012,21.426,121589.352,4.842,60.000
0.049,0.016,0.011,20.414,111680.039,6.238,60.000
0.052,0.015,0.012,20.256,101386.148,4.605,60.000
0.002,0.014,0.012,19.236,65344.164,6.185,60.000
0.049,0.027,0.012,19.451,128671.508,4.621,60.000
0.048,0.000,0.002,21.286,-15786.953,-0.681,60.000
0.051,0.015,0.013,21.650,135389.688,5.065,60.000
0.056,0.001,0.009,24.879,-67896.578,-1.276,60.000
0.052,0.015,0.012,20.313,102490.477,4.349,60.000
0.047,0.001,0.009,26.940,51625.695,0.123,60.000
0.046,0.002,0.013,23.722,135659.906,2.219,60.000
0.051,0.022,0.011,19.726,101696.633,5.895,60.000
0.055,0.000,0.010,25.982,-32902.781,1.258,60.000
0.047,0.000,0.022,19.202,63116.398,-1.292,60.000
0.052,0.013,0.011,19.855,98952.539,3.278,60.000
0.052,0.001,0.020,23.310,-4241.555,-0.841,60.000
0.099,0.013,0.012,20.838,100578.977,5.122,60.000
0.050,0.001,0.006,23.787,109947.008,0.646,60.000
0.052,0.003,0.010,22.939,50079.211,2.362,60.000
0.049,0.005,0.012,22.221,117553.836,4.037,60.000
0.048,0.001,0.014,26.214,136598.688,2.473,60.000
0.049,0.009,0.011,21.052,143034.750,4.356,60.000
0.043,0.001,0.015,19.909,112286.508,0.470,60.000
0.051,0.003,0.012,23.832,92601.148,3.393,60.000
0.042,0.001,0.013,26.355,-29741.875,-3.449,60.000
0.044,0.001,0.012,22.246,110985.930,0.525,60.000
0.050,0.001,0.006,22.064,114593.164,0.569,60.000
0.048,0.005,0.012,21.728,132742.406,3.257,60.000
0.054,0.001,0.019,22.619,64435.742,0.669,60.000
0.052,0.024,0.010,20.358,104387.914,5.636,60.000
0.053,0.001,0.021,21.485,67841.695,0.816,60.000
0.051,0.027,0.012,21.548,168040.688,6.203,60.000
0.052,0.005,0.012,20.890,97385.820,3.991,60.000
0.051,0.006,0.013,22.054,100786.070,4.090,60.000
0.050,0.004,0.012,22.418,101509.055,3.718,60.000
0.053,0.001,0.015,24.753,98425.633,1.313,60.000
0.051,0.018,0.010,19.075,95583.789,5.764,60.000
0.050,0.021,0.011,19.246,105154.461,6.078,60.000
0.056,0.001,0.005,23.299,36049.695,-0.396,60.000
0.049,0.005,0.011,20.889,124096.258,3.057,60.000
0.098,0.012,0.013,20.435,119459.070,4.167,60.000
0.051,0.019,0.013,20.258,105821.195,6.436,60.000
0.052,0.027,0.011,15.799,75527.648,3.516,60.000
0.059,0.001,0.009,24.251,98613.211,0.287,60.000
0.049,0.022,0.012,20.217,135402.688,5.977,60.000
0.044,0.002,0.012,22.285,106793.102,0.539,60.000
0.041,0.001,0.018,20.049,65259.289,-1.228,60.000
0.048,0.014,0.011,21.136,96377.508,5.284,60.000
0.048,0.002,0.013,24.663,131623.875,2.921,60.000
0.043,0.001,0.020,19.564,113512.867,0.853,60.000
0.047,0.002,0.013,23.796,116733.367,2.548,60.000
0.056,0.002,0.015,21.025,89780.852,0.460,60.000
0.053,0.001,0.005,22.174,82475.711,0.053,60.000
0.051,0.000,0.015,29.008,33189.352,0.734,60.000
0.048,0.012,0.011,21.202,113516.367,4.445,60.000
0.058,0.000,0.017,23.977,48985.914,0.417,60.000
0.045,0.001,0.020,19.795,117844.789,1.079,60.000
0.052,0.001,0.014,28.639,51855.492,1.399,60.000
0.049,0.020,0.014,19.670,139721.469,6.867,60.000
0.052,0.001,0.014,31.823,-11767.727,0.224,60.000
0.049,0.003,0.012,23.260,83504.602,2.974,60.000
0.040,0.000,0.010,24.243,-34968.086,1.771,60.000
0.049,0.007,0.014,20.807,121469.320,4.262,60.000
0.056,0.001,0.009,22.832,83675.320,0.063,60.000
0.057,0.001,0.008,22.738,112350.711,0.218,60.000
0.041,0.001,0.017,19.739,97519.883,-0.573,60.000
0.051,0.012,0.010,20.110,58244.867,4.549,60.000
0.049,0.010,0.014,20.999,147658.562,4.533,60.000
0.048,0.009,0.014,21.117,126418.414,4.036,60.000
0.048,0.005,0.011,21.178,115007.570,1.733,60.000
0.061,0.001,0.010,20.106,120566.852,0.163,60.000
0.056,0.000,0.018,21.745,87975.914,2.302,60.000
0.059,0.000,0.011,22.665,83880.820,-1.502,60.000
0.051,0.016,0.012,20.146,111315.102,5.921,60.000
0.047,0.000,0.006,24.001,-21213.133,-0.537,60.000
0.049,0.000,0.015,29.204,-22218.836,-0.957,60.000
0.050,0.005,0.013,21.378,98686.414,3.184,60.000
0.052,0.002,0.011,23.350,50249.711,2.913,60.000
0.051,0.009,0.011,19.223,126788.805,3.760,60.000
0.048,0.012,0.011,21.074,108279.336,4.186,60.000
0.051,0.018,0.011,19.197,100190.539,5.913,60.000
0.050,0.012,0.012,20.730,117148.477,4.272,60.000
0.051,0.005,0.012,21.570,104160.039,4.309,60.000
0.048,0.002,0.010,23.777,80512.664,1.209,60.000
0.049,0.022,0.012,20.490,147568.312,5.759,60.000
0.053,0.001,0.003,21.378,54967.570,-0.375,60.000
0.048,0.023,0.013,20.484,163758.531,5.483,60.000
0.049,0.023,0.012,20.656,142832.062,6.299,60.000
0.050,0.007,0.010,20.573,137240.781,2.370,60.000
0.051,0.011,0.014,22.239,121773.367,3.526,60.000
0.051,0.000,0.019,21.724,-4182.922,-0.077,60.000
0.048,0.001,0.021,21.642,130749.805,1.526,60.000
0.048,0.023,0.013,20.203,154876.500,5.541,60.000
0.050,0.008,0.015,20.302,102730.352,3.369,60.000
0.045,0.001,0.006,23.371,54446.211,0.750,60.000
0.049,0.020,0.012,20.692,143701.594,5.870,60.000
0.052,0.001,0.003,19.386,127935.977,0.544,60.000
0.050,0.001,0.006,25.070,70230.117,0.329,60.000
0.046,0.000,0.007,25.000,-6256.625,0.209,60.000
0.053,0.001,0.016,22.705,95648.164,1.494,60.000
0.052,0.005,0.012,20.952,99991.914,4.051,60.000
0.051,0.000,0.016,28.310,-7537.180,-1.810,60.000
0.055,0.000,0.015,27.563,4627.922,1.237,60.000
0.048,0.026,0.011,22.184,143840.344,6.742,60.000
0.003,0.010,0.012,19.923,40307.227,6.197,60.000
0.050,0.025,0.011,20.880,132162.219,6.509,60.000
0.050,0.000,0.009,27.449,-46991.879,0.422,60.000
0.051,0.001,0.003,19.585,126762.117,0.582,60.000
0.059,0.001,0.012,23.533,-9608.578,-0.745,60.000
0.050,0.009,0.010,21.111,112722.727,3.034,60.000
0.049,0.001,0.019,22.147,127444.633,1.892,60.000
0.053,0.000,0.006,22.857,-7028.930,-1.086,60.000
0.053,0.000,0.003,21.348,24652.125,-0.383,60.000
0.048,0.023,0.010,21.442,139003.438,6.996,60.000
0.050,0.008,0.011,21.606,165184.594,5.078,60.000
0.049,0.014,0.014,21.757,164179.844,5.202,60.000
0.045,0.001,0.003,22.582,-40492.020,0.554,60.000
0.050,0.016,0.010,19.878,102871.930,6.096,60.000
0.051,0.002,0.011,23.257,52806.039,2.936,60.000
0.048,0.004,0.010,22.694,86747.695,1.292,60.000
0.040,0.001,0.014,19.729,13114.688,-3.069,60.000
0.051,0.004,0.013,21.316,87326.570,2.946,60.000
0.057,0.001,0.005,20.599,124905.711,0.158,60.000
0.048,0.009,0.013,20.682,158707.844,4.886,60.000
0.055,0.001,0.015,23.965,91509.055,0.906,60.000
0.046,0.000,0.017,24.077,39241.680,0.392,60.000
0.052,0.024,0.011,19.739,126050.008,5.361,60.000
0.045,0.001,0.012,28.807,6444.539,-0.773,60.000
0.043,0.000,0.020,22.464,7574.141,-1.079,60.000
0.050,0.001,0.019,23.632,93363.305,1.457,60.000
0.060,0.000,0.009,20.286,23102.336,1.951,60.000
0.051,0.004,0.011,22.393,65819.008,2.784,60.000
0.051,0.002,0.010,23.966,45609.711,2.049,60.000
0.043,0.001,0.005,21.199,79307.539,1.342,60.000
0.051,0.005,0.010,21.150,93548.633,1.337,60.000
0.051,0.002,0.013,24.197,88160.352,2.348,60.000
0.059,0.000,0.012,24.273,70460.039,-1.787,60.000
0.056,0.001,0.011,21.406,98816.727,0.931,60.000
0.051,0.025,0.014,20.012,156463.156,5.927,60.000
0.051,0.020,0.013,20.172,118591.258,6.511,60.000
0.045,0.000,0.011,25.985,63671.164,-0.884,60.000
0.099,0.011,0.012,21.150,127927.523,4.823,60.000
0.051,0.007,0.009,20.164,133186.375,2.275,60.000
0.049,0.016,0.014,20.614,148058.344,6.187,60.000
0.052,0.007,0.013,20.476,81111.852,3.175,60.000
0.058,0.001,0.006,25.366,-24815.656,-0.524,60.000
0.050,0.019,0.012,19.984,129092.945,6.325,60.000
0.055,0.002,0.017,20.276,85559.508,0.674,60.000
0.048,0.022,0.012,20.483,136031.594,6.181,60.000
0.051,0.011,0.011,19.571,112982.445,3.641,60.000
0.051,0.023,0.012,19.930,146399.969,5.641,60.000
0.043,0.001,0.009,24.216,90961.602,0.540,60.000
0.051,0.026,0.011,20.451,126598.195,5.843,60.000
0.050,0.023,0.012,20.148,152992.969,5.624,60.000
0.048,0.000,0.002,20.076,39957.336,-0.400,60.000
0.047,0.001,0.002,22.024,31169.836,0.466,60.000
0.048,0.002,0.017,21.917,142263.438,1.748,60.000
0.051,0.016,0.010,19.476,98504.680,5.829,60.000
0.052,0.000,0.003,23.585,3174.680,-0.522,60.000
0.049,0.026,0.011,21.289,145445.000,6.678,60.000
0.052,0.013,0.013,22.229,121261.430,3.783,60.000
0.049,0.002,0.018,21.951,138634.656,1.808,60.000
0.001,0.013,0.011,18.684,44976.445,6.747,60.000
0.053,0.001,0.018,24.314,94874.992,1.564,60.000
0.049,0.001,0.020,22.092,128259.305,1.699,60.000
0.050,0.015,0.013,21.084,148627.188,5.869,60.000
0.052,0.000,0.007,27.163,-937.922,0.082,60.000
0.052,0.022,0.011,19.347,109467.336,5.652,60.000
0.049,0.013,0.013,21.863,156182.625,4.310,60.000
0.100,0.012,0.011,21.707,12747.828,5.736,60.000
0.050,0.005,0.012,22.281,115739.664,4.550,60.000
0.055,0.000,0.015,30.543,-54108.965,-0.904,60.000
0.048,0.001,0.005,22.930,98611.023,0.682,60.000
0.050,0.005,0.010,21.233,92464.148,1.532,60.000
0.046,0.001,0.004,20.134,90921.930,0.717,60.000
0.054,0.001,0.003,19.549,120775.695,0.230,60.000
0.042,0.000,0.009,21.927,17877.141,-0.305,60.000
0.050,0.016,0.013,20.363,119806.508,6.648,60.000
0.047,0.001,0.008,23.200,105188.430,0.969,60.000
0.042,0.000,0.011,23.810,38284.930,-1.584,60.000
0.050,0.006,0.013,22.208,111547.102,4.295,60.000
0.049,0.017,0.013,19.596,131383.688,6.516,60.000
0.051,0.008,0.010,19.979,124299.273,3.007,60.000
0.049,0.000,0.022,21.374,-12217.836,-0.825,60.000
0.049,0.007,0.014,20.730,109997.383,3.996,60.000
0.051,0.009,0.015,20.165,97381.883,3.087,60.000
0.047,0.002,0.012,23.720,112790.273,2.385,60.000
0.059,0.001,0.014,21.533,121071.305,-0.303,60.000
0.048,0.020,0.012,20.597,137106.312,5.710,60.000
0.042,0.001,0.017,22.003,-15361.781,-3.919,60.000
0.049,0.000,0.018,24.270,80449.492,-1.595,60.000
0.051,0.024,0.010,20.808,111662.086,5.794,60.000
0.055,0.001,0.009,24.427,71594.445,0.308,60.000
0.051,0.000,0.020,23.721,-6086.703,-0.814,60.000
0.049,0.010,0.011,20.613,132989.812,4.346,60.000
0.054,0.000,0.006,23.444,41400.148,-0.712,60.000
0.056,0.001,0.014,26.866,21379.383,-0.853,60.000
0.052,0.001,0.010,29.725,-51570.945,0.402,60.000
0.050,0.025,0.013,19.976,166962.719,5.600,60.000
0.050,0.001,0.021,22.906,95740.945,1.509,60.000
0.001,0.013,0.011,19.086,35051.711,6.679,60.000
0.051,0.015,0.014,21.971,145431.906,5.684,60.000
0.041,0.001,0.013,19.045,70574.773,-1.202,60.000
0.051,0.027,0.010,21.102,95655.102,4.623,60.000
0.046,0.001,0.006,22.427,85020.555,0.881,60.000
0.048,0.012,0.013,21.076,156571.156,3.971,60.000
0.049,0.018,0.010,19.651,121488.336,6.431,60.000
0.045,0.000,0.020,20.267,43880.180,-0.010,60.000
0.051,0.016,0.010,19.198,96164.102,5.734,60.000
0.051,0.012,0.012,20.740,119024.242,4.113,60.000
0.046,0.000,0.012,32.970,-60014.340,0.280,60.000
0.049,0.010,0.012,20.582,149946.750,5.221,60.000
0.053,0.000,0.022,20.552,-7795.336,-1.442,60.000
0.051,0.007,0.014,20.355,84482.492,3.420,60.000
0.049,0.025,0.011,21.042,131473.875,6.479,60.000
0.047,0.001,0.020,20.405,128324.602,1.178,60.000
0.051,0.000,0.017,27.191,-65647.594,-2.853,60.000
0.048,0.002,0.006,22.563,95823.992,0.833,60.000
0.045,0.001,0.021,21.518,67156.445,0.357,60.000
0.047,0.001,0.005,22.679,52813.211,0.692,60.000
0.051,0.004,0.011,22.067,85713.586,3.257,60.000
0.056,0.001,0.009,24.538,77804.961,0.301,60.000
0.051,0.008,0.012,21.692,140684.969,5.968,60.000
0.050,0.016,0.014,21.070,146447.844,6.318,60.000
0.050,0.001,0.009,26.493,56080.586,0.553,60.000
0.048,0.008,0.011,21.826,152128.688,3.880,60.000
0.051,0.000,0.009,31.753,-18802.430,0.323,60.000
0.059,0.000,0.012,24.471,72247.336,-1.609,60.000
0.049,0.027,0.011,21.206,180676.938,4.214,60.000
0.002,0.013,0.011,17.857,35068.008,7.012,60.000
0.053,0.001,0.017,22.845,95772.758,1.491,60.000
0.047,0.001,0.017,27.322,381.375,-1.168,60.000
0.051,0.002,0.013,24.204,87939.164,2.495,60.000
0.046,0.002,0.016,20.756,162593.375,1.751,60.000
0.049,0.001,0.012,26.008,72747.492,2.238,60.000
0.046,0.001,0.015,21.643,166115.250,2.068,60.000
0.052,0.014,0.013,21.402,113383.836,4.699,60.000
0.050,0.002,0.017,23.694,121636.289,2.075,60.000
0.051,0.022,0.013,20.601,111917.727,6.098,60.000
0.056,0.001,0.015,23.285,107215.852,0.705,60.000
0.046,0.000,0.010,29.396,-91789.117,-4.424,60.000
0.048,0.001,0.020,22.444,36133.117,0.088,60.000
0.050,0.026,0.012,19.937,165221.906,6.034,60.000
0.041,0.000,0.017,23.332,3593.758,-0.662,60.000
0.055,0.001,0.010,25.302,60925.086,0.394,60.000
0.051,0.000,0.019,22.011,278.164,-1.928,60.000
0.052,0.015,0.012,19.860,110025.039,5.314,60.000
0.044,0.000,0.018,21.586,-38659.656,-3.012,60.000
0.051,0.027,0.013,21.952,139184.875,5.748,60.000
0.050,0.009,0.012,21.031,138308.656,5.332,60.000
0.050,0.022,0.010,19.888,113382.008,6.179,60.000
0.045,0.001,0.007,24.905,-6289.414,-0.064,60.000
0.097,0.012,0.011,18.793,105764.508,4.679,60.000
0.045,0.002,0.015,20.865,159977.844,1.777,60.000
0.098,0.010,0.012,19.772,128908.977,4.894,60.000
0.048,0.001,0.005,22.772,97095.305,0.806,60.000
0.049,0.016,0.011,20.456,115030.273,6.323,60.000
0.054,0.000,0.011,32.242,12847.039,1.580,60.000
0.099,0.013,0.010,19.282,94129.430,5.065,60.000
0.051,0.024,0.011,20.263,123790.883,6.016,60.000
0.052,0.020,0.012,19.720,111346.586,5.946,60.000
0.055,0.001,0.018,21.646,102671.680,0.998,60.000
0.060,0.001,0.010,22.972,28989.477,-0.209,60.000
0.057,0.001,0.004,18.694,131849.000,-0.026,60.000
0.050,0.013,0.010,20.370,65201.898,4.910,60.000
0.046,0.001,0.009,26.020,94865.758,0.679,60.000
0.051,0.012,0.013,21.489,125606.680,4.089,60.000
0.052,0.027,0.013,22.323,164147.031,6.405,60.000
0.052,0.001,0.008,24.074,95714.055,0.576,60.000
0.049,0.015,0.012,20.986,111241.805,5.625,60.000
0.052,0.002,0.015,23.456,100170.695,1.338,60.000
0.052,0.007,0.014,19.500,80773.805,2.345,60.000
0.060,0.000,0.014,24.025,33121.992,1.651,60.000
0.051,0.004,0.010,21.773,72454.664,1.597,60.000
0.053,0.000,0.019,22.466,44072.680,-0.765,60.000
0.048,0.001,0.013,31.543,13909.984,0.218,60.000
0.002,0.012,0.012,19.741,55823.133,5.982,60.000
0.057,0.001,0.015,22.051,107728.602,0.371,60.000
0.097,0.013,0.012,19.384,113181.461,5.155,60.000
0.047,0.000,0.014,30.523,-2429.016,-0.445,60.000
0.098,0.011,0.012,19.595,129019.742,4.916,60.000
0.050,0.006,0.014,21.084,99909.852,2.848,60.000
0.050,0.002,0.009,25.109,71236.055,1.054,60.000
0.048,0.010,0.011,21.211,127405.758,4.157,60.000
0.055,0.000,0.005,23.920,-57462.590,0.407,60.000
0.049,0.001,0.014,29.019,100713.852,2.039,60.000
0.050,0.027,0.013,21.299,99261.680,5.731,60.000
0.041,0.001,0.011,22.402,74673.133,-0.335,60.000
0.050,0.001,0.012,30.802,-16353.836,0.959,60.000
0.048,0.001,0.005,22.750,99781.820,0.792,60.000
0.049,0.001,0.022,22.127,120604.352,1.498,60.000
0.052,0.027,0.013,21.317,140529.625,6.333,60.000
0.049,0.016,0.012,20.449,121795.883,6.162,60.000
0.048,0.010,0.013,20.729,157042.688,4.574,60.000
0.044,0.000,0.009,28.481,-40295.000,1.214,60.000
0.059,0.000,0.008,25.286,777.016,0.143,60.000
0.044,0.000,0.008,24.009,-73444.664,-2.226,60.000
0.051,0.010,0.015,21.242,114841.492,3.222,60.000
0.051,0.001,0.015,27.194,52662.945,1.013,60.000
0.047,0.000,0.004,22.161,1789.531,0.119,60.000
0.052,0.001,0.002,20.693,10823.594,-0.801,60.000
0.041,0.000,0.007,21.368,16356.008,-0.907,60.000
0.047,0.002,0.011,22.819,100750.305,1.157,60.000
0.050,0.020,0.010,18.412,101270.336,5.915,60.000
0.044,0.001,0.006,23.304,68630.852,0.522,60.000
0.053,0.001,0.017,22.241,92095.211,1.143,60.000
0.051,0.008,0.014,20.189,99424.258,4.089,60.000
0.054,0.001,0.009,26.317,10940.203,-0.404,60.000
0.051,0.000,0.022,19.722,32143.461,-0.226,60.000
0.052,0.007,0.011,20.192,143278.312,4.147,60.000
0.053,0.002,0.011,22.798,57514.430,2.380,60.000
0.051,0.000,0.015,27.506,71479.133,2.129,60.000
0.048,0.007,0.011,21.050,147519.156,2.814,60.000
0.050,0.023,0.013,20.252,157582.938,5.500,60.000
0.048,0.001,0.019,24.506,-2329.523,-0.494,60.000
0.049,0.014,0.011,20.992,84906.773,5.708,60.000
0.051,0.014,0.010,20.110,68805.664,5.691,60.000
0.048,0.010,0.011,21.345,126056.820,3.738,60.000
0.057,0.002,0.013,22.133,113928.352,0.531,60.000
0.000,0.012,0.012,22.299,6734.289,4.206,60.000
0.051,0.012,0.014,23.231,131101.844,3.631,60.000
0.100,0.013,0.013,25.499,7575.906,7.278,60.000
0.050,0.027,0.010,21.415,108193.039,5.002,60.000
0.046,0.000,0.015,27.443,35156.695,0.249,60.000
0.051,0.016,0.012,19.743,111853.992,6.111,60.000
0.041,0.001,0.006,21.254,85484.523,1.044,60.000
0.050,0.008,0.011,20.716,154159.656,4.200,60.000
0.049,0.003,0.014,21.890,125743.742,2.595,60.000
0.048,0.004,0.011,20.978,118161.227,2.665,60.000
0.053,0.000,0.021,20.797,-70262.164,-2.023,60.000
0.049,0.000,0.007,27.978,25479.492,1.444,60.000
0.055,0.001,0.010,27.169,20462.070,0.322,60.000
0.045,0.001,0.012,30.324,4046.977,-0.302,60.000
0.052,0.000,0.013,29.973,-26747.211,-0.033,60.000
0.001,0.011,0.013,23.204,13694.500,3.884,60.000
0.057,0.000,0.020,20.139,49609.805,-0.131,60.000
0.002,0.012,0.013,20.437,64493.258,5.659,60.000
0.052,0.014,0.012,20.393,112771.086,4.026,60.000
0.048,0.001,0.005,21.917,105431.852,0.793,60.000
0.053,0.001,0.009,25.587,50391.945,0.373,60.000
0.049,0.010,0.014,21.672,146103.000,4.227,60.000
0.049,0.024,0.011,21.414,136441.531,6.673,60.000
0.044,0.001,0.011,24.422,88759.758,0.310,60.000
0.052,0.000,0.014,35.216,-20966.320,0.112,60.000
0.048,0.012,0.010,21.356,89394.836,4.328,60.000
0.050,0.009,0.013,20.179,122834.195,5.108,60.000
0.049,0.000,0.015,30.273,62419.305,1.639,60.000
0.044,0.001,0.013,22.294,102716.039,0.955,60.000
0.052,0.001,0.017,26.278,54973.805,1.177,60.000
0.052,0.000,0.019,22.127,-8612.711,-2.224,60.000
0.057,0.001,0.013,23.994,117929.758,0.479,60.000
0.051,0.008,0.010,20.475,123317.617,3.001,60.000
0.099,0.012,0.012,20.551,121889.133,5.034,60.000
0.056,0.001,0.013,22.241,117459.273,0.821,60.000
0.049,0.005,0.013,22.280,113443.133,3.597,60.000
0.049,0.001,0.010,27.992,-8464.094,-0.711,60.000
0.046,0.001,0.013,26.328,119808.164,2.138,60.000
0.049,0.026,0.013,20.505,167593.594,6.149,60.000
0.049,0.026,0.011,22.152,140336.875,6.436,60.000
0.055,0.000,0.002,21.933,6480.664,-0.509,60.000
0.040,0.001,0.013,19.684,48296.055,-1.435,60.000
0.001,0.011,0.011,18.579,27780.820,7.216,60.000
0.050,0.005,0.013,22.350,98320.711,3.852,60.000
0.051,0.005,0.011,21.249,105486.320,2.978,60.000
0.041,0.001,0.017,20.205,96898.992,-0.672,60.000
0.049,0.009,0.011,21.371,144898.812,4.187,60.000
0.044,0.000,0.018,20.755,17193.875,-1.502,60.000
0.048,0.027,0.012,20.460,140947.844,4.113,60.000
0.003,0.012,0.012,19.427,52309.805,6.103,60.000
0.044,0.001,0.006,24.599,-12679.609,0.203,60.000
0.048,0.012,0.013,21.495,156842.125,4.012,60.000
0.048,0.010,0.010,21.609,99461.367,3.930,60.000
0.049,0.026,0.012,19.354,119807.039,4.774,60.000
0.053,0.001,0.006,22.175,106309.648,0.318,60.000
0.098,0.012,0.013,20.681,119836.086,4.353,60.000
0.050,0.009,0.010,20.087,121413.711,3.571,60.000
0.050,0.014,0.010,20.628,85568.930,5.578,60.000
0.049,0.015,0.010,20.228,97255.836,5.700,60.000
0.048,0.018,0.011,20.219,136984.031,6.350,60.000
0.047,0.000,0.019,22.800,-6616.750,-1.045,60.000
0.050,0.010,0.010,21.109,76317.914,3.697,60.000
0.099,0.011,0.012,20.831,126499.820,5.055,60.000
0.055,0.000,0.006,22.228,12828.031,-0.992,60.000
0.042,0.001,0.006,23.196,75234.680,1.620,60.000
0.056,0.001,0.017,21.870,99241.930,0.456,60.000
0.098,0.013,0.013,20.200,113995.758,4.472,60.000
0.050,0.025,0.012,19.801,162619.312,5.744,60.000
0.049,0.001,0.008,24.160,98864.758,1.054,60.000
0.052,0.000,0.018,23.911,18852.461,-0.375,60.000
0.048,0.001,0.002,21.820,36527.523,0.444,60.000
0.050,0.024,0.010,20.938,121011.492,5.953,60.000
0.047,0.000,0.019,20.848,53669.383,0.485,60.000
0.052,0.026,0.011,19.991,131523.781,5.692,60.000
0.051,0.003,0.015,21.318,112564.883,2.343,60.000
0.057,0.000,0.014,25.893,88538.383,2.825,60.000
0.050,0.023,0.012,20.053,144859.188,5.706,60.000
0.048,0.001,0.018,23.436,135940.094,1.485,60.000
0.048,0.000,0.017,26.333,46426.008,-0.409,60.000
0.042,0.000,0.010,22.001,-17289.359,-1.078,60.000
0.053,0.002,0.014,23.468,88102.227,0.949,60.000
0.052,0.007,0.012,21.186,104764.117,4.486,60.000
0.059,0.001,0.015,21.762,117963.461,-0.307,60.000
0.049,0.001,0.011,25.360,53847.055,1.265,60.000
0.043,0.000,0.007,23.547,-30360.688,-1.422,60.000
0.047,0.000,0.012,34.525,-29873.273,0.394,60.000
0.051,0.000,0.020,20.373,107767.148,0.943,60.000
0.056,0.002,0.017,20.357,89582.617,0.212,60.000
0.055,0.002,0.011,21.592,88623.945,1.609,60.000
0.051,0.011,0.012,20.225,115029.742,4.255,60.000
0.048,0.013,0.010,21.155,84603.711,4.486,60.000
0.044,0.001,0.003,21.777,89608.977,1.452,60.000
0.048,0.026,0.013,20.134,177479.938,5.807,60.000
0.048,0.011,0.012,20.717,147366.000,4.210,60.000
0.058,0.001,0.018,20.423,108303.352,0.144,60.000
0.042,0.001,0.005,21.539,87740.930,2.002,60.000
0.052,0.003,0.012,23.196,63538.258,3.045,60.000
0.049,0.024,0.011,20.980,139792.438,6.726,60.000
0.051,0.014,0.010,20.472,69829.648,5.565,60.000
0.052,0.000,0.008,27.484,-2900.523,-0.128,60.000
0.051,0.001,0.017,24.811,111925.930,1.991,60.000
0.052,0.007,0.012,21.734,99835.633,4.406,60.000
0.054,0.001,0.006,21.936,106596.086,0.050,60.000
0.055,0.000,0.008,22.572,52635.477,-0.514,60.000
0.048,0.015,0.012,21.281,113159.539,5.613,60.000
0.048,0.017,0.012,19.803,130609.727,6.374,60.000
0.058,0.001,0.006,21.078,134281.094,-0.050,60.000
0.051,0.025,0.014,20.101,154606.500,5.805,60.000
0.057,0.000,0.016,24.507,96371.555,3.098,60.000
0.051,0.013,0.011,20.149,77186.523,4.575,60.000
0.049,0.013,0.014,23.299,162299.500,4.571,60.000
0.048,0.024,0.012,20.933,141003.469,6.695,60.000
0.043,0.001,0.010,24.470,87520.398,-0.051,60.000
0.048,0.021,0.012,20.429,135760.094,5.775,60.000
0.052,0.004,0.013,21.487,86127.867,2.866,60.000
0.048,0.001,0.017,24.996,27719.789,-0.671,60.000
0.053,0.001,0.004,20.707,114611.742,0.179,60.000
0.056,0.000,0.014,28.490,66105.758,0.325,60.000
0.052,0.024,0.013,20.172,137010.594,5.637,60.000
0.049,0.006,0.010,22.181,102812.523,1.493,60.000
0.039,0.001,0.015,19.944,57826.008,-1.179,60.000
0.050,0.005,0.012,22.093,107242.773,4.061,60.000
0.051,0.009,0.010,19.384,131514.125,3.231,60.000
0.051,0.020,0.012,20.145,113106.477,6.034,60.000
0.049,0.003,0.011,22.258,92925.008,2.025,60.000
0.051,0.025,0.014,19.878,167957.594,5.676,60.000
0.050,0.012,0.013,21.577,144937.438,4.165,60.000
0.051,0.014,0.012,20.626,120072.477,4.865,60.000
0.049,0.014,0.013,21.127,156181.250,5.490,60.000
0.050,0.018,0.012,19.625,120226.055,6.370,60.000
0.051,0.012,0.010,19.594,83191.273,4.244,60.000
0.049,0.018,0.011,20.165,135699.594,6.546,60.000
0.048,0.007,0.010,20.987,136735.062,2.104,60.000
0.053,0.001,0.018,22.323,95145.492,1.775,60.000
0.051,0.001,0.017,23.513,119906.273,2.007,60.000
0.050,0.006,0.012,22.638,135334.125,5.426,60.000
0.046,0.002,0.012,22.782,107397.445,1.202,60.000
0.002,0.011,0.011,18.322,21464.258,7.098,60.000
0.050,0.021,0.012,20.215,125635.352,5.978,60.000
0.056,0.000,0.021,22.480,19504.656,-0.284,60.000
0.052,0.001,0.020,21.707,109635.883,2.015,60.000
0.050,0.011,0.010,21.200,70773.961,3.926,60.000
0.045,0.001,0.013,32.008,-19160.055,-0.977,60.000
0.051,0.018,0.013,20.676,114850.492,7.164,60.000
0.048,0.005,0.014,21.559,98385.570,2.441,60.000
0.049,0.024,0.012,20.277,150155.031,6.238,60.000
0.040,0.000,0.014,22.889,-59015.910,0.150,60.000
0.002,0.013,0.013,20.339,77158.242,5.647,60.000
0.051,0.025,0.013,19.700,165580.344,5.509,60.000
0.044,0.002,0.007,22.065,87020.086,0.706,60.000
0.045,0.001,0.016,21.117,154271.812,1.195,60.000
0.051,0.023,0.013,20.570,135156.000,5.913,60.000
0.045,0.001,0.005,23.606,56282.508,0.936,60.000
0.048,0.022,0.011,20.660,134842.375,6.565,60.000
0.047,0.000,0.014,30.859,-40768.391,-0.200,60.000
0.048,0.001,0.022,20.925,130049.789,1.256,60.000
0.045,0.002,0.011,22.331,110157.273,0.932,60.000
0.046,0.001,0.013,24.104,114748.148,1.964,60.000
0.050,0.012,0.012,20.582,117096.180,4.124,60.000
0.050,0.010,0.010,20.208,91124.164,3.867,60.000
0.050,0.011,0.009,20.885,68071.148,3.755,60.000
0.049,0.005,0.013,21.907,99251.992,3.077,60.000
0.050,0.000,0.021,21.607,23970.992,-1.118,60.000
0.050,0.020,0.010,18.590,102331.289,6.068,60.000
0.048,0.026,0.011,22.155,140001.438,6.585,60.000
0.052,0.006,0.013,21.420,89741.227,3.707,60.000
0.048,0.007,0.013,21.207,144665.219,4.479,60.000
0.050,0.027,0.010,21.869,122354.352,5.618,60.000
0.049,0.013,0.013,21.207,149471.906,4.343,60.000
0.047,0.000,0.015,30.109,2846.289,-1.304,60.000
0.052,0.000,0.005,22.605,1148.688,-0.448,60.000
0.050,0.012,0.014,23.461,148471.938,3.671,60.000
0.045,0.001,0.015,20.231,154552.500,1.576,60.000
0.049,0.012,0.014,23.352,149944.562,3.800,60.000
0.040,0.001,0.015,21.051,51934.680,-1.540,60.000
0.049,0.016,0.013,20.688,127716.680,5.896,60.000
0.054,0.001,0.015,22.448,92592.852,0.858,60.000
0.050,0.014,0.011,20.679,92714.742,5.059,60.000
0.050,0.000,0.005,25.308,-22503.930,-0.077,60.000
0.053,0.001,0.013,28.906,34039.680,1.494,60.000
0.050,0.011,0.013,21.251,148045.688,4.402,60.000
0.049,0.000,0.015,30.023,-43862.164,-1.604,60.000
0.059,0.001,0.012,20.324,141275.062,-0.188,60.000
0.098,0.013,0.012,19.649,106248.617,5.531,60.000
0.057,0.001,0.005,21.375,124917.383,0.052,60.000
0.055,0.001,0.015,23.954,96437.148,0.968,60.000
0.044,0.001,0.016,21.835,140647.094,0.607,60.000
0.051,0.016,0.011,20.045,105786.008,6.370,60.000
0.049,0.011,0.011,20.918,117290.180,4.159,60.000
0.044,0.000,0.007,24.117,-29241.398,-0.718,60.000
0.045,0.001,0.022,21.872,95916.586,1.185,60.000
0.049,0.001,0.016,26.010,63301.367,0.443,60.000
0.043,0.002,0.014,21.145,98026.555,1.047,60.000
0.044,0.001,0.019,21.110,32987.148,-0.606,60.000
0.060,0.001,0.015,21.549,117465.258,-0.325,60.000
0.042,0.001,0.012,22.805,88227.617,-0.218,60.000
0.046,0.002,0.009,23.312,110863.180,1.289,60.000
0.053,0.001,0.017,24.125,94974.852,1.511,60.000
0.057,0.001,0.014,22.628,121036.930,-0.060,60.000
0.049,0.014,0.014,22.492,162503.625,5.098,60.000
0.056,0.001,0.005,21.493,116302.273,0.206,60.000
0.055,0.002,0.014,23.064,102093.492,0.677,60.000
0.046,0.001,0.013,26.723,108005.633,1.963,60.000
0.052,0.007,0.011,20.880,137031.219,4.716,60.000
0.052,0.019,0.011,18.718,98727.352,5.828,60.000
0.048,0.022,0.012,20.254,136607.344,5.600,60.000
0.050,0.014,0.011,20.839,84359.773,5.792,60.000
0.051,0.014,0.013,21.458,135666.250,4.930,60.000
0.049,0.001,0.021,22.814,92748.070,1.362,60.000
0.050,0.000,0.005,23.433,-22642.219,-0.326,60.000
0.051,0.027,0.014,18.118,104196.555,1.920,60.000
0.048,0.010,0.012,20.874,139023.281,4.331,60.000
0.051,0.023,0.010,20.499,110246.523,6.117,60.000
0.051,0.026,0.013,19.770,167268.844,5.483,60.000
0.051,0.021,0.011,19.632,112562.305,5.991,60.000
0.049,0.013,0.012,21.020,138056.438,4.684,60.000
0.050,0.023,0.014,20.658,153307.188,5.896,60.000
0.048,0.020,0.011,20.047,121724.273,6.755,60.000
0.046,0.001,0.010,28.178,28006.461,-0.337,60.000
0.050,0.000,0.014,30.314,32930.117,0.293,60.000
0.054,0.000,0.016,26.087,15300.203,0.308,60.000
0.049,0.018,0.013,19.632,136435.812,7.139,60.000
0.047,0.001,0.018,23.989,10327.398,-1.177,60.000
0.043,0.001,0.014,22.858,53876.367,-0.338,60.000
0.047,0.001,0.020,20.526,126170.070,1.038,60.000
0.053,0.001,0.016,23.700,98756.992,1.185,60.000
0.049,0.021,0.011,20.399,125017.836,6.723,60.000
0.059,0.000,0.013,24.079,76574.367,0.629,60.000
0.052,0.000,0.003,19.402,41968.320,-1.158,60.000
0.056,0.001,0.018,20.906,101201.180,0.517,60.000
0.048,0.021,0.013,20.719,149176.875,5.799,60.000
0.050,0.002,0.011,23.214,69167.023,2.294,60.000
0.049,0.000,0.016,26.798,71251.367,1.333,60.000
0.050,0.004,0.013,21.682,98982.445,2.739,60.000
0.048,0.002,0.006,22.426,100831.148,0.728,60.000
0.048,0.000,0.016,28.851,-42368.688,-1.601,60.000
0.041,0.001,0.015,21.103,60835.508,-0.738,60.000
0.051,0.015,0.013,21.053,132233.938,4.921,60.000
0.002,0.012,0.013,20.712,67095.555,5.375,60.000
0.050,0.014,0.012,20.742,139712.875,4.855,60.000
0.055,0.001,0.011,24.137,70566.008,1.305,60.000
0.044,0.001,0.011,22.059,110783.961,0.269,60.000
0.047,0.001,0.012,29.248,42601.102,0.985,60.000
0.048,0.010,0.013,20.976,154110.531,4.334,60.000
0.051,0.001,0.016,27.179,23405.094,0.263,60.000
0.054,0.000,0.005,21.234,41680.023,-0.754,60.000
0.052,0.011,0.014,21.333,115109.727,3.529,60.000
0.050,0.007,0.012,22.356,154522.188,6.130,60.000
0.052,0.018,0.011,18.926,97221.398,5.811,60.000
0.048,0.014,0.010,20.728,88666.258,5.181,60.000
0.045,0.000,0.021,21.755,-12728.344,-1.361,60.000
0.053,0.001,0.012,26.014,77132.898,1.987,60.000
0.051,0.011,0.012,19.926,113616.227,4.074,60.000
0.045,0.002,0.015,20.116,162023.188,1.645,60.000
0.044,0.001,0.011,25.155,68737.617,-0.036,60.000
0.049,0.010,0.011,20.394,124841.211,4.105,60.000
0.048,0.005,0.013,22.106,106004.414,3.008,60.000
0.049,0.022,0.010,20.759,127808.039,6.679,60.000
0.050,0.015,0.014,22.070,159002.312,5.776,60.000
0.049,0.021,0.013,20.757,145356.969,5.693,60.000
0.051,0.001,0.021,22.332,119680.945,1.945,60.000
0.050,0.004,0.009,23.497,69745.836,0.946,60.000
0.048,0.001,0.004,20.563,106063.148,0.860,60.000
0.052,0.001,0.009,25.063,71763.820,0.688,60.000
0.048,0.001,0.021,21.004,130093.664,1.382,60.000
0.042,0.001,0.015,22.516,63560.023,-1.211,60.000
0.044,0.000,0.004,21.878,29341.055,1.201,60.000
0.060,0.000,0.010,19.348,52185.242,-1.425,60.000
0.054,0.001,0.010,26.892,27141.820,0.421,60.000
0.049,0.022,0.014,20.847,145436.219,5.785,60.000
0.048,0.005,0.014,21.450,104163.977,2.793,60.000
0.057,0.001,0.014,23.749,118015.992,0.075,60.000
0.059,0.001,0.007,20.636,134406.844,-0.037,60.000
0.048,0.002,0.013,23.861,119582.773,3.062,60.000
0.049,0.016,0.011,20.200,115028.883,6.362,60.000
0.052,0.025,0.013,19.995,147936.750,5.571,60.000
0.049,0.005,0.013,21.816,100278.930,2.946,60.000
0.051,0.021,0.010,18.735,90394.586,5.690,60.000
0.051,0.023,0.013,20.513,145131.250,5.832,60.000
0.056,0.002,0.009,23.014,81076.555,0.211,60.000
0.054,0.000,0.007,24.454,10556.586,0.238,60.000
0.048,0.011,0.011,21.265,99485.414,4.155,60.000
0.042,0.001,0.016,21.077,101955.273,-0.204,60.000
0.048,0.001,0.017,21.644,148793.656,1.656,60.000
0.050,0.018,0.014,20.128,144466.125,7.264,60.000
0.053,0.000,0.003,21.359,-1404.789,-0.548,60.000
0.052,0.003,0.013,23.285,84495.164,2.005,60.000
0.044,0.002,0.012,21.619,109532.492,0.055,60.000
0.047,0.000,0.011,32.653,-35351.352,1.444,60.000
0.046,0.000,0.016,28.368,-15036.289,-1.470,60.000
0.049,0.000,0.012,33.683,47758.102,1.947,60.000
0.048,0.001,0.013,24.628,114072.195,2.621,60.000
0.048,0.000,0.007,26.755,-16266.906,-0.731,60.000
0.049,0.027,0.011,16.845,72269.008,3.556,60.000
0.054,0.001,0.017,21.638,91351.102,0.888,60.000
0.056,0.001,0.010,23.539,79310.789,0.354,60.000
0.051,0.008,0.012,21.564,139053.094,5.844,60.000
0.048,0.016,0.012,20.211,120981.227,6.092,60.000
0.044,0.000,0.006,24.012,-26486.141,-0.185,60.000
0.042,0.001,0.008,22.746,39576.617,-0.172,60.000
0.049,0.001,0.005,25.410,12195.156,-0.299,60.000
0.055,0.001,0.013,27.915,74322.383,1.060,60.000
0.053,0.001,0.019,22.313,69752.586,0.778,60.000
0.051,0.010,0.011,19.968,123195.164,4.318,60.000
0.051,0.005,0.011,20.871,111144.523,3.724,60.000
0.060,0.001,0.016,22.335,95663.898,-0.735,60.000
0.042,0.001,0.017,21.094,59961.227,-1.639,60.000
0.099,0.013,0.013,20.619,113638.523,4.805,60.000
0.047,0.002,0.013,24.139,131645.625,2.551,60.000
0.050,0.017,0.013,20.462,122582.414,7.198,60.000
0.058,0.001,0.015,23.252,112043.758,0.120,60.000
0.050,0.022,0.010,20.277,114622.461,6.034,60.000
0.097,0.012,0.013,20.332,123191.133,4.099,60.000
0.052,0.005,0.013,19.942,85263.242,2.271,60.000
0.050,0.011,0.009,20.806,68881.398,3.865,60.000
0.001,0.012,0.013,19.991,57686.930,5.990,60.000
0.051,0.013,0.011,20.221,77605.633,4.559,60.000
0.051,0.021,0.013,20.320,113465.805,6.283,60.000
0.048,0.004,0.013,22.548,114478.742,3.016,60.000
0.046,0.000,0.019,21.558,48306.773,0.153,60.000
0.059,0.001,0.017,20.317,103900.086,0.163,60.000
0.052,0.001,0.017,26.509,43545.492,0.658,60.000
0.050,0.010,0.011,20.177,113798.227,3.875,60.000
0.049,0.017,0.013,20.053,132305.750,6.674,60.000
0.052,0.021,0.012,20.373,118976.117,5.832,60.000
0.055,0.001,0.004,21.159,25433.414,-0.937,60.000
0.048,0.013,0.011,21.250,122551.789,4.714,60.000
0.046,0.001,0.011,25.154,86133.555,1.119,60.000
0.056,0.000,0.016,23.130,65639.742,0.795,60.000
0.050,0.020,0.012,20.620,135710.812,6.263,60.000
0.097,0.013,0.012,19.504,112343.195,4.842,60.000
0.050,0.008,0.013,20.221,119093.836,4.701,60.000
0.052,0.025,0.011,19.791,129095.789,5.504,60.000
0.052,0.026,0.013,19.477,164579.594,5.456,60.000
0.042,0.000,0.015,25.362,39521.086,-0.357,60.000
0.049,0.014,0.013,20.856,151619.750,5.176,60.000
0.059,0.001,0.018,20.088,107763.367,0.115,60.000
0.046,0.001,0.021,20.979,128558.758,1.167,60.000
0.050,0.001,0.020,23.628,65954.133,1.105,60.000
0.047,0.001,0.003,20.749,104748.773,0.906,60.000
0.054,0.001,0.004,20.647,118769.352,0.242,60.000
0.052,0.001,0.011,24.347,47567.352,2.643,60.000
0.099,0.013,0.013,20.698,106965.617,4.720,60.000
0.043,0.002,0.015,20.343,114009.680,1.078,60.000
0.049,0.015,0.011,20.739,111320.367,5.943,60.000
0.058,0.000,0.013,25.670,48658.086,-0.817,60.000
0.047,0.002,0.018,20.491,146893.219,1.542,60.000
0.056,0.001,0.005,20.194,124957.008,-0.026,60.000
0.053,0.002,0.011,23.930,51917.523,2.563,60.000
0.059,0.001,0.018,19.896,104712.430,0.028,60.000
0.002,0.010,0.012,19.821,41860.117,6.279,60.000
0.052,0.005,0.012,21.227,95897.633,3.754,60.000
0.047,0.000,0.009,31.699,-75964.492,0.365,60.000
0.048,0.000,0.010,30.964,-43931.246,1.490,60.000
0.051,0.025,0.012,19.571,152888.719,5.523,60.000
0.045,0.000,0.013,30.944,10066.680,-1.617,60.000
0.049,0.012,0.011,21.170,90860.352,4.362,60.000
0.058,0.001,0.007,23.315,-57410.418,-0.981,60.000
0.052,0.015,0.014,22.231,127181.242,5.129,60.000
0.059,0.001,0.017,23.164,24632.914,-1.547,60.000
0.047,0.001,0.017,24.270,18972.266,-1.123,60.000
0.055,0.001,0.009,25.987,37667.133,0.003,60.000
0.053,0.000,0.014,32.565,3439.375,0.059,60.000
0.048,0.001,0.003,21.173,91961.945,0.489,60.000
0.053,0.001,0.011,23.181,56760.398,2.268,60.000
0.051,0.019,0.011,19.222,107678.727,5.903,60.000
0.051,0.018,0.014,20.737,121782.117,7.080,60.000
0.053,0.001,0.017,23.738,100814.242,1.577,60.000
0.051,0.021,0.014,20.116,117487.352,6.614,60.000
0.052,0.024,0.012,19.721,148266.062,5.385,60.000
0.059,0.000,0.016,20.895,44045.180,0.681,60.000
0.048,0.005,0.014,21.407,95466.633,2.424,60.000
0.041,0.001,0.010,23.274,87327.102,0.428,60.000
0.052,0.012,0.011,18.902,100487.086,3.080,60.000
0.048,0.002,0.014,24.063,140824.438,2.486,60.000
0.050,0.001,0.017,23.209,136110.312,2.084,60.000
0.048,0.023,0.013,20.501,160664.656,5.371,60.000
0.050,0.001,0.015,28.833,12157.398,0.263,60.000
0.048,0.001,0.019,22.570,131259.562,1.585,60.000
0.051,0.007,0.010,18.900,147640.781,2.580,60.000
0.050,0.025,0.012,20.238,143837.125,6.259,60.000
0.046,0.000,0.006,26.171,-13090.391,0.431,60.000
0.048,0.005,0.013,21.893,112340.945,2.936,60.000
0.048,0.015,0.013,21.198,134298.656,5.467,60.000
0.000,0.012,0.013,24.216,-23918.797,3.056,60.000
0.048,0.025,0.011,21.834,144466.438,6.945,60.000
0.057,0.001,0.015,25.808,4980.797,-1.722,60.000
0.052,0.002,0.019,22.449,104286.102,2.170,60.000
0.048,0.010,0.012,20.500,147164.781,4.570,60.000
0.053,0.001,0.013,26.776,87248.680,1.709,60.000
0.098,0.012,0.012,19.775,117716.180,5.014,60.000
0.051,0.000,0.005,23.705,7478.922,-0.324,60.000
0.046,0.001,0.011,23.016,105187.117,1.298,60.000
0.049,0.004,0.015,21.123,115198.367,2.466,60.000
0.051,0.006,0.010,19.381,137750.344,2.635,60.000
0.055,0.001,0.014,23.875,107357.648,0.858,60.000
0.050,0.015,0.013,21.386,143463.312,5.902,60.000
0.051,0.001,0.003,19.859,114186.445,0.442,60.000
0.055,0.000,0.013,30.639,32407.508,0.156,60.000
0.052,0.019,0.013,20.643,102800.242,6.793,60.000
0.052,0.000,0.020,19.603,-21683.727,-1.379,60.000
0.045,0.000,0.009,26.469,6838.312,-1.327,60.000
0.041,0.000,0.015,21.335,-28560.531,-3.676,60.000
0.048,0.002,0.010,23.546,92331.242,1.295,60.000
0.049,0.027,0.014,21.792,132289.656,7.263,60.000
0.043,0.001,0.012,22.690,83294.961,-0.082,60.000
0.056,0.001,0.016,23.853,56394.945,0.048,60.000
0.051,0.015,0.012,20.032,111065.961,4.988,60.000
0.049,0.015,0.011,20.366,109193.945,6.176,60.000
0.002,0.011,0.010,17.984,22405.195,7.314,60.000
0.049,0.008,0.013,21.257,152697.219,5.650,60.000
0.057,0.001,0.006,20.332,126985.711,-0.272,60.000
0.050,0.020,0.012,20.228,124419.414,5.993,60.000
0.049,0.020,0.011,19.703,116119.133,6.457,60.000
0.047,0.001,0.007,23.143,100454.398,0.827,60.000
0.049,0.009,0.013,20.340,141958.969,5.234,60.000
0.048,0.026,0.012,20.505,161667.312,6.370,60.000
0.049,0.025,0.011,21.978,140830.562,6.527,60.000
0.049,0.015,0.011,21.025,99376.883,5.880,60.000
0.052,0.021,0.013,20.309,106051.008,5.940,60.000
0.050,0.011,0.012,20.160,133061.812,4.614,60.000
0.055,0.001,0.005,20.569,122743.602,0.042,60.000
0.045,0.002,0.008,23.000,97412.258,0.942,60.000
0.056,0.000,0.009,25.339,14120.094,0.300,60.000
0.050,0.020,0.013,20.141,128916.258,6.354,60.000
0.052,0.000,0.017,28.604,6864.008,0.481,60.000
0.047,0.001,0.007,23.738,95390.023,0.755,60.000
0.052,0.000,0.010,31.497,-35222.664,-0.469,60.000
0.051,0.016,0.013,20.975,127741.492,6.395,60.000
0.048,0.002,0.008,23.584,99496.164,0.980,60.000
0.043,0.000,0.013,26.286,14929.906,-2.081,60.000
0.050,0.019,0.010,18.390,103655.742,6.062,60.000
0.058,0.001,0.018,21.198,107075.180,0.184,60.000
0.051,0.003,0.010,22.830,53494.570,2.371,60.000
0.042,0.000,0.011,27.390,-65603.656,1.108,60.000
0.051,0.007,0.010,19.443,152845.344,3.301,60.000
0.099,0.012,0.012,20.423,125513.664,5.023,60.000
0.051,0.009,0.011,19.856,131330.719,4.000,60.000
0.049,0.005,0.013,22.474,100231.195,3.536,60.000
0.051,0.026,0.014,19.493,159058.750,4.551,60.000
0.047,0.001,0.009,28.902,-1939.914,-0.444,60.000
0.049,0.006,0.012,22.479,125927.914,4.364,60.000
0.057,0.000,0.004,20.034,105754.211,-0.032,60.000
0.049,0.022,0.012,20.285,143335.500,5.835,60.000
0.049,0.021,0.011,19.887,121870.539,6.101,60.000
0.045,0.000,0.014,27.909,18579.125,1.038,60.000
0.059,0.001,0.007,23.066,130544.992,0.410,60.000
0.049,0.019,0.012,20.503,130941.883,6.161,60.000
0.041,0.001,0.006,22.025,82488.352,1.550,60.000
0.056,0.000,0.018,21.696,9410.797,-1.353,60.000
0.002,0.011,0.012,20.027,48529.742,6.105,60.000
0.048,0.008,0.010,21.532,134573.812,2.544,60.000
0.051,0.019,0.013,20.274,115395.211,6.542,60.000
0.049,0.017,0.012,19.889,113830.508,6.434,60.000
0.052,0.014,0.012,20.580,108074.820,4.337,60.000
0.045,0.001,0.016,20.599,162074.875,1.659,60.000
0.052,0.012,0.010,19.118,83506.398,4.024,60.000
0.099,0.013,0.013,20.485,111334.586,4.466,60.000
0.057,0.001,0.017,22.138,103038.773,0.418,60.000
0.042,0.001,0.006,22.123,76650.414,0.799,60.000
0.055,0.000,0.010,28.169,17129.727,-0.151,60.000
0.050,0.014,0.013,21.490,147253.594,5.317,60.000
0.051,0.008,0.014,20.211,85384.133,3.562,60.000
0.060,0.000,0.012,23.320,117653.836,1.285,60.000
0.051,0.016,0.013,20.476,109920.820,6.579,60.000
0.048,0.005,0.011,20.472,120102.539,1.851,60.000
0.048,0.007,0.010,21.807,126611.742,1.633,60.000
0.059,0.001,0.009,20.961,123139.570,0.126,60.000
0.052,0.001,0.005,21.044,115440.586,0.393,60.000
0.046,0.000,0.016,28.391,5216.633,0.177,60.000
0.050,0.026,0.013,19.863,178344.594,5.665,60.000
0.055,0.001,0.012,27.623,21491.469,1.496,60.000
0.057,0.000,0.009,24.597,-43730.781,1.071,60.000
0.057,0.000,0.007,23.883,-12778.844,0.552,60.000
0.051,0.021,0.013,20.558,125154.586,5.965,60.000
0.049,0.022,0.010,20.390,120568.633,6.416,60.000
0.049,0.001,0.002,21.084,-3809.469,-0.242,60.000
0.057,0.002,0.011,20.637,107165.633,0.761,60.000
0.049,0.022,0.012,20.278,141811.250,5.850,60.000
0.048,0.009,0.011,21.751,118521.664,3.565,60.000
0.048,0.002,0.010,23.523,77180.039,1.340,60.000
0.055,0.001,0.012,25.800,84850.477,1.310,60.000
0.051,0.027,0.011,16.471,105862.742,5.176,60.000
0.049,0.014,0.010,20.569,95972.945,5.407,60.000
0.049,0.012,0.014,22.400,155563.781,4.162,60.000
0.051,0.000,0.007,26.445,-8267.906,-0.487,60.000
0.046,0.000,0.009,27.975,4161.773,-0.627,60.000
0.057,0.001,0.018,22.522,34157.742,-0.978,60.000
0.050,0.025,0.014,19.925,164590.250,5.897,60.000
0.048,0.000,0.012,33.626,-32465.586,0.554,60.000
0.061,0.001,0.013,21.892,130639.398,-0.650,60.000
0.050,0.005,0.012,22.278,114343.195,4.122,60.000
0.049,0.001,0.009,28.898,28372.570,-0.038,60.000
0.052,0.002,0.014,23.709,91682.102,1.525,60.000
0.047,0.001,0.006,22.491,84085.727,0.780,60.000
0.051,0.001,0.015,25.585,117628.492,1.616,60.000
0.000,0.011,0.013,19.817,21045.648,9.174,60.000
0.047,0.001,0.002,21.018,82573.320,0.509,60.000
0.048,0.001,0.008,24.769,97923.586,0.536,60.000
0.050,0.020,0.010,18.982,104386.789,6.203,60.000
0.051,0.001,0.008,26.651,41646.039,0.108,60.000
0.052,0.019,0.011,18.756,102428.195,5.863,60.000
0.050,0.023,0.012,19.930,145227.188,5.638,60.000
0.052,0.000,0.009,30.087,-65643.000,0.034,60.000
0.048,0.007,0.012,22.091,151188.875,4.564,60.000
0.045,0.002,0.012,22.942,112602.398,1.333,60.000
0.098,0.011,0.013,20.943,132797.906,4.348,60.000
0.059,0.000,0.006,24.901,-84230.320,1.987,60.000
0.046,0.000,0.017,26.191,19558.367,-2.475,60.000
0.049,0.005,0.011,20.725,125907.805,2.852,60.000
0.047,0.001,0.002,21.433,21278.664,0.688,60.000
0.054,0.001,0.020,21.967,29646.773,-0.336,60.000
0.047,0.001,0.010,25.357,80785.445,0.775,60.000
0.050,0.001,0.002,22.392,55664.773,0.182,60.000
0.041,0.001,0.010,21.945,84645.289,0.110,60.000
0.051,0.023,0.013,20.373,151338.875,5.655,60.000
0.042,0.001,0.011,25.481,21042.062,-1.826,60.000
0.051,0.001,0.002,21.657,-48065.973,-1.030,60.000
0.049,0.018,0.014,19.670,145696.844,7.212,60.000
0.049,0.002,0.015,22.337,132588.062,2.289,60.000
0.049,0.001,0.009,26.790,31279.180,0.271,60.000
0.053,0.001,0.009,26.379,54334.477,0.702,60.000
0.052,0.019,0.012,19.672,100505.711,5.741,60.000
0.051,0.017,0.010,19.106,94442.805,5.782,60.000
0.053,0.001,0.007,24.453,93382.695,0.473,60.000
0.052,0.007,0.011,19.806,135403.875,3.921,60.000
0.061,0.001,0.011,22.037,51561.742,-0.349,60.000
0.052,0.018,0.014,20.728,120791.336,6.969,60.000
0.056,0.001,0.015,23.899,81911.789,0.397,60.000
0.053,0.001,0.014,25.396,94219.367,1.468,60.000
0.050,0.006,0.010,20.935,117610.836,1.891,60.000
0.046,0.001,0.018,20.020,147052.750,1.310,60.000
0.053,0.000,0.012,32.572,11513.281,0.071,60.000
0.051,0.008,0.011,21.234,152111.594,5.139,60.000
0.051,0.001,0.006,21.484,116003.227,0.467,60.000
0.051,0.027,0.014,20.509,102586.664,6.924,60.000
0.047,0.001,0.020,21.609,37209.305,-0.240,60.000
0.048,0.008,0.012,21.776,162146.312,4.738,60.000
0.048,0.001,0.005,22.532,98889.133,0.757,60.000
0.052,0.000,0.002,19.333,17868.109,-1.121,60.000
0.051,0.001,0.017,27.659,-20991.172,-0.797,60.000
0.051,0.022,0.011,19.493,110457.883,5.752,60.000
0.050,0.014,0.011,20.946,99803.289,5.638,60.000
0.051,0.003,0.011,23.355,63324.258,2.965,60.000
0.061,0.001,0.014,21.714,127671.430,-0.594,60.000
0.050,0.001,0.010,27.719,3420.836,-0.080,60.000
0.055,0.002,0.017,20.088,85197.648,0.314,60.000
0.059,0.001,0.014,24.529,66071.055,-0.872,60.000
0.048,0.000,0.002,18.854,47572.836,-0.814,60.000
0.053,0.000,0.021,18.364,-9090.477,-1.411,60.000
0.046,0.001,0.018,19.833,137029.312,1.197,60.000
0.050,0.018,0.012,19.225,116043.383,6.150,60.000
0.059,0.000,0.009,21.384,20458.281,1.323,60.000
0.049,0.027,0.013,19.378,128313.492,4.093,60.000
0.049,0.018,0.014,19.814,148027.688,7.283,60.000
0.043,0.000,0.013,27.891,-37057.438,-0.207,60.000
0.051,0.000,0.007,28.065,-14814.594,-0.114,60.000
0.050,0.001,0.015,25.548,130712.961,1.627,60.000
0.048,0.026,0.010,22.326,144418.406,6.741,60.000
0.051,0.001,0.019,22.585,110044.648,2.197,60.000
0.055,0.000,0.006,24.216,-21315.148,0.887,60.000
0.055,0.001,0.005,19.822,128959.148,0.030,60.000
0.001,0.011,0.013,20.490,44102.508,6.072,60.000
0.042,0.001,0.009,23.076,94108.398,0.485,60.000
0.045,0.000,0.004,22.613,42891.477,0.339,60.000
0.049,0.001,0.019,22.985,129488.352,1.696,60.000
0.054,0.000,0.009,26.500,10145.734,1.962,60.000
0.045,0.000,0.017,21.303,184083.875,5.409,60.000
0.051,0.003,0.010,22.398,56854.648,2.317,60.000
0.052,0.023,0.012,19.738,138389.969,5.308,60.000
0.052,0.020,0.011,18.922,106947.461,5.717,60.000
0.050,0.001,0.018,27.517,18189.438,0.090,60.000
0.048,0.013,0.011,21.088,101826.227,4.914,60.000
0.048,0.001,0.021,22.523,69187.305,0.873,60.000
0.048,0.013,0.011,21.078,107287.164,4.876,60.000
0.059,0.001,0.008,20.937,122413.570,0.116,60.000
0.056,0.000,0.007,20.487,31817.820,-1.540,60.000
0.051,0.015,0.012,20.348,115985.492,5.314,60.000
0.049,0.025,0.013,19.866,176107.844,5.706,60.000
0.053,0.000,0.016,29.008,40716.883,-0.798,60.000
0.051,0.009,0.013,19.851,98361.820,4.379,60.000
0.043,0.000,0.006,22.410,-50226.293,-1.201,60.000
0.049,0.005,0.013,22.193,101346.977,3.135,60.000
0.052,0.000,0.014,31.691,-33641.539,-0.027,60.000
0.000,0.012,0.013,20.631,12499.797,11.100,60.000
0.055,0.001,0.009,26.587,-11600.297,-0.398,60.000
0.048,0.019,0.012,20.605,140549.938,6.110,60.000
0.060,0.001,0.011,17.864,138460.156,-0.201,60.000
0.044,0.001,0.021,19.948,114704.695,1.180,60.000
0.045,0.000,0.018,22.388,14144.867,-2.283,60.000
0.055,0.001,0.016,21.628,94143.367,0.668,60.000
0.058,0.000,0.010,22.330,86706.883,0.391,60.000
0.056,0.000,0.009,25.608,-6918.031,-0.566,60.000
0.049,0.006,0.011,21.184,167335.188,4.289,60.000
0.051,0.002,0.009,24.934,58830.648,0.897,60.000
0.051,0.026,0.013,19.645,175172.250,5.493,60.000
0.047,0.001,0.009,24.914,95878.445,0.535,60.000
0.002,0.012,0.012,19.227,40456.805,6.366,60.000
0.046,0.001,0.003,20.711,95158.727,1.005,60.000
0.050,0.001,0.005,24.197,23124.992,-0.211,60.000
0.050,0.001,0.008,23.930,99967.242,0.610,60.000
0.049,0.001,0.004,21.319,102928.461,0.906,60.000
0.048,0.026,0.012,20.523,155166.156,6.734,60.000
0.051,0.009,0.011,20.834,139186.969,4.803,60.000
0.050,0.001,0.011,26.840,34307.414,1.761,60.000
0.049,0.006,0.012,21.618,141785.000,4.390,60.000
0.042,0.001,0.006,20.631,83272.570,0.772,60.000
0.055,0.000,0.004,20.946,-42764.211,-2.176,60.000
0.051,0.000,0.008,29.528,13368.086,1.009,60.000
0.046,0.001,0.005,24.996,-37492.484,0.240,60.000
0.045,0.000,0.020,21.344,-10205.445,-1.348,60.000
0.099,0.012,0.012,19.736,125200.758,5.237,60.000
0.051,0.005,0.013,21.783,91406.539,3.417,60.000
0.059,0.001,0.013,25.868,-3598.586,-0.730,60.000
0.051,0.015,0.010,19.812,95287.883,6.093,60.000
0.051,0.020,0.011,18.968,108440.258,5.879,60.000
0.049,0.018,0.013,19.844,137999.625,7.144,60.000
0.051,0.001,0.015,30.281,17262.391,0.688,60.000
0.056,0.000,0.006,23.622,4717.562,0.589,60.000
0.049,0.027,0.014,19.326,159448.281,7.475,60.000
0.051,0.001,0.022,22.065,97437.227,1.507,60.000
0.051,0.005,0.011,21.126,110211.664,3.334,60.000
0.050,0.001,0.021,22.343,125851.211,1.879,60.000
0.051,0.001,0.003,20.643,41777.992,-0.059,60.000
0.052,0.026,0.012,19.501,158056.906,5.401,60.000
0.052,0.000,0.017,28.178,10368.648,-1.219,60.000
0.056,0.001,0.005,20.324,128546.180,0.215,60.000
0.046,0.000,0.018,23.613,46512.711,0.323,60.000
0.059,0.001,0.012,25.389,6656.938,-0.448,60.000
0.050,0.000,0.008,28.884,-43600.191,-0.185,60.000
0.050,0.008,0.010,20.495,157558.125,3.693,60.000
0.051,0.001,0.006,23.590,107627.914,0.489,60.000
0.053,0.000,0.014,33.494,18538.609,-0.006,60.000
0.052,0.001,0.017,24.773,98623.852,1.656,60.000
0.049,0.021,0.013,20.319,135724.844,6.205,60.000
0.049,0.009,0.010,21.904,106008.180,3.455,60.000
0.047,0.001,0.011,30.018,-15799.891,-1.108,60.000
0.051,0.023,0.011,20.012,119370.758,5.951,60.000
0.051,0.015,0.011,20.413,104033.023,5.709,60.000
0.056,0.001,0.011,23.691,103525.883,0.782,60.000
0.042,0.001,0.015,20.624,75336.133,0.412,60.000
0.050,0.006,0.014,21.106,99424.492,2.953,60.000
0.049,0.022,0.011,20.379,132525.188,6.420,60.000
0.051,0.009,0.014,20.371,114133.727,3.259,60.000
0.049,0.008,0.011,21.315,149729.312,3.562,60.000
0.049,0.001,0.002,20.535,89670.898,0.331,60.000
0.051,0.003,0.012,22.829,93253.633,3.600,60.000
0.001,0.011,0.012,19.662,46315.992,6.387,60.000
0.052,0.008,0.012,21.255,111609.195,5.003,60.000
0.044,0.000,0.018,21.872,1690.820,-2.309,60.000
0.044,0.001,0.013,22.536,113611.367,1.650,60.000
0.058,0.001,0.016,21.699,109019.930,0.346,60.000
0.048,0.019,0.011,20.015,124556.977,6.634,60.000
0.047,0.002,0.006,22.362,87230.711,0.840,60.000
0.049,0.014,0.013,21.691,160328.531,5.196,60.000
0.049,0.019,0.012,20.407,131325.312,6.217,60.000
0.040,0.000,0.016,20.974,14511.375,-2.433,60.000
0.049,0.025,0.011,21.583,134199.469,6.489,60.000
0.061,0.000,0.014,22.894,133785.500,-0.210,60.000
0.051,0.022,0.013,20.482,136460.781,5.677,60.000
0.050,0.013,0.013,22.510,150103.062,4.853,60.000
0.050,0.002,0.015,23.088,131018.320,1.826,60.000
0.050,0.025,0.013,19.923,169655.875,5.720,60.000
0.048,0.015,0.011,20.850,106060.008,5.713,60.000
0.051,0.026,0.011,20.882,123311.273,5.907,60.000
0.053,0.000,0.013,33.326,8692.719,0.422,60.000
0.050,0.015,0.011,20.423,112752.492,6.201,60.000
0.050,0.001,0.008,24.443,101630.789,0.669,60.000
0.050,0.001,0.014,28.177,113659.305,1.742,60.000
0.054,0.001,0.010,23.323,64580.883,1.725,60.000
0.049,0.014,0.012,21.008,113323.633,5.401,60.000
0.042,0.001,0.014,20.855,63868.867,-0.330,60.000
0.049,0.001,0.006,24.775,94881.930,0.607,60.000
0.045,0.001,0.018,22.808,16380.398,-1.251,60.000
0.049,0.000,0.008,29.375,-56052.527,0.638,60.000
0.052,0.009,0.012,20.104,109301.148,4.422,60.000
0.047,0.001,0.005,21.800,98909.445,0.794,60.000
0.051,0.006,0.011,20.014,126210.992,3.617,60.000
0.048,0.001,0.006,24.140,95093.602,0.747,60.000
0.060,0.001,0.014,23.211,121163.727,-0.440,60.000
0.054,0.001,0.018,21.584,93701.648,1.328,60.000
0.050,0.021,0.014,19.924,128757.508,6.651,60.000
0.002,0.013,0.012,19.750,62164.977,5.967,60.000
0.049,0.017,0.012,19.760,127082.336,6.407,60.000
0.045,0.001,0.009,26.359,35939.383,-0.391,60.000
0.051,0.002,0.007,23.736,102894.789,0.692,60.000
0.097,0.012,0.011,18.863,99513.789,4.795,60.000
0.053,0.001,0.020,21.113,113165.820,1.879,60.000
0.052,0.023,0.012,19.664,138428.062,5.267,60.000
0.041,0.001,0.014,19.766,53532.492,-0.935,60.000
0.050,0.010,0.012,20.290,128039.977,4.781,60.000
0.052,0.014,0.013,21.467,122547.055,4.775,60.000
0.041,0.001,0.011,23.442,77397.914,-0.120,60.000
0.049,0.007,0.012,22.018,170397.969,5.318,60.000
0.049,0.020,0.014,19.539,134194.500,6.136,60.000
0.050,0.022,0.014,20.173,128709.977,6.159,60.000
0.048,0.001,0.005,22.673,100220.352,0.518,60.000
0.048,0.016,0.014,20.412,144956.938,5.989,60.000
0.054,0.000,0.020,20.672,4237.344,-1.447,60.000
0.050,0.013,0.010,20.131,62271.477,5.028,60.000
0.050,0.007,0.012,22.309,159778.438,6.290,60.000
0.051,0.017,0.011,19.437,95309.852,6.144,60.000
0.047,0.000,0.010,32.457,-33074.250,1.473,60.000
0.049,0.020,0.013,19.990,137478.812,6.349,60.000
0.050,0.007,0.011,21.954,168935.562,5.436,60.000
0.047,0.002,0.006,22.174,89434.430,0.742,60.000
0.049,0.021,0.014,20.122,132180.562,6.218,60.000
0.052,0.015,0.013,21.106,105191.680,4.576,60.000
0.050,0.023,0.014,20.556,139224.969,5.927,60.000
0.049,0.012,0.014,22.330,157313.219,3.999,60.000
0.058,0.001,0.004,19.174,136415.469,0.233,60.000
0.059,0.001,0.017,24.013,16796.625,-2.045,60.000
0.051,0.003,0.013,22.127,91027.523,2.711,60.000
0.049,0.007,0.009,21.698,122289.820,1.675,60.000
0.042,0.001,0.016,21.506,85157.695,-1.128,60.000
0.050,0.027,0.010,21.714,120530.555,5.583,60.000
0.048,0.001,0.006,22.702,100686.805,0.878,60.000
0.043,0.001,0.017,19.239,120748.898,-0.252,60.000
0.044,0.000,0.004,21.177,3829.055,-0.066,60.000
0.050,0.006,0.013,21.830,113561.680,3.781,60.000
0.048,0.001,0.010,24.484,79470.414,1.282,60.000
0.052,0.002,0.012,23.878,89178.352,2.972,60.000
0.051,0.022,0.013,20.682,118742.055,6.060,60.000
0.048,0.007,0.011,21.693,152193.625,3.095,60.000
0.047,0.001,0.020,22.191,30791.023,-0.313,60.000
0.049,0.011,0.014,22.628,146785.844,3.759,60.000
0.049,0.010,0.012,20.459,153671.875,4.931,60.000
0.049,0.013,0.013,21.041,147989.656,4.284,60.000
0.056,0.001,0.020,19.893,105408.602,0.741,60.000
0.098,0.012,0.011,18.895,107654.945,4.821,60.000
0.050,0.012,0.014,23.637,148692.500,3.733,60.000
0.044,0.000,0.011,23.386,32287.680,-0.422,60.000
0.051,0.012,0.013,21.452,126942.617,4.102,60.000
0.050,0.025,0.011,20.224,133742.906,6.260,60.000
0.048,0.001,0.004,21.493,96951.695,0.899,60.000
0.049,0.001,0.017,23.198,145078.625,1.992,60.000
0.051,0.021,0.014,20.047,119776.070,6.543,60.000
0.048,0.027,0.014,17.373,90546.617,3.296,60.000
0.047,0.001,0.009,28.472,35181.398,0.166,60.000
0.056,0.001,0.013,22.721,113171.617,0.926,60.000
0.050,0.024,0.014,20.229,144559.000,5.913,60.000
0.043,0.001,0.010,24.267,72470.945,-0.767,60.000
0.042,0.001,0.019,18.531,112379.648,0.384,60.000
0.002,0.013,0.012,19.355,58582.383,6.105,60.000
0.051,0.005,0.010,21.116,89725.383,1.262,60.000
0.045,0.001,0.009,24.612,102993.820,0.519,60.000
0.041,0.000,0.010,21.994,-15225.742,-0.292,60.000
0.045,0.001,0.003,20.743,91154.102,0.966,60.000
0.051,0.010,0.013,20.544,126865.680,4.256,60.000
0.048,0.020,0.012,20.618,135459.906,5.756,60.000
0.057,0.001,0.013,22.172,118188.148,0.419,60.000
0.049,0.014,0.010,20.465,80443.070,5.245,60.000
0.001,0.012,0.012,19.123,47843.867,6.571,60.000
0.051,0.013,0.010,19.961,72178.086,4.590,60.000
0.051,0.010,0.013,20.192,107609.164,4.557,60.000
0.059,0.000,0.014,23.482,-308.422,-0.937,60.000
0.043,0.001,0.008,21.229,91436.023,0.375,60.000
0.042,0.000,0.018,20.605,75686.211,0.599,60.000
0.048,0.013,0.012,21.097,141401.562,4.584,60.000
0.052,0.001,0.006,21.394,111955.805,0.300,60.000
0.099,0.012,0.012,20.444,117319.883,5.299,60.000
0.049,0.025,0.011,21.111,133646.969,6.493,60.000
0.049,0.003,0.013,22.822,104746.289,2.988,60.000
0.048,0.026,0.012,21.085,148556.781,6.926,60.000
0.097,0.013,0.012,19.316,110987.977,5.108,60.000
0.050,0.010,0.014,21.201,130625.492,4.002,60.000
0.051,0.000,0.011,32.122,-10760.031,0.781,60.000
0.046,0.001,0.007,22.832,98074.680,0.826,60.000
0.049,0.019,0.011,20.225,130231.164,6.428,60.000
0.100,0.012,0.011,15.968,-9773.719,7.634,60.000
0.049,0.016,0.012,20.345,116920.711,5.987,60.000
0.046,0.000,0.022,21.253,53787.758,0.502,60.000
0.051,0.000,0.002,21.076,31895.305,-0.863,60.000
0.057,0.000,0.014,26.336,15579.984,-0.164,60.000
0.058,0.000,0.008,23.523,-82766.172,-0.203,60.000
0.042,0.000,0.008,22.580,50794.133,-0.028,60.000
0.047,0.002,0.016,21.764,160819.500,2.008,60.000
0.061,0.000,0.011,19.218,110270.930,-1.294,60.000
0.051,0.012,0.013,22.471,130230.695,3.843,60.000
0.049,0.002,0.010,23.988,76219.508,1.437,60.000
0.050,0.013,0.011,20.400,94297.336,4.500,60.000
0.050,0.001,0.015,23.918,135750.062,1.871,60.000
0.041,0.001,0.012,19.959,76279.883,-0.967,60.000
0.054,0.002,0.018,21.777,90270.586,1.415,60.000
0.050,0.015,0.010,19.731,94658.102,5.969,60.000
0.050,0.022,0.012,19.910,127306.430,5.788,60.000
0.098,0.012,0.011,18.846,108681.820,4.793,60.000
0.049,0.012,0.014,22.886,152652.281,3.948,60.000
0.050,0.020,0.011,19.505,110504.258,6.076,60.000
0.052,0.009,0.011,18.755,125337.695,3.345,60.000
0.055,0.000,0.018,21.260,57065.570,0.246,60.000
0.054,0.001,0.014,24.831,102311.039,1.379,60.000
0.050,0.023,0.014,20.430,145137.469,5.891,60.000
0.050,0.016,0.012,20.033,125169.164,6.489,60.000
0.055,0.001,0.009,24.171,73877.633,0.608,60.000
0.048,0.006,0.011,21.210,147989.344,3.590,60.000
0.050,0.014,0.014,23.026,161106.125,5.264,60.000
0.050,0.026,0.011,20.576,133111.125,6.031,60.000
0.050,0.019,0.010,18.731,105344.617,6.237,60.000
0.050,0.013,0.013,21.698,141204.031,4.477,60.000
0.098,0.014,0.012,19.667,100687.133,5.394,60.000
0.050,0.025,0.013,19.852,168670.812,5.623,60.000
0.045,0.000,0.012,31.752,-7943.148,1.859,60.000
0.052,0.010,0.012,19.846,102208.039,4.289,60.000
0.046,0.002,0.007,22.936,95656.930,0.915,60.000
0.052,0.001,0.009,25.523,72809.648,0.528,60.000
0.045,0.000,0.003,20.217,21555.094,0.089,60.000
0.050,0.007,0.013,21.423,127337.789,4.854,60.000
0.044,0.001,0.015,23.040,140961.281,1.305,60.000
0.050,0.004,0.013,22.227,92068.414,3.120,60.000
0.052,0.012,0.014,23.146,131889.844,3.551,60.000
0.052,0.002,0.018,22.474,105560.773,2.104,60.000
0.052,0.012,0.012,19.563,100950.727,3.376,60.000
0.051,0.001,0.006,24.014,75076.242,0.139,60.000
0.051,0.003,0.011,22.907,57567.820,2.642,60.000
0.049,0.013,0.010,21.091,82577.320,4.487,60.000
0.049,0.001,0.001,20.985,43398.852,0.318,60.000
0.056,0.001,0.018,20.510,100264.477,0.510,60.000
0.050,0.023,0.013,20.391,158277.406,5.610,60.000
0.051,0.021,0.013,20.543,120296.711,6.078,60.000
0.048,0.010,0.012,20.790,142611.469,4.367,60.000
0.052,0.021,0.011,19.248,113200.680,5.709,60.000
0.044,0.002,0.017,18.497,148186.250,0.893,60.000
0.050,0.012,0.010,20.848,68259.320,4.720,60.000
0.047,0.001,0.004,20.515,103213.883,0.862,60.000
0.048,0.022,0.013,20.928,152159.125,5.620,60.000
0.054,0.002,0.006,21.676,104589.617,0.087,60.000
0.054,0.000,0.004,21.916,-2234.750,-1.168,60.000
0.050,0.017,0.012,19.445,119301.461,6.447,60.000
0.050,0.007,0.010,20.151,160124.000,3.244,60.000
0.050,0.001,0.018,26.482,31416.961,0.406,60.000
0.047,0.000,0.002,21.328,-46621.676,-0.818,60.000
0.044,0.000,0.019,21.020,-66866.250,-3.510,60.000
0.051,0.009,0.014,20.042,100620.742,3.674,60.000
0.048,0.008,0.011,21.665,152562.312,4.097,60.000
0.052,0.008,0.012,20.846,108944.945,4.631,60.000
0.051,0.025,0.013,20.124,159267.094,5.708,60.000
0.044,0.001,0.019,18.899,117299.305,0.279,60.000
0.045,0.001,0.020,19.938,121335.227,0.814,60.000
0.049,0.006,0.012,22.511,145246.906,5.083,60.000
0.049,0.021,0.010,20.260,120552.852,6.568,60.000
0.052,0.022,0.011,19.340,113407.023,5.596,60.000
0.051,0.024,0.013,20.330,148751.438,5.786,60.000
0.051,0.006,0.012,21.590,119092.539,4.632,60.000
0.057,0.002,0.014,22.452,113758.102,0.261,60.000
0.050,0.013,0.012,21.159,146505.438,4.455,60.000
0.054,0.002,0.017,21.218,85611.445,0.902,60.000
0.055,0.001,0.004,19.129,126136.242,-0.172,60.000
0.050,0.015,0.013,21.083,146289.625,5.811,60.000
0.050,0.010,0.010,20.240,95157.898,3.724,60.000
0.056,0.000,0.018,20.015,-15797.828,0.210,60.000
0.049,0.013,0.014,23.067,160562.094,4.129,60.000
0.046,0.002,0.010,22.461,104936.289,1.117,60.000
0.048,0.002,0.010,23.396,77201.773,1.323,60.000
0.052,0.014,0.013,22.388,114521.586,4.879,60.000
0.049,0.007,0.014,20.790,113460.961,3.692,60.000
0.049,0.010,0.012,20.512,151819.156,5.007,60.000
0.003,0.011,0.012,19.664,40741.789,6.058,60.000
0.049,0.009,0.012,20.752,158765.969,5.110,60.000
0.051,0.002,0.012,24.003,92499.961,3.205,60.000
0.045,0.001,0.019,20.388,127044.195,0.896,60.000
0.050,0.016,0.011,20.325,116519.258,6.230,60.000
0.047,0.002,0.016,21.363,159732.219,1.924,60.000
0.050,0.009,0.013,20.342,127688.398,5.218,60.000
0.098,0.014,0.012,19.773,100951.711,5.128,60.000
0.050,0.002,0.015,22.348,133330.312,2.101,60.000
0.050,0.015,0.014,22.158,155386.469,5.744,60.000
0.053,0.002,0.013,23.970,84735.336,2.087,60.000
0.051,0.027,0.011,22.399,243935.312,10.785,60.000
0.051,0.018,0.013,20.786,103331.039,6.985,60.000
0.049,0.019,0.014,19.573,142469.781,7.032,60.000
0.051,0.001,0.014,29.663,22266.672,0.967,60.000
0.051,0.008,0.010,19.394,130430.117,2.725,60.000
0.050,0.001,0.021,22.153,125276.133,1.779,60.000
0.049,0.005,0.015,20.692,101922.586,2.499,60.000
0.048,0.013,0.014,22.594,154983.750,4.075,60.000
0.040,0.000,0.010,22.126,-32136.094,-1.395,60.000
0.050,0.014,0.012,20.554,141358.062,5.278,60.000
0.050,0.008,0.010,20.932,124770.992,2.773,60.000
0.052,0.025,0.013,19.986,149861.344,5.623,60.000
0.053,0.001,0.019,21.512,108818.133,1.917,60.000
0.051,0.002,0.017,23.237,113740.602,2.072,60.000
0.050,0.020,0.012,20.441,129570.477,6.058,60.000
0.050,0.019,0.011,19.669,115413.758,6.288,60.000
0.048,0.016,0.011,20.434,128764.023,6.546,60.000
0.048,0.001,0.005,21.864,102921.445,0.716,60.000
0.059,0.001,0.011,21.606,99854.445,-0.168,60.000
0.052,0.004,0.012,21.659,84338.805,3.486,60.000
0.002,0.011,0.012,19.853,50270.914,6.017,60.000
0.051,0.001,0.003,20.499,42559.633,-0.295,60.000
0.050,0.027,0.011,20.474,118875.727,5.390,60.000
0.050,0.007,0.013,21.310,111684.305,4.018,60.000
0.051,0.001,0.015,26.216,106457.602,1.386,60.000
0.049,0.000,0.008,28.430,-42836.359,-0.136,60.000
0.044,0.001,0.004,22.582,37871.945,1.265,60.000
0.049,0.000,0.006,23.700,23565.547,0.658,60.000
0.051,0.017,0.014,20.836,127686.414,6.573,60.000
0.059,0.000,0.007,22.674,-13554.477,2.185,60.000
0.055,0.000,0.016,23.705,25261.859,-0.019,60.000
0.046,0.001,0.003,22.574,56607.164,1.083,60.000
0.049,0.027,0.013,20.433,131719.375,5.992,60.000
0.047,0.000,0.010,25.860,53327.680,0.357,60.000
0.002,0.010,0.012,19.638,33831.617,6.561,60.000
0.049,0.010,0.010,21.199,104380.336,3.570,60.000
0.059,0.001,0.016,22.345,115721.508,-0.194,60.000
0.048,0.002,0.014,23.507,142690.281,2.281,60.000
0.055,0.001,0.010,23.241,71609.977,0.877,60.000
0.002,0.010,0.011,19.160,28789.133,6.792,60.000
0.045,0.001,0.019,19.920,125927.086,0.953,60.000
0.047,0.001,0.002,21.348,78717.773,0.541,60.000
0.055,0.001,0.020,19.893,107090.523,1.451,60.000
0.052,0.000,0.013,30.398,13794.016,0.321,60.000
0.050,0.014,0.011,20.798,76986.898,5.156,60.000
0.051,0.003,0.009,23.278,73235.711,1.051,60.000
0.048,0.015,0.012,21.193,111312.695,5.744,60.000
0.049,0.002,0.011,23.142,74682.961,2.198,60.000
0.055,0.001,0.010,27.872,20452.289,0.887,60.000
0.055,0.001,0.022,20.141,73333.430,0.785,60.000
0.049,0.001,0.007,27.113,-12939.164,-0.616,60.000
0.099,0.013,0.013,22.632,87974.914,3.650,60.000
0.050,0.009,0.010,21.478,105051.164,3.052,60.000
0.050,0.021,0.011,19.844,119084.477,5.990,60.000
0.052,0.006,0.010,19.640,125762.273,2.675,60.000
0.052,0.010,0.011,18.946,110210.695,3.488,60.000
0.048,0.003,0.012,23.403,113300.320,3.210,60.000
0.049,0.012,0.010,21.253,77780.242,4.388,60.000
0.050,0.023,0.011,20.271,133752.250,6.379,60.000
0.046,0.000,0.016,27.667,-25629.219,-1.600,60.000
0.000,0.012,0.012,18.450,20257.820,9.477,60.000
0.050,0.015,0.013,20.925,140976.219,5.891,60.000
0.053,0.002,0.009,24.637,69290.898,0.496,60.000
0.053,0.002,0.013,24.026,81870.742,1.671,60.000
0.048,0.010,0.011,21.439,125342.945,3.863,60.000
0.040,0.001,0.010,22.271,63594.492,0.092,60.000
0.048,0.008,0.011,21.868,158697.031,4.058,60.000
0.049,0.000,0.015,26.921,74566.133,1.706,60.000
0.098,0.012,0.012,19.928,115172.664,5.166,60.000
0.044,0.000,0.008,26.885,-11623.906,2.051,60.000
0.051,0.009,0.013,20.817,124111.539,5.386,60.000
0.050,0.014,0.013,22.046,146319.531,5.067,60.000
0.052,0.000,0.008,28.093,2585.375,0.132,60.000
0.050,0.006,0.010,20.588,115873.961,1.991,60.000
0.052,0.012,0.012,20.337,110214.727,3.476,60.000
0.054,0.001,0.006,24.685,41162.492,-0.372,60.000
0.044,0.000,0.015,29.040,-36685.680,-2.829,60.000
0.049,0.016,0.012,20.287,129025.836,6.290,60.000
0.050,0.001,0.007,24.620,104388.477,0.486,60.000
0.049,0.021,0.012,20.620,145211.344,5.742,60.000
0.048,0.002,0.010,23.385,88642.180,1.238,60.000
0.048,0.004,0.013,22.192,106784.789,2.839,60.000
0.048,0.016,0.012,20.606,122560.727,5.960,60.000
0.053,0.000,0.018,23.261,70329.977,1.894,60.000
0.058,0.000,0.018,23.291,14021.297,-1.670,60.000
0.054,0.001,0.018,21.112,93812.523,1.187,60.000
0.051,0.008,0.014,19.820,86976.461,3.181,60.000
0.048,0.000,0.009,31.689,-74187.750,0.419,60.000
0.050,0.000,0.009,31.809,-66155.344,0.084,60.000
0.060,0.001,0.012,20.967,139216.125,-0.566,60.000
0.051,0.027,0.014,15.879,69592.492,1.366,60.000
0.049,0.007,0.011,21.987,167858.031,4.780,60.000
0.052,0.018,0.011,19.177,96440.258,5.974,60.000
0.050,0.021,0.011,19.798,111526.164,6.391,60.000
0.049,0.016,0.011,20.183,121423.867,6.445,60.000
0.052,0.024,0.012,19.616,147684.781,5.416,60.000
0.051,0.008,0.014,20.363,99373.383,4.097,60.000
0.043,0.001,0.008,21.619,105199.742,0.339,60.000
0.047,0.001,0.015,21.530,164865.469,2.003,60.000
0.058,0.001,0.005,18.995,136717.875,-0.023,60.000
0.048,0.023,0.012,20.447,139941.000,5.988,60.000
0.051,0.007,0.014,20.492,87910.711,2.878,60.000
0.049,0.001,0.005,21.785,110646.883,0.488,60.000
0.048,0.020,0.013,20.030,140992.938,6.066,60.000
0.048,0.006,0.014,21.212,105921.555,3.012,60.000
0.050,0.018,0.010,19.466,104784.195,5.940,60.000
0.050,0.020,0.013,20.200,130505.820,6.316,60.000
0.059,0.001,0.015,22.728,115906.117,-0.166,60.000
0.045,0.001,0.018,23.332,139899.219,1.043,60.000
0.053,0.001,0.013,24.062,96490.727,1.793,60.000
0.054,0.001,0.005,22.421,108572.398,0.244,60.000
0.052,0.007,0.013,20.034,76957.852,2.891,60.000
0.050,0.020,0.014,19.791,130250.211,6.781,60.000
0.054,0.002,0.006,21.146,108952.117,0.028,60.000
0.003,0.012,0.013,20.353,62203.680,5.496,60.000
0.050,0.015,0.012,20.432,137672.625,5.268,60.000
0.050,0.016,0.014,21.334,148848.156,6.108,60.000
0.053,0.002,0.009,24.567,69382.445,0.535,60.000
0.052,0.001,0.004,22.670,-9356.062,-0.650,60.000
0.051,0.001,0.013,28.529,87824.711,2.520,60.000
0.055,0.000,0.020,18.812,-8822.305,-1.423,60.000
0.048,0.001,0.009,25.195,92552.133,0.539,60.000
0.041,0.001,0.019,18.383,108273.586,0.350,60.000
0.053,0.000,0.002,23.502,-7008.484,-0.425,60.000
0.050,0.024,0.012,19.916,151996.750,5.615,60.000
0.051,0.000,0.017,27.933,84846.242,-0.817,60.000
0.044,0.000,0.014,28.825,18072.562,0.118,60.000
0.041,0.001,0.012,19.641,75921.258,-1.196,60.000
0.045,0.002,0.017,19.480,150196.562,1.305,60.000
0.043,0.001,0.018,19.569,119404.461,0.017,60.000
0.050,0.018,0.013,20.219,125440.992,7.201,60.000
0.051,0.006,0.013,22.209,97284.977,3.951,60.000
0.045,0.000,0.019,23.415,-40004.672,-1.511,60.000
0.049,0.026,0.014,19.563,164862.062,4.782,60.000
0.050,0.003,0.013,22.605,97851.852,3.400,60.000
0.047,0.002,0.018,20.346,141185.406,1.456,60.000
0.040,0.001,0.012,19.366,58560.273,-1.199,60.000
0.050,0.008,0.012,21.409,159539.531,5.942,60.000
0.039,0.001,0.011,21.432,58533.258,-0.419,60.000
0.041,0.000,0.011,22.281,-85037.633,-1.157,60.000
0.052,0.020,0.011,18.759,101018.289,5.708,60.000
0.059,0.001,0.015,23.116,119669.305,-0.396,60.000
0.042,0.001,0.006,22.285,17570.492,0.636,60.000
0.050,0.020,0.014,19.875,131927.438,6.970,60.000
0.052,0.005,0.013,21.059,92483.992,3.398,60.000
0.050,0.023,0.012,20.087,141394.125,5.933,60.000
0.042,0.000,0.018,19.311,54650.883,-0.086,60.000
0.048,0.001,0.016,24.557,146359.219,1.752,60.000
0.048,0.003,0.011,21.634,97772.258,1.696,60.000
0.048,0.008,0.010,22.063,115205.148,2.404,60.000
0.049,0.002,0.018,22.187,132798.219,1.946,60.000
0.048,0.000,0.003,20.952,29752.133,-0.293,60.000
0.040,0.000,0.013,21.255,13388.727,-1.356,60.000
0.045,0.001,0.012,23.997,98678.633,1.171,60.000
0.050,0.001,0.018,23.899,124010.773,1.809,60.000
0.049,0.001,0.018,22.978,140842.938,1.687,60.000
0.050,0.016,0.011,20.157,113200.523,6.452,60.000
0.052,0.005,0.012,21.104,104857.727,4.035,60.000
0.051,0.001,0.016,25.163,109287.289,1.607,60.000
0.050,0.015,0.011,20.347,111049.430,6.167,60.000
0.048,0.001,0.015,26.443,62480.930,0.903,60.000
0.049,0.014,0.010,20.686,78490.242,5.197,60.000
0.055,0.001,0.020,20.030,112980.367,1.591,60.000
0.046,0.001,0.017,20.582,157300.656,1.418,60.000
0.048,0.009,0.013,20.626,160205.375,5.145,60.000
0.043,0.001,0.008,22.382,104208.102,0.746,60.000
0.052,0.016,0.011,19.964,86560.289,5.928,60.000
0.054,0.000,0.015,29.901,30207.977,-0.172,60.000
0.048,0.007,0.011,22.136,159831.344,4.245,60.000
0.050,0.001,0.008,25.538,88175.883,0.506,60.000
0.048,0.001,0.020,22.053,133262.781,1.457,60.000
0.050,0.002,0.015,22.773,135984.844,1.954,60.000
0.048,0.003,0.011,21.872,97159.148,1.674,60.000
0.049,0.001,0.022,21.956,100083.273,1.418,60.000
0.047,0.001,0.004,20.256,95993.180,0.756,60.000
0.056,0.000,0.013,30.488,74857.273,0.837,60.000
0.044,0.001,0.011,22.188,102017.555,0.267,60.000
0.048,0.005,0.014,21.611,98559.617,2.467,60.000
0.050,0.012,0.013,21.757,141945.719,4.229,60.000
0.048,0.013,0.011,21.370,103011.148,4.654,60.000
0.049,0.001,0.019,21.888,129993.805,1.780,60.000
0.044,0.000,0.011,24.318,36961.336,-0.778,60.000
0.044,0.000,0.012,30.907,-21963.484,0.739,60.000
0.052,0.015,0.012,20.171,100430.117,5.153,60.000
0.050,0.009,0.013,20.503,122994.227,5.189,60.000
0.043,0.000,0.019,20.350,12170.977,-0.017,60.000
0.048,0.013,0.011,21.358,112047.758,4.582,60.000
0.047,0.001,0.012,24.053,116938.508,2.322,60.000
0.056,0.001,0.006,23.937,26067.117,-0.471,60.000
0.048,0.015,0.011,20.764,117217.383,5.980,60.000
0.040,0.000,0.008,22.415,-33296.461,-0.814,60.000
0.048,0.000,0.014,28.800,65670.227,1.066,60.000
0.050,0.019,0.011,19.981,118898.117,6.241,60.000
0.041,0.001,0.016,20.029,84170.648,-0.667,60.000
0.049,0.020,0.013,20.009,138613.594,6.164,60.000
0.058,0.001,0.013,22.000,121458.633,0.051,60.000
0.048,0.005,0.014,21.437,105112.727,2.574,60.000
0.052,0.012,0.011,19.691,93664.305,3.262,60.000
0.051,0.003,0.011,22.865,69244.023,2.906,60.000
0.049,0.026,0.012,20.339,162842.375,6.336,60.000
0.051,0.005,0.013,21.669,96740.820,3.782,60.000
0.055,0.001,0.011,27.222,22605.945,1.123,60.000
0.044,0.001,0.016,21.763,85128.883,-0.521,60.000
0.042,0.000,0.015,24.664,-46769.484,-1.002,60.000
0.052,0.002,0.005,21.312,116053.211,0.411,60.000
0.046,0.001,0.013,25.827,107987.570,1.943,60.000
0.052,0.026,0.012,19.152,132390.969,4.849,60.000
0.042,0.000,0.017,26.258,-30804.875,0.144,60.000
0.051,0.013,0.013,22.455,133712.844,4.547,60.000
0.046,0.001,0.011,23.276,101064.898,1.385,60.000
0.051,0.001,0.010,25.144,56544.945,1.185,60.000
0.049,0.008,0.012,21.385,166050.719,5.681,60.000
0.052,0.015,0.012,20.535,100565.477,4.742,60.000
0.052,0.009,0.012,20.434,104999.898,4.634,60.000
0.048,0.000,0.020,20.019,113732.992,2.056,60.000
0.048,0.001,0.012,27.457,45102.805,1.223,60.000
0.048,0.026,0.013,19.914,156939.938,4.884,60.000
0.049,0.007,0.012,21.961,160857.969,5.664,60.000
0.052,0.006,0.012,20.866,97442.555,3.872,60.000
0.049,0.012,0.012,20.654,144425.000,4.163,60.000
0.050,0.007,0.010,20.221,151694.219,3.059,60.000
0.056,0.001,0.017,20.645,99460.508,0.499,60.000
0.052,0.007,0.011,19.426,139500.594,3.462,60.000
0.057,0.000,0.006,19.571,27285.648,-1.842,60.000
0.049,0.004,0.015,21.100,122615.195,2.541,60.000
0.050,0.025,0.011,20.311,132859.125,6.402,60.000
0.048,0.009,0.012,21.368,151610.844,4.383,60.000
0.048,0.019,0.011,20.175,126863.789,6.443,60.000
0.051,0.000,0.022,19.901,25230.750,-0.101,60.000
0.052,0.002,0.011,23.183,57511.414,2.955,60.000
0.054,0.000,0.019,24.367,12241.445,0.350,60.000
0.051,0.004,0.009,22.675,76656.852,1.017,60.000
0.043,0.001,0.007,21.915,86500.023,0.537,60.000
0.040,0.001,0.014,19.682,48752.977,-1.261,60.000
0.050,0.019,0.011,19.581,116515.617,6.216,60.000
0.049,0.013,0.011,20.763,107781.195,4.477,60.000
0.049,0.020,0.011,19.871,118279.242,6.588,60.000
0.057,0.001,0.010,24.690,22571.531,0.060,60.000
0.039,0.001,0.010,21.938,56866.586,-0.169,60.000
0.050,0.005,0.012,22.272,104770.070,4.267,60.000
0.044,0.000,0.010,29.189,-5991.992,1.891,60.000
0.050,0.010,0.012,20.285,137613.188,4.763,60.000
0.052,0.001,0.017,23.992,108914.352,2.056,60.000
0.053,0.002,0.018,22.088,97068.289,1.785,60.000
0.049,0.026,0.010,22.372,139642.938,6.353,60.000
0.049,0.017,0.011,20.309,127017.508,6.594,60.000
0.052,0.001,0.017,23.079,97907.242,1.886,60.000
0.049,0.005,0.011,21.020,144292.875,3.761,60.000
0.048,0.006,0.013,21.382,123529.117,3.336,60.000
0.051,0.016,0.011,19.489,98343.836,6.237,60.000
0.058,0.001,0.005,19.145,137811.062,0.111,60.000
0.051,0.024,0.010,20.593,106398.883,5.650,60.000
0.051,0.014,0.012,21.397,126439.977,4.541,60.000
0.049,0.013,0.010,20.779,82404.602,4.556,60.000
0.050,0.015,0.012,20.334,134929.812,5.400,60.000
0.053,0.002,0.011,23.332,51324.664,2.571,60.000
0.046,0.001,0.016,22.352,157273.688,1.579,60.000
0.049,0.020,0.014,19.641,137913.031,6.774,60.000
0.052,0.001,0.006,23.069,101940.586,0.190,60.000
0.052,0.027,0.011,22.768,216038.938,7.899,60.000
0.051,0.002,0.010,23.696,49436.648,2.282,60.000
0.050,0.000,0.019,24.852,31515.086,0.448,60.000
0.047,0.001,0.007,22.895,100832.430,0.730,60.000
0.042,0.001,0.008,22.158,91111.492,0.361,60.000
0.051,0.009,0.012,21.173,133313.281,5.537,60.000
0.058,0.001,0.013,21.604,122102.570,-0.106,60.000
0.048,0.021,0.012,20.416,134251.500,6.039,60.000
0.052,0.023,0.011,20.221,105617.211,5.668,60.000
0.052,0.001,0.015,25.665,72565.305,1.031,60.000
0.051,0.008,0.012,21.601,150066.375,5.651,60.000
0.044,0.001,0.005,23.471,1974.906,0.318,60.000
0.052,0.009,0.010,18.611,119160.023,3.243,60.000
0.044,0.000,0.015,28.386,-96813.375,-2.974,60.000
0.052,0.001,0.010,26.136,43732.273,0.795,60.000
0.041,0.001,0.013,22.650,-18851.148,-3.727,60.000
0.051,0.014,0.013,21.725,127798.211,4.792,60.000
0.051,0.005,0.013,21.168,92860.539,2.897,60.000
0.055,0.001,0.021,21.180,32726.742,-0.730,60.000
0.049,0.019,0.013,19.742,137136.188,6.533,60.000
0.051,0.013,0.012,20.656,125563.680,4.582,60.000
0.098,0.013,0.012,20.114,114118.742,4.748,60.000
0.049,0.001,0.021,21.674,129561.023,1.695,60.000
0.042,0.000,0.018,17.370,2790.375,-0.192,60.000
0.058,0.001,0.012,21.010,128921.180,0.024,60.000
0.056,0.001,0.018,19.867,96941.961,0.345,60.000
0.045,0.001,0.012,25.085,87242.320,1.233,60.000
0.050,0.013,0.014,23.359,149754.156,3.941,60.000
0.001,0.013,0.011,18.940,35766.383,6.766,60.000
0.048,0.001,0.007,26.591,65212.055,0.685,60.000
0.043,0.001,0.005,22.239,66770.664,1.749,60.000
0.050,0.002,0.016,23.189,123679.977,1.968,60.000
0.056,0.001,0.005,21.166,97430.508,-0.013,60.000
0.047,0.002,0.015,21.884,163140.219,2.136,60.000
0.042,0.001,0.006,22.085,42736.164,1.234,60.000
0.045,0.000,0.005,22.931,21405.477,-0.385,60.000
0.051,0.025,0.013,19.976,152694.281,5.661,60.000
0.047,0.000,0.020,20.138,30050.570,1.432,60.000
0.049,0.023,0.014,20.567,153961.219,5.644,60.000
0.049,0.000,0.020,20.236,114890.289,1.996,60.000
0.055,0.001,0.011,23.725,71767.008,1.255,60.000
0.050,0.000,0.020,22.491,28791.695,-0.586,60.000
0.049,0.017,0.013,20.043,127376.383,6.669,60.000
0.053,0.001,0.015,23.593,94035.305,1.082,60.000
0.049,0.026,0.014,19.875,180536.062,5.760,60.000
0.052,0.011,0.013,20.304,95905.430,3.891,60.000
0.047,0.001,0.012,23.953,102840.398,2.095,60.000
0.053,0.000,0.007,25.029,-5260.352,0.269,60.000
0.051,0.003,0.013,23.182,88434.289,3.178,60.000
0.049,0.015,0.010,19.694,101969.461,5.915,60.000
0.049,0.015,0.012,20.900,131350.062,5.528,60.000
0.041,0.000,0.008,21.742,-15709.570,-1.162,60.000
0.050,0.023,0.014,20.489,148917.469,5.885,60.000
0.050,0.023,0.013,20.433,153999.531,5.618,60.000
0.043,0.001,0.019,20.956,33579.477,-0.965,60.000
0.041,0.001,0.017,18.891,93503.055,-0.396,60.000
0.047,0.001,0.022,21.159,132491.312,1.524,60.000
0.052,0.020,0.012,19.652,110264.148,5.918,60.000
0.058,0.001,0.007,24.614,110351.930,0.118,60.000
0.050,0.017,0.013,19.871,125264.898,6.719,60.000
0.050,0.021,0.013,20.535,126407.133,6.240,60.000
0.045,0.001,0.008,25.568,48543.477,0.163,60.000
0.049,0.024,0.013,20.041,165916.969,5.603,60.000
0.047,0.000,0.018,24.159,-21182.547,-1.607,60.000
0.051,0.001,0.002,19.587,111964.039,0.347,60.000
0.046,0.001,0.020,20.477,127366.039,1.310,60.000
0.052,0.005,0.013,20.206,86404.492,2.567,60.000
0.050,0.017,0.012,19.284,112042.461,6.252,60.000
0.050,0.017,0.014,20.304,140763.219,7.259,60.000
0.051,0.018,0.013,20.522,108364.742,6.655,60.000
0.049,0.013,0.014,21.894,161421.094,4.687,60.000
0.051,0.000,0.007,27.102,9342.531,0.820,60.000
0.057,0.000,0.014,25.787,65196.539,2.228,60.000
0.041,0.000,0.010,21.824,-50232.145,-1.383,60.000
0.054,0.000,0.010,26.120,23163.688,1.929,60.000
0.051,0.004,0.012,21.890,102978.898,3.735,60.000
0.058,0.000,0.007,24.797,-25255.086,1.684,60.000
0.051,0.001,0.011,26.447,39208.586,2.073,60.000
0.048,0.020,0.013,20.363,143901.000,5.975,60.000
0.050,0.008,0.009,20.872,125284.805,2.566,60.000
0.052,0.001,0.013,27.742,88816.352,2.206,60.000
0.051,0.002,0.018,22.775,112102.664,2.119,60.000
0.051,0.013,0.013,21.971,136194.312,4.731,60.000
0.051,0.009,0.015,20.605,106640.211,3.177,60.000
0.048,0.019,0.010,19.895,124771.648,6.666,60.000
0.048,0.001,0.016,22.484,153872.156,1.858,60.000
0.051,0.024,0.011,19.951,127763.227,5.705,60.000
0.049,0.004,0.014,21.470,110764.930,2.644,60.000
0.049,0.005,0.011,20.585,137422.656,3.063,60.000
0.053,0.000,0.015,29.886,-4023.578,0.086,60.000
0.052,0.022,0.012,20.075,125354.461,5.538,60.000
0.051,0.018,0.012,20.028,105210.664,6.414,60.000
0.045,0.001,0.009,25.971,56332.305,-0.171,60.000
0.057,0.001,0.014,26.034,88985.414,-0.228,60.000
0.052,0.002,0.019,22.567,105804.727,2.206,60.000
0.048,0.001,0.006,25.549,28367.164,0.160,60.000
0.046,0.001,0.004,21.198,88929.289,0.926,60.000
0.057,0.000,0.011,26.762,-12322.828,0.797,60.000
0.050,0.016,0.010,19.709,96327.070,5.957,60.000
0.050,0.009,0.011,20.871,146678.875,4.541,60.000
0.051,0.023,0.011,20.168,112504.680,5.712,60.000
0.051,0.007,0.013,21.294,91073.289,3.645,60.000
0.050,0.002,0.009,24.555,67033.492,0.924,60.000
0.002,0.012,0.011,18.373,32802.305,6.736,60.000
0.049,0.008,0.012,21.594,171387.688,5.297,60.000
0.050,0.009,0.013,20.283,126463.367,5.118,60.000
0.048,0.024,0.014,20.169,166595.125,5.612,60.000
0.048,0.014,0.010,20.625,89388.289,5.422,60.000
0.056,0.001,0.004,21.223,70900.023,-0.439,60.000
0.056,0.002,0.010,21.197,86707.977,0.260,60.000
0.049,0.000,0.006,24.170,-5528.117,0.204,60.000
0.052,0.016,0.012,20.045,103344.633,5.896,60.000
0.053,0.001,0.007,23.068,102202.117,0.701,60.000
0.050,0.007,0.011,20.709,167644.156,4.126,60.000
0.052,0.001,0.002,20.761,87815.883,-0.124,60.000
0.050,0.002,0.010,24.254,57762.508,1.054,60.000
0.000,0.013,0.011,23.075,-42388.410,3.784,60.000
0.048,0.007,0.011,22.157,152540.000,3.968,60.000
0.056,0.001,0.018,21.388,100362.320,0.525,60.000
0.049,0.022,0.012,20.314,141084.594,5.850,60.000
0.054,0.001,0.015,24.211,96160.758,1.112,60.000
0.051,0.008,0.011,19.829,146605.750,4.038,60.000
0.052,0.021,0.011,19.477,116628.570,5.700,60.000
0.050,0.023,0.011,20.226,133690.781,6.182,60.000
0.048,0.000,0.018,25.315,8012.555,-1.023,60.000
0.051,0.000,0.018,25.902,-35659.133,-2.230,60.000
0.041,0.000,0.015,21.458,3915.234,1.062,60.000
0.039,0.000,0.011,21.274,39144.836,-0.933,60.000
0.051,0.001,0.015,27.573,80031.992,1.156,60.000
0.051,0.012,0.014,22.543,138357.219,3.984,60.000
0.049,0.002,0.007,23.432,100207.977,0.981,60.000
0.055,0.001,0.018,20.775,94873.695,0.795,60.000
0.052,0.019,0.012,19.531,100412.586,5.888,60.000
0.052,0.003,0.010,22.532,53517.273,2.416,60.000
0.047,0.001,0.012,25.717,86371.539,1.548,60.000
0.049,0.021,0.011,20.143,124453.320,6.475,60.000
0.049,0.020,0.011,19.700,116010.539,6.489,60.000
0.044,0.001,0.018,18.784,127268.758,0.516,60.000
0.051,0.021,0.013,20.274,108240.867,6.147,60.000
0.053,0.000,0.005,22.860,15829.906,-0.176,60.000
0.056,0.001,0.013,26.696,61540.289,0.824,60.000
0.048,0.001,0.018,23.937,135590.500,1.321,60.000
0.050,0.012,0.010,20.063,82653.336,4.411,60.000
0.050,0.017,0.013,20.402,122655.383,6.983,60.000
0.049,0.011,0.013,20.409,144306.594,4.314,60.000
0.051,0.005,0.015,19.925,101123.320,2.298,60.000
0.051,0.007,0.014,20.198,91582.352,2.813,60.000
0.044,0.001,0.015,19.930,144411.344,0.983,60.000
0.051,0.025,0.013,19.877,164699.906,5.555,60.000
0.042,0.001,0.011,22.151,86311.117,-0.355,60.000
0.055,0.001,0.009,25.027,78855.445,0.361,60.000
0.052,0.001,0.017,23.088,100579.398,1.736,60.000
0.041,0.001,0.009,23.138,91527.445,0.418,60.000
0.056,0.002,0.009,23.151,84483.680,0.117,60.000
0.002,0.014,0.012,19.436,68216.523,6.230,60.000
0.052,0.000,0.004,21.059,38146.695,-0.595,60.000
0.053,0.001,0.008,25.553,11543.000,-0.546,60.000
0.052,0.008,0.012,20.953,101577.102,4.590,60.000
0.050,0.002,0.007,23.343,100343.555,0.617,60.000
0.048,0.009,0.014,21.154,128076.430,3.949,60.000
0.048,0.019,0.012,20.472,137595.406,6.013,60.000
0.049,0.003,0.012,23.848,104200.992,3.400,60.000
0.048,0.027,0.011,21.587,204242.688,6.461,60.000
0.052,0.003,0.013,22.966,85697.336,2.953,60.000
0.047,0.000,0.007,27.201,-23686.781,-0.779,60.000
0.056,0.001,0.012,24.107,115402.914,0.950,60.000
0.056,0.001,0.009,23.313,86202.289,0.455,60.000
0.051,0.021,0.010,19.005,96899.430,6.032,60.000
0.041,0.001,0.012,22.529,11816.516,-2.369,60.000
0.059,0.001,0.014,21.909,121345.570,-0.174,60.000
0.052,0.022,0.010,19.261,95632.680,5.703,60.000
0.048,0.014,0.012,21.059,123932.023,5.225,60.000
0.050,0.023,0.010,20.311,113416.742,6.150,60.000
0.052,0.026,0.011,20.254,122181.523,5.533,60.000
0.047,0.001,0.014,27.405,144430.438,2.059,60.000
0.050,0.001,0.014,27.825,113161.883,1.612,60.000
0.048,0.002,0.005,22.282,103353.164,0.659,60.000
0.050,0.000,0.016,28.421,-44512.812,-1.689,60.000
0.053,0.000,0.011,32.387,-8210.992,0.801,60.000
0.047,0.001,0.021,22.081,12665.148,-0.147,60.000
0.050,0.019,0.011,19.767,119205.133,6.338,60.000
0.050,0.000,0.010,29.990,335.953,-0.555,60.000
0.049,0.015,0.013,20.895,155749.531,5.916,60.000
0.047,0.001,0.015,30.194,45332.242,0.318,60.000
0.048,0.019,0.011,20.295,129688.570,6.305,60.000
0.049,0.026,0.014,19.497,161898.875,4.819,60.000
0.044,0.002,0.008,21.793,91801.523,0.535,60.000
0.047,0.000,0.013,29.839,-4431.367,-0.091,60.000
0.053,0.001,0.010,26.704,51565.586,1.455,60.000
0.052,0.025,0.012,19.673,139200.750,5.579,60.000
0.051,0.021,0.011,19.050,91642.414,5.690,60.000
0.056,0.002,0.011,20.800,108724.195,1.087,60.000
0.003,0.012,0.011,18.272,26164.352,6.874,60.000
0.050,0.001,0.005,21.008,116866.570,0.469,60.000
0.051,0.008,0.014,20.030,82563.805,3.247,60.000
0.044,0.001,0.019,19.841,119292.461,0.557,60.000
0.098,0.012,0.010,19.157,97519.289,4.769,60.000
0.045,0.001,0.017,22.194,73528.742,-0.701,60.000
0.049,0.025,0.013,20.120,169064.844,5.629,60.000
0.058,0.001,0.017,24.601,18048.633,-1.223,60.000
0.049,0.016,0.013,20.047,143015.375,6.534,60.000
0.047,0.001,0.004,23.071,19002.344,0.571,60.000
0.051,0.001,0.007,25.220,98075.617,0.645,60.000
0.056,0.001,0.015,21.676,98392.883,0.532,60.000
0.053,0.001,0.020,20.831,106524.742,1.903,60.000
0.056,0.000,0.006,23.870,1856.516,1.569,60.000
0.049,0.016,0.011,20.359,116310.914,6.423,60.000
0.050,0.003,0.010,22.532,67770.648,1.886,60.000
0.060,0.001,0.010,17.764,128722.945,-0.027,60.000
0.099,0.012,0.013,20.917,121127.008,4.255,60.000
0.051,0.000,0.021,20.430,87852.133,1.170,60.000
0.049,0.017,0.014,20.422,148067.844,6.839,60.000
0.053,0.000,0.019,19.907,-46913.750,-1.114,60.000
0.049,0.011,0.013,20.692,144307.906,4.124,60.000
0.051,0.009,0.011,20.178,138927.625,4.394,60.000
0.059,0.001,0.017,21.088,108685.383,0.049,60.000
0.056,0.002,0.013,22.449,112555.461,0.494,60.000
0.051,0.017,0.013,20.585,112667.555,6.974,60.000
0.056,0.001,0.018,21.162,99081.117,0.374,60.000
0.050,0.026,0.013,19.718,185408.062,5.753,60.000
0.098,0.013,0.012,19.217,112415.508,5.157,60.000
0.051,0.008,0.012,21.293,136774.938,5.321,60.000
0.050,0.010,0.014,21.191,140103.688,4.346,60.000
0.051,0.026,0.012,19.636,142798.969,4.655,60.000
0.050,0.013,0.013,22.405,152627.875,4.409,60.000
0.052,0.009,0.014,19.568,77051.758,3.213,60.000
0.057,0.001,0.007,22.321,50367.539,-0.306,60.000
0.049,0.008,0.012,21.614,163320.906,4.923,60.000
0.052,0.015,0.011,20.115,84614.836,5.783,60.000
0.055,0.001,0.017,23.335,97714.477,0.772,60.000
0.047,0.001,0.010,24.644,89900.523,0.974,60.000
0.050,0.011,0.013,21.197,147800.156,4.573,60.000
0.048,0.021,0.011,20.363,125738.148,6.456,60.000
0.049,0.007,0.012,22.193,165467.594,5.403,60.000
0.048,0.016,0.010,20.502,125958.586,6.578,60.000
0.052,0.000,0.002,24.857,-28545.828,-0.539,60.000
0.049,0.014,0.012,20.519,151949.125,5.152,60.000
0.049,0.025,0.011,21.452,141687.562,6.729,60.000
0.050,0.009,0.012,20.988,150228.469,5.226,60.000
0.053,0.000,0.011,28.823,-49915.090,0.388,60.000
0.041,0.000,0.009,23.342,-48082.379,0.305,60.000
0.059,0.001,0.012,19.693,137862.625,-0.250,60.000
0.050,0.014,0.010,20.211,76739.117,5.359,60.000
0.045,0.000,0.017,21.908,14891.914,-1.272,60.000
0.043,0.001,0.007,20.933,86891.742,0.321,60.000
0.047,0.000,0.021,21.071,3784.844,-0.723,60.000
0.051,0.001,0.008,24.485,91254.992,0.746,60.000
0.044,0.001,0.006,24.417,290.320,0.300,60.000
0.050,0.001,0.002,22.259,45211.242,0.057,60.000
0.049,0.008,0.010,21.333,132235.781,2.877,60.000
0.050,0.024,0.013,20.120,165643.938,5.621,60.000
0.045,0.000,0.020,20.612,7250.531,-0.790,60.000
0.053,0.000,0.012,31.548,-5038.219,1.147,60.000
0.049,0.015,0.012,20.741,131320.094,5.827,60.000
0.050,0.002,0.010,24.438,54608.305,0.938,60.000
0.048,0.000,0.005,24.281,6248.695,0.251,60.000
0.049,0.002,0.005,22.361,104433.586,0.670,60.000
0.050,0.003,0.013,23.929,88836.836,2.982,60.000
0.046,0.000,0.004,22.283,10577.445,-0.430,60.000
0.044,0.002,0.009,22.080,104456.773,0.598,60.000
0.051,0.024,0.012,19.967,138662.125,5.827,60.000
0.046,0.000,0.020,20.100,17944.188,-0.273,60.000
0.054,0.001,0.020,20.306,112027.414,1.724,60.000
0.055,0.001,0.010,23.363,72826.195,1.081,60.000
0.050,0.006,0.011,20.028,138716.875,3.022,60.000
0.042,0.001,0.005,21.644,92268.867,2.264,60.000
0.050,0.001,0.015,25.150,132047.875,1.638,60.000
0.049,0.011,0.012,20.493,134694.625,4.240,60.000
0.044,0.000,0.018,21.522,12365.719,-1.310,60.000
0.056,0.001,0.008,22.963,13813.344,-0.568,60.000
0.054,0.001,0.018,23.502,95096.477,1.203,60.000
0.049,0.001,0.022,22.253,73846.508,0.932,60.000
0.046,0.001,0.014,26.225,123138.180,2.190,60.000
0.040,0.001,0.013,18.827,58893.070,-1.490,60.000
0.052,0.025,0.011,20.422,114658.617,5.707,60.000
0.059,0.001,0.011,20.097,137470.094,-0.019,60.000
0.043,0.001,0.019,19.689,115224.430,0.224,60.000
0.041,0.000,0.014,23.097,-30691.180,-3.830,60.000
0.048,0.020,0.011,20.146,124464.398,6.305,60.000
0.046,0.002,0.018,20.134,137869.469,1.394,60.000
0.051,0.025,0.011,20.196,122769.508,5.878,60.000
0.058,0.001,0.005,19.497,142411.812,0.047,60.000
0.051,0.016,0.013,21.181,129328.289,6.358,60.000
0.052,0.016,0.011,19.868,101106.180,5.686,60.000
0.052,0.002,0.013,24.453,88834.289,2.355,60.000
0.049,0.022,0.010,20.779,130200.492,6.962,60.000
0.099,0.012,0.011,19.506,101591.023,4.828,60.000
0.052,0.013,0.012,21.386,115916.789,4.021,60.000
0.051,0.019,0.011,19.583,113912.695,6.090,60.000
0.048,0.013,0.013,21.237,143640.438,4.510,60.000
0.051,0.013,0.011,19.903,98785.336,3.944,60.000
0.051,0.006,0.010,19.265,129560.992,2.171,60.000
0.050,0.022,0.010,19.831,108315.523,6.021,60.000
0.051,0.021,0.013,20.426,112662.695,6.194,60.000
0.048,0.001,0.020,20.822,128306.773,1.305,60.000
0.059,0.001,0.007,23.211,127460.961,0.475,60.000
0.047,0.002,0.008,23.137,99555.070,0.908,60.000
0.053,0.001,0.020,21.328,113996.680,1.944,60.000
0.048,0.020,0.014,19.665,135543.062,6.094,60.000
0.052,0.004,0.013,20.928,85534.570,3.092,60.000
0.048,0.003,0.011,22.154,100790.555,2.139,60.000
0.041,0.001,0.007,22.341,23398.359,-0.343,60.000
0.056,0.002,0.007,22.351,105767.180,-0.074,60.000
0.052,0.000,0.011,31.561,-26826.992,0.053,60.000
0.052,0.010,0.012,19.773,104349.102,4.306,60.000
0.098,0.013,0.011,19.136,101387.133,5.313,60.000
0.047,0.002,0.015,23.639,159359.969,2.409,60.000
0.049,0.002,0.015,23.332,139541.844,2.105,60.000
0.048,0.014,0.013,20.921,148484.031,5.233,60.000
0.047,0.001,0.015,28.948,52203.727,0.167,60.000
0.046,0.001,0.003,21.902,64160.242,0.808,60.000
0.057,0.001,0.011,21.106,118334.977,1.055,60.000
0.050,0.022,0.014,20.094,127379.633,6.231,60.000
0.053,0.001,0.019,22.100,103769.727,1.816,60.000
0.049,0.016,0.010,20.223,114683.852,6.310,60.000
0.053,0.001,0.009,26.229,50667.148,0.318,60.000
0.058,0.001,0.013,24.915,87989.430,-0.165,60.000
0.049,0.001,0.019,21.829,133215.594,1.864,60.000
0.051,0.014,0.011,20.540,76769.227,5.230,60.000
0.048,0.006,0.013,21.616,114715.242,2.868,60.000
0.050,0.001,0.013,28.395,110016.273,2.087,60.000
0.052,0.007,0.011,19.632,127364.977,3.635,60.000
0.053,0.000,0.011,26.704,-21160.320,2.530,60.000
0.048,0.025,0.010,22.220,144247.469,6.805,60.000
0.044,0.001,0.019,19.381,118693.430,0.633,60.000
0.058,0.001,0.014,22.340,121274.227,0.099,60.000
0.050,0.002,0.008,24.221,86528.039,0.640,60.000
0.046,0.001,0.008,23.025,101888.445,0.903,60.000
0.042,0.000,0.007,21.209,15536.617,0.214,60.000
0.057,0.001,0.004,19.313,138487.250,0.396,60.000
0.052,0.014,0.011,20.060,92178.102,4.136,60.000
0.051,0.022,0.011,19.881,107156.680,5.960,60.000
0.048,0.000,0.017,27.093,-48095.797,-2.310,60.000
0.050,0.005,0.013,22.063,102639.789,3.485,60.000
0.050,0.014,0.013,21.733,146061.594,5.154,60.000
0.057,0.000,0.017,21.224,73239.492,0.639,60.000
0.048,0.023,0.012,20.454,141269.000,6.036,60.000
0.052,0.008,0.014,19.899,82597.867,3.360,60.000
0.050,0.024,0.011,20.315,131239.188,6.338,60.000
0.049,0.026,0.010,22.029,136147.844,6.311,60.000
0.050,0.001,0.013,31.765,-27194.438,0.653,60.000
0.048,0.000,0.014,29.815,17727.828,0.116,60.000
0.052,0.022,0.012,19.951,120817.961,5.549,60.000
0.054,0.000,0.014,27.142,73237.930,2.265,60.000
0.048,0.006,0.014,21.329,103184.727,2.764,60.000
0.052,0.021,0.013,20.108,97977.242,6.315,60.000
0.049,0.001,0.018,21.923,136736.500,1.880,60.000
0.043,0.001,0.019,18.594,111801.992,0.211,60.000
0.100,0.012,0.013,23.210,-88498.594,11.498,60.000
0.050,0.024,0.012,20.080,143777.656,6.095,60.000
0.048,0.019,0.013,20.059,134556.219,6.153,60.000
0.056,0.001,0.006,20.910,123094.352,-0.116,60.000
0.048,0.001,0.003,20.957,97538.742,0.817,60.000
0.048,0.014,0.014,20.974,159151.188,5.348,60.000
0.056,0.000,0.017,23.519,12147.398,-0.819,60.000
0.044,0.000,0.013,28.120,51937.508,-0.148,60.000
0.049,0.002,0.014,23.499,124775.492,2.669,60.000
0.099,0.013,0.012,21.054,107135.898,5.024,60.000
0.049,0.005,0.015,20.922,110355.602,2.556,60.000
0.056,0.001,0.010,22.006,84874.148,0.353,60.000
0.053,0.001,0.003,20.731,106104.430,0.219,60.000
0.050,0.013,0.013,21.574,137331.531,4.273,60.000
0.000,0.011,0.011,20.673,-13873.109,11.398,60.000
0.055,0.001,0.007,25.193,68143.461,0.069,60.000
0.050,0.000,0.018,26.446,10672.328,-0.401,60.000
0.052,0.021,0.013,20.192,100252.664,6.136,60.000
0.050,0.017,0.012,19.504,110144.180,6.339,60.000
0.048,0.021,0.011,20.673,131825.500,6.436,60.000
0.049,0.005,0.010,22.726,97880.352,1.329,60.000
0.043,0.000,0.016,24.684,71141.617,0.913,60.000
0.049,0.000,0.014,33.560,-7439.594,1.400,60.000
0.052,0.016,0.013,21.012,119705.789,6.266,60.000
0.049,0.000,0.014,31.078,44879.383,0.888,60.000
0.039,0.001,0.012,22.161,-19312.109,-2.791,60.000
0.050,0.020,0.013,20.302,131307.094,6.354,60.000
0.054,0.001,0.003,19.332,119001.617,-0.005,60.000
0.049,0.017,0.011,20.099,126455.695,6.553,60.000
0.059,0.001,0.005,19.529,151690.125,0.232,60.000
0.056,0.000,0.004,19.916,49255.789,0.042,60.000
0.048,0.022,0.012,20.499,140652.188,6.185,60.000
0.050,0.023,0.012,20.107,151936.031,5.533,60.000
0.050,0.015,0.014,21.717,163100.125,5.847,60.000
0.044,0.002,0.016,18.430,145533.562,0.646,60.000
0.051,0.008,0.013,20.689,107831.148,4.489,60.000
0.059,0.000,0.014,23.758,19249.125,2.454,60.000
0.052,0.002,0.010,24.729,53440.961,1.186,60.000
0.048,0.022,0.012,20.511,140121.906,6.175,60.000
0.045,0.000,0.019,22.040,21200.680,-0.366,60.000
0.052,0.010,0.010,18.329,103447.102,3.198,60.000
0.049,0.000,0.019,21.899,14269.531,-0.855,60.000
0.046,0.001,0.021,21.225,124975.602,1.187,60.000
0.050,0.007,0.015,19.981,97692.273,2.746,60.000
0.098,0.011,0.012,19.910,129304.336,5.069,60.000
0.048,0.019,0.013,19.872,139774.812,6.096,60.000
0.056,0.000,0.006,22.946,-19776.828,0.122,60.000
0.050,0.020,0.014,19.823,135239.594,6.878,60.000
0.058,0.001,0.010,20.356,119095.461,0.523,60.000
0.058,0.001,0.013,24.183,112114.367,-0.048,60.000
0.050,0.027,0.014,21.259,106418.602,6.749,60.000
0.002,0.012,0.013,19.914,61096.430,5.725,60.000
0.050,0.001,0.011,25.542,54217.867,1.956,60.000
0.048,0.003,0.011,21.988,100107.883,2.033,60.000
0.051,0.006,0.013,21.755,101947.961,3.961,60.000
0.047,0.001,0.019,20.448,134259.250,1.354,60.000
0.049,0.027,0.010,20.061,63492.742,3.538,60.000
0.046,0.001,0.014,24.655,142693.656,2.278,60.000
0.051,0.025,0.012,19.600,156589.844,5.427,60.000
0.051,0.001,0.015,27.906,42560.211,0.702,60.000
0.056,0.001,0.019,19.886,98370.461,0.800,60.000
0.057,0.001,0.013,22.292,118893.055,0.343,60.000
0.045,0.001,0.017,19.146,147929.594,1.132,60.000
0.044,0.000,0.011,24.950,59184.648,-0.760,60.000
0.051,0.016,0.011,20.079,93937.695,6.200,60.000
0.043,0.001,0.015,20.310,108539.430,0.272,60.000
0.045,0.001,0.009,24.495,103968.758,0.587,60.000
0.051,0.023,0.012,20.053,144447.906,5.428,60.000
0.052,0.015,0.011,20.071,94607.367,5.789,60.000
0.051,0.012,0.013,22.001,125317.680,3.985,60.000
0.052,0.000,0.022,20.107,38315.977,-0.174,60.000
0.057,0.000,0.018,18.868,8315.352,0.228,60.000
0.051,0.015,0.010,19.775,92587.461,5.978,60.000
0.050,0.015,0.014,22.387,157448.969,5.638,60.000
0.049,0.003,0.012,23.029,110369.508,3.270,60.000
0.051,0.008,0.014,19.783,82948.352,2.977,60.000
0.098,0.013,0.012,19.616,113033.820,5.359,60.000
0.052,0.001,0.015,23.427,103034.570,1.377,60.000
0.050,0.012,0.012,20.634,124603.758,4.218,60.000
0.048,0.001,0.004,23.653,-25371.570,0.134,60.000
0.043,0.001,0.015,23.559,46082.617,-1.567,60.000
0.053,0.001,0.008,24.868,89268.945,0.480,60.000
0.048,0.001,0.002,21.182,84509.680,0.305,60.000
0.046,0.001,0.006,22.553,82367.320,0.806,60.000
0.052,0.001,0.020,22.002,113369.539,1.907,60.000
0.048,0.009,0.012,21.161,156420.875,4.672,60.000
0.046,0.001,0.003,20.603,92404.539,0.954,60.000
0.053,0.001,0.012,24.069,63055.336,2.814,60.000
0.052,0.001,0.019,22.212,112806.414,1.984,60.000
0.051,0.021,0.012,19.947,119434.789,5.871,60.000
0.042,0.000,0.013,26.052,-17362.992,-2.405,60.000
0.050,0.010,0.012,20.350,133028.188,4.815,60.000
0.052,0.021,0.012,19.963,114841.367,5.822,60.000
0.055,0.000,0.019,21.157,-12939.102,-0.951,60.000
0.053,0.001,0.008,23.952,96108.992,0.541,60.000
0.053,0.001,0.020,21.097,109170.570,2.021,60.000
0.051,0.023,0.012,19.742,139812.750,5.440,60.000
0.053,0.001,0.006,24.649,87429.836,0.288,60.000
0.045,0.000,0.015,29.083,-10023.258,-0.865,60.000
0.048,0.001,0.007,26.098,53952.602,0.534,60.000
0.050,0.010,0.015,22.124,130166.164,3.457,60.000
0.056,0.002,0.011,21.107,90701.836,0.869,60.000
0.051,0.000,0.019,22.190,65136.242,0.560,60.000
0.049,0.001,0.006,22.546,104306.039,0.753,60.000
0.057,0.001,0.013,25.549,49744.164,-0.004,60.000
0.045,0.000,0.010,29.973,-16416.680,2.278,60.000
0.048,0.006,0.014,21.439,106166.883,2.864,60.000
0.051,0.017,0.013,20.752,123494.852,6.701,60.000
0.044,0.001,0.007,23.165,73470.586,0.405,60.000
0.050,0.001,0.017,23.292,130018.602,2.021,60.000
0.048,0.015,0.012,20.921,127121.695,5.816,60.000
0.048,0.023,0.012,20.582,140622.312,6.308,60.000
0.051,0.012,0.012,19.986,116091.773,3.751,60.000
0.050,0.008,0.009,20.904,128502.164,2.124,60.000
0.058,0.000,0.012,24.292,62242.070,-0.724,60.000
0.043,0.000,0.007,24.616,36599.055,1.420,60.000
0.051,0.007,0.013,21.284,100674.961,3.822,60.000
0.052,0.002,0.010,23.732,47772.789,2.403,60.000
0.054,0.001,0.005,22.145,107584.258,0.001,60.000
0.053,0.001,0.016,24.661,101169.023,1.381,60.000
0.049,0.005,0.013,22.037,104806.461,3.455,60.000
0.058,0.001,0.010,23.699,-14213.391,-0.559,60.000
0.045,0.000,0.020,19.845,40180.242,-0.013,60.000
0.049,0.023,0.011,20.920,137711.031,6.659,60.000
0.049,0.012,0.012,20.786,146725.969,4.075,60.000
0.059,0.001,0.013,22.749,124063.664,-0.376,60.000
0.051,0.013,0.012,20.655,120649.336,4.420,60.000
0.049,0.000,0.017,23.630,89478.430,1.637,60.000
0.052,0.005,0.013,19.562,87988.242,2.427,60.000
0.050,0.014,0.013,21.842,159250.062,5.611,60.000
0.049,0.005,0.012,22.340,116617.789,4.258,60.000
0.041,0.000,0.013,24.980,-58437.449,-0.564,60.000
0.053,0.000,0.008,28.204,22455.320,1.496,60.000
0.050,0.011,0.009,20.989,72343.133,3.680,60.000
0.049,0.012,0.013,21.321,154678.562,4.116,60.000
0.051,0.006,0.013,21.717,96382.867,3.566,60.000
0.051,0.005,0.011,20.735,130094.852,3.223,60.000
0.051,0.010,0.012,20.399,124592.602,5.219,60.000
0.042,0.000,0.012,27.625,-68679.203,0.059,60.000
0.048,0.017,0.012,19.884,127272.852,6.223,60.000
0.043,0.000,0.010,22.964,56681.430,-0.793,60.000
0.051,0.019,0.011,18.755,95825.320,5.691,60.000
0.047,0.000,0.022,21.892,-37358.969,-1.705,60.000
0.050,0.021,0.010,19.106,107156.977,6.105,60.000
0.001,0.012,0.011,18.356,38236.805,6.905,60.000
0.049,0.026,0.012,20.626,144216.125,6.637,60.000
0.050,0.014,0.014,22.361,159453.438,5.565,60.000
0.049,0.019,0.013,19.855,131656.719,6.520,60.000
0.051,0.026,0.012,19.532,166232.844,5.549,60.000
0.051,0.000,0.018,27.162,-1988.883,-1.816,60.000
0.048,0.000,0.012,29.190,10414.562,-0.490,60.000
0.060,0.000,0.014,21.865,105770.820,-0.282,60.000
0.051,0.025,0.014,19.943,161883.875,5.912,60.000
0.056,0.001,0.008,25.423,73316.617,0.222,60.000
0.043,0.002,0.009,22.465,115116.039,0.371,60.000
0.051,0.000,0.018,27.711,-9310.984,0.093,60.000
0.052,0.009,0.011,18.981,128746.961,3.559,60.000
0.051,0.013,0.012,20.479,119674.102,4.222,60.000
0.052,0.022,0.011,19.560,112537.133,5.648,60.000
0.049,0.013,0.014,22.194,165326.875,4.393,60.000
0.051,0.016,0.011,19.972,101377.211,6.247,60.000
0.053,0.000,0.019,20.446,84299.711,1.116,60.000
0.042,0.001,0.010,22.080,101070.398,0.220,60.000
0.051,0.001,0.018,22.820,114220.023,2.181,60.000
0.056,0.000,0.004,17.779,88053.773,-1.405,60.000
0.049,0.013,0.011,20.891,94171.977,4.687,60.000
0.052,0.002,0.011,23.457,49936.492,2.722,60.000
0.051,0.027,0.013,21.466,94906.742,4.347,60.000
0.052,0.007,0.013,20.561,85165.602,3.437,60.000
0.051,0.006,0.011,21.183,137489.875,4.573,60.000
0.052,0.006,0.012,20.802,108004.211,4.253,60.000
0.045,0.001,0.005,23.935,70891.492,0.971,60.000
0.100,0.011,0.013,14.154,145282.969,6.895,60.000
0.049,0.007,0.011,21.304,154058.344,3.476,60.000
0.047,0.001,0.006,23.122,83072.352,0.625,60.000
0.050,0.013,0.011,20.811,88158.758,4.801,60.000
0.049,0.013,0.012,20.814,123007.586,4.627,60.000
0.051,0.005,0.014,20.010,99387.711,2.557,60.000
0.051,0.007,0.011,20.965,147864.719,4.880,60.000
0.050,0.009,0.013,20.173,135725.312,5.094,60.000
0.042,0.001,0.019,20.841,2727.672,-1.830,60.000
0.055,0.001,0.017,25.696,-3168.453,-1.127,60.000
0.051,0.015,0.014,22.232,149767.906,5.717,60.000
0.048,0.001,0.014,29.050,106992.477,1.885,60.000
0.045,0.000,0.019,20.946,27745.492,-0.310,60.000
0.051,0.010,0.013,20.355,114630.242,4.652,60.000
0.044,0.001,0.017,19.619,136160.219,0.248,60.000
0.055,0.001,0.015,23.124,100161.602,0.681,60.000
0.040,0.001,0.010,22.309,58139.227,-0.095,60.000
0.056,0.001,0.015,22.911,106091.633,0.475,60.000
0.044,0.002,0.008,21.958,90554.117,0.556,60.000
0.049,0.012,0.012,20.526,150058.906,4.105,60.000
0.040,0.001,0.012,22.952,-8454.258,-2.378,60.000
0.052,0.001,0.008,24.824,87631.477,0.588,60.000
0.050,0.025,0.014,19.858,160878.719,5.915,60.000
0.042,0.001,0.008,20.911,98985.352,0.388,60.000
0.052,0.000,0.010,33.740,52133.664,3.947,60.000
0.002,0.012,0.012,19.606,49318.836,6.205,60.000
0.057,0.001,0.019,22.973,9149.523,-1.635,60.000
0.048,0.001,0.010,26.561,47347.633,0.580,60.000
0.052,0.019,0.011,18.981,109354.773,5.913,60.000
0.050,0.000,0.005,23.736,-6307.727,0.409,60.000
0.052,0.022,0.011,19.580,115907.664,5.552,60.000
0.050,0.023,0.010,20.431,115383.789,6.158,60.000
0.044,0.001,0.003,21.403,90975.711,1.355,60.000
0.054,0.002,0.010,23.181,59980.414,1.543,60.000
0.000,0.013,0.012,23.437,9954.562,12.882,60.000
0.050,0.000,0.018,24.871,20360.281,-1.859,60.000
0.052,0.001,0.018,22.578,108589.836,2.178,60.000
0.054,0.001,0.003,21.495,77898.602,-0.243,60.000
0.053,0.001,0.018,23.881,60827.570,0.708,60.000
0.052,0.000,0.003,19.957,20575.797,-1.125,60.000
0.046,0.001,0.019,23.193,28292.258,-0.452,60.000
0.049,0.016,0.010,20.232,120605.242,6.483,60.000
0.058,0.001,0.010,22.084,113272.523,0.263,60.000
0.050,0.019,0.012,19.867,126251.977,6.304,60.000
0.051,0.020,0.011,19.113,99822.758,5.869,60.000
0.041,0.000,0.011,27.106,-52617.512,0.444,60.000
0.056,0.000,0.019,21.892,-31546.891,-2.791,60.000
0.052,0.009,0.014,19.616,91618.898,3.175,60.000
0.000,0.011,0.012,18.865,5160.609,9.369,60.000
0.050,0.009,0.015,20.956,117250.055,3.213,60.000
0.051,0.026,0.011,20.651,125508.430,5.977,60.000
0.049,0.026,0.010,22.192,136807.594,6.187,60.000
0.049,0.017,0.013,19.964,141248.750,6.666,60.000
0.048,0.003,0.011,22.194,89352.273,1.534,60.000
0.040,0.001,0.017,19.687,96617.414,-0.226,60.000
0.050,0.022,0.012,20.354,147496.469,5.613,60.000
0.048,0.006,0.010,21.022,136165.688,1.789,60.000
0.050,0.021,0.013,20.453,129509.227,6.270,60.000
0.041,0.000,0.008,20.847,31922.508,-1.188,60.000
0.042,0.000,0.014,25.166,-1951.812,-2.793,60.000
0.096,0.012,0.012,19.611,114233.945,4.528,60.000
0.098,0.011,0.013,20.728,134008.062,3.961,60.000
0.048,0.009,0.012,21.252,162160.344,5.165,60.000
0.051,0.006,0.011,19.375,138026.031,3.148,60.000
0.044,0.001,0.009,24.847,48063.461,-0.338,60.000
0.049,0.020,0.012,20.445,126566.508,5.999,60.000
0.059,0.001,0.009,21.184,120775.258,0.228,60.000
0.050,0.013,0.011,20.272,83976.617,4.429,60.000
0.051,0.021,0.011,19.491,114416.727,5.767,60.000
0.050,0.005,0.012,22.108,120255.992,4.049,60.000
0.049,0.009,0.011,20.949,144627.531,4.352,60.000
0.098,0.012,0.013,20.415,127636.742,3.973,60.000
0.044,0.001,0.007,21.547,85329.133,0.472,60.000
0.049,0.023,0.014,20.615,161348.531,5.643,60.000
0.048,0.001,0.012,27.701,41434.195,1.095,60.000
0.046,0.000,0.009,28.730,-6084.125,2.186,60.000
0.043,0.001,0.019,19.081,113589.180,0.348,60.000
0.053,0.000,0.005,23.463,7014.516,-0.131,60.000
0.056,0.001,0.016,23.563,57352.336,-0.079,60.000
0.044,0.001,0.008,22.321,100075.602,0.684,60.000
0.052,0.002,0.006,21.271,111413.273,0.213,60.000
0.056,0.000,0.015,27.682,50017.148,1.767,60.000
0.049,0.011,0.014,22.385,152537.406,4.034,60.000
0.050,0.004,0.011,21.617,103826.820,3.129,60.000
0.045,0.000,0.011,31.918,-20235.617,2.353,60.000
0.042,0.000,0.015,23.897,-36628.961,-1.366,60.000
0.058,0.001,0.011,19.670,137052.250,0.490,60.000
0.051,0.007,0.011,20.808,162817.438,4.735,60.000
0.051,0.027,0.012,21.363,105752.633,4.566,60.000
0.043,0.002,0.014,20.523,103266.695,0.971,60.000
0.045,0.001,0.014,25.014,123052.008,1.422,60.000
0.050,0.020,0.012,20.395,132404.344,5.948,60.000
0.049,0.000,0.023,22.703,-14952.109,-1.245,60.000
0.048,0.001,0.018,24.304,-1822.000,-0.573,60.000
0.051,0.001,0.018,24.509,111266.352,2.034,60.000
0.051,0.001,0.018,24.220,81582.242,1.764,60.000
0.054,0.001,0.010,26.222,25659.914,0.834,60.000
0.050,0.022,0.013,20.825,141340.125,5.850,60.000
0.049,0.004,0.012,22.199,113808.711,3.312,60.000
0.050,0.003,0.011,22.818,70522.383,2.175,60.000
0.050,0.001,0.016,24.961,127418.930,1.833,60.000
0.059,0.001,0.013,21.503,121473.148,-0.146,60.000
0.050,0.019,0.010,18.939,109995.070,5.901,60.000
0.060,0.001,0.016,22.481,96108.695,-0.628,60.000
0.046,0.001,0.008,23.155,100839.648,0.879,60.000
0.055,0.001,0.009,26.190,33343.430,0.160,60.000
0.051,0.008,0.010,19.073,140968.031,3.530,60.000
0.045,0.001,0.010,27.025,20238.992,-1.259,60.000
0.049,0.002,0.006,22.226,105679.898,0.614,60.000
0.049,0.011,0.013,20.414,146246.781,4.392,60.000
0.050,0.016,0.014,21.366,152165.062,6.087,60.000
0.050,0.022,0.012,20.046,141952.281,5.752,60.000
0.048,0.023,0.012,20.444,146126.938,6.000,60.000
0.051,0.001,0.020,22.994,116773.320,1.903,60.000
0.000,0.012,0.011,19.654,-3832.188,11.654,60.000
0.046,0.001,0.011,27.177,54880.508,0.623,60.000
0.049,0.023,0.013,20.787,157149.031,5.749,60.000
0.059,0.001,0.013,21.632,119801.445,0.035,60.000
0.048,0.000,0.002,21.121,-18571.281,-0.642,60.000
0.051,0.000,0.013,32.115,-32936.352,0.005,60.000
0.051,0.015,0.013,20.962,134027.844,5.052,60.000
0.049,0.001,0.011,26.328,43540.789,1.737,60.000
0.044,0.001,0.007,26.726,-29751.461,-0.502,60.000
0.047,0.001,0.020,21.092,132921.594,1.144,60.000
0.050,0.022,0.012,20.221,145983.844,5.624,60.000
0.050,0.023,0.010,20.773,122064.602,6.112,60.000
0.051,0.018,0.011,19.272,102782.758,6.042,60.000
0.041,0.000,0.016,22.033,-59601.875,-1.645,60.000
0.052,0.014,0.013,22.322,116647.867,4.202,60.000
0.048,0.001,0.014,27.863,141036.594,2.156,60.000
0.057,0.001,0.018,19.720,100643.773,0.196,60.000
0.058,0.001,0.009,25.458,66998.461,0.077,60.000
0.048,0.009,0.012,21.080,159639.000,4.642,60.000
0.054,0.001,0.002,21.411,-24213.531,-1.427,60.000
0.049,0.023,0.012,20.478,139739.094,6.118,60.000
0.049,0.012,0.011,20.810,120220.930,4.172,60.000
0.042,0.000,0.006,23.191,42732.820,0.225,60.000
0.051,0.015,0.013,21.282,131148.344,5.833,60.000
0.046,0.000,0.011,31.232,-78582.125,-0.119,60.000
0.043,0.001,0.009,23.467,106763.617,0.559,60.000
0.051,0.013,0.010,19.821,56625.086,5.003,60.000
0.051,0.002,0.019,22.642,112782.461,2.164,60.000
0.049,0.027,0.010,23.614,266205.719,11.614,60.000
0.056,0.001,0.013,27.562,36934.477,0.412,60.000
0.048,0.001,0.009,23.932,95984.320,0.993,60.000
0.049,0.001,0.015,23.526,143559.531,2.225,60.000
0.047,0.000,0.007,28.526,-27438.391,0.499,60.000
0.050,0.009,0.011,20.877,146975.281,4.846,60.000
0.049,0.009,0.013,20.463,141262.281,4.904,60.000
0.049,0.022,0.012,20.294,142053.344,5.805,60.000
0.050,0.018,0.011,19.553,116821.117,6.177,60.000
0.048,0.016,0.011,20.584,123644.289,6.667,60.000
0.046,0.001,0.020,20.231,122739.477,1.239,60.000
0.052,0.013,0.012,20.778,110031.727,3.760,60.000
0.045,0.000,0.006,23.849,-57727.871,-1.181,60.000
0.051,0.002,0.006,22.062,111955.367,0.442,60.000
0.050,0.005,0.015,20.380,102031.508,2.509,60.000
0.054,0.002,0.011,22.761,58937.195,2.001,60.000
0.046,0.002,0.008,23.160,100939.773,0.915,60.000
0.057,0.001,0.016,21.314,100047.055,0.426,60.000
0.040,0.000,0.012,24.860,-26589.445,0.763,60.000
0.057,0.001,0.007,21.128,133335.875,-0.115,60.000
0.052,0.005,0.013,19.197,87411.820,2.253,60.000
0.048,0.001,0.008,27.179,8781.148,-0.198,60.000
0.047,0.000,0.016,26.936,67480.195,1.420,60.000
0.039,0.000,0.012,20.539,2462.172,-0.640,60.000
0.049,0.021,0.012,20.407,140167.688,5.809,60.000
0.052,0.020,0.011,19.039,108787.867,5.707,60.000
0.048,0.012,0.011,21.522,96386.836,4.383,60.000
0.049,0.005,0.014,21.013,104746.992,2.774,60.000
0.043,0.000,0.007,24.328,7400.102,0.643,60.000
0.050,0.006,0.010,20.296,158215.281,2.860,60.000
0.052,0.019,0.013,20.745,104670.148,6.868,60.000
0.045,0.001,0.008,22.723,100788.352,0.817,60.000
0.047,0.000,0.018,22.063,100351.164,1.561,60.000
0.050,0.000,0.019,21.567,64298.836,0.748,60.000
0.052,0.001,0.003,21.491,4646.250,-0.654,60.000
0.056,0.001,0.018,22.046,58431.852,-0.039,60.000
0.045,0.001,0.011,23.195,106298.992,1.008,60.000
0.052,0.000,0.021,18.451,25995.758,-1.655,60.000
0.099,0.012,0.013,20.791,118683.945,4.470,60.000
0.050,0.021,0.011,19.774,110442.727,6.205,60.000
0.046,0.000,0.019,23.777,-29046.531,-1.408,60.000
0.049,0.011,0.012,20.309,135619.469,4.415,60.000
0.050,0.001,0.022,22.841,73397.852,1.100,60.000
0.050,0.000,0.001,19.953,26539.625,-0.846,60.000
0.048,0.006,0.013,21.685,119809.227,3.095,60.000
0.049,0.005,0.012,22.289,116732.633,4.026,60.000
0.048,0.001,0.007,24.505,101436.461,0.768,60.000
0.053,0.000,0.012,32.996,2425.906,0.164,60.000
0.051,0.002,0.015,23.439,106458.914,1.541,60.000
0.053,0.002,0.009,24.604,60539.008,0.865,60.000
0.054,0.002,0.008,23.895,84954.836,0.365,60.000
0.054,0.002,0.012,23.411,84885.008,1.949,60.000
0.050,0.018,0.014,19.999,141053.406,7.384,60.000
0.049,0.016,0.013,20.175,142509.781,6.540,60.000
0.043,0.000,0.010,23.431,68944.148,-0.766,60.000
0.053,0.002,0.006,21.861,108870.586,0.333,60.000
0.051,0.003,0.012,22.556,88466.602,3.434,60.000
0.051,0.019,0.014,20.526,128239.930,7.200,60.000
0.052,0.021,0.011,19.274,110546.961,5.678,60.000
0.044,0.000,0.018,22.239,-29427.719,-2.949,60.000
0.052,0.012,0.011,19.409,97680.102,3.152,60.000
0.048,0.026,0.012,20.640,153782.688,6.831,60.000
0.047,0.002,0.012,23.687,112546.430,2.419,60.000
0.049,0.000,0.010,28.636,28526.617,0.325,60.000
0.048,0.004,0.013,22.538,106347.742,2.882,60.000
0.050,0.009,0.015,20.986,115948.289,3.364,60.000
0.053,0.000,0.014,30.639,-80720.195,-1.046,60.000
0.050,0.014,0.013,21.303,143409.062,4.905,60.000
0.099,0.012,0.012,20.057,120143.758,5.324,60.000
0.050,0.016,0.012,20.403,129617.883,6.123,60.000
0.051,0.001,0.001,21.933,80045.055,0.045,60.000
0.049,0.020,0.012,20.471,127388.633,6.108,60.000
0.054,0.000,0.011,32.858,26389.258,0.899,60.000
0.043,0.001,0.018,19.676,119431.352,-0.229,60.000
0.056,0.002,0.015,22.791,98085.758,0.498,60.000
0.055,0.000,0.007,23.791,31614.039,0.752,60.000
0.052,0.020,0.011,18.981,108210.148,5.741,60.000
0.050,0.015,0.011,20.648,99334.227,5.799,60.000
0.044,0.000,0.013,28.419,-24559.828,-2.694,60.000
0.045,0.002,0.014,22.537,144255.969,1.957,60.000
0.052,0.022,0.011,19.332,109717.164,5.541,60.000
0.049,0.006,0.010,21.882,107392.914,1.695,60.000
0.042,0.000,0.012,27.093,-58769.012,1.462,60.000
0.052,0.025,0.012,19.684,151579.969,5.337,60.000
0.041,0.001,0.018,20.063,11583.094,-2.904,60.000
0.042,0.001,0.019,18.360,112187.711,0.155,60.000
0.047,0.001,0.013,24.878,135540.250,2.748,60.000
0.051,0.026,0.012,19.841,150519.969,6.187,60.000
0.050,0.000,0.013,34.181,38462.883,0.900,60.000
0.052,0.014,0.012,20.955,105370.945,4.292,60.000
0.051,0.022,0.012,20.175,140116.312,5.568,60.000
0.049,0.007,0.010,21.548,117424.477,1.739,60.000
0.059,0.000,0.012,22.754,55955.805,2.794,60.000
0.049,0.012,0.011,20.534,111913.789,4.094,60.000
0.049,0.001,0.005,21.529,110155.336,0.555,60.000
0.003,0.011,0.011,18.933,33633.148,6.440,60.000
0.050,0.023,0.013,20.649,153368.688,5.707,60.000
0.058,0.001,0.011,21.146,93830.914,0.166,60.000
0.043,0.000,0.014,26.470,58330.508,-0.272,60.000
0.051,0.007,0.010,19.001,149943.250,3.031,60.000
0.002,0.012,0.012,19.865,60989.461,6.090,60.000
0.052,0.002,0.017,22.972,100641.883,1.863,60.000
0.051,0.025,0.014,20.171,155968.844,5.761,60.000
0.051,0.024,0.010,20.543,105394.539,5.781,60.000
0.049,0.007,0.011,21.846,167113.844,4.139,60.000
0.050,0.003,0.013,22.624,95469.617,3.378,60.000
0.053,0.000,0.008,26.679,-13045.500,1.671,60.000
0.055,0.001,0.010,22.623,71891.367,1.174,60.000
0.058,0.000,0.009,21.553,44576.617,-1.899,60.000
0.049,0.011,0.014,23.099,147513.719,3.818,60.000
0.058,0.001,0.012,20.036,139039.531,0.041,60.000
0.049,0.000,0.017,25.789,61964.523,0.887,60.000
0.050,0.001,0.005,22.262,107936.258,0.470,60.000
0.047,0.001,0.016,24.586,150678.500,1.803,60.000
0.051,0.006,0.012,21.190,114370.586,4.388,60.000
0.051,0.005,0.013,22.045,98113.586,3.793,60.000
0.056,0.001,0.011,21.485,104047.055,1.204,60.000
0.051,0.001,0.015,23.521,122675.758,1.673,60.000
0.052,0.012,0.013,21.841,111347.148,3.659,60.000
0.050,0.013,0.013,21.610,140175.438,4.425,60.000
0.049,0.002,0.013,24.186,107104.414,3.297,60.000
0.057,0.000,0.013,26.469,61292.477,1.429,60.000
0.053,0.001,0.010,24.526,57184.977,2.197,60.000
0.053,0.000,0.015,27.766,904.641,-0.306,60.000
0.051,0.007,0.012,21.887,127999.820,5.621,60.000
0.050,0.018,0.012,19.645,124928.570,6.324,60.000
0.048,0.017,0.011,20.304,133471.094,6.638,60.000
0.049,0.021,0.013,20.444,136628.219,6.240,60.000
0.099,0.013,0.013,20.637,108676.586,4.773,60.000
0.050,0.012,0.014,23.188,149056.875,3.896,60.000
0.049,0.022,0.012,20.309,136871.781,6.159,60.000
0.049,0.000,0.020,21.125,29332.570,-0.176,60.000
0.041,0.000,0.011,22.344,-16254.742,-0.795,60.000
0.044,0.001,0.010,22.213,101700.805,0.121,60.000
0.056,0.000,0.007,22.042,56929.227,-0.609,60.000
0.057,0.001,0.012,21.609,125640.148,0.584,60.000
0.041,0.001,0.007,21.551,44037.352,0.024,60.000
0.050,0.026,0.013,20.098,175269.812,5.994,60.000
0.057,0.000,0.009,24.033,-38796.102,1.169,60.000
0.050,0.006,0.014,21.291,99269.195,3.174,60.000
0.050,0.006,0.014,20.667,98020.070,3.090,60.000
0.050,0.024,0.011,20.583,125847.273,6.437,60.000
0.045,0.002,0.017,19.281,156029.312,1.350,60.000
0.048,0.001,0.018,22.173,142412.344,1.687,60.000
0.052,0.001,0.011,30.653,-39202.469,1.111,60.000
0.042,0.001,0.012,21.167,88628.617,-0.453,60.000
0.050,0.013,0.014,23.052,155092.719,4.680,60.000
0.045,0.001,0.021,21.530,124243.039,1.176,60.000
0.052,0.000,0.020,21.539,19430.258,-0.939,60.000
0.052,0.001,0.014,28.596,70849.977,1.718,60.000
0.050,0.001,0.012,30.011,-1856.195,1.236,60.000
0.055,0.000,0.021,18.626,-37425.500,-0.920,60.000
0.049,0.005,0.014,21.218,102015.367,2.622,60.000
0.051,0.005,0.013,20.208,92559.211,2.648,60.000
0.050,0.014,0.014,23.036,158610.250,5.026,60.000
0.052,0.003,0.012,22.284,88078.711,3.231,60.000
0.054,0.001,0.004,19.664,123732.445,0.181,60.000
0.049,0.008,0.012,21.897,161720.438,5.932,60.000
0.043,0.001,0.009,24.975,29754.914,-0.851,60.000
0.058,0.001,0.012,21.136,129678.602,0.181,60.000
0.002,0.011,0.013,20.908,65395.523,5.430,60.000
0.052,0.024,0.011,19.628,124522.711,5.309,60.000
0.049,0.001,0.020,21.898,129205.117,1.706,60.000
0.050,0.021,0.012,20.490,130198.945,5.935,60.000
0.040,0.001,0.014,19.221,28676.477,-2.072,60.000
0.050,0.026,0.010,21.883,126130.148,5.718,60.000
0.052,0.010,0.010,18.685,102436.836,3.239,60.000
0.048,0.001,0.002,21.654,10530.250,0.131,60.000
0.049,0.005,0.012,22.022,122834.758,4.057,60.000
0.051,0.020,0.013,20.253,110793.180,6.725,60.000
0.060,0.000,0.010,19.454,55117.289,-0.882,60.000
0.048,0.010,0.011,21.290,124189.367,3.847,60.000
0.049,0.000,0.007,29.964,-33931.078,0.806,60.000
0.053,0.001,0.005,23.090,95759.492,-0.096,60.000
0.041,0.001,0.015,21.090,55341.102,-1.206,60.000
0.051,0.020,0.010,18.654,93272.117,5.695,60.000
0.047,0.000,0.016,25.345,71040.430,1.033,60.000
0.051,0.010,0.010,19.743,80787.867,3.515,60.000
0.056,0.002,0.014,22.856,105460.695,0.686,60.000
0.046,0.001,0.010,23.247,109208.242,1.098,60.000
0.041,0.001,0.014,19.782,53401.352,-1.084,60.000
0.049,0.009,0.012,20.842,150652.531,4.784,60.000
0.044,0.001,0.015,25.966,51637.320,-0.590,60.000
0.052,0.015,0.012,20.769,115230.289,4.727,60.000
0.050,0.002,0.015,22.774,132153.406,1.878,60.000
0.049,0.000,0.003,24.652,-60373.355,0.436,60.000
0.049,0.001,0.006,22.737,108598.336,0.598,60.000
0.059,0.001,0.017,22.278,68351.805,-0.680,60.000
0.057,0.000,0.012,27.621,60211.711,-0.365,60.000
0.048,0.020,0.012,20.729,137272.062,5.845,60.000
0.046,0.001,0.020,20.191,125346.789,1.201,60.000
0.045,0.001,0.005,22.504,84372.914,1.042,60.000
0.046,0.000,0.013,30.142,10885.797,-1.195,60.000
0.051,0.000,0.010,29.334,-35967.383,0.219,60.000
0.049,0.009,0.014,20.710,131313.062,4.235,60.000
0.043,0.001,0.017,19.193,121578.664,-0.071,60.000
0.000,0.011,0.011,23.013,-66708.867,6.905,60.000
0.050,0.017,0.011,19.733,111806.102,6.451,60.000
0.049,0.011,0.012,20.620,134937.281,4.340,60.000
0.049,0.022,0.010,20.741,126294.805,6.700,60.000
0.058,0.000,0.009,22.546,14079.062,0.089,60.000
0.045,0.001,0.012,25.561,86790.195,1.022,60.000
0.098,0.011,0.011,19.378,121604.008,4.741,60.000
0.002,0.012,0.013,20.015,60429.961,5.816,60.000
0.050,0.022,0.010,20.164,113088.164,5.945,60.000
0.051,0.018,0.011,19.097,100028.039,5.886,60.000
0.050,0.023,0.014,20.485,143527.625,5.923,60.000
0.050,0.019,0.013,19.993,124886.352,6.836,60.000
0.045,0.000,0.006,23.951,-15872.328,0.124,60.000
0.057,0.000,0.011,24.487,42367.367,1.575,60.000
0.098,0.012,0.013,20.226,117495.492,4.495,60.000
0.049,0.025,0.012,20.730,143330.531,6.631,60.000
0.059,0.001,0.010,20.266,121062.836,0.212,60.000
0.051,0.001,0.007,24.495,97895.742,0.663,60.000
0.051,0.017,0.010,19.137,97000.539,5.907,60.000
0.051,0.014,0.013,22.105,132766.594,4.987,60.000
0.053,0.000,0.004,21.157,28246.789,-0.238,60.000
0.049,0.008,0.013,20.593,131506.344,4.969,60.000
0.052,0.027,0.011,17.355,121487.445,5.050,60.000
0.058,0.001,0.009,22.846,107688.148,0.061,60.000
0.050,0.021,0.010,19.377,102576.680,6.226,60.000
0.048,0.008,0.011,21.765,155889.688,4.067,60.000
0.049,0.004,0.010,22.203,89163.758,1.588,60.000
0.049,0.007,0.014,20.475,107079.367,3.392,60.000
0.055,0.001,0.012,22.812,95709.648,1.584,60.000
0.052,0.001,0.015,27.822,20724.070,0.359,60.000
0.048,0.001,0.021,22.005,70665.805,0.652,60.000
0.058,0.001,0.015,24.308,66350.461,-1.147,60.000
0.057,0.001,0.010,26.028,-31805.133,-0.404,60.000
0.040,0.001,0.015,20.327,49667.820,-1.184,60.000
0.050,0.009,0.013,19.846,122056.070,4.713,60.000
0.050,0.003,0.013,23.925,99222.789,3.168,60.000
0.049,0.006,0.012,21.879,145293.812,4.814,60.000
0.048,0.022,0.012,20.420,137732.406,5.953,60.000
0.050,0.000,0.022,21.649,-7364.125,-0.983,60.000
0.045,0.000,0.003,21.393,21265.219,0.133,60.000
0.047,0.001,0.017,23.155,146344.375,1.290,60.000
0.047,0.001,0.010,24.339,87967.773,1.006,60.000
0.051,0.022,0.012,20.288,135773.312,5.598,60.000
0.002,0.011,0.013,20.666,63095.695,5.795,60.000
0.054,0.001,0.009,28.391,-64543.434,-0.875,60.000
0.043,0.002,0.010,22.177,110681.648,0.100,60.000
0.059,0.001,0.014,21.816,119150.023,-0.048,60.000
0.050,0.013,0.013,22.232,152480.938,4.317,60.000
0.051,0.025,0.014,20.002,149336.969,5.937,60.000
0.050,0.014,0.012,20.517,137975.562,5.000,60.000
0.049,0.001,0.012,28.954,13511.500,1.205,60.000
0.044,0.001,0.012,24.783,93035.648,0.838,60.000
0.055,0.001,0.008,25.216,48601.336,-0.082,60.000
0.049,0.007,0.013,21.112,127572.570,4.402,60.000
0.049,0.016,0.011,20.255,122929.164,6.521,60.000
0.047,0.001,0.009,23.633,112523.336,1.357,60.000
0.047,0.001,0.019,23.092,64799.320,0.168,60.000
0.002,0.013,0.012,18.983,53875.180,6.327,60.000
0.050,0.010,0.011,20.343,134218.812,4.533,60.000
0.048,0.014,0.013,21.137,136676.375,5.146,60.000
0.051,0.001,0.022,21.595,123382.680,1.791,60.000
0.051,0.000,0.020,18.556,58806.727,-0.274,60.000
0.047,0.000,0.014,31.865,14778.344,1.032,60.000
0.051,0.015,0.011,20.301,102253.914,5.934,60.000
0.057,0.000,0.010,25.663,49344.430,-0.700,60.000
0.044,0.002,0.011,21.601,101947.633,-0.040,60.000
0.042,0.001,0.012,24.850,18235.766,-2.013,60.000
0.052,0.001,0.014,24.382,101307.461,1.684,60.000
0.043,0.000,0.006,23.122,-26453.227,-0.680,60.000
0.051,0.002,0.016,23.117,115756.211,1.809,60.000
0.047,0.001,0.019,22.282,135444.625,1.309,60.000
0.048,0.001,0.009,24.028,93733.008,1.194,60.000
0.058,0.001,0.011,18.873,141513.656,0.166,60.000
0.054,0.001,0.006,21.295,111912.633,0.178,60.000
0.051,0.002,0.013,24.315,85934.836,2.082,60.000
0.052,0.022,0.012,20.249,123441.898,5.715,60.000
0.052,0.006,0.012,20.807,106133.039,4.049,60.000
0.050,0.009,0.015,20.535,108348.805,3.299,60.000
0.051,0.017,0.010,19.046,96791.336,5.795,60.000
0.002,0.012,0.013,20.416,66694.430,5.574,60.000
0.049,0.023,0.014,20.404,143008.406,5.956,60.000
0.053,0.002,0.012,23.591,66899.773,2.375,60.000
0.057,0.001,0.016,21.990,107966.336,0.230,60.000
0.049,0.010,0.011,20.539,124429.961,4.307,60.000
0.099,0.011,0.012,20.071,131473.594,5.140,60.000
0.050,0.025,0.012,20.044,148520.719,6.153,60.000
0.049,0.001,0.007,25.351,96889.711,0.766,60.000
0.047,0.002,0.012,23.221,115232.633,1.833,60.000
0.051,0.021,0.013,20.290,108444.961,6.121,60.000
0.044,0.001,0.012,22.051,105777.195,0.259,60.000
0.053,0.000,0.003,19.472,38001.039,-1.386,60.000
0.051,0.010,0.014,20.814,102512.383,3.468,60.000
0.001,0.013,0.011,20.289,-580.938,5.481,60.000
0.055,0.000,0.006,23.622,-13484.117,0.140,60.000
0.056,0.000,0.012,29.128,23288.008,0.974,60.000
0.060,0.001,0.008,21.088,120821.602,0.174,60.000
0.051,0.006,0.012,22.488,111038.180,4.595,60.000
0.041,0.001,0.013,22.734,19903.133,-2.366,60.000
0.053,0.000,0.017,27.691,21288.672,-0.847,60.000
0.052,0.015,0.013,21.199,121700.055,4.835,60.000
0.049,0.002,0.013,23.696,119798.242,3.098,60.000
0.099,0.012,0.013,20.740,122527.680,4.764,60.000
0.059,0.001,0.005,18.958,140107.812,0.029,60.000
0.055,0.001,0.004,23.631,100166.492,0.273,60.000
0.055,0.001,0.012,22.444,89884.211,1.791,60.000
0.049,0.015,0.011,20.718,108721.148,6.033,60.000
0.052,0.013,0.013,22.467,116887.602,3.999,60.000
0.052,0.009,0.011,19.824,112861.508,4.158,60.000
0.049,0.007,0.010,20.883,147522.406,2.524,60.000
0.001,0.013,0.013,19.832,64528.383,5.858,60.000
0.050,0.002,0.010,24.629,55477.992,1.174,60.000
0.051,0.019,0.012,19.840,113764.289,6.238,60.000
0.044,0.001,0.006,21.164,73848.258,0.357,60.000
0.052,0.015,0.013,21.969,117757.367,4.839,60.000
0.046,0.001,0.011,28.321,27539.508,-0.199,60.000
0.050,0.019,0.011,19.858,119707.602,6.285,60.000
0.052,0.000,0.009,29.183,-54444.426,-0.536,60.000
0.052,0.004,0.012,21.882,87719.898,3.544,60.000
0.048,0.001,0.021,21.774,128186.211,1.323,60.000
0.054,0.001,0.019,21.152,109499.352,1.558,60.000
0.056,0.001,0.020,19.484,102808.352,0.901,60.000
0.049,0.018,0.014,19.632,146333.844,7.084,60.000
0.051,0.004,0.011,22.552,68851.961,3.083,60.000
0.045,0.000,0.010,29.418,-56526.938,0.808,60.000
0.049,0.013,0.011,20.829,118623.508,4.570,60.000
0.050,0.018,0.010,19.159,104590.539,5.822,60.000
0.050,0.022,0.014,19.985,126954.102,6.301,60.000
0.050,0.000,0.003,20.800,22446.609,-0.838,60.000
0.050,0.014,0.012,21.129,140118.906,4.791,60.000
0.048,0.018,0.013,19.544,140512.219,6.706,60.000
0.051,0.010,0.011,19.928,131456.031,4.189,60.000
0.043,0.001,0.018,21.327,29057.336,-1.554,60.000
0.049,0.015,0.013,20.994,153213.031,5.563,60.000
0.051,0.001,0.009,24.984,70631.070,0.683,60.000
0.045,0.001,0.004,22.093,81601.258,0.894,60.000
0.043,0.001,0.019,18.887,111142.117,0.303,60.000
0.050,0.003,0.011,22.340,78774.477,2.438,60.000
0.048,0.018,0.010,20.201,130231.914,6.683,60.000
0.055,0.001,0.013,28.694,8774.000,0.841,60.000
0.042,0.000,0.006,21.675,12629.141,0.416,60.000
0.055,0.001,0.017,20.843,91480.211,0.765,60.000
0.057,0.001,0.010,21.078,102840.102,0.554,60.000
0.046,0.001,0.015,26.863,80781.977,0.397,60.000
0.056,0.001,0.017,21.478,100499.852,0.534,60.000
0.001,0.012,0.011,18.704,42760.508,6.719,60.000
0.054,0.002,0.013,23.364,90291.430,1.510,60.000
0.043,0.001,0.018,18.164,110897.336,-0.172,60.000
0.052,0.012,0.012,20.190,114581.414,3.785,60.000
0.050,0.008,0.012,22.272,167939.062,6.257,60.000
0.050,0.018,0.010,19.131,105160.227,5.751,60.000
0.040,0.000,0.007,22.667,-28126.000,-0.915,60.000
0.049,0.003,0.010,23.223,70475.273,1.212,60.000
0.048,0.013,0.012,21.067,135653.500,4.767,60.000
0.054,0.001,0.013,28.590,38580.086,1.559,60.000
0.050,0.018,0.010,19.631,108502.898,5.954,60.000
0.048,0.014,0.012,20.944,138750.938,5.292,60.000
0.049,0.007,0.011,21.792,164596.344,4.826,60.000
0.057,0.001,0.020,20.726,84966.008,0.156,60.000
0.001,0.011,0.012,19.717,37956.258,6.621,60.000
0.055,0.000,0.016,24.345,27233.086,-0.038,60.000
0.052,0.003,0.011,22.930,53663.977,2.882,60.000
0.049,0.001,0.004,20.927,112662.430,0.797,60.000
0.049,0.016,0.012,20.273,126513.773,6.393,60.000
0.050,0.026,0.012,20.214,167759.094,5.937,60.000
0.057,0.001,0.007,21.971,122591.180,0.015,60.000
0.050,0.025,0.010,21.130,118041.102,5.968,60.000
0.048,0.006,0.013,21.819,128564.773,3.404,60.000
0.052,0.006,0.010,19.252,127788.664,1.925,60.000
0.051,0.010,0.013,20.212,109772.070,3.805,60.000
0.046,0.000,0.013,32.554,-44247.211,-0.004,60.000
0.045,0.001,0.012,23.380,116836.242,1.782,60.000
0.045,0.001,0.016,19.580,159054.750,1.336,60.000
0.052,0.006,0.013,20.891,88818.086,3.223,60.000
0.052,0.004,0.012,21.198,86665.758,3.448,60.000
0.049,0.018,0.014,19.955,147804.156,7.343,60.000
0.055,0.002,0.010,21.690,76646.445,0.927,60.000
0.049,0.006,0.011,21.206,160659.188,3.254,60.000
0.051,0.001,0.020,21.740,116481.086,1.969,60.000
0.050,0.007,0.013,21.473,132285.188,4.819,60.000
0.050,0.003,0.014,22.002,109293.602,2.537,60.000
0.050,0.026,0.014,19.731,185164.438,5.737,60.000
0.051,0.002,0.011,23.464,52001.789,2.406,60.000
0.050,0.015,0.010,19.835,91088.648,5.801,60.000
0.047,0.001,0.019,20.945,135483.344,1.271,60.000
0.048,0.006,0.013,21.635,112046.664,2.979,60.000
0.047,0.001,0.012,24.187,114155.023,2.562,60.000
0.049,0.022,0.013,20.632,154081.406,5.718,60.000
0.053,0.001,0.021,20.371,112651.414,1.917,60.000
0.056,0.001,0.004,21.203,116790.352,0.189,60.000
0.053,0.001,0.009,25.537,75951.789,0.610,60.000
0.052,0.010,0.013,19.893,95453.336,3.674,60.000
0.049,0.004,0.013,22.247,95765.789,3.038,60.000
0.048,0.022,0.012,20.407,137487.281,5.832,60.000
0.050,0.007,0.012,22.068,143057.125,6.038,60.000
0.053,0.000,0.017,28.470,15008.516,0.460,60.000
0.048,0.006,0.011,20.688,146669.750,2.862,60.000
0.050,0.002,0.015,22.495,122937.305,1.983,60.000
0.048,0.017,0.013,19.349,131358.406,6.371,60.000
0.050,0.001,0.006,25.290,4010.047,-0.544,60.000
0.056,0.000,0.016,25.727,-14108.727,1.250,60.000
0.048,0.002,0.016,21.860,159842.188,1.992,60.000
0.050,0.013,0.011,20.749,88475.867,4.652,60.000
0.047,0.002,0.013,24.165,134651.844,2.393,60.000
0.050,0.008,0.010,20.506,146289.844,3.530,60.000
0.057,0.000,0.010,24.141,6966.758,0.566,60.000
0.044,0.000,0.013,26.508,48215.258,-0.985,60.000
0.001,0.013,0.012,19.073,53530.523,6.473,60.000
0.002,0.013,0.011,18.203,40950.023,6.765,60.000
0.046,0.001,0.017,21.221,152718.469,1.283,60.000
0.051,0.022,0.014,20.367,116132.398,6.023,60.000
0.049,0.018,0.012,19.858,131051.273,6.288,60.000
0.045,0.001,0.013,23.808,124681.914,1.998,60.000
0.048,0.000,0.008,30.493,-47913.961,1.435,60.000
0.051,0.027,0.010,21.832,118470.430,5.507,60.000
0.047,0.002,0.018,20.880,136204.906,1.517,60.000
0.050,0.021,0.013,20.127,127264.227,6.418,60.000
0.047,0.001,0.011,24.303,94306.695,1.351,60.000
0.050,0.007,0.011,20.761,165260.281,3.944,60.000
0.049,0.000,0.002,23.531,-13187.023,-0.439,60.000
0.049,0.013,0.014,23.573,155602.000,4.071,60.000
0.042,0.001,0.018,18.264,110558.930,-0.024,60.000
0.060,0.000,0.012,22.777,70663.883,-0.835,60.000
0.048,0.013,0.010,21.156,88321.961,4.432,60.000
0.049,0.009,0.012,21.125,164780.250,5.433,60.000
0.048,0.001,0.012,25.926,95857.336,2.243,60.000
0.047,0.001,0.010,26.233,55743.992,0.224,60.000
0.042,0.001,0.004,21.483,88583.367,1.992,60.000
0.050,0.001,0.016,23.635,134051.906,1.894,60.000
0.041,0.001,0.012,22.237,68341.227,-0.965,60.000
0.055,0.001,0.012,29.521,-9799.258,0.608,60.000
0.044,0.002,0.014,20.970,127599.258,1.352,60.000
0.053,0.000,0.009,29.637,-30720.000,0.662,60.000
0.051,0.003,0.010,22.840,65123.336,1.280,60.000
0.000,0.012,0.012,20.873,-9385.766,11.533,60.000
0.044,0.001,0.015,22.415,135967.062,1.061,60.000
0.041,0.001,0.013,19.076,62642.039,-0.940,60.000
0.051,0.001,0.010,25.940,46377.492,0.826,60.000
0.046,0.000,0.002,21.151,1438.117,-0.386,60.000
0.048,0.013,0.011,21.213,104563.211,4.737,60.000
0.049,0.015,0.013,20.751,133654.406,5.903,60.000
0.050,0.000,0.017,27.604,17690.242,-2.114,60.000
0.048,0.019,0.012,20.509,141711.094,5.997,60.000
0.047,0.001,0.007,25.904,48845.242,0.441,60.000
0.051,0.002,0.014,23.668,100727.258,2.089,60.000
0.048,0.008,0.012,21.535,160964.625,4.573,60.000
0.052,0.009,0.011,20.247,117950.492,4.358,60.000
0.050,0.026,0.010,22.218,123368.070,5.493,60.000
0.049,0.020,0.011,19.698,112876.930,6.430,60.000
0.050,0.001,0.015,27.692,26883.180,0.540,60.000
0.049,0.026,0.010,22.209,140483.656,6.370,60.000
0.049,0.023,0.014,20.657,158129.031,5.647,60.000
0.048,0.016,0.012,20.674,125610.711,5.944,60.000
0.059,0.001,0.013,21.801,128011.008,-0.429,60.000
0.049,0.018,0.012,20.142,132978.594,6.464,60.000
0.054,0.001,0.012,23.667,91909.945,2.083,60.000
0.049,0.007,0.014,20.672,105921.320,3.663,60.000
0.058,0.000,0.011,20.697,96565.117,1.011,60.000
0.100,0.011,0.011,14.351,60051.617,7.541,60.000
0.002,0.012,0.012,19.214,40030.961,6.438,60.000
0.050,0.008,0.014,20.226,99814.664,3.696,60.000
0.050,0.019,0.010,18.472,103112.852,5.810,60.000
0.048,0.007,0.011,21.435,155463.156,3.435,60.000
0.044,0.002,0.010,22.441,113774.102,0.270,60.000
0.002,0.013,0.012,19.366,56871.445,6.183,60.000
0.052,0.013,0.013,22.950,123326.758,4.064,60.000
0.049,0.003,0.010,23.126,78242.492,1.275,60.000
0.045,0.001,0.014,23.526,131069.664,2.055,60.000
0.045,0.001,0.004,20.467,89607.758,0.790,60.000
0.041,0.001,0.012,20.244,76059.820,-0.825,60.000
0.053,0.002,0.005,21.330,114939.711,0.247,60.000
0.049,0.015,0.013,21.203,158631.219,5.807,60.000
0.045,0.001,0.004,21.247,86618.492,0.889,60.000
0.052,0.025,0.012,19.653,154892.656,5.364,60.000
0.056,0.000,0.009,27.663,-30003.180,0.159,60.000
0.046,0.000,0.012,28.470,-29393.750,-0.729,60.000
0.050,0.001,0.019,24.400,58994.445,1.170,60.000
0.051,0.000,0.023,22.691,-17045.219,-1.265,60.000
0.050,0.020,0.010,19.011,100197.227,6.168,60.000
0.047,0.001,0.012,31.817,-15301.961,-0.396,60.000
0.050,0.002,0.006,21.935,110746.320,0.554,60.000
0.042,0.001,0.013,20.548,62787.117,-0.824,60.000
0.050,0.016,0.010,19.633,97183.992,5.899,60.000
0.051,0.002,0.006,23.136,106295.852,0.491,60.000
0.050,0.000,0.023,22.525,-27611.891,-2.096,60.000
0.048,0.025,0.013,20.176,166794.531,5.924,60.000
0.050,0.013,0.010,20.732,73245.305,4.996,60.000
0.049,0.001,0.006,24.424,97187.633,0.548,60.000
0.050,0.001,0.009,26.147,58893.445,0.847,60.000
0.044,0.000,0.012,31.286,-42613.805,0.059,60.000
0.046,0.001,0.015,26.126,92187.086,0.861,60.000
0.049,0.018,0.010,19.616,121953.758,6.394,60.000
0.042,0.001,0.018,18.544,109010.742,-0.043,60.000
0.057,0.001,0.018,19.855,99240.055,0.233,60.000
0.051,0.000,0.013,34.448,-10.055,0.323,60.000
0.049,0.000,0.007,28.238,-24706.648,0.658,60.000
0.052,0.000,0.002,19.368,33161.602,-1.246,60.000
0.044,0.001,0.015,19.868,140601.812,1.166,60.000
0.053,0.001,0.008,25.133,87508.602,0.423,60.000
0.057,0.002,0.015,22.192,108838.805,0.079,60.000
0.049,0.011,0.014,22.775,145389.031,3.791,60.000
0.000,0.012,0.013,21.866,7584.969,10.620,60.000
0.048,0.002,0.018,21.525,146142.344,1.595,60.000
0.053,0.002,0.013,24.260,83987.430,1.813,60.000
0.098,0.012,0.014,20.151,136374.719,3.653,60.000
0.051,0.027,0.014,22.491,142713.688,7.236,60.000
0.052,0.013,0.014,22.954,125133.414,4.082,60.000
0.058,0.000,0.013,26.332,69246.211,2.503,60.000
0.050,0.001,0.019,23.898,90904.773,1.567,60.000
0.044,0.001,0.010,24.443,95480.492,0.400,60.000
0.048,0.005,0.013,21.866,111507.914,2.949,60.000
0.050,0.010,0.010,20.001,111900.273,3.678,60.000
0.050,0.023,0.013,20.702,153704.344,5.889,60.000
0.050,0.022,0.013,20.666,130799.648,6.130,60.000
0.052,0.026,0.012,20.018,164354.812,5.419,60.000
0.048,0.014,0.011,21.085,111813.805,5.542,60.000
0.049,0.000,0.003,22.055,-57980.648,-0.880,60.000
0.057,0.001,0.011,22.764,107052.555,0.682,60.000
0.052,0.001,0.008,25.123,55811.352,0.065,60.000
0.056,0.001,0.011,21.630,98567.961,1.292,60.000
0.051,0.002,0.013,24.203,89500.289,2.764,60.000
0.051,0.010,0.013,20.144,103765.664,4.184,60.000
0.050,0.005,0.010,21.299,98165.617,1.403,60.000
0.051,0.013,0.013,22.548,128438.555,4.220,60.000
0.052,0.007,0.011,19.797,127473.070,3.648,60.000
0.049,0.015,0.014,20.780,148805.938,5.997,60.000
0.049,0.001,0.021,21.908,124806.242,1.764,60.000
0.056,0.001,0.017,22.552,98969.617,0.550,60.000
0.051,0.027,0.014,17.760,133237.781,4.438,60.000
0.054,0.002,0.010,23.514,60230.867,1.202,60.000
0.057,0.001,0.016,24.244,51166.789,-0.684,60.000
0.040,0.001,0.017,19.438,79707.242,-0.462,60.000
0.049,0.004,0.012,22.510,109826.867,3.533,60.000
0.048,0.005,0.010,22.532,98788.648,1.449,60.000
0.050,0.001,0.006,24.412,36255.305,0.003,60.000
0.043,0.001,0.014,25.002,1380.750,-1.899,60.000
0.050,0.000,0.022,18.655,61386.383,-1.246,60.000
0.050,0.019,0.012,20.498,132421.594,6.316,60.000
0.001,0.010,0.012,19.993,41473.555,6.446,60.000
0.043,0.000,0.018,19.977,43536.305,-0.948,60.000
0.051,0.021,0.014,20.170,107891.711,6.320,60.000
0.052,0.010,0.013,20.372,103204.648,3.981,60.000
0.049,0.021,0.013,20.850,137354.906,6.036,60.000
0.043,0.001,0.010,24.781,73226.883,-0.514,60.000
0.098,0.011,0.013,20.581,132020.375,3.960,60.000
0.040,0.000,0.008,22.740,7643.719,1.600,60.000
0.050,0.014,0.010,20.404,76116.320,5.705,60.000
0.051,0.000,0.009,29.770,-20010.648,0.862,60.000
0.052,0.002,0.006,22.108,112840.508,0.467,60.000
0.044,0.000,0.012,28.246,-12094.758,-1.985,60.000
0.054,0.001,0.015,23.537,95424.992,0.979,60.000
0.049,0.019,0.014,19.619,140790.125,6.861,60.000
0.055,0.002,0.014,23.250,99080.789,0.748,60.000
0.046,0.000,0.005,25.048,-1350.914,0.694,60.000
0.055,0.002,0.013,23.302,96351.977,1.141,60.000
0.043,0.001,0.010,24.015,86640.695,-0.240,60.000
0.042,0.001,0.009,22.679,103148.555,0.547,60.000
0.042,0.001,0.016,20.032,105239.242,-0.049,60.000
0.048,0.004,0.011,21.126,104087.305,2.028,60.000
0.043,0.001,0.011,23.910,93751.539,0.015,60.000
0.050,0.003,0.012,23.150,97267.570,3.613,60.000
0.048,0.016,0.013,20.235,134042.594,5.832,60.000
0.052,0.015,0.013,21.245,100018.289,5.586,60.000
0.050,0.026,0.010,21.587,118053.398,5.550,60.000
0.049,0.020,0.013,20.281,140781.562,6.382,60.000
0.042,0.000,0.005,22.258,37069.164,0.370,60.000
0.043,0.001,0.009,22.183,109485.289,0.426,60.000
0.054,0.001,0.012,23.661,96212.383,1.831,60.000
0.047,0.002,0.014,24.345,144109.938,2.556,60.000
0.057,0.001,0.016,21.187,97672.633,0.453,60.000
0.049,0.000,0.017,26.066,9706.938,-0.841,60.000
0.052,0.021,0.013,20.510,107494.586,6.003,60.000
0.051,0.000,0.018,27.508,-24063.508,-0.877,60.000
0.050,0.011,0.012,20.380,126700.930,4.439,60.000
0.050,0.000,0.012,30.860,21585.664,0.609,60.000
0.097,0.012,0.012,19.443,114435.586,5.147,60.000
0.042,0.001,0.017,22.570,-16835.500,-3.929,60.000
0.001,0.012,0.013,20.641,50338.227,6.077,60.000
0.049,0.008,0.013,20.800,143784.625,5.263,60.000
0.049,0.001,0.005,23.080,75883.164,0.383,60.000
0.053,0.002,0.012,23.832,61421.602,2.733,60.000
0.055,0.001,0.005,22.959,12222.586,-0.663,60.000
0.050,0.000,0.005,25.196,-60468.898,-0.447,60.000
0.046,0.000,0.009,27.634,-21113.172,-2.393,60.000
0.046,0.002,0.014,24.106,143172.469,2.229,60.000
0.057,0.000,0.009,25.122,4960.406,-1.238,60.000
0.050,0.014,0.011,20.677,86263.648,5.709,60.000
0.048,0.013,0.014,22.375,159270.562,4.365,60.000
0.045,0.001,0.009,26.701,41534.680,-0.329,60.000
0.051,0.007,0.014,19.957,90548.305,3.037,60.000
0.051,0.017,0.012,19.705,106837.477,6.138,60.000
0.052,0.026,0.011,18.228,97496.039,4.111,60.000
0.046,0.002,0.011,22.528,106772.617,1.101,60.000
0.048,0.007,0.011,22.015,151012.781,3.675,60.000
0.047,0.001,0.018,22.842,64700.773,-0.087,60.000
0.050,0.000,0.017,27.660,65221.711,1.499,60.000
0.051,0.000,0.009,30.900,25605.312,3.227,60.000
0.001,0.013,0.012,20.498,39722.148,5.942,60.000
0.048,0.000,0.003,23.614,-60408.973,-0.277,60.000
0.050,0.024,0.011,20.951,117804.727,6.067,60.000
0.045,0.000,0.014,28.001,-87266.547,-2.401,60.000
0.042,0.001,0.010,24.208,61084.352,-0.444,60.000
0.051,0.021,0.013,20.504,116395.492,6.114,60.000
0.050,0.001,0.005,20.934,117877.820,0.496,60.000
0.050,0.011,0.015,22.940,140369.719,3.426,60.000
0.049,0.009,0.011,21.404,135551.812,3.909,60.000
0.043,0.000,0.005,22.480,31489.820,0.031,60.000
0.045,0.001,0.017,21.580,107537.820,-0.139,60.000
0.049,0.007,0.010,20.855,162371.000,3.071,60.000
0.050,0.025,0.014,19.974,164878.125,5.815,60.000
0.051,0.026,0.014,19.905,171736.031,5.716,60.000
0.048,0.007,0.013,20.958,137564.500,4.184,60.000
0.052,0.013,0.013,22.109,115504.023,4.152,60.000
0.099,0.011,0.012,22.432,94555.570,4.251,60.000
0.000,0.011,0.013,21.418,-1818.781,11.336,60.000
0.046,0.000,0.005,23.598,-47386.148,-1.079,60.000
0.050,0.023,0.010,20.430,116258.883,6.016,60.000
0.049,0.009,0.010,21.734,124087.383,3.288,60.000
0.052,0.018,0.012,20.061,95971.352,6.305,60.000
0.050,0.003,0.014,22.011,117649.227,2.333,60.000
0.049,0.014,0.013,21.463,158445.844,5.401,60.000
0.049,0.000,0.021,24.507,17323.328,0.126,60.000
0.045,0.000,0.014,29.246,-51263.961,-1.684,60.000
0.057,0.000,0.009,25.499,3652.234,-0.584,60.000
0.049,0.007,0.010,21.145,126871.305,2.140,60.000
0.049,0.019,0.011,20.139,125983.789,6.281,60.000
0.051,0.017,0.012,19.511,107810.414,6.170,60.000
0.058,0.001,0.013,24.961,38164.664,-0.414,60.000
0.055,0.001,0.006,22.432,98897.930,-0.206,60.000
0.048,0.000,0.016,29.123,-7520.234,-1.020,60.000
0.058,0.000,0.006,22.346,-4413.094,-1.576,60.000
0.054,0.001,0.022,20.420,113437.055,1.938,60.000
0.044,0.000,0.015,27.364,-18256.508,-0.677,60.000
0.047,0.001,0.005,21.903,100420.273,0.699,60.000
0.053,0.001,0.011,23.873,57686.977,2.418,60.000
0.049,0.001,0.002,22.220,25592.250,0.151,60.000
0.050,0.008,0.015,20.263,102346.133,3.410,60.000
0.052,0.001,0.005,22.533,56744.539,-0.099,60.000
0.049,0.008,0.014,20.686,112358.711,4.072,60.000
0.057,0.000,0.018,21.703,-17178.188,-2.135,60.000
0.048,0.014,0.014,21.050,155977.188,5.267,60.000
0.051,0.005,0.010,20.525,112615.492,2.418,60.000
0.048,0.014,0.011,21.078,107238.773,5.471,60.000
0.051,0.000,0.013,28.861,-5263.859,1.195,60.000
0.050,0.000,0.010,29.044,-2977.219,0.293,60.000
0.047,0.001,0.009,24.260,106107.867,0.739,60.000
0.049,0.010,0.013,20.884,146688.156,4.620,60.000
0.049,0.001,0.021,21.561,125330.445,1.592,60.000
0.050,0.000,0.018,24.864,-21771.258,-0.844,60.000
0.050,0.009,0.012,20.860,145931.250,5.046,60.000
0.053,0.001,0.017,22.346,92681.758,1.593,60.000
0.048,0.001,0.011,23.632,91580.398,1.938,60.000
0.050,0.026,0.010,21.752,128197.461,5.998,60.000
0.048,0.010,0.014,21.306,155729.875,4.235,60.000
0.048,0.013,0.014,21.741,161916.969,4.615,60.000
0.059,0.001,0.016,21.387,112063.836,0.009,60.000
0.057,0.000,0.007,23.205,5606.469,1.727,60.000
0.054,0.001,0.015,22.184,92129.477,0.807,60.000
0.051,0.024,0.011,20.098,118398.461,5.804,60.000
0.050,0.013,0.010,20.660,78341.133,4.581,60.000
0.051,0.015,0.011,20.196,92189.867,5.825,60.000
0.051,0.019,0.011,18.532,95967.977,5.692,60.000
0.050,0.001,0.009,24.996,66728.039,0.908,60.000
0.049,0.013,0.012,21.045,147249.812,4.563,60.000
0.052,0.002,0.017,22.803,91932.836,1.816,60.000
0.099,0.013,0.011,23.583,44301.883,3.658,60.000
0.051,0.001,0.022,22.555,72338.930,1.043,60.000
0.055,0.001,0.011,23.374,82195.227,1.380,60.000
0.049,0.009,0.013,21.098,155149.906,5.456,60.000
0.051,0.010,0.011,19.459,122814.680,3.853,60.000
0.053,0.001,0.015,30.327,-35702.469,0.010,60.000
0.052,0.003,0.014,23.281,88288.086,1.934,60.000
0.049,0.026,0.010,22.075,136435.562,6.341,60.000
0.051,0.000,0.001,18.431,42401.648,-1.835,60.000
0.055,0.000,0.022,18.596,99402.523,1.221,60.000
0.046,0.001,0.017,21.163,86959.883,-0.007,60.000
0.048,0.005,0.012,21.994,122431.883,3.401,60.000
0.051,0.007,0.013,21.592,129095.633,5.548,60.000
0.048,0.001,0.008,28.203,-2737.859,-0.427,60.000
0.044,0.000,0.009,28.380,-23319.773,1.197,60.000
0.048,0.010,0.013,20.518,159323.781,4.718,60.000
0.049,0.000,0.016,23.722,77811.148,1.263,60.000
0.052,0.000,0.005,21.509,40656.445,-0.338,60.000
0.046,0.000,0.021,20.067,49803.711,0.206,60.000
0.045,0.001,0.010,26.355,36888.898,-0.414,60.000
0.056,0.001,0.011,23.966,53433.180,1.176,60.000
0.051,0.000,0.013,30.988,59446.617,1.190,60.000
0.048,0.013,0.011,21.219,90068.680,4.915,60.000
0.050,0.022,0.013,20.736,135022.219,5.866,60.000
0.048,0.005,0.011,20.760,114340.742,1.939,60.000
0.059,0.000,0.009,21.184,695.680,1.762,60.000
0.050,0.001,0.011,25.453,55439.555,1.765,60.000
0.059,0.001,0.013,22.452,125620.008,-0.442,60.000
0.052,0.001,0.006,22.320,106131.695,0.427,60.000
0.055,0.000,0.019,20.789,-14590.727,-1.039,60.000
0.051,0.013,0.013,22.444,137761.719,4.719,60.000
0.051,0.001,0.008,24.861,89782.305,0.523,60.000
0.044,0.000,0.006,24.190,-24194.648,-0.631,60.000
0.049,0.002,0.015,22.981,143599.094,2.087,60.000
0.050,0.023,0.011,20.665,118482.602,6.252,60.000
0.054,0.001,0.020,22.313,62933.086,0.746,60.000
0.052,0.001,0.020,23.350,42712.930,0.322,60.000
0.001,0.010,0.011,18.892,29672.258,6.793,60.000
0.058,0.001,0.010,23.628,95715.664,0.167,60.000
0.057,0.000,0.020,18.354,55748.117,0.794,60.000
0.052,0.001,0.017,24.739,105967.758,1.787,60.000
0.047,0.000,0.019,20.854,28066.258,-0.062,60.000
0.052,0.003,0.014,21.393,99840.695,2.151,60.000
0.048,0.013,0.011,21.165,90389.664,4.755,60.000
0.002,0.012,0.013,20.175,58689.055,5.819,60.000
0.051,0.000,0.003,24.051,31169.633,-0.482,60.000
0.054,0.002,0.013,23.221,93283.070,1.678,60.000
0.050,0.005,0.010,20.688,111577.602,2.174,60.000
0.055,0.001,0.013,27.558,90662.180,1.176,60.000
0.060,0.000,0.009,18.990,66561.586,-1.860,60.000
0.047,0.001,0.009,25.222,98301.320,0.563,60.000
0.097,0.013,0.012,19.807,109763.633,4.642,60.000
0.049,0.001,0.004,20.182,116139.336,0.792,60.000
0.049,0.012,0.010,20.758,75543.055,4.582,60.000
0.041,0.000,0.011,24.416,-52122.629,-2.422,60.000
0.049,0.002,0.017,23.065,141391.906,2.007,60.000
0.049,0.019,0.013,19.832,133896.844,6.251,60.000
0.041,0.001,0.015,21.296,81401.680,-0.560,60.000
0.045,0.001,0.017,22.868,9845.383,-1.857,60.000
0.051,0.017,0.013,20.626,100541.023,6.686,60.000
0.051,0.001,0.018,24.316,107350.930,2.119,60.000
0.048,0.001,0.022,21.694,126642.836,1.349,60.000
0.049,0.001,0.001,21.373,82362.992,0.335,60.000
0.043,0.001,0.016,18.511,121603.273,0.054,60.000
0.051,0.025,0.012,19.532,158190.219,5.609,60.000
0.051,0.002,0.014,23.868,93173.648,1.631,60.000
0.052,0.003,0.013,23.354,86724.570,2.211,60.000
0.049,0.000,0.014,32.104,20410.328,0.029,60.000
0.049,0.002,0.016,22.829,142728.875,2.028,60.000
0.060,0.001,0.009,19.947,125330.289,0.394,60.000
0.042,0.000,0.015,26.322,8348.828,-1.522,60.000
0.055,0.000,0.011,27.535,28208.227,1.341,60.000
0.049,0.003,0.011,22.696,80857.758,2.288,60.000
0.051,0.001,0.017,23.438,116481.414,2.105,60.000
0.049,0.012,0.011,21.128,95024.195,4.329,60.000
0.053,0.001,0.003,19.123,125467.523,0.269,60.000
0.050,0.018,0.014,20.093,142746.375,7.440,60.000
0.051,0.008,0.015,19.855,91540.070,3.064,60.000
0.049,0.016,0.014,20.483,146670.562,6.378,60.000
0.050,0.008,0.013,20.585,126558.633,5.077,60.000
0.055,0.001,0.016,21.974,99641.805,0.761,60.000
0.050,0.021,0.011,19.848,115954.805,6.011,60.000
0.048,0.001,0.010,23.792,90937.383,1.190,60.000
0.049,0.008,0.010,22.102,121539.570,2.478,60.000
0.050,0.016,0.013,20.340,123638.461,6.779,60.000
0.052,0.018,0.012,20.138,97636.414,6.374,60.000
0.051,0.001,0.023,22.444,98090.992,1.600,60.000
0.047,0.000,0.018,24.543,-19160.883,-1.530,60.000
0.049,0.020,0.013,19.658,136577.219,6.161,60.000
0.048,0.001,0.006,24.931,-2619.938,-0.065,60.000
0.050,0.000,0.009,29.555,-19490.578,0.483,60.000
0.050,0.017,0.011,19.749,106570.945,6.374,60.000
0.049,0.014,0.010,20.124,88708.789,5.525,60.000
0.052,0.001,0.006,21.663,112155.258,0.281,60.000
0.044,0.001,0.004,21.791,83605.289,1.177,60.000
0.052,0.014,0.012,21.175,101330.945,4.310,60.000
0.049,0.012,0.014,22.185,157038.094,3.997,60.000
0.051,0.023,0.011,19.775,125452.961,5.738,60.000
0.053,0.000,0.020,20.999,38503.977,-0.595,60.000
0.049,0.001,0.002,21.851,-7363.117,-0.213,60.000
0.050,0.019,0.010,18.795,101918.680,6.053,60.000
0.045,0.000,0.010,26.209,-639.133,-1.249,60.000
0.055,0.000,0.007,24.703,3679.516,1.961,60.000
0.049,0.019,0.010,19.043,115666.695,6.152,60.000
0.060,0.000,0.013,22.290,90615.445,0.627,60.000
0.052,0.026,0.013,20.222,175363.781,5.366,60.000
0.054,0.001,0.004,18.941,127129.242,-0.081,60.000
0.049,0.003,0.012,22.586,114409.805,3.327,60.000
0.056,0.000,0.012,26.709,-43554.449,0.580,60.000
0.052,0.021,0.012,19.622,117764.961,5.672,60.000
0.054,0.000,0.019,21.852,-27781.305,-1.290,60.000
0.058,0.001,0.020,19.279,102355.336,0.460,60.000
0.043,0.002,0.011,21.591,106139.586,-0.211,60.000
0.052,0.017,0.011,19.355,93326.461,5.985,60.000
0.053,0.002,0.017,22.361,88448.086,1.556,60.000
0.050,0.008,0.010,20.801,127448.164,2.540,60.000
0.048,0.022,0.012,20.376,138157.062,6.136,60.000
0.051,0.007,0.012,22.007,119635.102,5.457,60.000
0.050,0.001,0.008,23.677,95097.461,0.668,60.000
0.047,0.000,0.019,20.148,66155.430,-1.210,60.000
0.051,0.002,0.014,23.639,108104.789,1.690,60.000
0.051,0.005,0.010,20.409,106915.445,1.907,60.000
0.049,0.001,0.002,21.528,55099.680,0.285,60.000
0.048,0.016,0.011,20.469,130779.867,6.584,60.000
0.051,0.019,0.012,20.122,122759.945,6.309,60.000
0.059,0.001,0.013,22.165,126558.430,-0.477,60.000
0.056,0.000,0.014,26.585,46802.055,1.685,60.000
0.051,0.000,0.001,24.286,1718.617,-0.719,60.000
0.049,0.000,0.016,27.444,88423.695,3.887,60.000
0.055,0.001,0.012,22.078,95289.836,1.632,60.000
0.049,0.014,0.012,20.902,134823.000,5.455,60.000
0.052,0.027,0.010,24.048,239616.000,7.952,60.000
0.040,0.000,0.015,19.657,46071.820,-1.102,60.000
0.051,0.022,0.012,19.873,125393.789,5.746,60.000
0.048,0.009,0.014,20.961,135674.719,4.239,60.000
0.043,0.000,0.017,23.472,846.977,-1.852,60.000
0.049,0.023,0.011,20.934,132839.531,6.592,60.000
0.051,0.018,0.010,18.930,97886.477,5.726,60.000
0.049,0.006,0.015,20.513,101782.773,2.592,60.000
0.042,0.001,0.006,22.560,54468.867,0.977,60.000
0.050,0.010,0.009,21.487,97961.898,2.900,60.000
0.052,0.025,0.012,19.603,138423.125,5.426,60.000
0.042,0.001,0.010,22.560,93972.352,-0.084,60.000
0.048,0.003,0.012,23.251,114671.773,3.021,60.000
0.049,0.011,0.010,21.332,84315.055,4.282,60.000
0.051,0.022,0.011,19.256,97716.023,5.730,60.000
0.049,0.025,0.011,21.376,136728.281,6.552,60.000
0.052,0.025,0.013,19.661,151742.406,5.294,60.000
0.058,0.000,0.017,24.414,48286.242,1.682,60.000
0.049,0.011,0.012,20.434,145857.906,4.360,60.000
0.050,0.005,0.015,20.629,110634.289,2.520,60.000
0.052,0.000,0.006,25.029,-13606.273,0.677,60.000
0.055,0.000,0.014,29.464,87812.242,1.544,60.000
0.052,0.000,0.016,27.397,1140.039,-0.143,60.000
0.056,0.000,0.020,20.774,-45227.855,-1.242,60.000
0.044,0.001,0.014,21.777,134306.625,1.579,60.000
0.058,0.001,0.008,21.402,120134.430,0.078,60.000
0.050,0.004,0.009,23.640,70186.148,1.059,60.000
0.051,0.000,0.018,26.551,-15334.961,-0.802,60.000
0.048,0.007,0.014,20.845,101799.633,3.150,60.000
0.002,0.013,0.012,19.733,61100.227,6.043,60.000
0.049,0.017,0.011,20.259,129649.539,6.561,60.000
0.048,0.000,0.022,20.051,64598.773,0.083,60.000
0.051,0.009,0.011,20.379,134671.031,4.558,60.000
0.049,0.024,0.013,20.187,160447.812,5.605,60.000
0.050,0.015,0.013,21.596,158757.781,5.891,60.000
0.049,0.022,0.013,20.975,145800.750,5.880,60.000
0.051,0.020,0.012,20.298,118763.727,6.191,60.000
0.044,0.001,0.005,21.368,86048.086,1.066,60.000
0.049,0.001,0.019,22.674,127698.195,1.790,60.000
0.056,0.000,0.008,24.381,40303.789,-0.285,60.000
0.050,0.010,0.011,20.174,125448.898,4.260,60.000
0.051,0.007,0.012,22.105,154067.844,5.810,60.000
0.052,0.012,0.011,18.977,93497.570,3.536,60.000
0.050,0.007,0.012,22.557,140019.094,5.716,60.000
0.054,0.002,0.010,23.340,64878.039,1.213,60.000
0.049,0.001,0.017,26.365,1142.844,-0.762,60.000
0.049,0.014,0.010,20.579,87894.742,5.576,60.000
0.051,0.002,0.010,23.551,53392.898,2.200,60.000
0.049,0.012,0.014,22.787,156596.125,3.932,60.000
0.048,0.002,0.011,22.470,92638.289,1.558,60.000
0.053,0.001,0.004,20.373,120625.617,0.231,60.000
0.048,0.022,0.012,20.264,140844.781,5.554,60.000
0.050,0.016,0.014,21.523,149810.875,6.031,60.000
0.053,0.001,0.011,23.764,57742.758,2.064,60.000
0.058,0.001,0.015,25.108,48411.336,-1.434,60.000
0.040,0.001,0.012,19.676,64629.570,-1.089,60.000
0.051,0.003,0.010,24.111,58979.273,1.504,60.000
0.041,0.001,0.017,21.639,924.406,-3.833,60.000
0.054,0.001,0.019,22.750,104042.180,1.476,60.000
0.049,0.012,0.010,21.171,82326.930,4.414,60.000
0.049,0.013,0.011,21.094,104653.180,4.765,60.000
0.045,0.002,0.007,22.219,87987.648,0.799,60.000
0.049,0.014,0.010,21.055,77087.195,5.235,60.000
0.052,0.023,0.011,20.012,101902.773,5.671,60.000
0.054,0.001,0.008,24.032,95849.805,0.386,60.000
0.041,0.001,0.013,19.225,62480.758,-1.134,60.000
0.049,0.001,0.011,24.978,66788.930,1.689,60.000
0.051,0.009,0.013,20.365,120710.664,5.118,60.000
0.058,0.001,0.013,23.536,117851.461,-0.029,60.000
0.050,0.017,0.010,19.273,104240.086,5.764,60.000
0.052,0.020,0.011,18.637,97456.836,5.519,60.000
0.045,0.002,0.014,22.998,136658.344,1.966,60.000
0.002,0.012,0.013,19.877,62071.602,5.821,60.000
0.050,0.001,0.002,22.305,5346.547,-0.339,60.000
0.055,0.001,0.003,19.083,130983.320,0.092,60.000
0.058,0.000,0.014,24.905,36205.586,0.078,60.000
0.050,0.009,0.014,20.208,112863.602,4.043,60.000
0.045,0.000,0.004,19.105,38403.320,0.026,60.000
0.052,0.008,0.013,20.227,83160.305,3.544,60.000
0.050,0.012,0.015,23.339,141678.500,3.371,60.000
0.055,0.001,0.008,23.639,94823.492,0.287,60.000
0.051,0.003,0.012,23.069,92346.023,3.236,60.000
0.050,0.009,0.014,20.245,124108.133,4.563,60.000
0.053,0.001,0.013,27.229,90266.148,1.543,60.000
0.047,0.002,0.007,22.514,93187.805,0.791,60.000
0.049,0.001,0.014,32.070,-53444.457,-0.209,60.000
0.052,0.010,0.011,18.713,114050.836,3.376,60.000
0.050,0.027,0.014,21.827,147846.062,9.029,60.000
0.058,0.000,0.006,22.104,-32233.328,-2.329,60.000
0.057,0.001,0.019,19.317,99244.477,0.343,60.000
0.058,0.000,0.018,17.157,64474.070,1.702,60.000
0.046,0.000,0.014,31.193,-3869.188,0.835,60.000
0.055,0.001,0.011,21.948,88746.633,1.432,60.000
0.044,0.001,0.010,24.416,65872.430,-0.529,60.000
0.098,0.012,0.011,19.104,105073.789,4.790,60.000
0.059,0.000,0.013,26.502,7978.750,1.313,60.000
0.049,0.017,0.012,20.137,126188.398,6.509,60.000
0.048,0.007,0.010,21.022,139782.062,2.472,60.000
0.052,0.002,0.006,22.625,108066.461,0.438,60.000
0.044,0.002,0.017,18.408,144218.031,0.579,60.000
0.050,0.007,0.014,20.447,99765.117,3.031,60.000
0.051,0.002,0.015,23.018,112861.680,1.699,60.000
0.052,0.025,0.011,20.102,119952.539,5.716,60.000
0.049,0.024,0.011,21.272,137126.406,6.733,60.000
0.049,0.010,0.013,20.589,143625.000,4.649,60.000
0.052,0.000,0.015,29.214,45912.273,-0.677,60.000
0.051,0.009,0.013,20.046,108440.758,4.787,60.000
0.050,0.009,0.014,19.946,116928.555,4.227,60.000
0.053,0.000,0.021,22.766,-39301.094,-2.442,60.000
0.051,0.009,0.011,19.200,129561.773,3.703,60.000
0.056,0.000,0.014,27.622,27761.648,0.805,60.000
0.051,0.001,0.012,26.907,65585.852,2.574,60.000
0.049,0.004,0.014,21.703,101796.367,2.665,60.000
0.048,0.012,0.013,20.903,151167.719,4.006,60.000
0.050,0.000,0.022,21.384,9310.664,-1.211,60.000
0.050,0.006,0.014,21.085,100576.789,3.141,60.000
0.049,0.000,0.019,23.673,12731.844,-0.445,60.000
0.055,0.000,0.008,25.420,-4398.633,-0.266,60.000
0.049,0.001,0.005,21.109,110983.383,0.471,60.000
0.059,0.001,0.017,22.518,71771.930,-0.899,60.000
0.048,0.023,0.013,20.350,151901.312,5.556,60.000
0.052,0.001,0.018,24.272,100108.914,1.982,60.000
0.051,0.001,0.006,22.935,106274.742,0.384,60.000
0.051,0.022,0.010,19.583,100909.836,6.091,60.000
0.059,0.001,0.019,20.218,110772.805,0.063,60.000
0.052,0.010,0.011,19.233,104509.227,3.741,60.000
0.052,0.027,0.012,17.400,88889.961,3.445,60.000
0.045,0.001,0.017,20.334,156861.469,1.362,60.000
0.049,0.000,0.001,21.878,-13408.922,-0.844,60.000
0.054,0.000,0.003,21.141,25839.641,-0.456,60.000
0.051,0.015,0.010,19.860,87130.289,6.038,60.000
0.050,0.001,0.008,24.629,100026.914,0.766,60.000
0.053,0.002,0.006,21.012,108171.633,0.088,60.000
0.055,0.001,0.015,21.944,94297.461,0.674,60.000
0.052,0.002,0.013,23.929,87329.586,2.044,60.000
0.053,0.001,0.007,24.109,102004.883,0.533,60.000
0.050,0.019,0.011,19.206,107293.914,6.066,60.000
0.050,0.023,0.011,20.248,131833.844,6.301,60.000
0.099,0.012,0.012,22.508,87809.273,4.235,60.000
0.057,0.001,0.010,22.033,96768.445,0.103,60.000
0.055,0.001,0.013,23.226,105990.883,1.458,60.000
0.057,0.000,0.009,24.452,2147.641,-1.491,60.000
0.053,0.001,0.010,29.654,-19856.125,0.171,60.000
0.044,0.002,0.009,21.985,103760.773,0.492,60.000
0.050,0.001,0.007,23.899,102794.883,0.645,60.000
0.057,0.002,0.008,21.777,101686.820,-0.179,60.000
0.051,0.023,0.010,20.279,105220.586,5.968,60.000
0.048,0.003,0.013,22.995,124727.852,2.766,60.000
0.053,0.001,0.022,20.470,117006.055,1.848,60.000
0.052,0.005,0.010,20.039,107625.039,2.452,60.000
0.047,0.000,0.007,25.532,-9228.031,-0.686,60.000
0.042,0.001,0.018,19.690,114990.742,-0.306,60.000
0.053,0.001,0.012,24.260,71908.398,2.734,60.000
0.049,0.001,0.008,27.301,19200.586,-0.037,60.000
0.045,0.000,0.017,19.480,137075.406,1.853,60.000
0.050,0.027,0.010,22.319,121332.055,5.586,60.000
0.048,0.007,0.010,22.101,127710.367,1.974,60.000
0.049,0.018,0.011,19.871,128102.492,6.428,60.000
0.053,0.002,0.010,24.210,51531.773,1.509,60.000
0.056,0.001,0.006,23.087,108668.945,-0.065,60.000
0.055,0.001,0.012,24.816,101435.070,1.573,60.000
0.045,0.001,0.011,23.613,99639.117,0.670,60.000
0.048,0.025,0.012,20.569,154153.625,6.403,60.000
0.048,0.017,0.012,20.049,127516.508,6.443,60.000
0.052,0.003,0.013,22.751,85426.602,2.766,60.000
0.039,0.001,0.011,21.649,57864.430,-0.318,60.000
0.051,0.025,0.013,19.648,157737.750,5.401,60.000
0.051,0.010,0.014,21.270,113203.930,3.509,60.000
0.052,0.001,0.013,28.570,70720.086,2.069,60.000
0.051,0.007,0.013,20.925,106202.477,4.361,60.000
0.048,0.025,0.011,21.404,141708.938,6.701,60.000
0.045,0.001,0.018,19.334,137814.094,0.964,60.000
0.056,0.000,0.010,28.298,20978.516,0.715,60.000
0.051,0.019,0.013,20.248,124555.258,7.128,60.000
0.049,0.000,0.008,30.606,-29446.969,0.749,60.000
0.050,0.006,0.015,20.215,99881.086,2.493,60.000
0.056,0.000,0.009,26.536,-10512.109,1.556,60.000
0.002,0.010,0.013,20.634,52965.555,5.613,60.000
0.100,0.013,0.012,22.176,-94608.508,11.660,60.000
0.048,0.010,0.010,21.797,105668.945,3.413,60.000
0.052,0.004,0.012,21.315,89122.414,3.552,60.000
0.052,0.002,0.013,24.005,86845.039,2.502,60.000
0.047,0.002,0.016,21.458,162766.625,1.984,60.000
0.052,0.026,0.012,19.395,158402.312,5.469,60.000
0.052,0.006,0.012,21.350,100426.617,4.132,60.000
0.051,0.014,0.012,20.508,136237.000,4.873,60.000
0.054,0.001,0.016,25.558,46103.320,0.032,60.000
0.055,0.001,0.003,20.223,111838.117,-0.095,60.000
0.049,0.007,0.013,21.874,143973.562,5.350,60.000
0.046,0.000,0.014,30.244,-41844.551,-1.595,60.000
0.059,0.001,0.006,19.921,152507.781,0.165,60.000
0.045,0.001,0.008,23.002,102612.961,0.836,60.000
0.052,0.010,0.011,18.807,112731.289,3.381,60.000
0.050,0.020,0.013,19.921,129701.102,6.698,60.000
0.049,0.015,0.014,21.689,161030.562,5.461,60.000
0.049,0.001,0.018,22.028,140366.875,1.856,60.000
0.045,0.001,0.019,22.082,12511.672,-0.945,60.000
0.044,0.001,0.009,22.280,106441.148,0.637,60.000
0.048,0.025,0.011,21.661,142372.781,6.821,60.000
0.055,0.000,0.016,26.285,40335.711,-0.423,60.000
0.058,0.001,0.017,20.754,98236.133,0.367,60.000
0.052,0.025,0.012,19.383,152163.156,5.491,60.000
0.046,0.001,0.010,24.575,99881.383,0.778,60.000
0.052,0.002,0.018,22.372,104842.383,2.143,60.000
0.057,0.000,0.012,27.762,76570.930,-0.336,60.000
0.045,0.001,0.007,23.920,77104.430,0.564,60.000
0.049,0.021,0.011,19.889,121216.945,6.122,60.000
0.056,0.000,0.007,24.237,-12584.000,0.320,60.000
0.051,0.021,0.011,19.206,106850.211,5.727,60.000
0.002,0.012,0.012,18.996,44694.211,6.330,60.000
0.050,0.002,0.013,24.144,100901.336,3.019,60.000
0.053,0.001,0.006,23.775,87547.695,0.026,60.000
0.049,0.002,0.010,23.415,69498.492,1.235,60.000
0.052,0.000,0.018,24.432,-11589.148,-1.429,60.000
0.050,0.014,0.014,22.738,164572.375,5.165,60.000
0.052,0.001,0.017,27.521,-21465.852,-0.817,60.000
0.052,0.001,0.004,21.948,30309.055,-0.470,60.000
0.039,0.001,0.014,20.227,46177.945,-1.556,60.000
0.048,0.010,0.011,21.468,124018.977,3.882,60.000
0.057,0.001,0.017,23.899,33760.398,-0.712,60.000
0.052,0.000,0.010,28.375,-49431.359,0.331,60.000
0.049,0.003,0.010,23.618,68960.914,1.211,60.000
0.049,0.001,0.009,24.580,85568.805,1.023,60.000
0.053,0.001,0.012,32.572,-74296.758,0.691,60.000
0.050,0.016,0.012,19.684,110309.336,6.417,60.000
0.047,0.001,0.011,22.805,104935.852,1.143,60.000
0.042,0.000,0.016,23.889,50017.242,0.180,60.000
0.052,0.012,0.011,19.507,100410.539,3.459,60.000
0.055,0.002,0.017,20.448,85856.773,0.371,60.000
0.044,0.001,0.018,18.575,120241.008,0.230,60.000
0.051,0.000,0.015,26.671,29221.648,0.473,60.000
0.000,0.012,0.013,26.421,-71094.672,5.003,60.000
0.047,0.002,0.017,20.202,153314.656,1.556,60.000
0.060,0.001,0.013,23.361,80266.977,-0.990,60.000
0.055,0.000,0.021,18.054,-9563.250,-0.273,60.000
0.051,0.000,0.018,28.157,48814.555,-1.180,60.000
0.051,0.010,0.011,19.269,115021.039,3.814,60.000
0.049,0.001,0.005,22.105,107865.852,0.618,60.000
0.051,0.011,0.011,19.400,111350.461,3.820,60.000
0.052,0.006,0.012,21.223,94836.727,3.765,60.000
0.050,0.024,0.010,20.921,116930.961,5.895,60.000
0.052,0.012,0.013,22.067,128625.867,3.751,60.000
0.049,0.009,0.014,20.963,126662.492,3.847,60.000
0.049,0.016,0.014,20.512,143701.406,6.524,60.000
0.049,0.000,0.009,31.642,-10398.195,2.144,60.000
0.048,0.011,0.011,21.145,110063.148,4.138,60.000
0.051,0.014,0.011,20.348,106212.336,4.515,60.000
0.052,0.022,0.011,19.485,116376.758,5.536,60.000
0.045,0.001,0.021,21.355,123663.898,1.352,60.000
0.051,0.000,0.004,25.499,-65121.969,1.056,60.000
0.053,0.000,0.004,19.194,80457.992,-0.625,60.000
0.046,0.001,0.010,25.030,80506.117,0.512,60.000
0.052,0.008,0.013,20.146,78434.680,3.247,60.000
0.048,0.014,0.012,20.955,127496.133,5.156,60.000
0.052,0.014,0.012,20.241,116912.945,4.471,60.000
0.059,0.001,0.016,22.992,46859.164,-1.425,60.000
0.044,0.001,0.009,22.438,106090.039,0.536,60.000
0.044,0.001,0.015,24.039,127474.227,1.349,60.000
0.051,0.014,0.011,20.451,66121.867,5.240,60.000
0.047,0.000,0.008,27.262,-68163.141,-0.164,60.000
0.049,0.006,0.013,22.188,136942.969,4.464,60.000
0.056,0.000,0.019,22.250,-54749.344,-3.392,60.000
0.049,0.000,0.022,21.843,-49126.855,-0.536,60.000
0.051,0.021,0.011,19.457,114050.133,5.804,60.000
0.052,0.001,0.009,25.011,63147.617,0.804,60.000
0.049,0.013,0.014,22.850,161255.375,4.438,60.000
0.045,0.001,0.011,23.601,94156.461,0.443,60.000
0.051,0.011,0.010,19.339,83867.164,3.960,60.000
0.051,0.017,0.012,20.250,103556.883,6.538,60.000
0.000,0.013,0.012,21.125,22075.078,5.259,60.000
0.050,0.022,0.013,20.358,148452.875,5.622,60.000
0.046,0.000,0.009,25.364,36233.180,-0.202,60.000
0.057,0.000,0.008,23.338,47577.430,-1.192,60.000
0.044,0.000,0.019,20.550,1892.555,-2.208,60.000
0.050,0.001,0.002,21.538,67465.945,0.186,60.000
0.049,0.000,0.018,22.107,59163.898,0.729,60.000
0.048,0.004,0.012,21.358,129523.008,3.024,60.000
0.055,0.001,0.011,22.088,82229.523,1.667,60.000
0.051,0.016,0.010,19.589,91786.758,5.991,60.000
0.053,0.002,0.015,22.872,88895.742,0.892,60.000
0.057,0.000,0.008,23.046,-22838.008,-2.091,60.000
0.050,0.006,0.014,21.162,105705.789,3.232,60.000
0.051,0.002,0.010,23.632,51825.461,2.265,60.000
0.057,0.001,0.012,23.601,126482.852,0.679,60.000
0.052,0.025,0.011,20.470,107483.414,5.553,60.000
0.045,0.001,0.004,21.986,83124.320,1.090,60.000
0.055,0.001,0.018,21.476,103323.461,1.197,60.000
0.051,0.012,0.012,20.215,125522.789,4.206,60.000
0.051,0.012,0.010,19.855,63425.461,4.610,60.000
0.047,0.001,0.003,21.667,40907.242,0.727,60.000
0.050,0.007,0.010,20.433,149256.250,2.778,60.000
0.042,0.001,0.011,25.633,-7923.344,-2.236,60.000
0.049,0.019,0.013,19.800,138220.906,6.263,60.000
0.098,0.013,0.013,20.060,106313.023,4.442,60.000
0.049,0.000,0.018,24.582,65844.977,-1.053,60.000
0.048,0.000,0.004,22.997,-52575.473,-0.803,60.000
0.048,0.025,0.011,21.487,143422.625,6.715,60.000
0.049,0.003,0.011,22.918,82030.398,2.317,60.000
0.049,0.002,0.013,23.441,120409.039,2.872,60.000
0.057,0.001,0.011,24.723,33377.477,0.441,60.000
0.041,0.001,0.006,21.292,93511.523,1.753,60.000
0.055,0.001,0.007,23.293,102778.742,0.127,60.000
0.049,0.003,0.014,21.959,123975.023,2.487,60.000
0.098,0.011,0.012,20.294,133551.906,4.840,60.000
0.047,0.000,0.016,25.874,41427.867,0.399,60.000
0.050,0.019,0.014,20.021,139666.250,7.380,60.000
0.052,0.027,0.013,21.884,124936.133,5.694,60.000
0.048,0.008,0.011,21.820,153022.156,4.167,60.000
0.051,0.013,0.011,20.192,104993.477,4.154,60.000
0.043,0.000,0.020,20.364,-26338.555,-2.541,60.000
0.000,0.012,0.011,22.651,-52596.191,5.120,60.000
0.052,0.008,0.012,20.949,114872.617,5.106,60.000
0.053,0.001,0.007,24.440,88589.117,0.229,60.000
0.050,0.013,0.010,20.391,69413.914,4.731,60.000
0.043,0.001,0.009,23.288,70048.164,-0.246,60.000
0.051,0.002,0.014,23.081,100935.367,1.623,60.000
0.049,0.014,0.012,20.911,130686.367,5.462,60.000
0.048,0.025,0.011,21.544,142220.281,6.785,60.000
0.051,0.000,0.017,26.101,-22871.273,-1.497,60.000
0.053,0.000,0.018,25.423,36620.148,1.486,60.000
0.049,0.000,0.012,29.309,6798.992,0.886,60.000
0.049,0.020,0.012,20.529,130329.727,6.052,60.000
0.057,0.001,0.009,25.173,81574.133,-0.021,60.000
0.099,0.013,0.011,21.334,65829.664,4.294,60.000
0.050,0.023,0.012,20.230,139196.250,6.085,60.000
0.051,0.008,0.011,20.408,148609.156,4.360,60.000
0.050,0.020,0.013,19.968,126098.164,6.333,60.000
0.049,0.001,0.014,26.909,138225.969,2.144,60.000
0.052,0.011,0.012,20.042,100081.852,4.022,60.000
0.048,0.006,0.014,21.504,107330.492,2.757,60.000
0.049,0.009,0.009,21.896,123952.133,2.285,60.000
0.055,0.001,0.005,19.876,126510.211,-0.033,60.000
0.051,0.013,0.011,20.331,107559.820,4.329,60.000
0.052,0.001,0.015,27.402,49393.430,1.021,60.000
0.049,0.023,0.014,20.515,152973.438,5.833,60.000
0.050,0.004,0.015,20.695,120129.211,2.484,60.000
0.052,0.000,0.013,34.434,43604.367,0.701,60.000
0.048,0.007,0.010,21.081,134416.094,2.208,60.000
0.052,0.000,0.011,31.744,-90880.078,-0.849,60.000
0.049,0.005,0.013,22.367,103734.664,3.749,60.000
0.049,0.020,0.013,20.331,139493.656,6.152,60.000
0.049,0.011,0.013,21.129,156356.469,4.338,60.000
0.050,0.007,0.013,21.121,111657.383,4.321,60.000
0.040,0.001,0.013,21.192,-7756.016,-3.300,60.000
0.049,0.003,0.012,23.148,111122.961,3.436,60.000
0.049,0.003,0.010,22.864,75979.602,1.284,60.000
0.051,0.006,0.014,19.797,98667.289,2.423,60.000
0.046,0.002,0.018,19.672,140442.938,1.374,60.000
0.050,0.000,0.021,21.944,-18820.836,-1.866,60.000
0.050,0.018,0.011,19.507,116545.289,6.227,60.000
0.055,0.000,0.003,20.731,26096.094,-1.121,60.000
0.048,0.015,0.013,20.621,132693.125,5.786,60.000
0.052,0.006,0.014,19.457,88326.133,2.272,60.000
0.053,0.001,0.014,26.650,85177.805,1.330,60.000
0.051,0.002,0.015,23.521,111062.852,1.595,60.000
0.049,0.019,0.010,19.600,121031.867,6.703,60.000
0.098,0.012,0.013,20.541,132120.781,4.005,60.000
0.052,0.000,0.022,20.526,10999.609,-1.074,60.000
0.043,0.001,0.017,20.693,92125.602,-0.786,60.000
0.046,0.001,0.004,20.831,94280.102,0.701,60.000
0.060,0.000,0.014,23.311,74113.570,-0.772,60.000
0.050,0.005,0.013,21.433,95001.602,2.989,60.000
0.052,0.003,0.012,22.304,81103.914,3.073,60.000
0.049,0.001,0.009,24.218,83904.930,1.075,60.000
0.001,0.013,0.012,19.737,67558.586,6.073,60.000
0.043,0.000,0.018,19.911,24356.891,-1.350,60.000
0.049,0.015,0.012,20.879,129871.180,5.680,60.000
0.053,0.001,0.021,21.602,116351.133,1.681,60.000
0.048,0.021,0.012,20.377,136897.719,5.708,60.000
0.048,0.002,0.012,23.679,115966.773,3.213,60.000
0.050,0.023,0.014,20.357,142295.812,5.946,60.000
0.051,0.019,0.013,20.423,116252.430,6.938,60.000
0.050,0.016,0.014,21.262,153084.688,6.117,60.000
0.050,0.000,0.006,24.626,-55218.188,-0.479,60.000
0.058,0.000,0.011,21.677,180536.188,0.215,60.000
0.051,0.024,0.012,19.792,137007.625,5.693,60.000
0.002,0.012,0.010,17.808,26375.109,7.203,60.000
0.049,0.000,0.017,25.257,41681.039,0.251,60.000
0.050,0.007,0.014,20.185,100050.695,3.104,60.000
0.050,0.000,0.013,31.458,-3728.359,0.269,60.000
0.059,0.000,0.017,20.032,50374.680,1.255,60.000
0.048,0.018,0.012,19.647,133021.062,6.247,60.000
0.051,0.005,0.010,20.550,94459.008,1.281,60.000
0.045,0.001,0.016,23.646,56122.117,-0.364,60.000
0.051,0.014,0.011,20.338,109233.680,5.128,60.000
0.053,0.000,0.008,26.310,-12432.047,0.046,60.000
0.054,0.002,0.008,24.155,84745.648,0.418,60.000
0.050,0.022,0.012,20.417,143340.719,5.680,60.000
0.048,0.001,0.016,23.801,151024.906,1.745,60.000
0.050,0.003,0.015,21.466,122541.008,2.511,60.000
0.000,0.013,0.013,15.684,57992.258,7.694,60.000
0.048,0.006,0.010,22.254,116569.898,1.467,60.000
0.050,0.019,0.011,19.329,111275.477,6.145,60.000
0.056,0.002,0.015,22.382,102299.008,0.313,60.000
0.050,0.000,0.021,21.371,50177.305,0.007,60.000
0.052,0.016,0.011,19.480,97836.633,6.146,60.000
0.050,0.021,0.013,20.827,132023.531,6.177,60.000
0.059,0.001,0.016,22.858,93160.805,-0.591,60.000
0.046,0.001,0.015,23.508,155630.750,1.583,60.000
0.053,0.001,0.018,22.966,99670.008,1.546,60.000
0.050,0.020,0.012,20.511,129599.789,6.228,60.000
0.059,0.001,0.017,21.093,108671.867,0.074,60.000
0.049,0.022,0.014,20.794,140926.188,5.886,60.000
0.050,0.001,0.022,21.787,124837.070,1.604,60.000
0.057,0.001,0.006,23.339,34796.508,-0.438,60.000
0.048,0.001,0.010,23.518,83588.883,1.279,60.000
0.042,0.000,0.006,21.019,33192.414,-0.175,60.000
0.041,0.001,0.015,21.898,19923.516,-2.682,60.000
0.051,0.022,0.013,20.740,122857.320,6.015,60.000
0.049,0.000,0.013,28.844,62001.242,1.355,60.000
0.050,0.024,0.013,20.512,158745.719,5.829,60.000
0.051,0.001,0.017,24.909,110028.414,1.972,60.000
0.048,0.010,0.014,21.115,153388.938,4.289,60.000
0.051,0.009,0.011,20.779,144978.438,4.837,60.000
0.047,0.001,0.010,22.908,104347.555,1.323,60.000
0.043,0.000,0.006,21.826,-16107.648,-0.446,60.000
0.049,0.018,0.014,19.903,149405.312,7.279,60.000
0.051,0.025,0.010,21.154,113939.820,5.706,60.000
0.048,0.016,0.011,20.701,127143.164,6.378,60.000
0.048,0.001,0.020,21.276,130549.461,1.406,60.000
0.046,0.000,0.015,28.673,-25353.336,-1.394,60.000
0.059,0.001,0.012,22.945,128111.883,-0.270,60.000
0.098,0.012,0.012,19.360,115974.711,5.170,60.000
0.042,0.000,0.011,24.466,-8237.688,-2.189,60.000
0.049,0.022,0.010,20.551,124670.695,6.670,60.000
0.045,0.001,0.010,24.298,88349.570,0.593,60.000
0.056,0.000,0.007,22.450,60389.836,-0.502,60.000
0.047,0.000,0.011,34.266,-78242.367,0.097,60.000
0.044,0.001,0.014,25.747,54452.336,0.145,60.000
0.045,0.001,0.015,26.441,72167.758,0.256,60.000
0.053,0.000,0.020,21.456,-64621.180,-3.720,60.000
0.050,0.025,0.010,21.107,121188.758,5.826,60.000
0.049,0.023,0.013,20.541,157124.062,5.606,60.000
0.057,0.001,0.012,21.477,127072.570,0.968,60.000
0.049,0.020,0.013,19.919,134657.875,6.376,60.000
0.046,0.000,0.016,26.719,-9718.203,-0.710,60.000
0.050,0.001,0.016,25.908,129324.555,1.787,60.000
0.059,0.001,0.014,22.260,121496.414,0.031,60.000
0.058,0.000,0.019,20.568,76012.195,1.627,60.000
0.044,0.001,0.004,20.688,89938.664,1.208,60.000
0.052,0.023,0.012,19.624,134830.719,5.486,60.000
0.054,0.001,0.011,25.824,68450.180,1.736,60.000
0.048,0.001,0.004,23.998,-11895.453,0.066,60.000
0.051,0.011,0.010,20.462,60920.820,4.248,60.000
0.052,0.000,0.021,20.298,63729.242,0.276,60.000
0.048,0.001,0.011,25.073,57748.180,1.137,60.000
0.051,0.009,0.014,19.857,97222.992,3.490,60.000
0.046,0.001,0.014,26.376,89672.414,0.963,60.000
0.052,0.024,0.012,19.702,131084.531,5.299,60.000
0.051,0.012,0.011,19.682,103976.633,3.619,60.000
0.048,0.008,0.012,21.888,164729.594,4.746,60.000
0.053,0.000,0.006,26.498,-26632.688,0.940,60.000
0.048,0.022,0.011,20.705,132283.906,7.012,60.000
0.098,0.013,0.013,20.285,106230.023,4.302,60.000
0.051,0.003,0.015,21.021,115564.070,2.472,60.000
0.050,0.017,0.012,19.945,120972.602,6.690,60.000
0.052,0.008,0.012,20.650,110617.383,4.689,60.000
0.051,0.019,0.014,20.232,134600.844,7.308,60.000
0.053,0.002,0.006,22.455,104434.883,0.325,60.000
0.051,0.006,0.013,21.766,95197.680,3.797,60.000
0.003,0.012,0.011,18.624,38719.086,6.707,60.000
0.053,0.001,0.006,24.570,36267.242,-0.536,60.000
0.050,0.001,0.012,25.715,59485.414,2.439,60.000
0.050,0.001,0.012,30.343,29534.883,1.569,60.000
0.057,0.001,0.012,25.514,32280.664,0.365,60.000
0.045,0.000,0.005,23.028,2645.344,1.286,60.000
0.049,0.010,0.011,20.610,121551.977,4.002,60.000
0.046,0.002,0.012,23.513,114613.133,1.829,60.000
0.050,0.003,0.013,21.831,101155.570,2.707,60.000
0.051,0.001,0.009,27.907,14974.734,-0.156,60.000
0.048,0.009,0.013,20.648,149521.688,4.572,60.000
0.049,0.000,0.018,24.980,-10978.148,-1.431,60.000
0.047,0.001,0.010,28.726,-46674.254,-1.895,60.000
0.049,0.011,0.010,21.343,75950.727,4.139,60.000
0.001,0.013,0.012,19.792,63755.117,6.191,60.000
0.043,0.001,0.018,18.527,116687.852,0.054,60.000
0.050,0.002,0.009,24.670,63567.398,1.050,60.000
0.053,0.000,0.006,24.137,13841.547,0.009,60.000
0.050,0.007,0.010,20.065,145855.062,2.812,60.000
0.048,0.002,0.014,23.506,139739.375,2.443,60.000
0.051,0.006,0.010,19.401,130742.070,2.215,60.000
0.050,0.005,0.012,22.311,109164.242,4.169,60.000
0.048,0.009,0.010,22.209,107447.945,2.776,60.000
0.051,0.022,0.013,20.735,123844.508,6.023,60.000
0.099,0.011,0.012,23.913,62126.508,3.617,60.000
0.058,0.001,0.016,22.597,110535.852,0.206,60.000
0.050,0.001,0.018,22.488,122632.492,2.112,60.000
0.048,0.004,0.012,22.091,124522.852,3.287,60.000
0.059,0.001,0.009,23.045,112718.523,0.446,60.000
0.041,0.000,0.017,22.865,38847.258,-0.143,60.000
0.049,0.024,0.014,20.241,164160.469,5.793,60.000
0.048,0.009,0.010,21.898,114660.133,3.272,60.000
0.002,0.012,0.013,20.507,71427.430,5.628,60.000
0.050,0.009,0.010,20.682,114017.711,3.376,60.000
0.042,0.001,0.005,22.356,77000.461,1.608,60.000
0.051,0.012,0.011,19.595,80592.117,4.120,60.000
0.050,0.019,0.013,20.004,130438.648,6.949,60.000
0.047,0.001,0.002,21.609,-22325.562,0.126,60.000
0.055,0.002,0.007,22.331,105296.789,0.036,60.000
0.051,0.013,0.011,19.871,83172.211,4.337,60.000
0.055,0.000,0.008,26.362,-21632.234,-0.945,60.000
0.048,0.014,0.012,21.184,116010.398,5.436,60.000
0.053,0.000,0.012,33.165,50904.867,1.003,60.000
0.048,0.001,0.017,27.788,-1259.641,-0.982,60.000
0.097,0.012,0.013,20.161,118267.008,4.095,60.000
0.050,0.023,0.014,20.247,131524.688,6.054,60.000
0.049,0.022,0.013,20.762,147507.656,5.689,60.000
0.050,0.021,0.010,18.836,103039.164,6.037,60.000
0.049,0.000,0.010,27.507,16894.906,0.292,60.000
0.052,0.011,0.012,19.713,106916.539,3.846,60.000
0.054,0.001,0.009,24.198,69482.570,0.533,60.000
0.051,0.018,0.012,20.065,110590.586,6.609,60.000
0.051,0.005,0.010,20.803,79281.273,1.591,60.000
0.050,0.002,0.014,23.123,110174.773,2.545,60.000
0.045,0.001,0.009,22.437,112174.742,0.484,60.000
0.049,0.023,0.010,20.818,129272.695,6.655,60.000
0.052,0.006,0.011,20.204,107602.680,3.612,60.000
0.049,0.024,0.010,21.233,131297.062,6.516,60.000
0.051,0.021,0.011,19.672,113470.336,6.091,60.000
0.049,0.025,0.010,21.944,139145.781,6.571,60.000
0.043,0.002,0.011,21.972,101745.883,-0.235,60.000
0.051,0.001,0.005,21.220,115349.727,0.433,60.000
0.048,0.009,0.013,21.092,158635.156,4.969,60.000
0.049,0.022,0.012,20.437,141308.500,6.140,60.000
0.043,0.001,0.013,22.238,84200.008,0.336,60.000
0.045,0.001,0.020,19.975,122236.102,1.018,60.000
0.052,0.025,0.010,20.775,108204.320,5.585,60.000
0.039,0.001,0.014,20.075,47450.195,-1.517,60.000
0.052,0.001,0.020,22.832,64980.211,0.943,60.000
0.048,0.026,0.013,20.415,160097.938,6.226,60.000
0.049,0.004,0.012,22.590,104192.227,3.593,60.000
0.052,0.003,0.011,22.656,52468.773,2.961,60.000
0.050,0.014,0.014,23.479,154218.250,4.857,60.000
0.049,0.024,0.013,20.184,166814.125,5.616,60.000
0.049,0.003,0.013,23.238,109062.930,3.048,60.000
0.054,0.001,0.022,21.334,48697.086,0.447,60.000
0.056,0.001,0.003,19.551,129237.852,0.012,60.000
0.056,0.001,0.005,20.215,127427.555,0.118,60.000
0.058,0.001,0.017,23.281,33531.758,-1.130,60.000
0.059,0.001,0.011,18.193,144748.906,-0.236,60.000
0.051,0.019,0.011,19.468,112292.461,6.025,60.000
0.054,0.000,0.018,22.641,22806.375,-0.378,60.000
0.053,0.001,0.018,24.479,42700.461,1.121,60.000
0.047,0.002,0.013,24.655,132157.281,2.787,60.000
0.055,0.001,0.010,24.478,67495.945,0.359,60.000
0.097,0.012,0.013,19.998,118968.742,4.354,60.000
0.051,0.000,0.017,26.771,33148.820,0.429,60.000
0.043,0.000,0.013,25.869,31434.117,-1.409,60.000
0.042,0.001,0.018,18.497,107889.633,-0.121,60.000
0.049,0.019,0.012,20.384,133902.719,6.315,60.000
0.042,0.000,0.013,29.153,-50974.746,-0.526,60.000
0.050,0.016,0.011,20.291,110480.570,6.303,60.000
0.049,0.014,0.012,21.036,129144.617,5.081,60.000
0.051,0.023,0.010,19.830,101447.727,6.008,60.000
0.048,0.027,0.012,20.643,164388.656,5.297,60.000
0.050,0.018,0.010,19.350,108653.211,5.974,60.000
0.050,0.001,0.009,24.536,83192.555,0.923,60.000
0.060,0.001,0.010,20.833,118713.477,-0.045,60.000
0.039,0.001,0.011,21.556,57418.648,-0.373,60.000
0.059,0.001,0.009,22.312,112418.883,0.240,60.000
0.059,0.001,0.010,20.394,118506.523,0.204,60.000
0.051,0.023,0.011,20.239,104836.695,5.995,60.000
0.051,0.006,0.012,22.426,119168.820,4.975,60.000
0.048,0.012,0.013,21.100,152811.125,3.923,60.000
0.050,0.001,0.002,21.181,36510.227,-0.120,60.000
0.051,0.001,0.010,27.596,16461.195,0.505,60.000
0.050,0.001,0.020,23.494,64439.977,1.108,60.000
0.053,0.001,0.021,21.880,73454.023,0.970,60.000
0.059,0.000,0.010,21.448,-40176.848,1.225,60.000
0.001,0.013,0.012,19.791,65384.617,6.100,60.000
0.050,0.006,0.011,20.868,153446.500,3.699,60.000
0.051,0.014,0.012,20.937,128055.086,4.753,60.000
0.044,0.001,0.004,21.862,83110.102,1.457,60.000
0.055,0.001,0.019,21.463,106825.477,1.333,60.000
0.052,0.005,0.013,20.469,91463.008,2.932,60.000
0.054,0.001,0.017,21.383,90702.773,0.802,60.000
0.061,0.001,0.009,20.764,127878.102,0.309,60.000
0.051,0.019,0.010,18.461,93303.602,5.508,60.000
0.041,0.001,0.009,21.266,98568.586,0.195,60.000
0.046,0.001,0.012,23.130,102281.305,1.387,60.000
0.050,0.017,0.012,19.564,113882.008,6.395,60.000
0.053,0.000,0.015,26.715,42671.133,1.343,60.000
0.050,0.018,0.011,19.838,125548.555,6.409,60.000
0.045,0.000,0.014,31.687,-14512.836,0.906,60.000
0.059,0.000,0.010,24.131,-40014.883,0.428,60.000
0.048,0.013,0.013,21.214,137457.062,4.681,60.000
0.099,0.011,0.013,21.262,131251.281,4.662,60.000
0.050,0.012,0.011,19.968,108414.492,4.007,60.000
0.057,0.001,0.011,24.508,53650.633,0.465,60.000
0.051,0.011,0.010,19.571,71324.898,3.632,60.000
0.050,0.001,0.019,22.689,115176.133,2.173,60.000
0.051,0.023,0.012,19.884,133370.688,5.724,60.000
0.050,0.022,0.013,20.631,148307.281,5.680,60.000
0.049,0.022,0.014,20.647,139236.188,5.994,60.000
0.047,0.001,0.012,29.614,10886.812,0.065,60.000
0.049,0.024,0.011,20.628,136041.812,6.592,60.000
0.044,0.001,0.012,23.666,94451.180,0.729,60.000
0.051,0.022,0.012,20.092,135159.938,5.687,60.000
0.042,0.000,0.011,27.058,-72319.609,2.197,60.000
0.051,0.020,0.011,19.599,113189.148,5.996,60.000
0.050,0.022,0.011,19.756,120838.805,5.950,60.000
0.056,0.001,0.014,24.326,110955.586,0.787,60.000
0.053,0.000,0.007,25.892,-6817.930,0.104,60.000
0.048,0.014,0.011,21.081,103862.914,5.294,60.000
0.059,0.000,0.013,23.722,8176.695,1.167,60.000
0.051,0.018,0.013,20.692,111085.383,7.192,60.000
0.099,0.012,0.011,21.244,71335.117,3.982,60.000
0.001,0.011,0.012,20.683,23333.453,6.102,60.000
0.047,0.001,0.009,27.535,296.281,-0.480,60.000
0.048,0.003,0.012,22.529,108430.633,2.834,60.000
0.049,0.018,0.010,19.824,122943.914,6.468,60.000
0.049,0.019,0.012,20.385,133953.469,6.337,60.000
0.059,0.001,0.008,25.014,30002.648,0.048,60.000
0.099,0.011,0.011,19.551,116220.898,4.707,60.000
0.048,0.003,0.014,21.892,114268.836,2.644,60.000
0.051,0.026,0.013,20.397,168823.656,5.449,60.000
0.045,0.000,0.011,27.875,27258.039,-1.267,60.000
0.048,0.003,0.013,22.426,114342.633,3.080,60.000
0.051,0.001,0.014,24.241,100920.164,1.533,60.000
0.047,0.001,0.013,28.212,109281.695,2.124,60.000
0.058,0.000,0.005,24.147,-35248.133,1.613,60.000
0.050,0.026,0.013,19.953,189960.062,5.766,60.000
0.050,0.015,0.012,20.620,111582.133,5.652,60.000
0.047,0.001,0.005,23.191,88038.195,0.777,60.000
0.048,0.018,0.011,20.179,129014.023,6.624,60.000
0.002,0.011,0.012,19.404,37449.680,6.494,60.000
0.048,0.026,0.012,20.643,159707.125,6.535,60.000
0.055,0.002,0.009,23.384,70678.742,0.248,60.000
0.048,0.025,0.012,20.589,149869.906,6.484,60.000
0.057,0.001,0.010,22.086,95206.195,0.286,60.000
0.053,0.002,0.008,24.078,83631.945,0.429,60.000
0.050,0.010,0.009,21.393,95987.008,2.940,60.000
0.052,0.025,0.013,19.720,152617.188,5.411,60.000
0.048,0.025,0.011,21.869,141721.719,6.786,60.000
0.051,0.000,0.006,25.455,-31264.297,-0.700,60.000
0.052,0.005,0.013,20.575,88407.102,2.894,60.000
0.053,0.001,0.020,21.641,112731.133,1.906,60.000
0.049,0.014,0.013,21.174,158635.719,5.099,60.000
0.045,0.000,0.011,31.895,-7753.695,2.790,60.000
0.049,0.009,0.010,22.225,114241.914,2.476,60.000
0.051,0.021,0.011,19.226,93057.445,5.730,60.000
0.048,0.022,0.012,20.325,139805.531,5.880,60.000
0.045,0.000,0.013,30.795,36009.883,-0.427,60.000
0.050,0.024,0.010,21.027,123360.586,6.047,60.000
0.048,0.005,0.011,20.811,139241.594,3.178,60.000
0.049,0.012,0.010,21.135,77011.711,4.520,60.000
0.002,0.013,0.012,19.535,66286.617,5.998,60.000
0.045,0.001,0.012,26.043,53710.758,0.237,60.000
0.053,0.000,0.012,32.647,-2240.906,-0.203,60.000
0.051,0.004,0.013,21.773,88486.055,3.026,60.000
0.052,0.011,0.012,20.096,107429.820,4.236,60.000
0.051,0.001,0.022,21.439,121256.008,1.858,60.000
0.051,0.008,0.013,20.634,99446.211,4.218,60.000
0.002,0.012,0.011,18.642,37721.148,6.522,60.000
0.051,0.021,0.012,20.086,122893.008,5.840,60.000
0.055,0.000,0.017,24.795,16212.156,2.275,60.000
0.048,0.016,0.011,20.635,128953.305,6.726,60.000
0.049,0.024,0.010,21.623,138551.125,6.680,60.000
0.055,0.001,0.018,21.122,97802.461,0.634,60.000
0.049,0.019,0.014,19.671,142499.250,7.121,60.000
0.052,0.000,0.006,25.184,-19801.414,-0.313,60.000
0.052,0.023,0.013,19.863,127906.883,5.304,60.000
0.051,0.008,0.015,20.059,99675.336,3.144,60.000
0.042,0.001,0.015,23.842,-15193.078,-4.140,60.000
0.050,0.007,0.012,22.383,167050.250,5.912,60.000
0.098,0.012,0.012,20.107,125367.164,4.761,60.000
0.051,0.001,0.012,27.349,67497.961,2.589,60.000
0.051,0.019,0.011,18.758,100259.023,5.859,60.000
0.100,0.012,0.012,29.157,-68961.453,6.066,60.000
0.060,0.001,0.013,21.263,125520.836,-0.359,60.000
0.050,0.005,0.010,21.474,95545.289,1.373,60.000
0.049,0.001,0.017,22.735,140851.750,1.853,60.000
0.051,0.022,0.011,19.475,100981.555,5.724,60.000
0.041,0.000,0.010,22.318,-26534.383,-2.085,60.000
0.053,0.000,0.013,27.608,-996.172,0.478,60.000
0.056,0.001,0.008,24.135,81928.023,-0.033,60.000
0.050,0.003,0.014,21.409,113529.508,2.573,60.000
0.050,0.002,0.010,24.107,51126.586,1.283,60.000
0.058,0.001,0.011,19.835,133310.219,0.387,60.000
0.049,0.017,0.011,20.157,127704.117,6.523,60.000
0.051,0.004,0.012,21.938,98177.258,3.776,60.000
0.053,0.001,0.005,21.013,116600.430,0.219,60.000
0.047,0.001,0.016,24.718,150174.031,1.743,60.000
0.049,0.025,0.013,20.166,164118.406,5.778,60.000
0.048,0.001,0.018,24.613,35239.836,-0.194,60.000
0.050,0.012,0.012,20.655,137332.000,4.229,60.000
0.051,0.000,0.019,24.824,37200.617,0.640,60.000
0.052,0.001,0.017,22.941,96859.836,1.763,60.000
0.051,0.008,0.012,21.625,135647.656,5.903,60.000
0.043,0.001,0.019,20.473,61561.742,-0.730,60.000
0.048,0.010,0.012,21.118,136096.281,4.180,60.000
0.043,0.001,0.008,25.496,-54399.016,-1.168,60.000
0.053,0.000,0.011,32.862,-15372.484,0.680,60.000
0.049,0.001,0.005,25.217,60321.930,0.339,60.000
0.050,0.001,0.005,23.626,48256.633,0.126,60.000
0.047,0.001,0.012,31.125,10789.477,0.408,60.000
0.058,0.000,0.013,24.639,-1638.953,-0.110,60.000
0.040,0.001,0.007,20.321,93562.492,0.774,60.000
0.055,0.001,0.013,29.022,13418.812,1.110,60.000
0.052,0.009,0.012,20.279,102408.883,4.584,60.000
0.098,0.012,0.012,20.199,126670.398,4.811,60.000
0.040,0.000,0.009,25.273,-31717.453,2.253,60.000
0.052,0.001,0.003,21.411,80750.523,0.236,60.000
0.051,0.008,0.014,20.088,82188.977,3.376,60.000
0.001,0.012,0.012,19.451,53617.180,6.349,60.000
0.044,0.000,0.008,25.334,-84030.297,-0.640,60.000
0.055,0.001,0.004,19.011,130061.336,0.022,60.000
0.058,0.000,0.008,22.998,-42807.672,3.241,60.000
0.050,0.011,0.012,20.375,134641.094,4.278,60.000
0.050,0.001,0.022,21.805,128321.523,1.718,60.000
0.047,0.000,0.014,32.281,38569.336,0.184,60.000
0.049,0.001,0.009,27.816,3688.117,-0.710,60.000
0.048,0.008,0.010,22.098,116233.711,2.288,60.000
0.048,0.016,0.011,20.695,114518.477,6.122,60.000
0.049,0.020,0.011,19.994,121563.883,6.713,60.000
0.051,0.004,0.010,22.238,71774.539,1.063,60.000
0.048,0.013,0.012,21.179,122543.555,4.810,60.000
0.048,0.000,0.006,25.912,20503.234,-0.023,60.000
0.052,0.015,0.011,20.027,95192.461,5.914,60.000
0.051,0.002,0.010,25.102,52191.461,1.226,60.000
0.055,0.001,0.014,25.524,99644.648,1.086,60.000
0.047,0.000,0.010,26.001,-12474.945,0.049,60.000
0.051,0.001,0.003,19.575,127071.492,0.678,60.000
0.042,0.000,0.007,21.874,-18301.633,-1.638,60.000
0.048,0.007,0.011,21.870,149766.719,3.500,60.000
0.050,0.021,0.011,19.931,114811.305,5.983,60.000
0.044,0.001,0.012,26.236,50331.117,-0.145,60.000
0.043,0.001,0.004,20.587,89940.148,1.492,60.000
0.051,0.024,0.010,20.592,110900.258,5.829,60.000
0.043,0.000,0.012,29.515,-93877.188,-0.821,60.000
0.053,0.000,0.016,26.549,-23545.281,-1.260,60.000
0.050,0.001,0.017,27.798,-35183.719,-1.381,60.000
0.051,0.000,0.016,28.250,76202.148,2.929,60.000
0.049,0.007,0.010,21.333,130104.742,2.230,60.000
0.045,0.001,0.013,23.624,117735.398,2.036,60.000
0.040,0.000,0.015,20.719,20425.727,-2.343,60.000
0.049,0.001,0.005,24.872,57954.711,0.401,60.000
0.059,0.000,0.008,22.120,-33008.133,0.485,60.000
0.051,0.002,0.010,24.154,49891.758,1.623,60.000
0.059,0.000,0.009,25.218,24206.148,-0.106,60.000
0.042,0.001,0.005,21.240,82475.086,1.582,60.000
0.045,0.001,0.020,20.561,94116.430,0.448,60.000
0.053,0.000,0.017,27.794,-38974.969,-0.772,60.000
0.050,0.003,0.014,20.833,120035.273,2.562,60.000
0.049,0.011,0.014,22.529,150051.062,4.010,60.000
0.053,0.002,0.017,22.540,89917.586,1.566,60.000
0.051,0.011,0.013,20.652,124403.102,4.481,60.000
0.052,0.023,0.011,19.767,125310.867,5.517,60.000
0.053,0.001,0.005,20.811,116094.227,0.124,60.000
0.057,0.000,0.012,27.419,-14813.398,0.323,60.000
0.051,0.023,0.012,19.715,135283.094,5.612,60.000
0.054,0.001,0.013,27.471,57226.055,1.487,60.000
0.050,0.019,0.013,19.841,123873.383,6.458,60.000
0.052,0.003,0.013,22.504,85890.445,2.116,60.000
0.050,0.023,0.010,20.406,116691.695,6.267,60.000
0.050,0.009,0.010,19.880,123868.523,3.494,60.000
0.051,0.024,0.013,19.931,159733.625,5.532,60.000
0.049,0.005,0.014,21.288,103089.508,2.545,60.000
0.046,0.000,0.015,28.764,-34436.008,-1.665,60.000
0.052,0.014,0.013,21.921,120200.492,4.874,60.000
0.051,0.000,0.021,20.132,65271.023,0.415,60.000
0.056,0.000,0.011,24.880,-51123.492,1.564,60.000
0.052,0.012,0.011,19.523,93593.648,3.269,60.000
0.049,0.016,0.012,20.349,134380.500,5.927,60.000
0.046,0.001,0.012,28.126,46228.852,0.906,60.000
0.052,0.013,0.012,21.012,117942.461,4.139,60.000
0.050,0.004,0.011,21.801,95399.586,2.823,60.000
0.046,0.001,0.015,21.744,163240.625,1.921,60.000
0.001,0.012,0.011,19.370,14100.898,6.868,60.000
0.050,0.021,0.013,20.512,128515.664,6.245,60.000
0.057,0.001,0.006,23.587,27639.961,-0.472,60.000
0.048,0.001,0.007,25.968,28980.367,0.314,60.000
0.002,0.012,0.011,18.138,26696.547,6.960,60.000
0.056,0.001,0.021,21.450,31152.633,-0.735,60.000
0.048,0.001,0.014,26.180,136230.625,2.445,60.000
0.048,0.016,0.013,19.913,143106.031,6.370,60.000
0.052,0.001,0.004,19.283,126075.305,0.300,60.000
0.051,0.019,0.013,20.669,114824.367,7.067,60.000
0.052,0.025,0.012,19.508,154795.125,5.368,60.000
0.051,0.009,0.014,19.875,102292.289,3.988,60.000
0.052,0.017,0.012,19.539,100515.523,5.969,60.000
0.049,0.013,0.010,20.842,78314.336,4.555,60.000
0.052,0.016,0.012,19.837,105978.742,5.922,60.000
0.051,0.001,0.010,25.405,51771.977,1.629,60.000
0.057,0.001,0.009,25.995,37083.148,-0.135,60.000
0.049,0.026,0.010,21.423,109784.633,5.146,60.000
0.050,0.010,0.014,21.817,135490.062,3.747,60.000
0.051,0.014,0.012,20.649,140256.812,5.051,60.000
0.049,0.020,0.010,19.473,117482.492,6.627,60.000
0.050,0.006,0.014,20.547,101868.211,2.761,60.000
0.052,0.002,0.014,23.872,85232.039,1.812,60.000
0.053,0.001,0.012,28.926,17013.359,1.651,60.000
0.050,0.010,0.010,21.203,79049.242,3.734,60.000
0.053,0.001,0.009,24.577,64448.070,0.969,60.000
0.049,0.019,0.012,20.227,134000.000,6.344,60.000
0.048,0.001,0.007,26.221,53024.055,0.495,60.000
0.049,0.002,0.017,22.760,142858.969,1.944,60.000
0.051,0.013,0.014,23.165,142686.188,4.220,60.000
0.043,0.000,0.014,26.193,-37151.867,-2.795,60.000
0.051,0.003,0.012,22.958,87172.133,3.414,60.000
0.044,0.001,0.006,22.852,61074.633,0.756,60.000
0.047,0.002,0.012,23.245,118936.086,2.053,60.000
0.060,0.000,0.015,21.673,107925.445,0.597,60.000
0.049,0.006,0.010,21.808,108117.367,1.713,60.000
0.049,0.005,0.013,21.864,101980.430,2.995,60.000
0.051,0.015,0.011,20.275,95872.430,5.642,60.000
0.050,0.013,0.010,20.523,73269.289,4.764,60.000
0.050,0.008,0.011,20.749,152766.250,4.163,60.000
0.048,0.012,0.011,21.453,122705.336,4.487,60.000
0.050,0.000,0.004,24.928,-6994.930,-0.219,60.000
0.048,0.016,0.011,20.538,122305.508,6.516,60.000
0.053,0.000,0.013,32.524,7212.102,-0.049,60.000
0.039,0.000,0.014,19.319,11056.883,-3.020,60.000
0.049,0.004,0.014,21.086,119548.977,2.591,60.000
0.050,0.001,0.013,29.781,64851.445,2.010,60.000
0.050,0.016,0.014,21.475,147520.938,5.966,60.000
0.045,0.000,0.012,26.278,49475.758,-0.615,60.000
0.098,0.012,0.014,20.126,127269.820,3.776,60.000
0.059,0.001,0.008,21.752,118820.945,0.347,60.000
0.048,0.013,0.013,21.106,148094.656,4.293,60.000
0.049,0.019,0.011,20.119,125871.352,6.409,60.000
0.059,0.001,0.010,23.265,-27064.828,-0.849,60.000
0.050,0.009,0.009,21.186,116478.148,2.415,60.000
0.052,0.005,0.011,21.364,82349.195,2.915,60.000
0.048,0.021,0.012,20.565,142719.531,5.513,60.000
0.056,0.002,0.008,21.966,97018.570,-0.075,60.000
0.049,0.008,0.011,21.069,147154.031,3.838,60.000
0.050,0.017,0.011,20.096,116041.305,6.493,60.000
0.056,0.002,0.016,21.120,92015.055,0.287,60.000
0.047,0.001,0.017,25.803,37807.805,-0.623,60.000
0.050,0.001,0.012,25.595,60462.570,2.400,60.000
0.042,0.001,0.011,26.455,6711.008,-2.152,60.000
0.055,0.000,0.020,22.215,-76622.930,-3.986,60.000
0.048,0.005,0.010,21.470,114602.180,1.822,60.000
0.043,0.000,0.015,24.486,4060.109,-2.295,60.000
0.051,0.010,0.012,19.898,114576.883,4.494,60.000
0.050,0.020,0.014,19.886,132424.969,7.066,60.000
0.057,0.001,0.008,21.676,115493.867,-0.119,60.000
0.002,0.013,0.013,19.957,65312.539,5.770,60.000
0.043,0.001,0.014,22.113,77875.711,0.336,60.000
0.050,0.005,0.011,20.896,111709.914,2.635,60.000
0.045,0.000,0.006,24.395,-34069.898,-1.060,60.000
0.047,0.002,0.016,20.812,163228.688,1.794,60.000
0.055,0.000,0.018,23.186,16503.031,0.280,60.000
0.098,0.014,0.012,19.460,102291.367,5.000,60.000
0.051,0.019,0.014,20.158,125224.102,7.148,60.000
0.042,0.001,0.009,21.697,106870.336,0.321,60.000
0.050,0.001,0.019,23.848,92528.320,1.566,60.000
0.055,0.001,0.010,28.129,-43676.598,0.235,60.000
0.050,0.010,0.014,21.708,137662.281,4.038,60.000
0.098,0.012,0.014,20.475,136081.219,3.718,60.000
0.050,0.023,0.014,20.102,129246.398,6.001,60.000
0.049,0.001,0.014,26.129,142177.156,2.060,60.000
0.050,0.003,0.014,22.776,109365.852,2.535,60.000
0.051,0.025,0.012,19.585,148471.656,5.708,60.000
0.054,0.000,0.007,24.274,49457.383,1.068,60.000
0.041,0.001,0.017,20.891,6233.156,-3.526,60.000
0.048,0.008,0.011,21.813,148718.062,4.169,60.000
0.056,0.000,0.014,28.205,97749.367,1.657,60.000
0.049,0.013,0.011,21.179,99698.602,4.774,60.000
0.051,0.009,0.011,20.391,146673.938,4.496,60.000
0.052,0.001,0.005,25.345,-22194.742,-1.065,60.000
0.051,0.025,0.013,19.637,168811.625,5.513,60.000
0.051,0.017,0.010,19.160,97245.836,5.803,60.000
0.050,0.021,0.010,19.177,101123.180,6.189,60.000
0.051,0.023,0.011,20.023,103338.383,5.855,60.000
0.051,0.026,0.011,20.096,133410.594,5.792,60.000
0.051,0.024,0.011,20.130,126831.477,6.015,60.000
0.051,0.014,0.014,23.091,131701.156,4.551,60.000
0.052,0.001,0.014,23.937,91447.695,1.414,60.000
0.053,0.000,0.007,26.613,4073.125,0.130,60.000
0.044,0.001,0.011,21.921,99318.008,0.151,60.000
0.043,0.001,0.007,21.164,81497.227,0.457,60.000
0.053,0.002,0.018,22.447,95155.242,2.044,60.000
0.041,0.000,0.017,21.559,-84983.141,-3.539,60.000
0.043,0.001,0.017,21.184,63331.758,-1.597,60.000
0.003,0.013,0.013,19.991,61567.867,5.659,60.000
0.044,0.001,0.017,18.768,133420.656,0.154,60.000
0.052,0.001,0.009,25.840,62795.148,0.492,60.000
0.050,0.000,0.011,28.510,-15796.672,-0.009,60.000
0.055,0.000,0.015,29.196,-7864.688,0.125,60.000
0.052,0.016,0.013,20.886,117073.898,6.053,60.000
0.057,0.001,0.008,24.647,51634.570,-0.033,60.000
0.051,0.006,0.010,19.545,128369.648,2.172,60.000
0.049,0.001,0.019,22.444,129866.445,1.915,60.000
0.051,0.016,0.013,20.572,118471.695,5.891,60.000
0.052,0.008,0.013,20.356,82998.164,3.517,60.000
0.046,0.000,0.017,25.061,11633.055,-1.372,60.000
0.050,0.006,0.013,21.796,100998.055,3.580,60.000
0.049,0.014,0.014,22.043,165185.531,5.259,60.000
0.048,0.007,0.012,21.849,158262.531,4.273,60.000
0.052,0.001,0.010,26.440,38929.352,0.841,60.000
0.041,0.001,0.013,18.881,59548.492,-1.084,60.000
0.043,0.000,0.017,22.445,40340.508,-0.996,60.000
0.099,0.013,0.011,19.110,105026.883,5.203,60.000
0.050,0.000,0.003,22.701,-2154.531,-0.215,60.000
0.048,0.002,0.010,23.763,77913.023,1.332,60.000
0.051,0.022,0.011,19.547,117233.977,5.697,60.000
0.050,0.004,0.013,21.786,92952.820,3.182,60.000
0.050,0.007,0.013,21.265,117336.258,4.132,60.000
0.052,0.014,0.013,21.862,113831.695,4.715,60.000
0.053,0.002,0.010,24.299,54462.258,1.087,60.000
0.051,0.017,0.013,20.703,126950.555,6.830,60.000
0.055,0.001,0.012,23.329,99974.523,1.713,60.000
0.098,0.012,0.012,19.495,125497.430,4.944,60.000
0.048,0.002,0.010,23.285,82812.805,1.272,60.000
0.049,0.016,0.012,20.024,120200.586,6.113,60.000
0.050,0.021,0.014,19.886,129223.961,6.402,60.000
0.057,0.000,0.009,25.722,-2193.047,-0.542,60.000
0.048,0.003,0.011,21.490,105882.117,1.618,60.000
0.052,0.001,0.008,24.311,88759.695,0.482,60.000
0.052,0.026,0.011,20.569,112579.602,5.544,60.000
0.049,0.012,0.014,22.338,156835.250,4.111,60.000
0.055,0.001,0.019,21.180,105305.789,1.478,60.000
0.053,0.000,0.019,23.229,32182.836,-1.108,60.000
0.056,0.002,0.007,22.453,111667.633,0.040,60.000
0.052,0.018,0.013,20.487,101931.258,6.599,60.000
0.046,0.000,0.019,22.566,50890.680,-0.126,60.000
0.041,0.001,0.014,20.059,35396.711,-1.934,60.000
0.045,0.000,0.008,28.416,-29555.656,1.796,60.000
0.051,0.001,0.001,21.527,1654.961,-0.790,60.000
0.048,0.000,0.015,27.789,37997.852,1.450,60.000
0.048,0.003,0.012,22.916,115798.680,3.012,60.000
0.049,0.001,0.020,21.305,126442.633,1.620,60.000
0.051,0.007,0.012,22.236,144427.344,5.919,60.000
0.045,0.002,0.010,22.490,110488.352,0.863,60.000
0.050,0.013,0.012,20.901,114740.742,4.868,60.000
0.057,0.000,0.016,25.064,31464.570,-0.357,60.000
0.051,0.001,0.008,24.553,96345.820,0.748,60.000
0.043,0.001,0.007,23.634,29866.898,0.334,60.000
0.046,0.000,0.009,31.167,-8188.727,2.315,60.000
0.051,0.001,0.011,31.349,-44714.223,0.712,60.000
0.002,0.012,0.012,19.510,51109.398,6.188,60.000
0.048,0.007,0.013,21.261,129146.430,4.132,60.000
0.048,0.000,0.004,21.879,-6816.266,0.170,60.000
0.047,0.000,0.019,22.715,97345.102,0.562,60.000
0.098,0.011,0.011,19.507,107776.477,4.680,60.000
0.042,0.001,0.017,18.746,101028.227,-0.265,60.000
0.002,0.012,0.013,20.539,73439.273,5.404,60.000
0.049,0.016,0.014,20.273,140279.125,6.567,60.000
0.045,0.001,0.011,22.549,109986.898,0.889,60.000
0.044,0.001,0.017,19.621,132791.625,0.131,60.000
0.050,0.001,0.001,21.479,79686.008,0.199,60.000
0.098,0.012,0.012,19.779,122121.727,5.131,60.000
0.055,0.001,0.010,23.753,70098.242,0.822,60.000
0.056,0.001,0.007,25.188,18307.570,-0.505,60.000
0.041,0.001,0.015,20.708,73596.914,-0.565,60.000
0.051,0.001,0.017,24.409,114075.867,2.023,60.000
0.043,0.000,0.011,23.835,30669.570,-0.867,60.000
0.050,0.025,0.013,19.936,176734.000,5.739,60.000
0.050,0.000,0.006,26.157,-10558.047,0.653,60.000
0.051,0.015,0.011,20.037,88042.914,6.084,60.000
0.051,0.000,0.014,30.670,22960.453,0.597,60.000
0.057,0.000,0.006,21.687,30155.445,0.782,60.000
0.050,0.024,0.013,19.928,162638.375,5.535,60.000
0.058,0.001,0.012,21.809,135576.156,0.101,60.000
0.045,0.001,0.017,22.078,151991.812,1.231,60.000
0.051,0.001,0.009,25.218,61575.414,0.803,60.000
0.050,0.024,0.014,20.409,159856.750,5.835,60.000
0.054,0.001,0.021,20.397,112263.648,1.813,60.000
0.047,0.002,0.017,21.463,156424.219,1.761,60.000
0.042,0.001,0.018,19.267,111525.633,-0.348,60.000
0.050,0.014,0.014,22.871,160919.625,5.207,60.000
0.055,0.002,0.009,23.855,76595.664,0.414,60.000
0.052,0.011,0.013,21.047,110698.914,3.724,60.000
0.051,0.008,0.013,20.349,92564.805,3.953,60.000
0.044,0.001,0.018,21.195,93164.586,-0.667,60.000
0.045,0.002,0.018,19.503,144758.438,1.371,60.000
0.057,0.001,0.005,19.526,132214.375,-0.106,60.000
0.050,0.007,0.012,22.281,163586.281,5.809,60.000
0.050,0.015,0.010,20.090,100473.945,6.158,60.000
0.051,0.019,0.012,19.757,116022.117,6.015,60.000
0.048,0.002,0.007,23.194,98232.492,0.854,60.000
0.049,0.027,0.012,19.443,113587.055,4.856,60.000
0.045,0.001,0.006,25.279,5366.250,0.355,60.000
0.049,0.025,0.013,19.895,178446.750,5.736,60.000
0.049,0.022,0.010,20.288,118443.211,6.421,60.000
0.055,0.001,0.012,24.678,113982.555,1.294,60.000
0.059,0.001,0.008,24.028,80048.633,0.363,60.000
0.050,0.000,0.015,30.730,31643.211,-1.354,60.000
0.050,0.016,0.014,20.817,144059.719,6.342,60.000
0.049,0.006,0.012,22.035,151442.062,4.877,60.000
0.056,0.000,0.014,25.411,47969.758,0.593,60.000
0.049,0.004,0.011,21.588,105651.055,2.656,60.000
0.043,0.001,0.018,20.631,117759.680,0.043,60.000
0.050,0.021,0.011,19.866,110884.680,6.400,60.000
0.054,0.000,0.016,24.717,24513.258,-0.078,60.000
0.046,0.000,0.014,31.272,-13386.727,0.634,60.000
0.001,0.012,0.012,20.095,54540.461,6.255,60.000
0.050,0.012,0.012,20.597,129076.305,4.248,60.000
0.051,0.018,0.013,20.651,107707.602,7.081,60.000
0.049,0.001,0.010,27.021,14589.547,-0.137,60.000
0.051,0.016,0.014,21.611,141034.594,6.025,60.000
0.042,0.001,0.015,21.372,91711.852,0.129,60.000
0.050,0.018,0.013,20.100,136037.156,7.321,60.000
0.047,0.000,0.013,33.061,-9753.906,0.951,60.000
0.052,0.002,0.012,23.953,81125.320,2.988,60.000
0.057,0.000,0.019,17.828,318.438,-0.053,60.000
0.052,0.001,0.019,21.761,107985.617,1.995,60.000
0.052,0.026,0.011,19.983,125034.680,5.515,60.000
0.046,0.001,0.012,30.533,-13074.656,-1.426,60.000
0.050,0.024,0.013,20.073,161024.312,5.449,60.000
0.050,0.001,0.008,23.789,100859.102,0.573,60.000
0.048,0.014,0.012,21.278,112178.648,5.396,60.000
0.050,0.007,0.013,21.644,134334.500,5.460,60.000
0.049,0.003,0.010,22.581,82571.070,1.847,60.000
0.048,0.020,0.011,20.085,123404.086,6.646,60.000
0.051,0.014,0.011,20.264,102724.602,4.803,60.000
0.052,0.000,0.017,26.245,31723.586,0.408,60.000
0.051,0.006,0.013,21.296,98670.867,3.598,60.000
0.050,0.010,0.013,20.399,133499.781,4.703,60.000
0.051,0.009,0.013,19.959,107749.680,4.623,60.000
0.050,0.024,0.011,20.616,129623.727,6.559,60.000
0.051,0.005,0.010,20.818,95519.430,1.601,60.000
0.041,0.000,0.018,19.823,-46624.047,-1.874,60.000
0.051,0.005,0.009,21.372,96559.367,1.245,60.000
0.054,0.002,0.012,23.385,76883.867,2.167,60.000
0.048,0.002,0.013,24.184,121989.477,2.949,60.000
0.052,0.002,0.011,23.966,46777.398,2.901,60.000
0.051,0.011,0.012,20.231,109220.898,4.353,60.000
0.099,0.012,0.012,20.168,120737.195,5.327,60.000
0.049,0.000,0.001,23.861,12148.102,-0.869,60.000
0.049,0.007,0.014,20.524,105526.977,3.220,60.000
0.047,0.002,0.013,23.946,121818.477,2.623,60.000
0.051,0.005,0.013,21.935,94106.180,3.823,60.000
0.051,0.001,0.008,24.163,92599.664,0.590,60.000
0.045,0.000,0.018,24.194,-75904.875,-2.643,60.000
0.055,0.002,0.015,22.581,94034.039,0.543,60.000
0.052,0.001,0.011,29.708,-23813.414,1.521,60.000
0.048,0.019,0.014,19.178,136829.125,6.568,60.000
0.050,0.004,0.015,20.775,115467.211,2.457,60.000
0.048,0.025,0.010,21.876,142341.062,6.843,60.000
0.052,0.010,0.012,19.497,98911.102,4.079,60.000
0.050,0.008,0.012,21.960,176880.938,5.789,60.000
0.050,0.011,0.010,20.652,67532.852,4.251,60.000
0.049,0.016,0.013,19.847,137932.000,6.373,60.000
0.051,0.007,0.011,20.583,162814.406,4.221,60.000
0.050,0.013,0.013,22.150,144851.219,4.565,60.000
0.051,0.000,0.004,22.814,-31529.992,-0.537,60.000
0.052,0.013,0.013,22.789,126969.117,4.235,60.000
0.056,0.001,0.014,27.301,43268.008,0.034,60.000
0.055,0.000,0.007,23.948,19119.695,0.357,60.000
0.052,0.007,0.013,21.024,90353.008,3.580,60.000
0.057,0.001,0.017,23.278,51994.555,-0.547,60.000
0.044,0.001,0.019,20.332,120844.227,0.441,60.000
0.050,0.012,0.010,20.697,71038.055,4.456,60.000
0.050,0.025,0.012,20.047,145303.594,6.224,60.000
0.056,0.000,0.009,25.224,-16810.422,-0.558,60.000
0.052,0.007,0.010,18.686,139372.938,2.509,60.000
0.042,0.000,0.005,22.311,37026.617,0.211,60.000
0.049,0.007,0.013,21.181,142203.562,4.828,60.000
0.055,0.001,0.013,25.560,98852.086,1.342,60.000
0.051,0.014,0.010,19.936,70791.898,5.596,60.000
0.039,0.001,0.011,22.387,39785.961,-0.666,60.000
0.048,0.017,0.012,19.501,129626.148,6.388,60.000
0.055,0.000,0.014,31.165,24800.539,0.459,60.000
0.049,0.025,0.014,19.856,179190.281,5.768,60.000
0.048,0.002,0.014,23.885,141428.094,2.487,60.000
0.052,0.006,0.011,19.775,124529.398,3.593,60.000
0.048,0.012,0.012,21.019,143948.906,4.128,60.000
0.046,0.002,0.017,19.800,156177.688,1.396,60.000
0.047,0.000,0.018,22.943,63035.555,0.877,60.000
0.049,0.008,0.014,20.703,119626.305,4.379,60.000
0.056,0.002,0.013,22.719,109322.648,0.862,60.000
0.050,0.000,0.009,29.770,-61496.848,-0.821,60.000
0.049,0.001,0.007,24.579,107269.336,0.728,60.000
0.049,0.006,0.010,22.449,106825.805,1.441,60.000
0.049,0.002,0.018,21.689,129559.570,1.891,60.000
0.048,0.009,0.010,21.979,108234.492,3.333,60.000
0.053,0.001,0.017,24.457,96667.430,1.279,60.000
0.051,0.001,0.014,27.563,100925.055,1.707,60.000
0.042,0.001,0.010,24.706,41488.430,-1.024,60.000
0.051,0.004,0.014,20.422,110872.992,2.431,60.000
0.049,0.000,0.008,27.830,-38835.242,0.163,60.000
0.050,0.008,0.011,21.171,158461.438,4.757,60.000
0.054,0.001,0.007,23.980,89832.883,0.002,60.000
0.051,0.008,0.011,20.518,148557.438,4.451,60.000
0.049,0.001,0.021,22.312,96946.867,1.382,60.000
0.045,0.001,0.020,20.484,95184.914,0.317,60.000
0.100,0.012,0.013,25.633,31716.242,6.971,60.000
0.041,0.001,0.017,21.951,40732.664,-2.274,60.000
0.048,0.000,0.022,21.833,-91872.680,-1.106,60.000
0.051,0.004,0.010,21.699,78604.430,1.123,60.000
0.051,0.001,0.020,22.907,120467.477,2.024,60.000
0.048,0.022,0.013,20.969,150201.531,5.641,60.000
0.045,0.000,0.010,31.075,-45606.578,1.132,60.000
0.042,0.000,0.017,22.828,-26553.070,-4.747,60.000
0.098,0.011,0.012,19.828,131891.688,4.886,60.000
0.052,0.007,0.011,19.993,132318.000,3.900,60.000
0.099,0.012,0.013,21.214,125844.836,4.294,60.000
0.049,0.026,0.010,22.246,141623.188,6.543,60.000
0.055,0.002,0.012,22.484,103542.664,1.408,60.000
0.050,0.022,0.014,20.314,125857.336,6.126,60.000
0.050,0.000,0.004,22.997,-11146.281,0.076,60.000
0.048,0.013,0.011,21.385,106346.555,4.672,60.000
0.050,0.015,0.011,20.757,86951.852,6.039,60.000
0.048,0.001,0.021,21.838,129142.633,1.378,60.000
0.045,0.002,0.006,22.165,83306.367,0.707,60.000
0.049,0.008,0.013,21.532,151768.094,5.281,60.000
0.044,0.001,0.009,26.079,19703.094,-0.723,60.000
0.050,0.009,0.010,20.227,120082.961,3.634,60.000
0.049,0.007,0.010,20.822,156857.062,2.893,60.000
0.056,0.001,0.008,22.873,95190.305,0.269,60.000
0.048,0.001,0.006,22.732,103428.914,0.712,60.000
0.050,0.019,0.010,18.624,105379.258,5.768,60.000
0.048,0.008,0.012,21.666,163635.906,4.980,60.000
0.049,0.016,0.011,20.200,118337.164,6.445,60.000
0.047,0.001,0.009,26.942,26227.883,-0.136,60.000
0.055,0.001,0.018,20.722,100153.070,0.833,60.000
0.055,0.001,0.012,27.823,-11753.508,0.808,60.000
0.002,0.012,0.012,19.101,47976.367,6.472,60.000
0.050,0.019,0.013,19.867,132952.938,6.912,60.000
0.050,0.014,0.012,20.969,111614.023,5.417,60.000
0.051,0.010,0.011,20.048,130983.992,4.381,60.000
0.041,0.000,0.018,18.735,34562.930,-0.235,60.000
0.052,0.018,0.010,18.898,96182.883,5.747,60.000
0.041,0.001,0.010,24.257,70538.523,0.229,60.000
0.050,0.006,0.010,20.182,134001.219,2.491,60.000
0.002,0.014,0.012,18.957,58923.805,6.395,60.000
0.051,0.026,0.012,19.890,143842.906,5.821,60.000
0.052,0.000,0.018,28.949,-37564.844,-1.012,60.000
0.045,0.001,0.002,22.236,24980.539,0.985,60.000
0.049,0.015,0.012,20.920,114150.523,5.798,60.000
0.049,0.005,0.012,22.190,115395.633,3.717,60.000
0.042,0.000,0.007,21.389,3993.672,-0.882,60.000
0.050,0.009,0.009,21.385,113627.773,2.637,60.000
0.046,0.001,0.017,24.099,36239.180,-0.877,60.000
0.055,0.000,0.017,25.611,19751.250,-0.845,60.000
0.051,0.000,0.020,21.840,50255.664,-0.031,60.000
0.040,0.001,0.012,18.952,57177.508,-1.328,60.000
0.045,0.000,0.017,22.711,77872.164,-0.283,60.000
0.056,0.001,0.016,22.327,99526.227,0.719,60.000
0.051,0.017,0.014,20.577,135612.281,7.097,60.000
0.050,0.019,0.013,20.226,132994.125,7.258,60.000
0.048,0.001,0.013,25.103,136344.594,2.745,60.000
0.001,0.013,0.012,19.385,57864.242,6.314,60.000
0.043,0.001,0.018,18.364,111723.008,-0.007,60.000
0.048,0.020,0.013,19.777,138177.750,6.087,60.000
0.049,0.005,0.014,21.371,103010.414,2.996,60.000
0.050,0.005,0.013,21.942,98304.773,3.231,60.000
0.052,0.000,0.003,22.903,-24345.984,-0.534,60.000
0.049,0.015,0.010,19.743,100052.977,5.881,60.000
0.042,0.001,0.015,20.587,81769.586,0.311,60.000
0.098,0.011,0.011,19.226,108610.773,4.721,60.000
0.050,0.014,0.014,23.215,159485.812,5.089,60.000
0.049,0.025,0.014,19.960,178177.781,5.762,60.000
0.059,0.001,0.017,20.863,109510.961,-0.017,60.000
0.048,0.025,0.013,20.077,163767.094,5.676,60.000
0.049,0.005,0.012,22.422,107711.008,4.015,60.000
0.056,0.001,0.015,25.447,12963.969,-1.469,60.000
0.058,0.000,0.009,23.935,32220.227,0.333,60.000
0.049,0.000,0.012,28.761,23809.570,-0.104,60.000
0.049,0.011,0.010,21.622,84356.305,4.018,60.000
0.052,0.025,0.011,19.672,131486.594,5.332,60.000
0.051,0.000,0.012,30.597,-32328.516,-0.280,60.000
0.051,0.010,0.012,20.129,120333.914,4.597,60.000
0.057,0.001,0.015,22.920,108573.523,0.334,60.000
0.052,0.009,0.011,19.924,120070.195,4.285,60.000
0.048,0.027,0.011,14.883,48633.883,3.062,60.000
0.048,0.018,0.013,19.404,130217.789,6.378,60.000
0.051,0.001,0.021,22.838,71267.633,0.992,60.000
0.050,0.025,0.011,20.442,137450.031,6.527,60.000
0.049,0.022,0.012,20.451,144245.906,5.680,60.000
0.051,0.019,0.011,19.372,109077.352,6.083,60.000
0.045,0.000,0.010,29.494,-61215.027,0.963,60.000
0.049,0.013,0.013,21.185,155101.000,4.446,60.000
0.044,0.001,0.019,19.287,115296.039,0.540,60.000
0.046,0.000,0.010,26.874,21579.688,-0.909,60.000
0.058,0.001,0.010,20.988,114473.742,0.170,60.000
0.048,0.014,0.010,20.974,86306.977,4.857,60.000
0.051,0.001,0.007,23.479,106481.648,0.536,60.000
0.052,0.007,0.011,19.612,125323.930,3.578,60.000
0.050,0.019,0.012,20.341,128196.164,6.267,60.000
0.051,0.026,0.012,19.604,160695.938,5.806,60.000
0.060,0.001,0.013,24.019,45681.961,-1.194,60.000
0.048,0.005,0.012,21.717,125879.320,3.525,60.000
0.045,0.002,0.011,22.229,111092.258,0.803,60.000
0.052,0.018,0.013,20.809,114068.398,6.922,60.000
0.045,0.001,0.017,19.412,151413.344,1.353,60.000
0.048,0.025,0.014,19.946,175105.375,5.714,60.000
0.098,0.011,0.011,19.119,116102.852,4.672,60.000
0.051,0.013,0.013,22.080,128415.133,4.471,60.000
0.049,0.000,0.020,19.703,107494.227,1.875,60.000
0.050,0.000,0.008,27.541,-30953.656,-0.785,60.000
0.052,0.001,0.006,25.280,46955.055,-0.220,60.000
0.049,0.002,0.006,22.899,103532.508,0.742,60.000
0.052,0.016,0.011,19.455,96687.961,6.040,60.000
0.052,0.001,0.021,21.417,118800.445,1.758,60.000
0.041,0.001,0.015,22.832,15856.195,-3.405,60.000
0.045,0.001,0.019,19.645,128053.211,0.741,60.000
0.047,0.001,0.006,24.284,67029.789,0.656,60.000
0.048,0.006,0.013,21.460,118078.477,3.099,60.000
0.043,0.001,0.004,20.886,92583.555,1.385,60.000
0.054,0.002,0.011,22.555,58793.539,2.300,60.000
0.052,0.022,0.013,20.475,119571.102,5.816,60.000
0.057,0.000,0.016,24.485,-7343.438,-1.118,60.000
0.056,0.001,0.007,22.469,113046.477,0.091,60.000
0.049,0.010,0.012,20.688,142702.062,4.579,60.000
0.057,0.001,0.007,22.514,124130.852,0.087,60.000
0.047,0.001,0.017,22.035,154062.969,1.459,60.000
0.049,0.006,0.014,21.498,103674.836,3.053,60.000
0.049,0.001,0.012,25.879,94338.383,2.458,60.000
0.050,0.014,0.014,22.842,158135.281,5.203,60.000
0.049,0.003,0.012,22.906,111074.367,3.359,60.000
0.044,0.000,0.006,23.623,-5882.398,1.294,60.000
0.053,0.000,0.020,20.530,16659.273,-1.197,60.000
0.041,0.001,0.016,21.212,87323.867,-0.591,60.000
0.053,0.001,0.012,26.976,78105.367,1.848,60.000
0.050,0.013,0.013,22.247,158017.781,4.672,60.000
0.049,0.010,0.010,21.843,99092.227,3.454,60.000
0.049,0.003,0.011,22.022,90378.117,2.082,60.000
0.052,0.000,0.009,29.498,-7022.688,1.152,60.000
0.051,0.013,0.014,23.498,133061.781,3.837,60.000
0.053,0.001,0.011,31.640,-67588.477,0.785,60.000
0.051,0.001,0.016,24.889,59693.695,0.849,60.000
0.055,0.001,0.014,26.681,63703.023,0.123,60.000
0.041,0.000,0.009,23.507,-7233.461,1.419,60.000
0.050,0.025,0.010,21.195,122140.055,5.768,60.000
0.053,0.000,0.003,22.236,25481.562,-0.317,60.000
0.049,0.003,0.011,22.982,78114.320,2.634,60.000
0.050,0.012,0.010,20.335,85567.883,4.362,60.000
0.052,0.000,0.019,22.604,32348.789,-0.325,60.000
0.050,0.022,0.014,20.555,134083.156,6.025,60.000
0.045,0.000,0.013,32.884,-34806.156,-1.898,60.000
0.056,0.000,0.011,23.921,1148.672,1.542,60.000
0.049,0.027,0.012,19.025,124589.070,4.935,60.000
0.042,0.001,0.014,23.853,1894.664,-2.429,60.000
0.043,0.000,0.010,25.224,-21217.891,-2.125,60.000
0.048,0.001,0.011,26.143,63373.211,1.790,60.000
0.054,0.001,0.016,22.914,98184.695,0.950,60.000
0.047,0.000,0.012,33.891,-12948.016,1.452,60.000
0.049,0.001,0.006,24.736,2958.133,-0.362,60.000
0.052,0.001,0.012,29.030,-653.500,1.715,60.000
0.059,0.001,0.007,20.888,139662.031,0.134,60.000
0.050,0.016,0.010,19.521,98976.289,5.890,60.000
0.050,0.022,0.014,20.198,128934.477,5.993,60.000
0.052,0.010,0.012,19.954,102422.711,4.192,60.000
0.099,0.012,0.011,21.353,69526.602,4.252,60.000
0.054,0.001,0.018,23.407,78402.961,0.756,60.000
0.051,0.010,0.011,19.713,134506.781,4.116,60.000
0.048,0.006,0.012,22.325,135968.625,4.274,60.000
0.058,0.001,0.017,20.836,99426.508,0.326,60.000
0.050,0.005,0.014,21.296,98317.898,3.016,60.000
0.049,0.027,0.012,16.386,59151.539,2.486,60.000
0.057,0.001,0.004,19.676,130680.367,0.225,60.000
0.002,0.012,0.010,17.699,26770.492,7.271,60.000
0.046,0.001,0.006,22.848,83473.508,0.739,60.000
0.053,0.000,0.021,18.816,-30584.359,-2.171,60.000
0.050,0.000,0.020,21.206,74106.461,0.877,60.000
0.049,0.000,0.022,20.103,87054.352,0.679,60.000
0.048,0.015,0.010,20.791,105079.148,5.658,60.000
0.045,0.000,0.006,24.008,-11556.617,-0.306,60.000
0.048,0.019,0.013,19.980,140454.188,6.140,60.000
0.050,0.023,0.012,19.920,144458.469,5.628,60.000
0.050,0.025,0.010,21.241,124031.758,5.879,60.000
0.055,0.000,0.013,28.442,8818.312,0.697,60.000
0.049,0.018,0.013,19.737,129422.023,6.624,60.000
0.052,0.001,0.014,30.482,40840.586,1.075,60.000
0.052,0.008,0.011,20.005,137834.719,4.103,60.000
0.043,0.000,0.017,21.835,-7851.430,-2.503,60.000
0.048,0.026,0.013,20.383,163969.969,6.194,60.000
0.050,0.001,0.013,31.659,416.867,1.099,60.000
0.048,0.025,0.012,21.091,143069.094,6.713,60.000
0.060,0.001,0.009,21.502,121660.930,0.306,60.000
0.050,0.004,0.013,21.680,100812.258,2.889,60.000
0.054,0.002,0.016,21.485,85880.148,0.798,60.000
0.055,0.001,0.018,20.964,94896.992,1.123,60.000
0.001,0.013,0.011,18.354,38635.023,6.850,60.000
0.047,0.001,0.010,26.637,55559.039,0.337,60.000
0.049,0.004,0.012,22.295,109229.414,3.422,60.000
0.050,0.011,0.014,21.857,146214.719,4.145,60.000
0.052,0.001,0.022,21.934,50005.023,0.716,60.000
0.050,0.013,0.013,22.542,149191.281,4.589,60.000
0.051,0.008,0.010,19.356,145869.812,3.312,60.000
0.049,0.015,0.011,20.668,104943.492,6.156,60.000
0.054,0.001,0.010,27.657,-3691.766,0.997,60.000
0.098,0.013,0.013,20.390,113729.617,4.709,60.000
0.050,0.023,0.010,20.614,120861.227,6.436,60.000
0.044,0.001,0.018,18.474,124069.992,0.057,60.000
0.052,0.001,0.008,26.952,38394.383,-0.062,60.000
0.042,0.001,0.004,20.807,91295.008,1.890,60.000
0.043,0.001,0.017,20.837,58102.789,-1.543,60.000
0.057,0.001,0.006,23.343,62578.570,-0.250,60.000
0.050,0.012,0.011,20.186,88548.461,4.291,60.000
0.049,0.013,0.010,20.845,81192.727,4.627,60.000
0.052,0.001,0.006,22.593,110786.430,0.520,60.000
0.051,0.013,0.014,23.090,147277.781,4.150,60.000
0.041,0.000,0.007,22.526,44817.008,0.612,60.000
0.048,0.001,0.011,25.253,73576.836,1.364,60.000
0.049,0.006,0.014,21.328,102113.180,2.836,60.000
0.051,0.022,0.012,20.161,131603.000,5.584,60.000
0.057,0.000,0.013,26.998,17754.094,0.804,60.000
0.052,0.000,0.019,21.163,5092.477,-1.653,60.000
0.056,0.001,0.009,26.460,71983.617,0.424,60.000
0.047,0.001,0.017,20.647,153260.000,1.483,60.000
0.048,0.000,0.007,27.300,-20133.789,0.476,60.000
0.098,0.014,0.012,19.604,98705.883,5.073,60.000
0.057,0.001,0.013,24.696,111038.742,0.150,60.000
0.052,0.001,0.022,21.380,118361.008,1.841,60.000
0.053,0.000,0.006,21.867,30993.195,-0.543,60.000
0.045,0.001,0.015,26.592,89116.164,0.644,60.000
0.099,0.011,0.013,20.620,132478.406,4.680,60.000
0.056,0.001,0.009,26.230,17293.234,0.100,60.000
0.048,0.000,0.019,22.337,-27433.617,-1.880,60.000
0.050,0.023,0.012,20.030,141147.156,5.807,60.000
0.051,0.001,0.015,23.590,119531.414,1.591,60.000
0.051,0.003,0.011,22.987,67097.430,3.218,60.000
0.048,0.000,0.020,20.686,92931.820,1.555,60.000
0.045,0.001,0.006,22.534,75950.164,0.615,60.000
0.052,0.013,0.010,19.216,65642.711,4.559,60.000
0.049,0.016,0.011,20.349,113549.055,6.264,60.000
0.047,0.001,0.019,20.465,131346.625,1.282,60.000
0.050,0.014,0.013,22.131,155817.781,5.359,60.000
0.050,0.013,0.011,20.749,97863.492,4.803,60.000
0.049,0.009,0.010,22.143,106883.852,2.789,60.000
0.050,0.018,0.010,19.135,102548.305,5.845,60.000
0.000,0.013,0.013,18.938,37517.445,8.457,60.000
0.050,0.009,0.013,20.184,129524.867,4.948,60.000
0.051,0.023,0.010,20.575,110529.195,6.072,60.000
0.048,0.003,0.010,22.691,84121.227,1.420,60.000
0.100,0.011,0.011,13.459,96285.117,5.000,60.000
0.041,0.001,0.008,21.517,93320.117,0.278,60.000
0.051,0.001,0.009,25.122,65468.258,1.032,60.000
0.055,0.001,0.012,28.608,-27758.945,1.014,60.000
0.055,0.000,0.007,25.557,-46259.797,0.082,60.000
0.051,0.001,0.007,25.390,99989.336,0.639,60.000
0.048,0.001,0.009,28.544,-21226.414,-1.015,60.000
0.050,0.018,0.013,20.286,123939.336,7.134,60.000
0.051,0.012,0.011,20.101,101715.055,3.650,60.000
0.049,0.024,0.012,20.180,160018.188,5.919,60.000
0.049,0.008,0.010,21.083,142972.500,3.305,60.000
0.052,0.003,0.011,22.636,51266.664,2.722,60.000
0.052,0.016,0.012,19.811,100136.492,5.467,60.000
0.048,0.021,0.012,20.501,138414.094,5.799,60.000
0.053,0.000,0.012,28.993,225.453,1.098,60.000
0.049,0.001,0.013,27.014,115485.008,2.457,60.000
0.047,0.001,0.018,22.371,138042.969,1.230,60.000
0.051,0.006,0.013,21.965,95550.117,3.786,60.000
0.049,0.025,0.010,21.881,134593.281,6.354,60.000
0.051,0.016,0.010,19.432,95419.758,5.876,60.000
0.050,0.027,0.010,22.045,122985.523,5.692,60.000
0.055,0.000,0.014,31.234,36388.039,0.701,60.000
0.052,0.002,0.010,23.780,50952.836,2.712,60.000
0.050,0.025,0.014,19.856,176219.250,5.699,60.000
0.098,0.012,0.013,20.767,127557.945,4.275,60.000
0.050,0.001,0.011,28.261,-4880.234,0.773,60.000
0.049,0.012,0.011,20.963,117484.273,4.256,60.000
0.058,0.000,0.012,25.060,72062.977,-0.675,60.000
0.055,0.000,0.005,20.451,6565.758,-1.562,60.000
0.050,0.026,0.014,19.830,184087.750,5.673,60.000
0.048,0.014,0.011,21.172,93047.992,5.265,60.000
0.002,0.012,0.013,20.202,61890.805,5.920,60.000
0.050,0.005,0.014,21.221,99705.508,2.944,60.000
0.049,0.020,0.011,20.028,122819.148,6.514,60.000
0.050,0.008,0.013,20.432,128597.227,5.122,60.000
0.052,0.002,0.013,24.350,85065.039,2.168,60.000
0.048,0.001,0.014,29.141,77913.617,1.434,60.000
0.043,0.000,0.007,23.836,11634.422,0.708,60.000
0.055,0.001,0.017,20.434,90688.180,0.655,60.000
0.050,0.018,0.010,18.991,103268.820,5.798,60.000
0.042,0.001,0.014,20.844,61558.414,-0.505,60.000
0.051,0.006,0.011,20.426,137496.438,3.808,60.000
0.051,0.024,0.012,19.919,158170.656,5.494,60.000
0.050,0.000,0.022,20.621,11920.000,-0.695,60.000
0.049,0.018,0.011,19.815,124233.164,6.377,60.000
0.045,0.001,0.007,22.218,92468.086,0.600,60.000
0.049,0.005,0.012,22.262,118817.273,3.891,60.000
0.050,0.000,0.002,22.152,-86525.398,-0.861,60.000
0.054,0.000,0.003,21.116,10183.914,-0.429,60.000
0.099,0.012,0.012,20.052,117867.570,5.311,60.000
0.049,0.018,0.010,19.829,121583.398,6.353,60.000
0.049,0.005,0.009,22.718,94457.133,1.196,60.000
0.040,0.001,0.012,19.798,57498.508,-1.041,60.000
0.050,0.001,0.009,24.806,74535.039,0.633,60.000
0.053,0.000,0.011,28.471,-102539.617,-0.323,60.000
0.049,0.027,0.011,20.909,178685.000,4.195,60.000
0.051,0.013,0.014,23.645,131104.281,4.078,60.000
0.052,0.010,0.013,19.834,101371.883,4.393,60.000
0.049,0.017,0.011,20.313,120255.586,6.571,60.000
0.048,0.000,0.020,20.411,96836.820,0.698,60.000
0.052,0.019,0.013,20.530,104210.773,6.747,60.000
0.052,0.024,0.013,19.592,139046.906,5.199,60.000
0.043,0.001,0.008,23.135,97576.273,0.671,60.000
0.055,0.001,0.014,23.587,102115.727,0.764,60.000
0.048,0.001,0.002,20.428,81924.789,0.179,60.000
0.058,0.001,0.009,21.803,115341.914,-0.080,60.000
0.048,0.025,0.013,20.241,158625.219,5.934,60.000
0.048,0.006,0.010,21.178,119569.477,1.792,60.000
0.044,0.001,0.014,22.141,110066.789,1.353,60.000
0.052,0.000,0.016,27.957,37482.258,1.072,60.000
0.045,0.001,0.019,22.421,-234.273,-1.011,60.000
0.050,0.000,0.007,25.738,-12525.875,0.100,60.000
0.049,0.001,0.015,29.975,-22580.336,-1.054,60.000
0.056,0.002,0.009,22.627,88652.398,0.139,60.000
0.049,0.002,0.017,22.028,142245.375,1.782,60.000
0.048,0.027,0.013,15.546,44517.492,1.561,60.000
0.053,0.002,0.011,23.169,47797.508,2.668,60.000
0.045,0.001,0.019,21.185,63895.883,-0.132,60.000
0.050,0.001,0.006,23.504,108124.742,0.377,60.000
0.003,0.012,0.011,18.533,32397.617,6.719,60.000
0.052,0.017,0.011,19.453,96337.227,5.883,60.000
0.050,0.010,0.010,21.066,84265.602,3.358,60.000
0.052,0.001,0.003,20.525,106095.430,0.211,60.000
0.052,0.005,0.010,20.676,88112.555,1.860,60.000
0.050,0.010,0.012,20.540,138893.906,5.227,60.000
0.052,0.015,0.010,19.692,87542.539,5.893,60.000
0.056,0.001,0.011,24.624,96926.977,1.144,60.000
0.002,0.012,0.011,18.729,39095.211,6.668,60.000
0.052,0.009,0.013,19.686,80933.242,3.334,60.000
0.048,0.012,0.012,21.315,130622.789,4.460,60.000
0.050,0.022,0.010,20.251,115676.023,6.353,60.000
0.049,0.009,0.015,21.201,119726.195,3.595,60.000
0.061,0.001,0.014,22.813,134491.344,-0.670,60.000
0.051,0.022,0.014,20.299,111308.789,6.210,60.000
0.052,0.001,0.012,28.458,56307.680,2.100,60.000
0.058,0.001,0.016,21.420,104351.133,0.261,60.000
0.051,0.006,0.010,19.316,130353.477,1.932,60.000
0.050,0.012,0.010,20.394,80568.070,4.503,60.000
0.052,0.000,0.020,21.220,-2515.094,-1.935,60.000
0.056,0.001,0.013,28.925,-15361.562,0.060,60.000
0.052,0.001,0.012,27.929,48879.727,2.289,60.000
0.052,0.010,0.013,20.220,84886.430,3.564,60.000
0.050,0.012,0.010,20.441,72264.180,4.671,60.000
0.048,0.003,0.011,21.636,99506.383,1.833,60.000
0.043,0.001,0.008,22.609,84290.648,0.675,60.000
0.044,0.001,0.017,20.527,63417.492,-1.232,60.000
0.051,0.023,0.014,20.275,130774.711,5.943,60.000
0.051,0.020,0.012,20.018,108581.039,6.243,60.000
0.051,0.020,0.012,20.159,119191.008,6.175,60.000
0.050,0.000,0.022,21.617,-25738.008,-1.352,60.000
0.051,0.000,0.006,25.875,4751.977,0.932,60.000
0.048,0.010,0.010,21.899,102127.039,3.113,60.000
0.040,0.001,0.015,19.904,62174.430,-1.155,60.000
0.046,0.001,0.022,20.693,74319.648,0.671,60.000
0.057,0.002,0.015,21.790,102591.461,0.261,60.000
0.051,0.002,0.009,25.104,60643.508,1.073,60.000
0.048,0.002,0.011,22.653,97321.383,1.902,60.000
0.057,0.000,0.018,20.531,34040.758,-0.245,60.000
0.050,0.007,0.014,21.014,108772.648,3.960,60.000
0.049,0.001,0.008,28.796,-32960.781,-1.161,60.000
0.002,0.013,0.012,19.362,56230.352,6.126,60.000
0.060,0.001,0.013,22.390,127783.898,-0.560,60.000
0.049,0.016,0.013,20.568,133334.375,6.013,60.000
0.042,0.001,0.019,19.596,116414.633,0.159,60.000
0.051,0.000,0.019,24.635,41301.086,0.576,60.000
0.049,0.017,0.012,19.747,133189.719,6.437,60.000
0.047,0.001,0.020,20.853,126897.539,1.104,60.000
0.042,0.001,0.007,21.923,36697.211,0.413,60.000
0.043,0.000,0.014,26.880,-6198.461,-0.443,60.000
0.049,0.022,0.011,20.559,133530.625,6.651,60.000
0.051,0.020,0.011,18.720,97043.414,5.662,60.000
0.057,0.001,0.013,22.457,118529.273,0.600,60.000
0.049,0.001,0.017,22.854,135464.156,1.957,60.000
0.051,0.024,0.010,20.829,113216.102,5.718,60.000
0.055,0.001,0.003,22.374,-37941.273,-1.520,60.000
0.050,0.006,0.010,20.373,119396.492,2.098,60.000
0.003,0.012,0.012,19.541,46905.008,6.029,60.000
0.043,0.001,0.010,24.619,72460.492,-0.433,60.000
0.048,0.024,0.013,20.279,160345.094,5.762,60.000
0.059,0.001,0.013,20.925,126398.008,-0.499,60.000
0.051,0.014,0.010,19.993,76109.633,5.723,60.000
0.045,0.001,0.004,22.083,32788.836,1.015,60.000
0.050,0.006,0.011,21.314,148984.719,4.417,60.000
0.049,0.003,0.013,21.841,104477.711,2.762,60.000
0.045,0.001,0.014,24.518,129731.930,2.138,60.000
0.052,0.026,0.012,19.440,152900.156,5.488,60.000
0.052,0.013,0.010,19.164,72355.664,4.275,60.000
0.045,0.001,0.022,21.030,126428.102,1.533,60.000
0.053,0.001,0.021,22.134,10941.508,-0.351,60.000
0.049,0.008,0.010,21.561,123268.961,2.823,60.000
0.051,0.000,0.010,33.382,-15151.422,1.480,60.000
0.049,0.001,0.004,20.805,117257.867,0.720,60.000
0.048,0.027,0.013,20.479,136425.812,4.362,60.000
0.051,0.011,0.012,20.334,120980.664,4.315,60.000
0.055,0.000,0.012,32.453,24875.656,1.219,60.000
0.059,0.001,0.006,19.906,155644.875,0.272,60.000
0.055,0.002,0.016,21.119,89722.273,0.371,60.000
0.055,0.000,0.009,24.104,-44988.844,3.214,60.000
0.055,0.000,0.021,21.678,-81069.406,-3.965,60.000
0.059,0.000,0.018,18.867,15710.188,0.730,60.000
0.052,0.014,0.012,21.143,122845.211,4.566,60.000
0.051,0.016,0.013,20.483,113609.773,6.727,60.000
0.050,0.011,0.014,22.129,144484.344,3.975,60.000
0.051,0.019,0.011,18.797,98436.836,5.806,60.000
0.050,0.015,0.014,21.505,160919.469,5.923,60.000
0.051,0.022,0.010,19.927,104908.336,6.085,60.000
0.047,0.002,0.012,23.207,107903.758,1.709,60.000
0.049,0.017,0.012,19.613,126924.461,6.459,60.000
0.041,0.001,0.011,22.904,73990.430,-0.235,60.000
0.044,0.002,0.016,18.369,147862.875,0.700,60.000
0.053,0.001,0.020,21.228,108677.680,1.978,60.000
0.043,0.000,0.008,25.020,-39230.223,1.685,60.000
0.050,0.000,0.003,24.610,-19978.641,-0.468,60.000
0.052,0.000,0.018,28.169,-1854.719,1.391,60.000
0.047,0.001,0.016,21.325,161387.469,1.861,60.000
0.049,0.005,0.010,22.507,90526.195,1.347,60.000
0.001,0.013,0.011,20.827,7964.125,5.066,60.000
0.055,0.001,0.004,21.184,110989.492,0.203,60.000
0.051,0.001,0.002,21.659,70815.086,0.118,60.000
0.000,0.013,0.013,24.623,-53448.734,4.272,60.000
0.002,0.012,0.014,21.024,75544.383,5.413,60.000
0.048,0.022,0.013,20.552,151248.562,5.605,60.000
0.048,0.001,0.010,26.724,-7274.211,-0.753,60.000
0.049,0.000,0.002,20.449,15068.711,-0.452,60.000
0.045,0.001,0.013,27.085,70158.930,1.005,60.000
0.053,0.001,0.004,20.819,113994.008,0.266,60.000
0.048,0.007,0.011,21.771,157402.094,3.942,60.000
0.046,0.000,0.006,23.509,-9205.125,-0.094,60.000
0.048,0.013,0.014,22.257,161628.000,4.690,60.000
0.050,0.013,0.012,20.796,106878.602,4.490,60.000
0.049,0.009,0.012,21.259,152675.781,4.636,60.000
0.050,0.006,0.012,21.777,146766.312,5.002,60.000
0.059,0.000,0.013,25.280,-24533.828,0.410,60.000
0.099,0.011,0.012,19.785,129306.320,5.090,60.000
0.051,0.008,0.010,19.893,130764.055,2.849,60.000
0.056,0.002,0.012,22.017,114670.992,0.914,60.000
0.049,0.021,0.012,20.428,134840.938,5.812,60.000
0.048,0.006,0.011,20.931,151136.938,2.753,60.000
0.048,0.007,0.012,22.084,152129.500,4.494,60.000
0.049,0.008,0.014,20.828,116928.977,3.935,60.000
0.048,0.000,0.013,29.975,59599.695,0.608,60.000
0.051,0.026,0.010,20.983,112246.617,5.458,60.000
0.044,0.000,0.021,20.667,-24909.531,-1.582,60.000
0.049,0.014,0.011,21.133,79845.008,5.447,60.000
0.051,0.001,0.012,30.875,-41204.746,1.027,60.000
0.001,0.012,0.012,20.225,52522.664,6.261,60.000
0.051,0.001,0.010,29.309,-28238.117,-0.138,60.000
0.058,0.000,0.012,22.976,27207.414,1.811,60.000
0.041,0.001,0.013,19.864,54611.586,-1.359,60.000
0.040,0.001,0.011,23.962,-24501.547,-2.575,60.000
0.052,0.014,0.012,21.426,114567.227,4.089,60.000
0.049,0.026,0.012,20.422,148550.375,6.626,60.000
0.060,0.000,0.012,23.990,203568.781,0.508,60.000
0.051,0.003,0.011,23.453,61836.648,2.965,60.000
0.052,0.006,0.011,19.532,126052.445,3.140,60.000
0.049,0.001,0.005,22.145,110262.898,0.581,60.000
0.051,0.012,0.010,19.595,78392.930,4.346,60.000
0.001,0.012,0.012,19.259,48262.883,6.574,60.000
0.051,0.025,0.013,19.787,173806.844,5.531,60.000
0.050,0.020,0.010,18.704,98253.633,6.026,60.000
0.056,0.001,0.005,22.568,107471.773,0.087,60.000
0.057,0.001,0.012,25.408,29441.336,0.430,60.000
0.050,0.007,0.012,22.000,145484.156,6.173,60.000
0.048,0.008,0.012,21.250,166300.062,5.306,60.000
0.048,0.002,0.017,21.811,152659.875,1.769,60.000
0.045,0.001,0.013,23.396,115425.930,1.948,60.000
0.049,0.026,0.013,20.125,164805.375,6.183,60.000
0.048,0.005,0.012,21.548,138517.594,3.573,60.000
0.052,0.021,0.012,19.763,114914.992,5.636,60.000
0.050,0.021,0.013,20.719,127835.305,6.227,60.000
0.051,0.015,0.014,22.552,138418.375,5.561,60.000
0.052,0.013,0.012,20.447,113304.086,3.852,60.000
0.052,0.003,0.013,22.188,85832.961,2.714,60.000
0.002,0.013,0.011,18.384,45630.992,6.750,60.000
0.049,0.005,0.012,21.498,131325.594,3.950,60.000
0.060,0.001,0.014,22.343,124528.539,-0.222,60.000
0.046,0.000,0.003,21.196,4615.633,-0.320,60.000
0.051,0.000,0.023,19.578,-10126.102,-1.577,60.000
0.050,0.023,0.013,20.601,151789.031,5.656,60.000
0.050,0.001,0.018,24.592,52695.008,1.198,60.000
0.051,0.008,0.011,21.237,160378.500,5.257,60.000
0.048,0.001,0.004,19.995,105851.758,0.703,60.000
0.042,0.001,0.010,24.302,40756.086,-1.162,60.000
0.050,0.001,0.018,24.428,86567.633,1.530,60.000
0.049,0.020,0.012,20.674,138948.344,6.110,60.000
0.043,0.000,0.019,20.881,-22180.672,-1.263,60.000
0.050,0.001,0.008,24.060,100667.414,0.852,60.000
0.060,0.001,0.012,20.663,138503.469,-0.735,60.000
0.003,0.011,0.011,18.799,31931.258,6.501,60.000
0.049,0.025,0.011,21.596,141000.844,6.668,60.000
0.048,0.023,0.014,20.596,164208.969,5.496,60.000
0.046,0.000,0.009,26.250,20018.508,-1.367,60.000
0.050,0.017,0.011,19.702,104367.695,6.371,60.000
0.002,0.010,0.013,20.368,48970.789,5.853,60.000
0.052,0.000,0.014,29.773,39911.305,1.281,60.000
0.040,0.001,0.012,20.516,31780.070,-1.722,60.000
0.055,0.001,0.021,19.565,111884.133,1.542,60.000
0.049,0.014,0.011,20.905,84264.180,5.473,60.000
0.054,0.000,0.017,26.227,-1036.562,0.222,60.000
0.055,0.002,0.012,21.851,90265.992,1.626,60.000
0.055,0.001,0.018,21.312,100216.055,0.931,60.000
0.045,0.000,0.012,30.280,-4015.336,-1.553,60.000
0.049,0.002,0.010,23.875,73920.180,1.339,60.000
0.049,0.001,0.015,28.056,101851.602,1.476,60.000
0.051,0.004,0.014,20.084,106002.227,2.414,60.000
0.051,0.024,0.013,20.097,148319.938,5.621,60.000
0.044,0.001,0.017,18.500,141704.250,0.516,60.000
0.057,0.001,0.009,25.538,-19105.961,-0.325,60.000
0.049,0.006,0.010,20.465,139965.656,2.395,60.000
0.050,0.025,0.011,20.694,124810.508,6.184,60.000
0.049,0.008,0.013,20.691,134012.594,4.878,60.000
0.051,0.009,0.013,19.953,106739.570,4.666,60.000
0.049,0.010,0.013,20.395,142093.844,4.714,60.000
0.098,0.012,0.011,18.746,111957.258,4.755,60.000
0.051,0.006,0.012,21.972,132120.719,5.026,60.000
0.052,0.018,0.012,19.879,94144.352,6.096,60.000
0.048,0.007,0.014,20.916,116133.211,3.840,60.000
0.051,0.004,0.012,22.580,99236.508,3.687,60.000
0.051,0.006,0.011,19.941,148170.562,3.338,60.000
0.052,0.001,0.010,26.612,39576.883,1.308,60.000
0.050,0.002,0.011,23.222,68406.758,2.476,60.000
0.051,0.027,0.013,22.183,132881.500,6.385,60.000
0.055,0.002,0.013,23.055,99567.305,1.039,60.000
0.048,0.017,0.012,19.949,127656.227,6.173,60.000
0.051,0.005,0.013,21.857,97305.914,3.747,60.000
0.052,0.008,0.014,19.990,81039.945,3.319,60.000
0.051,0.000,0.008,27.565,-21316.172,-0.431,60.000
0.044,0.001,0.004,20.558,89430.398,1.176,60.000
0.052,0.007,0.013,21.424,94734.711,3.885,60.000
0.050,0.009,0.014,20.652,117979.477,3.587,60.000
0.049,0.021,0.011,20.362,120423.555,6.546,60.000
0.050,0.019,0.012,19.851,124044.086,6.433,60.000
0.051,0.016,0.013,20.851,105820.133,6.209,60.000
0.047,0.001,0.014,24.783,142356.531,2.670,60.000
0.048,0.007,0.013,21.556,139142.000,3.863,60.000
0.056,0.000,0.008,22.614,21338.352,-1.139,60.000
0.057,0.001,0.006,24.692,33081.258,-0.265,60.000
0.049,0.002,0.015,23.000,142713.125,1.899,60.000
0.043,0.000,0.007,24.824,-9012.672,-0.719,60.000
0.045,0.001,0.004,21.629,83759.758,1.013,60.000
0.047,0.000,0.013,33.193,-17056.008,1.559,60.000
0.052,0.003,0.012,23.140,87035.430,3.176,60.000
0.051,0.021,0.012,20.367,124251.648,6.017,60.000
0.051,0.002,0.013,24.030,92363.727,3.164,60.000
0.057,0.001,0.020,18.682,103233.945,0.480,60.000
0.055,0.001,0.004,20.435,121039.945,0.100,60.000
0.052,0.000,0.004,23.977,-3666.109,-0.681,60.000
0.048,0.001,0.011,28.170,22806.789,0.551,60.000
0.041,0.001,0.013,18.595,62859.914,-1.238,60.000
0.050,0.027,0.012,19.063,126196.398,4.211,60.000
0.058,0.001,0.014,24.108,99678.117,-0.370,60.000
0.052,0.002,0.007,23.687,95266.414,0.644,60.000
0.051,0.003,0.011,22.954,76561.758,3.180,60.000
0.051,0.000,0.001,19.149,15896.727,-1.253,60.000
0.055,0.002,0.014,23.408,96777.930,0.931,60.000
0.045,0.002,0.013,23.005,116530.102,1.813,60.000
0.052,0.006,0.011,20.375,125136.852,4.282,60.000
0.050,0.024,0.010,20.828,119347.305,5.975,60.000
0.048,0.026,0.012,20.266,131958.656,5.999,60.000
0.043,0.001,0.009,22.085,108291.383,0.477,60.000
0.061,0.001,0.014,22.093,133894.812,-0.330,60.000
0.047,0.000,0.015,28.523,75412.773,1.626,60.000
0.047,0.001,0.015,22.072,162496.094,2.094,60.000
0.048,0.012,0.011,21.280,111276.805,4.258,60.000
0.047,0.000,0.011,33.492,-41556.465,0.407,60.000
0.050,0.012,0.010,20.326,70807.930,4.347,60.000
0.047,0.002,0.005,22.100,95790.055,0.586,60.000
0.047,0.000,0.020,20.042,103796.883,1.788,60.000
0.051,0.012,0.012,20.669,123134.570,4.015,60.000
0.050,0.013,0.014,22.925,153808.031,4.245,60.000
0.048,0.014,0.011,20.944,102253.352,5.323,60.000
0.050,0.003,0.013,23.886,95036.039,3.164,60.000
0.048,0.001,0.020,21.069,129770.727,1.312,60.000
0.048,0.001,0.002,21.194,86451.195,0.388,60.000
0.050,0.019,0.011,19.130,107968.773,6.026,60.000
0.056,0.001,0.020,19.589,100489.039,0.935,60.000
0.043,0.001,0.019,18.831,114582.664,0.227,60.000
0.002,0.013,0.013,20.044,65501.711,5.858,60.000
0.053,0.002,0.017,22.547,91783.492,1.744,60.000
0.055,0.001,0.003,23.235,-6247.047,-0.952,60.000
0.049,0.014,0.013,21.196,153487.375,5.176,60.000
0.000,0.012,0.013,19.871,22090.055,9.201,60.000
0.049,0.019,0.012,20.345,131130.594,6.254,60.000
0.048,0.015,0.012,20.850,113987.914,5.873,60.000
0.047,0.002,0.007,22.953,97668.367,0.770,60.000
0.050,0.001,0.009,28.354,-11069.680,-0.554,60.000
0.052,0.019,0.013,20.404,100367.633,6.551,60.000
0.041,0.001,0.013,18.733,56539.602,-1.245,60.000
0.049,0.004,0.014,21.393,110152.289,2.599,60.000
0.059,0.000,0.011,21.164,49160.055,1.689,60.000
0.049,0.026,0.013,20.087,188195.875,5.773,60.000
0.045,0.001,0.020,19.426,117498.242,0.926,60.000
0.047,0.001,0.006,22.743,97667.836,0.910,60.000
0.047,0.001,0.009,26.434,57906.648,0.160,60.000
0.049,0.003,0.013,23.351,107410.773,3.018,60.000
0.050,0.001,0.007,28.103,-4160.039,-0.345,60.000
0.059,0.001,0.015,23.766,68453.992,-1.207,60.000
0.049,0.004,0.012,22.320,116310.086,3.530,60.000
0.048,0.001,0.018,23.949,62178.992,0.198,60.000
0.049,0.026,0.012,20.134,130249.258,5.660,60.000
0.049,0.001,0.011,25.161,61651.945,1.880,60.000
0.049,0.024,0.014,20.405,156243.188,5.824,60.000
0.040,0.001,0.015,20.318,53150.789,-1.219,60.000
0.052,0.000,0.017,28.170,37309.742,1.455,60.000
0.050,0.003,0.010,23.228,62748.258,1.354,60.000
0.049,0.007,0.012,22.153,156417.219,5.546,60.000
0.047,0.002,0.009,23.318,103036.117,1.006,60.000
0.052,0.006,0.014,19.650,88010.070,2.286,60.000
0.050,0.001,0.014,29.158,107283.961,1.888,60.000
0.049,0.002,0.012,24.014,111645.977,3.558,60.000
0.052,0.000,0.013,33.357,-26639.984,-0.084,60.000
0.050,0.009,0.011,20.936,150479.188,4.474,60.000
0.050,0.004,0.012,22.422,105498.227,3.854,60.000
0.048,0.015,0.011,21.080,104215.086,5.893,60.000
0.050,0.022,0.014,19.995,128476.727,6.202,60.000
0.051,0.002,0.018,22.438,116070.961,2.083,60.000
0.051,0.008,0.011,21.148,153059.750,5.082,60.000
0.049,0.001,0.003,20.373,113448.523,0.772,60.000
0.049,0.023,0.010,21.004,132704.719,6.817,60.000
0.052,0.015,0.012,19.811,107624.445,4.487,60.000
0.048,0.001,0.017,24.842,142597.656,1.674,60.000
0.045,0.000,0.012,31.782,-43635.414,1.107,60.000
0.052,0.022,0.011,19.594,116343.086,5.690,60.000
0.057,0.001,0.014,22.371,119422.586,0.153,60.000
0.053,0.002,0.013,23.896,84928.305,2.033,60.000
0.042,0.001,0.011,26.336,10548.336,-2.019,60.000
0.052,0.001,0.005,19.732,124506.008,0.220,60.000
0.052,0.014,0.011,20.167,73053.555,4.904,60.000
0.049,0.014,0.012,20.711,149386.812,5.164,60.000
0.052,0.012,0.012,20.797,107333.039,3.585,60.000
0.059,0.001,0.006,20.224,156439.312,0.384,60.000
0.058,0.001,0.005,18.779,131871.938,-0.111,60.000
0.047,0.001,0.012,27.390,80311.195,1.716,60.000
0.048,0.001,0.002,22.074,28952.102,0.333,60.000
0.059,0.001,0.013,24.489,95250.008,-0.700,60.000
0.051,0.001,0.006,22.855,109352.883,0.425,60.000
0.050,0.026,0.011,20.554,112732.945,5.536,60.000
0.043,0.001,0.007,22.774,71467.227,0.565,60.000
0.050,0.012,0.014,23.684,149005.844,3.725,60.000
0.041,0.001,0.011,22.273,81019.133,-0.347,60.000
0.050,0.001,0.006,23.993,104126.758,0.550,60.000
0.051,0.000,0.020,21.348,22261.688,-0.823,60.000
0.048,0.006,0.012,21.854,151185.875,4.018,60.000
0.052,0.001,0.023,21.121,121789.211,2.016,60.000
0.002,0.012,0.013,20.127,60937.227,5.790,60.000
0.041,0.001,0.006,20.923,92381.852,1.448,60.000
0.052,0.001,0.013,24.557,91950.961,2.369,60.000
0.048,0.009,0.010,22.041,115176.727,2.905,60.000
0.099,0.013,0.012,21.938,92618.117,4.590,60.000
0.051,0.012,0.014,23.390,138915.844,3.862,60.000
0.059,0.001,0.011,18.181,142704.656,-0.136,60.000
0.048,0.006,0.012,21.955,150428.656,4.360,60.000
0.053,0.001,0.020,20.897,106119.523,1.825,60.000
0.052,0.015,0.011,19.915,102258.086,5.035,60.000
0.050,0.004,0.010,22.593,73663.336,1.128,60.000
0.044,0.002,0.010,22.012,108172.695,0.101,60.000
0.049,0.019,0.011,20.267,129181.633,6.348,60.000
0.058,0.000,0.009,22.621,71708.852,-1.067,60.000
0.045,0.001,0.022,21.486,125494.117,1.445,60.000
0.052,0.007,0.013,20.507,84738.398,3.453,60.000
0.052,0.001,0.011,28.263,864.320,1.620,60.000
0.049,0.010,0.014,22.132,139639.875,3.985,60.000
0.052,0.010,0.012,20.082,102713.289,4.473,60.000
0.050,0.008,0.011,21.483,163168.469,4.651,60.000
0.052,0.001,0.004,20.285,124163.820,0.603,60.000
0.045,0.000,0.018,22.930,-82711.438,-2.968,60.000
0.048,0.016,0.012,19.964,123366.180,6.198,60.000
0.053,0.001,0.020,22.611,44889.664,0.236,60.000
0.055,0.001,0.006,25.013,63289.430,-0.156,60.000
0.041,0.000,0.016,20.990,-61347.035,-1.943,60.000
0.051,0.000,0.014,31.971,48.055,-0.759,60.000
0.052,0.007,0.011,19.261,145769.219,3.503,60.000
0.048,0.000,0.022,20.627,10962.844,-0.651,60.000
0.049,0.014,0.012,21.133,111068.445,5.244,60.000
0.056,0.002,0.011,21.239,102539.961,1.299,60.000
0.098,0.011,0.012,20.175,129912.102,4.821,60.000
0.060,0.000,0.010,20.317,43905.930,2.550,60.000
0.052,0.002,0.013,23.933,82801.461,1.769,60.000
0.051,0.019,0.010,18.476,92157.258,5.944,60.000
0.048,0.013,0.012,21.136,132890.812,4.715,60.000
0.053,0.001,0.007,26.965,7738.781,-0.555,60.000
0.051,0.019,0.014,20.330,123109.367,7.224,60.000
0.052,0.012,0.012,20.048,103749.523,3.208,60.000
0.047,0.001,0.017,24.446,146212.125,1.358,60.000
0.042,0.000,0.018,22.593,-101505.594,-3.704,60.000
0.048,0.015,0.012,21.048,132085.969,5.614,60.000
0.051,0.007,0.012,21.678,137034.969,5.259,60.000
0.052,0.001,0.014,26.080,101685.195,1.861,60.000
0.053,0.001,0.015,22.804,94054.086,1.023,60.000
0.056,0.002,0.010,21.451,82632.695,0.946,60.000
0.050,0.021,0.012,20.190,135285.469,5.722,60.000
0.043,0.001,0.020,19.414,112841.430,0.642,60.000
0.050,0.017,0.012,19.871,127968.008,6.587,60.000
0.052,0.008,0.012,21.373,105444.117,4.830,60.000
0.051,0.003,0.011,22.642,63008.898,2.608,60.000
0.049,0.015,0.010,19.972,98294.148,5.830,60.000
0.048,0.002,0.014,23.727,132811.094,2.707,60.000
0.052,0.005,0.013,19.601,88708.336,2.500,60.000
0.059,0.001,0.014,21.682,122364.383,-0.282,60.000
0.052,0.013,0.014,23.454,129676.914,4.130,60.000
0.048,0.017,0.013,19.566,134012.844,6.480,60.000
0.056,0.001,0.004,20.945,69042.023,-0.524,60.000
0.049,0.000,0.006,24.740,-3243.008,-0.376,60.000
0.048,0.001,0.012,28.177,57568.039,1.551,60.000
0.051,0.010,0.011,18.914,107136.430,3.648,60.000
0.040,0.000,0.008,22.469,-7624.695,-0.951,60.000
0.058,0.001,0.009,21.926,111150.586,0.053,60.000
0.052,0.001,0.012,31.742,-38410.195,1.481,60.000
0.052,0.008,0.013,20.253,82250.336,3.673,60.000
0.053,0.001,0.014,24.865,96079.383,1.417,60.000
0.057,0.001,0.005,21.729,120178.289,0.127,60.000
0.052,0.015,0.012,20.590,105579.930,5.445,60.000
0.049,0.025,0.011,20.625,137432.688,6.532,60.000
0.051,0.022,0.014,20.155,125338.586,6.079,60.000
0.043,0.000,0.019,20.300,-53582.719,-2.794,60.000
0.051,0.002,0.017,23.152,104985.570,1.829,60.000
0.053,0.000,0.018,27.334,-20861.234,-1.629,60.000
0.046,0.001,0.016,20.738,163135.094,1.699,60.000
0.049,0.007,0.011,21.540,169797.938,4.290,60.000
0.051,0.013,0.013,21.847,129216.289,4.139,60.000
0.050,0.003,0.011,22.879,75136.008,3.070,60.000
0.049,0.000,0.017,25.559,-14997.938,-1.621,60.000
0.051,0.005,0.015,19.902,105773.430,2.323,60.000
0.045,0.000,0.017,20.838,70583.836,-0.024,60.000
0.056,0.001,0.020,19.392,106297.664,1.040,60.000
0.001,0.011,0.012,21.892,7436.555,4.848,60.000
0.055,0.002,0.006,22.044,107100.539,0.016,60.000
0.049,0.001,0.012,28.945,23233.086,1.512,60.000
0.041,0.001,0.015,20.605,66786.086,-1.100,60.000
0.050,0.021,0.012,20.249,128462.727,5.947,60.000
0.050,0.000,0.019,22.612,7622.727,-1.358,60.000
0.050,0.006,0.009,21.824,102539.742,1.323,60.000
0.052,0.009,0.013,19.627,89936.039,3.747,60.000
0.046,0.001,0.020,20.601,124780.773,1.032,60.000
0.048,0.010,0.013,20.855,160303.469,4.292,60.000
0.051,0.014,0.010,20.203,66135.430,5.504,60.000
0.052,0.016,0.013,20.854,104241.477,5.796,60.000
0.049,0.006,0.014,21.101,101239.180,3.222,60.000
0.055,0.001,0.010,28.268,-23476.930,0.145,60.000
0.047,0.001,0.018,23.948,137997.500,1.082,60.000
0.042,0.001,0.017,18.167,102897.336,-0.335,60.000
0.048,0.002,0.007,23.077,94392.602,0.773,60.000
0.052,0.001,0.017,25.224,81032.898,1.432,60.000
0.050,0.001,0.007,23.890,103232.227,0.734,60.000
0.043,0.000,0.015,23.410,55886.023,-0.563,60.000
0.051,0.021,0.013,20.672,120183.180,6.132,60.000
0.052,0.000,0.003,21.758,-12434.562,-0.308,60.000
0.052,0.020,0.012,19.895,98694.148,5.973,60.000
0.049,0.010,0.012,20.293,147988.062,4.606,60.000
0.049,0.015,0.010,20.310,96959.367,5.860,60.000
0.059,0.001,0.009,20.452,123447.211,0.303,60.000
0.042,0.000,0.016,22.309,4231.680,-3.713,60.000
0.052,0.015,0.013,20.884,101157.914,5.509,60.000
0.047,0.001,0.018,21.097,138425.594,1.310,60.000
0.049,0.008,0.011,21.512,160530.219,4.260,60.000
0.056,0.000,0.003,18.866,24587.391,-2.198,60.000
0.050,0.015,0.014,21.847,153480.469,5.901,60.000
0.052,0.021,0.013,20.308,103882.398,6.050,60.000
0.055,0.000,0.014,31.480,46468.586,0.406,60.000
0.048,0.014,0.014,21.312,159166.500,5.096,60.000
0.044,0.000,0.009,27.345,-37296.758,0.972,60.000
0.042,0.000,0.014,25.870,34117.742,-1.121,60.000
0.047,0.001,0.021,22.092,7830.453,-0.394,60.000
0.051,0.001,0.008,25.106,89082.102,0.600,60.000
0.048,0.015,0.013,20.710,151250.656,5.537,60.000
0.099,0.012,0.013,21.399,123346.633,4.436,60.000
0.051,0.013,0.012,20.662,120202.867,4.394,60.000
0.055,0.000,0.009,24.965,-5293.367,1.923,60.000
0.052,0.012,0.012,19.920,95204.242,3.236,60.000
0.050,0.016,0.013,20.299,124430.523,6.545,60.000
0.052,0.001,0.009,25.080,72598.555,0.658,60.000
0.050,0.015,0.010,19.450,95003.227,5.925,60.000
0.048,0.001,0.005,21.267,105550.695,0.554,60.000
0.050,0.001,0.005,25.362,-27584.117,-0.912,60.000
0.052,0.003,0.013,23.333,84305.867,2.549,60.000
0.050,0.014,0.014,22.733,158765.844,5.449,60.000
0.049,0.003,0.010,22.900,70577.461,1.399,60.000
0.049,0.013,0.010,20.860,79306.227,4.712,60.000
0.049,0.004,0.011,21.503,115845.711,3.324,60.000
0.045,0.001,0.015,22.412,161240.344,2.038,60.000
0.057,0.001,0.005,21.215,123931.727,-0.089,60.000
0.050,0.005,0.013,21.501,99491.164,3.102,60.000
0.097,0.013,0.012,19.390,105292.023,4.918,60.000
0.051,0.010,0.011,19.406,111468.617,3.962,60.000
0.043,0.001,0.013,23.352,51778.367,-0.538,60.000
0.053,0.000,0.002,18.642,16956.906,-2.125,60.000
0.049,0.021,0.013,20.716,142707.969,5.941,60.000
0.041,0.000,0.015,22.089,38524.586,-1.399,60.000
0.051,0.004,0.012,22.559,85412.805,3.460,60.000
0.051,0.023,0.013,20.479,136727.188,5.755,60.000
0.045,0.002,0.015,20.678,165512.281,1.812,60.000
0.001,0.011,0.011,19.689,5684.180,6.279,60.000
0.048,0.001,0.009,26.098,97028.258,0.738,60.000
0.055,0.001,0.014,23.546,105535.773,0.871,60.000
0.098,0.012,0.013,20.483,120292.477,4.234,60.000
0.052,0.007,0.010,18.794,146749.438,2.946,60.000
0.049,0.015,0.014,21.173,156526.500,5.894,60.000
0.060,0.000,0.010,19.651,-7150.320,1.886,60.000
0.048,0.025,0.013,20.074,163665.094,5.636,60.000
0.056,0.001,0.020,22.004,56979.367,-0.262,60.000
0.049,0.004,0.009,23.358,77301.133,1.100,60.000
0.045,0.001,0.020,19.467,117916.367,0.760,60.000
0.055,0.001,0.010,27.726,-17772.555,0.362,60.000
0.055,0.000,0.010,28.524,2346.703,-0.586,60.000
0.043,0.000,0.016,23.403,-4591.930,-2.199,60.000
0.042,0.001,0.011,24.320,86552.570,-0.157,60.000
0.041,0.000,0.010,25.676,-62149.391,1.747,60.000
0.097,0.012,0.013,20.001,117466.211,4.279,60.000
0.043,0.001,0.004,21.084,91602.789,1.467,60.000
0.098,0.013,0.011,19.406,107232.914,5.459,60.000
0.052,0.009,0.011,18.895,115952.055,3.373,60.000
0.098,0.013,0.013,20.330,114260.867,4.186,60.000
0.050,0.026,0.010,21.728,119858.773,5.668,60.000
0.043,0.001,0.017,20.255,120527.711,-0.384,60.000
0.051,0.025,0.014,20.122,157176.938,5.829,60.000
0.100,0.011,0.012,25.008,2126.258,7.263,60.000
0.047,0.000,0.015,29.270,-36176.336,-2.463,60.000
0.049,0.008,0.012,21.534,166317.469,5.800,60.000
0.044,0.000,0.021,21.420,-21933.867,-0.241,60.000
0.050,0.003,0.009,24.419,61445.055,0.882,60.000
0.051,0.012,0.012,20.363,107984.289,3.789,60.000
0.044,0.000,0.006,21.924,-49189.566,-0.848,60.000
0.052,0.013,0.012,20.809,112459.164,3.861,60.000
0.051,0.000,0.003,19.993,43741.039,-0.766,60.000
0.050,0.025,0.011,20.649,127210.539,6.455,60.000
0.057,0.000,0.011,25.618,60586.945,-0.896,60.000
0.048,0.009,0.011,21.598,130254.773,3.777,60.000
0.052,0.004,0.013,21.142,85644.508,2.722,60.000
0.048,0.008,0.010,22.263,122312.648,1.974,60.000
0.055,0.001,0.018,22.535,78329.352,0.234,60.000
0.098,0.012,0.012,19.951,127178.492,5.101,60.000
0.052,0.007,0.010,18.723,146516.875,2.929,60.000
0.050,0.005,0.014,20.622,106322.711,2.581,60.000
0.050,0.020,0.010,18.273,92949.023,5.851,60.000
0.050,0.002,0.013,24.215,90395.445,2.960,60.000
0.050,0.024,0.010,21.205,125303.289,5.928,60.000
0.052,0.007,0.014,20.225,83787.211,2.816,60.000
0.050,0.000,0.021,19.700,28195.773,-1.116,60.000
0.052,0.020,0.012,19.752,106012.383,5.806,60.000
0.052,0.007,0.012,21.700,105339.227,4.688,60.000
0.052,0.000,0.008,26.251,-20960.070,0.116,60.000
0.048,0.007,0.012,21.827,158314.719,4.549,60.000
0.049,0.001,0.017,24.426,134299.719,1.623,60.000
0.047,0.001,0.002,22.192,77860.695,0.554,60.000
0.050,0.010,0.015,21.970,128593.555,3.591,60.000
0.050,0.000,0.004,24.645,15077.852,0.728,60.000
0.058,0.001,0.007,20.829,133814.344,0.034,60.000
0.050,0.020,0.011,20.002,117154.570,6.022,60.000
0.052,0.026,0.013,19.403,162749.750,5.395,60.000
0.050,0.005,0.014,21.429,98672.945,2.943,60.000
0.052,0.010,0.010,18.456,89224.898,3.287,60.000
0.052,0.001,0.007,26.096,48401.555,0.037,60.000
0.052,0.016,0.012,20.070,110325.180,5.732,60.000
0.099,0.012,0.012,20.172,118583.258,5.053,60.000
0.052,0.000,0.010,30.060,-52505.074,0.216,60.000
0.048,0.000,0.016,28.461,40897.820,1.623,60.000
0.002,0.011,0.013,20.824,62524.195,5.525,60.000
0.050,0.000,0.023,24.284,-45254.582,-1.649,60.000
0.042,0.001,0.015,24.127,14183.414,-2.634,60.000
0.044,0.001,0.014,23.495,76658.711,0.223,60.000
0.058,0.001,0.012,20.563,136123.219,0.341,60.000
0.045,0.002,0.008,22.778,99620.539,0.830,60.000
0.049,0.026,0.010,22.025,131133.344,5.941,60.000
0.041,0.000,0.009,21.989,-15417.031,-1.884,60.000
0.001,0.012,0.012,19.593,48846.258,6.418,60.000
0.051,0.019,0.014,20.045,129915.102,7.323,60.000
0.052,0.022,0.013,20.342,114222.336,5.824,60.000
0.050,0.000,0.020,22.906,-22831.641,-2.105,60.000
0.049,0.026,0.012,20.084,163611.375,6.249,60.000
0.051,0.003,0.012,23.652,89486.039,2.974,60.000
0.049,0.025,0.013,19.968,173004.031,5.792,60.000
0.100,0.012,0.011,23.401,-59706.262,7.529,60.000
0.049,0.005,0.010,22.430,97539.492,1.540,60.000
0.053,0.001,0.017,23.278,96095.664,1.195,60.000
0.049,0.009,0.010,21.291,120658.773,3.618,60.000
0.047,0.000,0.006,24.425,-6927.094,0.219,60.000
0.056,0.001,0.020,23.246,22375.430,-0.643,60.000
0.051,0.027,0.013,16.120,70169.617,1.420,60.000
0.058,0.001,0.006,24.052,33158.102,-0.348,60.000
0.051,0.006,0.010,19.955,144631.875,2.990,60.000
0.049,0.023,0.012,20.230,153545.969,5.660,60.000
0.045,0.000,0.005,24.582,13525.719,1.013,60.000
0.043,0.001,0.012,23.336,94770.602,0.194,60.000
0.051,0.014,0.013,22.364,129367.586,4.818,60.000
0.002,0.010,0.012,19.446,31533.820,6.570,60.000
0.060,0.001,0.009,22.414,117417.789,0.341,60.000
0.052,0.001,0.009,25.578,68454.539,0.667,60.000
0.002,0.012,0.011,18.505,36957.023,6.848,60.000
0.043,0.002,0.009,21.875,101288.961,0.473,60.000
0.050,0.015,0.014,21.638,154360.750,5.889,60.000
0.051,0.016,0.011,19.963,93249.648,6.170,60.000
0.049,0.012,0.011,21.273,88622.555,4.374,60.000
0.049,0.027,0.013,22.761,204663.344,9.329,60.000
0.058,0.001,0.020,19.059,103706.914,0.260,60.000
0.043,0.000,0.009,25.900,-44756.945,0.367,60.000
0.051,0.027,0.011,20.301,109250.914,5.096,60.000
0.058,0.001,0.017,22.896,64505.039,-0.241,60.000
0.044,0.000,0.018,20.734,77128.539,0.040,60.000
0.051,0.001,0.006,21.770,116857.336,0.550,60.000
0.052,0.025,0.012,19.474,159181.656,5.463,60.000
0.049,0.001,0.015,27.543,93178.805,1.297,60.000
0.059,0.001,0.008,21.953,116436.195,0.350,60.000
0.049,0.013,0.014,22.621,159091.500,4.370,60.000
0.050,0.000,0.014,34.930,-7605.000,0.258,60.000
0.051,0.026,0.013,19.702,171188.656,5.537,60.000
0.056,0.002,0.008,22.117,104758.539,-0.089,60.000
0.050,0.021,0.013,20.853,135458.375,6.082,60.000
0.001,0.010,0.012,20.119,42299.352,6.260,60.000
0.049,0.001,0.015,23.736,146068.000,2.184,60.000
0.048,0.000,0.009,30.153,-51544.148,0.753,60.000
0.044,0.001,0.005,22.541,76692.055,1.245,60.000
0.050,0.015,0.011,20.635,86103.055,5.923,60.000
0.056,0.001,0.013,23.866,109949.992,1.018,60.000
0.052,0.002,0.009,25.182,60219.727,1.042,60.000
0.046,0.001,0.022,21.170,125535.102,1.315,60.000
0.056,0.001,0.015,23.422,105775.914,0.578,60.000
0.050,0.016,0.012,20.061,118892.664,6.348,60.000
0.043,0.000,0.014,26.670,-16134.578,-0.605,60.000
0.049,0.016,0.013,20.528,142257.469,6.153,60.000
0.051,0.027,0.013,22.599,129517.164,5.545,60.000
0.054,0.000,0.020,22.258,10145.812,-1.454,60.000
0.052,0.018,0.011,19.075,97204.227,5.899,60.000
0.051,0.001,0.006,21.814,114801.867,0.451,60.000
0.099,0.011,0.011,19.246,108528.445,4.846,60.000
0.051,0.026,0.014,19.813,171147.719,5.700,60.000
0.056,0.001,0.020,19.371,101158.648,0.823,60.000
0.042,0.000,0.014,23.887,4406.008,-0.273,60.000
0.050,0.013,0.010,20.370,64380.992,4.947,60.000
0.052,0.015,0.011,19.900,86854.102,5.969,60.000
0.050,0.007,0.012,22.509,158335.594,6.174,60.000
0.051,0.005,0.012,21.482,101710.492,4.053,60.000
0.060,0.001,0.012,22.111,105991.977,-0.587,60.000
0.050,0.015,0.013,21.576,151070.344,5.948,60.000
0.051,0.000,0.022,19.933,43022.148,1.168,60.000
0.049,0.012,0.010,21.269,92340.180,4.230,60.000
0.050,0.013,0.010,20.227,65029.492,5.026,60.000
0.055,0.001,0.016,24.180,72894.258,0.369,60.000
0.050,0.001,0.008,28.547,7691.562,-0.183,60.000
0.054,0.000,0.010,27.810,-22291.586,-0.307,60.000
0.050,0.025,0.011,21.223,127559.867,6.350,60.000
0.052,0.002,0.012,23.681,76207.117,2.748,60.000
0.048,0.006,0.013,21.400,122621.977,3.503,60.000
0.050,0.008,0.009,20.730,128616.211,2.500,60.000
0.051,0.025,0.011,21.116,117152.742,5.885,60.000
0.046,0.001,0.011,22.816,106439.805,1.198,60.000
0.049,0.007,0.013,21.189,124756.805,4.428,60.000
0.054,0.000,0.002,23.374,-4486.555,-0.249,60.000
0.050,0.023,0.011,20.718,122554.992,6.394,60.000
0.051,0.007,0.013,20.940,88614.852,3.282,60.000
0.054,0.001,0.006,23.639,46904.242,-0.514,60.000
0.048,0.001,0.005,23.658,65666.367,0.797,60.000
0.051,0.001,0.013,30.652,-8.195,1.313,60.000
0.050,0.026,0.010,21.591,122011.086,5.661,60.000
0.057,0.001,0.020,20.161,82765.992,0.152,60.000
0.053,0.000,0.011,32.831,-7845.000,0.751,60.000
0.050,0.024,0.011,20.702,131502.688,6.612,60.000
0.059,0.000,0.016,20.780,77939.586,1.018,60.000
0.050,0.017,0.014,20.429,146329.969,6.967,60.000
0.043,0.001,0.018,19.248,115813.820,-0.072,60.000
0.051,0.008,0.013,20.269,122870.164,4.962,60.000
0.042,0.000,0.010,26.688,-31404.992,1.487,60.000
0.003,0.013,0.012,19.476,52489.727,5.890,60.000
0.048,0.002,0.012,23.342,96730.695,2.396,60.000
0.049,0.018,0.011,20.242,128114.805,6.486,60.000
0.050,0.001,0.021,22.190,123680.039,1.783,60.000
0.059,0.000,0.012,23.092,30141.070,1.425,60.000
0.051,0.001,0.019,23.488,115947.289,2.099,60.000
0.050,0.000,0.009,30.042,-47176.500,-0.289,60.000
0.045,0.000,0.004,22.134,17403.047,-0.207,60.000
0.044,0.001,0.006,22.121,73597.383,0.714,60.000
0.040,0.001,0.017,19.850,84269.773,-0.443,60.000
0.043,0.000,0.008,23.883,-16208.570,-0.848,60.000
0.051,0.007,0.014,20.707,97110.352,3.971,60.000
0.045,0.000,0.018,21.680,18985.648,0.012,60.000
0.051,0.007,0.013,21.670,116912.383,4.955,60.000
0.053,0.001,0.013,31.453,12991.242,1.226,60.000
0.049,0.026,0.013,20.263,178714.000,5.968,60.000
0.050,0.005,0.013,21.437,95401.680,3.095,60.000
0.042,0.001,0.019,18.726,112063.539,0.214,60.000
0.048,0.026,0.013,20.174,179383.031,5.875,60.000
0.055,0.000,0.009,27.042,-33137.695,0.171,60.000
0.048,0.001,0.018,25.137,-31190.062,-1.208,60.000
0.052,0.018,0.012,19.274,100297.555,5.901,60.000
0.049,0.001,0.017,22.294,143914.812,1.793,60.000
0.052,0.019,0.014,20.592,120079.852,6.926,60.000
0.049,0.023,0.011,20.735,137757.906,6.581,60.000
0.051,0.002,0.010,24.733,47779.039,1.373,60.000
0.002,0.010,0.011,18.816,24805.891,6.964,60.000
0.045,0.001,0.018,19.746,146977.000,1.302,60.000
0.050,0.010,0.014,20.681,123462.133,4.000,60.000
0.040,0.001,0.011,21.345,63383.633,-0.506,60.000
0.051,0.002,0.011,23.367,64367.195,2.982,60.000
0.046,0.001,0.009,23.583,111564.695,0.857,60.000
0.050,0.013,0.014,23.846,148296.562,3.979,60.000
0.060,0.000,0.009,21.223,8844.836,0.562,60.000
0.057,0.000,0.008,23.220,57895.211,-0.937,60.000
0.043,0.002,0.010,22.332,112297.117,0.145,60.000
0.050,0.001,0.017,24.872,119736.055,1.840,60.000
0.050,0.022,0.014,20.001,125307.102,6.209,60.000
0.049,0.015,0.012,20.634,135412.219,5.543,60.000
0.052,0.000,0.016,26.811,-29851.070,-1.609,60.000
0.049,0.003,0.014,21.526,112960.320,2.575,60.000
0.050,0.008,0.014,20.339,118233.477,4.658,60.000
0.051,0.011,0.011,19.420,98026.617,3.925,60.000
0.058,0.000,0.008,22.864,11280.984,1.598,60.000
0.049,0.000,0.019,21.502,91523.805,0.883,60.000
0.052,0.000,0.022,18.150,25456.844,-0.896,60.000
0.049,0.001,0.012,25.918,90378.773,2.633,60.000
0.050,0.007,0.013,21.812,141712.375,5.369,60.000
0.045,0.001,0.013,30.454,15528.922,0.064,60.000
0.049,0.002,0.010,22.986,75745.883,1.610,60.000
0.051,0.007,0.013,21.803,122058.977,5.235,60.000
0.051,0.007,0.010,19.730,157006.719,3.133,60.000
0.049,0.013,0.010,20.896,84282.836,4.535,60.000
0.045,0.000,0.004,22.215,8491.875,-0.157,60.000
0.051,0.014,0.013,21.824,135683.750,5.071,60.000
0.049,0.001,0.007,25.048,103645.695,0.608,60.000
0.053,0.000,0.016,29.558,37858.773,-0.543,60.000
0.059,0.001,0.015,21.610,112705.523,0.018,60.000
0.049,0.006,0.010,20.660,129215.039,2.174,60.000
0.051,0.000,0.004,25.697,-100639.898,-0.939,60.000
0.059,0.001,0.008,22.318,114783.820,0.289,60.000
0.048,0.005,0.010,22.302,101070.555,1.665,60.000
0.050,0.002,0.015,23.120,130896.070,1.830,60.000
0.051,0.020,0.014,20.060,124258.320,6.861,60.000
0.049,0.002,0.012,24.095,107948.633,3.580,60.000
0.049,0.013,0.012,20.961,148316.062,4.668,60.000
0.052,0.006,0.011,19.207,138192.500,3.095,60.000
0.056,0.001,0.013,22.524,114914.008,0.632,60.000
0.049,0.005,0.012,21.852,126089.164,3.942,60.000
0.051,0.013,0.010,19.570,64975.586,4.663,60.000
0.055,0.000,0.014,27.296,49313.445,1.193,60.000
0.051,0.024,0.014,20.247,150469.625,5.801,60.000
0.051,0.001,0.002,20.455,111593.180,0.431,60.000
0.044,0.000,0.017,24.332,21790.070,0.175,60.000
0.050,0.000,0.002,20.861,13316.125,-0.929,60.000
0.053,0.000,0.013,32.419,-1090.430,0.313,60.000
0.050,0.007,0.009,21.244,117531.914,1.770,60.000
0.052,0.011,0.010,18.670,91528.570,3.564,60.000
0.050,0.024,0.014,20.395,153331.562,5.862,60.000
0.049,0.003,0.010,23.079,77655.055,1.332,60.000
0.040,0.001,0.010,23.929,2404.688,-0.805,60.000
0.049,0.001,0.021,21.919,123627.945,1.634,60.000
0.054,0.000,0.017,27.143,31323.008,2.274,60.000
0.043,0.001,0.015,22.147,94218.836,0.543,60.000
0.049,0.003,0.012,22.479,110259.289,3.115,60.000
0.048,0.013,0.012,21.183,123641.602,4.518,60.000
0.052,0.003,0.012,22.786,89028.023,2.892,60.000
0.045,0.001,0.013,24.594,106911.273,1.761,60.000
0.052,0.001,0.014,27.411,91709.492,1.716,60.000
0.050,0.015,0.013,21.726,153091.531,5.780,60.000
0.052,0.001,0.019,23.011,112658.992,2.136,60.000
0.044,0.002,0.013,22.029,106618.555,0.816,60.000
0.098,0.013,0.012,20.064,108736.070,5.272,60.000
0.052,0.024,0.013,20.324,141002.375,5.754,60.000
0.048,0.004,0.013,22.166,104062.164,2.847,60.000
0.052,0.023,0.013,20.216,133760.969,5.497,60.000
0.049,0.001,0.020,22.612,65756.492,0.916,60.000
0.050,0.002,0.013,24.193,106296.055,3.265,60.000
0.050,0.025,0.013,19.918,171029.594,5.586,60.000
0.047,0.000,0.017,24.663,56915.477,0.448,60.000
0.049,0.010,0.012,20.267,151801.812,4.778,60.000
0.053,0.001,0.018,25.291,49938.398,0.934,60.000
0.047,0.001,0.012,24.051,111663.992,2.438,60.000
0.048,0.005,0.012,22.094,125194.695,3.666,60.000
0.049,0.007,0.011,21.388,165707.688,4.075,60.000
0.049,0.023,0.012,20.537,141401.125,6.226,60.000
0.058,0.001,0.006,22.282,59233.195,-0.252,60.000
0.059,0.001,0.012,20.572,131077.312,-0.288,60.000
0.050,0.012,0.011,19.937,92313.320,4.194,60.000
0.046,0.000,0.012,33.070,-23733.969,1.948,60.000
0.051,0.005,0.011,20.630,131430.594,3.743,60.000
0.051,0.018,0.010,18.957,94359.055,5.602,60.000
0.052,0.001,0.003,21.064,105479.867,0.331,60.000
0.049,0.006,0.009,22.430,108856.898,1.417,60.000
0.056,0.000,0.019,22.147,43461.961,0.597,60.000
0.098,0.011,0.011,19.472,108576.695,4.749,60.000
0.059,0.000,0.008,23.244,-34838.328,0.058,60.000
0.048,0.009,0.013,20.424,160616.062,4.666,60.000
0.052,0.001,0.014,26.916,98933.758,1.859,60.000
0.047,0.001,0.012,29.866,16666.047,0.247,60.000
0.050,0.027,0.011,20.229,101801.102,4.700,60.000
0.053,0.001,0.018,22.789,99227.055,2.037,60.000
0.043,0.000,0.015,25.460,20457.125,0.153,60.000
0.042,0.001,0.013,19.605,75411.711,-0.701,60.000
0.051,0.010,0.013,20.598,107553.695,4.803,60.000
0.054,0.000,0.013,31.603,16465.477,-0.297,60.000
0.045,0.000,0.021,20.994,11427.422,0.942,60.000
0.050,0.007,0.013,20.902,123950.648,4.578,60.000
0.050,0.001,0.019,22.838,125951.242,1.997,60.000
0.046,0.001,0.011,22.678,109392.211,1.029,60.000
0.048,0.026,0.011,21.557,145879.031,6.888,60.000
0.056,0.001,0.010,27.029,-18031.273,-0.032,60.000
0.053,0.001,0.006,24.989,-27932.836,-1.432,60.000
0.052,0.000,0.014,32.153,-6472.422,0.341,60.000
0.049,0.021,0.011,20.293,129138.133,6.270,60.000
0.056,0.001,0.005,19.958,126846.695,0.070,60.000
0.049,0.026,0.012,20.537,150901.219,6.705,60.000
0.048,0.007,0.010,21.491,123402.398,1.785,60.000
0.002,0.012,0.013,20.554,63677.211,5.616,60.000
0.048,0.002,0.011,22.394,95593.258,1.340,60.000
0.041,0.000,0.009,21.711,-680.469,-1.798,60.000
0.052,0.000,0.012,29.407,29497.211,1.522,60.000
0.044,0.000,0.008,27.285,-36012.930,1.743,60.000
0.056,0.000,0.019,19.744,-33359.516,-0.560,60.000
0.054,0.000,0.020,18.737,-32046.453,-1.752,60.000
0.055,0.000,0.021,18.740,47901.648,-0.161,60.000
0.049,0.004,0.014,21.491,104238.227,2.604,60.000
0.045,0.001,0.014,27.460,124245.586,1.259,60.000
0.049,0.010,0.011,20.841,129370.102,4.229,60.000
0.051,0.017,0.012,19.472,104599.305,6.103,60.000
0.059,0.000,0.008,19.861,81049.242,-1.096,60.000
0.098,0.011,0.012,19.405,126618.039,4.835,60.000
0.056,0.000,0.020,23.906,23285.258,-0.237,60.000
0.049,0.021,0.011,20.047,123859.289,6.359,60.000
0.056,0.001,0.017,22.058,74204.930,0.179,60.000
0.050,0.025,0.010,21.417,125011.320,5.918,60.000
0.041,0.001,0.018,18.384,103285.289,-0.079,60.000
0.051,0.008,0.013,20.463,104741.133,4.519,60.000
0.056,0.000,0.005,22.309,66397.289,-0.220,60.000
0.049,0.000,0.017,24.477,39817.164,0.269,60.000
0.040,0.001,0.015,20.455,48368.727,-1.329,60.000
0.048,0.014,0.011,20.937,95507.648,5.583,60.000
0.040,0.001,0.013,18.590,48139.258,-1.477,60.000
0.050,0.000,0.017,28.503,-22615.945,-2.591,60.000
0.051,0.022,0.010,19.615,101099.133,6.013,60.000
0.098,0.012,0.011,19.069,103130.648,4.715,60.000
0.049,0.007,0.011,21.116,157116.562,3.478,60.000
0.050,0.014,0.010,20.604,72833.633,5.233,60.000
0.049,0.006,0.014,20.810,100490.195,2.980,60.000
0.058,0.000,0.006,19.485,21035.039,-2.386,60.000
0.049,0.020,0.011,20.130,121486.945,6.136,60.000
0.045,0.001,0.009,23.041,108330.039,0.854,60.000
0.051,0.014,0.013,21.501,129433.211,4.842,60.000
0.098,0.013,0.010,18.971,90942.242,5.078,60.000
0.043,0.001,0.009,23.261,99979.711,0.585,60.000
0.044,0.000,0.011,25.505,14498.320,-2.031,60.000
0.049,0.020,0.012,20.535,135314.031,6.124,60.000
0.050,0.015,0.014,21.733,156606.812,5.822,60.000
0.051,0.003,0.012,23.639,90739.211,3.027,60.000
0.055,0.001,0.020,21.989,23753.664,-0.570,60.000
0.052,0.000,0.011,29.145,3389.930,1.076,60.000
0.049,0.000,0.004,26.424,-64019.480,-0.536,60.000
0.047,0.000,0.004,21.466,78107.180,0.300,60.000
0.045,0.001,0.009,24.690,105216.977,0.751,60.000
0.047,0.000,0.018,23.897,-15015.945,0.317,60.000
0.058,0.001,0.010,20.035,121017.227,0.568,60.000
0.049,0.027,0.012,20.898,204492.156,5.920,60.000
0.052,0.025,0.013,19.923,154374.188,5.547,60.000
0.052,0.004,0.011,22.620,69918.430,3.199,60.000
0.054,0.001,0.006,23.257,94797.258,-0.022,60.000
0.049,0.005,0.012,21.964,123564.977,4.348,60.000
0.049,0.013,0.013,21.297,148809.375,4.377,60.000
0.051,0.024,0.011,19.809,124301.289,5.717,60.000
0.048,0.012,0.014,22.003,152182.375,3.933,60.000
0.000,0.011,0.012,22.396,-13000.586,6.633,60.000
0.044,0.002,0.015,19.718,146221.125,1.288,60.000
0.050,0.014,0.011,20.774,77127.539,5.481,60.000
0.047,0.000,0.010,28.661,-33373.852,-1.620,60.000
0.059,0.001,0.011,19.624,131196.156,0.069,60.000
0.098,0.012,0.013,20.501,129160.992,3.936,60.000
0.049,0.006,0.010,21.494,106376.430,1.797,60.000
0.045,0.000,0.007,25.209,-646.742,0.528,60.000
0.056,0.001,0.011,23.716,98068.602,0.873,60.000
0.041,0.001,0.008,23.663,-26123.547,-0.838,60.000
0.050,0.025,0.014,19.898,172433.031,5.789,60.000
0.050,0.010,0.010,21.300,92957.789,3.223,60.000
0.050,0.006,0.014,21.236,107926.836,3.378,60.000
0.055,0.001,0.021,19.924,112582.742,1.634,60.000
0.056,0.001,0.011,23.159,101879.711,0.967,60.000
0.049,0.016,0.012,20.061,129151.461,6.299,60.000
0.043,0.000,0.015,26.015,43249.945,0.170,60.000
0.051,0.013,0.011,20.096,69880.492,4.576,60.000
0.048,0.019,0.012,20.638,137189.125,5.974,60.000
0.051,0.018,0.011,19.220,101580.008,6.022,60.000
0.045,0.001,0.005,24.282,26990.602,0.783,60.000
0.040,0.000,0.012,21.413,-24708.422,-2.760,60.000
0.052,0.010,0.013,19.938,94257.680,3.416,60.000
0.054,0.001,0.005,22.379,39831.195,-0.649,60.000
0.040,0.001,0.009,22.802,38967.570,-0.431,60.000
0.050,0.000,0.019,22.254,40719.758,-0.049,60.000
0.055,0.000,0.021,21.395,-7718.953,-1.596,60.000
0.048,0.002,0.017,21.578,155515.156,1.755,60.000
0.059,0.001,0.011,22.239,72024.242,-0.286,60.000
0.002,0.011,0.011,18.959,27719.648,6.693,60.000
0.056,0.001,0.007,22.503,109889.352,0.070,60.000
0.098,0.013,0.013,20.580,121407.867,4.179,60.000
0.052,0.023,0.010,20.009,102840.602,5.860,60.000
0.049,0.014,0.014,21.720,166493.750,5.441,60.000
0.048,0.026,0.011,21.955,145188.312,6.911,60.000
0.041,0.001,0.014,20.473,50512.508,-1.002,60.000
0.049,0.009,0.013,20.195,135210.594,4.932,60.000
0.048,0.011,0.010,21.674,91660.039,4.199,60.000
0.045,0.001,0.007,25.805,-1419.852,0.181,60.000
0.052,0.018,0.012,19.584,97953.430,6.045,60.000
0.051,0.027,0.013,18.563,118083.539,2.556,60.000
0.048,0.000,0.007,26.962,4866.617,0.045,60.000
0.055,0.002,0.008,23.611,94579.945,0.346,60.000
0.052,0.012,0.013,22.499,124461.461,3.796,60.000
0.048,0.001,0.021,21.855,132942.625,1.380,60.000
0.051,0.015,0.014,21.815,143603.562,5.805,60.000
0.049,0.000,0.006,24.926,-19635.422,-0.526,60.000
0.059,0.000,0.011,22.261,30943.102,1.501,60.000
0.052,0.001,0.015,23.017,97123.961,1.323,60.000
0.051,0.006,0.013,20.911,90846.711,3.071,60.000
0.039,0.001,0.009,21.591,69063.883,0.201,60.000
0.055,0.000,0.004,24.785,-41007.016,1.109,60.000
0.057,0.001,0.018,19.803,102218.992,0.194,60.000
0.049,0.025,0.014,20.046,172366.000,5.820,60.000
0.049,0.001,0.012,26.692,69402.367,2.377,60.000
0.048,0.008,0.011,21.601,153843.562,3.825,60.000
0.049,0.027,0.011,19.689,65915.273,3.206,60.000
0.039,0.001,0.012,20.512,47657.836,-1.142,60.000
0.048,0.001,0.006,23.972,99662.273,0.646,60.000
0.052,0.007,0.012,21.268,112403.836,4.611,60.000
0.050,0.001,0.009,24.305,84207.523,0.765,60.000
0.049,0.014,0.014,21.557,162202.812,5.567,60.000
0.050,0.001,0.004,22.402,49325.320,0.206,60.000
0.049,0.003,0.013,23.224,108219.930,2.744,60.000
0.048,0.007,0.010,21.540,121341.805,1.823,60.000
0.057,0.001,0.015,25.488,3188.055,-1.562,60.000
0.050,0.010,0.011,20.323,131052.555,4.384,60.000
0.057,0.000,0.012,26.537,11484.008,0.746,60.000
0.048,0.006,0.013,21.766,112887.023,2.748,60.000
0.049,0.026,0.013,19.931,170191.750,5.945,60.000
0.056,0.001,0.021,21.493,53136.445,-0.175,60.000
0.059,0.001,0.009,23.384,88008.383,0.338,60.000
0.061,0.001,0.011,18.502,129778.805,-0.170,60.000
0.050,0.019,0.011,19.679,117447.758,6.202,60.000
0.048,0.027,0.012,17.455,89273.945,4.335,60.000
0.050,0.003,0.014,22.007,108515.680,2.531,60.000
0.052,0.027,0.012,22.682,202278.938,9.082,60.000
0.052,0.000,0.007,26.428,-39326.309,-0.519,60.000
0.048,0.000,0.004,24.384,-61317.340,-0.511,60.000
0.045,0.002,0.016,19.766,161698.000,1.492,60.000
0.054,0.000,0.017,24.908,-23571.688,-0.982,60.000
0.049,0.006,0.010,21.392,120116.742,1.862,60.000
0.043,0.001,0.017,20.458,92191.883,-0.835,60.000
0.051,0.020,0.010,18.448,89697.633,5.574,60.000
0.045,0.002,0.017,18.545,150394.531,1.043,60.000
0.051,0.013,0.012,21.207,131265.156,4.222,60.000
0.051,0.001,0.016,26.658,12484.312,0.012,60.000
0.052,0.008,0.012,21.062,99031.070,4.360,60.000
0.002,0.012,0.011,18.725,40296.570,6.622,60.000
0.046,0.001,0.014,24.597,140857.719,2.397,60.000
0.049,0.009,0.012,21.353,160793.188,4.777,60.000
0.055,0.001,0.015,22.776,98584.523,0.689,60.000
0.052,0.014,0.011,20.067,79009.320,4.680,60.000
0.049,0.015,0.012,20.713,122636.539,5.664,60.000
0.044,0.000,0.014,27.690,-71484.961,-1.444,60.000
0.044,0.000,0.019,22.722,-46663.160,-1.919,60.000
0.051,0.023,0.014,20.244,129126.320,5.983,60.000
0.050,0.023,0.012,19.995,146151.719,5.659,60.000
0.055,0.001,0.004,22.771,102149.461,0.243,60.000
0.049,0.014,0.014,22.741,163294.500,4.876,60.000
0.051,0.024,0.011,20.136,123122.695,5.832,60.000
0.051,0.000,0.018,24.969,20419.633,-1.156,60.000
0.051,0.020,0.012,19.846,117067.414,5.939,60.000
0.043,0.001,0.010,22.489,103020.445,-0.009,60.000
0.049,0.021,0.014,20.085,136041.469,6.057,60.000
0.049,0.000,0.005,24.328,11378.961,-0.176,60.000
0.050,0.016,0.014,20.743,143001.906,6.431,60.000
0.045,0.002,0.015,20.075,156343.406,1.602,60.000
0.098,0.011,0.011,19.376,122472.602,4.692,60.000
0.051,0.002,0.014,24.222,87957.227,2.055,60.000
0.051,0.010,0.011,19.182,103925.820,3.692,60.000
0.052,0.021,0.010,18.692,90360.023,5.598,60.000
0.060,0.001,0.008,23.157,86840.117,0.301,60.000
0.050,0.022,0.013,20.866,131093.062,6.056,60.000
0.050,0.018,0.011,19.595,110553.070,6.300,60.000
0.048,0.021,0.014,20.097,136949.406,6.017,60.000
0.057,0.001,0.007,24.567,32940.086,-0.320,60.000
0.047,0.001,0.005,22.960,41873.320,0.800,60.000
0.047,0.001,0.005,24.077,78429.320,0.879,60.000
0.049,0.001,0.015,27.362,64737.727,1.005,60.000
0.041,0.001,0.018,19.534,114219.117,-0.218,60.000
0.045,0.000,0.015,28.781,-31717.297,-1.596,60.000
0.098,0.012,0.010,18.971,94253.180,4.982,60.000
0.048,0.002,0.007,23.524,97554.086,0.915,60.000
0.044,0.001,0.012,25.600,44397.305,-0.423,60.000
0.051,0.026,0.014,20.152,176383.406,5.567,60.000
0.050,0.020,0.013,20.124,123190.977,6.275,60.000
0.050,0.020,0.012,20.425,126279.961,6.007,60.000
0.048,0.003,0.013,22.797,121875.539,2.823,60.000
0.052,0.026,0.012,19.548,161631.812,5.540,60.000
0.055,0.001,0.018,23.230,48666.680,-0.297,60.000
0.052,0.025,0.012,19.381,146709.812,5.344,60.000
0.052,0.001,0.017,28.139,-25258.047,-0.902,60.000
0.050,0.008,0.012,21.669,148142.625,6.263,60.000
0.052,0.002,0.015,22.971,90717.883,1.108,60.000
0.048,0.009,0.012,21.455,139094.969,4.247,60.000
0.054,0.002,0.013,23.565,88722.023,1.557,60.000
0.049,0.001,0.008,26.707,51431.086,0.301,60.000
0.042,0.000,0.010,23.446,-16052.711,-1.826,60.000
0.050,0.017,0.014,20.453,145460.750,6.760,60.000
0.051,0.010,0.012,20.387,118628.305,4.862,60.000
0.050,0.001,0.007,26.774,49410.289,0.374,60.000
0.056,0.001,0.007,22.393,113430.180,0.105,60.000
0.098,0.010,0.012,20.371,137873.875,4.928,60.000
0.052,0.008,0.011,19.917,131983.719,4.028,60.000
0.045,0.002,0.010,22.418,111066.336,0.706,60.000
0.051,0.003,0.013,22.263,85315.008,3.001,60.000
0.050,0.026,0.010,21.476,117698.977,5.871,60.000
0.051,0.000,0.020,19.466,28203.773,-0.581,60.000
0.045,0.001,0.011,26.566,43553.977,-0.862,60.000
0.057,0.000,0.006,22.432,-6496.773,0.318,60.000
0.056,0.001,0.010,25.860,36921.336,0.104,60.000
0.051,0.000,0.014,32.704,47404.242,0.253,60.000
0.049,0.001,0.020,22.319,100569.273,1.252,60.000
0.052,0.001,0.012,31.272,-18746.188,1.193,60.000
0.043,0.001,0.006,21.003,77861.883,1.225,60.000
0.051,0.001,0.005,23.243,32777.961,-0.143,60.000
0.050,0.016,0.010,19.668,100672.055,5.876,60.000
0.048,0.007,0.014,20.934,104632.477,3.335,60.000
0.057,0.001,0.004,19.300,133303.875,0.238,60.000
0.051,0.001,0.023,22.228,97792.336,1.568,60.000
0.057,0.000,0.012,28.770,5343.688,-0.894,60.000
0.051,0.000,0.022,20.484,48150.758,-0.096,60.000
0.057,0.001,0.009,23.298,100469.148,0.200,60.000
0.040,0.001,0.014,20.201,49099.602,-1.135,60.000
0.056,0.001,0.006,22.672,105409.523,-0.002,60.000
0.041,0.001,0.008,23.633,31499.805,-0.086,60.000
0.052,0.008,0.012,20.859,118510.430,4.824,60.000
0.056,0.001,0.011,22.206,103598.492,1.181,60.000
0.053,0.001,0.008,26.167,42485.664,-0.039,60.000
0.050,0.016,0.014,21.139,143746.500,6.249,60.000
0.048,0.009,0.011,21.787,124200.305,3.684,60.000
0.051,0.026,0.010,21.461,115902.539,5.799,60.000
0.049,0.000,0.010,31.061,-13083.008,2.074,60.000
0.052,0.008,0.014,19.597,84873.617,2.799,60.000
0.051,0.025,0.014,20.082,161393.125,5.817,60.000
0.050,0.003,0.010,22.941,67279.992,1.100,60.000
0.056,0.001,0.014,26.556,17187.305,-1.484,60.000
0.053,0.001,0.011,24.294,53128.773,2.410,60.000
0.050,0.015,0.011,20.651,111978.961,5.966,60.000
0.053,0.001,0.008,24.033,86854.461,0.481,60.000
0.050,0.026,0.013,19.859,181403.938,5.744,60.000
0.044,0.001,0.018,21.122,125368.648,0.397,60.000
0.098,0.010,0.011,19.977,127158.836,4.874,60.000
0.001,0.012,0.013,20.916,71828.914,5.652,60.000
0.050,0.010,0.015,22.583,134762.469,3.436,60.000
0.048,0.027,0.010,22.186,195664.156,6.823,60.000
0.050,0.016,0.014,20.936,147258.375,6.495,60.000
0.045,0.000,0.013,30.151,-39451.762,-2.004,60.000
0.052,0.019,0.013,20.393,101552.555,6.508,60.000
0.043,0.000,0.009,23.983,-31405.352,-1.709,60.000
0.048,0.001,0.006,25.149,42101.055,0.328,60.000
0.055,0.000,0.013,31.116,27220.367,0.660,60.000
0.051,0.015,0.014,21.602,142648.469,5.864,60.000
0.052,0.006,0.011,19.916,126649.555,3.765,60.000
0.051,0.013,0.012,21.215,125751.289,4.065,60.000
0.048,0.000,0.005,24.316,-15753.750,-0.328,60.000
0.051,0.001,0.005,21.725,110589.070,0.351,60.000
0.043,0.001,0.012,25.915,43209.195,-1.044,60.000
0.049,0.027,0.012,20.017,128174.070,4.845,60.000
0.052,0.015,0.014,22.081,128007.164,5.199,60.000
0.059,0.001,0.014,21.899,119948.117,-0.185,60.000
0.048,0.008,0.013,21.092,146615.125,4.624,60.000
0.054,0.001,0.004,19.449,123925.633,0.099,60.000
0.053,0.001,0.017,23.288,95576.258,1.258,60.000
0.003,0.012,0.012,19.644,47517.695,6.082,60.000
0.050,0.020,0.011,19.624,113049.258,6.208,60.000
0.054,0.001,0.012,28.246,38622.383,1.333,60.000
0.044,0.001,0.012,22.105,106675.180,0.280,60.000
0.050,0.023,0.011,20.544,116372.039,6.271,60.000
0.049,0.001,0.016,24.741,137374.938,1.834,60.000
0.098,0.012,0.013,20.422,117505.023,4.681,60.000
0.060,0.001,0.014,21.483,125254.773,-0.394,60.000
0.051,0.001,0.019,22.487,113471.055,2.125,60.000
0.047,0.000,0.019,20.963,50367.164,0.581,60.000
0.045,0.000,0.013,30.167,40900.477,-1.098,60.000
0.048,0.010,0.010,21.600,91935.383,3.818,60.000
0.049,0.021,0.011,20.126,116872.648,6.425,60.000
0.056,0.000,0.017,24.860,41990.602,-0.692,60.000
0.050,0.006,0.010,20.471,119983.773,2.038,60.000
0.048,0.001,0.002,21.229,72161.445,0.082,60.000
0.054,0.001,0.021,21.896,28323.055,-0.266,60.000
0.052,0.001,0.009,27.787,21420.531,0.081,60.000
0.048,0.023,0.010,21.233,136028.938,7.030,60.000
0.051,0.010,0.009,20.919,101943.852,3.334,60.000
0.051,0.001,0.017,23.596,117778.008,2.023,60.000
0.098,0.012,0.013,20.518,127483.430,4.592,60.000
0.050,0.011,0.012,20.266,135321.281,4.500,60.000
0.045,0.001,0.007,25.202,-11171.531,-0.475,60.000
0.050,0.002,0.011,23.580,62809.086,2.736,60.000
0.049,0.015,0.011,20.843,103925.133,5.791,60.000
0.043,0.000,0.010,27.436,-24157.852,1.526,60.000
0.048,0.001,0.012,28.270,46074.742,1.491,60.000
0.053,0.001,0.011,26.441,46176.727,1.738,60.000
0.059,0.001,0.011,20.357,104669.695,-0.051,60.000
0.046,0.000,0.017,25.239,23239.312,-2.445,60.000
0.055,0.000,0.018,22.037,23232.008,-0.406,60.000
0.048,0.009,0.012,20.775,158791.062,4.862,60.000
0.048,0.023,0.013,20.288,153609.312,5.508,60.000
0.050,0.013,0.010,20.326,69914.258,4.939,60.000
0.050,0.022,0.013,20.711,134420.688,5.967,60.000
0.048,0.012,0.013,20.986,148171.250,3.920,60.000
0.049,0.014,0.011,20.994,91796.852,5.828,60.000
0.057,0.001,0.005,22.702,66538.039,-0.256,60.000
0.041,0.001,0.010,22.503,80787.008,-0.175,60.000
0.050,0.013,0.012,20.921,138940.062,4.778,60.000
0.054,0.001,0.007,23.064,102986.445,0.432,60.000
0.046,0.001,0.014,26.818,140955.000,1.903,60.000
0.049,0.021,0.013,20.682,140125.188,6.077,60.000
0.052,0.012,0.011,19.114,94304.977,3.547,60.000
0.048,0.011,0.014,21.918,155786.500,3.908,60.000
0.050,0.021,0.010,19.941,111383.633,6.413,60.000
0.051,0.006,0.010,19.589,139536.156,2.690,60.000
0.052,0.026,0.011,20.657,114523.992,5.460,60.000
0.050,0.001,0.018,23.875,55237.977,0.928,60.000
0.050,0.004,0.010,22.486,79606.352,1.167,60.000
0.052,0.011,0.012,19.877,97466.133,3.658,60.000
0.052,0.009,0.012,20.992,122642.977,5.258,60.000
0.048,0.020,0.013,19.861,139084.688,6.024,60.000
0.047,0.001,0.014,24.832,137781.312,2.408,60.000
0.048,0.010,0.013,20.674,153860.375,4.500,60.000
0.057,0.000,0.011,27.448,55296.211,1.210,60.000
0.050,0.020,0.011,19.295,107687.664,6.144,60.000
0.100,0.012,0.013,24.918,34287.008,5.168,60.000
0.049,0.019,0.011,19.497,115194.664,6.281,60.000
0.055,0.001,0.017,26.069,-5313.688,-1.095,60.000
0.052,0.009,0.011,19.515,122799.695,3.901,60.000
0.052,0.009,0.013,20.021,96026.992,4.148,60.000
0.044,0.001,0.010,22.199,102335.383,0.097,60.000
0.044,0.001,0.004,22.410,83428.992,1.222,60.000
0.048,0.002,0.011,23.024,93399.789,1.924,60.000
0.051,0.024,0.014,20.342,141854.031,5.876,60.000
0.051,0.027,0.011,19.989,112284.820,5.044,60.000
0.049,0.005,0.010,22.663,90273.258,1.324,60.000
0.043,0.001,0.013,25.248,-12037.008,-2.016,60.000
0.052,0.014,0.012,20.890,108829.898,4.116,60.000
0.056,0.002,0.007,22.362,111244.117,-0.009,60.000
0.050,0.008,0.011,20.862,147463.875,3.979,60.000
0.043,0.001,0.011,26.212,33579.477,-1.383,60.000
0.056,0.002,0.013,22.819,106490.008,0.821,60.000
0.049,0.012,0.014,22.350,156434.281,4.216,60.000
0.002,0.012,0.012,19.522,51793.648,6.298,60.000
0.044,0.001,0.015,22.364,112762.445,0.993,60.000
0.049,0.015,0.011,20.382,108335.742,6.058,60.000
0.048,0.022,0.012,20.361,135053.062,5.824,60.000
0.055,0.001,0.019,20.751,101211.836,1.091,60.000
0.045,0.000,0.013,32.546,-10437.047,0.071,60.000
0.049,0.023,0.012,20.343,152275.906,5.677,60.000
0.051,0.010,0.013,20.460,104389.398,4.456,60.000
0.049,0.005,0.014,21.084,101549.617,2.735,60.000
0.050,0.006,0.010,20.742,108708.977,1.876,60.000
0.042,0.000,0.015,23.860,1066.000,-0.374,60.000
0.055,0.001,0.003,20.716,110361.898,0.010,60.000
0.045,0.001,0.011,25.795,75208.320,0.910,60.000
0.049,0.016,0.011,20.222,117669.836,6.469,60.000
0.053,0.002,0.017,22.646,91562.930,1.434,60.000
0.052,0.001,0.019,23.038,108651.195,2.009,60.000
0.049,0.001,0.003,21.732,96197.367,0.715,60.000
0.048,0.010,0.013,20.565,156800.656,4.403,60.000
0.053,0.000,0.018,28.279,-26456.141,0.883,60.000
0.042,0.001,0.012,21.511,97643.586,-0.324,60.000
0.049,0.007,0.013,21.975,143245.375,4.701,60.000
0.051,0.023,0.011,20.272,118343.773,5.946,60.000
0.047,0.001,0.013,24.359,125563.039,2.369,60.000
0.053,0.000,0.015,29.895,-2427.047,-0.248,60.000
0.002,0.011,0.013,20.591,58910.180,5.712,60.000
0.050,0.001,0.008,27.143,4630.734,-0.475,60.000
0.040,0.000,0.009,23.107,-61572.891,0.864,60.000
0.050,0.004,0.012,22.684,102946.883,3.833,60.000
0.049,0.015,0.012,20.762,112393.914,6.029,60.000
0.051,0.017,0.013,20.423,109360.352,6.893,60.000
0.049,0.009,0.013,20.279,154477.594,4.950,60.000
0.049,0.018,0.013,19.698,135951.000,6.817,60.000
0.051,0.022,0.012,19.793,128961.695,5.681,60.000
0.042,0.000,0.015,24.615,-15830.102,-2.770,60.000
0.050,0.000,0.003,21.473,-2273.586,-0.544,60.000
0.052,0.006,0.012,21.665,96393.414,4.055,60.000
0.055,0.001,0.006,23.934,1861.734,-0.823,60.000
0.051,0.001,0.018,25.611,49315.070,1.185,60.000
0.054,0.001,0.009,27.215,2029.289,0.012,60.000
0.053,0.000,0.008,26.680,15828.602,0.513,60.000
0.049,0.003,0.015,21.959,128384.539,2.323,60.000
0.052,0.018,0.012,19.079,98937.586,5.771,60.000
0.056,0.001,0.007,22.975,112971.930,0.019,60.000
0.041,0.001,0.007,23.117,15822.898,-0.192,60.000
0.043,0.000,0.011,24.727,1999.234,-1.715,60.000
0.047,0.001,0.007,24.677,30632.742,0.225,60.000
0.050,0.020,0.011,19.340,108171.773,6.220,60.000
0.050,0.001,0.003,22.547,-33235.508,-0.711,60.000
0.048,0.000,0.017,27.719,-35980.234,-1.814,60.000
0.051,0.014,0.012,21.159,129965.711,4.746,60.000
0.046,0.001,0.009,24.389,102819.492,0.693,60.000
0.048,0.026,0.012,20.135,139028.281,5.534,60.000
0.050,0.003,0.013,22.782,93057.055,2.700,60.000
0.051,0.003,0.013,23.223,86389.930,2.983,60.000
0.051,0.014,0.012,20.517,114269.805,4.889,60.000
0.044,0.001,0.017,21.592,106409.727,-0.187,60.000
0.042,0.001,0.018,19.778,88946.820,-0.787,60.000
0.002,0.012,0.014,20.891,78949.352,5.398,60.000
0.050,0.000,0.023,26.483,-41376.289,0.075,60.000
0.041,0.001,0.013,21.130,66064.570,-1.102,60.000
0.052,0.017,0.012,19.931,98763.977,6.050,60.000
0.051,0.010,0.012,20.325,114677.961,4.880,60.000
0.042,0.000,0.007,21.686,14946.523,-0.724,60.000
0.053,0.001,0.015,22.956,93677.305,0.982,60.000
0.049,0.008,0.014,20.615,117050.898,4.378,60.000
0.041,0.001,0.015,20.871,-5205.867,-4.291,60.000
0.049,0.009,0.013,20.404,140856.406,4.908,60.000
0.058,0.001,0.019,19.078,105169.148,0.078,60.000
0.053,0.002,0.011,23.469,46845.180,2.454,60.000
0.054,0.000,0.012,32.404,28776.570,1.552,60.000
0.051,0.008,0.011,21.595,160831.875,5.333,60.000
0.043,0.001,0.005,21.950,84052.695,1.688,60.000
0.056,0.001,0.005,19.862,126962.102,-0.026,60.000
0.052,0.010,0.011,18.588,95893.102,3.455,60.000
0.048,0.003,0.013,22.778,128955.055,2.954,60.000
0.052,0.001,0.009,27.229,4328.570,0.137,60.000
0.048,0.021,0.011,20.429,127995.523,6.616,60.000
0.050,0.017,0.013,20.306,126115.367,6.827,60.000
0.052,0.016,0.013,20.628,95502.992,6.076,60.000
0.052,0.006,0.014,19.215,88826.945,2.085,60.000
0.053,0.000,0.005,22.466,-12010.422,-0.288,60.000
0.051,0.005,0.015,20.152,107823.742,2.342,60.000
0.049,0.022,0.012,20.392,146517.594,5.678,60.000
0.052,0.001,0.018,24.803,46690.539,1.253,60.000
0.059,0.001,0.017,21.950,109919.258,0.063,60.000
0.050,0.001,0.017,24.802,121358.602,1.892,60.000
0.056,0.001,0.015,25.095,41551.242,-0.846,60.000
0.048,0.014,0.012,20.949,140114.375,4.967,60.000
0.052,0.000,0.011,32.305,31576.148,1.321,60.000
0.054,0.000,0.011,24.901,-37018.188,1.507,60.000
0.045,0.001,0.006,24.546,24280.641,0.460,60.000
0.052,0.001,0.015,27.087,51562.102,0.854,60.000
0.052,0.000,0.015,31.768,59227.773,1.233,60.000
0.049,0.018,0.014,19.866,147157.062,7.213,60.000
0.052,0.001,0.017,23.069,99480.320,1.860,60.000
0.050,0.025,0.010,21.168,120869.570,5.943,60.000
0.052,0.004,0.014,19.230,104852.070,2.147,60.000
0.052,0.019,0.010,18.586,94248.180,5.649,60.000
0.050,0.008,0.013,20.485,116605.695,4.740,60.000
0.051,0.024,0.014,20.382,145559.781,5.866,60.000
0.050,0.002,0.014,22.939,111756.852,2.353,60.000
0.049,0.000,0.021,20.994,-68711.906,-3.808,60.000
0.048,0.005,0.011,20.774,128404.883,1.963,60.000
0.052,0.003,0.011,22.890,50437.023,2.767,60.000
0.050,0.019,0.014,19.940,139986.219,7.135,60.000
0.050,0.005,0.012,21.503,130745.336,4.410,60.000
0.054,0.001,0.014,27.671,53156.320,0.734,60.000
0.051,0.025,0.012,19.538,162454.375,5.550,60.000
0.050,0.011,0.010,21.074,66037.680,3.985,60.000
0.098,0.011,0.013,20.441,129670.102,4.191,60.000
0.048,0.000,0.023,21.626,84849.680,1.148,60.000
0.050,0.010,0.010,20.989,98879.414,3.276,60.000
0.057,0.002,0.014,22.294,110804.523,0.096,60.000
0.050,0.008,0.011,21.197,167169.625,4.091,60.000
0.048,0.001,0.002,20.811,36458.305,0.183,60.000
0.043,0.001,0.013,20.876,89954.008,-0.159,60.000
0.053,0.001,0.014,26.565,91507.102,1.500,60.000
0.052,0.000,0.001,21.636,859.602,-0.704,60.000
0.051,0.000,0.017,27.187,9269.664,-2.147,60.000
0.043,0.000,0.017,22.764,15270.398,-0.212,60.000
0.050,0.010,0.015,22.752,138551.312,3.485,60.000
0.051,0.010,0.011,19.652,119004.320,4.114,60.000
0.057,0.001,0.004,18.742,133745.125,0.086,60.000
0.050,0.022,0.011,20.146,128046.070,6.194,60.000
0.052,0.011,0.012,19.502,100431.977,3.747,60.000
0.049,0.005,0.012,21.713,138365.031,4.176,60.000
0.055,0.000,0.021,21.411,27646.336,-0.824,60.000
0.048,0.027,0.011,21.586,210089.969,8.228,60.000
0.052,0.003,0.013,22.305,85811.617,2.083,60.000
0.058,0.001,0.007,22.851,118800.664,0.340,60.000
0.000,0.012,0.012,22.202,876.094,4.382,60.000
0.051,0.009,0.012,21.112,124076.633,5.333,60.000
0.043,0.001,0.005,21.234,83939.898,1.572,60.000
0.046,0.001,0.013,23.440,116688.586,1.989,60.000
0.048,0.021,0.011,20.351,126211.617,6.304,60.000
0.050,0.013,0.011,20.803,75984.805,4.895,60.000
0.053,0.000,0.017,27.134,26272.078,1.327,60.000
0.052,0.004,0.011,21.915,73899.211,3.273,60.000
0.055,0.001,0.004,19.306,131664.844,0.043,60.000
0.060,0.001,0.011,18.869,136442.375,-0.167,60.000
0.051,0.004,0.011,21.902,89049.227,3.208,60.000
0.057,0.001,0.011,20.106,121055.492,0.738,60.000
0.055,0.001,0.019,23.546,-11637.094,-1.525,60.000
0.057,0.002,0.011,20.040,117480.930,0.732,60.000
0.050,0.020,0.012,20.406,125138.211,6.114,60.000
0.044,0.001,0.003,20.905,92025.680,1.214,60.000
0.002,0.013,0.013,19.904,73409.961,5.819,60.000
0.042,0.000,0.019,19.413,33277.883,-1.101,60.000
0.050,0.000,0.010,33.214,-24708.625,1.183,60.000
0.050,0.010,0.013,20.420,140404.938,5.152,60.000
0.051,0.001,0.020,23.344,47632.992,0.700,60.000
0.052,0.007,0.010,18.861,130641.680,2.187,60.000
0.050,0.007,0.010,20.186,148881.875,2.589,60.000
0.047,0.000,0.012,30.463,-3055.070,-1.239,60.000
0.050,0.022,0.012,19.917,136027.594,5.595,60.000
0.049,0.001,0.015,23.859,137421.656,2.002,60.000
0.058,0.001,0.006,20.044,141751.531,-0.119,60.000
0.098,0.013,0.011,18.783,93126.117,5.182,60.000
0.051,0.000,0.010,31.617,-40480.473,0.785,60.000
0.052,0.002,0.015,23.012,105090.289,1.414,60.000
0.042,0.000,0.011,23.667,3429.625,-1.332,60.000
0.051,0.017,0.013,20.572,100896.180,6.756,60.000
0.051,0.001,0.022,22.136,123465.211,1.818,60.000
0.049,0.021,0.014,19.954,132321.250,6.277,60.000
0.047,0.002,0.018,20.755,137185.250,1.467,60.000
0.000,0.013,0.011,17.721,17899.695,9.008,60.000
0.059,0.001,0.009,21.444,119668.305,0.131,60.000
0.051,0.008,0.013,20.957,121433.133,5.249,60.000
0.052,0.000,0.014,33.096,23935.852,0.858,60.000
0.049,0.024,0.013,20.146,161631.375,5.566,60.000
0.055,0.000,0.003,23.715,-47271.105,0.059,60.000
0.049,0.010,0.010,21.063,100569.867,3.974,60.000
0.040,0.000,0.014,19.704,56464.602,-0.781,60.000
0.002,0.011,0.011,18.562,26978.586,6.818,60.000
0.041,0.001,0.015,19.829,75610.898,-0.472,60.000
0.048,0.011,0.012,20.798,144460.469,4.282,60.000
0.050,0.000,0.008,28.426,-29481.102,0.677,60.000
0.049,0.026,0.012,20.400,158264.062,6.454,60.000
0.052,0.017,0.011,19.193,93158.336,5.885,60.000
0.048,0.001,0.006,23.827,94333.680,0.807,60.000
0.048,0.007,0.011,21.959,158411.562,4.144,60.000
0.054,0.000,0.019,20.273,118256.492,2.481,60.000
0.048,0.002,0.013,23.461,133343.656,2.832,60.000
0.044,0.000,0.004,21.246,44178.977,0.015,60.000
0.052,0.015,0.012,19.966,113465.039,4.885,60.000
0.051,0.007,0.009,20.450,128346.273,1.998,60.000
0.058,0.001,0.011,20.117,105802.211,0.247,60.000
0.056,0.001,0.011,23.529,102324.180,1.294,60.000
0.059,0.000,0.011,20.775,34644.711,2.163,60.000
0.058,0.001,0.014,22.905,123230.555,0.171,60.000
0.046,0.000,0.006,24.603,-55868.488,-1.317,60.000
0.050,0.000,0.001,21.679,-50564.211,-0.643,60.000
0.054,0.001,0.018,22.147,103560.414,1.459,60.000
0.056,0.001,0.017,26.391,-4887.117,-1.312,60.000
0.051,0.001,0.020,22.099,118365.477,1.927,60.000
0.048,0.008,0.012,21.405,167367.719,4.731,60.000
0.049,0.005,0.010,22.274,96133.242,1.587,60.000
0.048,0.004,0.011,20.794,125016.820,2.620,60.000
0.047,0.001,0.007,25.115,72574.305,0.511,60.000
0.051,0.003,0.014,21.946,111404.055,2.213,60.000
0.050,0.000,0.020,21.938,4553.898,-1.487,60.000
0.048,0.011,0.011,21.461,120435.430,4.031,60.000
0.051,0.021,0.013,20.411,113887.555,6.252,60.000
0.042,0.000,0.013,25.663,-22517.375,-2.817,60.000
0.050,0.007,0.011,21.843,170128.844,5.434,60.000
0.048,0.001,0.003,20.454,103265.086,0.796,60.000
0.098,0.012,0.012,19.500,119734.102,5.113,60.000
0.000,0.012,0.013,23.259,-4872.719,4.536,60.000
0.051,0.023,0.013,20.405,144929.531,5.536,60.000
0.058,0.001,0.019,19.444,104546.914,0.091,60.000
0.051,0.015,0.013,21.048,129975.070,5.816,60.000
0.046,0.000,0.012,33.172,-32928.648,1.538,60.000
0.001,0.012,0.012,19.112,43515.305,6.571,60.000
0.052,0.002,0.013,24.332,90983.430,2.463,60.000
0.049,0.021,0.010,20.395,126295.070,6.813,60.000
0.050,0.009,0.010,20.875,112035.148,3.202,60.000
0.098,0.012,0.013,20.566,127095.305,4.206,60.000
0.050,0.001,0.004,20.510,116013.383,0.770,60.000
0.049,0.006,0.013,21.723,111810.992,3.353,60.000
0.047,0.000,0.009,30.346,-23393.078,1.730,60.000
0.051,0.002,0.008,24.482,92506.742,0.818,60.000
0.047,0.002,0.012,23.595,118115.711,2.525,60.000
0.048,0.012,0.011,21.176,112602.617,4.315,60.000
0.053,0.002,0.012,23.747,71412.820,2.577,60.000
0.048,0.007,0.012,22.135,151153.594,4.369,60.000
0.051,0.017,0.011,19.415,99847.773,6.133,60.000
0.046,0.001,0.014,27.145,124792.523,1.998,60.000
0.050,0.001,0.002,21.660,43427.539,0.112,60.000
0.042,0.001,0.012,21.602,88956.398,-0.338,60.000
0.052,0.006,0.012,21.755,107053.211,4.456,60.000
0.049,0.002,0.007,23.316,97068.680,0.748,60.000
0.048,0.014,0.013,20.817,156923.219,5.289,60.000
0.049,0.026,0.014,19.775,185735.656,5.790,60.000
0.052,0.001,0.003,19.100,124876.539,0.438,60.000
0.051,0.021,0.012,20.165,120085.570,5.860,60.000
0.052,0.017,0.013,20.496,98902.930,6.523,60.000
0.048,0.012,0.011,21.265,97570.320,4.197,60.000
0.052,0.025,0.012,19.655,140484.625,5.484,60.000
0.050,0.000,0.020,21.948,18603.969,-0.857,60.000
0.051,0.016,0.011,19.859,97695.586,6.301,60.000
0.002,0.011,0.012,20.058,48535.711,6.061,60.000
0.048,0.006,0.011,21.295,149564.156,3.677,60.000
0.050,0.016,0.013,20.641,130016.289,6.044,60.000
0.050,0.001,0.004,20.234,121201.164,0.526,60.000
0.045,0.001,0.005,21.553,85549.680,0.589,60.000
0.050,0.019,0.014,19.973,134772.781,7.109,60.000
0.051,0.001,0.009,28.825,-28944.398,-0.333,60.000
0.048,0.002,0.006,22.453,95427.273,0.721,60.000
0.050,0.026,0.010,21.911,125509.039,5.620,60.000
0.047,0.001,0.022,20.707,127516.664,1.339,60.000
0.050,0.021,0.013,20.717,129803.180,6.151,60.000
0.048,0.004,0.013,22.063,99660.430,2.871,60.000
0.049,0.003,0.012,22.787,108665.570,3.417,60.000
0.049,0.005,0.014,20.706,103310.930,2.645,60.000
0.052,0.017,0.012,20.318,97459.023,6.461,60.000
0.049,0.000,0.023,21.061,40371.430,1.363,60.000
0.048,0.024,0.011,21.552,137797.125,6.822,60.000
0.044,0.000,0.008,26.574,-33799.266,1.213,60.000
0.051,0.027,0.012,17.232,83388.008,3.100,60.000
0.046,0.001,0.018,19.863,141834.406,1.342,60.000
0.057,0.001,0.007,22.397,116469.711,0.102,60.000
0.050,0.020,0.014,19.882,131563.000,6.793,60.000
0.053,0.000,0.007,24.804,-23442.867,-0.365,60.000
0.052,0.027,0.013,16.181,64583.820,2.934,60.000
0.050,0.018,0.014,19.911,143104.781,7.364,60.000
0.049,0.023,0.013,20.905,149745.375,5.847,60.000
0.045,0.001,0.009,23.151,114223.992,0.910,60.000
0.056,0.001,0.010,21.273,101150.570,0.652,60.000
0.058,0.001,0.012,20.584,140583.438,0.431,60.000
0.043,0.000,0.012,26.708,37368.898,-1.161,60.000
0.050,0.009,0.012,21.258,142473.938,5.820,60.000
0.045,0.001,0.007,24.195,80785.117,0.486,60.000
0.051,0.014,0.011,20.636,66696.180,5.380,60.000
0.048,0.025,0.012,20.990,144779.062,6.907,60.000
0.048,0.008,0.011,21.633,156393.562,4.025,60.000
0.098,0.012,0.013,20.382,118057.133,4.585,60.000
0.050,0.012,0.010,20.536,83413.117,4.476,60.000
0.042,0.000,0.012,23.208,26795.883,-1.155,60.000
0.050,0.013,0.010,20.336,71469.633,5.106,60.000
0.052,0.002,0.007,23.532,100394.039,0.678,60.000
0.001,0.013,0.011,18.160,45204.664,6.904,60.000
0.056,0.001,0.008,24.772,90144.789,0.241,60.000
0.053,0.001,0.014,23.840,96269.180,1.196,60.000
0.050,0.022,0.013,20.659,136450.219,6.160,60.000
0.056,0.001,0.006,24.036,50016.586,-0.272,60.000
0.050,0.027,0.014,20.353,85184.914,6.816,60.000
0.049,0.010,0.014,21.934,138695.812,3.857,60.000
0.052,0.000,0.009,31.068,11378.461,0.808,60.000
0.051,0.008,0.010,19.205,133790.562,2.738,60.000
0.051,0.001,0.006,24.323,74059.664,0.126,60.000
0.051,0.027,0.013,17.706,127247.195,4.133,60.000
0.046,0.002,0.014,23.824,150506.562,2.183,60.000
0.051,0.026,0.013,19.576,172458.781,5.599,60.000
0.054,0.001,0.006,24.308,20636.008,-0.779,60.000
0.051,0.010,0.010,19.825,78732.070,3.525,60.000
0.051,0.022,0.013,20.313,138684.688,5.548,60.000
0.046,0.000,0.022,19.570,70784.945,0.628,60.000
0.054,0.001,0.009,27.819,19124.883,0.418,60.000
0.049,0.017,0.010,20.280,124767.852,6.553,60.000
0.047,0.001,0.004,20.281,98499.086,0.632,60.000
0.049,0.026,0.011,21.089,142417.844,6.580,60.000
0.051,0.021,0.011,19.424,109521.336,5.760,60.000
0.055,0.001,0.020,19.795,105271.258,1.281,60.000
0.048,0.001,0.022,20.982,132076.906,1.463,60.000
0.050,0.008,0.010,20.373,144193.375,3.095,60.000
0.048,0.012,0.010,21.660,87553.508,4.275,60.000
0.056,0.000,0.017,24.092,-14762.516,-0.339,60.000
0.051,0.002,0.010,24.644,54613.883,1.512,60.000
0.045,0.002,0.013,23.259,123510.367,1.976,60.000
0.050,0.001,0.013,31.821,7231.344,1.387,60.000
0.050,0.027,0.011,16.322,70351.539,3.499,60.000
0.049,0.001,0.010,24.027,66284.305,0.836,60.000
0.047,0.001,0.020,22.158,70344.602,0.512,60.000
0.058,0.000,0.011,22.682,67592.133,0.222,60.000
-0.000,0.013,0.011,19.457,-1189.906,11.735,60.000
0.056,0.000,0.003,18.956,70565.648,-1.271,60.000
0.050,0.026,0.010,21.593,120663.758,5.675,60.000
0.050,0.018,0.011,19.891,120707.945,6.443,60.000
0.054,0.000,0.014,32.073,34812.633,0.285,60.000
0.049,0.001,0.017,22.760,144793.125,1.911,60.000
0.042,0.001,0.004,21.088,94265.977,1.942,60.000
0.052,0.001,0.011,29.815,-25959.875,1.429,60.000
0.048,0.014,0.012,20.970,139101.250,5.288,60.000
0.000,0.013,0.011,20.074,11589.562,10.763,60.000
0.051,0.009,0.012,21.318,146102.094,5.462,60.000
0.051,0.018,0.012,19.011,113609.258,6.044,60.000
0.051,0.021,0.014,20.021,120896.195,6.621,60.000
0.051,0.027,0.011,23.811,257646.156,10.785,60.000
0.043,0.001,0.017,21.248,70547.523,-1.365,60.000
0.050,0.016,0.011,19.933,116026.211,6.418,60.000
0.049,0.002,0.015,22.932,147836.906,1.956,60.000
0.049,0.022,0.013,20.878,153122.438,5.675,60.000
0.052,0.001,0.014,30.846,35133.148,1.036,60.000
0.048,0.011,0.011,21.268,111068.820,4.107,60.000
0.051,0.012,0.010,19.423,77505.211,4.197,60.000
0.053,0.001,0.004,19.387,124485.430,0.249,60.000
0.052,0.003,0.010,23.209,53799.664,2.810,60.000
0.048,0.020,0.011,20.284,126359.602,6.615,60.000
0.049,0.001,0.003,22.014,33258.398,0.354,60.000
0.053,0.000,0.014,32.247,4086.133,-0.451,60.000
0.050,0.000,0.020,19.846,68770.961,-0.157,60.000
0.048,0.010,0.011,21.347,130565.539,3.911,60.000
0.052,0.014,0.012,20.692,104213.367,4.282,60.000
0.051,0.006,0.013,22.334,102903.055,4.150,60.000
0.045,0.000,0.009,25.307,-4416.047,-1.575,60.000
0.052,0.009,0.013,20.078,91333.211,3.979,60.000
0.046,0.001,0.017,20.412,157243.344,1.511,60.000
0.050,0.022,0.012,20.042,133140.250,5.868,60.000
0.049,0.001,0.014,26.776,138551.625,1.942,60.000
0.049,0.019,0.011,19.565,123081.742,6.257,60.000
0.049,0.014,0.012,21.051,115829.867,5.490,60.000
0.052,0.005,0.013,20.078,87972.398,2.776,60.000
0.051,0.013,0.013,21.969,133479.969,4.517,60.000
0.051,0.016,0.012,20.143,117397.055,6.243,60.000
0.053,0.001,0.015,23.637,94475.680,1.193,60.000
0.042,0.001,0.006,21.407,84742.273,1.246,60.000
0.050,0.012,0.013,22.048,146247.438,4.206,60.000
0.050,0.005,0.015,20.236,107850.195,2.507,60.000
0.052,0.001,0.008,26.301,68737.523,0.300,60.000
0.002,0.012,0.012,19.860,60113.570,5.983,60.000
0.050,0.010,0.012,20.809,131493.438,5.325,60.000
0.050,0.001,0.003,21.932,47948.836,0.063,60.000
0.051,0.003,0.013,22.592,89010.227,3.306,60.000
0.042,0.001,0.010,24.818,41160.117,-0.740,60.000
0.052,0.001,0.018,23.496,110698.227,2.173,60.000
0.046,0.000,0.007,27.633,-58731.699,0.143,60.000
0.048,0.001,0.010,23.718,78681.961,1.396,60.000
0.052,0.011,0.012,20.007,102189.023,3.859,60.000
0.051,0.024,0.013,20.434,152663.719,5.869,60.000
0.050,0.025,0.011,20.283,135685.062,6.305,60.000
0.051,0.015,0.014,22.332,133754.594,5.291,60.000
0.045,0.002,0.012,22.716,108370.961,1.103,60.000
0.049,0.012,0.012,20.926,125451.242,4.537,60.000
0.049,0.007,0.012,22.256,167234.750,5.591,60.000
0.045,0.000,0.008,25.672,-68649.016,-2.015,60.000
0.049,0.015,0.012,20.852,112410.383,5.773,60.000
0.055,0.000,0.013,29.034,23988.445,1.356,60.000
0.049,0.003,0.014,21.875,117429.664,2.637,60.000
0.052,0.008,0.013,20.082,79022.883,3.263,60.000
0.050,0.009,0.009,21.412,110244.602,2.655,60.000
0.051,0.018,0.012,20.154,102674.758,6.457,60.000
0.058,0.001,0.011,21.229,93194.648,0.320,60.000
0.049,0.022,0.011,20.417,136254.469,6.286,60.000
0.048,0.001,0.020,21.993,131301.000,1.579,60.000
0.051,0.015,0.012,20.600,115864.273,5.122,60.000
0.050,0.011,0.010,20.540,67268.742,4.043,60.000
0.041,0.000,0.011,22.792,-90492.570,-2.493,60.000
0.048,0.004,0.011,21.983,93477.055,1.830,60.000
0.051,0.007,0.012,21.812,147241.594,5.565,60.000
0.050,0.003,0.010,23.001,69911.586,1.877,60.000
0.045,0.001,0.016,22.711,87931.227,-0.247,60.000
0.051,0.025,0.012,19.496,155933.000,5.536,60.000
0.002,0.012,0.011,18.659,40420.320,6.545,60.000
0.098,0.013,0.011,19.077,100969.898,5.383,60.000
0.049,0.012,0.013,21.227,149144.125,4.093,60.000
0.055,0.001,0.018,20.333,92470.867,0.675,60.000
0.099,0.011,0.011,21.907,82392.883,4.298,60.000
0.050,0.011,0.012,20.058,122124.836,4.136,60.000
0.052,0.025,0.013,19.971,154053.875,5.628,60.000
0.050,0.009,0.009,21.483,118648.445,2.488,60.000
0.049,0.001,0.016,25.996,60243.273,0.345,60.000
0.052,0.001,0.006,22.056,115129.039,0.565,60.000
0.050,0.021,0.014,19.967,127357.836,6.712,60.000
0.050,0.001,0.006,23.101,110076.742,0.601,60.000
0.053,0.001,0.003,19.181,125070.961,0.198,60.000
0.002,0.012,0.014,20.863,74993.586,5.272,60.000
0.054,0.001,0.021,20.306,112982.273,1.890,60.000
0.051,0.026,0.012,19.888,136228.250,5.708,60.000
0.052,0.009,0.011,19.975,123493.461,4.398,60.000
0.052,0.026,0.012,19.508,161090.531,5.477,60.000
0.049,0.009,0.011,20.997,142004.312,4.142,60.000
0.049,0.007,0.011,21.414,168556.375,4.302,60.000
0.047,0.001,0.006,22.425,85334.227,0.910,60.000
0.050,0.025,0.010,21.463,125489.852,5.745,60.000
0.001,0.010,0.013,20.442,60444.273,5.944,60.000
0.050,0.003,0.011,23.168,72568.289,2.954,60.000
0.058,0.001,0.007,21.076,126929.414,-0.014,60.000
0.046,0.000,0.012,32.842,-60202.656,0.207,60.000
0.049,0.023,0.012,20.263,152802.000,5.642,60.000
0.049,0.026,0.014,20.130,178365.062,5.875,60.000
0.048,0.005,0.013,21.808,103203.195,2.891,60.000
0.047,0.001,0.014,30.204,53947.336,1.013,60.000
0.050,0.000,0.004,25.607,-21267.273,0.270,60.000
0.049,0.008,0.013,21.481,149451.094,5.697,60.000
0.043,0.002,0.010,22.170,104718.539,-0.141,60.000
0.044,0.001,0.014,25.246,106290.961,0.897,60.000
0.050,0.009,0.010,20.217,134869.375,3.659,60.000
0.058,0.001,0.013,22.481,121171.930,-0.022,60.000
0.051,0.015,0.011,20.200,93114.836,6.255,60.000
0.049,0.001,0.004,23.872,41057.648,0.365,60.000
0.049,0.001,0.020,21.783,129601.336,1.663,60.000
0.049,0.010,0.014,22.363,142709.094,3.858,60.000
0.050,0.022,0.012,20.051,138268.250,5.682,60.000
0.051,0.018,0.012,20.139,111186.867,6.655,60.000
0.051,0.000,0.010,32.715,-63477.594,-0.346,60.000
0.051,0.012,0.013,21.668,119793.773,3.975,60.000
0.049,0.008,0.013,20.526,131235.844,5.073,60.000
0.052,0.002,0.009,24.885,69122.992,0.503,60.000
0.049,0.000,0.010,29.019,-17990.406,-1.225,60.000
0.051,0.006,0.011,20.936,133798.938,4.312,60.000
0.043,0.000,0.009,23.294,-2669.625,-1.589,60.000
0.050,0.023,0.014,20.651,142751.938,5.944,60.000
0.045,0.000,0.006,25.571,9131.211,1.360,60.000
0.048,0.008,0.012,21.753,155658.625,4.227,60.000
0.050,0.001,0.017,25.842,130576.352,1.748,60.000
0.051,0.017,0.014,20.343,137807.781,7.162,60.000
0.050,0.024,0.012,20.087,144558.406,6.004,60.000
0.052,0.012,0.013,21.415,119338.398,3.910,60.000
0.002,0.013,0.011,18.594,44359.945,6.512,60.000
0.048,0.023,0.014,20.693,159856.750,5.517,60.000
0.052,0.010,0.012,19.771,101577.070,4.244,60.000
0.002,0.013,0.012,19.554,60564.383,5.891,60.000
0.054,0.001,0.016,23.763,98132.539,1.161,60.000
0.051,0.005,0.011,21.065,105393.445,3.508,60.000
0.045,0.001,0.013,24.845,117535.914,1.967,60.000
0.049,0.022,0.013,20.674,152634.688,5.721,60.000
0.056,0.002,0.007,22.229,107397.242,-0.210,60.000
0.055,0.000,0.011,30.765,38082.570,1.982,60.000
0.098,0.012,0.013,20.484,118994.664,4.638,60.000
0.049,0.024,0.011,21.309,131692.094,6.552,60.000
0.049,0.026,0.014,19.989,182506.844,5.849,60.000
0.048,0.004,0.014,21.568,105138.258,2.557,60.000
0.049,0.001,0.020,21.770,130912.898,1.636,60.000
0.045,0.000,0.007,25.978,-9758.578,0.282,60.000
0.049,0.012,0.012,20.829,144441.281,4.028,60.000
0.050,0.000,0.002,20.270,21629.695,-0.971,60.000
0.050,0.025,0.010,21.289,120002.648,5.528,60.000
0.002,0.013,0.013,19.876,62762.414,5.713,60.000
0.001,0.011,0.012,19.423,35368.023,6.651,60.000
0.049,0.006,0.011,21.146,152436.094,3.970,60.000
0.050,0.000,0.001,24.089,-18734.203,-0.630,60.000
0.048,0.001,0.002,20.459,81993.680,0.230,60.000
0.047,0.001,0.012,23.941,100133.086,1.652,60.000
0.100,0.012,0.011,24.474,-80065.555,7.168,60.000
0.046,0.001,0.018,24.921,35734.742,-0.693,60.000
0.049,0.005,0.012,22.190,120462.617,3.948,60.000
0.058,0.000,0.010,20.441,3705.531,1.435,60.000
0.049,0.008,0.015,20.853,113632.508,3.616,60.000
0.045,0.000,0.019,20.381,12982.766,-0.415,60.000
0.050,0.017,0.014,20.347,150389.344,7.214,60.000
0.052,0.020,0.013,20.180,102674.492,6.519,60.000
0.049,0.001,0.005,21.273,110435.461,0.711,60.000
0.055,0.001,0.009,26.302,16790.977,0.003,60.000
0.052,0.001,0.018,24.566,104614.383,2.110,60.000
0.053,0.001,0.016,23.328,99851.180,1.324,60.000
0.050,0.026,0.012,20.266,145965.375,6.497,60.000
0.056,0.001,0.020,21.639,23624.516,-0.761,60.000
0.051,0.001,0.003,20.064,112728.883,0.350,60.000
0.047,0.001,0.019,23.767,-6610.820,-1.038,60.000
0.048,0.001,0.015,28.752,31866.930,-0.031,60.000
0.056,0.001,0.008,23.894,100703.008,0.143,60.000
0.049,0.014,0.011,21.000,104148.070,5.298,60.000
0.056,0.000,0.013,31.010,14028.867,-0.363,60.000
0.051,0.001,0.020,21.838,116582.633,1.967,60.000
0.048,0.011,0.011,21.337,117165.742,4.014,60.000
0.052,0.016,0.012,20.455,110708.930,5.749,60.000
0.049,0.003,0.009,23.904,70820.930,1.199,60.000
0.050,0.000,0.008,30.664,-8904.305,0.790,60.000
0.052,0.021,0.012,20.215,117864.789,5.831,60.000
0.041,0.001,0.012,22.263,11266.492,-2.273,60.000
0.043,0.000,0.005,20.510,42317.211,0.164,60.000
0.055,0.000,0.016,26.522,51312.711,-0.718,60.000
0.053,0.001,0.018,23.137,103094.367,1.755,60.000
0.098,0.011,0.013,20.738,133588.875,4.255,60.000
0.046,0.002,0.008,22.936,98523.633,0.873,60.000
0.054,0.001,0.020,20.272,105745.742,1.663,60.000
0.040,0.000,0.009,20.643,-75209.336,-1.573,60.000
0.050,0.004,0.010,21.388,91488.648,2.024,60.000
0.052,0.000,0.017,25.818,14700.609,0.117,60.000
0.049,0.002,0.018,22.346,129399.664,1.990,60.000
0.050,0.001,0.014,27.764,116326.711,1.616,60.000
0.051,0.002,0.007,23.561,96895.227,0.543,60.000
0.001,0.012,0.011,19.632,28942.711,6.478,60.000
0.048,0.026,0.011,21.495,116191.008,5.549,60.000
0.050,0.023,0.011,20.382,123246.008,6.380,60.000
0.099,0.011,0.013,21.031,133383.031,4.220,60.000
0.050,0.022,0.013,20.704,130607.898,5.967,60.000
0.049,0.019,0.013,20.168,140071.000,6.321,60.000
0.048,0.000,0.013,28.305,65309.789,0.599,60.000
0.051,0.022,0.011,19.631,121231.133,5.864,60.000
0.054,0.000,0.010,28.304,37269.570,0.147,60.000
0.051,0.003,0.010,22.727,57589.742,2.208,60.000
0.054,0.000,0.013,27.279,-8492.711,0.563,60.000
0.059,0.000,0.011,23.250,115355.773,-1.321,60.000
0.057,0.001,0.008,24.941,50288.648,0.049,60.000
0.053,0.000,0.022,20.412,-25326.070,-2.239,60.000
0.057,0.000,0.019,20.472,53895.320,1.070,60.000
0.049,0.026,0.010,21.466,104354.492,4.887,60.000
0.057,0.000,0.013,26.445,63526.555,1.794,60.000
0.049,0.007,0.011,21.057,149582.844,3.197,60.000
0.000,0.013,0.012,20.905,14843.984,10.620,60.000
0.050,0.025,0.012,19.901,153930.000,5.869,60.000
0.049,0.010,0.013,20.892,147660.625,4.595,60.000
0.050,0.016,0.010,19.651,100468.023,5.842,60.000
0.050,0.000,0.015,30.521,41433.414,-1.078,60.000
0.049,0.013,0.013,21.508,152588.125,4.303,60.000
0.047,0.000,0.022,21.129,83950.945,1.384,60.000
0.048,0.001,0.016,22.666,154380.906,1.991,60.000
0.051,0.006,0.010,19.689,141884.406,2.849,60.000
0.049,0.010,0.013,20.439,144846.562,4.678,60.000
0.049,0.001,0.021,21.787,125700.977,1.710,60.000
0.050,0.013,0.012,21.118,138275.656,4.284,60.000
0.050,0.026,0.011,20.944,130971.289,6.181,60.000
0.051,0.008,0.010,19.454,124290.773,2.559,60.000
0.048,0.010,0.012,20.449,143777.031,4.400,60.000
0.054,0.001,0.005,22.340,103661.477,-0.020,60.000
0.052,0.013,0.012,21.609,115633.820,4.074,60.000
0.051,0.007,0.013,22.153,116544.602,5.030,60.000
0.051,0.021,0.012,20.105,133197.469,5.704,60.000
0.098,0.014,0.011,19.209,101424.711,5.551,60.000
0.058,0.001,0.017,21.321,103949.711,0.187,60.000
0.051,0.015,0.013,21.412,128415.273,5.217,60.000
0.046,0.001,0.007,23.752,84995.508,0.972,60.000
0.049,0.008,0.010,22.037,114374.086,2.619,60.000
0.050,0.013,0.012,21.027,139746.344,4.136,60.000
0.044,0.001,0.010,25.845,27227.398,-0.917,60.000
0.050,0.006,0.014,20.908,99068.977,2.871,60.000
0.049,0.007,0.010,20.931,141215.969,2.462,60.000
0.050,0.009,0.009,20.998,117056.102,2.561,60.000
0.045,0.000,0.018,22.992,63860.336,1.154,60.000
0.052,0.024,0.011,19.725,119608.148,5.559,60.000
0.050,0.013,0.013,22.449,152140.750,4.278,60.000
0.052,0.000,0.006,24.504,5657.875,0.080,60.000
0.051,0.017,0.013,20.858,104635.680,6.937,60.000
0.042,0.001,0.018,18.259,105950.227,-0.251,60.000
0.055,0.000,0.004,21.052,2885.875,-1.726,60.000
0.049,0.020,0.010,19.782,117076.398,6.738,60.000
0.053,0.000,0.009,27.365,5786.156,0.234,60.000
0.056,0.001,0.005,20.986,100121.617,-0.009,60.000
0.050,0.005,0.015,20.822,104026.570,2.519,60.000
0.050,0.000,0.013,32.563,-31226.031,-0.378,60.000
0.000,0.012,0.011,17.823,-397.648,9.870,60.000
0.049,0.015,0.011,20.740,98440.055,5.694,60.000
0.044,0.000,0.010,25.099,32871.570,-1.116,60.000
0.049,0.007,0.014,21.337,110612.555,3.653,60.000
0.049,0.004,0.015,21.325,119410.055,2.526,60.000
0.043,0.000,0.015,24.644,21551.266,-1.113,60.000
0.048,0.026,0.011,22.342,142167.312,6.592,60.000
0.049,0.018,0.012,20.018,134272.969,6.371,60.000
0.049,0.003,0.011,22.782,76853.961,2.347,60.000
0.052,0.020,0.013,20.266,104530.367,6.628,60.000
0.050,0.001,0.004,24.123,-23071.875,-0.793,60.000
0.051,0.018,0.011,19.161,102344.648,5.943,60.000
0.047,0.000,0.018,23.757,51534.664,0.343,60.000
0.044,0.001,0.003,21.857,65793.711,1.176,60.000
0.054,0.000,0.004,27.216,-40746.832,0.275,60.000
0.051,0.016,0.013,21.056,124359.414,6.597,60.000
0.052,0.005,0.010,20.814,79538.320,1.635,60.000
0.044,0.001,0.016,20.936,141099.719,0.448,60.000
0.059,0.000,0.008,20.243,84624.164,-1.910,60.000
0.057,0.000,0.019,20.733,-29004.523,-2.837,60.000
0.051,0.003,0.014,22.218,96066.945,2.342,60.000
0.047,0.000,0.006,26.095,-19919.539,0.174,60.000
0.049,0.006,0.011,20.529,152152.875,2.920,60.000
0.049,0.014,0.014,21.463,164815.375,5.325,60.000
0.047,0.002,0.015,22.827,162801.000,2.266,60.000
0.055,0.000,0.010,26.717,14395.055,1.892,60.000
0.047,0.001,0.008,26.569,14365.195,-0.368,60.000
0.049,0.023,0.013,20.331,154401.844,5.529,60.000
0.050,0.004,0.010,21.653,84230.352,1.531,60.000
0.041,0.001,0.016,20.679,79696.102,-0.945,60.000
0.050,0.003,0.014,21.726,113151.242,2.478,60.000
0.048,0.001,0.015,25.471,147994.438,2.016,60.000
0.044,0.001,0.013,22.435,104951.695,1.399,60.000
0.048,0.000,0.013,32.301,17773.070,0.869,60.000
0.052,0.013,0.010,19.423,63694.711,4.858,60.000
0.051,0.015,0.011,20.151,102287.227,5.699,60.000
0.047,0.001,0.013,28.698,49927.086,1.119,60.000
0.057,0.001,0.006,21.615,121996.367,-0.114,60.000
0.049,0.007,0.013,21.014,132291.562,4.476,60.000
0.042,0.000,0.012,25.583,303.008,-2.159,60.000
0.048,0.011,0.012,20.902,140773.938,4.221,60.000
0.046,0.001,0.020,21.013,122219.602,0.997,60.000
0.051,0.014,0.014,23.743,148490.719,4.683,60.000
0.056,0.000,0.007,23.573,13617.703,1.032,60.000
0.050,0.021,0.010,19.176,100232.492,6.089,60.000
0.098,0.012,0.011,19.061,103316.414,4.661,60.000
0.058,0.001,0.014,22.309,122617.352,-0.133,60.000
0.043,0.001,0.014,22.979,77470.914,0.114,60.000
0.048,0.001,0.008,28.829,-21092.758,-0.777,60.000
0.049,0.004,0.012,22.440,105883.773,3.626,60.000
0.050,0.010,0.014,21.334,129424.570,3.696,60.000
0.046,0.001,0.019,20.681,127575.477,1.026,60.000
0.049,0.021,0.010,20.004,117707.680,6.568,60.000
0.048,0.000,0.016,29.568,-35356.414,-2.881,60.000
0.048,0.018,0.012,20.100,137616.438,6.223,60.000
0.049,0.001,0.006,26.021,-1362.758,-0.292,60.000
0.050,0.003,0.011,22.762,78935.070,2.641,60.000
0.049,0.024,0.011,20.762,137801.312,6.689,60.000
0.051,0.016,0.012,19.918,112009.758,6.285,60.000
0.052,0.026,0.013,19.408,159143.312,5.380,60.000
0.048,0.014,0.011,21.104,103550.961,5.342,60.000
0.046,0.002,0.006,22.199,80397.195,0.628,60.000
0.099,0.013,0.012,20.561,105172.617,5.285,60.000
0.047,0.000,0.018,24.533,-39971.164,-2.355,60.000
0.055,0.001,0.005,20.969,117408.070,0.165,60.000
0.050,0.001,0.003,19.544,121000.883,0.512,60.000
0.050,0.000,0.009,31.364,-53105.039,0.470,60.000
0.048,0.010,0.012,21.197,135869.219,4.056,60.000
0.049,0.013,0.010,20.922,71622.352,5.016,60.000
0.049,0.023,0.012,20.031,142378.125,5.817,60.000
0.049,0.001,0.022,22.541,49128.211,0.503,60.000
0.051,0.013,0.010,19.602,61277.586,4.945,60.000
0.057,0.000,0.005,19.476,69708.992,-0.680,60.000
0.051,0.001,0.011,26.619,32012.477,1.946,60.000
0.048,0.007,0.012,21.956,155285.656,4.684,60.000
0.053,0.001,0.013,29.091,63837.008,1.899,60.000
0.048,0.003,0.013,23.275,124079.055,2.811,60.000
0.048,0.005,0.012,21.731,133091.281,3.407,60.000
0.052,0.027,0.011,21.743,240512.500,11.322,60.000
0.048,0.027,0.011,20.494,102273.195,5.090,60.000
0.051,0.011,0.010,19.456,89471.273,3.845,60.000
0.042,0.000,0.015,25.155,-46869.586,-3.153,60.000
0.050,0.014,0.010,20.018,82782.336,5.777,60.000
0.043,0.001,0.019,19.392,116139.773,0.285,60.000
0.050,0.026,0.011,20.893,135116.125,6.176,60.000
0.048,0.012,0.011,21.222,122576.492,4.363,60.000
0.052,0.001,0.020,21.908,114263.117,1.989,60.000
0.051,0.012,0.011,19.932,111256.758,3.663,60.000
0.051,0.019,0.012,19.823,113833.852,6.304,60.000
0.050,0.012,0.010,20.589,72283.305,4.457,60.000
0.053,0.001,0.022,20.654,118008.383,1.982,60.000
0.050,0.025,0.014,20.002,166511.375,5.780,60.000
0.055,0.001,0.007,22.703,103948.977,0.119,60.000
0.049,0.001,0.006,25.588,40593.867,0.320,60.000
0.048,0.021,0.012,20.349,137662.406,5.725,60.000
0.050,0.013,0.012,21.293,145268.062,4.773,60.000
0.051,0.011,0.014,21.887,138723.312,3.938,60.000
0.052,0.001,0.004,21.442,111443.383,0.340,60.000
0.049,0.004,0.013,22.560,99610.008,3.339,60.000
0.048,0.009,0.014,20.693,142944.031,4.426,60.000
0.047,0.000,0.007,25.409,-5423.461,-0.474,60.000
0.060,0.001,0.013,21.217,127818.430,-0.527,60.000
0.050,0.021,0.010,19.237,105248.242,6.181,60.000
0.055,0.001,0.019,21.494,109292.711,1.208,60.000
0.053,0.001,0.015,23.086,93523.727,1.047,60.000
0.055,0.001,0.014,26.409,81005.773,0.693,60.000
0.057,0.000,0.008,24.424,-37503.906,0.066,60.000
0.058,0.000,0.005,19.860,39038.070,-1.638,60.000
0.048,0.004,0.011,21.760,100579.898,1.879,60.000
0.049,0.013,0.012,20.958,125491.305,4.636,60.000
0.047,0.001,0.004,21.410,54356.383,0.739,60.000
0.049,0.004,0.009,23.341,81242.539,1.071,60.000
0.049,0.023,0.014,20.669,158076.062,5.710,60.000
0.058,0.001,0.011,19.441,139928.438,0.316,60.000
0.051,0.015,0.011,20.266,104777.289,5.940,60.000
0.057,0.000,0.006,23.494,-40882.180,0.454,60.000
0.052,0.015,0.012,20.157,116605.914,4.763,60.000
0.045,0.001,0.009,22.874,114941.820,0.806,60.000
0.050,0.006,0.011,21.197,149097.125,4.198,60.000
0.050,0.010,0.011,19.833,123055.945,3.880,60.000
0.047,0.001,0.019,21.373,136908.500,1.522,60.000
0.049,0.006,0.010,21.660,123195.695,1.695,60.000
0.056,0.001,0.017,20.524,96829.508,0.581,60.000
0.051,0.026,0.012,19.453,134975.656,4.964,60.000
0.047,0.001,0.011,23.649,95279.383,1.810,60.000
0.050,0.000,0.012,32.805,59996.648,2.877,60.000
0.053,0.001,0.009,26.010,55734.852,0.874,60.000
0.049,0.006,0.011,20.880,160577.562,3.808,60.000
0.051,0.026,0.012,19.713,169689.406,5.619,60.000
0.052,0.005,0.011,20.538,101439.039,3.273,60.000
0.048,0.008,0.010,22.117,114303.961,2.142,60.000
0.052,0.016,0.012,19.801,98605.430,5.964,60.000
0.056,0.000,0.010,24.003,-3831.148,1.612,60.000
0.048,0.000,0.002,22.429,-3550.031,-0.410,60.000
0.041,0.001,0.010,25.404,-24070.969,-2.243,60.000
0.048,0.017,0.013,19.635,140972.344,6.625,60.000
0.043,0.001,0.007,21.226,78677.227,0.393,60.000
0.051,0.001,0.006,23.786,74445.570,0.109,60.000
0.043,0.001,0.006,20.766,76204.789,0.942,60.000
0.044,0.000,0.005,21.891,4522.961,0.022,60.000
0.051,0.001,0.011,25.732,44747.211,1.918,60.000
0.051,0.001,0.006,22.494,111887.836,0.445,60.000
0.048,0.020,0.013,20.607,144780.469,5.697,60.000
0.048,0.016,0.011,20.467,129330.039,6.456,60.000
0.042,0.001,0.010,25.112,65399.961,-0.157,60.000
0.051,0.016,0.011,19.613,96305.305,6.272,60.000
0.051,0.007,0.014,20.263,92829.773,3.040,60.000
0.051,0.023,0.012,20.017,151414.188,5.445,60.000
0.049,0.002,0.013,23.839,122872.305,3.271,60.000
0.044,0.001,0.016,21.609,146288.938,0.850,60.000
0.052,0.000,0.009,30.012,-11701.695,-0.033,60.000
0.041,0.000,0.014,21.082,50291.789,-1.303,60.000
0.050,0.016,0.011,20.326,104557.523,6.342,60.000
0.049,0.012,0.010,21.001,86750.211,4.353,60.000
0.051,0.002,0.011,23.604,63077.836,2.930,60.000
0.052,0.000,0.021,17.956,41684.742,-1.032,60.000
0.051,0.013,0.013,22.800,139323.875,4.603,60.000
0.050,0.016,0.011,19.858,108342.586,6.562,60.000
0.051,0.007,0.010,19.402,141636.094,2.775,60.000
0.050,0.024,0.012,20.098,161802.500,5.683,60.000
0.051,0.016,0.010,19.742,95608.039,6.045,60.000
0.050,0.025,0.014,19.976,163946.438,5.944,60.000
0.051,0.012,0.011,19.782,96011.539,4.095,60.000
0.044,0.001,0.012,27.137,30028.430,-0.645,60.000
0.052,0.000,0.007,25.560,16891.578,0.361,60.000
0.051,0.015,0.012,20.340,125128.477,5.885,60.000
0.042,0.000,0.007,20.799,19347.547,0.102,60.000
0.051,0.004,0.014,19.776,103771.383,2.388,60.000
0.044,0.002,0.012,21.720,112023.148,0.114,60.000
0.051,0.001,0.017,24.828,109451.586,1.934,60.000
0.053,0.001,0.006,24.229,-11315.234,-1.225,60.000
0.054,0.000,0.002,19.075,30447.680,-1.839,60.000
0.002,0.010,0.011,19.191,26786.336,6.745,60.000
0.050,0.014,0.011,20.595,106656.352,5.071,60.000
0.056,0.001,0.017,20.613,91945.195,0.417,60.000
0.049,0.021,0.010,20.547,125467.258,6.870,60.000
0.053,0.001,0.007,24.629,93165.602,0.281,60.000
0.057,0.001,0.010,24.549,40582.320,0.075,60.000
0.051,0.003,0.013,22.422,84767.352,3.057,60.000
0.050,0.016,0.010,19.791,98665.742,5.941,60.000
0.050,0.021,0.011,19.582,112708.070,6.127,60.000
0.049,0.020,0.014,19.776,135356.344,6.426,60.000
0.049,0.003,0.011,22.656,82394.867,2.454,60.000
0.039,0.001,0.014,19.985,49140.383,-1.383,60.000
0.057,0.000,0.020,20.261,-34227.812,-0.839,60.000
0.050,0.010,0.011,20.359,119507.195,3.964,60.000
0.049,0.000,0.009,31.003,-67415.109,0.622,60.000
0.049,0.002,0.017,22.898,143462.156,1.990,60.000
0.059,0.000,0.009,23.906,28494.117,-0.100,60.000
0.051,0.020,0.013,20.025,110298.789,6.359,60.000
0.056,0.001,0.014,23.026,109090.148,0.779,60.000
0.052,0.023,0.013,19.986,136693.500,5.325,60.000
0.051,0.013,0.013,22.252,138207.625,4.372,60.000
0.053,0.001,0.007,23.708,100703.305,0.623,60.000
0.053,0.000,0.005,24.240,3729.172,0.097,60.000
0.051,0.014,0.014,23.307,151902.438,4.683,60.000
0.049,0.015,0.010,20.301,108900.164,6.039,60.000
0.055,0.001,0.007,23.510,98038.602,0.154,60.000
0.049,0.023,0.013,20.912,155670.562,5.815,60.000
0.050,0.000,0.013,33.679,33519.445,1.209,60.000
0.049,0.026,0.014,20.345,187410.000,5.784,60.000
0.055,0.001,0.010,24.753,65263.523,0.364,60.000
0.055,0.001,0.019,21.158,109470.773,1.463,60.000
0.050,0.020,0.011,19.007,101112.164,6.028,60.000
0.050,0.020,0.010,18.486,93646.945,5.857,60.000
0.050,0.004,0.015,21.015,118980.414,2.456,60.000
0.050,0.014,0.012,20.875,134288.281,4.947,60.000
0.054,0.001,0.014,26.788,55322.977,1.099,60.000
0.049,0.016,0.012,19.881,116907.852,6.354,60.000
0.051,0.000,0.022,20.428,16032.242,-0.999,60.000
0.042,0.001,0.015,23.779,34170.445,-1.743,60.000
0.041,0.000,0.009,21.173,-39413.547,-0.631,60.000
0.048,0.001,0.010,25.455,67921.805,0.922,60.000
0.098,0.013,0.012,20.083,112364.430,5.261,60.000
0.053,0.001,0.007,24.211,97414.336,0.903,60.000
0.050,0.013,0.012,20.923,143813.281,4.740,60.000
0.051,0.008,0.012,21.474,146285.469,5.509,60.000
0.049,0.023,0.011,20.712,139568.531,6.619,60.000
0.057,0.001,0.006,23.726,103694.023,-0.023,60.000
0.048,0.009,0.013,20.637,161595.812,5.022,60.000
0.046,0.001,0.022,20.609,125534.805,1.445,60.000
0.051,0.025,0.010,20.987,114179.039,5.777,60.000
0.050,0.013,0.014,23.502,158976.219,4.658,60.000
0.049,0.005,0.014,21.713,99074.633,2.703,60.000
0.052,0.001,0.016,23.302,104855.180,1.712,60.000
0.048,0.006,0.010,21.915,109733.039,1.560,60.000
0.050,0.006,0.011,20.294,147935.812,3.035,60.000
0.049,0.009,0.012,20.987,148277.344,4.530,60.000
0.044,0.002,0.015,19.234,154365.375,1.223,60.000
0.055,0.000,0.011,30.578,19840.641,0.950,60.000
0.042,0.001,0.006,20.841,83306.539,1.117,60.000
0.049,0.024,0.013,20.088,166339.875,5.657,60.000
0.050,0.000,0.001,23.625,-3022.438,-0.296,60.000
0.044,0.000,0.005,21.990,-2485.469,-0.229,60.000
0.053,0.000,0.010,28.031,-54007.203,0.535,60.000
0.002,0.011,0.011,18.425,25182.125,6.986,60.000
0.048,0.004,0.013,22.121,108981.195,2.841,60.000
0.048,0.005,0.012,21.711,130652.820,3.514,60.000
0.056,0.000,0.013,30.987,71490.914,0.453,60.000
0.047,0.001,0.020,20.956,128594.273,1.033,60.000
0.002,0.012,0.013,20.499,68210.930,5.570,60.000
0.050,0.001,0.020,23.229,122447.336,1.898,60.000
0.051,0.022,0.012,20.190,141339.219,5.489,60.000
0.001,0.013,0.011,20.630,7216.195,5.041,60.000
0.049,0.025,0.013,19.920,169292.750,5.601,60.000
0.097,0.012,0.011,18.940,110829.602,4.642,60.000
0.048,0.001,0.019,23.442,130523.914,1.482,60.000
0.050,0.003,0.011,22.689,79781.070,2.411,60.000
0.052,0.027,0.011,22.608,179426.094,7.189,60.000
0.050,0.000,0.003,20.882,31716.539,-0.204,60.000
0.045,0.000,0.020,21.282,-11569.211,-1.183,60.000
0.050,0.016,0.014,21.114,140361.906,6.297,60.000
0.050,0.003,0.012,22.868,99012.883,3.573,60.000
0.059,0.001,0.015,23.945,51850.336,-1.501,60.000
0.055,0.001,0.019,21.443,105901.414,1.184,60.000
0.045,0.001,0.017,20.671,142834.312,0.609,60.000
0.054,0.001,0.022,20.298,114870.305,1.935,60.000
0.055,0.002,0.007,22.707,102932.820,0.203,60.000
0.050,0.001,0.021,22.328,125296.445,1.842,60.000
0.046,0.000,0.010,32.504,-40576.418,1.580,60.000
0.048,0.003,0.014,22.997,120661.086,2.580,60.000
0.049,0.000,0.004,24.823,4167.695,-0.033,60.000
0.044,0.000,0.016,23.135,119449.008,2.161,60.000
0.052,0.001,0.018,23.290,104432.398,2.190,60.000
0.048,0.005,0.012,21.554,142947.531,3.651,60.000
0.052,0.000,0.014,30.292,16127.812,0.474,60.000
0.054,0.001,0.005,23.605,52380.586,-0.320,60.000
0.046,0.000,0.021,20.873,55498.492,0.623,60.000
0.052,0.025,0.013,19.654,166457.812,5.459,60.000
0.054,0.001,0.002,21.720,50196.086,-0.550,60.000
0.048,0.000,0.022,20.464,81906.227,0.852,60.000
0.057,0.000,0.013,27.938,33013.648,1.220,60.000
0.050,0.026,0.011,21.029,132208.969,6.422,60.000
0.050,0.001,0.017,27.701,29066.805,0.274,60.000
0.050,0.005,0.011,20.897,120523.680,2.671,60.000
0.046,0.001,0.006,23.950,18036.195,0.290,60.000
0.053,0.001,0.019,21.799,111254.539,1.678,60.000
0.048,0.009,0.013,20.969,159131.531,5.133,60.000
0.049,0.000,0.016,24.543,75536.539,1.349,60.000
0.059,0.001,0.006,20.763,144730.406,0.128,60.000
0.040,0.000,0.012,21.172,-4369.852,-3.194,60.000
0.048,0.025,0.011,21.539,142521.719,6.839,60.000
0.049,0.024,0.011,20.907,132422.781,6.526,60.000
0.043,0.001,0.011,22.976,96579.898,0.085,60.000
0.049,0.021,0.013,20.328,138766.938,6.094,60.000
0.053,0.000,0.012,29.755,22095.984,1.127,60.000
0.051,0.017,0.011,19.358,96593.695,6.002,60.000
0.050,0.022,0.014,20.353,127885.008,6.210,60.000
0.051,0.016,0.011,19.796,101589.664,6.345,60.000
0.049,0.014,0.012,20.786,131608.250,5.256,60.000
0.049,0.000,0.014,31.715,45683.773,1.277,60.000
0.049,0.014,0.010,20.504,82024.945,5.275,60.000
0.054,0.001,0.016,22.033,91765.664,0.959,60.000
0.045,0.001,0.015,23.933,143380.406,1.755,60.000
0.050,0.021,0.012,20.352,128985.586,5.866,60.000
0.051,0.025,0.014,20.003,164479.219,5.747,60.000
0.054,0.000,0.004,22.341,51165.164,-0.022,60.000
0.052,0.009,0.014,19.829,86689.148,3.419,60.000
0.047,0.001,0.018,22.424,136547.125,1.279,60.000
0.050,0.001,0.003,20.715,105171.336,0.378,60.000
0.052,0.004,0.010,22.159,63426.164,2.529,60.000
0.053,0.001,0.011,26.440,46854.930,1.570,60.000
0.048,0.027,0.013,20.854,165391.688,5.425,60.000
0.053,0.001,0.015,24.894,95814.664,1.427,60.000
0.055,0.001,0.014,28.832,16069.016,0.399,60.000
0.051,0.022,0.013,20.515,125800.539,5.848,60.000
0.045,0.001,0.019,19.870,128864.977,0.981,60.000
0.052,0.007,0.012,21.758,118668.602,5.181,60.000
0.049,0.010,0.010,21.590,97524.148,3.422,60.000
0.050,0.021,0.012,20.390,135249.438,5.825,60.000
0.048,0.016,0.012,20.021,123922.102,6.157,60.000
0.057,0.001,0.017,21.035,97291.492,0.453,60.000
0.055,0.000,0.005,20.988,37371.336,-1.028,60.000
0.053,0.001,0.004,20.705,93194.320,-0.049,60.000
0.051,0.001,0.005,23.054,56058.367,0.005,60.000
0.042,0.000,0.007,22.436,-11916.609,-0.842,60.000
0.050,0.000,0.018,22.451,43867.430,-0.764,60.000
0.001,0.012,0.012,20.452,43845.492,5.831,60.000
0.053,0.002,0.013,23.757,84160.414,2.233,60.000
0.050,0.006,0.011,20.983,163982.594,4.260,60.000
0.052,0.006,0.014,19.577,87027.070,2.248,60.000
0.053,0.000,0.005,21.827,37188.008,-0.315,60.000
0.050,0.001,0.023,22.234,98560.555,1.539,60.000
0.050,0.024,0.012,19.791,157731.062,5.523,60.000
0.043,0.002,0.013,20.983,98150.195,0.103,60.000
0.053,0.000,0.010,27.950,-20725.781,1.313,60.000
0.055,0.001,0.009,23.470,80747.086,0.435,60.000
0.041,0.000,0.013,21.716,20821.836,-2.799,60.000
0.056,0.001,0.012,27.638,-7841.828,0.900,60.000
0.056,0.002,0.012,21.421,106969.023,1.192,60.000
0.048,0.010,0.011,21.636,110336.586,3.602,60.000
0.046,0.000,0.002,20.260,40224.586,-0.410,60.000
0.043,0.001,0.009,23.056,108188.742,0.636,60.000
0.053,0.001,0.015,27.589,22305.727,0.329,60.000
0.043,0.001,0.006,20.828,76048.117,0.420,60.000
0.049,0.003,0.013,22.747,103811.977,3.313,60.000
0.045,0.001,0.002,22.507,75352.336,1.055,60.000
0.049,0.001,0.016,23.419,141329.156,1.948,60.000
0.044,0.001,0.005,21.192,85572.148,0.916,60.000
0.050,0.019,0.011,19.228,112768.836,6.159,60.000
0.048,0.000,0.006,24.148,-12439.492,0.258,60.000
0.042,0.000,0.010,23.996,-20353.406,-2.187,60.000
0.049,0.024,0.012,20.167,161955.156,5.792,60.000
0.051,0.021,0.011,19.811,117663.414,5.907,60.000
0.098,0.010,0.012,19.940,131983.500,4.862,60.000
0.051,0.019,0.011,18.677,95755.820,5.765,60.000
0.047,0.001,0.009,24.224,103641.289,0.813,60.000
0.045,0.001,0.006,23.124,76150.914,0.507,60.000
0.050,0.014,0.010,20.383,73782.805,5.583,60.000
0.045,0.001,0.002,21.615,37485.102,0.748,60.000
0.002,0.012,0.012,19.781,53030.117,6.004,60.000
0.053,0.001,0.018,24.561,13232.391,-0.337,60.000
0.043,0.001,0.004,20.956,93228.414,1.739,60.000
0.050,0.008,0.011,20.987,164790.344,4.183,60.000
0.040,0.001,0.013,20.373,-7661.359,-3.594,60.000
0.042,0.000,0.015,24.376,-44379.160,-3.399,60.000
0.052,0.012,0.013,21.558,105102.930,3.437,60.000
0.049,0.023,0.011,20.606,133682.719,6.681,60.000
0.040,0.001,0.014,19.420,50441.289,-1.170,60.000
0.043,0.001,0.014,21.339,76801.133,0.208,60.000
0.002,0.011,0.013,20.586,61436.820,5.820,60.000
0.051,0.003,0.015,21.327,115922.492,2.380,60.000
0.050,0.008,0.013,20.735,138554.969,5.261,60.000
0.048,0.011,0.013,20.634,149685.562,4.160,60.000
0.052,0.026,0.011,20.174,120727.664,5.684,60.000
0.049,0.007,0.011,22.081,160122.094,4.442,60.000
0.048,0.000,0.018,23.920,-12116.094,-1.092,60.000
0.046,0.001,0.019,20.299,128817.180,1.242,60.000
0.048,0.013,0.012,21.177,139182.438,4.404,60.000
0.051,0.009,0.014,19.945,104314.680,4.048,60.000
0.049,0.026,0.014,20.485,188060.719,5.674,60.000
0.048,0.000,0.022,19.792,112714.680,1.561,60.000
0.051,0.022,0.012,20.070,135696.125,5.703,60.000
0.098,0.013,0.011,18.998,98835.523,5.032,60.000
0.048,0.027,0.013,20.491,132738.000,4.043,60.000
0.049,0.019,0.010,19.504,122961.180,6.577,60.000
0.051,0.010,0.012,20.132,128184.914,4.627,60.000
0.052,0.009,0.012,20.537,110291.211,4.810,60.000
0.050,0.010,0.009,21.265,85203.164,3.196,60.000
0.050,0.000,0.015,29.828,32257.617,0.599,60.000
0.047,0.002,0.015,23.243,162236.781,2.294,60.000
0.042,0.001,0.015,20.578,65795.227,0.043,60.000
0.001,0.011,0.013,21.035,54869.227,6.007,60.000
0.049,0.008,0.014,20.572,124244.273,4.639,60.000
0.049,0.026,0.013,20.541,185030.000,5.720,60.000
0.051,0.018,0.011,19.215,107217.633,6.001,60.000
0.053,0.000,0.006,23.082,25841.945,-0.368,60.000
0.050,0.014,0.010,20.734,77867.180,5.532,60.000
0.060,0.001,0.010,19.910,123714.117,0.175,60.000
0.050,0.015,0.010,19.745,90563.320,5.866,60.000
0.048,0.018,0.012,20.079,139320.281,6.306,60.000
0.098,0.013,0.011,19.190,107595.273,5.139,60.000
0.052,0.004,0.011,22.149,79884.539,3.201,60.000
0.052,0.000,0.004,20.165,29764.680,-0.971,60.000
0.058,0.001,0.005,21.537,126361.555,0.348,60.000
0.050,0.020,0.012,20.371,130674.883,6.314,60.000
0.057,0.002,0.012,21.897,116771.602,0.887,60.000
0.047,0.000,0.013,30.535,-7770.328,-1.171,60.000
0.049,0.009,0.011,21.088,150790.281,4.451,60.000
0.049,0.002,0.016,22.792,151496.500,1.944,60.000
0.049,0.009,0.012,21.364,165005.094,5.067,60.000
0.051,0.013,0.014,23.876,142602.594,3.866,60.000
0.045,0.002,0.010,22.135,104548.289,0.645,60.000
0.058,0.001,0.015,23.688,116611.914,-0.224,60.000
0.048,0.002,0.012,23.641,108403.086,2.520,60.000
0.050,0.018,0.013,20.473,120443.070,7.165,60.000
0.050,0.008,0.010,20.257,144844.844,3.748,60.000
0.044,0.002,0.007,21.776,89923.508,0.583,60.000
0.050,0.013,0.011,20.275,112955.852,4.253,60.000
0.055,0.001,0.008,24.237,89820.305,0.281,60.000
0.046,0.002,0.017,20.320,152195.750,1.489,60.000
0.052,0.024,0.011,19.976,121985.211,5.671,60.000
0.045,0.000,0.004,21.988,-25416.141,-0.433,60.000
0.051,0.019,0.011,19.149,105406.914,6.064,60.000
0.048,0.001,0.018,24.592,34228.211,-0.558,60.000
0.052,0.017,0.011,19.486,94387.164,6.116,60.000
0.041,0.001,0.016,20.681,33251.555,-2.919,60.000
0.055,0.002,0.007,22.218,105964.289,-0.081,60.000
0.052,0.023,0.012,19.486,131066.742,5.458,60.000
0.049,0.007,0.011,21.095,156033.656,3.188,60.000
0.043,0.002,0.014,20.919,96744.727,0.959,60.000
0.047,0.000,0.014,31.161,-18595.414,-0.634,60.000
0.048,0.012,0.012,21.460,130908.508,4.466,60.000
0.050,0.000,0.005,26.032,-46674.250,-0.152,60.000
0.001,0.012,0.011,18.843,37800.195,6.805,60.000
0.052,0.005,0.012,20.941,88228.383,3.297,60.000
0.048,0.011,0.011,21.354,113866.430,4.042,60.000
0.052,0.006,0.013,19.702,84175.430,2.476,60.000
0.048,0.000,0.003,23.980,-41758.898,-0.749,60.000
0.050,0.018,0.012,19.514,122790.477,6.201,60.000
0.050,0.000,0.018,25.720,-47184.223,-2.665,60.000
0.050,0.001,0.003,22.913,55958.242,0.263,60.000
0.044,0.000,0.018,21.462,-49842.672,-2.321,60.000
0.052,0.007,0.013,20.943,82616.523,3.351,60.000
0.052,0.001,0.022,22.150,71007.883,0.996,60.000
0.098,0.011,0.011,19.345,114958.820,4.660,60.000
0.049,0.008,0.014,20.598,121369.133,4.645,60.000
0.049,0.017,0.013,19.851,129140.148,6.709,60.000
0.098,0.014,0.012,19.577,98685.773,5.430,60.000
0.052,0.016,0.013,21.213,112814.883,5.786,60.000
0.049,0.001,0.012,26.469,82927.477,2.329,60.000
0.050,0.001,0.017,25.371,132878.938,1.811,60.000
0.050,0.000,0.003,25.757,-32714.719,-0.447,60.000
0.049,0.000,0.004,22.725,-48105.902,-0.757,60.000
0.040,0.001,0.011,20.727,69318.055,-0.624,60.000
0.097,0.011,0.011,19.312,118684.773,4.791,60.000
0.050,0.002,0.013,23.981,101336.195,2.704,60.000
0.040,0.000,0.013,23.172,-87400.062,-0.206,60.000
0.045,0.000,0.012,31.975,-64640.695,-0.225,60.000
0.049,0.003,0.010,22.762,67719.711,1.219,60.000
0.043,0.001,0.009,24.073,66442.273,-0.119,60.000
0.041,0.000,0.012,24.445,-20827.648,-3.426,60.000
0.049,0.007,0.012,22.101,156762.000,5.298,60.000
0.047,0.001,0.009,24.239,107192.336,0.664,60.000
0.058,0.001,0.014,23.949,118962.648,-0.225,60.000
0.051,0.001,0.004,23.904,-67935.648,-1.588,60.000
0.050,0.022,0.014,20.215,129310.992,6.244,60.000
0.051,0.018,0.010,19.014,100510.570,5.833,60.000
0.056,0.000,0.012,32.119,42361.273,-0.565,60.000
0.051,0.015,0.011,20.503,102650.008,5.828,60.000
0.050,0.012,0.010,20.585,86631.305,4.398,60.000
0.046,0.001,0.008,25.017,63211.555,0.288,60.000
0.100,0.012,0.011,17.339,-59687.086,9.867,60.000
0.056,0.000,0.015,28.214,47856.273,0.203,60.000
0.044,0.001,0.020,20.257,121985.773,0.786,60.000
0.050,0.011,0.014,22.458,145715.469,3.835,60.000
0.048,0.022,0.011,20.567,133187.344,6.545,60.000
0.050,0.010,0.011,20.365,111547.102,3.961,60.000
0.054,0.000,0.006,24.231,26411.391,0.437,60.000
0.053,0.001,0.005,19.478,124713.367,0.018,60.000
0.050,0.006,0.013,21.519,107004.617,3.715,60.000
0.052,0.009,0.012,19.849,109393.930,4.244,60.000
0.051,0.015,0.010,20.340,88955.852,5.999,60.000
0.056,0.001,0.011,23.046,97961.898,0.664,60.000
0.049,0.012,0.013,20.857,146361.438,4.039,60.000
0.000,0.013,0.011,17.857,25314.734,8.924,60.000
0.040,0.001,0.008,20.154,92280.367,0.097,60.000
0.001,0.013,0.013,19.955,62390.820,5.931,60.000
0.050,0.020,0.011,20.022,116222.523,6.162,60.000
0.001,0.012,0.012,19.305,43014.133,6.551,60.000
0.050,0.000,0.013,28.210,36612.836,0.364,60.000
0.049,0.011,0.011,20.446,111519.648,4.080,60.000
0.049,0.000,0.014,30.472,38886.555,1.178,60.000
0.050,0.000,0.020,18.281,70766.133,-1.115,60.000
0.051,0.000,0.015,30.605,10481.734,-0.622,60.000
0.051,0.019,0.011,19.115,105200.508,5.954,60.000
0.049,0.003,0.013,23.126,103104.023,2.762,60.000
0.041,0.001,0.016,19.565,76746.492,-0.715,60.000
0.057,0.001,0.012,23.554,122148.617,0.394,60.000
0.048,0.001,0.009,23.301,97606.508,0.665,60.000
0.044,0.001,0.010,22.402,110390.039,0.234,60.000
0.050,0.015,0.013,20.715,145157.875,5.429,60.000
0.001,0.012,0.013,21.444,55660.664,5.396,60.000
0.049,0.015,0.010,20.151,106962.508,6.077,60.000
0.044,0.001,0.013,21.757,102500.570,0.965,60.000
0.049,0.009,0.011,21.169,141860.562,4.087,60.000
0.099,0.011,0.013,22.828,98319.977,3.971,60.000
0.057,0.001,0.014,23.985,113880.477,0.429,60.000
0.049,0.011,0.010,21.499,89612.977,4.106,60.000
0.052,0.020,0.013,20.280,107907.758,6.653,60.000
0.054,0.000,0.022,18.784,73223.148,0.869,60.000
0.042,0.001,0.018,20.499,41819.336,-2.267,60.000
0.049,0.001,0.020,22.193,100455.664,1.082,60.000
0.049,0.006,0.014,21.173,111224.039,3.485,60.000
0.046,0.001,0.005,21.777,90301.211,0.686,60.000
0.048,0.001,0.018,23.640,136354.188,1.544,60.000
0.041,0.001,0.012,20.536,79599.320,-0.785,60.000
0.050,0.001,0.007,25.484,99178.195,0.599,60.000
0.051,0.018,0.014,20.260,134074.750,7.288,60.000
0.043,0.000,0.019,20.174,-15721.711,-0.824,60.000
0.051,0.020,0.013,20.331,120430.102,6.222,60.000
0.055,0.000,0.006,24.452,-18400.531,0.159,60.000
0.053,0.000,0.016,25.394,7262.266,-0.499,60.000
0.050,0.021,0.010,19.345,103052.852,6.130,60.000
0.049,0.006,0.013,21.651,107827.414,3.114,60.000
0.045,0.001,0.016,23.126,153566.531,1.381,60.000
0.055,0.000,0.014,31.936,37620.523,0.407,60.000
0.044,0.001,0.011,22.217,100904.773,0.062,60.000
0.099,0.011,0.013,21.548,125243.883,4.441,60.000
0.047,0.000,0.002,19.365,37788.336,-0.731,60.000
0.056,0.000,0.004,21.726,44355.148,0.430,60.000
0.042,0.001,0.016,18.825,103036.680,-0.143,60.000
0.041,0.000,0.015,23.549,-46245.137,-3.801,60.000
0.052,0.009,0.013,19.830,83131.758,3.711,60.000
0.052,0.017,0.011,19.410,97367.539,6.012,60.000
0.051,0.008,0.013,21.409,129023.023,5.622,60.000
0.053,0.002,0.012,23.452,77601.070,2.344,60.000
0.049,0.000,0.012,31.834,-31771.797,-0.916,60.000
0.052,0.005,0.013,20.085,87459.117,2.627,60.000
0.053,0.000,0.006,23.776,-26652.812,-0.609,60.000
0.048,0.010,0.011,21.261,104710.305,4.052,60.000
0.050,0.026,0.010,21.766,126991.102,5.747,60.000
0.051,0.021,0.012,20.147,123014.305,5.791,60.000
0.052,0.014,0.013,21.594,105257.992,4.428,60.000
0.048,0.009,0.010,22.121,109139.602,2.977,60.000
0.045,0.001,0.012,23.155,107148.273,1.302,60.000
0.049,0.001,0.014,29.452,68773.477,1.378,60.000
0.051,0.000,0.017,25.141,50004.758,0.912,60.000
0.050,0.011,0.011,19.688,122746.477,4.053,60.000
0.045,0.000,0.015,30.061,-21145.289,-0.085,60.000
0.049,0.008,0.014,20.716,118617.258,4.247,60.000
0.049,0.012,0.012,20.803,129737.023,4.358,60.000
0.047,0.000,0.017,26.018,16157.938,-2.228,60.000
0.002,0.013,0.011,18.407,45986.867,6.804,60.000
0.050,0.014,0.013,21.696,157265.500,5.703,60.000
0.051,0.004,0.013,20.821,95159.852,2.547,60.000
0.047,0.001,0.010,27.837,2979.883,-1.178,60.000
0.057,0.000,0.008,24.312,5966.438,0.390,60.000
0.050,0.005,0.009,21.964,92913.039,1.148,60.000
0.049,0.009,0.013,20.494,147792.594,4.828,60.000
0.049,0.015,0.013,20.803,154450.438,5.572,60.000
0.052,0.001,0.005,21.179,116890.648,0.373,60.000
0.055,0.001,0.011,27.070,25832.711,1.015,60.000
0.050,0.006,0.011,20.334,152013.875,3.218,60.000
0.043,0.001,0.006,22.199,69808.227,0.497,60.000
0.002,0.012,0.011,18.697,33160.164,6.909,60.000
0.098,0.012,0.014,20.422,136078.656,3.901,60.000
0.050,0.026,0.012,19.701,165266.438,5.912,60.000
0.044,0.000,0.013,29.193,34493.398,-1.057,60.000
0.045,0.000,0.013,32.463,-14686.914,-0.327,60.000
0.049,0.014,0.010,20.671,90554.477,5.543,60.000
0.049,0.003,0.010,22.289,80263.461,1.534,60.000
0.049,0.019,0.011,20.012,130434.945,6.487,60.000
0.058,0.001,0.018,20.518,103108.555,0.175,60.000
0.051,0.003,0.014,21.735,99344.742,2.272,60.000
0.052,0.009,0.010,18.913,113917.992,3.220,60.000
0.045,0.000,0.019,23.114,-137527.219,-4.145,60.000
0.046,0.001,0.015,25.063,149191.312,1.852,60.000
0.050,0.014,0.010,20.071,80695.055,5.659,60.000
0.051,0.018,0.011,19.602,105139.742,6.215,60.000
0.048,0.000,0.012,34.741,-9226.773,0.427,60.000
0.051,0.014,0.011,19.965,109904.867,4.929,60.000
0.051,0.000,0.002,19.111,20137.898,-1.392,60.000
0.045,0.001,0.013,24.827,110808.195,1.710,60.000
0.047,0.001,0.014,28.787,127237.961,2.014,60.000
0.049,0.026,0.013,20.096,175076.844,5.814,60.000
0.049,0.013,0.010,21.039,80285.164,4.589,60.000
0.053,0.001,0.016,24.282,95369.492,1.320,60.000
0.048,0.025,0.012,20.432,153832.281,6.199,60.000
0.041,0.001,0.006,20.856,95310.148,1.306,60.000
0.051,0.010,0.014,20.978,128578.508,3.984,60.000
0.048,0.002,0.011,22.831,94515.977,2.141,60.000
0.057,0.001,0.013,25.037,36166.961,-0.342,60.000
0.051,0.009,0.012,21.468,136087.000,5.743,60.000
0.046,0.001,0.014,27.526,121426.180,2.033,60.000
0.050,0.022,0.010,19.800,105559.758,6.024,60.000
0.042,0.001,0.010,22.678,99930.039,0.000,60.000
0.041,0.000,0.013,22.107,4489.328,-3.311,60.000
0.057,0.000,0.015,24.585,24241.414,-0.282,60.000
0.053,0.001,0.004,21.434,88208.242,-0.006,60.000
0.041,0.000,0.007,21.556,37304.570,-0.597,60.000
0.051,0.015,0.014,22.611,133993.188,5.277,60.000
0.003,0.012,0.013,20.052,54370.602,5.646,60.000
0.047,0.001,0.004,20.881,101165.945,0.676,60.000
0.049,0.008,0.011,21.786,167825.062,4.360,60.000
0.052,0.006,0.011,20.475,118942.305,4.095,60.000
0.048,0.002,0.014,23.196,148341.000,2.441,60.000
0.049,0.013,0.011,21.296,102278.070,4.701,60.000
0.048,0.001,0.012,25.506,88964.836,2.005,60.000
0.048,0.019,0.013,20.059,133735.312,6.122,60.000
0.058,0.001,0.010,21.154,108888.852,0.204,60.000
0.047,0.002,0.018,20.409,139289.625,1.485,60.000
0.052,0.000,0.007,25.549,7655.836,0.232,60.000
0.049,0.001,0.010,28.078,16456.383,0.304,60.000
0.052,0.005,0.013,20.452,93297.492,3.113,60.000
0.050,0.000,0.016,28.871,54797.758,1.250,60.000
0.049,0.008,0.010,21.462,141343.250,3.146,60.000
0.052,0.001,0.002,21.247,35858.180,-0.510,60.000
0.049,0.018,0.012,19.575,123320.070,6.369,60.000
0.044,0.001,0.008,22.285,99635.742,0.681,60.000
0.051,0.001,0.005,21.920,110459.242,0.295,60.000
0.052,0.026,0.011,19.806,129876.367,5.524,60.000
0.053,0.001,0.020,20.773,106846.773,1.955,60.000
0.045,0.001,0.011,24.027,94023.961,0.944,60.000
0.058,0.001,0.008,23.567,101719.789,0.242,60.000
0.001,0.010,0.012,19.811,40487.727,6.491,60.000
0.048,0.016,0.012,20.481,120906.977,6.119,60.000
0.051,0.007,0.012,22.139,133710.969,5.692,60.000
0.049,0.013,0.011,20.963,114122.977,4.684,60.000
0.050,0.001,0.018,24.535,65291.008,1.265,60.000
0.048,0.001,0.019,21.903,134885.688,1.423,60.000
0.052,0.001,0.007,25.346,81453.633,0.362,60.000
0.059,0.001,0.014,22.750,122164.336,-0.229,60.000
0.047,0.002,0.014,23.611,156171.625,2.424,60.000
0.049,0.013,0.012,21.004,139754.375,4.649,60.000
0.051,0.018,0.011,19.030,99812.508,5.845,60.000
0.098,0.012,0.014,20.513,139496.688,3.825,60.000
0.058,0.000,0.016,23.592,81176.289,1.587,60.000
0.052,0.000,0.017,26.064,-33355.820,-1.429,60.000
0.049,0.005,0.013,21.836,102748.383,3.048,60.000
0.051,0.001,0.016,23.511,117824.742,1.918,60.000
0.002,0.012,0.011,18.956,33611.039,6.613,60.000
0.002,0.011,0.012,19.792,44071.773,6.354,60.000
0.098,0.011,0.011,19.181,106016.242,4.625,60.000
0.049,0.022,0.011,20.367,125070.133,6.600,60.000
0.050,0.008,0.014,20.279,105647.898,3.673,60.000
0.041,0.001,0.007,20.839,87035.227,0.661,60.000
0.053,0.001,0.015,26.728,41367.242,0.488,60.000
0.052,0.006,0.010,19.078,129099.664,2.534,60.000
0.052,0.006,0.012,21.893,105956.242,4.578,60.000
0.060,0.001,0.010,23.515,76646.336,0.159,60.000
0.039,0.001,0.010,21.618,58213.680,-0.289,60.000
0.050,0.021,0.014,20.165,122863.305,6.323,60.000
0.048,0.000,0.007,26.407,6115.258,-0.588,60.000
0.050,0.019,0.013,20.067,127870.352,6.975,60.000
0.056,0.001,0.018,22.816,28215.195,-0.703,60.000
0.050,0.005,0.014,20.657,102406.070,2.757,60.000
0.049,0.002,0.009,23.998,88047.586,0.822,60.000
0.052,0.010,0.011,18.899,110172.555,3.563,60.000
0.048,0.009,0.012,21.333,156747.469,4.495,60.000
0.056,0.000,0.016,23.529,75993.539,2.444,60.000
0.055,0.001,0.019,21.552,102380.133,0.905,60.000
0.055,0.001,0.017,22.920,98341.211,0.715,60.000
0.048,0.009,0.011,21.461,126973.711,3.742,60.000
0.049,0.000,0.014,29.455,39106.555,0.589,60.000
0.048,0.016,0.012,20.197,125481.180,6.391,60.000
0.002,0.013,0.011,18.285,48330.367,6.525,60.000
0.052,0.013,0.012,20.312,111584.648,3.709,60.000
0.054,0.001,0.011,30.041,-34627.109,1.218,60.000
0.052,0.008,0.013,19.687,76165.633,3.009,60.000
0.058,0.000,0.017,23.673,5356.672,-0.830,60.000
0.048,0.002,0.011,23.138,95958.914,2.219,60.000
0.051,0.005,0.014,20.289,97307.633,2.715,60.000
0.050,0.016,0.013,20.575,127043.398,6.049,60.000
0.047,0.000,0.022,21.971,-46105.648,-1.749,60.000
0.048,0.001,0.005,21.485,104150.711,0.577,60.000
0.050,0.013,0.012,20.605,113720.992,4.378,60.000
0.052,0.001,0.004,22.768,46185.945,-0.278,60.000
0.045,0.002,0.013,23.647,129814.648,2.085,60.000
0.050,0.008,0.013,20.683,138755.406,5.303,60.000
0.055,0.001,0.020,19.902,105834.586,1.644,60.000
0.053,0.001,0.008,24.269,87214.117,0.556,60.000
0.046,0.001,0.019,20.192,132458.500,1.126,60.000
0.047,0.001,0.005,23.026,66649.477,0.784,60.000
0.057,0.001,0.011,20.545,113155.539,0.577,60.000
0.049,0.002,0.009,24.504,69048.008,1.036,60.000
0.049,0.001,0.022,22.463,50010.867,0.508,60.000
0.052,0.010,0.010,18.893,85002.398,3.286,60.000
0.050,0.021,0.011,19.585,113679.570,6.192,60.000
0.043,0.000,0.012,28.479,-82429.148,0.899,60.000
0.050,0.002,0.014,22.489,117022.523,2.196,60.000
0.043,0.001,0.011,24.522,74347.758,-0.629,60.000
0.048,0.024,0.011,21.534,141552.438,6.843,60.000
0.050,0.007,0.011,21.586,168398.719,4.633,60.000
0.056,0.001,0.010,27.601,2391.492,-0.073,60.000
0.055,0.000,0.004,18.473,-27382.641,-2.815,60.000
0.051,0.012,0.010,19.925,58076.242,4.594,60.000
0.055,0.001,0.012,22.907,92687.617,1.819,60.000
0.047,0.001,0.015,26.965,147709.562,1.970,60.000
0.098,0.011,0.014,20.609,137169.219,3.804,60.000
0.052,0.001,0.005,20.329,121429.023,0.326,60.000
0.053,0.001,0.006,22.506,104700.852,0.432,60.000
0.051,0.013,0.014,23.103,136784.688,3.938,60.000
0.052,0.000,0.017,27.178,-70186.102,-2.542,60.000
0.040,0.001,0.013,20.725,25349.156,-2.005,60.000
0.052,0.012,0.014,21.918,118896.555,3.405,60.000
0.050,0.002,0.007,23.864,102079.633,0.662,60.000
0.049,0.007,0.010,21.707,123404.648,1.700,60.000
0.049,0.004,0.012,21.700,119584.492,3.258,60.000
0.056,0.000,0.005,22.702,47090.961,0.531,60.000
0.048,0.004,0.013,22.244,101176.633,2.983,60.000
0.047,0.001,0.021,21.225,102898.820,0.942,60.000
0.049,0.011,0.012,20.429,135765.625,4.293,60.000
0.050,0.008,0.013,20.608,126782.398,4.874,60.000
0.002,0.012,0.013,20.745,69560.414,5.540,60.000
0.045,0.001,0.017,21.771,77989.289,-0.439,60.000
0.051,0.001,0.018,23.152,113901.117,2.178,60.000
0.059,0.001,0.010,19.138,125950.383,0.183,60.000
0.052,0.026,0.011,20.137,122162.414,5.656,60.000
0.050,0.008,0.015,20.668,109202.945,3.517,60.000
0.051,0.014,0.012,20.486,118657.711,5.019,60.000
0.055,0.001,0.016,21.538,95276.305,0.542,60.000
0.100,0.011,0.013,15.712,90600.398,6.732,60.000
0.049,0.012,0.013,21.035,148128.812,4.061,60.000
0.050,0.011,0.010,19.819,87352.680,3.937,60.000
0.055,0.000,0.010,28.848,-35386.094,0.601,60.000
0.045,0.001,0.010,23.957,91716.477,0.490,60.000
0.047,0.002,0.019,21.086,136511.500,1.591,60.000
0.053,0.002,0.015,22.947,89319.492,0.769,60.000
0.056,0.001,0.018,21.048,103806.883,0.368,60.000
0.043,0.000,0.007,23.598,-17946.219,-1.391,60.000
0.052,0.007,0.012,20.642,104265.133,4.131,60.000
0.046,0.001,0.006,23.158,86387.227,0.698,60.000
0.098,0.010,0.013,20.964,134952.750,4.402,60.000
0.058,0.001,0.008,21.480,114071.133,-0.019,60.000
0.049,0.006,0.010,20.676,133737.000,2.336,60.000
0.051,0.006,0.010,19.781,130497.289,2.728,60.000
0.055,0.001,0.006,24.090,21110.016,-0.656,60.000
0.056,0.001,0.008,22.809,102807.961,0.181,60.000
0.050,0.000,0.002,20.841,-63431.906,-0.743,60.000
0.049,0.011,0.012,20.264,145327.375,4.428,60.000
0.055,0.001,0.020,19.889,111192.914,1.286,60.000
0.050,0.000,0.009,33.590,17275.219,3.170,60.000
0.051,0.016,0.014,21.247,124176.820,6.396,60.000
0.100,0.013,0.013,25.155,41786.352,4.953,60.000
0.051,0.022,0.014,20.524,121605.992,6.112,60.000
0.049,0.014,0.014,22.337,164161.438,5.086,60.000
0.052,0.009,0.013,20.225,95253.914,4.194,60.000
0.048,0.026,0.012,20.475,157069.750,6.435,60.000
0.050,0.021,0.010,19.630,109314.086,6.179,60.000
0.061,0.000,0.012,22.670,107199.836,-0.658,60.000
0.053,0.001,0.005,23.782,67339.852,-0.199,60.000
0.052,0.001,0.007,24.005,94897.680,0.750,60.000
0.043,0.000,0.017,23.245,-38339.633,-3.481,60.000
0.039,0.001,0.013,18.854,50124.727,-1.605,60.000
0.049,0.022,0.011,20.500,122721.539,6.460,60.000
0.051,0.018,0.012,20.041,112172.789,6.533,60.000
0.051,0.016,0.012,20.525,112295.398,5.934,60.000
0.047,0.001,0.006,23.081,97269.164,0.674,60.000
0.051,0.024,0.013,20.209,153969.594,5.730,60.000
0.099,0.010,0.012,20.490,141689.594,5.036,60.000
0.043,0.000,0.012,31.270,-17366.445,0.365,60.000
0.051,0.016,0.013,21.082,120165.320,6.493,60.000
0.099,0.012,0.013,22.421,108610.180,4.076,60.000
0.049,0.011,0.013,20.736,140836.438,4.200,60.000
0.049,0.000,0.015,29.419,31651.461,-0.230,60.000
0.055,0.001,0.011,24.630,91757.055,1.293,60.000
0.055,0.001,0.013,26.155,81749.242,0.833,60.000
0.052,0.015,0.011,19.438,105844.055,5.286,60.000
0.051,0.015,0.014,22.501,152177.594,5.609,60.000
0.051,0.003,0.011,23.149,65309.523,3.085,60.000
0.041,0.001,0.014,20.554,57626.336,-0.672,60.000
0.043,0.000,0.015,24.221,56296.680,-0.130,60.000
0.051,0.018,0.012,20.253,109169.664,6.611,60.000
0.051,0.022,0.012,19.780,123190.664,5.691,60.000
0.049,0.000,0.003,21.859,-9765.898,-0.092,60.000
0.050,0.023,0.010,20.576,118968.773,6.081,60.000
0.045,0.001,0.005,22.745,80010.992,0.829,60.000
0.049,0.003,0.014,22.242,128509.898,2.474,60.000
0.056,0.001,0.017,21.037,96262.992,0.413,60.000
0.050,0.003,0.013,22.326,105714.820,2.734,60.000
0.052,0.001,0.005,22.648,80095.008,0.094,60.000
0.049,0.000,0.002,21.604,4376.852,-0.145,60.000
0.047,0.000,0.010,30.713,-76762.492,0.394,60.000
0.049,0.000,0.003,20.671,11813.344,0.025,60.000
0.046,0.001,0.006,23.913,75437.086,0.859,60.000
0.050,0.017,0.014,20.436,148346.438,6.917,60.000
0.047,0.002,0.013,23.815,118009.633,2.359,60.000
0.048,0.001,0.007,26.975,26473.406,0.127,60.000
0.049,0.009,0.014,20.455,131059.336,4.712,60.000
0.042,0.001,0.007,22.186,56544.023,0.699,60.000
0.053,0.001,0.015,25.735,74998.648,0.791,60.000
0.050,0.000,0.005,23.130,10081.383,0.115,60.000
0.050,0.000,0.013,33.380,28843.383,1.294,60.000
0.042,0.001,0.012,25.987,1268.703,-2.097,60.000
0.001,0.012,0.012,19.757,37984.633,6.223,60.000
0.044,0.000,0.018,21.699,-17697.742,-0.922,60.000
0.050,0.000,0.013,32.420,-46248.320,-0.744,60.000
0.052,0.001,0.007,24.764,98739.695,0.602,60.000
0.003,0.013,0.011,18.530,42112.789,6.426,60.000
0.049,0.021,0.013,20.778,139241.750,6.093,60.000
0.055,0.001,0.018,20.670,90517.664,0.772,60.000
0.047,0.001,0.011,29.082,10512.117,-1.112,60.000
0.051,0.026,0.014,20.082,173583.375,5.760,60.000
0.047,0.000,0.004,21.252,47141.289,0.192,60.000
0.044,0.001,0.010,26.248,62719.180,-0.507,60.000
0.052,0.023,0.013,20.398,129192.383,5.698,60.000
0.043,0.001,0.018,19.683,59190.367,-1.358,60.000
0.051,0.000,0.018,23.768,29788.883,-0.057,60.000
0.056,0.002,0.011,20.749,101872.242,0.911,60.000
0.044,0.001,0.004,21.157,90266.523,1.057,60.000
0.051,0.001,0.018,27.695,3758.734,0.457,60.000
0.049,0.025,0.012,20.164,154435.281,6.200,60.000
0.048,0.008,0.011,21.966,146810.188,3.685,60.000
0.049,0.008,0.015,20.639,106841.195,3.516,60.000
0.055,0.001,0.006,22.596,100866.008,0.010,60.000
0.055,0.001,0.012,26.913,104856.211,1.179,60.000
0.097,0.012,0.013,20.079,118432.164,4.079,60.000
0.051,0.002,0.015,23.363,109853.211,1.460,60.000
0.056,0.000,0.009,26.391,-17582.414,-1.116,60.000
0.050,0.001,0.010,26.135,56810.352,0.944,60.000
0.050,0.009,0.014,20.127,119778.352,4.405,60.000
0.051,0.008,0.014,20.359,93260.805,3.767,60.000
0.049,0.000,0.020,23.982,36200.461,0.446,60.000
0.053,0.001,0.018,22.238,97693.633,1.716,60.000
0.049,0.027,0.012,19.609,150079.219,5.647,60.000
0.002,0.013,0.014,20.531,82705.461,5.357,60.000
0.051,0.001,0.014,30.612,22983.430,1.164,60.000
0.055,0.001,0.017,20.826,93452.477,0.433,60.000
0.054,0.001,0.010,23.836,63530.227,1.367,60.000
0.052,0.001,0.009,24.844,81916.617,0.612,60.000
0.048,0.009,0.011,21.595,147187.188,3.824,60.000
0.052,0.000,0.016,27.772,24943.555,0.824,60.000
0.050,0.010,0.010,19.717,116684.867,3.599,60.000
0.052,0.003,0.011,22.646,60253.133,2.947,60.000
0.049,0.005,0.012,21.911,126705.430,4.307,60.000
0.050,0.006,0.012,22.375,127058.914,5.096,60.000
0.054,0.000,0.018,24.528,16420.930,-0.717,60.000
0.051,0.008,0.010,19.755,140440.281,2.960,60.000
0.049,0.004,0.014,21.353,104540.227,2.664,60.000
0.052,0.005,0.010,20.293,101055.008,2.101,60.000
0.048,0.021,0.013,20.870,150974.812,5.589,60.000
0.052,0.010,0.014,20.340,99466.992,3.329,60.000
0.051,0.024,0.010,20.594,106696.352,5.714,60.000
0.044,0.001,0.007,22.522,80797.664,0.442,60.000
0.059,0.000,0.007,24.711,-21781.859,2.083,60.000
0.051,0.024,0.013,20.315,144407.281,5.768,60.000
0.047,0.000,0.021,20.817,13737.938,-1.156,60.000
0.051,0.014,0.010,19.922,65512.680,5.529,60.000
0.041,0.000,0.013,24.347,-38524.977,-3.912,60.000
0.050,0.020,0.013,19.916,128780.133,6.477,60.000
0.051,0.004,0.011,22.369,86441.664,3.343,60.000
0.046,0.000,0.005,23.609,46160.883,0.820,60.000
0.047,0.001,0.004,23.089,62355.633,0.856,60.000
0.051,0.003,0.014,22.194,105593.820,2.088,60.000
0.048,0.014,0.013,20.818,158040.406,5.314,60.000
0.050,0.015,0.012,20.396,133154.438,5.833,60.000
0.049,0.022,0.012,20.258,151624.562,5.694,60.000
0.048,0.026,0.012,21.134,145607.344,6.703,60.000
0.059,0.001,0.008,20.965,117142.023,0.038,60.000
0.050,0.014,0.012,20.787,146851.750,5.042,60.000
0.052,0.017,0.013,20.638,104728.539,6.770,60.000
0.051,0.018,0.010,19.140,101929.664,5.928,60.000
0.059,0.001,0.013,24.577,72797.508,-0.921,60.000
0.051,0.001,0.001,21.770,79430.164,0.182,60.000
0.051,0.000,0.008,28.546,9651.891,1.022,60.000
0.048,0.013,0.013,21.036,151148.094,4.625,60.000
0.055,0.002,0.017,20.078,86307.242,0.428,60.000
0.098,0.013,0.012,20.121,107224.773,4.931,60.000
0.052,0.010,0.012,19.868,99940.023,4.343,60.000
0.048,0.000,0.004,23.750,8597.734,0.620,60.000
0.049,0.014,0.010,20.667,83109.727,5.278,60.000
0.054,0.000,0.005,22.534,-45166.562,-0.553,60.000
0.052,0.002,0.017,22.728,91728.508,1.710,60.000
0.052,0.001,0.020,21.925,114419.695,1.923,60.000
0.046,0.002,0.011,22.919,103241.727,1.220,60.000
0.049,0.001,0.015,28.073,97112.242,1.361,60.000
0.043,0.002,0.015,19.726,117410.773,0.899,60.000
0.002,0.014,0.011,18.185,50216.742,6.831,60.000
0.002,0.012,0.011,18.080,31132.383,6.901,60.000
0.100,0.012,0.011,21.746,-35369.930,10.169,60.000
0.056,0.001,0.014,22.959,108835.555,0.534,60.000
0.051,0.010,0.014,20.959,115946.539,3.663,60.000
0.048,0.021,0.012,20.353,134179.344,6.021,60.000
0.050,0.007,0.009,21.129,128137.914,1.990,60.000
0.048,0.005,0.011,20.327,125821.242,2.232,60.000
0.042,0.001,0.010,24.218,89733.508,0.171,60.000
0.051,0.018,0.013,20.720,114546.555,7.096,60.000
0.048,0.001,0.023,21.660,80654.195,1.060,60.000
0.051,0.001,0.004,23.090,98641.258,0.575,60.000
0.050,0.005,0.011,21.321,121448.711,3.970,60.000
0.055,0.001,0.013,23.482,101949.117,1.546,60.000
0.047,0.001,0.022,21.611,129690.117,1.294,60.000
0.049,0.017,0.013,19.985,129683.008,6.667,60.000
0.054,0.002,0.018,21.138,88111.164,1.087,60.000
0.051,0.016,0.010,19.367,96919.867,5.922,60.000
0.052,0.011,0.013,20.614,108482.008,3.913,60.000
0.052,0.001,0.021,21.415,116764.289,1.905,60.000
0.052,0.024,0.013,20.112,145051.906,5.667,60.000
0.051,0.016,0.013,21.005,120751.477,6.340,60.000
0.049,0.018,0.014,19.757,142086.375,7.020,60.000
0.044,0.001,0.009,22.068,111112.539,0.512,60.000
0.050,0.004,0.013,21.733,98360.570,2.800,60.000
0.056,0.000,0.014,29.424,51778.523,1.339,60.000
0.044,0.000,0.012,29.875,-88249.773,0.060,60.000
0.052,0.001,0.001,21.296,21748.125,-0.597,60.000
0.044,0.001,0.010,24.595,100826.852,0.397,60.000
0.050,0.008,0.011,21.112,164659.906,4.829,60.000
0.051,0.010,0.013,20.243,117328.445,4.686,60.000
0.052,0.018,0.012,20.126,89895.133,6.125,60.000
0.049,0.010,0.013,20.562,141057.938,4.819,60.000
0.050,0.019,0.014,19.995,133915.812,7.116,60.000
0.041,0.000,0.012,23.677,4354.086,-1.404,60.000
0.050,0.005,0.010,21.427,100642.539,1.416,60.000
0.042,0.001,0.006,22.545,63217.414,1.498,60.000
0.041,0.000,0.014,21.950,47946.039,-1.424,60.000
0.051,0.027,0.012,21.497,178183.750,6.689,60.000
0.049,0.018,0.012,20.388,136558.438,6.337,60.000
0.057,0.000,0.011,26.050,43804.055,-1.109,60.000
0.043,0.000,0.013,27.339,26406.812,1.150,60.000
0.050,0.021,0.014,19.975,128643.758,6.370,60.000
0.050,0.012,0.014,22.540,148758.438,4.066,60.000
0.051,0.000,0.013,32.943,-18136.375,-0.126,60.000
0.044,0.001,0.017,19.566,140998.438,0.443,60.000
0.039,0.001,0.015,20.314,48150.086,-1.439,60.000
0.053,0.000,0.020,21.091,58128.867,-0.134,60.000
0.052,0.005,0.014,18.766,95769.945,2.073,60.000
0.057,0.000,0.005,16.797,102151.211,-1.587,60.000
0.053,0.000,0.017,27.926,-34629.789,-1.554,60.000
0.048,0.000,0.013,28.752,30711.305,-0.401,60.000
0.051,0.025,0.012,19.459,157323.281,5.461,60.000
0.054,0.002,0.018,21.434,89086.336,1.361,60.000
0.098,0.013,0.012,19.593,108113.352,5.429,60.000
0.056,0.001,0.016,23.300,101987.445,0.513,60.000
0.059,0.001,0.011,19.794,139813.781,-0.198,60.000
0.049,0.003,0.012,23.442,107679.789,3.301,60.000
0.048,0.001,0.010,24.784,71669.883,1.244,60.000
0.051,0.000,0.015,30.723,38447.867,1.334,60.000
0.044,0.001,0.014,21.289,111279.352,1.097,60.000
0.047,0.002,0.016,21.135,164153.312,1.904,60.000
0.045,0.001,0.007,22.045,88481.914,0.725,60.000
0.056,0.000,0.006,23.864,-35515.508,0.933,60.000
0.046,0.001,0.019,20.000,130999.664,1.145,60.000
0.042,0.001,0.012,21.821,95252.258,-0.203,60.000
0.050,0.001,0.004,21.764,109485.320,0.413,60.000
0.051,0.000,0.002,23.160,-67963.094,-1.049,60.000
0.045,0.001,0.011,23.260,94281.695,0.433,60.000
0.057,0.001,0.012,25.163,8537.602,0.210,60.000
0.046,0.001,0.014,28.589,16973.891,0.200,60.000
0.050,0.018,0.011,19.915,125411.852,6.443,60.000
0.058,0.001,0.012,21.804,132720.438,0.214,60.000
0.049,0.018,0.011,20.229,134878.531,6.529,60.000
0.051,0.001,0.019,23.767,85460.742,1.546,60.000
0.052,0.000,0.007,26.344,-13576.031,0.785,60.000
0.052,0.024,0.011,19.599,122191.227,5.373,60.000
0.048,0.024,0.012,20.446,146115.531,6.287,60.000
0.048,0.003,0.014,21.815,120761.695,2.723,60.000
0.048,0.000,0.010,31.798,-61386.797,0.973,60.000
0.050,0.022,0.011,19.913,110622.414,6.238,60.000
0.050,0.021,0.011,19.335,104054.320,6.196,60.000
0.049,0.024,0.011,20.746,134205.031,6.664,60.000
0.050,0.002,0.017,23.230,133829.906,2.077,60.000
0.049,0.001,0.013,28.456,97659.102,2.121,60.000
0.048,0.025,0.010,22.125,142968.812,6.824,60.000
0.053,0.001,0.020,21.302,113700.508,1.942,60.000
0.049,0.025,0.013,20.090,170514.969,5.640,60.000
0.049,0.001,0.003,23.252,-47341.039,-0.629,60.000
0.051,0.013,0.014,23.743,147117.188,4.415,60.000
0.000,0.012,0.013,25.176,-46840.750,4.764,60.000
0.049,0.014,0.010,20.361,87286.789,5.359,60.000
0.050,0.007,0.015,20.072,97888.492,2.948,60.000
0.051,0.009,0.012,20.762,136047.094,5.041,60.000
0.051,0.001,0.004,20.583,125829.289,0.795,60.000
0.056,0.001,0.005,19.803,130221.664,0.037,60.000
0.040,0.001,0.009,22.354,75161.883,0.252,60.000
0.050,0.013,0.010,20.535,65148.648,5.166,60.000
0.054,0.001,0.018,24.326,70717.398,0.871,60.000
0.045,0.001,0.010,24.883,95184.133,0.628,60.000
0.055,0.001,0.003,20.565,110261.805,-0.063,60.000
0.054,0.002,0.017,21.202,84942.055,0.719,60.000
0.053,0.000,0.019,24.702,-29835.859,-0.820,60.000
0.041,0.001,0.016,20.342,87416.914,-0.781,60.000
0.054,0.000,0.003,18.871,70218.539,-0.956,60.000
0.054,0.001,0.004,18.995,128320.367,0.008,60.000
0.057,0.001,0.016,22.056,109776.367,0.361,60.000
0.045,0.002,0.017,18.728,154275.062,1.016,60.000
0.052,0.013,0.013,22.375,120545.211,4.148,60.000
0.049,0.012,0.012,20.865,144159.125,4.164,60.000
0.049,0.012,0.011,20.799,87767.023,4.349,60.000
0.050,0.000,0.020,21.347,33810.102,-0.649,60.000
0.049,0.024,0.013,20.160,163401.156,5.605,60.000
0.049,0.009,0.012,20.660,155955.375,5.447,60.000
0.051,0.018,0.010,18.900,95993.492,5.681,60.000
0.051,0.000,0.012,30.917,6609.227,0.946,60.000
0.046,0.001,0.005,22.909,83303.727,0.880,60.000
0.051,0.013,0.010,19.787,68999.227,4.709,60.000
0.043,0.001,0.012,27.302,483.328,-1.548,60.000
0.047,0.001,0.022,21.334,130353.711,1.312,60.000
0.045,0.001,0.017,19.530,157784.031,1.369,60.000
0.048,0.022,0.011,21.147,135067.875,6.900,60.000
0.055,0.001,0.004,19.294,129536.242,0.024,60.000
0.054,0.000,0.015,27.462,61370.367,-0.149,60.000
0.051,0.012,0.010,19.916,57314.211,4.671,60.000
0.048,0.005,0.013,21.754,105724.570,2.775,60.000
0.059,0.000,0.015,22.993,118273.461,3.539,60.000
0.049,0.017,0.014,20.288,149514.594,7.078,60.000
0.051,0.007,0.011,20.649,155712.031,4.540,60.000
0.056,0.001,0.006,23.520,29339.055,-0.524,60.000
0.052,0.013,0.013,22.057,113841.227,4.009,60.000
0.050,0.026,0.014,19.699,180444.344,5.831,60.000
0.043,0.001,0.017,18.243,118588.773,-0.186,60.000
0.048,0.012,0.014,22.036,154553.500,3.945,60.000
0.049,0.004,0.013,21.852,108424.648,2.868,60.000
0.048,0.006,0.012,21.873,152454.000,4.245,60.000
0.050,0.004,0.010,21.519,91015.711,1.939,60.000
0.049,0.001,0.022,21.676,129915.398,1.614,60.000
0.050,0.003,0.014,21.764,115735.570,2.520,60.000
0.051,0.001,0.010,25.590,49269.305,1.028,60.000
0.051,0.002,0.011,23.532,53742.602,2.619,60.000
0.051,0.007,0.012,21.872,144091.375,5.430,60.000
0.050,0.010,0.011,20.467,140978.000,4.310,60.000
0.052,0.001,0.011,24.226,51264.023,2.420,60.000
0.052,0.019,0.013,20.347,94460.008,6.412,60.000
0.053,0.000,0.008,25.084,7025.172,-0.478,60.000
0.051,0.024,0.011,20.702,109518.664,5.753,60.000
0.052,0.008,0.013,20.252,92685.008,3.945,60.000
0.052,0.003,0.011,22.832,52103.039,2.964,60.000
0.058,0.001,0.012,19.470,143448.344,-0.042,60.000
0.055,0.001,0.008,23.470,101491.133,0.234,60.000
0.045,0.001,0.008,26.022,29424.273,-0.038,60.000
0.051,0.020,0.012,20.225,117750.414,6.254,60.000
0.048,0.000,0.012,33.938,-30386.328,1.313,60.000
0.052,0.007,0.012,21.542,115562.414,4.787,60.000
0.099,0.012,0.013,20.902,123741.008,4.280,60.000
0.045,0.001,0.007,25.018,85417.633,0.804,60.000
0.057,0.001,0.006,23.271,87538.836,-0.113,60.000
0.001,0.013,0.011,18.670,46364.633,6.652,60.000
0.050,0.007,0.011,21.256,166968.188,4.034,60.000
0.056,0.001,0.006,20.988,117927.570,-0.168,60.000
0.056,0.001,0.004,21.989,90154.289,0.018,60.000
0.041,0.001,0.016,19.526,90984.383,-0.429,60.000
0.052,0.012,0.010,19.040,83906.820,3.997,60.000
0.048,0.004,0.010,22.369,86302.352,1.537,60.000
0.051,0.003,0.011,23.117,62766.602,2.998,60.000
0.047,0.001,0.002,21.092,4821.531,0.363,60.000
0.052,0.021,0.014,20.149,106911.211,6.579,60.000
0.053,0.001,0.012,24.313,83569.461,2.395,60.000
0.047,0.000,0.003,20.780,29486.883,-0.423,60.000
0.051,0.025,0.010,20.914,109989.914,5.696,60.000
0.058,0.001,0.009,24.543,75800.273,0.141,60.000
0.043,0.000,0.005,20.432,48022.117,-0.262,60.000
0.054,0.002,0.012,22.600,76202.914,2.097,60.000
0.051,0.016,0.013,20.859,113299.258,5.902,60.000
0.057,0.000,0.006,20.174,33080.883,-1.509,60.000
0.048,0.001,0.022,21.614,76528.758,0.722,60.000
0.051,0.000,0.021,20.794,50987.148,-0.048,60.000
0.051,0.020,0.011,19.324,107845.070,6.022,60.000
0.045,0.001,0.018,22.915,3047.203,-1.831,60.000
0.052,0.005,0.014,19.279,94681.820,2.096,60.000
0.047,0.001,0.014,24.071,157345.000,2.442,60.000
0.045,0.001,0.004,20.462,88810.445,0.809,60.000
0.059,0.001,0.014,23.448,118775.102,-0.343,60.000
0.002,0.011,0.013,20.143,55176.180,5.891,60.000
0.047,0.001,0.007,23.038,100318.195,0.863,60.000
0.047,0.000,0.016,28.126,-7941.500,-0.596,60.000
0.050,0.020,0.010,19.031,100592.867,6.288,60.000
0.050,0.020,0.014,19.770,134313.000,6.709,60.000
0.048,0.000,0.015,27.690,83525.211,2.426,60.000
0.043,0.000,0.010,28.669,-10922.867,2.026,60.000
0.048,0.014,0.013,20.934,141291.062,5.212,60.000
0.051,0.007,0.014,20.167,91302.977,3.176,60.000
0.001,0.013,0.013,21.073,45364.352,5.133,60.000
0.098,0.011,0.013,20.656,130252.727,4.223,60.000
0.050,0.012,0.013,21.142,140689.656,4.108,60.000
0.051,0.019,0.012,19.844,118563.977,5.960,60.000
0.048,0.000,0.017,26.963,28006.086,-0.980,60.000
0.049,0.000,0.006,24.982,-12455.914,0.211,60.000
0.049,0.014,0.011,21.044,78933.414,5.305,60.000
0.055,0.001,0.011,22.355,73529.133,1.821,60.000
0.045,0.001,0.019,20.879,128234.867,0.745,60.000
0.051,0.024,0.013,20.069,151370.312,5.631,60.000
0.051,0.000,0.016,28.908,83136.789,-0.381,60.000
0.047,0.001,0.003,21.458,26666.500,0.674,60.000
0.048,0.007,0.013,21.506,138285.188,4.024,60.000
0.052,0.024,0.013,19.990,151848.281,5.554,60.000
0.051,0.007,0.014,19.715,83274.789,2.847,60.000
0.052,0.000,0.018,23.201,46689.117,0.361,60.000
0.050,0.008,0.015,20.186,100668.977,3.294,60.000
0.053,0.001,0.017,22.308,92398.914,1.504,60.000
0.048,0.003,0.010,23.029,81379.148,1.329,60.000
0.051,0.013,0.010,19.768,71784.227,4.586,60.000
0.099,0.013,0.011,21.730,72591.805,4.374,60.000
0.042,0.001,0.014,20.523,77058.914,0.138,60.000
0.053,0.001,0.019,22.433,69903.648,0.888,60.000
0.059,0.001,0.007,25.563,-10241.469,-0.173,60.000
0.043,0.001,0.010,23.875,109828.602,0.449,60.000
0.051,0.010,0.013,20.625,113486.570,3.845,60.000
0.052,0.027,0.010,13.445,-2182.852,1.312,60.000
0.049,0.000,0.001,19.957,-767.133,-0.744,60.000
0.049,0.000,0.003,24.602,-96261.289,-0.872,60.000
0.040,0.001,0.016,20.786,48501.633,-2.301,60.000
0.060,0.001,0.015,22.335,99528.320,-0.803,60.000
0.047,0.000,0.007,25.972,9340.477,-0.178,60.000
0.049,0.011,0.012,20.401,138873.969,4.421,60.000
0.049,0.012,0.013,20.979,144948.938,4.195,60.000
0.045,0.001,0.017,18.637,146292.906,1.012,60.000
0.046,0.001,0.019,21.062,135753.812,1.219,60.000
0.056,0.002,0.013,22.752,105598.555,0.947,60.000
0.050,0.012,0.012,20.955,132544.281,4.052,60.000
0.047,0.000,0.005,23.453,47386.570,-0.225,60.000
0.059,0.001,0.014,24.227,110062.117,-0.192,60.000
0.044,0.000,0.006,22.145,-19311.680,0.123,60.000
0.048,0.007,0.013,21.647,149900.312,4.452,60.000
0.047,0.001,0.007,23.151,103146.227,0.690,60.000
0.048,0.020,0.013,20.520,143137.594,5.747,60.000
0.050,0.002,0.009,24.679,61881.930,0.880,60.000
0.051,0.018,0.012,19.852,103795.102,6.294,60.000
0.058,0.000,0.018,17.935,73752.570,2.206,60.000
0.051,0.001,0.015,24.531,120026.273,1.500,60.000
0.051,0.009,0.014,20.005,98736.555,3.253,60.000
0.050,0.017,0.014,20.488,143910.281,6.963,60.000
0.048,0.023,0.012,20.575,141026.406,6.294,60.000
0.052,0.000,0.018,28.551,-53210.363,-1.339,60.000
0.050,0.010,0.012,20.716,136644.656,5.277,60.000
0.060,0.001,0.011,17.555,128977.602,-0.261,60.000
0.052,0.021,0.011,19.115,109792.508,5.631,60.000
0.052,0.000,0.015,29.057,28690.586,-0.695,60.000
0.049,0.001,0.019,23.206,93614.789,1.384,60.000
0.050,0.000,0.017,28.412,30660.727,-1.761,60.000
0.050,0.026,0.013,19.805,186347.062,5.646,60.000
0.050,0.024,0.013,20.133,165908.344,5.614,60.000
0.052,0.019,0.013,20.455,105039.023,6.496,60.000
0.051,0.008,0.010,20.321,123290.195,2.816,60.000
0.049,0.008,0.010,21.502,119275.648,2.996,60.000
0.042,0.001,0.016,19.421,87580.445,-0.296,60.000
0.047,0.000,0.016,27.706,1536.578,-1.116,60.000
0.052,0.002,0.017,22.994,100639.273,1.779,60.000
0.050,0.018,0.014,20.135,147035.188,7.315,60.000
0.042,0.001,0.008,21.763,94238.195,0.307,60.000
0.050,0.024,0.013,20.320,162689.781,5.772,60.000
0.048,0.012,0.012,21.207,128023.336,4.326,60.000
0.043,0.001,0.004,22.148,47544.523,1.415,60.000
0.051,0.016,0.014,21.232,130066.195,6.509,60.000
0.051,0.002,0.018,22.380,113585.336,2.109,60.000
0.002,0.012,0.011,18.257,28432.414,7.047,60.000
0.045,0.001,0.017,21.169,149920.375,1.015,60.000
0.050,0.001,0.010,26.984,40832.617,0.758,60.000
0.053,0.001,0.015,23.824,100550.523,1.242,60.000
0.047,0.000,0.009,29.646,-52696.289,1.067,60.000
0.053,0.000,0.015,32.521,59091.836,0.178,60.000
0.048,0.016,0.013,19.897,146999.156,6.272,60.000
0.044,0.001,0.014,21.659,108198.164,1.270,60.000
0.049,0.008,0.013,20.687,147000.562,5.138,60.000
0.042,0.001,0.005,22.082,83017.680,1.711,60.000
0.057,0.001,0.012,23.408,121839.945,0.327,60.000
0.051,0.014,0.013,22.118,144876.250,4.866,60.000
0.047,0.001,0.016,25.998,45735.039,-0.602,60.000
0.050,0.005,0.014,20.742,107578.148,2.619,60.000
0.052,0.001,0.004,19.592,127161.727,0.396,60.000
0.048,0.002,0.006,22.670,101045.945,0.711,60.000
0.051,0.000,0.017,27.701,-59678.617,0.217,60.000
0.050,0.026,0.011,20.874,129950.039,6.263,60.000
0.059,0.001,0.011,18.008,137178.500,-0.094,60.000
0.055,0.001,0.008,23.659,92157.195,0.209,60.000
0.058,0.001,0.017,20.727,101852.039,0.265,60.000
0.045,0.001,0.014,26.982,123786.523,1.751,60.000
0.050,0.018,0.012,19.887,119900.711,6.505,60.000
0.043,0.002,0.010,21.847,103187.711,-0.078,60.000
0.054,0.001,0.004,19.125,126310.648,-0.049,60.000
0.049,0.022,0.013,20.858,145838.375,5.753,60.000
0.047,0.001,0.019,23.143,33869.477,-0.387,60.000
0.050,0.009,0.014,20.092,115136.977,4.507,60.000
0.050,0.021,0.013,20.704,130335.148,5.971,60.000
0.051,0.021,0.012,20.184,117370.664,5.892,60.000
0.049,0.020,0.010,19.534,115576.961,6.556,60.000
0.051,0.006,0.012,22.710,124280.914,5.271,60.000
0.058,0.001,0.011,19.248,137480.156,0.277,60.000
0.048,0.001,0.009,24.355,91428.836,0.391,60.000
0.099,0.011,0.013,20.490,133957.562,4.751,60.000
0.049,0.016,0.011,20.387,110773.695,6.185,60.000
0.050,0.024,0.011,20.801,119133.133,6.199,60.000
0.055,0.001,0.020,19.812,105759.242,1.447,60.000
0.051,0.023,0.014,20.125,130568.211,6.002,60.000
0.051,0.023,0.013,20.654,136035.625,5.697,60.000
0.049,0.001,0.014,24.402,145435.688,2.267,60.000
0.057,0.001,0.006,20.688,126519.961,-0.314,60.000
0.048,0.006,0.011,21.098,149962.094,3.183,60.000
0.055,0.002,0.012,22.136,94826.039,1.408,60.000
0.051,0.008,0.011,20.038,152446.594,4.163,60.000
0.055,0.001,0.018,23.390,50022.383,0.265,60.000
0.049,0.000,0.009,27.848,4690.938,-0.674,60.000
0.046,0.002,0.015,21.429,164557.312,1.957,60.000
0.049,0.020,0.013,19.934,135680.000,6.415,60.000
0.052,0.000,0.009,27.356,-3219.328,1.208,60.000
0.051,0.012,0.013,21.222,117062.711,4.100,60.000
0.048,0.006,0.011,20.963,140086.500,3.017,60.000
0.051,0.007,0.011,20.176,161044.562,4.021,60.000
0.052,0.026,0.013,19.261,147561.406,4.437,60.000
0.048,0.003,0.010,22.577,82435.195,1.435,60.000
0.050,0.015,0.014,22.546,155820.844,5.576,60.000
0.052,0.000,0.006,25.344,12606.844,0.239,60.000
0.049,0.013,0.013,21.163,148936.062,4.488,60.000
0.001,0.013,0.012,18.957,51549.617,6.559,60.000
0.045,0.001,0.016,21.608,113066.430,0.144,60.000
0.054,0.001,0.004,20.762,9036.219,-1.098,60.000
0.055,0.001,0.012,28.262,-5749.992,0.792,60.000
0.058,0.000,0.014,26.526,-38058.742,-1.700,60.000
0.058,0.000,0.014,25.288,17181.312,1.031,60.000
0.053,0.001,0.006,21.010,107588.430,0.175,60.000
0.048,0.009,0.011,21.345,136027.594,4.111,60.000
0.051,0.003,0.012,22.822,92157.055,3.514,60.000
0.050,0.001,0.020,22.481,121462.508,1.797,60.000
0.055,0.001,0.020,20.292,108350.289,1.161,60.000
0.040,0.001,0.008,20.219,93634.539,0.299,60.000
0.050,0.001,0.004,19.850,117859.461,0.643,60.000
0.048,0.001,0.020,21.787,130690.602,1.449,60.000
0.050,0.016,0.011,20.162,100798.961,6.166,60.000
0.044,0.001,0.019,19.688,120482.758,0.579,60.000
0.049,0.016,0.010,20.075,113519.617,6.244,60.000
0.049,0.005,0.010,22.617,88209.258,1.377,60.000
0.049,0.023,0.010,20.809,127317.711,6.612,60.000
0.049,0.006,0.011,20.613,153181.781,3.002,60.000
0.053,0.001,0.003,21.743,44146.523,-0.318,60.000
0.051,0.008,0.011,19.266,138567.312,3.784,60.000
0.052,0.002,0.011,23.671,44443.055,2.789,60.000
0.051,0.001,0.011,29.304,-12664.797,1.381,60.000
0.051,0.025,0.011,20.358,121876.930,5.952,60.000
0.049,0.009,0.014,21.119,127965.430,3.820,60.000
0.048,0.001,0.013,29.215,62222.961,1.632,60.000
0.051,0.008,0.011,19.405,141127.031,3.793,60.000
0.057,0.000,0.006,22.995,10712.938,0.552,60.000
0.052,0.010,0.011,19.179,105555.617,3.747,60.000
0.049,0.016,0.012,20.326,131764.875,6.238,60.000
0.058,0.001,0.009,22.747,110495.492,0.294,60.000
0.051,0.005,0.013,20.844,90089.883,2.807,60.000
0.054,0.000,0.009,30.239,369.812,2.041,60.000
0.049,0.011,0.012,20.306,134689.719,4.286,60.000
0.050,0.021,0.012,20.262,138895.219,5.783,60.000
0.049,0.001,0.019,23.363,69441.758,0.972,60.000
0.054,0.001,0.008,25.687,44609.039,-0.018,60.000
0.049,0.001,0.017,24.018,140254.438,1.666,60.000
0.099,0.011,0.012,22.023,92048.461,4.208,60.000
0.044,0.001,0.009,24.766,50718.914,-0.386,60.000
0.046,0.001,0.015,25.626,149588.719,1.881,60.000
0.057,0.001,0.005,22.244,41045.633,-0.481,60.000
0.051,0.008,0.013,20.949,110453.523,5.013,60.000
0.053,0.001,0.011,30.810,-62593.016,0.903,60.000
0.060,0.001,0.009,20.837,127461.992,0.186,60.000
0.098,0.013,0.012,19.572,106025.180,5.012,60.000
0.048,0.009,0.012,21.071,166384.500,4.716,60.000
0.052,0.015,0.013,20.802,94773.117,5.390,60.000
0.049,0.006,0.013,21.774,115339.242,3.337,60.000
0.049,0.013,0.011,21.018,100941.992,4.875,60.000
0.041,0.001,0.010,22.160,76308.727,-0.154,60.000
0.049,0.000,0.014,28.211,38278.914,0.686,60.000
0.051,0.008,0.012,21.765,151030.219,5.628,60.000
0.044,0.001,0.006,22.976,69129.320,0.732,60.000
0.050,0.015,0.012,20.258,126998.523,5.450,60.000
0.052,0.013,0.011,20.030,99779.336,3.534,60.000
0.049,0.011,0.013,20.369,144417.219,4.478,60.000
0.049,0.006,0.012,22.122,133913.281,4.515,60.000
0.052,0.005,0.013,20.647,90597.883,3.173,60.000
0.049,0.008,0.013,20.727,140711.062,5.371,60.000
0.047,0.000,0.004,22.688,36772.070,0.457,60.000
0.052,0.009,0.012,20.636,110214.695,4.883,60.000
0.050,0.008,0.010,20.417,148883.562,3.677,60.000
0.051,0.017,0.012,20.254,105682.445,6.551,60.000
0.048,0.013,0.010,21.163,90575.258,4.850,60.000
0.045,0.000,0.007,27.214,-55588.379,-0.896,60.000
0.048,0.023,0.011,21.019,138806.906,6.806,60.000
0.049,0.012,0.011,20.996,118613.383,4.299,60.000
0.050,0.005,0.010,21.149,99912.242,1.675,60.000
0.050,0.001,0.004,19.472,121393.070,0.503,60.000
0.048,0.016,0.012,20.597,124788.711,6.021,60.000
0.049,0.017,0.011,20.131,123686.039,6.425,60.000
0.041,0.001,0.007,20.025,91687.336,0.181,60.000
0.050,0.005,0.011,20.648,112680.352,2.866,60.000
0.048,0.026,0.011,22.104,144104.938,6.852,60.000
0.051,0.012,0.012,20.996,127638.492,4.132,60.000
0.051,0.014,0.013,21.944,126757.227,4.728,60.000
0.051,0.002,0.014,23.778,89197.742,2.019,60.000
0.050,0.013,0.010,20.495,74018.742,5.100,60.000
0.048,0.001,0.020,21.067,130567.055,1.374,60.000
0.055,0.000,0.003,20.890,40116.133,-1.847,60.000
0.046,0.001,0.006,22.288,90510.320,0.775,60.000
0.051,0.017,0.013,20.461,123958.445,7.290,60.000
0.045,0.002,0.010,21.775,102923.633,0.216,60.000
0.050,0.019,0.013,19.947,126142.320,6.433,60.000
0.056,0.000,0.010,26.132,-3064.930,1.624,60.000
0.041,0.000,0.006,22.350,1784.539,0.643,60.000
0.049,0.012,0.011,20.813,120864.039,4.405,60.000
0.051,0.027,0.011,22.776,263243.281,12.017,60.000
0.050,0.005,0.014,20.749,99921.898,2.646,60.000
0.044,0.001,0.004,20.515,87409.039,0.791,60.000
0.051,0.018,0.014,20.690,125781.758,7.131,60.000
0.042,0.000,0.011,28.147,-30478.836,0.930,60.000
0.052,0.000,0.013,30.161,17145.844,1.614,60.000
0.051,0.018,0.014,20.574,124262.258,7.064,60.000
0.049,0.006,0.013,21.742,121400.320,3.592,60.000
0.049,0.009,0.014,20.682,126716.570,4.319,60.000
0.049,0.027,0.014,17.852,100352.430,3.087,60.000
0.051,0.014,0.010,20.055,65847.555,5.552,60.000
0.047,0.002,0.013,23.975,123940.195,2.330,60.000
0.058,0.000,0.019,20.075,75895.789,0.004,60.000
0.043,0.001,0.011,24.419,77487.789,-0.407,60.000
0.053,0.002,0.019,22.118,99767.633,2.030,60.000
0.048,0.007,0.010,21.671,121394.820,1.898,60.000
0.050,0.022,0.011,20.037,121218.258,6.371,60.000
0.042,0.001,0.006,20.866,87808.273,1.175,60.000
0.049,0.011,0.012,20.587,145551.125,4.279,60.000
0.052,0.012,0.011,19.123,90796.383,3.796,60.000
0.045,0.001,0.009,24.552,106272.523,0.598,60.000
0.052,0.015,0.012,19.768,101589.961,5.215,60.000
0.048,0.007,0.011,21.794,159812.062,3.597,60.000
0.055,0.001,0.003,21.134,60654.883,-0.679,60.000
0.053,0.001,0.022,21.893,26148.492,0.065,60.000
0.051,0.022,0.011,19.868,117559.133,6.019,60.000
0.040,0.000,0.010,20.667,-22255.227,-0.566,60.000
0.051,0.006,0.012,22.088,108858.648,4.592,60.000
0.055,0.000,0.010,27.295,-20275.820,1.299,60.000
0.052,0.025,0.011,19.997,120067.055,5.462,60.000
0.001,0.011,0.011,18.532,23340.672,7.004,60.000
0.050,0.005,0.012,21.644,124933.852,4.226,60.000
0.052,0.012,0.013,21.141,105307.117,3.484,60.000
0.051,0.020,0.012,19.965,119879.148,6.049,60.000
0.049,0.003,0.010,23.791,71468.445,1.178,60.000
0.048,0.019,0.010,20.018,123466.398,6.872,60.000
0.051,0.001,0.015,23.737,117130.680,1.728,60.000
0.050,0.019,0.011,19.808,124147.945,6.328,60.000
0.000,0.013,0.012,23.801,-59788.457,5.572,60.000
0.041,0.001,0.015,20.840,51067.352,-1.102,60.000
0.055,0.000,0.019,22.413,81946.711,1.903,60.000
0.050,0.021,0.012,20.100,128693.648,5.894,60.000
0.044,0.001,0.007,22.640,77254.695,0.491,60.000
0.054,0.001,0.008,24.740,81574.461,0.374,60.000
0.053,0.000,0.003,19.162,54016.680,-0.899,60.000
0.051,0.023,0.011,20.082,101715.320,5.837,60.000
0.055,0.001,0.004,18.862,132118.594,-0.017,60.000
0.051,0.019,0.013,20.068,112553.695,6.443,60.000
0.051,0.027,0.014,18.851,120873.570,2.443,60.000
0.098,0.011,0.013,20.410,131837.438,4.527,60.000
0.052,0.001,0.004,21.962,63579.680,0.077,60.000
0.049,0.003,0.011,22.630,94156.133,2.427,60.000
0.049,0.008,0.010,21.992,129337.586,2.257,60.000
0.054,0.001,0.017,23.630,95223.586,1.038,60.000
0.048,0.001,0.019,21.800,134408.844,1.518,60.000
0.047,0.001,0.020,21.162,130449.305,1.170,60.000
0.053,0.001,0.015,27.009,41244.148,0.403,60.000
0.058,0.001,0.009,24.933,-95.109,-0.388,60.000
0.052,0.002,0.016,22.925,104730.055,1.471,60.000
0.049,0.001,0.014,29.507,54317.461,0.955,60.000
0.051,0.008,0.012,21.759,144594.875,6.011,60.000
0.052,0.000,0.021,23.979,-4587.445,0.661,60.000
0.052,0.012,0.013,21.130,110998.195,3.929,60.000
0.051,0.001,0.005,20.586,121497.070,0.399,60.000
0.045,0.001,0.009,26.287,34341.164,-0.517,60.000
0.050,0.007,0.014,20.749,102757.055,3.484,60.000
0.055,0.001,0.005,21.118,117706.023,0.138,60.000
0.048,0.000,0.008,27.430,-65286.891,-1.274,60.000
0.051,0.006,0.011,20.765,127835.430,4.503,60.000
0.049,0.010,0.013,20.637,146296.000,4.730,60.000
0.044,0.001,0.012,23.309,94883.695,0.334,60.000
0.002,0.012,0.013,20.646,76592.258,5.522,60.000
0.002,0.012,0.012,19.189,44567.992,6.438,60.000
0.050,0.025,0.014,19.923,169490.469,5.954,60.000
0.049,0.019,0.013,19.363,143368.562,6.564,60.000
0.056,0.001,0.010,22.709,97146.648,0.748,60.000
0.052,0.007,0.012,21.936,115985.039,5.073,60.000
0.041,0.001,0.018,19.228,110961.742,-0.322,60.000
0.048,0.003,0.012,22.239,121543.836,3.058,60.000
0.044,0.000,0.004,22.752,-29165.625,-0.781,60.000
0.058,0.000,0.015,23.678,32907.336,-0.057,60.000
0.054,0.001,0.018,23.296,79774.617,0.943,60.000
0.049,0.022,0.013,20.839,152298.156,5.678,60.000
0.044,0.000,0.004,20.442,-3110.531,-0.394,60.000
0.050,0.019,0.012,19.853,126131.633,6.323,60.000
0.049,0.018,0.012,19.688,134893.594,6.250,60.000
0.002,0.013,0.012,19.712,66095.664,5.977,60.000
0.049,0.024,0.014,20.536,162124.688,5.840,60.000
0.049,0.024,0.011,20.566,133092.344,6.590,60.000
0.048,0.001,0.011,25.815,67826.320,1.688,60.000
0.043,0.001,0.012,25.531,25459.359,-1.304,60.000
0.002,0.012,0.011,18.469,33633.430,6.862,60.000
0.049,0.009,0.015,21.456,123499.086,3.605,60.000
0.047,0.001,0.017,25.526,29770.945,-0.872,60.000
0.052,0.000,0.015,27.559,39896.414,1.137,60.000
0.051,0.019,0.010,18.554,91136.336,5.673,60.000
0.048,0.002,0.011,22.710,88761.023,1.814,60.000
0.046,0.001,0.004,20.477,93609.195,0.852,60.000
0.050,0.004,0.009,23.580,66404.508,0.879,60.000
0.049,0.022,0.013,20.972,148163.250,5.856,60.000
0.044,0.001,0.015,21.789,126297.195,0.962,60.000
0.046,0.000,0.003,22.466,10008.836,-0.417,60.000
0.045,0.000,0.010,31.168,-75705.047,0.406,60.000
0.048,0.009,0.012,21.274,163037.812,4.729,60.000
0.051,0.009,0.012,20.736,127133.242,5.391,60.000
0.051,0.025,0.011,20.034,131542.812,5.910,60.000
0.051,0.008,0.012,21.754,145036.344,5.964,60.000
0.048,0.004,0.011,20.801,116118.836,2.211,60.000
0.053,0.000,0.009,26.965,34155.602,0.958,60.000
0.050,0.022,0.013,20.824,128980.914,6.015,60.000
0.046,0.001,0.003,22.210,-52048.074,0.247,60.000
0.047,0.001,0.021,20.762,128004.711,1.197,60.000
0.048,0.019,0.013,20.268,137648.312,6.175,60.000
0.052,0.002,0.012,23.409,74728.945,2.676,60.000
0.061,0.001,0.010,17.912,133045.531,-0.045,60.000
0.049,0.020,0.012,20.526,127116.602,6.039,60.000
0.048,0.025,0.011,21.772,143063.156,6.942,60.000
0.058,0.001,0.017,25.404,9297.773,-1.724,60.000
0.046,0.000,0.015,30.606,-3901.086,-0.067,60.000
0.050,0.021,0.014,20.222,127079.055,6.313,60.000
0.050,0.000,0.016,30.009,33734.070,-1.528,60.000
0.051,0.005,0.012,21.565,106214.242,4.180,60.000
0.059,0.001,0.006,21.045,142797.031,0.166,60.000
0.047,0.001,0.017,23.147,150502.938,1.441,60.000
0.051,0.004,0.011,22.467,80179.383,3.161,60.000
0.051,0.006,0.015,19.556,96580.305,2.159,60.000
0.048,0.002,0.009,23.825,97847.508,0.950,60.000
0.052,0.018,0.013,20.647,97477.883,6.754,60.000
0.049,0.002,0.012,23.716,85794.414,3.024,60.000
0.050,0.021,0.012,20.313,137332.625,5.842,60.000
0.051,0.020,0.011,19.354,111067.164,5.923,60.000
0.052,0.008,0.013,19.944,77171.242,3.231,60.000
0.056,0.000,0.013,28.171,34479.102,1.268,60.000
0.049,0.013,0.012,20.871,124457.289,4.842,60.000
0.053,0.000,0.022,18.278,21702.508,-0.582,60.000
0.044,0.001,0.009,24.342,102392.648,0.397,60.000
0.041,0.001,0.008,22.539,49462.977,-0.356,60.000
0.048,0.001,0.002,21.358,80559.180,0.277,60.000
0.050,0.000,0.022,21.516,-18324.383,-1.699,60.000
0.049,0.001,0.009,23.907,84394.445,0.782,60.000
0.098,0.010,0.012,20.009,134579.719,4.959,60.000
0.048,0.001,0.003,20.426,108760.117,0.899,60.000
0.052,0.019,0.012,20.206,103310.133,6.260,60.000
0.049,0.001,0.019,22.105,126318.523,1.928,60.000
0.048,0.025,0.011,21.498,141838.844,6.950,60.000
0.049,0.026,0.011,20.955,115873.664,5.377,60.000
0.048,0.013,0.012,21.146,124641.883,4.545,60.000
0.052,0.026,0.011,19.661,131173.250,5.528,60.000
0.050,0.001,0.008,25.062,88359.695,0.584,60.000
0.047,0.001,0.011,23.333,97495.477,1.406,60.000
0.046,0.001,0.008,23.815,104900.102,0.541,60.000
0.050,0.016,0.014,20.837,143123.844,6.597,60.000
0.047,0.001,0.004,21.127,93900.867,0.804,60.000
0.051,0.004,0.014,20.497,103842.539,2.520,60.000
0.056,0.001,0.015,23.663,105165.148,0.771,60.000
0.046,0.000,0.015,29.865,-15024.797,0.025,60.000
0.048,0.006,0.013,21.936,132223.094,3.708,60.000
0.054,0.001,0.018,21.267,95373.023,1.306,60.000
0.057,0.000,0.017,24.521,-43685.188,-2.146,60.000
0.058,0.000,0.012,24.957,45006.086,1.427,60.000
0.058,0.000,0.010,23.833,6513.898,0.648,60.000
0.044,0.002,0.009,22.061,109835.742,0.501,60.000
0.041,0.001,0.007,20.258,95500.836,0.364,60.000
0.049,0.014,0.013,20.823,153216.125,5.444,60.000
0.045,0.002,0.011,21.978,110349.289,0.623,60.000
0.045,0.000,0.020,20.297,21175.695,-0.328,60.000
0.051,0.000,0.010,31.653,-21773.914,1.674,60.000
0.058,0.001,0.013,24.886,112406.148,-0.241,60.000
0.049,0.001,0.019,22.133,128288.789,1.951,60.000
0.052,0.005,0.012,20.880,97748.742,3.873,60.000
0.053,0.001,0.020,21.458,113525.992,1.940,60.000
0.049,0.003,0.011,22.062,87284.336,2.183,60.000
0.059,0.000,0.016,20.962,90798.617,0.627,60.000
0.048,0.004,0.013,22.482,109515.117,3.180,60.000
0.051,0.014,0.013,22.751,129549.180,4.696,60.000
0.050,0.007,0.011,20.888,161684.500,4.078,60.000
0.050,0.024,0.013,20.250,160354.625,5.708,60.000
0.048,0.001,0.011,27.150,23034.406,0.217,60.000
0.049,0.001,0.008,25.405,95498.461,0.682,60.000
0.050,0.021,0.013,20.712,136347.125,6.027,60.000
0.051,0.013,0.010,20.110,55352.648,5.026,60.000
0.049,0.020,0.011,19.758,117364.273,6.330,60.000
0.098,0.012,0.011,18.912,105588.008,4.979,60.000
0.049,0.006,0.012,22.404,143181.000,4.909,60.000
0.048,0.001,0.011,27.336,35520.961,1.194,60.000
0.049,0.014,0.010,20.560,91212.414,5.423,60.000
0.048,0.015,0.012,21.178,113096.852,5.674,60.000
0.049,0.000,0.011,28.822,21985.438,-0.096,60.000
0.051,0.023,0.014,20.205,124542.195,6.020,60.000
0.050,0.021,0.013,20.040,123755.961,6.363,60.000
0.049,0.018,0.010,19.474,115952.555,6.182,60.000
0.051,0.014,0.014,22.753,147851.250,5.422,60.000
0.043,0.000,0.006,22.165,-3341.047,-0.157,60.000
0.057,0.001,0.015,21.864,104731.211,0.278,60.000
0.042,0.001,0.013,20.707,78122.164,-0.182,60.000
0.050,0.019,0.013,19.893,137176.375,7.068,60.000
0.049,0.004,0.010,23.216,82520.039,1.165,60.000
0.047,0.001,0.013,30.928,21710.219,0.513,60.000
0.056,0.001,0.012,23.602,125250.992,0.819,60.000
0.052,0.008,0.013,20.431,96132.273,3.810,60.000
0.047,0.002,0.007,22.998,93444.586,0.955,60.000
0.057,0.000,0.018,21.291,38346.961,-0.134,60.000
0.050,0.013,0.010,20.339,61282.852,4.934,60.000
0.051,0.003,0.012,23.235,86371.320,3.202,60.000
0.048,0.000,0.022,22.580,95510.664,1.325,60.000
0.045,0.001,0.021,22.057,68579.680,0.385,60.000
0.059,0.001,0.011,23.379,40119.133,-0.332,60.000
0.057,0.000,0.005,18.021,35927.805,-2.140,60.000
0.049,0.009,0.013,20.468,140927.312,5.324,60.000
0.047,0.001,0.006,22.681,89792.227,1.052,60.000
0.049,0.006,0.014,21.111,104941.555,2.948,60.000
0.053,0.001,0.011,29.206,-25213.938,1.267,60.000
0.052,0.009,0.014,19.634,81629.148,3.263,60.000
0.051,0.003,0.013,23.711,85829.680,2.693,60.000
0.057,0.000,0.013,27.542,51328.617,0.123,60.000
0.052,0.001,0.023,21.476,121336.242,1.973,60.000
0.056,0.000,0.010,26.500,45407.523,0.007,60.000
0.049,0.007,0.013,21.360,119118.508,4.127,60.000
0.055,0.001,0.006,23.655,27964.883,-0.500,60.000
0.055,0.000,0.004,24.750,-74391.062,1.239,60.000
0.051,0.011,0.011,19.532,100086.523,3.893,60.000
0.049,0.006,0.012,22.516,128256.008,4.788,60.000
0.046,0.001,0.003,20.866,89967.930,0.925,60.000
0.053,0.001,0.018,27.874,-53990.590,-1.559,60.000
0.051,0.013,0.013,22.480,139090.375,4.594,60.000
0.051,0.021,0.012,19.714,117780.711,5.722,60.000
0.048,0.024,0.013,20.253,156972.938,5.612,60.000
0.055,0.002,0.018,20.948,89965.055,1.121,60.000
0.056,0.001,0.006,23.434,23429.578,-0.692,60.000
0.049,0.001,0.006,23.656,104806.695,0.536,60.000
0.051,0.024,0.013,19.843,150408.094,5.371,60.000
0.050,0.001,0.005,21.190,113224.805,0.314,60.000
0.048,0.000,0.007,27.762,25255.438,1.805,60.000
0.047,0.000,0.006,26.212,1972.484,1.905,60.000
0.098,0.014,0.012,20.079,104081.945,4.904,60.000
0.044,0.001,0.005,21.360,82141.805,0.987,60.000
0.049,0.012,0.012,21.061,119498.633,4.410,60.000
0.043,0.001,0.018,20.121,56122.258,-1.342,60.000
0.049,0.011,0.010,21.381,91443.758,4.222,60.000
0.049,0.005,0.013,22.520,104538.336,3.717,60.000
0.056,0.000,0.019,22.963,-6361.508,-0.597,60.000
0.050,0.006,0.013,22.081,116879.695,4.337,60.000
0.049,0.022,0.012,20.503,152114.000,5.763,60.000
0.058,0.001,0.018,19.822,105775.977,0.106,60.000
0.099,0.011,0.011,19.178,114312.602,4.715,60.000
0.044,0.001,0.009,25.421,98381.211,0.716,60.000
0.052,0.023,0.010,20.146,103515.898,5.766,60.000
0.050,0.021,0.014,20.038,126320.039,6.373,60.000
0.052,0.014,0.012,20.308,109123.555,4.027,60.000
0.052,0.001,0.014,27.318,98603.148,1.698,60.000
0.042,0.001,0.009,23.740,61765.867,-0.407,60.000
0.051,0.022,0.013,20.347,109880.164,6.214,60.000
0.043,0.002,0.011,21.816,103284.133,-0.075,60.000
0.040,0.001,0.016,19.610,69880.930,-1.044,60.000
0.050,0.001,0.005,22.765,103898.805,0.367,60.000
0.058,0.000,0.012,24.213,86633.773,-1.105,60.000
0.049,0.027,0.013,19.645,151183.156,5.239,60.000
0.051,0.020,0.014,20.078,125182.727,7.054,60.000
0.041,0.001,0.012,22.051,67893.398,-0.714,60.000
0.042,0.000,0.013,26.656,-41588.723,-3.809,60.000
0.052,0.010,0.013,20.492,108001.195,3.636,60.000
0.051,0.026,0.014,20.339,173141.281,5.558,60.000
0.099,0.012,0.012,20.256,121687.430,5.042,60.000
0.052,0.023,0.013,20.126,134124.156,5.560,60.000
0.055,0.001,0.015,22.451,94947.695,0.791,60.000
0.049,0.001,0.002,20.231,91513.086,0.283,60.000
0.052,0.001,0.022,20.676,119608.711,1.855,60.000
0.054,0.002,0.007,22.767,96862.883,0.365,60.000
0.050,0.022,0.010,19.727,104020.586,6.060,60.000
0.060,0.001,0.012,20.758,139654.344,-0.390,60.000
0.052,0.014,0.013,22.240,114176.523,4.705,60.000
0.051,0.006,0.010,19.400,135458.438,2.291,60.000
0.051,0.009,0.014,20.042,95704.758,3.247,60.000
0.100,0.012,0.011,17.482,-57817.035,9.941,60.000
0.048,0.002,0.010,23.327,84972.789,1.270,60.000
0.050,0.025,0.012,19.967,165842.188,5.787,60.000
0.056,0.000,0.012,29.073,-87938.617,-1.198,60.000
0.045,0.001,0.012,23.494,108131.148,1.485,60.000
0.051,0.027,0.012,20.598,194190.500,7.062,60.000
0.045,0.001,0.015,20.734,165212.531,1.852,60.000
0.058,0.001,0.017,20.815,102712.789,0.256,60.000
0.043,0.001,0.010,22.628,111422.508,0.174,60.000
0.097,0.011,0.011,18.998,110901.570,4.651,60.000
0.056,0.001,0.020,22.430,9482.398,-1.139,60.000
0.098,0.011,0.013,20.242,130713.258,4.466,60.000
0.048,0.002,0.012,23.342,92002.789,2.512,60.000
0.051,0.010,0.012,20.513,128944.367,4.735,60.000
0.045,0.001,0.020,20.832,95184.758,0.288,60.000
0.049,0.004,0.011,21.871,108343.336,3.064,60.000
0.058,0.001,0.014,24.590,92374.867,-0.322,60.000
0.049,0.024,0.011,21.322,131553.781,6.507,60.000
0.051,0.014,0.014,23.083,146180.094,4.944,60.000
0.049,0.027,0.011,15.293,14022.875,1.195,60.000
0.052,0.007,0.012,20.906,110617.273,4.363,60.000
0.049,0.006,0.014,21.114,104335.586,3.196,60.000
0.001,0.012,0.011,18.614,30428.977,6.909,60.000
0.050,0.019,0.013,19.856,124146.195,6.588,60.000
0.053,0.001,0.011,31.698,-71638.016,0.665,60.000
0.053,0.000,0.004,22.492,35363.320,-0.114,60.000
0.100,0.013,0.013,15.338,85227.711,3.924,60.000
0.048,0.000,0.010,31.534,7716.164,3.093,60.000
0.001,0.014,0.013,19.704,74482.289,5.875,60.000
0.044,0.000,0.012,28.920,-260.297,-1.924,60.000
0.051,0.001,0.004,20.718,116498.852,0.605,60.000
0.052,0.001,0.005,24.140,3841.852,-0.723,60.000
0.047,0.001,0.003,20.408,96290.555,0.768,60.000
0.048,0.000,0.008,26.582,-12963.391,1.392,60.000
0.048,0.003,0.011,22.420,100672.977,1.924,60.000
0.050,0.000,0.002,22.069,-32787.797,-0.659,60.000
0.052,0.018,0.012,19.732,102055.820,6.158,60.000
0.098,0.012,0.011,18.940,111163.180,4.688,60.000
0.051,0.019,0.010,18.454,94879.289,5.591,60.000
0.050,0.015,0.014,21.648,154097.312,5.945,60.000
0.048,0.012,0.011,21.071,112485.102,4.119,60.000
0.048,0.000,0.007,25.943,5094.203,-0.624,60.000
0.049,0.011,0.013,20.506,144336.594,4.300,60.000
0.054,0.001,0.019,21.918,67211.352,0.610,60.000
0.043,0.001,0.009,23.016,115567.336,0.502,60.000
0.043,0.001,0.019,19.187,111350.758,0.376,60.000
0.051,0.001,0.004,20.422,122676.320,0.640,60.000
0.049,0.005,0.011,20.651,140117.875,3.352,60.000
0.003,0.013,0.012,19.778,59008.539,5.864,60.000
0.052,0.010,0.013,20.207,99947.602,4.355,60.000
0.040,0.000,0.010,20.909,-61266.918,-1.216,60.000
0.049,0.021,0.012,20.540,136905.812,5.883,60.000
0.098,0.013,0.011,19.211,104493.852,5.492,60.000
0.050,0.012,0.012,20.669,129417.305,4.128,60.000
0.043,0.001,0.006,23.743,64807.617,0.934,60.000
0.053,0.002,0.018,22.325,93247.445,1.898,60.000
0.047,0.001,0.018,23.551,132279.969,1.018,60.000
0.050,0.018,0.011,19.716,110091.258,6.343,60.000
0.051,0.007,0.014,20.592,88212.742,2.874,60.000
0.050,0.020,0.013,20.336,128009.477,6.283,60.000
0.048,0.009,0.014,20.855,146946.438,4.391,60.000
0.053,0.002,0.011,23.124,56141.008,2.065,60.000
0.058,0.001,0.010,19.736,126942.977,0.280,60.000
0.055,0.002,0.013,22.913,98850.211,1.384,60.000
0.002,0.013,0.013,20.525,80230.352,5.488,60.000
0.051,0.023,0.012,19.785,140240.375,5.565,60.000
0.053,0.000,0.005,22.567,4807.969,-0.152,60.000
0.051,0.002,0.012,23.961,89846.898,3.016,60.000
0.052,0.015,0.012,19.824,105260.773,5.319,60.000
0.050,0.001,0.019,24.256,88976.320,1.535,60.000
0.044,0.000,0.005,22.683,10441.078,-0.361,60.000
0.052,0.013,0.011,19.589,72281.086,4.248,60.000
0.056,0.001,0.004,19.405,130444.039,0.001,60.000
0.098,0.012,0.012,20.352,127662.367,4.876,60.000
0.051,0.004,0.013,21.893,94648.414,3.587,60.000
0.051,0.000,0.015,28.283,14356.930,0.068,60.000
0.051,0.008,0.014,20.188,90496.195,3.431,60.000
0.048,0.008,0.014,20.905,111067.883,3.954,60.000
0.053,0.002,0.009,24.842,61824.180,0.873,60.000
0.048,0.010,0.010,21.715,103840.383,3.531,60.000
0.058,0.000,0.006,25.995,-97210.664,1.384,60.000
0.049,0.001,0.004,20.641,118501.555,0.844,60.000
0.000,0.013,0.011,22.707,-55272.996,6.598,60.000
0.051,0.015,0.010,19.730,93297.852,6.084,60.000
0.046,0.001,0.009,25.778,62322.258,0.108,60.000
0.054,0.000,0.016,25.233,10681.297,-0.478,60.000
0.050,0.019,0.014,20.054,136768.781,7.219,60.000
0.049,0.021,0.013,20.697,146738.250,5.756,60.000
0.059,0.000,0.014,25.455,72815.477,-0.468,60.000
0.051,0.016,0.014,21.304,131492.625,6.249,60.000
0.003,0.012,0.013,20.049,60368.602,5.731,60.000
0.050,0.000,0.001,21.047,7742.156,-1.304,60.000
0.048,0.023,0.013,20.495,159140.344,5.506,60.000
0.053,0.000,0.021,19.584,20908.430,-1.060,60.000
0.048,0.001,0.007,23.440,102006.992,0.826,60.000
0.050,0.007,0.014,21.014,103851.461,3.606,60.000
0.049,0.006,0.013,22.115,135472.125,4.526,60.000
0.051,0.009,0.010,20.647,114160.086,3.122,60.000
0.049,0.021,0.012,20.722,147901.500,5.854,60.000
0.048,0.000,0.002,20.813,36030.320,-0.690,60.000
0.049,0.026,0.013,19.939,181923.812,5.818,60.000
0.048,0.014,0.012,20.818,140300.656,5.328,60.000
0.052,0.003,0.010,23.656,52158.320,2.064,60.000
0.050,0.015,0.014,22.342,161450.344,5.683,60.000
0.054,0.000,0.009,28.114,21941.062,1.626,60.000
0.048,0.000,0.009,28.315,-11336.547,-1.116,60.000
0.046,0.001,0.007,22.333,94337.586,0.869,60.000
0.049,0.018,0.011,20.240,134112.688,6.399,60.000
0.049,0.000,0.018,24.830,11213.117,-0.677,60.000
0.051,0.001,0.005,23.116,79348.320,0.167,60.000
0.052,0.007,0.014,19.495,80317.539,2.594,60.000
0.058,0.001,0.019,19.149,104152.039,0.085,60.000
0.100,0.013,0.012,23.152,51136.070,6.115,60.000
0.048,0.002,0.013,24.195,130693.633,2.857,60.000
0.044,0.001,0.012,25.076,51979.930,-0.525,60.000
0.054,0.001,0.010,23.697,62840.430,1.038,60.000
0.049,0.008,0.012,21.230,162665.531,5.838,60.000
0.052,0.003,0.013,22.663,88264.898,2.365,60.000
0.050,0.004,0.012,21.660,105520.758,3.659,60.000
0.052,0.000,0.022,20.420,24959.312,-0.867,60.000
0.051,0.023,0.012,19.730,136091.594,5.484,60.000
0.041,0.001,0.015,20.710,33465.977,-1.855,60.000
0.049,0.009,0.012,20.777,157500.750,4.961,60.000
0.057,0.002,0.010,21.700,94587.945,0.040,60.000
0.047,0.001,0.005,23.601,70555.492,0.846,60.000
0.050,0.001,0.017,26.975,60304.258,1.158,60.000
0.052,0.001,0.001,21.817,14636.773,-0.597,60.000
0.049,0.003,0.010,23.137,69487.508,1.237,60.000
0.049,0.003,0.012,22.557,111306.695,3.290,60.000
0.045,0.000,0.017,20.981,68780.617,-0.198,60.000
0.049,0.001,0.004,23.020,-21969.250,-0.292,60.000
0.052,0.025,0.012,19.414,152479.688,5.452,60.000
0.050,0.006,0.014,20.347,102071.789,2.696,60.000
0.056,0.002,0.014,22.652,104004.414,0.464,60.000
0.052,0.001,0.015,25.842,100734.930,1.480,60.000
0.051,0.021,0.014,20.091,117468.805,6.283,60.000
0.051,0.003,0.013,22.533,87657.273,3.258,60.000
0.049,0.021,0.014,20.312,134240.938,6.127,60.000
0.058,0.000,0.008,20.314,-18794.820,-1.607,60.000
0.050,0.022,0.010,19.856,106853.820,5.924,60.000
0.048,0.001,0.017,22.500,151410.531,1.694,60.000
0.049,0.019,0.014,19.536,139498.656,7.058,60.000
0.048,0.003,0.011,21.786,93421.320,1.843,60.000
0.048,0.008,0.011,21.504,141534.469,3.173,60.000
0.053,0.000,0.004,19.156,72039.727,-0.767,60.000
0.052,0.020,0.013,20.240,106657.508,6.727,60.000
0.053,0.001,0.013,24.741,88820.992,1.896,60.000
0.048,0.001,0.012,27.163,94618.180,2.478,60.000
0.044,0.001,0.014,27.363,10478.961,-0.840,60.000
0.052,0.001,0.023,21.280,101429.977,1.627,60.000
0.049,0.016,0.012,20.530,129513.383,5.905,60.000
0.047,0.001,0.016,26.372,45156.227,-0.529,60.000
0.002,0.011,0.013,20.180,51263.539,5.949,60.000
0.042,0.001,0.013,19.615,69957.195,-0.554,60.000
0.049,0.003,0.014,22.111,124439.227,2.373,60.000
0.050,0.026,0.010,21.730,122911.805,5.739,60.000
0.047,0.000,0.002,22.382,9019.555,-0.436,60.000
0.048,0.001,0.010,23.942,88317.070,1.452,60.000
0.050,0.015,0.013,20.524,136949.344,5.529,60.000
0.051,0.010,0.010,19.495,105740.617,3.528,60.000
0.051,0.026,0.011,20.055,133815.656,5.955,60.000
0.058,0.001,0.010,20.937,114510.992,0.252,60.000
0.050,0.022,0.012,19.894,126663.023,5.867,60.000
0.050,0.022,0.011,20.052,127597.680,6.162,60.000
0.051,0.025,0.014,19.994,156327.812,5.794,60.000
0.045,0.001,0.015,28.001,-24114.016,-2.080,60.000
0.052,0.025,0.012,19.469,155906.281,5.459,60.000
0.052,0.008,0.011,19.244,138604.094,3.634,60.000
0.052,0.002,0.012,23.943,67879.805,2.751,60.000
0.052,0.002,0.017,23.073,104830.570,2.010,60.000
0.045,0.001,0.015,19.787,159330.500,1.438,60.000
0.048,0.025,0.011,21.954,142607.188,6.943,60.000
0.051,0.016,0.013,21.196,124562.398,6.291,60.000
0.058,0.001,0.019,20.296,109157.305,0.091,60.000
0.060,0.001,0.012,20.370,132729.594,-0.451,60.000
0.054,0.001,0.014,30.063,2715.258,0.072,60.000
0.056,0.001,0.014,23.198,112888.711,0.624,60.000
0.046,0.000,0.021,21.391,42734.180,-0.325,60.000
0.050,0.022,0.010,19.662,109911.023,5.953,60.000
0.052,0.015,0.014,22.457,132804.125,5.116,60.000
0.042,0.001,0.018,19.240,55314.414,-1.351,60.000
0.047,0.001,0.005,21.737,95857.742,0.700,60.000
0.052,0.001,0.016,28.043,-8746.266,-0.312,60.000
0.052,0.011,0.013,20.990,108957.148,3.604,60.000
0.051,0.022,0.012,19.873,133651.031,5.478,60.000
0.052,0.004,0.010,21.945,68724.648,2.616,60.000
0.052,0.018,0.012,19.872,91997.820,6.153,60.000
0.043,0.001,0.015,20.446,108916.836,1.057,60.000
0.051,0.011,0.011,19.107,88718.055,3.793,60.000
0.049,0.001,0.004,23.702,42293.539,0.320,60.000
0.051,0.019,0.010,18.582,92066.820,5.784,60.000
0.052,0.022,0.011,19.585,116358.477,5.572,60.000
0.044,0.000,0.009,24.202,-36374.602,-1.770,60.000
0.051,0.012,0.011,19.957,109744.617,3.656,60.000
0.052,0.001,0.016,23.065,100191.773,1.587,60.000
0.052,0.009,0.011,19.406,109387.023,3.921,60.000
0.050,0.019,0.013,20.155,128109.539,7.057,60.000
0.048,0.007,0.014,21.005,109534.180,3.277,60.000
0.050,0.022,0.011,19.956,123681.336,6.015,60.000
0.048,0.013,0.011,21.083,98243.477,4.907,60.000
0.044,0.001,0.018,18.810,130716.070,0.594,60.000
0.051,0.001,0.016,23.268,125489.648,1.847,60.000
0.055,0.001,0.020,22.415,4088.648,-1.493,60.000
0.051,0.006,0.013,21.280,89807.898,3.406,60.000
0.048,0.018,0.011,20.141,134494.219,6.522,60.000
0.053,0.000,0.016,27.732,40752.008,1.318,60.000
0.055,0.001,0.004,18.874,130726.555,-0.029,60.000
0.055,0.000,0.005,24.282,-2378.664,0.295,60.000
0.060,0.001,0.011,22.203,48185.695,-0.383,60.000
0.051,0.025,0.014,19.970,167711.094,5.763,60.000
0.050,0.025,0.012,19.960,166236.969,5.857,60.000
0.051,0.000,0.009,28.577,-24780.961,0.907,60.000
0.049,0.011,0.010,21.463,82140.742,4.187,60.000
0.044,0.001,0.005,22.284,47994.211,1.139,60.000
0.052,0.017,0.013,20.835,104501.789,6.893,60.000
0.049,0.018,0.010,19.944,124005.227,6.542,60.000
0.040,0.001,0.013,19.263,48611.352,-1.538,60.000
0.050,0.004,0.011,21.662,105234.570,3.279,60.000
0.052,0.001,0.020,21.953,117029.367,1.950,60.000
0.049,0.000,0.018,21.972,62098.914,0.798,60.000
0.052,0.001,0.010,30.378,-80812.258,-0.882,60.000
0.054,0.001,0.006,22.974,95835.414,0.006,60.000
0.048,0.021,0.013,20.793,148519.688,5.486,60.000
0.057,0.001,0.019,19.140,98830.055,0.523,60.000
0.053,0.001,0.018,22.927,101608.852,1.776,60.000
0.048,0.001,0.017,21.823,150665.344,1.662,60.000
0.097,0.012,0.012,19.280,123690.758,4.865,60.000
0.045,0.000,0.022,21.915,-14142.438,0.496,60.000
0.042,0.001,0.009,21.225,103836.477,0.255,60.000
0.050,0.007,0.014,21.029,110492.508,4.122,60.000
0.052,0.000,0.013,32.975,27360.352,0.251,60.000
0.046,0.001,0.017,20.476,153552.719,1.470,60.000
0.040,0.000,0.015,18.133,-32390.367,-1.066,60.000
0.050,0.001,0.018,24.367,66537.383,1.346,60.000
0.055,0.001,0.007,22.357,104489.445,0.206,60.000
0.049,0.013,0.012,21.076,147848.312,4.563,60.000
0.047,0.002,0.010,22.978,91553.148,1.091,60.000
0.052,0.025,0.011,19.890,119200.039,5.583,60.000
0.043,0.001,0.007,21.715,81881.617,0.493,60.000
0.049,0.010,0.013,20.587,143187.469,4.577,60.000
0.047,0.000,0.002,24.152,20249.664,-0.746,60.000
0.047,0.002,0.008,22.957,102152.430,0.899,60.000
0.049,0.001,0.015,23.160,147624.188,1.934,60.000
0.050,0.013,0.011,20.527,97496.758,4.647,60.000
0.041,0.001,0.009,23.803,77378.102,0.488,60.000
0.052,0.000,0.019,20.895,80793.914,0.637,60.000
0.050,0.000,0.015,31.526,18203.195,0.492,60.000
0.055,0.000,0.015,32.491,37220.117,0.092,60.000
0.049,0.012,0.011,20.577,123777.227,4.138,60.000
0.052,0.001,0.007,25.275,89701.867,0.574,60.000
0.048,0.008,0.011,21.556,143188.938,3.326,60.000
0.050,0.013,0.012,20.562,118189.570,4.295,60.000
0.049,0.001,0.018,23.835,134730.938,1.679,60.000
0.052,0.001,0.016,22.965,96929.992,1.481,60.000
0.050,0.011,0.011,20.230,118761.383,4.038,60.000
0.052,0.000,0.007,26.886,-1887.281,-0.019,60.000
0.052,0.000,0.014,31.992,38830.336,0.161,60.000
0.051,0.025,0.010,20.935,111682.914,5.776,60.000
0.052,0.007,0.013,20.802,85471.086,3.548,60.000
0.050,0.022,0.012,19.914,132384.094,5.764,60.000
0.052,0.025,0.011,20.136,110334.039,5.562,60.000
0.048,0.026,0.013,20.578,158921.594,6.258,60.000
0.040,0.001,0.011,22.626,44738.180,-0.666,60.000
0.048,0.010,0.014,21.498,143409.875,4.269,60.000
0.052,0.011,0.014,21.385,113571.680,3.354,60.000
0.047,0.000,0.004,24.656,12956.906,-0.249,60.000
0.052,0.001,0.010,24.546,49818.977,1.267,60.000
0.046,0.000,0.021,19.776,78718.867,0.882,60.000
0.051,0.006,0.012,21.344,119399.195,4.603,60.000
0.051,0.026,0.013,18.966,159649.188,4.671,60.000
0.050,0.000,0.011,28.394,-1959.906,1.195,60.000
0.044,0.000,0.021,21.036,4566.938,-0.938,60.000
0.051,0.001,0.022,22.209,98838.039,1.413,60.000
0.049,0.026,0.014,19.839,180484.531,5.797,60.000
0.049,0.010,0.010,21.735,93626.992,3.678,60.000
0.051,0.001,0.006,24.767,26649.383,-0.420,60.000
0.049,0.015,0.011,20.935,103989.367,5.862,60.000
0.042,0.000,0.006,22.396,-35624.273,-0.912,60.000
0.051,0.025,0.012,19.623,157844.750,5.709,60.000
0.060,0.001,0.008,21.473,129354.852,0.502,60.000
0.048,0.002,0.018,21.699,134300.188,1.778,60.000
0.044,0.000,0.015,29.508,12118.398,-0.401,60.000
0.050,0.003,0.014,21.454,116430.945,2.531,60.000
0.048,0.012,0.012,21.189,139180.219,4.256,60.000
0.052,0.010,0.011,19.469,123062.633,3.830,60.000
0.052,0.007,0.013,20.504,89336.492,3.097,60.000
0.049,0.009,0.011,21.075,144135.062,4.311,60.000
0.052,0.001,0.016,23.207,98818.055,1.461,60.000
0.047,0.001,0.022,21.142,130167.320,1.577,60.000
0.050,0.020,0.013,19.893,127304.883,6.497,60.000
0.053,0.000,0.022,20.258,25084.031,-0.652,60.000
0.042,0.001,0.010,24.498,92573.633,0.236,60.000
0.051,0.001,0.021,22.032,117032.805,2.009,60.000
0.050,0.023,0.013,20.828,148035.375,5.773,60.000
0.054,0.001,0.019,22.051,108371.133,1.566,60.000
0.042,0.001,0.018,18.146,107530.445,-0.206,60.000
0.051,0.018,0.014,20.422,133058.250,7.241,60.000
0.052,0.001,0.018,22.876,107657.102,2.166,60.000
0.050,0.006,0.009,21.189,118326.383,1.793,60.000
0.049,0.007,0.012,22.195,158395.094,5.154,60.000
0.059,0.001,0.008,25.139,29169.414,0.077,60.000
0.048,0.020,0.013,20.513,142824.969,5.843,60.000
0.041,0.001,0.012,22.647,35312.602,-1.572,60.000
0.055,0.000,0.011,29.728,-23346.070,-0.639,60.000
0.048,0.004,0.012,22.044,124015.914,3.167,60.000
0.058,0.001,0.017,21.301,101342.352,0.278,60.000
0.051,0.023,0.011,19.841,130136.320,5.818,60.000
0.050,0.003,0.013,22.727,91902.398,3.404,60.000
0.047,0.001,0.008,23.295,102492.164,0.982,60.000
0.050,0.018,0.012,19.487,120772.320,6.140,60.000
0.048,0.006,0.011,20.765,150024.812,2.270,60.000
0.052,0.016,0.013,21.065,104993.383,5.590,60.000
0.049,0.027,0.014,19.935,184066.312,9.101,60.000
0.046,0.002,0.010,22.616,110228.820,0.946,60.000
0.049,0.013,0.011,21.344,101199.992,4.788,60.000
0.042,0.001,0.012,20.526,87420.508,-0.715,60.000
0.050,0.008,0.014,20.071,102775.211,3.607,60.000
0.051,0.022,0.013,20.595,114532.398,6.131,60.000
0.057,0.001,0.007,21.054,129749.586,-0.115,60.000
0.049,0.025,0.014,19.982,176097.812,5.801,60.000
0.051,0.003,0.014,21.697,109827.961,2.345,60.000
0.049,0.000,0.003,21.640,-19576.344,-0.454,60.000
0.049,0.022,0.013,20.600,148189.469,5.624,60.000
0.051,0.018,0.011,18.959,103869.992,5.902,60.000
0.055,0.000,0.006,20.375,28850.180,-1.199,60.000
0.043,0.001,0.008,23.756,5448.250,-0.442,60.000
0.049,0.016,0.012,20.117,128746.695,6.376,60.000
0.049,0.015,0.014,21.071,152181.406,6.023,60.000
0.049,0.020,0.013,19.628,135434.531,6.550,60.000
0.049,0.018,0.011,19.922,129259.992,6.369,60.000
0.051,0.001,0.005,23.171,73488.555,0.282,60.000
0.047,0.001,0.013,27.902,93037.461,1.789,60.000
0.050,0.022,0.013,20.704,137356.531,5.868,60.000
0.048,0.001,0.018,21.878,147139.938,1.602,60.000
0.059,0.001,0.012,20.517,131638.719,-0.427,60.000
0.052,0.018,0.012,20.253,91899.461,6.282,60.000
0.051,0.001,0.012,26.606,56124.445,2.616,60.000
0.044,0.000,0.009,24.398,29284.930,-1.035,60.000
0.050,0.013,0.010,20.303,62421.617,5.129,60.000
0.002,0.011,0.013,20.863,68636.805,5.619,60.000
0.052,0.003,0.013,23.220,82841.117,2.313,60.000
0.048,0.010,0.011,21.430,123815.367,3.798,60.000
0.048,0.008,0.013,20.914,136945.469,4.485,60.000
0.052,0.008,0.011,18.933,132941.969,3.204,60.000
0.051,0.013,0.014,23.422,149120.656,4.353,60.000
0.098,0.013,0.014,20.207,127756.773,3.817,60.000
0.049,0.006,0.011,20.818,153291.438,3.701,60.000
0.055,0.002,0.009,23.933,69734.133,0.448,60.000
0.046,0.000,0.008,24.760,6229.477,-0.320,60.000
0.048,0.000,0.019,22.032,-11711.086,0.366,60.000
0.051,0.026,0.014,19.551,177324.031,5.648,60.000
0.047,0.000,0.015,28.835,44210.305,1.109,60.000
0.050,0.001,0.015,23.435,134629.844,1.817,60.000
0.052,0.019,0.012,19.070,98700.164,5.755,60.000
0.052,0.025,0.013,19.611,159715.719,5.399,60.000
0.048,0.016,0.011,20.521,128220.805,6.593,60.000
0.047,0.000,0.003,22.092,24808.406,0.920,60.000
0.050,0.021,0.014,19.877,126382.195,6.652,60.000
0.050,0.000,0.002,23.881,-16516.547,-0.381,60.000
0.098,0.011,0.012,19.890,132244.312,4.955,60.000
0.047,0.000,0.007,28.786,-29307.672,1.423,60.000
0.000,0.012,0.012,11.428,62018.742,7.707,60.000
0.056,0.001,0.009,25.465,70717.742,0.366,60.000
0.048,0.025,0.013,20.457,157120.562,6.167,60.000
0.044,0.002,0.011,21.571,108520.992,-0.008,60.000
0.043,0.001,0.017,19.584,122052.664,-0.216,60.000
0.048,0.020,0.013,20.323,141886.625,5.983,60.000
0.045,0.000,0.007,27.405,-84150.461,-2.241,60.000
0.057,0.001,0.014,24.270,113431.102,0.229,60.000
0.052,0.001,0.013,26.567,98359.086,2.510,60.000
0.050,0.011,0.014,22.802,146735.906,3.502,60.000
0.045,0.001,0.013,23.144,121709.758,1.841,60.000
0.052,0.023,0.011,19.679,127408.336,5.473,60.000
0.055,0.000,0.017,25.902,-1016.461,0.360,60.000
0.050,0.009,0.010,19.834,133763.375,3.635,60.000
0.049,0.001,0.005,21.228,112730.164,0.639,60.000
0.050,0.005,0.010,21.001,94529.836,1.597,60.000
0.048,0.019,0.012,20.543,137106.375,5.969,60.000
0.051,0.000,0.002,20.270,-29686.664,-1.448,60.000
0.049,0.010,0.013,20.402,144987.406,4.918,60.000
0.040,0.001,0.010,22.921,7311.805,-0.957,60.000
0.039,0.000,0.012,21.837,-33690.039,-1.683,60.000
0.049,0.005,0.014,21.259,97417.242,2.485,60.000
0.043,0.001,0.008,21.232,97062.461,0.383,60.000
0.050,0.020,0.010,18.661,94827.914,5.874,60.000
0.043,0.001,0.011,23.884,80682.617,-0.371,60.000
0.051,0.001,0.020,22.396,115561.914,2.106,60.000
0.050,0.001,0.020,24.084,63086.039,1.093,60.000
0.051,0.013,0.011,20.004,96215.258,4.354,60.000
0.054,0.001,0.013,30.717,-38142.609,1.169,60.000
0.042,0.001,0.006,21.679,82918.945,1.181,60.000
0.052,0.026,0.012,19.484,159041.438,5.373,60.000
0.053,0.000,0.011,27.301,-26218.352,2.288,60.000
0.054,0.000,0.011,30.320,15265.078,-0.075,60.000
0.041,0.001,0.009,22.987,11079.352,-0.952,60.000
0.049,0.026,0.013,19.904,184208.406,5.819,60.000
0.048,0.018,0.012,20.070,136600.656,6.254,60.000
0.051,0.003,0.010,22.371,66224.164,2.273,60.000
0.059,0.000,0.007,21.280,26951.102,-1.317,60.000
0.040,0.001,0.012,20.070,70124.242,-0.940,60.000
0.046,0.001,0.022,21.096,128662.492,1.661,60.000
0.047,0.001,0.011,29.182,-547.953,-1.074,60.000
0.048,0.000,0.014,29.069,26406.812,0.503,60.000
0.098,0.013,0.011,18.886,95756.023,5.262,60.000
0.043,0.001,0.005,22.672,56987.977,1.222,60.000
0.050,0.001,0.012,25.700,75296.102,2.511,60.000
0.044,0.001,0.015,20.984,127127.086,1.347,60.000
0.047,0.000,0.009,25.187,-6604.117,0.105,60.000
0.052,0.020,0.012,19.780,97541.227,5.813,60.000
0.050,0.003,0.010,22.691,66761.180,1.529,60.000
0.051,0.001,0.002,21.611,-22861.094,-0.959,60.000
0.051,0.017,0.011,19.497,102451.258,6.189,60.000
0.050,0.021,0.012,20.629,132238.562,6.097,60.000
0.048,0.013,0.012,21.341,125499.414,4.533,60.000
0.056,0.000,0.018,22.245,54546.570,1.464,60.000
0.050,0.026,0.014,19.926,174265.625,6.008,60.000
0.048,0.001,0.006,24.998,26977.133,0.115,60.000
0.042,0.001,0.016,21.432,62838.445,-1.667,60.000
0.048,0.000,0.006,26.279,13623.938,2.084,60.000
0.055,0.001,0.002,20.894,86459.164,-0.032,60.000
0.049,0.023,0.014,20.803,153434.812,5.749,60.000
0.044,0.000,0.017,22.668,30069.055,-0.537,60.000
0.047,0.001,0.020,21.914,38771.102,-0.150,60.000
0.050,0.012,0.010,20.377,83163.555,4.435,60.000
0.052,0.023,0.012,19.669,138955.781,5.383,60.000
0.002,0.012,0.013,20.317,68347.305,5.674,60.000
0.054,0.002,0.017,21.664,85725.555,0.857,60.000
0.050,0.015,0.011,20.702,107458.773,6.088,60.000
0.051,0.006,0.012,22.376,105471.305,4.504,60.000
0.045,0.000,0.009,24.924,-32644.461,-0.811,60.000
0.045,0.000,0.021,19.037,64044.102,-1.296,60.000
0.051,0.022,0.012,20.384,146562.156,5.640,60.000
0.047,0.000,0.012,33.416,-18440.734,2.101,60.000
0.051,0.012,0.011,19.671,93572.648,4.044,60.000
0.051,0.009,0.010,19.285,104614.148,3.280,60.000
0.049,0.025,0.012,20.462,145535.406,6.599,60.000
0.049,0.026,0.010,22.244,136953.375,6.198,60.000
0.048,0.015,0.013,20.928,129229.617,5.746,60.000
0.050,0.006,0.010,20.099,150510.000,2.781,60.000
0.051,0.012,0.012,20.116,111771.664,3.658,60.000
0.049,0.000,0.017,26.151,14714.367,-0.371,60.000
0.052,0.000,0.002,22.897,-54303.059,-0.782,60.000
0.053,0.001,0.022,20.727,118798.789,1.840,60.000
0.051,0.007,0.013,21.026,110318.164,4.581,60.000
0.056,0.001,0.020,19.432,106092.195,1.239,60.000
0.059,0.001,0.018,20.053,106799.742,0.011,60.000
0.051,0.027,0.013,22.501,136865.188,6.726,60.000
0.050,0.015,0.011,20.623,89864.836,6.068,60.000
0.049,0.005,0.013,22.289,109413.742,3.608,60.000
0.049,0.010,0.012,20.384,132749.656,4.559,60.000
0.047,0.001,0.006,23.783,88459.164,0.542,60.000
0.052,0.001,0.010,30.505,-50239.594,-0.210,60.000
0.051,0.000,0.011,32.980,127544.117,5.066,60.000
0.001,0.011,0.011,18.584,25883.719,6.977,60.000
0.049,0.003,0.013,22.627,102576.945,2.984,60.000
0.044,0.001,0.017,18.285,129140.617,0.137,60.000
0.052,0.016,0.012,20.422,97712.102,6.050,60.000
0.048,0.000,0.019,22.489,40137.008,0.152,60.000
0.050,0.022,0.010,20.255,113383.102,6.260,60.000
0.050,0.009,0.013,20.739,130976.352,5.496,60.000
0.056,0.000,0.018,19.704,6535.227,0.164,60.000
0.050,0.001,0.020,24.631,59423.430,1.142,60.000
0.048,0.000,0.022,21.553,-88526.672,-3.382,60.000
0.045,0.001,0.005,22.772,82155.195,0.823,60.000
0.048,0.012,0.013,21.105,149332.969,3.894,60.000
0.051,0.003,0.014,21.881,101197.367,2.353,60.000
0.057,0.000,0.006,19.078,10844.336,-2.361,60.000
0.049,0.013,0.014,22.887,163784.781,4.670,60.000
0.049,0.025,0.014,20.150,176217.344,5.857,60.000
0.055,0.000,0.017,24.528,47583.305,-0.437,60.000
0.058,0.000,0.005,20.420,21890.703,-1.194,60.000
0.050,0.020,0.012,20.226,125394.711,5.978,60.000
0.050,0.018,0.010,19.102,104150.648,5.843,60.000
0.051,0.002,0.018,22.474,112465.977,2.140,60.000
0.044,0.001,0.008,23.826,98099.352,0.822,60.000
0.049,0.013,0.011,20.919,112053.352,4.894,60.000
0.056,0.002,0.017,19.918,88635.492,0.175,60.000
0.044,0.001,0.017,20.392,142408.125,0.435,60.000
0.052,0.025,0.011,19.925,129854.383,5.642,60.000
0.051,0.027,0.013,17.474,107606.195,3.072,60.000
0.058,0.001,0.006,20.278,138633.938,-0.174,60.000
0.051,0.023,0.010,20.163,105885.461,6.108,60.000
0.056,0.001,0.004,19.300,133436.969,0.042,60.000
0.052,0.010,0.012,19.951,108330.508,4.319,60.000
0.049,0.000,0.005,23.683,15060.695,0.525,60.000
0.051,0.003,0.011,22.803,72003.664,3.210,60.000
0.049,0.002,0.011,22.877,74588.195,2.221,60.000
0.050,0.016,0.014,21.280,154648.531,6.062,60.000
0.048,0.003,0.012,22.977,114775.539,3.132,60.000
0.050,0.000,0.007,28.847,-20798.188,0.385,60.000
0.057,0.000,0.012,22.774,17370.625,1.440,60.000
0.058,0.001,0.012,19.129,143146.875,-0.004,60.000
0.057,0.001,0.004,20.400,131192.469,0.418,60.000
0.049,0.007,0.012,22.263,151054.469,5.074,60.000
0.060,0.001,0.009,21.009,120418.820,0.138,60.000
0.049,0.008,0.012,21.762,170929.312,5.712,60.000
0.044,0.001,0.016,21.941,68778.930,-1.132,60.000
0.050,0.022,0.011,19.910,120543.633,6.280,60.000
0.046,0.001,0.015,22.916,160195.000,2.068,60.000
0.048,0.022,0.012,20.381,139172.938,5.915,60.000
0.050,0.005,0.013,22.079,97829.148,3.720,60.000
0.055,0.001,0.006,21.830,111933.602,-0.092,60.000
0.048,0.002,0.013,23.947,115084.883,2.750,60.000
0.056,0.000,0.015,26.781,55099.461,0.131,60.000
0.050,0.010,0.013,20.171,122973.727,4.922,60.000
0.049,0.010,0.014,21.712,134292.875,3.933,60.000
0.051,0.001,0.020,22.374,117864.398,2.013,60.000
0.049,0.008,0.014,20.493,125784.570,4.801,60.000
0.059,0.001,0.012,24.081,65499.195,-0.504,60.000
0.052,0.017,0.011,19.404,92858.617,5.997,60.000
0.050,0.019,0.010,19.025,105676.227,5.860,60.000
0.049,0.020,0.014,19.572,132948.250,6.419,60.000
0.054,0.001,0.012,25.362,72088.117,1.816,60.000
0.048,0.018,0.012,20.158,133364.594,6.209,60.000
0.099,0.012,0.011,19.103,106448.164,4.785,60.000
0.050,0.014,0.011,20.957,102130.273,5.561,60.000
0.050,0.015,0.012,20.601,133030.750,5.640,60.000
0.051,0.014,0.014,23.318,142360.156,4.681,60.000
0.048,0.020,0.014,19.484,133128.969,6.133,60.000
0.047,0.000,0.009,26.310,-17954.250,0.428,60.000
0.052,0.018,0.013,20.719,99437.852,6.761,60.000
0.049,0.009,0.011,21.003,134706.156,4.017,60.000
0.049,0.022,0.011,20.639,132665.188,6.725,60.000
0.051,0.011,0.011,19.558,113845.523,3.782,60.000
0.047,0.002,0.011,23.196,105679.102,1.450,60.000
0.051,0.021,0.012,20.480,127879.352,5.891,60.000
0.050,0.014,0.013,21.974,163631.875,5.007,60.000
0.042,0.000,0.015,23.251,21274.039,-2.064,60.000
0.042,0.001,0.007,19.999,84942.914,0.274,60.000
0.048,0.000,0.019,21.587,23155.875,0.969,60.000
0.051,0.011,0.012,20.286,114466.305,4.158,60.000
0.055,0.002,0.011,21.295,77869.758,1.105,60.000
0.041,0.000,0.012,24.837,-72483.102,0.616,60.000
0.050,0.014,0.011,20.655,76227.086,5.428,60.000
0.048,0.000,0.004,24.117,-55168.445,-0.556,60.000
0.048,0.000,0.018,24.412,47808.211,0.035,60.000
0.039,0.001,0.012,19.316,54866.195,-1.190,60.000
0.048,0.023,0.012,20.503,150934.000,5.764,60.000
0.051,0.004,0.012,22.043,93823.414,3.642,60.000
0.044,0.001,0.013,27.930,4961.852,-0.946,60.000
0.041,0.001,0.009,21.054,91894.695,0.016,60.000
0.052,0.007,0.012,21.554,122993.273,4.940,60.000
0.052,0.001,0.005,22.396,104063.289,0.306,60.000
0.052,0.002,0.005,21.310,116298.133,0.439,60.000
0.041,0.001,0.016,20.967,52793.055,-2.174,60.000
0.053,0.000,0.007,24.515,42086.055,0.670,60.000
0.044,0.001,0.009,25.381,79229.852,0.264,60.000
0.058,0.001,0.014,25.958,27764.836,-1.578,60.000
0.049,0.010,0.014,21.286,136338.812,4.368,60.000
0.043,0.000,0.018,19.486,39886.227,-1.237,60.000
0.050,0.003,0.009,24.188,68104.586,1.208,60.000
0.050,0.003,0.014,21.625,112028.773,2.423,60.000
0.053,0.001,0.010,24.564,53457.805,1.569,60.000
0.047,0.000,0.012,34.127,-9616.078,1.007,60.000
0.048,0.008,0.011,21.799,135543.938,3.638,60.000
0.049,0.021,0.013,20.791,137483.062,6.145,60.000
0.052,0.007,0.011,19.496,147956.938,3.629,60.000
0.052,0.012,0.011,19.494,96333.086,3.523,60.000
0.048,0.006,0.014,21.329,101032.492,2.558,60.000
0.050,0.001,0.007,24.391,104965.633,0.707,60.000
0.051,0.025,0.013,19.534,163908.719,5.424,60.000
0.044,0.000,0.005,20.894,-26678.961,-0.272,60.000
0.050,0.024,0.010,20.980,117732.383,5.760,60.000
0.050,0.002,0.010,23.839,54524.570,1.345,60.000
0.002,0.010,0.013,20.638,59414.336,5.609,60.000
0.049,0.006,0.014,20.764,101143.664,2.692,60.000
0.051,0.006,0.011,19.748,141502.344,3.242,60.000
0.052,0.001,0.022,21.408,51718.148,0.677,60.000
0.048,0.003,0.012,23.288,111972.117,3.011,60.000
0.044,0.000,0.007,25.508,-56719.375,0.225,60.000
0.059,0.000,0.013,25.898,20596.992,-0.909,60.000
0.041,0.000,0.016,26.418,9292.797,1.230,60.000
0.098,0.012,0.014,20.265,131140.125,3.855,60.000
0.049,0.009,0.011,21.318,144216.562,3.988,60.000
0.051,0.011,0.014,21.656,115465.727,3.541,60.000
0.059,0.001,0.013,24.115,65565.977,-0.650,60.000
0.055,0.002,0.010,22.497,71644.227,0.805,60.000
0.049,0.002,0.010,24.111,68833.117,1.172,60.000
0.060,0.001,0.008,22.340,116752.883,0.331,60.000
0.055,0.002,0.009,22.862,82265.055,0.260,60.000
0.054,0.001,0.005,23.617,-11096.367,-0.859,60.000
0.052,0.004,0.013,20.838,84146.258,2.722,60.000
0.051,0.027,0.014,19.710,52408.820,4.045,60.000
0.100,0.012,0.011,13.490,88954.055,5.106,60.000
0.050,0.026,0.014,19.937,172992.219,5.834,60.000
0.050,0.001,0.020,22.936,125359.102,1.944,60.000
0.050,0.000,0.015,29.495,44560.445,0.552,60.000
0.050,0.007,0.013,21.155,121430.820,4.424,60.000
0.051,0.009,0.014,19.894,95887.039,3.555,60.000
0.042,0.001,0.011,24.280,69744.945,-0.693,60.000
0.051,0.018,0.012,19.510,116596.398,6.301,60.000
0.050,0.009,0.014,20.042,107386.789,3.860,60.000
0.048,0.002,0.013,23.365,128634.664,2.913,60.000
0.057,0.001,0.009,22.807,96294.977,0.229,60.000
0.048,0.004,0.012,22.236,120897.211,3.387,60.000
0.051,0.009,0.011,20.250,128738.305,4.525,60.000
0.046,0.000,0.010,32.416,-17064.914,2.163,60.000
0.043,0.002,0.013,21.058,99477.711,0.845,60.000
0.060,0.001,0.010,18.711,123426.914,0.065,60.000
0.043,0.001,0.006,23.375,-10635.180,0.341,60.000
0.047,0.001,0.018,23.540,35174.945,-0.679,60.000
0.051,0.027,0.013,19.145,126728.477,3.986,60.000
0.058,0.001,0.014,25.822,33915.617,-1.239,60.000
0.056,0.000,0.007,24.395,6976.359,0.760,60.000
0.051,0.001,0.009,26.276,60751.336,1.018,60.000
0.055,0.000,0.011,28.654,-22220.312,0.921,60.000
0.043,0.000,0.015,24.980,-2117.211,-1.030,60.000
0.052,0.022,0.012,20.001,130450.523,5.538,60.000
0.052,0.023,0.013,20.383,133696.688,5.845,60.000
0.051,0.012,0.014,22.294,128857.242,3.744,60.000
0.050,0.014,0.013,22.354,154072.438,5.052,60.000
0.052,0.001,0.010,24.605,47751.586,1.149,60.000
0.042,0.001,0.005,22.493,66070.555,1.807,60.000
0.047,0.001,0.016,21.172,161924.500,1.803,60.000
0.045,0.001,0.017,21.340,152215.656,1.280,60.000
0.052,0.007,0.010,18.737,127882.273,2.011,60.000
0.049,0.010,0.013,20.640,151520.719,4.582,60.000
0.060,0.000,0.013,23.078,198022.625,0.070,60.000
0.053,0.000,0.011,32.601,2278.734,0.714,60.000
0.041,0.000,0.014,21.415,871.969,-2.968,60.000
0.048,0.002,0.017,21.456,148534.188,1.653,60.000
0.051,0.017,0.012,20.144,109785.727,6.654,60.000
0.050,0.020,0.014,19.909,128321.633,6.836,60.000
0.056,0.000,0.017,25.600,-10469.211,0.101,60.000
0.050,0.026,0.011,21.019,133969.750,6.446,60.000
0.045,0.000,0.021,21.264,11399.992,-0.639,60.000
0.051,0.001,0.014,31.256,-876.703,0.598,60.000
0.048,0.014,0.012,21.360,112730.227,5.442,60.000
0.051,0.000,0.002,21.048,-65806.734,-1.108,60.000
0.002,0.011,0.011,18.976,31045.336,6.595,60.000
0.051,0.000,0.010,28.675,-48089.289,-0.014,60.000
0.049,0.006,0.013,21.809,127625.758,3.964,60.000
0.099,0.011,0.012,20.341,133192.406,5.014,60.000
0.056,0.000,0.012,26.484,-17355.859,1.932,60.000
0.041,0.001,0.016,19.586,80343.945,-0.634,60.000
0.050,0.014,0.010,20.067,78885.414,5.666,60.000
0.053,0.001,0.020,23.274,63460.195,0.907,60.000
0.050,0.020,0.011,20.015,117517.383,6.174,60.000
0.048,0.015,0.012,21.004,122532.477,5.718,60.000
0.051,0.001,0.012,30.729,-64201.133,0.871,60.000
0.002,0.012,0.011,18.321,37424.586,6.747,60.000
0.058,0.001,0.019,18.838,103687.367,0.274,60.000
0.051,0.009,0.013,20.253,115011.805,5.003,60.000
0.098,0.012,0.013,20.619,127136.211,4.210,60.000
0.040,0.001,0.017,19.766,83209.320,-0.319,60.000
0.053,0.000,0.009,25.813,-12347.898,0.124,60.000
0.048,0.000,0.001,19.979,71196.227,-0.425,60.000
0.052,0.024,0.011,19.782,126230.242,5.542,60.000
0.049,0.019,0.012,20.297,133856.750,6.359,60.000
0.053,0.002,0.010,24.087,54713.148,0.815,60.000
0.057,0.001,0.015,25.389,17959.773,-1.673,60.000
0.048,0.012,0.013,21.089,146942.625,3.965,60.000
0.049,0.008,0.009,21.375,132915.031,2.227,60.000
0.050,0.000,0.004,24.992,-106202.094,-1.727,60.000
0.053,0.001,0.008,24.532,91842.133,0.544,60.000
-0.000,0.013,0.011,14.781,43568.742,7.354,60.000
0.049,0.000,0.004,23.092,-37280.445,-0.505,60.000
0.045,0.000,0.020,20.699,38020.570,0.014,60.000
0.050,0.002,0.015,22.977,124340.695,1.815,60.000
0.051,0.020,0.013,20.140,123152.867,6.682,60.000
0.050,0.017,0.010,19.591,106888.383,6.046,60.000
0.050,0.014,0.013,20.939,146953.844,5.239,60.000
0.055,0.002,0.015,22.390,90319.211,0.632,60.000
0.052,0.011,0.011,18.669,99015.430,3.302,60.000
0.045,0.001,0.004,21.492,85664.133,0.837,60.000
0.048,0.003,0.012,22.398,120672.992,3.101,60.000
0.051,0.007,0.014,20.242,84380.242,2.680,60.000
0.049,0.008,0.011,21.888,156738.875,4.069,60.000
0.052,0.009,0.013,19.992,91533.820,3.980,60.000
0.052,0.016,0.011,19.647,97937.477,6.093,60.000
0.052,0.020,0.010,18.563,93297.977,5.509,60.000
0.048,0.001,0.005,22.961,48767.742,0.530,60.000
0.056,0.001,0.009,24.562,76224.414,0.041,60.000
0.041,0.001,0.010,23.017,73695.773,0.298,60.000
0.049,0.003,0.011,22.729,80500.492,2.226,60.000
0.050,0.008,0.014,20.090,102346.633,3.592,60.000
0.050,0.013,0.014,22.929,152181.250,4.176,60.000
0.048,0.013,0.011,21.164,115748.008,4.653,60.000
0.057,0.000,0.018,24.278,47703.117,3.853,60.000
0.052,0.001,0.017,23.818,109673.867,1.937,60.000
0.048,0.008,0.012,21.571,165310.906,4.970,60.000
0.046,0.000,0.009,25.487,28995.414,-0.198,60.000
0.052,0.000,0.009,30.621,-35162.109,-0.011,60.000
0.052,0.014,0.012,20.180,107871.305,4.248,60.000
0.049,0.005,0.014,21.805,98896.320,2.822,60.000
0.002,0.013,0.011,17.958,44141.508,6.762,60.000
0.050,0.001,0.015,25.721,128523.461,1.549,60.000
0.054,0.002,0.017,21.348,83331.977,0.975,60.000
0.051,0.026,0.012,19.610,162089.688,5.552,60.000
0.048,0.001,0.006,22.874,100912.414,0.893,60.000
0.052,0.004,0.012,21.404,92588.617,3.682,60.000
0.052,0.010,0.012,19.393,96123.352,3.963,60.000
0.048,0.000,0.012,30.189,-982.930,-1.130,60.000
0.049,0.013,0.011,20.956,99362.367,4.719,60.000
0.056,0.001,0.014,22.860,105414.117,0.660,60.000
0.049,0.001,0.007,25.311,99033.586,0.700,60.000
0.050,0.001,0.020,24.428,41314.539,0.815,60.000
0.059,0.001,0.006,21.902,94776.195,0.040,60.000
0.051,0.000,0.022,20.522,65760.898,0.598,60.000
0.099,0.013,0.013,22.833,81182.867,3.807,60.000
0.042,0.000,0.017,20.183,-16546.781,-1.219,60.000
0.049,0.000,0.014,29.693,31036.258,0.308,60.000
0.051,0.009,0.010,20.100,109728.836,3.333,60.000
0.048,0.016,0.014,20.311,142222.000,6.201,60.000
0.051,0.005,0.012,21.853,102741.836,4.153,60.000
0.052,0.003,0.012,23.204,78355.617,3.139,60.000
0.059,0.001,0.012,24.968,57264.367,-0.520,60.000
0.053,0.000,0.015,32.121,-30202.070,1.167,60.000
0.048,0.001,0.004,22.240,100538.945,0.718,60.000
0.054,0.001,0.004,19.530,129158.742,0.227,60.000
0.052,0.000,0.011,32.734,-5340.836,1.154,60.000
0.050,0.016,0.011,20.118,107763.773,6.515,60.000
0.052,0.021,0.013,20.135,100418.945,6.033,60.000
0.047,0.001,0.005,22.940,85471.883,0.751,60.000
0.049,0.005,0.012,21.977,124449.883,3.911,60.000
0.051,0.005,0.014,19.864,99039.742,2.387,60.000
0.049,0.025,0.014,20.168,171795.688,5.721,60.000
0.056,0.000,0.013,30.378,-15293.078,0.142,60.000
0.051,0.003,0.010,23.444,63380.148,1.258,60.000
0.051,0.006,0.012,22.388,124282.445,5.142,60.000
0.050,0.000,0.017,28.596,29395.008,-1.524,60.000
0.050,0.015,0.014,21.626,149646.938,5.978,60.000
0.051,0.021,0.012,19.795,121117.414,5.711,60.000
0.048,0.001,0.014,28.578,108422.523,1.783,60.000
0.048,0.026,0.012,20.904,149183.156,6.841,60.000
0.050,0.014,0.011,20.779,76636.914,5.144,60.000
0.043,0.001,0.009,24.532,58986.648,-0.000,60.000
0.052,0.002,0.014,23.996,84175.570,1.447,60.000
0.051,0.026,0.011,20.075,136713.625,6.217,60.000
0.052,0.005,0.012,20.623,95589.680,3.718,60.000
0.048,0.001,0.019,21.476,138380.062,1.690,60.000
0.052,0.002,0.013,24.050,91313.695,2.734,60.000
0.051,0.027,0.010,23.418,196199.469,7.954,60.000
0.051,0.014,0.010,19.779,61476.273,5.369,60.000
0.052,0.002,0.009,24.585,77648.133,0.394,60.000
0.052,0.001,0.021,21.604,114997.461,1.838,60.000
0.049,0.026,0.010,21.954,133199.781,6.189,60.000
0.057,0.000,0.010,25.292,-12991.742,0.362,60.000
0.055,0.001,0.017,23.230,51445.789,-0.285,60.000
0.052,0.001,0.019,21.935,106844.523,2.006,60.000
0.050,0.013,0.012,21.353,138264.250,4.439,60.000
0.044,0.001,0.008,22.467,98111.867,0.784,60.000
0.055,0.001,0.006,22.993,103718.461,0.039,60.000
0.049,0.007,0.014,20.626,106050.945,3.236,60.000
0.098,0.011,0.011,19.164,121607.617,4.680,60.000
0.043,0.000,0.010,24.415,15580.031,-1.444,60.000
0.050,0.000,0.022,19.424,57092.570,-0.301,60.000
0.050,0.022,0.014,20.441,127040.289,6.064,60.000
0.051,0.003,0.011,23.098,56090.398,2.848,60.000
0.058,0.001,0.007,24.038,-5543.711,-0.310,60.000
0.048,0.007,0.011,21.820,152218.469,3.386,60.000
0.046,0.001,0.009,24.285,105067.633,0.548,60.000
0.041,0.000,0.012,22.464,-10927.789,-3.334,60.000
0.049,0.001,0.004,20.421,115641.867,0.866,60.000
0.049,0.000,0.005,23.531,17511.531,0.068,60.000
0.050,0.021,0.013,20.577,132949.188,6.177,60.000
0.098,0.012,0.013,20.566,126446.898,4.086,60.000
0.049,0.000,0.012,34.244,23875.539,1.392,60.000
0.049,0.007,0.011,21.812,165661.594,4.670,60.000
0.051,0.003,0.013,23.698,88922.164,2.891,60.000
0.051,0.009,0.014,19.848,95654.414,3.731,60.000
0.045,0.000,0.019,22.637,-36408.133,-1.875,60.000
0.040,0.001,0.014,18.879,49232.305,-1.342,60.000
0.042,0.001,0.019,19.494,117264.914,0.512,60.000
0.048,0.013,0.010,21.201,86516.617,4.596,60.000
0.054,0.001,0.021,20.713,92451.445,1.270,60.000
0.050,0.024,0.014,20.455,153446.844,5.874,60.000
0.049,0.012,0.012,20.740,147752.750,4.170,60.000
0.051,0.006,0.013,20.860,89678.180,3.054,60.000
0.059,0.000,0.008,21.792,21327.906,-1.284,60.000
0.049,0.006,0.011,21.563,160125.844,4.485,60.000
0.052,0.000,0.019,21.759,19531.180,0.450,60.000
0.052,0.014,0.013,22.135,113568.664,4.583,60.000
0.051,0.006,0.014,20.725,93959.977,2.998,60.000
0.049,0.006,0.014,21.006,99758.930,2.710,60.000
0.049,0.021,0.011,20.043,118743.555,6.592,60.000
0.053,0.001,0.015,24.119,103301.039,1.348,60.000
0.048,0.025,0.012,20.698,147275.281,6.725,60.000
0.052,0.020,0.013,20.290,98800.352,6.292,60.000
0.053,0.000,0.019,21.378,25801.812,1.559,60.000
0.049,0.022,0.013,20.808,151306.594,5.682,60.000
0.048,0.001,0.017,21.747,149302.594,1.652,60.000
0.051,0.007,0.011,21.173,152715.812,5.061,60.000
0.051,0.026,0.014,19.770,164694.438,5.645,60.000
0.047,0.001,0.014,23.684,158026.031,2.358,60.000
0.049,0.000,0.020,20.916,112621.039,3.099,60.000
0.060,0.000,0.012,21.438,57668.602,1.813,60.000
0.052,0.000,0.009,29.605,-35596.352,-0.522,60.000
0.048,0.001,0.021,21.681,66132.148,0.790,60.000
0.049,0.016,0.014,20.868,150782.344,6.071,60.000
0.049,0.001,0.009,28.027,30362.117,-0.342,60.000
0.002,0.013,0.011,18.518,43958.555,6.558,60.000
0.050,0.016,0.014,20.921,146762.125,6.326,60.000
0.048,0.010,0.011,21.498,121746.633,3.915,60.000
0.058,0.001,0.013,25.005,46281.711,-0.247,60.000
0.055,0.001,0.011,24.298,50170.758,1.291,60.000
0.052,0.000,0.022,19.249,-21802.766,-1.522,60.000
0.048,0.005,0.011,20.669,139837.656,1.931,60.000
0.052,0.022,0.012,19.871,119459.039,5.473,60.000
0.050,0.001,0.004,21.433,113778.742,0.547,60.000
0.050,0.006,0.012,21.870,124082.664,4.771,60.000
0.050,0.001,0.022,22.362,75303.711,1.036,60.000
0.060,0.001,0.009,22.641,36643.555,-0.130,60.000
0.052,0.001,0.004,19.293,125354.430,0.467,60.000
0.049,0.008,0.013,21.124,142762.156,4.952,60.000
0.050,0.026,0.013,19.856,182397.938,5.687,60.000
0.051,0.011,0.013,20.543,110996.273,4.212,60.000
0.044,0.000,0.012,27.229,-10920.812,-2.247,60.000
0.051,0.011,0.013,20.548,117774.695,4.282,60.000
0.052,0.002,0.008,24.494,89683.211,0.705,60.000
0.055,0.002,0.013,23.106,98729.711,1.216,60.000
0.054,0.000,0.006,23.760,-9402.125,0.569,60.000
0.051,0.027,0.012,20.879,127658.539,5.129,60.000
0.045,0.000,0.017,20.235,63213.945,0.400,60.000
0.051,0.002,0.010,24.422,49442.398,1.583,60.000
0.050,0.001,0.021,23.254,71180.242,1.073,60.000
0.052,0.006,0.014,19.361,85014.992,2.065,60.000
0.049,0.009,0.011,21.211,154411.094,4.667,60.000
0.054,0.002,0.016,22.095,87548.227,0.804,60.000
0.051,0.002,0.007,23.933,91512.195,0.616,60.000
0.051,0.007,0.012,21.585,134391.312,5.204,60.000
0.059,0.001,0.014,23.419,119114.445,0.060,60.000
0.048,0.026,0.013,20.473,171387.219,5.984,60.000
0.049,0.007,0.014,20.870,108970.852,3.406,60.000
0.051,0.008,0.015,19.789,90460.883,2.913,60.000
0.042,0.000,0.017,20.748,27567.070,-1.487,60.000
0.048,0.019,0.012,20.424,136628.406,6.020,60.000
0.049,0.005,0.010,21.223,113711.195,2.063,60.000
0.049,0.008,0.011,21.216,141259.781,3.737,60.000
0.056,0.000,0.018,21.256,70286.320,1.648,60.000
0.050,0.023,0.013,20.874,151178.094,5.808,60.000
0.049,0.002,0.006,22.811,101926.883,0.746,60.000
0.053,0.000,0.019,21.682,39503.805,0.072,60.000
0.055,0.001,0.015,28.645,-8604.414,0.148,60.000
0.047,0.000,0.020,20.879,56036.586,0.636,60.000
0.050,0.002,0.006,21.949,108270.680,0.410,60.000
0.052,0.001,0.015,26.163,54139.461,0.776,60.000
0.059,0.000,0.017,22.679,78211.508,2.469,60.000
0.051,0.026,0.011,20.200,129929.492,5.929,60.000
0.058,0.001,0.016,22.685,90842.445,-0.294,60.000
0.051,0.001,0.011,25.712,44106.961,2.272,60.000
0.059,0.001,0.010,20.565,118788.539,0.243,60.000
0.098,0.010,0.012,20.029,133869.562,4.929,60.000
0.048,0.007,0.012,22.071,152784.344,4.375,60.000
0.044,0.002,0.011,21.542,109127.336,0.002,60.000
0.049,0.007,0.011,21.180,164161.281,3.571,60.000
0.048,0.001,0.018,22.807,133759.062,1.624,60.000
0.042,0.001,0.018,19.993,32763.492,-2.138,60.000
0.046,0.001,0.018,22.803,28907.289,-0.749,60.000
0.046,0.000,0.008,27.898,-28585.656,1.132,60.000
0.042,0.001,0.009,21.872,106927.617,0.306,60.000
0.044,0.001,0.010,22.689,114973.945,0.347,60.000
0.044,0.000,0.012,30.078,-46119.121,1.700,60.000
0.050,0.019,0.011,19.773,120908.930,6.353,60.000
0.049,0.020,0.014,19.518,135609.281,6.623,60.000
0.049,0.003,0.013,22.534,104504.398,2.749,60.000
0.049,0.019,0.011,20.090,122485.836,6.208,60.000
0.051,0.020,0.013,20.173,119282.930,6.736,60.000
0.046,0.002,0.011,22.284,108768.680,0.952,60.000
0.051,0.024,0.013,20.008,154164.625,5.440,60.000
0.050,0.024,0.010,21.017,118591.492,5.997,60.000
0.041,0.000,0.006,23.277,31089.258,-0.238,60.000
0.054,0.000,0.007,25.224,-10580.312,0.254,60.000
0.057,0.000,0.019,17.823,-36754.484,-0.327,60.000
0.048,0.013,0.012,21.154,140839.031,4.529,60.000
0.049,0.000,0.018,25.058,-47065.328,-2.397,60.000
0.049,0.015,0.012,20.856,132229.938,5.638,60.000
0.054,0.000,0.011,31.357,17934.406,0.931,60.000
0.054,0.000,0.011,25.053,1189.398,2.772,60.000
0.052,0.001,0.006,22.786,111486.336,0.620,60.000
0.051,0.021,0.011,19.431,112768.430,5.712,60.000
0.050,0.019,0.013,19.960,123176.180,6.731,60.000
0.043,0.001,0.010,26.038,12743.922,-1.215,60.000
0.045,0.000,0.015,26.938,49715.477,0.284,60.000
0.049,0.016,0.010,19.917,108782.898,5.978,60.000
0.047,0.001,0.021,21.298,130525.977,1.307,60.000
0.054,0.000,0.012,32.481,37449.914,0.972,60.000
0.049,0.016,0.012,20.031,127959.633,6.330,60.000
0.050,0.009,0.011,20.639,138525.062,4.079,60.000
0.051,0.015,0.010,20.016,90585.742,6.063,60.000
0.049,0.000,0.008,27.501,-52107.359,-0.530,60.000
0.051,0.001,0.018,22.717,107939.570,2.189,60.000
0.052,0.023,0.011,19.823,119414.539,5.543,60.000
0.054,0.000,0.021,22.435,-46154.863,-2.424,60.000
0.051,0.026,0.013,19.635,172345.812,5.638,60.000
0.058,0.001,0.014,22.188,121184.992,-0.093,60.000
0.052,0.013,0.011,20.123,84128.070,4.262,60.000
0.051,0.000,0.005,24.535,3287.625,-0.068,60.000
0.052,0.000,0.007,25.875,-21010.227,-0.251,60.000
0.058,0.000,0.006,25.484,-86711.914,1.331,60.000
0.054,0.001,0.021,20.336,106865.867,1.767,60.000
0.051,0.025,0.012,19.692,159602.750,5.477,60.000
0.050,0.023,0.014,20.492,140211.594,5.938,60.000
0.055,0.002,0.012,22.008,84393.977,1.751,60.000
0.054,0.001,0.015,23.014,94549.383,0.886,60.000
0.051,0.008,0.013,21.127,127936.117,5.506,60.000
0.051,0.026,0.014,19.844,167403.312,5.721,60.000
0.046,0.001,0.007,22.392,94947.820,0.841,60.000
0.050,0.000,0.016,28.273,55824.820,1.162,60.000
0.052,0.011,0.011,19.099,95538.680,3.214,60.000
0.044,0.000,0.018,22.059,92530.633,1.376,60.000
0.049,0.008,0.011,21.422,141171.688,3.776,60.000
0.049,0.001,0.005,21.276,114572.258,0.676,60.000
0.052,0.001,0.011,26.830,37031.117,2.094,60.000
0.052,0.002,0.006,21.119,112021.664,0.161,60.000
0.049,0.012,0.013,21.421,148528.531,4.060,60.000
0.048,0.000,0.020,19.076,53144.305,-1.598,60.000
0.046,0.001,0.017,19.970,158929.156,1.482,60.000
0.048,0.006,0.012,21.720,146142.250,4.162,60.000
0.058,0.001,0.014,25.135,91758.414,-0.657,60.000
0.052,0.002,0.017,22.935,97704.945,1.646,60.000
0.049,0.006,0.010,21.115,118226.758,1.944,60.000
0.052,0.002,0.012,23.913,92597.055,2.836,60.000
0.049,0.025,0.012,20.093,161603.156,5.878,60.000
0.097,0.012,0.012,19.583,119632.586,4.841,60.000
0.059,0.000,0.014,24.099,73333.383,-0.766,60.000
0.051,0.000,0.011,28.410,-8901.805,0.950,60.000
0.055,0.000,0.020,22.491,22416.305,-0.420,60.000
0.053,0.000,0.004,19.694,43007.695,-1.039,60.000
0.052,0.009,0.011,19.046,111790.617,3.542,60.000
0.052,0.005,0.013,19.284,88312.164,2.167,60.000
0.053,0.000,0.018,28.367,8090.617,-0.825,60.000
0.002,0.010,0.011,18.995,26714.219,6.924,60.000
0.053,0.001,0.010,24.550,56565.742,1.295,60.000
0.050,0.014,0.010,20.655,72066.836,5.188,60.000
0.052,0.005,0.014,19.029,92961.227,2.154,60.000
0.054,0.001,0.021,20.149,112268.742,1.755,60.000
0.049,0.013,0.010,20.755,72977.852,5.069,60.000
0.050,0.019,0.014,20.019,136944.094,7.275,60.000
0.050,0.026,0.013,19.058,152819.281,5.024,60.000
0.048,0.000,0.006,23.220,-14318.422,-0.110,60.000
0.049,0.001,0.004,20.604,115967.961,0.832,60.000
0.057,0.001,0.020,19.421,100016.898,0.672,60.000
0.051,0.012,0.012,20.190,112674.430,3.636,60.000
0.050,0.005,0.013,21.640,99003.477,3.359,60.000
0.002,0.010,0.012,20.158,45356.945,6.201,60.000
0.052,0.019,0.013,20.592,94936.805,6.635,60.000
0.050,0.021,0.012,20.147,128034.086,5.903,60.000
0.044,0.002,0.010,21.685,102092.273,0.149,60.000
0.047,0.001,0.013,30.814,11644.453,0.382,60.000
0.049,0.001,0.013,27.583,98495.883,2.520,60.000
0.056,0.000,0.019,23.408,-20580.711,-2.098,60.000
0.056,0.001,0.018,20.695,97819.898,0.446,60.000
0.048,0.023,0.012,20.324,146494.219,5.658,60.000
0.050,0.012,0.012,20.718,134812.438,4.198,60.000
0.049,0.013,0.012,21.013,134408.719,4.541,60.000
0.052,0.001,0.006,21.960,113606.602,0.470,60.000
0.042,0.001,0.014,20.043,63044.055,-0.252,60.000
0.050,0.021,0.011,19.669,115673.977,6.180,60.000
0.059,0.001,0.015,22.889,118881.117,-0.395,60.000
0.048,0.006,0.013,21.663,117912.289,3.224,60.000
0.043,0.001,0.013,21.065,95709.195,0.581,60.000
0.048,0.019,0.012,20.531,137303.156,6.024,60.000
0.041,0.000,0.009,21.948,-5769.594,-0.445,60.000
0.061,0.000,0.013,22.989,74126.773,0.667,60.000
0.051,0.021,0.013,20.420,114266.617,6.005,60.000
0.052,0.006,0.011,20.228,109002.164,3.778,60.000
0.002,0.012,0.012,19.845,59306.758,6.046,60.000
0.052,0.010,0.011,18.755,107427.008,3.510,60.000
0.058,0.001,0.006,19.733,146480.438,-0.015,60.000
0.051,0.007,0.010,19.484,154743.844,3.253,60.000
0.057,0.000,0.005,23.530,12689.188,1.519,60.000
0.051,0.021,0.013,20.489,108912.164,6.340,60.000
0.052,0.013,0.010,19.512,66974.461,4.545,60.000
0.050,0.007,0.010,20.071,152038.469,2.981,60.000
0.049,0.017,0.013,20.134,138558.188,7.041,60.000
0.050,0.005,0.011,21.026,105297.320,2.668,60.000
0.002,0.011,0.012,19.680,46221.977,6.231,60.000
0.000,0.012,0.013,20.774,17457.250,11.323,60.000
0.001,0.012,0.011,18.857,41539.039,6.818,60.000
0.055,0.001,0.019,21.537,103252.477,1.090,60.000
0.049,0.020,0.011,20.166,121267.414,6.152,60.000
0.050,0.010,0.011,19.951,133809.969,4.225,60.000
0.097,0.013,0.013,19.892,115420.602,3.978,60.000
0.051,0.024,0.012,19.635,146234.875,5.483,60.000
0.049,0.012,0.012,20.567,138666.250,4.177,60.000
0.052,0.005,0.012,20.776,103902.961,3.954,60.000
0.049,0.010,0.014,21.878,148097.969,4.094,60.000
0.054,0.000,0.020,18.774,-39465.969,-1.010,60.000
0.057,0.001,0.013,26.047,38484.758,0.032,60.000
0.052,0.008,0.010,19.119,131623.938,2.506,60.000
0.046,0.001,0.014,24.175,146346.594,2.220,60.000
0.046,0.001,0.008,25.159,54826.805,0.246,60.000
0.100,0.012,0.013,17.929,26407.164,6.795,60.000
0.049,0.006,0.013,22.281,115477.398,3.967,60.000
0.048,0.016,0.012,20.266,122601.898,6.030,60.000
0.050,0.001,0.007,23.593,100631.523,0.553,60.000
0.051,0.026,0.011,20.734,114607.086,5.644,60.000
0.050,0.000,0.019,22.611,43548.430,0.483,60.000
0.047,0.001,0.008,26.216,44595.789,0.221,60.000
0.051,0.011,0.014,21.844,118912.148,3.705,60.000
0.053,0.000,0.013,26.377,61362.133,2.046,60.000
0.051,0.001,0.007,23.162,104629.367,0.564,60.000
0.050,0.003,0.010,22.122,79655.773,1.899,60.000
0.001,0.012,0.012,19.220,46079.539,6.635,60.000
0.051,0.017,0.013,20.280,113644.008,6.842,60.000
0.052,0.001,0.008,25.406,93504.414,0.616,60.000
0.051,0.017,0.011,19.541,94466.195,6.033,60.000
0.048,0.000,0.019,21.954,90507.945,1.262,60.000
0.050,0.001,0.010,25.757,59914.914,0.880,60.000
0.058,0.001,0.011,19.082,130372.664,0.256,60.000
0.051,0.020,0.012,19.986,119898.227,6.027,60.000
0.048,0.022,0.012,20.276,145581.375,5.569,60.000
0.059,0.001,0.014,24.854,49069.602,-1.498,60.000
0.050,0.000,0.011,28.765,2630.500,0.151,60.000
0.050,0.015,0.010,20.597,89001.086,5.948,60.000
0.049,0.005,0.010,22.570,86419.211,1.266,60.000
0.051,0.019,0.014,20.578,124040.289,7.094,60.000
0.058,0.000,0.007,21.379,-902.719,-1.721,60.000
0.053,0.001,0.007,25.999,16465.906,-0.519,60.000
0.048,0.004,0.013,22.556,111637.539,3.067,60.000
0.051,0.000,0.017,27.202,-44101.199,-2.117,60.000
0.052,0.005,0.012,20.958,91537.258,3.527,60.000
0.052,0.020,0.013,19.980,101021.336,6.145,60.000
0.049,0.002,0.015,22.794,133426.031,2.007,60.000
0.052,0.001,0.010,26.901,30877.336,0.612,60.000
0.050,0.026,0.014,19.670,184608.906,5.794,60.000
0.002,0.013,0.012,19.177,61805.164,6.131,60.000
0.047,0.002,0.014,23.429,159672.781,2.381,60.000
0.051,0.023,0.011,20.043,119484.102,6.120,60.000
0.049,0.000,0.020,20.628,110347.898,3.123,60.000
0.049,0.003,0.013,22.936,107330.102,3.342,60.000
0.044,0.001,0.011,23.853,87830.211,0.059,60.000
0.051,0.018,0.012,20.211,102192.758,6.519,60.000
0.055,0.001,0.014,29.277,15398.844,0.148,60.000
0.048,0.020,0.013,20.336,143447.031,5.980,60.000
0.052,0.016,0.012,19.832,98800.992,5.677,60.000
0.050,0.000,0.019,20.589,63911.242,-0.471,60.000
0.049,0.001,0.021,21.610,128633.352,1.783,60.000
0.057,0.000,0.017,24.557,47244.148,1.592,60.000
0.055,0.001,0.020,20.477,111778.805,1.491,60.000
0.048,0.000,0.018,23.011,101719.195,1.645,60.000
0.049,0.016,0.013,20.244,131253.688,6.088,60.000
0.053,0.001,0.020,21.059,112498.102,1.977,60.000
0.058,0.000,0.018,23.051,10524.141,-1.552,60.000
0.049,0.019,0.014,19.582,144768.469,7.129,60.000
0.049,0.016,0.011,20.274,127799.180,6.506,60.000
0.050,0.015,0.011,20.747,100338.070,5.846,60.000
0.050,0.014,0.013,21.658,147117.438,5.320,60.000
0.050,0.019,0.012,19.763,121302.773,6.375,60.000
0.048,0.001,0.012,27.764,76427.695,1.825,60.000
0.050,0.007,0.011,20.924,164998.125,3.860,60.000
0.047,0.001,0.007,25.178,45049.836,0.425,60.000
0.051,0.001,0.001,22.132,8795.508,-0.478,60.000
0.052,0.013,0.011,20.261,96788.586,3.804,60.000
0.054,0.001,0.012,29.007,-23807.766,1.154,60.000
0.047,0.001,0.022,21.322,45277.102,0.405,60.000
0.055,0.001,0.015,22.784,94405.070,0.796,60.000
0.050,0.001,0.004,21.763,110920.898,0.504,60.000
0.050,0.005,0.009,21.980,92516.602,1.178,60.000
0.042,0.001,0.017,18.576,103958.039,-0.263,60.000
0.096,0.013,0.012,19.426,111388.305,4.497,60.000
0.048,0.001,0.014,24.569,140469.375,2.420,60.000
0.044,0.001,0.017,20.532,143624.594,0.548,60.000
0.051,0.016,0.014,21.175,121561.164,6.472,60.000
0.051,0.023,0.012,19.718,136892.219,5.644,60.000
0.056,0.001,0.019,21.366,104412.852,0.612,60.000
0.056,0.001,0.020,19.747,101839.867,1.120,60.000
0.059,0.000,0.014,23.933,89245.664,-0.294,60.000
0.049,0.012,0.010,21.027,76066.992,4.047,60.000
0.051,0.000,0.014,31.215,3107.188,0.329,60.000
0.047,0.000,0.011,34.424,815.594,1.186,60.000
0.051,0.010,0.014,20.999,119899.492,3.780,60.000
0.050,0.001,0.004,21.984,107359.102,0.644,60.000
0.050,0.000,0.001,19.378,28070.320,-1.156,60.000
0.050,0.021,0.011,19.876,114784.477,6.064,60.000
0.049,0.004,0.012,22.489,107724.742,3.752,60.000
0.055,0.000,0.012,31.808,33100.836,0.864,60.000
0.051,0.022,0.014,20.212,121351.398,6.115,60.000
0.053,0.001,0.004,19.459,123724.102,0.245,60.000
0.050,0.000,0.008,30.345,-22777.844,1.634,60.000
0.051,0.010,0.012,20.351,108789.711,4.909,60.000
0.050,0.023,0.012,20.074,138950.625,5.987,60.000
0.047,0.001,0.019,23.078,31686.867,-0.361,60.000
0.042,0.001,0.009,22.275,102779.773,0.344,60.000
0.051,0.026,0.014,20.100,173604.969,5.475,60.000
0.050,0.018,0.013,20.414,128848.898,7.361,60.000
0.055,0.002,0.011,21.477,83338.992,1.481,60.000
0.049,0.022,0.012,20.273,140390.812,5.797,60.000
0.043,0.000,0.006,23.748,-56996.957,-1.203,60.000
0.045,0.001,0.014,26.546,2197.734,-1.068,60.000
0.052,0.001,0.006,25.757,19619.469,-0.633,60.000
0.050,0.005,0.010,21.540,95778.883,1.551,60.000
0.050,0.020,0.011,19.337,109414.539,6.317,60.000
0.051,0.000,0.009,31.272,24024.695,2.399,60.000
0.052,0.000,0.010,28.983,-31199.633,0.426,60.000
0.051,0.010,0.011,19.108,108271.195,3.668,60.000
0.051,0.005,0.013,20.896,93658.789,2.737,60.000
0.052,0.007,0.013,21.013,91561.914,4.052,60.000
0.048,0.017,0.011,20.397,129791.133,6.652,60.000
0.041,0.001,0.010,21.606,78471.914,0.101,60.000
0.047,0.001,0.005,22.172,96773.102,0.690,60.000
0.049,0.026,0.014,19.900,184800.406,5.794,60.000
0.052,0.026,0.014,19.666,163649.875,5.581,60.000
0.051,0.025,0.012,19.641,150191.438,5.811,60.000
0.055,0.000,0.015,28.048,80155.727,1.095,60.000
0.051,0.008,0.013,20.370,101992.914,4.220,60.000
0.050,0.024,0.012,19.947,160052.250,5.612,60.000
0.051,0.020,0.011,18.958,100378.461,5.945,60.000
0.048,0.010,0.013,20.717,151110.156,4.300,60.000
0.049,0.020,0.011,19.835,118208.227,6.224,60.000
0.050,0.001,0.019,23.388,126580.133,1.928,60.000
0.045,0.001,0.012,22.968,112851.695,1.352,60.000
0.052,0.001,0.020,21.615,109192.398,1.996,60.000
0.051,0.012,0.014,22.899,142988.812,4.027,60.000
0.048,0.026,0.013,20.084,147983.875,4.996,60.000
0.051,0.007,0.011,21.508,158021.812,5.286,60.000
0.054,0.001,0.011,22.926,59400.039,2.253,60.000
0.050,0.009,0.015,21.270,121351.961,3.312,60.000
0.050,0.006,0.013,21.525,100093.461,3.405,60.000
0.002,0.012,0.013,20.176,58457.414,5.862,60.000
0.049,0.001,0.017,22.501,145681.062,1.778,60.000
0.051,0.008,0.014,20.194,93119.039,3.869,60.000
0.051,0.014,0.014,23.262,134483.688,4.529,60.000
0.052,0.002,0.018,22.559,99105.227,2.120,60.000
0.047,0.001,0.019,20.978,137031.000,1.467,60.000
0.051,0.001,0.007,25.918,27082.992,-0.209,60.000
0.050,0.008,0.011,21.495,156962.219,5.365,60.000
0.059,0.000,0.013,24.994,41666.117,-1.395,60.000
0.056,0.001,0.019,20.619,102961.898,0.868,60.000
0.052,0.000,0.013,31.905,-14664.391,-0.051,60.000
0.049,0.001,0.005,21.620,108221.492,0.599,60.000
0.040,0.001,0.016,19.482,76845.898,-0.732,60.000
0.052,0.005,0.011,20.496,113844.336,3.859,60.000
0.051,0.018,0.011,19.284,98357.461,6.144,60.000
0.050,0.000,0.006,25.311,-10675.578,0.544,60.000
0.043,0.001,0.011,26.571,7163.773,-1.978,60.000
0.048,0.008,0.012,21.870,158620.281,4.275,60.000
0.052,0.018,0.012,20.254,87565.352,6.188,60.000
0.049,0.002,0.013,23.789,115203.883,3.266,60.000
0.041,0.000,0.009,24.695,-14060.984,1.206,60.000
0.053,0.002,0.012,23.487,75559.102,2.338,60.000
0.050,0.012,0.013,21.113,127403.383,4.131,60.000
0.048,0.003,0.011,22.248,91154.164,1.613,60.000
0.052,0.011,0.013,20.292,95927.070,3.616,60.000
0.053,0.001,0.009,25.983,49026.820,0.285,60.000
0.047,0.001,0.020,20.586,126232.133,1.154,60.000
0.045,0.001,0.010,24.857,88849.508,0.604,60.000
0.051,0.010,0.012,19.749,109664.008,4.268,60.000
0.049,0.002,0.011,22.826,74887.273,2.025,60.000
0.043,0.000,0.006,23.565,1817.352,0.929,60.000
0.057,0.001,0.008,23.248,98710.945,0.096,60.000
0.052,0.006,0.011,19.807,127187.117,3.216,60.000
0.051,0.016,0.012,19.899,119276.117,6.340,60.000
0.048,0.001,0.012,24.208,110616.977,2.639,60.000
0.043,0.001,0.016,19.278,117448.164,0.174,60.000
0.055,0.001,0.017,20.208,91573.648,0.588,60.000
0.048,0.010,0.011,21.541,116206.711,3.644,60.000
0.052,0.005,0.012,20.976,107723.383,4.161,60.000
0.051,0.007,0.011,20.968,162551.938,4.827,60.000
0.051,0.001,0.016,24.557,115005.789,1.613,60.000
0.044,0.001,0.021,19.817,115910.539,1.168,60.000
0.039,0.001,0.011,21.507,58109.852,-0.273,60.000
0.047,0.000,0.002,24.109,-2681.383,-0.987,60.000
0.048,0.009,0.011,21.593,125160.336,3.528,60.000
0.053,0.001,0.021,20.856,114293.977,1.899,60.000
0.052,0.009,0.014,19.795,80601.508,3.377,60.000
0.055,0.001,0.004,19.471,128973.211,-0.052,60.000
0.043,0.000,0.012,28.460,-20436.539,-2.848,60.000
0.050,0.026,0.014,19.770,157897.625,4.643,60.000
0.050,0.001,0.009,30.631,-81001.750,-1.541,60.000
0.052,0.001,0.017,27.327,17431.586,-0.021,60.000
0.052,0.011,0.010,18.889,81832.961,3.771,60.000
0.054,0.001,0.007,25.257,69541.820,0.036,60.000
0.049,0.014,0.013,20.778,154829.625,5.199,60.000
0.048,0.001,0.022,21.107,127414.492,1.279,60.000
0.043,0.000,0.020,20.480,12786.969,-0.706,60.000
0.047,0.001,0.006,24.448,10192.242,0.388,60.000
0.049,0.008,0.014,20.639,113438.383,3.881,60.000
0.056,0.000,0.012,29.047,28328.164,1.324,60.000
0.051,0.001,0.022,22.990,47684.539,0.631,60.000
0.051,0.024,0.011,20.354,122844.117,6.150,60.000
0.048,0.006,0.011,20.998,150413.688,2.970,60.000
0.048,0.007,0.014,21.216,116622.586,3.452,60.000
0.048,0.007,0.011,21.959,154048.219,3.659,60.000
0.056,0.001,0.012,21.928,106667.930,1.390,60.000
0.052,0.024,0.012,19.648,151848.844,5.337,60.000
0.052,0.001,0.002,22.580,-27264.891,-0.957,60.000
0.043,0.002,0.012,20.985,102723.242,-0.051,60.000
0.049,0.020,0.013,19.569,138806.594,6.532,60.000
0.052,0.001,0.012,29.004,-13364.594,1.546,60.000
0.057,0.000,0.016,25.712,25000.820,-0.216,60.000
0.050,0.002,0.010,23.436,50356.195,1.726,60.000
0.056,0.000,0.009,25.523,-19737.312,1.335,60.000
0.043,0.001,0.009,23.166,109317.461,0.470,60.000
0.047,0.000,0.002,21.399,32363.992,-0.324,60.000
0.051,0.011,0.014,21.317,129644.242,3.836,60.000
0.049,0.013,0.013,21.362,162795.812,4.768,60.000
0.050,0.004,0.009,23.105,76256.164,1.012,60.000
0.046,0.001,0.007,24.734,66759.258,0.543,60.000
0.056,0.001,0.007,22.539,109869.008,0.049,60.000
0.051,0.000,0.019,21.172,944.219,-0.601,60.000
0.050,0.022,0.011,19.834,119848.023,6.130,60.000
0.052,0.007,0.013,20.743,83479.102,3.396,60.000
0.051,0.005,0.012,21.851,110148.773,4.428,60.000
0.048,0.001,0.018,23.621,73980.180,0.004,60.000
0.048,0.000,0.021,20.605,32682.164,-0.731,60.000
0.051,0.006,0.011,19.534,136392.094,3.246,60.000
0.055,0.000,0.012,29.718,20646.750,0.113,60.000
0.050,0.025,0.014,20.080,158390.281,5.908,60.000
0.053,0.001,0.006,21.278,109246.680,0.259,60.000
0.049,0.021,0.011,19.921,118840.492,6.666,60.000
0.046,0.001,0.018,24.188,-39402.633,-2.149,60.000
0.059,0.001,0.008,21.094,120447.180,0.172,60.000
0.048,0.025,0.012,20.540,149607.594,6.422,60.000
0.052,0.001,0.003,21.624,-2946.625,-0.718,60.000
0.049,0.016,0.013,20.343,144080.156,6.405,60.000
0.050,0.022,0.011,20.048,112425.336,6.434,60.000
0.055,0.000,0.003,23.891,-21157.133,-0.024,60.000
0.052,0.000,0.016,26.589,25028.383,0.362,60.000
0.047,0.002,0.010,23.503,92498.945,1.248,60.000
0.051,0.000,0.014,31.921,11373.945,0.745,60.000
0.051,0.002,0.009,25.300,59072.914,1.017,60.000
0.056,0.001,0.011,26.345,-36597.773,0.825,60.000
0.050,0.001,0.015,23.118,131428.156,1.818,60.000
0.049,0.006,0.012,22.457,142002.844,5.015,60.000
0.049,0.010,0.011,21.098,118425.352,3.827,60.000
0.048,0.009,0.013,20.561,158564.344,4.769,60.000
0.048,0.004,0.013,22.116,101048.195,2.889,60.000
0.056,0.001,0.016,21.068,95463.789,0.412,60.000
0.043,0.000,0.019,22.053,-21057.578,-1.497,60.000
0.050,0.024,0.012,20.259,140962.594,6.238,60.000
0.051,0.001,0.009,26.354,55499.617,0.843,60.000
0.051,0.016,0.014,21.367,128625.961,6.456,60.000
0.045,0.001,0.002,21.810,19373.516,0.840,60.000
0.051,0.010,0.012,19.859,116660.789,4.387,60.000
0.049,0.002,0.014,22.813,132527.531,2.526,60.000
0.058,0.000,0.017,22.320,-34503.125,-1.690,60.000
0.051,0.000,0.017,27.348,-35634.180,1.119,60.000
0.057,0.001,0.014,25.750,72057.055,-0.657,60.000
0.058,0.001,0.005,23.023,68404.508,-0.216,60.000
0.055,0.001,0.005,20.083,126551.477,0.046,60.000
0.053,0.000,0.020,20.542,-5259.055,-1.984,60.000
0.049,0.016,0.013,20.314,136377.688,6.275,60.000
0.050,0.020,0.014,19.916,126503.289,6.710,60.000
0.044,0.000,0.017,20.877,66230.820,-0.376,60.000
0.047,0.002,0.011,23.190,95075.664,1.448,60.000
0.053,0.001,0.019,22.085,106065.398,1.903,60.000
0.053,0.002,0.010,23.297,59775.164,1.860,60.000
0.048,0.024,0.012,20.516,152840.906,6.035,60.000
0.099,0.013,0.013,20.624,116289.508,4.472,60.000
0.052,0.000,0.004,24.448,-16653.367,-0.361,60.000
0.041,0.001,0.011,21.632,83380.133,-0.423,60.000
0.053,0.001,0.020,22.047,89475.617,1.423,60.000
0.052,0.001,0.006,21.456,114162.492,0.328,60.000
0.042,0.000,0.016,23.220,-7111.359,-1.955,60.000
0.097,0.013,0.011,19.052,108807.570,5.253,60.000
0.050,0.004,0.011,21.718,104926.273,3.456,60.000
0.056,0.001,0.015,26.649,36472.914,-0.440,60.000
0.050,0.008,0.011,21.303,159184.344,5.205,60.000
0.048,0.004,0.011,21.178,102911.445,1.791,60.000
0.059,0.000,0.007,25.616,-50646.340,0.399,60.000
0.048,0.001,0.009,26.808,48330.023,-0.070,60.000
0.048,0.015,0.011,21.172,108957.352,5.811,60.000
0.047,0.000,0.003,22.175,19143.211,-0.273,60.000
0.052,0.000,0.019,21.601,-15515.805,-2.439,60.000
0.050,0.008,0.009,20.965,129211.664,2.345,60.000
0.049,0.012,0.012,21.017,140549.531,4.213,60.000
0.049,0.019,0.012,20.570,136691.188,6.040,60.000
0.052,0.002,0.006,22.351,105691.039,0.387,60.000
0.049,0.020,0.013,20.323,137453.062,6.344,60.000
0.049,0.001,0.006,24.163,93274.992,0.551,60.000
0.048,0.003,0.012,22.367,121249.320,3.101,60.000
0.053,0.001,0.003,20.974,81977.570,0.102,60.000
0.048,0.002,0.014,23.372,124691.930,2.690,60.000
0.056,0.001,0.019,23.478,6427.102,-1.343,60.000
0.058,0.001,0.017,21.398,107673.836,0.311,60.000
0.049,0.002,0.008,24.042,95033.789,0.890,60.000
0.049,0.005,0.014,21.530,98534.711,2.633,60.000
0.052,0.023,0.011,19.744,118117.867,5.688,60.000
0.048,0.009,0.010,21.978,115761.539,3.246,60.000
0.051,0.004,0.011,21.836,98977.414,3.291,60.000
0.002,0.013,0.011,17.923,35598.195,6.962,60.000
0.051,0.023,0.012,19.686,130308.961,5.576,60.000
0.052,0.002,0.016,22.764,91223.523,1.360,60.000
0.043,0.001,0.007,23.175,20470.805,-0.039,60.000
0.048,0.006,0.010,21.091,128667.773,1.845,60.000
0.052,0.000,0.006,26.256,-17025.188,1.002,60.000
0.057,0.000,0.013,29.455,96215.133,0.183,60.000
0.040,0.001,0.015,20.414,25806.203,-2.744,60.000
0.040,0.000,0.011,25.225,27550.930,2.319,60.000
0.052,0.000,0.021,19.927,-56056.078,-2.034,60.000
0.049,0.002,0.014,23.021,127706.367,2.701,60.000
0.049,0.024,0.013,20.123,166931.562,5.703,60.000
0.049,0.008,0.010,21.149,143584.969,3.259,60.000
0.059,0.001,0.009,22.542,64398.789,0.032,60.000
0.056,0.001,0.013,22.502,114513.117,0.772,60.000
0.048,0.012,0.013,21.573,153536.406,3.999,60.000
0.002,0.013,0.012,18.977,56965.445,6.360,60.000
0.052,0.023,0.012,19.453,129227.539,5.281,60.000
0.052,0.004,0.012,22.246,79602.617,3.399,60.000
0.052,0.001,0.003,21.845,72670.461,0.124,60.000
0.048,0.001,0.012,24.103,106757.305,2.374,60.000
0.051,0.001,0.006,22.706,111810.195,0.614,60.000
0.052,0.026,0.013,19.107,141312.156,4.380,60.000
0.041,0.000,0.011,26.792,-64393.016,1.077,60.000
0.050,0.000,0.002,24.157,-20942.703,-0.625,60.000
0.050,0.023,0.010,20.489,115083.617,6.142,60.000
0.042,0.001,0.018,19.643,115130.430,-0.313,60.000
0.048,0.009,0.014,20.723,141948.344,4.529,60.000
0.049,0.012,0.011,20.999,122102.242,4.382,60.000
0.052,0.002,0.013,23.809,82377.836,1.731,60.000
0.050,0.014,0.010,20.542,70346.883,5.301,60.000
0.097,0.011,0.012,19.653,128742.633,4.812,60.000
0.058,0.001,0.014,23.298,119959.617,-0.168,60.000
0.056,0.000,0.012,28.249,-14354.383,-1.118,60.000
0.049,0.002,0.006,22.831,105176.070,0.827,60.000
0.059,0.001,0.007,24.566,61390.977,0.329,60.000
0.100,0.011,0.012,23.928,-4080.727,7.001,60.000
0.098,0.011,0.012,20.110,129440.461,4.750,60.000
0.044,0.000,0.016,25.033,-78742.609,-2.112,60.000
0.051,0.000,0.006,22.279,3848.859,-0.139,60.000
0.049,0.000,0.006,25.021,-13291.367,0.274,60.000
0.052,0.025,0.013,19.560,154220.281,5.385,60.000
0.060,0.001,0.015,21.958,121518.727,-0.312,60.000
0.050,0.000,0.019,22.691,35202.758,-0.044,60.000
0.045,0.001,0.015,23.437,152149.219,1.362,60.000
0.051,0.023,0.014,20.523,121630.102,6.086,60.000
0.057,0.001,0.018,19.804,99034.211,0.284,60.000
0.049,0.007,0.013,21.661,148142.969,5.412,60.000
0.045,0.000,0.015,31.581,13533.891,1.944,60.000
0.051,0.006,0.010,19.515,132903.312,2.689,60.000
0.058,0.001,0.018,20.708,107658.711,0.249,60.000
0.052,0.005,0.013,19.739,83747.789,2.241,60.000
0.044,0.000,0.018,21.037,15331.805,-0.941,60.000
0.054,0.002,0.009,24.518,63154.539,0.894,60.000
0.047,0.001,0.022,20.894,75322.742,0.697,60.000
0.050,0.020,0.011,19.965,117665.414,6.081,60.000
0.053,0.000,0.014,30.465,-46909.172,-0.940,60.000
0.052,0.004,0.011,21.949,71171.023,3.259,60.000
0.055,0.002,0.014,23.004,98844.211,0.660,60.000
0.051,0.013,0.012,20.620,113164.430,4.135,60.000
0.056,0.000,0.015,27.908,8758.805,0.019,60.000
0.049,0.026,0.014,19.889,183591.781,5.776,60.000
0.042,0.001,0.014,20.707,74704.102,0.417,60.000
0.050,0.009,0.015,20.833,111425.914,3.524,60.000
0.048,0.014,0.012,21.087,116257.680,5.305,60.000
0.051,0.003,0.014,22.557,103105.711,2.222,60.000
0.043,0.000,0.004,21.451,8615.523,-0.114,60.000
0.052,0.000,0.020,20.772,58551.523,0.193,60.000
0.050,0.003,0.013,23.932,92081.773,2.887,60.000
0.098,0.010,0.012,19.773,130634.398,4.824,60.000
0.051,0.000,0.018,27.997,-53859.480,-1.546,60.000
0.056,0.002,0.012,21.999,111714.539,1.091,60.000
0.051,0.001,0.017,27.545,1298.086,-0.398,60.000
0.055,0.000,0.010,28.655,49977.492,0.420,60.000
0.050,0.009,0.014,20.842,119581.852,3.580,60.000
0.051,0.016,0.011,19.740,97739.211,6.262,60.000
0.048,0.005,0.012,22.144,123014.273,3.788,60.000
0.049,0.017,0.013,20.132,137697.688,7.085,60.000
0.054,0.001,0.003,21.304,59335.117,-0.398,60.000
0.052,0.001,0.007,23.272,103945.211,0.641,60.000
0.045,0.001,0.015,21.895,147863.812,1.529,60.000
0.044,0.000,0.012,27.099,-10700.523,-2.030,60.000
0.049,0.007,0.012,22.356,149495.844,5.328,60.000
0.048,0.016,0.013,20.290,132424.344,5.798,60.000
0.054,0.000,0.016,28.446,25510.422,2.682,60.000
0.048,0.023,0.012,20.591,142831.469,6.325,60.000
0.049,0.000,0.022,22.066,-110122.977,-2.853,60.000
0.052,0.002,0.010,24.239,49833.008,1.387,60.000
0.049,0.004,0.011,21.320,119405.648,3.215,60.000
0.047,0.002,0.014,23.759,152046.750,2.305,60.000
0.054,0.001,0.007,24.148,97174.039,0.239,60.000
0.043,0.000,0.008,24.277,-60023.223,-2.270,60.000
0.044,0.001,0.009,23.226,112570.633,0.549,60.000
0.053,0.001,0.020,21.310,111030.148,1.869,60.000
0.048,0.001,0.003,22.215,63402.742,0.848,60.000
0.044,0.001,0.011,23.724,94715.461,0.281,60.000
0.052,0.026,0.011,20.725,115459.742,5.329,60.000
0.057,0.001,0.008,22.891,111098.773,0.248,60.000
0.044,0.000,0.010,29.092,-17729.570,1.575,60.000
0.049,0.025,0.014,20.102,173280.031,5.814,60.000
0.051,0.013,0.011,20.175,102676.008,3.932,60.000
0.050,0.005,0.013,21.539,95937.945,3.026,60.000
0.053,0.001,0.020,21.204,107660.008,1.949,60.000
0.100,0.013,0.011,26.669,-86277.156,6.948,60.000
0.050,0.005,0.011,20.133,130183.930,2.828,60.000
0.048,0.000,0.013,30.081,47910.117,0.284,60.000
0.049,0.013,0.012,20.968,139453.469,4.688,60.000
0.049,0.022,0.012,20.157,140475.781,5.771,60.000
0.050,0.020,0.011,19.227,105595.273,6.200,60.000
0.046,0.000,0.008,28.771,10505.000,2.863,60.000
0.042,0.001,0.006,21.201,85814.227,1.377,60.000
0.041,0.000,0.017,21.946,-2390.492,-2.159,60.000
0.002,0.013,0.011,17.850,38708.320,6.995,60.000
0.052,0.010,0.014,20.519,102423.305,3.285,60.000
0.050,0.000,0.005,23.941,15669.539,0.156,60.000
0.054,0.000,0.014,30.085,66664.852,0.724,60.000
0.046,0.000,0.012,33.709,25301.766,4.388,60.000
0.052,0.020,0.011,18.895,107174.398,5.780,60.000
0.053,0.001,0.004,19.930,122598.398,0.258,60.000
0.051,0.027,0.012,18.480,61311.023,1.671,60.000
0.051,0.010,0.013,20.509,118649.977,4.672,60.000
0.050,0.009,0.010,20.623,133544.562,3.699,60.000
0.045,0.000,0.010,30.554,-29875.062,2.292,60.000
0.052,0.025,0.011,20.151,114358.867,5.649,60.000
0.051,0.001,0.006,22.655,112226.570,0.542,60.000
0.056,0.000,0.019,19.811,18856.258,0.271,60.000
0.051,0.007,0.010,19.485,144385.219,2.476,60.000
0.048,0.001,0.010,27.193,-2195.734,-0.995,60.000
0.058,0.001,0.018,20.900,109535.461,0.260,60.000
0.042,0.001,0.015,21.939,87921.867,0.116,60.000
0.052,0.001,0.005,21.946,62402.570,-0.093,60.000
0.050,0.011,0.013,20.757,132571.969,4.589,60.000
0.048,0.002,0.013,24.133,122829.008,3.092,60.000
0.052,0.000,0.004,22.461,-56980.016,-1.282,60.000
0.050,0.014,0.014,22.661,162539.125,5.188,60.000
0.056,0.000,0.011,28.741,784.445,-0.636,60.000
0.054,0.001,0.003,20.549,85536.586,-0.156,60.000
0.060,0.000,0.015,22.899,73461.992,-1.226,60.000
0.052,0.004,0.010,21.901,72250.586,2.591,60.000
0.046,0.001,0.016,20.225,162407.812,1.663,60.000
0.047,0.001,0.021,21.070,129127.211,1.251,60.000
0.059,0.000,0.017,22.834,6290.586,-0.934,60.000
0.053,0.000,0.010,31.571,-18719.281,0.852,60.000
0.051,0.003,0.010,23.062,53996.289,1.753,60.000
0.041,0.001,0.012,24.016,2716.656,-2.166,60.000
0.098,0.012,0.011,18.808,114813.617,4.641,60.000
0.051,0.026,0.012,20.035,144971.656,5.814,60.000
0.046,0.001,0.010,26.755,54707.164,0.128,60.000
0.052,0.002,0.010,24.159,51951.055,1.585,60.000
0.052,0.015,0.013,20.963,104796.836,5.642,60.000
0.041,0.001,0.012,20.368,72893.836,-1.042,60.000
0.046,0.001,0.007,25.940,13151.656,0.050,60.000
0.045,0.002,0.012,22.736,113061.398,1.199,60.000
0.043,0.000,0.006,22.797,8614.945,-0.070,60.000
0.049,0.010,0.010,21.711,90594.508,3.505,60.000
0.050,0.008,0.010,20.173,144764.844,3.708,60.000
0.049,0.005,0.013,22.304,110060.164,3.800,60.000
0.053,0.000,0.020,20.661,71223.086,0.387,60.000
0.049,0.022,0.010,20.707,126479.008,6.626,60.000
0.047,0.001,0.004,21.729,88018.945,0.840,60.000
0.049,0.011,0.013,20.431,143093.688,4.454,60.000
0.054,0.001,0.015,27.074,12059.289,-0.376,60.000
0.055,0.000,0.012,25.375,24634.219,1.892,60.000
0.051,0.011,0.010,19.158,82525.070,3.923,60.000
0.049,0.002,0.012,23.440,90951.070,2.674,60.000
0.057,0.000,0.014,27.099,39745.773,0.199,60.000
0.048,0.004,0.013,22.399,102754.961,2.929,60.000
0.050,0.004,0.010,22.416,79298.742,1.221,60.000
0.042,0.001,0.007,20.343,90138.383,0.265,60.000
0.049,0.014,0.011,21.163,96134.758,5.437,60.000
0.051,0.008,0.014,19.933,87700.977,3.125,60.000
0.051,0.018,0.012,19.678,104316.758,6.254,60.000
0.050,0.026,0.011,20.859,128255.977,6.048,60.000
0.049,0.010,0.013,20.479,145156.406,4.825,60.000
0.043,0.001,0.018,18.323,116894.852,-0.142,60.000
0.053,0.001,0.012,27.584,68237.664,2.079,60.000
0.046,0.001,0.016,21.128,161662.344,1.727,60.000
0.044,0.001,0.017,18.254,138096.250,0.353,60.000
0.048,0.016,0.013,19.893,128660.039,6.205,60.000
0.041,0.000,0.013,25.202,-39671.953,0.283,60.000
0.051,0.014,0.014,22.667,137151.906,4.694,60.000
0.057,0.001,0.005,19.858,134585.938,-0.137,60.000
0.051,0.014,0.011,20.349,77170.180,4.922,60.000
0.049,0.000,0.012,30.111,24616.703,0.273,60.000
0.049,0.005,0.014,20.838,101345.320,2.637,60.000
0.052,0.000,0.016,26.272,16124.016,-0.125,60.000
0.042,0.001,0.006,21.860,84310.133,1.394,60.000
0.048,0.001,0.010,23.479,81218.398,1.355,60.000
0.049,0.003,0.010,22.636,76444.773,1.468,60.000
0.053,0.001,0.022,21.739,2372.062,-0.700,60.000
0.050,0.018,0.011,19.395,109693.180,6.076,60.000
0.045,0.001,0.018,23.027,-18779.945,-2.287,60.000
0.047,0.000,0.015,29.552,-44744.016,-2.212,60.000
0.048,0.001,0.004,22.427,94416.445,0.677,60.000
0.099,0.012,0.012,19.903,116115.430,5.288,60.000
0.052,0.008,0.012,21.059,106972.430,4.403,60.000
0.051,0.021,0.012,19.921,129131.773,5.647,60.000
0.052,0.027,0.012,18.519,84945.305,3.538,60.000
0.051,0.015,0.012,20.093,133161.562,5.151,60.000
0.098,0.012,0.011,18.934,109284.273,4.526,60.000
0.044,0.001,0.021,20.547,119263.617,1.256,60.000
0.050,0.006,0.013,21.753,110060.336,3.946,60.000
0.044,0.001,0.008,22.577,102903.320,0.756,60.000
0.051,0.017,0.012,19.679,111647.555,6.411,60.000
0.058,0.000,0.009,22.585,-33537.812,-0.087,60.000
0.050,0.014,0.011,20.876,83251.961,5.741,60.000
0.044,0.002,0.010,22.019,106154.086,0.138,60.000
0.044,0.000,0.017,24.460,-20237.992,-2.897,60.000
0.051,0.001,0.005,21.868,90396.039,0.446,60.000
0.051,0.002,0.014,23.037,115351.742,1.894,60.000
0.051,0.014,0.010,20.483,80651.133,5.657,60.000
0.050,0.020,0.013,19.996,128069.023,6.433,60.000
0.050,0.004,0.011,21.906,97200.523,3.027,60.000
0.050,0.001,0.018,22.907,127120.305,1.940,60.000
0.056,0.000,0.012,27.564,9275.227,1.747,60.000
0.042,0.000,0.015,21.579,18738.352,-0.238,60.000
0.054,0.001,0.005,20.619,119641.648,0.039,60.000
0.052,0.005,0.011,20.289,105338.805,3.572,60.000
0.056,0.000,0.020,22.473,-32549.500,-0.387,60.000
0.051,0.000,0.017,27.783,-13924.977,2.033,60.000
0.049,0.020,0.014,19.789,136826.812,6.120,60.000
0.048,0.023,0.013,20.579,160680.406,5.474,60.000
0.057,0.001,0.015,23.327,112199.148,0.353,60.000
0.051,0.015,0.011,20.407,98652.070,5.952,60.000
0.050,0.015,0.010,19.447,96020.211,5.926,60.000
0.049,0.011,0.010,21.332,77641.102,4.100,60.000
0.044,0.001,0.020,19.294,116848.102,0.714,60.000
0.048,0.012,0.011,21.201,116963.711,4.462,60.000
0.043,0.000,0.017,21.499,3026.336,-1.982,60.000
0.050,0.016,0.012,19.939,123931.820,6.403,60.000
0.051,0.009,0.010,19.873,109410.602,3.161,60.000
0.051,0.004,0.011,21.701,92253.023,3.406,60.000
0.002,0.013,0.011,18.421,40344.523,6.733,60.000
0.050,0.001,0.012,27.679,84369.570,2.580,60.000
0.050,0.010,0.011,20.040,121325.273,3.950,60.000
0.050,0.019,0.010,18.877,104907.242,5.990,60.000
0.050,0.006,0.010,20.023,139852.344,2.722,60.000
0.045,0.000,0.008,24.714,-47429.652,-0.464,60.000
0.052,0.000,0.017,26.813,-22192.117,-1.272,60.000
0.043,0.000,0.004,22.095,49476.555,0.813,60.000
0.051,0.016,0.012,20.373,119681.742,5.819,60.000
0.041,0.001,0.018,20.644,41745.211,-2.246,60.000
0.053,0.000,0.011,31.328,-22379.234,-0.431,60.000
0.050,0.003,0.014,21.438,108241.398,2.551,60.000
0.047,0.002,0.015,22.141,165244.125,2.284,60.000
0.050,0.018,0.013,20.312,125304.086,7.186,60.000
0.046,0.001,0.008,23.617,105711.148,0.663,60.000
0.056,0.000,0.004,22.923,-32895.898,0.139,60.000
0.051,0.025,0.014,20.153,157954.000,5.772,60.000
0.051,0.016,0.014,21.484,135561.844,5.853,60.000
0.049,0.003,0.011,23.030,80001.398,2.460,60.000
0.048,0.007,0.012,21.673,163379.375,4.888,60.000
0.051,0.001,0.010,26.438,45565.539,0.817,60.000
0.049,0.020,0.013,20.454,138668.688,6.266,60.000
0.053,0.001,0.020,23.104,20691.852,-0.322,60.000
0.099,0.013,0.013,20.910,107654.711,4.478,60.000
0.051,0.006,0.014,20.781,91601.336,2.941,60.000
0.050,0.013,0.010,20.620,68424.945,4.728,60.000
0.051,0.009,0.014,19.743,100932.070,3.796,60.000
0.049,0.001,0.001,21.062,88581.086,0.496,60.000
0.050,0.001,0.007,23.755,104879.523,0.707,60.000
0.048,0.001,0.009,26.638,59025.336,0.593,60.000
0.048,0.027,0.012,20.577,152307.562,5.882,60.000
0.052,0.000,0.012,33.562,3469.109,0.391,60.000
0.056,0.000,0.005,22.088,66771.070,-0.221,60.000
0.051,0.001,0.007,24.947,100309.227,0.715,60.000
0.043,0.001,0.019,18.821,111841.695,0.232,60.000
0.050,0.008,0.012,21.782,170086.344,6.002,60.000
0.050,0.016,0.010,19.955,103138.523,6.150,60.000
0.056,0.001,0.019,21.107,105634.648,0.831,60.000
0.046,0.000,0.006,26.068,-32367.609,-0.416,60.000
0.048,0.023,0.011,21.159,136273.500,6.892,60.000
0.048,0.001,0.013,30.115,6523.359,0.893,60.000
0.055,0.001,0.014,26.780,59894.805,0.292,60.000
0.048,0.001,0.004,24.184,56824.445,0.760,60.000
0.046,0.000,0.014,29.736,-32632.578,-1.221,60.000
0.048,0.001,0.015,28.824,68649.664,1.022,60.000
0.059,0.001,0.018,20.116,109798.398,0.052,60.000
0.051,0.014,0.013,21.254,134723.219,4.972,60.000
0.052,0.001,0.002,21.366,55057.898,-0.005,60.000
0.051,0.025,0.013,19.761,171720.875,5.614,60.000
0.050,0.017,0.012,19.914,121010.836,6.741,60.000
0.050,0.015,0.010,19.947,98004.555,6.072,60.000
0.051,0.019,0.013,20.692,108174.977,6.922,60.000
0.049,0.008,0.010,21.384,133375.250,2.532,60.000
0.048,0.008,0.011,21.898,153515.344,3.868,60.000
0.052,0.001,0.013,27.774,91922.211,1.909,60.000
0.056,0.001,0.010,26.317,46062.477,0.212,60.000
0.049,0.007,0.014,21.004,120284.539,3.911,60.000
0.052,0.008,0.011,20.380,126981.852,4.378,60.000
0.050,0.019,0.012,20.229,128032.008,6.249,60.000
0.056,0.001,0.018,20.327,95949.289,0.741,60.000
0.040,0.001,0.012,19.331,53923.227,-1.230,60.000
0.058,0.001,0.018,21.971,84445.977,-0.207,60.000
0.050,0.001,0.011,25.436,56679.570,1.908,60.000
0.049,0.001,0.020,22.035,130584.086,1.689,60.000
0.054,0.001,0.011,30.280,-106822.258,-0.234,60.000
0.050,0.007,0.010,20.245,149574.875,2.830,60.000
0.047,0.001,0.017,21.448,155286.125,1.568,60.000
0.043,0.000,0.007,24.026,-19013.719,-1.284,60.000
0.046,0.001,0.020,20.732,99576.242,0.581,60.000
0.050,0.007,0.012,22.320,148529.938,6.292,60.000
0.051,0.020,0.011,19.223,109642.539,6.023,60.000
0.041,0.001,0.017,19.999,103771.023,-0.721,60.000
0.057,0.001,0.013,23.818,116304.648,0.550,60.000
0.047,0.000,0.011,34.718,-23375.336,1.043,60.000
0.048,0.001,0.009,23.951,104062.961,1.087,60.000
0.051,0.001,0.016,23.321,111726.180,1.549,60.000
0.041,0.001,0.014,22.086,39503.711,-1.681,60.000
0.056,0.002,0.016,21.158,90290.039,0.303,60.000
0.049,0.000,0.005,24.887,14915.344,0.068,60.000
0.049,0.019,0.012,20.049,131623.750,6.398,60.000
0.049,0.005,0.011,20.874,134483.781,3.584,60.000
0.051,0.007,0.010,19.945,163104.625,3.528,60.000
0.050,0.005,0.014,21.055,98834.320,2.789,60.000
0.049,0.010,0.013,20.581,147491.812,4.632,60.000
0.051,0.007,0.010,19.861,140100.438,2.378,60.000
0.043,0.000,0.004,20.634,6139.477,-0.167,60.000
0.047,0.002,0.006,22.043,82773.836,0.631,60.000
0.052,0.014,0.013,22.180,120037.852,4.778,60.000
0.056,0.000,0.017,24.142,41948.727,-0.491,60.000
0.050,0.025,0.012,19.920,159401.562,5.887,60.000
0.050,0.018,0.014,20.044,146803.594,7.348,60.000
0.050,0.001,0.015,28.617,80690.852,1.096,60.000
0.052,0.018,0.012,19.904,96978.352,6.088,60.000
0.049,0.005,0.011,21.017,138120.562,3.595,60.000
0.051,0.009,0.015,20.447,103845.273,3.167,60.000
0.001,0.011,0.012,19.704,41817.898,6.378,60.000
0.002,0.012,0.012,19.027,44396.617,6.455,60.000
0.054,0.001,0.002,20.698,65208.008,-0.602,60.000
0.045,0.001,0.006,22.080,81269.867,0.653,60.000
0.052,0.001,0.013,27.336,95784.664,1.880,60.000
0.050,0.001,0.003,20.136,113167.867,0.484,60.000
0.050,0.007,0.011,21.239,165802.188,4.647,60.000
0.055,0.000,0.012,29.059,19788.297,0.237,60.000
0.054,0.000,0.010,30.805,51923.867,1.845,60.000
0.049,0.007,0.015,20.266,104001.273,3.132,60.000
0.052,0.003,0.011,22.889,51574.211,3.022,60.000
0.097,0.012,0.013,20.154,123873.680,4.433,60.000
0.050,0.011,0.013,20.690,147810.625,4.592,60.000
0.001,0.012,0.012,19.515,48105.930,6.350,60.000
0.049,0.006,0.012,22.414,124660.055,4.397,60.000
0.050,0.024,0.011,20.548,122533.539,6.255,60.000
0.050,0.001,0.010,28.404,11520.828,0.239,60.000
0.050,0.000,0.002,19.426,-23688.594,-1.590,60.000
0.050,0.023,0.012,19.961,146946.312,5.674,60.000
0.057,0.000,0.009,24.939,-80569.234,0.849,60.000
0.050,0.021,0.013,20.695,129976.008,6.195,60.000
0.052,0.005,0.013,20.009,94554.711,2.338,60.000
0.044,0.001,0.008,26.136,-64614.809,-1.460,60.000
0.048,0.010,0.013,20.749,155408.781,4.446,60.000
0.056,0.001,0.008,25.077,86555.117,0.328,60.000
0.051,0.023,0.010,20.168,106265.180,6.161,60.000
0.049,0.021,0.010,20.221,118515.023,6.500,60.000
0.001,0.012,0.014,20.760,78817.477,5.465,60.000
0.060,0.001,0.014,22.323,129838.992,-0.540,60.000
0.051,0.019,0.010,18.783,98371.211,5.753,60.000
0.049,0.027,0.010,23.522,233603.375,8.287,60.000
0.048,0.001,0.012,26.106,104969.227,2.526,60.000
0.050,0.016,0.013,20.858,126511.727,6.495,60.000
0.042,0.000,0.015,25.304,9839.328,-1.959,60.000
0.050,0.008,0.013,20.380,120965.883,4.857,60.000
0.049,0.021,0.013,20.582,140662.938,5.931,60.000
0.051,0.001,0.012,26.768,82985.820,2.689,60.000
0.050,0.025,0.010,21.117,116708.023,5.526,60.000
0.054,0.000,0.017,27.022,-25062.141,-0.412,60.000
0.051,0.012,0.013,21.239,122298.586,4.177,60.000
0.051,0.011,0.010,19.640,79228.023,3.614,60.000
0.050,0.020,0.013,20.410,132081.469,6.307,60.000
0.049,0.016,0.013,19.886,130712.695,6.138,60.000
0.053,0.000,0.019,22.573,-40369.316,-0.945,60.000
0.056,0.002,0.010,20.840,98363.711,0.777,60.000
0.052,0.005,0.010,21.236,78899.273,2.356,60.000
0.053,0.000,0.015,26.982,5806.156,-0.079,60.000
0.052,0.004,0.011,21.998,80972.773,3.359,60.000
0.049,0.025,0.011,21.716,137790.094,6.603,60.000
0.051,0.014,0.012,20.961,139796.156,5.036,60.000
0.051,0.013,0.011,20.117,98181.852,4.370,60.000
0.041,0.000,0.011,27.134,-126643.406,0.049,60.000
0.002,0.010,0.013,20.310,50381.617,5.999,60.000
0.052,0.006,0.013,21.249,87473.305,3.570,60.000
0.048,0.008,0.013,21.420,152773.469,5.135,60.000
0.048,0.022,0.014,20.925,144487.594,5.722,60.000
0.059,0.001,0.015,23.199,49808.992,-1.401,60.000
0.053,0.002,0.013,23.547,88977.445,1.962,60.000
0.044,0.001,0.014,25.521,31786.742,-0.498,60.000
0.050,0.026,0.011,21.458,128096.273,6.068,60.000
0.045,0.001,0.018,24.877,-76977.211,-2.889,60.000
0.050,0.001,0.017,23.536,125537.805,2.004,60.000
0.055,0.000,0.004,24.795,-110569.031,-0.723,60.000
0.050,0.004,0.014,21.378,106996.852,2.661,60.000
0.048,0.019,0.011,20.306,132482.219,6.507,60.000
0.052,0.002,0.007,23.251,100854.367,0.560,60.000
0.051,0.011,0.012,20.239,110068.508,4.149,60.000
0.100,0.013,0.012,25.800,-49474.137,9.850,60.000
0.050,0.001,0.005,21.220,113608.055,0.522,60.000
0.049,0.013,0.014,23.571,154918.812,4.101,60.000
0.001,0.012,0.011,18.824,34469.914,6.719,60.000
0.048,0.005,0.013,21.830,119001.352,3.175,60.000
0.050,0.002,0.011,23.747,60831.008,2.884,60.000
0.051,0.005,0.011,21.338,92681.461,3.196,60.000
0.054,0.001,0.019,23.868,34.484,-0.871,60.000
0.003,0.012,0.012,19.725,55984.102,5.899,60.000
0.053,0.001,0.004,19.524,124410.258,0.158,60.000
0.050,0.022,0.014,20.598,139042.781,5.953,60.000
0.048,0.001,0.017,22.140,145051.562,1.686,60.000
0.050,0.009,0.011,20.768,140958.531,4.114,60.000
0.058,0.000,0.013,26.028,100590.477,1.541,60.000
0.099,0.013,0.013,22.107,80325.648,4.092,60.000
0.050,0.001,0.013,30.771,67176.680,1.886,60.000
0.052,0.000,0.004,24.462,-28257.055,-0.899,60.000
0.051,0.019,0.010,18.269,93316.398,5.629,60.000
0.041,0.000,0.016,20.863,34460.086,-1.544,60.000
0.051,0.026,0.013,19.831,181588.469,5.588,60.000
0.049,0.007,0.011,22.059,166941.156,5.063,60.000
0.053,0.001,0.007,26.026,36323.430,-0.218,60.000
0.052,0.027,0.012,19.364,113435.727,4.112,60.000
0.059,0.001,0.010,19.650,119803.008,0.148,60.000
0.051,0.023,0.011,20.325,119989.320,6.123,60.000
0.042,0.000,0.011,27.932,-93920.945,-0.163,60.000
0.052,0.006,0.013,21.153,86945.039,3.488,60.000
0.051,0.005,0.013,20.575,91074.148,2.851,60.000
0.051,0.010,0.009,20.795,80972.867,3.722,60.000
0.049,0.022,0.010,20.991,132411.562,6.924,60.000
0.056,0.002,0.014,22.845,107698.273,0.442,60.000
0.047,0.001,0.004,21.871,94227.445,0.668,60.000
0.050,0.000,0.007,26.998,-4477.273,-0.127,60.000
0.050,0.010,0.012,20.390,129573.789,5.022,60.000
0.052,0.008,0.012,21.155,120329.414,5.297,60.000
0.052,0.011,0.011,19.023,86498.695,3.706,60.000
0.041,0.000,0.006,21.347,80084.289,1.944,60.000
0.053,0.001,0.013,24.558,95081.195,2.363,60.000
0.002,0.012,0.013,20.510,70567.430,5.700,60.000
0.052,0.010,0.011,19.431,115318.367,3.984,60.000
0.056,0.001,0.015,24.823,107965.930,0.529,60.000
0.053,0.001,0.004,19.393,126626.039,0.144,60.000
0.051,0.015,0.010,19.758,86711.383,5.985,60.000
0.045,0.001,0.014,27.077,74047.820,0.744,60.000
0.057,0.001,0.015,24.670,109478.508,0.158,60.000
0.047,0.001,0.010,23.673,93862.445,1.205,60.000
0.051,0.012,0.011,19.606,99684.664,3.635,60.000
0.000,0.012,0.011,21.812,-29181.844,5.532,60.000
0.051,0.015,0.011,20.161,103029.742,6.151,60.000
0.050,0.013,0.014,23.597,153863.281,4.397,60.000
0.048,0.014,0.012,21.038,115835.398,5.310,60.000
0.058,0.001,0.012,21.355,136721.344,0.342,60.000
0.057,0.000,0.006,19.921,76614.586,-0.813,60.000
0.054,0.000,0.003,21.121,20075.406,-0.365,60.000
0.051,0.012,0.012,20.551,127028.711,3.970,60.000
0.052,0.001,0.013,24.546,89211.633,2.191,60.000
0.046,0.001,0.016,21.095,163922.219,1.861,60.000
0.040,0.000,0.013,19.411,23989.422,-2.318,60.000
0.050,0.023,0.013,20.338,157218.688,5.564,60.000
0.051,0.020,0.011,19.504,113740.758,6.014,60.000
0.045,0.001,0.005,23.014,63451.898,0.941,60.000
0.050,0.017,0.010,19.586,101415.258,5.845,60.000
0.051,0.007,0.015,19.852,90100.273,2.906,60.000
0.051,0.017,0.012,19.855,105597.367,6.274,60.000
0.055,0.001,0.004,20.743,113291.820,0.062,60.000
0.051,0.001,0.013,30.197,1791.391,1.562,60.000
0.060,0.001,0.009,22.757,36489.211,-0.129,60.000
0.052,0.010,0.012,20.197,103843.852,4.394,60.000
0.049,0.002,0.006,22.474,102814.305,0.676,60.000
0.052,0.008,0.011,19.429,138738.250,3.448,60.000
0.047,0.002,0.009,22.799,102035.055,0.805,60.000
0.052,0.019,0.012,20.039,98512.430,6.289,60.000
0.050,0.023,0.013,20.578,155894.250,5.644,60.000
0.047,0.000,0.011,29.991,-29533.664,-1.585,60.000
0.050,0.000,0.021,20.030,26581.828,-1.184,60.000
0.056,0.001,0.006,22.384,110026.789,-0.103,60.000
0.049,0.010,0.012,20.325,147387.062,4.998,60.000
0.041,0.000,0.015,26.934,-4649.039,0.569,60.000
0.052,0.025,0.013,19.815,156834.438,5.484,60.000
0.099,0.012,0.011,19.020,100617.930,4.888,60.000
0.040,0.001,0.014,19.946,9335.242,-3.083,60.000
0.050,0.004,0.012,22.407,103203.086,3.886,60.000
0.051,0.008,0.012,21.991,150114.781,6.173,60.000
0.100,0.011,0.011,15.124,30667.445,7.247,60.000
0.045,0.001,0.006,23.366,72892.039,0.544,60.000
0.049,0.025,0.013,19.950,170564.188,5.762,60.000
0.050,0.027,0.011,20.308,118601.820,5.435,60.000
0.039,0.000,0.012,23.790,-58915.789,0.234,60.000
0.049,0.006,0.013,21.825,102787.414,3.293,60.000
0.055,0.000,0.013,28.175,24480.852,1.128,60.000
0.052,0.006,0.011,20.028,112149.836,3.727,60.000
0.049,0.009,0.010,21.972,111099.086,3.045,60.000
0.050,0.020,0.013,19.895,130147.414,6.778,60.000
0.050,0.005,0.015,20.542,113261.680,2.484,60.000
0.045,0.001,0.006,21.886,77396.758,0.534,60.000
0.055,0.001,0.019,20.594,99468.977,1.025,60.000
0.050,0.018,0.010,19.098,108108.523,5.925,60.000
0.049,0.007,0.015,20.290,103936.273,3.415,60.000
0.052,0.004,0.011,21.905,77290.539,3.179,60.000
0.060,0.001,0.011,19.306,127981.992,-0.169,60.000
0.045,0.000,0.016,24.827,5063.078,-0.817,60.000
0.044,0.001,0.018,20.948,94372.227,-0.346,60.000
0.049,0.012,0.010,21.028,89334.242,4.338,60.000
0.099,0.013,0.012,20.112,115696.664,5.274,60.000
0.002,0.012,0.011,18.442,29611.867,6.738,60.000
0.049,0.009,0.013,20.492,152179.719,5.435,60.000
0.050,0.007,0.010,20.841,119559.555,1.978,60.000
0.001,0.012,0.013,21.601,50912.148,5.475,60.000
0.052,0.010,0.011,19.491,109805.117,3.981,60.000
0.055,0.001,0.013,24.404,118301.180,1.182,60.000
0.052,0.008,0.011,19.381,124644.008,3.499,60.000
0.057,0.002,0.014,22.261,114014.117,0.231,60.000
0.048,0.010,0.014,21.081,151058.406,4.409,60.000
0.100,0.013,0.011,25.038,-81352.766,9.826,60.000
0.097,0.012,0.012,19.518,115560.820,4.869,60.000
0.049,0.020,0.012,20.583,128335.055,6.092,60.000
0.050,0.023,0.012,20.018,140514.344,5.903,60.000
0.049,0.009,0.014,20.789,131335.406,4.292,60.000
0.049,0.010,0.010,21.339,83834.086,3.889,60.000
0.051,0.012,0.012,20.339,119248.430,3.977,60.000
0.049,0.009,0.010,21.947,113644.648,2.611,60.000
0.051,0.003,0.012,23.455,82205.711,3.328,60.000
0.048,0.002,0.016,21.423,159135.406,1.898,60.000
0.054,0.001,0.014,27.825,48177.180,0.769,60.000
0.049,0.023,0.014,20.611,158435.938,5.779,60.000
0.048,0.006,0.012,21.965,149495.844,4.345,60.000
0.003,0.012,0.012,19.707,54057.227,5.906,60.000
0.050,0.005,0.013,21.996,98452.820,3.391,60.000
0.056,0.001,0.019,19.768,98078.352,0.559,60.000
0.044,0.000,0.014,30.216,-10335.867,0.616,60.000
0.052,0.008,0.011,19.825,133895.031,3.930,60.000
0.046,0.000,0.006,25.402,-9388.617,0.841,60.000
0.044,0.001,0.010,23.968,107780.930,0.604,60.000
0.044,0.001,0.010,22.396,106192.586,0.389,60.000
0.049,0.000,0.017,26.542,132704.281,3.173,60.000
0.059,0.001,0.015,22.725,117676.461,-0.165,60.000
0.047,0.002,0.009,23.687,92572.836,1.182,60.000
0.050,0.022,0.014,20.338,132168.344,6.175,60.000
0.042,0.001,0.007,20.605,83750.133,0.343,60.000
0.098,0.014,0.011,19.242,97059.555,5.676,60.000
0.058,0.001,0.016,21.603,110622.508,0.265,60.000
0.049,0.001,0.004,20.715,114688.555,0.761,60.000
0.051,0.005,0.013,20.979,89730.602,3.215,60.000
0.050,0.007,0.014,20.876,98633.383,3.335,60.000
0.049,0.018,0.014,19.601,147177.594,7.007,60.000
0.044,0.001,0.007,24.087,30219.523,0.297,60.000
0.052,0.007,0.012,21.095,98641.383,4.289,60.000
0.044,0.001,0.006,22.638,70432.883,0.295,60.000
0.040,0.001,0.009,21.091,74924.648,0.047,60.000
0.047,0.001,0.010,22.830,106367.430,1.152,60.000
0.050,0.006,0.012,21.908,141908.219,4.988,60.000
0.050,0.001,0.007,26.240,47976.242,0.342,60.000
0.048,0.000,0.017,25.170,-38496.766,-2.022,60.000
0.000,0.013,0.011,22.444,-62123.199,6.693,60.000
0.050,0.006,0.010,20.019,141127.688,2.714,60.000
0.042,0.000,0.014,24.850,16377.633,-2.386,60.000
0.052,0.012,0.014,22.280,126217.180,3.446,60.000
0.051,0.022,0.011,19.607,121308.258,5.762,60.000
0.055,0.001,0.007,24.611,52979.648,-0.260,60.000
0.051,0.025,0.014,20.194,153282.312,5.868,60.000
0.052,0.000,0.020,19.342,21135.727,-0.625,60.000
0.052,0.015,0.012,19.819,110291.570,4.546,60.000
0.050,0.009,0.010,21.310,105821.758,3.087,60.000
0.058,0.001,0.014,23.081,124799.195,-0.004,60.000
0.049,0.002,0.015,22.122,133417.031,2.283,60.000
0.052,0.006,0.011,20.150,115423.289,3.839,60.000
0.043,0.000,0.014,24.771,38946.898,-0.870,60.000
0.057,0.001,0.018,20.714,101516.570,0.384,60.000
0.050,0.000,0.018,25.395,3266.086,-1.070,60.000
0.051,0.011,0.011,19.936,115320.445,3.840,60.000
0.050,0.013,0.011,20.421,109477.820,4.363,60.000
0.100,0.012,0.012,22.967,-98316.922,8.975,60.000
0.049,0.013,0.010,20.679,75994.633,4.803,60.000
0.050,0.008,0.012,21.640,143149.281,6.194,60.000
0.053,0.000,0.005,23.893,5828.477,-0.125,60.000
0.049,0.001,0.017,26.944,92736.602,1.187,60.000
0.048,0.005,0.013,22.447,105852.352,3.257,60.000
0.049,0.013,0.014,23.402,160998.781,4.562,60.000
0.055,0.000,0.010,31.682,49639.242,1.221,60.000
0.049,0.027,0.011,20.712,125837.586,3.665,60.000
0.051,0.003,0.013,21.936,92532.211,2.694,60.000
0.051,0.000,0.019,22.047,107592.867,1.757,60.000
0.047,0.001,0.004,20.808,93554.195,0.661,60.000
0.056,0.000,0.015,23.673,50016.352,0.211,60.000
0.051,0.012,0.010,19.246,87715.992,4.013,60.000
0.050,0.005,0.013,21.701,100245.164,3.461,60.000
0.099,0.012,0.011,18.957,100870.383,4.970,60.000
0.058,0.001,0.013,22.658,122264.883,-0.038,60.000
0.048,0.001,0.023,21.460,137563.219,1.746,60.000
0.050,0.004,0.012,22.518,97781.695,3.702,60.000
0.048,0.001,0.013,24.935,129291.445,2.834,60.000
0.002,0.010,0.013,20.237,50095.445,5.915,60.000
0.045,0.001,0.011,22.262,100108.977,0.305,60.000
0.052,0.003,0.011,22.516,57294.398,2.972,60.000
0.050,0.001,0.005,21.906,112055.664,0.454,60.000
0.051,0.007,0.010,19.745,144482.719,2.607,60.000
0.052,0.017,0.011,19.110,94141.148,5.801,60.000
0.050,0.011,0.011,20.054,94986.461,4.085,60.000
0.048,0.025,0.013,20.463,155572.938,5.955,60.000
0.049,0.008,0.010,21.087,134652.750,3.443,60.000
0.002,0.012,0.012,19.985,56661.492,6.083,60.000
0.042,0.001,0.009,22.765,77470.258,0.090,60.000
0.053,0.001,0.004,21.213,91403.664,0.085,60.000
0.045,0.000,0.011,32.993,3619.953,1.313,60.000
0.049,0.001,0.002,21.737,81610.023,0.294,60.000
0.050,0.000,0.016,29.608,16823.117,-1.809,60.000
0.048,0.000,0.006,24.847,-41021.332,-0.602,60.000
0.050,0.011,0.011,19.918,89936.867,4.081,60.000
0.048,0.022,0.013,20.560,152972.469,5.547,60.000
0.045,0.002,0.013,23.195,117038.273,1.780,60.000
0.058,0.001,0.006,21.518,141157.906,0.215,60.000
0.051,0.014,0.013,22.666,140738.219,4.713,60.000
0.047,0.001,0.005,23.005,64662.539,0.843,60.000
0.050,0.006,0.015,20.116,101726.898,2.527,60.000
0.043,0.001,0.012,22.023,93947.180,-0.122,60.000
0.048,0.014,0.014,21.186,158349.094,5.325,60.000
0.002,0.011,0.011,18.257,22465.562,7.077,60.000
0.055,0.000,0.018,22.227,7003.273,-0.777,60.000
0.058,0.001,0.009,21.471,119061.883,0.144,60.000
0.051,0.005,0.012,21.187,110179.477,4.202,60.000
0.049,0.009,0.013,20.522,154939.062,5.180,60.000
0.053,0.001,0.004,21.185,91041.336,0.153,60.000
0.048,0.008,0.013,20.933,162178.688,4.919,60.000
0.052,0.001,0.019,23.081,62399.523,0.927,60.000
0.051,0.001,0.015,27.908,51169.414,1.292,60.000
0.049,0.027,0.012,19.752,135708.281,3.608,60.000
0.051,0.001,0.017,24.679,111709.914,1.972,60.000
0.049,0.001,0.008,23.829,101327.070,0.903,60.000
0.052,0.000,0.011,32.633,8792.297,0.569,60.000
0.052,0.018,0.013,20.473,88829.320,6.387,60.000
0.051,0.023,0.012,19.700,136974.156,5.536,60.000
0.049,0.017,0.013,20.400,133906.719,7.025,60.000
0.047,0.001,0.015,29.799,23922.047,0.150,60.000
0.097,0.012,0.011,18.756,101742.820,4.834,60.000
0.050,0.025,0.013,19.842,172541.094,5.606,60.000
0.044,0.001,0.009,25.561,25762.742,-0.702,60.000
0.051,0.001,0.016,23.476,116266.945,1.854,60.000
0.050,0.027,0.010,21.993,123032.336,5.704,60.000
0.052,0.006,0.011,19.973,116941.086,3.487,60.000
0.057,0.001,0.013,22.197,115107.367,0.496,60.000
0.050,0.000,0.013,28.651,58155.086,0.836,60.000
0.047,0.000,0.008,27.750,-24896.414,1.093,60.000
0.047,0.001,0.020,20.681,128892.273,1.220,60.000
0.050,0.005,0.009,22.267,89323.820,1.082,60.000
0.040,0.001,0.016,19.369,74335.789,-0.728,60.000
0.052,0.027,0.012,22.243,139032.469,6.016,60.000
0.048,0.001,0.020,21.502,132897.844,1.355,60.000
0.049,0.019,0.012,20.420,134252.406,6.363,60.000
0.049,0.002,0.010,24.048,66663.789,1.203,60.000
0.052,0.004,0.014,19.654,94459.383,2.201,60.000
0.052,0.010,0.014,20.220,104716.070,3.417,60.000
0.045,0.001,0.006,22.003,79437.070,0.555,60.000
0.044,0.001,0.016,20.753,138140.031,0.299,60.000
0.051,0.025,0.010,21.380,115807.867,5.802,60.000
0.049,0.000,0.021,25.211,-72613.180,-1.180,60.000
0.050,0.014,0.010,20.267,80918.352,5.438,60.000
0.053,0.001,0.022,20.891,118822.273,1.885,60.000
0.053,0.000,0.015,27.760,18399.266,0.401,60.000
0.051,0.001,0.010,24.868,48678.211,1.123,60.000
0.049,0.023,0.011,20.440,133540.469,6.498,60.000
0.052,0.001,0.010,24.960,54069.102,1.123,60.000
0.059,0.001,0.009,22.780,112747.461,0.283,60.000
0.052,0.004,0.014,19.655,100897.758,2.257,60.000
0.054,0.002,0.015,23.053,91261.398,0.716,60.000
0.048,0.012,0.013,20.880,151530.938,3.989,60.000
0.050,0.006,0.009,21.749,101885.711,1.382,60.000
0.052,0.001,0.004,21.642,108286.883,0.396,60.000
0.050,0.023,0.014,20.555,150044.531,5.838,60.000
0.051,0.001,0.013,28.643,102462.867,2.575,60.000
0.057,0.000,0.018,20.346,53497.664,-0.226,60.000
0.003,0.012,0.012,19.453,51794.742,6.123,60.000
0.048,0.010,0.012,20.582,144713.250,4.615,60.000
0.050,0.008,0.012,21.408,143726.250,5.982,60.000
0.051,0.009,0.012,20.852,122065.492,5.183,60.000
0.059,0.001,0.018,20.495,106982.758,0.244,60.000
0.057,0.001,0.012,23.497,125777.477,0.552,60.000
0.055,0.000,0.013,33.147,43290.164,0.615,60.000
0.050,0.001,0.017,27.057,30389.164,0.377,60.000
0.044,0.001,0.004,21.360,89575.367,1.067,60.000
0.050,0.018,0.014,19.874,146545.188,7.376,60.000
0.058,0.001,0.013,21.698,121248.789,0.049,60.000
0.059,0.001,0.007,20.645,142719.844,0.021,60.000
0.040,0.001,0.015,20.573,33061.883,-2.021,60.000
0.050,0.025,0.013,19.786,173744.062,5.586,60.000
0.050,0.012,0.009,20.644,66006.195,3.943,60.000
0.058,0.001,0.007,20.859,137079.938,-0.090,60.000
0.047,0.001,0.009,23.897,107555.914,0.999,60.000
0.058,0.000,0.017,24.427,19365.586,-0.349,60.000
0.050,0.003,0.010,21.995,73483.852,1.854,60.000
0.050,0.001,0.017,24.018,129413.961,1.877,60.000
0.052,0.002,0.014,24.124,87301.570,1.410,60.000
0.042,0.001,0.017,19.485,112502.430,-0.446,60.000
0.053,0.001,0.016,26.025,54047.242,0.732,60.000
0.050,0.020,0.010,18.317,98216.820,5.970,60.000
0.058,0.001,0.017,20.579,97840.195,0.393,60.000
0.052,0.000,0.017,27.529,21308.617,1.003,60.000
0.049,0.025,0.014,19.945,177177.188,5.745,60.000
0.050,0.000,0.004,22.174,21689.516,0.331,60.000
0.051,0.024,0.012,19.797,154104.812,5.394,60.000
0.050,0.019,0.014,19.908,142423.375,7.300,60.000
0.049,0.000,0.022,20.887,-43113.445,-3.324,60.000
0.051,0.020,0.012,19.997,110747.336,6.257,60.000
0.054,0.000,0.020,18.726,8201.844,-1.209,60.000
0.050,0.006,0.015,19.864,101756.273,2.437,60.000
0.044,0.000,0.020,21.126,-32949.203,-1.622,60.000
0.097,0.012,0.011,18.946,101276.070,4.821,60.000
0.048,0.008,0.012,21.609,163657.312,4.817,60.000
0.056,0.001,0.011,22.508,97455.977,1.036,60.000
0.048,0.001,0.010,25.634,62293.414,1.113,60.000
0.048,0.013,0.011,21.277,89415.648,4.616,60.000
0.048,0.001,0.018,24.653,59890.867,0.250,60.000
0.046,0.001,0.006,23.324,85815.164,0.760,60.000
0.098,0.013,0.012,19.961,105690.945,4.859,60.000
0.051,0.012,0.011,20.017,114217.039,3.771,60.000
0.052,0.002,0.012,23.988,81067.102,2.653,60.000
0.051,0.020,0.013,20.146,115357.664,6.257,60.000
0.054,0.001,0.008,23.967,85537.148,0.433,60.000
0.049,0.007,0.010,21.197,135374.938,2.830,60.000
0.053,0.000,0.005,24.906,-28070.328,-0.325,60.000
0.049,0.027,0.011,20.753,138063.438,2.712,60.000
0.043,0.000,0.017,22.231,12938.438,-0.800,60.000
0.054,0.001,0.002,21.758,56757.430,-0.385,60.000
0.052,0.005,0.012,21.138,85100.227,3.566,60.000
0.051,0.001,0.015,23.321,119707.086,1.605,60.000
0.051,0.002,0.006,21.438,113838.148,0.333,60.000
0.051,0.027,0.012,19.204,106647.055,4.328,60.000
0.002,0.011,0.011,18.706,26895.477,6.799,60.000
0.052,0.025,0.013,19.639,161069.750,5.463,60.000
0.042,0.001,0.013,22.718,64897.695,-0.834,60.000
0.048,0.008,0.010,22.174,124029.477,2.130,60.000
0.048,0.026,0.013,20.375,162581.031,6.142,60.000
0.059,0.000,0.007,24.703,-34725.781,2.103,60.000
0.098,0.010,0.012,20.293,137878.594,4.918,60.000
0.051,0.010,0.013,20.060,106097.023,4.665,60.000
0.048,0.014,0.011,21.023,103416.133,5.653,60.000
0.059,0.001,0.009,21.058,123368.523,0.192,60.000
0.053,0.000,0.004,21.286,46719.055,-0.134,60.000
0.055,0.001,0.009,24.945,76436.664,0.396,60.000
0.052,0.000,0.006,23.920,10942.266,0.407,60.000
0.052,0.013,0.013,22.666,122058.148,4.143,60.000
0.041,0.001,0.011,21.868,81061.805,-0.436,60.000
0.051,0.024,0.013,19.929,159340.688,5.410,60.000
0.053,0.001,0.019,21.095,105528.070,1.814,60.000
0.051,0.007,0.012,21.614,131871.344,5.177,60.000
0.002,0.012,0.013,20.623,73418.789,5.518,60.000
0.098,0.012,0.012,19.786,127639.023,4.976,60.000
0.051,0.006,0.012,21.658,109381.727,4.577,60.000
0.049,0.002,0.005,22.301,105653.492,0.641,60.000
0.055,0.001,0.012,26.035,84325.805,1.400,60.000
0.051,0.023,0.014,20.116,127774.242,5.997,60.000
0.051,0.012,0.011,19.390,91660.945,3.916,60.000
0.053,0.001,0.010,26.153,41939.539,0.528,60.000
0.099,0.012,0.011,21.491,74623.914,4.116,60.000
0.048,0.001,0.009,26.985,70518.648,0.398,60.000
0.043,0.001,0.008,24.773,-3379.844,-0.625,60.000
0.048,0.005,0.013,22.162,103844.258,3.005,60.000
0.049,0.015,0.011,20.682,104415.133,5.731,60.000
0.051,0.008,0.012,21.397,130450.023,5.749,60.000
0.057,0.001,0.018,20.236,105972.086,0.315,60.000
0.050,0.024,0.014,20.324,153677.375,5.810,60.000
0.050,0.004,0.012,22.570,102170.133,3.621,60.000
0.059,0.000,0.010,22.198,61652.086,-2.069,60.000
0.051,0.000,0.013,34.620,-21272.461,0.148,60.000
0.048,0.002,0.011,23.079,84333.711,1.190,60.000
0.048,0.003,0.012,22.628,117075.242,3.073,60.000
0.044,0.000,0.011,28.803,-62289.949,1.004,60.000
0.047,0.001,0.013,24.576,134117.812,2.502,60.000
0.050,0.009,0.011,20.722,147616.375,4.449,60.000
0.056,0.000,0.019,22.008,-24752.992,-1.258,60.000
0.051,0.019,0.012,19.907,118240.320,6.049,60.000
0.050,0.020,0.012,20.321,123525.445,6.003,60.000
0.048,0.008,0.011,21.643,144540.094,3.560,60.000
0.051,0.001,0.013,27.732,105602.258,2.380,60.000
0.055,0.001,0.009,24.971,63772.836,0.232,60.000
0.053,0.002,0.012,23.426,80099.164,2.211,60.000
0.055,0.000,0.019,20.967,-54940.844,-0.696,60.000
0.052,0.012,0.012,20.913,110802.445,3.697,60.000
0.052,0.001,0.018,25.462,48352.117,1.038,60.000
0.056,0.001,0.008,24.537,50797.805,-0.099,60.000
0.048,0.007,0.012,22.111,157184.469,4.826,60.000
0.055,0.001,0.016,21.476,92444.789,0.593,60.000
0.050,0.008,0.010,20.703,123862.461,2.965,60.000
0.051,0.010,0.014,21.343,121253.492,3.535,60.000
0.052,0.007,0.014,20.177,87206.180,2.672,60.000
0.002,0.013,0.013,20.694,77421.070,5.439,60.000
0.049,0.000,0.013,32.041,16515.344,1.019,60.000
0.050,0.022,0.012,20.307,141726.656,5.795,60.000
0.049,0.016,0.011,20.346,109538.148,6.587,60.000
0.049,0.000,0.006,25.960,-19352.484,0.445,60.000
0.051,0.003,0.014,23.136,91020.805,2.168,60.000
0.045,0.002,0.017,19.103,153870.594,1.263,60.000
0.050,0.023,0.013,20.793,147334.250,5.798,60.000
0.050,0.006,0.012,22.021,151917.562,5.261,60.000
0.049,0.000,0.009,28.655,-9023.688,-0.743,60.000
0.050,0.003,0.013,21.897,100275.727,2.727,60.000
0.043,0.001,0.006,21.256,74655.242,0.500,60.000
0.056,0.001,0.004,21.041,92138.961,-0.203,60.000
0.049,0.018,0.014,19.993,148340.531,7.317,60.000
0.057,0.001,0.011,24.884,80557.148,0.352,60.000
0.041,0.001,0.013,23.580,24560.516,-2.207,60.000
0.055,0.001,0.004,22.350,82371.383,-0.043,60.000
0.049,0.019,0.012,20.687,138555.938,6.217,60.000
0.052,0.017,0.012,19.520,98553.008,5.850,60.000
0.045,0.001,0.020,20.721,124465.117,1.100,60.000
0.052,0.000,0.010,31.284,-113167.141,-1.320,60.000
0.049,0.009,0.014,20.854,134463.062,4.323,60.000
0.052,0.000,0.011,29.726,33142.133,1.863,60.000
0.050,0.023,0.011,20.462,114411.836,6.203,60.000
0.053,0.001,0.019,22.151,110720.086,1.834,60.000
0.051,0.025,0.014,20.030,160707.438,5.750,60.000
0.053,0.000,0.014,30.432,-16228.992,0.112,60.000
0.050,0.018,0.014,20.071,147197.938,7.376,60.000
0.051,0.007,0.010,19.345,152418.219,2.981,60.000
0.050,0.019,0.014,19.963,132029.812,7.173,60.000
0.050,0.006,0.012,21.550,133500.406,4.725,60.000
0.050,0.022,0.013,20.615,144219.219,5.687,60.000
0.048,0.000,0.017,25.714,34200.133,-0.325,60.000
0.049,0.003,0.011,22.392,100355.992,2.847,60.000
0.053,0.000,0.022,19.067,-15751.406,-0.936,60.000
0.042,0.001,0.006,21.121,81399.258,1.329,60.000
0.041,0.001,0.010,24.410,-12602.523,-1.781,60.000
0.049,0.014,0.014,21.991,161549.281,4.986,60.000
0.051,0.025,0.013,19.928,158521.188,5.632,60.000
0.049,0.007,0.010,20.763,151791.719,2.915,60.000
0.050,0.016,0.011,19.774,98067.805,6.194,60.000
0.050,0.001,0.016,27.656,28667.664,0.339,60.000
0.050,0.011,0.011,20.309,98363.086,4.155,60.000
0.050,0.003,0.015,21.718,125437.914,2.428,60.000
0.049,0.007,0.011,21.216,163706.188,3.633,60.000
0.048,0.022,0.011,20.740,132987.062,6.832,60.000
0.049,0.025,0.010,21.467,129033.805,6.192,60.000
0.055,0.001,0.007,23.736,95915.227,0.144,60.000
0.056,0.001,0.006,24.316,24357.211,-0.364,60.000
0.050,0.000,0.017,28.336,34950.430,0.379,60.000
0.052,0.014,0.013,21.907,116728.773,4.209,60.000
0.048,0.008,0.010,22.119,116783.352,2.594,60.000
0.052,0.006,0.013,20.969,82603.289,3.291,60.000
0.050,0.013,0.014,23.237,153928.812,4.341,60.000
0.050,0.013,0.011,20.222,101116.508,4.322,60.000
0.057,0.000,0.013,28.589,8649.227,0.941,60.000
0.050,0.001,0.005,22.778,102082.180,0.373,60.000
0.050,0.022,0.011,20.139,114342.758,6.318,60.000
0.049,0.020,0.010,19.713,121260.836,6.766,60.000
0.060,0.001,0.008,23.466,59473.508,0.182,60.000
0.048,0.001,0.011,28.088,-16341.227,-0.736,60.000
0.051,0.024,0.012,19.800,148070.125,5.573,60.000
0.051,0.007,0.013,21.235,107858.992,4.497,60.000
0.050,0.001,0.021,23.168,71965.852,1.020,60.000
0.055,0.001,0.019,22.023,101860.508,1.207,60.000
0.049,0.022,0.011,20.492,131707.344,6.749,60.000
0.051,0.012,0.012,20.355,117487.289,3.973,60.000
0.050,0.011,0.009,21.134,73590.523,3.720,60.000
0.052,0.024,0.012,19.631,141003.875,5.270,60.000
0.053,0.001,0.012,31.045,-19436.195,1.271,60.000
0.049,0.010,0.012,20.456,148150.125,5.278,60.000
0.052,0.001,0.010,26.923,42282.836,1.622,60.000
0.049,0.003,0.011,22.095,97658.914,2.533,60.000
0.041,0.001,0.011,22.442,79164.977,-0.369,60.000
0.053,0.001,0.022,20.840,116607.070,1.870,60.000
0.048,0.015,0.012,20.942,132111.062,5.667,60.000
0.050,0.022,0.013,20.861,132054.906,6.008,60.000
0.049,0.020,0.014,19.696,131762.188,6.445,60.000
0.051,0.001,0.003,21.501,75248.211,0.142,60.000
0.049,0.009,0.010,21.878,111073.570,2.970,60.000
0.051,0.000,0.005,22.685,16404.836,-0.220,60.000
0.050,0.007,0.011,21.040,164496.875,4.465,60.000
0.057,0.000,0.018,21.140,14807.352,-1.659,60.000
0.048,0.002,0.015,23.476,151196.938,2.323,60.000
0.049,0.008,0.011,21.745,173476.906,5.218,60.000
0.049,0.001,0.007,24.520,106089.383,0.765,60.000
0.050,0.021,0.013,20.807,135174.844,6.065,60.000
0.050,0.026,0.014,19.526,158846.969,4.712,60.000
0.002,0.012,0.011,18.358,32152.195,6.774,60.000
0.051,0.008,0.013,20.761,112580.992,4.662,60.000
0.052,0.011,0.013,20.606,109263.086,4.068,60.000
0.044,0.000,0.009,24.962,13359.430,-1.320,60.000
0.098,0.012,0.011,19.047,100578.836,4.891,60.000
0.048,0.001,0.008,24.993,94117.758,0.796,60.000
0.051,0.001,0.007,23.682,100135.867,0.789,60.000
0.046,0.001,0.004,22.325,45224.727,0.942,60.000
0.053,0.001,0.011,24.068,50058.367,2.635,60.000
0.049,0.022,0.011,20.552,128540.727,6.822,60.000
0.051,0.021,0.013,20.410,119801.320,6.283,60.000
0.050,0.020,0.013,19.802,134089.656,6.738,60.000
0.050,0.020,0.011,19.154,103901.352,5.931,60.000
0.055,0.000,0.013,28.803,22291.445,0.990,60.000
0.042,0.001,0.017,20.209,113967.602,-0.372,60.000
0.048,0.010,0.014,21.327,156362.344,4.293,60.000
0.056,0.001,0.017,20.187,90354.164,0.381,60.000
0.048,0.002,0.009,23.873,99388.523,1.070,60.000
0.098,0.012,0.012,19.797,124878.977,4.991,60.000
0.049,0.001,0.006,22.945,105555.945,0.797,60.000
0.051,0.014,0.014,22.963,144429.219,4.733,60.000
0.044,0.000,0.010,25.525,-3047.797,-1.971,60.000
0.050,0.018,0.014,19.859,143067.531,7.378,60.000
0.059,0.000,0.006,21.392,2977.859,-1.084,60.000
0.048,0.024,0.011,21.377,141337.344,6.929,60.000
0.052,0.000,0.022,20.315,-2352.742,-1.226,60.000
0.050,0.012,0.011,20.331,107020.039,4.152,60.000
0.051,0.001,0.012,28.646,6817.742,1.644,60.000
0.060,0.001,0.016,21.758,118439.711,-0.225,60.000
0.048,0.006,0.011,20.803,148199.406,2.550,60.000
0.052,0.000,0.001,22.562,14799.656,-0.364,60.000
0.051,0.024,0.013,19.780,154852.250,5.386,60.000
0.047,0.000,0.019,21.349,31132.383,-0.469,60.000
0.050,0.011,0.012,20.274,128198.211,4.381,60.000
0.053,0.001,0.016,22.905,95387.383,1.195,60.000
0.047,0.001,0.007,23.838,102414.336,0.593,60.000
0.002,0.011,0.013,20.781,65746.867,5.633,60.000
0.053,0.001,0.013,31.036,-25658.898,1.376,60.000
0.059,0.000,0.010,23.985,-25863.406,0.468,60.000
0.051,0.015,0.013,20.691,120081.383,5.745,60.000
0.048,0.004,0.010,22.383,94851.305,1.495,60.000
0.050,0.002,0.006,21.912,107895.773,0.564,60.000
0.053,0.000,0.010,29.227,-46363.477,0.511,60.000
0.044,0.000,0.007,27.683,-50786.633,1.099,60.000
0.050,0.002,0.016,23.226,126558.461,1.906,60.000
0.049,0.025,0.012,20.408,147192.875,6.513,60.000
0.047,0.002,0.011,23.240,95111.648,1.668,60.000
0.060,0.001,0.009,23.371,31640.430,-0.027,60.000
0.051,0.010,0.014,20.635,123771.242,3.972,60.000
0.045,0.000,0.016,26.852,-18421.297,-1.966,60.000
0.052,0.001,0.016,24.606,102539.898,1.569,60.000
0.041,0.000,0.018,20.956,75405.727,0.522,60.000
0.051,0.016,0.013,21.086,130032.930,6.563,60.000
0.051,0.012,0.014,22.874,143663.312,3.966,60.000
0.048,0.017,0.013,19.648,135228.094,6.308,60.000
0.050,0.007,0.014,20.665,99618.023,3.271,60.000
0.051,0.009,0.010,18.994,135574.000,3.564,60.000
0.042,0.001,0.012,22.180,79377.273,-0.622,60.000
0.049,0.001,0.009,25.197,75409.430,0.673,60.000
0.050,0.000,0.018,25.035,27258.305,0.059,60.000
0.048,0.026,0.013,20.711,165647.406,6.228,60.000
0.052,0.005,0.010,20.316,95347.523,1.962,60.000
0.052,0.005,0.013,20.118,84759.648,2.532,60.000
0.051,0.023,0.013,20.152,152396.031,5.463,60.000
0.051,0.026,0.013,20.023,180771.469,5.567,60.000
0.049,0.001,0.018,22.546,137301.750,1.995,60.000
0.043,0.001,0.009,23.764,108986.430,0.525,60.000
0.054,0.001,0.006,21.628,105532.961,0.165,60.000
0.056,0.001,0.018,22.383,80561.258,-0.042,60.000
0.049,0.025,0.014,20.188,166272.438,5.827,60.000
0.044,0.001,0.015,19.838,137066.281,0.831,60.000
0.048,0.000,0.008,28.993,-58578.555,0.377,60.000
0.052,0.027,0.013,17.760,97451.117,1.766,60.000
0.049,0.016,0.010,20.014,115430.492,6.273,60.000
0.051,0.025,0.010,20.817,107976.680,5.645,60.000
0.042,0.000,0.009,24.692,-6796.992,1.401,60.000
0.050,0.006,0.010,21.135,110452.992,1.689,60.000
0.041,0.001,0.009,24.063,13793.281,-0.398,60.000
0.050,0.004,0.011,21.847,97425.258,3.306,60.000
0.049,0.012,0.013,21.788,159476.250,4.156,60.000
0.051,0.019,0.013,20.562,125609.117,7.259,60.000
0.055,0.001,0.021,20.125,107641.711,1.644,60.000
0.050,0.015,0.011,20.550,99607.305,6.073,60.000
0.049,0.027,0.014,22.222,135571.094,7.369,60.000
0.051,0.021,0.011,19.572,114812.555,5.890,60.000
0.055,0.001,0.008,22.864,96169.523,0.182,60.000
0.047,0.001,0.005,21.968,93063.008,0.727,60.000
0.059,0.001,0.008,21.240,119413.758,0.167,60.000
0.048,0.002,0.011,22.450,88561.164,1.949,60.000
0.051,0.002,0.012,24.015,90256.070,2.845,60.000
0.048,0.001,0.019,23.270,36506.789,-0.105,60.000
0.046,0.000,0.013,32.350,-36205.195,0.152,60.000
0.057,0.000,0.010,23.855,-19269.906,1.332,60.000
0.054,0.000,0.015,25.589,15857.422,-0.097,60.000
0.056,0.001,0.020,19.776,103857.555,1.047,60.000
0.057,0.001,0.004,20.951,69783.508,-0.501,60.000
0.048,0.009,0.011,21.586,144107.125,3.954,60.000
0.054,0.002,0.009,24.086,77102.398,0.450,60.000
0.059,0.001,0.010,23.928,1415.008,-0.422,60.000
0.049,0.009,0.014,20.566,123443.836,4.265,60.000
0.047,0.002,0.016,21.286,161180.125,1.856,60.000
0.049,0.021,0.010,20.454,122278.773,6.662,60.000
0.050,0.001,0.012,28.363,17053.789,1.594,60.000
0.054,0.001,0.017,21.653,92093.086,1.178,60.000
0.052,0.001,0.008,25.103,87942.492,0.506,60.000
0.098,0.011,0.012,19.772,129254.070,4.973,60.000
0.050,0.012,0.012,20.682,131120.406,4.158,60.000
0.049,0.005,0.010,21.523,112660.242,1.945,60.000
0.049,0.013,0.011,20.802,104398.883,4.659,60.000
0.051,0.008,0.012,21.843,139706.594,6.112,60.000
0.051,0.001,0.020,23.848,16560.383,-0.156,60.000
0.052,0.003,0.013,22.226,82603.430,2.912,60.000
0.058,0.001,0.006,24.110,100409.680,0.277,60.000
0.053,0.002,0.009,24.461,75997.633,0.408,60.000
0.061,0.000,0.010,18.339,96291.711,-0.719,60.000
0.050,0.020,0.011,20.081,119116.617,6.205,60.000
0.049,0.027,0.012,20.363,175294.562,8.516,60.000
0.052,0.013,0.013,21.735,123800.305,3.924,60.000
0.049,0.007,0.014,20.564,107393.930,3.425,60.000
0.041,0.001,0.015,19.669,67411.570,-1.047,60.000
0.049,0.012,0.014,23.040,155352.125,3.965,60.000
0.049,0.020,0.013,20.503,141275.688,5.915,60.000
0.055,0.002,0.006,21.622,106653.477,0.085,60.000
0.043,0.000,0.008,24.013,-54869.621,0.359,60.000
0.050,0.006,0.010,21.386,102337.305,1.502,60.000
0.048,0.006,0.012,22.281,129032.211,3.756,60.000
0.050,0.021,0.011,19.614,115375.023,6.084,60.000
0.049,0.027,0.011,20.924,158744.094,4.054,60.000
0.057,0.001,0.004,19.174,132766.562,0.035,60.000
0.051,0.001,0.014,28.629,99496.664,1.797,60.000
0.042,0.000,0.014,25.067,-223.938,-2.972,60.000
0.051,0.001,0.017,28.407,-1530.695,-0.622,60.000
0.048,0.003,0.012,22.243,118910.055,2.809,60.000
0.045,0.000,0.011,29.382,-16701.820,-1.857,60.000
0.049,0.004,0.010,22.064,90463.789,1.498,60.000
0.056,0.001,0.021,19.437,112739.789,1.277,60.000
0.044,0.001,0.017,19.994,138309.875,0.321,60.000
0.048,0.000,0.019,21.339,-16180.867,-1.745,60.000
0.052,0.012,0.011,19.211,102426.117,3.055,60.000
0.050,0.016,0.012,20.414,115272.852,6.192,60.000
0.042,0.001,0.009,23.438,32746.430,-0.611,60.000
0.052,0.014,0.013,22.567,129521.055,4.478,60.000
0.057,0.000,0.004,19.415,73395.945,0.072,60.000
0.046,0.001,0.009,23.904,109880.617,0.550,60.000
0.048,0.024,0.012,20.330,147290.438,6.149,60.000
0.046,0.001,0.014,24.677,146929.406,2.068,60.000
0.053,0.000,0.004,22.071,39632.367,-0.185,60.000
0.042,0.001,0.007,22.711,23476.891,-0.111,60.000
0.043,0.002,0.012,20.844,102684.352,-0.074,60.000
0.051,0.004,0.011,21.841,88216.273,2.894,60.000
0.042,0.001,0.009,22.847,41867.820,-0.476,60.000
0.050,0.023,0.014,20.274,139541.875,5.950,60.000
0.044,0.000,0.015,27.014,63052.523,0.482,60.000
0.050,0.001,0.020,23.214,126847.133,1.860,60.000
0.048,0.009,0.011,21.530,146757.656,4.214,60.000
0.050,0.016,0.014,21.209,145998.219,6.300,60.000
0.049,0.000,0.002,19.982,17820.336,-0.470,60.000
0.048,0.003,0.013,23.284,120396.664,2.917,60.000
0.052,0.013,0.011,19.901,89628.727,4.003,60.000
0.049,0.020,0.011,19.849,119401.977,6.424,60.000
0.049,0.008,0.011,21.612,165258.938,4.973,60.000
0.048,0.021,0.013,20.844,146375.594,5.722,60.000
0.044,0.001,0.012,23.044,100444.055,0.273,60.000
0.051,0.001,0.019,22.391,111287.555,2.135,60.000
0.048,0.007,0.011,22.116,155687.812,4.174,60.000
0.098,0.010,0.012,20.120,133506.094,4.801,60.000
0.050,0.011,0.010,20.362,66337.961,3.986,60.000
0.049,0.000,0.009,28.511,19519.211,0.229,60.000
0.051,0.015,0.014,22.281,146455.875,5.725,60.000
0.050,0.001,0.010,25.679,58972.352,0.801,60.000
0.045,0.000,0.012,30.917,-73551.914,-0.037,60.000
0.052,0.013,0.013,21.957,110824.070,3.915,60.000
0.048,0.000,0.015,31.258,-5134.734,1.011,60.000
0.049,0.000,0.004,25.595,-18440.156,0.286,60.000
0.000,0.011,0.013,14.250,39145.773,8.997,60.000
0.048,0.001,0.002,22.184,2618.133,0.278,60.000
0.049,0.023,0.012,20.298,137109.844,6.144,60.000
0.048,0.010,0.011,21.374,125454.289,4.030,60.000
0.042,0.001,0.015,22.155,79368.602,0.205,60.000
0.060,0.001,0.012,19.107,141525.469,-0.690,60.000
0.049,0.021,0.012,20.483,142628.031,5.831,60.000
0.049,0.009,0.013,20.408,151067.031,5.033,60.000
0.052,0.023,0.011,19.798,128160.711,5.629,60.000
0.051,0.015,0.012,20.213,109755.039,5.543,60.000
0.051,0.007,0.014,20.690,94753.727,3.405,60.000
0.052,0.001,0.018,23.270,112271.586,2.155,60.000
0.052,0.015,0.012,20.517,100341.867,5.247,60.000
0.048,0.008,0.013,20.936,160849.438,5.102,60.000
0.049,0.015,0.011,20.577,107601.664,6.302,60.000
0.051,0.014,0.012,20.470,119542.461,4.729,60.000
0.056,0.000,0.007,23.841,31440.945,0.915,60.000
0.048,0.009,0.012,21.169,157927.812,4.498,60.000
0.051,0.001,0.015,23.310,109991.398,1.540,60.000
0.040,0.001,0.012,21.495,17617.211,-2.261,60.000
0.061,0.001,0.013,21.346,133756.656,-0.683,60.000
0.043,0.001,0.013,22.168,79216.383,-0.026,60.000
0.048,0.002,0.017,21.777,147686.781,1.725,60.000
0.041,0.001,0.013,20.608,61262.477,-1.244,60.000
0.043,0.002,0.012,20.945,108042.570,-0.112,60.000
0.049,0.012,0.010,21.144,75837.180,4.155,60.000
0.049,0.004,0.010,22.649,82237.664,1.271,60.000
0.048,0.001,0.013,26.387,133478.938,2.681,60.000
0.050,0.000,0.022,22.096,-20147.664,-1.527,60.000
0.051,0.007,0.012,22.052,124904.383,5.444,60.000
0.050,0.020,0.010,18.895,101798.586,6.176,60.000
0.051,0.008,0.014,20.439,90675.648,3.633,60.000
0.041,0.001,0.012,19.813,73943.758,-0.970,60.000
0.050,0.022,0.013,20.757,139758.438,5.761,60.000
0.050,0.027,0.011,20.621,110807.898,5.314,60.000
0.050,0.018,0.011,19.521,117249.336,6.195,60.000
0.050,0.006,0.015,20.416,101839.820,2.561,60.000
0.054,0.001,0.019,22.070,67632.617,0.759,60.000
0.049,0.005,0.012,22.289,112142.164,4.137,60.000
0.048,0.023,0.013,20.293,150790.625,5.561,60.000
0.049,0.001,0.018,22.250,133885.406,1.956,60.000
0.048,0.000,0.019,21.307,67940.633,-1.092,60.000
0.047,0.001,0.013,30.843,31341.086,0.797,60.000
0.042,0.001,0.004,21.435,95974.570,2.123,60.000
0.048,0.002,0.010,23.533,77235.805,1.371,60.000
0.049,0.025,0.014,20.233,168366.562,5.819,60.000
0.047,0.000,0.015,29.001,-17294.531,-1.548,60.000
0.055,0.000,0.017,23.941,-31098.844,-1.996,60.000
0.052,0.000,0.020,21.675,-22877.062,-2.306,60.000
0.045,0.001,0.006,21.756,75567.742,0.458,60.000
0.047,0.000,0.012,33.312,-56175.160,0.119,60.000
0.099,0.012,0.012,20.493,118733.258,5.023,60.000
0.055,0.001,0.014,23.316,105506.836,1.026,60.000
0.060,0.001,0.007,23.413,70429.211,0.379,60.000
0.043,0.001,0.018,19.949,91092.086,-0.778,60.000
0.050,0.022,0.012,20.209,148681.344,5.560,60.000
0.049,0.001,0.015,23.669,144399.969,2.042,60.000
0.051,0.001,0.012,29.136,18217.281,1.833,60.000
0.050,0.017,0.011,19.886,116378.383,6.384,60.000
0.051,0.002,0.017,23.305,115457.430,2.034,60.000
0.056,0.001,0.014,24.070,111853.070,0.720,60.000
0.049,0.018,0.010,19.362,115765.164,6.208,60.000
0.050,0.019,0.012,20.346,129128.664,6.316,60.000
0.049,0.005,0.010,21.406,111330.617,2.119,60.000
0.050,0.001,0.007,27.605,59417.805,0.657,60.000
0.050,0.001,0.007,25.719,15673.477,-0.325,60.000
0.054,0.000,0.012,30.344,29452.414,0.059,60.000
0.051,0.001,0.021,22.120,122324.117,1.899,60.000
0.051,0.011,0.014,21.805,124118.383,3.705,60.000
0.043,0.001,0.019,20.144,116454.430,0.245,60.000
0.050,0.008,0.013,20.911,137978.094,5.198,60.000
0.048,0.015,0.014,20.682,147059.469,5.852,60.000
0.046,0.001,0.018,22.508,136328.938,1.107,60.000
0.050,0.021,0.010,19.589,111821.508,6.299,60.000
0.039,0.001,0.013,19.693,45371.898,-1.481,60.000
0.060,0.000,0.010,22.371,-14200.625,0.802,60.000
0.052,0.008,0.013,19.805,73548.852,3.078,60.000
0.052,0.019,0.012,19.971,95943.898,6.125,60.000
0.041,0.001,0.014,19.897,49189.367,-0.928,60.000
0.051,0.022,0.011,19.738,100927.695,5.991,60.000
0.050,0.009,0.015,21.424,122545.805,3.508,60.000
0.052,0.017,0.012,20.336,100367.383,6.431,60.000
0.051,0.002,0.005,21.527,116182.633,0.537,60.000
0.058,0.001,0.012,20.000,139661.281,0.353,60.000
0.051,0.011,0.012,20.363,121308.430,4.332,60.000
0.044,0.000,0.008,26.976,-7575.266,3.257,60.000
0.053,0.001,0.009,24.729,71785.758,0.749,60.000
0.056,0.001,0.003,20.253,125318.086,0.158,60.000
0.052,0.024,0.012,19.656,145772.469,5.336,60.000
0.051,0.004,0.009,22.453,80048.789,0.994,60.000
0.053,0.001,0.009,24.988,76961.430,0.482,60.000
0.048,0.023,0.011,21.422,136339.812,6.763,60.000
0.049,0.018,0.011,19.999,127735.039,6.397,60.000
0.050,0.015,0.013,21.246,146852.625,5.509,60.000
0.050,0.010,0.011,19.670,112946.695,4.079,60.000
0.054,0.002,0.013,23.422,88131.430,1.314,60.000
0.049,0.006,0.011,20.814,155110.281,3.513,60.000
0.049,0.003,0.011,22.541,81723.914,2.253,60.000
0.044,0.000,0.006,24.565,15591.727,1.738,60.000
0.050,0.017,0.013,20.372,133103.812,7.434,60.000
0.049,0.026,0.013,20.154,171508.594,6.112,60.000
0.050,0.025,0.014,19.911,165471.625,5.942,60.000
0.053,0.001,0.022,20.695,118363.492,1.914,60.000
0.051,0.026,0.014,19.875,167901.938,5.630,60.000
0.054,0.001,0.015,22.586,93025.195,0.830,60.000
0.003,0.011,0.012,19.808,49681.336,5.885,60.000
0.051,0.023,0.014,20.365,132219.594,5.943,60.000
0.048,0.002,0.018,21.559,132400.562,1.753,60.000
0.044,0.001,0.007,21.711,89112.602,0.553,60.000
0.048,0.002,0.017,21.645,149706.500,1.660,60.000
0.045,0.001,0.008,26.495,-37504.141,-0.664,60.000
0.051,0.018,0.011,19.359,97006.570,5.989,60.000
0.056,0.002,0.011,20.523,104208.133,0.884,60.000
0.050,0.004,0.014,20.853,112974.336,2.507,60.000
0.050,0.003,0.010,22.617,67484.336,2.077,60.000
0.052,0.008,0.010,18.779,131231.656,2.866,60.000
0.049,0.006,0.012,22.409,138007.469,4.663,60.000
0.049,0.023,0.010,20.957,127839.727,6.528,60.000
0.049,0.025,0.014,20.085,174900.094,5.827,60.000
0.044,0.000,0.007,24.738,-48564.250,-1.046,60.000
0.052,0.026,0.012,20.091,143583.906,5.648,60.000
0.051,0.005,0.012,21.700,99969.367,4.109,60.000
0.049,0.005,0.011,20.903,123802.695,2.378,60.000
0.051,0.002,0.007,23.620,96740.258,0.614,60.000
0.048,0.018,0.011,20.179,132789.188,6.458,60.000
0.058,0.001,0.009,21.614,117733.383,0.019,60.000
0.047,0.001,0.017,25.863,36752.445,-0.521,60.000
0.050,0.001,0.011,27.813,12187.438,1.395,60.000
0.050,0.017,0.014,20.467,147510.281,6.821,60.000
0.058,0.001,0.011,20.706,104733.523,-0.035,60.000
0.050,0.005,0.011,20.471,125392.398,3.107,60.000
0.050,0.010,0.012,20.566,131742.219,5.034,60.000
0.049,0.008,0.013,21.215,153287.281,5.626,60.000
0.059,0.001,0.012,20.831,128360.070,-0.111,60.000
0.048,0.017,0.013,19.887,143993.188,6.573,60.000
0.049,0.007,0.011,22.035,165902.938,4.985,60.000
0.040,0.000,0.014,19.569,27753.039,-1.733,60.000
0.056,0.001,0.012,24.025,113570.383,1.126,60.000
0.049,0.003,0.011,22.235,90205.727,2.167,60.000
0.043,0.002,0.010,22.055,109973.133,0.008,60.000
0.040,0.000,0.011,21.918,-50969.504,-2.691,60.000
0.059,0.000,0.011,23.310,29672.227,0.866,60.000
0.048,0.000,0.003,20.602,-12631.695,-0.387,60.000
0.049,0.012,0.014,22.839,154547.906,3.888,60.000
0.048,0.024,0.012,20.383,154064.312,6.008,60.000
0.056,0.002,0.010,21.838,79311.273,0.565,60.000
0.052,0.009,0.013,19.503,81267.555,3.477,60.000
0.041,0.000,0.011,26.416,-103074.461,0.735,60.000
0.099,0.012,0.012,20.151,112247.867,5.293,60.000
0.051,0.017,0.010,19.092,96587.586,5.743,60.000
0.052,0.001,0.016,24.064,109553.727,1.668,60.000
0.057,0.001,0.010,23.080,87394.773,0.367,60.000
0.049,0.003,0.012,23.345,111009.242,3.302,60.000
0.049,0.001,0.014,28.458,120798.414,1.897,60.000
0.059,0.001,0.011,23.250,37528.586,-0.183,60.000
0.048,0.009,0.012,21.139,149704.531,4.485,60.000
0.056,0.000,0.018,20.112,-24288.531,-0.205,60.000
0.049,0.014,0.013,20.902,155105.562,5.517,60.000
0.048,0.003,0.013,22.039,115445.523,2.835,60.000
0.050,0.006,0.010,21.259,116294.508,1.802,60.000
0.052,0.021,0.012,20.129,108330.945,5.801,60.000
0.050,0.004,0.011,21.709,87167.117,2.229,60.000
0.049,0.021,0.010,19.755,114491.648,6.540,60.000
0.050,0.027,0.014,15.987,85231.711,2.001,60.000
0.048,0.000,0.012,29.013,8628.438,-0.577,60.000
0.051,0.023,0.011,20.470,105869.117,5.791,60.000
0.048,0.026,0.013,20.254,168042.656,5.919,60.000
0.046,0.002,0.013,23.385,120263.867,2.025,60.000
0.058,0.001,0.005,19.239,135643.938,-0.134,60.000
0.051,0.000,0.003,21.771,-2611.984,-0.295,60.000
0.051,0.003,0.014,21.269,107647.273,2.292,60.000
0.050,0.018,0.012,19.590,123111.352,6.389,60.000
0.044,0.002,0.013,21.865,108979.539,1.166,60.000
0.050,0.001,0.002,21.967,8644.062,-0.312,60.000
0.045,0.000,0.003,23.395,-54526.422,-0.764,60.000
0.050,0.002,0.017,23.387,123579.289,2.072,60.000
0.051,0.001,0.007,27.019,43974.336,0.284,60.000
0.050,0.002,0.011,23.411,62388.117,2.625,60.000
0.052,0.010,0.014,20.651,100642.305,3.343,60.000
0.056,0.002,0.014,22.469,110860.039,0.379,60.000
0.040,0.001,0.014,19.740,47755.414,-1.412,60.000
0.045,0.002,0.014,22.118,160887.812,1.967,60.000
0.053,0.000,0.004,22.768,34778.273,-0.105,60.000
0.051,0.016,0.012,20.133,114831.211,6.572,60.000
0.044,0.000,0.015,28.953,36273.305,2.179,60.000
0.050,0.001,0.003,20.867,97453.602,0.235,60.000
0.056,0.000,0.008,22.834,18250.617,-1.242,60.000
0.049,0.022,0.011,20.504,130231.789,6.514,60.000
0.049,0.009,0.012,21.017,160287.094,5.297,60.000
0.050,0.022,0.012,19.999,138475.188,5.919,60.000
0.054,0.001,0.004,21.789,85207.102,-0.145,60.000
0.043,0.001,0.015,20.594,96677.648,0.828,60.000
0.058,0.000,0.007,21.686,9080.883,-0.524,60.000
0.047,0.001,0.003,22.689,77948.836,0.992,60.000
0.049,0.000,0.018,24.027,17627.797,-0.590,60.000
0.098,0.012,0.011,19.029,116397.430,4.784,60.000
0.051,0.018,0.011,18.931,99648.477,5.770,60.000
0.041,0.000,0.012,21.669,-8096.203,-0.930,60.000
0.046,0.001,0.014,26.200,137681.406,2.126,60.000
0.049,0.011,0.011,20.703,118956.430,4.101,60.000
0.050,0.014,0.010,20.264,78041.617,5.248,60.000
0.046,0.000,0.016,29.032,-32309.102,-3.011,60.000
0.050,0.019,0.010,18.584,102665.070,5.932,60.000
0.040,0.001,0.012,19.826,59139.508,-1.195,60.000
0.049,0.001,0.009,24.049,80399.383,0.732,60.000
0.051,0.014,0.014,23.457,149845.156,4.701,60.000
0.052,0.010,0.013,20.092,103908.914,3.586,60.000
0.049,0.013,0.010,20.978,80611.195,4.548,60.000
0.048,0.026,0.013,20.234,142303.906,5.336,60.000
0.060,0.000,0.013,23.311,73944.055,-1.008,60.000
0.046,0.000,0.018,22.552,26996.773,-2.295,60.000
0.051,0.025,0.014,20.066,158819.125,5.799,60.000
0.055,0.001,0.021,20.632,48981.258,-0.005,60.000
0.049,0.019,0.013,20.176,134766.062,6.232,60.000
0.050,0.014,0.010,20.710,82997.273,5.754,60.000
0.049,0.002,0.009,24.213,84902.398,0.824,60.000
0.051,0.008,0.011,21.046,164539.781,4.814,60.000
0.042,0.001,0.005,22.660,51980.070,1.777,60.000
0.041,0.000,0.010,26.399,-87084.422,1.005,60.000
0.048,0.005,0.011,20.427,133805.250,2.479,60.000
0.048,0.001,0.007,24.523,102538.242,0.823,60.000
0.050,0.008,0.011,20.614,149380.281,4.153,60.000
0.047,0.000,0.020,18.760,89423.680,1.184,60.000
0.051,0.025,0.011,20.770,111260.633,5.644,60.000
0.049,0.015,0.012,20.610,132569.344,5.950,60.000
0.056,0.000,0.014,26.509,3117.242,-0.177,60.000
0.050,0.024,0.010,21.068,119219.617,5.828,60.000
0.052,0.020,0.011,19.138,110580.930,5.848,60.000
0.052,0.000,0.011,31.879,-14927.531,0.160,60.000
0.047,0.001,0.005,22.258,89806.086,0.655,60.000
0.052,0.014,0.012,20.397,117697.852,4.258,60.000
0.059,0.000,0.010,20.894,-6317.477,1.542,60.000
0.052,0.017,0.011,19.162,97144.039,6.062,60.000
0.042,0.000,0.017,22.070,-42230.715,-2.791,60.000
0.056,0.000,0.009,25.094,-57688.969,0.942,60.000
0.002,0.010,0.011,18.524,23233.766,7.174,60.000
0.051,0.007,0.012,22.039,138398.625,5.824,60.000
0.049,0.026,0.011,21.880,135036.375,6.322,60.000
0.051,0.007,0.013,21.396,114615.445,4.630,60.000
0.049,0.012,0.013,21.516,150937.781,4.202,60.000
0.054,0.001,0.005,22.944,58810.648,-0.231,60.000
0.044,0.000,0.016,25.763,-83847.109,-2.185,60.000
0.051,0.001,0.020,22.747,114979.961,1.971,60.000
0.049,0.002,0.006,22.545,102345.836,0.681,60.000
0.042,0.000,0.014,25.120,-39173.828,-0.745,60.000
0.098,0.013,0.012,20.187,108766.461,4.975,60.000
0.049,0.011,0.011,20.360,121236.883,4.018,60.000
0.049,0.018,0.011,20.068,129901.445,6.512,60.000
0.049,0.013,0.014,23.053,159183.594,4.160,60.000
0.052,0.004,0.014,19.492,102339.555,2.237,60.000
0.050,0.023,0.013,20.473,158915.031,5.587,60.000
0.048,0.000,0.018,22.879,29751.023,0.197,60.000
0.060,0.001,0.018,20.015,107963.617,-0.033,60.000
0.051,0.000,0.004,20.664,13493.125,-1.046,60.000
0.057,0.000,0.006,23.216,1535.922,1.856,60.000
0.052,0.019,0.012,20.207,104382.742,6.427,60.000
0.056,0.001,0.020,23.297,25237.672,-0.728,60.000
0.051,0.019,0.011,18.756,98323.352,5.746,60.000
0.050,0.001,0.020,22.398,124283.727,1.936,60.000
0.049,0.006,0.013,22.029,133952.531,4.681,60.000
0.050,0.020,0.014,19.829,131919.688,6.887,60.000
0.050,0.009,0.014,20.328,115801.055,3.946,60.000
0.049,0.012,0.014,22.823,155058.375,3.961,60.000
0.054,0.001,0.003,19.614,116820.758,0.096,60.000
0.049,0.003,0.011,21.950,93109.305,2.176,60.000
0.054,0.001,0.019,23.740,61906.711,0.724,60.000
0.055,0.002,0.015,21.718,89320.414,0.500,60.000
0.099,0.012,0.013,22.517,101525.523,3.737,60.000
0.048,0.026,0.012,21.372,145272.406,6.755,60.000
0.048,0.021,0.013,20.627,145213.719,5.809,60.000
0.049,0.003,0.012,22.712,106933.508,3.420,60.000
0.049,0.004,0.013,22.191,96874.055,3.027,60.000
0.053,0.001,0.019,21.929,105143.352,2.017,60.000
0.050,0.020,0.010,18.906,108220.336,6.242,60.000
0.052,0.010,0.012,19.839,107740.680,4.328,60.000
0.050,0.009,0.013,20.376,134555.281,5.317,60.000
0.056,0.001,0.015,22.027,103734.414,0.441,60.000
0.048,0.020,0.012,20.551,132796.125,5.931,60.000
0.050,0.016,0.013,20.959,128232.555,6.042,60.000
0.046,0.002,0.018,19.860,140273.125,1.394,60.000
0.051,0.021,0.012,20.312,113476.148,5.997,60.000
0.055,0.001,0.009,25.815,52797.992,0.347,60.000
0.056,0.000,0.011,28.581,3953.430,0.093,60.000
0.051,0.023,0.013,20.052,144532.062,5.391,60.000
0.053,0.001,0.014,24.111,92791.805,1.326,60.000
0.048,0.001,0.013,28.765,76768.992,1.794,60.000
0.044,0.001,0.006,20.906,71986.336,0.532,60.000
0.052,0.007,0.013,20.346,80822.930,3.245,60.000
0.056,0.001,0.018,22.624,28481.133,-0.732,60.000
0.049,0.024,0.010,21.520,137174.406,6.742,60.000
0.060,0.000,0.013,22.518,150576.031,-0.296,60.000
0.052,0.023,0.012,19.649,137012.281,5.274,60.000
0.057,0.000,0.018,21.893,38321.523,3.061,60.000
0.058,0.001,0.005,19.796,137057.812,-0.102,60.000
0.050,0.014,0.014,22.466,161267.812,5.010,60.000
0.052,0.008,0.011,20.043,120028.945,4.141,60.000
0.049,0.005,0.011,20.978,129085.398,3.354,60.000
0.048,0.011,0.012,20.931,141467.500,4.237,60.000
0.052,0.019,0.011,18.722,98028.414,5.658,60.000
0.051,0.010,0.012,20.482,117279.008,5.114,60.000
0.052,0.001,0.020,22.786,68351.445,0.949,60.000
0.057,0.001,0.017,20.692,96934.055,0.333,60.000
0.051,0.006,0.012,22.069,112069.617,4.650,60.000
0.046,0.001,0.009,23.362,113759.289,1.198,60.000
0.058,0.001,0.006,20.413,145564.969,0.097,60.000
0.052,0.000,0.002,24.194,-11191.266,-0.748,60.000
0.048,0.025,0.012,20.647,146697.062,6.590,60.000
0.049,0.014,0.011,20.919,94872.977,5.397,60.000
0.048,0.022,0.012,20.397,138107.969,5.751,60.000
0.099,0.012,0.011,20.925,91420.961,4.398,60.000
0.050,0.007,0.009,21.332,116844.445,1.732,60.000
0.051,0.012,0.012,20.608,125741.633,4.183,60.000
0.051,0.011,0.013,21.123,115248.711,4.143,60.000
0.050,0.027,0.012,19.313,312524.969,14.596,60.000
0.046,0.002,0.014,23.468,158834.094,2.330,60.000
0.045,0.000,0.019,22.528,-57950.090,-2.183,60.000
0.044,0.002,0.013,21.368,103371.555,0.840,60.000
0.100,0.013,0.013,20.888,-58308.980,9.096,60.000
0.043,0.001,0.006,20.904,76916.086,0.774,60.000
0.051,0.003,0.011,22.859,63699.977,2.987,60.000
0.050,0.025,0.013,19.923,173203.938,5.647,60.000
0.050,0.013,0.013,21.729,158498.625,4.463,60.000
0.052,0.022,0.013,20.416,117788.023,5.918,60.000
0.050,0.010,0.014,20.696,133035.031,4.291,60.000
0.051,0.009,0.014,20.173,101433.805,3.386,60.000
0.052,0.012,0.012,20.174,100309.492,3.619,60.000
0.050,0.007,0.012,22.487,159340.406,6.011,60.000
0.050,0.018,0.011,19.891,122081.539,6.396,60.000
0.058,0.000,0.011,21.941,48412.008,-0.034,60.000
0.050,0.017,0.012,19.541,116447.211,6.465,60.000
0.049,0.017,0.011,19.959,124816.133,6.455,60.000
0.051,0.000,0.004,23.028,5596.398,-0.323,60.000
0.048,0.012,0.013,21.595,158525.688,3.988,60.000
0.048,0.015,0.012,20.991,127972.898,5.705,60.000
0.052,0.001,0.020,21.956,112739.133,2.010,60.000
0.050,0.009,0.012,21.038,152924.875,5.389,60.000
0.043,0.001,0.009,22.605,114475.008,0.428,60.000
0.044,0.002,0.010,22.461,112052.055,0.442,60.000
0.051,0.006,0.011,20.483,148012.219,3.959,60.000
0.052,0.022,0.012,19.490,121916.523,5.342,60.000
0.052,0.016,0.013,20.692,104988.023,6.060,60.000
0.050,0.004,0.010,21.712,91417.820,2.043,60.000
0.052,0.000,0.013,35.653,13806.852,2.090,60.000
0.045,0.002,0.009,22.840,111642.195,1.006,60.000
0.055,0.001,0.008,24.353,82508.102,0.078,60.000
0.051,0.008,0.013,20.551,113834.508,4.691,60.000
0.054,0.000,0.002,22.265,16987.211,-0.151,60.000
0.060,0.000,0.008,21.754,63954.492,1.055,60.000
0.052,0.002,0.010,24.362,45955.961,1.073,60.000
0.052,0.009,0.013,19.879,84093.805,3.788,60.000
0.041,0.001,0.010,24.997,-18662.094,-1.906,60.000
0.044,0.001,0.008,23.129,82383.820,0.821,60.000
0.047,0.000,0.022,20.740,88952.805,2.648,60.000
0.051,0.000,0.018,24.010,59714.539,0.904,60.000
0.052,0.017,0.012,19.410,100568.711,5.977,60.000
0.050,0.016,0.012,20.068,128876.961,6.523,60.000
0.045,0.001,0.008,22.851,100149.602,1.010,60.000
0.052,0.010,0.011,18.897,112637.383,3.583,60.000
0.050,0.006,0.014,20.869,100035.414,3.119,60.000
0.051,0.023,0.013,20.449,141441.875,5.588,60.000
0.048,0.014,0.011,20.985,102674.758,5.481,60.000
0.050,0.012,0.013,21.265,132823.000,4.314,60.000
0.050,0.019,0.014,19.930,142364.062,7.355,60.000
0.054,0.000,0.011,26.909,-3481.484,1.204,60.000
0.047,0.000,0.004,23.093,15817.250,-0.199,60.000
0.052,0.023,0.012,19.796,140367.844,5.328,60.000
0.058,0.000,0.016,22.485,89827.352,0.335,60.000
0.050,0.013,0.011,20.611,91228.320,4.743,60.000
0.057,0.002,0.014,22.347,113582.555,0.103,60.000
0.051,0.025,0.010,21.071,112605.164,5.827,60.000
0.049,0.002,0.014,22.726,125710.242,2.396,60.000
0.048,0.001,0.004,23.391,-1960.969,0.088,60.000
0.048,0.011,0.010,21.632,93656.664,4.016,60.000
0.045,0.000,0.006,24.873,-34844.961,-0.982,60.000
0.049,0.007,0.013,20.942,127970.523,4.551,60.000
0.050,0.014,0.011,20.874,102207.477,5.372,60.000
0.042,0.000,0.017,23.792,71258.570,0.402,60.000
0.048,0.021,0.012,20.481,140745.406,5.717,60.000
0.051,0.001,0.020,21.929,113762.461,2.053,60.000
0.048,0.000,0.005,24.212,-10165.633,0.351,60.000
0.048,0.002,0.018,21.158,135351.156,1.610,60.000
0.052,0.001,0.014,29.579,46971.695,1.373,60.000
0.050,0.003,0.014,22.365,109877.414,2.353,60.000
0.041,0.000,0.008,21.561,5903.328,1.157,60.000
0.045,0.001,0.013,30.984,-777.719,-0.128,60.000
0.048,0.016,0.011,20.664,123095.117,6.212,60.000
0.050,0.015,0.011,20.577,108435.289,6.109,60.000
0.050,0.007,0.012,22.194,171600.094,5.792,60.000
0.050,0.025,0.011,20.675,124983.180,6.224,60.000
0.050,0.001,0.009,30.354,-75206.836,-1.581,60.000
0.050,0.024,0.014,20.316,155733.469,5.835,60.000
0.049,0.000,0.021,19.743,4091.758,-2.060,60.000
0.051,0.001,0.004,19.933,123829.617,0.493,60.000
0.049,0.015,0.012,20.731,131436.500,5.608,60.000
0.045,0.001,0.017,20.710,115307.117,0.259,60.000
0.049,0.026,0.011,21.454,140060.781,6.545,60.000
0.053,0.001,0.002,21.901,67486.258,-0.068,60.000
0.050,0.004,0.014,21.049,106636.336,2.543,60.000
0.048,0.002,0.013,24.437,126172.352,2.902,60.000
0.048,0.021,0.011,20.252,125726.320,6.302,60.000
0.051,0.023,0.011,20.502,108449.117,6.073,60.000
0.055,0.001,0.010,26.906,17073.594,0.654,60.000
0.051,0.013,0.014,23.259,129863.180,4.345,60.000
0.045,0.000,0.017,22.943,55990.273,-0.038,60.000
0.059,0.000,0.014,25.139,51591.977,0.169,60.000
0.052,0.015,0.012,20.125,107207.977,5.404,60.000
0.044,0.001,0.003,20.998,91111.367,1.276,60.000
0.050,0.023,0.013,20.156,158458.031,5.552,60.000
0.050,0.002,0.018,22.527,115321.773,2.102,60.000
0.051,0.012,0.013,21.141,128694.305,4.234,60.000
0.056,0.001,0.005,21.262,118563.945,0.338,60.000
0.050,0.026,0.012,20.001,167787.594,6.136,60.000
0.056,0.000,0.017,22.888,31155.023,-0.478,60.000
0.057,0.002,0.012,20.930,117606.727,0.849,60.000
0.052,0.020,0.011,18.855,107677.070,5.814,60.000
0.055,0.000,0.009,25.557,-19170.672,-0.081,60.000
0.050,0.014,0.010,20.812,73634.586,5.238,60.000
0.051,0.000,0.022,19.284,123402.758,1.618,60.000
0.042,0.001,0.006,20.411,85026.273,0.866,60.000
0.057,0.000,0.017,22.404,61660.977,0.060,60.000
0.050,0.023,0.011,20.239,131090.906,6.307,60.000
0.054,0.001,0.005,19.600,127106.648,-0.038,60.000
0.050,0.020,0.011,19.875,117647.836,6.089,60.000
0.049,0.006,0.011,20.969,161789.594,3.913,60.000
0.046,0.000,0.011,26.005,2688.289,0.043,60.000
0.054,0.001,0.010,25.359,57385.883,0.598,60.000
0.052,0.002,0.008,24.434,86039.680,0.545,60.000
0.051,0.000,0.004,23.393,-72652.594,0.287,60.000
0.046,0.000,0.011,27.402,24055.383,-1.780,60.000
0.057,0.001,0.013,25.526,82932.445,0.314,60.000
0.050,0.001,0.020,21.981,119758.445,1.876,60.000
0.051,0.021,0.012,20.186,126826.945,5.839,60.000
0.048,0.005,0.011,20.843,136666.438,3.097,60.000
0.050,0.009,0.010,20.285,114173.242,3.383,60.000
0.049,0.012,0.012,20.774,139446.062,4.315,60.000
0.044,0.001,0.003,21.158,88985.852,1.088,60.000
0.050,0.026,0.012,19.251,144990.844,5.738,60.000
0.059,0.000,0.012,23.418,117927.477,-1.444,60.000
0.049,0.021,0.014,19.838,129015.586,6.256,60.000
0.051,0.009,0.011,20.263,142642.281,4.386,60.000
0.051,0.011,0.014,22.427,126400.852,3.659,60.000
0.043,0.001,0.011,23.369,94409.133,0.038,60.000
0.052,0.005,0.011,20.656,89598.555,3.176,60.000
0.056,0.001,0.020,20.955,109505.898,1.010,60.000
0.048,0.004,0.013,22.502,113572.180,3.083,60.000
0.049,0.015,0.011,20.608,105997.555,6.066,60.000
0.051,0.010,0.013,20.243,119948.445,4.363,60.000
0.050,0.005,0.013,21.668,99945.617,3.242,60.000
0.058,0.001,0.008,24.659,30452.430,-0.093,60.000
0.052,0.010,0.013,20.234,102179.336,4.235,60.000
0.052,0.018,0.011,18.694,94377.211,5.594,60.000
0.051,0.001,0.019,22.754,115647.820,2.045,60.000
0.049,0.011,0.013,21.064,143857.875,4.486,60.000
0.052,0.025,0.013,19.513,149678.719,5.309,60.000
0.044,0.001,0.005,22.823,76292.148,1.037,60.000
0.056,0.001,0.019,20.196,99104.695,1.014,60.000
0.050,0.001,0.004,23.406,-18075.047,-0.835,60.000
0.052,0.014,0.011,20.294,83905.570,4.748,60.000
0.100,0.013,0.013,16.803,85878.758,6.681,60.000
0.048,0.026,0.011,21.470,146269.062,7.037,60.000
0.051,0.000,0.011,30.177,-7690.156,0.126,60.000
0.042,0.001,0.007,20.518,84157.742,0.454,60.000
0.052,0.007,0.011,20.239,117960.883,4.059,60.000
0.050,0.025,0.010,21.311,125137.211,6.056,60.000
0.052,0.009,0.013,19.955,99582.070,4.397,60.000
0.049,0.001,0.010,27.064,15483.086,0.332,60.000
0.049,0.004,0.011,21.143,116195.133,2.915,60.000
0.048,0.014,0.014,21.370,159960.531,5.297,60.000
0.057,0.001,0.018,19.649,98342.602,0.257,60.000
0.056,0.000,0.017,24.002,-35573.672,-2.249,60.000
0.049,0.023,0.013,20.638,162853.938,5.677,60.000
0.040,0.001,0.014,19.415,49957.211,-1.211,60.000
0.041,0.000,0.017,22.884,38076.414,-0.421,60.000
0.050,0.025,0.012,19.730,163428.281,5.691,60.000
0.052,0.001,0.007,26.635,15388.242,-0.435,60.000
0.054,0.001,0.018,23.976,29445.055,-0.043,60.000
0.044,0.000,0.020,20.384,-5022.375,-1.016,60.000
0.050,0.001,0.007,24.855,103204.055,0.708,60.000
0.042,0.001,0.010,22.300,104639.727,0.173,60.000
0.051,0.018,0.013,20.566,124152.648,7.327,60.000
0.051,0.024,0.014,20.089,143201.031,5.947,60.000
0.056,0.001,0.011,22.060,101885.539,1.128,60.000
0.058,0.001,0.008,25.536,9386.305,-0.112,60.000
0.049,0.008,0.012,21.569,163936.188,5.938,60.000
0.053,0.002,0.011,23.484,46899.320,2.671,60.000
0.051,0.003,0.013,22.745,88937.758,2.693,60.000
0.051,0.018,0.012,19.530,114142.852,6.342,60.000
0.052,0.000,0.009,30.014,-17060.977,0.729,60.000
0.044,0.001,0.020,20.557,122370.227,1.000,60.000
0.057,0.000,0.012,25.226,43256.117,1.854,60.000
0.051,0.002,0.014,23.279,96212.523,2.036,60.000
0.049,0.001,0.002,20.661,96248.305,0.304,60.000
0.048,0.003,0.011,22.589,99243.492,2.105,60.000
0.049,0.007,0.012,22.388,152607.812,5.074,60.000
0.048,0.027,0.012,18.890,97539.195,4.185,60.000
0.052,0.001,0.005,23.464,95424.867,0.239,60.000
0.056,0.001,0.004,20.452,121364.398,0.052,60.000
0.046,0.001,0.019,20.441,132940.844,1.189,60.000
0.055,0.002,0.008,22.881,96756.008,0.196,60.000
0.044,0.001,0.012,22.102,109437.695,0.191,60.000
0.049,0.021,0.011,20.336,127468.008,6.646,60.000
0.049,0.007,0.013,21.287,124147.680,3.870,60.000
0.051,0.007,0.011,21.200,141602.906,4.918,60.000
0.052,0.000,0.007,25.930,30705.539,0.736,60.000
0.100,0.011,0.012,15.964,48621.695,9.530,60.000
0.045,0.002,0.017,19.678,158957.500,1.434,60.000
0.049,0.014,0.011,20.980,101250.633,5.377,60.000
0.053,0.002,0.012,23.438,61254.102,2.550,60.000
0.048,0.000,0.017,25.425,-35090.844,-2.083,60.000
0.042,0.001,0.018,18.486,104220.008,-0.297,60.000
0.050,0.009,0.011,20.707,147103.750,4.422,60.000
0.052,0.003,0.011,22.828,52687.570,3.089,60.000
0.047,0.000,0.008,26.013,233.750,-0.118,60.000
0.055,0.001,0.009,23.464,81679.227,0.373,60.000
0.098,0.010,0.013,20.715,133748.000,4.338,60.000
0.055,0.001,0.015,28.041,-22210.852,-0.576,60.000
0.049,0.025,0.011,21.879,140482.000,6.579,60.000
0.050,0.001,0.004,25.226,28249.555,0.205,60.000
0.050,0.010,0.010,20.628,90502.320,3.467,60.000
0.050,0.010,0.010,20.930,81481.523,3.787,60.000
0.051,0.016,0.011,20.239,104126.242,6.389,60.000
0.002,0.013,0.012,18.838,47500.148,6.291,60.000
0.053,0.001,0.005,21.820,59664.586,-0.181,60.000
0.052,0.026,0.011,19.376,115481.633,5.135,60.000
0.046,0.001,0.021,20.524,124260.383,1.289,60.000
0.055,0.001,0.010,23.042,77828.898,0.423,60.000
0.055,0.001,0.013,23.149,108400.133,1.237,60.000
0.049,0.025,0.010,21.804,139638.094,6.666,60.000
0.045,0.000,0.005,23.657,-29572.281,-0.611,60.000
0.001,0.010,0.012,19.617,33004.477,6.644,60.000
0.057,0.001,0.017,22.015,100648.102,0.462,60.000
0.043,0.001,0.005,21.043,86286.633,1.349,60.000
0.052,0.002,0.012,23.293,62261.820,2.779,60.000
0.049,0.009,0.012,21.201,163375.562,5.425,60.000
0.047,0.002,0.013,24.073,116889.023,2.567,60.000
0.049,0.017,0.011,20.252,124171.805,6.524,60.000
0.048,0.025,0.012,21.038,144737.969,6.809,60.000
0.054,0.001,0.020,20.958,112731.586,1.746,60.000
0.060,0.000,0.009,19.846,98312.898,-1.806,60.000
0.043,0.001,0.018,19.214,118957.914,-0.062,60.000
0.051,0.019,0.010,18.623,93772.727,5.559,60.000
0.049,0.015,0.011,20.502,107326.430,6.145,60.000
0.051,0.014,0.012,21.011,139178.438,4.899,60.000
0.051,0.004,0.012,22.316,94642.320,3.743,60.000
0.050,0.011,0.011,20.235,105481.430,4.077,60.000
0.049,0.000,0.006,26.109,-39155.188,-0.881,60.000
0.048,0.019,0.013,19.478,137107.094,6.241,60.000
0.045,0.000,0.010,25.735,-26191.523,-0.946,60.000
0.048,0.001,0.007,23.158,101500.820,0.850,60.000
0.042,0.001,0.014,22.306,25194.531,-1.920,60.000
0.055,0.002,0.018,20.943,88863.664,0.903,60.000
0.049,0.007,0.012,22.389,147824.938,5.512,60.000
0.044,0.000,0.010,28.747,-46317.301,1.032,60.000
0.046,0.001,0.007,23.798,93397.242,0.765,60.000
0.047,0.001,0.016,26.402,45827.633,-0.260,60.000
0.048,0.001,0.009,23.460,101162.086,0.736,60.000
0.050,0.007,0.010,20.296,154894.625,3.478,60.000
0.057,0.000,0.017,24.080,44220.445,1.520,60.000
0.043,0.000,0.012,28.247,8786.898,-2.345,60.000
0.043,0.000,0.007,23.413,-46131.109,-1.598,60.000
0.058,0.000,0.014,25.887,52733.883,1.978,60.000
0.060,0.001,0.010,22.894,35423.133,-0.354,60.000
0.046,0.001,0.020,20.163,122420.414,1.196,60.000
0.053,0.001,0.020,22.518,89757.195,1.319,60.000
0.045,0.000,0.012,29.736,-12689.562,-2.562,60.000
0.051,0.026,0.010,21.084,114154.055,5.619,60.000
0.052,0.006,0.013,19.886,86587.133,2.608,60.000
0.046,0.000,0.011,28.413,23596.906,-1.016,60.000
0.058,0.000,0.006,24.163,-11471.453,0.597,60.000
0.055,0.001,0.006,24.044,15516.750,-0.819,60.000
0.051,0.019,0.011,19.186,107349.945,6.028,60.000
0.050,0.009,0.012,20.892,151501.156,5.095,60.000
0.048,0.000,0.011,33.452,-6481.016,1.519,60.000
0.051,0.025,0.014,20.005,164605.656,5.745,60.000
0.051,0.018,0.012,19.635,114579.195,6.327,60.000
0.041,0.000,0.008,21.420,4578.625,-1.120,60.000
0.044,0.000,0.019,21.934,-59884.480,-3.909,60.000
0.045,0.001,0.021,22.177,41215.914,-0.210,60.000
0.042,0.001,0.007,21.879,71615.805,0.406,60.000
0.050,0.000,0.014,33.063,24819.992,-0.313,60.000
0.046,0.000,0.005,25.638,-33678.547,0.114,60.000
0.049,0.001,0.008,24.134,101000.508,0.904,60.000
0.051,0.006,0.014,20.009,92162.648,2.461,60.000
0.048,0.020,0.012,20.569,135158.312,5.802,60.000
0.045,0.001,0.011,22.604,110721.148,0.962,60.000
0.047,0.002,0.012,23.461,120245.508,2.148,60.000
0.050,0.000,0.021,21.561,48540.305,0.181,60.000
0.049,0.008,0.012,21.657,177105.562,5.364,60.000
0.050,0.015,0.014,21.841,156123.188,5.936,60.000
0.050,0.023,0.014,20.207,131406.844,5.968,60.000
0.047,0.000,0.002,23.294,-8650.828,-0.410,60.000
0.060,0.000,0.013,23.432,70703.570,0.688,60.000
0.050,0.010,0.013,20.324,126279.586,4.806,60.000
0.058,0.001,0.011,19.764,129561.055,0.415,60.000
0.001,0.012,0.012,19.038,48248.477,6.508,60.000
0.050,0.025,0.011,20.252,136578.281,6.302,60.000
0.049,0.001,0.017,26.216,93466.039,1.161,60.000
0.040,0.001,0.009,21.043,90560.180,0.102,60.000
0.048,0.001,0.017,22.060,153265.594,1.770,60.000
0.050,0.007,0.012,22.281,164663.375,5.967,60.000
0.054,0.000,0.017,26.171,4702.469,-1.532,60.000
0.047,0.001,0.011,23.591,91813.789,1.523,60.000
0.053,0.002,0.016,22.410,88416.523,1.092,60.000
0.049,0.021,0.012,20.456,130255.461,6.050,60.000
0.050,0.024,0.010,21.091,123408.742,5.843,60.000
0.052,0.025,0.012,19.510,155364.281,5.554,60.000
0.054,0.001,0.013,23.719,98768.961,1.690,60.000
0.049,0.003,0.011,22.070,89458.320,2.287,60.000
0.045,0.001,0.011,25.404,57504.758,-0.375,60.000
0.050,0.005,0.014,20.604,103008.070,2.624,60.000
0.052,0.001,0.018,27.656,5957.273,0.407,60.000
0.001,0.012,0.013,20.825,68344.539,5.660,60.000
0.055,0.001,0.020,23.023,819.859,-1.284,60.000
0.055,0.001,0.013,26.945,104348.023,0.969,60.000
0.042,0.001,0.008,20.831,101385.680,0.308,60.000
0.044,0.000,0.010,25.463,-12483.094,-2.293,60.000
0.046,0.002,0.011,22.522,104332.992,1.054,60.000
0.057,0.001,0.015,24.123,109803.227,0.356,60.000
0.052,0.000,0.005,21.903,-8301.055,-0.756,60.000
0.049,0.001,0.018,24.290,59462.320,0.658,60.000
0.054,0.001,0.008,26.242,40214.383,0.001,60.000
0.048,0.001,0.016,22.342,158174.625,2.005,60.000
0.051,0.008,0.014,20.033,89674.867,3.620,60.000
0.098,0.012,0.013,20.558,120453.430,4.249,60.000
0.097,0.011,0.012,19.530,123688.945,4.879,60.000
0.049,0.007,0.014,20.763,106225.789,3.466,60.000
0.050,0.012,0.014,23.168,150885.000,3.895,60.000
0.050,0.007,0.013,21.737,136423.000,5.770,60.000
0.051,0.005,0.012,21.707,103544.273,4.095,60.000
0.053,0.001,0.018,23.530,99564.305,1.927,60.000
0.053,0.000,0.002,22.209,-16124.766,-0.714,60.000
0.051,0.025,0.010,21.076,111767.820,5.717,60.000
0.043,0.001,0.012,22.527,93679.398,0.049,60.000
0.049,0.007,0.014,20.790,111583.820,3.924,60.000
0.097,0.012,0.011,19.056,117450.211,4.622,60.000
0.052,0.026,0.011,19.952,121405.867,5.588,60.000
0.048,0.007,0.014,20.981,126352.992,4.082,60.000
0.047,0.002,0.009,23.735,100405.945,1.046,60.000
0.051,0.004,0.011,22.392,79155.289,2.717,60.000
0.041,0.001,0.017,21.047,65177.352,-1.887,60.000
0.047,0.000,0.012,29.776,6724.766,-1.153,60.000
0.046,0.001,0.012,23.550,103989.398,1.524,60.000
0.044,0.001,0.021,20.192,117265.148,1.298,60.000
0.001,0.013,0.012,19.676,62032.133,6.094,60.000
0.049,0.015,0.010,20.110,99586.461,5.835,60.000
0.050,0.017,0.010,19.147,101234.617,5.726,60.000
0.047,0.001,0.007,24.315,97429.227,0.743,60.000
0.050,0.011,0.010,21.015,66606.602,3.936,60.000
0.049,0.003,0.012,23.190,107282.195,3.473,60.000
0.044,0.000,0.018,20.434,49466.633,-0.780,60.000
0.049,0.017,0.012,19.939,131841.812,6.599,60.000
0.049,0.009,0.014,20.749,120080.523,3.905,60.000
0.099,0.012,0.011,21.333,68055.008,4.263,60.000
0.049,0.019,0.010,18.891,116933.383,6.289,60.000
0.049,0.026,0.011,22.079,140759.062,6.517,60.000
0.054,0.001,0.004,20.973,111822.398,0.017,60.000
0.052,0.026,0.010,20.809,112135.539,5.392,60.000
0.051,0.013,0.014,23.300,140957.531,4.339,60.000
0.050,0.016,0.013,20.402,128659.414,6.602,60.000
0.051,0.002,0.010,24.972,52995.523,1.404,60.000
0.049,0.000,0.021,20.985,11404.781,-0.779,60.000
0.052,0.020,0.011,19.265,113729.523,5.772,60.000
0.055,0.001,0.013,23.633,100700.367,1.472,60.000
0.050,0.020,0.012,20.289,129110.805,5.870,60.000
0.098,0.010,0.012,20.001,136308.312,4.978,60.000
0.050,0.014,0.011,20.837,80458.555,5.463,60.000
0.046,0.002,0.011,22.357,109188.992,0.952,60.000
0.040,0.001,0.010,21.150,70219.492,-0.023,60.000
0.049,0.026,0.013,20.032,179348.969,5.877,60.000
0.052,0.001,0.010,29.479,-42210.652,0.226,60.000
0.050,0.013,0.013,22.267,156576.938,4.840,60.000
0.054,0.000,0.003,18.478,47663.539,-1.368,60.000
0.042,0.001,0.007,22.285,34329.227,0.332,60.000
0.046,0.001,0.005,23.792,72791.883,0.765,60.000
0.051,0.009,0.010,19.486,111108.930,3.142,60.000
0.055,0.000,0.014,27.710,-18488.789,-0.331,60.000
0.050,0.022,0.014,20.316,132271.969,6.026,60.000
0.057,0.001,0.014,24.448,114762.180,0.321,60.000
0.059,0.001,0.010,20.990,113485.836,0.238,60.000
0.052,0.001,0.008,26.823,25151.562,-0.132,60.000
0.046,0.001,0.020,21.115,126428.805,1.162,60.000
0.042,0.001,0.007,21.030,81413.555,0.551,60.000
0.059,0.000,0.015,21.773,74194.883,0.835,60.000
0.049,0.001,0.015,25.566,138998.656,1.847,60.000
0.056,0.001,0.015,24.084,110395.492,0.528,60.000
0.057,0.001,0.015,22.205,111478.695,0.176,60.000
0.052,0.012,0.013,21.173,103138.555,3.743,60.000
0.044,0.001,0.004,21.474,84927.805,1.356,60.000
0.057,0.001,0.011,24.249,8545.172,0.277,60.000
0.053,0.000,0.019,21.720,34606.398,-0.639,60.000
0.048,0.005,0.010,22.408,97103.477,1.768,60.000
0.049,0.004,0.014,21.334,117806.539,2.606,60.000
0.045,0.000,0.022,22.080,-27129.039,-1.618,60.000
0.052,0.000,0.011,27.126,-10150.758,2.461,60.000
0.051,0.020,0.014,20.020,114776.539,6.752,60.000
0.049,0.026,0.012,20.332,154356.781,6.617,60.000
0.054,0.002,0.014,23.269,92901.914,0.811,60.000
0.045,0.001,0.017,22.085,41458.055,-0.951,60.000
0.051,0.010,0.013,20.163,114423.273,4.827,60.000
0.051,0.015,0.012,20.261,118433.555,4.870,60.000
0.050,0.018,0.013,20.096,125250.930,7.206,60.000
0.044,0.001,0.014,22.656,116650.039,1.566,60.000
0.048,0.027,0.010,15.839,71441.227,3.504,60.000
0.051,0.024,0.011,20.452,107349.539,5.756,60.000
0.051,0.013,0.013,21.765,127659.258,4.155,60.000
0.049,0.010,0.010,21.324,99523.914,3.989,60.000
0.050,0.000,0.006,25.924,-2746.148,-0.276,60.000
0.041,0.001,0.014,19.143,54713.570,-1.025,60.000
0.049,0.012,0.013,21.765,155308.094,4.181,60.000
0.051,0.022,0.012,19.819,130507.289,5.704,60.000
0.055,0.001,0.014,23.089,103056.789,0.720,60.000
0.054,0.001,0.014,23.296,96111.039,0.993,60.000
0.051,0.009,0.013,20.492,120351.977,5.187,60.000
0.051,0.012,0.011,19.705,111140.461,3.801,60.000
0.051,0.001,0.019,24.798,57256.664,1.182,60.000
0.042,0.001,0.011,22.313,91303.680,-0.280,60.000
0.046,0.001,0.005,23.149,43080.086,0.950,60.000
0.050,0.014,0.012,20.803,139792.812,4.964,60.000
0.048,0.001,0.009,28.658,-19543.164,-0.866,60.000
0.048,0.007,0.012,22.106,150954.375,4.626,60.000
0.050,0.011,0.011,20.450,93025.664,4.197,60.000
0.048,0.006,0.012,21.577,144802.562,3.712,60.000
0.052,0.005,0.010,20.580,94307.648,1.370,60.000
0.052,0.010,0.010,18.700,87573.664,3.376,60.000
0.040,0.001,0.015,20.293,59671.477,-1.201,60.000
0.050,0.015,0.013,21.057,142146.062,5.640,60.000
0.050,0.000,0.011,33.391,43873.695,2.904,60.000
0.059,0.001,0.014,21.528,118875.461,-0.165,60.000
0.057,0.000,0.017,23.582,4713.570,-0.874,60.000
0.052,0.014,0.011,20.275,88982.867,4.515,60.000
0.050,0.001,0.005,24.140,20275.812,-0.227,60.000
0.051,0.025,0.013,19.836,169519.750,5.558,60.000
0.047,0.001,0.009,26.228,83749.070,0.614,60.000
0.043,0.000,0.010,24.673,5568.516,-1.987,60.000
0.052,0.001,0.006,21.388,115816.148,0.431,60.000
0.045,0.001,0.016,25.753,31686.164,-1.063,60.000
0.053,0.002,0.013,24.117,89237.961,2.381,60.000
0.048,0.026,0.011,21.910,143549.000,6.786,60.000
0.050,0.000,0.020,22.169,43833.461,0.045,60.000
0.055,0.000,0.020,21.331,43579.242,0.516,60.000
0.058,0.000,0.015,22.655,91316.008,0.435,60.000
0.058,0.001,0.012,25.201,31990.508,-0.305,60.000
0.043,0.001,0.012,21.226,100156.805,0.145,60.000
0.049,0.004,0.010,23.089,71556.102,1.034,60.000
0.051,0.027,0.011,22.705,238803.031,9.665,60.000
0.049,0.001,0.009,28.216,-49132.727,-1.475,60.000
0.051,0.001,0.022,21.646,123810.398,1.802,60.000
0.048,0.003,0.012,23.167,100593.492,2.434,60.000
0.041,0.001,0.013,18.765,63045.242,-1.227,60.000
0.100,0.012,0.011,17.009,-32828.555,10.033,60.000
0.050,0.001,0.005,24.305,63944.414,0.355,60.000
0.048,0.016,0.012,20.297,122205.508,5.970,60.000
0.049,0.016,0.011,20.377,113118.883,6.530,60.000
0.057,0.000,0.018,21.879,7965.844,-0.040,60.000
0.051,0.013,0.012,20.994,121931.367,4.098,60.000
0.059,0.000,0.013,25.292,21078.156,-0.863,60.000
0.043,0.001,0.007,22.200,73940.477,0.432,60.000
0.052,0.023,0.013,20.180,138794.469,5.407,60.000
0.051,0.007,0.009,20.193,130596.992,1.973,60.000
0.053,0.000,0.009,27.842,-16789.805,0.180,60.000
0.049,0.005,0.010,22.320,102758.898,1.584,60.000
0.041,0.001,0.010,24.908,13467.625,-0.657,60.000
0.043,0.002,0.014,20.403,111167.148,1.066,60.000
0.050,0.024,0.014,20.319,147113.562,5.932,60.000
0.043,0.001,0.013,25.597,31858.430,-0.323,60.000
0.050,0.018,0.014,20.108,136750.250,7.379,60.000
0.041,0.001,0.019,19.007,112223.930,0.667,60.000
0.051,0.004,0.013,21.756,97715.367,3.685,60.000
0.060,0.001,0.014,21.599,123075.961,-0.236,60.000
0.048,0.003,0.013,22.307,113691.180,2.818,60.000
0.051,0.017,0.014,20.807,134942.719,6.689,60.000
0.050,0.012,0.012,20.616,127224.695,4.208,60.000
0.049,0.019,0.011,20.111,126560.352,6.311,60.000
0.048,0.019,0.012,20.492,137871.219,6.038,60.000
0.047,0.001,0.011,24.963,80066.492,1.333,60.000
0.056,0.000,0.004,20.732,28401.008,-0.076,60.000
0.050,0.020,0.010,18.751,97499.836,6.165,60.000
0.051,0.006,0.014,20.520,93310.117,2.793,60.000
0.052,0.002,0.016,22.924,95645.977,1.491,60.000
0.041,0.001,0.007,21.927,59031.117,0.667,60.000
0.049,0.000,0.007,27.181,-42497.344,-0.797,60.000
0.045,0.001,0.022,21.691,7883.070,-0.430,60.000
0.041,0.001,0.015,20.119,51702.164,-0.791,60.000
0.046,0.001,0.008,23.224,105390.070,0.909,60.000
0.050,0.008,0.014,20.533,101629.227,3.946,60.000
0.049,0.002,0.010,23.915,71081.648,1.269,60.000
0.051,0.010,0.013,20.517,117830.992,4.582,60.000
0.055,0.002,0.013,23.101,103704.336,0.908,60.000
0.055,0.001,0.005,22.535,43084.195,-0.410,60.000
0.052,0.010,0.013,20.331,93844.211,4.007,60.000
0.098,0.013,0.011,18.998,100291.867,5.312,60.000
0.053,0.000,0.009,29.652,26409.477,2.969,60.000
0.045,0.001,0.015,20.676,163520.594,1.668,60.000
0.051,0.017,0.014,20.415,143264.188,7.051,60.000
0.051,0.009,0.012,21.145,138627.438,5.296,60.000
0.049,0.012,0.012,20.751,126629.117,4.348,60.000
0.046,0.001,0.013,26.624,109783.305,2.008,60.000
0.051,0.024,0.010,20.897,107978.773,5.642,60.000
0.050,0.000,0.017,27.479,-46736.875,-2.172,60.000
0.054,0.001,0.015,25.467,92467.914,1.105,60.000
0.043,0.000,0.009,21.881,17314.555,-0.503,60.000
0.056,0.000,0.019,20.002,-21159.898,-0.516,60.000
0.051,0.022,0.012,19.810,138005.312,5.588,60.000
0.049,0.026,0.011,21.243,134344.562,6.388,60.000
0.051,0.004,0.012,21.837,100638.305,3.999,60.000
0.046,0.000,0.022,20.701,25368.414,1.598,60.000
0.048,0.019,0.013,20.265,135750.344,6.085,60.000
0.057,0.001,0.010,27.224,-13868.047,-0.070,60.000
0.040,0.001,0.015,19.873,60810.211,-1.189,60.000
0.052,0.012,0.011,19.667,100050.633,3.409,60.000
0.055,0.001,0.004,21.952,-48568.668,-1.699,60.000
0.052,0.004,0.011,22.310,54256.555,2.806,60.000
0.050,0.016,0.010,19.871,98340.820,6.049,60.000
0.050,0.024,0.014,20.325,160976.125,5.740,60.000
0.056,0.000,0.020,23.091,1580.633,-0.510,60.000
0.042,0.000,0.005,22.980,34982.805,1.841,60.000
0.041,0.001,0.010,21.678,76628.383,0.015,60.000
0.047,0.001,0.020,20.476,129411.055,1.133,60.000
0.047,0.000,0.007,25.671,-19854.180,-0.639,60.000
0.047,0.002,0.012,23.941,113113.930,2.544,60.000
0.054,0.001,0.012,25.858,66169.633,1.914,60.000
0.059,0.001,0.007,24.356,-10863.867,-0.229,60.000
0.058,0.000,0.010,21.402,137237.281,-0.219,60.000
0.050,0.008,0.013,20.481,121851.258,4.776,60.000
0.049,0.015,0.014,20.802,150690.250,6.075,60.000
0.056,0.000,0.019,21.538,4909.195,-0.830,60.000
0.050,0.001,0.014,31.091,49255.836,1.255,60.000
0.051,0.025,0.013,19.881,166474.781,5.636,60.000
0.050,0.001,0.013,27.490,103071.180,2.601,60.000
0.051,0.011,0.011,19.414,113297.336,3.664,60.000
0.048,0.008,0.012,21.362,166848.344,5.022,60.000
0.049,0.009,0.011,21.272,154863.375,4.482,60.000
0.055,0.001,0.007,22.572,103683.633,0.157,60.000
0.049,0.008,0.010,21.494,121851.383,2.597,60.000
0.052,0.003,0.012,23.257,87137.242,2.756,60.000
0.053,0.001,0.005,20.220,120593.242,0.244,60.000
0.051,0.018,0.012,18.971,106745.039,5.853,60.000
0.042,0.000,0.010,21.525,-11938.000,-1.155,60.000
0.051,0.026,0.014,19.723,171150.031,5.633,60.000
0.054,0.001,0.009,24.759,75147.289,0.482,60.000
0.046,0.001,0.021,21.370,125453.898,1.212,60.000
0.049,0.001,0.016,23.353,149016.281,1.870,60.000
0.054,0.002,0.011,22.513,60837.836,2.089,60.000
0.057,0.002,0.012,20.653,126908.617,0.748,60.000
0.044,0.001,0.019,19.785,121626.273,0.624,60.000
0.099,0.011,0.012,23.796,70062.742,3.437,60.000
0.049,0.003,0.010,22.972,70866.055,1.308,60.000
0.058,0.000,0.005,23.906,-34238.758,1.703,60.000
0.050,0.001,0.010,26.000,52794.336,1.476,60.000
0.053,0.001,0.019,21.890,112958.195,1.876,60.000
0.050,0.018,0.010,19.311,109711.727,5.930,60.000
0.051,0.010,0.011,19.531,117410.180,4.052,60.000
0.002,0.013,0.014,20.750,79717.367,5.254,60.000
0.044,0.000,0.013,29.429,-30321.242,0.975,60.000
0.050,0.015,0.014,21.624,150274.688,6.042,60.000
0.050,0.027,0.013,19.283,157944.469,5.041,60.000
0.059,0.000,0.012,24.169,117284.102,-1.477,60.000
0.043,0.001,0.017,18.546,118726.211,-0.224,60.000
0.050,0.010,0.014,20.845,136054.250,4.385,60.000
0.058,0.001,0.007,20.714,128965.211,-0.190,60.000
0.051,0.000,0.017,25.831,-4304.398,-0.788,60.000
0.055,0.001,0.007,22.270,106285.898,0.007,60.000
0.055,0.001,0.014,23.737,102660.070,0.939,60.000
0.051,0.001,0.005,24.485,2965.070,-0.586,60.000
0.053,0.002,0.015,23.459,91584.008,0.797,60.000
0.045,0.001,0.020,20.772,122463.867,1.040,60.000
0.051,0.011,0.012,20.132,116602.508,3.980,60.000
0.052,0.008,0.012,20.468,100829.367,4.280,60.000
0.060,0.001,0.008,20.918,118551.742,0.024,60.000
0.047,0.002,0.013,23.761,126775.477,2.645,60.000
0.050,0.005,0.013,21.522,98746.117,3.205,60.000
0.041,0.000,0.010,26.452,-50261.574,2.517,60.000
0.044,0.000,0.017,21.064,62271.148,-0.433,60.000
0.052,0.001,0.016,24.140,104394.852,1.540,60.000
0.050,0.008,0.011,21.186,160315.469,4.579,60.000
0.059,0.000,0.017,21.729,98158.461,3.047,60.000
0.057,0.001,0.020,21.870,28032.711,-0.816,60.000
0.050,0.010,0.012,20.695,126638.711,5.287,60.000
0.099,0.010,0.012,20.490,137067.688,5.024,60.000
0.051,0.025,0.010,20.903,110620.430,5.680,60.000
0.048,0.001,0.003,21.817,98099.102,0.946,60.000
0.049,0.011,0.014,21.730,150748.375,4.331,60.000
0.044,0.001,0.010,23.870,93147.852,0.214,60.000
0.042,0.001,0.014,20.994,70244.039,-0.426,60.000
0.051,0.003,0.014,21.592,95189.742,2.440,60.000
0.049,0.001,0.007,24.962,99995.883,0.783,60.000
0.044,0.002,0.015,20.736,144859.562,1.562,60.000
0.055,0.000,0.013,30.171,-2687.977,0.583,60.000
0.052,0.000,0.005,24.505,38128.086,0.108,60.000
0.046,0.001,0.009,24.141,106975.711,0.759,60.000
0.050,0.000,0.017,28.363,29521.773,-1.806,60.000
0.051,0.000,0.014,32.538,24699.781,1.189,60.000
0.048,0.025,0.012,20.523,146848.625,6.417,60.000
0.042,0.000,0.010,26.344,-58165.516,1.823,60.000
0.052,0.001,0.019,22.627,114507.430,2.072,60.000
0.050,0.015,0.014,22.278,155464.812,5.663,60.000
0.055,0.001,0.002,22.285,60055.289,-0.497,60.000
0.049,0.016,0.012,20.085,125788.602,6.539,60.000
0.042,0.000,0.014,25.463,-15067.086,-0.429,60.000
0.051,0.001,0.002,20.337,86646.414,-0.167,60.000
0.048,0.001,0.015,26.700,78278.648,0.718,60.000
0.050,0.008,0.010,21.138,125592.586,2.716,60.000
0.050,0.000,0.011,29.140,-19867.469,-0.741,60.000
0.052,0.010,0.011,18.569,110241.398,3.294,60.000
0.055,0.001,0.013,28.203,30867.805,0.253,60.000
0.050,0.020,0.012,20.337,122706.492,6.119,60.000
0.049,0.007,0.014,20.795,119924.102,4.308,60.000
0.050,0.001,0.018,24.746,118273.758,1.868,60.000
0.051,0.001,0.019,22.900,114805.117,2.199,60.000
0.047,0.000,0.004,23.913,-4899.117,-0.189,60.000
0.052,0.016,0.011,19.679,93082.352,6.040,60.000
0.056,0.001,0.004,18.683,133366.250,-0.057,60.000
0.054,0.000,0.005,25.118,-17855.930,0.384,60.000
0.052,0.003,0.014,22.617,84697.398,1.815,60.000
0.049,0.024,0.014,20.341,168492.469,5.700,60.000
0.051,0.008,0.014,19.681,85074.727,3.073,60.000
0.048,0.022,0.013,20.703,148487.562,5.530,60.000
0.051,0.012,0.011,19.819,92404.070,4.151,60.000
0.050,0.026,0.014,20.018,181876.281,5.636,60.000
0.050,0.013,0.014,22.564,158510.031,4.792,60.000
0.046,0.001,0.005,22.172,91155.820,0.752,60.000
0.043,0.001,0.014,20.659,82441.320,0.659,60.000
0.051,0.016,0.011,19.761,95808.742,6.170,60.000
0.055,0.002,0.009,23.720,66992.977,0.430,60.000
0.050,0.018,0.010,19.582,109609.164,6.104,60.000
0.050,0.013,0.011,20.931,78409.742,4.921,60.000
0.048,0.001,0.022,21.327,78604.320,0.839,60.000
0.049,0.020,0.014,19.582,140506.438,6.739,60.000
0.048,0.020,0.011,20.247,124286.242,6.766,60.000
0.053,0.001,0.015,24.153,100765.320,1.303,60.000
0.057,0.002,0.011,20.273,120735.664,0.844,60.000
0.047,0.001,0.012,31.702,-3086.594,0.108,60.000
0.057,0.000,0.014,25.641,16454.078,-0.557,60.000
0.050,0.023,0.010,20.709,120616.039,6.155,60.000
0.049,0.024,0.014,20.286,160865.844,5.829,60.000
0.050,0.012,0.010,20.120,83655.242,4.290,60.000
0.043,0.000,0.006,25.426,23574.438,1.709,60.000
0.048,0.009,0.011,21.580,120658.633,3.764,60.000
0.055,0.002,0.014,23.128,105290.898,0.761,60.000
0.049,0.012,0.012,20.577,146935.438,4.225,60.000
0.050,0.017,0.011,19.576,109143.961,6.329,60.000
0.042,0.000,0.005,21.560,23998.688,-0.010,60.000
0.048,0.005,0.011,21.267,113107.945,2.103,60.000
0.048,0.001,0.007,24.343,102149.367,0.705,60.000
0.048,0.010,0.011,21.277,115054.508,3.990,60.000
0.045,0.001,0.016,21.479,155871.031,1.315,60.000
0.057,0.001,0.019,19.253,101227.805,0.213,60.000
0.049,0.006,0.013,21.834,123365.773,4.185,60.000
0.050,0.012,0.011,20.664,83001.398,4.471,60.000
0.054,0.001,0.012,28.662,20225.711,1.512,60.000
0.053,0.000,0.007,24.930,20892.312,0.079,60.000
0.055,0.000,0.007,24.649,1745.938,-0.478,60.000
0.053,0.000,0.011,26.078,-19013.219,1.762,60.000
0.051,0.001,0.009,25.065,71170.430,0.899,60.000
0.048,0.003,0.013,22.463,123215.445,2.681,60.000
0.050,0.001,0.019,22.803,126251.898,1.957,60.000
0.051,0.005,0.014,20.412,93508.148,2.676,60.000
0.048,0.001,0.008,23.557,103550.633,0.917,60.000
0.052,0.000,0.018,28.748,14327.906,-1.339,60.000
0.054,0.001,0.019,21.392,107777.758,1.494,60.000
0.051,0.003,0.011,23.314,71309.586,3.140,60.000
0.053,0.002,0.014,23.979,84911.695,1.311,60.000
0.059,0.000,0.016,20.434,107009.445,0.670,60.000
0.048,0.020,0.011,20.065,122681.523,6.500,60.000
0.050,0.026,0.010,21.653,119160.477,5.601,60.000
0.059,0.001,0.010,22.665,102236.258,0.169,60.000
0.051,0.018,0.011,19.470,98959.883,6.093,60.000
0.050,0.022,0.014,20.091,129122.680,6.175,60.000
0.052,0.019,0.012,19.760,105705.258,5.879,60.000
0.047,0.002,0.012,23.066,110891.852,1.786,60.000
0.049,0.005,0.015,20.909,102582.211,2.489,60.000
0.051,0.022,0.012,20.036,136587.406,5.631,60.000
0.050,0.005,0.013,21.544,98667.492,3.210,60.000
0.056,0.000,0.020,21.815,-25123.648,-0.571,60.000
0.049,0.005,0.011,20.840,124602.102,2.289,60.000
0.050,0.022,0.013,20.676,142180.094,5.755,60.000
0.053,0.000,0.010,30.988,-6679.414,0.448,60.000
0.051,0.001,0.014,29.259,47800.383,1.361,60.000
0.048,0.010,0.011,21.162,109498.320,4.086,60.000
0.049,0.022,0.013,20.738,139385.906,6.113,60.000
0.051,0.008,0.010,19.002,145851.188,3.233,60.000
0.051,0.008,0.015,20.250,101173.258,3.170,60.000
0.044,0.001,0.019,20.516,63641.461,-0.132,60.000
0.048,0.001,0.014,29.561,72325.633,1.160,60.000
0.051,0.009,0.012,20.714,131426.188,5.496,60.000
0.051,0.001,0.009,24.565,83542.242,0.766,60.000
0.050,0.017,0.012,19.668,107853.336,6.423,60.000
0.057,0.001,0.010,21.430,94908.758,0.346,60.000
0.052,0.001,0.004,21.179,114794.398,0.222,60.000
0.050,0.022,0.010,20.144,111950.352,6.004,60.000
0.049,0.009,0.014,20.658,142955.000,4.585,60.000
0.052,0.019,0.012,19.494,97542.539,5.560,60.000
0.052,0.009,0.013,19.835,87878.992,3.638,60.000
0.049,0.022,0.013,20.663,154250.031,5.644,60.000
0.041,0.001,0.007,20.004,87295.945,0.377,60.000
0.049,0.025,0.012,20.786,145581.469,6.682,60.000
0.053,0.000,0.018,27.277,16957.648,1.070,60.000
0.051,0.013,0.011,20.020,99618.086,3.814,60.000
0.050,0.016,0.014,20.883,140097.688,6.468,60.000
0.052,0.002,0.013,23.638,84921.586,1.995,60.000
0.057,0.001,0.012,26.426,21740.625,0.197,60.000
0.053,0.001,0.010,29.593,-14586.758,1.385,60.000
0.059,0.001,0.014,23.626,121320.695,-0.248,60.000
0.045,0.000,0.005,23.854,-16412.055,0.231,60.000
0.045,0.001,0.009,22.868,113298.195,0.812,60.000
0.049,0.017,0.014,19.955,141063.188,6.961,60.000
0.056,0.000,0.007,23.083,-25606.727,0.302,60.000
0.047,0.001,0.011,23.643,98420.398,1.408,60.000
0.049,0.009,0.013,20.186,141933.062,5.095,60.000
0.057,0.001,0.016,23.476,107175.305,0.282,60.000
0.056,0.001,0.021,19.448,105773.336,1.390,60.000
0.049,0.000,0.013,32.533,5714.469,0.218,60.000
0.049,0.025,0.013,19.867,172793.344,5.684,60.000
0.056,0.001,0.016,21.816,98136.898,0.659,60.000
0.057,0.000,0.008,24.977,-39332.816,0.051,60.000
0.052,0.001,0.005,19.912,123820.945,0.444,60.000
0.051,0.001,0.021,22.063,122037.805,1.801,60.000
0.052,0.013,0.014,23.031,133960.031,3.987,60.000
0.058,0.001,0.012,22.511,127287.305,0.018,60.000
0.049,0.005,0.012,22.233,122602.867,4.018,60.000
0.055,0.002,0.012,22.141,77569.742,1.929,60.000
0.051,0.015,0.010,19.885,79590.617,5.905,60.000
0.002,0.013,0.011,18.638,43852.789,6.631,60.000
0.051,0.007,0.013,20.897,97777.023,4.075,60.000
0.001,0.013,0.011,18.727,26000.789,7.037,60.000
0.042,0.001,0.010,22.918,104457.633,0.285,60.000
0.053,0.000,0.022,20.160,63070.289,-0.050,60.000
0.041,0.001,0.007,20.421,90557.758,0.702,60.000
0.049,0.004,0.014,21.733,103110.805,2.666,60.000
0.001,0.013,0.013,20.906,66628.602,5.750,60.000
0.044,0.000,0.017,22.279,357.438,-1.025,60.000
0.041,0.000,0.012,22.411,5428.922,-1.591,60.000
0.053,0.000,0.010,29.328,5438.570,0.650,60.000
0.048,0.025,0.013,20.096,169838.719,5.819,60.000
0.050,0.018,0.013,20.101,133535.125,7.229,60.000
0.049,0.021,0.013,20.883,146852.906,5.716,60.000
0.054,0.001,0.020,20.430,112470.711,1.648,60.000
0.058,0.000,0.013,25.953,89983.570,-0.379,60.000
0.049,0.017,0.012,19.743,128396.586,6.631,60.000
0.049,0.006,0.011,21.201,151381.500,3.878,60.000
0.043,0.001,0.015,20.859,79938.742,0.550,60.000
0.050,0.002,0.017,23.375,121814.602,2.014,60.000
0.043,0.001,0.004,20.801,90807.289,1.348,60.000
0.051,0.007,0.012,22.462,122986.320,5.430,60.000
0.041,0.001,0.014,20.444,50297.273,-1.434,60.000
0.047,0.001,0.008,24.563,96012.477,0.562,60.000
0.049,0.010,0.013,20.260,142401.812,4.994,60.000
0.049,0.005,0.014,21.728,96441.414,2.803,60.000
0.045,0.001,0.019,19.454,123260.570,0.673,60.000
0.050,0.018,0.014,19.780,147216.469,7.361,60.000
0.002,0.013,0.011,18.265,48797.914,6.550,60.000
0.052,0.002,0.010,24.640,54310.258,1.195,60.000
0.098,0.012,0.010,19.204,95544.367,4.856,60.000
0.048,0.005,0.012,21.408,132289.594,3.391,60.000
0.048,0.010,0.010,21.654,99832.883,3.325,60.000
0.000,0.012,0.012,20.873,1721.469,6.703,60.000
0.045,0.002,0.007,21.924,86121.680,0.680,60.000
0.049,0.014,0.013,20.814,149893.125,5.235,60.000
0.052,0.017,0.012,19.484,104636.320,6.033,60.000
0.048,0.002,0.005,22.126,96776.148,0.617,60.000
0.053,0.000,0.002,18.430,28067.430,-1.993,60.000
0.051,0.008,0.012,21.114,124813.289,5.513,60.000
0.055,0.001,0.009,23.802,83944.461,0.418,60.000
0.050,0.003,0.010,23.054,67804.789,1.073,60.000
0.048,0.020,0.012,20.699,145015.438,5.788,60.000
0.048,0.002,0.016,22.709,153382.031,1.942,60.000
0.048,0.004,0.011,20.843,116045.633,2.331,60.000
0.055,0.000,0.017,25.705,14456.055,0.628,60.000
0.042,0.001,0.017,18.286,108539.055,-0.405,60.000
0.050,0.020,0.012,20.513,124897.305,6.205,60.000
0.042,0.001,0.010,23.907,93762.055,0.352,60.000
0.050,0.001,0.023,22.076,127065.164,1.883,60.000
0.054,0.001,0.003,19.145,127150.117,0.153,60.000
0.052,0.024,0.013,19.773,141222.531,5.273,60.000
0.052,0.011,0.012,19.991,105834.695,3.942,60.000
0.043,0.000,0.005,21.438,26151.883,0.097,60.000
0.045,0.000,0.007,24.980,-31282.719,-0.105,60.000
0.045,0.001,0.020,21.589,34658.086,-0.594,60.000
0.056,0.001,0.005,20.445,125885.711,0.193,60.000
0.051,0.020,0.011,19.286,110594.555,5.865,60.000
0.050,0.001,0.006,23.947,97203.039,0.242,60.000
0.048,0.001,0.010,23.606,80275.180,1.376,60.000
0.058,0.001,0.012,22.469,78035.273,-0.058,60.000
0.051,0.026,0.012,19.249,139935.750,5.190,60.000
0.052,0.023,0.012,19.715,135883.062,5.386,60.000
0.049,0.015,0.013,20.768,147044.406,5.605,60.000
0.043,0.000,0.012,28.454,-63974.105,1.185,60.000
0.050,0.001,0.022,23.087,72910.539,1.112,60.000
0.044,0.001,0.018,18.590,126168.711,0.338,60.000
0.049,0.019,0.014,19.703,141453.094,7.092,60.000
0.050,0.020,0.011,19.687,116100.664,6.270,60.000
0.049,0.013,0.013,21.730,157061.906,4.580,60.000
0.050,0.000,0.019,22.098,52499.992,0.421,60.000
0.054,0.000,0.010,26.516,39276.211,2.284,60.000
0.049,0.021,0.012,20.600,146489.469,5.908,60.000
0.055,0.000,0.007,26.593,-40955.730,1.367,60.000
0.049,0.017,0.012,19.480,133237.344,6.420,60.000
0.049,0.005,0.012,22.438,111452.305,3.897,60.000
0.048,0.002,0.015,22.924,156525.906,2.173,60.000
0.053,0.001,0.006,24.775,86719.883,0.121,60.000
0.049,0.001,0.009,26.523,55742.352,0.477,60.000
0.050,0.021,0.014,19.850,126893.367,6.619,60.000
0.049,0.016,0.011,20.171,113764.742,6.445,60.000
0.050,0.003,0.010,22.349,70187.539,1.334,60.000
0.052,0.016,0.013,20.948,112264.867,6.092,60.000
0.053,0.001,0.016,22.692,92096.195,1.120,60.000
0.049,0.008,0.012,21.829,169002.219,5.274,60.000
0.055,0.001,0.018,20.994,91666.695,0.943,60.000
0.044,0.000,0.019,25.170,-50066.750,0.100,60.000
0.048,0.021,0.013,20.657,145005.250,5.705,60.000
0.051,0.005,0.010,20.283,132347.562,2.684,60.000
0.047,0.001,0.017,21.445,150375.188,1.668,60.000
0.049,0.015,0.014,20.852,150943.781,5.992,60.000
0.049,0.020,0.013,20.281,137594.281,6.311,60.000
0.050,0.022,0.012,20.195,141501.938,5.750,60.000
0.048,0.027,0.012,20.010,109067.758,5.151,60.000
0.051,0.007,0.011,20.213,160778.344,3.992,60.000
0.056,0.002,0.008,22.465,102674.992,0.080,60.000
0.048,0.015,0.013,20.926,138361.781,5.548,60.000
0.052,0.002,0.009,25.338,59850.555,1.014,60.000
0.048,0.002,0.007,23.785,97730.883,1.016,60.000
0.051,0.009,0.011,20.007,138426.625,4.250,60.000
0.002,0.013,0.013,20.293,78500.867,5.641,60.000
0.000,0.013,0.011,22.466,-61512.641,6.833,60.000
0.053,0.001,0.017,22.912,95758.742,1.600,60.000
0.043,0.001,0.007,23.914,-11628.391,0.069,60.000
0.053,0.001,0.007,22.725,101028.555,0.379,60.000
0.051,0.018,0.011,19.162,98013.492,5.999,60.000
0.049,0.009,0.010,22.052,106434.180,2.922,60.000
0.058,0.001,0.018,19.195,102432.430,0.138,60.000
0.052,0.010,0.014,20.064,98727.352,3.425,60.000
0.049,0.022,0.011,20.238,130625.133,6.295,60.000
0.048,0.001,0.007,23.073,98807.367,0.918,60.000
0.052,0.001,0.008,24.717,94765.242,0.629,60.000
0.051,0.018,0.011,18.957,98035.164,5.887,60.000
0.050,0.003,0.014,21.307,112501.102,2.546,60.000
0.047,0.001,0.016,23.358,154082.344,1.578,60.000
0.052,0.008,0.014,19.651,80547.461,3.229,60.000
0.050,0.025,0.011,20.790,130352.742,6.481,60.000
0.050,0.008,0.010,20.325,130995.523,3.135,60.000
0.050,0.001,0.016,25.019,132850.938,1.787,60.000
0.048,0.012,0.010,21.412,89939.414,4.279,60.000
0.047,0.001,0.018,22.138,136428.281,1.250,60.000
0.048,0.000,0.020,21.188,47285.477,0.476,60.000
0.050,0.020,0.010,18.845,103047.273,6.118,60.000
0.048,0.013,0.012,21.089,135195.375,4.612,60.000
0.098,0.012,0.013,20.252,126483.352,4.480,60.000
0.055,0.000,0.011,26.748,49097.227,2.290,60.000
0.044,0.001,0.021,20.238,120224.727,1.230,60.000
0.060,0.001,0.010,21.298,34461.836,-0.548,60.000
0.053,0.001,0.018,22.286,96802.414,1.936,60.000
0.052,0.001,0.014,24.200,103935.320,1.524,60.000
0.044,0.001,0.006,23.623,28259.039,0.676,60.000
0.057,0.001,0.011,20.092,123825.711,0.747,60.000
0.049,0.001,0.006,23.346,107266.195,0.972,60.000
0.044,0.001,0.006,23.821,27206.477,0.469,60.000
0.044,0.000,0.016,26.174,65046.398,1.294,60.000
0.048,0.013,0.013,21.508,159472.719,4.466,60.000
0.050,0.000,0.018,24.613,1855.680,-1.168,60.000
0.052,0.002,0.010,24.437,52344.336,1.861,60.000
0.051,0.010,0.011,20.175,134896.281,4.445,60.000
0.049,0.007,0.014,20.961,107463.570,3.419,60.000
0.050,0.001,0.014,29.924,26524.844,0.968,60.000
0.054,0.001,0.019,21.751,101363.414,1.611,60.000
0.051,0.020,0.013,20.168,112534.523,6.660,60.000
0.052,0.026,0.013,19.693,165880.375,5.528,60.000
0.051,0.002,0.008,24.401,86113.586,0.651,60.000
0.048,0.019,0.012,20.495,135407.062,6.055,60.000
0.059,0.001,0.006,24.484,29347.148,0.059,60.000
0.051,0.014,0.014,22.900,131467.656,5.036,60.000
0.052,0.001,0.021,22.752,71236.680,1.021,60.000
0.050,0.006,0.011,21.414,158592.844,4.704,60.000
0.046,0.001,0.004,21.035,88868.055,0.984,60.000
0.051,0.008,0.013,20.693,118364.352,5.058,60.000
0.051,0.024,0.014,20.160,138839.469,5.867,60.000
0.052,0.011,0.012,19.625,99463.914,3.473,60.000
0.048,0.010,0.014,21.816,149585.250,4.173,60.000
0.058,0.001,0.010,22.309,111263.070,0.254,60.000
0.046,0.000,0.008,27.917,3873.820,2.399,60.000
0.098,0.014,0.012,19.793,100813.617,5.139,60.000
0.055,0.001,0.018,21.286,102185.617,0.854,60.000
0.044,0.001,0.005,21.517,78484.055,0.752,60.000
0.049,0.023,0.011,20.980,136553.562,6.787,60.000
0.097,0.011,0.013,20.014,123887.398,4.423,60.000
0.049,0.001,0.002,22.757,6708.812,-0.075,60.000
0.052,0.001,0.011,29.758,-22176.008,1.425,60.000
0.045,0.000,0.012,29.154,-23856.109,-2.430,60.000
0.052,0.002,0.011,23.132,58382.930,2.963,60.000
0.047,0.002,0.011,22.684,93449.867,1.138,60.000
0.055,0.001,0.014,24.556,104062.867,1.288,60.000
0.051,0.002,0.010,24.601,54476.180,1.486,60.000
0.050,0.023,0.013,20.632,151889.625,5.815,60.000
0.049,0.003,0.013,23.219,112623.492,2.778,60.000
0.054,0.000,0.017,26.697,41181.555,-0.749,60.000
0.050,0.000,0.007,26.651,-23575.477,-0.197,60.000
0.049,0.007,0.014,20.553,104704.617,3.598,60.000
0.050,0.021,0.014,19.840,126946.492,6.651,60.000
0.050,0.014,0.011,20.655,99031.664,5.248,60.000
0.052,0.001,0.019,22.277,108296.711,2.164,60.000
0.052,0.019,0.012,19.521,103051.508,5.741,60.000
0.052,0.001,0.019,24.898,55696.570,1.009,60.000
0.047,0.001,0.015,28.570,30962.336,-0.180,60.000
0.055,0.001,0.005,19.975,126981.648,-0.035,60.000
0.049,0.021,0.011,20.047,123636.414,6.218,60.000
0.053,0.001,0.009,26.156,33139.492,0.010,60.000
0.040,0.001,0.010,22.235,66538.398,0.237,60.000
0.056,0.000,0.006,21.186,28487.961,-1.290,60.000
0.050,0.008,0.012,22.067,169474.938,6.007,60.000
0.048,0.010,0.011,21.399,113480.555,3.713,60.000
0.047,0.001,0.015,29.265,-36939.031,-1.679,60.000
0.041,0.001,0.015,20.537,15068.141,-2.510,60.000
0.051,0.000,0.009,27.232,-60586.484,-0.062,60.000
0.048,0.026,0.011,22.059,143417.312,6.719,60.000
0.050,0.000,0.017,28.083,-58146.930,-2.202,60.000
0.048,0.007,0.013,21.876,145810.469,4.259,60.000
0.049,0.013,0.013,22.092,155067.906,4.615,60.000
0.051,0.004,0.014,20.398,107575.195,2.470,60.000
0.050,0.022,0.013,20.830,137522.375,5.936,60.000
0.048,0.001,0.014,27.631,146125.375,2.027,60.000
0.051,0.013,0.013,22.597,131463.875,4.499,60.000
0.048,0.005,0.014,21.385,106530.367,2.701,60.000
0.048,0.010,0.012,20.457,157050.125,4.795,60.000
0.051,0.022,0.010,19.415,98186.289,6.001,60.000
0.046,0.001,0.016,21.579,157365.094,1.523,60.000
0.044,0.000,0.014,29.987,-40420.289,-0.512,60.000
0.055,0.001,0.010,23.812,69648.398,0.613,60.000
0.048,0.024,0.011,21.348,140368.500,6.752,60.000
0.056,0.001,0.012,24.147,98430.992,1.131,60.000
0.052,0.018,0.014,20.656,122289.398,6.941,60.000
0.051,0.001,0.021,22.127,121344.945,1.932,60.000
0.052,0.000,0.014,32.652,-55657.129,-0.950,60.000
0.044,0.001,0.020,21.747,34002.727,-0.451,60.000
0.050,0.002,0.010,23.774,56070.086,1.198,60.000
0.059,0.001,0.013,23.436,117496.117,-0.233,60.000
0.048,0.018,0.012,20.395,136982.875,6.140,60.000
0.048,0.009,0.011,21.809,135012.906,3.674,60.000
0.042,0.001,0.016,20.911,82307.914,-0.706,60.000
0.048,0.004,0.010,23.090,87646.695,1.179,60.000
0.049,0.021,0.013,20.578,135853.906,6.098,60.000
0.049,0.018,0.012,20.006,135165.875,6.422,60.000
0.049,0.018,0.011,20.224,136789.219,6.425,60.000
0.057,0.001,0.016,21.548,100419.273,0.449,60.000
0.050,0.024,0.011,20.437,131672.969,6.445,60.000
0.001,0.013,0.013,20.598,78204.398,5.571,60.000
0.045,0.001,0.014,26.789,16722.883,-0.173,60.000
0.001,0.011,0.011,20.242,7112.750,6.087,60.000
0.051,0.000,0.013,29.753,81104.617,2.331,60.000
0.049,0.025,0.013,19.966,168120.875,5.609,60.000
0.045,0.001,0.007,26.346,-13008.312,-0.251,60.000
0.053,0.000,0.012,32.148,-24503.945,0.395,60.000
0.052,0.000,0.022,19.551,76608.539,0.190,60.000
0.048,0.001,0.003,20.767,85423.102,0.341,60.000
0.048,0.010,0.013,20.381,157871.188,4.832,60.000
0.050,0.002,0.014,23.067,120591.227,2.464,60.000
0.045,0.001,0.003,21.624,45479.773,0.946,60.000
0.051,0.009,0.013,19.727,104845.555,4.337,60.000
0.050,0.001,0.019,24.437,59008.617,1.274,60.000
0.052,0.005,0.011,20.655,87762.555,2.903,60.000
0.049,0.021,0.012,20.670,146980.000,5.757,60.000
0.059,0.000,0.015,26.241,125874.930,1.443,60.000
0.048,0.002,0.009,23.877,88193.055,1.130,60.000
0.049,0.003,0.014,21.886,118546.211,2.660,60.000
0.050,0.000,0.023,25.112,-17438.188,-1.290,60.000
0.047,0.001,0.021,20.885,127512.758,1.226,60.000
0.058,0.000,0.015,24.444,53766.555,2.019,60.000
0.049,0.002,0.011,23.339,74427.336,2.551,60.000
0.048,0.000,0.009,27.268,-44667.422,-0.342,60.000
0.052,0.005,0.011,21.339,84239.633,3.166,60.000
0.047,0.001,0.006,24.099,80203.867,0.613,60.000
0.052,0.015,0.011,19.707,103023.383,5.011,60.000
0.047,0.001,0.017,22.353,155421.125,1.513,60.000
0.053,0.001,0.009,25.177,73139.398,0.844,60.000
0.052,0.010,0.012,19.802,94927.555,3.933,60.000
0.047,0.000,0.008,29.375,3288.195,2.818,60.000
0.050,0.014,0.014,22.316,160187.094,5.432,60.000
0.051,0.006,0.014,20.694,92722.148,2.898,60.000
0.098,0.011,0.012,19.507,128975.289,4.823,60.000
0.052,0.019,0.011,19.036,108453.320,5.863,60.000
0.054,0.000,0.022,18.929,98741.648,1.526,60.000
0.050,0.027,0.012,19.873,133418.719,5.676,60.000
0.043,0.001,0.012,25.585,25352.602,-1.359,60.000
0.047,0.001,0.022,21.459,78711.898,0.828,60.000
0.041,0.000,0.008,21.813,55201.727,2.018,60.000
0.050,0.012,0.013,22.287,145151.688,4.142,60.000
0.048,0.006,0.012,22.121,139684.500,4.372,60.000
0.049,0.007,0.011,21.774,172988.375,4.606,60.000
0.043,0.001,0.005,21.762,79413.586,1.291,60.000
0.050,0.008,0.015,20.503,105001.586,3.406,60.000
0.057,0.001,0.011,20.126,129746.180,0.628,60.000
0.053,0.002,0.014,23.506,90924.086,1.166,60.000
0.046,0.000,0.020,20.481,-28914.930,-1.664,60.000
0.049,0.011,0.011,20.533,104044.102,4.170,60.000
0.057,0.001,0.013,26.558,38040.695,-0.470,60.000
0.045,0.001,0.018,21.310,134778.031,0.895,60.000
0.048,0.011,0.011,21.164,111634.930,4.181,60.000
0.002,0.014,0.013,20.150,76615.883,5.572,60.000
0.050,0.002,0.009,24.699,70582.383,0.874,60.000
0.049,0.026,0.013,20.214,171458.625,6.105,60.000
0.049,0.011,0.013,20.671,147063.844,4.350,60.000
0.045,0.001,0.008,23.884,100564.680,0.652,60.000
0.051,0.017,0.012,19.397,104725.820,6.029,60.000
0.049,0.005,0.011,20.751,147599.656,3.407,60.000
0.047,0.001,0.002,21.985,51972.133,0.746,60.000
0.050,0.025,0.013,19.994,169036.750,5.634,60.000
0.056,0.001,0.007,23.569,107037.305,0.254,60.000
0.052,0.012,0.013,21.498,107432.695,3.633,60.000
0.047,0.001,0.014,29.038,126868.523,1.899,60.000
0.050,0.015,0.010,19.722,92066.852,5.938,60.000
0.049,0.001,0.019,23.496,36902.789,0.156,60.000
0.058,0.000,0.007,23.560,-41350.695,3.220,60.000
0.051,0.022,0.011,19.633,101139.648,6.044,60.000
0.049,0.023,0.014,20.666,150424.906,5.909,60.000
0.051,0.026,0.013,19.570,171503.656,5.579,60.000
0.050,0.014,0.011,20.757,83640.852,5.287,60.000
0.061,0.001,0.013,21.413,130546.617,-0.637,60.000
0.049,0.004,0.011,21.889,107785.102,3.211,60.000
0.049,0.007,0.014,20.747,107354.008,3.763,60.000
0.051,0.002,0.018,22.462,105021.727,2.175,60.000
0.047,0.001,0.019,20.580,131774.750,1.268,60.000
0.051,0.020,0.013,20.147,106053.727,6.250,60.000
0.052,0.000,0.007,25.836,-35189.461,-0.537,60.000
0.056,0.000,0.017,21.880,25250.078,0.695,60.000
0.052,0.009,0.011,20.106,119603.242,4.417,60.000
0.051,0.022,0.010,19.708,105400.289,5.932,60.000
0.041,0.001,0.008,21.296,89191.977,0.170,60.000
0.046,0.000,0.010,31.219,-19948.625,1.918,60.000
0.055,0.001,0.010,24.191,68378.367,0.543,60.000
0.050,0.008,0.011,20.939,153854.375,4.635,60.000
0.050,0.025,0.014,19.839,159020.219,5.874,60.000
0.059,0.001,0.009,21.319,119085.227,-0.115,60.000
0.050,0.007,0.012,22.126,152363.344,5.608,60.000
0.059,0.000,0.011,23.438,37239.039,0.794,60.000
0.052,0.001,0.022,22.296,50697.836,0.666,60.000
0.055,0.001,0.009,24.316,69648.430,0.681,60.000
0.002,0.012,0.012,19.387,50721.164,6.191,60.000
0.049,0.013,0.014,22.345,164240.906,4.782,60.000
0.042,0.000,0.016,24.468,24619.578,-0.750,60.000
0.051,0.011,0.014,22.197,136869.719,3.709,60.000
0.045,0.000,0.020,21.197,-15773.875,-1.153,60.000
0.057,0.000,0.006,22.831,-17520.086,0.387,60.000
0.051,0.027,0.014,19.680,143587.156,3.571,60.000
0.044,0.002,0.012,22.361,113022.727,0.465,60.000
0.050,0.026,0.014,19.760,186880.844,5.745,60.000
0.051,0.000,0.007,26.160,-29135.055,-0.314,60.000
0.059,0.001,0.015,23.853,52735.805,-1.378,60.000
0.040,0.001,0.017,19.591,82620.055,-0.501,60.000
0.050,0.002,0.016,22.967,135663.531,2.071,60.000
0.057,0.001,0.017,20.396,100387.945,0.472,60.000
0.058,0.001,0.008,23.884,105137.727,0.258,60.000
0.053,0.000,0.019,24.510,-29628.453,-0.922,60.000
0.045,0.002,0.008,22.200,91813.430,0.743,60.000
0.051,0.018,0.013,20.550,98277.773,6.723,60.000
0.050,0.001,0.006,25.215,54201.383,0.131,60.000
0.049,0.002,0.010,23.504,72349.680,1.275,60.000
0.050,0.011,0.013,20.974,137489.469,4.358,60.000
0.058,0.001,0.015,25.534,1101.016,-2.025,60.000
0.051,0.018,0.010,19.030,95241.586,5.742,60.000
0.052,0.001,0.018,23.416,104099.773,2.044,60.000
0.049,0.022,0.013,20.468,151806.375,5.608,60.000
0.046,0.000,0.002,20.980,-7229.234,-0.620,60.000
0.050,0.001,0.022,21.785,126680.820,1.729,60.000
0.049,0.021,0.014,20.449,135657.031,6.115,60.000
0.050,0.014,0.011,20.976,82059.273,5.196,60.000
0.052,0.013,0.011,20.298,99464.336,3.862,60.000
0.045,0.001,0.010,24.603,101992.008,0.720,60.000
0.053,0.001,0.020,21.308,112722.195,1.777,60.000
0.044,0.000,0.007,26.565,-22515.312,1.581,60.000
0.045,0.001,0.022,20.641,123760.320,1.351,60.000
0.050,0.001,0.020,22.342,120469.602,1.931,60.000
0.048,0.018,0.012,19.891,134521.531,6.139,60.000
0.054,0.001,0.007,23.235,103141.039,0.340,60.000
0.098,0.013,0.013,20.255,114251.102,4.580,60.000
0.050,0.018,0.013,20.153,121786.102,6.845,60.000
0.049,0.020,0.012,20.466,135492.625,5.972,60.000
0.100,0.011,0.012,26.252,-50405.004,6.561,60.000
0.052,0.003,0.011,22.730,56508.180,3.104,60.000
0.049,0.023,0.010,20.834,129386.305,6.635,60.000
0.048,0.010,0.011,21.068,127734.148,4.040,60.000
0.049,0.022,0.014,20.686,141725.406,5.866,60.000
0.052,0.009,0.013,19.759,83468.320,3.736,60.000
0.053,0.001,0.012,29.208,53374.289,1.883,60.000
0.055,0.001,0.005,23.356,74388.539,-0.147,60.000
0.055,0.000,0.003,23.391,-105744.922,-1.270,60.000
0.057,0.000,0.010,25.065,32507.586,-0.913,60.000
0.050,0.022,0.011,20.047,124672.227,6.148,60.000
0.001,0.011,0.012,20.258,43188.664,6.367,60.000
0.051,0.022,0.013,20.650,130150.180,5.849,60.000
0.002,0.012,0.012,19.732,56250.742,6.075,60.000
0.059,0.001,0.015,21.963,118089.945,-0.301,60.000
0.051,0.019,0.013,20.325,114486.227,6.837,60.000
0.049,0.022,0.012,20.268,139301.656,5.846,60.000
0.051,0.019,0.010,18.398,91476.305,5.729,60.000
0.053,0.001,0.013,24.069,94825.102,1.915,60.000
0.045,0.000,0.013,30.916,-41514.906,-0.850,60.000
0.046,0.001,0.015,27.978,32381.492,-0.422,60.000
0.046,0.001,0.018,23.643,140907.812,1.078,60.000
0.041,0.001,0.009,22.222,86569.680,0.346,60.000
0.058,0.001,0.010,19.303,127505.164,0.348,60.000
0.050,0.001,0.012,26.593,73460.398,2.500,60.000
0.050,0.025,0.011,21.276,127318.539,6.267,60.000
0.051,0.011,0.010,18.981,80387.008,3.815,60.000
0.041,0.001,0.008,20.467,99433.852,0.202,60.000
0.048,0.025,0.012,20.893,145065.312,6.640,60.000
0.058,0.001,0.007,20.695,130935.789,-0.149,60.000
0.052,0.001,0.006,24.351,52484.852,-0.247,60.000
0.047,0.001,0.005,23.284,69338.258,0.737,60.000
0.052,0.002,0.015,23.386,106120.414,1.394,60.000
0.050,0.002,0.018,22.265,113560.523,2.116,60.000
0.048,0.010,0.012,20.413,148507.781,4.428,60.000
0.053,0.002,0.011,23.556,47835.758,2.956,60.000
0.049,0.002,0.014,22.441,133683.625,2.366,60.000
0.050,0.007,0.010,20.584,134034.156,2.407,60.000
0.050,0.009,0.011,19.929,126369.492,4.028,60.000
0.057,0.000,0.009,26.648,-79772.164,-0.511,60.000
0.055,0.001,0.014,24.984,111449.133,0.908,60.000
0.042,0.001,0.014,21.631,28035.789,-1.667,60.000
0.048,0.015,0.012,20.934,129784.148,5.859,60.000
0.048,0.018,0.011,20.228,136590.719,6.449,60.000
0.045,0.000,0.009,29.481,8310.844,2.086,60.000
0.051,0.014,0.013,21.511,133740.938,4.912,60.000
0.059,0.001,0.006,20.164,152091.250,0.159,60.000
0.044,0.001,0.003,21.078,92296.773,1.301,60.000
0.044,0.000,0.006,24.428,-51530.668,-0.732,60.000
0.048,0.001,0.018,22.968,135522.250,1.325,60.000
0.051,0.009,0.011,19.191,116627.711,3.719,60.000
0.100,0.013,0.011,16.520,-30948.539,10.018,60.000
0.053,0.001,0.012,24.158,91245.367,2.119,60.000
0.055,0.000,0.014,29.828,66427.852,1.214,60.000
0.053,0.002,0.013,23.817,83543.695,2.374,60.000
0.057,0.001,0.004,18.240,128850.195,-0.256,60.000
0.043,0.000,0.019,20.000,5435.008,-0.238,60.000
0.052,0.002,0.014,23.435,94316.086,1.286,60.000
0.042,0.001,0.010,22.258,102802.570,0.022,60.000
0.055,0.001,0.015,23.352,101471.414,0.808,60.000
0.049,0.003,0.014,21.769,111533.477,2.742,60.000
0.060,0.001,0.013,20.970,125957.992,-0.452,60.000
0.050,0.021,0.012,20.449,136850.312,5.801,60.000
0.051,0.026,0.012,19.694,149718.656,5.717,60.000
0.052,0.022,0.012,19.926,125206.836,5.658,60.000
0.052,0.000,0.013,33.701,25481.859,0.158,60.000
0.041,0.001,0.008,22.528,22847.688,-0.477,60.000
0.050,0.003,0.010,22.637,68730.008,1.544,60.000
0.050,0.011,0.011,19.943,122597.805,4.100,60.000
0.051,0.023,0.014,20.381,128120.789,6.067,60.000
0.098,0.012,0.012,19.937,117260.477,5.202,60.000
0.052,0.001,0.018,23.641,106198.211,1.965,60.000
0.046,0.001,0.007,24.614,26077.406,0.173,60.000
0.048,0.000,0.013,32.912,-6788.305,0.347,60.000
0.051,0.002,0.018,22.945,107084.102,2.088,60.000
0.048,0.008,0.014,20.713,137699.031,4.454,60.000
0.049,0.025,0.013,20.143,167001.031,5.590,60.000
0.052,0.027,0.013,16.748,92894.742,3.075,60.000
0.049,0.025,0.014,20.005,172116.750,5.991,60.000
0.044,0.001,0.010,25.766,52318.898,-0.683,60.000
0.044,0.002,0.014,20.879,118203.430,1.198,60.000
0.100,0.011,0.012,24.766,2522.609,7.054,60.000
0.048,0.001,0.006,22.820,103130.680,0.850,60.000
0.047,0.000,0.006,24.361,-7057.250,0.395,60.000
0.044,0.001,0.019,19.714,125622.789,0.598,60.000
0.048,0.007,0.013,21.908,144226.656,4.478,60.000
0.039,0.001,0.011,21.919,54777.227,-0.250,60.000
0.057,0.000,0.015,24.216,15280.508,-0.496,60.000
0.100,0.013,0.012,20.563,-48430.391,9.464,60.000
0.052,0.001,0.022,20.972,119913.539,1.738,60.000
0.051,0.020,0.011,18.808,98361.820,5.799,60.000
0.051,0.007,0.014,20.368,91961.148,3.523,60.000
0.057,0.001,0.007,22.785,116312.664,0.174,60.000
0.051,0.002,0.012,23.831,73541.055,3.069,60.000
0.048,0.001,0.008,24.885,100747.133,0.629,60.000
0.051,0.018,0.014,20.478,129717.477,7.158,60.000
0.059,0.001,0.010,20.342,122240.039,0.069,60.000
0.050,0.018,0.010,18.961,107573.352,5.847,60.000
0.053,0.001,0.006,22.552,106298.070,0.482,60.000
0.044,0.001,0.018,18.768,125189.570,0.415,60.000
0.051,0.023,0.011,20.124,120920.508,5.994,60.000
0.051,0.012,0.012,20.620,117493.930,3.859,60.000
0.051,0.022,0.011,19.801,117290.648,5.761,60.000
0.051,0.002,0.006,21.487,114320.398,0.383,60.000
0.051,0.023,0.014,20.249,133253.875,5.933,60.000
0.057,0.001,0.009,23.844,93065.117,0.006,60.000
0.050,0.001,0.001,21.265,77506.633,0.151,60.000
0.051,0.026,0.012,19.439,146594.531,4.900,60.000
0.044,0.002,0.007,21.982,86750.773,0.722,60.000
0.051,0.009,0.011,20.598,139847.250,4.803,60.000
0.051,0.007,0.011,20.445,162563.656,4.055,60.000
0.052,0.007,0.011,20.049,137346.844,4.018,60.000
0.052,0.008,0.010,18.564,140032.031,3.099,60.000
0.047,0.000,0.014,30.893,-13440.344,-0.926,60.000
0.048,0.009,0.012,20.805,163343.031,5.051,60.000
0.048,0.025,0.011,21.475,144087.625,6.735,60.000
0.049,0.022,0.013,20.928,142932.500,6.060,60.000
0.051,0.001,0.013,32.295,-24047.281,1.304,60.000
0.051,0.010,0.012,20.293,129482.398,4.724,60.000
0.099,0.013,0.011,22.817,29004.773,3.526,60.000
0.052,0.013,0.011,19.811,70381.383,4.458,60.000
0.044,0.000,0.021,22.338,-67258.875,-1.668,60.000
0.051,0.024,0.014,20.194,146674.156,5.848,60.000
0.041,0.000,0.015,21.357,-49173.047,-0.975,60.000
0.049,0.001,0.020,21.857,128832.070,1.646,60.000
0.049,0.014,0.010,20.978,76972.414,5.118,60.000
0.041,0.001,0.014,21.731,39031.289,-1.550,60.000
0.051,0.013,0.010,20.266,53443.195,5.271,60.000
0.002,0.012,0.011,18.728,33010.555,6.633,60.000
0.060,0.001,0.011,18.157,144246.531,-0.374,60.000
0.051,0.005,0.010,20.632,99782.211,1.384,60.000
0.050,0.000,0.010,31.586,-62883.859,0.276,60.000
0.050,0.015,0.013,21.228,148648.031,5.621,60.000
0.049,0.023,0.012,20.495,148227.688,5.984,60.000
0.047,0.000,0.015,29.163,38838.086,0.500,60.000
0.048,0.000,0.009,29.592,-84899.406,-0.351,60.000
0.043,0.001,0.006,21.973,73931.461,1.195,60.000
0.051,0.020,0.012,20.029,121546.820,6.013,60.000
0.048,0.020,0.011,20.066,124526.648,6.919,60.000
0.048,0.020,0.013,20.648,145998.406,5.772,60.000
0.054,0.000,0.005,20.169,23505.203,-1.237,60.000
0.048,0.002,0.018,21.033,138597.750,1.578,60.000
0.060,0.001,0.011,19.355,141178.312,-0.348,60.000
0.054,0.001,0.016,23.432,100123.008,1.101,60.000
0.046,0.001,0.008,23.835,102587.867,0.566,60.000
0.050,0.008,0.011,21.396,161346.094,4.692,60.000
0.045,0.001,0.012,32.144,-14877.852,-1.321,60.000
0.043,0.001,0.014,24.441,87232.070,0.585,60.000
0.049,0.025,0.013,19.963,173129.031,5.757,60.000
0.042,0.000,0.011,27.987,-63643.125,1.509,60.000
0.049,0.004,0.013,21.961,97783.383,2.845,60.000
0.003,0.012,0.012,19.175,45923.711,6.317,60.000
0.058,0.001,0.014,24.140,114783.680,-0.068,60.000
0.053,0.001,0.021,21.349,111519.555,1.983,60.000
0.059,0.000,0.006,21.421,45347.555,2.389,60.000
0.048,0.010,0.012,21.163,131777.562,4.169,60.000
0.048,0.023,0.012,20.348,151489.688,5.657,60.000
0.054,0.000,0.012,29.503,7650.055,0.967,60.000
0.043,0.001,0.019,20.449,2913.562,-2.018,60.000
0.059,0.000,0.010,24.147,64815.695,-1.311,60.000
0.050,0.024,0.011,21.024,119089.242,6.200,60.000
0.050,0.003,0.010,22.940,62347.523,1.889,60.000
0.058,0.000,0.013,26.962,125729.461,0.471,60.000
0.051,0.013,0.011,20.072,110934.258,3.972,60.000
0.051,0.007,0.011,21.208,151922.250,5.014,60.000
0.052,0.026,0.011,19.687,131077.344,5.394,60.000
0.050,0.019,0.012,19.931,125719.273,6.427,60.000
0.049,0.023,0.013,20.679,159964.219,5.672,60.000
0.043,0.000,0.011,29.208,42597.617,1.840,60.000
0.052,0.008,0.010,18.749,141706.156,3.246,60.000
0.048,0.021,0.011,20.347,126167.852,6.935,60.000
0.049,0.001,0.021,22.406,129322.773,1.605,60.000
0.047,0.000,0.019,21.125,27037.477,-0.220,60.000
0.098,0.013,0.013,20.378,114806.102,4.113,60.000
0.048,0.001,0.014,29.987,66960.430,1.244,60.000
0.048,0.001,0.009,24.866,96808.102,0.607,60.000
0.049,0.002,0.010,22.922,79443.461,1.432,60.000
0.049,0.011,0.010,20.829,90842.945,4.194,60.000
0.052,0.000,0.003,19.951,29499.820,-1.074,60.000
0.049,0.012,0.013,21.660,159744.594,4.054,60.000
0.051,0.009,0.013,20.383,116792.539,5.014,60.000
0.044,0.002,0.015,19.528,135226.312,1.003,60.000
0.049,0.000,0.017,26.929,44931.477,0.524,60.000
0.003,0.012,0.011,18.984,37319.117,6.428,60.000
0.048,0.011,0.013,20.629,144224.719,4.241,60.000
0.044,0.001,0.007,22.229,88274.164,0.578,60.000
0.050,0.001,0.006,23.908,107969.867,0.634,60.000
0.047,0.001,0.007,23.637,103116.820,0.702,60.000
0.050,0.014,0.014,23.264,158264.500,5.016,60.000
0.049,0.006,0.010,21.748,103630.352,1.708,60.000
0.052,0.002,0.012,23.566,61098.602,2.870,60.000
0.051,0.020,0.013,20.313,105682.070,6.656,60.000
0.048,0.010,0.013,20.616,159771.375,4.603,60.000
0.051,0.002,0.015,23.266,120414.727,1.583,60.000
0.043,0.000,0.008,25.861,-48527.965,-1.052,60.000
0.052,0.009,0.010,18.623,115096.320,3.320,60.000
0.052,0.000,0.020,21.331,47133.602,-0.969,60.000
0.049,0.000,0.006,24.161,2800.719,0.103,60.000
0.050,0.013,0.013,21.997,150064.656,4.768,60.000
0.048,0.000,0.002,21.539,11877.578,-0.608,60.000
0.055,0.000,0.013,32.440,30276.055,0.315,60.000
0.051,0.000,0.012,34.612,7593.977,0.602,60.000
0.051,0.014,0.012,20.364,111344.680,5.040,60.000
0.057,0.001,0.016,21.961,106169.852,0.357,60.000
0.054,0.001,0.004,22.157,84320.742,0.002,60.000
0.049,0.026,0.011,20.602,94328.258,4.585,60.000
0.043,0.001,0.014,21.123,97881.180,1.080,60.000
0.049,0.000,0.017,27.019,-2590.266,-0.935,60.000
0.055,0.000,0.003,25.391,-51851.566,0.175,60.000
0.051,0.000,0.011,34.044,10417.461,1.883,60.000
0.056,0.001,0.006,20.811,119817.227,-0.157,60.000
0.051,0.000,0.006,25.092,-1263.273,0.785,60.000
0.053,0.002,0.013,23.813,82106.867,1.916,60.000
0.050,0.010,0.015,21.778,126337.602,3.387,60.000
0.059,0.001,0.012,21.570,133312.469,-0.479,60.000
0.052,0.001,0.011,31.179,-45382.340,1.020,60.000
0.057,0.000,0.012,28.058,53425.477,-0.397,60.000
0.049,0.027,0.010,18.893,32314.242,2.611,60.000
0.049,0.006,0.014,21.156,102492.633,2.851,60.000
0.002,0.012,0.013,19.975,55970.617,5.876,60.000
0.054,0.001,0.012,23.471,83469.414,2.228,60.000
0.042,0.001,0.006,21.146,83266.227,0.819,60.000
0.051,0.012,0.013,21.656,124364.961,4.108,60.000
0.045,0.000,0.011,27.148,32999.383,-1.852,60.000
0.051,0.009,0.014,20.037,83495.570,3.566,60.000
0.051,0.000,0.021,19.397,29798.773,-0.734,60.000
0.049,0.018,0.010,19.736,124205.398,6.474,60.000
0.040,0.001,0.012,21.320,33819.711,-1.633,60.000
0.056,0.001,0.016,21.931,100620.117,0.634,60.000
0.048,0.013,0.011,21.340,113561.430,4.725,60.000
0.056,0.001,0.006,20.558,123255.508,-0.027,60.000
0.058,0.000,0.014,25.846,62789.133,0.803,60.000
0.051,0.023,0.010,19.873,105457.477,6.153,60.000
0.041,0.001,0.014,19.701,53393.445,-1.056,60.000
0.049,0.009,0.012,20.966,164201.750,5.237,60.000
0.051,0.003,0.012,23.429,81489.258,3.240,60.000
0.044,0.000,0.004,23.330,8201.891,-0.454,60.000
0.044,0.001,0.014,23.252,105137.789,1.166,60.000
0.002,0.011,0.012,19.402,37331.805,6.461,60.000
0.043,0.001,0.012,25.285,3744.000,-1.696,60.000
0.048,0.027,0.012,19.675,114996.789,3.949,60.000
0.049,0.014,0.012,21.152,108425.961,5.412,60.000
0.048,0.014,0.013,20.821,154149.312,5.420,60.000
0.047,0.000,0.011,34.485,-44939.430,0.430,60.000
0.051,0.008,0.012,21.429,139857.562,5.435,60.000
0.049,0.021,0.012,20.069,130445.258,5.967,60.000
0.050,0.023,0.011,20.388,116254.977,6.314,60.000
0.057,0.000,0.005,19.007,19530.367,-1.498,60.000
0.047,0.000,0.019,22.145,22360.609,-0.349,60.000
0.048,0.013,0.014,22.148,162025.656,4.227,60.000
0.050,0.021,0.013,20.592,126519.398,6.067,60.000
0.051,0.012,0.012,20.281,114723.242,3.834,60.000
0.048,0.026,0.010,22.532,142817.188,6.601,60.000
0.051,0.024,0.014,20.322,144346.531,5.887,60.000
0.052,0.011,0.010,18.387,93072.195,3.476,60.000
0.048,0.000,0.013,33.514,-14897.008,0.637,60.000
0.049,0.020,0.011,20.179,126089.930,6.380,60.000
0.052,0.016,0.012,20.170,104387.414,5.617,60.000
0.050,0.021,0.013,20.805,130660.602,6.102,60.000
0.039,0.001,0.014,19.736,30535.148,-2.264,60.000
0.051,0.020,0.010,18.534,88791.820,5.727,60.000
0.050,0.001,0.020,22.763,120149.852,2.028,60.000
0.046,0.001,0.007,22.415,94222.383,0.897,60.000
0.051,0.001,0.008,24.405,87878.664,0.596,60.000
0.055,0.001,0.012,23.051,111519.711,1.400,60.000
0.048,0.007,0.013,21.259,131191.281,4.035,60.000
0.055,0.000,0.007,22.023,-29810.898,-1.807,60.000
0.048,0.001,0.020,21.215,128042.023,1.504,60.000
0.048,0.003,0.012,22.408,123338.992,3.126,60.000
0.048,0.025,0.012,20.541,152184.344,6.305,60.000
0.057,0.001,0.012,25.200,-18866.492,-0.177,60.000
0.050,0.003,0.010,22.949,58802.445,1.994,60.000
0.044,0.000,0.011,30.400,-32008.828,2.246,60.000
0.059,0.001,0.013,27.060,-26787.570,-1.519,60.000
0.048,0.005,0.011,20.871,120641.633,1.964,60.000
0.048,0.002,0.010,23.549,78008.742,1.274,60.000
0.051,0.000,0.020,21.422,70552.289,0.628,60.000
0.048,0.000,0.018,23.260,8365.906,-0.718,60.000
0.050,0.014,0.012,20.643,115457.352,5.162,60.000
0.050,0.011,0.012,20.186,131417.281,4.429,60.000
0.047,0.000,0.005,23.303,52982.289,-0.332,60.000
0.047,0.000,0.006,24.094,-43103.453,-0.956,60.000
0.051,0.022,0.011,19.583,115203.758,5.690,60.000
0.050,0.019,0.014,19.939,136512.625,7.198,60.000
0.050,0.014,0.011,20.812,100032.539,5.490,60.000
0.052,0.002,0.014,23.397,96219.195,1.463,60.000
0.056,0.001,0.011,21.098,104449.602,0.816,60.000
0.049,0.016,0.010,20.148,107922.336,6.218,60.000
0.048,0.000,0.020,23.632,31950.289,0.152,60.000
0.054,0.002,0.006,21.692,103140.383,-0.067,60.000
0.050,0.008,0.009,21.108,135139.875,2.117,60.000
0.043,0.001,0.016,22.640,44758.117,-1.759,60.000
0.000,0.012,0.013,16.623,47937.867,7.842,60.000
0.048,0.002,0.010,23.190,82654.227,1.241,60.000
0.042,0.001,0.019,18.838,112561.383,0.581,60.000
0.048,0.021,0.011,20.324,126691.758,6.778,60.000
0.049,0.006,0.009,22.242,111635.977,1.537,60.000
0.052,0.005,0.011,20.666,98494.695,3.458,60.000
0.060,0.001,0.015,21.562,122140.586,-0.375,60.000
0.049,0.004,0.012,21.950,122468.070,3.547,60.000
0.045,0.000,0.010,31.296,-63360.785,0.646,60.000
0.046,0.000,0.004,22.214,16351.367,-0.356,60.000
0.043,0.001,0.005,21.674,80076.648,1.495,60.000
0.049,0.011,0.013,20.743,139991.250,4.206,60.000
0.057,0.001,0.005,21.324,121483.336,0.021,60.000
0.052,0.015,0.012,19.901,108106.945,5.019,60.000
0.049,0.010,0.010,21.667,100885.492,3.323,60.000
0.000,0.011,0.012,23.438,-50936.281,6.018,60.000
0.051,0.008,0.013,20.434,102356.820,4.401,60.000
0.098,0.012,0.010,19.101,94916.727,4.863,60.000
0.055,0.001,0.007,23.329,103592.414,0.125,60.000
0.048,0.005,0.012,21.768,130210.289,3.412,60.000
0.048,0.001,0.010,25.019,71661.352,0.937,60.000
0.046,0.001,0.005,23.257,23999.508,0.870,60.000
0.050,0.014,0.012,20.853,141925.344,5.000,60.000
0.041,0.001,0.009,24.037,-16385.547,-1.572,60.000
0.052,0.001,0.014,24.623,92782.836,1.672,60.000
0.051,0.003,0.014,20.809,110604.945,2.478,60.000
0.049,0.012,0.012,20.957,133380.938,4.400,60.000
0.051,0.004,0.010,21.560,83474.867,2.287,60.000
0.052,0.001,0.015,23.304,106831.102,1.497,60.000
0.050,0.006,0.015,20.061,99845.430,2.659,60.000
0.048,0.009,0.012,21.297,160567.719,4.629,60.000
0.052,0.001,0.014,25.158,100298.570,1.643,60.000
0.050,0.009,0.010,20.419,127459.742,3.354,60.000
0.051,0.008,0.013,20.196,109815.430,4.498,60.000
0.046,0.002,0.016,20.184,162996.531,1.663,60.000
0.060,0.001,0.014,23.092,128996.102,-0.462,60.000
0.044,0.000,0.006,23.458,-48606.484,-1.009,60.000
0.000,0.012,0.011,14.906,23072.742,8.302,60.000
0.050,0.003,0.014,21.075,115099.539,2.558,60.000
0.051,0.009,0.014,20.205,89986.758,3.356,60.000
0.058,0.001,0.006,20.024,132865.562,-0.403,60.000
0.051,0.017,0.011,19.689,102357.414,6.300,60.000
0.049,0.013,0.012,20.927,147691.531,4.347,60.000
0.055,0.001,0.018,23.406,-17289.023,-1.624,60.000
0.050,0.003,0.011,22.649,70401.320,2.369,60.000
0.050,0.009,0.014,20.393,107383.180,3.629,60.000
0.051,0.020,0.011,19.378,112238.117,5.888,60.000
0.046,0.000,0.020,19.485,97842.352,1.514,60.000
0.049,0.005,0.010,22.292,94565.852,1.394,60.000
0.046,0.000,0.011,30.724,-80541.914,-0.290,60.000
0.051,0.014,0.014,22.508,143546.688,5.322,60.000
0.050,0.009,0.013,20.041,120523.055,4.933,60.000
0.058,0.000,0.009,24.095,6980.031,-0.276,60.000
0.048,0.010,0.012,20.575,154325.750,4.273,60.000
0.048,0.003,0.014,22.066,118854.055,2.709,60.000
0.049,0.013,0.012,21.005,123057.570,4.595,60.000
0.048,0.015,0.011,20.813,113591.555,5.972,60.000
0.050,0.001,0.003,21.910,20874.289,-0.238,60.000
0.043,0.001,0.013,24.403,2762.500,-1.475,60.000
0.050,0.000,0.022,21.340,31424.305,-1.025,60.000
0.050,0.002,0.008,23.998,89501.023,0.802,60.000
0.049,0.003,0.014,22.235,123790.195,2.531,60.000
0.049,0.009,0.011,21.093,151511.156,4.366,60.000
0.050,0.025,0.010,21.404,126946.523,6.210,60.000
0.055,0.001,0.022,19.909,114406.102,1.685,60.000
0.050,0.010,0.010,20.804,92612.758,3.398,60.000
0.043,0.001,0.009,22.985,100356.227,0.428,60.000
0.050,0.027,0.014,20.028,53795.195,4.961,60.000
0.053,0.001,0.014,23.863,96020.305,1.378,60.000
0.049,0.019,0.014,19.752,144051.812,7.123,60.000
0.046,0.001,0.021,22.200,39101.211,-0.032,60.000
0.049,0.001,0.017,24.152,143096.875,1.764,60.000
0.053,0.001,0.012,23.628,69320.961,2.328,60.000
0.046,0.001,0.009,26.194,76244.164,0.412,60.000
0.051,0.001,0.006,24.783,27235.633,-0.387,60.000
0.040,0.001,0.008,19.778,91026.820,0.242,60.000
0.055,0.001,0.021,20.112,72781.633,0.617,60.000
0.049,0.001,0.007,27.759,33534.836,0.459,60.000
0.046,0.001,0.018,20.045,136995.312,1.347,60.000
0.051,0.006,0.014,19.553,89645.727,2.232,60.000
0.050,0.013,0.012,20.965,125756.805,4.273,60.000
0.050,0.001,0.007,24.642,100377.523,0.585,60.000
0.046,0.001,0.013,28.386,53221.680,1.093,60.000
0.049,0.020,0.011,19.842,117119.867,6.268,60.000
0.045,0.001,0.014,27.632,57981.258,0.860,60.000
0.100,0.011,0.011,19.025,24011.688,8.621,60.000
0.051,0.005,0.012,21.513,99036.102,3.968,60.000
0.043,0.000,0.016,25.189,-45307.148,-2.601,60.000
0.054,0.001,0.018,22.439,100979.664,1.368,60.000
0.056,0.002,0.012,21.514,115354.945,0.966,60.000
0.052,0.008,0.014,19.708,73803.211,3.125,60.000
0.050,0.001,0.003,20.298,118846.117,0.813,60.000
0.049,0.000,0.017,24.963,50722.727,0.098,60.000
0.051,0.013,0.010,19.652,68324.555,4.782,60.000
0.048,0.004,0.012,22.260,121929.117,3.299,60.000
0.048,0.009,0.014,20.941,135376.781,4.317,60.000
0.049,0.008,0.011,21.782,157113.719,4.571,60.000
0.099,0.013,0.012,19.838,106626.914,5.535,60.000
0.047,0.002,0.012,23.745,116707.789,2.598,60.000
0.043,0.000,0.014,25.997,57117.758,-0.008,60.000
0.055,0.000,0.006,24.328,9317.352,0.383,60.000
0.049,0.026,0.013,19.997,179063.781,5.706,60.000
0.057,0.000,0.019,21.827,12908.773,-1.461,60.000
0.050,0.021,0.013,20.712,126625.508,6.079,60.000
0.061,0.000,0.014,23.074,136296.625,-0.593,60.000
0.059,0.000,0.008,22.488,39067.461,0.532,60.000
0.056,0.000,0.005,20.504,67941.227,0.409,60.000
0.049,0.025,0.012,20.475,144987.000,6.659,60.000
0.051,0.016,0.013,21.290,128914.008,6.029,60.000
0.042,0.000,0.010,26.333,-57412.973,1.855,60.000
0.051,0.012,0.014,23.384,132302.031,3.729,60.000
0.042,0.001,0.007,21.640,91052.430,0.384,60.000
0.045,0.000,0.008,28.470,-32463.109,1.797,60.000
0.052,0.001,0.015,29.546,31265.570,0.945,60.000
0.050,0.027,0.011,20.524,143887.219,4.266,60.000
0.053,0.001,0.018,21.954,101606.273,1.982,60.000
0.049,0.010,0.010,21.385,86193.820,4.010,60.000
0.050,0.006,0.014,20.600,101942.164,2.927,60.000
0.047,0.002,0.007,22.743,94718.008,0.819,60.000
0.052,0.012,0.010,19.064,84180.602,3.933,60.000
0.057,0.001,0.007,24.328,55687.398,-0.046,60.000
0.048,0.026,0.011,21.649,145564.844,6.761,60.000
0.049,0.016,0.013,20.614,133856.125,5.997,60.000
0.049,0.026,0.010,22.528,130479.961,5.955,60.000
0.052,0.025,0.012,19.391,147924.594,5.448,60.000
0.051,0.010,0.014,20.528,100178.242,3.389,60.000
0.050,0.023,0.011,20.505,129243.352,6.586,60.000
0.047,0.001,0.009,25.034,99327.961,0.659,60.000
0.051,0.001,0.018,22.669,108503.664,2.199,60.000
0.051,0.010,0.012,20.230,131281.250,4.761,60.000
0.058,0.001,0.007,24.428,105774.961,0.162,60.000
0.043,0.000,0.007,24.449,-1666.805,-0.408,60.000
0.052,0.002,0.010,24.853,53104.086,1.200,60.000
0.051,0.015,0.011,20.416,100560.055,5.629,60.000
0.050,0.022,0.011,20.265,116294.242,6.456,60.000
0.047,0.002,0.008,23.480,99409.039,0.960,60.000
0.052,0.011,0.011,19.385,96801.117,3.570,60.000
0.046,0.002,0.013,23.911,137068.219,2.316,60.000
0.049,0.009,0.014,20.867,125043.070,3.829,60.000
0.048,0.015,0.012,20.841,120009.461,5.966,60.000
0.040,0.001,0.015,21.183,57748.945,-1.362,60.000
0.053,0.002,0.006,22.369,103778.070,0.379,60.000
0.048,0.022,0.011,20.895,135072.281,6.979,60.000
0.099,0.012,0.011,20.891,87871.586,4.556,60.000
0.051,0.001,0.019,23.259,119129.023,2.026,60.000
0.049,0.001,0.011,29.657,-12416.008,-0.052,60.000
0.058,0.001,0.008,24.853,34867.023,-0.004,60.000
0.049,0.022,0.011,20.661,136611.312,6.440,60.000
0.051,0.021,0.011,18.848,94226.711,5.778,60.000
0.050,0.019,0.011,18.861,101359.414,5.876,60.000
0.052,0.016,0.012,20.430,96457.523,5.508,60.000
0.046,0.000,0.006,25.165,-34565.422,-0.088,60.000
0.042,0.000,0.012,25.782,-21490.766,-3.299,60.000
0.058,0.001,0.017,21.595,104052.570,0.414,60.000
0.057,0.001,0.018,19.548,101754.055,0.143,60.000
0.002,0.012,0.013,20.681,69407.398,5.311,60.000
0.058,0.001,0.016,21.757,111123.992,0.278,60.000
0.048,0.002,0.015,22.298,158409.656,2.122,60.000
0.051,0.025,0.013,19.714,163032.625,5.535,60.000
0.046,0.001,0.010,27.358,29473.305,-0.703,60.000
0.056,0.001,0.010,23.549,86396.852,0.708,60.000
0.050,0.005,0.014,20.674,102613.992,2.828,60.000
0.003,0.013,0.011,18.861,40468.242,6.363,60.000
0.048,0.020,0.013,20.328,142903.281,5.968,60.000
0.050,0.018,0.014,19.916,144883.719,7.346,60.000
0.053,0.001,0.012,28.873,-10854.609,1.417,60.000
0.051,0.012,0.010,19.706,61907.398,4.488,60.000
0.049,0.001,0.019,22.342,131171.188,1.802,60.000
0.050,0.019,0.011,19.612,116537.555,6.326,60.000
0.052,0.004,0.013,20.064,90694.758,2.363,60.000
0.056,0.001,0.006,23.125,97992.289,-0.166,60.000
0.042,0.001,0.015,21.514,97668.664,-0.188,60.000
0.049,0.001,0.012,31.001,-16980.516,0.069,60.000
0.051,0.017,0.011,19.711,100814.914,6.338,60.000
0.042,0.000,0.012,23.968,32873.742,-2.355,60.000
0.057,0.000,0.017,24.241,-10197.406,-1.558,60.000
0.052,0.001,0.005,20.554,119167.898,0.265,60.000
0.051,0.011,0.014,21.445,132330.906,3.960,60.000
0.048,0.009,0.012,20.994,158073.688,4.829,60.000
0.048,0.016,0.013,19.970,134796.031,5.782,60.000
0.049,0.006,0.014,21.315,100035.289,2.727,60.000
0.048,0.013,0.010,21.048,87860.508,4.376,60.000
0.053,0.001,0.010,24.746,54869.867,1.095,60.000
0.049,0.007,0.013,21.202,140603.906,4.862,60.000
0.052,0.008,0.010,18.767,136821.312,2.701,60.000
0.048,0.016,0.011,20.442,127950.805,6.546,60.000
0.047,0.000,0.015,30.097,27017.445,-0.077,60.000
0.058,0.001,0.014,25.577,87358.023,-0.274,60.000
0.049,0.007,0.013,21.340,138107.531,4.774,60.000
0.060,0.001,0.014,22.479,118372.961,-0.304,60.000
0.053,0.001,0.014,31.457,10922.539,1.030,60.000
0.047,0.001,0.008,23.364,103518.617,1.032,60.000
0.050,0.011,0.015,23.044,141136.812,3.453,60.000
0.052,0.010,0.012,19.610,98160.492,3.942,60.000
0.051,0.006,0.013,21.270,89548.852,3.397,60.000
0.050,0.007,0.011,20.594,167009.781,4.059,60.000
0.051,0.027,0.010,11.460,59385.492,2.388,60.000
0.048,0.016,0.012,20.204,129871.211,6.323,60.000
0.098,0.011,0.012,19.607,127983.742,4.835,60.000
0.050,0.004,0.014,20.601,114984.023,2.572,60.000
0.049,0.015,0.012,20.578,128401.336,5.896,60.000
0.050,0.023,0.011,20.012,126856.227,6.026,60.000
0.051,0.023,0.012,19.988,146272.688,5.447,60.000
0.051,0.012,0.014,23.650,133996.969,3.686,60.000
0.052,0.005,0.011,21.353,89763.852,3.482,60.000
0.057,0.001,0.008,22.186,103228.602,0.071,60.000
0.042,0.001,0.005,22.552,47179.852,1.586,60.000
0.058,0.001,0.009,22.609,111618.352,0.197,60.000
0.060,0.001,0.013,20.960,128436.664,-0.530,60.000
0.057,0.000,0.013,29.403,80279.180,0.435,60.000
0.051,0.025,0.010,21.211,116490.086,5.737,60.000
0.049,0.006,0.011,20.638,155282.031,3.128,60.000
0.049,0.001,0.012,24.920,73721.117,2.326,60.000
0.051,0.011,0.011,19.352,112616.508,3.910,60.000
0.048,0.014,0.011,21.106,93196.430,5.186,60.000
0.041,0.001,0.008,20.443,97561.195,0.078,60.000
0.052,0.001,0.005,19.992,121134.180,0.114,60.000
0.049,0.017,0.010,19.902,123306.711,6.583,60.000
0.056,0.000,0.014,27.328,24855.641,0.491,60.000
0.043,0.001,0.005,22.184,82015.852,1.412,60.000
0.050,0.024,0.012,19.935,156128.094,5.593,60.000
0.099,0.013,0.012,20.239,116252.664,4.993,60.000
0.046,0.000,0.021,20.218,50738.758,0.307,60.000
0.050,0.013,0.014,23.840,148057.438,3.846,60.000
0.050,0.001,0.022,22.658,97956.727,1.497,60.000
0.047,0.002,0.011,23.063,92919.320,1.453,60.000
0.052,0.009,0.012,20.922,119612.273,5.109,60.000
0.052,0.020,0.012,19.788,116278.523,5.883,60.000
0.050,0.003,0.010,24.020,59606.070,1.019,60.000
0.050,0.021,0.012,20.252,133864.438,5.801,60.000
0.059,0.001,0.016,22.522,93819.008,-0.752,60.000
0.051,0.007,0.013,21.611,107922.148,4.287,60.000
0.050,0.003,0.009,23.799,66293.461,0.960,60.000
0.049,0.001,0.003,21.267,101584.117,0.784,60.000
0.049,0.001,0.018,23.239,130466.398,1.611,60.000
0.051,0.001,0.002,23.430,-10580.086,-0.577,60.000
0.047,0.001,0.006,24.409,15431.117,0.125,60.000
0.051,0.017,0.012,20.207,111406.555,6.670,60.000
0.052,0.008,0.012,20.964,113416.352,5.001,60.000
0.051,0.019,0.011,19.055,107548.008,5.955,60.000
0.052,0.000,0.022,20.478,76017.711,0.681,60.000
0.052,0.001,0.001,21.010,43948.352,-0.261,60.000
0.048,0.011,0.011,21.102,115962.945,4.074,60.000
0.052,0.027,0.012,18.521,57894.586,1.636,60.000
0.044,0.001,0.014,28.210,4718.414,-0.990,60.000
0.051,0.006,0.014,20.845,88179.727,2.986,60.000
0.053,0.001,0.019,23.172,105331.961,1.745,60.000
0.051,0.000,0.008,28.796,-21038.711,-0.462,60.000
0.051,0.002,0.015,22.950,115420.914,1.644,60.000
0.052,0.000,0.005,25.088,-28287.078,0.401,60.000
0.050,0.000,0.020,21.016,14609.547,-0.825,60.000
0.048,0.001,0.005,23.801,43160.148,0.294,60.000
0.054,0.001,0.003,19.220,129538.227,0.186,60.000
0.054,0.001,0.008,23.404,95530.070,0.284,60.000
0.047,0.001,0.015,29.654,46820.102,0.484,60.000
0.047,0.000,0.005,24.492,42490.992,-0.158,60.000
0.050,0.001,0.019,23.054,126173.508,1.967,60.000
0.048,0.019,0.013,19.311,138427.812,6.546,60.000
0.050,0.021,0.012,20.026,121691.758,5.885,60.000
0.052,0.004,0.013,21.179,86209.367,2.738,60.000
0.052,0.006,0.011,19.673,126109.148,3.594,60.000
0.055,0.000,0.009,27.728,19639.914,0.907,60.000
0.052,0.012,0.014,22.765,131670.531,3.705,60.000
0.049,0.025,0.012,20.247,155096.094,6.255,60.000
0.051,0.001,0.007,27.577,1255.938,-0.281,60.000
0.043,0.001,0.015,22.834,42320.555,-1.013,60.000
0.051,0.025,0.011,20.732,108904.133,5.607,60.000
0.054,0.001,0.020,22.396,64797.992,0.490,60.000
0.044,0.000,0.014,27.597,54580.445,0.159,60.000
0.052,0.020,0.012,19.950,112011.367,5.928,60.000
0.049,0.010,0.014,20.659,137847.656,4.587,60.000
0.050,0.003,0.015,21.913,121636.492,2.291,60.000
0.047,0.001,0.020,22.507,35559.602,-0.049,60.000
0.055,0.002,0.016,21.505,88923.398,0.562,60.000
0.051,0.005,0.013,21.770,96121.055,3.789,60.000
0.045,0.001,0.010,22.590,105766.711,0.685,60.000
0.098,0.014,0.013,20.070,104790.617,4.507,60.000
0.051,0.001,0.013,27.168,95353.242,2.483,60.000
0.054,0.000,0.014,31.225,36190.836,0.052,60.000
0.039,0.001,0.011,21.214,55511.227,-0.390,60.000
0.049,0.005,0.011,20.935,122441.414,2.543,60.000
0.050,0.006,0.013,21.747,114946.148,4.051,60.000
0.052,0.000,0.011,31.341,-1982.414,1.265,60.000
0.058,0.001,0.009,23.310,1105.758,-0.523,60.000
0.050,0.000,0.003,22.339,-61388.605,-0.652,60.000
0.049,0.017,0.012,19.732,128420.492,6.468,60.000
0.052,0.003,0.013,22.169,83868.414,2.394,60.000
0.098,0.014,0.012,19.675,100304.867,5.498,60.000
0.051,0.003,0.010,23.349,58401.086,1.672,60.000
0.052,0.006,0.013,20.664,88940.758,3.197,60.000
0.052,0.006,0.013,20.536,85719.539,3.125,60.000
0.049,0.001,0.015,22.930,151529.812,2.003,60.000
0.051,0.001,0.019,24.127,85600.648,1.640,60.000
0.051,0.022,0.011,19.795,115504.820,5.884,60.000
0.048,0.008,0.013,20.912,151987.812,4.698,60.000
0.053,0.002,0.007,22.676,100486.586,0.514,60.000
0.050,0.003,0.014,21.555,109420.992,2.580,60.000
0.050,0.002,0.010,23.303,56140.148,1.762,60.000
0.048,0.004,0.010,22.333,91454.211,1.496,60.000
0.049,0.006,0.013,21.965,118111.773,3.776,60.000
0.044,0.002,0.016,18.662,147028.438,0.729,60.000
0.044,0.001,0.019,21.242,13550.539,-1.124,60.000
0.052,0.019,0.011,19.042,107128.367,5.899,60.000
0.048,0.018,0.012,20.398,138840.750,6.244,60.000
0.050,0.002,0.017,23.404,128568.086,2.043,60.000
0.044,0.000,0.019,22.491,-56664.875,-2.445,60.000
0.043,0.002,0.013,20.732,98664.477,0.353,60.000
0.050,0.000,0.009,31.513,-38227.758,1.067,60.000
0.051,0.003,0.010,23.060,55985.008,2.102,60.000
0.049,0.012,0.013,20.583,141852.938,4.190,60.000
0.042,0.001,0.018,20.842,7704.609,-2.893,60.000
0.051,0.008,0.009,20.439,131073.031,2.591,60.000
0.049,0.000,0.019,22.294,-4387.609,-1.413,60.000
0.050,0.012,0.012,20.428,120117.820,3.987,60.000
0.050,0.013,0.014,23.432,150602.031,4.035,60.000
0.050,0.014,0.013,20.719,152330.375,5.311,60.000
0.052,0.006,0.011,19.459,129701.008,3.191,60.000
0.049,0.007,0.010,21.796,127288.695,2.446,60.000
0.051,0.001,0.019,22.570,115638.789,2.156,60.000
0.051,0.008,0.014,19.974,99955.430,3.216,60.000
0.058,0.001,0.007,23.823,-56038.164,-0.752,60.000
0.045,0.000,0.014,31.604,23809.492,1.300,60.000
0.051,0.019,0.013,20.612,115316.086,7.037,60.000
0.051,0.027,0.013,18.753,137330.844,3.838,60.000
0.049,0.001,0.014,29.199,108555.398,1.938,60.000
0.051,0.005,0.014,20.161,98907.852,2.460,60.000
0.048,0.017,0.012,19.821,131318.719,6.404,60.000
0.050,0.000,0.020,20.561,25881.586,-1.155,60.000
0.050,0.022,0.012,20.475,140608.438,5.704,60.000
0.048,0.001,0.019,21.375,132408.750,1.492,60.000
0.051,0.008,0.010,19.359,141712.500,3.627,60.000
0.048,0.005,0.012,21.616,136761.406,3.671,60.000
0.049,0.027,0.013,16.281,60935.336,1.561,60.000
0.040,0.001,0.011,22.159,57359.133,-0.392,60.000
0.045,0.001,0.002,21.136,78622.883,0.612,60.000
0.048,0.018,0.010,19.855,125361.898,6.631,60.000
0.054,0.002,0.013,23.442,89469.258,1.783,60.000
0.049,0.019,0.013,19.605,144288.812,7.102,60.000
0.051,0.011,0.014,22.386,131097.438,3.457,60.000
0.058,0.001,0.008,24.351,-16390.258,-0.696,60.000
0.049,0.008,0.014,20.661,120501.227,4.443,60.000
0.045,0.001,0.017,19.606,156533.906,1.383,60.000
0.045,0.000,0.013,33.272,-5444.328,-0.248,60.000
0.050,0.009,0.012,21.327,146824.031,5.577,60.000
0.049,0.019,0.011,19.795,127347.180,6.348,60.000
0.050,0.003,0.013,22.399,91292.555,3.074,60.000
0.043,0.001,0.012,21.544,102437.133,-0.074,60.000
0.048,0.024,0.012,20.398,145766.188,6.279,60.000
0.040,0.001,0.013,18.756,55328.773,-1.562,60.000
0.052,0.019,0.012,19.304,100420.398,5.692,60.000
0.050,0.002,0.015,22.311,119399.523,2.179,60.000
0.045,0.000,0.009,24.427,9028.320,-0.791,60.000
0.049,0.003,0.010,23.316,72877.852,1.155,60.000
0.042,0.001,0.008,20.921,102182.805,0.191,60.000
0.051,0.006,0.012,22.300,118068.977,4.877,60.000
0.046,0.001,0.014,23.590,153632.812,2.144,60.000
0.054,0.001,0.011,22.768,65279.930,1.825,60.000
0.052,0.001,0.004,22.116,25452.367,-0.462,60.000
0.051,0.005,0.009,21.377,94290.492,1.216,60.000
0.057,0.001,0.019,19.488,99735.977,0.286,60.000
0.049,0.009,0.014,20.859,131235.062,4.394,60.000
0.049,0.021,0.011,19.780,120377.117,6.400,60.000
0.048,0.002,0.011,22.325,91981.086,1.799,60.000
0.059,0.001,0.013,24.407,109497.789,-0.124,60.000
0.056,0.000,0.020,23.813,-12027.680,-0.641,60.000
0.050,0.000,0.019,22.744,60549.008,2.369,60.000
0.051,0.009,0.013,19.751,98326.008,4.222,60.000
0.050,0.001,0.014,33.423,-27142.203,0.000,60.000
0.044,0.000,0.012,30.371,-54857.773,1.521,60.000
0.048,0.024,0.011,21.549,140367.812,6.970,60.000
0.051,0.019,0.012,19.241,102299.461,5.792,60.000
0.049,0.021,0.012,20.603,144711.562,5.881,60.000
0.047,0.001,0.020,20.357,126090.758,1.304,60.000
0.049,0.018,0.013,19.680,139086.531,6.806,60.000
0.047,0.001,0.019,22.096,133231.688,1.187,60.000
0.048,0.001,0.022,21.005,131565.500,1.396,60.000
0.056,0.001,0.019,24.704,-26888.820,-1.685,60.000
0.045,0.001,0.011,23.805,99682.289,1.210,60.000
0.050,0.017,0.011,20.055,109872.461,6.500,60.000
0.051,0.011,0.012,20.151,116624.977,4.313,60.000
0.050,0.003,0.015,20.928,122383.633,2.518,60.000
0.046,0.001,0.016,22.717,155657.375,1.584,60.000
0.048,0.017,0.011,20.343,134444.938,6.586,60.000
0.050,0.005,0.013,22.118,99167.773,3.574,60.000
0.048,0.010,0.013,20.765,158865.750,4.364,60.000
0.045,0.000,0.009,29.038,5364.266,2.073,60.000
0.049,0.017,0.010,19.818,122515.102,6.461,60.000
0.044,0.002,0.013,22.451,116262.211,1.630,60.000
0.054,0.001,0.020,21.850,43333.148,0.101,60.000
0.100,0.011,0.013,15.575,102848.773,7.082,60.000
0.046,0.000,0.006,23.868,-22555.008,-0.210,60.000
0.053,0.001,0.019,21.880,104659.367,1.976,60.000
0.052,0.008,0.014,19.527,84349.258,3.075,60.000
0.002,0.013,0.013,20.299,71279.945,5.598,60.000
0.046,0.001,0.005,22.425,88089.523,0.662,60.000
0.048,0.001,0.015,23.385,158264.469,2.273,60.000
0.057,0.000,0.007,25.040,-10506.766,1.694,60.000
0.049,0.004,0.013,22.399,95067.602,2.974,60.000
0.050,0.009,0.014,20.193,109912.117,4.070,60.000
0.052,0.013,0.012,20.264,102483.508,3.279,60.000
0.051,0.027,0.010,21.780,118663.430,5.430,60.000
0.052,0.001,0.016,27.144,26152.484,0.350,60.000
0.050,0.014,0.012,20.946,109980.945,5.258,60.000
0.046,0.000,0.010,31.665,-48643.285,0.916,60.000
0.049,0.003,0.014,22.143,123266.289,2.688,60.000
0.059,0.001,0.006,21.219,145140.844,0.309,60.000
0.045,0.001,0.006,23.920,7954.062,0.411,60.000
0.050,0.022,0.014,20.395,135250.719,5.965,60.000
0.042,0.000,0.018,19.180,5132.609,-2.144,60.000
0.050,0.005,0.014,20.237,105270.898,2.640,60.000
0.050,0.019,0.013,19.853,124547.320,6.538,60.000
0.099,0.011,0.013,21.341,127075.023,4.716,60.000
0.048,0.010,0.012,20.491,148638.656,4.326,60.000
0.055,0.001,0.017,25.554,44196.867,-0.319,60.000
0.055,0.000,0.012,31.867,55758.773,0.548,60.000
0.041,0.001,0.012,25.076,-18917.516,-2.742,60.000
0.051,0.020,0.012,20.245,121820.523,6.190,60.000
0.050,0.000,0.005,24.490,-43602.594,-0.053,60.000
0.052,0.009,0.013,19.681,88188.195,3.717,60.000
0.051,0.022,0.014,20.407,128020.336,6.051,60.000
0.052,0.025,0.011,19.856,131265.188,5.599,60.000
0.049,0.025,0.012,20.435,145166.594,6.372,60.000
0.050,0.015,0.011,20.815,103398.539,5.739,60.000
0.051,0.010,0.010,18.996,100408.820,3.250,60.000
0.053,0.002,0.009,24.406,61088.680,0.761,60.000
0.051,0.001,0.005,20.695,121158.492,0.467,60.000
0.056,0.001,0.019,24.410,-59337.895,-2.996,60.000
0.050,0.023,0.010,20.746,121072.398,6.025,60.000
0.059,0.000,0.012,24.975,6248.289,-0.578,60.000
0.044,0.001,0.014,23.536,122733.680,1.411,60.000
0.049,0.009,0.013,20.465,145658.906,5.362,60.000
0.052,0.027,0.013,20.930,91137.570,4.780,60.000
0.050,0.017,0.014,20.303,141622.281,7.167,60.000
0.050,0.026,0.012,19.994,155726.094,6.124,60.000
0.050,0.010,0.013,20.255,133610.312,4.844,60.000
0.051,0.018,0.013,20.623,118278.289,7.216,60.000
0.052,0.000,0.012,30.327,6893.109,1.079,60.000
0.057,0.000,0.018,22.978,59353.633,-0.603,60.000
0.049,0.000,0.019,22.117,11506.195,-0.454,60.000
0.052,0.002,0.012,23.709,71840.961,2.985,60.000
0.056,0.000,0.015,24.545,27884.898,0.510,60.000
0.044,0.000,0.020,22.345,-79822.805,-1.828,60.000
0.051,0.003,0.013,23.697,89551.195,3.073,60.000
0.048,0.000,0.020,21.814,2840.227,-0.645,60.000
0.051,0.022,0.011,19.662,112913.023,5.850,60.000
0.051,0.015,0.013,21.091,139537.562,5.474,60.000
0.057,0.001,0.019,19.691,105017.523,0.217,60.000
0.049,0.016,0.013,20.627,135518.000,6.084,60.000
0.051,0.001,0.019,23.317,120678.289,2.077,60.000
0.048,0.012,0.012,21.238,137996.281,4.195,60.000
0.051,0.013,0.014,23.179,141888.875,4.578,60.000
0.059,0.000,0.014,24.027,61648.242,-0.335,60.000
0.051,0.000,0.012,29.160,-10547.156,1.415,60.000
0.049,0.026,0.011,21.447,139216.719,6.536,60.000
0.052,0.003,0.013,23.200,84967.664,2.526,60.000
0.002,0.011,0.011,18.661,27503.383,6.777,60.000
0.051,0.021,0.010,18.624,95357.617,6.101,60.000
0.056,0.001,0.007,23.188,106843.539,0.166,60.000
0.049,0.001,0.011,25.188,61337.727,2.223,60.000
0.049,0.024,0.014,20.273,165736.844,5.716,60.000
0.048,0.013,0.012,21.307,128788.273,4.470,60.000
0.052,0.015,0.013,22.026,125395.539,5.053,60.000
0.052,0.002,0.006,21.332,113342.977,0.336,60.000
0.055,0.001,0.008,24.332,76170.820,0.124,60.000
0.042,0.000,0.005,20.972,57716.320,-0.149,60.000
0.043,0.001,0.013,20.841,89692.070,0.139,60.000
0.057,0.001,0.008,25.220,50179.336,0.108,60.000
0.042,0.001,0.014,24.143,-497.336,-2.499,60.000
0.050,0.010,0.012,20.090,125397.039,4.459,60.000
0.050,0.021,0.014,19.995,127086.695,6.406,60.000
0.050,0.026,0.014,20.246,184940.406,5.641,60.000
0.055,0.001,0.015,23.730,99585.664,0.881,60.000
0.050,0.019,0.011,19.841,117713.867,6.134,60.000
0.099,0.011,0.011,19.527,121314.383,4.903,60.000
0.056,0.002,0.015,21.701,97316.367,0.265,60.000
0.052,0.010,0.013,19.875,85730.477,3.770,60.000
0.052,0.005,0.010,20.140,97493.023,2.324,60.000
0.050,0.023,0.010,20.532,121415.805,6.371,60.000
0.052,0.014,0.012,20.790,119705.023,4.307,60.000
0.053,0.001,0.003,19.772,118540.352,0.276,60.000
0.049,0.012,0.010,20.865,87806.977,4.347,60.000
0.051,0.019,0.011,19.524,112968.289,5.990,60.000
0.043,0.001,0.015,22.818,88026.086,-0.246,60.000
0.043,0.001,0.014,20.638,80174.023,0.374,60.000
0.049,0.001,0.019,23.641,92952.227,1.239,60.000
0.051,0.001,0.019,24.449,57473.898,1.254,60.000
0.048,0.001,0.006,22.632,99377.023,0.826,60.000
0.055,0.001,0.010,22.556,77861.117,0.734,60.000
0.058,0.000,0.018,23.425,34386.555,-1.405,60.000
0.049,0.006,0.014,21.178,101486.727,2.824,60.000
0.049,0.012,0.012,21.002,125732.930,4.460,60.000
0.051,0.000,0.021,20.517,37691.398,-0.445,60.000
0.053,0.000,0.010,32.204,14562.727,1.213,60.000
0.053,0.001,0.020,22.018,91708.398,1.314,60.000
0.048,0.000,0.017,26.827,4282.461,-1.098,60.000
0.051,0.025,0.010,21.084,112921.820,5.770,60.000
0.049,0.013,0.011,20.673,117234.383,4.532,60.000
0.053,0.001,0.019,24.288,57375.180,0.837,60.000
0.050,0.001,0.004,20.642,119083.805,0.704,60.000
0.048,0.018,0.012,20.352,137177.844,6.039,60.000
0.059,0.001,0.016,23.308,61761.930,-1.168,60.000
0.053,0.001,0.016,26.657,24530.898,0.168,60.000
0.050,0.020,0.010,19.227,106602.398,6.374,60.000
0.049,0.012,0.013,21.716,157839.188,4.142,60.000
0.048,0.002,0.012,23.961,111727.039,2.690,60.000
0.098,0.012,0.013,20.574,123257.680,4.615,60.000
0.057,0.000,0.014,25.069,73915.680,3.164,60.000
0.050,0.020,0.014,19.828,130700.648,6.856,60.000
0.051,0.024,0.013,19.874,158254.844,5.410,60.000
0.051,0.007,0.011,20.234,146957.094,4.262,60.000
0.043,0.000,0.013,26.210,23226.453,-2.307,60.000
0.049,0.027,0.012,12.298,12741.281,0.818,60.000
0.049,0.001,0.009,25.058,73508.992,0.970,60.000
0.055,0.001,0.019,22.651,-2276.016,-1.054,60.000
0.098,0.014,0.011,19.242,100275.430,5.540,60.000
0.047,0.001,0.015,26.039,143940.469,1.736,60.000
0.060,0.000,0.012,23.926,-34609.570,-0.029,60.000
0.050,0.000,0.019,22.261,25009.914,-0.753,60.000
0.048,0.007,0.012,22.110,154665.906,4.314,60.000
0.049,0.025,0.012,20.219,150270.219,6.104,60.000
0.044,0.001,0.014,23.527,110682.508,1.361,60.000
0.050,0.004,0.009,23.188,76258.805,1.073,60.000
0.055,0.001,0.007,23.399,103778.758,0.143,60.000
0.049,0.008,0.014,20.658,126955.180,4.597,60.000
0.050,0.017,0.010,19.607,108182.992,5.958,60.000
0.050,0.007,0.010,20.639,136699.438,2.528,60.000
0.051,0.018,0.012,19.935,114232.711,6.441,60.000
0.052,0.011,0.011,19.041,102085.523,3.272,60.000
0.057,0.002,0.010,21.882,91113.414,0.090,60.000
0.044,0.001,0.005,22.832,62804.820,1.211,60.000
0.042,0.001,0.019,18.490,112209.070,0.336,60.000
0.048,0.015,0.012,21.340,117333.180,5.654,60.000
0.041,0.001,0.007,22.270,79660.242,0.449,60.000
0.049,0.017,0.010,20.143,125378.773,6.621,60.000
0.052,0.012,0.014,23.019,127301.336,3.549,60.000
0.045,0.000,0.013,32.495,-33193.242,-2.289,60.000
0.051,0.013,0.011,19.995,104089.914,4.055,60.000
0.051,0.017,0.010,19.192,96446.305,5.785,60.000
0.048,0.001,0.007,25.124,100212.602,0.761,60.000
0.057,0.001,0.019,19.934,103574.508,0.268,60.000
0.046,0.000,0.014,27.543,92797.227,1.531,60.000
0.051,0.003,0.013,23.696,86524.102,2.596,60.000
0.051,0.022,0.012,20.308,132790.656,5.732,60.000
0.051,0.018,0.013,20.503,102425.977,6.683,60.000
0.050,0.018,0.011,19.413,112439.195,6.129,60.000
0.053,0.001,0.013,28.467,34665.867,1.837,60.000
0.045,0.001,0.007,23.576,83044.070,0.567,60.000
0.052,0.002,0.013,24.543,86897.008,2.215,60.000
0.050,0.003,0.013,23.037,108279.133,2.721,60.000
0.059,0.001,0.010,19.120,119486.383,0.193,60.000
0.048,0.027,0.011,20.212,105575.695,4.989,60.000
0.051,0.012,0.013,21.353,117310.758,4.050,60.000
0.051,0.010,0.014,21.613,105899.883,3.340,60.000
0.049,0.002,0.013,23.612,115446.570,2.795,60.000
0.045,0.000,0.006,23.743,23671.844,1.033,60.000
0.059,0.000,0.015,23.452,51195.852,-0.140,60.000
0.057,0.001,0.014,25.424,73036.617,-0.373,60.000
0.045,0.000,0.019,21.864,-39739.332,-2.951,60.000
0.044,0.000,0.007,25.581,-15113.047,-0.571,60.000
0.000,0.013,0.012,17.965,26504.164,8.878,60.000
0.048,0.009,0.011,21.367,133005.594,4.215,60.000
0.052,0.026,0.011,19.901,127792.867,5.654,60.000
0.049,0.019,0.012,20.398,136976.656,6.101,60.000
0.051,0.024,0.011,20.028,128637.242,5.875,60.000
0.052,0.003,0.012,22.987,66874.727,2.978,60.000
0.002,0.012,0.011,17.996,27497.023,6.972,60.000
0.058,0.000,0.010,25.024,22356.328,-0.085,60.000
0.049,0.018,0.012,19.428,130226.289,6.388,60.000
0.051,0.018,0.012,19.979,110294.352,6.483,60.000
0.042,0.001,0.011,23.639,83609.820,-0.210,60.000
0.050,0.022,0.010,19.911,112759.148,6.013,60.000
0.055,0.002,0.017,20.142,86612.242,0.317,60.000
0.050,0.009,0.011,20.248,142755.406,4.024,60.000
0.050,0.020,0.012,20.354,124570.742,6.075,60.000
0.050,0.007,0.011,21.601,166289.000,5.313,60.000
0.052,0.005,0.014,19.443,92348.508,2.336,60.000
0.050,0.001,0.002,20.683,102130.602,0.305,60.000
0.043,0.001,0.014,23.764,85358.727,0.365,60.000
0.053,0.000,0.020,20.817,41157.242,-0.520,60.000
0.048,0.026,0.011,21.692,143541.438,6.624,60.000
0.058,0.001,0.007,22.155,120390.617,0.145,60.000
0.049,0.002,0.015,23.220,138071.062,2.101,60.000
0.049,0.010,0.013,21.018,155958.969,4.541,60.000
0.060,0.001,0.008,21.728,121120.648,0.465,60.000
0.052,0.001,0.017,22.912,93815.367,1.616,60.000
0.049,0.009,0.011,20.836,141756.156,4.080,60.000
0.052,0.014,0.011,20.076,84855.164,4.475,60.000
0.048,0.009,0.013,20.496,155109.156,4.898,60.000
0.051,0.016,0.011,19.684,93052.445,6.284,60.000
0.056,0.001,0.017,26.055,6212.211,-0.908,60.000
0.047,0.001,0.007,22.800,94743.477,1.049,60.000
0.047,0.002,0.008,23.579,100673.898,1.085,60.000
0.050,0.016,0.014,20.831,144961.656,6.497,60.000
0.053,0.001,0.018,22.087,95647.930,1.579,60.000
0.056,0.001,0.007,24.363,53993.430,-0.136,60.000
0.043,0.001,0.014,24.564,57040.336,-0.463,60.000
0.042,0.001,0.013,19.547,79326.336,-0.817,60.000
0.052,0.001,0.005,20.663,116848.836,0.279,60.000
0.050,0.003,0.013,22.411,99396.273,2.739,60.000
0.098,0.011,0.012,19.733,128737.133,4.914,60.000
0.049,0.019,0.014,19.345,139913.156,6.593,60.000
0.052,0.014,0.011,19.620,106019.352,4.318,60.000
0.050,0.015,0.013,20.924,138778.906,5.940,60.000
0.048,0.001,0.020,21.304,130628.305,1.452,60.000
0.051,0.009,0.014,19.823,88825.461,3.178,60.000
0.054,0.000,0.009,26.553,-25586.688,-0.239,60.000
0.057,0.001,0.008,22.152,113947.227,0.050,60.000
0.056,0.001,0.021,20.123,112600.539,1.265,60.000
0.046,0.001,0.009,26.039,58393.102,0.122,60.000
0.049,0.018,0.012,19.447,133473.219,6.389,60.000
0.000,0.011,0.012,23.281,-53950.559,6.569,60.000
0.060,0.000,0.009,22.184,32059.648,1.109,60.000
0.050,0.011,0.013,20.580,123194.242,4.368,60.000
0.050,0.012,0.014,22.628,154430.844,4.101,60.000
0.058,0.001,0.009,22.771,111738.383,0.133,60.000
0.050,0.013,0.011,20.876,96055.039,4.923,60.000
0.051,0.007,0.011,21.080,144388.406,4.920,60.000
0.099,0.011,0.011,20.216,119863.305,4.965,60.000
0.048,0.022,0.013,20.632,154818.906,5.476,60.000
0.042,0.001,0.018,19.788,33156.445,-1.981,60.000
0.045,0.000,0.006,23.896,26891.461,1.030,60.000
0.049,0.001,0.001,21.066,1437.438,-0.271,60.000
0.099,0.012,0.012,19.780,116202.914,5.480,60.000
0.048,0.000,0.005,24.019,29113.445,0.236,60.000
0.052,0.003,0.012,23.181,86111.102,2.619,60.000
0.051,0.003,0.011,22.905,63937.430,2.618,60.000
0.051,0.013,0.014,23.122,141069.625,4.062,60.000
0.049,0.021,0.012,20.452,136031.531,5.849,60.000
0.048,0.001,0.010,25.001,76236.352,1.369,60.000
0.040,0.001,0.013,18.476,51138.805,-1.486,60.000
0.050,0.008,0.014,20.515,106452.727,4.317,60.000
0.052,0.024,0.013,20.136,139677.281,5.537,60.000
0.049,0.006,0.012,22.529,129417.867,4.753,60.000
0.046,0.001,0.012,25.991,104776.258,2.070,60.000
0.051,0.010,0.010,20.054,79435.586,3.705,60.000
0.048,0.005,0.014,21.728,103423.148,2.703,60.000
0.060,0.001,0.009,23.258,81872.227,0.154,60.000
0.051,0.001,0.015,28.925,50022.523,1.259,60.000
0.043,0.002,0.011,21.897,103144.508,-0.243,60.000
0.048,0.007,0.013,21.262,141139.656,4.216,60.000
0.043,0.001,0.017,18.307,121888.602,-0.161,60.000
0.051,0.018,0.013,20.517,121326.430,7.340,60.000
0.045,0.000,0.008,25.922,-89473.320,-2.503,60.000
0.050,0.010,0.014,21.324,134953.219,4.119,60.000
0.056,0.001,0.005,22.018,91604.211,-0.043,60.000
0.049,0.008,0.012,21.774,173338.750,5.113,60.000
0.052,0.005,0.012,21.270,91950.523,3.697,60.000
0.055,0.001,0.022,19.978,116175.758,1.614,60.000
0.046,0.001,0.005,22.445,85019.633,0.708,60.000
0.048,0.001,0.020,21.414,128178.695,1.528,60.000
0.049,0.017,0.013,19.998,130960.242,6.900,60.000
0.049,0.002,0.015,22.761,134245.438,2.196,60.000
0.052,0.007,0.014,19.284,87164.898,2.120,60.000
0.048,0.008,0.013,21.179,158532.719,5.037,60.000
0.058,0.000,0.014,24.792,35487.992,-0.089,60.000
0.042,0.000,0.009,24.685,-53384.609,0.135,60.000
0.049,0.005,0.014,20.655,106557.227,2.654,60.000
0.050,0.026,0.010,21.597,124955.789,6.051,60.000
0.051,0.000,0.017,27.428,-47376.070,-1.071,60.000
0.049,0.008,0.012,21.686,172796.969,5.526,60.000
0.050,0.025,0.013,19.789,174506.281,5.559,60.000
0.050,0.020,0.013,20.470,133166.500,6.285,60.000
0.057,0.001,0.014,23.639,116724.664,0.292,60.000
0.048,0.007,0.013,21.053,133663.875,4.301,60.000
0.053,0.001,0.013,24.518,94747.414,2.227,60.000
0.048,0.021,0.013,20.796,147471.250,5.593,60.000
0.052,0.027,0.011,12.861,79211.648,3.597,60.000
0.049,0.016,0.010,19.997,103083.820,5.925,60.000
0.052,0.019,0.012,19.425,101643.320,5.577,60.000
0.047,0.001,0.005,21.852,102524.195,0.843,60.000
0.051,0.005,0.011,20.521,141573.781,3.353,60.000
0.048,0.013,0.010,21.163,84077.164,4.741,60.000
0.051,0.010,0.012,20.430,120657.305,4.962,60.000
0.051,0.026,0.012,19.826,146097.594,6.047,60.000
0.051,0.012,0.013,22.350,142224.906,4.066,60.000
0.058,0.000,0.008,22.773,-20896.523,1.524,60.000
0.049,0.011,0.014,22.465,155531.188,4.027,60.000
0.049,0.007,0.011,21.646,172833.000,4.510,60.000
0.048,0.005,0.012,22.070,115875.773,3.463,60.000
0.051,0.008,0.014,20.137,85030.805,3.589,60.000
0.050,0.004,0.010,21.670,81135.039,2.084,60.000
0.049,0.008,0.010,21.423,141174.344,3.235,60.000
0.061,0.001,0.011,17.679,132297.781,-0.291,60.000
0.055,0.000,0.002,20.115,36824.102,-1.384,60.000
0.051,0.014,0.011,20.704,84823.742,4.961,60.000
0.045,0.002,0.012,23.109,115814.945,1.596,60.000
0.045,0.001,0.009,24.314,108011.086,0.810,60.000
0.050,0.011,0.011,20.030,99943.336,4.103,60.000
0.051,0.015,0.013,20.686,123111.227,5.821,60.000
0.051,0.004,0.010,22.065,71417.977,2.287,60.000
0.048,0.005,0.013,22.022,117503.961,3.492,60.000
0.042,0.000,0.013,26.312,-9676.891,0.146,60.000
0.052,0.010,0.014,21.073,108882.727,3.315,60.000
0.041,0.000,0.009,23.020,22127.836,1.834,60.000
0.051,0.001,0.018,25.069,50827.055,1.234,60.000
0.051,0.018,0.012,19.578,109976.617,6.178,60.000
0.051,0.003,0.012,23.666,95569.242,3.378,60.000
0.050,0.017,0.011,19.715,107585.445,6.271,60.000
0.049,0.010,0.014,20.842,140975.375,4.618,60.000
0.051,0.025,0.013,19.774,171348.562,5.532,60.000
0.051,0.007,0.010,20.151,126431.383,2.074,60.000
0.048,0.002,0.006,22.435,98817.664,0.727,60.000
0.050,0.001,0.017,27.697,50244.586,0.673,60.000
0.042,0.001,0.014,23.911,26048.766,-1.360,60.000
0.040,0.001,0.014,18.820,49965.148,-1.418,60.000
0.051,0.010,0.014,20.582,116882.742,3.856,60.000
0.043,0.001,0.017,20.880,63236.102,-1.357,60.000
0.048,0.024,0.011,21.708,139995.125,6.788,60.000
0.047,0.001,0.018,23.252,71613.523,-0.160,60.000
0.048,0.023,0.011,21.333,134630.812,6.833,60.000
0.057,0.000,0.015,25.567,81138.180,2.567,60.000
0.051,0.025,0.013,19.758,166598.500,5.530,60.000
0.051,0.000,0.005,24.383,-35727.141,-0.134,60.000
0.050,0.014,0.012,20.515,131084.156,5.241,60.000
0.050,0.003,0.014,22.269,113608.398,2.366,60.000
0.048,0.011,0.011,21.391,124916.195,3.965,60.000
0.050,0.023,0.012,20.189,151166.531,5.623,60.000
0.044,0.001,0.007,22.149,90829.680,0.751,60.000
0.051,0.023,0.011,20.441,107651.773,5.948,60.000
0.052,0.021,0.012,19.849,120380.352,5.702,60.000
0.043,0.000,0.018,19.515,27495.992,-1.326,60.000
0.051,0.026,0.013,19.635,179672.906,5.578,60.000
0.052,0.020,0.012,19.884,108966.711,5.938,60.000
0.050,0.022,0.012,19.968,135756.781,5.798,60.000
0.049,0.023,0.011,20.876,129616.383,6.711,60.000
0.050,0.016,0.010,19.817,99796.336,5.982,60.000
0.052,0.005,0.012,21.277,103320.586,4.201,60.000
0.052,0.001,0.008,24.647,97463.555,0.536,60.000
0.052,0.001,0.019,24.487,55841.461,1.180,60.000
0.049,0.025,0.014,19.969,171651.719,5.642,60.000
0.049,0.006,0.012,22.435,147647.844,4.929,60.000
0.049,0.020,0.011,20.074,123253.945,6.230,60.000
0.048,0.009,0.013,20.630,148747.438,4.649,60.000
0.048,0.021,0.011,20.503,128189.055,6.759,60.000
0.052,0.006,0.011,19.722,132169.156,3.806,60.000
0.049,0.008,0.015,20.640,110242.758,3.546,60.000
0.057,0.001,0.005,18.953,130477.914,-0.122,60.000
0.049,0.024,0.010,21.401,132770.969,6.537,60.000
0.047,0.000,0.018,23.131,-31974.711,-1.672,60.000
0.048,0.004,0.012,21.284,131905.406,2.863,60.000
0.050,0.024,0.010,21.071,123829.648,6.063,60.000
0.048,0.006,0.013,21.753,129971.742,3.712,60.000
0.046,0.002,0.011,22.114,110547.727,0.788,60.000
0.041,0.000,0.012,25.291,-55989.629,0.925,60.000
0.050,0.004,0.013,22.041,95954.148,3.072,60.000
0.052,0.010,0.011,18.626,112214.039,3.241,60.000
0.050,0.000,0.001,21.710,7017.367,-0.932,60.000
0.053,0.000,0.012,29.837,7637.133,1.196,60.000
0.052,0.000,0.006,23.597,-7029.352,-0.175,60.000
0.051,0.001,0.019,23.733,41233.320,0.515,60.000
0.052,0.000,0.022,20.053,66582.258,0.034,60.000
0.045,0.001,0.014,23.469,130796.445,1.941,60.000
0.048,0.001,0.001,21.047,84300.758,0.399,60.000
0.050,0.007,0.010,20.247,157171.438,3.567,60.000
0.048,0.018,0.011,20.318,135804.562,6.535,60.000
0.051,0.000,0.004,23.546,-22161.219,-0.365,60.000
0.049,0.000,0.019,20.881,42772.383,-1.230,60.000
0.044,0.001,0.010,25.438,41975.258,-1.004,60.000
0.048,0.016,0.013,19.862,139227.906,5.959,60.000
0.042,0.001,0.019,20.053,88207.414,-0.547,60.000
0.043,0.001,0.016,20.471,110574.242,0.002,60.000
0.098,0.012,0.011,19.090,110976.430,5.010,60.000
0.052,0.008,0.013,20.061,82272.164,3.355,60.000
0.050,0.001,0.018,24.264,120507.336,1.960,60.000
0.048,0.009,0.011,21.633,147859.469,4.056,60.000
0.048,0.002,0.013,24.457,129808.961,2.938,60.000
0.044,0.001,0.011,25.098,58078.945,-0.772,60.000
0.056,0.001,0.016,23.578,78884.195,0.235,60.000
0.049,0.001,0.022,21.723,128172.148,1.523,60.000
0.049,0.018,0.013,19.761,130956.898,6.819,60.000
0.057,0.000,0.010,24.897,-365.914,0.189,60.000
0.049,0.014,0.011,21.021,97093.492,5.670,60.000
0.045,0.001,0.016,21.783,149534.969,0.891,60.000
0.051,0.012,0.013,21.066,123965.227,4.122,60.000
0.049,0.012,0.013,20.936,150944.156,4.014,60.000
0.042,0.001,0.007,21.764,23236.570,0.050,60.000
0.051,0.001,0.004,20.868,45129.555,-0.034,60.000
0.055,0.001,0.011,22.502,70773.664,1.584,60.000
0.049,0.010,0.010,21.639,84317.602,3.867,60.000
0.051,0.002,0.016,22.987,107576.289,1.744,60.000
0.050,0.018,0.011,19.064,104738.195,5.901,60.000
0.053,0.001,0.014,29.065,-4423.234,0.579,60.000
0.051,0.010,0.014,20.977,124028.867,3.827,60.000
0.050,0.001,0.005,20.737,120839.727,0.544,60.000
0.044,0.001,0.011,22.135,106760.977,0.291,60.000
0.041,0.000,0.017,20.335,-64694.055,-2.620,60.000
0.054,0.001,0.018,26.965,-52034.852,-2.067,60.000
0.045,0.001,0.018,19.176,128587.305,0.564,60.000
0.050,0.002,0.006,21.693,112618.039,0.449,60.000
0.050,0.020,0.012,20.438,129330.273,6.136,60.000
0.100,0.012,0.013,23.615,-135787.344,11.084,60.000
0.057,0.001,0.014,23.267,120283.477,0.263,60.000
0.051,0.004,0.012,21.906,103424.273,3.963,60.000
0.055,0.000,0.005,24.848,-95421.727,0.037,60.000
0.049,0.001,0.019,23.100,70748.227,1.044,60.000
0.044,0.002,0.011,21.702,109433.883,0.215,60.000
0.050,0.010,0.013,20.762,138888.438,4.546,60.000
0.051,0.014,0.012,20.758,128470.477,4.716,60.000
0.050,0.001,0.016,28.988,22373.086,0.401,60.000
0.047,0.000,0.009,30.325,-75716.422,0.110,60.000
0.050,0.001,0.015,30.240,5383.617,0.755,60.000
0.051,0.014,0.013,22.644,144184.188,4.872,60.000
0.049,0.008,0.011,21.928,152427.156,4.107,60.000
0.051,0.001,0.003,20.273,113276.398,0.526,60.000
0.058,0.000,0.016,23.679,70518.148,-1.064,60.000
0.052,0.018,0.011,18.982,96833.930,5.685,60.000
0.050,0.007,0.009,20.741,131451.062,2.156,60.000
0.050,0.000,0.006,25.530,-23618.289,-0.998,60.000
0.052,0.008,0.011,19.282,138324.219,3.344,60.000
0.050,0.007,0.013,20.984,118993.086,4.610,60.000
0.051,0.005,0.010,20.595,95391.148,2.398,60.000
0.051,0.019,0.011,18.661,96713.898,5.713,60.000
0.039,0.001,0.012,20.030,41878.836,-1.321,60.000
0.048,0.001,0.014,28.625,104032.992,1.973,60.000
0.048,0.013,0.013,21.071,158854.375,4.500,60.000
0.053,0.002,0.012,23.561,83621.461,2.626,60.000
0.048,0.010,0.012,20.825,141376.031,4.230,60.000
0.057,0.000,0.004,20.046,137325.219,0.587,60.000
0.051,0.013,0.012,21.420,137682.406,4.526,60.000
0.052,0.010,0.011,18.785,95560.711,3.413,60.000
0.048,0.005,0.011,20.463,122277.180,2.413,60.000
0.041,0.001,0.018,18.334,104433.492,-0.193,60.000
0.051,0.023,0.011,19.962,130525.773,5.942,60.000
0.050,0.004,0.015,20.572,116967.523,2.448,60.000
0.059,0.001,0.014,21.726,119834.430,-0.051,60.000
0.050,0.023,0.013,20.518,148969.969,5.593,60.000
0.047,0.001,0.009,26.742,54219.539,0.083,60.000
0.044,0.001,0.012,23.349,102778.789,0.888,60.000
0.048,0.003,0.013,22.089,122813.898,2.713,60.000
0.051,0.024,0.012,19.827,153187.312,5.508,60.000
0.048,0.000,0.003,22.435,4760.477,-1.229,60.000
0.048,0.000,0.004,23.436,-25321.547,-0.272,60.000
0.046,0.000,0.013,30.337,-11410.883,-0.013,60.000
0.049,0.021,0.012,20.468,131140.844,5.981,60.000
0.058,0.001,0.014,22.156,118862.961,-0.154,60.000
0.057,0.001,0.013,22.091,119983.430,0.356,60.000
0.057,0.001,0.012,22.011,123579.023,0.765,60.000
0.056,0.001,0.004,19.365,135258.750,0.220,60.000
0.059,0.000,0.012,22.380,129539.227,-1.475,60.000
0.041,0.000,0.014,24.703,-48251.816,-0.405,60.000
0.049,0.021,0.014,20.367,134925.406,6.157,60.000
0.058,0.001,0.006,22.096,123544.133,-0.026,60.000
0.058,0.001,0.012,19.620,141571.594,0.230,60.000
0.048,0.016,0.012,19.986,127763.555,6.157,60.000
0.056,0.000,0.012,31.175,31181.070,-0.246,60.000
0.050,0.000,0.015,28.969,14553.094,0.003,60.000
0.049,0.007,0.010,20.887,150883.688,3.025,60.000
0.046,0.000,0.006,26.392,-22520.969,-0.633,60.000
0.052,0.010,0.011,19.777,118030.414,4.200,60.000
0.058,0.001,0.013,25.444,88782.945,-0.388,60.000
0.051,0.004,0.011,22.447,80775.852,3.080,60.000
0.058,0.001,0.011,21.332,131182.562,0.274,60.000
0.052,0.002,0.012,23.659,79361.992,3.066,60.000
0.052,0.001,0.010,25.800,43922.492,0.641,60.000
0.052,0.001,0.019,24.271,13178.539,-0.447,60.000
0.052,0.025,0.014,19.948,158603.625,5.630,60.000
0.058,0.001,0.020,18.795,99671.211,0.410,60.000
0.050,0.009,0.013,20.712,148090.281,5.579,60.000
0.047,0.001,0.011,23.135,101075.883,1.238,60.000
0.051,0.001,0.019,22.248,112510.102,2.101,60.000
0.049,0.001,0.020,22.448,129257.570,1.771,60.000
0.050,0.018,0.013,20.361,121394.305,7.083,60.000
0.051,0.019,0.013,20.721,119885.992,7.093,60.000
0.050,0.010,0.009,21.245,78335.805,3.519,60.000
0.051,0.002,0.016,22.860,108707.320,1.610,60.000
0.049,0.024,0.013,20.159,161183.812,5.524,60.000
0.048,0.021,0.011,20.297,127185.570,6.635,60.000
0.040,0.001,0.009,21.779,84560.789,0.259,60.000
0.051,0.001,0.018,23.513,114548.070,2.134,60.000
0.098,0.013,0.014,20.235,132257.562,3.918,60.000
0.061,0.001,0.012,18.671,144527.406,-0.633,60.000
0.047,0.000,0.012,32.683,-50502.172,0.649,60.000
0.057,0.001,0.011,21.319,125612.602,0.702,60.000
0.048,0.001,0.006,22.894,99890.539,0.912,60.000
0.098,0.012,0.011,18.887,101885.680,4.858,60.000
0.044,0.002,0.008,21.939,98385.180,0.521,60.000
0.052,0.022,0.010,19.331,98467.180,5.704,60.000
0.053,0.001,0.002,22.400,-11392.039,-0.981,60.000
0.057,0.001,0.008,22.117,107486.977,-0.031,60.000
0.053,0.001,0.015,26.201,70459.836,0.962,60.000
0.050,0.021,0.012,20.444,131850.219,5.944,60.000
0.056,0.001,0.007,22.569,107238.805,0.074,60.000
0.047,0.001,0.019,24.087,26407.047,-0.347,60.000
0.049,0.006,0.013,22.126,131164.156,4.089,60.000
0.051,0.023,0.014,20.401,135229.062,5.926,60.000
0.050,0.026,0.010,21.415,122673.914,5.560,60.000
0.054,0.001,0.016,22.126,94242.195,0.803,60.000
0.045,0.001,0.020,21.630,66991.086,0.007,60.000
0.041,0.000,0.012,23.957,2178.141,-1.543,60.000
0.056,0.001,0.015,22.399,103940.086,0.535,60.000
0.052,0.018,0.012,18.992,100848.055,5.715,60.000
0.050,0.009,0.012,21.419,148221.188,5.831,60.000
0.057,0.001,0.008,23.332,102461.680,0.143,60.000
0.051,0.015,0.011,20.041,88860.617,6.010,60.000
0.047,0.001,0.020,21.383,130438.977,1.200,60.000
0.052,0.001,0.004,19.326,125620.961,0.391,60.000
0.050,0.004,0.013,21.172,98962.367,2.803,60.000
0.051,0.004,0.013,21.525,97585.211,3.563,60.000
0.052,0.000,0.019,22.050,3434.664,0.992,60.000
0.050,0.024,0.010,20.800,116362.602,6.023,60.000
0.051,0.016,0.011,20.166,103632.727,6.176,60.000
0.052,0.009,0.012,19.923,99606.867,4.235,60.000
0.043,0.001,0.016,22.802,65330.695,-1.268,60.000
0.048,0.009,0.013,20.519,149356.562,4.635,60.000
0.052,0.024,0.011,20.181,112301.164,5.737,60.000
0.053,0.000,0.003,23.540,5043.086,-0.786,60.000
0.048,0.012,0.012,20.927,144527.219,4.158,60.000
0.051,0.020,0.011,19.052,107452.586,5.826,60.000
0.002,0.011,0.012,20.016,47187.227,6.149,60.000
0.051,0.005,0.010,20.874,96546.008,1.427,60.000
0.050,0.001,0.017,24.635,127397.758,1.750,60.000
0.051,0.012,0.011,20.180,104584.086,3.799,60.000
0.052,0.000,0.011,28.971,-11709.438,0.714,60.000
0.051,0.002,0.017,23.093,106851.039,1.958,60.000
0.054,0.001,0.012,27.794,-6048.477,1.260,60.000
0.049,0.016,0.012,19.935,119536.070,6.355,60.000
0.043,0.001,0.007,21.253,87019.289,0.376,60.000
0.048,0.018,0.011,20.261,130637.539,6.714,60.000
0.046,0.002,0.013,23.717,125483.164,2.165,60.000
0.046,0.000,0.009,28.360,-16000.250,1.529,60.000
0.051,0.001,0.010,26.137,44139.586,1.119,60.000
0.050,0.001,0.018,22.518,124707.414,2.047,60.000
0.052,0.026,0.010,20.843,111740.570,5.512,60.000
0.048,0.001,0.016,26.369,1158.805,-0.455,60.000
0.052,0.013,0.013,21.807,113853.914,3.800,60.000
0.051,0.002,0.014,23.914,98676.492,1.656,60.000
0.052,0.009,0.012,20.422,116132.992,4.690,60.000
0.052,0.026,0.011,19.872,125627.539,5.618,60.000
0.051,0.009,0.010,19.321,114498.664,3.466,60.000
0.050,0.025,0.012,20.010,147183.438,6.097,60.000
0.049,0.013,0.012,20.808,130054.820,4.691,60.000
0.051,0.000,0.018,25.248,-17995.406,-1.497,60.000
0.049,0.012,0.012,20.606,141328.094,4.256,60.000
0.050,0.004,0.014,21.189,101082.570,2.720,60.000
0.049,0.013,0.013,21.400,151648.531,4.405,60.000
0.048,0.020,0.013,20.112,141101.188,6.057,60.000
0.049,0.027,0.011,14.292,544.359,0.952,60.000
0.051,0.020,0.011,19.367,108479.414,6.008,60.000
0.055,0.000,0.016,23.568,40170.914,0.691,60.000
0.050,0.011,0.014,21.907,148859.812,4.127,60.000
0.051,0.003,0.013,23.827,85690.320,2.789,60.000
0.049,0.025,0.012,20.478,142875.062,6.530,60.000
0.059,0.001,0.008,20.921,121449.305,0.144,60.000
0.057,0.001,0.005,20.543,129667.758,0.322,60.000
0.049,0.024,0.010,21.344,128073.820,6.242,60.000
0.048,0.010,0.012,20.723,141189.844,4.430,60.000
0.052,0.000,0.003,19.535,30307.992,-1.038,60.000
0.051,0.023,0.011,20.100,124986.180,6.021,60.000
0.048,0.025,0.013,20.106,168569.438,5.751,60.000
0.048,0.001,0.008,23.861,102943.633,1.176,60.000
0.049,0.003,0.013,21.997,111177.539,2.809,60.000
0.052,0.021,0.014,20.074,102194.055,6.202,60.000
0.042,0.000,0.013,26.759,-57374.992,-3.198,60.000
0.049,0.004,0.010,21.838,94230.758,1.806,60.000
0.051,0.008,0.015,19.954,95514.070,3.038,60.000
0.049,0.010,0.014,20.911,142936.625,4.455,60.000
0.042,0.000,0.006,22.397,28287.836,1.238,60.000
0.050,0.012,0.010,20.727,64411.227,4.271,60.000
0.048,0.005,0.012,21.731,126168.023,3.737,60.000
0.051,0.022,0.012,19.641,125694.930,5.553,60.000
0.052,0.020,0.012,20.100,104861.242,6.096,60.000
0.048,0.026,0.012,21.170,146337.812,6.820,60.000
0.054,0.001,0.014,23.610,99014.164,1.037,60.000
0.053,0.001,0.005,20.745,117267.820,0.231,60.000
0.048,0.002,0.012,23.350,94294.195,2.616,60.000
0.051,0.016,0.010,19.518,95251.695,5.959,60.000
0.050,0.017,0.010,19.721,109525.742,6.191,60.000
0.052,0.005,0.014,19.084,93171.992,2.168,60.000
0.047,0.001,0.006,23.520,91597.664,0.699,60.000
0.050,0.020,0.010,18.758,96839.023,6.048,60.000
0.048,0.005,0.013,22.032,119087.180,3.358,60.000
0.052,0.018,0.012,19.672,99412.055,6.100,60.000
0.042,0.000,0.013,28.020,-56799.020,-0.435,60.000
0.057,0.001,0.010,26.042,10113.172,0.001,60.000
0.051,0.002,0.009,24.278,77417.555,0.552,60.000
0.059,0.001,0.017,21.374,112028.664,-0.029,60.000
0.050,0.012,0.014,23.204,151383.031,3.886,60.000
0.050,0.018,0.011,19.704,120117.195,6.367,60.000
0.047,0.001,0.004,22.360,26347.703,0.789,60.000
0.057,0.001,0.013,22.629,117392.758,0.527,60.000
0.049,0.011,0.011,20.708,123121.477,4.143,60.000
0.001,0.013,0.012,18.961,50769.258,6.484,60.000
0.055,0.001,0.015,25.488,59836.102,0.448,60.000
0.049,0.006,0.010,22.062,103507.305,1.564,60.000
0.040,0.000,0.009,20.555,-46010.430,-0.928,60.000
0.051,0.002,0.005,21.776,115392.336,0.595,60.000
0.050,0.014,0.011,20.691,90128.383,5.540,60.000
0.044,0.001,0.013,22.632,114572.320,1.631,60.000
0.047,0.001,0.004,22.613,42796.430,0.701,60.000
0.060,0.001,0.017,20.974,114030.023,-0.205,60.000
0.049,0.018,0.011,19.564,122441.680,6.226,60.000
0.056,0.002,0.011,21.215,84197.570,1.108,60.000
0.055,0.002,0.007,22.464,101249.602,0.133,60.000
0.048,0.002,0.011,22.832,88932.586,2.187,60.000
0.048,0.001,0.020,22.478,132395.438,1.492,60.000
0.050,0.018,0.014,20.042,145544.781,7.439,60.000
0.052,0.014,0.012,20.474,108078.898,4.243,60.000
0.049,0.001,0.016,26.563,62076.398,0.360,60.000
0.040,0.000,0.013,22.774,-24116.828,0.653,60.000
0.059,0.001,0.013,21.804,119269.773,-0.102,60.000
0.050,0.017,0.010,19.303,99232.602,5.727,60.000
0.051,0.001,0.017,25.761,55741.336,1.278,60.000
0.051,0.016,0.012,20.152,114104.242,5.868,60.000
0.052,0.009,0.012,20.692,125495.180,4.975,60.000
0.050,0.026,0.014,19.998,174575.281,5.911,60.000
0.051,0.019,0.013,20.601,118168.414,7.125,60.000
0.052,0.001,0.007,23.364,104549.789,0.713,60.000
0.044,0.001,0.009,23.567,106357.336,0.441,60.000
0.048,0.001,0.018,23.220,140634.906,1.500,60.000
0.045,0.001,0.009,26.184,10923.031,-0.770,60.000
0.045,0.000,0.007,27.417,-65725.820,-0.307,60.000
0.052,0.006,0.013,21.069,90624.180,3.408,60.000
0.051,0.000,0.021,19.789,50198.211,1.233,60.000
0.051,0.008,0.009,20.250,135135.719,2.468,60.000
0.048,0.001,0.007,25.256,92908.273,0.608,60.000
0.051,0.013,0.012,21.079,132939.938,4.448,60.000
0.049,0.005,0.010,22.992,89748.367,1.237,60.000
0.045,0.000,0.004,21.644,79757.648,0.554,60.000
0.059,0.000,0.011,22.284,22520.156,0.892,60.000
0.058,0.000,0.006,21.752,-14930.594,-1.825,60.000
0.048,0.020,0.012,20.605,143699.375,5.729,60.000
0.050,0.021,0.011,19.738,115501.477,6.122,60.000
0.056,0.001,0.017,22.454,97855.945,0.498,60.000
0.052,0.007,0.011,20.491,124707.445,4.341,60.000
0.051,0.026,0.013,19.313,151806.344,4.452,60.000
0.048,0.006,0.011,21.616,151263.562,3.684,60.000
0.052,0.001,0.019,22.159,113554.148,2.054,60.000
0.049,0.023,0.012,20.251,152039.188,5.664,60.000
0.055,0.000,0.008,23.762,72842.820,1.000,60.000
0.051,0.006,0.010,19.130,136078.094,2.676,60.000
0.057,0.002,0.013,21.924,115003.898,0.512,60.000
0.040,0.001,0.012,19.957,64771.867,-0.906,60.000
0.051,0.002,0.007,23.792,97723.305,0.645,60.000
0.044,0.000,0.007,24.661,-38878.227,-1.252,60.000
0.051,0.015,0.013,21.337,139971.688,5.923,60.000
0.049,0.024,0.013,20.248,165636.438,5.618,60.000
0.058,0.001,0.010,21.788,70658.492,0.338,60.000
0.050,0.023,0.014,20.225,135676.125,5.952,60.000
0.052,0.001,0.009,25.219,63059.602,1.027,60.000
0.052,0.016,0.011,19.552,104840.164,5.447,60.000
0.050,0.001,0.009,24.768,69216.977,0.954,60.000
0.047,0.000,0.021,20.840,-4680.250,-1.243,60.000
0.050,0.020,0.013,20.618,132606.250,6.271,60.000
0.055,0.001,0.019,21.980,85562.055,0.795,60.000
0.097,0.013,0.011,18.947,102059.727,5.003,60.000
0.052,0.001,0.005,20.901,117616.117,0.368,60.000
0.045,0.001,0.014,25.381,124555.398,2.030,60.000
0.048,0.002,0.011,23.311,98266.930,1.931,60.000
0.048,0.008,0.013,20.877,152438.656,4.739,60.000
0.050,0.007,0.013,21.180,116873.242,4.392,60.000
0.049,0.000,0.022,20.758,48047.039,0.415,60.000
0.048,0.000,0.010,28.480,-20285.117,-1.146,60.000
0.048,0.000,0.018,23.513,836.391,-2.775,60.000
0.052,0.026,0.011,20.309,115458.508,5.580,60.000
0.050,0.000,0.015,31.760,22225.234,-0.749,60.000
0.042,0.000,0.018,20.778,-31570.016,-2.614,60.000
0.048,0.022,0.012,20.555,139403.156,6.204,60.000
0.050,0.024,0.013,20.261,163204.406,5.614,60.000
0.051,0.001,0.006,23.318,105339.633,0.332,60.000
0.050,0.017,0.010,19.485,110445.180,5.942,60.000
0.052,0.026,0.011,19.677,132548.656,5.392,60.000
0.052,0.013,0.013,22.664,130171.023,3.927,60.000
0.051,0.001,0.020,22.122,118937.148,1.935,60.000
0.049,0.008,0.011,21.439,155274.500,4.342,60.000
0.048,0.002,0.007,23.731,97661.289,1.027,60.000
0.049,0.016,0.013,20.460,135600.031,5.857,60.000
0.051,0.005,0.013,20.861,94047.273,3.125,60.000
0.052,0.027,0.011,21.273,176064.938,6.899,60.000
0.053,0.001,0.006,22.218,110619.727,0.462,60.000
0.046,0.000,0.017,24.717,-49498.051,-1.887,60.000
0.049,0.014,0.012,20.852,139364.531,4.837,60.000
0.052,0.001,0.008,26.633,19537.375,-0.194,60.000
0.049,0.023,0.013,20.466,161369.062,5.501,60.000
0.049,0.024,0.011,21.005,128000.289,6.389,60.000
0.048,0.018,0.013,19.394,133283.688,6.452,60.000
0.044,0.001,0.015,25.592,27723.273,-1.805,60.000
0.051,0.015,0.013,22.053,139954.094,5.422,60.000
0.057,0.001,0.016,22.245,101326.570,0.511,60.000
0.051,0.001,0.018,27.373,-15220.398,-0.970,60.000
0.050,0.024,0.010,20.870,120032.164,6.139,60.000
0.049,0.024,0.012,20.241,150954.344,6.015,60.000
0.050,0.011,0.013,20.501,127772.648,4.607,60.000
0.048,0.012,0.011,21.510,112135.008,4.434,60.000
0.049,0.001,0.011,26.734,41203.336,1.582,60.000
0.052,0.019,0.011,18.945,106773.742,5.797,60.000
0.054,0.001,0.022,21.085,48829.055,0.514,60.000
0.052,0.000,0.014,30.687,10123.672,0.662,60.000
0.046,0.000,0.020,19.709,45605.477,-0.128,60.000
0.050,0.019,0.010,18.586,108199.258,5.804,60.000
0.047,0.001,0.021,21.712,130006.961,1.363,60.000
0.050,0.005,0.010,20.313,127295.445,2.322,60.000
0.050,0.023,0.013,20.328,156359.750,5.574,60.000
0.055,0.000,0.012,28.174,41638.961,1.716,60.000
0.051,0.001,0.009,24.809,71373.945,0.872,60.000
0.049,0.012,0.013,20.771,145360.250,4.030,60.000
0.050,0.021,0.013,20.354,124270.398,6.246,60.000
0.058,0.000,0.012,25.346,76906.992,-0.704,60.000
0.049,0.010,0.011,20.584,128592.102,4.188,60.000
0.046,0.000,0.011,33.657,-30054.922,1.855,60.000
0.058,0.000,0.018,18.356,4846.820,1.004,60.000
0.055,0.002,0.011,21.988,67574.242,1.615,60.000
0.055,0.000,0.015,31.434,-2242.961,-0.103,60.000
0.050,0.001,0.004,20.221,125452.836,0.686,60.000
0.052,0.025,0.011,20.218,111400.148,5.603,60.000
0.049,0.025,0.011,21.697,141121.969,6.624,60.000
0.043,0.001,0.007,22.043,81021.883,0.419,60.000
0.049,0.004,0.013,22.042,96804.336,2.838,60.000
0.050,0.005,0.010,21.065,100553.539,2.042,60.000
0.051,0.021,0.013,20.192,113903.305,6.306,60.000
0.059,0.001,0.010,20.846,119506.430,0.144,60.000
0.055,0.001,0.017,21.763,98657.195,0.806,60.000
0.058,0.000,0.018,19.259,112213.148,1.285,60.000
0.054,0.002,0.011,22.681,57357.945,2.256,60.000
0.051,0.005,0.009,21.810,89640.305,1.108,60.000
0.047,0.001,0.020,20.613,128200.930,1.288,60.000
0.049,0.000,0.005,25.437,-6886.703,-0.093,60.000
0.058,0.001,0.016,21.184,107278.039,0.219,60.000
0.050,0.016,0.014,21.143,144910.312,6.194,60.000
0.053,0.001,0.009,25.027,63203.195,0.957,60.000
0.049,0.005,0.011,20.579,137439.812,2.561,60.000
0.049,0.019,0.013,19.559,132531.812,6.528,60.000
0.051,0.020,0.010,18.398,91268.977,5.888,60.000
0.052,0.001,0.011,26.808,40610.289,2.012,60.000
0.050,0.000,0.005,24.663,-43837.480,-0.610,60.000
0.049,0.017,0.011,20.231,131681.062,6.578,60.000
0.098,0.012,0.012,19.331,119494.852,5.172,60.000
0.052,0.026,0.013,19.138,145800.062,4.446,60.000
0.051,0.019,0.012,19.595,109413.445,5.895,60.000
0.050,0.001,0.015,25.760,129820.305,1.550,60.000
0.046,0.002,0.014,23.933,142070.312,2.196,60.000
0.099,0.013,0.013,21.052,107829.930,4.757,60.000
0.046,0.000,0.018,21.536,33312.367,0.021,60.000
0.056,0.002,0.012,21.651,103391.039,1.402,60.000
0.057,0.000,0.014,26.956,67536.070,-0.057,60.000
0.051,0.001,0.016,24.395,117511.070,1.774,60.000
0.050,0.001,0.022,22.615,73661.148,1.046,60.000
0.049,0.019,0.010,19.008,114108.023,6.336,60.000
0.059,0.001,0.012,23.120,40613.586,-0.537,60.000
0.051,0.017,0.013,20.675,114250.055,6.816,60.000
0.051,0.013,0.012,20.989,139970.656,4.577,60.000
0.051,0.000,0.006,24.828,34320.648,0.468,60.000
0.042,0.001,0.017,19.956,117788.711,-0.437,60.000
0.052,0.001,0.004,19.593,127491.430,0.522,60.000
0.048,0.016,0.012,20.024,125525.867,6.119,60.000
0.054,0.002,0.014,23.313,89667.227,0.991,60.000
0.050,0.025,0.010,21.350,117824.273,6.028,60.000
0.001,0.011,0.013,20.650,66759.789,5.611,60.000
0.051,0.003,0.010,23.413,63676.258,1.553,60.000
0.047,0.001,0.010,26.726,25862.125,-0.801,60.000
0.045,0.000,0.010,23.741,18738.875,0.596,60.000
0.050,0.016,0.011,20.026,109783.414,6.439,60.000
0.050,0.000,0.007,26.227,-24759.586,-0.608,60.000
0.043,0.000,0.010,24.150,-10823.039,-1.259,60.000
0.043,0.001,0.018,18.724,116823.570,-0.077,60.000
0.049,0.018,0.013,19.561,129688.367,6.329,60.000
0.044,0.000,0.007,24.436,-68662.109,-1.788,60.000
0.052,0.017,0.012,20.323,95528.383,6.205,60.000
0.001,0.012,0.011,18.468,35324.820,6.925,60.000
0.002,0.012,0.011,17.903,30192.758,6.943,60.000
0.041,0.001,0.017,20.274,90638.430,-0.595,60.000
0.049,0.003,0.010,23.290,79819.602,1.219,60.000
0.048,0.022,0.010,21.029,134697.125,7.108,60.000
0.049,0.013,0.014,22.905,161659.000,4.620,60.000
0.047,0.001,0.014,30.025,51809.852,0.790,60.000
0.057,0.001,0.017,20.881,97117.445,0.375,60.000
0.099,0.013,0.012,23.143,49145.273,4.011,60.000
0.048,0.012,0.011,21.508,89233.555,4.504,60.000
0.052,0.026,0.011,19.956,131159.875,5.414,60.000
0.061,0.001,0.012,19.066,142184.594,-0.541,60.000
0.050,0.023,0.014,20.584,142166.625,5.861,60.000
0.049,0.023,0.011,20.725,131748.594,6.693,60.000
0.050,0.014,0.012,21.205,139727.688,4.869,60.000
0.052,0.027,0.012,16.750,110132.539,4.239,60.000
0.048,0.025,0.013,19.905,169930.281,5.659,60.000
0.049,0.000,0.017,25.765,31660.477,-0.425,60.000
0.051,0.020,0.012,20.159,112539.117,6.077,60.000
0.053,0.001,0.003,20.879,82858.711,0.081,60.000
0.051,0.001,0.006,22.126,115975.570,0.533,60.000
0.050,0.000,0.023,25.254,-12159.031,-1.325,60.000
0.060,0.001,0.011,20.660,78155.898,-0.159,60.000
0.049,0.010,0.011,20.717,128847.820,3.991,60.000
0.055,0.001,0.003,24.280,-38935.426,-1.125,60.000
0.049,0.008,0.013,20.818,135007.344,4.680,60.000
0.050,0.012,0.014,22.153,145681.875,4.012,60.000
0.048,0.009,0.013,20.516,154307.000,4.509,60.000
0.052,0.024,0.011,19.746,127936.508,5.276,60.000
0.098,0.014,0.013,20.350,108385.148,4.282,60.000
0.051,0.021,0.010,19.087,98297.086,6.119,60.000
0.052,0.023,0.013,19.914,134774.875,5.277,60.000
0.044,0.001,0.008,27.493,-43308.391,-1.053,60.000
0.051,0.016,0.012,20.078,115103.758,6.150,60.000
0.051,0.020,0.011,19.872,116261.492,5.981,60.000
0.047,0.000,0.007,28.221,-27814.961,1.465,60.000
0.051,0.017,0.010,19.001,94269.477,5.734,60.000
0.050,0.026,0.013,19.783,174605.531,5.582,60.000
0.050,0.009,0.013,19.913,118877.570,4.895,60.000
0.043,0.001,0.013,21.260,94577.289,0.818,60.000
0.050,0.022,0.013,20.895,142980.375,5.866,60.000
0.059,0.000,0.010,21.072,-38501.367,1.346,60.000
0.046,0.001,0.010,25.514,79197.164,0.671,60.000
0.054,0.001,0.014,25.891,98518.648,1.397,60.000
0.044,0.001,0.007,22.339,81439.805,0.580,60.000
0.055,0.000,0.020,19.336,-9734.523,-1.323,60.000
0.050,0.001,0.010,29.645,-42689.277,-0.433,60.000
0.098,0.013,0.013,20.419,119432.305,4.191,60.000
0.051,0.009,0.010,19.784,108790.336,3.166,60.000
0.049,0.000,0.010,34.725,8099.953,1.800,60.000
0.049,0.009,0.014,20.368,131799.688,4.675,60.000
0.051,0.010,0.014,20.746,116875.430,3.738,60.000
0.053,0.001,0.014,29.103,38921.508,1.575,60.000
0.053,0.002,0.014,23.463,87913.820,1.117,60.000
0.100,0.013,0.013,19.305,-24756.852,9.509,60.000
0.048,0.001,0.014,24.555,139586.250,2.515,60.000
0.052,0.019,0.013,20.569,97805.773,6.596,60.000
0.047,0.001,0.011,25.045,72412.102,1.006,60.000
0.043,0.001,0.015,23.070,45941.727,-1.548,60.000
0.053,0.000,0.010,30.125,-38874.770,0.013,60.000
0.002,0.011,0.013,20.019,53263.211,5.766,60.000
0.056,0.001,0.004,19.070,130678.945,-0.079,60.000
0.052,0.010,0.010,18.878,102543.711,3.134,60.000
0.053,0.001,0.002,21.499,90923.695,0.146,60.000
0.051,0.019,0.012,19.306,106400.336,5.745,60.000
0.052,0.001,0.001,20.820,94507.211,0.103,60.000
0.058,0.001,0.006,20.164,138572.812,-0.212,60.000
0.002,0.013,0.013,19.824,68144.023,5.710,60.000
0.048,0.011,0.012,20.781,142754.312,4.262,60.000
0.052,0.024,0.012,19.786,143557.656,5.367,60.000
0.060,0.001,0.010,19.126,122780.617,0.110,60.000
0.049,0.001,0.005,23.201,101194.039,0.527,60.000
0.054,0.000,0.008,27.618,-16445.344,0.345,60.000
0.050,0.016,0.012,20.189,121810.898,6.339,60.000
0.050,0.007,0.015,19.964,99872.742,3.221,60.000
0.052,0.013,0.013,22.614,121404.227,4.174,60.000
0.049,0.000,0.020,19.936,116776.727,2.035,60.000
0.043,0.000,0.012,26.694,-25315.469,-3.087,60.000
0.059,0.001,0.017,22.884,47973.852,-1.503,60.000
0.049,0.001,0.010,24.976,61906.914,0.736,60.000
0.055,0.000,0.010,25.840,-9244.109,0.437,60.000
0.050,0.009,0.014,19.969,111654.898,4.391,60.000
0.053,0.001,0.011,30.154,-2898.812,1.259,60.000
0.051,0.000,0.017,27.362,22102.688,0.410,60.000
0.001,0.012,0.013,20.400,72477.883,5.752,60.000
0.048,0.020,0.014,19.878,135472.062,6.061,60.000
0.051,0.013,0.012,20.972,129819.508,4.237,60.000
0.045,0.001,0.005,23.852,74433.289,0.815,60.000
0.049,0.012,0.012,20.951,137779.719,4.422,60.000
0.048,0.012,0.013,21.324,148732.750,3.839,60.000
0.051,0.002,0.008,24.416,84903.367,0.698,60.000
0.048,0.000,0.007,29.146,-43546.648,0.212,60.000
0.052,0.013,0.012,21.010,111761.977,3.598,60.000
0.057,0.000,0.015,24.159,74807.164,2.127,60.000
0.052,0.009,0.011,18.617,116821.086,3.150,60.000
0.055,0.001,0.021,20.817,70291.242,0.387,60.000
0.052,0.002,0.013,23.743,86687.820,2.602,60.000
0.058,0.001,0.011,20.442,134744.844,0.467,60.000
0.050,0.023,0.012,19.987,139855.938,5.866,60.000
0.043,0.001,0.005,21.470,81823.133,1.449,60.000
0.046,0.000,0.009,30.294,-1387.977,2.608,60.000
0.051,0.019,0.014,20.538,121774.086,7.068,60.000
0.048,0.011,0.011,21.302,119931.602,3.994,60.000
0.050,0.016,0.010,19.557,102862.727,5.908,60.000
0.053,0.000,0.007,26.116,-8668.109,0.153,60.000
0.052,0.006,0.013,19.536,83647.430,2.324,60.000
0.000,0.011,0.012,22.565,-42787.340,7.208,60.000
0.048,0.015,0.013,21.003,130046.461,5.606,60.000
0.052,0.001,0.017,23.389,101151.008,2.028,60.000
0.097,0.012,0.012,19.467,119185.617,5.081,60.000
0.048,0.011,0.013,20.911,148620.625,4.104,60.000
0.049,0.016,0.012,20.473,121714.289,5.949,60.000
0.047,0.000,0.017,24.349,17352.289,-0.081,60.000
0.048,0.026,0.012,20.376,160855.500,6.501,60.000
0.048,0.007,0.011,21.195,153180.469,3.157,60.000
0.048,0.012,0.010,21.438,87674.383,4.149,60.000
0.053,0.002,0.007,24.011,94505.023,0.741,60.000
0.049,0.004,0.010,21.800,91977.820,1.934,60.000
0.051,0.005,0.011,20.685,136735.500,3.772,60.000
0.049,0.009,0.012,21.253,168122.969,5.128,60.000
0.051,0.003,0.010,22.892,66056.305,1.041,60.000
0.051,0.000,0.007,26.511,-8044.117,0.279,60.000
0.048,0.020,0.012,20.703,143629.531,5.763,60.000
0.051,0.026,0.012,19.958,156766.031,5.843,60.000
0.041,0.000,0.013,23.699,-9413.312,-2.099,60.000
0.051,0.003,0.011,23.157,65845.211,2.906,60.000
0.047,0.000,0.003,20.072,34910.820,-0.365,60.000
0.051,0.022,0.010,19.675,102381.555,6.052,60.000
0.052,0.012,0.012,20.454,117256.742,3.740,60.000
0.049,0.001,0.017,25.526,136854.812,1.719,60.000
0.098,0.012,0.013,20.643,132179.875,4.100,60.000
0.058,0.000,0.016,24.031,37328.461,-1.518,60.000
0.045,0.000,0.002,23.790,-23112.016,0.062,60.000
0.052,0.000,0.016,26.104,9448.234,-0.487,60.000
0.055,0.000,0.002,23.033,-23856.250,-0.057,60.000
0.043,0.000,0.016,23.388,-27560.711,-2.623,60.000
0.049,0.023,0.013,20.452,158844.281,5.557,60.000
0.053,0.000,0.009,30.014,14374.367,2.530,60.000
0.050,0.015,0.014,21.491,152884.875,6.010,60.000
0.052,0.023,0.011,19.668,124473.633,5.613,60.000
0.048,0.023,0.011,21.271,134548.344,6.723,60.000
0.059,0.000,0.018,21.156,26106.117,-0.950,60.000
0.045,0.001,0.004,20.944,54025.070,0.872,60.000
0.047,0.001,0.013,24.803,123164.008,2.715,60.000
0.048,0.001,0.007,23.897,103008.008,0.718,60.000
0.050,0.015,0.010,19.705,89052.586,5.885,60.000
0.044,0.001,0.020,21.225,3584.398,-0.931,60.000
0.040,0.000,0.010,21.861,-30433.906,-1.764,60.000
0.050,0.005,0.012,22.011,110576.898,3.838,60.000
0.048,0.011,0.013,20.970,148462.719,3.874,60.000
0.051,0.002,0.013,24.364,88212.602,2.653,60.000
0.044,0.000,0.007,23.756,2820.273,-0.083,60.000
0.050,0.007,0.011,21.085,167020.656,4.635,60.000
0.049,0.026,0.014,19.951,183789.812,5.891,60.000
0.051,0.001,0.008,24.519,94960.430,0.716,60.000
0.049,0.001,0.014,29.074,58893.664,1.027,60.000
0.052,0.001,0.009,27.262,10204.320,-0.155,60.000
0.051,0.020,0.010,18.441,89219.133,5.801,60.000
0.050,0.020,0.010,18.377,103616.289,6.051,60.000
0.044,0.002,0.014,21.933,112106.727,1.418,60.000
0.051,0.025,0.012,19.528,144523.375,5.630,60.000
0.051,0.001,0.004,19.333,125002.586,0.455,60.000
0.041,0.000,0.008,22.501,38595.367,2.279,60.000
0.055,0.001,0.011,21.776,83655.695,1.323,60.000
0.061,0.001,0.011,19.409,136968.031,-0.223,60.000
0.052,0.000,0.020,20.931,46837.867,-0.843,60.000
0.044,0.001,0.019,23.412,-74311.633,-2.775,60.000
0.051,0.007,0.010,19.691,148887.000,2.809,60.000
0.046,0.001,0.012,23.828,108154.805,1.806,60.000
0.058,0.000,0.018,20.049,43569.133,-0.968,60.000
0.043,0.001,0.010,22.329,103260.805,0.039,60.000
0.049,0.016,0.010,19.794,105931.414,5.939,60.000
0.049,0.009,0.014,20.895,122755.320,3.918,60.000
0.055,0.000,0.009,27.901,-58687.996,1.048,60.000
0.050,0.015,0.010,19.528,91057.320,5.897,60.000
0.050,0.021,0.012,20.551,138234.656,5.889,60.000
0.048,0.006,0.014,21.355,111427.227,2.966,60.000
0.054,0.000,0.006,23.290,2066.836,-0.022,60.000
0.048,0.020,0.012,20.729,140745.062,5.716,60.000
0.059,0.000,0.007,21.410,-10009.469,-2.264,60.000
0.050,0.006,0.014,20.895,103550.336,3.365,60.000
0.048,0.012,0.012,21.266,132235.219,4.413,60.000
0.043,0.001,0.010,23.979,107225.711,0.313,60.000
0.000,0.013,0.011,22.686,-45594.324,6.596,60.000
0.052,0.020,0.012,19.801,104607.102,5.778,60.000
0.054,0.001,0.009,25.839,59597.711,0.467,60.000
0.054,0.000,0.021,22.086,27085.836,-0.762,60.000
0.050,0.003,0.009,24.545,61981.070,0.968,60.000
0.050,0.023,0.012,20.103,156217.406,5.596,60.000
0.048,0.001,0.011,23.737,83767.242,1.560,60.000
0.051,0.026,0.012,19.660,156983.656,6.006,60.000
0.055,0.000,0.011,29.948,-85118.719,-0.108,60.000
0.047,0.001,0.014,29.660,114446.227,1.851,60.000
0.001,0.011,0.012,20.293,32884.680,6.551,60.000
0.054,0.000,0.013,31.484,-172.117,0.364,60.000
0.052,0.020,0.012,19.520,109318.414,5.745,60.000
0.056,0.001,0.005,20.445,125343.086,0.102,60.000
0.051,0.006,0.013,21.252,89937.805,3.196,60.000
0.050,0.023,0.011,20.423,123824.992,6.300,60.000
0.050,0.001,0.022,21.921,126921.258,1.718,60.000
0.053,0.000,0.002,24.158,-16908.312,-0.582,60.000
0.050,0.001,0.005,22.021,111314.680,0.444,60.000
0.052,0.018,0.011,19.052,98908.055,5.873,60.000
0.049,0.018,0.011,19.917,125591.695,6.503,60.000
0.045,0.001,0.008,24.294,91930.211,0.829,60.000
0.050,0.012,0.011,20.162,82041.211,4.348,60.000
0.056,0.001,0.020,21.839,30952.352,-0.884,60.000
0.050,0.001,0.005,21.254,109979.258,0.323,60.000
0.049,0.025,0.011,20.687,141049.469,6.585,60.000
0.050,0.006,0.014,20.524,99546.273,2.878,60.000
0.053,0.001,0.007,25.763,44808.211,-0.154,60.000
0.050,0.027,0.014,21.429,131541.188,6.457,60.000
0.049,0.022,0.012,20.552,146176.062,5.720,60.000
0.049,0.019,0.011,19.535,116726.945,6.308,60.000
0.049,0.023,0.013,20.665,159987.500,5.658,60.000
0.044,0.001,0.009,23.355,116154.555,0.774,60.000
0.050,0.021,0.013,20.175,125284.539,6.288,60.000
0.050,0.015,0.011,20.356,95253.117,6.204,60.000
0.054,0.000,0.010,28.296,-45833.980,-0.199,60.000
0.049,0.000,0.004,21.643,31715.117,0.152,60.000
0.043,0.001,0.018,20.725,90577.445,-0.606,60.000
0.056,0.001,0.005,21.519,116273.664,0.158,60.000
0.057,0.000,0.017,25.346,30864.758,-0.408,60.000
0.050,0.000,0.019,21.676,23709.367,-0.765,60.000
0.049,0.019,0.012,20.388,133503.719,6.292,60.000
0.051,0.005,0.012,21.317,105073.133,3.834,60.000
0.046,0.000,0.019,20.771,47069.336,0.161,60.000
0.051,0.015,0.011,20.268,104208.273,6.298,60.000
0.043,0.001,0.018,18.589,112710.945,0.022,60.000
0.050,0.008,0.012,21.504,171770.781,5.809,60.000
0.050,0.025,0.011,21.161,117764.570,6.019,60.000
0.040,0.001,0.015,20.420,34156.430,-2.198,60.000
0.051,0.012,0.010,19.742,64090.023,4.557,60.000
0.052,0.004,0.011,22.353,71540.227,3.245,60.000
0.098,0.014,0.012,19.895,102206.914,4.829,60.000
0.054,0.002,0.006,21.398,104701.148,-0.062,60.000
0.052,0.003,0.012,22.347,90658.539,3.427,60.000
0.051,0.023,0.010,20.033,108564.070,6.113,60.000
0.051,0.015,0.014,22.201,141709.625,5.685,60.000
0.051,0.001,0.005,24.013,29139.148,-0.223,60.000
0.051,0.007,0.011,19.536,148198.188,3.660,60.000
0.049,0.015,0.010,19.937,102089.758,5.919,60.000
0.048,0.015,0.012,21.272,116615.383,5.590,60.000
0.051,0.000,0.012,30.081,-17467.445,0.521,60.000
0.055,0.001,0.013,26.355,95734.164,1.366,60.000
0.050,0.021,0.014,19.976,128313.992,6.616,60.000
0.052,0.017,0.012,20.300,92724.789,6.258,60.000
0.054,0.000,0.013,32.157,63143.945,1.040,60.000
0.048,0.000,0.004,26.280,-41255.039,0.158,60.000
0.048,0.025,0.012,20.323,157427.812,6.058,60.000
0.048,0.002,0.006,22.475,100079.680,0.725,60.000
0.044,0.001,0.016,18.962,142324.062,0.656,60.000
0.059,0.001,0.009,20.818,122818.758,0.287,60.000
0.049,0.011,0.011,21.037,113750.258,4.115,60.000
0.046,0.002,0.013,23.254,117834.461,1.856,60.000
0.051,0.014,0.013,22.402,135602.562,5.099,60.000
0.049,0.025,0.010,21.520,130699.133,6.023,60.000
0.052,0.005,0.011,20.176,112176.133,3.067,60.000
0.048,0.000,0.005,21.190,9670.859,0.248,60.000
0.053,0.001,0.004,19.952,121058.133,0.273,60.000
0.051,0.021,0.013,20.264,114999.477,6.308,60.000
0.050,0.020,0.010,18.543,98190.523,5.961,60.000
0.055,0.000,0.009,25.544,-1551.422,-0.835,60.000
0.058,0.001,0.007,22.550,126345.648,0.201,60.000
0.059,0.001,0.016,21.402,110834.305,-0.030,60.000
0.003,0.012,0.012,19.120,40537.617,6.255,60.000
0.048,0.001,0.005,22.169,98735.930,0.704,60.000
0.002,0.014,0.011,18.486,53096.648,6.602,60.000
0.056,0.002,0.013,22.048,109411.336,0.775,60.000
0.057,0.001,0.015,21.695,109071.102,0.324,60.000
0.054,0.001,0.010,29.184,-19862.602,0.614,60.000
0.050,0.008,0.015,20.443,106613.352,3.473,60.000
0.049,0.002,0.010,23.603,65691.133,1.293,60.000
0.042,0.001,0.017,18.071,101144.977,-0.316,60.000
0.053,0.000,0.022,20.345,-3147.812,-1.359,60.000
0.046,0.000,0.005,22.233,-24411.336,-0.728,60.000
0.041,0.001,0.017,19.890,81659.602,-0.597,60.000
0.057,0.001,0.017,25.329,3971.617,-1.442,60.000
0.049,0.000,0.007,26.817,-21158.062,0.499,60.000
0.051,0.003,0.010,22.608,58803.539,1.810,60.000
0.050,0.011,0.010,20.144,91641.758,4.176,60.000
0.050,0.000,0.017,27.025,-11477.398,-0.995,60.000
0.048,0.001,0.012,30.017,4435.039,0.773,60.000
0.056,0.001,0.012,22.192,107084.008,1.276,60.000
0.049,0.016,0.014,20.650,145181.406,6.259,60.000
0.050,0.010,0.013,20.460,132086.938,4.972,60.000
0.049,0.010,0.011,21.110,104577.695,4.050,60.000
0.058,0.001,0.004,19.102,136890.125,0.250,60.000
0.050,0.012,0.011,20.415,113900.164,4.217,60.000
0.051,0.015,0.013,21.312,129957.320,5.759,60.000
0.049,0.013,0.014,23.091,158692.625,4.445,60.000
0.051,0.018,0.013,20.541,105448.820,6.811,60.000
0.048,0.017,0.012,19.808,125930.836,6.267,60.000
0.051,0.001,0.016,24.293,112732.289,1.664,60.000
0.044,0.001,0.016,22.445,86541.586,-0.325,60.000
0.058,0.000,0.015,24.831,56739.992,1.799,60.000
0.052,0.001,0.009,26.033,58500.977,0.863,60.000
0.051,0.012,0.014,23.464,140442.781,3.923,60.000
0.049,0.005,0.011,20.620,148055.250,3.355,60.000
0.051,0.016,0.014,21.491,139213.500,6.143,60.000
0.052,0.008,0.012,20.730,121641.742,4.847,60.000
0.050,0.024,0.012,19.840,152920.188,5.671,60.000
0.059,0.001,0.018,19.904,106138.961,0.100,60.000
0.048,0.025,0.012,20.492,151172.000,6.146,60.000
0.048,0.008,0.012,21.180,169673.031,4.889,60.000
0.057,0.001,0.007,21.414,124259.117,-0.232,60.000
0.050,0.008,0.010,20.987,130843.570,3.108,60.000
0.055,0.002,0.011,22.003,68291.383,1.870,60.000
0.045,0.000,0.008,26.992,-12468.117,1.937,60.000
0.050,0.006,0.010,20.430,137755.219,2.459,60.000
0.039,0.001,0.015,20.338,48977.164,-1.381,60.000
0.056,0.000,0.004,17.900,48912.617,-2.078,60.000
0.048,0.000,0.006,25.723,-3405.773,0.516,60.000
0.043,0.002,0.015,19.801,121873.023,0.953,60.000
0.052,0.001,0.006,21.991,109780.336,0.347,60.000
0.049,0.000,0.007,26.692,-34031.781,-0.760,60.000
0.049,0.018,0.011,19.750,123409.773,6.287,60.000
0.050,0.001,0.018,23.745,122893.180,1.965,60.000
0.058,0.001,0.016,21.413,109059.648,0.174,60.000
0.048,0.020,0.012,20.724,138070.250,5.743,60.000
0.048,0.000,0.018,23.745,19276.938,-0.532,60.000
0.058,0.001,0.019,19.463,106801.898,0.130,60.000
0.049,0.015,0.011,20.850,99715.898,5.997,60.000
0.048,0.001,0.016,22.158,156316.875,1.861,60.000
0.050,0.020,0.013,19.998,130678.352,6.392,60.000
0.050,0.001,0.007,24.431,105804.914,0.566,60.000
0.054,0.001,0.017,23.257,96117.430,0.905,60.000
0.058,0.001,0.009,23.542,80056.664,0.127,60.000
0.049,0.006,0.010,21.562,118623.914,1.751,60.000
0.052,0.016,0.012,20.407,99103.180,5.860,60.000
0.050,0.001,0.015,29.744,-8036.734,-0.106,60.000
0.051,0.001,0.011,26.373,39594.414,1.717,60.000
0.052,0.005,0.013,20.066,92057.992,2.684,60.000
0.049,0.018,0.014,19.807,147184.125,7.208,60.000
0.048,0.008,0.013,21.248,155670.781,4.918,60.000
0.059,0.000,0.018,20.979,38806.273,1.666,60.000
0.049,0.018,0.011,19.740,125966.227,6.314,60.000
0.040,0.000,0.011,21.851,18410.219,-1.333,60.000
0.040,0.001,0.007,20.624,97630.820,0.869,60.000
0.049,0.002,0.011,23.062,68591.820,2.350,60.000
0.048,0.025,0.012,20.605,150001.500,6.552,60.000
0.048,0.019,0.013,20.170,142136.250,6.083,60.000
0.051,0.019,0.010,18.816,95194.086,5.663,60.000
0.051,0.008,0.012,21.203,119111.992,5.398,60.000
0.051,0.001,0.008,26.602,24670.156,-0.044,60.000
0.044,0.001,0.011,22.011,107373.164,0.388,60.000
0.049,0.001,0.022,22.633,777.109,-0.171,60.000
0.060,0.000,0.014,24.979,121101.570,0.466,60.000
0.048,0.006,0.013,21.866,127035.336,3.504,60.000
0.041,0.001,0.013,22.027,27920.898,-2.031,60.000
0.050,0.024,0.012,19.956,154417.969,5.786,60.000
0.002,0.011,0.012,19.962,50251.164,6.136,60.000
0.050,0.017,0.010,19.612,108128.867,6.067,60.000
0.051,0.013,0.012,21.473,138390.469,4.646,60.000
0.054,0.002,0.013,23.218,91269.117,1.267,60.000
0.099,0.012,0.011,19.526,95850.930,4.877,60.000
0.049,0.017,0.012,19.920,127796.867,6.620,60.000
0.044,0.002,0.015,19.545,154172.812,1.422,60.000
0.054,0.001,0.006,20.932,110397.117,0.048,60.000
0.050,0.008,0.015,20.348,103867.336,3.320,60.000
0.049,0.019,0.011,19.923,123000.414,6.448,60.000
0.052,0.014,0.014,22.867,137681.406,4.493,60.000
0.048,0.015,0.011,21.033,105882.586,5.828,60.000
0.047,0.000,0.006,25.077,8532.453,0.951,60.000
0.051,0.026,0.011,20.056,112664.336,5.512,60.000
0.052,0.002,0.012,23.770,73430.570,2.925,60.000
0.053,0.001,0.004,21.208,60548.602,-0.351,60.000
0.053,0.001,0.014,31.181,-38976.238,-0.100,60.000
0.051,0.005,0.012,22.000,101778.242,4.208,60.000
0.051,0.016,0.014,21.460,134854.344,6.034,60.000
0.052,0.015,0.012,20.675,105885.664,4.465,60.000
0.052,0.000,0.015,29.684,4560.617,-0.889,60.000
0.051,0.014,0.011,20.714,70017.633,5.200,60.000
0.050,0.024,0.010,20.780,115572.539,5.895,60.000
0.052,0.000,0.002,19.005,15991.000,-1.920,60.000
0.098,0.012,0.012,19.355,114614.320,5.205,60.000
0.060,0.001,0.015,21.621,119124.523,-0.398,60.000
0.048,0.001,0.004,22.269,94032.352,0.903,60.000
0.044,0.001,0.007,22.151,91555.258,0.748,60.000
0.046,0.001,0.018,20.855,138096.656,1.292,60.000
0.052,0.016,0.011,20.029,87997.305,6.023,60.000
0.047,0.002,0.017,21.203,149127.344,1.677,60.000
0.053,0.002,0.006,22.289,104961.883,0.433,60.000
0.049,0.020,0.011,19.995,120867.617,6.344,60.000
0.052,0.002,0.014,23.296,99183.758,1.469,60.000
0.049,0.001,0.019,23.237,93572.117,1.313,60.000
0.001,0.012,0.014,20.879,75745.461,5.477,60.000
0.060,0.001,0.011,20.458,102376.805,-0.039,60.000
0.048,0.008,0.013,20.916,146101.812,4.949,60.000
0.049,0.017,0.011,20.282,132144.625,6.582,60.000
0.050,0.006,0.010,20.167,129096.086,2.198,60.000
0.048,0.022,0.012,20.356,136708.875,5.774,60.000
0.050,0.015,0.013,21.210,145391.219,6.102,60.000
0.049,0.001,0.011,26.088,45831.273,1.916,60.000
0.052,0.009,0.012,20.132,110278.148,4.488,60.000
0.053,0.000,0.014,32.928,25259.625,-0.235,60.000
0.048,0.001,0.012,25.395,94659.930,2.189,60.000
0.002,0.013,0.012,19.728,67205.992,6.007,60.000
0.050,0.007,0.010,20.947,126105.570,2.020,60.000
0.050,0.022,0.011,19.914,125731.977,5.977,60.000
0.051,0.003,0.013,23.493,89823.648,2.523,60.000
0.050,0.024,0.011,20.373,131575.781,6.350,60.000
0.057,0.001,0.017,20.278,96811.945,0.290,60.000
0.053,0.001,0.021,22.046,47524.992,0.540,60.000
0.047,0.000,0.016,28.764,-18723.109,-1.205,60.000
0.051,0.001,0.010,25.480,52025.805,1.713,60.000
0.050,0.000,0.023,22.814,-40341.953,-1.855,60.000
0.000,0.012,0.011,23.858,-66549.945,5.610,60.000
0.052,0.003,0.011,22.561,56861.305,3.038,60.000
0.048,0.021,0.013,20.757,150373.438,5.487,60.000
0.053,0.000,0.016,27.324,5162.930,0.208,60.000
0.050,0.021,0.010,19.825,111109.039,6.306,60.000
0.046,0.001,0.016,23.199,156128.469,1.662,60.000
0.050,0.012,0.011,20.266,113019.195,3.952,60.000
0.051,0.009,0.014,20.018,99879.320,3.673,60.000
0.042,0.001,0.016,19.963,109430.211,-0.240,60.000
0.050,0.024,0.011,20.438,134361.219,6.494,60.000
0.048,0.020,0.012,20.653,134538.844,5.978,60.000
0.049,0.022,0.013,21.028,149305.375,5.735,60.000
0.051,0.026,0.010,21.535,116599.898,5.605,60.000
0.056,0.001,0.009,26.762,-54961.059,-0.939,60.000
0.049,0.017,0.014,20.156,143148.312,6.618,60.000
0.043,0.001,0.020,19.375,114310.258,0.667,60.000
0.048,0.001,0.013,26.178,133645.281,2.611,60.000
0.041,0.001,0.010,23.809,2624.352,-1.528,60.000
0.048,0.000,0.013,34.633,46949.023,2.533,60.000
0.049,0.018,0.013,19.735,142773.719,7.218,60.000
0.052,0.001,0.015,25.624,104420.648,1.491,60.000
0.041,0.001,0.011,23.717,80075.992,-0.040,60.000
0.051,0.025,0.013,20.028,161740.781,5.683,60.000
0.048,0.001,0.004,23.163,21826.523,0.433,60.000
0.060,0.001,0.017,20.649,109939.305,-0.092,60.000
0.049,0.001,0.005,22.173,106679.773,0.617,60.000
0.052,0.001,0.017,27.373,22765.508,0.413,60.000
0.042,0.001,0.009,21.755,102145.789,0.197,60.000
0.052,0.015,0.013,21.516,118490.570,4.781,60.000
0.051,0.001,0.011,27.815,9468.203,1.622,60.000
0.059,0.001,0.009,23.437,6620.711,-0.250,60.000
0.059,0.001,0.013,21.418,124622.773,-0.369,60.000
0.052,0.024,0.011,19.780,119542.289,5.516,60.000
0.054,0.001,0.017,22.516,97892.305,1.110,60.000
0.056,0.001,0.019,20.613,104283.773,0.580,60.000
0.050,0.018,0.012,19.509,119068.227,6.359,60.000
0.054,0.001,0.013,26.632,88798.070,1.491,60.000
0.051,0.021,0.010,18.718,90014.039,5.683,60.000
0.046,0.001,0.012,25.248,105906.305,1.914,60.000
0.051,0.003,0.010,22.198,63028.648,1.296,60.000
0.049,0.017,0.013,19.755,133464.469,6.407,60.000
0.051,0.009,0.012,20.898,129715.492,5.313,60.000
0.047,0.001,0.002,21.286,77782.398,0.440,60.000
0.053,0.001,0.021,20.838,108714.602,1.917,60.000
0.052,0.000,0.003,19.241,42902.992,-1.095,60.000
0.052,0.004,0.012,21.704,88272.539,3.459,60.000
0.049,0.009,0.012,21.135,157719.906,4.826,60.000
0.054,0.001,0.014,23.771,96699.445,1.090,60.000
0.051,0.023,0.013,20.572,148088.031,5.862,60.000
0.002,0.010,0.012,20.068,46357.461,6.119,60.000
0.050,0.002,0.006,22.215,106316.352,0.556,60.000
0.060,0.001,0.011,17.665,130802.398,-0.143,60.000
0.042,0.001,0.014,23.424,26923.242,-1.850,60.000
0.044,0.000,0.009,25.016,24374.445,-1.107,60.000
0.048,0.001,0.008,23.821,102816.430,1.181,60.000
0.050,0.011,0.015,23.080,141719.344,3.360,60.000
0.048,0.027,0.013,15.901,51084.336,1.094,60.000
0.049,0.004,0.013,22.523,101713.305,3.222,60.000
0.049,0.018,0.013,19.670,132810.844,6.771,60.000
0.048,0.014,0.013,20.941,141145.062,5.237,60.000
0.052,0.014,0.014,22.984,129389.414,4.396,60.000
0.051,0.020,0.014,20.372,112089.430,6.863,60.000
0.051,0.001,0.023,21.901,36121.742,0.626,60.000
0.054,0.002,0.009,24.345,76639.695,0.402,60.000
0.060,0.000,0.014,23.066,95916.586,0.193,60.000
0.097,0.011,0.012,19.593,127200.977,4.931,60.000
0.043,0.001,0.020,20.061,118545.227,0.638,60.000
0.051,0.010,0.012,20.293,109087.367,4.767,60.000
0.045,0.002,0.010,22.444,111720.820,0.566,60.000
0.049,0.025,0.013,20.052,171554.438,5.927,60.000
0.055,0.001,0.009,22.994,77968.852,0.238,60.000
0.050,0.001,0.008,28.223,-4492.680,-0.323,60.000
0.048,0.002,0.015,23.393,152612.344,2.293,60.000
0.054,0.001,0.007,24.903,91209.898,0.445,60.000
0.049,0.003,0.013,22.551,104842.945,2.969,60.000
0.046,0.000,0.005,23.093,21255.586,-0.145,60.000
0.050,0.015,0.012,20.482,136514.500,5.409,60.000
0.050,0.000,0.012,33.371,54651.977,2.969,60.000
0.048,0.007,0.013,21.165,126689.086,3.709,60.000
0.048,0.017,0.011,20.305,130268.008,6.616,60.000
0.052,0.001,0.011,26.574,39677.039,1.694,60.000
0.100,0.013,0.012,23.462,53779.617,4.011,60.000
0.049,0.007,0.012,22.197,164334.094,5.271,60.000
0.041,0.001,0.006,21.416,94806.914,1.844,60.000
0.044,0.000,0.004,21.862,-20173.859,-0.274,60.000
0.042,0.001,0.011,24.108,90653.680,-0.052,60.000
0.048,0.004,0.012,22.432,115130.789,3.287,60.000
0.050,0.007,0.009,21.154,118234.930,1.821,60.000
0.049,0.016,0.014,20.655,146573.875,6.309,60.000
0.057,0.001,0.020,19.202,99982.102,0.592,60.000
0.057,0.000,0.018,22.392,-27503.594,-2.590,60.000
0.043,0.001,0.014,23.740,91673.148,0.523,60.000
0.053,0.000,0.013,31.372,3323.320,-0.397,60.000
0.049,0.025,0.013,20.132,168931.438,5.740,60.000
0.046,0.001,0.020,20.858,97654.414,0.527,60.000
0.055,0.000,0.006,25.126,-7823.922,0.395,60.000
0.040,0.001,0.010,23.004,65078.492,0.023,60.000
0.047,0.000,0.010,25.896,-11347.305,0.055,60.000
0.056,0.001,0.004,18.836,135678.188,0.103,60.000
0.052,0.001,0.018,24.494,79815.570,1.627,60.000
0.047,0.000,0.008,30.287,-30406.922,2.033,60.000
0.057,0.001,0.011,20.756,109755.758,0.695,60.000
0.049,0.017,0.012,20.063,122880.977,6.473,60.000
0.043,0.000,0.016,22.494,24595.633,-1.565,60.000
0.050,0.013,0.011,20.697,83016.195,4.724,60.000
0.051,0.000,0.014,29.102,33334.992,0.639,60.000
0.045,0.002,0.009,22.657,106182.664,0.799,60.000
0.043,0.001,0.010,23.597,106590.695,0.275,60.000
0.051,0.000,0.011,32.339,18712.961,1.205,60.000
0.051,0.007,0.011,21.210,158075.250,5.142,60.000
0.049,0.002,0.014,23.780,138420.062,2.438,60.000
0.050,0.023,0.010,20.710,119679.320,6.246,60.000
0.050,0.013,0.014,22.751,157982.344,4.636,60.000
0.051,0.017,0.011,19.606,103884.711,6.264,60.000
0.045,0.002,0.011,22.211,112945.164,0.792,60.000
0.052,0.007,0.013,20.789,88122.305,3.755,60.000
0.052,0.001,0.013,29.606,65014.617,1.811,60.000
0.001,0.013,0.011,18.560,34388.336,6.916,60.000
0.047,0.000,0.018,24.622,-76003.602,-2.660,60.000
0.049,0.008,0.011,22.009,169991.000,5.072,60.000
0.047,0.001,0.016,27.390,3359.609,-1.078,60.000
0.043,0.001,0.005,21.212,81487.805,1.487,60.000
0.047,0.002,0.018,20.187,147024.562,1.534,60.000
0.052,0.001,0.006,23.491,96762.195,0.152,60.000
0.051,0.000,0.005,22.441,16715.039,-0.020,60.000
0.047,0.000,0.017,25.090,5712.227,-2.797,60.000
0.051,0.007,0.010,18.955,137713.656,2.648,60.000
0.099,0.011,0.012,22.275,96596.742,4.210,60.000
0.050,0.011,0.014,22.715,145478.781,3.516,60.000
0.049,0.025,0.010,21.736,133637.062,6.279,60.000
0.048,0.006,0.011,20.775,137636.531,2.214,60.000
0.051,0.020,0.013,20.055,115329.742,6.514,60.000
0.051,0.023,0.012,20.040,138141.719,5.472,60.000
0.041,0.001,0.009,21.371,101772.680,0.179,60.000
0.050,0.021,0.012,20.159,133925.031,5.731,60.000
0.049,0.004,0.010,21.760,95725.039,1.906,60.000
0.049,0.027,0.010,16.445,91136.836,3.871,60.000
0.052,0.001,0.017,24.562,102421.742,1.936,60.000
0.049,0.021,0.011,20.041,121163.492,6.401,60.000
0.049,0.013,0.014,22.779,158939.781,4.278,60.000
0.052,0.002,0.013,24.097,84005.648,2.115,60.000
0.049,0.001,0.009,24.176,73226.086,0.848,60.000
0.052,0.010,0.011,18.907,102008.555,3.544,60.000
0.050,0.004,0.012,22.364,104738.727,3.700,60.000
0.044,0.001,0.017,21.577,41941.664,-1.513,60.000
0.051,0.001,0.013,27.295,104422.805,2.358,60.000
0.049,0.023,0.013,20.443,157921.469,5.493,60.000
0.050,0.010,0.014,21.130,126107.961,3.935,60.000
0.045,0.001,0.005,21.674,83886.352,0.681,60.000
0.041,0.000,0.015,23.241,15230.766,-2.327,60.000
0.040,0.001,0.010,21.158,72863.305,-0.032,60.000
0.002,0.010,0.012,19.755,35941.570,6.309,60.000
0.050,0.001,0.019,23.110,123901.336,2.080,60.000
0.051,0.001,0.005,23.101,33256.867,-0.125,60.000
0.041,0.000,0.017,23.781,27115.883,-0.427,60.000
0.052,0.005,0.011,20.277,111424.133,3.438,60.000
0.049,0.003,0.012,23.654,84164.195,2.970,60.000
0.047,0.000,0.006,25.266,-8393.547,-0.489,60.000
0.045,0.002,0.007,21.851,87209.023,0.643,60.000
0.052,0.012,0.011,19.693,94741.523,3.102,60.000
0.051,0.000,0.013,32.943,53320.148,2.966,60.000
0.050,0.003,0.014,22.510,112322.898,2.540,60.000
0.050,0.021,0.014,19.947,129693.883,6.504,60.000
0.002,0.012,0.013,20.445,66676.273,5.644,60.000
0.042,0.001,0.011,23.976,88068.023,0.049,60.000
0.048,0.000,0.004,23.125,-14514.672,0.614,60.000
0.051,0.001,0.018,25.276,60041.367,1.426,60.000
0.050,0.003,0.012,22.826,96795.164,3.301,60.000
0.050,0.004,0.010,21.408,90830.570,2.072,60.000
0.052,0.001,0.005,22.295,103160.758,0.090,60.000
0.050,0.018,0.012,19.348,112529.727,6.272,60.000
0.048,0.005,0.010,22.754,103163.227,1.275,60.000
0.041,0.001,0.011,22.414,86607.742,-0.311,60.000
0.052,0.016,0.014,21.223,115954.211,6.177,60.000
0.050,0.001,0.022,21.745,125896.258,1.686,60.000
0.039,0.001,0.010,23.451,-17672.539,-1.204,60.000
0.049,0.019,0.011,20.184,129929.398,6.481,60.000
0.053,0.000,0.018,27.723,11925.906,-0.939,60.000
0.052,0.002,0.017,23.018,96441.383,1.738,60.000
0.058,0.000,0.005,19.461,39532.492,-1.791,60.000
0.057,0.002,0.011,20.761,116516.617,1.031,60.000
0.044,0.001,0.020,20.144,120556.586,0.845,60.000
0.050,0.004,0.011,21.312,106733.164,2.966,60.000
0.057,0.001,0.004,19.029,137346.688,0.253,60.000
0.056,0.001,0.013,23.092,114303.930,0.740,60.000
0.044,0.001,0.017,18.588,149603.219,0.823,60.000
0.044,0.001,0.007,24.847,-16468.820,0.047,60.000
0.052,0.011,0.012,19.803,107326.492,3.681,60.000
0.051,0.005,0.009,21.972,86841.133,1.078,60.000
0.047,0.001,0.006,25.222,28861.680,0.462,60.000
0.051,0.000,0.023,23.167,12237.508,-1.111,60.000
0.052,0.012,0.012,19.898,102453.273,3.481,60.000
0.048,0.001,0.019,23.048,63556.258,0.534,60.000
0.056,0.002,0.015,21.891,99798.680,0.339,60.000
0.051,0.026,0.010,21.401,114727.711,5.388,60.000
0.050,0.004,0.014,21.293,102585.711,2.634,60.000
0.049,0.004,0.013,21.921,99097.586,2.806,60.000
0.051,0.014,0.010,20.221,66355.289,5.142,60.000
0.052,0.006,0.012,21.016,95146.383,3.758,60.000
0.057,0.001,0.016,24.387,67353.180,-0.383,60.000
0.052,0.002,0.007,23.540,94259.523,0.679,60.000
0.048,0.002,0.011,23.082,79011.664,1.297,60.000
0.050,0.009,0.013,20.027,124978.570,4.840,60.000
0.001,0.013,0.012,21.115,40361.773,5.325,60.000
0.050,0.002,0.015,22.747,128768.867,1.782,60.000
0.050,0.000,0.023,23.127,-21193.555,-1.450,60.000
0.051,0.014,0.010,20.239,76725.586,5.607,60.000
0.056,0.000,0.004,20.491,100320.070,-0.066,60.000
0.050,0.000,0.014,31.966,-10020.305,-0.097,60.000
0.097,0.013,0.012,19.690,113974.055,4.542,60.000
0.051,0.004,0.011,21.666,98550.492,3.437,60.000
0.042,0.001,0.009,22.761,98982.914,0.389,60.000
0.056,0.000,0.007,21.083,27335.570,-1.166,60.000
0.052,0.020,0.012,20.091,111875.320,5.956,60.000
0.050,0.000,0.020,21.983,34883.898,-1.257,60.000
0.052,0.002,0.016,22.729,98411.477,1.363,60.000
0.059,0.000,0.008,22.949,68495.039,-1.348,60.000
0.052,0.001,0.020,21.593,110373.211,2.019,60.000
0.054,0.001,0.015,31.915,-79629.047,-1.602,60.000
0.051,0.006,0.015,19.859,94534.602,2.367,60.000
0.041,0.001,0.017,19.094,87248.680,-0.557,60.000
0.049,0.007,0.013,21.819,146794.875,5.113,60.000
0.049,0.022,0.014,20.762,140860.000,5.931,60.000
0.049,0.026,0.013,20.269,171826.594,6.237,60.000
0.048,0.000,0.004,22.147,-7340.258,0.338,60.000
0.051,0.022,0.012,19.957,127575.352,5.683,60.000
0.098,0.013,0.013,20.172,112126.648,4.426,60.000
0.049,0.001,0.018,23.520,133550.875,1.732,60.000
0.045,0.000,0.012,29.263,22107.125,-1.662,60.000
0.053,0.001,0.020,21.154,107058.336,1.956,60.000
0.048,0.015,0.013,20.816,152200.594,5.506,60.000
0.053,0.001,0.010,29.033,-28732.938,0.921,60.000
0.057,0.001,0.018,21.028,105226.633,0.242,60.000
0.050,0.000,0.014,31.641,-6437.047,-0.526,60.000
0.052,0.001,0.016,23.145,96090.336,1.382,60.000
0.052,0.015,0.010,19.769,80515.711,5.785,60.000
0.043,0.001,0.004,21.782,9246.062,0.946,60.000
0.052,0.006,0.010,19.316,122284.492,2.495,60.000
0.051,0.023,0.013,20.027,152806.562,5.432,60.000
0.054,0.001,0.009,25.943,54072.383,0.511,60.000
0.042,0.000,0.014,26.129,-41603.652,-0.130,60.000
0.052,0.023,0.013,20.249,138434.125,5.659,60.000
0.059,0.000,0.006,20.931,17424.641,-0.808,60.000
0.048,0.000,0.014,28.404,68541.008,1.149,60.000
0.050,0.013,0.013,22.108,146103.188,4.645,60.000
0.051,0.012,0.012,20.460,121605.430,4.201,60.000
0.050,0.000,0.016,29.060,-17221.945,-0.867,60.000
0.048,0.018,0.012,20.403,140101.875,6.128,60.000
0.060,0.001,0.007,21.639,143552.375,0.407,60.000
0.050,0.001,0.008,25.446,85053.258,0.445,60.000
0.049,0.001,0.012,29.405,13785.195,1.212,60.000
0.047,0.002,0.013,24.296,128079.930,2.775,60.000
0.046,0.001,0.015,26.006,35562.695,-0.561,60.000
0.051,0.009,0.013,20.809,116669.492,5.297,60.000
0.049,0.017,0.011,20.161,122282.383,6.506,60.000
0.052,0.010,0.013,19.574,88661.164,3.784,60.000
0.047,0.000,0.015,28.782,29711.695,0.293,60.000
0.051,0.007,0.012,22.081,124149.742,5.398,60.000
0.051,0.005,0.012,22.071,104395.680,4.144,60.000
0.049,0.001,0.007,26.323,49351.539,0.517,60.000
0.045,0.002,0.010,22.007,105253.930,0.421,60.000
0.048,0.002,0.007,22.903,94725.617,0.839,60.000
0.051,0.024,0.010,20.671,110530.820,5.896,60.000
0.052,0.002,0.014,24.034,89482.227,1.696,60.000
0.048,0.001,0.008,26.571,47399.945,0.333,60.000
0.049,0.015,0.011,20.608,105489.539,6.167,60.000
0.051,0.022,0.013,20.524,118840.164,6.049,60.000
0.052,0.021,0.011,19.006,112378.633,5.596,60.000
0.049,0.026,0.010,21.876,132718.250,6.074,60.000
0.056,0.001,0.021,19.371,107794.758,1.238,60.000
0.052,0.011,0.010,18.441,88128.023,3.420,60.000
0.050,0.012,0.010,20.844,74135.539,4.459,60.000
0.049,0.016,0.012,20.147,126608.180,6.259,60.000
0.049,0.021,0.012,20.438,130945.852,5.968,60.000
0.048,0.001,0.015,23.532,152781.219,2.187,60.000
0.048,0.015,0.011,21.110,106788.102,5.941,60.000
0.057,0.001,0.011,22.000,120870.852,0.680,60.000
0.056,0.000,0.007,23.769,11985.945,0.457,60.000
0.040,0.001,0.011,22.658,62532.852,-0.155,60.000
0.051,0.000,0.009,29.668,-31470.070,0.360,60.000
0.053,0.000,0.010,29.225,-11728.438,0.020,60.000
0.047,0.000,0.022,20.731,-7157.797,-0.599,60.000
0.047,0.000,0.011,29.872,-6965.562,-1.337,60.000
0.052,0.000,0.004,19.931,28733.477,-1.005,60.000
0.057,0.001,0.007,23.346,115395.477,0.145,60.000
0.098,0.011,0.013,20.471,132194.969,4.600,60.000
0.048,0.024,0.012,20.318,157159.469,5.938,60.000
0.051,0.015,0.013,21.082,129004.039,5.711,60.000
0.053,0.000,0.009,27.941,-19321.570,-0.125,60.000
0.051,0.000,0.023,22.735,27706.336,0.753,60.000
0.050,0.009,0.010,20.276,111680.211,3.340,60.000
0.044,0.001,0.021,20.696,62513.305,0.430,60.000
0.048,0.000,0.013,29.336,61400.961,0.852,60.000
0.045,0.001,0.020,20.465,121784.180,0.792,60.000
0.048,0.002,0.013,23.784,122800.930,3.034,60.000
0.050,0.013,0.010,20.394,76916.945,4.612,60.000
0.052,0.017,0.012,19.826,103254.133,6.216,60.000
0.100,0.011,0.011,20.867,401.844,10.691,60.000
0.049,0.013,0.012,21.103,146473.625,4.672,60.000
0.043,0.001,0.016,22.123,45538.539,-2.045,60.000
0.058,0.001,0.015,21.632,109771.477,0.257,60.000
0.045,0.002,0.010,21.923,105645.195,0.703,60.000
0.049,0.009,0.012,20.839,161715.281,5.531,60.000
0.052,0.022,0.012,19.943,129784.289,5.424,60.000
0.045,0.001,0.018,21.318,50555.336,-0.871,60.000
0.051,0.001,0.015,23.988,120214.055,1.602,60.000
0.051,0.013,0.014,23.881,145755.594,4.025,60.000
0.099,0.013,0.013,22.352,91089.961,4.333,60.000
0.051,0.001,0.005,20.606,120013.477,0.428,60.000
0.050,0.013,0.010,20.652,76597.445,4.722,60.000
0.050,0.014,0.013,21.284,142987.062,4.994,60.000
0.098,0.010,0.012,20.090,137951.250,4.960,60.000
0.046,0.000,0.010,27.271,33589.195,-0.447,60.000
0.052,0.002,0.011,23.670,45021.836,2.692,60.000
0.050,0.003,0.009,23.990,66502.914,1.076,60.000
0.050,0.014,0.013,21.542,142692.938,4.878,60.000
0.051,0.001,0.007,26.366,7209.758,-0.393,60.000
0.055,0.001,0.013,23.151,110058.383,1.285,60.000
0.044,0.002,0.010,21.675,102924.555,0.000,60.000
0.003,0.013,0.012,19.568,55588.477,6.078,60.000
0.052,0.001,0.010,29.898,-11446.453,0.847,60.000
0.051,0.022,0.012,20.226,124944.648,5.667,60.000
0.044,0.000,0.006,24.495,-43512.898,-1.110,60.000
0.050,0.010,0.013,20.143,127939.258,4.699,60.000
0.050,0.014,0.012,20.755,121877.023,5.095,60.000
0.052,0.001,0.018,24.903,50767.398,0.978,60.000
0.055,0.001,0.004,21.672,108789.320,0.097,60.000
0.055,0.001,0.016,24.468,43545.523,-0.071,60.000
0.045,0.001,0.008,24.468,98514.570,0.719,60.000
0.048,0.008,0.013,21.399,159118.375,4.933,60.000
0.055,0.000,0.015,30.723,38927.195,-0.197,60.000
0.051,0.018,0.013,20.522,119973.586,7.166,60.000
0.051,0.009,0.010,19.488,128164.977,3.571,60.000
0.052,0.004,0.011,22.379,64568.070,3.139,60.000
0.052,0.001,0.017,23.981,105652.836,1.864,60.000
0.049,0.006,0.011,20.720,156160.562,3.367,60.000
0.051,0.022,0.012,19.604,123949.586,5.622,60.000
0.049,0.004,0.013,22.500,103819.914,3.289,60.000
0.050,0.027,0.013,18.313,109784.211,4.582,60.000
0.048,0.014,0.012,20.851,140013.031,5.280,60.000
0.050,0.027,0.014,20.644,131170.219,7.473,60.000
0.050,0.001,0.019,23.187,123916.945,2.075,60.000
0.050,0.009,0.011,20.393,137728.344,4.076,60.000
0.045,0.001,0.003,22.347,77898.602,1.131,60.000
0.057,0.001,0.005,20.865,127980.836,0.117,60.000
0.057,0.001,0.010,24.078,89460.961,0.061,60.000
0.041,0.001,0.007,20.273,94126.617,0.627,60.000
0.047,0.002,0.011,22.896,107653.164,1.406,60.000
0.050,0.006,0.014,20.658,99146.180,2.699,60.000
0.050,0.019,0.010,18.790,100308.133,5.837,60.000
0.051,0.002,0.009,24.788,67142.883,0.755,60.000
0.051,0.021,0.010,18.730,92725.977,5.847,60.000
0.052,0.001,0.021,21.729,115714.227,1.967,60.000
0.055,0.001,0.016,23.870,78282.086,0.433,60.000
0.049,0.002,0.011,23.174,71549.648,1.854,60.000
0.052,0.025,0.012,19.684,135930.438,5.266,60.000
0.052,0.001,0.016,23.715,102366.539,1.519,60.000
0.049,0.020,0.013,19.916,138567.188,6.395,60.000
0.048,0.002,0.014,23.800,137170.656,2.676,60.000
0.057,0.000,0.007,25.133,-14845.422,0.266,60.000
0.045,0.001,0.008,23.077,104000.383,1.009,60.000
0.049,0.011,0.011,20.765,119646.352,4.112,60.000
0.043,0.001,0.007,21.386,84126.523,0.495,60.000
0.100,0.011,0.012,15.337,76737.602,6.728,60.000
0.049,0.001,0.012,25.834,72726.695,2.497,60.000
0.049,0.023,0.010,21.235,135428.000,6.814,60.000
0.046,0.001,0.022,20.610,126023.086,1.414,60.000
0.050,0.003,0.012,24.052,105107.758,3.379,60.000
0.047,0.000,0.003,22.087,36504.258,-0.285,60.000
0.052,0.003,0.010,22.716,56528.773,2.731,60.000
0.042,0.000,0.019,20.983,3480.594,-2.053,60.000
0.050,0.015,0.011,20.722,101898.148,5.993,60.000
0.052,0.018,0.013,20.863,112052.883,6.955,60.000
0.048,0.025,0.012,20.429,154918.031,6.277,60.000
0.050,0.001,0.017,27.364,16461.477,0.060,60.000
0.055,0.001,0.015,23.344,96919.305,0.857,60.000
0.058,0.000,0.018,20.312,99355.492,2.580,60.000
0.055,0.000,0.011,28.786,29727.945,1.356,60.000
0.050,0.017,0.012,19.536,113447.305,6.438,60.000
0.055,0.002,0.012,22.436,85387.977,1.732,60.000
0.051,0.015,0.010,20.523,84643.867,6.028,60.000
0.048,0.012,0.013,21.519,155048.781,3.939,60.000
0.056,0.000,0.021,19.675,-23389.719,-0.238,60.000
0.049,0.017,0.011,20.167,122808.867,6.485,60.000
0.050,0.004,0.012,22.338,102949.320,3.850,60.000
0.049,0.000,0.020,20.528,40789.477,1.446,60.000
0.048,0.013,0.013,20.975,150000.094,4.192,60.000
0.051,0.014,0.014,23.650,142165.812,4.643,60.000
0.048,0.013,0.012,21.189,138310.438,4.561,60.000
0.040,0.001,0.012,21.362,63195.742,-0.813,60.000
0.050,0.000,0.008,27.694,-7329.750,0.716,60.000
0.051,0.000,0.008,26.309,-5571.227,0.460,60.000
0.047,0.001,0.006,24.616,50860.492,0.675,60.000
0.051,0.013,0.010,19.999,59404.977,5.195,60.000
0.050,0.010,0.010,20.349,78242.164,3.670,60.000
0.051,0.010,0.013,20.158,116086.711,4.528,60.000
0.000,0.013,0.013,18.876,34152.945,9.026,60.000
0.053,0.000,0.007,25.928,32056.727,0.989,60.000
0.053,0.001,0.017,23.545,97968.773,1.480,60.000
0.053,0.002,0.016,22.481,87126.586,1.017,60.000
0.048,0.001,0.022,21.836,45197.023,0.380,60.000
0.055,0.002,0.011,21.853,83454.664,1.824,60.000
0.046,0.001,0.019,20.907,135654.812,1.303,60.000
0.049,0.001,0.019,21.934,126820.695,1.864,60.000
0.051,0.006,0.013,21.859,107278.695,4.347,60.000
0.049,0.007,0.012,22.049,165296.531,5.493,60.000
0.051,0.025,0.010,20.925,109231.992,5.742,60.000
0.052,0.022,0.012,19.766,130757.742,5.441,60.000
0.052,0.002,0.014,23.925,82401.289,1.618,60.000
0.051,0.017,0.014,20.606,128104.383,6.984,60.000
0.051,0.002,0.010,24.952,53187.242,1.191,60.000
0.045,0.000,0.005,24.792,-21038.547,-0.416,60.000
0.051,0.013,0.013,22.091,128580.852,4.360,60.000
0.048,0.001,0.015,23.655,154276.625,2.349,60.000
0.039,0.001,0.011,21.430,58338.539,-0.446,60.000
0.052,0.012,0.011,19.424,96489.148,3.307,60.000
0.100,0.011,0.012,14.292,106782.773,4.187,60.000
0.043,0.001,0.010,23.360,100383.711,0.187,60.000
0.049,0.001,0.007,23.839,102637.383,0.960,60.000
0.052,0.023,0.012,19.948,131601.000,5.360,60.000
0.046,0.000,0.010,25.232,4660.602,-0.022,60.000
0.048,0.001,0.012,23.940,99419.992,2.141,60.000
0.057,0.001,0.012,22.085,127435.305,0.432,60.000
0.049,0.026,0.014,19.953,186211.562,5.839,60.000
0.002,0.013,0.012,18.838,56987.977,6.416,60.000
0.051,0.007,0.014,20.078,95958.555,2.969,60.000
0.051,0.018,0.013,20.590,121389.164,7.261,60.000
0.055,0.000,0.002,18.877,40294.008,-1.703,60.000
0.054,0.001,0.021,20.718,73456.430,0.713,60.000
0.051,0.010,0.011,19.263,110627.633,3.781,60.000
0.050,0.018,0.010,19.333,110429.992,5.949,60.000
0.050,0.026,0.013,19.762,173200.031,5.823,60.000
0.042,0.001,0.010,24.641,17186.648,-1.422,60.000
0.050,0.000,0.009,31.123,-46218.656,0.978,60.000
0.050,0.016,0.010,19.841,105063.398,6.068,60.000
0.056,0.000,0.004,17.094,113434.039,-1.345,60.000
0.049,0.019,0.014,19.407,143134.000,6.801,60.000
0.046,0.000,0.021,20.279,36605.195,-0.027,60.000
0.060,0.001,0.011,18.517,131012.727,-0.090,60.000
0.099,0.012,0.011,19.377,120680.273,5.003,60.000
0.051,0.010,0.012,20.267,117010.352,4.531,60.000
0.051,0.003,0.011,22.857,52161.570,2.673,60.000
0.050,0.012,0.012,20.765,140553.188,4.100,60.000
0.058,0.000,0.010,22.463,8023.469,1.484,60.000
0.001,0.011,0.012,19.953,39235.195,6.434,60.000
0.043,0.001,0.011,22.141,102244.789,0.066,60.000
0.053,0.001,0.009,25.888,72377.242,0.541,60.000
0.050,0.011,0.014,21.497,141535.625,4.203,60.000
0.049,0.006,0.011,21.127,148688.250,4.017,60.000
0.057,0.001,0.009,25.344,913.820,-0.277,60.000
0.056,0.001,0.006,23.976,-20407.086,-0.882,60.000
0.052,0.008,0.013,20.098,75603.852,3.240,60.000
0.048,0.001,0.009,27.599,33139.727,-0.071,60.000
0.043,0.001,0.012,22.813,80853.195,-0.227,60.000
0.051,0.000,0.016,25.966,106490.117,2.764,60.000
0.051,0.015,0.012,20.342,107508.414,5.432,60.000
0.052,0.006,0.010,18.918,122649.633,2.045,60.000
0.045,0.001,0.014,22.981,157293.531,2.093,60.000
0.051,0.004,0.014,20.300,108097.148,2.453,60.000
0.048,0.006,0.013,21.580,136263.812,3.814,60.000
0.054,0.001,0.019,21.038,103934.117,1.595,60.000
0.050,0.000,0.010,33.210,-31103.297,0.779,60.000
0.053,0.001,0.006,24.890,88494.914,0.458,60.000
0.051,0.000,0.007,26.409,-10997.109,0.818,60.000
0.053,0.001,0.008,26.181,46053.508,0.002,60.000
0.057,0.002,0.014,22.464,111299.320,0.188,60.000
0.052,0.000,0.017,27.835,3557.086,-1.569,60.000
0.043,0.000,0.018,19.146,67517.445,0.773,60.000
0.049,0.014,0.013,20.959,157511.438,5.260,60.000
0.049,0.008,0.011,21.894,161206.812,4.699,60.000
0.050,0.020,0.013,20.272,127772.617,6.323,60.000
0.048,0.016,0.011,20.488,133487.469,6.401,60.000
0.045,0.000,0.015,28.783,-31242.469,-1.343,60.000
0.053,0.001,0.015,22.935,95286.305,1.239,60.000
0.049,0.001,0.014,28.394,103823.211,1.637,60.000
0.043,0.000,0.007,23.197,-46253.031,-1.701,60.000
0.052,0.011,0.012,19.853,98788.445,3.935,60.000
0.050,0.023,0.013,20.426,154147.938,5.652,60.000
0.048,0.000,0.009,25.868,6947.852,0.921,60.000
0.050,0.000,0.003,21.104,14604.711,-0.482,60.000
0.052,0.000,0.001,23.245,-3422.008,-0.715,60.000
0.044,0.001,0.017,21.403,105314.227,-0.315,60.000
0.041,0.001,0.013,20.606,52527.305,-1.271,60.000
0.048,0.006,0.014,21.123,115366.695,3.220,60.000
0.049,0.009,0.010,21.498,108441.211,3.301,60.000
0.050,0.006,0.013,22.137,113613.414,3.920,60.000
0.049,0.000,0.002,19.651,24392.750,-1.045,60.000
0.053,0.001,0.010,24.360,56767.930,0.885,60.000
0.049,0.010,0.012,20.411,145626.781,4.986,60.000
0.056,0.000,0.020,24.453,19190.430,0.610,60.000
0.050,0.019,0.014,20.016,136547.250,7.224,60.000
0.051,0.002,0.014,24.110,94756.602,2.089,60.000
0.050,0.000,0.004,22.323,-1113.516,-0.261,60.000
0.051,0.016,0.014,21.620,136456.344,5.981,60.000
0.049,0.012,0.011,20.622,97607.570,4.229,60.000
0.049,0.010,0.014,22.160,141292.062,3.918,60.000
0.050,0.000,0.022,19.523,7280.492,-2.190,60.000
0.044,0.001,0.008,25.877,20918.844,-0.222,60.000
0.049,0.019,0.013,19.592,141938.531,7.022,60.000
0.051,0.024,0.013,20.132,147809.312,5.713,60.000
0.046,0.000,0.018,24.638,46268.977,-1.847,60.000
0.042,0.001,0.016,20.329,108002.820,-0.398,60.000
0.050,0.008,0.014,20.226,102794.695,4.103,60.000
0.047,0.000,0.004,24.440,-28757.258,-0.083,60.000
0.041,0.001,0.012,22.738,72332.445,-0.441,60.000
0.049,0.000,0.005,22.990,13355.039,-0.252,60.000
0.048,0.001,0.017,27.095,-24912.906,-1.386,60.000
0.054,0.000,0.002,18.763,15631.148,-2.136,60.000
0.050,0.007,0.012,22.282,149424.781,5.919,60.000
0.051,0.016,0.014,21.338,129163.508,5.923,60.000
0.052,0.020,0.012,19.895,109264.430,5.894,60.000
0.051,0.009,0.011,20.518,137641.219,4.661,60.000
0.051,0.013,0.010,20.124,56365.273,5.040,60.000
0.054,0.001,0.013,30.408,-22860.383,1.147,60.000
0.048,0.000,0.008,29.527,-13909.750,2.100,60.000
0.045,0.001,0.018,19.687,134639.438,1.066,60.000
0.049,0.021,0.013,20.816,143213.062,5.754,60.000
0.050,0.020,0.011,19.636,111857.930,6.115,60.000
0.042,0.001,0.013,24.288,-52940.656,-3.887,60.000
0.054,0.001,0.006,21.626,103986.820,-0.033,60.000
0.050,0.020,0.013,20.514,126388.023,6.220,60.000
0.048,0.007,0.011,21.635,158988.562,3.641,60.000
0.052,0.016,0.011,19.679,90563.086,5.957,60.000
0.049,0.026,0.012,20.182,165836.062,6.289,60.000
0.058,0.001,0.012,20.364,137345.844,0.195,60.000
0.049,0.001,0.010,27.815,32183.273,0.532,60.000
0.053,0.000,0.015,30.009,-29093.133,-0.300,60.000
0.000,0.013,0.013,20.940,24331.789,10.320,60.000
0.051,0.012,0.013,21.939,130777.117,4.067,60.000
0.042,0.000,0.015,25.902,-18397.266,-1.803,60.000
0.001,0.013,0.013,22.501,38641.867,4.654,60.000
0.049,0.026,0.011,21.399,141930.719,6.595,60.000
0.048,0.001,0.003,20.440,107643.602,0.878,60.000
0.043,0.001,0.015,23.330,86129.789,-0.228,60.000
0.050,0.023,0.011,20.273,124214.430,6.215,60.000
0.051,0.012,0.011,19.971,104346.727,3.950,60.000
0.049,0.007,0.014,20.796,103918.836,3.190,60.000
0.057,0.000,0.004,20.863,97566.883,-0.040,60.000
0.043,0.001,0.007,21.826,82741.258,0.493,60.000
0.048,0.015,0.011,21.021,111182.570,5.932,60.000
0.050,0.001,0.015,26.298,123313.492,1.563,60.000
0.050,0.017,0.014,20.422,146685.031,7.118,60.000
0.049,0.020,0.011,19.852,115787.570,6.367,60.000
0.058,0.001,0.014,22.267,119602.461,-0.129,60.000
0.039,0.001,0.013,21.461,-8114.430,-2.803,60.000
0.054,0.001,0.010,24.359,62796.086,1.046,60.000
0.050,0.008,0.013,20.615,115878.523,4.626,60.000
0.059,0.001,0.014,25.469,57486.039,-0.786,60.000
0.052,0.001,0.006,26.184,12595.484,-0.695,60.000
0.052,0.000,0.010,31.345,-29254.891,-0.424,60.000
0.055,0.001,0.014,23.494,107868.195,0.889,60.000
0.046,0.001,0.006,22.272,83375.211,0.695,60.000
0.053,0.001,0.014,25.286,93535.477,1.361,60.000
0.051,0.001,0.008,25.531,93212.273,0.610,60.000
0.048,0.019,0.014,19.354,136926.812,6.360,60.000
0.052,0.016,0.012,20.187,100157.836,5.269,60.000
0.059,0.001,0.006,22.769,131667.844,0.237,60.000
0.043,0.001,0.006,24.519,37251.164,1.115,60.000
0.052,0.020,0.012,20.203,105721.164,5.980,60.000
0.050,0.014,0.011,20.774,73332.102,5.249,60.000
0.047,0.000,0.009,25.067,41053.039,0.325,60.000
0.052,0.008,0.014,19.786,72394.367,3.124,60.000
0.040,0.001,0.013,18.570,48287.320,-1.608,60.000
0.055,0.000,0.018,23.643,7305.516,-1.096,60.000
0.048,0.019,0.013,20.242,129469.961,6.117,60.000
0.045,0.001,0.002,22.508,78953.789,1.156,60.000
0.043,0.000,0.016,22.667,48892.445,-1.744,60.000
0.050,0.018,0.012,19.670,130021.352,6.458,60.000
0.044,0.002,0.010,21.778,102412.945,-0.104,60.000
0.052,0.006,0.012,20.568,102020.820,3.838,60.000
0.054,0.001,0.007,25.525,-1669.055,-0.799,60.000
0.050,0.005,0.012,22.301,107092.367,4.135,60.000
0.054,0.001,0.006,23.224,54434.414,-0.299,60.000
0.051,0.010,0.010,19.424,101806.414,3.358,60.000
0.049,0.012,0.013,21.008,145281.500,4.208,60.000
0.048,0.006,0.012,22.077,137624.875,3.974,60.000
0.050,0.001,0.013,28.028,110755.945,2.134,60.000
0.055,0.000,0.005,24.161,-48814.938,-0.219,60.000
0.050,0.018,0.013,20.156,125016.648,7.021,60.000
0.050,0.016,0.011,19.985,111849.070,6.368,60.000
0.050,0.003,0.013,23.918,95440.930,3.128,60.000
0.056,0.001,0.012,21.831,122012.008,1.001,60.000
0.048,0.018,0.011,20.262,135699.312,6.486,60.000
0.051,0.001,0.004,19.499,126625.570,0.440,60.000
0.044,0.001,0.012,25.773,44627.305,-0.189,60.000
0.048,0.000,0.009,28.034,-4857.031,-0.905,60.000
0.050,0.007,0.014,20.357,102764.023,3.205,60.000
0.053,0.000,0.007,26.752,18684.133,0.585,60.000
0.052,0.000,0.023,18.333,58529.414,-0.270,60.000
0.045,0.002,0.015,20.355,164652.094,1.703,60.000
0.052,0.010,0.012,19.579,106497.352,4.148,60.000
0.048,0.004,0.013,22.503,106174.023,3.182,60.000
0.044,0.000,0.014,27.305,34824.820,-0.566,60.000
0.058,0.000,0.008,22.758,10865.438,-0.802,60.000
0.052,0.001,0.019,21.940,109336.602,2.048,60.000
0.060,0.001,0.012,24.055,7937.500,-0.987,60.000
0.052,0.001,0.013,30.661,34116.367,1.919,60.000
0.050,0.022,0.013,20.899,137833.812,5.927,60.000
0.052,0.003,0.013,23.231,84084.008,1.910,60.000
0.052,0.001,0.022,21.700,120873.727,1.842,60.000
0.056,0.001,0.020,20.259,110796.727,0.937,60.000
0.049,0.009,0.012,21.298,166493.000,5.322,60.000
0.050,0.026,0.012,19.807,161305.312,6.083,60.000
0.051,0.008,0.013,20.649,119863.492,4.966,60.000
0.054,0.001,0.022,20.432,115593.805,1.911,60.000
0.048,0.005,0.012,21.928,130256.727,3.928,60.000
0.050,0.001,0.007,26.501,46063.695,0.228,60.000
0.043,0.001,0.005,22.143,68680.461,1.584,60.000
0.051,0.001,0.006,22.099,115192.086,0.570,60.000
0.050,0.007,0.013,21.239,107883.273,4.003,60.000
0.096,0.012,0.012,19.380,114665.367,4.867,60.000
0.051,0.009,0.013,20.564,123119.914,5.278,60.000
0.041,0.000,0.007,20.726,20899.953,-0.856,60.000
0.050,0.012,0.011,20.111,99627.508,4.082,60.000
0.000,0.013,0.013,23.042,-36733.352,5.495,60.000
0.051,0.008,0.013,20.873,119321.070,4.889,60.000
0.050,0.019,0.010,18.518,102639.789,6.079,60.000
0.051,0.005,0.014,20.671,92824.852,2.860,60.000
0.050,0.005,0.009,22.511,84583.039,1.085,60.000
0.003,0.011,0.012,19.775,45887.523,6.173,60.000
0.002,0.010,0.012,19.816,38811.883,6.355,60.000
0.051,0.005,0.010,20.936,104169.992,2.317,60.000
0.052,0.005,0.014,19.306,105240.195,2.195,60.000
0.051,0.014,0.011,20.403,76130.102,5.367,60.000
0.056,0.001,0.006,20.903,113261.414,-0.346,60.000
0.048,0.008,0.012,21.707,161937.781,4.457,60.000
0.048,0.016,0.013,20.676,131875.344,5.816,60.000
0.047,0.001,0.014,30.739,24825.859,0.337,60.000
0.050,0.001,0.016,28.784,-5390.164,-0.243,60.000
0.051,0.005,0.013,21.346,93592.602,3.630,60.000
0.049,0.015,0.013,20.801,144797.688,6.108,60.000
0.098,0.012,0.011,18.744,107657.695,4.738,60.000
0.043,0.001,0.004,20.867,92529.836,1.458,60.000
0.051,0.002,0.017,23.051,112127.961,2.043,60.000
0.097,0.013,0.013,19.868,106190.133,4.349,60.000
0.050,0.015,0.012,20.303,139308.594,5.613,60.000
0.051,0.003,0.011,22.679,67502.898,2.595,60.000
0.058,0.001,0.008,23.355,107036.570,0.322,60.000
0.046,0.001,0.004,22.153,80756.680,0.644,60.000
0.052,0.001,0.003,19.948,113594.602,0.299,60.000
0.048,0.001,0.022,20.959,131961.594,1.406,60.000
0.049,0.008,0.012,21.754,177216.781,5.504,60.000
0.049,0.016,0.014,20.543,144170.031,6.326,60.000
0.053,0.001,0.002,21.969,7255.383,-0.837,60.000
0.052,0.010,0.012,19.596,96903.336,4.143,60.000
0.052,0.001,0.019,22.136,112166.961,2.059,60.000
0.049,0.021,0.012,20.535,144636.781,5.690,60.000
0.052,0.001,0.007,23.915,97129.836,0.953,60.000
0.045,0.001,0.006,24.327,26126.820,0.518,60.000
0.058,0.000,0.018,21.300,81496.211,2.330,60.000
0.100,0.013,0.013,27.277,-587.797,4.123,60.000
0.050,0.021,0.011,19.625,105693.523,6.231,60.000
0.049,0.002,0.014,23.054,131661.844,2.231,60.000
0.049,0.005,0.011,20.637,130528.883,2.503,60.000
0.050,0.018,0.010,19.020,103036.320,5.645,60.000
0.048,0.000,0.022,20.559,19647.258,-0.806,60.000
0.050,0.005,0.010,21.056,94095.633,1.564,60.000
0.052,0.007,0.013,21.042,88288.914,3.446,60.000
0.050,0.018,0.013,20.327,128026.055,7.243,60.000
0.053,0.000,0.014,31.038,-28.273,-0.174,60.000
0.048,0.001,0.011,28.950,7354.312,-0.224,60.000
0.049,0.018,0.013,19.572,131395.875,6.524,60.000
0.049,0.022,0.012,20.152,145608.000,5.819,60.000
0.049,0.013,0.013,21.220,156261.625,4.554,60.000
0.045,0.000,0.018,23.417,65318.398,1.732,60.000
0.046,0.000,0.014,31.778,-17903.945,0.735,60.000
0.052,0.002,0.007,24.005,92526.789,0.672,60.000
0.100,0.013,0.011,15.775,-7775.828,7.502,60.000
0.051,0.003,0.012,23.552,94176.930,3.397,60.000
0.048,0.012,0.010,21.492,93286.367,4.327,60.000
0.050,0.021,0.012,20.306,132826.875,5.872,60.000
0.052,0.018,0.013,20.816,102785.633,6.905,60.000
0.053,0.000,0.015,29.675,-83.578,1.989,60.000
0.049,0.001,0.017,26.868,2123.602,-0.623,60.000
0.054,0.000,0.009,26.656,-22603.906,0.424,60.000
0.049,0.013,0.012,21.021,139047.594,4.674,60.000
0.048,0.018,0.013,19.175,137090.281,6.398,60.000
0.049,0.004,0.012,22.561,105657.602,3.796,60.000
0.059,0.001,0.015,22.156,118599.102,-0.299,60.000
0.057,0.001,0.018,19.818,103144.914,0.335,60.000
0.048,0.006,0.014,21.301,112855.602,3.225,60.000
0.056,0.001,0.020,20.797,106326.352,0.797,60.000
0.049,0.020,0.012,20.553,130896.664,5.929,60.000
0.050,0.005,0.009,22.548,91140.711,1.160,60.000
0.051,0.024,0.012,19.724,142518.344,5.590,60.000
0.049,0.019,0.013,19.486,137343.156,6.634,60.000
0.050,0.002,0.009,24.472,80303.820,0.888,60.000
0.049,0.001,0.013,27.980,62332.305,2.195,60.000
0.049,0.018,0.012,19.737,134268.469,6.384,60.000
0.044,0.001,0.010,25.483,71824.727,-0.090,60.000
0.051,0.025,0.014,20.031,164344.000,5.813,60.000
0.051,0.001,0.015,26.155,117050.680,1.530,60.000
0.051,0.006,0.010,20.146,145649.844,2.951,60.000
0.048,0.000,0.017,26.417,32973.430,-1.872,60.000
0.051,0.020,0.013,20.184,103670.336,6.472,60.000
0.002,0.012,0.010,17.738,23680.742,7.279,60.000
0.100,0.013,0.011,16.570,10472.961,9.931,60.000
0.049,0.005,0.013,21.913,109738.023,3.243,60.000
0.042,0.001,0.009,23.260,99259.430,0.526,60.000
0.049,0.007,0.012,21.930,161146.969,5.392,60.000
0.051,0.001,0.022,22.784,47519.805,0.759,60.000
0.057,0.001,0.009,24.868,49705.398,-0.014,60.000
0.001,0.013,0.013,21.459,37427.836,5.228,60.000
0.057,0.001,0.018,20.239,102764.930,0.316,60.000
0.043,0.000,0.005,22.813,39836.867,0.046,60.000
0.049,0.024,0.013,20.270,166834.969,5.691,60.000
0.049,0.007,0.013,22.190,140271.375,5.053,60.000
0.050,0.018,0.014,20.132,146554.719,7.296,60.000
0.040,0.000,0.011,26.254,-13569.828,1.456,60.000
0.043,0.001,0.015,22.473,122533.195,0.347,60.000
0.049,0.007,0.013,21.712,133502.438,4.224,60.000
0.051,0.026,0.010,20.738,90676.242,4.525,60.000
0.044,0.000,0.014,28.026,9667.539,-1.440,60.000
0.051,0.026,0.010,21.299,114170.305,5.584,60.000
0.057,0.000,0.007,20.809,17394.062,-1.519,60.000
0.048,0.001,0.005,22.623,97642.898,0.831,60.000
0.047,0.001,0.008,23.258,101818.133,0.922,60.000
0.056,0.000,0.019,25.657,-33106.812,1.293,60.000
0.046,0.001,0.019,20.185,131572.344,1.288,60.000
0.099,0.013,0.011,18.769,102140.664,5.069,60.000
0.057,0.000,0.009,23.600,-20661.266,1.283,60.000
0.050,0.001,0.014,31.640,3505.406,0.823,60.000
0.051,0.004,0.012,21.683,95831.570,3.627,60.000
0.047,0.001,0.015,24.985,150935.094,1.673,60.000
0.051,0.001,0.009,25.588,73072.320,0.432,60.000
0.056,0.001,0.014,25.224,108394.648,0.637,60.000
0.049,0.008,0.013,20.876,144111.375,5.236,60.000
0.048,0.000,0.012,34.456,-11803.602,0.866,60.000
0.050,0.001,0.003,20.398,106255.133,0.403,60.000
0.049,0.005,0.012,22.330,121049.211,4.151,60.000
0.045,0.001,0.005,22.131,89799.070,0.904,60.000
0.050,0.001,0.016,24.493,133270.656,1.810,60.000
0.049,0.027,0.010,23.457,265301.344,11.784,60.000
0.049,0.016,0.011,20.346,118675.742,6.483,60.000
0.056,0.001,0.007,23.759,60208.867,-0.178,60.000
0.051,0.010,0.010,19.244,107788.680,3.384,60.000
0.045,0.001,0.013,23.537,123957.992,2.044,60.000
0.052,0.019,0.013,20.403,101045.680,6.631,60.000
0.060,0.001,0.012,22.019,105145.602,-0.848,60.000
0.051,0.026,0.013,19.755,167859.844,5.596,60.000
0.057,0.001,0.007,23.961,84827.320,0.111,60.000
0.052,0.003,0.013,22.709,83296.680,2.495,60.000
0.051,0.001,0.009,29.470,-15709.922,-0.616,60.000
0.053,0.000,0.015,29.959,88004.883,0.209,60.000
0.052,0.001,0.005,20.776,119603.117,0.461,60.000
0.041,0.001,0.010,22.445,86909.273,-0.085,60.000
0.052,0.016,0.010,19.528,92112.773,5.878,60.000
0.098,0.014,0.012,19.893,101395.008,5.222,60.000
0.055,0.001,0.017,25.827,5496.719,-0.529,60.000
0.048,0.022,0.013,20.632,154654.906,5.545,60.000
0.050,0.018,0.010,19.303,102352.148,5.766,60.000
0.048,0.000,0.011,34.788,-6924.703,2.947,60.000
0.052,0.000,0.002,21.040,-27005.336,-0.919,60.000
0.056,0.001,0.018,20.122,96575.102,0.430,60.000
0.051,0.025,0.013,19.639,165594.938,5.536,60.000
0.050,0.000,0.008,29.513,-34857.039,0.899,60.000
0.043,0.001,0.010,22.479,111214.180,0.172,60.000
0.049,0.023,0.011,21.314,134300.781,6.717,60.000
0.048,0.014,0.013,20.927,160788.844,5.201,60.000
0.049,0.006,0.010,21.373,110204.586,1.880,60.000
0.049,0.001,0.006,24.024,103154.367,0.727,60.000
0.058,0.001,0.012,20.978,130433.883,0.054,60.000
0.051,0.001,0.019,23.997,88575.852,1.617,60.000
0.055,0.001,0.019,22.391,62728.633,0.407,60.000
0.050,0.021,0.014,20.025,125245.680,6.507,60.000
0.052,0.002,0.008,23.994,89473.195,0.497,60.000
0.049,0.021,0.011,20.387,130799.680,6.305,60.000
0.049,0.022,0.011,20.706,132685.906,6.870,60.000
0.050,0.020,0.012,20.153,123024.164,6.020,60.000
0.048,0.000,0.016,27.657,23519.117,-0.348,60.000
0.060,0.000,0.011,22.152,48098.492,0.638,60.000
0.052,0.010,0.013,19.877,91858.070,4.045,60.000
0.051,0.009,0.012,20.522,123321.227,5.218,60.000
0.042,0.001,0.013,19.263,75547.523,-0.658,60.000
0.048,0.012,0.013,21.449,155109.344,3.834,60.000
0.044,0.001,0.009,22.256,106821.039,0.524,60.000
0.049,0.015,0.012,21.046,107846.992,5.663,60.000
0.050,0.000,0.004,22.220,15882.984,0.091,60.000
0.044,0.001,0.005,22.963,71080.320,1.071,60.000
0.098,0.013,0.011,19.357,107306.211,5.494,60.000
0.055,0.000,0.015,27.867,36425.789,1.468,60.000
0.055,0.000,0.017,21.954,43573.852,-0.327,60.000
0.058,0.001,0.006,24.694,-60312.598,-0.799,60.000
0.047,0.000,0.013,33.373,-43720.508,0.192,60.000
0.052,0.002,0.014,24.000,85726.914,1.607,60.000
0.052,0.000,0.006,23.904,16687.734,0.223,60.000
0.052,0.010,0.012,20.351,108397.430,4.732,60.000
0.053,0.000,0.015,27.265,-32028.906,-1.046,60.000
0.046,0.000,0.014,31.363,-19659.219,0.950,60.000
0.051,0.021,0.014,20.055,112832.602,6.481,60.000
0.057,0.000,0.014,27.994,34751.648,-0.028,60.000
0.050,0.026,0.013,19.854,181945.562,5.754,60.000
0.040,0.001,0.011,21.792,64610.320,-0.381,60.000
0.059,0.001,0.018,20.039,109180.680,0.159,60.000
0.054,0.002,0.015,22.375,89483.414,0.663,60.000
0.051,0.004,0.010,21.943,75578.555,1.181,60.000
0.046,0.001,0.013,30.991,-12885.531,0.011,60.000
0.049,0.000,0.005,25.581,-6262.281,-0.059,60.000
0.050,0.023,0.013,20.648,143659.312,5.669,60.000
0.052,0.025,0.011,20.569,110131.617,5.590,60.000
0.057,0.001,0.018,19.961,101993.305,0.348,60.000
0.051,0.002,0.015,22.290,116381.227,1.971,60.000
0.053,0.002,0.009,24.692,78596.195,0.551,60.000
0.045,0.000,0.021,21.735,-763.953,-0.963,60.000
0.053,0.001,0.009,24.658,79895.117,0.590,60.000
0.052,0.013,0.012,20.957,107579.102,3.782,60.000
0.044,0.001,0.017,18.552,142578.312,0.835,60.000
0.041,0.000,0.011,22.975,-112001.820,-1.626,60.000
0.051,0.023,0.013,20.493,130040.398,5.750,60.000
0.049,0.001,0.003,20.976,103379.992,0.826,60.000
0.051,0.004,0.012,22.113,103677.023,3.982,60.000
0.050,0.008,0.014,20.371,105112.789,4.304,60.000
0.052,0.013,0.012,20.550,102000.023,3.741,60.000
0.045,0.001,0.018,20.752,132036.406,0.558,60.000
0.044,0.002,0.013,21.530,103404.820,1.114,60.000
0.050,0.014,0.011,20.916,86563.289,5.332,60.000
0.048,0.007,0.012,21.870,157753.469,4.784,60.000
0.043,0.001,0.012,25.159,29272.758,-1.285,60.000
0.052,0.001,0.001,20.564,94192.383,0.036,60.000
0.051,0.023,0.013,20.523,133389.219,5.922,60.000
0.050,0.012,0.009,20.609,67503.977,4.239,60.000
0.045,0.002,0.007,21.548,84528.570,0.592,60.000
0.059,0.000,0.013,25.809,66326.055,-0.991,60.000
0.049,0.010,0.014,21.347,146943.000,4.455,60.000
0.049,0.006,0.012,22.403,136654.438,4.861,60.000
0.046,0.002,0.007,22.166,90478.773,0.783,60.000
0.052,0.022,0.013,20.380,128222.398,5.673,60.000
0.042,0.000,0.017,23.881,-29236.094,-1.428,60.000
0.048,0.024,0.013,20.150,160996.750,5.621,60.000
0.048,0.024,0.012,20.235,151986.938,5.896,60.000
0.050,0.018,0.013,20.059,132715.219,7.096,60.000
0.051,0.006,0.010,20.170,127471.180,2.010,60.000
0.050,0.000,0.013,30.276,43653.477,0.280,60.000
0.041,0.001,0.005,21.735,93353.555,2.276,60.000
0.055,0.001,0.010,24.654,70197.508,0.825,60.000
0.050,0.018,0.014,20.167,138806.125,7.357,60.000
0.059,0.000,0.012,25.802,-28383.273,0.249,60.000
0.049,0.024,0.012,20.060,161888.875,5.792,60.000
0.049,0.005,0.011,21.013,142078.656,3.813,60.000
0.051,0.010,0.013,20.058,97627.648,4.302,60.000
0.047,0.001,0.017,24.201,112090.758,0.697,60.000
0.049,0.025,0.012,20.382,150952.625,6.450,60.000
0.050,0.012,0.014,23.415,146241.500,3.637,60.000
0.056,0.001,0.017,24.037,48605.102,-0.399,60.000
0.051,0.020,0.014,19.960,125218.414,6.974,60.000
0.051,0.023,0.010,20.417,106326.914,5.940,60.000
0.048,0.010,0.010,21.819,106496.633,3.392,60.000
0.098,0.011,0.011,19.142,113599.336,4.537,60.000
0.058,0.001,0.014,22.062,120878.227,-0.039,60.000
0.050,0.010,0.013,20.395,137640.594,4.976,60.000
0.052,0.020,0.011,19.012,111461.836,5.694,60.000
0.057,0.001,0.006,22.638,97556.727,-0.061,60.000
0.050,0.027,0.011,21.105,135750.688,3.721,60.000
0.044,0.001,0.015,22.884,137773.656,0.797,60.000
0.054,0.002,0.014,23.263,92513.164,0.973,60.000
0.051,0.006,0.009,20.550,114490.414,1.525,60.000
0.052,0.016,0.012,20.068,107583.461,5.953,60.000
0.042,0.001,0.011,25.051,49448.555,-0.901,60.000
0.052,0.001,0.002,21.684,93039.383,0.239,60.000
0.054,0.001,0.013,23.685,95699.523,1.519,60.000
0.050,0.022,0.012,20.154,136546.781,5.688,60.000
0.049,0.000,0.012,28.511,39619.555,0.262,60.000
0.050,0.018,0.014,20.024,146677.625,7.251,60.000
0.054,0.001,0.006,22.886,98892.414,-0.020,60.000
0.049,0.014,0.014,21.676,165246.719,5.349,60.000
0.048,0.019,0.011,20.208,136316.656,6.244,60.000
0.052,0.021,0.013,20.152,101985.633,6.566,60.000
0.051,0.001,0.008,26.854,41103.492,-0.004,60.000
0.051,0.001,0.015,25.555,112770.289,1.549,60.000
0.051,0.021,0.011,19.698,114043.680,5.902,60.000
0.052,0.012,0.011,19.270,90622.195,3.798,60.000
0.050,0.017,0.011,19.929,112823.211,6.443,60.000
0.049,0.018,0.013,19.821,133266.438,6.855,60.000
0.051,0.001,0.014,26.341,103046.305,1.575,60.000
0.046,0.001,0.014,25.022,130890.945,2.331,60.000
0.046,0.001,0.002,21.571,75992.711,0.625,60.000
0.052,0.006,0.012,20.706,97246.367,3.939,60.000
0.054,0.000,0.008,26.546,-31879.633,-0.337,60.000
0.049,0.009,0.010,21.452,131887.562,3.513,60.000
0.051,0.011,0.010,19.021,84532.039,3.734,60.000
0.049,0.008,0.012,21.419,171129.219,5.242,60.000
0.049,0.006,0.010,22.075,100026.617,1.514,60.000
0.098,0.013,0.011,18.980,100135.898,5.079,60.000
0.041,0.001,0.006,21.496,46591.727,0.794,60.000
0.041,0.001,0.016,20.390,21539.445,-3.233,60.000
0.048,0.014,0.013,21.115,138353.219,5.102,60.000
0.051,0.008,0.015,20.092,97935.461,3.027,60.000
0.057,0.001,0.014,22.658,115111.711,0.157,60.000
0.050,0.009,0.013,20.393,137481.844,5.360,60.000
0.048,0.016,0.012,20.026,121446.992,6.084,60.000
0.048,0.013,0.011,21.470,111903.680,4.639,60.000
0.045,0.000,0.005,23.042,21488.461,0.707,60.000
0.050,0.013,0.012,21.149,137817.562,4.261,60.000
0.043,0.001,0.007,21.159,88054.570,0.470,60.000
0.099,0.013,0.012,20.259,112299.742,4.987,60.000
0.048,0.000,0.021,20.765,-18787.031,-1.171,60.000
0.043,0.000,0.014,25.225,43746.930,-1.053,60.000
0.050,0.005,0.014,20.830,101218.148,2.856,60.000
0.052,0.022,0.011,19.481,116141.086,5.436,60.000
0.002,0.010,0.012,19.807,38904.242,6.311,60.000
0.041,0.000,0.013,24.577,-80771.586,-0.047,60.000
0.049,0.019,0.011,20.235,132222.094,6.310,60.000
0.043,0.000,0.019,20.591,-46390.906,-1.584,60.000
0.041,0.001,0.018,18.203,100847.711,-0.165,60.000
0.049,0.000,0.015,30.730,39880.867,0.940,60.000
0.057,0.002,0.015,22.244,104909.930,0.201,60.000
0.050,0.007,0.014,20.459,105002.711,3.135,60.000
0.048,0.012,0.013,21.280,143489.031,3.892,60.000
0.050,0.008,0.011,20.489,145768.812,4.116,60.000
0.045,0.001,0.021,21.248,124687.633,1.228,60.000
0.050,0.006,0.010,21.005,123636.414,1.961,60.000
0.053,0.002,0.010,23.717,50919.414,2.192,60.000
0.051,0.007,0.010,19.000,137120.188,2.622,60.000
0.048,0.000,0.013,33.420,-3917.586,1.720,60.000
0.049,0.008,0.014,20.505,119128.898,4.311,60.000
0.051,0.027,0.012,15.386,35614.648,1.008,60.000
0.051,0.006,0.011,19.912,132416.625,3.252,60.000
0.049,0.001,0.020,22.717,98522.680,1.207,60.000
0.041,0.000,0.017,19.945,-62449.219,-2.540,60.000
0.051,0.003,0.013,23.115,85141.773,2.977,60.000
0.057,0.001,0.009,26.593,-49421.266,-0.932,60.000
0.049,0.025,0.010,22.141,141376.844,6.588,60.000
0.050,0.000,0.006,24.032,-39310.828,-0.275,60.000
0.048,0.006,0.011,21.199,153426.219,3.134,60.000
0.050,0.019,0.014,19.996,138926.094,7.090,60.000
0.049,0.022,0.012,20.095,132498.219,5.961,60.000
0.051,0.016,0.013,21.277,118175.258,6.237,60.000
0.050,0.008,0.014,20.243,113415.352,4.495,60.000
0.048,0.003,0.013,22.894,126874.805,2.737,60.000
0.051,0.025,0.012,19.798,160481.469,5.763,60.000
0.051,0.026,0.014,20.024,169927.562,5.795,60.000
0.048,0.024,0.013,20.230,159967.781,5.565,60.000
0.050,0.001,0.001,22.023,6386.945,-0.442,60.000
0.047,0.002,0.008,23.075,98704.164,0.832,60.000
0.042,0.001,0.016,18.911,90832.523,-0.350,60.000
0.051,0.018,0.011,18.932,99724.133,5.732,60.000
0.002,0.010,0.011,19.126,26921.336,6.597,60.000
0.098,0.010,0.011,19.678,119063.133,4.797,60.000
0.049,0.017,0.013,19.797,135972.938,6.539,60.000
0.001,0.013,0.013,20.219,64806.602,5.940,60.000
0.047,0.000,0.005,22.285,89615.164,0.951,60.000
0.052,0.010,0.011,19.254,108713.180,3.830,60.000
0.047,0.002,0.008,23.297,101412.508,0.999,60.000
0.051,0.005,0.012,21.363,104277.961,3.837,60.000
0.049,0.015,0.013,20.717,149307.375,5.533,60.000
0.043,0.001,0.013,20.913,86742.836,0.384,60.000
0.049,0.000,0.008,29.085,-62405.438,0.435,60.000
0.050,0.001,0.019,24.030,90047.211,1.604,60.000
0.050,0.012,0.014,23.000,148835.594,3.834,60.000
0.052,0.001,0.007,27.087,29787.367,-0.143,60.000
0.061,0.000,0.012,20.573,124935.445,1.366,60.000
0.051,0.005,0.010,20.266,98611.727,1.834,60.000
0.046,0.000,0.009,31.014,-26925.930,1.641,60.000
0.052,0.004,0.010,22.244,59749.727,2.606,60.000
0.050,0.025,0.013,19.968,169104.750,5.609,60.000
0.053,0.001,0.011,30.384,-53675.941,1.087,60.000
0.051,0.001,0.005,21.687,111636.945,0.365,60.000
0.050,0.003,0.011,22.793,74360.133,2.854,60.000
0.048,0.000,0.017,28.216,24413.492,-0.739,60.000
0.044,0.001,0.006,21.858,77050.180,0.627,60.000
0.052,0.004,0.013,21.162,88452.711,3.221,60.000
0.057,0.001,0.006,22.089,72228.758,-0.187,60.000
0.049,0.025,0.011,21.526,130712.195,6.237,60.000
0.052,0.019,0.011,19.071,103590.117,5.818,60.000
0.046,0.000,0.015,26.419,93992.820,1.733,60.000
0.044,0.000,0.017,22.474,-26517.883,-1.973,60.000
0.046,0.001,0.006,22.202,88899.289,0.743,60.000
0.045,0.000,0.014,29.570,-45611.242,-0.429,60.000
0.049,0.021,0.012,20.638,145463.344,5.937,60.000
0.098,0.012,0.011,18.722,107401.773,4.815,60.000
0.055,0.001,0.009,26.119,36899.102,-0.079,60.000
0.050,0.001,0.023,22.976,7974.906,0.330,60.000
0.051,0.024,0.013,20.098,152374.844,5.560,60.000
0.045,0.001,0.003,21.150,85003.227,0.912,60.000
0.056,0.001,0.017,24.490,20409.461,-1.016,60.000
0.058,0.001,0.005,22.010,123801.773,-0.016,60.000
0.042,0.000,0.018,17.734,11508.891,-0.405,60.000
0.050,0.003,0.014,21.451,122114.508,2.567,60.000
0.050,0.007,0.014,20.720,102875.367,3.702,60.000
0.050,0.025,0.012,19.779,153886.844,5.858,60.000
0.051,0.020,0.013,20.099,104978.227,6.187,60.000
0.049,0.010,0.011,20.842,135119.875,4.444,60.000
0.002,0.013,0.013,20.320,77731.898,5.403,60.000
0.051,0.015,0.012,20.193,124699.602,5.210,60.000
0.002,0.010,0.013,20.758,58253.930,5.861,60.000
0.047,0.001,0.010,23.289,108851.430,1.397,60.000
0.049,0.006,0.013,21.515,117563.195,3.793,60.000
0.051,0.006,0.010,19.798,131430.219,2.276,60.000
0.051,0.006,0.010,20.974,97012.945,1.333,60.000
0.055,0.001,0.011,27.102,-255.797,1.255,60.000
0.056,0.000,0.013,28.022,59087.523,0.267,60.000
0.052,0.000,0.008,25.647,-11536.586,-0.600,60.000
0.050,0.018,0.013,20.317,120935.055,7.197,60.000
0.057,0.001,0.011,19.949,125784.367,0.610,60.000
0.049,0.011,0.013,20.575,144370.500,4.244,60.000
0.045,0.002,0.010,22.204,108592.086,0.816,60.000
0.050,0.004,0.014,20.900,115316.945,2.506,60.000
0.051,0.026,0.010,21.179,114296.133,5.660,60.000
0.002,0.013,0.012,19.172,61070.133,6.195,60.000
0.052,0.011,0.013,20.090,92887.664,3.654,60.000
0.052,0.014,0.011,19.957,109597.445,3.782,60.000
0.049,0.023,0.013,20.322,157961.625,5.588,60.000
0.098,0.010,0.011,19.598,123866.430,4.669,60.000
0.048,0.002,0.013,23.332,129696.773,2.911,60.000
0.051,0.023,0.011,19.652,123412.977,5.674,60.000
0.052,0.008,0.012,21.241,132252.219,5.168,60.000
0.051,0.013,0.011,20.487,98205.805,4.482,60.000
0.050,0.011,0.013,21.148,147808.688,4.313,60.000
0.052,0.011,0.013,20.896,102887.070,3.715,60.000
0.051,0.009,0.013,20.058,110996.039,4.562,60.000
0.000,0.013,0.012,18.495,28821.508,8.508,60.000
0.050,0.011,0.010,20.546,92482.430,4.174,60.000
0.049,0.011,0.014,22.061,158041.188,4.193,60.000
0.048,0.027,0.013,16.519,65717.930,1.608,60.000
0.044,0.001,0.011,25.260,67953.430,-0.277,60.000
0.051,0.005,0.012,21.761,109213.227,4.373,60.000
0.054,0.001,0.008,23.818,86990.586,0.456,60.000
0.050,0.004,0.012,21.766,108116.273,3.669,60.000
0.049,0.009,0.011,21.304,152520.562,4.633,60.000
0.045,0.001,0.019,20.481,123929.680,0.778,60.000
0.043,0.001,0.020,21.544,4093.570,-1.294,60.000
0.049,0.000,0.007,27.136,-11467.344,-0.547,60.000
0.052,0.003,0.012,22.815,77787.961,3.051,60.000
0.051,0.010,0.010,18.940,87946.336,3.513,60.000
0.048,0.000,0.019,23.623,14190.133,-0.411,60.000
0.042,0.001,0.008,21.547,106789.383,0.394,60.000
0.044,0.000,0.008,25.558,-58388.398,-1.415,60.000
0.058,0.001,0.012,20.742,140351.156,0.210,60.000
0.051,0.000,0.007,26.876,-12967.250,-0.311,60.000
0.041,0.001,0.017,20.311,16587.617,-3.315,60.000
0.049,0.020,0.013,20.205,135926.125,6.349,60.000
0.049,0.014,0.013,21.123,153528.812,5.061,60.000
0.057,0.000,0.015,26.010,16916.922,0.923,60.000
0.050,0.003,0.012,22.512,106744.836,3.535,60.000
0.050,0.024,0.012,20.025,144567.125,5.929,60.000
0.049,0.010,0.012,20.443,144607.594,4.763,60.000
0.043,0.001,0.019,19.681,115923.211,0.470,60.000
0.055,0.000,0.007,25.500,-53136.453,-0.231,60.000
0.052,0.006,0.013,19.914,83790.648,2.723,60.000
0.055,0.000,0.013,27.362,48487.273,1.436,60.000
0.046,0.002,0.014,23.564,152252.250,2.114,60.000
0.050,0.020,0.013,19.978,126113.648,6.831,60.000
0.049,0.001,0.010,25.344,60979.430,0.938,60.000
0.051,0.009,0.012,20.627,123580.148,4.898,60.000
0.051,0.000,0.011,28.229,55676.023,1.893,60.000
0.054,0.001,0.013,23.772,96847.461,1.858,60.000
0.049,0.024,0.010,21.169,127709.664,6.268,60.000
0.052,0.025,0.011,20.082,115434.773,5.658,60.000
0.056,0.000,0.019,22.252,15762.273,-0.218,60.000
0.053,0.001,0.002,20.455,112294.211,0.389,60.000
0.051,0.001,0.017,25.997,113639.789,1.807,60.000
0.049,0.021,0.011,20.234,126028.008,6.578,60.000
0.051,0.001,0.013,28.764,90137.711,2.159,60.000
0.044,0.001,0.013,23.911,88499.555,0.669,60.000
0.050,0.000,0.014,32.489,6109.383,-0.810,60.000
0.050,0.000,0.015,28.340,980.789,-0.464,60.000
0.056,0.000,0.011,26.425,38763.320,-0.559,60.000
0.059,0.000,0.017,21.206,20233.086,-0.482,60.000
0.042,0.000,0.008,22.716,49781.227,1.790,60.000
0.051,0.001,0.019,22.575,115798.352,2.157,60.000
0.048,0.009,0.014,20.656,142397.656,4.479,60.000
0.055,0.000,0.009,26.161,-6523.688,-0.209,60.000
0.049,0.000,0.010,32.041,-2914.984,2.630,60.000
0.042,0.001,0.009,22.684,95411.523,0.490,60.000
0.098,0.010,0.013,20.607,136040.125,4.703,60.000
0.047,0.001,0.016,28.071,27613.336,-0.520,60.000
0.051,0.020,0.014,20.132,122454.352,7.018,60.000
0.052,0.024,0.011,19.988,114726.648,5.641,60.000
0.051,0.004,0.013,21.592,86741.352,2.914,60.000
0.052,0.001,0.012,27.106,39928.617,2.191,60.000
0.045,0.000,0.021,21.180,-3876.641,-1.285,60.000
0.052,0.000,0.019,21.027,51802.508,0.047,60.000
0.046,0.001,0.017,21.945,152293.562,1.364,60.000
0.002,0.010,0.011,18.978,27276.445,6.662,60.000
0.045,0.001,0.014,26.137,106304.055,1.154,60.000
0.048,0.015,0.014,20.895,151989.500,5.843,60.000
0.048,0.008,0.013,20.637,143839.094,4.709,60.000
0.055,0.000,0.009,28.829,-25743.398,0.413,60.000
0.056,0.001,0.007,23.335,107648.492,0.253,60.000
0.058,0.001,0.017,21.728,101919.305,0.306,60.000
0.044,0.000,0.009,28.266,-1026.516,2.592,60.000
0.051,0.025,0.012,19.684,160700.281,5.551,60.000
0.043,0.001,0.006,23.403,-21362.508,0.386,60.000
0.047,0.000,0.007,27.973,-29115.109,1.521,60.000
0.052,0.020,0.013,20.237,103067.477,6.358,60.000
0.049,0.004,0.012,22.376,114586.570,3.431,60.000
0.052,0.003,0.013,22.729,84168.492,2.796,60.000
0.041,0.001,0.009,21.408,96780.023,-0.022,60.000
0.057,0.000,0.011,24.879,78530.164,-0.292,60.000
0.049,0.021,0.010,20.005,116490.414,6.511,60.000
0.003,0.012,0.013,20.317,59919.055,5.686,60.000
0.042,0.001,0.009,23.375,58595.867,-0.292,60.000
0.055,0.001,0.018,21.019,97901.461,0.787,60.000
0.053,0.001,0.003,21.052,84612.648,-0.044,60.000
0.056,0.001,0.012,29.787,-62139.125,-0.354,60.000
0.050,0.002,0.016,23.234,127912.305,1.993,60.000
0.045,0.002,0.007,22.494,91628.227,0.922,60.000
0.050,0.013,0.010,20.523,69847.320,4.762,60.000
0.055,0.001,0.005,23.265,-29458.594,-1.049,60.000
0.098,0.012,0.014,20.293,139687.125,3.609,60.000
0.048,0.024,0.013,20.237,157790.312,5.653,60.000
0.051,0.016,0.011,19.794,100410.867,6.397,60.000
0.051,0.001,0.008,24.784,99140.055,0.707,60.000
0.098,0.013,0.012,19.357,105761.820,5.266,60.000
0.049,0.010,0.012,20.193,135192.062,4.386,60.000
0.049,0.005,0.012,21.604,134180.031,4.378,60.000
0.051,0.001,0.018,24.392,116460.773,2.020,60.000
0.050,0.000,0.018,25.415,18087.523,-0.347,60.000
0.051,0.001,0.023,21.216,45149.977,1.172,60.000
0.058,0.001,0.013,24.172,88961.164,-0.304,60.000
0.055,0.001,0.014,24.458,110357.523,1.106,60.000
0.051,0.004,0.014,20.471,108085.602,2.437,60.000
0.056,0.001,0.013,22.564,114797.336,0.988,60.000
0.050,0.026,0.012,20.139,156741.625,6.369,60.000
0.051,0.026,0.011,21.060,116019.570,5.649,60.000
0.051,0.023,0.014,20.487,138767.094,5.916,60.000
0.050,0.000,0.016,30.177,33078.430,-1.459,60.000
0.047,0.001,0.005,23.222,84428.008,0.715,60.000
0.048,0.016,0.012,20.472,120051.539,5.976,60.000
0.099,0.012,0.013,21.184,127501.117,4.279,60.000
0.051,0.000,0.002,23.403,-19447.359,-0.520,60.000
0.049,0.010,0.011,20.643,117258.133,3.962,60.000
0.056,0.000,0.010,25.566,-34682.266,0.481,60.000
0.048,0.019,0.012,20.361,139795.656,6.087,60.000
0.100,0.012,0.011,16.748,-14546.000,10.100,60.000
0.052,0.013,0.012,21.568,120064.977,4.103,60.000
0.055,0.000,0.019,25.184,40355.445,3.220,60.000
0.059,0.001,0.007,25.353,-17109.172,-0.299,60.000
0.057,0.000,0.017,22.023,5054.219,-1.099,60.000
0.054,0.000,0.015,29.576,33846.977,1.108,60.000
0.049,0.002,0.014,23.381,113235.648,2.564,60.000
0.051,0.001,0.010,25.908,52930.258,0.869,60.000
0.049,0.018,0.011,20.019,130399.523,6.376,60.000
0.047,0.000,0.007,25.748,-6057.172,-0.711,60.000
0.048,0.021,0.013,20.296,141896.219,5.977,60.000
0.048,0.024,0.011,21.372,140369.719,6.810,60.000
0.050,0.004,0.011,21.704,100217.398,3.416,60.000
0.050,0.021,0.013,20.720,131874.719,6.054,60.000
0.049,0.017,0.013,19.722,133188.438,6.647,60.000
0.051,0.000,0.015,27.123,38259.367,0.796,60.000
0.053,0.002,0.007,23.359,96567.367,0.488,60.000
0.051,0.002,0.013,24.236,85866.133,2.517,60.000
0.050,0.015,0.011,20.729,93206.727,6.140,60.000
0.051,0.002,0.016,23.032,119206.727,1.850,60.000
0.050,0.021,0.011,19.849,109654.414,6.310,60.000
0.048,0.006,0.014,21.278,103799.242,2.722,60.000
0.049,0.002,0.017,23.146,141145.688,2.013,60.000
0.043,0.000,0.018,19.758,26148.242,-1.510,60.000
0.051,0.006,0.015,19.806,91039.555,2.189,60.000
0.043,0.001,0.011,25.427,37792.461,-1.277,60.000
0.002,0.010,0.012,19.896,42567.102,6.029,60.000
0.056,0.002,0.016,21.388,94412.570,0.270,60.000
0.045,0.001,0.005,23.720,31712.023,0.716,60.000
0.060,0.000,0.011,21.327,41274.664,1.282,60.000
0.040,0.001,0.013,19.173,44470.117,-1.665,60.000
0.045,0.000,0.004,21.825,21059.359,-0.411,60.000
0.050,0.002,0.010,24.375,57604.461,1.223,60.000
0.050,0.012,0.010,20.434,73249.180,4.623,60.000
0.052,0.017,0.012,19.667,98314.555,5.970,60.000
0.051,0.004,0.015,20.450,116259.305,2.436,60.000
0.054,0.002,0.007,22.356,101862.883,0.260,60.000
0.051,0.007,0.013,21.154,102435.008,4.124,60.000
0.052,0.007,0.011,20.123,113891.727,3.859,60.000
0.041,0.000,0.014,23.072,-39647.367,-4.018,60.000
0.052,0.000,0.005,25.254,-32452.156,0.398,60.000
0.048,0.000,0.019,21.301,72526.180,1.017,60.000
0.052,0.001,0.019,24.650,55875.430,0.929,60.000
0.002,0.011,0.011,19.088,29575.117,6.667,60.000
0.048,0.001,0.015,23.803,159925.406,2.439,60.000
0.040,0.000,0.009,22.314,-47767.227,-1.686,60.000
0.044,0.000,0.020,20.609,-79699.094,-3.850,60.000
0.043,0.000,0.014,24.825,1487.969,-1.439,60.000
0.051,0.021,0.012,19.816,118311.836,5.871,60.000
0.051,0.012,0.012,20.426,118233.602,4.069,60.000
0.056,0.000,0.011,30.972,33726.117,1.522,60.000
0.048,0.013,0.013,21.146,153792.094,4.407,60.000
0.052,0.001,0.023,21.082,122338.711,1.983,60.000
0.051,0.016,0.012,20.383,120178.289,5.972,60.000
0.050,0.002,0.009,24.546,63374.664,0.888,60.000
0.042,0.001,0.012,23.382,77675.195,-0.529,60.000
0.052,0.021,0.012,20.015,112925.789,5.866,60.000
0.048,0.001,0.022,22.313,-7823.711,-0.645,60.000
0.055,0.001,0.011,27.320,40921.023,1.053,60.000
0.001,0.012,0.012,19.741,59127.383,6.125,60.000
0.053,0.000,0.002,19.514,22111.297,-1.925,60.000
0.042,0.001,0.006,21.000,85636.055,0.967,60.000
0.050,0.012,0.013,20.693,129142.367,4.279,60.000
0.052,0.021,0.013,20.157,95460.820,6.129,60.000
0.046,0.001,0.002,21.061,20397.203,0.583,60.000
0.043,0.001,0.012,23.430,85740.180,-0.239,60.000
0.052,0.024,0.012,19.559,140007.250,5.132,60.000
0.043,0.001,0.012,21.306,92650.758,-0.209,60.000
0.049,0.015,0.011,20.975,100724.242,5.850,60.000
0.050,0.024,0.010,20.836,115882.070,5.721,60.000
0.049,0.020,0.014,19.497,137058.344,6.468,60.000
0.051,0.006,0.012,21.803,132779.250,5.108,60.000
0.044,0.001,0.020,21.872,34781.008,-0.448,60.000
0.048,0.001,0.020,20.835,127676.961,1.461,60.000
0.044,0.000,0.013,28.518,4691.758,-0.610,60.000
0.044,0.001,0.006,22.968,12993.336,0.635,60.000
0.048,0.027,0.012,17.756,104465.602,5.516,60.000
0.049,0.010,0.013,20.417,157869.750,4.796,60.000
0.049,0.011,0.011,20.827,105872.930,4.134,60.000
0.043,0.001,0.017,21.611,16844.648,-2.341,60.000
0.050,0.019,0.013,20.101,130381.727,7.167,60.000
0.055,0.000,0.015,26.773,50066.961,0.283,60.000
0.047,0.001,0.013,23.687,125113.039,2.296,60.000
0.052,0.022,0.012,20.231,127221.383,5.552,60.000
0.051,0.000,0.019,21.665,19736.773,-1.297,60.000
0.060,0.000,0.011,18.621,74309.914,-0.862,60.000
0.053,0.001,0.005,21.972,102444.148,-0.070,60.000
0.052,0.017,0.011,19.158,96937.695,6.024,60.000
0.047,0.001,0.014,28.227,63115.742,1.131,60.000
0.051,0.006,0.009,20.872,113550.273,1.576,60.000
0.050,0.011,0.010,20.359,97142.570,4.225,60.000
0.049,0.001,0.004,23.183,4510.164,-0.198,60.000
0.050,0.009,0.010,21.089,108903.008,3.325,60.000
0.041,0.001,0.010,23.450,75957.711,0.204,60.000
0.059,0.001,0.018,20.225,108826.961,0.213,60.000
0.048,0.023,0.013,20.637,158457.844,5.541,60.000
0.046,0.001,0.008,24.038,96536.977,0.714,60.000
0.053,0.001,0.004,19.208,121514.602,0.131,60.000
0.058,0.001,0.015,21.987,113166.977,0.031,60.000
0.053,0.001,0.006,24.768,7140.938,-0.809,60.000
0.051,0.005,0.010,20.878,88735.586,1.323,60.000
0.050,0.021,0.014,19.957,127163.742,6.485,60.000
0.058,0.001,0.008,23.536,99871.352,0.145,60.000
0.050,0.007,0.011,21.539,165009.562,5.097,60.000
0.048,0.001,0.010,24.260,78662.273,1.274,60.000
0.056,0.001,0.010,24.755,69721.164,0.093,60.000
0.045,0.001,0.011,22.777,108996.508,1.160,60.000
0.047,0.001,0.017,21.389,158610.719,1.788,60.000
0.043,0.001,0.006,23.240,64683.180,0.715,60.000
0.042,0.000,0.017,23.022,-31265.562,-2.631,60.000
0.052,0.008,0.011,18.860,132324.281,3.288,60.000
0.050,0.001,0.016,23.475,129740.898,1.964,60.000
0.040,0.001,0.009,21.736,83524.055,0.099,60.000
0.047,0.001,0.007,23.286,102478.383,0.750,60.000
0.049,0.002,0.018,22.380,130631.711,2.024,60.000
0.049,0.010,0.010,21.742,97659.039,3.333,60.000
0.057,0.001,0.019,19.356,104512.477,0.555,60.000
0.051,0.010,0.011,19.479,117800.820,3.972,60.000
0.050,0.008,0.013,21.382,134556.969,5.632,60.000
0.046,0.001,0.010,27.267,44965.492,-0.008,60.000
0.051,0.008,0.014,20.346,90298.664,3.823,60.000
0.054,0.000,0.016,24.544,12966.680,-0.594,60.000
0.058,0.001,0.015,25.053,16487.539,-1.805,60.000
0.050,0.007,0.014,20.850,109726.023,4.217,60.000
0.049,0.016,0.014,20.649,144757.125,6.364,60.000
0.043,0.001,0.011,22.284,101448.961,-0.089,60.000
0.052,0.007,0.014,19.505,85889.680,2.161,60.000
0.051,0.007,0.014,20.284,91035.055,3.332,60.000
0.040,0.001,0.013,19.331,51550.227,-1.471,60.000
0.050,0.019,0.011,19.074,108487.398,6.029,60.000
0.047,0.002,0.010,22.551,104119.320,1.065,60.000
0.045,0.001,0.012,22.894,108864.430,1.086,60.000
0.048,0.013,0.012,21.046,135039.656,4.554,60.000
0.043,0.000,0.009,27.825,-9132.625,2.200,60.000
0.052,0.007,0.012,21.631,108291.117,4.831,60.000
0.054,0.002,0.010,23.817,63292.461,0.920,60.000
0.050,0.012,0.013,21.036,126780.602,4.085,60.000
0.046,0.001,0.004,22.546,50284.805,0.892,60.000
0.056,0.002,0.011,21.424,96043.992,1.400,60.000
0.050,0.021,0.011,19.985,122376.055,6.072,60.000
0.050,0.026,0.014,19.717,161533.812,4.767,60.000
0.051,0.012,0.011,19.918,102897.289,3.849,60.000
0.049,0.001,0.019,23.720,58392.289,0.708,60.000
0.054,0.000,0.008,24.771,-24123.820,-0.527,60.000
0.049,0.014,0.013,21.299,154632.344,5.661,60.000
0.049,0.020,0.010,19.250,111870.008,6.408,60.000
0.054,0.001,0.020,20.417,104946.914,1.640,60.000
0.046,0.000,0.020,21.063,11696.422,-0.667,60.000
0.053,0.001,0.010,26.868,31034.648,0.529,60.000
0.056,0.000,0.008,23.607,-29322.820,0.198,60.000
0.052,0.023,0.012,19.541,131807.656,5.228,60.000
0.048,0.001,0.019,22.559,132211.938,1.521,60.000
0.055,0.001,0.011,26.305,38396.086,1.270,60.000
0.057,0.000,0.016,25.041,32657.898,-0.149,60.000
0.058,0.001,0.006,19.678,139582.031,-0.136,60.000
0.055,0.000,0.007,24.265,-45065.336,1.354,60.000
0.057,0.000,0.015,25.377,38652.414,0.676,60.000
0.055,0.000,0.012,30.331,-6464.328,0.103,60.000
0.056,0.000,0.009,25.776,-5012.297,-0.332,60.000
0.045,0.000,0.011,27.286,23006.625,-1.709,60.000
0.051,0.026,0.012,20.105,145552.375,6.092,60.000
0.052,0.010,0.012,20.073,107132.336,4.584,60.000
0.042,0.001,0.014,21.772,72076.430,0.153,60.000
0.048,0.009,0.013,20.553,153934.312,4.655,60.000
0.056,0.001,0.010,26.153,12207.234,-0.130,60.000
0.052,0.001,0.018,24.212,103252.836,2.078,60.000
0.051,0.004,0.013,21.397,94737.383,2.659,60.000
0.045,0.000,0.020,20.638,-2835.992,0.773,60.000
0.051,0.010,0.010,19.830,98143.414,3.419,60.000
0.052,0.011,0.014,21.540,118596.727,3.500,60.000
0.043,0.000,0.007,23.561,-6707.477,-0.038,60.000
0.048,0.006,0.011,21.114,145572.062,3.262,60.000
0.048,0.024,0.012,20.288,149965.906,6.004,60.000
0.045,0.001,0.007,24.951,-12984.188,-0.327,60.000
0.050,0.012,0.014,22.235,147920.062,4.066,60.000
0.050,0.025,0.010,21.271,118732.461,5.481,60.000
0.047,0.001,0.007,24.133,99868.867,0.535,60.000
0.050,0.012,0.011,20.474,114663.352,4.244,60.000
0.051,0.016,0.011,19.991,102480.398,6.283,60.000
0.057,0.001,0.011,23.768,97068.523,0.446,60.000
0.051,0.019,0.011,19.305,112248.273,6.034,60.000
0.052,0.014,0.010,19.733,70555.023,5.373,60.000
0.051,0.016,0.010,19.576,99424.227,5.879,60.000
0.100,0.012,0.013,17.829,40372.852,6.491,60.000
0.054,0.001,0.015,22.757,92701.211,0.907,60.000
0.057,0.000,0.006,22.841,11831.219,1.383,60.000
0.057,0.001,0.008,22.382,111408.383,0.079,60.000
0.052,0.013,0.011,20.016,85467.523,4.083,60.000
0.046,0.001,0.020,21.264,69234.930,-0.017,60.000
0.041,0.001,0.008,20.109,95831.539,0.132,60.000
0.050,0.007,0.013,21.882,137573.969,5.188,60.000
0.058,0.001,0.014,23.435,120701.133,-0.006,60.000
0.049,0.015,0.010,20.388,91332.492,5.716,60.000
0.056,0.000,0.017,24.783,-26877.805,-0.506,60.000
0.049,0.001,0.020,22.086,127820.445,1.707,60.000
0.045,0.000,0.019,21.142,-10310.906,-1.073,60.000
0.050,0.023,0.013,20.808,142179.500,5.839,60.000
0.049,0.015,0.014,21.518,163261.594,5.553,60.000
0.053,0.001,0.007,27.162,2668.125,-0.536,60.000
0.048,0.014,0.013,21.015,145307.125,5.404,60.000
0.048,0.021,0.012,20.443,141113.438,5.621,60.000
0.042,0.001,0.017,19.869,110781.367,-0.352,60.000
0.051,0.004,0.012,21.716,101174.977,3.904,60.000
0.051,0.012,0.011,19.879,103748.602,3.835,60.000
0.051,0.013,0.013,22.819,141900.750,4.423,60.000
0.049,0.018,0.011,19.933,131334.938,6.451,60.000
0.045,0.000,0.009,30.313,-49335.387,1.301,60.000
0.049,0.023,0.013,20.468,153535.688,5.662,60.000
0.046,0.002,0.015,21.755,166173.312,2.075,60.000
0.097,0.012,0.012,19.312,121093.523,4.972,60.000
0.049,0.010,0.011,21.010,123169.164,3.937,60.000
0.050,0.020,0.010,18.491,104046.055,6.045,60.000
0.051,0.022,0.011,19.502,113861.258,5.791,60.000
0.049,0.025,0.011,21.458,136966.156,6.488,60.000
0.050,0.010,0.010,21.161,89620.320,3.354,60.000
0.056,0.000,0.015,26.129,-3275.242,-0.448,60.000
0.048,0.007,0.011,21.532,147973.375,3.143,60.000
0.052,0.013,0.014,23.028,130180.742,3.815,60.000
0.049,0.001,0.007,23.725,103777.180,0.927,60.000
0.048,0.013,0.012,21.612,121115.961,4.562,60.000
0.051,0.020,0.010,18.427,88909.508,5.717,60.000
0.060,0.001,0.014,24.807,11200.586,-1.972,60.000
0.050,0.019,0.010,19.232,110949.477,6.216,60.000
0.052,0.018,0.012,20.375,90832.195,6.281,60.000
0.001,0.012,0.012,19.866,60247.664,6.183,60.000
0.050,0.027,0.014,17.809,107309.133,1.752,60.000
0.050,0.016,0.013,20.944,137838.406,6.548,60.000
0.001,0.012,0.013,20.056,55044.836,6.008,60.000
0.054,0.002,0.009,23.940,67490.648,0.286,60.000
0.050,0.002,0.014,22.437,118964.367,2.167,60.000
0.045,0.000,0.013,31.659,-28923.188,-1.048,60.000
0.050,0.022,0.010,19.704,111501.523,6.065,60.000
0.059,0.001,0.015,23.419,53409.883,-1.372,60.000
0.040,0.000,0.014,19.438,-5071.344,0.452,60.000
0.060,0.000,0.013,21.045,174227.125,-0.015,60.000
0.050,0.019,0.014,19.919,134487.656,7.198,60.000
0.049,0.000,0.012,30.514,28338.492,0.079,60.000
0.044,0.000,0.004,22.092,-34197.773,-0.671,60.000
0.053,0.001,0.005,21.594,108395.664,0.088,60.000
0.043,0.000,0.005,20.746,33887.961,0.536,60.000
0.048,0.005,0.013,21.629,110923.008,2.821,60.000
0.058,0.001,0.011,19.774,123443.477,0.432,60.000
0.051,0.003,0.014,21.630,102102.914,2.525,60.000
0.048,0.000,0.011,32.458,-36698.867,1.283,60.000
0.052,0.012,0.013,20.801,98244.336,3.631,60.000
0.055,0.000,0.017,25.705,8324.008,0.610,60.000
0.044,0.001,0.019,19.057,118778.352,0.461,60.000
0.055,0.001,0.017,25.828,6867.914,-0.759,60.000
0.054,0.001,0.010,24.737,64966.117,0.919,60.000
0.051,0.008,0.010,19.433,131853.406,3.179,60.000
0.053,0.001,0.014,29.770,12343.836,0.144,60.000
0.050,0.000,0.006,25.790,4977.961,0.725,60.000
0.056,0.001,0.010,22.381,87435.992,0.448,60.000
0.050,0.000,0.015,28.124,25433.570,0.292,60.000
0.047,0.002,0.006,22.552,92313.711,0.886,60.000
0.048,0.001,0.005,22.955,48233.273,0.444,60.000
0.055,0.002,0.010,22.336,68195.352,1.182,60.000
0.003,0.012,0.013,20.042,57990.930,5.581,60.000
0.050,0.000,0.010,29.547,-3695.664,0.085,60.000
0.048,0.012,0.012,21.272,124925.055,4.441,60.000
0.052,0.000,0.014,31.767,31533.477,-0.339,60.000
0.053,0.000,0.012,33.695,35641.805,0.807,60.000
0.048,0.002,0.008,23.626,96254.555,0.940,60.000
0.044,0.001,0.006,21.304,74534.648,0.484,60.000
0.051,0.019,0.013,20.254,109953.367,6.582,60.000
0.098,0.010,0.012,20.310,136242.562,4.883,60.000
0.048,0.025,0.012,20.477,148016.375,6.362,60.000
0.051,0.000,0.010,32.400,-53803.473,0.207,60.000
0.051,0.005,0.011,20.883,124523.711,3.555,60.000
0.049,0.008,0.014,20.662,110726.992,3.794,60.000
0.051,0.015,0.012,20.245,109680.414,5.696,60.000
0.056,0.001,0.016,23.136,59853.289,-0.019,60.000
0.052,0.000,0.018,28.368,-15422.438,-2.014,60.000
0.049,0.009,0.010,21.287,123732.367,3.631,60.000
0.049,0.011,0.014,22.063,160850.375,4.124,60.000
0.051,0.010,0.010,19.868,86080.664,3.460,60.000
0.055,0.001,0.010,23.304,75109.680,0.661,60.000
0.055,0.001,0.015,24.007,92518.883,1.049,60.000
0.049,0.000,0.002,23.673,-38569.898,-0.337,60.000
0.052,0.012,0.013,21.173,109158.055,3.665,60.000
0.056,0.002,0.008,22.692,96173.320,0.208,60.000
0.045,0.002,0.008,22.699,101006.523,0.800,60.000
0.045,0.001,0.010,24.140,89898.930,0.375,60.000
0.047,0.000,0.009,30.430,11589.688,2.885,60.000
0.053,0.000,0.022,20.745,6390.047,0.394,60.000
0.049,0.014,0.013,20.899,151060.375,5.163,60.000
0.055,0.001,0.020,20.437,112009.883,1.334,60.000
0.058,0.001,0.015,23.659,115778.367,-0.270,60.000
0.060,0.001,0.013,23.270,77034.133,-1.070,60.000
0.052,0.005,0.010,20.301,102036.273,1.496,60.000
0.052,0.006,0.014,19.800,91544.570,2.499,60.000
0.048,0.001,0.005,23.587,63154.539,0.736,60.000
0.051,0.025,0.012,19.673,162998.281,5.488,60.000
0.049,0.020,0.013,20.285,137527.969,6.295,60.000
0.047,0.002,0.009,23.483,96715.352,0.940,60.000
0.051,0.020,0.014,20.184,113989.930,6.776,60.000
0.049,0.026,0.014,19.660,160946.344,4.672,60.000
0.002,0.010,0.012,19.784,36286.398,6.232,60.000
0.051,0.014,0.012,21.332,134484.812,4.766,60.000
0.049,0.016,0.011,20.276,119395.664,6.429,60.000
0.055,0.001,0.016,23.119,97613.555,0.797,60.000
0.049,0.018,0.011,19.888,129745.227,6.447,60.000
0.054,0.000,0.017,26.067,-44486.750,-1.077,60.000
0.051,0.025,0.013,19.937,164368.719,5.655,60.000
0.049,0.001,0.018,21.949,133053.688,1.828,60.000
0.049,0.001,0.006,22.435,107711.633,0.600,60.000
0.049,0.013,0.013,21.644,156419.281,4.723,60.000
0.058,0.000,0.015,24.417,51049.117,1.891,60.000
0.054,0.001,0.020,20.196,105560.117,1.769,60.000
0.045,0.000,0.012,30.999,-31739.383,1.899,60.000
0.058,0.001,0.011,19.509,139542.375,0.159,60.000
0.050,0.003,0.012,23.990,79730.305,3.182,60.000
0.050,0.015,0.013,21.431,149365.156,5.877,60.000
0.050,0.026,0.010,21.694,123810.805,5.737,60.000
0.052,0.007,0.012,20.838,107525.648,4.253,60.000
0.051,0.004,0.014,20.116,106692.180,2.363,60.000
0.001,0.013,0.013,20.164,61267.195,5.902,60.000
0.049,0.012,0.013,20.797,150915.688,4.047,60.000
0.055,0.001,0.018,21.238,98331.133,1.214,60.000
0.002,0.010,0.013,20.147,48221.883,5.989,60.000
0.048,0.005,0.010,22.642,94686.977,1.371,60.000
0.052,0.018,0.013,20.806,111955.414,6.881,60.000
0.048,0.004,0.014,21.797,106990.898,2.532,60.000
0.049,0.014,0.010,20.637,80718.805,5.212,60.000
0.051,0.010,0.010,18.886,96668.227,3.327,60.000
0.044,0.001,0.017,18.627,146970.594,0.716,60.000
0.049,0.019,0.013,19.996,133080.625,6.397,60.000
0.052,0.001,0.002,21.642,58428.508,-0.116,60.000
0.045,0.001,0.011,23.460,100020.695,0.684,60.000
0.048,0.014,0.010,20.974,86295.133,4.845,60.000
0.049,0.004,0.011,21.823,92090.039,2.155,60.000
0.051,0.018,0.013,20.426,105963.820,6.782,60.000
0.051,0.001,0.006,23.738,76861.336,0.124,60.000
0.051,0.016,0.012,19.841,117560.352,6.367,60.000
0.049,0.005,0.010,22.702,102129.977,1.382,60.000
0.045,0.000,0.022,22.324,-37231.828,-1.935,60.000
0.043,0.001,0.009,24.558,41983.398,-0.318,60.000
0.058,0.001,0.017,23.804,60010.742,-0.990,60.000
0.049,0.001,0.020,21.540,128201.430,1.652,60.000
0.049,0.026,0.010,21.496,108304.211,5.035,60.000
0.052,0.000,0.019,21.344,29175.430,1.210,60.000
0.051,0.015,0.010,19.469,94555.273,5.976,60.000
0.049,0.001,0.016,26.906,58459.570,0.505,60.000
0.055,0.000,0.014,30.924,-51814.723,-1.092,60.000
0.045,0.001,0.012,23.251,110659.055,1.391,60.000
0.050,0.021,0.011,19.793,119060.023,6.258,60.000
0.043,0.001,0.004,22.148,82067.148,1.602,60.000
0.054,0.001,0.015,27.807,-2964.453,-0.310,60.000
0.052,0.025,0.013,19.676,161169.469,5.541,60.000
0.050,0.026,0.012,20.107,168367.938,6.202,60.000
0.050,0.005,0.014,21.022,99187.852,2.680,60.000
0.050,0.008,0.012,22.235,159677.344,6.266,60.000
0.050,0.000,0.002,21.050,25340.273,-0.295,60.000
0.053,0.001,0.002,20.647,23787.562,-0.877,60.000
0.049,0.017,0.014,20.370,146616.094,6.754,60.000
0.048,0.001,0.013,27.298,128717.555,2.423,60.000
0.056,0.000,0.020,19.497,-31607.195,-1.182,60.000
0.051,0.015,0.014,21.902,144987.250,5.881,60.000
0.052,0.006,0.011,19.916,120503.773,3.549,60.000
0.057,0.001,0.010,21.346,102608.836,0.198,60.000
0.059,0.000,0.017,21.816,145433.750,3.471,60.000
0.051,0.013,0.012,20.526,123198.414,4.233,60.000
0.052,0.008,0.013,20.078,90961.664,3.813,60.000
0.057,0.001,0.014,25.446,63000.867,-0.504,60.000
0.050,0.010,0.013,20.717,132056.000,4.441,60.000
0.050,0.011,0.010,20.387,65513.289,4.219,60.000
0.049,0.019,0.012,20.507,137706.844,6.091,60.000
0.051,0.007,0.010,19.394,152476.031,2.794,60.000
0.044,0.002,0.017,18.412,149579.438,0.774,60.000
0.051,0.012,0.014,22.139,133916.188,3.830,60.000
0.049,0.016,0.013,20.337,140936.281,6.256,60.000
0.046,0.000,0.022,18.990,68608.086,0.575,60.000
0.051,0.004,0.014,20.703,99278.852,2.612,60.000
0.056,0.002,0.017,20.034,85883.961,0.189,60.000
0.055,0.001,0.007,24.307,30205.930,-0.495,60.000
0.049,0.001,0.003,22.958,-37828.961,-0.594,60.000
0.048,0.011,0.012,20.496,147399.438,4.311,60.000
0.060,0.001,0.010,19.250,126695.102,-0.071,60.000
0.099,0.011,0.011,20.720,118535.633,4.737,60.000
0.051,0.017,0.011,19.547,95425.820,6.171,60.000
0.048,0.001,0.013,29.030,57906.539,1.709,60.000
0.052,0.007,0.011,19.340,141338.344,3.444,60.000
0.002,0.011,0.013,20.300,51234.633,5.896,60.000
0.100,0.012,0.013,23.095,-88806.430,11.386,60.000
0.051,0.012,0.014,23.022,133041.281,3.527,60.000
0.049,0.009,0.011,21.512,135271.719,3.883,60.000
0.050,0.021,0.013,20.619,122459.273,6.169,60.000
0.053,0.002,0.012,23.304,62878.945,2.786,60.000
0.051,0.011,0.011,19.676,114463.258,3.717,60.000
0.048,0.001,0.002,21.090,57173.992,0.330,60.000
0.058,0.001,0.012,22.619,128499.680,-0.069,60.000
0.041,0.001,0.010,24.252,48505.992,-0.042,60.000
0.050,0.020,0.011,19.858,115696.305,6.255,60.000
0.053,0.002,0.014,23.942,83676.539,1.359,60.000
0.052,0.001,0.021,21.781,118507.148,1.802,60.000
0.051,0.007,0.013,21.152,117626.633,4.807,60.000
0.049,0.005,0.011,20.511,135989.875,2.881,60.000
0.049,0.009,0.012,20.954,162712.500,5.388,60.000
0.098,0.013,0.012,19.318,106026.070,5.336,60.000
0.002,0.012,0.010,17.767,29373.023,7.198,60.000
0.045,0.001,0.015,25.582,86925.414,0.179,60.000
0.049,0.016,0.012,20.484,118480.086,5.975,60.000
0.051,0.016,0.012,20.022,107418.273,6.290,60.000
0.051,0.017,0.011,19.496,103463.367,6.235,60.000
0.051,0.001,0.015,26.175,79935.242,1.092,60.000
0.045,0.001,0.015,23.254,157954.094,1.654,60.000
0.047,0.000,0.017,25.631,59805.539,0.319,60.000
0.043,0.001,0.011,22.383,100040.211,-0.087,60.000
0.051,0.021,0.013,20.554,116625.461,6.066,60.000
0.050,0.007,0.013,21.571,128512.945,4.543,60.000
0.052,0.006,0.010,19.235,125464.773,2.189,60.000
0.001,0.013,0.011,18.620,45375.164,6.675,60.000
0.049,0.001,0.014,27.204,131777.812,1.809,60.000
0.045,0.002,0.016,18.850,156076.219,1.095,60.000
0.051,0.021,0.010,18.970,96624.664,6.028,60.000
0.041,0.001,0.014,20.953,50310.305,-1.172,60.000
0.048,0.000,0.018,24.880,19026.273,-0.587,60.000
0.051,0.023,0.011,20.240,110936.242,6.181,60.000
0.050,0.003,0.011,23.653,71017.086,3.043,60.000
0.053,0.001,0.022,20.111,116351.758,1.890,60.000
0.054,0.000,0.018,26.529,-6621.852,-1.636,60.000
0.052,0.003,0.013,21.784,89570.023,2.502,60.000
0.049,0.003,0.012,22.636,110357.398,3.238,60.000
0.047,0.001,0.018,24.474,36893.773,-0.705,60.000
0.048,0.000,0.022,21.451,-91735.258,-3.238,60.000
0.056,0.000,0.007,23.710,5055.961,0.583,60.000
0.059,0.000,0.014,23.088,103640.305,0.680,60.000
0.052,0.008,0.012,21.418,113519.680,4.931,60.000
0.051,0.000,0.007,26.403,-26426.758,0.537,60.000
0.056,0.002,0.008,22.541,92041.555,0.104,60.000
0.043,0.000,0.018,20.584,-2771.305,-2.552,60.000
0.045,0.000,0.004,22.021,-9928.656,-0.009,60.000
0.042,0.000,0.018,21.256,66151.773,0.437,60.000
0.048,0.004,0.013,22.331,106721.617,2.919,60.000
0.052,0.026,0.012,19.660,142177.281,5.513,60.000
0.049,0.015,0.013,20.824,135050.062,5.966,60.000
0.051,0.011,0.013,20.451,106677.789,4.316,60.000
0.051,0.001,0.002,20.801,94321.945,0.237,60.000
0.058,0.001,0.014,22.032,119719.883,0.135,60.000
0.049,0.008,0.012,21.704,170504.719,5.054,60.000
0.048,0.014,0.013,21.234,133776.594,5.173,60.000
0.052,0.015,0.013,21.387,116508.977,5.778,60.000
0.048,0.018,0.011,20.299,137975.875,6.491,60.000
0.050,0.005,0.011,20.355,133003.312,2.840,60.000
0.048,0.000,0.004,26.498,-27290.680,-0.075,60.000
0.048,0.007,0.012,22.270,150556.125,4.779,60.000
0.052,0.017,0.010,19.021,94583.977,5.703,60.000
0.051,0.012,0.012,20.551,128355.898,4.106,60.000
0.057,0.001,0.011,26.463,-46542.051,-0.071,60.000
0.051,0.005,0.012,21.935,105752.992,4.081,60.000
0.051,0.000,0.002,22.208,-57065.648,-0.879,60.000
0.043,0.001,0.017,18.671,129050.008,0.086,60.000
0.053,0.000,0.010,28.933,-12073.680,0.357,60.000
0.054,0.001,0.007,25.349,50117.164,-0.148,60.000
0.051,0.021,0.011,19.685,116265.586,5.799,60.000
0.052,0.009,0.012,20.560,114233.414,4.666,60.000
0.047,0.001,0.018,20.868,142701.594,1.362,60.000
0.002,0.010,0.012,19.521,33613.961,6.575,60.000
0.051,0.023,0.013,20.318,135546.312,5.556,60.000
0.052,0.024,0.012,19.701,146271.469,5.286,60.000
0.049,0.021,0.014,20.457,138913.688,5.939,60.000
0.048,0.005,0.011,20.771,123278.289,2.082,60.000
0.050,0.002,0.017,23.381,127823.992,2.094,60.000
0.049,0.001,0.008,23.901,97018.336,0.817,60.000
0.053,0.000,0.013,32.790,19686.461,0.141,60.000
0.050,0.013,0.012,21.353,142570.906,4.487,60.000
0.048,0.000,0.006,24.531,3266.180,0.632,60.000
0.051,0.018,0.013,20.620,118965.961,7.183,60.000
0.046,0.001,0.020,21.499,96270.477,0.761,60.000
0.057,0.001,0.012,25.241,114225.008,0.502,60.000
0.048,0.002,0.018,21.805,137113.344,1.821,60.000
0.050,0.023,0.011,20.176,132449.719,6.106,60.000
0.048,0.005,0.013,21.979,101233.555,2.814,60.000
0.058,0.001,0.010,23.004,82499.664,0.223,60.000
0.050,0.008,0.011,21.687,170526.406,5.255,60.000
0.048,0.019,0.012,20.370,137845.156,6.116,60.000
0.044,0.001,0.012,22.877,106878.570,0.602,60.000
0.048,0.000,0.002,24.122,-16964.570,-1.012,60.000
0.054,0.001,0.002,21.369,103660.977,0.189,60.000
0.052,0.000,0.014,31.447,-14952.180,-0.270,60.000
0.049,0.005,0.010,22.361,99717.242,1.904,60.000
0.053,0.001,0.007,23.557,102913.070,0.624,60.000
0.044,0.000,0.016,26.125,66847.961,2.885,60.000
0.053,0.001,0.007,25.938,29102.070,-0.365,60.000
0.049,0.003,0.011,22.840,82731.898,2.526,60.000
0.047,0.001,0.022,21.308,127174.586,1.243,60.000
0.049,0.004,0.013,22.559,97678.883,3.443,60.000
0.052,0.001,0.012,30.894,-45479.082,1.171,60.000
0.049,0.006,0.011,21.260,164063.625,3.972,60.000
0.042,0.001,0.011,24.521,35891.789,-1.261,60.000
0.052,0.005,0.011,21.585,87816.180,3.443,60.000
0.050,0.013,0.014,23.660,153162.500,4.212,60.000
0.052,0.027,0.013,22.666,133954.875,6.090,60.000
0.042,0.001,0.005,21.101,84844.680,1.698,60.000
0.052,0.016,0.013,21.100,116273.461,6.165,60.000
0.042,0.001,0.011,22.424,92003.555,-0.270,60.000
0.048,0.005,0.013,21.675,120725.883,2.899,60.000
0.050,0.003,0.014,22.356,111120.648,2.389,60.000
0.050,0.009,0.014,20.390,119515.789,4.138,60.000
0.048,0.002,0.014,23.467,126007.633,2.637,60.000
0.052,0.015,0.012,20.516,108402.320,5.503,60.000
0.051,0.018,0.013,20.732,104280.211,6.912,60.000
0.048,0.012,0.012,20.843,146532.188,4.082,60.000
0.050,0.010,0.015,21.970,127938.695,3.348,60.000
0.050,0.000,0.013,34.929,34939.570,0.435,60.000
0.051,0.001,0.021,22.045,119214.602,1.948,60.000
0.043,0.002,0.014,20.897,102816.852,1.012,60.000
0.047,0.002,0.006,22.613,89621.773,0.832,60.000
0.048,0.003,0.011,22.226,95877.227,2.246,60.000
0.048,0.003,0.011,21.998,95968.883,1.752,60.000
0.050,0.023,0.010,20.405,116173.664,6.101,60.000
0.049,0.003,0.015,21.079,124438.008,2.543,60.000
0.051,0.016,0.013,21.078,115796.461,5.877,60.000
0.040,0.000,0.012,25.706,-61900.609,0.425,60.000
0.051,0.008,0.014,20.352,86104.508,3.501,60.000
0.050,0.000,0.022,22.356,-27961.570,-2.344,60.000
0.059,0.000,0.006,21.141,23762.375,-0.696,60.000
0.043,0.000,0.017,21.960,-5695.273,-2.112,60.000
0.049,0.022,0.011,20.768,132084.219,6.681,60.000
0.043,0.000,0.009,27.917,-6649.672,3.718,60.000
0.051,0.026,0.014,19.798,169567.594,5.760,60.000
0.052,0.012,0.012,20.684,105545.695,3.700,60.000
0.055,0.001,0.005,21.204,118232.242,0.205,60.000
0.044,0.001,0.012,23.063,102864.055,0.481,60.000
0.048,0.018,0.011,19.922,124572.102,6.418,60.000
0.050,0.005,0.012,21.938,115135.195,4.490,60.000
0.042,0.000,0.014,25.417,-20779.414,-2.955,60.000
0.053,0.001,0.003,19.377,118906.383,0.237,60.000
0.055,0.001,0.010,28.031,-20603.281,0.066,60.000
0.050,0.001,0.007,24.076,109358.664,0.640,60.000
0.054,0.001,0.005,19.877,126624.820,-0.075,60.000
0.051,0.001,0.005,20.704,118837.586,0.430,60.000
0.042,0.001,0.018,19.458,114006.867,-0.343,60.000
0.044,0.001,0.020,19.555,115817.570,0.839,60.000
0.051,0.026,0.011,19.967,131452.281,5.834,60.000
0.044,0.000,0.011,30.776,2067.555,1.870,60.000
0.050,0.000,0.017,26.125,-13656.297,-1.584,60.000
0.049,0.001,0.012,26.090,76054.102,2.292,60.000
0.057,0.001,0.018,20.477,104614.914,0.252,60.000
0.045,0.001,0.004,20.741,87027.758,0.671,60.000
0.053,0.001,0.004,20.478,119582.945,0.160,60.000
0.048,0.000,0.018,23.153,30202.133,-2.100,60.000
0.051,0.001,0.013,27.732,101195.055,2.019,60.000
0.047,0.000,0.022,20.885,65790.930,0.798,60.000
0.043,0.001,0.010,24.427,101431.367,0.291,60.000
0.051,0.012,0.014,23.798,135406.062,3.684,60.000
0.056,0.001,0.014,22.940,107538.414,0.629,60.000
0.050,0.019,0.010,18.755,106118.820,6.222,60.000
0.045,0.001,0.013,30.360,33844.008,0.488,60.000
0.051,0.013,0.010,19.961,53056.086,5.129,60.000
0.052,0.002,0.012,23.383,84701.055,2.616,60.000
0.046,0.001,0.012,24.973,106207.039,1.815,60.000
0.043,0.001,0.005,21.408,85852.805,1.453,60.000
0.053,0.001,0.009,24.975,71098.648,0.650,60.000
0.053,0.000,0.015,29.121,-18893.047,-0.206,60.000
0.049,0.015,0.013,20.631,133102.906,5.898,60.000
0.049,0.005,0.011,20.590,128505.102,2.767,60.000
0.051,0.001,0.021,22.761,45615.195,0.513,60.000
0.051,0.000,0.020,19.722,28687.336,-0.587,60.000
0.043,0.001,0.015,22.568,73609.414,-0.020,60.000
0.051,0.003,0.012,22.761,96355.242,3.566,60.000
0.049,0.006,0.012,22.135,131695.094,4.599,60.000
0.052,0.001,0.011,27.178,32940.867,2.075,60.000
0.098,0.012,0.012,20.097,116627.227,4.779,60.000
0.098,0.011,0.012,20.147,131925.594,4.791,60.000
0.056,0.001,0.009,24.387,83239.852,0.116,60.000
0.050,0.022,0.011,20.077,123116.586,6.230,60.000
0.099,0.013,0.011,21.484,65484.805,4.235,60.000
0.051,0.014,0.010,20.123,69399.852,5.203,60.000
0.051,0.011,0.014,21.943,128892.836,3.790,60.000
0.053,0.002,0.012,23.537,63898.398,2.597,60.000
0.049,0.015,0.010,20.533,104591.695,5.858,60.000
0.050,0.004,0.014,20.871,114819.133,2.459,60.000
0.050,0.017,0.010,19.819,115345.852,6.307,60.000
0.048,0.006,0.011,21.028,157115.094,2.874,60.000
0.052,0.000,0.002,18.797,45545.711,-1.345,60.000
0.047,0.002,0.017,20.390,157268.188,1.542,60.000
0.048,0.001,0.017,24.209,137212.031,1.497,60.000
0.052,0.023,0.011,19.955,113727.164,5.610,60.000
0.050,0.004,0.014,21.045,101752.664,2.654,60.000
0.049,0.026,0.012,20.249,160269.375,6.366,60.000
0.048,0.001,0.013,25.569,136637.312,2.661,60.000
0.099,0.012,0.012,19.771,121043.523,5.343,60.000
0.044,0.001,0.010,23.762,92946.836,0.203,60.000
0.050,0.000,0.004,23.604,-2526.938,-0.320,60.000
0.047,0.001,0.008,27.667,14736.711,-0.096,60.000
0.049,0.001,0.007,23.522,107212.898,0.719,60.000
0.051,0.015,0.011,20.512,83300.117,5.931,60.000
0.049,0.022,0.013,20.849,142178.312,5.964,60.000
0.051,0.019,0.012,19.626,116328.570,6.113,60.000
0.046,0.001,0.019,21.898,65002.867,0.003,60.000
0.049,0.001,0.016,24.637,140204.438,1.798,60.000
0.059,0.000,0.011,22.087,67222.102,-1.607,60.000
0.048,0.020,0.013,20.534,142776.406,5.822,60.000
0.048,0.017,0.012,20.025,132523.906,6.487,60.000
0.051,0.006,0.013,21.526,92656.648,3.530,60.000
0.050,0.009,0.014,20.191,105576.617,3.549,60.000
0.056,0.001,0.013,23.681,113046.617,0.909,60.000
0.001,0.011,0.011,19.507,30472.289,6.903,60.000
0.050,0.027,0.010,21.921,120923.680,5.668,60.000
0.054,0.001,0.018,21.593,95657.430,1.485,60.000
0.048,0.005,0.011,20.986,118831.164,2.084,60.000
0.039,0.000,0.013,22.294,-16400.727,1.075,60.000
0.049,0.023,0.013,20.717,161156.500,5.763,60.000
0.050,0.017,0.014,20.224,144412.000,7.138,60.000
0.047,0.001,0.019,21.767,135826.969,1.305,60.000
0.049,0.007,0.013,21.985,138494.906,5.078,60.000
0.052,0.000,0.007,26.479,26574.219,-0.070,60.000
0.049,0.023,0.011,21.069,131122.438,6.677,60.000
0.049,0.015,0.010,20.341,104281.602,5.847,60.000
0.052,0.018,0.013,20.733,100693.977,6.770,60.000
0.050,0.005,0.013,21.680,100994.445,2.998,60.000
0.053,0.000,0.022,19.672,73438.648,0.249,60.000
0.052,0.026,0.012,19.582,137245.188,5.453,60.000
0.052,0.011,0.013,20.982,111386.586,3.923,60.000
0.049,0.008,0.012,21.413,171622.000,5.481,60.000
0.043,0.001,0.019,19.175,115413.523,0.259,60.000
0.047,0.000,0.006,23.352,-27686.898,-0.895,60.000
0.047,0.001,0.004,21.617,51123.336,0.759,60.000
0.049,0.003,0.011,22.706,81862.367,2.053,60.000
0.058,0.001,0.013,25.073,30797.773,-0.678,60.000
0.051,0.003,0.012,23.918,75120.242,3.152,60.000
0.060,0.001,0.015,22.985,117158.539,-0.574,60.000
0.046,0.002,0.017,20.117,157034.156,1.512,60.000
0.048,0.001,0.009,29.282,-5094.938,-0.789,60.000
0.049,0.004,0.011,21.622,110833.930,2.817,60.000
0.048,0.014,0.013,20.833,152969.062,5.506,60.000
0.051,0.001,0.016,25.812,57970.883,0.873,60.000
0.049,0.006,0.010,21.066,119977.977,2.029,60.000
0.056,0.000,0.018,19.726,-22156.773,-0.613,60.000
0.047,0.000,0.011,29.288,-28756.242,-1.410,60.000
0.051,0.024,0.011,20.252,122688.961,5.986,60.000
0.054,0.000,0.005,24.530,4569.078,0.367,60.000
0.049,0.000,0.007,26.777,-35399.656,-0.018,60.000
0.049,0.020,0.010,19.001,113630.852,6.392,60.000
0.052,0.018,0.013,20.671,86947.211,6.404,60.000
0.043,0.001,0.020,21.749,33477.789,-0.576,60.000
0.056,0.001,0.019,19.584,100070.086,0.927,60.000
0.050,0.024,0.014,20.160,150729.438,5.883,60.000
0.050,0.025,0.012,19.927,163073.000,5.590,60.000
0.098,0.013,0.014,20.182,126789.773,3.894,60.000
0.049,0.004,0.013,21.897,99902.977,2.817,60.000
0.051,0.003,0.009,23.601,69936.617,0.911,60.000
0.049,0.002,0.016,23.154,142200.938,1.946,60.000
0.050,0.001,0.011,27.197,32365.898,1.832,60.000
0.048,0.001,0.010,25.716,66369.305,1.162,60.000
0.048,0.026,0.011,22.479,143275.000,6.785,60.000
0.051,0.017,0.013,20.558,112173.258,7.141,60.000
0.050,0.006,0.014,20.745,100341.148,2.825,60.000
0.045,0.001,0.012,23.208,108213.320,1.434,60.000
0.052,0.000,0.009,26.230,-42252.266,1.730,60.000
0.052,0.014,0.011,19.789,81647.508,4.864,60.000
0.050,0.006,0.014,21.296,97629.695,3.087,60.000
0.050,0.019,0.013,20.115,126311.477,6.949,60.000
0.055,0.001,0.013,26.473,103568.883,1.165,60.000
0.040,0.001,0.009,20.923,82650.727,0.028,60.000
0.055,0.001,0.011,22.812,95376.898,1.387,60.000
0.099,0.011,0.013,20.940,129706.586,4.440,60.000
0.053,0.002,0.008,23.682,93084.867,0.455,60.000
0.051,0.006,0.015,19.636,100789.508,2.264,60.000
0.045,0.002,0.006,22.087,77174.117,0.657,60.000
0.048,0.001,0.017,24.233,143376.875,1.524,60.000
0.049,0.003,0.012,23.453,105446.727,3.342,60.000
0.051,0.002,0.010,24.964,53485.930,1.512,60.000
0.057,0.001,0.020,20.112,108159.398,0.743,60.000
0.050,0.026,0.013,19.916,173267.344,5.946,60.000
0.097,0.013,0.012,19.907,112773.930,4.672,60.000
0.050,0.004,0.014,21.035,110388.320,2.531,60.000
0.052,0.007,0.010,18.888,135977.031,2.615,60.000
0.098,0.012,0.011,18.860,99932.773,4.845,60.000
0.051,0.008,0.011,20.115,156829.875,4.129,60.000
0.051,0.010,0.014,20.869,113476.852,3.401,60.000
0.052,0.006,0.012,20.948,108572.398,4.181,60.000
0.051,0.012,0.013,22.213,138366.875,4.167,60.000
0.042,0.001,0.013,25.325,22646.531,-1.967,60.000
0.051,0.001,0.021,22.495,96893.180,1.474,60.000
0.051,0.022,0.010,19.782,103803.133,5.982,60.000
0.047,0.001,0.013,25.709,118050.820,2.246,60.000
0.043,0.000,0.020,20.620,-16169.812,-1.140,60.000
0.044,0.000,0.005,21.934,2265.039,0.256,60.000
0.049,0.000,0.022,24.795,-14023.195,-0.421,60.000
0.048,0.027,0.013,20.627,116861.305,5.335,60.000
0.050,0.007,0.014,20.355,100730.695,3.407,60.000
0.048,0.013,0.012,21.085,143745.125,4.608,60.000
0.049,0.013,0.014,22.095,164674.344,4.567,60.000
0.048,0.023,0.012,20.369,144934.312,5.715,60.000
0.051,0.016,0.012,20.245,109672.336,6.402,60.000
0.052,0.006,0.014,19.935,86402.773,2.482,60.000
0.053,0.001,0.017,24.198,99480.180,1.593,60.000
0.041,0.000,0.007,20.241,38975.742,0.753,60.000
0.050,0.005,0.012,22.319,104414.867,4.115,60.000
0.051,0.018,0.014,20.382,126493.133,7.318,60.000
0.050,0.003,0.015,21.216,123349.180,2.553,60.000
0.048,0.001,0.005,22.991,34003.164,0.346,60.000
0.041,0.000,0.015,24.102,-999.031,-2.658,60.000
0.052,0.000,0.006,24.202,2941.328,0.179,60.000
0.041,0.001,0.013,19.361,63426.727,-0.854,60.000
0.049,0.000,0.004,25.215,-12004.719,0.286,60.000
0.055,0.002,0.012,22.828,91602.852,1.681,60.000
0.049,0.000,0.014,32.232,-18756.352,-0.556,60.000
0.048,0.000,0.006,25.664,4700.789,-0.227,60.000
0.044,0.001,0.004,22.115,27726.648,0.999,60.000
0.054,0.001,0.004,21.771,42632.070,-0.491,60.000
0.050,0.018,0.011,19.502,111766.602,6.225,60.000
0.050,0.012,0.013,22.028,157385.688,4.268,60.000
0.052,0.001,0.007,25.248,94756.070,0.520,60.000
0.050,0.000,0.010,30.102,-58494.355,-1.552,60.000
0.051,0.018,0.014,20.280,138277.250,7.176,60.000
0.049,0.026,0.012,20.423,162774.625,6.443,60.000
0.048,0.006,0.013,21.742,124615.961,3.426,60.000
0.052,0.009,0.010,18.506,116741.336,3.148,60.000
0.045,0.000,0.005,23.034,45377.977,1.135,60.000
0.057,0.000,0.006,18.949,59830.008,-1.736,60.000
0.051,0.005,0.014,20.125,100581.820,2.486,60.000
0.001,0.011,0.012,19.978,48123.914,6.221,60.000
0.057,0.001,0.014,25.188,59128.070,-0.248,60.000
0.001,0.012,0.011,18.707,25678.648,6.934,60.000
0.048,0.000,0.012,33.514,-33271.773,1.473,60.000
0.046,0.001,0.018,20.490,138290.219,1.160,60.000
0.050,0.000,0.019,20.796,34810.008,-1.452,60.000
0.002,0.014,0.013,20.049,71728.992,5.705,60.000
0.051,0.012,0.013,20.620,122679.273,4.195,60.000
0.057,0.000,0.017,22.149,44040.680,1.370,60.000
0.052,0.011,0.011,18.996,96829.930,3.465,60.000
0.053,0.002,0.017,21.697,85868.352,1.142,60.000
0.054,0.002,0.015,22.094,88606.711,0.666,60.000
0.057,0.001,0.019,20.896,105065.852,0.303,60.000
0.051,0.004,0.013,21.781,92524.414,3.457,60.000
0.050,0.020,0.013,19.911,122693.555,6.481,60.000
0.051,0.004,0.013,21.371,92981.930,2.633,60.000
0.051,0.010,0.011,19.563,123976.023,4.023,60.000
0.056,0.000,0.019,20.946,-19164.664,-0.670,60.000
0.049,0.015,0.011,20.610,96389.414,5.910,60.000
0.049,0.011,0.013,20.698,141359.500,4.377,60.000
0.052,0.019,0.013,20.523,110761.898,6.904,60.000
0.052,0.006,0.010,19.594,114110.367,2.495,60.000
0.044,0.001,0.009,25.334,45725.586,-0.458,60.000
0.050,0.000,0.005,25.435,-24902.477,0.117,60.000
0.044,0.000,0.004,21.095,17888.570,0.148,60.000
0.053,0.000,0.002,24.341,-32161.984,-0.299,60.000
0.051,0.005,0.011,20.765,121364.789,4.012,60.000
0.051,0.023,0.011,20.362,109363.805,6.171,60.000
0.058,0.000,0.011,22.214,100157.273,1.481,60.000
0.051,0.009,0.012,21.515,143753.812,5.837,60.000
0.052,0.004,0.012,21.948,80161.523,3.285,60.000
0.047,0.001,0.014,29.590,92871.586,1.726,60.000
0.048,0.015,0.013,20.913,148180.469,5.511,60.000
0.000,0.013,0.013,24.817,-44537.152,4.973,60.000
0.055,0.000,0.020,20.365,-18111.008,-1.241,60.000
0.057,0.001,0.012,23.972,122883.883,0.761,60.000
0.047,0.000,0.007,27.081,-35924.758,-1.201,60.000
0.060,0.000,0.014,23.420,28943.836,1.421,60.000
0.048,0.014,0.014,21.923,159140.781,4.848,60.000
0.050,0.006,0.010,20.273,130358.211,2.233,60.000
0.047,0.000,0.004,22.557,-40380.484,-0.536,60.000
0.098,0.013,0.012,20.257,113849.383,4.969,60.000
0.052,0.014,0.010,19.922,67640.258,5.340,60.000
0.048,0.016,0.012,20.457,124007.633,6.083,60.000
0.044,0.000,0.019,20.607,-27825.992,-1.624,60.000
0.052,0.012,0.014,22.619,130708.648,3.641,60.000
0.051,0.020,0.011,18.654,95276.867,5.588,60.000
0.050,0.025,0.013,20.046,167876.750,5.677,60.000
0.042,0.001,0.011,22.471,94838.602,-0.149,60.000
0.047,0.000,0.015,31.513,35359.336,-0.525,60.000
0.098,0.011,0.010,19.463,100000.555,4.769,60.000
0.047,0.001,0.003,21.350,93013.711,0.758,60.000
0.055,0.001,0.006,20.694,119599.086,-0.064,60.000
0.045,0.001,0.009,23.105,113325.742,0.871,60.000
0.046,0.001,0.010,22.670,105744.555,0.958,60.000
0.058,0.001,0.013,21.854,119094.586,0.046,60.000
0.052,0.015,0.013,21.713,119031.508,4.914,60.000
0.100,0.013,0.012,20.054,-39967.520,6.709,60.000
0.044,0.000,0.012,28.355,9130.047,-2.425,60.000
0.046,0.001,0.014,24.869,139812.500,2.208,60.000
0.051,0.018,0.013,20.571,98632.586,6.664,60.000
0.056,0.001,0.019,23.277,-14770.055,-1.669,60.000
0.052,0.001,0.020,21.623,116654.211,1.863,60.000
0.050,0.003,0.015,21.935,120218.477,2.228,60.000
0.057,0.001,0.017,22.321,102269.367,0.453,60.000
0.046,0.000,0.005,23.778,-4841.211,-0.252,60.000
0.051,0.005,0.014,20.763,97878.180,2.697,60.000
0.048,0.020,0.011,20.041,123767.070,6.715,60.000
0.049,0.014,0.013,21.246,152009.156,5.206,60.000
0.052,0.001,0.007,25.873,31348.289,-0.229,60.000
0.059,0.001,0.011,18.996,141128.188,-0.205,60.000
0.053,0.000,0.006,26.749,-11086.398,1.040,60.000
0.055,0.000,0.017,23.565,-614.242,-0.094,60.000
0.054,0.000,0.019,23.085,-18077.258,-1.255,60.000
0.045,0.001,0.009,22.626,108009.664,0.743,60.000
0.053,0.001,0.016,26.242,43487.164,0.220,60.000
0.046,0.002,0.015,22.438,163057.250,2.011,60.000
0.048,0.027,0.012,19.652,126229.508,5.085,60.000
0.059,0.000,0.009,21.116,64915.320,-1.977,60.000
0.049,0.000,0.002,23.712,-27904.992,-0.352,60.000
0.000,0.011,0.011,24.632,-77433.969,5.187,60.000
0.048,0.001,0.013,26.114,135962.781,2.721,60.000
0.052,0.004,0.013,19.765,88600.758,2.337,60.000
0.050,0.022,0.012,20.390,142780.125,5.682,60.000
0.051,0.006,0.014,20.342,90997.586,2.747,60.000
0.051,0.005,0.014,19.673,101445.086,2.290,60.000
0.050,0.005,0.014,20.676,101365.867,2.715,60.000
0.049,0.010,0.012,20.297,139480.000,4.587,60.000
0.052,0.001,0.019,22.399,110928.461,2.096,60.000
0.049,0.011,0.013,20.598,144098.531,4.470,60.000
0.059,0.000,0.009,20.979,73508.492,-1.858,60.000
0.048,0.025,0.011,21.855,143742.250,6.790,60.000
0.050,0.004,0.011,21.352,101205.648,2.416,60.000
0.041,0.001,0.006,20.782,89338.977,1.284,60.000
0.052,0.013,0.012,21.009,115058.117,3.998,60.000
0.051,0.022,0.013,20.595,128584.586,5.990,60.000
0.050,0.006,0.011,20.780,164410.781,3.738,60.000
0.052,0.009,0.013,19.567,80032.055,3.371,60.000
0.052,0.027,0.012,22.184,138054.938,6.524,60.000
0.053,0.000,0.012,30.030,-26873.539,0.432,60.000
0.042,0.000,0.014,25.848,-65235.977,-0.443,60.000
0.049,0.002,0.008,23.819,94424.617,0.918,60.000
0.050,0.012,0.010,20.469,75194.133,4.511,60.000
0.049,0.004,0.012,22.368,111513.695,3.859,60.000
0.053,0.001,0.019,23.643,57859.805,0.849,60.000
0.050,0.023,0.010,20.667,118578.555,6.090,60.000
0.045,0.001,0.006,22.844,70638.211,0.483,60.000
0.050,0.021,0.010,18.932,105241.758,6.048,60.000
0.048,0.002,0.012,23.505,99434.773,2.905,60.000
0.043,0.001,0.016,19.020,106426.398,0.104,60.000
0.051,0.015,0.011,20.124,90261.086,6.262,60.000
0.050,0.008,0.013,21.280,137028.938,5.735,60.000
0.061,0.001,0.011,18.093,141587.344,-0.387,60.000
0.047,0.000,0.018,21.905,37171.961,0.308,60.000
0.050,0.025,0.010,21.559,129213.711,6.264,60.000
0.052,0.004,0.012,21.582,90632.836,3.701,60.000
0.002,0.010,0.012,20.137,41076.336,6.177,60.000
0.056,0.000,0.020,24.813,-46412.934,-0.863,60.000
0.042,0.000,0.013,27.874,-71090.438,-0.916,60.000
0.049,0.021,0.013,20.636,135972.000,6.146,60.000
0.056,0.001,0.015,22.720,108268.195,0.382,60.000
0.050,0.017,0.014,20.291,146516.344,7.193,60.000
0.055,0.001,0.019,20.251,102621.992,1.215,60.000
0.042,0.000,0.008,23.540,74970.430,2.966,60.000
0.047,0.001,0.017,20.679,157138.656,1.583,60.000
0.041,0.001,0.012,21.023,82440.352,-0.584,60.000
0.050,0.000,0.007,28.362,-4524.203,-0.055,60.000
0.051,0.006,0.011,20.797,159353.562,4.430,60.000
0.050,0.025,0.013,19.775,170621.344,5.570,60.000
0.049,0.003,0.013,23.452,112917.773,3.208,60.000
0.056,0.002,0.013,22.605,103868.430,1.152,60.000
0.041,0.001,0.010,21.948,88865.383,0.063,60.000
0.057,0.000,0.017,21.398,86237.742,1.083,60.000
0.052,0.003,0.012,23.491,91865.680,3.020,60.000
0.050,0.015,0.010,19.933,88617.602,5.836,60.000
0.048,0.023,0.013,20.320,154895.344,5.526,60.000
0.050,0.021,0.011,19.845,120208.695,6.287,60.000
0.051,0.001,0.004,21.592,110261.477,0.596,60.000
0.049,0.007,0.011,21.755,159778.250,4.409,60.000
0.050,0.019,0.014,20.069,135630.719,7.307,60.000
0.050,0.019,0.011,19.229,113063.414,6.143,60.000
0.050,0.020,0.013,19.889,130941.289,6.423,60.000
0.051,0.022,0.010,19.376,96378.930,5.862,60.000
0.040,0.001,0.009,21.531,75542.695,0.125,60.000
0.055,0.000,0.006,21.584,14737.383,-1.174,60.000
0.051,0.009,0.014,19.861,85384.492,3.380,60.000
0.049,0.024,0.011,21.264,130669.195,6.449,60.000
0.051,0.014,0.013,22.332,123983.430,4.880,60.000
0.047,0.001,0.006,24.910,32874.227,0.290,60.000
0.057,0.000,0.009,24.831,3466.312,-0.021,60.000
0.051,0.009,0.014,19.942,89529.461,3.165,60.000
0.051,0.025,0.013,19.922,156219.344,5.570,60.000
0.052,0.016,0.013,20.600,102636.617,6.292,60.000
0.058,0.000,0.014,25.832,39400.539,-0.446,60.000
0.051,0.010,0.010,19.224,86585.945,3.327,60.000
0.050,0.013,0.013,21.665,141757.062,4.668,60.000
0.054,0.001,0.018,22.527,102745.211,1.257,60.000
0.052,0.002,0.018,22.208,105081.570,2.120,60.000
0.046,0.000,0.005,21.578,52070.133,0.360,60.000
0.051,0.015,0.010,20.116,91450.242,6.095,60.000
0.055,0.001,0.013,24.036,118113.039,1.250,60.000
0.041,0.000,0.018,19.813,15920.492,-0.248,60.000
0.049,0.004,0.011,21.381,104545.492,2.166,60.000
0.049,0.020,0.013,19.855,139705.125,6.114,60.000
0.051,0.011,0.013,21.053,130814.211,4.072,60.000
0.049,0.007,0.013,21.132,139713.875,4.938,60.000
0.041,0.001,0.006,21.239,91842.367,1.615,60.000
0.048,0.026,0.012,20.423,130773.148,5.921,60.000
0.050,0.022,0.011,20.086,111971.383,6.346,60.000
0.047,0.000,0.020,19.059,51585.695,-1.789,60.000
0.057,0.001,0.012,20.880,132549.000,0.490,60.000
0.051,0.025,0.012,19.649,159924.312,5.690,60.000
0.058,0.001,0.018,22.211,89927.836,-0.240,60.000
0.051,0.012,0.012,20.022,122293.820,4.069,60.000
0.050,0.000,0.011,28.641,30097.961,0.656,60.000
0.051,0.013,0.012,20.329,112277.648,3.778,60.000
0.002,0.011,0.011,18.683,24212.984,6.893,60.000
0.049,0.019,0.013,19.581,137017.344,6.823,60.000
0.048,0.017,0.013,19.729,137659.031,6.535,60.000
0.048,0.025,0.011,21.983,142829.188,6.783,60.000
0.050,0.001,0.006,23.324,108910.648,0.800,60.000
0.050,0.006,0.015,20.379,99146.742,2.726,60.000
0.001,0.012,0.012,19.878,58123.273,6.188,60.000
0.049,0.020,0.014,19.566,138308.812,6.690,60.000
0.052,0.012,0.011,19.262,95616.602,3.287,60.000
0.058,0.001,0.018,21.911,85830.414,-0.229,60.000
0.049,0.023,0.014,20.501,143043.938,5.925,60.000
0.052,0.007,0.012,21.180,116047.555,4.642,60.000
0.055,0.001,0.014,26.912,78242.758,0.847,60.000
0.050,0.000,0.017,27.783,17854.906,-1.947,60.000
0.052,0.011,0.014,21.087,108391.570,3.362,60.000
0.050,0.004,0.010,21.561,78581.367,1.890,60.000
0.040,0.000,0.008,22.360,-41918.996,-1.471,60.000
0.058,0.001,0.006,19.907,144986.094,-0.048,60.000
0.047,0.001,0.005,21.518,96029.242,0.506,60.000
0.042,0.001,0.010,23.213,95808.320,0.446,60.000
0.049,0.003,0.013,22.684,106678.414,2.700,60.000
0.049,0.023,0.014,20.617,147143.344,5.853,60.000
0.060,0.000,0.012,24.190,44061.945,0.904,60.000
0.054,0.001,0.019,22.740,65342.898,0.798,60.000
0.044,0.000,0.012,31.031,-73075.742,-0.164,60.000
0.043,0.001,0.011,24.158,84279.695,-0.207,60.000
0.042,0.000,0.007,23.564,-9459.898,-0.622,60.000
0.042,0.000,0.013,26.072,-16020.227,-3.519,60.000
0.040,0.001,0.010,21.498,66056.773,-0.095,60.000
0.097,0.011,0.013,20.231,128711.773,4.494,60.000
0.050,0.026,0.013,19.869,179032.375,5.686,60.000
0.051,0.004,0.014,20.324,105878.977,2.317,60.000
0.045,0.001,0.010,22.546,106419.195,0.898,60.000
0.098,0.013,0.011,19.138,109993.883,5.070,60.000
0.045,0.001,0.018,21.942,128741.867,0.745,60.000
0.051,0.013,0.014,23.634,142647.750,4.259,60.000
0.001,0.012,0.013,23.299,16045.078,3.741,60.000
0.050,0.026,0.011,20.683,136808.500,6.473,60.000
0.056,0.001,0.013,24.163,109340.117,0.996,60.000
0.047,0.000,0.020,20.943,7779.531,-0.984,60.000
0.049,0.001,0.013,27.987,120089.977,2.272,60.000
0.048,0.001,0.016,24.778,147535.062,1.746,60.000
0.043,0.002,0.012,21.148,107834.352,-0.068,60.000
0.050,0.001,0.006,25.902,58433.398,0.291,60.000
0.050,0.008,0.009,20.962,123664.867,2.422,60.000
0.052,0.025,0.012,19.471,151209.594,5.363,60.000
0.050,0.016,0.014,20.995,146541.156,6.433,60.000
0.048,0.009,0.011,21.449,135697.969,3.924,60.000
0.050,0.014,0.012,20.595,112990.914,5.318,60.000
0.056,0.000,0.010,26.689,-57899.121,-0.011,60.000
0.042,0.001,0.011,22.086,92848.336,-0.274,60.000
0.052,0.012,0.011,19.585,90890.148,3.114,60.000
0.049,0.003,0.012,23.346,92259.039,2.795,60.000
0.048,0.008,0.010,22.074,120879.289,2.354,60.000
0.049,0.023,0.013,20.879,153285.844,5.819,60.000
0.055,0.000,0.019,21.030,2213.742,-1.147,60.000
0.044,0.001,0.018,20.326,127096.820,0.059,60.000
0.049,0.010,0.011,20.922,137034.219,4.324,60.000
0.052,0.022,0.012,19.982,125239.820,5.566,60.000
0.052,0.007,0.012,21.973,109597.227,4.805,60.000
0.051,0.003,0.013,22.819,90769.555,2.697,60.000
0.044,0.001,0.013,26.927,30369.180,-0.290,60.000
0.047,0.001,0.011,23.365,91514.148,1.505,60.000
0.051,0.009,0.011,19.375,124646.023,3.857,60.000
0.058,0.000,0.009,27.047,-9460.547,-0.355,60.000
0.041,0.000,0.014,19.997,27605.477,1.613,60.000
0.052,0.001,0.018,22.946,99990.273,2.148,60.000
0.002,0.011,0.012,19.616,41943.148,6.246,60.000
0.003,0.011,0.012,19.095,36243.180,6.300,60.000
0.049,0.007,0.010,21.227,122089.539,1.898,60.000
0.051,0.005,0.011,20.777,114325.695,3.917,60.000
0.055,0.000,0.022,17.740,21127.766,0.207,60.000
0.050,0.000,0.013,33.992,-7974.656,0.662,60.000
0.002,0.012,0.010,17.660,28698.258,7.240,60.000
0.100,0.012,0.013,23.227,-103224.969,11.671,60.000
0.048,0.002,0.011,22.347,97798.695,1.668,60.000
0.056,0.000,0.006,22.898,-16712.906,0.380,60.000
0.051,0.005,0.011,20.999,102942.148,3.476,60.000
0.050,0.013,0.011,20.808,81386.523,4.596,60.000
0.050,0.001,0.006,24.694,57736.258,0.144,60.000
0.049,0.010,0.013,20.357,143198.062,4.937,60.000
0.049,0.011,0.010,21.159,79682.039,4.209,60.000
0.044,0.001,0.005,21.544,86171.070,0.944,60.000
0.049,0.020,0.013,20.571,140631.375,5.917,60.000
0.057,0.000,0.019,20.452,67649.727,1.434,60.000
0.059,0.000,0.011,19.902,59926.492,-1.591,60.000
0.056,0.001,0.009,26.045,-51354.055,-1.088,60.000
0.057,0.001,0.010,24.298,86560.711,0.404,60.000
0.049,0.023,0.014,20.703,153446.875,5.832,60.000
0.049,0.001,0.021,23.727,-53571.836,-1.338,60.000
0.051,0.004,0.010,22.113,64701.211,2.342,60.000
0.043,0.000,0.018,18.908,34936.242,-1.532,60.000
0.052,0.022,0.011,19.181,101623.102,5.640,60.000
0.049,0.010,0.012,20.894,138825.688,4.505,60.000
0.059,0.001,0.018,20.336,105914.242,0.112,60.000
0.051,0.026,0.013,19.104,152328.969,4.506,60.000
0.049,0.007,0.011,21.920,167940.844,4.304,60.000
0.050,0.018,0.012,19.745,125189.945,6.578,60.000
0.059,0.001,0.015,23.002,119088.930,-0.428,60.000
0.048,0.015,0.013,20.307,140960.906,5.884,60.000
0.047,0.001,0.012,29.954,11603.031,0.128,60.000
0.048,0.000,0.014,28.978,51208.648,1.151,60.000
0.044,0.001,0.011,24.893,56453.648,-0.799,60.000
0.051,0.025,0.012,19.650,146438.812,5.782,60.000
0.048,0.002,0.013,23.758,116714.273,3.145,60.000
0.049,0.020,0.012,20.619,139309.531,6.378,60.000
0.044,0.000,0.013,27.149,43060.711,-1.169,60.000
0.048,0.006,0.013,21.913,131943.719,3.741,60.000
0.049,0.009,0.013,20.544,149591.500,5.472,60.000
0.048,0.021,0.012,20.557,144626.438,5.664,60.000
0.051,0.007,0.011,20.549,156973.625,4.474,60.000
0.051,0.021,0.010,18.981,91591.086,5.833,60.000
0.050,0.023,0.012,19.900,139680.156,5.790,60.000
0.048,0.007,0.013,21.246,128439.883,3.638,60.000
0.052,0.007,0.011,19.749,129048.992,3.803,60.000
0.045,0.000,0.014,29.375,47230.148,2.326,60.000
0.049,0.015,0.011,20.886,105880.398,5.822,60.000
0.050,0.010,0.011,20.438,129551.758,4.126,60.000
0.047,0.001,0.014,27.041,149126.625,2.168,60.000
0.052,0.007,0.012,21.650,104775.633,4.584,60.000
0.051,0.009,0.012,21.135,135691.531,5.305,60.000
0.048,0.025,0.011,21.513,144590.812,6.886,60.000
0.051,0.018,0.011,19.373,103978.352,6.084,60.000
0.043,0.001,0.014,21.154,91778.898,0.910,60.000
0.050,0.005,0.014,21.300,100139.680,2.853,60.000
0.049,0.003,0.014,22.604,117033.039,2.581,60.000
0.049,0.017,0.013,20.231,134189.875,6.868,60.000
0.046,0.001,0.013,23.972,121814.570,2.127,60.000
0.049,0.012,0.011,20.654,101679.336,4.198,60.000
0.052,0.027,0.012,18.474,96694.211,3.247,60.000
0.054,0.000,0.015,25.545,38863.773,0.635,60.000
0.001,0.012,0.013,20.614,75090.664,5.559,60.000
0.059,0.000,0.007,24.224,17935.117,0.633,60.000
0.052,0.001,0.018,24.157,105898.164,2.054,60.000
0.051,0.000,0.013,31.428,-38688.406,-0.737,60.000
0.051,0.009,0.010,19.389,119205.898,3.551,60.000
0.055,0.001,0.004,20.618,26689.555,-1.034,60.000
0.043,0.001,0.005,21.379,79463.430,1.084,60.000
0.049,0.025,0.011,20.615,137204.219,6.576,60.000
0.047,0.001,0.009,24.669,105062.617,0.619,60.000
0.050,0.021,0.012,20.596,141302.844,5.978,60.000
0.056,0.000,0.005,22.079,23658.602,0.341,60.000
0.054,0.002,0.017,21.197,85185.805,0.814,60.000
0.050,0.002,0.017,23.137,130199.602,2.075,60.000
0.052,0.000,0.015,30.783,-17259.078,-0.429,60.000
0.051,0.019,0.012,20.007,109570.258,6.339,60.000
0.051,0.002,0.008,24.399,83870.695,0.588,60.000
0.050,0.021,0.013,20.267,127739.039,6.298,60.000
0.052,0.015,0.012,19.744,103403.242,4.765,60.000
0.056,0.002,0.009,22.580,89710.664,0.118,60.000
0.052,0.012,0.012,20.302,112356.789,4.037,60.000
0.058,0.001,0.015,21.670,111504.508,0.027,60.000
0.057,0.000,0.007,24.541,-47317.027,0.129,60.000
0.052,0.000,0.014,33.939,-12666.281,0.029,60.000
0.050,0.014,0.014,23.374,157971.625,4.990,60.000
0.054,0.002,0.014,23.370,92982.289,0.888,60.000
0.055,0.001,0.011,22.365,86766.820,1.767,60.000
0.051,0.002,0.009,24.710,68057.289,0.679,60.000
0.050,0.019,0.014,20.140,138618.406,7.335,60.000
0.051,0.025,0.010,21.064,112518.477,5.688,60.000
0.043,0.001,0.015,19.984,116760.992,0.905,60.000
0.049,0.019,0.010,19.423,117968.617,6.449,60.000
0.053,0.000,0.004,21.390,36754.633,-0.374,60.000
0.054,0.001,0.014,23.351,98021.695,1.170,60.000
0.047,0.001,0.014,28.396,55350.211,0.437,60.000
0.050,0.005,0.012,21.644,105180.820,3.749,60.000
0.002,0.014,0.012,19.341,62004.320,6.098,60.000
0.098,0.013,0.012,20.149,113131.820,4.868,60.000
0.051,0.018,0.013,20.575,114147.477,7.042,60.000
0.051,0.016,0.014,21.326,137694.781,6.255,60.000
0.052,0.004,0.012,21.671,79156.211,3.311,60.000
0.053,0.001,0.018,22.419,99578.492,2.047,60.000
0.046,0.001,0.017,19.800,151994.406,1.360,60.000
0.051,0.020,0.012,20.316,124649.758,6.102,60.000
0.050,0.025,0.013,19.924,175964.562,5.588,60.000
0.060,0.000,0.011,19.388,32064.727,2.338,60.000
0.051,0.015,0.014,21.966,153477.188,5.772,60.000
0.048,0.002,0.016,22.226,153209.562,1.876,60.000
0.050,0.000,0.017,26.159,36432.477,0.523,60.000
0.052,0.002,0.013,23.974,84213.086,2.427,60.000
0.051,0.013,0.012,20.866,123803.555,4.096,60.000
0.050,0.000,0.011,28.173,48326.883,1.161,60.000
0.049,0.002,0.009,24.533,74204.398,1.226,60.000
0.048,0.026,0.013,20.580,160812.594,6.279,60.000
0.047,0.000,0.003,21.429,-23642.406,-0.618,60.000
0.045,0.001,0.011,25.526,57880.164,-0.383,60.000
0.045,0.000,0.006,25.171,-23683.070,-0.777,60.000
0.053,0.001,0.011,30.742,-61384.199,0.732,60.000
0.048,0.007,0.012,21.940,158207.969,4.446,60.000
0.049,0.018,0.010,19.618,119252.477,6.241,60.000
0.050,0.001,0.009,25.196,81102.820,0.804,60.000
0.045,0.000,0.008,28.112,-68193.219,0.709,60.000
0.047,0.001,0.002,21.018,85809.398,0.360,60.000
0.049,0.008,0.013,21.204,156297.969,5.526,60.000
0.052,0.007,0.014,19.912,79988.727,2.818,60.000
0.054,0.001,0.009,26.648,34268.383,-0.049,60.000
0.049,0.016,0.014,21.094,149909.312,6.038,60.000
0.057,0.001,0.018,23.666,3880.992,-1.369,60.000
0.047,0.001,0.022,21.063,105053.586,1.017,60.000
0.002,0.013,0.011,18.439,47439.633,6.505,60.000
0.051,0.010,0.011,19.249,116973.695,3.725,60.000
0.042,0.001,0.019,18.301,111032.633,0.163,60.000
0.044,0.001,0.007,23.233,77256.773,0.573,60.000
0.042,0.001,0.015,22.950,45927.727,-2.431,60.000
0.049,0.012,0.010,21.004,88966.555,4.376,60.000
0.049,0.025,0.013,19.914,174041.969,5.756,60.000
0.049,0.001,0.012,27.472,57386.617,2.113,60.000
0.000,0.013,0.013,20.995,21630.469,10.432,60.000
0.044,0.000,0.003,21.258,16953.164,0.931,60.000
0.053,0.000,0.002,19.345,13135.617,-1.519,60.000
0.048,0.000,0.015,30.199,-53691.035,-2.475,60.000
0.049,0.005,0.013,21.995,107291.664,3.403,60.000
0.044,0.001,0.007,21.515,81508.055,0.415,60.000
0.043,0.001,0.010,22.534,110856.789,0.194,60.000
0.052,0.007,0.012,21.086,95922.461,4.125,60.000
0.043,0.001,0.007,21.947,74551.711,0.468,60.000
0.048,0.007,0.014,20.897,114514.367,3.516,60.000
0.052,0.019,0.012,19.289,97880.195,5.611,60.000
0.051,0.006,0.014,20.457,91662.523,2.719,60.000
0.045,0.000,0.014,29.526,-120473.188,-2.716,60.000
0.053,0.002,0.010,24.606,54088.461,1.226,60.000
0.052,0.021,0.012,20.045,115817.570,5.875,60.000
0.044,0.000,0.010,24.016,11467.461,-0.815,60.000
0.058,0.001,0.007,21.118,125954.617,-0.076,60.000
0.049,0.011,0.010,21.427,94787.695,4.121,60.000
0.051,0.021,0.012,20.465,127141.242,6.057,60.000
0.056,0.001,0.016,24.216,35275.570,-0.626,60.000
0.049,0.007,0.011,22.032,169067.688,4.879,60.000
0.049,0.000,0.011,27.069,59580.602,0.794,60.000
0.056,0.001,0.016,21.164,94846.477,0.486,60.000
0.060,0.000,0.011,23.054,107718.289,-1.211,60.000
0.052,0.025,0.012,19.540,147055.125,5.310,60.000
0.050,0.003,0.012,23.635,77961.867,3.198,60.000
0.051,0.001,0.017,25.361,77802.055,1.510,60.000
0.050,0.010,0.013,20.507,124866.805,4.767,60.000
0.042,0.001,0.017,17.983,107107.086,-0.315,60.000
0.049,0.005,0.010,22.155,90553.617,1.516,60.000
0.049,0.000,0.016,27.425,36399.320,0.960,60.000
0.047,0.000,0.017,26.150,67363.633,-0.164,60.000
0.049,0.001,0.017,25.142,135889.344,1.662,60.000
0.050,0.025,0.012,20.121,154469.688,6.152,60.000
0.052,0.026,0.014,19.948,173882.031,5.359,60.000
0.050,0.000,0.014,33.111,-49589.492,-1.054,60.000
0.051,0.020,0.012,20.285,121474.445,6.210,60.000
0.050,0.023,0.013,20.693,148189.594,5.826,60.000
0.057,0.002,0.012,20.916,124279.305,0.606,60.000
0.049,0.000,0.013,32.885,-2391.320,1.428,60.000
0.097,0.013,0.012,19.743,113854.742,4.924,60.000
0.044,0.001,0.018,21.124,95422.680,-0.569,60.000
0.050,0.003,0.010,23.939,57714.945,0.890,60.000
0.052,0.001,0.012,29.080,-1346.836,1.801,60.000
0.048,0.001,0.013,27.013,102465.477,2.329,60.000
0.055,0.001,0.015,23.686,98815.742,0.959,60.000
0.042,0.001,0.013,20.405,73453.852,-0.609,60.000
0.001,0.012,0.013,21.079,58415.398,5.882,60.000
0.052,0.008,0.010,18.680,135978.344,3.292,60.000
0.050,0.008,0.015,20.097,101928.039,3.362,60.000
0.058,0.001,0.010,21.898,111209.695,0.455,60.000
0.050,0.022,0.011,20.279,127618.711,6.413,60.000
0.049,0.016,0.012,20.011,124193.664,6.338,60.000
0.051,0.023,0.013,20.273,140832.250,5.460,60.000
0.042,0.000,0.009,21.652,66451.414,-0.727,60.000
0.049,0.005,0.014,21.680,98691.867,2.771,60.000
0.048,0.025,0.013,19.985,173243.500,5.725,60.000
0.049,0.003,0.013,23.356,113731.039,3.015,60.000
0.099,0.012,0.012,21.011,124165.148,4.996,60.000
0.045,0.000,0.011,25.647,32996.664,-0.651,60.000
0.055,0.001,0.010,22.053,77927.867,0.890,60.000
0.052,0.017,0.013,20.651,104407.320,6.645,60.000
0.051,0.001,0.020,21.908,118331.805,1.879,60.000
0.058,0.000,0.010,22.596,80277.258,-1.072,60.000
0.058,0.001,0.009,22.335,116030.211,0.191,60.000
0.049,0.024,0.012,20.311,146868.000,6.074,60.000
0.045,0.000,0.022,21.077,25935.609,-0.088,60.000
0.056,0.000,0.020,24.420,-20262.969,2.205,60.000
0.099,0.012,0.012,20.410,118363.461,5.214,60.000
0.050,0.001,0.020,23.175,124501.914,1.861,60.000
0.057,0.001,0.019,21.716,37821.508,-0.787,60.000
0.050,0.000,0.018,22.592,75605.742,1.336,60.000
0.051,0.024,0.010,20.487,107142.680,5.756,60.000
0.050,0.001,0.003,22.657,66762.305,0.344,60.000
0.097,0.012,0.013,20.237,123796.086,4.155,60.000
0.050,0.008,0.014,20.427,111657.617,4.454,60.000
0.051,0.020,0.012,20.466,122837.445,6.058,60.000
0.051,0.002,0.013,24.562,86027.055,2.047,60.000
0.049,0.002,0.007,23.430,96434.664,0.841,60.000
0.046,0.001,0.019,20.877,129102.367,1.139,60.000
0.058,0.001,0.004,18.666,131958.375,0.011,60.000
0.049,0.025,0.014,19.949,174791.156,5.726,60.000
0.001,0.011,0.012,19.917,36667.148,6.435,60.000
0.051,0.008,0.012,21.864,156927.938,5.752,60.000
0.049,0.026,0.011,20.779,142063.125,6.575,60.000
0.099,0.012,0.013,20.817,131166.500,4.105,60.000
0.050,0.009,0.009,21.518,112620.086,2.626,60.000
0.048,0.000,0.002,21.818,-16381.062,-0.521,60.000
0.051,0.000,0.022,22.941,-330.945,-0.527,60.000
0.051,0.006,0.012,22.062,104507.383,4.138,60.000
0.050,0.013,0.010,20.185,76471.898,4.577,60.000
0.052,0.022,0.011,19.303,112453.352,5.448,60.000
0.050,0.012,0.014,23.174,148221.188,3.639,60.000
0.044,0.001,0.016,19.471,152162.250,1.002,60.000
0.049,0.015,0.010,20.456,94642.758,5.689,60.000
0.048,0.003,0.012,23.351,112401.508,3.092,60.000
0.050,0.012,0.012,21.013,135117.531,4.086,60.000
0.043,0.000,0.006,21.784,-23743.039,-0.618,60.000
0.043,0.000,0.018,20.171,18859.383,-0.381,60.000
0.044,0.002,0.008,21.906,96881.867,0.622,60.000
0.058,0.001,0.017,22.923,33539.289,-1.077,60.000
0.052,0.019,0.011,18.640,94725.445,5.601,60.000
0.049,0.025,0.013,20.199,169509.531,5.962,60.000
0.050,0.001,0.017,25.539,119807.008,1.811,60.000
0.051,0.001,0.005,22.636,103069.695,0.206,60.000
0.059,0.001,0.018,20.107,104291.023,0.062,60.000
0.047,0.002,0.012,23.549,101390.539,2.030,60.000
0.048,0.025,0.013,20.466,161703.844,5.886,60.000
0.052,0.005,0.014,19.454,88119.289,2.305,60.000
0.049,0.000,0.011,33.243,152760.375,5.741,60.000
0.050,0.018,0.010,18.928,104019.430,5.818,60.000
0.051,0.014,0.011,20.487,88043.148,5.241,60.000
0.045,0.001,0.014,29.795,-57526.961,-1.518,60.000
0.100,0.013,0.011,27.446,-98589.461,4.456,60.000
0.001,0.012,0.012,20.072,45957.320,6.294,60.000
0.048,0.016,0.011,20.533,129560.055,6.675,60.000
0.055,0.000,0.019,21.189,9279.539,-0.780,60.000
0.058,0.001,0.005,23.431,17712.383,-0.387,60.000
0.054,0.000,0.021,18.741,-3553.531,-1.573,60.000
0.041,0.001,0.007,22.496,57876.305,0.268,60.000
0.042,0.001,0.012,22.003,89419.086,-0.366,60.000
0.050,0.020,0.011,20.028,116156.508,6.070,60.000
0.049,0.001,0.015,29.702,-23149.414,-0.684,60.000
0.050,0.000,0.006,25.773,4749.500,-0.171,60.000
0.049,0.026,0.014,19.025,165607.031,4.766,60.000
0.053,0.000,0.013,29.810,30749.961,0.827,60.000
0.052,0.011,0.012,19.246,99461.305,3.308,60.000
0.048,0.000,0.007,27.417,-25939.727,0.242,60.000
0.049,0.014,0.010,20.683,76835.070,5.158,60.000
0.048,0.025,0.013,20.301,161820.281,5.840,60.000
0.048,0.000,0.005,24.779,14505.250,0.414,60.000
0.045,0.000,0.002,22.537,-47652.441,-0.405,60.000
0.042,0.000,0.009,23.046,-15655.344,-0.983,60.000
0.049,0.018,0.012,19.996,127154.805,6.317,60.000
0.052,0.026,0.013,19.478,169506.344,5.373,60.000
0.048,0.020,0.012,20.506,140437.625,5.768,60.000
0.049,0.001,0.018,26.252,20903.039,0.049,60.000
0.054,0.001,0.012,23.332,88797.539,1.959,60.000
0.056,0.001,0.004,19.844,121734.664,-0.072,60.000
0.046,0.000,0.018,24.815,36373.648,0.976,60.000
0.041,0.001,0.015,20.167,62244.320,-0.506,60.000
0.043,0.001,0.012,25.346,61824.445,-0.416,60.000
0.049,0.018,0.011,20.299,135752.656,6.456,60.000
0.043,0.000,0.014,27.750,-17653.680,-2.313,60.000
0.055,0.001,0.012,25.261,103387.789,1.313,60.000
0.051,0.027,0.011,19.588,92056.148,4.452,60.000
0.052,0.026,0.012,19.953,145483.062,5.491,60.000
0.002,0.013,0.011,17.822,42882.539,7.007,60.000
0.049,0.023,0.012,20.589,138813.719,6.234,60.000
0.050,0.013,0.013,22.404,152328.562,4.826,60.000
0.041,0.000,0.014,20.056,41345.602,-1.516,60.000
0.051,0.001,0.020,23.930,15413.391,0.022,60.000
0.049,0.002,0.018,22.097,123959.352,2.021,60.000
0.054,0.001,0.017,22.415,96608.055,0.906,60.000
0.050,0.002,0.015,22.284,118849.492,2.088,60.000
0.059,0.000,0.014,23.688,68516.633,0.313,60.000
0.052,0.005,0.013,19.347,92557.992,2.250,60.000
0.047,0.001,0.006,22.306,94728.883,0.719,60.000
0.045,0.000,0.017,22.070,29291.242,-1.709,60.000
0.042,0.000,0.008,22.594,47477.242,-0.008,60.000
0.051,0.001,0.003,20.311,107857.977,0.408,60.000
0.056,0.001,0.018,22.625,30616.977,-0.740,60.000
0.049,0.007,0.012,22.324,155653.500,5.551,60.000
0.047,0.002,0.017,20.806,155999.250,1.632,60.000
0.057,0.001,0.009,22.222,106875.258,-0.050,60.000
0.053,0.000,0.017,29.711,72206.461,0.785,60.000
0.002,0.011,0.014,20.933,69938.867,5.315,60.000
0.044,0.001,0.010,23.838,98538.914,0.386,60.000
0.049,0.018,0.012,20.104,132931.938,6.272,60.000
0.048,0.017,0.012,20.007,140205.844,6.332,60.000
0.046,0.001,0.004,22.084,85539.070,0.892,60.000
0.047,0.002,0.011,22.393,100743.820,1.050,60.000
0.044,0.001,0.012,24.284,94337.086,0.533,60.000
0.048,0.014,0.011,21.055,120304.852,5.506,60.000
0.049,0.001,0.006,24.105,102614.023,0.628,60.000
0.046,0.000,0.013,31.688,-46600.027,-0.793,60.000
0.050,0.012,0.011,20.458,110962.445,4.067,60.000
0.051,0.025,0.011,21.024,114314.117,5.817,60.000
0.049,0.021,0.013,20.870,143592.562,5.849,60.000
0.055,0.001,0.007,23.002,103725.602,0.346,60.000
0.045,0.002,0.013,22.672,123008.414,1.849,60.000
0.051,0.007,0.012,22.225,129243.805,5.464,60.000
0.041,0.001,0.006,21.838,16412.172,0.908,60.000
0.049,0.001,0.002,21.238,59474.867,0.296,60.000
0.056,0.000,0.010,26.804,-37949.945,-1.137,60.000
0.001,0.011,0.012,20.755,12659.711,5.917,60.000
0.049,0.005,0.012,21.961,129028.023,4.182,60.000
0.050,0.021,0.013,20.696,133889.375,5.977,60.000
0.051,0.014,0.011,20.134,89132.539,5.051,60.000
0.050,0.020,0.014,19.828,129877.758,6.707,60.000
0.050,0.003,0.009,23.631,69015.070,1.024,60.000
0.054,0.001,0.010,26.917,31537.383,0.564,60.000
0.049,0.027,0.014,16.824,91430.961,2.336,60.000
0.054,0.000,0.020,20.326,30277.586,-0.746,60.000
0.051,0.024,0.010,20.691,107328.602,5.639,60.000
0.050,0.012,0.012,20.577,130798.758,4.119,60.000
0.051,0.000,0.014,29.007,28470.148,0.663,60.000
0.050,0.010,0.010,20.413,109563.320,3.797,60.000
0.055,0.001,0.017,21.327,97900.758,0.581,60.000
0.042,0.000,0.006,20.999,13644.453,-0.694,60.000
0.059,0.000,0.010,24.738,-28933.867,0.364,60.000
0.049,0.001,0.008,24.599,95993.617,0.753,60.000
0.048,0.015,0.012,20.924,122033.602,5.814,60.000
0.051,0.001,0.017,23.717,117272.883,2.058,60.000
0.050,0.015,0.013,20.541,132920.344,5.730,60.000
0.043,0.000,0.011,28.796,-67227.703,0.868,60.000
0.051,0.012,0.011,20.031,103854.945,3.994,60.000
0.048,0.006,0.012,22.277,128751.523,3.882,60.000
0.045,0.001,0.012,25.826,64173.477,0.253,60.000
0.045,0.001,0.020,19.487,117486.789,1.093,60.000
0.049,0.007,0.011,22.165,162153.250,4.634,60.000
0.052,0.016,0.013,21.195,119295.805,5.875,60.000
0.043,0.001,0.018,20.306,29742.883,-1.789,60.000
0.049,0.006,0.013,21.901,113430.773,3.451,60.000
0.052,0.002,0.018,22.775,94457.492,2.104,60.000
0.043,0.002,0.011,21.666,103458.680,-0.199,60.000
0.055,0.000,0.004,18.437,-16276.250,-2.782,60.000
0.044,0.000,0.016,28.911,-37822.016,-2.524,60.000
0.051,0.022,0.013,20.688,124319.320,5.927,60.000
0.044,0.001,0.004,22.263,43841.195,1.223,60.000
0.052,0.021,0.011,19.205,110487.086,5.761,60.000
0.052,0.006,0.010,19.287,129475.820,2.248,60.000
0.044,0.000,0.017,23.414,-17249.594,-2.937,60.000
0.049,0.008,0.014,20.976,119470.617,4.082,60.000
0.047,0.000,0.012,28.890,-7386.938,-1.171,60.000
0.050,0.012,0.010,20.632,84013.695,4.410,60.000
0.002,0.011,0.014,20.795,71639.820,5.392,60.000
0.050,0.000,0.008,28.220,-22553.117,0.615,60.000
0.051,0.009,0.012,20.601,130835.664,5.340,60.000
0.048,0.010,0.011,20.924,131589.281,4.167,60.000
0.050,0.006,0.013,21.448,98006.805,3.274,60.000
0.053,0.001,0.005,23.082,32327.914,-0.526,60.000
0.052,0.016,0.011,19.850,94684.008,6.191,60.000
0.045,0.000,0.012,33.030,-13315.281,1.575,60.000
0.058,0.001,0.010,20.328,120997.570,0.338,60.000
0.052,0.011,0.011,19.307,99037.445,3.387,60.000
0.045,0.002,0.011,21.615,107721.961,0.430,60.000
0.045,0.001,0.011,25.434,30777.523,-1.267,60.000
0.057,0.001,0.015,22.780,113059.289,0.090,60.000
0.045,0.002,0.014,22.570,136169.906,1.850,60.000
0.051,0.010,0.010,19.449,81317.102,3.454,60.000
0.052,0.018,0.011,19.129,96026.461,5.829,60.000
0.050,0.000,0.010,32.836,-26027.891,0.877,60.000
0.052,0.008,0.014,19.437,75025.273,3.049,60.000
0.050,0.000,0.012,28.986,39584.289,1.115,60.000
0.051,0.014,0.010,20.362,69554.914,5.289,60.000
0.051,0.008,0.012,21.275,127763.461,5.618,60.000
0.098,0.011,0.012,19.317,127123.383,4.772,60.000
0.057,0.000,0.019,21.425,30593.930,0.311,60.000
0.055,0.001,0.014,23.930,109975.883,0.977,60.000
0.057,0.001,0.014,22.565,117614.836,0.112,60.000
0.045,0.000,0.013,30.412,38017.492,-1.443,60.000
0.048,0.027,0.012,21.161,200930.312,8.532,60.000
0.045,0.000,0.021,21.058,1028.570,-1.230,60.000
0.053,0.000,0.015,32.184,17187.398,-0.537,60.000
0.051,0.000,0.010,28.845,-70834.062,-0.476,60.000
0.042,0.001,0.020,19.396,111270.477,0.711,60.000
0.051,0.021,0.013,20.571,119741.617,5.978,60.000
0.051,0.012,0.014,22.574,134887.031,3.746,60.000
0.050,0.001,0.009,24.322,71059.648,0.850,60.000
0.051,0.020,0.013,20.095,114478.648,6.772,60.000
0.053,0.000,0.002,23.503,20061.812,-0.283,60.000
0.043,0.002,0.012,21.511,107574.508,-0.205,60.000
0.050,0.001,0.022,21.937,127699.648,1.744,60.000
0.051,0.025,0.013,19.779,167817.844,5.475,60.000
0.052,0.016,0.012,19.844,101273.180,5.911,60.000
0.059,0.001,0.009,22.804,33851.789,-0.244,60.000
0.051,0.010,0.012,20.348,122297.789,4.711,60.000
0.050,0.011,0.010,20.103,89855.727,4.081,60.000
0.051,0.024,0.011,20.274,131535.250,6.024,60.000
0.050,0.001,0.002,19.960,92548.102,0.231,60.000
0.056,0.000,0.013,28.860,59360.477,0.410,60.000
0.050,0.001,0.012,27.573,20158.633,1.734,60.000
0.046,0.001,0.002,21.357,17596.586,0.627,60.000
0.060,0.000,0.009,20.257,104507.445,-1.617,60.000
0.046,0.001,0.021,21.540,101658.305,0.903,60.000
0.059,0.001,0.014,22.397,123214.055,-0.228,60.000
0.050,0.000,0.012,29.100,44548.352,1.055,60.000
0.040,0.001,0.010,21.965,68903.539,-0.176,60.000
0.043,0.001,0.011,24.325,85887.227,-0.078,60.000
0.050,0.021,0.010,19.276,101688.430,6.067,60.000
0.050,0.007,0.015,20.162,97937.648,2.785,60.000
0.043,0.000,0.013,28.446,-50601.371,-0.106,60.000
0.043,0.002,0.009,22.157,109851.555,0.479,60.000
0.054,0.001,0.020,20.783,111953.320,1.770,60.000
0.047,0.000,0.010,31.520,-32513.172,1.604,60.000
0.051,0.021,0.012,19.818,122456.430,5.786,60.000
0.041,0.000,0.013,24.640,-15186.492,-2.369,60.000
0.049,0.001,0.010,25.684,59077.961,0.800,60.000
0.043,0.000,0.007,23.534,-34439.594,-1.655,60.000
0.044,0.001,0.019,20.726,124368.805,0.667,60.000
0.049,0.000,0.018,23.059,39330.570,-0.033,60.000
0.048,0.024,0.010,21.502,139191.562,6.859,60.000
0.051,0.023,0.013,20.422,140113.438,5.823,60.000
0.050,0.003,0.012,23.915,100441.336,3.322,60.000
0.049,0.018,0.012,20.355,134580.906,6.254,60.000
0.055,0.000,0.018,22.607,398.141,-1.365,60.000
0.050,0.026,0.013,19.856,180364.250,5.806,60.000
0.042,0.000,0.008,21.718,12029.258,-1.580,60.000
0.049,0.013,0.013,21.075,149217.938,4.686,60.000
0.061,0.001,0.013,21.956,130934.242,-0.476,60.000
0.045,0.002,0.009,22.417,105120.555,0.611,60.000
0.051,0.016,0.010,19.267,97536.195,5.912,60.000
0.051,0.001,0.020,23.156,66128.945,1.080,60.000
0.056,0.001,0.020,23.175,-34799.656,-2.453,60.000
0.051,0.018,0.012,19.228,103232.523,5.977,60.000
0.049,0.002,0.006,22.993,104959.898,0.738,60.000
0.045,0.001,0.010,22.729,115750.789,0.673,60.000
0.054,0.001,0.009,24.081,78454.289,0.497,60.000
0.052,0.000,0.007,25.150,5215.016,0.969,60.000
0.044,0.000,0.006,24.083,1509.695,0.091,60.000
0.050,0.012,0.014,23.341,146224.875,3.619,60.000
0.048,0.002,0.012,23.587,122126.523,2.835,60.000
0.042,0.001,0.006,21.983,61949.273,0.994,60.000
0.050,0.010,0.014,21.497,135331.688,3.854,60.000
0.055,0.000,0.015,27.934,35564.586,-0.039,60.000
0.059,0.001,0.009,22.323,117773.430,0.352,60.000
0.050,0.013,0.014,23.241,154081.406,4.494,60.000
