X,Y,Z,Temperature_C,Pressure_Pa,V_Mag_ms,Power_W_Input
0.051,0.026,0.011,20.491,255968.250,5.698,68.000
0.048,0.000,0.004,21.077,-5210.773,-0.562,68.000
0.051,0.022,0.011,21.638,244203.656,5.231,68.000
0.002,0.012,0.013,20.876,128611.445,7.733,68.000
0.049,0.017,0.013,21.656,249096.312,9.035,68.000
0.048,0.018,0.012,21.615,231712.844,8.856,68.000
0.043,0.001,0.006,22.035,189145.125,1.718,68.000
0.044,0.000,0.003,20.758,20908.570,1.638,68.000
0.050,0.010,0.014,18.751,235603.969,6.432,68.000
0.051,0.007,0.012,19.649,252434.156,7.814,68.000
0.049,0.008,0.014,19.268,228147.906,6.771,68.000
0.097,0.012,0.012,21.210,186334.625,6.950,68.000
0.050,0.000,0.005,24.003,-28756.078,0.658,68.000
0.051,0.011,0.012,21.413,234266.438,8.450,68.000
0.048,0.009,0.011,21.964,244774.875,8.028,68.000
0.050,0.003,0.011,20.427,262223.469,6.363,68.000
0.044,0.001,0.018,22.205,203696.219,3.305,68.000
0.050,0.022,0.014,19.371,271927.969,9.293,68.000
0.051,0.017,0.011,22.705,223628.156,7.252,68.000
0.046,0.002,0.009,19.287,232628.938,4.774,68.000
0.056,0.001,0.012,21.628,253406.094,3.558,68.000
0.099,0.013,0.011,18.580,202813.125,7.513,68.000
0.048,0.009,0.012,21.933,219842.781,7.187,68.000
0.051,0.026,0.011,20.463,257365.000,5.818,68.000
0.047,0.000,0.004,24.792,1880.203,-0.670,68.000
0.050,0.020,0.012,21.387,252149.188,8.186,68.000
0.048,0.008,0.010,20.958,263143.938,7.496,68.000
0.051,0.018,0.013,21.599,240610.312,8.364,68.000
0.052,0.001,0.012,26.398,183245.938,3.235,68.000
0.098,0.011,0.013,20.286,191959.531,5.766,68.000
0.052,0.014,0.012,21.534,237188.625,7.941,68.000
0.051,0.000,0.005,20.846,-4514.188,0.442,68.000
0.050,0.001,0.015,24.805,212021.469,4.003,68.000
0.052,0.000,0.020,24.111,-9082.938,0.026,68.000
0.049,0.016,0.013,20.981,246319.906,8.862,68.000
0.047,0.001,0.013,22.322,210275.719,5.753,68.000
0.050,0.008,0.014,19.503,228834.406,6.383,68.000
0.048,0.001,0.011,20.144,250443.938,6.108,68.000
0.052,0.006,0.011,19.290,259540.469,7.674,68.000
0.051,0.016,0.014,19.217,267445.594,7.918,68.000
0.049,0.010,0.011,22.037,243038.000,8.416,68.000
0.048,0.002,0.007,20.288,207728.719,2.815,68.000
0.048,0.020,0.013,18.895,277929.188,9.915,68.000
0.047,0.001,0.016,22.191,259772.469,4.558,68.000
0.051,0.021,0.013,21.016,235659.000,8.957,68.000
0.049,0.022,0.014,20.056,274640.750,9.200,68.000
0.050,0.023,0.011,20.212,263984.219,5.871,68.000
0.044,0.001,0.019,21.258,226117.594,3.759,68.000
0.051,0.026,0.010,19.541,272004.312,5.308,68.000
0.046,0.001,0.012,28.530,35861.023,1.057,68.000
0.048,0.001,0.001,21.738,102565.961,0.886,68.000
0.049,0.025,0.012,21.182,285849.719,6.867,68.000
0.052,0.001,0.019,22.460,220169.969,2.919,68.000
0.051,0.017,0.011,22.873,220650.844,7.449,68.000
0.049,0.018,0.014,18.805,273838.750,8.805,68.000
0.051,0.025,0.011,20.340,259858.406,5.199,68.000
0.047,0.001,0.007,25.260,65053.117,0.419,68.000
0.050,0.001,0.004,23.557,125286.008,1.757,68.000
0.044,0.001,0.011,20.993,186278.656,4.047,68.000
0.056,0.000,0.010,21.245,-32077.539,0.599,68.000
0.050,0.000,0.021,22.507,9765.500,-0.712,68.000
0.049,0.008,0.015,18.658,219371.438,5.858,68.000
0.050,0.018,0.012,22.381,230449.969,8.674,68.000
0.051,0.009,0.015,18.931,221327.438,6.018,68.000
0.001,0.013,0.012,21.149,183918.625,8.056,68.000
0.049,0.025,0.010,18.729,287165.969,5.397,68.000
0.099,0.012,0.011,18.828,206905.531,7.474,68.000
0.051,0.012,0.014,18.653,236785.594,7.113,68.000
0.054,0.000,0.013,28.228,-30820.688,2.525,68.000
0.049,0.024,0.013,20.657,286405.812,8.223,68.000
0.050,0.000,0.011,27.677,-3357.398,1.087,68.000
0.054,0.001,0.019,22.035,197329.500,2.564,68.000
0.043,0.001,0.019,20.076,193107.375,3.274,68.000
0.050,0.009,0.011,21.484,252163.938,8.431,68.000
0.058,0.001,0.018,20.582,116149.961,1.090,68.000
0.048,0.000,0.012,30.307,-23192.211,-1.797,68.000
0.049,0.007,0.010,19.742,264265.188,7.430,68.000
0.045,0.002,0.016,21.372,263012.688,4.618,68.000
0.050,0.000,0.009,28.776,-90406.617,-0.048,68.000
0.043,0.001,0.014,19.617,210254.375,4.122,68.000
0.049,0.010,0.012,22.279,234992.844,8.023,68.000
0.049,0.025,0.014,20.692,294901.875,9.480,68.000
0.048,0.002,0.012,21.355,213972.750,6.135,68.000
0.047,0.000,0.021,23.184,55368.492,1.103,68.000
0.045,0.001,0.013,24.407,161413.719,3.820,68.000
0.047,0.001,0.018,22.511,246676.688,4.134,68.000
0.051,0.000,0.002,21.448,-63360.348,-0.511,68.000
0.045,0.001,0.011,19.929,233276.562,5.600,68.000
0.041,0.000,0.011,24.053,-30028.555,1.906,68.000
0.054,0.001,0.014,25.905,147555.094,1.173,68.000
0.056,0.001,0.003,24.888,-35945.367,1.326,68.000
0.049,0.001,0.010,22.224,216842.562,5.124,68.000
0.045,0.000,0.014,31.694,-49572.051,-2.218,68.000
0.050,0.025,0.012,21.992,272094.031,7.241,68.000
0.045,0.001,0.015,26.580,137246.906,1.152,68.000
0.049,0.021,0.012,20.376,259594.344,7.726,68.000
0.049,0.018,0.013,22.576,233228.500,9.199,68.000
0.050,0.017,0.010,21.507,222057.000,7.264,68.000
0.049,0.014,0.014,19.746,252196.094,8.027,68.000
0.052,0.002,0.011,19.704,275093.688,5.837,68.000
0.058,0.001,0.011,20.511,232492.281,1.930,68.000
0.049,0.009,0.014,19.023,236063.312,6.082,68.000
0.047,0.002,0.017,21.686,272401.781,4.678,68.000
0.051,0.014,0.012,21.386,223976.656,8.162,68.000
0.042,0.001,0.006,21.139,209037.969,2.202,68.000
0.061,0.001,0.009,19.350,198424.219,0.876,68.000
0.052,0.018,0.012,21.957,234227.688,7.854,68.000
0.049,0.008,0.014,19.297,226700.469,6.651,68.000
0.052,0.006,0.012,18.995,262408.500,7.395,68.000
0.056,0.000,0.015,24.912,15984.555,-1.620,68.000
0.049,0.020,0.013,19.774,270220.469,9.870,68.000
0.052,0.026,0.013,23.688,242302.250,9.338,68.000
0.050,0.000,0.007,23.162,16833.734,2.014,68.000
0.055,0.001,0.004,26.970,-178120.859,-0.945,68.000
0.099,0.012,0.011,19.375,199924.062,7.005,68.000
0.052,0.000,0.014,28.692,6454.555,0.776,68.000
0.043,0.000,0.019,23.046,-3269.711,-0.327,68.000
0.059,0.001,0.017,19.464,149819.469,0.875,68.000
0.050,0.005,0.012,20.294,248842.469,6.784,68.000
0.048,0.011,0.013,21.327,227754.156,6.769,68.000
0.046,0.001,0.013,26.749,116703.227,2.387,68.000
0.050,0.001,0.007,21.508,181526.625,2.452,68.000
0.050,0.001,0.022,20.754,160540.312,2.210,68.000
0.046,0.001,0.010,25.849,49055.758,1.185,68.000
0.049,0.001,0.004,22.589,167140.562,2.229,68.000
0.047,0.000,0.018,25.743,33251.414,0.600,68.000
0.056,0.001,0.010,21.993,231012.406,2.843,68.000
0.050,0.022,0.014,20.350,263618.062,9.129,68.000
0.047,0.001,0.007,21.332,184066.062,2.370,68.000
0.050,0.008,0.010,19.546,275246.438,6.917,68.000
0.048,0.001,0.019,22.145,214463.938,3.257,68.000
0.047,0.001,0.020,21.910,178615.844,2.475,68.000
0.057,0.000,0.009,22.342,-75865.789,1.958,68.000
0.056,0.000,0.018,21.096,14982.609,1.116,68.000
0.051,0.007,0.011,20.305,263937.906,8.277,68.000
0.051,0.011,0.012,21.344,241647.406,8.294,68.000
0.041,0.000,0.009,18.495,2980.516,-0.205,68.000
0.047,0.001,0.017,21.952,274787.875,4.472,68.000
0.040,0.001,0.011,19.351,171929.031,2.179,68.000
0.049,0.001,0.004,22.946,142580.250,1.903,68.000
0.050,0.001,0.013,31.937,17518.062,0.375,68.000
0.057,0.001,0.014,21.411,213414.469,2.922,68.000
0.049,0.000,0.015,29.723,61523.555,0.450,68.000
0.048,0.012,0.012,21.651,239862.906,7.886,68.000
0.048,0.010,0.012,21.988,224645.594,7.189,68.000
0.048,0.014,0.013,20.586,242545.844,8.745,68.000
0.051,0.015,0.014,18.464,268202.312,7.909,68.000
0.045,0.000,0.018,23.130,-2335.156,-1.456,68.000
0.051,0.014,0.011,21.890,223428.125,8.044,68.000
0.051,0.026,0.014,24.154,236116.062,9.683,68.000
0.053,0.000,0.013,28.064,-9257.492,1.745,68.000
0.049,0.001,0.013,24.198,218268.250,4.583,68.000
0.056,0.001,0.011,21.319,235190.906,2.571,68.000
0.049,0.003,0.011,20.306,256774.375,6.233,68.000
0.047,0.002,0.007,19.935,214855.031,2.744,68.000
0.050,0.008,0.014,19.403,222070.219,6.108,68.000
0.051,0.014,0.013,21.496,244825.094,8.275,68.000
0.057,0.001,0.009,22.434,201391.156,1.617,68.000
0.050,0.009,0.013,20.694,230445.375,7.381,68.000
0.051,0.026,0.011,22.181,246508.656,6.857,68.000
0.050,0.024,0.013,21.416,266790.156,8.888,68.000
0.052,0.000,0.010,30.747,29129.930,3.043,68.000
0.052,0.004,0.012,18.803,271499.094,6.214,68.000
0.051,0.024,0.012,22.482,250750.219,7.429,68.000
0.053,0.001,0.022,22.915,29997.773,0.341,68.000
0.050,0.020,0.014,18.216,271419.531,9.027,68.000
0.051,0.001,0.007,23.040,151728.156,1.823,68.000
0.049,0.018,0.012,21.953,237107.719,9.317,68.000
0.048,0.015,0.014,19.872,251190.688,8.677,68.000
0.051,0.006,0.013,18.764,237608.062,7.206,68.000
0.055,0.001,0.008,22.275,201542.562,2.842,68.000
0.052,0.004,0.013,18.241,261051.906,6.537,68.000
0.044,0.001,0.014,20.319,213365.594,4.584,68.000
0.050,0.019,0.014,17.993,274878.188,8.990,68.000
0.052,0.001,0.005,25.074,55720.336,0.760,68.000
0.053,0.001,0.016,27.631,61052.711,0.707,68.000
0.047,0.000,0.014,29.630,-2686.734,-1.834,68.000
0.047,0.000,0.013,30.963,-17545.406,-1.713,68.000
0.048,0.012,0.012,21.468,244588.188,8.221,68.000
0.051,0.021,0.012,22.118,233374.781,6.908,68.000
0.052,0.016,0.011,22.725,223144.906,7.620,68.000
0.049,0.002,0.013,19.743,231110.812,6.374,68.000
0.060,0.000,0.013,20.894,79965.180,0.945,68.000
0.048,0.010,0.012,21.829,223178.000,6.922,68.000
0.049,0.008,0.012,21.543,240192.938,8.114,68.000
0.049,0.012,0.011,22.057,246384.469,8.122,68.000
0.052,0.017,0.013,21.417,248629.656,7.814,68.000
0.045,0.000,0.018,26.547,46288.383,-0.499,68.000
0.051,0.026,0.013,22.806,265616.562,9.493,68.000
0.060,0.001,0.015,17.676,183127.219,1.401,68.000
0.051,0.005,0.011,19.725,272522.562,7.055,68.000
0.048,0.002,0.011,19.911,255367.156,6.006,68.000
0.056,0.000,0.014,27.269,16191.688,-0.662,68.000
0.042,0.000,0.014,24.920,-30442.141,-2.173,68.000
0.050,0.009,0.015,19.127,220528.188,6.065,68.000
0.050,0.023,0.012,21.218,270255.625,8.112,68.000
0.050,0.012,0.013,20.477,237310.406,7.664,68.000
0.053,0.000,0.010,28.735,-27391.820,2.037,68.000
0.045,0.002,0.007,19.988,212345.031,2.449,68.000
0.058,0.001,0.015,19.528,173115.719,2.280,68.000
0.053,0.001,0.007,22.958,160024.000,1.938,68.000
0.050,0.000,0.022,23.692,2679.047,-0.535,68.000
0.050,0.019,0.012,21.240,245457.844,9.003,68.000
0.051,0.004,0.013,18.166,245783.781,6.755,68.000
0.050,0.006,0.012,20.196,261802.750,7.865,68.000
0.056,0.000,0.010,24.529,11707.609,2.953,68.000
0.051,0.026,0.010,20.413,257312.625,5.612,68.000
0.055,0.002,0.015,21.967,249278.438,3.184,68.000
0.100,0.011,0.012,17.821,3144.383,8.042,68.000
0.045,0.000,0.008,29.517,-111475.922,1.065,68.000
0.050,0.008,0.010,19.931,278180.781,7.021,68.000
0.049,0.009,0.010,21.174,275229.969,7.642,68.000
0.053,0.000,0.017,26.490,-10725.805,1.259,68.000
0.049,0.010,0.015,18.814,235616.031,6.360,68.000
0.046,0.001,0.020,21.829,206880.938,3.251,68.000
0.052,0.016,0.012,22.528,235067.062,7.693,68.000
0.058,0.001,0.019,19.327,185539.906,1.371,68.000
0.051,0.001,0.019,23.050,185531.906,2.548,68.000
0.052,0.001,0.022,20.962,125129.805,0.811,68.000
0.048,0.009,0.013,20.750,228669.469,6.405,68.000
0.055,0.000,0.020,20.289,-21821.375,2.152,68.000
0.055,0.000,0.017,26.868,-31473.133,0.092,68.000
0.056,0.002,0.007,21.153,188567.500,2.952,68.000
0.049,0.012,0.012,21.882,239313.938,8.297,68.000
0.047,0.001,0.013,26.797,152658.031,3.090,68.000
0.051,0.019,0.012,22.094,236837.344,8.033,68.000
0.059,0.000,0.010,19.144,-6464.914,1.842,68.000
0.056,0.000,0.012,25.938,-66162.281,1.530,68.000
0.050,0.024,0.012,21.276,272597.719,7.995,68.000
0.056,0.000,0.008,19.180,1303.359,2.165,68.000
0.059,0.001,0.015,20.104,105191.836,1.094,68.000
0.048,0.004,0.011,20.785,242607.406,6.140,68.000
0.052,0.005,0.011,18.305,288551.688,6.377,68.000
0.055,0.000,0.017,25.309,5146.820,-0.595,68.000
0.052,0.006,0.014,18.375,225531.625,6.182,68.000
0.099,0.011,0.012,18.473,211376.125,7.432,68.000
0.098,0.012,0.011,17.159,212516.688,8.614,68.000
0.050,0.005,0.010,18.793,285372.875,5.884,68.000
0.052,0.026,0.012,23.142,248894.531,7.503,68.000
0.054,0.000,0.009,32.231,20188.617,2.704,68.000
0.052,0.005,0.012,18.668,274058.938,6.342,68.000
0.051,0.024,0.012,22.325,250247.000,8.081,68.000
0.099,0.012,0.011,17.131,220355.188,8.335,68.000
0.051,0.006,0.014,18.481,206732.594,5.153,68.000
0.097,0.014,0.012,20.791,189855.438,7.768,68.000
0.052,0.016,0.014,19.531,266310.188,7.931,68.000
0.042,0.000,0.017,24.345,17517.008,1.034,68.000
0.044,0.001,0.013,23.303,186477.969,3.939,68.000
0.051,0.005,0.014,17.858,224737.750,6.387,68.000
0.049,0.004,0.010,19.402,272650.312,5.890,68.000
0.049,0.013,0.011,21.987,227765.469,8.801,68.000
0.044,0.001,0.014,22.140,182877.938,3.209,68.000
0.050,0.017,0.011,22.235,217027.250,7.486,68.000
0.041,0.001,0.017,19.961,137442.844,2.484,68.000
0.051,0.018,0.013,21.063,241751.531,8.667,68.000
0.001,0.012,0.011,18.542,225976.469,5.674,68.000
0.043,0.001,0.014,24.663,69188.289,-0.310,68.000
0.049,0.021,0.011,20.298,267162.531,7.411,68.000
0.047,0.001,0.022,20.173,176421.219,2.689,68.000
0.051,0.000,0.003,21.993,-56306.004,-0.191,68.000
0.050,0.023,0.010,19.916,263656.906,5.207,68.000
0.049,0.003,0.013,20.100,219103.312,6.326,68.000
0.051,0.018,0.012,22.113,230700.656,8.628,68.000
0.048,0.026,0.011,20.264,287640.562,6.133,68.000
0.051,0.001,0.003,22.595,127686.367,2.216,68.000
0.050,0.021,0.014,19.053,270364.250,9.336,68.000
0.051,0.014,0.010,21.358,237950.344,7.587,68.000
0.049,0.019,0.010,21.191,238869.281,6.952,68.000
0.048,0.009,0.011,22.112,234698.406,7.668,68.000
0.055,0.000,0.017,26.889,-5167.938,0.040,68.000
0.051,0.004,0.012,19.525,259379.469,6.229,68.000
0.050,0.008,0.012,21.496,252685.812,8.455,68.000
0.055,0.001,0.013,23.724,239948.062,3.261,68.000
0.045,0.001,0.012,22.994,174579.500,4.069,68.000
0.056,0.002,0.011,21.067,249325.812,3.533,68.000
0.055,0.001,0.018,23.274,120714.414,1.568,68.000
0.050,0.008,0.013,19.920,232557.656,7.634,68.000
0.049,0.012,0.010,22.373,264096.438,7.404,68.000
0.051,0.006,0.014,18.511,217889.062,6.089,68.000
0.051,0.003,0.013,19.496,243416.688,6.370,68.000
0.099,0.013,0.012,20.721,133497.938,6.751,68.000
0.049,0.008,0.012,21.752,225833.594,7.693,68.000
0.053,0.000,0.021,23.547,-34542.469,-1.430,68.000
0.058,0.001,0.010,20.970,220903.406,1.526,68.000
0.054,0.000,0.015,28.375,-78299.484,-1.152,68.000
0.051,0.022,0.010,20.657,258752.000,4.758,68.000
0.050,0.000,0.007,22.047,34248.133,-0.067,68.000
0.049,0.019,0.014,19.042,275354.469,9.235,68.000
0.050,0.018,0.010,21.552,238143.969,6.654,68.000
0.049,0.014,0.011,22.446,218542.906,8.371,68.000
0.050,0.026,0.013,22.475,273978.875,9.051,68.000
0.052,0.001,0.019,22.695,188589.188,2.655,68.000
0.050,0.011,0.014,18.480,240291.062,6.537,68.000
0.049,0.019,0.011,20.818,249726.281,7.377,68.000
0.049,0.025,0.010,18.849,280711.750,5.363,68.000
0.049,0.001,0.009,25.187,104251.617,1.376,68.000
0.049,0.009,0.013,21.489,229212.875,7.700,68.000
0.048,0.013,0.013,20.188,238866.031,7.118,68.000
0.001,0.011,0.012,20.968,165346.250,6.648,68.000
0.058,0.001,0.007,23.230,47882.992,2.044,68.000
0.052,0.003,0.012,19.636,258615.312,5.952,68.000
0.050,0.007,0.011,20.469,265364.062,7.945,68.000
0.049,0.000,0.011,32.763,16128.445,1.585,68.000
0.049,0.007,0.013,20.802,224459.688,7.625,68.000
0.041,0.000,0.008,22.603,-2618.141,-0.077,68.000
0.050,0.021,0.012,21.605,249934.219,6.901,68.000
0.050,0.015,0.012,22.087,230314.125,8.425,68.000
0.048,0.005,0.010,19.171,267964.250,5.603,68.000
0.047,0.000,0.005,23.029,92720.242,0.339,68.000
0.044,0.001,0.018,22.532,128288.258,1.330,68.000
0.047,0.001,0.007,23.112,136498.219,1.538,68.000
0.041,0.001,0.011,19.116,180021.594,2.805,68.000
0.050,0.005,0.012,20.285,262390.594,7.122,68.000
0.060,0.001,0.013,19.557,178602.219,0.588,68.000
0.049,0.011,0.011,21.982,250442.688,8.285,68.000
0.049,0.001,0.017,25.768,150200.375,2.119,68.000
0.042,0.001,0.008,21.161,145164.406,1.181,68.000
0.052,0.005,0.012,18.700,255104.875,6.623,68.000
0.001,0.012,0.011,18.407,213471.062,6.064,68.000
0.052,0.000,0.022,22.297,-8688.039,-0.878,68.000
0.049,0.010,0.010,21.627,280615.688,7.423,68.000
0.050,0.001,0.011,23.958,198040.656,4.337,68.000
0.048,0.010,0.013,21.366,225422.781,6.140,68.000
0.049,0.021,0.011,20.310,262720.750,7.521,68.000
0.041,0.001,0.006,20.387,199322.094,2.521,68.000
0.050,0.025,0.012,21.423,268963.375,6.437,68.000
0.048,0.002,0.011,20.069,255352.938,6.010,68.000
0.001,0.012,0.012,21.082,174186.125,7.044,68.000
0.050,0.019,0.012,21.284,242370.812,9.134,68.000
0.054,0.002,0.007,21.421,188562.000,2.642,68.000
0.052,0.000,0.016,28.870,37271.602,-0.320,68.000
0.042,0.001,0.014,19.998,208303.750,3.533,68.000
0.048,0.018,0.012,21.539,234951.156,8.229,68.000
0.049,0.024,0.010,18.750,285267.375,5.860,68.000
0.055,0.000,0.012,25.107,-42889.113,-0.884,68.000
0.050,0.025,0.012,21.365,269518.125,6.510,68.000
0.049,0.023,0.011,20.034,269954.625,6.315,68.000
0.047,0.002,0.010,19.348,237249.312,4.999,68.000
0.051,0.003,0.014,17.779,243756.844,5.711,68.000
0.050,0.010,0.012,21.707,233574.219,8.016,68.000
0.045,0.001,0.013,23.358,205430.188,4.442,68.000
0.051,0.020,0.012,21.276,241482.594,8.502,68.000
0.051,0.021,0.011,21.933,239899.750,6.538,68.000
0.045,0.000,0.016,27.763,94208.836,-0.148,68.000
0.050,0.009,0.013,20.697,232731.938,7.298,68.000
0.049,0.027,0.013,25.544,256573.750,8.966,68.000
0.052,0.006,0.013,18.711,245937.656,7.035,68.000
0.002,0.013,0.011,19.188,216384.031,6.706,68.000
0.051,0.000,0.011,27.075,-20310.125,-0.325,68.000
0.046,0.002,0.012,20.989,221024.594,5.747,68.000
0.048,0.023,0.013,20.178,288347.500,9.139,68.000
0.042,0.000,0.016,26.948,51899.570,1.402,68.000
0.001,0.012,0.013,21.124,158850.062,7.510,68.000
0.050,0.004,0.010,18.917,281399.094,5.901,68.000
0.049,0.023,0.010,19.598,275393.062,5.614,68.000
0.048,0.007,0.013,20.247,207021.125,6.791,68.000
0.048,0.021,0.014,19.154,275743.406,9.892,68.000
0.098,0.011,0.013,20.227,195403.094,6.184,68.000
0.041,0.001,0.011,24.337,52969.867,0.442,68.000
0.048,0.013,0.014,19.813,236888.875,6.828,68.000
0.059,0.000,0.013,19.926,6939.258,0.898,68.000
0.058,0.001,0.015,22.686,66585.180,1.501,68.000
0.044,0.001,0.015,19.603,211021.344,4.191,68.000
0.055,0.002,0.018,21.614,227102.750,3.077,68.000
0.001,0.012,0.013,21.330,117345.195,7.735,68.000
0.050,0.003,0.012,19.800,243773.062,6.482,68.000
0.058,0.001,0.013,20.543,230763.438,2.115,68.000
0.050,0.015,0.012,21.923,235323.875,8.523,68.000
0.044,0.001,0.011,23.082,107894.102,2.385,68.000
0.049,0.005,0.011,19.581,259837.438,6.152,68.000
0.049,0.001,0.016,22.497,275143.906,4.509,68.000
0.047,0.001,0.005,22.032,188110.031,2.593,68.000
0.050,0.011,0.011,22.027,243127.250,8.396,68.000
0.003,0.012,0.012,20.809,172176.000,7.182,68.000
0.097,0.011,0.012,18.757,208081.031,7.193,68.000
0.057,0.000,0.014,25.624,26572.867,-0.419,68.000
0.049,0.001,0.018,21.818,263343.188,3.975,68.000
0.049,0.010,0.011,21.773,258724.062,8.093,68.000
0.056,0.001,0.008,22.226,192223.562,2.412,68.000
0.049,0.001,0.020,22.227,191412.562,2.938,68.000
0.049,0.009,0.015,18.989,230990.938,6.057,68.000
0.051,0.001,0.004,23.550,127459.398,2.294,68.000
0.056,0.001,0.011,25.541,106562.195,0.447,68.000
0.050,0.020,0.013,18.917,270173.250,9.022,68.000
0.052,0.005,0.011,18.784,276264.281,7.177,68.000
0.057,0.001,0.007,21.356,187236.406,2.276,68.000
0.051,0.003,0.014,18.132,245139.469,5.842,68.000
0.051,0.004,0.009,18.382,290720.031,5.635,68.000
0.002,0.013,0.010,17.754,251672.156,5.537,68.000
0.049,0.002,0.014,20.487,233863.375,5.291,68.000
0.050,0.014,0.011,22.284,220439.750,8.503,68.000
0.057,0.001,0.017,20.245,212029.375,2.245,68.000
0.048,0.006,0.010,18.784,265556.125,5.984,68.000
0.059,0.001,0.009,20.401,206133.594,1.138,68.000
0.059,0.000,0.012,22.883,30829.023,0.841,68.000
0.050,0.018,0.013,21.246,243285.688,8.756,68.000
0.048,0.001,0.015,26.101,204898.812,3.230,68.000
0.050,0.013,0.012,21.267,237122.469,8.933,68.000
0.050,0.016,0.012,22.591,224690.781,8.256,68.000
0.050,0.008,0.014,19.172,223361.438,6.394,68.000
0.045,0.001,0.014,21.487,218159.281,4.968,68.000
0.050,0.025,0.012,22.188,271100.469,7.350,68.000
0.049,0.008,0.013,21.223,231433.000,7.936,68.000
0.052,0.001,0.009,21.658,231562.781,4.252,68.000
0.051,0.006,0.013,19.124,246065.219,7.003,68.000
0.044,0.001,0.019,20.852,213997.125,3.515,68.000
0.051,0.024,0.013,21.758,261223.562,9.346,68.000
0.049,0.015,0.013,21.452,239304.531,8.684,68.000
0.059,0.001,0.007,20.453,156192.562,1.639,68.000
0.051,0.003,0.010,18.955,280975.094,5.962,68.000
0.045,0.001,0.016,20.800,261858.969,4.395,68.000
0.051,0.004,0.010,18.408,290335.406,5.963,68.000
0.050,0.019,0.012,22.211,238155.250,8.204,68.000
0.050,0.015,0.012,22.068,221205.594,8.375,68.000
0.053,0.002,0.007,21.626,185689.406,2.473,68.000
0.048,0.005,0.011,20.562,244016.562,6.478,68.000
0.051,0.015,0.013,21.692,247336.031,8.215,68.000
0.047,0.000,0.017,29.238,-7715.641,-1.144,68.000
0.055,0.000,0.010,28.054,28775.180,3.541,68.000
0.051,0.000,0.020,24.897,736.250,-0.026,68.000
0.041,0.001,0.014,20.235,109290.367,1.056,68.000
0.100,0.012,0.013,19.875,81435.180,8.196,68.000
0.044,0.001,0.019,21.618,226397.656,3.740,68.000
0.050,0.022,0.013,20.745,251935.375,8.665,68.000
0.050,0.011,0.010,21.371,289424.062,7.095,68.000
0.048,0.021,0.012,20.241,259883.281,7.993,68.000
0.050,0.016,0.014,19.211,266488.469,7.972,68.000
0.043,0.001,0.013,20.863,208994.656,4.537,68.000
0.058,0.001,0.018,20.185,130975.414,0.774,68.000
0.052,0.023,0.012,22.708,227474.469,8.095,68.000
0.059,0.001,0.017,21.511,69282.492,0.908,68.000
0.051,0.006,0.011,19.187,265862.531,7.753,68.000
0.058,0.000,0.012,24.263,44756.648,0.777,68.000
0.055,0.001,0.021,21.192,130060.008,0.971,68.000
0.049,0.018,0.010,21.600,228145.531,7.201,68.000
0.050,0.001,0.023,20.503,145423.875,1.441,68.000
0.051,0.007,0.014,19.032,218908.750,6.432,68.000
0.049,0.026,0.011,19.196,275605.938,5.659,68.000
0.048,0.000,0.018,24.145,22623.852,-0.062,68.000
0.043,0.000,0.015,25.251,78273.523,0.640,68.000
0.051,0.001,0.019,24.094,134933.688,1.736,68.000
0.052,0.002,0.012,21.099,264493.094,4.921,68.000
0.058,0.001,0.013,20.766,246869.250,2.926,68.000
0.050,0.000,0.002,20.683,-46217.141,-1.593,68.000
0.057,0.001,0.017,21.033,171223.281,1.815,68.000
0.050,0.010,0.010,21.305,278268.281,7.359,68.000
0.042,0.000,0.010,23.380,9763.320,-0.334,68.000
0.051,0.011,0.013,20.189,229298.250,7.306,68.000
0.050,0.000,0.018,25.073,37603.523,0.067,68.000
0.050,0.014,0.012,21.175,234645.469,8.803,68.000
0.051,0.022,0.011,21.521,241186.250,5.086,68.000
0.099,0.011,0.013,22.383,164880.062,5.198,68.000
0.097,0.013,0.012,20.630,191716.094,7.825,68.000
0.048,0.024,0.013,20.212,291201.562,8.944,68.000
0.048,0.015,0.013,21.061,230932.875,8.876,68.000
0.048,0.017,0.011,21.761,225254.094,8.073,68.000
0.049,0.006,0.013,19.147,221737.812,6.859,68.000
0.050,0.015,0.013,21.800,236935.719,8.399,68.000
0.050,0.004,0.013,19.610,230774.000,6.385,68.000
0.051,0.022,0.011,21.290,247418.781,5.432,68.000
0.048,0.017,0.014,21.061,246656.812,8.703,68.000
0.050,0.022,0.011,21.119,252985.438,6.189,68.000
0.050,0.017,0.010,21.302,224167.250,7.318,68.000
0.043,0.001,0.013,24.985,88359.117,0.831,68.000
0.055,0.000,0.016,24.713,14040.742,1.543,68.000
0.051,0.005,0.012,20.049,265624.438,6.925,68.000
0.047,0.002,0.011,20.335,243858.250,6.392,68.000
0.048,0.000,0.009,26.345,-47780.984,-0.073,68.000
0.050,0.020,0.010,21.060,260283.375,6.114,68.000
0.052,0.000,0.010,25.150,43174.336,2.339,68.000
0.049,0.009,0.011,21.838,247428.969,8.359,68.000
0.049,0.001,0.022,21.065,159828.344,2.074,68.000
0.049,0.016,0.011,22.078,212424.812,7.980,68.000
0.045,0.001,0.017,20.945,266653.719,4.570,68.000
0.052,0.013,0.011,21.232,243233.375,8.485,68.000
0.051,0.016,0.012,22.706,228514.031,7.692,68.000
0.050,0.025,0.011,20.018,263552.562,5.151,68.000
0.050,0.007,0.012,20.780,255096.594,8.075,68.000
0.049,0.007,0.013,19.786,230064.125,7.542,68.000
0.058,0.001,0.019,22.693,35613.445,0.956,68.000
0.051,0.002,0.007,21.098,181132.625,2.475,68.000
0.043,0.001,0.016,19.542,255936.812,4.010,68.000
0.044,0.001,0.009,20.482,165395.125,2.232,68.000
0.097,0.012,0.012,20.377,192611.938,6.757,68.000
0.051,0.008,0.011,20.731,262622.375,8.529,68.000
0.046,0.001,0.012,23.299,160307.000,4.170,68.000
0.050,0.020,0.012,21.617,247746.562,8.657,68.000
0.050,0.008,0.014,19.591,223682.219,6.810,68.000
0.050,0.004,0.012,20.603,249920.656,6.245,68.000
0.052,0.000,0.001,23.397,-83094.906,-0.334,68.000
0.003,0.012,0.011,19.100,210437.125,6.254,68.000
0.052,0.009,0.013,20.293,219324.188,7.206,68.000
0.052,0.000,0.019,25.111,-8108.070,0.061,68.000
0.053,0.000,0.006,22.400,-3860.500,0.895,68.000
0.053,0.001,0.021,22.627,121090.867,0.696,68.000
0.049,0.007,0.010,19.731,260493.500,7.198,68.000
0.045,0.001,0.021,21.147,99815.945,1.392,68.000
0.053,0.002,0.018,22.393,231353.844,3.135,68.000
0.100,0.013,0.011,18.992,785.828,9.003,68.000
0.048,0.010,0.014,20.092,233964.000,5.822,68.000
0.051,0.009,0.012,21.264,244144.500,8.512,68.000
0.050,0.023,0.011,20.337,261401.438,5.466,68.000
0.047,0.001,0.013,24.479,210120.375,4.616,68.000
0.054,0.002,0.012,22.345,267860.125,4.610,68.000
0.051,0.001,0.001,23.820,-20517.836,-0.315,68.000
0.051,0.009,0.014,19.341,221228.844,6.218,68.000
0.050,0.019,0.013,18.911,272718.375,8.929,68.000
0.097,0.010,0.012,18.449,209828.219,7.217,68.000
0.046,0.001,0.011,19.811,242716.125,6.032,68.000
0.043,0.000,0.004,22.644,80013.805,0.016,68.000
0.049,0.002,0.014,19.168,227803.375,5.663,68.000
0.051,0.013,0.011,21.432,246927.000,8.297,68.000
0.055,0.002,0.010,21.697,239949.500,3.604,68.000
0.051,0.024,0.014,21.039,262874.375,9.622,68.000
0.048,0.003,0.011,20.410,244748.750,6.054,68.000
0.049,0.018,0.010,21.386,233685.656,7.225,68.000
0.049,0.015,0.014,19.675,257742.875,8.429,68.000
0.042,0.001,0.014,20.171,189956.094,2.964,68.000
0.048,0.001,0.020,22.294,133481.281,2.001,68.000
0.049,0.026,0.013,22.534,274962.312,9.036,68.000
0.048,0.006,0.010,19.237,260385.406,6.026,68.000
0.049,0.011,0.012,21.709,234555.344,7.585,68.000
0.052,0.009,0.014,19.435,220746.531,6.375,68.000
0.048,0.004,0.011,19.907,248590.969,5.981,68.000
0.049,0.000,0.004,24.900,-57514.250,-0.562,68.000
0.048,0.001,0.018,22.339,241002.719,3.715,68.000
0.054,0.001,0.005,25.544,-39812.941,0.053,68.000
0.050,0.024,0.013,21.528,268363.094,8.400,68.000
0.051,0.007,0.012,20.198,260858.000,8.110,68.000
0.046,0.001,0.010,25.778,33690.961,1.586,68.000
0.052,0.022,0.013,21.833,233018.281,9.235,68.000
0.051,0.026,0.011,22.233,243477.875,6.755,68.000
0.057,0.001,0.012,20.768,243569.156,2.755,68.000
0.052,0.001,0.007,25.291,51704.211,0.207,68.000
0.040,0.001,0.010,22.663,51978.805,-0.099,68.000
0.051,0.006,0.015,18.538,197481.562,4.606,68.000
0.047,0.001,0.003,23.708,61554.617,-0.359,68.000
0.041,0.001,0.018,19.366,198686.469,3.821,68.000
0.052,0.001,0.021,21.031,168331.781,2.144,68.000
0.051,0.014,0.014,18.581,263530.156,7.422,68.000
0.001,0.012,0.013,21.122,161843.594,7.705,68.000
0.043,0.001,0.004,21.927,201289.094,1.641,68.000
0.051,0.017,0.014,18.863,270635.938,7.809,68.000
0.051,0.025,0.011,21.115,249137.469,5.895,68.000
0.045,0.001,0.004,22.671,164840.000,1.266,68.000
0.051,0.000,0.016,25.503,1321.344,1.159,68.000
0.050,0.014,0.012,21.494,241705.312,8.707,68.000
0.049,0.003,0.014,17.912,234109.500,6.216,68.000
0.051,0.025,0.012,22.569,263470.625,7.526,68.000
0.043,0.001,0.012,19.887,219419.688,4.638,68.000
0.002,0.011,0.012,20.071,190616.094,6.040,68.000
0.051,0.001,0.013,29.166,113122.836,2.154,68.000
0.048,0.022,0.011,19.271,284910.281,6.567,68.000
0.050,0.020,0.011,21.584,250562.031,6.830,68.000
0.045,0.000,0.004,23.044,86750.492,0.114,68.000
0.052,0.016,0.011,22.728,227794.812,7.383,68.000
0.051,0.007,0.011,19.973,266217.594,8.016,68.000
0.041,0.001,0.017,18.769,201221.875,4.202,68.000
0.048,0.016,0.011,22.022,216878.625,8.298,68.000
0.051,0.001,0.017,27.535,61808.117,0.297,68.000
0.099,0.013,0.012,20.324,200239.812,7.884,68.000
0.058,0.001,0.018,22.223,54624.227,1.148,68.000
0.057,0.001,0.012,25.824,66267.992,0.877,68.000
0.049,0.010,0.012,21.992,227708.156,7.821,68.000
0.056,0.001,0.007,23.379,106463.289,1.829,68.000
0.059,0.000,0.015,19.213,56197.883,-0.016,68.000
0.056,0.001,0.016,20.863,232586.250,3.023,68.000
0.050,0.008,0.010,20.019,271306.250,7.406,68.000
0.052,0.023,0.013,22.438,232695.594,8.621,68.000
0.048,0.010,0.013,21.485,226046.688,6.669,68.000
0.001,0.012,0.012,21.102,182465.219,6.985,68.000
0.057,0.000,0.011,24.780,25478.688,0.872,68.000
0.049,0.023,0.012,20.311,284694.469,7.965,68.000
0.041,0.001,0.013,24.003,86144.336,-0.100,68.000
0.051,0.026,0.010,20.146,260846.344,5.561,68.000
0.051,0.003,0.012,19.447,269670.531,6.312,68.000
0.044,0.001,0.005,22.309,188478.188,1.576,68.000
0.046,0.001,0.004,22.021,181119.906,1.881,68.000
0.052,0.019,0.013,21.221,228800.875,8.337,68.000
0.100,0.013,0.011,23.104,-39913.094,11.811,68.000
0.055,0.001,0.022,21.366,59311.539,0.581,68.000
0.048,0.002,0.010,19.887,250836.344,5.933,68.000
0.054,0.000,0.005,22.417,-3798.547,1.474,68.000
0.049,0.001,0.007,21.265,193867.500,2.708,68.000
0.052,0.003,0.013,18.478,255642.156,5.952,68.000
0.057,0.001,0.006,21.364,158038.875,3.530,68.000
0.045,0.001,0.017,22.163,242633.625,3.962,68.000
0.054,0.001,0.006,21.367,176198.594,2.547,68.000
0.057,0.000,0.010,24.141,45311.039,0.678,68.000
0.048,0.019,0.012,20.980,250352.969,9.547,68.000
0.048,0.016,0.011,22.367,214841.156,8.363,68.000
0.052,0.026,0.013,24.015,230173.469,9.038,68.000
0.043,0.002,0.008,18.745,203012.562,2.392,68.000
0.055,0.000,0.014,28.631,2777.672,-0.580,68.000
0.048,0.000,0.014,31.349,-12954.195,1.177,68.000
0.052,0.020,0.012,22.827,210406.469,7.663,68.000
0.049,0.015,0.013,21.309,242188.969,8.727,68.000
0.046,0.002,0.009,19.261,222388.094,3.363,68.000
0.050,0.021,0.010,21.228,256493.094,6.001,68.000
0.045,0.002,0.009,19.102,228846.250,4.732,68.000
0.051,0.011,0.013,20.364,229113.219,7.431,68.000
0.049,0.019,0.013,19.160,275899.594,9.472,68.000
0.051,0.010,0.012,21.657,233764.406,8.213,68.000
0.051,0.015,0.011,22.492,218031.250,8.277,68.000
0.052,0.008,0.013,20.222,237693.844,7.935,68.000
0.048,0.014,0.012,21.733,228853.719,9.256,68.000
0.051,0.027,0.011,22.076,246444.531,6.704,68.000
0.045,0.001,0.009,23.166,106059.789,2.104,68.000
0.057,0.001,0.012,23.150,226033.188,2.782,68.000
0.053,0.000,0.011,30.518,1471.711,2.794,68.000
0.050,0.005,0.014,17.663,212583.812,5.414,68.000
0.050,0.002,0.007,21.161,184594.969,2.525,68.000
0.053,0.000,0.014,28.925,-67344.055,0.576,68.000
0.052,0.001,0.004,23.639,120625.164,2.222,68.000
0.050,0.026,0.010,19.093,281226.281,5.236,68.000
0.058,0.001,0.018,19.328,190887.781,1.639,68.000
0.051,0.001,0.011,26.575,136185.312,2.771,68.000
0.051,0.010,0.013,21.398,223591.375,8.076,68.000
0.057,0.001,0.005,21.721,153714.531,3.489,68.000
0.049,0.002,0.019,22.321,244981.406,3.624,68.000
0.054,0.000,0.015,26.301,-47673.082,0.916,68.000
0.051,0.012,0.013,20.520,229362.875,7.931,68.000
0.044,0.001,0.014,20.956,219752.094,4.709,68.000
0.051,0.007,0.010,18.176,284211.469,6.610,68.000
0.050,0.001,0.010,26.300,103076.711,2.851,68.000
0.049,0.013,0.012,21.277,243659.719,8.604,68.000
0.051,0.016,0.011,22.510,221796.875,8.135,68.000
0.052,0.009,0.010,19.775,280520.906,7.415,68.000
0.052,0.002,0.007,21.523,193720.938,2.571,68.000
0.048,0.001,0.003,23.550,52327.445,0.039,68.000
0.044,0.001,0.004,23.397,94187.492,-0.267,68.000
0.052,0.015,0.012,21.824,225393.531,7.745,68.000
0.050,0.009,0.011,21.213,258524.344,8.276,68.000
0.051,0.001,0.004,25.242,19393.625,0.716,68.000
0.053,0.002,0.012,21.802,270771.344,4.763,68.000
0.049,0.001,0.015,25.480,219666.375,3.963,68.000
0.043,0.001,0.007,23.786,90677.742,0.186,68.000
0.049,0.004,0.012,20.813,240020.344,6.059,68.000
0.051,0.007,0.011,19.697,265008.094,7.794,68.000
0.052,0.001,0.016,24.313,227383.750,3.358,68.000
0.051,0.019,0.012,21.985,229931.156,8.233,68.000
0.055,0.000,0.016,23.786,-2976.047,0.281,68.000
0.054,0.000,0.007,22.182,22717.422,2.413,68.000
0.050,0.020,0.013,19.152,264802.688,9.073,68.000
0.050,0.016,0.013,21.671,245947.844,8.438,68.000
0.051,0.000,0.005,22.622,83699.164,1.438,68.000
0.048,0.026,0.011,19.964,294410.875,6.268,68.000
0.048,0.001,0.022,19.999,167302.844,2.405,68.000
0.051,0.012,0.010,21.179,262258.469,7.765,68.000
0.057,0.001,0.006,21.233,176469.125,3.182,68.000
0.053,0.001,0.011,28.083,68054.680,1.345,68.000
0.051,0.003,0.011,19.559,276209.719,6.275,68.000
0.050,0.006,0.013,17.875,222114.594,6.652,68.000
0.043,0.001,0.016,18.718,244392.125,4.030,68.000
0.048,0.027,0.014,17.749,267744.812,10.329,68.000
0.042,0.001,0.018,21.213,181378.250,2.788,68.000
0.055,0.001,0.003,21.636,102343.133,2.776,68.000
0.049,0.010,0.011,21.993,249533.062,8.192,68.000
0.048,0.018,0.012,22.258,227785.312,8.634,68.000
0.044,0.001,0.020,21.865,131846.969,1.543,68.000
0.044,0.002,0.009,18.557,213775.406,4.213,68.000
0.049,0.010,0.011,22.005,244683.062,8.303,68.000
0.049,0.001,0.010,22.168,202645.344,4.999,68.000
0.050,0.010,0.012,21.891,226652.781,7.987,68.000
0.050,0.014,0.010,22.510,226871.531,8.151,68.000
0.050,0.001,0.020,23.562,58757.055,0.538,68.000
0.042,0.000,0.012,27.848,-4697.531,0.563,68.000
0.049,0.001,0.004,23.777,141756.969,1.964,68.000
0.056,0.001,0.020,21.505,137763.594,0.929,68.000
0.051,0.001,0.010,26.664,109320.133,2.864,68.000
0.049,0.010,0.012,21.822,222813.219,7.216,68.000
0.040,0.001,0.014,19.571,158245.688,2.483,68.000
0.049,0.006,0.012,20.831,245074.562,7.565,68.000
0.050,0.022,0.014,19.940,270911.125,9.136,68.000
0.044,0.001,0.017,20.707,247269.219,4.005,68.000
0.051,0.012,0.014,19.364,234638.594,7.139,68.000
0.098,0.012,0.012,18.842,207688.719,7.685,68.000
0.048,0.008,0.011,21.845,243623.594,7.897,68.000
0.047,0.001,0.011,20.469,216509.000,5.478,68.000
0.050,0.022,0.011,21.124,253856.344,5.832,68.000
0.057,0.001,0.018,21.287,147101.656,1.434,68.000
0.052,0.010,0.011,20.466,259117.281,8.193,68.000
0.046,0.001,0.018,24.671,125359.945,1.166,68.000
0.053,0.000,0.011,30.718,-222.469,3.102,68.000
0.048,0.007,0.014,18.703,206849.062,6.453,68.000
0.051,0.013,0.012,21.167,236100.719,8.939,68.000
0.049,0.025,0.010,18.858,280533.594,5.754,68.000
0.045,0.002,0.013,21.566,207883.625,5.223,68.000
0.057,0.000,0.004,23.539,82668.258,3.105,68.000
0.048,0.007,0.011,20.445,244865.062,7.121,68.000
0.044,0.000,0.017,26.008,18839.258,-0.469,68.000
0.039,0.000,0.010,22.363,-28780.516,-0.471,68.000
0.050,0.023,0.013,21.261,265756.750,8.512,68.000
0.042,0.001,0.012,19.760,203390.812,3.784,68.000
0.098,0.010,0.012,18.246,210159.875,7.304,68.000
0.048,0.012,0.010,22.592,250159.469,7.902,68.000
0.051,0.001,0.014,30.748,39432.367,0.887,68.000
0.055,0.001,0.006,21.550,170136.906,2.759,68.000
0.046,0.001,0.006,24.148,90874.242,0.625,68.000
0.001,0.012,0.012,20.945,182204.969,7.458,68.000
0.058,0.000,0.011,24.874,78470.945,0.871,68.000
0.050,0.001,0.005,23.356,149352.844,2.401,68.000
0.043,0.001,0.013,21.371,209811.656,4.091,68.000
0.051,0.007,0.013,19.387,226871.344,6.957,68.000
0.050,0.001,0.015,22.670,267642.812,4.489,68.000
0.057,0.001,0.016,23.687,110957.242,1.924,68.000
0.097,0.013,0.012,21.160,189608.094,7.407,68.000
0.050,0.019,0.012,21.841,238447.594,8.761,68.000
0.054,0.000,0.011,30.468,16152.750,3.454,68.000
0.045,0.001,0.005,23.477,142291.844,1.079,68.000
0.054,0.001,0.019,21.809,192841.938,2.530,68.000
0.051,0.016,0.011,22.470,223525.844,8.019,68.000
0.050,0.000,0.012,28.307,65247.789,-0.538,68.000
0.058,0.001,0.016,20.477,142127.250,1.445,68.000
0.056,0.001,0.020,20.772,165873.812,1.776,68.000
0.049,0.022,0.012,20.835,268564.969,6.840,68.000
0.048,0.023,0.013,20.139,290614.438,8.827,68.000
0.053,0.000,0.013,28.447,14430.930,1.843,68.000
0.098,0.012,0.013,21.895,179739.625,5.898,68.000
0.052,0.017,0.012,22.494,230204.031,7.682,68.000
0.052,0.014,0.012,21.602,223340.125,7.874,68.000
0.052,0.009,0.013,20.065,220394.812,7.134,68.000
0.050,0.002,0.015,22.186,269071.062,4.571,68.000
0.045,0.000,0.022,21.615,-10783.266,2.067,68.000
0.055,0.001,0.016,22.341,194520.469,2.349,68.000
0.055,0.000,0.005,22.480,-46502.059,1.781,68.000
0.049,0.007,0.010,19.074,267203.875,6.816,68.000
0.051,0.018,0.014,17.822,271151.000,7.816,68.000
0.043,0.001,0.006,21.167,205251.031,2.024,68.000
0.051,0.026,0.011,22.170,246749.438,6.703,68.000
0.050,0.015,0.011,22.284,218850.469,8.393,68.000
0.050,0.024,0.013,21.035,270962.594,8.836,68.000
0.049,0.001,0.020,21.189,193652.406,2.946,68.000
0.049,0.002,0.014,19.408,236547.625,6.091,68.000
0.049,0.005,0.009,18.770,279741.062,5.240,68.000
0.049,0.000,0.014,31.564,-21484.883,-1.524,68.000
0.045,0.001,0.006,23.350,146744.906,1.344,68.000
0.053,0.002,0.017,21.835,261206.219,3.820,68.000
0.053,0.001,0.020,21.422,183512.344,2.408,68.000
0.058,0.001,0.019,21.644,73837.680,1.631,68.000
0.053,0.000,0.017,25.869,-32106.836,0.853,68.000
0.049,0.013,0.011,21.899,231911.906,8.845,68.000
0.001,0.013,0.013,20.826,178348.844,8.257,68.000
0.049,0.011,0.012,21.499,235371.062,7.655,68.000
0.047,0.001,0.010,20.009,246506.406,5.844,68.000
0.049,0.001,0.018,22.427,246808.656,3.664,68.000
0.045,0.002,0.012,20.477,229140.344,5.701,68.000
0.049,0.025,0.010,18.692,280407.906,5.803,68.000
0.048,0.000,0.021,24.042,-59159.219,-2.282,68.000
0.052,0.000,0.021,21.893,-47344.691,1.611,68.000
0.051,0.006,0.011,19.821,269006.375,7.607,68.000
0.052,0.009,0.013,20.679,223206.062,8.043,68.000
0.050,0.000,0.012,29.099,10355.711,1.954,68.000
0.041,0.001,0.011,25.204,-11836.594,-0.718,68.000
0.048,0.007,0.013,19.706,205062.094,6.266,68.000
0.051,0.012,0.011,21.028,246536.625,8.443,68.000
0.048,0.000,0.011,28.981,-8954.578,-1.057,68.000
0.053,0.002,0.013,23.121,251916.656,4.261,68.000
0.061,0.001,0.010,20.806,96735.633,1.225,68.000
0.057,0.001,0.004,22.194,106485.133,3.685,68.000
0.043,0.001,0.004,23.055,136371.000,0.588,68.000
0.049,0.005,0.011,20.046,264258.781,6.505,68.000
0.051,0.014,0.010,21.537,235221.406,7.740,68.000
0.043,0.000,0.008,21.210,1833.805,-0.607,68.000
0.052,0.024,0.013,22.732,242055.562,8.514,68.000
0.046,0.000,0.007,23.334,-10998.664,-0.827,68.000
0.050,0.005,0.015,17.991,204772.938,4.760,68.000
0.049,0.023,0.011,20.077,267587.438,6.082,68.000
0.046,0.000,0.021,22.321,26297.055,0.886,68.000
0.052,0.003,0.011,19.088,281005.812,6.356,68.000
0.001,0.013,0.012,20.296,178220.906,8.352,68.000
0.044,0.000,0.008,24.651,-89031.188,-1.583,68.000
0.051,0.026,0.010,20.066,265212.375,5.412,68.000
0.047,0.000,0.022,23.429,53741.727,1.098,68.000
0.097,0.013,0.013,22.435,174466.469,6.481,68.000
0.050,0.026,0.013,22.376,272982.750,8.431,68.000
0.049,0.002,0.010,19.621,256260.781,5.756,68.000
0.050,0.027,0.011,20.631,256325.938,5.811,68.000
0.052,0.003,0.011,19.405,279421.219,6.226,68.000
0.051,0.022,0.013,21.776,232949.375,8.708,68.000
0.047,0.001,0.013,23.046,222668.406,5.291,68.000
0.045,0.001,0.018,21.596,236765.531,4.000,68.000
0.044,0.001,0.017,21.127,223539.656,3.483,68.000
0.053,0.001,0.013,25.622,215162.062,3.902,68.000
0.049,0.011,0.011,22.009,258204.688,7.915,68.000
0.001,0.011,0.013,21.069,127339.883,7.298,68.000
0.051,0.018,0.014,17.999,275165.031,8.364,68.000
0.053,0.002,0.011,20.604,272373.594,5.252,68.000
0.052,0.004,0.013,17.914,252580.969,6.171,68.000
0.049,0.006,0.012,20.354,226813.719,6.834,68.000
0.048,0.001,0.007,20.876,205017.500,2.732,68.000
0.051,0.000,0.004,22.981,-99132.664,-0.225,68.000
0.050,0.018,0.010,21.664,229125.875,6.936,68.000
0.058,0.000,0.015,22.311,-77871.055,0.712,68.000
0.051,0.008,0.012,20.830,259602.125,8.526,68.000
0.055,0.001,0.018,25.469,50419.805,1.177,68.000
0.050,0.015,0.014,18.598,264248.844,7.806,68.000
0.051,0.005,0.010,18.325,293115.125,6.060,68.000
0.048,0.007,0.012,21.644,239237.812,7.749,68.000
0.058,0.001,0.012,24.637,115232.836,1.836,68.000
0.052,0.005,0.011,18.306,287250.781,6.670,68.000
0.046,0.001,0.021,21.618,123267.695,1.414,68.000
0.002,0.011,0.012,21.000,174312.656,6.405,68.000
0.054,0.000,0.014,29.038,-43582.578,-1.641,68.000
0.049,0.012,0.012,21.832,240737.906,8.509,68.000
0.059,0.001,0.007,20.175,188715.531,2.514,68.000
0.048,0.000,0.014,30.932,24593.578,0.356,68.000
0.054,0.000,0.010,25.626,55181.914,0.279,68.000
0.049,0.015,0.013,21.410,231454.812,8.830,68.000
0.051,0.010,0.011,21.071,254920.438,8.368,68.000
0.050,0.014,0.012,21.636,234762.000,8.510,68.000
0.043,0.001,0.005,21.510,208314.875,2.070,68.000
0.051,0.007,0.014,18.940,206961.906,5.881,68.000
0.052,0.001,0.013,29.346,85084.086,1.297,68.000
0.049,0.002,0.011,20.320,254894.750,6.186,68.000
0.051,0.003,0.010,18.923,283429.625,5.939,68.000
0.050,0.016,0.014,18.364,264731.781,7.803,68.000
0.048,0.023,0.012,19.700,285848.938,7.107,68.000
0.050,0.003,0.011,19.445,277816.594,6.110,68.000
0.059,0.001,0.013,21.163,137526.031,0.102,68.000
0.051,0.023,0.010,20.589,254358.438,4.709,68.000
0.050,0.002,0.007,21.014,189070.375,2.494,68.000
0.048,0.013,0.013,20.600,241022.094,7.495,68.000
0.049,0.021,0.013,20.270,263198.781,8.986,68.000
0.098,0.011,0.013,21.081,185146.094,5.135,68.000
0.050,0.000,0.005,23.708,-29675.250,0.368,68.000
0.049,0.021,0.012,20.863,264875.594,7.973,68.000
0.098,0.014,0.012,21.495,186154.969,7.907,68.000
0.050,0.011,0.013,20.616,233818.469,6.671,68.000
0.043,0.001,0.015,20.165,231109.219,3.465,68.000
0.058,0.000,0.009,20.504,19185.766,2.203,68.000
0.048,0.015,0.013,20.949,236559.344,8.907,68.000
0.048,0.003,0.012,20.424,215996.250,6.095,68.000
0.053,0.000,0.016,26.482,-12296.711,1.210,68.000
0.053,0.001,0.007,23.964,163038.750,1.943,68.000
0.048,0.025,0.011,19.431,293864.781,6.494,68.000
0.049,0.013,0.011,22.052,240794.750,8.188,68.000
0.048,0.015,0.013,20.961,237111.500,8.921,68.000
0.050,0.003,0.010,18.903,278452.188,5.634,68.000
0.043,0.000,0.011,22.805,51183.977,0.898,68.000
0.051,0.024,0.010,19.664,273240.406,4.589,68.000
0.049,0.018,0.011,21.860,229524.125,7.660,68.000
0.056,0.001,0.014,21.732,213019.000,2.957,68.000
0.056,0.001,0.019,24.205,93507.258,0.283,68.000
0.051,0.006,0.012,19.696,264718.000,7.487,68.000
0.050,0.000,0.003,24.731,-67803.359,-0.234,68.000
0.046,0.000,0.020,22.584,40307.742,-0.943,68.000
0.055,0.001,0.006,21.484,178206.906,2.622,68.000
0.051,0.018,0.014,18.245,274199.688,7.931,68.000
0.051,0.008,0.009,18.927,281556.281,6.830,68.000
0.050,0.017,0.013,22.314,236750.031,8.489,68.000
0.056,0.001,0.007,21.517,187552.438,2.754,68.000
0.000,0.013,0.012,23.975,-56558.414,14.377,68.000
0.048,0.002,0.012,20.643,241077.406,6.193,68.000
0.051,0.013,0.011,21.608,235374.094,8.661,68.000
0.051,0.018,0.013,20.095,256211.281,8.360,68.000
0.049,0.027,0.014,22.980,228397.719,8.366,68.000
0.052,0.001,0.014,23.255,239428.188,4.047,68.000
0.050,0.004,0.014,17.125,230667.125,5.985,68.000
0.048,0.002,0.014,21.279,229703.656,5.978,68.000
0.097,0.012,0.012,19.505,202659.594,7.321,68.000
0.050,0.015,0.014,18.377,265624.375,7.849,68.000
0.051,0.009,0.012,20.817,237738.875,8.248,68.000
0.048,0.005,0.012,20.920,231608.219,6.192,68.000
0.052,0.014,0.013,20.934,250625.406,8.176,68.000
0.052,0.002,0.009,20.941,247919.438,5.139,68.000
0.046,0.000,0.003,24.598,45105.258,-0.834,68.000
0.061,0.001,0.010,19.556,197933.406,1.117,68.000
0.049,0.019,0.013,20.523,256810.188,9.511,68.000
0.043,0.001,0.006,24.299,88295.789,0.225,68.000
0.044,0.000,0.003,20.697,67217.086,0.685,68.000
0.052,0.024,0.012,22.305,243921.906,6.787,68.000
0.049,0.002,0.018,21.798,260848.594,3.793,68.000
0.052,0.000,0.023,22.868,-4506.836,-0.860,68.000
0.050,0.013,0.014,19.944,242174.906,7.874,68.000
0.052,0.014,0.013,21.205,242797.812,8.370,68.000
0.049,0.001,0.018,25.905,113335.148,0.733,68.000
0.051,0.001,0.022,21.013,153358.406,2.013,68.000
0.047,0.000,0.007,23.488,-16565.297,0.775,68.000
0.049,0.016,0.013,22.207,238321.094,8.997,68.000
0.051,0.016,0.013,21.801,243710.406,7.979,68.000
0.048,0.012,0.013,21.018,231632.625,7.012,68.000
0.054,0.000,0.019,22.478,45418.617,1.613,68.000
0.049,0.010,0.014,19.608,239093.156,6.218,68.000
0.052,0.027,0.014,22.303,217795.594,11.979,68.000
0.051,0.003,0.014,18.341,243794.938,5.748,68.000
0.061,0.001,0.010,19.220,171415.500,0.181,68.000
0.050,0.020,0.011,21.091,258765.938,6.695,68.000
0.048,0.024,0.010,18.605,288133.344,6.030,68.000
0.051,0.014,0.011,21.657,228416.031,8.253,68.000
0.047,0.001,0.003,22.352,143040.562,0.957,68.000
0.049,0.003,0.014,18.777,228226.125,5.994,68.000
0.050,0.009,0.014,19.211,231370.438,6.136,68.000
0.042,0.001,0.010,20.265,150128.281,2.345,68.000
0.049,0.006,0.013,19.393,220470.688,6.965,68.000
0.044,0.002,0.009,18.673,209322.781,3.268,68.000
0.049,0.003,0.010,18.969,275767.344,5.621,68.000
0.049,0.003,0.010,19.103,266853.531,5.649,68.000
0.001,0.012,0.012,21.257,170491.344,7.348,68.000
0.001,0.013,0.013,20.923,140657.844,7.982,68.000
0.050,0.001,0.007,22.926,156971.281,2.055,68.000
0.050,0.018,0.010,21.877,223256.500,6.960,68.000
0.050,0.007,0.011,19.719,264982.344,7.565,68.000
0.054,0.001,0.012,28.233,93409.742,1.177,68.000
0.046,0.000,0.017,26.600,108941.242,0.442,68.000
0.045,0.001,0.004,24.137,96928.867,0.161,68.000
0.048,0.002,0.013,19.983,222124.719,6.421,68.000
0.052,0.000,0.017,24.520,24175.156,0.120,68.000
0.051,0.001,0.019,22.267,214552.625,3.134,68.000
0.048,0.021,0.012,20.197,269145.469,8.590,68.000
0.053,0.000,0.019,25.633,9050.031,-0.148,68.000
0.044,0.001,0.013,21.820,213220.688,4.467,68.000
0.049,0.026,0.012,21.955,282278.406,7.822,68.000
0.047,0.000,0.013,31.608,-34372.945,0.379,68.000
0.055,0.002,0.017,21.684,246759.812,3.445,68.000
0.059,0.001,0.011,20.672,199475.531,1.126,68.000
0.048,0.008,0.013,21.081,219576.750,7.326,68.000
0.049,0.006,0.012,21.046,253896.688,7.387,68.000
0.042,0.001,0.013,27.392,-29603.336,-1.887,68.000
0.055,0.001,0.004,22.466,109908.898,2.561,68.000
0.048,0.002,0.012,20.670,236933.156,6.223,68.000
0.048,0.022,0.012,20.241,274719.656,8.449,68.000
0.050,0.009,0.010,20.788,285307.969,7.147,68.000
0.052,0.005,0.013,18.478,249697.906,6.763,68.000
0.051,0.020,0.010,22.198,240105.938,5.521,68.000
0.045,0.001,0.005,23.280,145414.406,1.013,68.000
0.050,0.000,0.022,22.450,5484.805,-0.319,68.000
0.045,0.001,0.003,21.529,175399.656,1.514,68.000
0.042,0.000,0.014,24.772,10870.039,-0.825,68.000
0.051,0.008,0.010,19.483,278639.031,6.825,68.000
0.048,0.016,0.012,22.251,220237.188,8.297,68.000
0.049,0.002,0.007,20.756,191079.938,2.716,68.000
0.050,0.004,0.012,20.685,252490.469,6.382,68.000
0.049,0.007,0.009,18.884,275748.969,6.092,68.000
0.053,0.000,0.018,22.805,-13280.750,-0.425,68.000
0.041,0.001,0.009,23.259,56338.445,-0.257,68.000
0.050,0.009,0.010,20.877,277893.125,7.442,68.000
0.046,0.000,0.004,23.097,89010.680,0.280,68.000
0.047,0.001,0.022,22.014,75187.727,0.334,68.000
0.041,0.000,0.013,25.943,-37153.648,-2.172,68.000
0.048,0.003,0.014,18.082,219824.156,6.165,68.000
0.048,0.016,0.012,22.492,217785.781,8.559,68.000
0.097,0.012,0.013,21.199,186257.875,6.505,68.000
0.040,0.001,0.009,22.611,53938.117,-0.088,68.000
0.059,0.001,0.012,19.440,236205.406,1.919,68.000
0.049,0.002,0.014,20.155,236407.938,5.768,68.000
0.050,0.000,0.020,22.373,33326.367,-0.542,68.000
0.040,0.001,0.006,20.143,191976.438,2.698,68.000
0.050,0.019,0.012,21.144,249154.875,9.195,68.000
0.051,0.006,0.010,18.286,287009.844,6.266,68.000
0.049,0.001,0.002,22.285,80062.133,0.850,68.000
0.043,0.002,0.010,18.267,210941.562,5.021,68.000
0.053,0.000,0.021,18.333,-42410.727,3.609,68.000
0.050,0.010,0.014,19.292,238694.156,6.521,68.000
0.041,0.000,0.017,23.157,13393.539,1.037,68.000
0.052,0.018,0.011,23.091,221082.406,7.036,68.000
0.057,0.001,0.014,21.161,196367.000,2.972,68.000
0.056,0.002,0.010,21.859,231969.438,3.016,68.000
0.053,0.000,0.018,23.365,-27493.836,0.190,68.000
0.049,0.025,0.012,21.805,280413.781,7.625,68.000
0.048,0.025,0.012,20.099,297980.219,6.712,68.000
0.047,0.001,0.019,23.933,134272.125,1.572,68.000
0.048,0.008,0.012,21.244,216070.219,7.210,68.000
0.050,0.025,0.013,21.755,266541.812,9.266,68.000
0.051,0.007,0.013,19.000,228108.500,6.808,68.000
0.049,0.015,0.011,22.412,217066.375,8.425,68.000
0.042,0.001,0.005,21.550,207737.750,2.177,68.000
0.043,0.001,0.004,21.708,197772.219,1.712,68.000
0.050,0.008,0.014,19.563,223183.594,6.388,68.000
0.050,0.006,0.012,20.827,251084.562,7.887,68.000
0.051,0.016,0.013,20.693,262252.531,8.181,68.000
0.048,0.001,0.004,21.937,176265.344,2.327,68.000
0.050,0.012,0.011,21.715,250025.500,7.917,68.000
0.049,0.013,0.013,20.485,241571.188,7.843,68.000
0.060,0.001,0.009,20.152,182144.406,0.162,68.000
0.049,0.026,0.013,21.724,286772.219,9.111,68.000
0.053,0.002,0.013,22.986,260913.562,4.527,68.000
0.048,0.009,0.010,21.184,274359.062,7.334,68.000
0.050,0.027,0.014,26.601,186879.938,7.458,68.000
0.050,0.025,0.013,21.879,269065.250,8.891,68.000
0.049,0.002,0.009,19.249,254846.812,5.310,68.000
0.050,0.008,0.014,19.011,218911.156,6.079,68.000
0.051,0.017,0.013,20.152,257897.750,8.066,68.000
0.049,0.026,0.013,21.598,293923.531,8.674,68.000
0.050,0.005,0.013,19.132,235963.844,6.857,68.000
0.051,0.005,0.011,19.601,271822.406,7.044,68.000
0.050,0.007,0.010,18.798,270825.469,7.118,68.000
0.049,0.012,0.011,22.174,249661.406,8.031,68.000
0.049,0.025,0.012,21.427,284240.000,7.002,68.000
0.058,0.001,0.006,21.187,158949.656,3.621,68.000
0.002,0.013,0.011,18.474,231251.438,6.230,68.000
0.043,0.001,0.010,18.815,198575.188,3.910,68.000
0.056,0.001,0.009,22.522,210195.031,2.294,68.000
0.051,0.018,0.010,22.484,228677.781,6.751,68.000
0.041,0.001,0.007,22.407,147568.969,1.522,68.000
0.049,0.026,0.013,21.706,286564.844,8.228,68.000
0.050,0.007,0.009,19.067,277408.875,6.400,68.000
0.003,0.012,0.012,20.092,197394.625,6.679,68.000
0.050,0.025,0.014,20.875,278864.062,9.597,68.000
0.047,0.000,0.011,28.639,-100926.500,-2.238,68.000
0.054,0.001,0.020,22.309,143857.281,1.318,68.000
0.049,0.010,0.011,21.945,250064.875,8.296,68.000
0.050,0.010,0.014,19.567,240606.500,6.804,68.000
0.051,0.010,0.011,21.330,248953.875,8.595,68.000
0.051,0.018,0.012,22.499,219888.406,7.783,68.000
0.042,0.001,0.014,21.996,133584.656,1.338,68.000
0.041,0.000,0.009,21.102,27177.367,-0.071,68.000
0.051,0.001,0.017,22.808,273181.656,4.380,68.000
0.047,0.001,0.014,22.491,224777.781,5.332,68.000
0.049,0.019,0.010,20.764,254509.625,7.158,68.000
0.050,0.000,0.014,30.237,-50954.426,-1.838,68.000
0.049,0.001,0.020,22.095,210400.031,3.101,68.000
0.055,0.000,0.012,25.774,-39237.168,-0.010,68.000
0.049,0.022,0.013,20.028,277186.531,9.317,68.000
0.049,0.012,0.014,19.110,233933.000,6.660,68.000
0.043,0.001,0.019,20.974,184550.312,2.637,68.000
0.049,0.005,0.013,18.850,222055.875,6.483,68.000
0.053,0.002,0.008,22.195,208693.312,2.736,68.000
0.058,0.000,0.009,19.774,9055.047,1.798,68.000
0.046,0.001,0.015,26.742,133489.625,1.998,68.000
0.048,0.012,0.012,21.551,243318.719,8.064,68.000
0.043,0.000,0.015,26.545,51632.102,1.398,68.000
0.049,0.025,0.013,21.145,295509.031,8.797,68.000
0.056,0.000,0.017,22.848,111723.273,1.158,68.000
0.050,0.001,0.002,21.545,117046.070,1.463,68.000
0.049,0.009,0.012,21.638,226252.312,7.562,68.000
0.048,0.024,0.011,18.964,281722.656,6.445,68.000
0.048,0.008,0.014,19.552,225146.438,6.152,68.000
0.051,0.004,0.011,19.115,279310.938,6.625,68.000
0.097,0.012,0.012,20.468,194947.625,7.342,68.000
0.050,0.000,0.021,24.102,-10764.789,-0.433,68.000
0.049,0.024,0.013,20.713,290855.188,8.082,68.000
0.043,0.001,0.005,23.421,134666.312,0.869,68.000
0.051,0.001,0.014,25.286,202374.250,3.594,68.000
0.049,0.016,0.011,22.048,221629.594,8.213,68.000
0.049,0.010,0.012,22.307,235086.781,8.090,68.000
0.047,0.001,0.009,20.070,223012.000,3.736,68.000
0.002,0.012,0.014,20.816,108261.008,7.526,68.000
0.045,0.002,0.014,20.606,213824.875,4.887,68.000
0.050,0.021,0.010,20.500,268475.156,5.456,68.000
0.049,0.010,0.012,21.593,229124.531,7.183,68.000
0.055,0.001,0.005,21.967,143188.562,2.849,68.000
0.053,0.000,0.015,27.200,3728.336,1.154,68.000
0.052,0.002,0.007,21.208,182960.656,2.476,68.000
0.052,0.007,0.012,19.175,255085.281,7.756,68.000
0.100,0.013,0.011,19.444,-40774.969,8.540,68.000
0.044,0.001,0.020,21.005,178915.188,2.604,68.000
0.058,0.000,0.006,23.840,-118433.719,3.362,68.000
0.040,0.001,0.014,18.631,177669.438,3.062,68.000
0.045,0.000,0.012,30.831,-21175.898,0.492,68.000
0.050,0.019,0.014,17.397,274936.469,8.375,68.000
0.050,0.018,0.012,22.573,227923.656,8.120,68.000
0.050,0.008,0.013,21.004,239023.500,8.121,68.000
0.047,0.001,0.013,25.743,169232.594,3.783,68.000
0.044,0.000,0.008,28.220,6329.336,2.066,68.000
0.051,0.000,0.004,22.075,-108617.828,-0.336,68.000
0.041,0.001,0.013,23.455,46366.148,-0.103,68.000
0.055,0.000,0.018,22.161,30464.430,-0.967,68.000
0.049,0.021,0.012,20.825,262871.375,8.700,68.000
0.051,0.014,0.012,21.555,225631.625,8.389,68.000
0.053,0.002,0.012,20.545,272606.375,5.221,68.000
0.052,0.001,0.018,25.301,107343.117,0.967,68.000
0.048,0.027,0.013,27.586,122048.758,9.237,68.000
0.055,0.002,0.016,21.115,242688.656,3.272,68.000
0.046,0.000,0.013,31.755,-18231.484,-0.159,68.000
0.047,0.001,0.018,22.360,239573.469,3.957,68.000
0.048,0.024,0.011,19.127,282143.719,6.387,68.000
0.044,0.001,0.015,25.479,90357.648,0.051,68.000
0.099,0.011,0.011,17.284,218401.219,7.945,68.000
0.053,0.002,0.010,20.775,254849.906,5.201,68.000
0.048,0.000,0.014,31.636,544.070,0.240,68.000
0.052,0.018,0.012,22.872,217959.594,7.646,68.000
0.049,0.019,0.011,21.402,235380.906,7.320,68.000
0.058,0.001,0.010,24.449,84561.414,0.314,68.000
0.047,0.001,0.012,23.181,185772.688,4.455,68.000
0.050,0.024,0.014,20.534,282575.031,9.458,68.000
0.049,0.005,0.013,17.986,219346.938,6.513,68.000
0.047,0.000,0.010,32.514,3240.156,1.215,68.000
0.056,0.001,0.015,25.060,93093.664,1.420,68.000
0.055,0.000,0.008,23.093,4322.781,2.159,68.000
0.049,0.011,0.012,22.147,236924.531,8.121,68.000
0.042,0.000,0.011,21.417,-10062.586,-0.472,68.000
0.059,0.000,0.007,24.229,13347.305,4.447,68.000
0.047,0.001,0.016,22.417,261463.625,4.507,68.000
0.040,0.001,0.011,19.325,173326.250,2.285,68.000
0.042,0.001,0.011,24.988,40235.430,0.183,68.000
0.052,0.022,0.012,22.605,229448.688,6.694,68.000
0.049,0.016,0.010,22.196,210658.375,8.207,68.000
0.050,0.019,0.011,22.066,235719.688,6.971,68.000
0.048,0.001,0.010,20.105,240550.500,5.164,68.000
0.051,0.014,0.010,21.441,237777.031,7.730,68.000
0.045,0.001,0.003,22.312,160961.219,1.104,68.000
0.049,0.000,0.019,23.580,26510.938,-0.478,68.000
0.060,0.001,0.014,18.098,160842.562,1.297,68.000
0.050,0.019,0.013,19.910,260498.188,9.013,68.000
0.057,0.001,0.014,24.294,80150.211,1.764,68.000
0.050,0.013,0.012,21.144,238134.156,9.001,68.000
0.051,0.014,0.013,20.699,248582.031,7.964,68.000
0.050,0.019,0.014,17.654,275334.375,8.437,68.000
0.050,0.007,0.012,20.318,241078.906,8.038,68.000
0.051,0.000,0.002,21.672,-87058.438,-1.065,68.000
0.058,0.000,0.013,23.891,20511.312,0.233,68.000
0.054,0.001,0.007,24.532,82845.773,1.523,68.000
0.098,0.011,0.013,20.438,192630.188,6.065,68.000
0.052,0.001,0.013,24.805,240630.875,4.416,68.000
0.041,0.000,0.014,24.896,-47102.590,-2.578,68.000
0.052,0.006,0.010,18.274,282512.469,6.756,68.000
0.048,0.012,0.011,22.259,239104.562,8.430,68.000
0.053,0.000,0.012,28.499,-11171.633,2.903,68.000
0.050,0.025,0.013,21.869,271052.625,8.364,68.000
0.048,0.002,0.010,19.831,253644.469,5.925,68.000
0.043,0.001,0.015,18.876,242023.875,4.068,68.000
0.044,0.001,0.011,22.295,150334.312,3.443,68.000
0.051,0.013,0.010,21.218,262011.531,7.545,68.000
0.052,0.009,0.014,19.634,222991.562,6.775,68.000
0.000,0.011,0.012,20.558,106821.539,7.850,68.000
0.097,0.012,0.012,20.861,189617.156,6.881,68.000
0.097,0.011,0.012,18.509,208727.750,7.449,68.000
0.048,0.008,0.013,20.638,217487.281,7.157,68.000
0.050,0.023,0.012,20.618,268240.969,6.446,68.000
0.047,0.001,0.015,22.137,226660.594,5.187,68.000
0.050,0.001,0.013,26.574,195379.344,3.789,68.000
0.050,0.018,0.012,22.550,229940.688,8.240,68.000
0.051,0.015,0.012,21.986,233825.969,8.173,68.000
0.051,0.001,0.011,25.040,173818.562,3.799,68.000
0.052,0.013,0.012,21.092,225086.844,8.510,68.000
0.052,0.006,0.013,17.972,239370.750,6.783,68.000
0.052,0.008,0.011,20.547,254312.281,8.534,68.000
0.056,0.001,0.019,20.953,191552.062,2.155,68.000
0.049,0.003,0.014,18.005,232698.938,6.058,68.000
0.050,0.001,0.006,21.509,179203.688,2.515,68.000
0.048,0.000,0.011,26.751,24780.219,-0.062,68.000
0.049,0.021,0.010,20.324,271087.750,6.639,68.000
0.043,0.000,0.008,22.632,-103121.828,0.359,68.000
0.050,0.008,0.012,21.539,251117.906,8.438,68.000
0.045,0.001,0.010,23.388,94207.758,2.354,68.000
0.052,0.002,0.011,19.441,273831.406,5.883,68.000
0.051,0.009,0.012,21.015,246210.406,8.484,68.000
0.050,0.009,0.011,21.281,257892.469,8.336,68.000
0.048,0.010,0.013,21.467,225637.000,6.797,68.000
0.047,0.000,0.006,20.595,21669.477,-0.882,68.000
0.052,0.027,0.011,21.542,210363.781,5.830,68.000
0.052,0.013,0.011,21.287,248346.938,8.274,68.000
0.048,0.018,0.013,22.168,230644.094,9.399,68.000
0.044,0.000,0.005,25.868,-8087.977,1.330,68.000
0.052,0.023,0.013,22.073,234537.969,8.959,68.000
0.054,0.000,0.007,23.059,12928.336,0.774,68.000
0.049,0.002,0.012,20.553,249019.438,6.211,68.000
0.056,0.000,0.015,22.884,-59573.195,0.546,68.000
0.050,0.012,0.014,18.758,240344.750,6.817,68.000
0.052,0.011,0.014,19.325,227598.906,6.638,68.000
0.043,0.001,0.010,20.148,162478.625,3.485,68.000
0.045,0.000,0.004,23.413,56539.617,-0.221,68.000
0.051,0.000,0.009,29.051,45415.086,2.412,68.000
0.049,0.018,0.010,21.762,222356.406,7.209,68.000
0.047,0.001,0.021,21.574,172113.406,2.448,68.000
0.048,0.015,0.012,21.038,237695.656,8.814,68.000
0.050,0.013,0.013,20.633,246439.656,8.002,68.000
0.048,0.000,0.019,23.542,18890.359,-1.767,68.000
0.052,0.008,0.014,19.609,216980.719,6.466,68.000
0.042,0.001,0.013,24.483,92245.648,0.585,68.000
0.098,0.010,0.012,18.613,208733.969,6.756,68.000
0.051,0.007,0.012,19.685,253604.969,7.906,68.000
0.052,0.005,0.011,18.994,269558.688,7.126,68.000
0.051,0.009,0.012,20.923,237071.094,8.207,68.000
0.051,0.001,0.009,26.308,74869.602,1.348,68.000
0.043,0.001,0.005,22.058,195571.406,1.852,68.000
0.049,0.002,0.011,20.000,259042.875,5.954,68.000
0.048,0.009,0.011,22.195,233601.688,7.587,68.000
0.060,0.001,0.011,20.833,152006.188,0.907,68.000
0.060,0.001,0.016,18.308,150775.719,1.041,68.000
0.053,0.001,0.010,20.966,251647.281,5.172,68.000
0.044,0.001,0.014,20.758,214305.125,4.883,68.000
0.049,0.014,0.012,21.619,235955.969,9.016,68.000
0.052,0.001,0.008,23.973,170102.969,2.099,68.000
0.052,0.009,0.012,20.739,230285.156,8.369,68.000
0.057,0.001,0.004,21.898,103482.727,3.545,68.000
0.047,0.001,0.004,22.684,161626.188,1.489,68.000
0.048,0.006,0.012,20.763,222370.594,6.701,68.000
0.050,0.025,0.011,20.626,264903.906,5.580,68.000
0.054,0.001,0.016,24.951,119132.352,1.128,68.000
0.050,0.002,0.010,19.610,268991.406,5.958,68.000
0.041,0.001,0.013,20.900,185098.125,2.761,68.000
0.051,0.016,0.011,22.355,226159.750,7.267,68.000
0.050,0.021,0.014,19.132,264309.250,9.177,68.000
0.052,0.001,0.006,22.888,161065.250,1.813,68.000
0.050,0.007,0.013,19.385,227924.312,7.248,68.000
0.051,0.008,0.014,19.638,220370.000,6.626,68.000
0.048,0.024,0.011,19.126,286821.531,6.771,68.000
0.050,0.021,0.013,20.264,253326.594,9.175,68.000
0.058,0.000,0.006,21.421,-109045.352,3.885,68.000
0.045,0.001,0.021,20.261,206335.062,3.374,68.000
0.048,0.001,0.023,19.635,166179.125,2.342,68.000
0.058,0.000,0.008,21.393,45153.820,3.001,68.000
0.051,0.016,0.012,22.532,225654.188,7.988,68.000
0.051,0.011,0.012,21.678,240458.750,8.300,68.000
0.051,0.011,0.011,21.309,248690.312,8.317,68.000
0.042,0.001,0.019,19.820,199230.938,3.599,68.000
0.043,0.001,0.006,23.472,142708.219,1.085,68.000
0.050,0.005,0.011,19.245,272756.219,6.355,68.000
0.048,0.025,0.012,20.836,298214.406,6.920,68.000
0.051,0.003,0.014,18.782,245911.406,5.702,68.000
0.040,0.000,0.015,19.499,66953.320,1.864,68.000
0.050,0.001,0.003,23.103,132748.656,1.910,68.000
0.043,0.000,0.013,25.912,-37535.336,-2.112,68.000
0.058,0.001,0.017,19.975,160465.344,1.411,68.000
0.052,0.005,0.010,18.242,290692.438,6.462,68.000
0.050,0.007,0.014,18.888,216766.438,6.476,68.000
0.051,0.017,0.011,22.851,220089.250,7.118,68.000
0.049,0.009,0.011,21.687,246657.281,7.968,68.000
0.055,0.001,0.005,23.077,131352.875,2.395,68.000
0.059,0.000,0.008,21.000,-16902.703,2.492,68.000
0.050,0.016,0.011,22.290,213642.312,8.085,68.000
0.052,0.001,0.012,28.028,134455.250,2.347,68.000
0.045,0.000,0.010,30.197,-24224.352,1.117,68.000
0.056,0.001,0.004,22.971,84851.758,2.593,68.000
0.048,0.023,0.013,20.054,290277.719,9.144,68.000
0.000,0.012,0.012,24.196,101755.633,8.257,68.000
0.052,0.008,0.012,20.168,249220.156,8.054,68.000
0.051,0.000,0.012,27.863,-49715.367,-1.182,68.000
0.049,0.000,0.001,22.962,44972.555,0.088,68.000
0.051,0.011,0.013,21.172,226469.656,7.836,68.000
0.043,0.001,0.006,21.626,206079.938,2.221,68.000
0.048,0.021,0.010,19.588,283040.500,6.768,68.000
0.048,0.016,0.013,21.670,235595.969,8.895,68.000
0.045,0.001,0.013,21.748,211462.500,5.144,68.000
0.049,0.003,0.013,18.375,231613.250,6.680,68.000
0.050,0.018,0.010,21.772,231488.938,6.889,68.000
0.058,0.001,0.008,20.432,207067.594,2.264,68.000
0.046,0.000,0.011,30.495,-7781.203,1.208,68.000
0.055,0.001,0.005,22.622,117113.633,2.648,68.000
0.051,0.022,0.011,21.529,242037.594,5.969,68.000
0.046,0.001,0.012,22.268,216178.656,5.372,68.000
0.047,0.001,0.018,25.351,134202.594,1.609,68.000
0.059,0.001,0.015,18.170,178856.812,1.871,68.000
0.002,0.012,0.011,18.097,234813.188,5.480,68.000
0.055,0.001,0.013,23.392,243370.312,3.110,68.000
0.052,0.019,0.014,19.197,251569.469,8.760,68.000
0.045,0.002,0.008,18.961,212372.875,2.538,68.000
0.048,0.007,0.013,19.801,215070.969,6.957,68.000
0.052,0.009,0.011,20.198,260544.031,8.226,68.000
0.050,0.010,0.014,18.681,236380.406,6.505,68.000
0.050,0.000,0.005,25.002,-71198.195,-0.777,68.000
0.044,0.001,0.017,21.045,217803.500,3.322,68.000
0.049,0.007,0.013,19.463,223206.562,7.171,68.000
0.051,0.008,0.013,19.783,228236.156,7.149,68.000
0.052,0.008,0.012,20.168,250731.094,8.230,68.000
0.050,0.000,0.013,31.292,-1771.344,-0.832,68.000
0.052,0.003,0.013,18.826,261290.844,5.742,68.000
0.049,0.014,0.014,19.107,256837.375,7.936,68.000
0.048,0.008,0.011,21.802,236450.094,7.442,68.000
0.051,0.000,0.023,23.316,1489.594,-0.682,68.000
0.049,0.000,0.015,30.560,15839.195,-0.975,68.000
0.042,0.000,0.013,25.745,-45697.980,0.557,68.000
0.050,0.015,0.012,22.186,221945.281,8.251,68.000
0.049,0.009,0.014,19.264,235791.125,6.028,68.000
0.053,0.002,0.015,22.509,264702.406,3.739,68.000
0.098,0.013,0.012,21.849,181414.094,7.184,68.000
0.051,0.011,0.012,21.470,233213.781,8.052,68.000
0.046,0.001,0.002,21.368,142468.188,0.868,68.000
0.042,0.000,0.009,23.927,-13532.289,2.518,68.000
0.051,0.013,0.013,20.367,235589.031,8.127,68.000
0.050,0.020,0.014,18.524,273365.250,9.283,68.000
0.046,0.001,0.019,23.466,163570.125,2.206,68.000
0.049,0.006,0.011,21.064,257379.094,7.471,68.000
0.052,0.026,0.012,23.383,235234.188,7.438,68.000
0.053,0.000,0.020,22.910,-30936.258,-1.338,68.000
0.099,0.013,0.011,18.126,206077.844,8.875,68.000
0.048,0.000,0.005,21.720,-27158.664,-1.033,68.000
0.052,0.001,0.016,24.712,200268.969,2.552,68.000
0.048,0.000,0.008,25.858,-47982.227,-1.816,68.000
0.002,0.011,0.011,19.090,206798.562,5.883,68.000
0.055,0.002,0.008,21.859,206187.312,2.910,68.000
0.002,0.012,0.011,17.819,242156.500,5.653,68.000
0.049,0.005,0.014,17.494,209862.219,6.289,68.000
0.056,0.000,0.013,23.666,-37970.719,-0.284,68.000
0.002,0.010,0.013,21.329,126674.398,6.744,68.000
0.052,0.009,0.012,20.449,248876.688,8.387,68.000
0.049,0.019,0.011,21.062,250516.688,7.447,68.000
0.055,0.001,0.021,20.718,157593.438,1.676,68.000
0.048,0.002,0.006,20.782,205083.438,3.172,68.000
0.048,0.010,0.012,21.943,225886.188,7.189,68.000
0.049,0.019,0.010,21.036,243936.188,7.355,68.000
0.099,0.012,0.011,17.742,209974.531,8.566,68.000
0.058,0.001,0.012,21.585,169249.281,1.244,68.000
0.040,0.001,0.009,20.381,140423.656,1.329,68.000
0.048,0.006,0.011,20.609,248942.438,7.260,68.000
0.050,0.021,0.010,20.652,264394.000,6.055,68.000
0.049,0.013,0.013,20.499,244077.875,8.097,68.000
0.053,0.001,0.013,31.654,-19476.766,-0.040,68.000
0.048,0.024,0.012,19.628,287302.594,6.684,68.000
0.002,0.012,0.013,21.101,126807.477,7.649,68.000
0.047,0.000,0.012,29.897,-47160.543,-2.597,68.000
0.051,0.019,0.012,22.421,227813.688,7.631,68.000
0.047,0.002,0.012,21.406,221218.781,5.895,68.000
0.043,0.001,0.006,23.409,139389.062,1.139,68.000
0.047,0.002,0.010,19.818,250848.125,6.023,68.000
0.098,0.013,0.011,19.478,200982.906,8.473,68.000
0.049,0.009,0.013,21.063,231214.531,7.241,68.000
-0.000,0.011,0.012,25.408,-10842.398,13.097,68.000
0.041,0.000,0.015,21.364,70876.102,1.568,68.000
0.098,0.013,0.012,21.035,193132.906,7.513,68.000
0.054,0.001,0.009,21.750,237744.594,4.120,68.000
0.051,0.016,0.013,21.399,249023.469,8.184,68.000
0.056,0.001,0.018,20.685,212200.406,2.542,68.000
0.098,0.012,0.013,21.281,184335.250,6.500,68.000
0.051,0.003,0.011,19.166,278943.062,6.003,68.000
0.057,0.001,0.006,21.915,152797.781,2.777,68.000
0.046,0.001,0.011,26.686,36501.367,0.827,68.000
0.049,0.025,0.010,19.230,277353.125,5.672,68.000
0.049,0.005,0.010,19.150,266905.438,5.974,68.000
0.058,0.000,0.010,20.639,22447.734,2.183,68.000
0.098,0.012,0.012,20.909,188680.750,6.878,68.000
0.052,0.019,0.012,21.713,224655.594,8.363,68.000
0.052,0.002,0.011,20.060,273606.219,5.835,68.000
0.053,0.002,0.009,21.537,226369.125,3.723,68.000
0.059,0.001,0.008,20.299,159845.438,1.482,68.000
0.049,0.015,0.011,22.499,219122.062,8.724,68.000
0.043,0.001,0.019,21.042,129995.445,1.405,68.000
0.048,0.002,0.013,21.654,218392.750,6.177,68.000
0.052,0.001,0.015,24.579,216791.125,2.995,68.000
0.050,0.022,0.010,20.047,269391.719,5.391,68.000
0.050,0.010,0.011,21.856,245127.281,8.399,68.000
0.048,0.016,0.013,20.892,240427.062,8.906,68.000
0.098,0.013,0.010,17.954,200933.562,8.927,68.000
0.098,0.012,0.014,21.855,177205.625,5.102,68.000
0.058,0.001,0.012,23.545,132134.719,1.529,68.000
0.097,0.013,0.012,20.913,189412.219,7.449,68.000
0.043,0.001,0.014,23.755,94181.148,0.080,68.000
0.052,0.007,0.011,19.004,266172.188,7.718,68.000
0.051,0.000,0.011,28.526,-22637.227,-0.800,68.000
0.056,0.001,0.016,21.003,234762.094,3.074,68.000
0.002,0.012,0.012,19.979,195866.125,6.711,68.000
0.054,0.001,0.014,25.465,186443.500,2.372,68.000
0.048,0.001,0.015,24.683,239933.031,3.788,68.000
0.049,0.001,0.009,21.932,195831.250,4.121,68.000
0.050,0.019,0.012,21.567,246554.031,7.956,68.000
0.057,0.001,0.006,21.642,162077.219,3.342,68.000
0.058,0.001,0.017,19.144,196175.969,2.041,68.000
0.041,0.000,0.007,20.153,59609.492,2.619,68.000
0.049,0.009,0.014,19.707,237574.562,6.166,68.000
0.052,0.000,0.008,23.044,75663.164,0.307,68.000
0.056,0.001,0.011,27.709,64554.633,0.540,68.000
0.055,0.000,0.004,22.218,-88011.641,1.416,68.000
0.047,0.000,0.013,31.466,-843.547,0.351,68.000
0.046,0.001,0.009,19.870,221087.375,3.668,68.000
0.045,0.001,0.015,27.681,53457.039,-0.259,68.000
0.050,0.000,0.012,29.794,37239.273,-0.747,68.000
0.045,0.000,0.016,28.878,-2260.570,0.911,68.000
0.045,0.001,0.014,27.789,73862.164,1.091,68.000
0.047,0.000,0.013,31.593,-2652.062,0.439,68.000
0.045,0.001,0.017,21.153,250390.562,4.018,68.000
0.050,0.003,0.011,19.821,271966.219,6.386,68.000
0.052,0.000,0.012,28.563,-63527.613,-1.433,68.000
0.049,0.001,0.009,21.881,196841.250,4.036,68.000
0.054,0.001,0.017,26.873,30636.227,1.040,68.000
0.050,0.014,0.012,21.275,232277.969,8.857,68.000
0.052,0.019,0.011,22.960,223726.281,7.131,68.000
0.049,0.002,0.010,19.859,254744.938,5.831,68.000
0.046,0.001,0.005,21.414,198740.750,2.159,68.000
0.047,0.001,0.015,29.193,71133.445,0.792,68.000
0.059,0.001,0.013,18.886,207380.500,1.700,68.000
0.049,0.013,0.014,19.761,243305.531,7.740,68.000
0.051,0.001,0.002,22.419,96324.742,1.469,68.000
0.050,0.022,0.010,20.511,262561.062,5.679,68.000
0.050,0.013,0.014,18.930,250855.750,7.697,68.000
0.051,0.005,0.011,18.396,283276.938,6.950,68.000
0.047,0.002,0.009,19.302,233233.875,3.949,68.000
0.052,0.001,0.019,22.694,181824.000,2.542,68.000
0.058,0.000,0.010,24.333,82723.586,0.369,68.000
0.050,0.018,0.014,18.212,275612.344,8.047,68.000
0.050,0.022,0.012,21.508,248830.562,7.434,68.000
0.050,0.026,0.011,21.060,276938.812,6.254,68.000
0.045,0.000,0.007,20.418,35031.992,-0.925,68.000
0.049,0.017,0.010,21.544,225112.844,7.178,68.000
0.050,0.008,0.010,20.333,274005.344,7.443,68.000
0.058,0.001,0.014,23.391,85561.758,1.138,68.000
0.100,0.013,0.013,19.245,-23350.711,7.243,68.000
0.052,0.027,0.011,23.169,215623.250,7.019,68.000
0.052,0.025,0.012,23.011,245110.625,7.379,68.000
0.054,0.001,0.010,24.293,185847.312,2.508,68.000
0.045,0.000,0.009,26.241,16147.758,0.371,68.000
0.044,0.001,0.010,19.112,220522.031,4.697,68.000
0.048,0.006,0.014,17.782,207736.594,6.483,68.000
0.052,0.000,0.017,26.134,-37609.148,-0.004,68.000
0.044,0.000,0.014,27.567,-1799.641,-0.716,68.000
0.097,0.011,0.012,19.945,195883.969,6.703,68.000
0.050,0.023,0.010,19.208,279037.188,5.143,68.000
0.051,0.001,0.021,22.796,75545.117,0.264,68.000
0.050,0.022,0.011,20.793,253552.750,5.739,68.000
0.051,0.024,0.012,22.057,254891.250,8.191,68.000
0.049,0.019,0.014,18.340,282603.750,9.438,68.000
0.050,0.001,0.001,23.059,39361.617,0.283,68.000
0.050,0.014,0.010,21.480,226553.094,7.770,68.000
0.050,0.024,0.014,20.758,274003.281,9.437,68.000
0.048,0.013,0.012,21.551,240908.656,8.334,68.000
0.049,0.014,0.011,22.294,222420.688,9.020,68.000
0.050,0.010,0.014,19.581,238279.188,6.840,68.000
0.050,0.020,0.013,20.421,256686.594,8.962,68.000
0.055,0.001,0.003,21.928,101645.180,2.753,68.000
0.051,0.010,0.011,20.819,261509.344,8.180,68.000
0.046,0.000,0.002,19.879,69869.211,0.708,68.000
0.098,0.013,0.013,22.621,176983.375,6.966,68.000
0.051,0.011,0.012,21.504,232390.219,8.215,68.000
0.048,0.018,0.012,22.026,227861.406,8.645,68.000
0.050,0.016,0.012,22.371,230079.000,8.340,68.000
0.050,0.007,0.013,20.157,244586.094,8.063,68.000
0.051,0.027,0.010,21.390,207534.438,5.662,68.000
0.002,0.011,0.011,19.006,213051.562,5.404,68.000
0.046,0.002,0.010,19.108,235378.594,5.184,68.000
0.098,0.013,0.012,20.570,195270.469,8.127,68.000
0.046,0.000,0.003,21.385,18106.781,-0.321,68.000
0.050,0.004,0.011,19.931,271553.094,6.514,68.000
0.052,0.019,0.012,22.713,218600.656,7.414,68.000
0.057,0.001,0.009,22.010,187569.188,1.233,68.000
0.050,0.027,0.013,22.380,265000.875,8.382,68.000
0.051,0.003,0.012,19.289,251368.844,6.476,68.000
0.045,0.000,0.005,23.953,107121.680,0.433,68.000
0.051,0.001,0.012,25.360,201067.188,4.282,68.000
0.049,0.000,0.011,27.934,-30945.938,-1.020,68.000
0.059,0.001,0.014,19.721,164102.906,1.564,68.000
0.057,0.000,0.019,21.946,-31644.891,-1.398,68.000
0.099,0.012,0.013,23.186,175119.750,5.087,68.000
0.050,0.022,0.012,21.228,260439.906,6.628,68.000
0.053,0.002,0.010,20.301,268852.219,5.804,68.000
0.049,0.020,0.011,20.966,255333.375,7.138,68.000
0.099,0.013,0.013,21.784,184744.719,7.086,68.000
0.052,0.007,0.010,18.523,276137.094,7.119,68.000
0.051,0.007,0.013,19.160,230357.594,7.030,68.000
0.059,0.000,0.010,18.678,48961.055,2.864,68.000
0.048,0.020,0.011,20.490,257981.625,7.862,68.000
0.049,0.016,0.014,19.472,255228.625,8.400,68.000
0.055,0.000,0.014,27.480,8405.844,-0.403,68.000
0.049,0.018,0.011,22.367,220534.656,7.385,68.000
0.051,0.019,0.011,22.218,237117.188,7.248,68.000
0.050,0.011,0.011,21.391,259795.625,7.927,68.000
0.052,0.002,0.015,22.817,260406.688,3.776,68.000
0.051,0.015,0.013,22.483,233520.062,8.151,68.000
0.051,0.006,0.011,18.569,281141.938,6.918,68.000
0.049,0.004,0.011,20.232,261922.406,6.472,68.000
0.050,0.001,0.005,24.925,64065.773,0.958,68.000
0.042,0.001,0.015,20.197,115468.602,0.648,68.000
0.048,0.005,0.013,19.240,206001.156,6.015,68.000
0.047,0.002,0.017,21.497,269785.594,4.283,68.000
0.053,0.001,0.018,24.493,121985.258,1.664,68.000
0.048,0.000,0.017,29.166,39161.148,-1.038,68.000
0.054,0.000,0.007,20.971,69515.586,2.377,68.000
0.049,0.010,0.012,22.312,233213.281,8.159,68.000
0.048,0.008,0.014,19.058,231988.844,6.069,68.000
0.050,0.020,0.012,21.046,252902.156,9.095,68.000
0.049,0.007,0.011,20.419,261747.844,7.673,68.000
0.051,0.005,0.014,17.730,230328.469,5.467,68.000
0.049,0.001,0.022,21.385,151812.156,1.762,68.000
0.052,0.002,0.013,20.588,254569.562,4.988,68.000
0.049,0.009,0.013,20.613,231634.125,6.955,68.000
0.050,0.008,0.010,20.166,279379.281,7.148,68.000
0.057,0.001,0.018,23.223,98237.727,1.603,68.000
0.048,0.027,0.012,26.833,251921.938,6.559,68.000
0.098,0.014,0.012,22.205,182932.250,7.432,68.000
0.050,0.000,0.010,25.081,-3584.508,-0.119,68.000
0.050,0.024,0.011,19.620,265023.031,5.442,68.000
0.046,0.001,0.006,21.356,210208.562,2.598,68.000
0.051,0.025,0.012,22.525,262144.625,8.030,68.000
0.049,0.000,0.015,26.964,-16691.086,0.767,68.000
0.046,0.001,0.004,24.299,100623.648,0.259,68.000
0.098,0.013,0.014,23.086,167163.438,5.296,68.000
0.052,0.015,0.011,22.073,221052.188,8.092,68.000
0.053,0.000,0.018,24.161,-5171.578,1.548,68.000
0.048,0.015,0.011,22.537,216111.312,8.414,68.000
0.046,0.000,0.010,30.073,1584.508,1.339,68.000
0.048,0.008,0.014,19.423,222431.531,6.544,68.000
0.049,0.024,0.011,19.457,268289.906,5.903,68.000
0.048,0.012,0.012,21.175,240828.156,7.467,68.000
0.050,0.020,0.012,21.045,251400.594,8.543,68.000
0.045,0.000,0.006,24.086,70357.523,-0.208,68.000
0.050,0.016,0.013,22.326,234097.312,8.558,68.000
0.051,0.001,0.015,25.144,207939.062,3.496,68.000
0.050,0.027,0.012,22.578,266416.188,8.264,68.000
0.056,0.001,0.018,22.785,131874.500,1.514,68.000
0.053,0.001,0.016,25.219,170173.250,1.978,68.000
0.051,0.002,0.018,22.102,259665.719,3.598,68.000
0.051,0.016,0.013,21.199,251684.906,7.991,68.000
0.045,0.000,0.020,22.845,56561.180,1.180,68.000
0.048,0.000,0.017,30.667,17843.578,-1.250,68.000
0.052,0.007,0.014,19.111,210767.219,6.164,68.000
0.050,0.015,0.011,22.208,213112.938,8.177,68.000
0.053,0.000,0.014,30.225,-47186.895,-1.371,68.000
0.042,0.000,0.008,22.538,70573.898,0.164,68.000
0.061,0.001,0.013,19.263,184975.375,0.550,68.000
0.058,0.000,0.017,17.928,-9456.633,2.760,68.000
0.059,0.001,0.007,20.228,180001.625,2.913,68.000
0.044,0.001,0.004,22.030,176803.219,1.203,68.000
0.002,0.014,0.012,20.477,190637.844,8.152,68.000
0.050,0.025,0.012,21.536,274397.500,6.718,68.000
0.050,0.002,0.009,19.774,260089.688,5.322,68.000
0.046,0.001,0.022,20.425,183635.406,2.920,68.000
0.048,0.004,0.010,19.446,264499.375,5.634,68.000
0.049,0.014,0.010,22.499,222630.031,8.147,68.000
0.052,0.001,0.002,23.568,78494.242,1.528,68.000
0.040,0.000,0.011,23.277,77959.727,0.148,68.000
0.044,0.001,0.018,20.938,233115.562,3.838,68.000
0.045,0.001,0.003,23.103,87789.273,-0.235,68.000
0.048,0.000,0.014,31.663,14270.375,0.306,68.000
0.049,0.001,0.008,20.915,216745.750,2.845,68.000
0.051,0.009,0.009,19.805,290910.688,7.078,68.000
0.043,0.001,0.007,23.558,87288.570,0.319,68.000
0.050,0.007,0.010,19.280,272273.500,6.622,68.000
0.052,0.009,0.013,20.396,222096.969,7.519,68.000
0.060,0.001,0.013,18.619,194707.219,0.792,68.000
0.051,0.027,0.010,14.753,346211.156,8.295,68.000
0.040,0.000,0.010,19.611,7644.953,3.217,68.000
0.051,0.000,0.003,23.706,-12561.570,0.617,68.000
0.054,0.001,0.004,24.144,62534.805,1.834,68.000
0.050,0.001,0.010,26.798,66911.570,2.411,68.000
0.049,0.019,0.011,20.911,251225.750,7.562,68.000
0.052,0.007,0.011,19.967,258595.531,8.228,68.000
0.049,0.000,0.004,24.145,-113476.391,-2.133,68.000
0.050,0.020,0.011,21.524,247284.688,7.011,68.000
0.049,0.000,0.007,25.487,-19461.500,-1.701,68.000
0.050,0.019,0.012,21.264,246075.125,9.297,68.000
0.054,0.002,0.015,22.289,256008.188,3.400,68.000
0.055,0.002,0.009,21.607,233790.344,3.797,68.000
0.056,0.001,0.007,22.115,189152.219,2.500,68.000
0.048,0.020,0.012,20.409,256817.000,8.200,68.000
0.042,0.000,0.015,24.497,-782.430,1.283,68.000
0.048,0.004,0.012,20.809,222626.094,5.914,68.000
0.049,0.001,0.007,21.753,191077.438,2.482,68.000
0.049,0.011,0.010,22.142,266285.062,7.608,68.000
0.045,0.001,0.011,20.808,177952.781,4.496,68.000
0.050,0.009,0.012,21.651,235335.125,8.353,68.000
0.045,0.000,0.013,29.750,-7870.344,-0.790,68.000
0.049,0.024,0.011,19.440,278560.094,6.148,68.000
0.050,0.017,0.014,18.936,269768.844,7.862,68.000
0.002,0.013,0.012,20.814,189909.875,7.362,68.000
0.049,0.001,0.022,20.936,148763.062,1.645,68.000
0.049,0.001,0.005,22.733,164235.594,2.517,68.000
0.042,0.001,0.019,20.471,127816.273,1.855,68.000
0.051,0.010,0.014,18.938,236420.750,6.665,68.000
0.056,0.001,0.009,22.813,183423.250,1.549,68.000
0.042,0.001,0.012,24.641,74409.586,0.769,68.000
0.049,0.000,0.012,30.513,27563.461,1.305,68.000
0.056,0.000,0.015,26.352,291.211,-0.616,68.000
0.053,0.001,0.009,25.838,107899.898,1.652,68.000
0.060,0.000,0.014,20.964,98563.758,1.030,68.000
0.051,0.005,0.014,17.893,228257.344,6.318,68.000
0.050,0.001,0.016,24.877,235759.938,3.786,68.000
0.052,0.016,0.012,22.409,236774.312,7.502,68.000
0.053,0.001,0.003,23.252,88601.852,1.910,68.000
0.046,0.000,0.017,28.590,92251.664,0.374,68.000
0.049,0.003,0.013,19.743,225875.969,6.589,68.000
0.044,0.000,0.010,25.667,55732.383,0.750,68.000
0.052,0.023,0.014,21.906,245393.406,9.389,68.000
0.052,0.011,0.014,19.391,228121.562,6.815,68.000
0.048,0.017,0.011,22.065,223435.062,8.215,68.000
0.044,0.001,0.010,22.235,129468.664,2.880,68.000
0.049,0.001,0.018,24.228,149579.625,1.681,68.000
0.043,0.001,0.012,21.249,191897.625,3.785,68.000
0.057,0.000,0.018,21.604,-20542.094,-0.381,68.000
0.056,0.002,0.015,21.369,218631.594,2.911,68.000
0.046,0.002,0.007,19.698,214287.375,2.630,68.000
0.050,0.006,0.013,18.882,229761.219,7.216,68.000
-0.000,0.011,0.011,26.046,-41644.363,13.718,68.000
0.052,0.001,0.009,26.586,99636.258,1.847,68.000
0.054,0.001,0.010,21.502,244431.281,4.036,68.000
0.042,0.001,0.014,20.116,174261.938,2.572,68.000
0.055,0.001,0.016,25.083,100102.664,1.307,68.000
0.053,0.002,0.006,21.001,178274.625,2.726,68.000
0.051,0.002,0.011,19.683,272672.062,6.178,68.000
0.099,0.011,0.012,20.835,135728.094,5.916,68.000
0.047,0.001,0.007,23.786,107780.773,1.222,68.000
0.054,0.000,0.006,21.410,15763.867,0.996,68.000
0.048,0.021,0.013,19.433,271938.500,9.894,68.000
0.050,0.009,0.010,20.828,284050.188,7.239,68.000
0.043,0.001,0.005,21.543,207644.969,2.078,68.000
0.050,0.006,0.010,18.748,281469.594,5.730,68.000
0.049,0.022,0.011,20.313,263335.656,6.984,68.000
0.047,0.000,0.010,32.122,-37262.102,1.326,68.000
0.049,0.000,0.002,22.954,-10799.125,0.624,68.000
0.049,0.016,0.010,22.057,212205.125,7.881,68.000
0.058,0.001,0.015,21.470,126837.602,1.840,68.000
0.049,0.023,0.011,19.516,269036.250,5.766,68.000
0.051,0.001,0.022,21.060,145978.094,1.728,68.000
0.050,0.022,0.011,20.809,256382.031,5.725,68.000
0.051,0.014,0.014,18.570,262421.469,7.473,68.000
0.044,0.001,0.005,21.564,205423.750,1.938,68.000
0.051,0.000,0.012,31.833,-67253.555,1.276,68.000
0.055,0.001,0.007,22.919,167367.594,2.148,68.000
0.050,0.001,0.008,26.011,60760.602,0.519,68.000
0.049,0.003,0.011,20.254,260477.562,6.292,68.000
0.045,0.001,0.015,20.865,217450.188,4.444,68.000
0.046,0.002,0.006,20.436,215748.562,2.563,68.000
0.044,0.001,0.004,21.507,195677.781,1.516,68.000
0.050,0.009,0.013,20.972,229885.156,7.631,68.000
0.048,0.001,0.013,24.581,196098.469,4.425,68.000
0.057,0.000,0.008,22.338,-4482.727,1.976,68.000
0.048,0.002,0.019,22.012,249607.406,3.603,68.000
0.051,0.010,0.010,20.426,286559.469,7.288,68.000
0.048,0.002,0.010,19.639,254276.031,5.730,68.000
0.052,0.013,0.012,20.895,228055.438,8.713,68.000
0.098,0.011,0.011,16.907,218880.969,8.134,68.000
0.051,0.002,0.015,21.180,250488.656,4.342,68.000
0.043,0.000,0.013,26.159,8375.086,-1.152,68.000
0.003,0.012,0.011,18.853,217965.250,5.919,68.000
0.049,0.015,0.011,22.345,217920.469,8.777,68.000
0.058,0.000,0.016,21.507,61561.383,0.479,68.000
0.056,0.001,0.010,21.632,232527.812,2.648,68.000
0.048,0.000,0.006,20.923,60382.227,0.035,68.000
0.052,0.002,0.011,19.668,275243.000,5.822,68.000
0.041,0.001,0.005,21.251,208496.406,2.419,68.000
0.051,0.001,0.002,22.605,91045.680,1.430,68.000
0.052,0.001,0.022,23.113,44076.133,-0.545,68.000
0.049,0.008,0.013,21.380,229328.531,7.854,68.000
0.050,0.023,0.014,20.673,272210.125,9.332,68.000
0.054,0.001,0.018,22.347,210733.906,2.906,68.000
0.059,0.000,0.018,19.572,-624.781,-0.790,68.000
0.040,0.001,0.014,17.977,177548.531,3.378,68.000
0.044,0.000,0.020,22.958,-23690.547,0.551,68.000
0.048,0.001,0.002,23.370,37086.398,-0.132,68.000
0.099,0.013,0.013,22.855,176727.344,6.837,68.000
0.047,0.000,0.004,22.997,71883.039,0.350,68.000
0.049,0.014,0.011,21.991,230562.906,9.101,68.000
0.050,0.010,0.012,22.118,236042.719,8.283,68.000
0.052,0.006,0.011,19.245,267856.812,7.374,68.000
0.044,0.000,0.004,21.030,17256.078,1.471,68.000
0.047,0.002,0.014,21.201,227880.656,5.948,68.000
0.051,0.026,0.010,19.487,272292.562,5.440,68.000
0.050,0.025,0.012,21.899,271848.938,7.875,68.000
0.046,0.000,0.018,24.112,5010.578,0.147,68.000
0.047,0.001,0.004,22.751,159865.000,1.360,68.000
0.046,0.001,0.015,21.913,225125.688,4.982,68.000
0.051,0.005,0.012,19.535,256950.688,6.421,68.000
0.050,0.010,0.012,21.567,226898.875,7.748,68.000
0.052,0.019,0.012,21.550,226953.031,8.322,68.000
0.048,0.001,0.010,22.120,189119.750,4.857,68.000
0.059,0.001,0.006,20.436,168259.219,3.724,68.000
0.049,0.027,0.013,25.392,223245.281,8.811,68.000
0.049,0.025,0.013,21.502,286395.031,8.213,68.000
0.049,0.024,0.010,18.971,281578.438,5.280,68.000
0.052,0.023,0.014,21.743,248758.125,9.390,68.000
0.060,0.001,0.016,18.161,164961.625,1.266,68.000
0.048,0.008,0.013,20.225,220928.219,6.481,68.000
0.049,0.001,0.019,23.183,198011.469,2.887,68.000
0.052,0.016,0.013,22.065,239959.531,7.785,68.000
0.051,0.001,0.002,23.360,77064.070,1.417,68.000
0.041,0.001,0.009,21.086,127316.539,1.106,68.000
0.058,0.001,0.016,20.330,142009.438,1.457,68.000
0.053,0.000,0.019,23.303,46987.773,-2.297,68.000
0.048,0.007,0.011,20.305,252872.562,7.268,68.000
0.050,0.001,0.005,23.650,149872.344,2.170,68.000
0.001,0.012,0.011,18.995,197157.250,7.218,68.000
0.049,0.000,0.014,29.407,14992.164,0.474,68.000
0.049,0.006,0.014,17.680,212737.250,6.524,68.000
0.050,0.015,0.014,19.998,258709.375,8.291,68.000
0.049,0.027,0.010,23.259,264244.219,4.695,68.000
0.052,0.001,0.020,21.078,183734.156,2.575,68.000
0.049,0.006,0.010,18.949,271970.250,5.984,68.000
0.053,0.000,0.017,27.013,54203.758,-0.147,68.000
0.051,0.002,0.007,21.018,197174.500,2.588,68.000
0.050,0.007,0.013,19.713,238912.000,7.782,68.000
0.042,0.000,0.018,21.305,80872.805,0.844,68.000
0.049,0.013,0.012,21.134,244889.656,8.171,68.000
0.048,0.001,0.017,26.083,107464.055,0.530,68.000
0.048,0.000,0.019,24.382,56620.242,1.148,68.000
0.048,0.003,0.013,20.320,207242.562,6.019,68.000
0.002,0.013,0.012,20.606,196615.000,7.524,68.000
0.051,0.012,0.011,21.346,252399.844,8.077,68.000
0.050,0.001,0.022,20.674,155362.531,1.840,68.000
0.052,0.015,0.010,22.111,228718.062,7.856,68.000
0.050,0.000,0.004,21.297,-58945.930,-0.056,68.000
0.044,0.002,0.016,19.796,260616.875,4.265,68.000
0.045,0.001,0.005,23.418,127064.789,0.711,68.000
0.048,0.012,0.012,22.109,239229.844,8.043,68.000
0.049,0.001,0.020,22.546,141628.438,2.019,68.000
0.001,0.013,0.011,18.734,198627.219,6.861,68.000
0.046,0.001,0.017,23.604,218457.906,3.628,68.000
0.048,0.000,0.011,30.384,-27543.984,1.174,68.000
0.050,0.022,0.010,20.236,264549.656,5.141,68.000
0.052,0.001,0.007,21.483,179945.156,2.347,68.000
0.050,0.008,0.012,21.197,242965.844,8.212,68.000
0.050,0.021,0.011,21.517,244187.312,6.540,68.000
0.048,0.001,0.011,22.707,204406.094,4.984,68.000
0.051,0.021,0.013,20.514,240010.562,9.026,68.000
0.051,0.000,0.015,29.311,2815.430,1.362,68.000
0.052,0.025,0.014,22.772,249249.938,9.367,68.000
0.051,0.001,0.013,32.795,-1577.469,0.266,68.000
0.050,0.016,0.013,20.897,257406.344,8.388,68.000
0.051,0.015,0.010,21.924,222989.031,8.022,68.000
0.051,0.014,0.011,21.803,233754.188,8.009,68.000
0.052,0.002,0.012,20.896,269040.438,5.038,68.000
0.049,0.008,0.014,18.585,224854.875,6.020,68.000
0.059,0.001,0.014,20.107,133119.875,1.475,68.000
0.051,0.009,0.013,19.982,224645.312,7.064,68.000
0.044,0.000,0.015,30.176,-38962.703,-1.793,68.000
0.049,0.001,0.017,24.716,210813.938,3.123,68.000
0.050,0.015,0.013,22.002,234116.562,8.448,68.000
0.050,0.004,0.014,17.231,227930.719,5.893,68.000
0.050,0.016,0.011,22.071,220590.375,8.188,68.000
0.057,0.001,0.007,21.405,189948.656,2.742,68.000
0.049,0.024,0.010,18.934,282893.500,5.220,68.000
0.048,0.007,0.012,20.821,231851.875,7.154,68.000
0.053,0.001,0.005,22.330,154515.750,2.463,68.000
0.048,0.008,0.012,21.991,230453.875,7.387,68.000
0.051,0.020,0.013,20.075,245742.438,8.988,68.000
0.050,0.015,0.010,21.654,214904.938,8.074,68.000
0.047,0.001,0.017,23.797,230073.844,3.744,68.000
0.048,0.009,0.012,22.438,226169.906,7.424,68.000
0.041,0.000,0.008,22.047,-3710.281,-0.251,68.000
0.048,0.018,0.012,21.175,235215.000,9.181,68.000
0.051,0.007,0.010,18.545,276686.688,6.952,68.000
0.043,0.001,0.013,20.257,215187.312,3.958,68.000
0.051,0.025,0.010,20.161,264657.219,4.923,68.000
0.002,0.010,0.012,21.233,165280.688,5.965,68.000
0.051,0.008,0.013,19.793,226306.531,6.987,68.000
0.052,0.001,0.021,23.333,51892.711,0.009,68.000
0.051,0.002,0.010,19.544,270396.844,5.944,68.000
0.039,0.001,0.009,19.929,148851.375,1.690,68.000
0.100,0.013,0.012,20.244,-29054.523,9.282,68.000
0.049,0.000,0.010,29.618,14885.078,2.067,68.000
0.049,0.023,0.010,19.440,275978.844,5.498,68.000
0.048,0.001,0.001,21.195,127644.758,1.259,68.000
0.050,0.000,0.014,30.513,-15680.070,-0.426,68.000
0.052,0.022,0.013,21.256,238351.469,9.147,68.000
0.049,0.008,0.014,18.934,230247.250,6.087,68.000
0.051,0.026,0.010,19.303,279004.062,5.295,68.000
0.043,0.001,0.017,20.164,207550.562,3.266,68.000
0.050,0.010,0.010,21.505,266364.375,7.810,68.000
0.054,0.001,0.008,23.953,164055.531,1.966,68.000
0.059,0.001,0.008,21.225,109054.070,1.642,68.000
0.053,0.001,0.009,21.798,225721.812,3.805,68.000
0.052,0.003,0.011,18.919,281273.844,5.804,68.000
0.057,0.001,0.019,22.696,53674.227,1.494,68.000
0.052,0.005,0.012,18.750,256771.812,6.490,68.000
0.055,0.001,0.017,22.673,175991.656,2.238,68.000
0.051,0.006,0.014,18.098,221567.344,5.993,68.000
0.054,0.000,0.008,23.495,15103.586,1.965,68.000
0.049,0.000,0.014,32.051,30293.742,0.399,68.000
0.050,0.003,0.012,20.002,266690.250,6.414,68.000
0.051,0.006,0.013,18.058,227532.781,6.813,68.000
0.046,0.001,0.018,23.965,200830.688,3.468,68.000
0.052,0.005,0.010,17.714,293178.156,6.169,68.000
0.048,0.000,0.010,31.502,11463.953,1.439,68.000
0.044,0.000,0.017,25.356,95642.398,0.070,68.000
0.049,0.027,0.011,26.784,223224.750,4.352,68.000
0.051,0.008,0.011,20.893,260643.719,8.604,68.000
0.057,0.000,0.011,19.974,-39925.949,0.856,68.000
0.050,0.027,0.014,27.599,172663.312,7.555,68.000
0.047,0.001,0.006,21.313,198417.531,2.851,68.000
0.047,0.001,0.004,24.683,70591.727,0.128,68.000
0.051,0.001,0.007,24.364,59452.773,0.489,68.000
0.049,0.007,0.011,20.565,256040.406,7.450,68.000
0.099,0.013,0.011,18.766,207519.156,8.384,68.000
0.100,0.013,0.013,21.309,101788.242,7.187,68.000
0.051,0.021,0.010,21.512,250437.188,5.409,68.000
0.051,0.002,0.016,22.734,281949.625,4.540,68.000
0.049,0.021,0.013,19.714,266517.781,9.369,68.000
0.051,0.000,0.016,28.688,38006.789,0.115,68.000
0.050,0.000,0.002,21.376,-70846.422,-0.493,68.000
0.047,0.001,0.013,30.935,8548.992,0.273,68.000
0.049,0.005,0.010,19.028,279078.938,5.332,68.000
0.052,0.007,0.012,19.720,248899.781,7.916,68.000
0.053,0.001,0.019,24.195,86182.336,0.756,68.000
0.053,0.000,0.017,26.022,-47195.121,1.416,68.000
0.043,0.001,0.020,20.436,184153.375,2.874,68.000
0.051,0.013,0.010,21.579,252385.281,7.916,68.000
0.051,0.003,0.013,19.256,246755.344,6.574,68.000
0.099,0.011,0.011,17.958,216392.000,7.511,68.000
0.099,0.013,0.014,23.777,165973.781,4.819,68.000
0.050,0.016,0.010,21.368,223155.938,7.564,68.000
0.045,0.000,0.009,25.028,-43602.309,-0.352,68.000
0.048,0.025,0.011,19.873,296288.844,6.482,68.000
0.001,0.012,0.012,20.982,186812.375,7.226,68.000
0.050,0.026,0.014,21.770,278815.781,9.450,68.000
0.043,0.001,0.017,19.118,249148.562,3.947,68.000
0.050,0.005,0.013,19.416,228662.656,6.524,68.000
0.055,0.000,0.021,19.769,16482.148,1.721,68.000
0.051,0.016,0.011,22.558,223970.469,7.800,68.000
0.048,0.002,0.011,20.086,254677.438,6.028,68.000
0.048,0.001,0.001,21.191,124491.867,1.162,68.000
0.055,0.000,0.014,28.583,-32667.227,-1.202,68.000
0.051,0.024,0.014,21.319,261305.875,9.498,68.000
0.047,0.001,0.022,21.134,116477.836,1.196,68.000
0.048,0.010,0.013,20.822,230120.500,6.061,68.000
0.050,0.013,0.011,21.687,232938.156,8.946,68.000
0.043,0.001,0.019,20.548,197825.000,3.345,68.000
0.051,0.000,0.020,24.456,57745.117,-0.269,68.000
0.040,0.001,0.010,20.862,130460.539,1.367,68.000
0.050,0.016,0.010,21.323,219889.844,7.854,68.000
0.052,0.005,0.013,18.311,255470.438,6.709,68.000
0.055,0.001,0.008,22.592,203814.656,2.453,68.000
0.049,0.025,0.011,19.626,280464.594,6.106,68.000
0.049,0.001,0.004,24.007,138768.594,1.910,68.000
0.049,0.000,0.004,18.856,-4460.312,-1.018,68.000
0.049,0.012,0.014,19.421,236047.281,6.983,68.000
0.050,0.015,0.014,18.688,262720.094,7.699,68.000
0.049,0.000,0.005,24.467,24484.250,-0.326,68.000
0.041,0.001,0.006,20.444,202975.281,2.353,68.000
0.053,0.001,0.017,25.010,125892.711,1.603,68.000
0.054,0.001,0.013,25.954,188329.750,2.757,68.000
0.052,0.009,0.011,19.946,265242.531,8.034,68.000
0.052,0.000,0.022,23.409,28305.148,-1.802,68.000
0.051,0.004,0.012,19.219,248542.000,6.446,68.000
0.053,0.001,0.015,22.911,257984.094,3.661,68.000
0.055,0.001,0.009,23.693,191489.312,1.853,68.000
0.042,0.001,0.009,20.250,159871.250,2.115,68.000
0.048,0.007,0.010,19.613,257575.656,7.007,68.000
0.053,0.001,0.011,31.011,19956.875,0.400,68.000
0.052,0.006,0.014,18.533,217282.812,5.897,68.000
0.045,0.001,0.010,20.119,182086.969,3.793,68.000
0.051,0.008,0.011,20.352,258906.344,8.511,68.000
0.053,0.000,0.007,21.462,-14687.750,1.342,68.000
0.052,0.001,0.004,22.309,137977.125,2.806,68.000
0.051,0.006,0.012,19.145,252867.000,7.232,68.000
0.045,0.000,0.009,32.039,-44463.934,1.467,68.000
0.048,0.011,0.012,22.107,238602.750,8.173,68.000
0.046,0.001,0.013,23.093,213607.125,4.721,68.000
0.052,0.000,0.012,30.256,15148.031,3.031,68.000
0.050,0.022,0.012,20.717,266662.469,8.298,68.000
0.047,0.000,0.004,25.235,-25172.203,-1.227,68.000
0.056,0.001,0.005,21.982,142328.156,3.186,68.000
0.053,0.001,0.019,25.533,41022.773,0.630,68.000
0.049,0.008,0.011,21.261,257719.656,8.142,68.000
0.049,0.019,0.013,21.040,247371.500,9.618,68.000
0.050,0.023,0.011,20.029,262425.438,5.582,68.000
0.044,0.001,0.005,24.095,84740.758,0.218,68.000
0.045,0.001,0.020,21.048,211913.031,3.398,68.000
0.047,0.001,0.019,22.056,221360.031,3.585,68.000
0.052,0.003,0.011,19.239,279129.625,6.043,68.000
0.048,0.002,0.014,19.705,228185.812,6.055,68.000
0.048,0.017,0.012,22.800,218225.906,8.624,68.000
0.050,0.009,0.013,21.076,230945.094,7.394,68.000
0.049,0.005,0.012,20.929,248013.562,6.496,68.000
0.051,0.001,0.022,22.003,82847.023,0.247,68.000
0.056,0.001,0.009,25.586,69324.273,0.697,68.000
0.060,0.001,0.014,19.334,143378.219,0.829,68.000
0.045,0.001,0.006,21.517,209292.219,2.426,68.000
0.049,0.027,0.013,20.513,256185.281,11.508,68.000
0.049,0.010,0.012,22.058,229241.906,7.562,68.000
0.058,0.001,0.014,20.204,181507.781,2.931,68.000
0.059,0.001,0.011,22.335,146368.625,0.549,68.000
0.048,0.025,0.012,20.742,301499.594,7.363,68.000
0.047,0.002,0.007,19.929,215182.375,2.742,68.000
0.051,0.009,0.013,20.826,225466.031,7.501,68.000
0.052,0.000,0.004,24.742,-141221.391,-1.612,68.000
0.051,0.001,0.019,22.182,208984.031,3.095,68.000
0.055,0.000,0.011,23.460,-19867.594,0.111,68.000
0.051,0.000,0.008,24.790,35956.461,-0.551,68.000
0.051,0.008,0.012,20.942,251537.312,8.447,68.000
0.048,0.010,0.011,22.097,245319.719,7.980,68.000
0.049,0.026,0.012,21.998,282072.719,7.362,68.000
0.049,0.003,0.009,18.904,266794.969,5.518,68.000
0.041,0.001,0.007,21.121,175059.344,1.627,68.000
0.051,0.000,0.005,22.466,-16270.805,0.575,68.000
0.050,0.019,0.011,21.365,247780.594,7.546,68.000
0.051,0.004,0.011,19.483,277198.906,6.476,68.000
0.055,0.001,0.019,21.264,183904.594,2.279,68.000
0.049,0.012,0.011,21.949,241967.906,8.610,68.000
0.053,0.000,0.020,24.338,-52669.891,0.113,68.000
0.049,0.016,0.012,22.201,220565.156,8.613,68.000
0.046,0.001,0.006,22.020,195547.281,2.217,68.000
0.045,0.001,0.004,21.913,179038.750,1.501,68.000
0.054,0.001,0.022,20.412,135106.969,1.201,68.000
0.051,0.000,0.004,25.372,-112542.234,0.170,68.000
0.098,0.013,0.012,21.559,187993.344,7.635,68.000
0.051,0.000,0.002,22.436,-82257.820,-0.100,68.000
0.050,0.027,0.012,22.971,253963.500,8.306,68.000
0.048,0.011,0.013,21.360,226206.500,6.555,68.000
0.055,0.000,0.018,25.528,115.578,0.894,68.000
0.047,0.000,0.009,25.701,-46832.426,-0.043,68.000
0.048,0.012,0.012,21.234,241538.406,7.641,68.000
0.055,0.002,0.015,22.182,227447.219,2.906,68.000
0.050,0.019,0.010,21.290,248273.375,6.533,68.000
0.051,0.019,0.014,18.876,256878.000,8.904,68.000
0.050,0.003,0.012,19.587,246722.188,6.550,68.000
0.052,0.001,0.011,26.959,117644.492,2.784,68.000
0.048,0.024,0.013,20.082,293861.406,8.312,68.000
0.050,0.024,0.010,19.362,272859.750,5.303,68.000
0.052,0.005,0.012,18.761,263613.969,6.652,68.000
0.044,0.000,0.015,24.489,-45585.316,0.597,68.000
0.053,0.002,0.014,22.592,242662.000,3.807,68.000
0.047,0.002,0.014,21.450,225869.125,5.653,68.000
0.049,0.000,0.023,20.565,18902.547,2.208,68.000
0.048,0.025,0.013,20.975,299245.469,7.797,68.000
0.051,0.009,0.010,20.416,278154.625,7.469,68.000
0.058,0.000,0.019,20.533,29029.523,-1.865,68.000
0.050,0.001,0.013,29.503,100950.945,1.878,68.000
0.041,0.001,0.007,20.275,194485.938,2.409,68.000
0.049,0.012,0.010,22.197,256398.094,7.783,68.000
0.048,0.001,0.004,22.487,170593.594,1.902,68.000
0.098,0.013,0.013,22.968,168284.500,5.588,68.000
0.043,0.001,0.012,21.374,177732.625,3.456,68.000
0.045,0.001,0.011,26.003,90353.992,2.064,68.000
0.049,0.008,0.012,21.291,234029.562,7.999,68.000
0.050,0.002,0.009,20.154,251235.781,5.157,68.000
0.056,0.001,0.010,23.137,187578.469,1.278,68.000
0.050,0.012,0.011,21.619,242000.844,8.533,68.000
0.049,0.017,0.011,22.143,220273.562,7.996,68.000
0.049,0.004,0.014,17.226,209067.031,5.783,68.000
0.048,0.008,0.013,20.223,212698.219,6.378,68.000
0.040,0.000,0.016,19.069,85905.898,1.276,68.000
0.048,0.000,0.009,23.081,42997.867,-0.050,68.000
0.045,0.001,0.019,21.736,226994.500,3.812,68.000
0.048,0.000,0.015,29.065,-8263.070,1.344,68.000
0.053,0.001,0.005,24.659,50661.305,1.153,68.000
0.044,0.001,0.009,18.979,204905.219,3.220,68.000
0.051,0.009,0.009,19.981,290459.719,6.984,68.000
0.051,0.002,0.015,21.440,246861.969,4.358,68.000
0.052,0.002,0.014,20.605,255339.844,4.515,68.000
0.043,0.001,0.012,21.963,181331.375,3.421,68.000
0.042,0.000,0.010,22.279,-2911.930,-0.549,68.000
0.051,0.013,0.010,21.257,255480.281,7.482,68.000
0.058,0.000,0.015,22.962,17561.297,0.807,68.000
0.047,0.000,0.019,26.069,43377.789,-0.122,68.000
0.048,0.015,0.012,22.023,217154.406,9.029,68.000
0.044,0.001,0.013,28.030,45595.258,0.177,68.000
0.049,0.016,0.010,22.122,211545.562,8.126,68.000
0.051,0.016,0.010,21.550,223747.750,7.838,68.000
0.047,0.002,0.014,21.524,228097.500,5.719,68.000
0.058,0.001,0.014,22.581,100954.398,1.266,68.000
0.044,0.002,0.014,20.127,210605.844,4.873,68.000
0.051,0.018,0.010,22.376,240562.531,6.409,68.000
0.051,0.009,0.010,20.085,280325.531,7.363,68.000
0.055,0.001,0.012,22.501,261108.469,4.431,68.000
0.040,0.001,0.007,19.700,172318.812,2.704,68.000
0.050,0.017,0.010,21.335,221758.438,7.339,68.000
0.049,0.010,0.011,21.780,250461.469,8.357,68.000
0.059,0.000,0.007,20.397,-68617.047,3.619,68.000
0.045,0.002,0.011,19.082,237292.156,5.955,68.000
0.050,0.005,0.010,18.558,287310.406,5.638,68.000
0.049,0.018,0.012,22.121,227034.406,8.116,68.000
0.055,0.000,0.012,29.129,33787.477,0.688,68.000
0.040,0.000,0.015,17.773,69563.023,3.142,68.000
0.051,0.010,0.012,21.506,230914.812,8.154,68.000
0.051,0.016,0.012,22.516,233092.719,8.155,68.000
0.041,0.001,0.013,23.424,57354.039,-0.100,68.000
0.051,0.004,0.011,19.182,278620.906,6.523,68.000
0.001,0.013,0.012,20.903,193140.062,7.566,68.000
0.055,0.001,0.007,24.596,92836.492,1.724,68.000
0.049,0.026,0.010,18.930,266034.281,5.679,68.000
0.051,0.025,0.011,21.856,253024.062,6.586,68.000
0.049,0.026,0.011,20.306,277029.625,5.813,68.000
0.050,0.023,0.014,20.321,271778.281,9.405,68.000
0.049,0.020,0.012,20.872,254457.156,7.937,68.000
0.045,0.002,0.006,20.185,216316.844,2.536,68.000
0.050,0.023,0.010,19.893,265438.688,5.039,68.000
0.049,0.021,0.013,20.181,264915.156,9.203,68.000
0.048,0.001,0.014,23.633,227341.531,4.634,68.000
0.052,0.003,0.010,18.687,284695.406,5.949,68.000
0.050,0.000,0.022,22.613,16521.219,0.298,68.000
0.049,0.008,0.013,20.074,230576.344,7.623,68.000
0.052,0.001,0.018,26.879,18340.656,0.230,68.000
0.052,0.020,0.012,22.109,215092.594,8.213,68.000
0.047,0.001,0.010,19.975,240829.812,5.270,68.000
0.049,0.026,0.012,21.773,286494.375,7.850,68.000
0.055,0.001,0.007,24.364,76857.961,1.908,68.000
0.045,0.000,0.019,24.076,7169.906,1.816,68.000
0.050,0.011,0.012,21.947,239422.562,8.231,68.000
0.050,0.018,0.014,18.798,270038.562,8.020,68.000
0.044,0.000,0.009,21.965,-5036.844,-0.425,68.000
0.049,0.006,0.012,21.069,250856.344,7.636,68.000
0.051,0.013,0.012,21.090,231232.594,8.923,68.000
0.052,0.000,0.018,24.062,-19896.477,0.161,68.000
0.044,0.001,0.014,22.002,202612.688,4.097,68.000
0.042,0.001,0.015,18.350,186325.156,3.108,68.000
0.051,0.021,0.013,19.725,254647.156,9.124,68.000
0.001,0.012,0.012,21.086,184049.250,7.099,68.000
0.051,0.018,0.010,22.168,230429.500,6.584,68.000
0.053,0.000,0.009,29.877,51568.414,4.697,68.000
0.050,0.004,0.010,18.866,283654.125,5.809,68.000
0.048,0.005,0.013,18.399,198166.000,6.214,68.000
0.054,0.000,0.012,30.116,8958.984,3.065,68.000
0.059,0.001,0.012,19.469,237786.156,2.066,68.000
0.056,0.000,0.006,19.781,23732.766,2.762,68.000
0.049,0.000,0.011,32.018,10511.664,1.228,68.000
0.049,0.019,0.012,21.640,244187.188,8.930,68.000
0.052,0.009,0.011,20.279,259314.844,8.464,68.000
0.049,0.000,0.020,22.939,123245.070,-1.534,68.000
0.049,0.005,0.014,17.272,211475.250,6.220,68.000
0.051,0.013,0.013,20.488,238417.625,8.075,68.000
0.057,0.000,0.008,19.911,-33468.477,2.269,68.000
0.051,0.009,0.012,21.004,241011.000,8.437,68.000
0.048,0.016,0.012,22.007,221439.469,8.590,68.000
0.040,0.001,0.016,16.151,191417.531,4.285,68.000
0.051,0.005,0.012,19.700,267032.594,7.146,68.000
0.049,0.008,0.010,20.794,261373.125,7.627,68.000
0.047,0.000,0.008,22.474,21985.188,-0.471,68.000
0.049,0.013,0.010,22.432,239583.906,7.956,68.000
0.098,0.013,0.012,21.241,189214.156,7.595,68.000
0.002,0.010,0.012,20.153,186297.438,5.839,68.000
0.054,0.000,0.002,19.088,-11398.758,0.284,68.000
0.043,0.001,0.007,21.578,184046.344,1.672,68.000
0.051,0.026,0.010,19.940,262939.125,5.442,68.000
0.048,0.003,0.013,20.267,210653.219,6.166,68.000
0.002,0.012,0.011,18.479,224110.406,5.721,68.000
0.044,0.000,0.003,22.371,165993.562,0.869,68.000
0.050,0.019,0.011,21.798,238449.656,7.679,68.000
0.098,0.012,0.011,17.045,215767.438,8.353,68.000
0.050,0.021,0.011,21.086,248995.750,6.061,68.000
0.050,0.005,0.010,18.709,287141.688,5.492,68.000
0.058,0.001,0.005,21.335,142178.500,4.159,68.000
0.056,0.001,0.010,26.722,55088.133,0.885,68.000
0.049,0.004,0.014,17.175,217135.750,6.180,68.000
0.042,0.000,0.017,23.652,65805.617,-0.475,68.000
0.050,0.010,0.013,21.296,228104.125,7.160,68.000
0.059,0.000,0.014,21.731,1641.648,0.626,68.000
0.099,0.012,0.013,21.569,182310.125,5.339,68.000
0.049,0.003,0.014,17.755,225031.938,5.568,68.000
0.057,0.001,0.009,22.180,217133.625,2.011,68.000
0.043,0.000,0.009,19.977,483.609,-0.505,68.000
0.047,0.001,0.017,24.856,195742.281,3.106,68.000
0.048,0.013,0.013,20.505,242607.625,7.614,68.000
0.050,0.020,0.014,18.377,273406.375,8.997,68.000
0.099,0.011,0.012,19.780,201654.188,6.702,68.000
0.052,0.022,0.012,22.282,227624.188,8.039,68.000
0.050,0.021,0.010,20.916,259503.500,5.700,68.000
0.050,0.025,0.011,20.991,266251.969,6.135,68.000
0.056,0.000,0.020,21.715,-56325.684,2.614,68.000
0.048,0.023,0.012,20.084,281017.125,7.593,68.000
0.052,0.008,0.010,19.197,277924.094,7.404,68.000
0.050,0.010,0.009,20.983,299995.375,6.962,68.000
0.051,0.027,0.011,21.084,234267.594,5.974,68.000
0.043,0.000,0.012,28.142,-27893.836,0.896,68.000
0.051,0.006,0.011,19.275,272528.531,7.296,68.000
0.050,0.003,0.011,20.351,265023.562,6.369,68.000
0.051,0.000,0.009,26.248,23996.805,0.116,68.000
0.050,0.021,0.014,19.547,265463.031,9.220,68.000
0.059,0.001,0.018,18.793,188169.188,1.470,68.000
0.046,0.001,0.019,22.189,234586.531,3.884,68.000
0.047,0.001,0.017,21.869,270331.812,4.608,68.000
0.052,0.006,0.012,18.607,253743.562,7.035,68.000
0.053,0.001,0.012,25.816,172736.875,2.769,68.000
0.055,0.000,0.007,22.366,64090.977,2.854,68.000
0.044,0.001,0.011,20.018,206758.344,4.930,68.000
0.042,0.001,0.015,18.297,235926.500,3.914,68.000
0.048,0.025,0.011,18.688,284414.188,6.261,68.000
0.048,0.009,0.011,21.886,239046.750,7.786,68.000
0.056,0.001,0.014,25.765,77342.523,0.237,68.000
0.050,0.019,0.013,21.058,243232.625,9.297,68.000
0.049,0.012,0.013,21.131,237616.719,7.611,68.000
0.055,0.000,0.020,20.915,-46033.715,2.355,68.000
0.052,0.004,0.014,17.619,236841.781,5.336,68.000
0.052,0.000,0.021,20.878,-28536.430,0.814,68.000
0.048,0.001,0.005,21.613,185471.375,2.557,68.000
0.047,0.001,0.010,20.412,211536.375,4.861,68.000
0.046,0.002,0.008,19.169,216602.375,2.780,68.000
0.052,0.007,0.013,19.081,247010.812,7.509,68.000
0.048,0.018,0.012,21.836,233992.344,9.237,68.000
0.049,0.026,0.011,19.738,283906.781,5.885,68.000
0.054,0.000,0.020,20.286,39391.414,1.900,68.000
0.049,0.004,0.012,20.859,250510.812,6.344,68.000
0.048,0.018,0.010,21.431,228285.781,7.436,68.000
0.049,0.018,0.013,20.632,261231.031,8.916,68.000
0.052,0.006,0.013,18.506,233394.906,6.653,68.000
0.051,0.012,0.013,20.172,230859.594,7.593,68.000
0.049,0.000,0.018,27.554,63991.992,-0.509,68.000
0.044,0.001,0.021,20.343,190182.250,3.148,68.000
0.046,0.001,0.009,19.628,219150.625,3.409,68.000
0.040,0.001,0.016,19.199,117148.617,1.989,68.000
0.059,0.001,0.012,22.335,99790.617,0.555,68.000
0.049,0.013,0.014,19.041,241763.219,7.426,68.000
0.049,0.001,0.019,22.793,195458.344,2.902,68.000
0.052,0.003,0.011,19.232,279180.406,6.308,68.000
0.050,0.000,0.007,22.157,17816.773,1.072,68.000
0.050,0.016,0.012,22.330,224471.094,8.088,68.000
0.048,0.011,0.012,22.039,239182.688,7.910,68.000
0.048,0.018,0.013,21.165,252866.938,9.417,68.000
0.049,0.000,0.020,23.537,104890.961,1.393,68.000
0.050,0.015,0.012,22.370,226450.938,8.187,68.000
0.055,0.001,0.005,22.600,135421.125,2.585,68.000
0.048,0.011,0.012,21.748,233370.156,7.374,68.000
0.041,0.001,0.014,17.437,185191.812,3.725,68.000
0.047,0.002,0.014,21.549,224948.188,5.699,68.000
0.051,0.000,0.006,25.298,38904.508,2.610,68.000
0.052,0.012,0.013,20.417,227599.156,7.860,68.000
0.048,0.018,0.013,21.382,252294.969,9.396,68.000
0.055,0.001,0.016,25.697,80755.086,1.092,68.000
0.048,0.019,0.011,21.025,245153.688,7.966,68.000
0.051,0.027,0.011,25.000,237292.219,5.154,68.000
0.050,0.002,0.009,19.331,268576.438,5.429,68.000
0.049,0.000,0.009,25.055,61961.367,-0.238,68.000
0.051,0.010,0.010,20.745,270162.000,7.758,68.000
0.050,0.023,0.014,20.104,270226.781,9.221,68.000
0.053,0.002,0.007,21.283,181595.875,2.522,68.000
0.051,0.003,0.011,19.590,274195.000,6.271,68.000
0.050,0.014,0.011,21.669,229410.094,8.874,68.000
0.042,0.000,0.006,20.787,44754.023,2.146,68.000
0.051,0.009,0.009,19.906,288688.188,6.949,68.000
0.049,0.013,0.012,21.764,236905.625,8.682,68.000
0.053,0.001,0.004,23.011,107412.273,2.361,68.000
0.057,0.002,0.014,21.049,198474.875,3.061,68.000
0.049,0.006,0.015,17.930,198888.406,5.172,68.000
0.049,0.012,0.012,21.455,245033.469,8.109,68.000
0.049,0.015,0.012,21.584,231488.312,8.959,68.000
0.051,0.027,0.014,23.679,196165.875,11.699,68.000
0.053,0.001,0.015,22.436,260644.906,3.634,68.000
0.050,0.022,0.013,20.237,258751.344,9.248,68.000
0.057,0.001,0.013,25.231,87444.336,0.383,68.000
0.051,0.027,0.012,26.751,217345.219,8.065,68.000
0.048,0.009,0.014,20.270,234195.062,6.163,68.000
0.049,0.009,0.015,18.898,231293.906,6.103,68.000
0.050,0.000,0.002,21.992,-87110.391,-0.971,68.000
0.001,0.013,0.011,19.031,212962.062,7.277,68.000
0.049,0.002,0.010,19.769,258636.344,5.745,68.000
0.057,0.001,0.013,23.566,178518.594,1.941,68.000
0.046,0.000,0.003,22.159,-27536.500,-1.392,68.000
0.045,0.001,0.014,22.656,204555.406,4.320,68.000
0.051,0.019,0.014,18.354,271047.281,8.549,68.000
0.054,0.001,0.011,28.688,79573.352,0.912,68.000
0.050,0.027,0.012,26.227,287373.094,7.070,68.000
0.048,0.005,0.013,18.906,203302.719,6.146,68.000
0.050,0.001,0.010,23.158,185170.656,4.631,68.000
0.051,0.012,0.014,19.831,230529.188,7.769,68.000
0.098,0.010,0.011,17.407,214885.406,7.637,68.000
0.049,0.009,0.014,18.941,237269.156,6.232,68.000
0.046,0.002,0.015,21.309,234824.656,4.910,68.000
0.051,0.001,0.005,21.435,176304.906,2.801,68.000
0.050,0.001,0.018,21.882,267497.656,3.936,68.000
0.050,0.019,0.010,21.146,238424.062,6.797,68.000
0.041,0.000,0.012,22.833,-90822.734,1.878,68.000
0.047,0.000,0.012,29.651,-9549.578,-1.790,68.000
0.055,0.001,0.015,27.126,31976.508,1.069,68.000
0.052,0.013,0.013,20.972,237489.719,8.484,68.000
0.048,0.012,0.013,20.811,237902.969,7.109,68.000
0.051,0.017,0.012,22.589,226552.594,8.013,68.000
0.048,0.019,0.011,21.006,245101.938,7.682,68.000
0.053,0.000,0.022,20.171,-36861.953,1.890,68.000
0.058,0.001,0.008,20.387,197613.969,2.190,68.000
0.043,0.001,0.005,23.362,136388.906,0.885,68.000
0.002,0.013,0.013,20.527,173436.125,8.110,68.000
0.051,0.012,0.010,21.004,270614.625,7.517,68.000
0.054,0.001,0.012,23.124,262791.875,4.426,68.000
0.048,0.012,0.012,21.537,241161.625,7.962,68.000
0.059,0.001,0.005,21.383,142559.906,4.249,68.000
0.052,0.009,0.010,19.644,270129.250,7.979,68.000
0.049,0.016,0.013,21.661,240134.844,8.834,68.000
0.051,0.006,0.014,18.486,223139.812,6.340,68.000
0.051,0.013,0.012,21.111,232581.938,8.843,68.000
0.048,0.005,0.014,17.193,210029.906,6.080,68.000
0.050,0.012,0.010,21.926,266357.312,7.523,68.000
0.051,0.006,0.011,18.528,281291.375,7.033,68.000
0.048,0.005,0.013,18.960,203415.156,6.237,68.000
0.042,0.001,0.012,25.941,48066.773,-0.417,68.000
0.056,0.000,0.007,22.683,10460.422,1.682,68.000
0.100,0.013,0.011,20.718,-31462.328,10.059,68.000
0.049,0.010,0.011,22.029,243617.125,8.380,68.000
0.057,0.000,0.015,24.922,28169.195,-0.115,68.000
0.050,0.025,0.011,20.076,270379.438,5.592,68.000
0.051,0.020,0.010,21.650,254450.344,5.858,68.000
0.050,0.013,0.012,21.246,236858.062,8.896,68.000
0.048,0.000,0.020,23.050,126892.289,1.759,68.000
0.050,0.001,0.021,21.503,168089.125,2.409,68.000
0.050,0.000,0.018,27.083,43601.102,0.076,68.000
0.049,0.026,0.014,21.542,280985.094,9.113,68.000
0.052,0.000,0.010,28.674,-8191.000,2.068,68.000
0.046,0.001,0.011,19.390,243622.156,6.134,68.000
0.059,0.001,0.012,20.783,185053.156,1.150,68.000
0.050,0.023,0.013,20.911,263968.625,9.240,68.000
0.045,0.000,0.009,24.792,-7342.719,-0.876,68.000
0.048,0.001,0.002,21.972,121036.398,1.071,68.000
0.052,0.001,0.003,23.652,76197.305,1.561,68.000
0.048,0.015,0.013,20.642,239159.469,8.883,68.000
0.052,0.016,0.013,21.985,241737.438,7.706,68.000
0.055,0.000,0.004,20.335,-89928.664,2.285,68.000
0.052,0.013,0.014,19.888,247850.969,8.031,68.000
0.050,0.023,0.010,19.810,265848.781,4.915,68.000
0.048,0.000,0.014,30.843,19703.781,0.570,68.000
0.060,0.001,0.010,20.010,188601.594,0.148,68.000
0.050,0.018,0.012,22.749,226035.562,8.121,68.000
0.051,0.016,0.010,21.885,223939.438,7.865,68.000
0.046,0.001,0.013,22.067,217159.438,5.414,68.000
0.041,0.001,0.007,22.578,149449.719,1.432,68.000
0.050,0.026,0.011,20.875,261831.062,5.973,68.000
0.048,0.003,0.014,18.313,215688.188,6.218,68.000
0.050,0.006,0.009,18.678,282818.219,5.945,68.000
0.048,0.012,0.010,22.621,249949.562,7.768,68.000
0.055,0.000,0.018,25.533,7386.656,0.056,68.000
0.052,0.007,0.013,19.105,232177.719,6.866,68.000
0.050,0.013,0.012,21.336,239168.531,8.920,68.000
0.049,0.021,0.011,20.519,262408.312,7.079,68.000
0.002,0.014,0.013,20.510,177585.469,8.402,68.000
0.047,0.000,0.011,28.799,-55992.695,-1.692,68.000
0.045,0.001,0.019,21.966,224669.062,3.747,68.000
0.052,0.001,0.013,29.482,111584.289,2.443,68.000
0.051,0.022,0.011,22.221,235339.625,5.784,68.000
0.050,0.017,0.010,21.534,223472.250,7.121,68.000
0.053,0.001,0.002,25.956,-86901.617,-1.007,68.000
0.059,0.000,0.007,20.362,3515.336,2.297,68.000
0.046,0.002,0.017,21.368,266429.000,4.698,68.000
0.053,0.000,0.013,29.342,-66230.250,-0.990,68.000
0.045,0.001,0.020,21.964,91666.539,0.809,68.000
0.042,0.000,0.012,25.816,-44766.191,-1.976,68.000
0.049,0.004,0.012,20.117,220172.469,6.195,68.000
0.048,0.021,0.010,19.940,279765.688,7.297,68.000
0.045,0.001,0.019,22.578,143654.250,1.783,68.000
0.052,0.002,0.007,21.187,179857.750,2.457,68.000
0.042,0.001,0.006,23.238,128411.461,0.862,68.000
0.000,0.011,0.012,25.492,-35486.734,12.625,68.000
0.058,0.001,0.006,20.664,169500.000,3.615,68.000
0.050,0.003,0.010,18.910,278320.219,5.659,68.000
0.048,0.023,0.012,19.968,284993.406,7.709,68.000
0.049,0.025,0.012,20.979,293348.719,7.561,68.000
0.051,0.006,0.011,19.640,270775.062,7.295,68.000
0.050,0.021,0.014,19.071,270371.781,9.324,68.000
0.049,0.005,0.013,17.571,214927.688,6.430,68.000
0.049,0.008,0.013,19.976,226872.875,6.874,68.000
0.050,0.008,0.013,19.630,227837.594,7.243,68.000
0.050,0.003,0.011,19.944,269139.531,6.376,68.000
-0.000,0.011,0.011,26.084,-18007.148,12.539,68.000
0.052,0.012,0.013,20.385,228457.531,7.896,68.000
0.052,0.001,0.014,28.904,72857.055,1.122,68.000
0.049,0.023,0.012,20.285,281402.844,7.947,68.000
0.051,0.015,0.012,22.597,228787.562,7.924,68.000
0.044,0.001,0.006,22.199,190303.906,1.943,68.000
0.050,0.006,0.010,18.651,285968.531,5.847,68.000
0.051,0.027,0.013,27.695,170226.719,7.024,68.000
0.051,0.022,0.013,21.428,237117.250,9.142,68.000
0.048,0.015,0.011,22.602,219435.938,8.638,68.000
0.039,0.001,0.013,22.237,105981.398,0.387,68.000
0.047,0.002,0.013,21.737,202813.312,5.927,68.000
0.051,0.022,0.011,21.515,241896.469,5.619,68.000
0.043,0.000,0.019,22.278,16261.766,-0.512,68.000
0.051,0.014,0.013,21.110,238178.500,8.767,68.000
0.046,0.001,0.004,23.074,164884.312,1.537,68.000
0.049,0.001,0.005,25.232,45629.133,0.113,68.000
0.049,0.019,0.012,20.994,253448.188,9.488,68.000
0.099,0.012,0.012,21.312,155607.500,6.492,68.000
0.002,0.012,0.012,21.283,176616.625,6.902,68.000
0.049,0.002,0.009,20.502,235470.219,3.906,68.000
0.059,0.001,0.010,20.429,181926.906,0.613,68.000
0.056,0.001,0.017,21.960,158513.281,1.497,68.000
0.046,0.001,0.003,22.071,150567.188,1.021,68.000
0.049,0.018,0.012,22.316,227112.875,9.092,68.000
0.051,0.013,0.012,21.103,233556.000,8.825,68.000
0.050,0.006,0.010,18.740,279883.312,6.222,68.000
0.050,0.023,0.014,20.026,277057.469,9.556,68.000
0.049,0.004,0.009,18.648,281743.344,5.359,68.000
0.001,0.013,0.012,21.016,182411.688,8.281,68.000
0.049,0.012,0.010,22.445,257875.969,7.561,68.000
0.052,0.005,0.012,19.126,261391.531,6.795,68.000
0.047,0.001,0.012,23.566,174719.312,4.487,68.000
0.052,0.012,0.013,21.229,230346.000,8.745,68.000
0.042,0.001,0.006,21.910,195206.906,1.790,68.000
0.056,0.001,0.004,23.087,98830.164,2.996,68.000
0.053,0.001,0.017,23.701,191166.625,2.555,68.000
0.058,0.001,0.017,19.804,159148.625,1.373,68.000
0.048,0.001,0.014,22.034,230824.562,5.473,68.000
0.048,0.001,0.020,23.360,137262.875,1.893,68.000
0.048,0.001,0.013,27.626,134758.781,2.979,68.000
0.055,0.000,0.014,29.134,-46404.492,-1.457,68.000
0.050,0.009,0.014,19.526,237811.406,6.709,68.000
0.056,0.001,0.009,23.233,206748.938,1.909,68.000
0.051,0.000,0.002,23.607,-23901.922,0.981,68.000
0.053,0.002,0.011,19.962,276555.312,5.578,68.000
0.048,0.001,0.015,21.503,234637.406,5.203,68.000
0.057,0.001,0.007,22.557,103691.664,1.717,68.000
0.055,0.001,0.011,23.805,200615.281,2.496,68.000
0.053,0.002,0.011,20.067,273304.906,5.431,68.000
0.044,0.000,0.015,26.670,-100888.500,-2.504,68.000
0.041,0.001,0.011,20.390,161451.812,2.442,68.000
0.045,0.001,0.013,21.993,216733.875,5.333,68.000
0.051,0.001,0.017,22.857,271131.281,4.308,68.000
0.044,0.000,0.011,25.351,1577.969,-0.704,68.000
0.048,0.004,0.010,19.477,262564.500,5.818,68.000
0.049,0.002,0.010,19.803,250430.906,5.602,68.000
0.050,0.006,0.013,18.305,223442.125,6.717,68.000
0.049,0.012,0.010,22.401,270887.500,7.254,68.000
0.050,0.002,0.014,19.225,242018.312,5.451,68.000
0.049,0.026,0.012,21.247,288166.500,6.678,68.000
0.050,0.018,0.010,21.934,233232.125,6.770,68.000
0.046,0.001,0.006,22.179,187189.062,2.164,68.000
0.052,0.000,0.020,23.515,38389.602,-2.086,68.000
0.054,0.001,0.009,22.256,222810.812,3.562,68.000
0.051,0.017,0.013,20.399,259294.062,8.080,68.000
0.048,0.024,0.013,20.513,295858.188,8.086,68.000
0.049,0.007,0.014,18.209,214899.625,6.471,68.000
0.050,0.017,0.013,22.590,230997.219,8.871,68.000
0.049,0.026,0.011,19.229,280166.906,5.848,68.000
0.047,0.001,0.015,22.581,245149.562,4.656,68.000
0.054,0.000,0.013,30.200,-65874.984,-0.958,68.000
0.051,0.013,0.010,21.233,257820.625,7.387,68.000
0.049,0.001,0.013,28.167,110293.445,1.896,68.000
0.048,0.001,0.017,25.411,187931.750,2.800,68.000
0.050,0.006,0.011,20.761,262781.031,7.596,68.000
0.050,0.018,0.013,22.074,238955.000,8.886,68.000
0.046,0.001,0.007,23.767,100063.305,1.115,68.000
0.098,0.012,0.014,23.271,167455.375,4.686,68.000
0.048,0.006,0.010,18.913,266499.469,6.016,68.000
0.042,0.001,0.016,18.425,240172.719,4.064,68.000
0.051,0.004,0.012,18.756,256912.000,6.519,68.000
0.051,0.005,0.012,19.482,247074.719,6.975,68.000
0.049,0.026,0.012,21.300,291329.625,6.928,68.000
0.047,0.000,0.020,25.002,65592.258,0.591,68.000
0.050,0.001,0.004,25.445,-5878.188,-0.325,68.000
0.044,0.001,0.011,20.212,208870.500,4.907,68.000
0.053,0.001,0.011,22.624,261446.438,4.595,68.000
0.051,0.010,0.011,21.603,246366.344,8.520,68.000
0.044,0.001,0.020,21.852,160534.781,2.124,68.000
0.047,0.001,0.008,23.474,114359.492,1.449,68.000
0.046,0.000,0.014,32.796,-49666.656,-1.994,68.000
0.047,0.000,0.021,22.260,-31174.023,1.795,68.000
0.051,0.000,0.009,32.265,15374.828,3.235,68.000
0.056,0.001,0.008,21.655,202476.531,2.706,68.000
0.048,0.006,0.011,20.921,238573.812,7.116,68.000
0.051,0.010,0.014,19.462,229107.219,6.907,68.000
0.051,0.001,0.006,23.658,100677.617,1.208,68.000
0.050,0.014,0.014,19.834,253651.594,7.934,68.000
0.048,0.008,0.013,21.104,220328.656,6.793,68.000
0.053,0.002,0.016,22.658,265245.188,3.896,68.000
0.052,0.001,0.010,21.305,247866.781,5.236,68.000
0.051,0.020,0.013,21.095,236727.750,8.722,68.000
0.044,0.002,0.011,18.633,222204.750,5.468,68.000
0.048,0.026,0.010,19.126,272459.781,5.900,68.000
0.048,0.005,0.014,17.304,210354.781,6.251,68.000
0.051,0.015,0.012,22.266,223903.281,7.895,68.000
0.049,0.008,0.013,20.338,228218.312,6.794,68.000
0.049,0.023,0.012,20.498,277511.812,7.448,68.000
0.050,0.009,0.015,19.174,221573.406,6.052,68.000
0.043,0.001,0.005,23.317,158474.844,1.278,68.000
0.049,0.012,0.011,21.934,249449.562,8.289,68.000
0.050,0.026,0.013,22.733,270150.969,8.700,68.000
0.049,0.001,0.002,22.156,108249.586,1.097,68.000
0.050,0.008,0.014,19.666,230527.156,6.908,68.000
0.050,0.019,0.012,21.982,237182.281,8.556,68.000
0.048,0.009,0.011,22.058,236290.594,7.820,68.000
0.058,0.001,0.018,19.650,163086.625,1.113,68.000
0.043,0.000,0.010,24.200,-45710.867,2.154,68.000
0.050,0.001,0.018,22.253,243700.344,3.480,68.000
0.051,0.008,0.013,19.655,224046.906,6.945,68.000
0.049,0.026,0.012,22.100,281405.844,7.983,68.000
0.000,0.013,0.013,30.128,-65632.109,8.292,68.000
0.040,0.001,0.013,20.851,155270.000,2.041,68.000
0.048,0.016,0.013,21.574,229862.406,8.864,68.000
0.052,0.012,0.013,21.197,227962.562,8.898,68.000
0.052,0.008,0.011,20.466,254123.531,8.542,68.000
0.047,0.001,0.018,22.182,240286.688,3.986,68.000
0.058,0.001,0.006,21.241,159101.094,3.319,68.000
0.042,0.001,0.008,22.905,79318.648,0.428,68.000
0.045,0.001,0.012,29.843,-12490.492,-0.641,68.000
0.047,0.002,0.010,19.736,246495.812,5.605,68.000
0.054,0.000,0.015,26.484,-5756.219,1.132,68.000
0.046,0.000,0.007,24.126,30571.242,-1.830,68.000
0.042,0.001,0.018,20.674,188881.656,3.192,68.000
0.042,0.001,0.011,20.362,146340.719,2.510,68.000
0.044,0.001,0.005,22.305,187803.531,1.666,68.000
0.057,0.001,0.016,22.476,121127.852,1.781,68.000
0.051,0.009,0.010,19.900,270259.250,8.031,68.000
0.039,0.000,0.012,22.835,-41642.965,-2.019,68.000
0.055,0.001,0.014,23.546,234805.688,3.207,68.000
0.050,0.003,0.013,18.495,241251.469,6.494,68.000
0.052,0.001,0.009,23.276,206814.188,3.899,68.000
0.046,0.001,0.014,21.857,220565.938,5.459,68.000
0.054,0.000,0.018,25.309,52167.117,0.116,68.000
0.052,0.008,0.011,19.592,265930.594,7.866,68.000
0.051,0.007,0.013,19.550,245441.844,7.634,68.000
0.048,0.020,0.011,19.999,265339.594,7.784,68.000
0.049,0.000,0.010,25.725,39207.492,0.277,68.000
0.045,0.001,0.010,23.995,85269.555,2.171,68.000
0.049,0.008,0.011,20.980,262778.250,8.135,68.000
0.059,0.001,0.014,21.506,95697.883,0.810,68.000
0.057,0.000,0.010,21.664,2854.359,2.093,68.000
0.047,0.001,0.002,21.711,131629.375,0.887,68.000
0.043,0.001,0.004,22.395,184234.688,1.364,68.000
0.050,0.025,0.011,19.973,268561.688,5.395,68.000
0.001,0.011,0.011,18.686,223232.031,5.579,68.000
0.002,0.012,0.011,18.034,240990.219,5.571,68.000
0.058,0.000,0.017,22.397,22143.477,0.965,68.000
0.052,0.003,0.011,18.828,281809.312,5.831,68.000
0.049,0.013,0.012,21.682,236770.344,8.799,68.000
0.047,0.000,0.003,20.001,-9419.336,0.067,68.000
0.097,0.013,0.011,19.953,197209.500,8.100,68.000
0.049,0.014,0.013,21.192,248403.094,8.586,68.000
0.058,0.001,0.013,23.032,113296.477,0.559,68.000
0.051,0.001,0.005,22.433,163503.156,2.590,68.000
0.060,0.001,0.012,18.878,237047.188,1.982,68.000
0.052,0.024,0.013,22.461,242894.062,9.280,68.000
0.050,0.010,0.011,21.561,250229.250,8.485,68.000
0.049,0.006,0.014,18.449,216264.781,6.613,68.000
0.046,0.001,0.013,22.397,221041.094,5.367,68.000
0.052,0.001,0.016,27.817,78666.617,1.045,68.000
0.049,0.008,0.012,21.506,252284.344,8.371,68.000
0.048,0.001,0.004,23.371,150760.656,1.450,68.000
0.052,0.001,0.015,22.792,257736.781,3.841,68.000
0.047,0.000,0.018,23.965,46494.461,-2.159,68.000
0.050,0.015,0.012,21.906,223538.438,8.676,68.000
0.057,0.000,0.007,22.659,13795.570,2.102,68.000
0.047,0.002,0.007,19.622,218506.469,2.803,68.000
0.051,0.007,0.014,19.144,203516.656,5.692,68.000
0.052,0.000,0.015,31.053,12428.602,-0.001,68.000
0.050,0.012,0.014,18.370,241837.125,6.637,68.000
0.049,0.004,0.010,19.211,274241.906,5.448,68.000
0.047,0.000,0.017,25.368,27481.320,-0.495,68.000
0.050,0.017,0.012,22.580,227383.719,8.527,68.000
0.052,0.015,0.011,22.046,218968.094,8.025,68.000
0.049,0.018,0.013,21.677,240634.719,9.679,68.000
0.043,0.001,0.017,20.524,214684.219,3.166,68.000
0.050,0.000,0.012,30.521,23093.602,-0.881,68.000
0.044,0.001,0.012,21.150,216664.531,4.843,68.000
0.050,0.012,0.012,21.384,237622.219,8.637,68.000
0.050,0.026,0.014,22.257,282183.062,9.448,68.000
0.046,0.001,0.009,24.379,82070.617,1.101,68.000
0.056,0.001,0.012,25.590,110411.227,0.863,68.000
0.002,0.013,0.012,20.265,195894.969,7.502,68.000
0.051,0.001,0.011,22.059,248183.000,5.324,68.000
0.049,0.002,0.017,22.068,286220.969,4.354,68.000
0.048,0.024,0.012,20.452,297235.062,7.284,68.000
0.052,0.014,0.013,20.618,247645.031,8.191,68.000
0.056,0.001,0.017,20.828,205782.969,2.595,68.000
0.049,0.018,0.013,21.706,246185.875,9.426,68.000
0.049,0.001,0.009,20.750,232898.156,4.231,68.000
0.049,0.021,0.013,19.763,266029.031,9.378,68.000
0.040,0.001,0.014,18.937,149240.812,2.833,68.000
0.054,0.002,0.015,22.214,257704.844,3.374,68.000
0.048,0.013,0.012,21.781,236156.562,8.683,68.000
0.050,0.013,0.010,21.882,242035.375,7.712,68.000
0.042,0.001,0.009,19.558,184472.906,2.712,68.000
0.048,0.014,0.013,20.795,247460.344,8.696,68.000
0.099,0.011,0.012,19.051,207148.219,6.144,68.000
0.052,0.000,0.012,26.227,-36240.680,-1.303,68.000
0.050,0.019,0.014,17.842,276380.656,8.594,68.000
0.048,0.005,0.011,19.765,253927.844,5.964,68.000
0.049,0.001,0.021,21.290,174280.969,2.694,68.000
0.051,0.011,0.012,21.495,240542.125,8.314,68.000
0.040,0.000,0.011,21.638,-53035.586,-1.655,68.000
0.043,0.001,0.011,18.913,216480.438,5.085,68.000
0.050,0.010,0.012,21.940,237505.312,8.286,68.000
0.041,0.001,0.016,18.045,210952.000,4.298,68.000
0.045,0.001,0.010,19.007,230405.562,5.774,68.000
0.045,0.001,0.004,24.253,103366.195,0.286,68.000
0.047,0.001,0.018,25.926,133875.719,1.651,68.000
0.045,0.001,0.012,20.267,228387.562,5.419,68.000
0.052,0.016,0.012,22.472,232848.375,7.533,68.000
0.049,0.003,0.012,20.582,249153.219,6.199,68.000
0.048,0.000,0.006,24.100,69510.430,-0.018,68.000
0.052,0.022,0.013,21.464,233711.594,9.088,68.000
0.050,0.007,0.013,19.550,238707.750,7.729,68.000
0.049,0.008,0.014,18.870,229908.281,6.157,68.000
0.051,0.001,0.012,28.774,98364.180,2.327,68.000
0.044,0.001,0.020,20.685,183347.094,2.830,68.000
0.050,0.013,0.010,21.768,246756.000,7.943,68.000
0.056,0.001,0.007,23.845,116882.648,1.910,68.000
0.044,0.001,0.012,27.812,31898.430,0.095,68.000
0.052,0.000,0.004,21.304,-50711.512,0.559,68.000
0.048,0.004,0.014,17.542,214690.375,6.385,68.000
0.049,0.022,0.014,19.789,275796.188,9.305,68.000
0.044,0.000,0.014,28.846,2472.938,0.579,68.000
0.051,0.009,0.011,20.622,261931.594,8.260,68.000
0.050,0.015,0.014,19.830,260080.094,8.084,68.000
0.051,0.020,0.013,19.332,262438.531,8.880,68.000
0.055,0.001,0.017,26.139,51921.555,0.998,68.000
0.048,0.018,0.014,20.435,260136.719,8.939,68.000
0.055,0.000,0.012,30.103,9069.406,3.311,68.000
0.049,0.001,0.006,24.592,58801.945,0.263,68.000
0.052,0.018,0.010,22.967,234909.625,6.361,68.000
0.048,0.012,0.011,22.154,238181.062,8.625,68.000
0.057,0.001,0.007,21.019,195783.188,2.606,68.000
0.054,0.001,0.014,24.769,203302.938,2.524,68.000
0.042,0.001,0.015,18.640,237332.594,3.962,68.000
0.043,0.001,0.016,20.509,206148.125,3.033,68.000
0.045,0.000,0.007,26.656,-81644.703,0.946,68.000
0.048,0.006,0.011,19.849,250402.125,6.612,68.000
0.058,0.001,0.012,23.374,153444.531,1.266,68.000
0.055,0.001,0.022,21.416,100833.695,0.399,68.000
0.055,0.001,0.010,26.014,136325.938,1.797,68.000
0.051,0.003,0.010,19.001,281963.969,6.064,68.000
0.050,0.012,0.010,21.598,276341.312,7.382,68.000
0.098,0.011,0.012,20.035,197958.500,6.603,68.000
0.049,0.024,0.010,18.699,289378.438,5.813,68.000
0.048,0.016,0.010,22.458,212420.250,8.261,68.000
0.098,0.011,0.013,21.231,187296.031,5.400,68.000
0.049,0.009,0.011,21.669,255959.125,8.066,68.000
0.050,0.016,0.010,21.628,218035.844,7.556,68.000
0.052,0.002,0.018,22.057,252075.812,3.579,68.000
0.052,0.013,0.010,21.289,256388.375,7.792,68.000
0.049,0.013,0.013,20.774,243390.750,8.129,68.000
0.050,0.026,0.012,21.966,266645.125,6.839,68.000
0.053,0.001,0.010,23.620,212757.562,3.259,68.000
0.048,0.001,0.022,22.609,43498.148,0.068,68.000
0.048,0.002,0.012,20.470,239918.719,6.154,68.000
0.049,0.016,0.010,21.903,213188.281,7.989,68.000
0.046,0.001,0.011,23.257,141500.438,3.459,68.000
0.048,0.006,0.010,18.872,274151.000,5.494,68.000
0.048,0.001,0.006,21.317,198640.312,2.988,68.000
0.054,0.000,0.005,20.595,-13910.805,0.659,68.000
0.051,0.012,0.012,21.208,234283.875,8.907,68.000
0.052,0.027,0.012,23.535,217503.094,7.197,68.000
0.051,0.005,0.013,18.968,242218.031,6.749,68.000
0.052,0.022,0.012,22.699,226607.125,7.564,68.000
0.051,0.006,0.010,18.015,292891.719,6.371,68.000
0.051,0.005,0.013,17.916,240209.594,6.661,68.000
0.051,0.016,0.010,22.156,230900.312,7.496,68.000
0.044,0.001,0.004,22.711,141604.094,0.679,68.000
0.049,0.009,0.012,21.927,241490.000,8.255,68.000
0.048,0.000,0.011,27.795,-34961.961,-1.274,68.000
0.044,0.000,0.019,25.847,-33613.602,-0.801,68.000
0.049,0.008,0.012,21.609,248366.625,8.179,68.000
0.051,0.013,0.010,21.493,250037.281,7.831,68.000
0.059,0.001,0.013,20.004,206000.281,1.752,68.000
0.051,0.013,0.010,21.245,263052.531,7.417,68.000
0.046,0.001,0.006,24.189,104408.727,0.851,68.000
0.052,0.002,0.014,21.913,250620.688,4.197,68.000
0.000,0.013,0.013,22.717,-87246.328,12.937,68.000
0.056,0.001,0.005,24.266,61808.367,2.330,68.000
0.098,0.013,0.013,23.491,167835.875,6.309,68.000
0.046,0.000,0.006,25.259,-39501.711,-2.348,68.000
0.052,0.006,0.010,18.341,283184.438,6.987,68.000
0.052,0.013,0.013,20.803,232541.781,8.227,68.000
0.053,0.001,0.015,26.112,138960.156,1.650,68.000
0.053,0.002,0.015,22.605,251653.688,3.818,68.000
0.042,0.001,0.005,21.325,209482.688,2.231,68.000
0.045,0.000,0.009,23.616,20546.039,-0.586,68.000
0.050,0.027,0.010,19.257,269997.625,5.529,68.000
0.041,0.001,0.014,17.908,183387.812,3.691,68.000
0.002,0.011,0.011,18.558,220990.375,5.489,68.000
0.059,0.000,0.009,22.496,28870.086,2.451,68.000
0.051,0.013,0.011,21.327,242575.875,8.585,68.000
0.049,0.000,0.008,24.972,39845.461,-0.931,68.000
0.050,0.022,0.014,19.757,274145.719,9.162,68.000
0.046,0.001,0.003,22.400,164759.219,1.168,68.000
0.050,0.000,0.004,25.222,-80342.047,-0.878,68.000
0.050,0.014,0.014,19.296,253277.375,7.878,68.000
0.046,0.001,0.017,21.866,241903.000,3.862,68.000
0.048,0.008,0.013,21.041,222051.719,7.023,68.000
0.001,0.011,0.013,20.932,130647.586,7.503,68.000
0.049,0.024,0.014,20.103,291903.000,9.408,68.000
0.052,0.006,0.012,18.446,255228.906,6.867,68.000
0.048,0.008,0.014,19.567,231615.938,6.369,68.000
0.047,0.001,0.002,22.024,103522.852,0.420,68.000
0.053,0.001,0.002,22.941,81129.227,1.832,68.000
0.057,0.001,0.014,24.147,91670.992,1.457,68.000
0.050,0.005,0.010,18.608,288918.250,5.587,68.000
0.098,0.014,0.013,22.577,177454.438,7.069,68.000
0.052,0.005,0.014,17.796,230760.219,6.277,68.000
0.042,0.001,0.014,19.200,210533.812,3.696,68.000
0.047,0.002,0.007,19.854,214864.906,2.817,68.000
0.050,0.001,0.019,24.432,95878.758,0.575,68.000
0.052,0.023,0.012,22.393,242450.719,6.888,68.000
0.050,0.001,0.011,22.895,212960.094,4.758,68.000
0.051,0.002,0.010,19.547,270226.375,6.037,68.000
0.051,0.023,0.012,21.616,253003.875,8.368,68.000
0.051,0.012,0.011,21.061,260427.344,7.795,68.000
0.051,0.001,0.009,26.537,46963.523,0.984,68.000
0.041,0.001,0.011,20.492,140817.000,1.979,68.000
0.050,0.023,0.012,21.445,257977.344,8.131,68.000
0.042,0.000,0.018,22.194,-17215.688,-0.259,68.000
0.051,0.001,0.003,22.719,119847.367,2.043,68.000
0.052,0.009,0.013,20.608,225779.344,7.970,68.000
0.049,0.019,0.011,21.334,239542.594,7.597,68.000
0.051,0.014,0.011,21.930,225539.406,8.487,68.000
0.049,0.001,0.013,26.464,167925.031,3.255,68.000
0.043,0.000,0.014,24.950,22530.211,1.309,68.000
0.041,0.000,0.008,22.479,54287.117,0.316,68.000
0.045,0.000,0.007,25.335,-26778.445,-2.078,68.000
0.059,0.001,0.016,19.437,121261.242,0.840,68.000
0.049,0.012,0.012,21.647,242162.469,8.526,68.000
0.053,0.002,0.018,22.359,231871.594,3.119,68.000
0.049,0.009,0.010,21.126,265519.312,7.978,68.000
0.050,0.022,0.011,20.860,253290.000,5.948,68.000
0.048,0.000,0.004,25.358,-74108.258,-1.558,68.000
0.052,0.001,0.015,24.301,235468.469,3.358,68.000
0.057,0.001,0.017,22.260,118085.477,0.998,68.000
0.057,0.002,0.013,22.014,254838.406,3.361,68.000
0.059,0.001,0.015,18.895,175982.062,1.791,68.000
0.053,0.000,0.008,21.185,62061.430,1.348,68.000
0.051,0.000,0.010,28.012,-72785.562,-0.080,68.000
0.059,0.001,0.017,18.651,182367.156,1.346,68.000
0.059,0.001,0.005,21.802,134859.906,4.332,68.000
0.049,0.011,0.011,21.999,249937.125,8.226,68.000
0.048,0.027,0.011,18.912,300995.688,9.974,68.000
0.048,0.000,0.004,23.218,-104045.109,-0.411,68.000
0.055,0.001,0.016,21.336,238344.594,3.060,68.000
0.049,0.000,0.022,24.167,2382.438,-1.017,68.000
0.052,0.015,0.011,21.898,221143.156,8.025,68.000
0.051,0.020,0.011,22.305,230409.781,6.056,68.000
0.047,0.000,0.006,22.448,-46523.422,-0.422,68.000
0.058,0.001,0.011,21.115,217998.406,1.183,68.000
0.045,0.000,0.015,28.723,-33870.617,1.487,68.000
0.049,0.000,0.009,29.436,20372.672,2.278,68.000
0.051,0.020,0.012,22.217,230844.688,7.047,68.000
0.050,0.005,0.011,18.975,279026.688,6.355,68.000
0.053,0.001,0.009,22.243,216879.312,3.372,68.000
0.051,0.013,0.011,21.333,238907.594,8.549,68.000
0.049,0.006,0.011,21.253,252405.062,7.416,68.000
0.057,0.000,0.010,20.144,-22818.875,0.939,68.000
0.052,0.018,0.012,22.259,224549.031,7.926,68.000
0.050,0.022,0.010,20.732,259627.000,5.472,68.000
0.043,0.001,0.015,19.468,231070.250,3.884,68.000
0.058,0.001,0.020,19.311,172896.000,1.327,68.000
0.056,0.000,0.006,22.592,-5743.898,2.083,68.000
0.049,0.006,0.009,18.772,284466.250,5.352,68.000
0.052,0.000,0.006,24.176,-16676.836,1.310,68.000
0.052,0.013,0.011,21.352,245433.969,8.009,68.000
0.049,0.017,0.013,22.180,238527.062,8.993,68.000
0.042,0.000,0.018,21.734,110020.414,1.406,68.000
0.046,0.001,0.022,20.741,126087.320,1.636,68.000
0.049,0.020,0.011,20.908,259665.438,7.022,68.000
0.049,0.001,0.008,23.047,157584.156,1.900,68.000
0.049,0.009,0.013,20.734,232898.562,6.972,68.000
0.058,0.001,0.011,22.603,192386.000,1.360,68.000
0.050,0.001,0.009,27.867,-8671.211,0.735,68.000
0.048,0.022,0.011,19.368,283407.062,6.762,68.000
0.052,0.000,0.020,23.331,20814.211,-2.021,68.000
0.049,0.007,0.012,21.562,244007.844,7.966,68.000
0.050,0.012,0.014,19.409,235454.062,7.454,68.000
0.047,0.001,0.013,23.679,210526.938,4.757,68.000
0.048,0.001,0.023,19.631,173158.875,2.408,68.000
0.049,0.004,0.010,19.077,280679.469,5.376,68.000
0.056,0.001,0.011,22.639,199131.719,2.082,68.000
0.051,0.001,0.016,24.748,223029.250,3.511,68.000
0.001,0.011,0.012,20.971,162391.812,6.729,68.000
0.056,0.001,0.007,21.550,187039.094,2.874,68.000
0.050,0.005,0.013,17.585,233619.156,6.631,68.000
0.051,0.021,0.013,20.366,245360.531,9.182,68.000
0.049,0.025,0.012,21.616,285549.188,7.674,68.000
0.051,0.019,0.012,21.440,234868.500,8.473,68.000
0.051,0.023,0.013,22.001,245868.594,9.180,68.000
0.052,0.027,0.012,21.277,249665.312,10.986,68.000
0.051,0.001,0.014,22.373,245949.844,4.168,68.000
0.052,0.001,0.017,22.659,271362.438,4.248,68.000
0.048,0.015,0.013,20.867,240225.844,8.681,68.000
0.049,0.006,0.013,20.029,223418.594,6.787,68.000
0.049,0.009,0.012,22.298,234170.219,8.109,68.000
0.048,0.001,0.019,23.003,190608.719,2.821,68.000
0.052,0.001,0.019,22.290,229186.938,3.085,68.000
0.049,0.018,0.013,22.061,242721.406,9.313,68.000
0.052,0.017,0.013,20.618,253955.500,7.927,68.000
0.050,0.013,0.010,22.064,238648.500,7.957,68.000
0.052,0.003,0.011,19.463,277185.406,6.229,68.000
0.044,0.000,0.019,24.291,-60178.574,0.552,68.000
0.056,0.000,0.018,20.952,21414.062,-0.319,68.000
0.050,0.026,0.012,21.788,271799.844,6.814,68.000
0.051,0.019,0.011,22.563,228128.062,6.728,68.000
0.049,0.019,0.010,21.187,239017.719,7.114,68.000
0.050,0.020,0.014,18.573,270513.688,9.159,68.000
0.059,0.001,0.016,18.996,150031.875,1.244,68.000
0.058,0.000,0.017,21.866,20322.508,0.388,68.000
0.048,0.026,0.012,20.317,296368.031,6.631,68.000
0.043,0.001,0.018,20.893,220110.156,3.487,68.000
0.043,0.001,0.019,22.666,81452.930,0.888,68.000
0.049,0.018,0.014,18.721,278863.625,8.669,68.000
0.046,0.000,0.007,21.110,-41624.594,0.221,68.000
0.052,0.015,0.011,22.691,220203.625,7.752,68.000
0.051,0.000,0.006,25.296,-5573.344,1.535,68.000
0.052,0.010,0.013,20.942,224940.500,8.265,68.000
0.050,0.008,0.012,21.409,253378.531,8.761,68.000
0.048,0.015,0.011,22.405,217148.125,8.847,68.000
0.048,0.007,0.013,20.880,211179.188,7.029,68.000
0.040,0.001,0.012,22.700,95864.492,0.358,68.000
0.050,0.027,0.012,23.545,242088.750,7.341,68.000
0.049,0.008,0.010,19.895,267528.156,7.128,68.000
0.050,0.013,0.011,21.383,235770.688,8.787,68.000
0.053,0.000,0.007,23.687,23258.398,0.354,68.000
0.050,0.019,0.012,21.813,243016.781,7.838,68.000
0.051,0.005,0.011,19.036,281451.406,6.742,68.000
0.056,0.000,0.017,24.451,-16710.594,0.227,68.000
0.044,0.001,0.020,20.178,206910.562,3.534,68.000
0.050,0.008,0.011,20.981,263313.031,8.269,68.000
0.052,0.001,0.018,22.395,250085.438,3.601,68.000
0.049,0.027,0.011,28.675,160689.938,11.327,68.000
0.050,0.009,0.014,19.439,234365.312,6.465,68.000
0.048,0.000,0.011,32.339,22472.109,1.565,68.000
0.056,0.000,0.013,26.140,7170.039,0.819,68.000
0.050,0.004,0.011,18.872,283957.531,6.345,68.000
0.054,0.000,0.014,29.367,-13846.680,1.763,68.000
0.056,0.000,0.011,26.747,-10562.477,3.535,68.000
0.058,0.001,0.013,22.631,134596.594,1.112,68.000
0.045,0.001,0.006,22.260,190741.594,1.997,68.000
0.043,0.001,0.005,23.006,157770.531,1.200,68.000
0.057,0.001,0.009,21.589,215819.719,1.570,68.000
0.048,0.001,0.020,22.410,108664.648,1.293,68.000
0.051,0.022,0.013,21.594,236541.781,9.145,68.000
0.048,0.005,0.011,20.456,245736.031,6.298,68.000
0.040,0.001,0.013,19.634,177119.594,2.408,68.000
0.049,0.008,0.010,20.494,261948.469,7.779,68.000
0.059,0.001,0.016,18.836,178062.625,1.800,68.000
0.051,0.015,0.011,22.031,220030.125,8.147,68.000
0.003,0.012,0.011,19.181,208993.812,6.108,68.000
0.050,0.019,0.010,21.130,245170.094,6.740,68.000
0.049,0.027,0.013,18.666,279804.594,11.271,68.000
0.051,0.003,0.011,19.140,281299.188,6.492,68.000
0.050,0.000,0.006,23.275,72594.414,0.002,68.000
0.051,0.016,0.012,22.628,224568.406,7.701,68.000
0.001,0.013,0.012,20.906,187391.344,7.624,68.000
0.050,0.000,0.004,26.053,-130747.703,-1.832,68.000
0.048,0.005,0.011,20.443,250472.969,6.535,68.000
0.052,0.013,0.012,21.127,227115.906,8.635,68.000
0.049,0.001,0.017,23.978,230598.969,3.621,68.000
0.048,0.021,0.012,19.923,271305.812,8.523,68.000
0.045,0.000,0.006,21.828,-1506.875,0.168,68.000
0.057,0.000,0.013,25.014,23804.430,0.244,68.000
0.047,0.001,0.003,22.350,146317.938,1.112,68.000
0.049,0.000,0.003,21.949,-73895.766,-0.542,68.000
0.043,0.001,0.013,20.858,213690.469,3.980,68.000
0.049,0.002,0.014,19.812,238349.344,5.597,68.000
0.048,0.009,0.011,22.218,234628.281,7.702,68.000
0.050,0.006,0.011,18.712,279686.094,6.716,68.000
0.048,0.011,0.010,22.605,265015.688,7.473,68.000
0.052,0.001,0.017,22.155,261966.000,3.973,68.000
0.057,0.000,0.005,23.450,-734.227,2.678,68.000
0.058,0.001,0.011,20.940,227801.344,1.640,68.000
0.055,0.001,0.004,23.172,76337.836,2.236,68.000
0.055,0.001,0.005,25.102,-11193.219,0.920,68.000
0.049,0.016,0.010,21.886,212139.688,8.086,68.000
0.046,0.001,0.010,21.493,150636.469,4.204,68.000
0.060,0.001,0.017,18.050,178104.000,1.182,68.000
0.056,0.001,0.012,22.450,264023.906,3.750,68.000
0.050,0.022,0.011,20.418,262437.938,5.772,68.000
0.052,0.003,0.013,18.506,256712.656,5.837,68.000
0.058,0.000,0.014,18.694,-16005.133,1.966,68.000
0.050,0.022,0.010,20.067,264747.562,4.938,68.000
0.058,0.000,0.015,20.899,-34851.562,1.355,68.000
0.048,0.008,0.014,19.483,227762.031,6.458,68.000
0.049,0.003,0.014,18.166,227460.938,5.810,68.000
0.050,0.001,0.011,24.864,164762.375,3.875,68.000
0.052,0.018,0.011,23.157,223405.031,7.332,68.000
0.059,0.000,0.008,23.477,-80437.281,4.485,68.000
0.052,0.000,0.007,23.828,28141.180,-0.294,68.000
0.048,0.015,0.011,22.676,219395.688,8.567,68.000
0.052,0.025,0.013,23.449,236907.344,8.606,68.000
0.053,0.000,0.021,21.019,-6603.219,2.626,68.000
0.098,0.012,0.010,16.884,213488.219,8.827,68.000
0.046,0.002,0.010,19.213,245517.844,6.041,68.000
0.041,0.001,0.015,19.664,106615.617,1.540,68.000
0.056,0.001,0.015,23.421,147041.875,1.601,68.000
0.049,0.008,0.011,20.703,260763.656,7.701,68.000
0.051,0.020,0.011,22.293,236952.469,5.894,68.000
0.050,0.006,0.014,18.591,218584.469,6.544,68.000
0.045,0.001,0.010,24.941,53177.180,0.889,68.000
0.050,0.004,0.013,19.206,240216.938,6.497,68.000
0.052,0.000,0.012,28.199,23726.719,2.657,68.000
0.042,0.000,0.008,23.587,63077.398,0.478,68.000
0.052,0.001,0.017,22.353,268829.062,4.173,68.000
0.056,0.002,0.010,21.717,229155.844,2.991,68.000
0.050,0.021,0.014,19.116,267053.969,9.211,68.000
0.050,0.019,0.012,22.041,236241.344,8.745,68.000
0.045,0.000,0.003,23.654,-8.180,-0.684,68.000
0.051,0.015,0.012,22.579,232874.812,8.115,68.000
0.041,0.000,0.010,22.286,-4874.094,3.001,68.000
0.049,0.007,0.015,18.378,206453.562,5.661,68.000
0.051,0.002,0.006,20.716,181581.188,2.926,68.000
0.058,0.001,0.009,23.530,97886.773,0.949,68.000
0.051,0.016,0.013,21.871,241877.000,8.334,68.000
0.049,0.014,0.014,19.604,249278.906,7.929,68.000
0.051,0.005,0.011,18.516,287598.094,6.375,68.000
0.054,0.002,0.018,22.222,227413.688,3.237,68.000
0.055,0.001,0.006,24.277,93221.055,1.854,68.000
0.049,0.016,0.011,22.394,211391.594,8.234,68.000
0.049,0.020,0.013,20.069,268960.906,9.496,68.000
0.050,0.000,0.007,25.486,-12745.258,-1.388,68.000
0.100,0.012,0.012,20.220,-40082.809,10.612,68.000
0.050,0.022,0.012,21.393,259240.812,7.477,68.000
0.050,0.013,0.011,21.680,236905.812,8.726,68.000
0.044,0.001,0.020,20.032,205892.625,3.579,68.000
0.051,0.001,0.006,21.447,178463.031,2.322,68.000
0.049,0.001,0.005,23.433,147416.531,1.969,68.000
0.044,0.001,0.004,21.788,186799.062,1.263,68.000
0.051,0.002,0.017,22.376,281203.812,4.439,68.000
0.051,0.009,0.013,20.197,225506.031,7.068,68.000
0.053,0.000,0.005,23.121,-5260.086,0.659,68.000
0.049,0.001,0.017,22.242,279063.188,4.365,68.000
0.050,0.020,0.014,18.201,274980.719,9.109,68.000
0.050,0.020,0.012,21.696,245161.500,7.976,68.000
0.048,0.002,0.019,21.867,248890.781,3.627,68.000
0.045,0.000,0.011,27.321,-37697.133,1.458,68.000
0.042,0.000,0.017,25.448,3626.742,1.369,68.000
0.050,0.003,0.015,18.132,232003.688,5.219,68.000
0.043,0.000,0.006,21.453,23927.312,-0.146,68.000
0.048,0.021,0.012,19.924,263705.719,8.029,68.000
0.057,0.000,0.007,20.775,16689.391,2.347,68.000
0.051,0.002,0.009,19.722,265433.844,5.476,68.000
0.042,0.001,0.012,19.879,198664.094,3.704,68.000
0.050,0.022,0.010,20.087,268127.125,5.561,68.000
0.044,0.000,0.006,24.967,38349.039,-0.261,68.000
0.051,0.021,0.012,21.938,239664.469,6.983,68.000
0.097,0.013,0.013,21.802,179726.031,6.739,68.000
0.051,0.010,0.010,20.656,270239.406,7.792,68.000
0.055,0.000,0.011,27.412,14226.117,4.050,68.000
0.052,0.022,0.013,21.849,228322.219,8.622,68.000
0.051,0.011,0.011,21.102,261677.656,7.937,68.000
0.055,0.001,0.019,22.360,122696.414,1.243,68.000
0.043,0.001,0.014,19.906,211336.250,4.322,68.000
0.050,0.001,0.014,32.193,-632.453,-0.018,68.000
0.054,0.001,0.011,28.021,48401.914,0.663,68.000
0.052,0.015,0.012,22.604,229705.906,7.612,68.000
0.052,0.008,0.010,19.208,272073.312,7.704,68.000
0.049,0.009,0.014,20.088,239243.438,6.536,68.000
0.003,0.012,0.011,19.051,214067.969,6.384,68.000
0.050,0.020,0.014,18.725,268536.594,9.124,68.000
0.050,0.012,0.013,19.952,233279.719,7.451,68.000
0.045,0.000,0.018,25.373,31530.992,-1.326,68.000
0.048,0.005,0.011,20.878,241844.812,6.305,68.000
0.052,0.004,0.011,18.264,288927.062,6.378,68.000
0.057,0.001,0.005,23.793,46965.586,2.656,68.000
0.052,0.002,0.014,21.659,247771.062,4.246,68.000
0.001,0.012,0.011,18.235,234598.500,5.644,68.000
0.054,0.000,0.012,29.034,-47279.285,-0.513,68.000
0.055,0.000,0.010,28.362,-7327.141,3.310,68.000
0.050,0.019,0.013,20.732,251490.156,8.966,68.000
0.052,0.018,0.012,21.399,236425.406,8.143,68.000
0.054,0.001,0.012,25.994,184003.844,2.655,68.000
0.052,0.017,0.012,22.431,224108.375,7.574,68.000
0.049,0.000,0.009,28.135,38361.273,1.963,68.000
0.050,0.015,0.011,22.108,221521.938,8.446,68.000
0.049,0.016,0.011,22.258,215151.125,8.384,68.000
0.051,0.001,0.019,22.293,229340.000,3.204,68.000
0.051,0.003,0.012,19.601,269162.875,6.350,68.000
0.051,0.003,0.013,18.498,250456.250,5.960,68.000
0.049,0.000,0.013,31.470,6155.398,0.964,68.000
0.052,0.002,0.011,19.540,275573.531,5.908,68.000
0.055,0.001,0.019,21.787,197417.812,2.577,68.000
0.097,0.011,0.012,19.545,199822.406,6.980,68.000
0.051,0.001,0.015,22.584,255460.500,4.065,68.000
0.049,0.021,0.011,19.948,274839.531,6.798,68.000
0.052,0.026,0.012,23.922,233894.688,8.017,68.000
0.044,0.001,0.020,20.140,209386.219,3.590,68.000
0.049,0.015,0.013,21.176,238681.375,8.856,68.000
0.098,0.011,0.013,20.056,195861.656,6.095,68.000
0.040,0.000,0.011,23.802,-57540.105,-0.925,68.000
0.050,0.017,0.013,21.309,252948.844,8.601,68.000
0.057,0.001,0.010,21.604,220875.625,1.865,68.000
0.045,0.001,0.006,23.815,96647.633,0.487,68.000
0.050,0.026,0.010,19.509,266543.375,5.428,68.000
0.049,0.001,0.007,24.538,100466.852,0.797,68.000
0.051,0.016,0.013,22.496,232892.125,8.295,68.000
0.052,0.001,0.015,24.631,210600.906,2.725,68.000
0.051,0.005,0.014,18.005,215600.906,5.268,68.000
0.050,0.001,0.009,23.236,180177.062,2.927,68.000
0.053,0.002,0.018,22.300,241703.375,3.528,68.000
0.053,0.001,0.008,25.821,87927.258,1.347,68.000
0.050,0.001,0.006,21.439,181332.625,2.775,68.000
0.050,0.007,0.014,19.083,220819.062,6.383,68.000
0.053,0.002,0.017,22.091,249358.156,3.644,68.000
0.057,0.001,0.020,21.212,153164.469,1.049,68.000
0.051,0.007,0.011,19.369,267216.188,7.707,68.000
0.049,0.007,0.010,19.009,268032.844,6.410,68.000
0.042,0.000,0.011,25.675,-69532.875,-2.365,68.000
0.099,0.011,0.012,19.463,205701.969,7.092,68.000
0.051,0.026,0.011,21.375,249044.375,6.158,68.000
0.049,0.002,0.014,19.926,236804.750,5.616,68.000
0.055,0.001,0.020,20.912,170800.531,1.896,68.000
0.055,0.001,0.007,22.842,177425.750,2.253,68.000
0.051,0.001,0.006,21.403,177028.281,2.459,68.000
0.057,0.001,0.013,25.769,98630.711,0.700,68.000
0.048,0.003,0.011,20.398,245733.375,6.045,68.000
0.049,0.011,0.014,19.560,237197.750,6.017,68.000
0.053,0.002,0.015,22.672,265456.344,3.881,68.000
0.055,0.001,0.012,25.082,203017.500,2.587,68.000
0.052,0.017,0.011,22.958,224584.812,6.749,68.000
0.048,0.005,0.013,19.179,206125.375,6.320,68.000
0.099,0.012,0.010,17.083,212738.094,8.759,68.000
0.060,0.001,0.009,20.369,175915.594,0.296,68.000
0.052,0.000,0.005,23.047,15222.414,1.360,68.000
0.051,0.014,0.012,21.722,239127.938,8.258,68.000
0.052,0.001,0.022,21.142,141110.125,1.475,68.000
0.053,0.002,0.013,22.485,256099.562,4.662,68.000
0.057,0.000,0.014,23.737,8643.133,-1.124,68.000
0.044,0.000,0.020,23.013,4870.398,0.735,68.000
0.098,0.013,0.011,19.751,198944.312,8.179,68.000
0.051,0.015,0.012,22.049,233170.719,7.998,68.000
0.042,0.001,0.007,21.191,187409.250,1.809,68.000
0.050,0.010,0.013,21.146,225765.906,7.024,68.000
0.053,0.001,0.005,25.308,29237.664,0.631,68.000
0.048,0.009,0.012,22.030,224346.219,7.422,68.000
0.048,0.003,0.013,19.197,209577.562,6.547,68.000
0.056,0.000,0.015,26.205,17825.758,-0.584,68.000
0.040,0.001,0.014,17.403,177285.438,3.723,68.000
0.050,0.011,0.009,21.539,293878.406,7.050,68.000
0.099,0.012,0.013,21.748,172005.344,5.796,68.000
0.049,0.004,0.014,17.085,223456.812,6.204,68.000
0.045,0.002,0.011,18.802,237375.938,6.003,68.000
0.098,0.013,0.012,20.460,194720.219,8.047,68.000
0.055,0.000,0.014,26.255,-39025.168,-1.601,68.000
0.049,0.003,0.013,19.886,224922.625,6.384,68.000
0.047,0.001,0.004,24.790,81204.133,0.443,68.000
0.048,0.026,0.012,20.968,300210.312,7.459,68.000
0.051,0.010,0.014,19.619,225266.719,6.884,68.000
0.049,0.001,0.006,22.832,168692.625,2.633,68.000
0.057,0.000,0.012,22.479,3557.266,-0.385,68.000
0.002,0.013,0.012,20.759,191613.812,7.502,68.000
0.048,0.008,0.014,19.247,232354.781,6.149,68.000
0.047,0.002,0.009,19.399,234283.156,4.702,68.000
0.053,0.001,0.006,24.507,51774.867,1.112,68.000
0.051,0.003,0.013,18.065,251582.125,6.139,68.000
0.051,0.020,0.012,22.163,228768.031,7.853,68.000
0.056,0.000,0.014,26.325,7598.648,-0.695,68.000
0.050,0.006,0.013,18.318,232494.219,7.057,68.000
0.045,0.001,0.011,19.265,242591.312,5.987,68.000
0.041,0.001,0.014,19.538,188324.250,2.926,68.000
0.053,0.001,0.016,22.519,260890.750,3.426,68.000
0.002,0.013,0.013,21.104,133202.719,7.757,68.000
0.050,0.006,0.013,18.005,223841.094,6.707,68.000
0.050,0.006,0.012,20.346,262048.375,7.581,68.000
0.056,0.000,0.010,22.773,-44168.414,0.061,68.000
0.049,0.015,0.014,19.213,254583.031,8.356,68.000
0.048,0.024,0.012,19.466,290135.156,7.006,68.000
0.052,0.000,0.003,23.830,-35225.734,0.555,68.000
0.051,0.005,0.012,19.515,266779.750,7.097,68.000
0.048,0.010,0.014,20.422,232114.625,5.836,68.000
0.059,0.001,0.010,22.967,81160.648,0.797,68.000
0.053,0.001,0.013,30.523,50410.664,0.879,68.000
0.059,0.000,0.013,18.578,-39480.000,2.472,68.000
0.051,0.019,0.011,22.374,236159.000,6.580,68.000
0.098,0.014,0.013,22.792,172550.625,6.880,68.000
0.050,0.022,0.012,21.087,261110.562,8.179,68.000
0.049,0.000,0.007,22.680,4906.398,-0.929,68.000
0.049,0.019,0.011,21.634,238050.625,7.650,68.000
0.050,0.018,0.013,20.978,245358.344,9.038,68.000
0.058,0.000,0.007,19.418,-36816.953,2.431,68.000
0.051,0.002,0.010,19.600,267333.125,5.776,68.000
0.049,0.001,0.002,21.891,118932.961,1.215,68.000
0.060,0.001,0.006,20.375,166323.750,3.859,68.000
0.050,0.000,0.017,29.379,-24718.242,-0.089,68.000
0.049,0.023,0.011,19.165,283776.375,6.078,68.000
0.047,0.000,0.009,30.856,-10953.859,1.682,68.000
0.052,0.003,0.013,18.442,252268.844,6.216,68.000
0.051,0.016,0.012,22.663,227509.094,7.723,68.000
0.050,0.015,0.010,22.077,209991.344,8.301,68.000
0.049,0.008,0.010,20.896,271547.344,7.390,68.000
0.050,0.021,0.010,20.894,261600.031,5.906,68.000
0.050,0.022,0.013,20.746,254175.750,8.818,68.000
0.049,0.020,0.013,18.989,274510.438,9.484,68.000
0.040,0.001,0.015,18.342,112650.930,2.173,68.000
0.047,0.001,0.011,22.325,176381.500,4.702,68.000
0.049,0.006,0.010,18.906,262110.219,6.579,68.000
0.048,0.008,0.014,19.596,225322.875,6.310,68.000
0.050,0.000,0.018,24.097,61269.883,-0.766,68.000
0.048,0.014,0.011,22.227,228476.094,8.956,68.000
0.049,0.001,0.015,29.432,91810.508,1.599,68.000
0.048,0.001,0.007,20.664,209004.250,2.686,68.000
0.049,0.002,0.014,19.344,234867.562,5.489,68.000
0.050,0.002,0.017,22.072,285564.531,4.315,68.000
0.050,0.001,0.022,21.945,91921.055,0.447,68.000
0.044,0.000,0.007,22.131,-39394.000,-1.611,68.000
0.048,0.001,0.022,20.457,169028.312,2.325,68.000
0.050,0.003,0.014,17.876,234480.438,5.502,68.000
0.048,0.002,0.013,21.247,215492.094,6.301,68.000
0.049,0.000,0.019,24.619,56428.617,1.673,68.000
0.047,0.001,0.018,25.261,145447.000,2.074,68.000
0.057,0.000,0.009,23.367,24003.227,2.427,68.000
0.053,0.001,0.009,26.136,133968.562,2.047,68.000
0.048,0.020,0.012,20.305,261078.219,9.397,68.000
0.052,0.024,0.013,22.278,245676.625,9.096,68.000
0.050,0.027,0.012,22.585,252311.062,6.858,68.000
0.053,0.001,0.017,26.800,83377.133,1.136,68.000
0.041,0.001,0.016,17.673,203748.062,4.448,68.000
0.051,0.009,0.011,20.782,257423.688,8.599,68.000
0.058,0.001,0.011,21.237,219584.781,1.308,68.000
0.047,0.000,0.017,28.457,15369.398,-0.814,68.000
0.043,0.001,0.008,20.672,158434.812,1.577,68.000
0.051,0.009,0.011,20.877,260044.438,8.322,68.000
0.050,0.001,0.002,21.999,101889.320,1.266,68.000
0.059,0.001,0.010,22.232,92341.961,0.858,68.000
0.051,0.001,0.006,21.910,173285.688,2.488,68.000
0.050,0.006,0.011,19.435,269411.344,7.304,68.000
0.050,0.012,0.014,18.768,239318.656,7.181,68.000
0.050,0.015,0.012,21.954,229753.938,8.384,68.000
0.050,0.014,0.014,18.863,255757.062,7.768,68.000
0.049,0.007,0.012,20.863,238833.594,7.921,68.000
0.043,0.000,0.012,26.488,-47031.172,-2.147,68.000
0.050,0.014,0.014,18.831,257398.875,7.719,68.000
0.051,0.013,0.011,21.163,235973.281,8.820,68.000
0.042,0.001,0.017,21.706,124310.883,0.880,68.000
0.050,0.013,0.011,21.371,239510.031,8.730,68.000
0.049,0.010,0.014,19.837,239228.094,6.337,68.000
0.052,0.012,0.010,20.716,275364.000,7.404,68.000
0.049,0.008,0.010,20.110,276638.062,6.954,68.000
0.042,0.001,0.007,21.101,176809.656,1.606,68.000
0.047,0.000,0.012,30.343,-60624.402,-2.561,68.000
0.050,0.012,0.011,21.642,257545.219,7.856,68.000
0.000,0.013,0.012,25.753,48839.602,8.612,68.000
0.049,0.021,0.012,20.658,262181.062,7.419,68.000
0.049,0.026,0.011,19.445,283349.750,5.970,68.000
0.053,0.002,0.015,22.760,260700.875,3.734,68.000
0.051,0.021,0.014,19.861,252350.500,9.280,68.000
0.002,0.012,0.012,19.829,199624.125,6.845,68.000
0.049,0.001,0.018,23.194,227543.938,3.440,68.000
0.055,0.001,0.007,21.998,190251.312,2.551,68.000
0.048,0.003,0.010,19.610,265305.594,5.563,68.000
0.048,0.001,0.015,27.286,140633.344,2.099,68.000
0.049,0.012,0.012,21.872,241253.250,8.412,68.000
0.051,0.024,0.010,20.410,261778.062,4.565,68.000
0.051,0.011,0.011,20.906,256496.812,8.313,68.000
0.049,0.000,0.020,22.505,94277.289,1.217,68.000
0.043,0.001,0.007,23.528,70526.352,0.292,68.000
0.045,0.001,0.004,21.821,183494.094,1.619,68.000
0.048,0.004,0.011,20.473,247836.094,6.195,68.000
0.099,0.013,0.012,23.295,156187.781,6.269,68.000
0.048,0.020,0.012,20.601,259878.656,8.771,68.000
0.051,0.012,0.010,20.768,283513.688,7.223,68.000
0.046,0.002,0.016,22.053,257859.906,4.607,68.000
0.052,0.001,0.019,24.401,62420.773,0.481,68.000
0.058,0.001,0.012,22.857,191809.250,2.008,68.000
0.051,0.027,0.012,24.763,229572.781,11.283,68.000
0.049,0.019,0.011,21.214,236619.375,7.393,68.000
0.100,0.013,0.013,20.739,39427.055,8.319,68.000
0.052,0.021,0.013,21.065,235277.438,8.826,68.000
0.057,0.001,0.007,21.885,188306.656,2.527,68.000
0.046,0.001,0.005,22.320,180353.938,1.964,68.000
0.057,0.001,0.007,21.967,183202.938,2.543,68.000
0.049,0.020,0.011,20.257,262699.844,7.275,68.000
0.049,0.007,0.013,19.311,215921.250,6.940,68.000
0.048,0.026,0.014,22.176,264370.906,9.043,68.000
0.050,0.011,0.013,20.339,231871.188,6.653,68.000
0.048,0.001,0.014,23.578,230450.938,4.593,68.000
0.048,0.009,0.012,21.971,225031.250,7.484,68.000
0.049,0.019,0.011,21.357,245162.281,7.481,68.000
0.049,0.000,0.011,28.352,-12716.680,-1.243,68.000
0.057,0.000,0.019,18.850,30387.117,1.809,68.000
0.051,0.000,0.022,22.707,14870.969,-1.143,68.000
0.056,0.001,0.005,21.662,142217.969,3.473,68.000
0.057,0.001,0.007,23.495,81067.227,2.222,68.000
0.052,0.001,0.009,22.921,202697.500,3.291,68.000
0.050,0.025,0.012,21.744,269488.281,6.800,68.000
0.050,0.018,0.012,22.142,229544.812,8.799,68.000
0.051,0.020,0.014,19.387,253659.594,9.216,68.000
0.051,0.018,0.011,22.583,227119.812,7.061,68.000
0.052,0.003,0.012,19.132,266717.188,6.262,68.000
0.048,0.015,0.011,22.684,218794.594,8.542,68.000
0.050,0.024,0.014,20.478,280517.250,9.677,68.000
0.049,0.018,0.012,21.759,234069.562,8.225,68.000
0.047,0.002,0.012,21.913,211224.062,5.811,68.000
0.049,0.001,0.002,21.213,132043.469,1.401,68.000
0.051,0.019,0.012,21.388,237913.594,8.410,68.000
0.048,0.001,0.022,20.793,159307.844,1.902,68.000
0.048,0.001,0.004,23.717,142163.031,1.559,68.000
0.051,0.020,0.014,19.171,256513.094,9.242,68.000
0.051,0.013,0.014,19.435,235535.062,7.781,68.000
0.045,0.001,0.010,19.176,237210.281,5.849,68.000
0.049,0.018,0.013,21.895,244068.562,9.004,68.000
0.042,0.001,0.007,20.355,190657.281,1.931,68.000
0.053,0.001,0.012,23.262,262672.938,4.602,68.000
0.048,0.007,0.013,20.871,217565.906,7.423,68.000
0.051,0.024,0.011,20.236,255865.094,4.945,68.000
0.045,0.001,0.018,23.547,190989.188,2.937,68.000
0.048,0.001,0.018,22.302,243834.500,3.668,68.000
0.050,0.001,0.016,22.887,278613.469,4.447,68.000
0.098,0.011,0.012,18.984,207412.625,7.150,68.000
0.049,0.004,0.012,20.616,237651.906,6.090,68.000
0.058,0.001,0.011,20.614,232609.531,1.981,68.000
0.052,0.014,0.012,21.341,224753.625,8.065,68.000
0.051,0.010,0.012,21.464,237444.438,8.397,68.000
0.051,0.017,0.013,21.666,242519.250,8.236,68.000
0.040,0.001,0.012,19.801,171066.750,2.059,68.000
0.050,0.023,0.014,19.893,277079.969,9.497,68.000
0.052,0.005,0.012,19.105,262494.562,6.301,68.000
0.058,0.000,0.012,21.389,19776.312,0.912,68.000
0.057,0.001,0.007,21.398,192001.750,2.772,68.000
0.051,0.027,0.014,24.571,198586.688,8.489,68.000
0.048,0.002,0.013,20.651,211582.219,6.324,68.000
0.048,0.009,0.014,19.550,235642.688,6.026,68.000
0.044,0.000,0.007,25.005,-22744.258,-1.784,68.000
0.055,0.001,0.020,20.759,166815.438,1.869,68.000
0.055,0.001,0.018,22.395,183316.344,2.484,68.000
0.045,0.001,0.017,20.952,263309.125,4.386,68.000
0.045,0.000,0.009,30.966,-37300.359,1.675,68.000
0.056,0.000,0.012,27.157,-84445.961,1.507,68.000
0.047,0.001,0.012,22.485,215268.938,5.436,68.000
0.098,0.010,0.012,17.598,216030.156,7.449,68.000
0.050,0.000,0.008,26.379,-28782.445,-0.980,68.000
0.098,0.013,0.013,23.213,167132.344,5.427,68.000
0.098,0.012,0.011,18.209,210917.281,8.364,68.000
0.052,0.000,0.018,25.269,-37439.406,-0.380,68.000
0.052,0.008,0.014,19.538,211350.219,6.130,68.000
0.042,0.000,0.012,25.497,-12900.766,1.037,68.000
0.047,0.001,0.004,22.076,170884.406,1.681,68.000
0.057,0.001,0.015,24.369,61424.852,1.246,68.000
0.047,0.000,0.017,28.916,44744.852,-0.929,68.000
0.050,0.014,0.014,19.179,259104.188,7.740,68.000
0.051,0.015,0.013,20.768,263104.250,8.054,68.000
0.050,0.007,0.014,18.688,210400.969,5.842,68.000
0.048,0.009,0.011,21.998,244136.375,7.838,68.000
0.049,0.027,0.014,24.413,252563.781,9.531,68.000
0.044,0.001,0.016,19.805,259584.281,4.103,68.000
0.050,0.010,0.013,21.011,228338.312,7.100,68.000
0.049,0.014,0.014,19.064,257327.094,7.957,68.000
0.052,0.009,0.012,20.614,243572.875,8.409,68.000
0.052,0.026,0.012,23.717,244858.969,8.138,68.000
0.055,0.001,0.016,22.918,207405.469,2.325,68.000
0.051,0.001,0.005,22.203,169051.281,2.840,68.000
0.051,0.014,0.013,21.546,238251.750,8.418,68.000
0.040,0.000,0.010,22.576,-48222.473,2.617,68.000
0.049,0.000,0.009,25.016,55130.211,-0.294,68.000
0.049,0.001,0.006,21.574,184078.531,2.786,68.000
0.048,0.001,0.011,21.136,222144.719,5.300,68.000
0.002,0.013,0.011,18.523,233815.062,6.427,68.000
0.056,0.002,0.017,21.091,234455.812,2.931,68.000
0.050,0.005,0.010,18.564,289354.031,5.635,68.000
0.043,0.000,0.010,23.063,-22434.492,-0.535,68.000
0.049,0.007,0.012,21.379,242424.688,8.091,68.000
0.051,0.020,0.011,22.065,236870.031,6.380,68.000
0.051,0.026,0.013,23.024,262874.969,9.413,68.000
0.051,0.010,0.012,21.179,238957.844,8.450,68.000
0.048,0.005,0.012,20.512,214743.375,5.965,68.000
0.052,0.017,0.013,20.512,253855.688,7.949,68.000
0.047,0.000,0.009,30.405,852.969,1.472,68.000
0.048,0.000,0.009,28.888,30804.008,1.858,68.000
0.049,0.017,0.014,18.641,263723.188,7.949,68.000
0.047,0.000,0.002,23.219,-86070.664,0.495,68.000
0.055,0.000,0.003,23.956,-91023.750,0.116,68.000
0.049,0.000,0.004,21.133,-18649.828,-0.622,68.000
0.042,0.001,0.014,19.666,176378.125,2.617,68.000
0.050,0.023,0.012,21.506,264987.000,7.047,68.000
0.040,0.001,0.012,20.426,155745.812,1.686,68.000
0.051,0.011,0.010,20.594,286880.656,7.207,68.000
0.060,0.000,0.011,21.350,2783.281,3.703,68.000
0.050,0.000,0.017,28.595,-13075.047,-0.159,68.000
0.050,0.016,0.012,22.305,225439.656,8.522,68.000
0.051,0.000,0.012,30.949,-29547.656,-1.444,68.000
0.058,0.001,0.006,21.472,143927.531,2.288,68.000
0.048,0.001,0.004,22.021,174503.594,2.337,68.000
0.053,0.002,0.018,22.009,254280.125,3.577,68.000
0.052,0.005,0.014,17.939,226302.062,5.967,68.000
0.051,0.007,0.011,19.442,266912.000,7.913,68.000
0.051,0.021,0.013,19.536,256378.312,9.139,68.000
0.050,0.012,0.013,19.896,234090.531,7.229,68.000
0.051,0.010,0.013,21.035,225003.531,7.461,68.000
0.048,0.000,0.004,21.853,22270.117,0.997,68.000
0.056,0.001,0.013,22.633,265062.469,3.648,68.000
0.056,0.001,0.007,22.397,158072.469,2.094,68.000
0.055,0.001,0.017,21.855,210354.062,2.817,68.000
0.046,0.002,0.012,21.819,211379.344,5.562,68.000
0.052,0.008,0.012,20.417,251733.875,8.449,68.000
0.049,0.010,0.010,21.858,277155.844,7.441,68.000
0.048,0.011,0.012,21.414,232841.250,7.200,68.000
0.043,0.001,0.007,20.364,196007.938,1.785,68.000
0.049,0.002,0.014,19.902,236058.312,5.473,68.000
0.051,0.001,0.020,21.625,192198.250,2.788,68.000
0.049,0.015,0.014,19.165,256619.406,8.290,68.000
0.042,0.001,0.018,20.658,172260.562,2.861,68.000
0.048,0.025,0.012,20.475,298129.969,7.222,68.000
0.049,0.001,0.018,23.048,212456.438,3.119,68.000
0.049,0.019,0.012,21.449,241563.688,8.273,68.000
0.054,0.000,0.018,24.442,-15572.711,0.267,68.000
0.050,0.024,0.010,19.279,281377.062,4.885,68.000
0.052,0.000,0.018,25.165,-43876.168,0.077,68.000
0.049,0.000,0.007,25.102,-7321.070,-1.353,68.000
0.048,0.004,0.014,17.274,210974.531,5.985,68.000
0.054,0.000,0.012,27.375,9067.406,2.460,68.000
0.050,0.000,0.014,30.109,-37380.945,0.986,68.000
0.045,0.001,0.016,21.107,260705.656,4.460,68.000
0.060,0.000,0.013,19.909,72224.977,1.197,68.000
0.050,0.007,0.009,19.015,275821.719,6.284,68.000
0.044,0.000,0.019,23.492,-37636.422,1.826,68.000
0.052,0.023,0.013,22.084,243201.875,9.331,68.000
0.055,0.001,0.012,27.700,82221.648,0.987,68.000
0.039,0.000,0.013,23.806,-1908.719,-1.079,68.000
0.048,0.001,0.017,22.007,271719.062,4.296,68.000
0.045,0.001,0.007,20.706,203954.750,2.316,68.000
0.051,0.006,0.012,19.576,252216.125,7.553,68.000
0.045,0.000,0.003,18.884,47594.805,0.753,68.000
0.049,0.007,0.014,18.462,215816.906,6.630,68.000
0.051,0.006,0.012,19.538,249497.594,7.201,68.000
0.049,0.014,0.011,22.490,223842.500,8.564,68.000
0.050,0.007,0.014,18.856,213634.094,6.087,68.000
0.048,0.000,0.008,27.703,-58532.000,1.416,68.000
0.043,0.000,0.017,24.273,87106.289,0.373,68.000
0.049,0.000,0.018,25.108,55979.992,-0.422,68.000
0.053,0.001,0.005,22.708,144906.906,2.284,68.000
0.051,0.018,0.012,22.736,221185.031,7.875,68.000
0.049,0.014,0.014,18.696,254443.312,7.941,68.000
0.053,0.001,0.018,24.693,118591.742,1.235,68.000
0.047,0.000,0.009,26.729,-88661.945,-0.737,68.000
0.051,0.021,0.011,22.266,231008.375,6.099,68.000
0.053,0.000,0.007,23.387,21015.469,0.803,68.000
0.049,0.023,0.014,20.053,287290.812,9.329,68.000
0.046,0.001,0.007,20.449,207005.500,2.461,68.000
0.050,0.026,0.012,21.742,279173.344,6.841,68.000
0.046,0.001,0.007,21.190,187138.500,2.256,68.000
0.051,0.001,0.002,23.712,-8610.641,-0.082,68.000
0.051,0.015,0.012,22.014,233160.625,8.226,68.000
0.052,0.000,0.013,29.763,-9042.344,-1.357,68.000
0.048,0.026,0.013,21.165,295464.250,7.817,68.000
0.050,0.001,0.021,21.998,132055.688,1.848,68.000
0.041,0.001,0.009,20.209,156281.938,1.923,68.000
0.051,0.001,0.018,23.357,210645.469,2.809,68.000
0.054,0.000,0.021,21.208,-37373.516,-0.545,68.000
0.051,0.002,0.016,22.812,280775.844,4.418,68.000
0.044,0.001,0.009,22.204,119554.539,1.763,68.000
0.048,0.004,0.013,18.191,210390.438,6.476,68.000
0.045,0.002,0.017,21.230,259685.562,4.272,68.000
0.050,0.010,0.014,18.971,239842.031,6.553,68.000
0.049,0.002,0.009,19.913,250085.969,5.125,68.000
0.051,0.016,0.012,22.553,226061.688,7.779,68.000
0.051,0.004,0.014,17.368,238449.312,5.609,68.000
0.057,0.000,0.012,20.892,-37369.609,0.308,68.000
0.099,0.012,0.011,17.421,209492.969,7.964,68.000
0.056,0.001,0.020,22.984,88879.805,-0.162,68.000
0.050,0.003,0.009,18.902,277412.594,5.411,68.000
0.050,0.026,0.013,22.300,273707.000,9.419,68.000
0.047,0.000,0.020,23.841,23654.398,0.676,68.000
0.052,0.013,0.012,21.079,232220.094,8.973,68.000
0.058,0.001,0.006,20.779,147907.375,2.883,68.000
0.050,0.013,0.014,19.748,239133.344,7.858,68.000
0.053,0.001,0.006,22.670,158726.219,1.990,68.000
0.001,0.010,0.012,21.146,164513.750,6.467,68.000
0.048,0.011,0.011,22.374,255201.906,8.110,68.000
0.050,0.026,0.011,21.280,263175.750,6.303,68.000
0.057,0.001,0.020,19.992,172861.500,1.457,68.000
0.050,0.027,0.011,20.377,261440.562,5.870,68.000
0.054,0.001,0.012,23.369,260954.375,4.293,68.000
0.043,0.001,0.006,22.418,188174.000,1.797,68.000
0.048,0.002,0.007,20.377,205102.031,2.886,68.000
0.053,0.001,0.019,23.513,106204.492,0.964,68.000
0.049,0.009,0.012,21.634,231953.469,7.853,68.000
0.050,0.026,0.010,18.796,283702.500,5.438,68.000
0.053,0.000,0.020,22.499,10165.562,-1.262,68.000
0.051,0.002,0.010,19.082,273814.562,5.943,68.000
0.058,0.001,0.018,21.908,98252.836,1.102,68.000
0.050,0.023,0.011,20.376,257815.531,5.777,68.000
0.044,0.001,0.013,22.390,205029.531,4.203,68.000
0.049,0.010,0.013,21.471,225169.875,7.264,68.000
0.059,0.001,0.007,20.121,184402.750,2.694,68.000
0.053,0.001,0.012,23.388,265608.969,4.422,68.000
0.001,0.012,0.013,21.392,137984.000,7.621,68.000
0.039,0.000,0.012,21.150,15794.625,2.416,68.000
0.048,0.011,0.013,21.181,231168.562,6.939,68.000
0.048,0.001,0.016,25.114,226674.281,3.748,68.000
0.049,0.020,0.012,20.580,255628.000,7.939,68.000
0.050,0.025,0.014,21.368,281721.188,9.403,68.000
0.049,0.008,0.014,19.243,233299.906,6.311,68.000
0.100,0.013,0.011,19.296,-5852.547,8.820,68.000
0.057,0.001,0.008,21.330,183045.406,1.965,68.000
0.048,0.001,0.012,23.374,220123.094,4.926,68.000
0.050,0.009,0.014,19.188,235966.062,6.498,68.000
0.051,0.000,0.014,29.546,-16068.992,1.441,68.000
0.053,0.001,0.002,25.673,-86842.492,-0.927,68.000
0.052,0.006,0.013,17.924,239179.031,6.570,68.000
0.058,0.000,0.017,20.563,-27947.875,1.710,68.000
0.059,0.001,0.009,20.715,195421.156,0.604,68.000
0.050,0.002,0.018,21.546,270781.188,3.923,68.000
0.044,0.002,0.012,19.833,221022.906,5.046,68.000
0.049,0.003,0.012,20.661,243189.719,6.141,68.000
0.048,0.012,0.012,21.833,239284.781,8.521,68.000
0.002,0.011,0.012,21.095,173441.156,6.384,68.000
0.049,0.013,0.013,20.284,239560.625,7.645,68.000
0.046,0.001,0.010,19.406,227958.438,4.964,68.000
0.043,0.001,0.006,21.505,208631.156,2.188,68.000
0.047,0.001,0.004,23.701,145206.406,1.333,68.000
0.051,0.001,0.007,21.827,194559.094,2.545,68.000
0.055,0.001,0.008,22.512,201414.750,2.578,68.000
0.050,0.024,0.013,21.274,266462.750,9.225,68.000
0.059,0.000,0.010,21.110,32646.180,1.405,68.000
0.055,0.000,0.020,23.382,-22036.031,-0.324,68.000
0.059,0.001,0.018,19.002,178276.656,1.167,68.000
0.039,0.001,0.012,20.347,150436.281,1.136,68.000
0.047,0.000,0.011,30.035,-62070.500,-1.516,68.000
0.052,0.001,0.013,30.714,38088.508,0.677,68.000
0.050,0.002,0.018,22.180,252358.875,3.609,68.000
0.052,0.001,0.006,23.288,138842.000,1.731,68.000
0.050,0.001,0.002,22.503,106253.742,1.305,68.000
0.097,0.012,0.012,19.903,198466.531,7.595,68.000
0.045,0.000,0.015,28.208,-32404.047,-1.902,68.000
0.049,0.004,0.011,20.969,247965.344,6.407,68.000
0.044,0.000,0.011,24.880,17829.312,1.998,68.000
0.044,0.001,0.008,19.385,198794.031,2.239,68.000
0.049,0.006,0.010,18.980,271290.312,6.228,68.000
0.050,0.014,0.014,19.961,247472.562,7.927,68.000
0.049,0.007,0.010,19.337,269246.625,6.571,68.000
0.049,0.001,0.004,23.526,142140.469,1.681,68.000
0.050,0.000,0.009,33.055,-5295.742,2.008,68.000
0.057,0.000,0.012,22.036,4971.453,2.999,68.000
0.051,0.025,0.011,21.413,247520.188,5.833,68.000
0.049,0.020,0.012,20.741,259471.406,9.270,68.000
0.052,0.023,0.012,22.324,239132.031,8.232,68.000
0.055,0.001,0.011,23.110,220019.375,2.643,68.000
0.053,0.002,0.012,22.301,267455.250,4.629,68.000
0.051,0.000,0.014,29.380,31559.398,-1.078,68.000
0.050,0.003,0.012,20.001,253775.969,6.342,68.000
0.049,0.003,0.012,20.435,240357.344,6.248,68.000
0.051,0.000,0.022,22.883,29484.914,-0.402,68.000
0.044,0.001,0.016,24.097,134824.625,1.274,68.000
0.050,0.020,0.014,18.460,271611.688,8.914,68.000
0.050,0.023,0.010,19.691,268650.000,5.065,68.000
0.047,0.002,0.012,21.744,209300.500,5.777,68.000
0.045,0.001,0.018,21.863,241794.312,4.066,68.000
0.049,0.008,0.010,20.336,271717.000,6.939,68.000
0.053,0.001,0.019,23.893,102421.320,0.879,68.000
0.054,0.000,0.012,29.221,-60452.793,-0.981,68.000
0.042,0.000,0.006,24.216,-22332.867,2.246,68.000
0.053,0.001,0.011,24.289,190390.969,3.771,68.000
0.048,0.001,0.021,20.970,176146.312,2.585,68.000
0.051,0.007,0.011,19.253,263176.438,7.810,68.000
0.051,0.010,0.012,21.392,230668.094,8.299,68.000
0.050,0.001,0.017,21.823,271209.812,4.044,68.000
0.059,0.001,0.008,22.476,43271.539,1.713,68.000
0.052,0.000,0.005,23.052,-15941.289,1.128,68.000
0.044,0.000,0.020,21.484,-29344.953,2.035,68.000
0.042,0.001,0.012,20.386,188509.281,3.693,68.000
0.048,0.012,0.013,20.780,235360.219,7.118,68.000
0.050,0.023,0.014,20.643,266559.594,9.331,68.000
0.050,0.014,0.013,21.334,240855.969,8.693,68.000
0.042,0.001,0.014,18.315,208535.625,3.573,68.000
0.053,0.001,0.004,24.111,65672.805,1.817,68.000
0.049,0.016,0.014,20.697,252305.031,8.421,68.000
0.049,0.014,0.012,21.375,244328.094,8.827,68.000
0.052,0.000,0.017,25.179,8243.367,1.139,68.000
0.051,0.004,0.014,17.539,239914.375,5.599,68.000
0.054,0.001,0.008,23.730,185987.500,2.117,68.000
0.044,0.001,0.018,21.428,241971.969,3.998,68.000
0.049,0.014,0.012,21.449,236382.750,8.987,68.000
0.049,0.015,0.014,19.917,257062.688,8.557,68.000
0.051,0.004,0.012,19.352,257037.625,6.281,68.000
0.049,0.010,0.014,19.793,238331.844,6.135,68.000
0.048,0.016,0.013,22.123,227836.750,8.911,68.000
0.051,0.000,0.017,28.308,-27568.172,-0.422,68.000
0.051,0.020,0.014,19.270,248086.938,8.973,68.000
0.051,0.017,0.014,19.610,268884.031,7.817,68.000
0.051,0.003,0.009,18.662,278937.094,5.548,68.000
0.052,0.026,0.013,23.404,249888.094,9.180,68.000
0.056,0.000,0.017,23.619,-21431.094,-0.078,68.000
0.054,0.001,0.019,21.546,192485.781,2.530,68.000
0.047,0.001,0.002,21.527,142209.094,1.022,68.000
0.053,0.000,0.016,27.019,-6593.875,0.010,68.000
0.049,0.014,0.013,21.230,247510.219,8.733,68.000
0.058,0.000,0.014,21.464,-65441.680,1.343,68.000
0.052,0.010,0.013,20.907,225827.844,8.237,68.000
0.045,0.000,0.003,21.656,-36109.938,-0.421,68.000
0.051,0.001,0.022,21.888,86718.523,0.850,68.000
0.047,0.000,0.014,30.969,-21750.586,-1.783,68.000
0.051,0.013,0.012,21.224,235164.500,8.999,68.000
0.057,0.001,0.017,21.853,151221.625,1.327,68.000
0.050,0.004,0.014,17.011,234804.250,6.111,68.000
0.051,0.022,0.012,21.297,243675.062,8.332,68.000
0.048,0.000,0.007,20.325,48183.570,1.345,68.000
0.049,0.005,0.013,18.732,215199.844,6.446,68.000
0.052,0.000,0.012,29.592,18100.023,2.432,68.000
0.051,0.023,0.012,21.752,253662.188,8.188,68.000
0.050,0.015,0.012,21.862,223083.969,8.413,68.000
0.044,0.001,0.017,23.618,140535.688,1.194,68.000
0.049,0.002,0.016,22.365,288665.875,4.373,68.000
0.046,0.002,0.016,21.755,258697.562,4.629,68.000
0.048,0.005,0.010,19.245,264295.688,5.939,68.000
0.049,0.000,0.008,28.645,41289.711,2.087,68.000
0.050,0.003,0.014,18.415,237174.344,5.502,68.000
0.057,0.001,0.004,23.492,104094.961,2.980,68.000
0.041,0.000,0.016,22.528,61613.227,-0.025,68.000
0.049,0.025,0.010,18.986,281231.906,5.639,68.000
0.044,0.000,0.018,25.443,53405.086,-0.540,68.000
0.049,0.009,0.013,20.831,230188.969,7.002,68.000
0.051,0.024,0.013,21.995,252691.719,8.652,68.000
0.052,0.001,0.012,25.256,191688.562,3.895,68.000
0.054,0.001,0.017,26.864,47597.805,1.204,68.000
0.003,0.012,0.013,20.717,158692.219,7.364,68.000
0.049,0.000,0.016,27.570,122154.242,0.587,68.000
0.048,0.002,0.015,22.338,265807.562,4.631,68.000
0.051,0.009,0.013,20.411,226280.375,7.471,68.000
0.048,0.006,0.011,20.702,243103.969,6.686,68.000
0.048,0.001,0.007,21.807,190376.062,2.385,68.000
0.050,0.006,0.012,20.177,256325.344,7.775,68.000
0.048,0.001,0.012,22.931,231764.781,5.178,68.000
0.049,0.007,0.015,18.360,207147.094,5.655,68.000
0.048,0.004,0.012,20.330,213008.031,5.997,68.000
0.048,0.001,0.004,22.636,166461.094,2.025,68.000
0.051,0.010,0.010,20.571,284327.188,7.363,68.000
0.057,0.001,0.011,22.135,203182.500,1.515,68.000
0.049,0.001,0.004,25.898,2394.859,-0.617,68.000
0.049,0.024,0.014,20.411,290910.219,9.168,68.000
0.047,0.001,0.015,25.371,204483.938,3.528,68.000
0.052,0.009,0.011,20.380,258530.719,8.419,68.000
0.052,0.001,0.006,24.823,10552.992,0.374,68.000
0.047,0.000,0.021,23.524,-12651.680,-1.005,68.000
0.051,0.001,0.008,25.511,85358.070,0.956,68.000
0.050,0.018,0.012,22.351,230672.875,9.046,68.000
0.052,0.011,0.011,20.886,247137.312,8.176,68.000
0.050,0.012,0.013,21.100,236505.250,7.645,68.000
0.050,0.010,0.014,19.457,239169.281,6.685,68.000
0.050,0.021,0.014,18.851,270266.656,9.375,68.000
0.050,0.024,0.011,20.455,262931.250,5.312,68.000
0.043,0.002,0.013,20.868,204944.500,4.560,68.000
0.044,0.000,0.005,22.665,836.156,-0.155,68.000
0.049,0.000,0.006,22.121,3429.469,-1.283,68.000
0.048,0.015,0.013,20.654,249016.125,8.415,68.000
0.049,0.026,0.011,19.263,280316.281,5.871,68.000
0.051,0.007,0.013,19.235,238998.594,7.440,68.000
0.000,0.013,0.012,24.636,122968.102,8.837,68.000
0.052,0.004,0.011,18.724,281490.062,6.383,68.000
0.057,0.001,0.007,21.661,161929.719,2.258,68.000
0.042,0.001,0.008,22.063,139031.000,0.978,68.000
0.050,0.024,0.014,20.821,273371.594,9.385,68.000
0.053,0.001,0.013,27.296,149898.031,2.353,68.000
0.042,0.000,0.007,23.696,50614.289,0.012,68.000
0.058,0.001,0.013,21.337,234340.188,2.491,68.000
0.051,0.003,0.010,18.718,279691.656,5.797,68.000
0.045,0.001,0.013,23.888,184723.438,4.128,68.000
0.043,0.001,0.016,21.659,184977.344,2.503,68.000
0.051,0.004,0.010,18.442,293245.781,6.136,68.000
0.050,0.023,0.011,20.886,258992.250,5.917,68.000
0.052,0.001,0.006,24.747,51844.539,0.519,68.000
0.054,0.000,0.006,22.296,31906.633,1.538,68.000
0.044,0.001,0.016,20.561,262576.094,4.278,68.000
0.045,0.000,0.018,23.787,11504.297,-0.277,68.000
0.042,0.000,0.014,25.184,-18805.594,0.973,68.000
0.049,0.015,0.014,19.742,254074.375,8.354,68.000
0.050,0.008,0.010,19.878,266258.719,7.669,68.000
0.057,0.001,0.014,23.971,124379.352,1.620,68.000
0.045,0.002,0.009,18.798,218375.438,3.643,68.000
0.050,0.022,0.014,19.799,269513.750,9.162,68.000
0.049,0.010,0.012,22.066,229936.125,7.861,68.000
0.053,0.001,0.013,30.400,53082.383,0.629,68.000
0.052,0.001,0.016,26.132,138570.531,1.545,68.000
0.057,0.001,0.013,24.655,114279.336,0.550,68.000
0.056,0.000,0.004,23.446,94899.852,2.872,68.000
0.041,0.001,0.012,20.730,144652.594,1.820,68.000
0.051,0.022,0.013,21.633,236720.594,9.283,68.000
0.049,0.016,0.010,21.971,213576.344,7.922,68.000
0.049,0.010,0.013,21.252,226752.219,6.581,68.000
0.056,0.001,0.017,20.638,219954.906,2.811,68.000
0.051,0.014,0.012,21.017,227870.812,8.592,68.000
0.049,0.014,0.011,22.251,223492.000,8.922,68.000
0.052,0.001,0.002,23.803,12028.852,0.407,68.000
0.049,0.001,0.016,22.656,283482.938,4.439,68.000
0.052,0.013,0.012,21.099,229882.250,8.789,68.000
0.051,0.012,0.010,20.878,275630.281,7.449,68.000
0.100,0.012,0.012,20.251,-33401.062,8.599,68.000
0.098,0.012,0.011,17.487,209622.469,8.412,68.000
0.048,0.012,0.014,19.738,232022.750,6.471,68.000
0.052,0.001,0.013,31.009,45319.180,1.096,68.000
0.044,0.001,0.007,20.375,199375.031,1.984,68.000
0.041,0.001,0.011,20.200,148954.000,2.498,68.000
0.050,0.015,0.014,18.589,260826.031,7.928,68.000
0.053,0.001,0.015,23.150,239219.625,3.038,68.000
0.050,0.000,0.015,31.612,-10036.148,-1.442,68.000
0.051,0.003,0.012,19.486,249114.094,6.505,68.000
0.051,0.024,0.014,21.216,266404.000,9.383,68.000
0.048,0.003,0.011,20.840,242458.500,6.093,68.000
0.047,0.001,0.021,22.505,131521.250,1.394,68.000
0.050,0.000,0.006,21.368,16970.906,0.591,68.000
0.098,0.013,0.012,21.240,189329.125,7.705,68.000
0.047,0.001,0.007,23.685,111979.820,1.268,68.000
0.050,0.019,0.014,18.017,274154.438,8.845,68.000
0.049,0.021,0.013,20.176,265895.344,9.106,68.000
0.050,0.001,0.017,22.193,279406.938,4.274,68.000
0.049,0.017,0.010,21.800,216355.219,7.574,68.000
0.055,0.000,0.012,29.518,-109362.211,-0.720,68.000
0.051,0.016,0.010,22.002,230574.188,7.520,68.000
0.053,0.001,0.014,23.552,236532.062,3.632,68.000
0.050,0.025,0.010,18.812,283601.531,4.960,68.000
0.050,0.020,0.014,18.345,268873.781,8.965,68.000
0.050,0.012,0.013,20.605,234499.469,7.853,68.000
0.044,0.000,0.005,21.849,-7493.609,0.005,68.000
0.042,0.001,0.012,25.720,46310.570,-0.204,68.000
0.057,0.001,0.017,20.804,188964.781,1.776,68.000
0.055,0.000,0.016,25.596,13501.000,-0.556,68.000
0.042,0.000,0.010,24.952,25682.750,2.206,68.000
0.048,0.023,0.012,20.086,293452.656,8.112,68.000
0.055,0.001,0.014,24.061,213358.156,2.522,68.000
0.048,0.023,0.012,19.835,279116.000,7.264,68.000
0.051,0.024,0.010,20.465,256280.031,4.481,68.000
0.058,0.000,0.017,19.866,-23309.188,-0.004,68.000
0.048,0.000,0.020,25.436,49251.977,0.682,68.000
0.059,0.000,0.008,19.575,-66679.312,3.721,68.000
0.049,0.023,0.012,20.361,283979.094,7.622,68.000
0.048,0.009,0.013,20.498,229947.156,6.456,68.000
0.050,0.021,0.012,21.013,253625.594,8.327,68.000
0.049,0.017,0.012,22.932,224465.719,8.368,68.000
0.051,0.009,0.011,21.255,250557.719,8.694,68.000
0.043,0.001,0.020,20.123,189985.844,3.195,68.000
0.053,0.001,0.021,21.756,140980.156,1.506,68.000
0.051,0.013,0.013,20.504,241891.219,8.043,68.000
0.051,0.008,0.011,20.955,257554.094,8.601,68.000
0.047,0.001,0.009,22.072,172283.500,2.726,68.000
0.050,0.025,0.010,18.808,287208.250,5.216,68.000
0.051,0.001,0.017,22.505,272314.125,4.212,68.000
0.049,0.011,0.013,20.674,232234.375,6.240,68.000
0.050,0.026,0.011,20.656,270066.812,5.982,68.000
0.056,0.000,0.016,23.888,41570.430,-0.497,68.000
0.044,0.002,0.009,18.825,222687.000,4.545,68.000
0.055,0.001,0.008,24.272,134245.344,1.813,68.000
0.058,0.001,0.011,20.757,231538.906,1.942,68.000
0.048,0.023,0.012,19.427,288763.188,7.143,68.000
0.044,0.001,0.011,19.121,228010.375,5.330,68.000
0.051,0.001,0.011,23.914,214248.969,4.511,68.000
0.051,0.019,0.010,22.117,240955.625,6.442,68.000
0.048,0.023,0.011,18.991,281649.406,6.597,68.000
0.044,0.001,0.016,22.282,177339.688,2.050,68.000
0.049,0.009,0.012,21.751,229364.688,7.729,68.000
0.048,0.004,0.012,20.821,226681.719,5.821,68.000
0.050,0.013,0.014,19.447,243612.688,7.834,68.000
0.051,0.001,0.003,23.942,47168.836,0.925,68.000
0.044,0.001,0.005,23.223,144530.875,1.014,68.000
0.050,0.009,0.011,21.205,253562.500,8.520,68.000
0.043,0.001,0.020,19.809,198067.281,3.571,68.000
0.047,0.001,0.005,24.297,104812.617,0.704,68.000
0.098,0.012,0.012,21.438,185049.250,6.974,68.000
0.044,0.001,0.018,22.275,145231.031,1.511,68.000
0.047,0.002,0.011,20.006,249233.719,6.350,68.000
0.048,0.001,0.017,24.670,211704.125,3.308,68.000
0.049,0.002,0.007,20.397,210152.969,2.688,68.000
0.056,0.000,0.005,23.576,-16548.117,1.976,68.000
0.058,0.001,0.005,24.484,6267.383,3.003,68.000
0.049,0.007,0.013,19.640,228604.500,7.371,68.000
0.050,0.007,0.011,19.650,266199.906,7.657,68.000
0.046,0.001,0.019,22.099,232106.750,3.885,68.000
0.050,0.025,0.011,20.648,269942.844,5.942,68.000
0.049,0.016,0.011,22.086,219615.406,8.190,68.000
0.051,0.001,0.006,21.196,180619.062,2.846,68.000
0.049,0.007,0.014,18.976,223586.094,6.641,68.000
0.050,0.014,0.013,20.404,246614.875,7.923,68.000
0.050,0.009,0.011,21.716,245951.156,8.563,68.000
0.051,0.025,0.011,22.011,247636.688,6.696,68.000
0.048,0.002,0.010,19.578,248946.094,5.271,68.000
0.048,0.002,0.012,20.641,216160.156,6.244,68.000
0.058,0.001,0.006,23.640,61557.945,2.607,68.000
0.050,0.008,0.013,19.672,227370.938,7.285,68.000
0.054,0.001,0.017,22.897,219029.875,2.673,68.000
0.050,0.010,0.014,18.605,237383.906,6.544,68.000
0.048,0.020,0.012,20.241,257606.938,8.448,68.000
0.051,0.000,0.007,24.367,6169.711,-0.934,68.000
0.049,0.003,0.014,18.820,228850.219,6.211,68.000
0.051,0.001,0.020,23.565,93794.570,0.911,68.000
0.047,0.001,0.015,24.672,210009.594,3.926,68.000
0.059,0.001,0.011,20.346,220169.531,1.626,68.000
0.048,0.023,0.011,18.841,284857.938,6.402,68.000
0.049,0.008,0.013,19.677,226827.875,7.124,68.000
0.052,0.001,0.006,22.596,160024.688,2.047,68.000
0.052,0.000,0.018,23.425,40898.977,-0.640,68.000
0.049,0.002,0.005,20.835,191451.000,3.435,68.000
0.054,0.000,0.019,21.574,-14078.766,0.727,68.000
0.050,0.011,0.014,18.927,240801.062,6.568,68.000
0.045,0.001,0.014,23.724,171645.969,3.755,68.000
0.049,0.019,0.014,18.064,279359.750,9.169,68.000
0.057,0.001,0.020,20.211,161390.094,1.223,68.000
0.041,0.000,0.014,19.351,103434.492,0.920,68.000
0.053,0.000,0.013,29.529,2652.797,2.454,68.000
0.050,0.013,0.013,20.962,244344.625,8.586,68.000
0.048,0.018,0.013,21.244,251092.438,9.766,68.000
0.051,0.025,0.010,20.134,269033.094,4.684,68.000
0.048,0.001,0.009,26.935,23053.336,0.055,68.000
0.042,0.001,0.012,21.445,158511.656,2.988,68.000
0.051,0.027,0.012,27.135,191124.406,7.500,68.000
0.048,0.002,0.008,20.108,225494.500,3.279,68.000
0.042,0.001,0.017,21.808,98695.914,0.632,68.000
0.048,0.001,0.004,24.724,94353.602,0.713,68.000
0.045,0.001,0.008,20.815,182138.219,2.212,68.000
0.052,0.015,0.013,21.788,238802.969,7.913,68.000
0.042,0.000,0.009,19.621,11856.883,-0.197,68.000
0.051,0.023,0.010,20.557,255553.125,4.491,68.000
0.045,0.001,0.019,23.100,183610.625,2.709,68.000
0.050,0.025,0.014,21.662,281114.875,9.352,68.000
0.050,0.021,0.012,21.596,250383.406,7.733,68.000
0.048,0.011,0.012,21.363,231333.500,7.126,68.000
0.051,0.023,0.010,20.307,265367.844,4.572,68.000
0.040,0.001,0.009,23.065,50941.383,-0.258,68.000
0.045,0.002,0.015,21.070,255732.188,4.460,68.000
0.055,0.001,0.006,21.320,175308.281,2.754,68.000
0.043,0.001,0.007,21.008,169403.156,1.282,68.000
0.055,0.002,0.007,21.808,199296.906,2.773,68.000
0.050,0.005,0.010,18.772,280870.781,6.218,68.000
0.041,0.001,0.009,20.922,131022.102,0.935,68.000
0.052,0.001,0.021,23.562,31278.445,0.293,68.000
0.051,0.008,0.014,19.168,217892.500,5.938,68.000
0.049,0.004,0.014,17.343,219974.781,5.518,68.000
0.051,0.000,0.012,28.155,-56303.273,1.595,68.000
0.048,0.014,0.010,22.433,219002.625,8.188,68.000
0.051,0.025,0.013,22.971,248496.500,9.458,68.000
0.051,0.003,0.012,19.884,269394.406,6.317,68.000
0.051,0.010,0.013,21.379,222869.844,7.849,68.000
0.045,0.000,0.018,28.381,52172.570,-0.456,68.000
0.045,0.002,0.013,21.465,210406.156,5.185,68.000
0.055,0.001,0.017,23.234,168360.469,2.078,68.000
0.050,0.000,0.019,26.034,190.398,-0.297,68.000
0.044,0.001,0.012,21.106,202077.438,4.103,68.000
0.049,0.000,0.004,21.921,-49958.582,0.741,68.000
0.053,0.001,0.013,25.646,207619.625,3.351,68.000
0.045,0.000,0.005,23.932,54069.102,-0.355,68.000
0.048,0.000,0.008,23.806,-2505.500,-0.271,68.000
0.049,0.001,0.022,22.543,42916.039,-0.021,68.000
0.048,0.001,0.016,22.752,268476.469,4.391,68.000
0.098,0.011,0.012,18.319,210823.312,7.558,68.000
0.051,0.001,0.008,21.867,209319.812,2.702,68.000
0.057,0.001,0.005,23.384,81797.789,3.209,68.000
0.050,0.012,0.010,21.574,280964.188,7.270,68.000
0.052,0.001,0.010,25.924,110520.758,2.474,68.000
0.050,0.024,0.011,20.304,263783.781,5.413,68.000
0.044,0.001,0.011,25.148,74107.523,1.480,68.000
0.045,0.001,0.003,22.743,127130.336,0.406,68.000
0.043,0.001,0.005,22.025,202222.906,1.895,68.000
0.049,0.012,0.013,20.525,237115.406,7.324,68.000
0.053,0.001,0.017,26.643,41503.945,0.487,68.000
0.055,0.001,0.011,24.830,145559.844,1.622,68.000
0.050,0.016,0.012,22.287,220948.188,8.155,68.000
0.045,0.001,0.005,24.882,45343.133,-0.558,68.000
0.051,0.017,0.011,22.757,222395.438,7.181,68.000
0.050,0.002,0.009,20.708,238378.375,3.953,68.000
0.046,0.001,0.002,21.731,140550.281,0.742,68.000
0.045,0.001,0.007,22.406,161215.531,1.484,68.000
0.001,0.013,0.012,21.119,145750.594,8.086,68.000
0.052,0.023,0.012,22.747,236560.500,6.790,68.000
0.052,0.023,0.013,22.177,241970.438,9.260,68.000
0.050,0.002,0.015,20.467,236852.688,4.834,68.000
0.049,0.010,0.013,20.509,235722.719,6.258,68.000
0.051,0.013,0.013,21.230,234251.594,8.933,68.000
0.056,0.000,0.011,24.652,-79390.211,-0.199,68.000
0.049,0.005,0.010,18.863,277161.281,5.957,68.000
0.044,0.000,0.009,22.538,-39568.316,-0.802,68.000
0.056,0.000,0.006,21.241,-23974.992,2.925,68.000
0.002,0.011,0.011,19.193,205189.250,5.676,68.000
0.052,0.014,0.012,21.280,231395.750,8.279,68.000
0.051,0.000,0.018,25.028,2041.883,-0.673,68.000
0.050,0.002,0.013,19.700,234153.125,6.279,68.000
0.049,0.002,0.009,20.158,241723.531,4.347,68.000
0.048,0.007,0.012,20.879,226901.375,7.343,68.000
0.049,0.012,0.013,20.881,234529.438,7.533,68.000
0.051,0.006,0.010,18.018,290801.000,6.540,68.000
0.051,0.017,0.012,22.502,229720.406,7.927,68.000
0.051,0.013,0.014,19.149,237618.406,7.677,68.000
0.049,0.007,0.010,19.027,266036.062,6.300,68.000
0.048,0.012,0.012,21.514,243365.156,7.976,68.000
0.044,0.001,0.005,22.506,184014.438,1.792,68.000
0.049,0.019,0.011,20.668,251563.656,7.449,68.000
0.053,0.001,0.008,24.515,157712.438,1.983,68.000
0.054,0.002,0.014,23.017,233842.500,3.633,68.000
0.049,0.012,0.012,21.419,242672.188,8.309,68.000
0.061,0.001,0.014,17.955,187893.906,1.261,68.000
0.049,0.022,0.011,19.630,277360.406,6.042,68.000
0.051,0.001,0.021,21.419,148629.531,1.899,68.000
0.052,0.001,0.007,25.474,25173.383,0.160,68.000
0.048,0.000,0.002,21.364,-32837.188,0.091,68.000
0.049,0.009,0.011,22.017,243053.219,8.391,68.000
0.052,0.012,0.012,21.187,233856.844,8.743,68.000
0.051,0.003,0.010,18.781,284452.031,6.019,68.000
0.051,0.004,0.012,19.579,255187.156,6.264,68.000
0.048,0.026,0.012,21.736,284044.562,7.256,68.000
0.055,0.001,0.015,24.068,129283.055,1.306,68.000
0.058,0.000,0.009,20.525,23540.844,1.825,68.000
0.050,0.015,0.010,21.183,215933.156,7.914,68.000
0.051,0.009,0.010,19.935,272658.188,7.793,68.000
0.098,0.011,0.011,16.771,220494.438,8.122,68.000
0.048,0.006,0.012,20.852,228329.719,7.233,68.000
0.049,0.009,0.010,20.978,282909.438,7.111,68.000
0.051,0.023,0.012,22.117,250621.812,7.493,68.000
0.049,0.012,0.014,18.979,235222.938,6.757,68.000
0.057,0.001,0.020,20.151,165807.375,1.346,68.000
0.050,0.012,0.012,21.447,242239.906,8.392,68.000
0.059,0.001,0.006,20.885,166392.500,3.666,68.000
0.049,0.005,0.014,17.376,212845.938,5.537,68.000
0.050,0.018,0.014,18.935,276172.062,7.985,68.000
0.048,0.011,0.012,21.514,232882.531,7.413,68.000
0.050,0.011,0.010,21.563,285803.812,7.168,68.000
0.049,0.004,0.013,18.778,219811.688,6.506,68.000
0.001,0.013,0.013,21.094,142351.375,8.311,68.000
0.051,0.009,0.013,20.001,229691.125,7.015,68.000
0.050,0.017,0.011,22.422,217356.969,7.189,68.000
0.047,0.001,0.014,22.068,229170.250,5.457,68.000
0.055,0.001,0.016,22.543,199250.594,2.359,68.000
0.044,0.001,0.018,23.881,122471.664,0.981,68.000
0.051,0.025,0.011,21.502,249415.031,6.292,68.000
0.050,0.023,0.013,21.323,260763.469,8.511,68.000
0.049,0.013,0.013,20.094,245832.469,7.868,68.000
0.052,0.009,0.013,20.607,230153.094,7.963,68.000
0.050,0.015,0.014,19.232,263201.031,7.951,68.000
0.052,0.002,0.013,20.725,256443.438,4.721,68.000
-0.000,0.013,0.011,25.576,-1218.680,13.056,68.000
0.051,0.023,0.014,20.454,267064.625,9.227,68.000
0.051,0.026,0.014,22.774,259920.000,9.490,68.000
0.050,0.006,0.014,18.217,214252.438,6.142,68.000
0.042,0.001,0.005,21.863,205808.156,1.999,68.000
0.050,0.025,0.013,21.542,280092.750,9.010,68.000
0.051,0.009,0.010,20.348,268083.188,7.916,68.000
0.049,0.021,0.010,20.218,273912.250,6.453,68.000
0.048,0.002,0.009,19.464,247000.812,5.256,68.000
0.051,0.018,0.011,22.794,233276.125,6.504,68.000
0.048,0.018,0.012,21.346,236876.250,9.264,68.000
0.042,0.001,0.016,21.152,133137.156,1.431,68.000
0.050,0.012,0.011,21.246,243536.812,8.597,68.000
0.050,0.006,0.011,19.089,273417.375,6.913,68.000
0.048,0.001,0.015,27.591,126507.164,1.921,68.000
0.043,0.001,0.018,21.463,152376.250,1.895,68.000
0.051,0.020,0.013,21.016,234688.156,8.744,68.000
0.051,0.002,0.017,22.072,270861.844,3.977,68.000
0.043,0.001,0.011,25.039,69564.945,1.299,68.000
0.049,0.018,0.012,22.316,227653.344,8.117,68.000
0.054,0.001,0.014,28.079,39700.148,0.380,68.000
0.051,0.009,0.010,20.177,283536.188,7.215,68.000
0.052,0.000,0.004,24.648,-73185.992,-0.014,68.000
0.051,0.001,0.005,23.237,152483.719,2.491,68.000
0.042,0.000,0.006,23.819,37626.336,-0.697,68.000
0.056,0.001,0.003,22.079,100670.258,2.744,68.000
0.052,0.025,0.011,22.321,240967.281,6.544,68.000
0.044,0.001,0.017,22.140,149904.719,1.341,68.000
0.048,0.017,0.011,21.477,225331.281,8.131,68.000
0.052,0.003,0.012,19.003,276444.219,6.238,68.000
0.050,0.009,0.013,20.040,236730.094,7.115,68.000
0.049,0.015,0.010,22.149,208270.750,8.305,68.000
0.049,0.016,0.013,20.907,242950.812,8.901,68.000
0.051,0.009,0.010,20.271,280287.906,7.392,68.000
0.044,0.001,0.004,22.385,170565.500,1.229,68.000
0.048,0.017,0.012,22.446,220267.688,8.348,68.000
0.050,0.025,0.013,21.892,276059.812,8.332,68.000
0.048,0.000,0.015,30.047,88447.945,1.739,68.000
0.049,0.014,0.013,21.311,246125.469,8.614,68.000
0.048,0.027,0.011,20.850,271612.500,6.140,68.000
0.050,0.012,0.011,21.746,242964.906,8.486,68.000
0.049,0.001,0.019,22.607,211550.469,3.223,68.000
0.051,0.009,0.014,19.383,221986.031,6.449,68.000
0.048,0.003,0.011,20.306,248669.938,6.006,68.000
0.049,0.001,0.005,24.588,112070.445,1.398,68.000
0.049,0.023,0.013,20.329,279387.219,9.073,68.000
0.048,0.021,0.014,18.991,277074.094,9.951,68.000
0.041,0.001,0.018,19.582,198145.094,3.700,68.000
0.048,0.005,0.012,20.681,223774.156,6.592,68.000
0.050,0.009,0.010,21.031,268532.156,8.064,68.000
0.050,0.024,0.012,20.738,268973.156,6.272,68.000
0.049,0.001,0.023,20.426,110122.836,1.044,68.000
0.052,0.008,0.013,19.994,242288.969,7.810,68.000
0.049,0.020,0.013,20.154,263215.594,9.294,68.000
0.050,0.006,0.012,20.169,256104.125,7.525,68.000
0.099,0.011,0.011,18.053,185086.281,8.307,68.000
0.049,0.020,0.011,20.558,254776.281,7.817,68.000
0.051,0.005,0.009,18.262,291606.156,5.753,68.000
0.049,0.007,0.012,21.623,236464.000,7.959,68.000
0.046,0.000,0.003,21.909,-60552.410,0.944,68.000
0.052,0.001,0.022,22.258,51807.414,-0.140,68.000
0.056,0.001,0.005,22.120,138026.125,3.393,68.000
0.048,0.019,0.012,21.162,241883.312,9.427,68.000
0.051,0.025,0.013,22.185,261754.438,8.419,68.000
0.050,0.006,0.010,18.865,277552.625,6.744,68.000
0.049,0.019,0.011,21.253,242631.969,7.252,68.000
0.052,0.000,0.011,27.942,45513.227,2.532,68.000
0.044,0.002,0.010,18.510,219564.469,4.889,68.000
0.049,0.006,0.015,18.390,201269.688,5.443,68.000
0.051,0.023,0.013,21.303,248394.344,9.238,68.000
0.053,0.001,0.019,22.854,168049.188,2.099,68.000
0.048,0.006,0.011,20.006,250195.531,6.883,68.000
0.045,0.001,0.009,20.148,201040.188,3.960,68.000
0.051,0.020,0.013,19.650,246686.469,8.842,68.000
0.052,0.016,0.013,20.839,256627.000,7.780,68.000
0.047,0.001,0.009,19.835,218134.906,3.243,68.000
0.050,0.001,0.020,22.025,166916.719,2.438,68.000
0.049,0.008,0.011,21.009,256652.344,7.703,68.000
0.056,0.001,0.015,24.020,122468.961,1.134,68.000
0.050,0.014,0.012,21.681,232016.000,8.426,68.000
0.049,0.027,0.010,22.570,281771.281,4.236,68.000
0.052,0.001,0.015,22.333,248475.531,4.162,68.000
0.052,0.026,0.013,23.770,243325.062,9.206,68.000
0.052,0.009,0.013,20.326,226284.750,7.532,68.000
0.049,0.000,0.005,25.810,41362.852,0.234,68.000
0.052,0.010,0.013,20.821,222841.531,7.838,68.000
0.045,0.001,0.019,22.106,229404.844,3.872,68.000
0.041,0.001,0.012,21.205,159591.875,1.643,68.000
0.052,0.001,0.020,22.674,150282.594,1.805,68.000
0.051,0.012,0.010,21.155,267173.250,7.600,68.000
0.049,0.011,0.012,22.003,238580.594,8.208,68.000
0.052,0.002,0.010,19.447,274735.812,5.964,68.000
0.051,0.018,0.011,22.621,228000.188,6.732,68.000
0.051,0.019,0.013,18.992,263935.344,8.798,68.000
0.051,0.011,0.012,21.516,235584.219,8.387,68.000
0.049,0.005,0.013,18.935,213565.875,6.361,68.000
0.050,0.024,0.012,21.493,269709.062,7.316,68.000
0.051,0.023,0.011,21.196,250638.875,5.351,68.000
0.045,0.000,0.007,24.303,20265.750,-1.002,68.000
0.050,0.002,0.015,21.369,250311.625,4.609,68.000
0.051,0.021,0.010,21.573,253415.156,5.161,68.000
0.048,0.008,0.011,20.510,248187.625,7.043,68.000
0.058,0.001,0.017,20.319,152716.312,1.312,68.000
0.098,0.012,0.013,23.023,170853.719,4.994,68.000
0.050,0.006,0.010,18.652,283222.406,6.046,68.000
0.049,0.001,0.020,22.396,143140.219,2.176,68.000
0.052,0.005,0.012,19.098,270353.719,6.542,68.000
0.054,0.000,0.009,23.173,17842.789,1.091,68.000
0.050,0.025,0.012,21.915,277235.844,7.245,68.000
0.050,0.015,0.010,22.103,212452.594,8.231,68.000
0.056,0.000,0.008,21.102,81498.086,1.213,68.000
0.054,0.001,0.016,25.437,102484.148,0.927,68.000
0.049,0.013,0.010,22.626,246744.281,7.780,68.000
0.048,0.026,0.014,20.816,298912.969,9.102,68.000
0.051,0.001,0.009,22.394,202740.094,3.010,68.000
0.052,0.014,0.012,21.179,228924.062,8.240,68.000
0.048,0.006,0.013,19.723,209198.812,6.741,68.000
0.054,0.001,0.008,23.467,189055.375,2.247,68.000
0.054,0.001,0.003,22.491,100521.711,2.473,68.000
0.050,0.001,0.003,22.843,130555.961,1.826,68.000
0.098,0.011,0.013,21.473,180909.406,5.046,68.000
0.043,0.001,0.019,20.379,205869.625,3.471,68.000
0.048,0.025,0.013,20.503,294250.125,8.382,68.000
0.050,0.002,0.014,19.163,240995.844,5.968,68.000
0.057,0.000,0.017,21.023,-16270.281,0.773,68.000
0.050,0.001,0.012,22.141,247212.781,5.486,68.000
0.047,0.000,0.002,23.003,3761.664,-0.548,68.000
0.050,0.007,0.010,18.992,269442.969,7.308,68.000
0.043,0.000,0.009,23.332,-15974.977,-0.565,68.000
0.002,0.012,0.012,21.146,171240.438,7.257,68.000
0.049,0.015,0.010,22.405,212041.688,8.357,68.000
0.060,0.001,0.014,18.115,182657.375,1.760,68.000
0.052,0.008,0.010,18.935,283606.625,7.126,68.000
0.048,0.002,0.013,21.987,210941.438,6.004,68.000
0.049,0.015,0.014,19.950,252251.375,8.724,68.000
0.051,0.017,0.014,18.913,269119.281,7.806,68.000
0.048,0.004,0.011,20.837,235771.656,6.015,68.000
0.052,0.002,0.011,19.566,275731.438,5.919,68.000
0.059,0.001,0.011,20.192,224348.562,1.457,68.000
0.057,0.001,0.016,22.320,148428.438,1.708,68.000
0.051,0.000,0.011,29.429,-4835.508,1.763,68.000
0.042,0.001,0.009,20.655,162628.562,1.554,68.000
0.051,0.001,0.017,24.537,225183.438,3.372,68.000
0.052,0.001,0.010,25.983,135199.125,2.847,68.000
0.042,0.000,0.007,20.976,24165.547,2.259,68.000
0.050,0.019,0.013,19.880,259038.438,9.119,68.000
0.048,0.001,0.010,21.794,152212.500,3.496,68.000
0.050,0.022,0.013,20.315,262557.625,9.118,68.000
0.053,0.002,0.017,21.975,261458.469,3.669,68.000
0.043,0.001,0.014,20.821,197653.719,2.949,68.000
0.049,0.003,0.012,20.260,241008.781,6.358,68.000
0.040,0.000,0.010,22.172,-34452.000,-0.447,68.000
0.056,0.000,0.014,26.140,33980.367,0.467,68.000
0.050,0.010,0.011,21.366,259090.375,8.103,68.000
0.052,0.008,0.013,19.547,225793.812,6.936,68.000
0.050,0.023,0.012,21.340,261671.688,7.548,68.000
0.047,0.000,0.015,29.580,4273.859,1.612,68.000
0.050,0.026,0.014,21.911,281740.125,9.579,68.000
0.051,0.003,0.013,18.987,251888.406,6.270,68.000
0.058,0.000,0.010,22.822,123718.664,0.176,68.000
0.045,0.000,0.016,27.971,26441.766,-1.067,68.000
0.049,0.023,0.013,20.767,275432.094,8.803,68.000
0.051,0.001,0.013,27.431,153202.594,2.681,68.000
0.042,0.000,0.007,23.293,62838.414,0.183,68.000
0.043,0.001,0.020,19.724,201846.625,3.653,68.000
0.048,0.001,0.005,21.987,179733.062,2.541,68.000
0.050,0.012,0.010,21.669,259955.250,7.687,68.000
0.050,0.017,0.014,19.638,268625.500,7.940,68.000
0.050,0.001,0.001,23.201,4023.352,-0.047,68.000
0.048,0.001,0.011,23.770,164092.688,3.992,68.000
0.055,0.001,0.021,20.708,139168.750,1.300,68.000
0.052,0.025,0.012,23.290,244512.438,8.353,68.000
0.061,0.001,0.011,18.840,216782.688,1.452,68.000
0.042,0.000,0.006,23.776,55367.742,-0.508,68.000
0.044,0.001,0.019,21.768,196192.938,2.956,68.000
0.054,0.001,0.013,26.068,177576.344,2.559,68.000
0.052,0.003,0.012,18.788,266631.094,6.148,68.000
0.045,0.002,0.009,19.119,225821.406,3.966,68.000
0.042,0.001,0.015,17.802,206050.250,3.711,68.000
0.046,0.000,0.018,26.603,42596.758,0.031,68.000
0.049,0.020,0.010,20.358,262878.594,7.250,68.000
0.049,0.007,0.012,21.231,244589.969,8.252,68.000
0.047,0.001,0.007,20.016,210459.969,2.742,68.000
0.059,0.001,0.012,20.672,208736.125,1.442,68.000
0.052,0.027,0.013,25.656,183829.562,7.474,68.000
0.049,0.009,0.013,20.379,234498.156,7.111,68.000
0.049,0.002,0.010,19.389,256298.031,5.524,68.000
0.050,0.014,0.014,19.928,254969.594,7.931,68.000
0.041,0.001,0.013,20.743,185034.812,2.657,68.000
0.050,0.006,0.009,18.605,284878.969,5.754,68.000
0.043,0.000,0.011,26.709,-25037.531,-1.056,68.000
0.044,0.000,0.020,22.778,-21193.320,1.989,68.000
0.056,0.001,0.013,22.765,241230.750,3.045,68.000
0.048,0.016,0.012,22.138,218622.250,8.726,68.000
0.050,0.001,0.018,24.041,204832.219,2.842,68.000
0.051,0.011,0.014,19.509,231749.750,6.967,68.000
0.052,0.001,0.006,23.250,129822.648,1.712,68.000
0.057,0.000,0.007,21.470,-31722.898,2.017,68.000
0.050,0.001,0.011,22.759,230469.969,5.028,68.000
0.042,0.000,0.012,26.863,-12366.211,1.137,68.000
0.049,0.001,0.019,22.248,216520.656,3.340,68.000
0.048,0.020,0.011,20.298,258531.438,8.011,68.000
0.001,0.011,0.012,20.725,186264.406,6.548,68.000
0.047,0.001,0.006,23.626,143412.812,1.532,68.000
0.044,0.001,0.018,23.557,129335.836,1.141,68.000
0.052,0.022,0.012,22.783,223284.750,7.744,68.000
0.039,0.001,0.013,20.069,155174.469,1.442,68.000
0.052,0.011,0.011,20.440,264923.406,7.837,68.000
0.050,0.019,0.010,21.835,247997.906,6.602,68.000
0.051,0.011,0.013,21.477,228233.781,8.090,68.000
0.039,0.001,0.012,24.044,57308.164,-0.473,68.000
0.048,0.009,0.013,21.280,223361.875,6.332,68.000
0.048,0.016,0.012,21.700,224900.500,8.838,68.000
0.049,0.012,0.013,21.163,239227.031,7.685,68.000
0.049,0.001,0.020,21.717,201108.750,2.955,68.000
0.046,0.001,0.007,21.746,169571.781,2.163,68.000
0.058,0.001,0.007,20.698,156674.562,1.338,68.000
0.055,0.000,0.013,26.634,-11779.289,2.132,68.000
0.057,0.001,0.013,21.456,253642.219,3.232,68.000
0.050,0.023,0.014,20.053,272251.938,9.293,68.000
0.098,0.013,0.013,22.897,172398.188,6.396,68.000
0.049,0.024,0.013,20.519,282435.000,8.949,68.000
0.049,0.005,0.012,20.594,239601.000,6.673,68.000
0.050,0.009,0.011,21.860,244357.438,8.467,68.000
0.052,0.007,0.014,18.948,212253.500,6.025,68.000
0.057,0.001,0.008,23.250,89796.414,1.701,68.000
0.050,0.014,0.013,21.300,245562.125,8.232,68.000
0.051,0.005,0.014,17.363,228601.469,5.854,68.000
0.049,0.003,0.010,19.448,272411.906,5.682,68.000
0.044,0.001,0.020,21.223,200855.562,3.301,68.000
0.050,0.006,0.012,20.755,261067.500,7.385,68.000
0.050,0.001,0.019,22.792,215307.156,3.201,68.000
0.057,0.001,0.004,22.490,109183.867,3.550,68.000
0.045,0.001,0.016,21.470,242974.250,3.775,68.000
0.049,0.023,0.014,20.046,282820.938,9.314,68.000
0.042,0.001,0.007,23.043,97561.102,0.675,68.000
0.049,0.004,0.013,19.702,219811.000,6.339,68.000
0.048,0.026,0.012,21.199,290819.906,6.949,68.000
0.049,0.003,0.014,18.056,229368.906,6.016,68.000
0.050,0.005,0.009,18.475,288043.250,5.412,68.000
0.052,0.007,0.010,18.382,276048.562,6.985,68.000
0.057,0.001,0.010,21.161,222389.812,1.728,68.000
0.051,0.005,0.011,19.140,276504.094,7.041,68.000
0.051,0.026,0.011,21.861,245987.281,6.520,68.000
0.052,0.013,0.010,21.141,262207.062,7.550,68.000
0.052,0.000,0.002,24.189,-81596.344,-0.181,68.000
0.053,0.001,0.007,21.969,184187.062,2.307,68.000
0.048,0.001,0.006,22.426,176338.438,2.364,68.000
0.053,0.001,0.015,25.143,174141.625,2.390,68.000
0.049,0.025,0.013,21.572,279620.406,8.626,68.000
0.044,0.000,0.020,23.023,-20976.156,0.945,68.000
0.051,0.008,0.013,20.686,238132.750,8.011,68.000
0.098,0.012,0.011,16.858,212890.812,8.718,68.000
0.050,0.022,0.010,20.478,265129.094,5.122,68.000
0.046,0.001,0.008,21.539,163935.781,2.251,68.000
0.049,0.001,0.012,27.657,105318.648,3.121,68.000
0.048,0.009,0.012,22.395,225528.812,7.390,68.000
0.052,0.002,0.010,19.360,274636.500,6.008,68.000
0.048,0.007,0.014,18.360,218100.031,6.374,68.000
0.051,0.007,0.012,19.593,259936.000,7.848,68.000
0.043,0.000,0.011,25.945,-8868.273,1.446,68.000
0.049,0.006,0.013,20.079,224034.469,7.102,68.000
0.049,0.010,0.011,21.896,250492.625,8.290,68.000
0.054,0.000,0.010,26.558,58453.539,2.849,68.000
0.048,0.001,0.005,22.360,171248.875,2.494,68.000
0.055,0.000,0.019,21.442,49081.727,1.385,68.000
0.052,0.000,0.019,25.953,56642.180,-0.352,68.000
0.052,0.012,0.012,21.245,233005.031,8.571,68.000
0.052,0.007,0.013,19.298,231147.938,6.947,68.000
0.059,0.000,0.012,18.553,-13388.305,2.083,68.000
0.045,0.001,0.007,20.492,201829.781,2.211,68.000
0.050,0.007,0.011,20.646,262253.594,7.929,68.000
0.100,0.012,0.013,20.484,-69770.250,8.500,68.000
0.057,0.000,0.014,20.188,-1231.516,2.297,68.000
0.050,0.025,0.013,22.140,269162.750,8.924,68.000
0.097,0.012,0.012,19.134,206311.312,7.710,68.000
0.051,0.013,0.013,21.167,231907.906,8.768,68.000
0.098,0.011,0.011,16.901,218454.656,8.111,68.000
0.055,0.002,0.011,21.971,262195.219,4.479,68.000
0.039,0.000,0.012,22.454,-51598.773,1.868,68.000
0.056,0.001,0.012,22.245,263478.812,3.632,68.000
0.060,0.001,0.011,20.418,181088.938,1.060,68.000
0.051,0.002,0.006,20.920,180882.219,2.525,68.000
0.049,0.019,0.013,19.772,268371.219,9.528,68.000
0.047,0.002,0.013,21.703,205704.469,5.854,68.000
0.047,0.001,0.013,24.401,207482.281,4.635,68.000
0.050,0.018,0.013,21.392,244358.562,9.346,68.000
0.048,0.015,0.013,21.192,232874.625,8.843,68.000
0.002,0.011,0.013,21.175,113312.211,7.280,68.000
0.045,0.002,0.012,20.757,220754.594,5.443,68.000
0.048,0.000,0.020,23.938,45346.195,-0.718,68.000
0.043,0.001,0.009,23.471,51962.773,-0.058,68.000
0.002,0.012,0.014,20.848,122753.852,7.780,68.000
0.046,0.001,0.009,22.644,130464.508,2.777,68.000
0.049,0.008,0.012,21.832,245179.031,8.144,68.000
0.041,0.001,0.007,20.143,192968.062,2.518,68.000
0.049,0.000,0.019,25.556,58652.211,0.295,68.000
0.049,0.006,0.013,18.087,216537.312,6.580,68.000
0.042,0.001,0.012,23.792,106468.445,1.524,68.000
0.043,0.000,0.019,22.201,-21093.750,-0.695,68.000
0.049,0.024,0.010,19.184,275594.344,5.494,68.000
0.049,0.018,0.011,21.699,226804.938,7.376,68.000
0.042,0.001,0.007,21.083,179024.812,1.632,68.000
0.050,0.005,0.014,17.215,225611.438,6.243,68.000
0.051,0.007,0.010,18.330,278691.156,6.950,68.000
0.048,0.007,0.013,19.724,213153.625,6.481,68.000
0.049,0.012,0.011,22.170,248641.906,8.310,68.000
0.049,0.019,0.010,21.050,249360.125,7.148,68.000
0.100,0.011,0.012,18.377,-23776.852,9.485,68.000
0.042,0.000,0.013,26.417,-75468.977,-2.703,68.000
0.044,0.001,0.017,22.523,162031.094,1.751,68.000
0.049,0.010,0.011,21.984,248845.656,8.229,68.000
0.050,0.008,0.014,19.424,224119.188,6.336,68.000
0.058,0.000,0.013,20.969,-6044.242,-0.532,68.000
0.056,0.000,0.017,24.263,46830.961,0.581,68.000
0.051,0.000,0.018,24.673,120028.414,0.917,68.000
0.051,0.023,0.012,22.301,244707.656,7.513,68.000
0.052,0.021,0.012,22.773,219361.656,7.131,68.000
0.052,0.000,0.005,24.157,-49879.668,-0.064,68.000
0.052,0.008,0.010,18.887,271970.062,7.609,68.000
0.041,0.000,0.013,26.020,-17584.594,-1.616,68.000
0.059,0.000,0.013,22.880,45974.852,0.174,68.000
0.047,0.001,0.011,20.058,250622.688,6.014,68.000
0.048,0.001,0.004,22.071,163432.531,1.959,68.000
0.050,0.017,0.014,18.489,266402.469,7.682,68.000
0.043,0.001,0.015,20.270,215770.000,3.052,68.000
0.050,0.027,0.010,19.102,280395.188,5.481,68.000
0.045,0.000,0.015,30.600,-44870.754,0.387,68.000
0.050,0.001,0.019,23.094,194159.656,2.630,68.000
0.051,0.006,0.012,19.827,256279.688,7.536,68.000
0.043,0.001,0.004,22.415,182010.156,1.390,68.000
0.048,0.022,0.011,19.428,278320.500,7.177,68.000
0.053,0.001,0.022,23.137,32036.352,-0.512,68.000
0.051,0.000,0.008,21.802,-27429.344,1.490,68.000
0.002,0.012,0.012,20.958,174498.469,7.381,68.000
0.052,0.000,0.021,23.502,-3796.609,-0.566,68.000
0.049,0.026,0.014,21.501,293066.500,9.393,68.000
0.046,0.000,0.004,22.953,75087.789,0.313,68.000
0.049,0.023,0.010,18.958,282958.469,5.976,68.000
0.060,0.001,0.013,18.441,210372.625,1.731,68.000
0.044,0.001,0.005,23.518,117707.461,0.545,68.000
0.049,0.007,0.009,19.261,271587.094,6.363,68.000
0.045,0.001,0.010,23.389,110163.570,2.312,68.000
0.045,0.001,0.009,20.156,182539.906,3.147,68.000
0.052,0.011,0.013,20.504,227469.438,7.784,68.000
0.049,0.016,0.013,21.951,231903.938,8.725,68.000
0.050,0.026,0.010,18.515,276971.812,5.295,68.000
0.050,0.002,0.016,22.578,280123.500,4.560,68.000
0.048,0.001,0.012,23.790,203868.750,4.939,68.000
0.048,0.018,0.013,21.727,246844.688,9.600,68.000
0.051,0.012,0.014,19.278,232038.750,7.172,68.000
0.048,0.014,0.013,20.804,244435.062,8.744,68.000
0.049,0.022,0.014,19.989,278993.125,9.452,68.000
0.055,0.002,0.008,22.080,207081.812,2.723,68.000
0.058,0.000,0.013,23.944,35285.617,0.819,68.000
0.050,0.010,0.012,21.790,232275.969,8.071,68.000
0.047,0.002,0.013,22.211,206594.000,5.716,68.000
0.051,0.016,0.012,22.531,233945.219,7.771,68.000
0.048,0.018,0.012,21.849,228236.156,8.724,68.000
0.052,0.025,0.011,22.212,247756.031,6.800,68.000
0.049,0.001,0.010,26.022,90208.273,2.198,68.000
0.049,0.001,0.023,20.290,154855.250,1.706,68.000
0.050,0.008,0.010,20.397,273973.656,7.490,68.000
0.051,0.005,0.014,17.638,222118.594,5.400,68.000
0.051,0.010,0.012,21.322,237544.406,8.428,68.000
0.051,0.002,0.014,20.872,247770.250,4.477,68.000
0.048,0.001,0.006,24.030,109950.602,1.058,68.000
0.053,0.000,0.002,21.409,-87666.484,0.580,68.000
0.051,0.008,0.010,19.709,276214.938,7.305,68.000
0.047,0.000,0.010,31.980,-23439.922,1.081,68.000
0.050,0.027,0.013,17.883,261843.969,8.967,68.000
0.049,0.027,0.014,23.319,223808.562,8.422,68.000
0.048,0.018,0.012,21.572,229585.625,9.082,68.000
0.052,0.021,0.012,22.767,227451.062,6.967,68.000
0.052,0.008,0.011,19.688,262432.781,8.013,68.000
0.047,0.001,0.008,21.991,157507.094,2.131,68.000
0.051,0.019,0.012,21.311,241882.625,8.632,68.000
0.002,0.013,0.010,17.910,247909.438,5.711,68.000
0.047,0.001,0.003,22.733,152930.375,1.393,68.000
0.059,0.001,0.016,19.301,158666.844,1.409,68.000
0.051,0.019,0.014,18.817,255343.812,8.657,68.000
0.051,0.015,0.014,19.012,271341.531,7.967,68.000
0.044,0.001,0.005,23.638,99814.133,0.179,68.000
0.045,0.001,0.019,23.103,182509.469,2.645,68.000
0.051,0.008,0.010,19.601,269664.406,7.897,68.000
0.051,0.007,0.010,19.216,271163.781,6.895,68.000
0.056,0.001,0.004,22.072,108189.711,3.138,68.000
0.098,0.013,0.011,18.001,204536.625,8.946,68.000
0.052,0.009,0.011,20.292,259538.906,8.370,68.000
0.058,0.000,0.007,23.746,-34245.758,1.995,68.000
0.049,0.015,0.012,21.767,231761.312,8.760,68.000
0.049,0.005,0.013,18.598,223950.469,6.524,68.000
0.051,0.013,0.013,21.063,234635.438,9.002,68.000
0.047,0.002,0.010,19.277,240872.000,5.426,68.000
0.057,0.001,0.018,20.777,182468.969,1.758,68.000
0.048,0.000,0.007,24.141,80582.102,-0.224,68.000
0.051,0.021,0.013,20.225,247387.562,9.243,68.000
0.049,0.012,0.011,21.737,245059.156,8.431,68.000
0.052,0.025,0.012,23.125,242591.156,7.400,68.000
0.050,0.011,0.012,21.691,235954.250,7.976,68.000
0.050,0.010,0.010,21.035,279874.781,7.371,68.000
0.052,0.020,0.014,19.503,247478.594,8.896,68.000
0.002,0.011,0.012,21.261,173361.938,6.695,68.000
0.054,0.002,0.007,21.811,197376.625,2.595,68.000
0.045,0.000,0.015,29.420,-42460.598,1.234,68.000
0.044,0.000,0.013,26.305,-52752.785,1.136,68.000
0.056,0.001,0.017,21.578,199689.062,2.615,68.000
0.050,0.022,0.010,20.121,271646.219,5.396,68.000
0.049,0.001,0.020,22.202,118764.023,1.591,68.000
0.044,0.001,0.006,21.289,207404.688,2.231,68.000
0.052,0.003,0.011,18.814,282513.438,5.893,68.000
0.044,0.002,0.017,19.639,260987.781,4.225,68.000
0.048,0.001,0.015,23.014,258549.969,4.480,68.000
0.057,0.001,0.014,21.726,215680.594,2.803,68.000
0.049,0.008,0.014,18.809,227249.625,6.054,68.000
0.043,0.001,0.013,21.930,186705.594,3.304,68.000
0.099,0.011,0.013,21.396,185837.969,5.228,68.000
0.056,0.002,0.012,21.449,261234.750,3.877,68.000
0.052,0.024,0.012,22.656,238225.750,6.880,68.000
0.056,0.000,0.003,22.233,-133270.391,0.824,68.000
0.052,0.010,0.011,20.351,260031.594,8.303,68.000
0.039,0.000,0.011,23.009,87699.461,0.240,68.000
0.046,0.000,0.011,30.621,20876.125,1.764,68.000
0.048,0.000,0.009,31.610,8886.086,1.524,68.000
0.057,0.001,0.011,25.850,88853.867,0.234,68.000
0.051,0.001,0.018,22.433,253809.375,3.602,68.000
0.045,0.001,0.018,21.580,243100.188,4.065,68.000
0.045,0.001,0.005,21.543,195417.781,1.829,68.000
0.053,0.000,0.014,30.455,-39886.648,-1.991,68.000
0.046,0.001,0.020,22.362,108303.836,1.580,68.000
0.049,0.001,0.005,23.237,156725.469,2.365,68.000
0.048,0.025,0.011,19.001,284057.812,6.232,68.000
0.046,0.001,0.004,23.683,103441.617,0.178,68.000
0.052,0.009,0.012,20.459,236683.469,8.237,68.000
0.049,0.018,0.011,21.840,227814.062,7.701,68.000
0.098,0.014,0.013,22.800,173477.781,6.844,68.000
0.056,0.002,0.012,20.953,251869.469,3.500,68.000
0.048,0.011,0.014,20.293,233912.406,5.799,68.000
0.056,0.001,0.019,20.694,187190.750,1.909,68.000
0.051,0.007,0.015,19.127,201725.625,5.586,68.000
0.050,0.001,0.021,22.594,92824.430,0.724,68.000
0.052,0.023,0.012,22.325,236176.000,8.204,68.000
0.053,0.000,0.013,30.051,2823.453,-0.394,68.000
0.048,0.012,0.012,21.396,236871.562,7.477,68.000
0.051,0.018,0.010,22.543,234536.125,6.662,68.000
0.052,0.011,0.012,21.025,235143.156,8.342,68.000
0.049,0.023,0.012,20.567,267572.344,6.663,68.000
0.049,0.003,0.010,19.675,265648.781,5.805,68.000
0.047,0.002,0.015,22.011,256883.625,4.740,68.000
0.052,0.010,0.012,20.868,247277.875,8.520,68.000
0.043,0.001,0.016,21.644,161355.312,1.853,68.000
0.050,0.007,0.011,19.915,265532.562,7.691,68.000
0.055,0.000,0.010,23.934,-62999.547,0.984,68.000
0.058,0.001,0.011,21.824,187132.562,1.205,68.000
0.052,0.001,0.019,23.163,174476.812,2.357,68.000
0.052,0.019,0.012,21.817,221989.219,8.092,68.000
0.049,0.000,0.017,29.158,7535.656,-1.217,68.000
0.043,0.001,0.010,24.244,46513.164,0.648,68.000
0.049,0.021,0.014,19.028,276558.094,9.806,68.000
0.048,0.001,0.015,28.417,120236.727,1.947,68.000
0.049,0.026,0.014,21.239,295371.031,9.550,68.000
0.058,0.001,0.009,21.450,181664.531,0.358,68.000
0.051,0.001,0.006,22.147,168598.188,2.101,68.000
0.059,0.001,0.013,19.228,245852.938,2.136,68.000
0.052,0.004,0.012,19.056,265283.281,6.211,68.000
0.051,0.023,0.010,20.628,249438.656,4.573,68.000
0.058,0.001,0.010,20.642,218157.562,1.250,68.000
0.053,0.001,0.008,22.705,199019.531,2.386,68.000
0.055,0.001,0.011,21.962,259818.594,4.297,68.000
0.050,0.001,0.018,22.858,223860.812,3.214,68.000
0.051,0.000,0.019,23.583,30236.039,-1.850,68.000
0.042,0.001,0.008,22.400,107862.055,0.606,68.000
0.049,0.013,0.014,19.528,237506.688,7.189,68.000
0.049,0.010,0.010,21.343,283643.938,7.413,68.000
0.049,0.014,0.010,22.443,222220.969,8.143,68.000
0.057,0.001,0.009,22.315,166865.969,1.050,68.000
0.052,0.001,0.002,23.303,65385.758,1.245,68.000
0.048,0.001,0.014,25.050,187692.750,3.386,68.000
0.048,0.001,0.007,24.803,81647.008,0.339,68.000
0.049,0.003,0.012,20.382,221840.250,6.226,68.000
0.050,0.006,0.012,20.439,241354.781,7.765,68.000
0.052,0.001,0.020,23.860,97256.492,0.649,68.000
0.053,0.000,0.011,29.947,2481.484,2.762,68.000
0.047,0.001,0.006,22.356,187256.781,2.298,68.000
0.049,0.025,0.014,20.485,286833.562,9.606,68.000
0.052,0.000,0.003,24.633,-96923.953,-0.414,68.000
0.047,0.001,0.019,23.028,199568.844,3.118,68.000
0.049,0.006,0.013,18.963,220807.750,6.627,68.000
0.050,0.008,0.014,19.536,231985.094,6.729,68.000
0.048,0.014,0.012,21.333,232107.969,9.191,68.000
0.058,0.001,0.014,20.210,191360.562,2.166,68.000
0.051,0.021,0.014,20.269,250609.531,9.336,68.000
0.049,0.005,0.014,17.501,213932.531,5.333,68.000
0.045,0.001,0.005,21.567,206091.844,2.349,68.000
0.041,0.001,0.005,20.978,210175.594,2.311,68.000
0.052,0.007,0.014,19.359,218270.094,6.435,68.000
0.055,0.001,0.018,22.897,175114.781,2.326,68.000
0.049,0.017,0.013,22.777,229818.969,9.056,68.000
0.055,0.000,0.004,20.608,-39036.758,1.636,68.000
0.059,0.001,0.010,19.698,216582.250,1.264,68.000
0.052,0.001,0.013,31.263,1893.062,0.239,68.000
0.044,0.001,0.011,25.008,57229.633,1.095,68.000
0.051,0.003,0.013,18.719,249749.781,6.113,68.000
0.051,0.005,0.012,19.855,265371.875,6.882,68.000
0.049,0.010,0.013,21.220,225894.656,6.790,68.000
0.060,0.000,0.014,19.440,134924.281,0.668,68.000
0.048,0.012,0.011,22.097,236110.062,8.694,68.000
0.050,0.003,0.015,18.530,233041.188,5.243,68.000
0.048,0.011,0.012,21.438,230990.188,6.969,68.000
0.048,0.026,0.012,20.952,297657.906,6.901,68.000
0.049,0.005,0.012,20.880,244181.750,7.012,68.000
0.049,0.018,0.011,21.362,228938.375,7.330,68.000
0.041,0.000,0.015,23.151,-17698.336,0.831,68.000
0.049,0.000,0.018,25.663,27368.945,0.098,68.000
0.050,0.016,0.010,21.649,218692.938,7.770,68.000
0.051,0.023,0.013,21.356,247052.219,9.051,68.000
0.053,0.001,0.010,26.972,79357.117,1.297,68.000
0.057,0.001,0.017,20.699,166709.281,1.617,68.000
0.049,0.003,0.014,18.578,235326.438,5.930,68.000
0.055,0.000,0.009,21.303,19186.711,1.410,68.000
0.048,0.000,0.012,30.290,14784.148,1.102,68.000
0.044,0.000,0.017,24.836,64603.336,-0.415,68.000
0.051,0.011,0.013,20.052,232626.406,6.928,68.000
0.049,0.026,0.011,20.660,279730.344,6.091,68.000
0.051,0.000,0.019,23.121,12920.805,0.521,68.000
0.050,0.020,0.011,21.278,249633.219,6.711,68.000
0.002,0.013,0.012,20.121,202403.625,6.964,68.000
0.054,0.001,0.002,22.677,85967.961,2.035,68.000
0.050,0.017,0.011,22.405,216483.000,7.321,68.000
0.046,0.000,0.004,21.046,-7897.734,1.926,68.000
0.052,0.021,0.013,21.495,227064.719,8.879,68.000
0.048,0.002,0.018,21.880,248156.875,3.614,68.000
0.048,0.006,0.012,20.846,231690.781,7.441,68.000
0.052,0.001,0.015,28.784,77745.195,1.392,68.000
0.048,0.002,0.014,20.982,229847.938,5.946,68.000
0.040,0.000,0.014,22.263,17513.852,0.176,68.000
0.053,0.000,0.011,31.929,-30604.016,2.880,68.000
0.048,0.001,0.019,23.069,204495.156,3.190,68.000
0.002,0.012,0.011,19.241,208128.594,6.339,68.000
0.045,0.000,0.007,24.574,16702.227,-1.521,68.000
0.051,0.020,0.012,22.375,227957.125,7.392,68.000
0.043,0.001,0.004,21.816,201884.312,1.760,68.000
0.052,0.000,0.008,22.836,46531.273,1.080,68.000
0.056,0.001,0.010,21.845,221307.938,2.184,68.000
0.041,0.001,0.010,19.986,171458.375,2.210,68.000
0.050,0.015,0.013,21.988,236596.375,8.410,68.000
0.051,0.006,0.013,18.579,237427.469,7.121,68.000
0.051,0.016,0.013,20.725,260776.750,8.127,68.000
0.049,0.001,0.014,30.101,64748.508,1.413,68.000
0.052,0.014,0.012,21.520,224251.969,7.829,68.000
0.044,0.002,0.010,18.626,225027.469,5.129,68.000
0.044,0.001,0.013,24.419,134357.906,1.847,68.000
0.051,0.014,0.010,21.389,247452.312,7.616,68.000
0.050,0.008,0.010,20.178,264348.812,7.916,68.000
0.052,0.001,0.009,21.978,222779.000,3.756,68.000
0.098,0.013,0.013,22.515,176639.438,6.970,68.000
0.047,0.000,0.022,22.224,45754.258,1.109,68.000
0.045,0.002,0.007,19.255,217673.000,2.699,68.000
0.052,0.007,0.011,19.274,258829.844,7.859,68.000
0.046,0.001,0.017,24.214,174371.031,2.154,68.000
0.041,0.001,0.014,23.173,22469.898,-0.518,68.000
0.050,0.004,0.013,18.057,241037.844,6.657,68.000
0.045,0.001,0.005,22.476,181104.625,1.676,68.000
0.049,0.014,0.011,22.084,225920.844,8.825,68.000
0.041,0.001,0.019,19.420,196672.562,3.753,68.000
0.051,0.023,0.012,21.994,248773.875,6.558,68.000
0.051,0.000,0.006,22.627,1192.359,0.026,68.000
0.048,0.026,0.012,21.639,292901.969,7.708,68.000
0.057,0.001,0.010,25.291,43986.398,0.388,68.000
0.051,0.006,0.011,19.789,268006.969,7.741,68.000
0.048,0.002,0.017,21.583,277668.344,4.309,68.000
0.055,0.001,0.014,22.912,226298.969,2.849,68.000
0.048,0.009,0.010,21.469,272773.562,7.374,68.000
0.042,0.001,0.017,20.084,188827.344,3.274,68.000
0.054,0.001,0.017,24.455,149153.562,1.905,68.000
0.054,0.001,0.021,20.592,143545.750,1.447,68.000
0.000,0.012,0.013,23.500,-84047.625,12.804,68.000
0.052,0.001,0.010,27.494,35903.023,1.678,68.000
0.053,0.001,0.004,25.287,39345.445,0.972,68.000
0.050,0.024,0.014,20.587,276081.844,9.462,68.000
0.050,0.001,0.009,21.238,229813.594,4.044,68.000
0.052,0.006,0.012,18.807,261279.938,6.964,68.000
0.050,0.025,0.011,19.530,270397.500,5.429,68.000
0.050,0.025,0.011,20.173,273102.938,5.696,68.000
0.055,0.002,0.008,22.227,208451.250,2.661,68.000
0.048,0.000,0.011,27.453,-7651.727,-0.260,68.000
0.043,0.001,0.013,20.824,213979.812,3.654,68.000
0.098,0.013,0.013,23.270,168067.906,6.289,68.000
0.047,0.000,0.011,28.132,-70367.422,-2.028,68.000
0.047,0.000,0.018,26.066,38419.539,-0.447,68.000
0.049,0.006,0.011,21.120,250959.281,7.601,68.000
0.056,0.001,0.018,23.160,109456.258,1.287,68.000
0.044,0.000,0.015,27.788,-48571.465,0.128,68.000
0.050,0.003,0.013,18.602,230971.094,6.688,68.000
0.000,0.013,0.012,30.284,-2531.367,8.374,68.000
0.052,0.026,0.012,24.279,234948.719,8.130,68.000
0.051,0.002,0.009,20.483,255615.031,5.432,68.000
0.048,0.007,0.013,20.681,214004.031,7.206,68.000
0.049,0.012,0.011,22.014,245766.062,8.470,68.000
0.053,0.002,0.012,21.859,267727.531,4.658,68.000
0.053,0.001,0.003,22.810,100191.570,2.132,68.000
0.050,0.015,0.010,21.974,218761.531,8.138,68.000
0.001,0.013,0.013,21.243,99353.758,8.007,68.000
0.041,0.000,0.012,24.593,-42376.004,1.366,68.000
0.060,0.001,0.010,19.539,167514.031,0.073,68.000
0.049,0.023,0.012,20.300,279149.719,7.476,68.000
0.052,0.000,0.015,28.991,-6226.414,1.573,68.000
0.043,0.000,0.009,23.892,-38787.062,-0.828,68.000
0.051,0.026,0.013,23.000,263925.031,9.479,68.000
0.048,0.005,0.010,19.225,269246.906,5.632,68.000
0.049,0.024,0.012,20.260,280532.281,6.240,68.000
0.048,0.009,0.013,21.142,222920.156,6.638,68.000
0.056,0.001,0.014,24.948,92035.930,0.806,68.000
0.049,0.014,0.012,21.749,233273.188,8.858,68.000
0.048,0.021,0.013,19.764,272940.938,9.335,68.000
0.060,0.001,0.009,19.540,204441.625,0.939,68.000
0.057,0.001,0.010,22.168,176991.344,0.472,68.000
0.048,0.018,0.013,21.726,241385.875,9.613,68.000
0.048,0.020,0.011,20.436,258139.594,7.693,68.000
0.059,0.000,0.015,20.421,58864.117,0.615,68.000
0.059,0.000,0.012,22.293,47189.570,1.130,68.000
0.048,0.000,0.007,23.188,-5408.633,1.322,68.000
0.052,0.020,0.011,22.863,221694.031,6.046,68.000
0.050,0.003,0.011,19.587,275892.719,5.967,68.000
0.052,0.027,0.011,22.138,223566.750,6.617,68.000
0.040,0.000,0.012,21.812,-70711.906,-1.846,68.000
0.002,0.011,0.011,18.476,230548.719,5.221,68.000
0.053,0.001,0.015,22.709,244792.219,3.482,68.000
0.053,0.002,0.013,22.172,264492.438,4.674,68.000
0.056,0.002,0.014,21.294,203706.125,3.001,68.000
0.048,0.001,0.005,22.108,180566.781,2.617,68.000
0.049,0.005,0.013,19.869,221393.688,6.524,68.000
0.048,0.001,0.013,24.792,194025.969,4.362,68.000
0.053,0.000,0.019,24.574,-9695.742,-0.233,68.000
0.044,0.002,0.016,20.442,264300.844,4.456,68.000
0.099,0.013,0.013,24.150,147679.625,5.244,68.000
0.049,0.009,0.011,21.926,244915.406,8.224,68.000
0.098,0.013,0.013,22.822,172002.875,6.289,68.000
0.041,0.001,0.017,19.960,58859.555,0.451,68.000
0.051,0.000,0.006,24.085,-719.266,1.452,68.000
0.050,0.009,0.010,20.388,273380.062,7.610,68.000
0.050,0.006,0.011,20.074,266616.156,7.505,68.000
0.045,0.001,0.006,22.441,183103.062,1.874,68.000
0.050,0.000,0.023,20.202,-100932.578,3.821,68.000
0.049,0.015,0.010,22.532,215262.531,8.371,68.000
0.045,0.000,0.003,21.568,-35066.508,-1.596,68.000
0.053,0.000,0.020,23.542,11051.680,-2.082,68.000
0.050,0.001,0.006,25.606,15682.109,-0.095,68.000
0.047,0.002,0.011,20.098,249095.844,6.274,68.000
0.052,0.004,0.012,18.614,261125.000,6.480,68.000
0.050,0.001,0.011,22.315,235798.031,5.205,68.000
0.051,0.010,0.012,21.420,234488.375,8.304,68.000
0.049,0.020,0.012,21.056,256980.469,8.312,68.000
0.040,0.001,0.011,21.821,120439.383,0.929,68.000
0.049,0.014,0.011,22.258,225934.156,9.011,68.000
0.051,0.017,0.012,22.527,228693.375,7.826,68.000
0.056,0.001,0.014,22.531,201082.219,2.505,68.000
0.049,0.000,0.021,21.684,-82751.047,1.241,68.000
0.050,0.012,0.011,21.464,258826.156,7.896,68.000
0.060,0.001,0.014,18.182,208595.094,1.434,68.000
0.047,0.001,0.003,23.107,107323.695,0.622,68.000
0.051,0.007,0.014,19.196,205523.719,5.892,68.000
0.098,0.011,0.011,17.091,218420.344,7.858,68.000
0.046,0.001,0.011,21.238,199291.125,5.007,68.000
0.051,0.009,0.011,21.070,256021.625,8.551,68.000
0.049,0.007,0.013,20.491,224435.094,7.534,68.000
0.056,0.001,0.006,23.296,94563.836,2.494,68.000
0.042,0.000,0.013,24.438,28784.430,-1.441,68.000
0.047,0.000,0.011,28.834,-44283.176,-1.846,68.000
0.049,0.008,0.013,20.735,223666.312,7.298,68.000
0.044,0.001,0.012,21.679,192987.500,4.057,68.000
0.050,0.023,0.011,20.569,256546.281,5.645,68.000
0.048,0.001,0.022,20.470,117537.086,1.408,68.000
0.055,0.001,0.005,21.836,143655.438,3.005,68.000
0.000,0.012,0.011,25.856,-38557.117,15.194,68.000
0.051,0.015,0.013,22.223,236309.438,8.062,68.000
0.054,0.000,0.016,27.103,28019.055,-1.048,68.000
0.051,0.005,0.013,18.686,238978.938,6.914,68.000
0.049,0.023,0.013,20.885,273728.281,8.534,68.000
0.046,0.002,0.006,20.775,214121.156,2.844,68.000
0.052,0.013,0.010,21.367,251981.281,7.690,68.000
0.050,0.009,0.014,19.935,236429.188,6.882,68.000
0.047,0.001,0.016,22.680,264535.156,4.423,68.000
0.045,0.001,0.018,25.090,108491.227,0.645,68.000
0.056,0.002,0.014,22.477,222191.875,2.794,68.000
0.050,0.006,0.011,20.542,264494.594,7.583,68.000
0.048,0.018,0.013,21.986,235952.750,9.479,68.000
0.044,0.001,0.014,22.459,194873.344,4.029,68.000
0.049,0.015,0.014,19.224,258488.375,8.245,68.000
0.047,0.001,0.006,23.925,117928.680,1.162,68.000
0.050,0.016,0.013,21.834,238287.438,8.640,68.000
0.042,0.001,0.010,22.925,66453.398,0.506,68.000
0.048,0.001,0.005,24.202,99790.945,1.040,68.000
0.051,0.001,0.012,26.169,182921.125,3.940,68.000
0.052,0.007,0.011,19.558,258350.094,7.999,68.000
0.047,0.000,0.014,30.829,-16968.508,0.595,68.000
0.050,0.011,0.011,21.578,252522.406,8.148,68.000
0.054,0.001,0.011,21.938,258878.812,4.413,68.000
0.051,0.004,0.013,18.466,254257.312,6.751,68.000
0.049,0.019,0.014,18.484,282008.906,9.188,68.000
0.048,0.001,0.009,22.157,168486.312,3.027,68.000
0.042,0.001,0.013,20.404,205085.969,3.170,68.000
0.040,0.001,0.011,19.485,167176.719,2.144,68.000
0.056,0.001,0.016,21.500,218456.781,2.841,68.000
0.058,0.001,0.015,20.339,183246.969,2.760,68.000
0.058,0.000,0.006,22.780,-81789.711,2.831,68.000
0.050,0.005,0.010,18.745,283624.438,5.894,68.000
0.050,0.016,0.012,22.237,218042.875,8.249,68.000
0.051,0.006,0.012,19.473,261964.750,7.669,68.000
0.049,0.016,0.011,22.301,215691.562,8.348,68.000
0.052,0.015,0.012,22.155,226046.344,7.580,68.000
0.002,0.014,0.012,20.383,197530.500,7.753,68.000
0.049,0.027,0.012,22.299,266733.500,7.365,68.000
0.048,0.000,0.002,23.819,-20833.711,-0.530,68.000
0.051,0.015,0.013,21.729,241935.219,8.202,68.000
0.056,0.001,0.009,25.457,14550.836,1.360,68.000
0.052,0.015,0.012,21.793,226600.531,7.664,68.000
0.047,0.001,0.009,24.063,93298.055,1.229,68.000
0.046,0.002,0.013,21.711,215634.094,5.616,68.000
0.051,0.022,0.011,21.509,242303.938,5.054,68.000
0.055,0.000,0.010,24.050,-39871.871,0.737,68.000
0.047,0.000,0.022,23.281,26457.000,-0.004,68.000
0.052,0.013,0.011,20.619,234037.531,8.377,68.000
0.052,0.001,0.020,24.180,18969.445,0.712,68.000
0.099,0.013,0.012,22.643,178358.375,6.392,68.000
0.050,0.001,0.006,22.640,168961.625,2.455,68.000
0.052,0.003,0.010,18.424,286974.406,6.064,68.000
0.049,0.005,0.012,20.499,239475.156,6.403,68.000
0.048,0.001,0.014,23.025,234198.344,4.895,68.000
0.049,0.009,0.011,22.217,238899.844,8.174,68.000
0.043,0.001,0.015,19.383,243030.406,3.989,68.000
0.051,0.003,0.012,19.889,255970.688,6.287,68.000
0.042,0.001,0.013,26.772,-7659.453,-1.749,68.000
0.044,0.001,0.012,20.197,224943.500,5.344,68.000
0.050,0.001,0.006,21.390,180326.062,2.959,68.000
0.048,0.005,0.012,20.835,221910.062,5.920,68.000
0.054,0.001,0.019,23.521,96931.742,1.060,68.000
0.052,0.024,0.010,20.538,257115.031,4.406,68.000
0.053,0.001,0.021,22.397,69038.742,0.111,68.000
0.051,0.027,0.012,26.979,206233.219,11.580,68.000
0.052,0.005,0.012,19.002,263381.438,6.493,68.000
0.051,0.006,0.013,19.274,245985.688,7.204,68.000
0.050,0.004,0.012,19.942,240155.469,6.255,68.000
0.053,0.001,0.015,24.305,206408.875,2.470,68.000
0.051,0.018,0.010,22.493,229989.312,6.567,68.000
0.050,0.021,0.011,21.414,253423.250,6.080,68.000
0.056,0.001,0.005,24.446,34983.305,2.250,68.000
0.049,0.005,0.011,20.889,252434.625,6.475,68.000
0.098,0.012,0.013,22.161,175065.781,5.938,68.000
0.051,0.019,0.013,20.946,235422.000,8.632,68.000
0.052,0.027,0.011,25.721,234175.594,5.741,68.000
0.059,0.001,0.009,20.854,156524.281,-0.214,68.000
0.049,0.022,0.012,20.687,265037.000,6.945,68.000
0.044,0.002,0.012,20.890,215199.969,4.941,68.000
0.041,0.001,0.018,20.595,125392.430,1.840,68.000
0.048,0.014,0.011,22.180,227889.844,8.906,68.000
0.048,0.002,0.013,21.643,222820.625,6.195,68.000
0.043,0.001,0.020,19.682,200066.812,3.544,68.000
0.047,0.002,0.013,21.634,206695.281,5.957,68.000
0.056,0.002,0.015,20.984,233120.406,3.086,68.000
0.053,0.001,0.005,24.457,84689.789,1.630,68.000
0.051,0.000,0.015,30.521,8269.148,-0.294,68.000
0.048,0.012,0.011,21.998,240476.094,8.615,68.000
0.058,0.000,0.017,18.666,-23297.086,3.015,68.000
0.045,0.001,0.020,20.467,211138.062,3.474,68.000
0.052,0.001,0.014,28.264,111036.305,1.980,68.000
0.049,0.020,0.014,18.080,276613.125,9.345,68.000
0.052,0.001,0.014,30.693,-1197.953,0.240,68.000
0.049,0.003,0.012,20.717,253960.656,6.343,68.000
0.040,0.000,0.010,22.332,-60379.797,2.141,68.000
0.049,0.007,0.014,19.004,225470.938,6.724,68.000
0.056,0.001,0.009,22.486,214994.438,2.090,68.000
0.057,0.001,0.008,21.491,193574.281,2.260,68.000
0.041,0.001,0.017,19.341,171610.938,3.377,68.000
0.051,0.012,0.010,20.593,285040.250,7.305,68.000
0.049,0.010,0.014,19.861,240974.281,6.257,68.000
0.048,0.009,0.014,19.179,234057.812,5.994,68.000
0.048,0.005,0.011,19.865,248766.281,6.014,68.000
0.061,0.001,0.010,19.239,194625.656,0.504,68.000
0.056,0.000,0.018,21.536,58558.930,0.494,68.000
0.059,0.000,0.011,19.749,-142.273,2.861,68.000
0.051,0.016,0.012,22.482,222941.812,7.881,68.000
0.047,0.000,0.006,24.806,30996.898,-0.973,68.000
0.049,0.000,0.015,30.937,-5901.914,-1.493,68.000
0.050,0.005,0.013,17.665,226620.031,6.594,68.000
0.052,0.002,0.011,19.944,273460.906,5.564,68.000
0.051,0.009,0.011,20.328,263256.750,8.248,68.000
0.048,0.012,0.011,22.288,246641.156,8.320,68.000
0.051,0.018,0.011,22.895,226207.812,7.455,68.000
0.050,0.012,0.012,21.776,238789.625,8.421,68.000
0.051,0.005,0.012,19.361,260191.312,6.593,68.000
0.048,0.002,0.010,19.621,247562.812,5.202,68.000
0.049,0.022,0.012,20.494,271646.688,8.262,68.000
0.053,0.001,0.003,24.647,29774.539,1.106,68.000
0.048,0.023,0.013,20.202,291176.688,9.060,68.000
0.049,0.023,0.012,20.042,277912.844,6.789,68.000
0.050,0.007,0.010,18.971,272439.688,6.650,68.000
0.051,0.011,0.014,18.803,230495.000,6.539,68.000
0.051,0.000,0.019,23.251,30903.867,-0.839,68.000
0.048,0.001,0.021,21.197,195320.875,2.836,68.000
0.048,0.023,0.013,20.084,293033.438,8.454,68.000
0.050,0.008,0.015,19.045,216947.781,5.924,68.000
0.045,0.001,0.006,23.192,150273.031,1.331,68.000
0.049,0.020,0.012,20.468,263996.125,9.078,68.000
0.052,0.001,0.003,22.433,127752.102,2.538,68.000
0.050,0.001,0.006,24.265,119249.258,1.232,68.000
0.046,0.000,0.007,20.214,51602.992,-0.954,68.000
0.053,0.001,0.016,22.408,265527.938,3.832,68.000
0.052,0.005,0.012,18.841,261677.719,6.725,68.000
0.051,0.000,0.016,26.536,14545.727,1.986,68.000
0.055,0.000,0.015,27.306,-44316.996,-0.671,68.000
0.048,0.026,0.011,18.894,285690.500,6.232,68.000
0.003,0.010,0.012,21.245,168288.156,6.208,68.000
0.050,0.025,0.011,20.386,273826.531,5.866,68.000
0.050,0.000,0.009,29.473,-96959.453,0.044,68.000
0.051,0.001,0.003,22.358,137423.844,2.442,68.000
0.059,0.001,0.012,24.230,81231.227,1.349,68.000
0.050,0.009,0.010,20.437,283182.594,7.120,68.000
0.049,0.001,0.019,22.356,216207.000,3.329,68.000
0.053,0.000,0.006,23.281,-7659.008,1.060,68.000
0.053,0.000,0.003,23.621,-33658.039,1.009,68.000
0.048,0.023,0.010,18.834,287528.781,6.150,68.000
0.050,0.008,0.011,21.481,256184.906,8.445,68.000
0.049,0.014,0.014,19.307,249977.938,8.031,68.000
0.045,0.001,0.003,24.392,-15450.531,-2.045,68.000
0.050,0.016,0.010,21.851,216763.250,7.817,68.000
0.051,0.002,0.011,19.473,276552.719,6.096,68.000
0.048,0.004,0.010,19.424,266530.812,5.637,68.000
0.040,0.001,0.014,19.033,122398.898,2.343,68.000
0.051,0.004,0.013,18.162,248938.656,6.779,68.000
0.057,0.001,0.005,22.382,123746.211,3.596,68.000
0.048,0.009,0.013,21.677,222421.219,6.687,68.000
0.055,0.001,0.015,23.532,181228.250,2.029,68.000
0.046,0.000,0.017,27.989,52619.039,0.356,68.000
0.052,0.024,0.011,22.126,238974.188,6.475,68.000
0.045,0.001,0.012,27.725,40651.305,0.400,68.000
0.043,0.000,0.020,21.719,47209.383,-0.143,68.000
0.050,0.001,0.019,23.572,166946.156,2.051,68.000
0.060,0.000,0.009,20.156,14127.500,3.851,68.000
0.051,0.004,0.011,18.420,287405.781,6.298,68.000
0.051,0.002,0.010,19.392,273936.938,5.997,68.000
0.043,0.001,0.005,21.578,207788.031,2.150,68.000
0.051,0.005,0.010,18.374,291879.500,5.679,68.000
0.051,0.002,0.013,19.719,251099.906,5.442,68.000
0.059,0.000,0.012,20.110,-55999.074,1.857,68.000
0.056,0.001,0.011,21.587,240042.500,2.800,68.000
0.051,0.025,0.014,21.666,267723.250,9.418,68.000
0.051,0.020,0.013,19.872,252019.594,8.933,68.000
0.045,0.000,0.011,26.395,19886.766,0.204,68.000
0.099,0.011,0.012,19.771,203801.594,5.632,68.000
0.051,0.007,0.009,18.760,280258.781,6.561,68.000
0.049,0.016,0.014,20.275,251696.219,8.545,68.000
0.052,0.007,0.013,18.681,240639.188,6.969,68.000
0.058,0.001,0.006,25.042,-30132.664,2.749,68.000
0.050,0.019,0.012,21.277,244909.438,8.885,68.000
0.055,0.002,0.017,21.578,230052.562,3.136,68.000
0.048,0.022,0.012,19.732,271807.250,7.908,68.000
0.051,0.011,0.011,21.149,247823.969,8.183,68.000
0.051,0.023,0.012,21.952,254183.281,7.562,68.000
0.043,0.001,0.009,21.026,133229.188,1.414,68.000
0.051,0.026,0.011,22.061,251976.250,6.626,68.000
0.050,0.023,0.012,21.352,262342.625,8.153,68.000
0.048,0.000,0.002,20.955,-31229.445,-0.041,68.000
0.047,0.001,0.002,23.237,65640.555,0.061,68.000
0.048,0.002,0.017,21.470,274627.312,4.176,68.000
0.051,0.016,0.010,21.641,226203.906,7.649,68.000
0.052,0.000,0.003,21.174,-43976.586,0.787,68.000
0.049,0.026,0.011,20.118,289211.781,6.082,68.000
0.052,0.013,0.013,21.069,232722.656,8.582,68.000
0.049,0.002,0.018,21.594,266793.250,3.971,68.000
0.001,0.013,0.011,19.526,216234.656,6.812,68.000
0.053,0.001,0.018,24.435,159646.500,2.003,68.000
0.049,0.001,0.020,21.989,182931.500,2.784,68.000
0.050,0.015,0.013,21.516,244852.875,8.382,68.000
0.052,0.000,0.007,23.729,37760.789,-0.364,68.000
0.052,0.022,0.011,22.406,233196.406,5.381,68.000
0.049,0.013,0.013,20.186,237195.562,7.443,68.000
0.100,0.012,0.011,17.276,105286.180,9.643,68.000
0.050,0.005,0.012,19.890,251613.406,7.082,68.000
0.055,0.000,0.015,28.101,-96487.016,-0.795,68.000
0.048,0.001,0.005,22.208,184821.469,2.768,68.000
0.050,0.005,0.010,18.870,285781.594,5.734,68.000
0.046,0.001,0.004,21.579,176731.719,1.467,68.000
0.054,0.001,0.003,22.280,105539.195,2.539,68.000
0.042,0.000,0.009,20.126,23405.195,-0.087,68.000
0.050,0.016,0.013,22.383,233937.469,8.437,68.000
0.047,0.001,0.008,19.704,213169.688,2.931,68.000
0.042,0.000,0.011,24.581,-13188.508,-1.005,68.000
0.050,0.006,0.013,19.232,239294.094,7.269,68.000
0.049,0.017,0.013,22.787,228105.125,9.126,68.000
0.051,0.008,0.010,19.972,274023.594,7.235,68.000
0.049,0.000,0.022,23.968,-35698.648,0.444,68.000
0.049,0.007,0.014,18.920,223191.031,6.431,68.000
0.051,0.009,0.015,19.312,214330.312,5.979,68.000
0.047,0.002,0.012,21.328,224868.188,6.060,68.000
0.059,0.001,0.014,18.540,198687.125,1.898,68.000
0.048,0.020,0.012,20.266,262027.469,8.825,68.000
0.042,0.001,0.017,22.077,47987.180,-0.631,68.000
0.049,0.000,0.018,23.986,55595.602,1.398,68.000
0.051,0.024,0.010,19.608,277597.750,4.587,68.000
0.055,0.001,0.009,23.837,185644.094,1.838,68.000
0.051,0.000,0.020,24.053,15592.555,0.109,68.000
0.049,0.010,0.011,22.092,243516.312,8.311,68.000
0.054,0.000,0.006,22.559,-25132.641,1.067,68.000
0.056,0.001,0.014,25.728,69032.461,1.135,68.000
0.052,0.001,0.010,28.791,52814.195,1.135,68.000
0.050,0.025,0.013,21.618,273697.594,8.280,68.000
0.050,0.001,0.021,22.490,115416.273,1.263,68.000
0.001,0.013,0.011,19.101,212590.844,7.196,68.000
0.051,0.015,0.014,19.669,273659.812,7.991,68.000
0.041,0.001,0.013,20.107,194980.844,2.918,68.000
0.051,0.027,0.010,20.609,238599.812,5.772,68.000
0.046,0.001,0.006,20.875,211100.844,2.687,68.000
0.048,0.012,0.013,20.437,239517.438,7.138,68.000
0.049,0.018,0.010,21.670,226255.938,7.071,68.000
0.045,0.000,0.020,23.053,84866.648,1.655,68.000
0.051,0.016,0.010,21.899,229694.250,7.226,68.000
0.051,0.012,0.012,21.278,233455.969,8.882,68.000
0.046,0.000,0.012,34.161,-25213.406,0.117,68.000
0.049,0.010,0.012,21.724,223787.188,7.375,68.000
0.053,0.000,0.022,23.270,-61347.910,-0.103,68.000
0.051,0.007,0.014,19.628,216326.219,6.467,68.000
0.049,0.025,0.011,19.656,272816.156,5.632,68.000
0.047,0.001,0.020,21.736,215257.844,3.353,68.000
0.051,0.000,0.017,28.798,-43041.641,-0.763,68.000
0.048,0.002,0.006,20.617,205106.094,2.919,68.000
0.045,0.001,0.021,21.376,119992.461,1.410,68.000
0.047,0.001,0.005,23.836,117920.695,1.073,68.000
0.051,0.004,0.011,18.844,283814.562,6.791,68.000
0.056,0.001,0.009,23.499,178743.406,1.318,68.000
0.051,0.008,0.012,20.830,251043.344,8.379,68.000
0.050,0.016,0.014,19.953,264351.312,8.039,68.000
0.050,0.001,0.009,23.867,151283.500,2.764,68.000
0.048,0.008,0.011,21.404,245366.969,7.606,68.000
0.051,0.000,0.009,28.166,-35435.039,1.529,68.000
0.059,0.000,0.012,19.893,-55501.320,2.012,68.000
0.049,0.027,0.011,29.136,123871.461,11.591,68.000
0.002,0.013,0.011,17.936,243714.188,5.842,68.000
0.053,0.001,0.017,22.300,268526.750,3.862,68.000
0.047,0.001,0.017,27.943,66482.805,-0.141,68.000
0.051,0.002,0.013,19.538,245631.781,5.720,68.000
0.046,0.002,0.016,21.899,261841.250,4.659,68.000
0.049,0.001,0.012,23.406,208377.844,4.981,68.000
0.046,0.001,0.015,21.910,238361.781,4.703,68.000
0.052,0.014,0.013,21.456,243179.250,8.091,68.000
0.050,0.002,0.017,22.027,277612.906,4.122,68.000
0.051,0.022,0.013,21.392,234283.188,9.149,68.000
0.056,0.001,0.015,22.567,174657.719,2.016,68.000
0.046,0.000,0.010,29.671,-96141.195,-1.527,68.000
0.048,0.001,0.020,21.727,110622.711,1.492,68.000
0.050,0.026,0.012,22.158,278669.125,7.920,68.000
0.041,0.000,0.017,22.987,-7492.367,-1.032,68.000
0.055,0.001,0.010,23.959,189156.562,2.543,68.000
0.051,0.000,0.019,25.947,12855.414,0.547,68.000
0.052,0.015,0.012,22.667,222225.688,7.693,68.000
0.044,0.000,0.018,23.685,-3715.984,1.012,68.000
0.051,0.027,0.013,27.493,147888.281,11.242,68.000
0.050,0.009,0.012,21.752,233451.531,8.211,68.000
0.050,0.022,0.010,20.227,268900.375,5.517,68.000
0.045,0.001,0.007,24.728,52470.602,-0.150,68.000
0.097,0.012,0.011,17.456,211197.000,8.405,68.000
0.045,0.002,0.015,20.865,222517.031,4.799,68.000
0.098,0.010,0.012,17.680,215334.906,7.403,68.000
0.048,0.001,0.005,22.697,169882.125,2.151,68.000
0.049,0.016,0.011,22.270,211598.469,8.308,68.000
0.054,0.000,0.011,28.464,11864.031,4.011,68.000
0.099,0.013,0.010,17.694,208294.656,8.917,68.000
0.051,0.024,0.011,21.231,252561.719,5.597,68.000
0.052,0.020,0.012,22.501,222611.250,7.404,68.000
0.055,0.001,0.018,22.390,167952.562,2.078,68.000
0.060,0.001,0.010,20.849,93191.305,1.238,68.000
0.057,0.001,0.004,21.994,113949.055,3.893,68.000
0.050,0.013,0.010,21.701,264018.625,7.451,68.000
0.046,0.001,0.009,21.339,156543.312,2.848,68.000
0.051,0.012,0.013,21.227,232346.688,8.884,68.000
0.052,0.027,0.013,26.697,180709.781,12.780,68.000
0.052,0.001,0.008,22.536,201259.438,2.517,68.000
0.049,0.015,0.012,22.101,220735.375,8.839,68.000
0.052,0.002,0.015,21.944,254028.812,4.146,68.000
0.052,0.007,0.014,19.050,213806.031,6.212,68.000
0.060,0.000,0.014,19.150,-7571.680,0.412,68.000
0.051,0.004,0.010,18.503,289812.781,6.065,68.000
0.053,0.000,0.019,22.167,-4017.664,1.398,68.000
0.048,0.001,0.013,29.186,71256.164,1.152,68.000
0.002,0.012,0.012,20.825,174181.406,7.343,68.000
0.057,0.001,0.015,21.389,205379.438,2.713,68.000
0.097,0.013,0.012,19.947,199196.625,7.769,68.000
0.047,0.000,0.014,28.689,12535.906,0.751,68.000
0.098,0.011,0.012,18.030,212821.281,7.530,68.000
0.050,0.006,0.014,18.023,213925.312,6.200,68.000
0.050,0.002,0.009,19.798,257817.438,5.162,68.000
0.048,0.010,0.011,22.290,239276.031,8.106,68.000
0.055,0.000,0.005,23.242,-111072.898,1.446,68.000
0.049,0.001,0.014,26.184,174011.969,3.052,68.000
0.050,0.027,0.013,25.098,169991.844,9.264,68.000
0.041,0.001,0.011,20.161,159972.219,2.574,68.000
0.050,0.001,0.012,30.349,67262.461,1.471,68.000
0.048,0.001,0.005,22.812,168349.531,2.165,68.000
0.049,0.001,0.022,22.261,131492.906,1.102,68.000
0.052,0.027,0.013,26.849,109326.211,11.843,68.000
0.049,0.016,0.012,22.143,222093.250,8.517,68.000
0.048,0.010,0.013,20.661,232648.406,6.091,68.000
0.044,0.000,0.009,25.696,-69708.000,1.923,68.000
0.059,0.000,0.008,21.670,-37810.797,2.806,68.000
0.044,0.000,0.008,23.329,-68514.266,-2.055,68.000
0.051,0.010,0.015,18.740,226004.844,6.141,68.000
0.051,0.001,0.015,27.338,138130.969,2.257,68.000
0.047,0.000,0.004,21.619,-42981.945,-0.541,68.000
0.052,0.001,0.002,24.661,-21695.602,0.026,68.000
0.041,0.000,0.007,22.925,65811.305,-0.038,68.000
0.047,0.002,0.011,19.557,254030.469,6.167,68.000
0.050,0.020,0.010,21.223,258668.719,6.164,68.000
0.044,0.001,0.006,22.276,179338.000,1.769,68.000
0.053,0.001,0.017,22.108,250498.844,3.400,68.000
0.051,0.008,0.014,19.699,227979.688,6.718,68.000
0.054,0.001,0.009,25.727,84788.445,1.473,68.000
0.051,0.000,0.022,23.315,-9723.344,0.157,68.000
0.052,0.007,0.011,19.723,262942.969,8.165,68.000
0.053,0.002,0.011,21.651,267746.469,4.890,68.000
0.051,0.000,0.015,30.022,45497.195,-0.015,68.000
0.048,0.007,0.011,19.707,251606.125,6.910,68.000
0.050,0.023,0.013,21.421,260998.188,8.577,68.000
0.048,0.001,0.019,25.150,89380.492,0.439,68.000
0.049,0.014,0.011,22.381,217500.094,8.338,68.000
0.051,0.014,0.010,21.284,241169.062,7.634,68.000
0.048,0.010,0.011,22.132,243833.844,7.859,68.000
0.057,0.002,0.013,22.309,248663.281,3.091,68.000
0.000,0.012,0.012,21.020,118516.773,8.187,68.000
0.051,0.012,0.014,19.159,234486.719,7.506,68.000
0.100,0.013,0.013,19.251,38075.258,9.298,68.000
0.050,0.027,0.010,18.998,270580.219,5.523,68.000
0.046,0.000,0.015,29.433,7269.602,-0.802,68.000
0.051,0.016,0.012,22.598,225550.250,7.746,68.000
0.041,0.001,0.006,21.119,194466.344,1.994,68.000
0.050,0.008,0.011,20.627,260774.188,8.140,68.000
0.049,0.003,0.014,18.125,223277.844,5.993,68.000
0.048,0.004,0.011,20.860,243117.000,6.231,68.000
0.053,0.000,0.021,22.859,-52770.500,-0.664,68.000
0.049,0.000,0.007,20.959,-18339.398,0.640,68.000
0.055,0.001,0.010,25.825,106629.633,1.136,68.000
0.045,0.001,0.012,29.166,20691.977,0.158,68.000
0.052,0.000,0.013,29.503,-46188.391,-0.876,68.000
0.001,0.011,0.013,21.532,74331.992,7.578,68.000
0.057,0.000,0.020,22.356,15936.164,1.007,68.000
0.002,0.012,0.013,21.156,134750.250,7.463,68.000
0.052,0.014,0.012,21.160,224321.250,8.333,68.000
0.048,0.001,0.005,22.572,171202.281,2.314,68.000
0.053,0.001,0.009,24.980,160580.406,2.249,68.000
0.049,0.010,0.014,19.731,238617.031,6.042,68.000
0.049,0.024,0.011,18.893,279324.969,5.978,68.000
0.044,0.001,0.011,21.447,171666.281,3.779,68.000
0.052,0.000,0.014,30.444,-107038.922,0.157,68.000
0.048,0.012,0.010,22.545,245864.031,7.939,68.000
0.050,0.009,0.013,20.713,231398.438,7.502,68.000
0.049,0.000,0.015,28.802,32328.117,1.622,68.000
0.044,0.001,0.013,21.447,212279.344,4.793,68.000
0.052,0.001,0.017,25.671,113666.117,1.163,68.000
0.052,0.000,0.019,25.447,-25692.281,-0.257,68.000
0.057,0.001,0.013,23.512,207486.344,2.309,68.000
0.051,0.008,0.010,19.927,280977.281,7.112,68.000
0.099,0.012,0.012,20.722,194212.531,6.917,68.000
0.056,0.001,0.013,22.273,259328.719,3.444,68.000
0.049,0.005,0.013,19.934,215773.781,6.439,68.000
0.049,0.001,0.010,26.476,65845.852,1.716,68.000
0.046,0.001,0.013,24.108,196948.906,4.491,68.000
0.049,0.026,0.013,21.904,284947.969,8.184,68.000
0.049,0.026,0.011,19.092,282883.312,6.007,68.000
0.055,0.000,0.002,23.832,-92169.602,0.411,68.000
0.040,0.001,0.013,21.092,156382.125,1.929,68.000
0.001,0.011,0.011,18.576,225650.625,5.261,68.000
0.050,0.005,0.013,19.065,240358.719,6.897,68.000
0.051,0.005,0.011,18.459,287897.969,6.441,68.000
0.041,0.001,0.017,19.196,163981.875,3.359,68.000
0.049,0.009,0.011,21.743,246419.531,8.001,68.000
0.044,0.000,0.018,24.386,74789.211,-0.058,68.000
0.048,0.027,0.012,26.687,150278.250,8.815,68.000
0.003,0.012,0.012,20.299,186653.969,7.055,68.000
0.044,0.001,0.006,24.803,43915.789,-0.125,68.000
0.048,0.012,0.013,20.163,236646.312,6.794,68.000
0.048,0.010,0.010,22.547,264417.875,7.577,68.000
0.049,0.026,0.012,22.143,270074.344,6.847,68.000
0.053,0.001,0.006,21.607,176973.844,2.529,68.000
0.098,0.012,0.013,22.417,176141.188,5.835,68.000
0.050,0.009,0.010,20.812,266476.312,7.945,68.000
0.050,0.014,0.010,22.447,222485.406,8.123,68.000
0.049,0.015,0.010,22.210,214829.250,8.216,68.000
0.048,0.018,0.011,21.276,239145.250,8.060,68.000
0.047,0.000,0.019,26.687,35145.336,-0.329,68.000
0.050,0.010,0.010,21.300,290096.344,7.111,68.000
0.099,0.011,0.012,20.226,198891.844,6.275,68.000
0.055,0.000,0.006,23.479,1888.602,1.974,68.000
0.042,0.001,0.006,22.611,177826.688,1.496,68.000
0.056,0.001,0.017,22.104,179949.688,2.171,68.000
0.098,0.013,0.013,22.085,177743.406,6.660,68.000
0.050,0.025,0.012,22.085,273191.062,7.760,68.000
0.049,0.001,0.008,20.902,215280.188,2.739,68.000
0.052,0.000,0.018,26.623,32297.133,-0.086,68.000
0.048,0.001,0.002,23.467,61914.070,0.238,68.000
0.050,0.024,0.010,19.263,280947.844,4.916,68.000
0.047,0.000,0.019,25.052,94387.164,0.845,68.000
0.052,0.026,0.011,22.602,243898.406,7.042,68.000
0.051,0.003,0.015,18.680,239115.812,5.007,68.000
0.057,0.000,0.014,23.451,18719.234,-1.449,68.000
0.050,0.023,0.012,20.946,268582.656,7.081,68.000
0.048,0.001,0.018,24.001,206027.594,3.271,68.000
0.048,0.000,0.017,26.614,35163.133,-0.355,68.000
0.042,0.000,0.010,21.867,-25907.461,-0.531,68.000
0.053,0.002,0.014,22.502,242336.281,3.901,68.000
0.052,0.007,0.012,19.418,251016.812,7.856,68.000
0.059,0.001,0.015,18.302,166724.031,1.565,68.000
0.049,0.001,0.011,22.013,197495.406,4.938,68.000
0.043,0.000,0.007,23.911,24736.305,-0.865,68.000
0.047,0.000,0.012,32.109,-23841.547,0.171,68.000
0.051,0.000,0.020,21.541,47223.820,1.484,68.000
0.056,0.002,0.017,20.786,237797.031,3.091,68.000
0.055,0.002,0.011,21.633,258719.125,4.015,68.000
0.051,0.011,0.012,21.404,234452.562,8.389,68.000
0.048,0.013,0.010,22.548,239947.812,8.037,68.000
0.044,0.001,0.003,21.926,180706.875,0.988,68.000
0.048,0.026,0.013,21.063,298435.031,8.864,68.000
0.048,0.011,0.012,21.431,230758.094,7.153,68.000
0.058,0.001,0.018,20.932,151846.062,0.890,68.000
0.042,0.001,0.005,21.642,208158.812,2.193,68.000
0.052,0.003,0.012,19.343,274603.312,6.229,68.000
0.049,0.024,0.011,19.608,279308.625,6.157,68.000
0.051,0.014,0.010,21.803,233463.125,7.937,68.000
0.052,0.000,0.008,24.122,34729.867,-0.959,68.000
0.051,0.001,0.017,24.231,201890.969,2.726,68.000
0.052,0.007,0.012,19.208,250908.719,7.637,68.000
0.054,0.001,0.006,22.517,153479.219,2.306,68.000
0.055,0.000,0.008,22.154,43935.086,3.072,68.000
0.048,0.015,0.012,21.912,223707.156,9.237,68.000
0.048,0.017,0.012,22.650,221461.688,8.472,68.000
0.058,0.001,0.006,21.601,159529.188,3.140,68.000
0.051,0.025,0.014,21.765,267293.781,9.364,68.000
0.057,0.000,0.016,24.067,29348.367,-0.140,68.000
0.051,0.013,0.011,21.652,239832.781,8.070,68.000
0.049,0.013,0.014,19.252,243728.719,7.465,68.000
0.048,0.024,0.012,19.513,286819.781,6.647,68.000
0.043,0.001,0.010,21.684,115318.789,2.012,68.000
0.048,0.021,0.012,20.272,265301.094,8.569,68.000
0.052,0.004,0.013,18.130,253178.125,6.455,68.000
0.048,0.001,0.017,25.627,121717.898,0.864,68.000
0.053,0.001,0.004,23.732,112594.680,2.255,68.000
0.056,0.000,0.014,23.543,18947.414,1.670,68.000
0.052,0.024,0.013,22.330,241792.875,9.327,68.000
0.049,0.006,0.010,18.874,278294.688,5.623,68.000
0.039,0.001,0.015,16.091,185289.750,4.134,68.000
0.050,0.005,0.012,19.454,240894.531,6.637,68.000
0.051,0.009,0.010,19.819,275198.969,7.584,68.000
0.051,0.020,0.012,22.330,220705.594,7.721,68.000
0.049,0.003,0.011,19.696,261369.969,6.026,68.000
0.051,0.025,0.014,22.433,266817.781,9.345,68.000
0.050,0.012,0.013,20.590,233657.750,7.847,68.000
0.051,0.014,0.012,21.089,230949.500,8.676,68.000
0.049,0.014,0.013,21.153,248211.312,8.291,68.000
0.050,0.018,0.012,22.505,228323.938,8.138,68.000
0.051,0.012,0.010,21.213,262948.250,7.732,68.000
0.049,0.018,0.011,21.931,228788.469,7.812,68.000
0.048,0.007,0.010,19.136,255968.031,6.447,68.000
0.053,0.001,0.018,22.489,239034.219,3.449,68.000
0.051,0.001,0.017,22.689,274211.281,4.399,68.000
0.050,0.006,0.012,20.474,253403.312,7.786,68.000
0.046,0.002,0.012,20.554,231308.375,6.127,68.000
0.002,0.011,0.011,18.670,232184.938,5.011,68.000
0.050,0.021,0.012,21.654,245406.188,7.392,68.000
0.056,0.000,0.021,19.252,-20835.875,2.595,68.000
0.052,0.001,0.020,21.551,183430.094,2.407,68.000
0.050,0.011,0.010,21.730,288001.906,7.110,68.000
0.045,0.001,0.013,29.721,-7815.859,-0.448,68.000
0.051,0.018,0.013,20.532,252367.281,8.409,68.000
0.048,0.005,0.014,17.352,206918.500,5.971,68.000
0.049,0.024,0.012,20.758,293208.719,6.970,68.000
0.040,0.000,0.014,22.485,9419.172,1.996,68.000
0.002,0.013,0.013,21.026,151818.375,7.991,68.000
0.051,0.025,0.013,22.489,259918.406,8.553,68.000
0.044,0.002,0.007,19.617,210639.906,2.448,68.000
0.045,0.001,0.016,21.450,249304.156,3.907,68.000
0.051,0.023,0.013,21.704,245995.688,9.389,68.000
0.045,0.001,0.005,23.460,138344.688,0.928,68.000
0.048,0.022,0.011,19.511,274617.594,7.126,68.000
0.047,0.000,0.014,29.195,586.797,1.099,68.000
0.048,0.001,0.022,20.430,169779.406,2.347,68.000
0.045,0.002,0.011,20.001,239235.875,6.118,68.000
0.046,0.001,0.013,22.525,213754.250,5.154,68.000
0.050,0.012,0.012,21.514,238104.719,8.522,68.000
0.050,0.010,0.010,21.436,268799.031,7.703,68.000
0.050,0.011,0.009,21.370,293643.688,7.005,68.000
0.049,0.005,0.013,17.919,215225.938,6.445,68.000
0.050,0.000,0.021,21.464,-10885.469,2.492,68.000
0.050,0.020,0.010,21.131,261205.438,6.247,68.000
0.048,0.026,0.011,19.838,282316.906,5.851,68.000
0.052,0.006,0.013,18.676,244456.469,7.251,68.000
0.048,0.007,0.013,20.212,213107.375,6.839,68.000
0.050,0.027,0.010,19.621,268647.281,5.695,68.000
0.049,0.013,0.013,20.967,242492.906,8.353,68.000
0.047,0.000,0.015,29.507,5243.484,0.754,68.000
0.052,0.000,0.005,23.898,-30719.141,0.366,68.000
0.050,0.012,0.014,18.753,237027.625,7.032,68.000
0.045,0.001,0.015,20.934,237631.344,4.057,68.000
0.049,0.012,0.014,18.985,235825.531,6.704,68.000
0.040,0.001,0.015,18.257,144966.438,3.329,68.000
0.049,0.016,0.013,21.639,229393.250,8.795,68.000
0.054,0.001,0.015,22.327,255078.594,3.314,68.000
0.050,0.014,0.011,21.833,229365.812,8.671,68.000
0.050,0.000,0.005,21.891,-26177.758,-0.268,68.000
0.053,0.001,0.013,28.778,92368.992,1.318,68.000
0.050,0.011,0.013,20.363,232104.188,6.501,68.000
0.049,0.000,0.015,31.216,-19373.156,-1.093,68.000
0.059,0.001,0.012,20.931,218439.250,1.388,68.000
0.098,0.013,0.012,20.328,196933.094,8.122,68.000
0.057,0.001,0.005,22.235,140872.281,3.241,68.000
0.055,0.001,0.015,23.302,185077.938,2.093,68.000
0.044,0.001,0.016,21.685,219243.281,3.132,68.000
0.051,0.016,0.011,22.292,222071.781,8.043,68.000
0.049,0.011,0.011,22.297,242424.188,8.270,68.000
0.044,0.000,0.007,20.945,21226.203,-1.045,68.000
0.045,0.001,0.022,20.841,145507.156,1.999,68.000
0.049,0.001,0.016,25.479,189995.156,2.848,68.000
0.043,0.002,0.014,20.024,206895.781,4.661,68.000
0.044,0.001,0.019,22.090,113439.055,1.127,68.000
0.060,0.001,0.015,18.164,166085.812,1.257,68.000
0.042,0.001,0.012,21.084,175379.312,3.246,68.000
0.046,0.002,0.009,19.340,233855.406,4.822,68.000
0.053,0.001,0.017,23.887,202254.531,2.707,68.000
0.057,0.001,0.014,20.719,200891.688,2.852,68.000
0.049,0.014,0.014,18.891,256366.031,7.825,68.000
0.056,0.001,0.005,22.827,126167.273,3.227,68.000
0.055,0.002,0.014,22.663,224537.094,2.853,68.000
0.046,0.001,0.013,24.680,183733.844,4.137,68.000
0.052,0.007,0.011,19.723,260269.625,8.101,68.000
0.052,0.019,0.011,22.931,229677.906,6.520,68.000
0.048,0.022,0.012,19.893,279696.156,8.417,68.000
0.050,0.014,0.011,22.271,220710.375,8.225,68.000
0.051,0.014,0.013,21.199,239241.312,8.606,68.000
0.049,0.001,0.021,23.033,107914.648,0.890,68.000
0.050,0.000,0.005,24.023,-83508.047,-1.226,68.000
0.051,0.027,0.014,26.969,187555.812,7.783,68.000
0.048,0.010,0.012,22.436,229359.000,7.766,68.000
0.051,0.023,0.010,20.143,264856.125,4.731,68.000
0.051,0.026,0.013,23.644,239590.500,8.849,68.000
0.051,0.021,0.011,21.713,240808.750,6.170,68.000
0.049,0.013,0.012,21.438,242448.438,8.598,68.000
0.050,0.023,0.014,20.511,276837.188,9.287,68.000
0.048,0.020,0.011,20.113,264504.531,7.532,68.000
0.046,0.001,0.010,25.442,53410.008,1.647,68.000
0.050,0.000,0.014,30.556,-17051.039,-1.126,68.000
0.054,0.000,0.016,23.623,4161.305,0.108,68.000
0.049,0.018,0.013,19.970,264617.375,9.233,68.000
0.047,0.001,0.018,25.945,118057.664,1.197,68.000
0.043,0.001,0.014,21.362,166583.031,2.188,68.000
0.047,0.001,0.020,22.120,196402.094,2.928,68.000
0.053,0.001,0.016,23.503,223587.344,2.728,68.000
0.049,0.021,0.011,19.784,276612.844,6.670,68.000
0.059,0.000,0.013,21.841,47032.227,0.769,68.000
0.052,0.000,0.003,20.801,-33508.992,-0.747,68.000
0.056,0.001,0.018,21.916,161785.062,1.577,68.000
0.048,0.021,0.013,19.847,274012.688,9.581,68.000
0.050,0.002,0.011,19.734,268368.781,6.015,68.000
0.049,0.000,0.016,29.877,81196.133,-0.102,68.000
0.050,0.004,0.013,17.377,236276.500,6.572,68.000
0.048,0.002,0.006,20.656,200813.156,3.256,68.000
0.048,0.000,0.016,31.142,-34641.797,-1.898,68.000
0.041,0.001,0.015,18.529,172742.750,2.738,68.000
0.051,0.015,0.013,21.843,235185.625,8.224,68.000
0.002,0.012,0.013,21.093,122486.180,7.594,68.000
0.050,0.014,0.012,21.215,237436.875,8.870,68.000
0.055,0.001,0.011,23.311,215931.156,3.010,68.000
0.044,0.001,0.011,19.647,227634.750,5.246,68.000
0.047,0.001,0.012,27.822,82428.133,2.160,68.000
0.048,0.010,0.013,21.009,227618.344,6.065,68.000
0.051,0.001,0.016,27.388,101122.008,1.661,68.000
0.054,0.000,0.005,21.700,299.469,1.117,68.000
0.052,0.011,0.014,19.530,230354.156,6.904,68.000
0.050,0.007,0.012,20.539,257750.156,8.341,68.000
0.052,0.018,0.011,23.051,230756.000,6.541,68.000
0.048,0.014,0.010,22.572,221317.875,8.122,68.000
0.045,0.000,0.021,22.181,1224.672,0.520,68.000
0.053,0.001,0.012,25.493,212035.094,3.298,68.000
0.051,0.011,0.012,21.553,241029.938,8.279,68.000
0.045,0.002,0.015,21.046,240774.438,4.492,68.000
0.044,0.001,0.011,23.256,133636.031,2.967,68.000
0.049,0.010,0.011,21.856,251350.375,8.333,68.000
0.048,0.005,0.013,18.936,205682.188,6.231,68.000
0.049,0.022,0.010,19.541,280492.375,5.888,68.000
0.050,0.015,0.014,19.247,260084.656,8.075,68.000
0.049,0.021,0.013,20.307,265673.281,8.819,68.000
0.051,0.001,0.021,21.200,188191.750,2.741,68.000
0.050,0.004,0.009,18.605,286102.969,5.499,68.000
0.048,0.001,0.004,22.259,167705.469,1.825,68.000
0.052,0.001,0.009,21.613,231892.969,4.243,68.000
0.048,0.001,0.021,21.062,195084.781,2.868,68.000
0.042,0.001,0.015,21.530,135187.875,1.245,68.000
0.044,0.000,0.004,23.208,95123.070,-0.321,68.000
0.060,0.000,0.010,21.309,32667.711,4.262,68.000
0.054,0.001,0.010,25.589,152242.156,2.075,68.000
0.049,0.022,0.014,20.002,277402.219,9.335,68.000
0.048,0.005,0.014,17.818,207038.844,6.381,68.000
0.057,0.001,0.014,21.541,158245.688,2.185,68.000
0.059,0.001,0.007,20.156,182677.094,2.977,68.000
0.048,0.002,0.013,21.222,212261.094,6.214,68.000
0.049,0.016,0.011,22.271,211642.344,8.078,68.000
0.052,0.025,0.013,22.674,246436.125,9.225,68.000
0.049,0.005,0.013,17.437,218882.500,6.482,68.000
0.051,0.021,0.010,21.949,245772.469,5.211,68.000
0.051,0.023,0.013,21.652,253734.438,9.315,68.000
0.056,0.002,0.009,22.060,227957.500,3.016,68.000
0.054,0.000,0.007,23.548,23307.750,0.933,68.000
0.048,0.011,0.011,22.561,254760.469,7.988,68.000
0.042,0.001,0.016,19.523,191895.094,3.090,68.000
0.048,0.001,0.017,21.714,267225.250,4.245,68.000
0.050,0.018,0.014,17.754,271145.125,7.884,68.000
0.053,0.000,0.003,23.816,-73352.977,0.120,68.000
0.052,0.003,0.013,19.475,257486.469,5.103,68.000
0.044,0.002,0.012,20.012,218793.531,4.927,68.000
0.047,0.000,0.011,29.272,5468.266,1.487,68.000
0.046,0.000,0.016,28.870,-16780.234,0.891,68.000
0.049,0.000,0.012,29.627,1219.234,1.686,68.000
0.048,0.001,0.013,22.494,214827.375,5.705,68.000
0.048,0.000,0.007,24.532,37028.477,-1.286,68.000
0.049,0.027,0.011,25.468,250569.875,4.856,68.000
0.054,0.001,0.017,21.763,245788.500,3.296,68.000
0.056,0.001,0.010,22.854,185446.812,1.697,68.000
0.051,0.008,0.012,20.976,246639.688,8.471,68.000
0.048,0.016,0.012,22.130,217537.562,8.772,68.000
0.044,0.000,0.006,22.383,-25299.297,-0.447,68.000
0.042,0.001,0.008,23.919,78932.586,0.404,68.000
0.049,0.001,0.005,25.559,40377.086,0.287,68.000
0.055,0.001,0.013,27.941,101378.445,0.922,68.000
0.053,0.001,0.019,23.514,92599.336,1.042,68.000
0.051,0.010,0.011,21.025,251899.969,8.630,68.000
0.051,0.005,0.011,19.359,272747.875,7.037,68.000
0.060,0.001,0.016,18.954,127913.336,0.874,68.000
0.042,0.001,0.017,21.431,132932.812,1.146,68.000
0.099,0.013,0.013,22.120,182824.812,6.865,68.000
0.047,0.002,0.013,21.652,210603.250,6.065,68.000
0.050,0.017,0.013,21.320,251055.312,8.359,68.000
0.058,0.001,0.015,21.211,141676.156,1.982,68.000
0.050,0.022,0.010,19.913,267315.000,5.085,68.000
0.097,0.012,0.013,21.340,181641.906,6.128,68.000
0.052,0.005,0.013,17.663,242157.500,6.351,68.000
0.050,0.011,0.009,21.201,294734.781,6.976,68.000
0.001,0.012,0.013,20.800,167906.125,7.780,68.000
0.051,0.013,0.011,21.645,243183.875,8.184,68.000
0.051,0.021,0.013,20.496,247318.688,9.268,68.000
0.048,0.004,0.013,19.862,204370.062,5.997,68.000
0.046,0.000,0.019,26.253,89619.133,0.428,68.000
0.059,0.001,0.017,18.780,186846.094,1.349,68.000
0.052,0.001,0.017,25.665,99579.945,0.911,68.000
0.050,0.010,0.011,21.269,260155.375,8.167,68.000
0.049,0.017,0.013,22.260,235743.562,8.994,68.000
0.052,0.021,0.012,21.896,228499.500,8.484,68.000
0.055,0.001,0.004,24.919,-22448.477,1.537,68.000
0.048,0.013,0.011,22.009,234621.562,9.060,68.000
0.046,0.001,0.011,21.921,185107.188,4.549,68.000
0.056,0.000,0.016,24.889,67057.133,-0.285,68.000
0.050,0.020,0.012,20.965,255993.500,9.003,68.000
0.097,0.013,0.012,20.420,196314.562,7.502,68.000
0.050,0.008,0.013,19.844,233137.969,7.095,68.000
0.052,0.025,0.011,22.480,244486.844,6.862,68.000
0.052,0.026,0.013,23.482,248642.156,8.878,68.000
0.042,0.000,0.015,24.573,30899.086,-1.233,68.000
0.049,0.014,0.013,21.347,245707.250,8.589,68.000
0.059,0.001,0.018,18.288,185200.688,1.373,68.000
0.046,0.001,0.021,21.400,177240.531,2.620,68.000
0.050,0.001,0.020,23.238,91105.492,0.705,68.000
0.047,0.001,0.003,22.169,167740.969,1.668,68.000
0.054,0.001,0.004,22.929,102287.789,2.304,68.000
0.052,0.001,0.011,21.766,264851.375,5.322,68.000
0.099,0.013,0.013,22.938,173492.562,6.549,68.000
0.043,0.002,0.015,19.221,210522.125,4.207,68.000
0.049,0.015,0.011,22.278,219621.031,8.710,68.000
0.058,0.000,0.013,20.457,-41338.891,2.403,68.000
0.047,0.002,0.018,21.717,262653.938,4.145,68.000
0.056,0.001,0.005,21.769,154756.969,3.196,68.000
0.053,0.002,0.011,20.293,272769.250,5.554,68.000
0.059,0.001,0.018,18.624,191159.656,1.260,68.000
0.002,0.010,0.012,21.146,166557.375,6.174,68.000
0.052,0.005,0.012,18.743,258837.719,6.475,68.000
0.047,0.000,0.009,32.418,-39894.695,1.479,68.000
0.048,0.000,0.010,31.576,27276.758,1.617,68.000
0.051,0.025,0.012,22.740,256127.062,7.570,68.000
0.045,0.000,0.013,29.596,-68539.891,-3.421,68.000
0.049,0.012,0.011,22.324,248699.125,8.051,68.000
0.058,0.001,0.007,24.763,-22470.039,2.549,68.000
0.052,0.015,0.014,19.700,271857.844,7.945,68.000
0.059,0.001,0.017,21.110,75236.211,1.343,68.000
0.047,0.001,0.017,25.821,129332.148,1.345,68.000
0.055,0.001,0.009,25.054,111468.305,1.387,68.000
0.053,0.000,0.014,28.873,-14635.430,1.585,68.000
0.048,0.001,0.003,22.634,135089.031,1.377,68.000
0.053,0.001,0.011,21.831,262388.938,4.707,68.000
0.051,0.019,0.011,22.678,229338.219,6.965,68.000
0.051,0.018,0.014,18.869,261509.094,8.472,68.000
0.053,0.001,0.017,23.263,228144.938,2.994,68.000
0.051,0.021,0.014,19.535,254204.781,9.251,68.000
0.052,0.024,0.012,22.472,246270.875,8.164,68.000
0.059,0.000,0.016,19.052,-4845.531,-0.086,68.000
0.048,0.005,0.014,17.546,204296.094,6.321,68.000
0.041,0.001,0.010,20.786,137022.594,1.619,68.000
0.052,0.012,0.011,20.560,254476.219,8.087,68.000
0.048,0.002,0.014,21.171,233073.312,5.732,68.000
0.050,0.001,0.017,22.141,275002.344,4.067,68.000
0.048,0.023,0.013,20.173,291118.281,9.071,68.000
0.050,0.001,0.015,28.702,107231.727,1.663,68.000
0.048,0.001,0.019,23.413,188612.438,2.837,68.000
0.051,0.007,0.010,18.399,273734.906,7.057,68.000
0.050,0.025,0.012,21.159,276825.750,6.329,68.000
0.046,0.000,0.006,22.613,-53566.824,0.018,68.000
0.048,0.005,0.013,18.928,201936.969,6.086,68.000
0.048,0.015,0.013,20.850,241086.594,8.852,68.000
0.000,0.012,0.013,25.826,-4136.023,8.503,68.000
0.048,0.025,0.011,19.077,285064.875,6.356,68.000
0.057,0.001,0.015,24.432,67178.430,1.737,68.000
0.052,0.002,0.019,22.193,238097.031,3.066,68.000
0.048,0.010,0.012,21.879,226816.656,7.351,68.000
0.053,0.001,0.013,26.283,186374.906,3.201,68.000
0.098,0.012,0.012,20.307,198556.906,7.500,68.000
0.051,0.000,0.005,23.615,10202.820,0.688,68.000
0.046,0.001,0.011,20.392,237991.844,6.022,68.000
0.049,0.004,0.015,17.558,217711.312,5.262,68.000
0.051,0.006,0.010,18.636,279298.094,7.011,68.000
0.055,0.001,0.014,23.248,212847.344,2.420,68.000
0.050,0.015,0.013,21.102,252798.750,8.298,68.000
0.051,0.001,0.003,22.588,121972.570,2.092,68.000
0.055,0.000,0.013,27.993,-19156.414,1.852,68.000
0.052,0.019,0.013,20.242,241166.406,8.530,68.000
0.052,0.000,0.020,23.557,-10473.102,-1.634,68.000
0.045,0.000,0.009,24.532,22068.656,-0.620,68.000
0.041,0.000,0.015,21.551,18520.109,0.460,68.000
0.048,0.002,0.010,19.369,250880.938,5.593,68.000
0.049,0.027,0.014,19.886,232415.844,11.048,68.000
0.043,0.001,0.012,21.754,179634.344,3.154,68.000
0.056,0.001,0.016,23.620,140511.312,1.733,68.000
0.051,0.015,0.012,21.876,221957.844,8.035,68.000
0.049,0.015,0.011,22.416,212694.219,8.402,68.000
0.002,0.011,0.010,18.417,244166.062,4.909,68.000
0.049,0.008,0.013,21.272,228657.688,7.760,68.000
0.057,0.001,0.006,21.194,166901.750,3.413,68.000
0.050,0.020,0.012,21.661,245809.656,7.526,68.000
0.049,0.020,0.011,20.713,256089.906,7.281,68.000
0.047,0.001,0.007,20.065,212689.500,2.795,68.000
0.049,0.009,0.013,21.295,228289.312,7.110,68.000
0.048,0.026,0.012,21.253,297322.031,7.549,68.000
0.049,0.025,0.011,18.691,283252.844,6.111,68.000
0.049,0.015,0.011,22.332,218847.812,8.776,68.000
0.052,0.021,0.013,21.756,226549.844,8.718,68.000
0.050,0.011,0.012,21.511,233038.031,7.904,68.000
0.055,0.001,0.005,21.719,163826.344,2.790,68.000
0.045,0.002,0.008,19.172,217400.125,2.807,68.000
0.056,0.000,0.009,25.001,36732.664,1.028,68.000
0.050,0.020,0.013,20.538,253966.562,9.107,68.000
0.052,0.000,0.017,28.407,-27606.867,-0.683,68.000
0.047,0.001,0.007,22.063,181133.656,2.197,68.000
0.052,0.000,0.010,29.817,-68073.266,1.290,68.000
0.051,0.016,0.013,21.451,250800.500,8.329,68.000
0.048,0.002,0.008,19.880,217527.531,2.709,68.000
0.043,0.000,0.013,26.369,9803.883,-1.237,68.000
0.050,0.019,0.010,21.217,257631.812,6.398,68.000
0.058,0.001,0.018,20.773,151388.781,1.004,68.000
0.051,0.003,0.010,18.585,285152.656,6.109,68.000
0.042,0.000,0.011,26.610,-7387.719,1.796,68.000
0.051,0.007,0.010,19.051,271486.281,7.665,68.000
0.099,0.012,0.012,20.623,197184.969,6.616,68.000
0.051,0.009,0.011,20.869,261105.406,8.346,68.000
0.049,0.005,0.013,19.734,222219.562,6.275,68.000
0.051,0.026,0.014,23.833,245376.562,9.204,68.000
0.047,0.001,0.009,26.636,17381.523,0.799,68.000
0.049,0.006,0.012,20.448,229503.531,6.992,68.000
0.057,0.000,0.004,23.918,68676.539,2.756,68.000
0.049,0.022,0.012,20.457,278244.812,7.711,68.000
0.049,0.021,0.011,20.779,255608.281,7.158,68.000
0.045,0.000,0.014,31.021,-29399.047,-1.282,68.000
0.059,0.001,0.007,20.602,149325.281,2.286,68.000
0.049,0.019,0.012,20.893,253541.594,8.186,68.000
0.041,0.001,0.006,21.271,192709.188,1.949,68.000
0.056,0.000,0.018,23.805,-1962.328,0.477,68.000
0.002,0.011,0.012,21.183,161025.625,6.731,68.000
0.048,0.008,0.010,20.008,256952.531,7.004,68.000
0.051,0.019,0.013,20.616,245684.312,8.510,68.000
0.049,0.017,0.012,22.321,219544.000,8.054,68.000
0.052,0.014,0.012,21.476,227332.156,7.914,68.000
0.045,0.001,0.016,21.603,259205.000,4.438,68.000
0.052,0.012,0.010,21.145,261868.906,7.781,68.000
0.099,0.013,0.013,22.644,176563.281,6.732,68.000
0.057,0.001,0.017,20.851,163170.250,1.613,68.000
0.042,0.001,0.006,21.560,188016.500,1.785,68.000
0.055,0.000,0.010,27.029,1710.859,3.059,68.000
0.050,0.014,0.013,21.270,245469.156,8.214,68.000
0.051,0.008,0.014,19.776,218730.062,6.616,68.000
0.060,0.000,0.012,20.727,126236.602,1.618,68.000
0.051,0.016,0.013,22.132,238056.156,8.164,68.000
0.048,0.005,0.011,20.344,246456.375,6.084,68.000
0.048,0.007,0.010,18.764,264643.438,6.194,68.000
0.059,0.001,0.009,19.957,204580.875,1.212,68.000
0.052,0.001,0.005,22.563,157727.156,2.446,68.000
0.046,0.000,0.016,27.335,-6031.195,-1.154,68.000
0.050,0.026,0.013,22.558,268301.219,9.511,68.000
0.055,0.001,0.012,28.707,120617.914,2.395,68.000
0.057,0.000,0.009,21.168,-37581.414,2.359,68.000
0.057,0.000,0.007,22.675,-10193.883,2.808,68.000
0.051,0.021,0.013,20.843,243472.312,8.806,68.000
0.049,0.022,0.010,20.039,274124.344,5.640,68.000
0.049,0.001,0.002,23.648,7301.781,-0.381,68.000
0.057,0.002,0.011,21.044,232522.531,2.562,68.000
0.049,0.022,0.012,20.616,273911.656,7.838,68.000
0.048,0.009,0.011,22.030,253986.594,7.827,68.000
0.048,0.002,0.010,19.645,255052.000,5.727,68.000
0.055,0.001,0.012,25.303,174662.625,2.051,68.000
0.051,0.027,0.011,25.637,266730.156,6.479,68.000
0.049,0.014,0.010,22.425,219343.906,8.223,68.000
0.049,0.012,0.014,19.539,236084.969,6.804,68.000
0.051,0.000,0.007,24.223,41541.242,-0.772,68.000
0.046,0.000,0.009,26.648,13174.422,0.116,68.000
0.057,0.001,0.018,21.969,109243.414,1.247,68.000
0.050,0.025,0.014,21.647,273839.625,9.422,68.000
0.048,0.000,0.012,31.276,-5770.555,1.234,68.000
0.061,0.001,0.013,18.203,209060.750,1.028,68.000
0.050,0.005,0.012,19.957,235878.375,6.810,68.000
0.049,0.001,0.009,26.093,52595.211,1.085,68.000
0.052,0.002,0.014,20.985,252140.500,4.293,68.000
0.047,0.001,0.006,21.184,207098.781,2.726,68.000
0.051,0.001,0.015,24.960,220715.000,3.361,68.000
0.000,0.011,0.013,24.084,-94933.289,12.372,68.000
0.047,0.001,0.002,21.740,144766.594,1.147,68.000
0.048,0.001,0.008,22.823,169551.094,2.178,68.000
0.050,0.020,0.010,20.995,260462.719,6.470,68.000
0.051,0.001,0.008,25.604,100258.227,1.217,68.000
0.052,0.019,0.011,22.879,227966.125,6.498,68.000
0.050,0.023,0.012,21.609,260296.281,7.313,68.000
0.052,0.000,0.009,25.856,-42618.461,0.310,68.000
0.048,0.007,0.012,21.368,239040.844,7.723,68.000
0.045,0.002,0.012,21.237,213709.062,5.363,68.000
0.098,0.011,0.013,20.951,189627.656,5.368,68.000
0.059,0.000,0.006,22.519,-113844.570,4.196,68.000
0.046,0.000,0.017,26.977,39091.789,0.914,68.000
0.049,0.005,0.011,20.150,260937.969,6.454,68.000
0.047,0.001,0.002,23.315,65380.773,-0.253,68.000
0.054,0.001,0.020,24.216,15845.875,0.401,68.000
0.047,0.001,0.010,21.297,184100.594,4.040,68.000
0.050,0.001,0.002,23.896,64654.711,0.627,68.000
0.041,0.001,0.010,20.208,162774.688,2.012,68.000
0.051,0.023,0.013,21.533,257058.781,8.982,68.000
0.042,0.001,0.011,24.666,37542.258,0.426,68.000
0.051,0.001,0.002,25.262,-78400.656,-1.175,68.000
0.049,0.018,0.014,18.600,277223.719,8.727,68.000
0.049,0.002,0.015,19.655,232585.719,5.433,68.000
0.049,0.001,0.009,24.428,132150.750,2.753,68.000
0.053,0.001,0.009,24.235,188928.719,2.863,68.000
0.052,0.019,0.012,22.596,210967.594,7.804,68.000
0.051,0.017,0.010,22.325,229768.125,6.571,68.000
0.053,0.001,0.007,23.244,160854.344,1.938,68.000
0.052,0.007,0.011,19.003,264357.219,7.836,68.000
0.061,0.001,0.011,21.140,121166.789,1.089,68.000
0.052,0.018,0.014,19.238,265199.344,8.040,68.000
0.056,0.001,0.015,23.423,160130.250,1.530,68.000
0.053,0.001,0.014,25.551,184736.719,2.656,68.000
0.050,0.006,0.010,18.811,280013.750,6.152,68.000
0.046,0.001,0.018,22.254,243736.406,4.173,68.000
0.053,0.000,0.012,28.821,-16628.422,2.839,68.000
0.051,0.008,0.011,21.072,255545.656,8.649,68.000
0.051,0.001,0.006,21.037,179161.875,2.750,68.000
0.051,0.027,0.014,24.051,101223.742,8.910,68.000
0.047,0.001,0.020,22.659,111123.914,1.632,68.000
0.048,0.008,0.012,21.705,224989.219,7.470,68.000
0.048,0.001,0.005,21.936,188776.219,2.789,68.000
0.052,0.000,0.002,23.363,-110513.672,-0.370,68.000
0.051,0.001,0.017,27.740,24559.992,-0.346,68.000
0.051,0.022,0.011,22.148,232583.531,5.441,68.000
0.050,0.014,0.011,22.014,222039.812,8.646,68.000
0.051,0.003,0.011,19.647,273063.031,6.320,68.000
0.061,0.001,0.014,17.527,192933.969,1.559,68.000
0.050,0.001,0.010,25.792,110414.164,2.509,68.000
0.055,0.002,0.017,21.199,236094.500,3.129,68.000
0.059,0.001,0.014,22.705,96685.352,1.633,68.000
0.048,0.000,0.002,21.783,-29733.500,0.322,68.000
0.053,0.000,0.021,22.125,-9733.750,-0.042,68.000
0.046,0.001,0.018,22.091,237365.688,4.033,68.000
0.050,0.018,0.012,22.595,230210.719,8.147,68.000
0.059,0.000,0.009,19.882,14434.219,2.489,68.000
0.049,0.027,0.013,22.594,262652.625,7.762,68.000
0.049,0.018,0.014,19.626,269311.938,8.372,68.000
0.043,0.000,0.013,25.940,-25342.227,1.000,68.000
0.051,0.000,0.007,23.804,26185.695,-0.887,68.000
0.050,0.001,0.015,25.630,221259.125,3.774,68.000
0.048,0.026,0.010,18.758,284912.250,6.351,68.000
0.051,0.001,0.019,22.318,229277.781,3.173,68.000
0.055,0.000,0.006,21.952,-30575.281,2.548,68.000
0.055,0.001,0.005,21.752,138351.562,3.079,68.000
0.001,0.011,0.013,21.037,154819.625,7.050,68.000
0.042,0.001,0.009,20.940,137010.312,1.136,68.000
0.045,0.000,0.004,19.324,33928.992,0.075,68.000
0.049,0.001,0.019,23.459,186672.469,2.689,68.000
0.054,0.000,0.009,22.956,30046.711,1.483,68.000
0.045,0.000,0.017,20.671,168618.344,-0.565,68.000
0.051,0.003,0.010,18.483,287622.125,6.168,68.000
0.052,0.023,0.012,22.638,235071.188,8.308,68.000
0.052,0.020,0.011,22.570,227868.031,6.001,68.000
0.050,0.001,0.018,26.967,60038.977,-0.528,68.000
0.048,0.013,0.011,22.187,227511.438,8.895,68.000
0.048,0.001,0.021,21.890,117813.773,1.646,68.000
0.048,0.013,0.011,21.970,229151.219,9.034,68.000
0.059,0.001,0.008,20.187,182680.875,2.476,68.000
0.056,0.000,0.007,21.611,18950.625,2.692,68.000
0.051,0.015,0.012,21.791,224570.250,8.307,68.000
0.049,0.025,0.013,20.984,298783.000,8.739,68.000
0.053,0.000,0.016,26.372,3417.859,0.819,68.000
0.051,0.009,0.013,20.665,223054.500,7.549,68.000
0.043,0.000,0.006,21.089,810.570,-0.543,68.000
0.049,0.005,0.013,18.340,221129.469,6.557,68.000
0.052,0.000,0.014,28.336,-106643.383,-1.179,68.000
0.000,0.012,0.013,24.028,-79520.828,13.310,68.000
0.055,0.001,0.009,25.978,75771.648,1.009,68.000
0.048,0.019,0.012,20.931,244435.062,8.543,68.000
0.060,0.001,0.011,19.446,226630.156,1.980,68.000
0.044,0.001,0.021,19.915,205682.250,3.534,68.000
0.045,0.000,0.018,24.362,42966.742,0.878,68.000
0.055,0.001,0.016,21.867,242732.062,3.100,68.000
0.058,0.000,0.010,22.541,171741.250,0.376,68.000
0.056,0.000,0.009,25.367,32713.633,2.622,68.000
0.049,0.006,0.011,20.493,263979.938,7.570,68.000
0.051,0.002,0.009,19.830,262016.406,5.314,68.000
0.051,0.026,0.013,23.063,260987.344,9.280,68.000
0.047,0.001,0.009,21.118,184329.156,3.612,68.000
0.002,0.012,0.012,20.207,193158.625,6.526,68.000
0.046,0.001,0.003,21.642,173653.062,1.562,68.000
0.050,0.001,0.005,25.643,36885.961,0.369,68.000
0.050,0.001,0.008,21.670,208620.625,2.633,68.000
0.049,0.001,0.004,22.908,144149.156,1.841,68.000
0.048,0.026,0.012,21.330,299434.594,7.061,68.000
0.051,0.009,0.011,20.907,252802.250,8.623,68.000
0.050,0.001,0.011,24.363,178841.031,4.145,68.000
0.049,0.006,0.012,21.161,252012.500,7.334,68.000
0.042,0.001,0.006,20.680,205451.375,2.202,68.000
0.055,0.000,0.004,24.060,-135405.219,-0.243,68.000
0.051,0.000,0.008,23.408,724.109,1.877,68.000
0.046,0.001,0.005,25.408,9220.695,-0.915,68.000
0.045,0.000,0.020,22.697,22016.180,0.644,68.000
0.099,0.012,0.012,19.079,208359.656,7.694,68.000
0.051,0.005,0.013,18.479,239805.281,6.821,68.000
0.059,0.001,0.013,24.482,59569.164,0.956,68.000
0.051,0.015,0.010,21.923,222145.719,8.021,68.000
0.051,0.020,0.011,22.462,230521.781,6.268,68.000
0.049,0.018,0.013,21.171,254863.406,8.902,68.000
0.051,0.001,0.015,29.873,66823.992,1.278,68.000
0.056,0.000,0.006,22.071,-5818.688,2.428,68.000
0.049,0.027,0.014,18.300,250552.562,10.669,68.000
0.051,0.001,0.022,21.217,115189.414,0.730,68.000
0.051,0.005,0.011,19.205,279042.875,6.804,68.000
0.050,0.001,0.021,21.401,168216.156,2.510,68.000
0.051,0.001,0.003,24.555,37560.086,0.591,68.000
0.052,0.026,0.012,23.810,239798.125,8.440,68.000
0.052,0.000,0.017,25.388,-10208.812,0.220,68.000
0.056,0.001,0.005,22.136,132788.312,3.250,68.000
0.046,0.000,0.018,28.111,30683.867,0.290,68.000
0.059,0.001,0.012,24.362,73381.508,0.848,68.000
0.050,0.000,0.008,26.173,-40285.898,1.336,68.000
0.050,0.008,0.010,19.925,266081.906,7.748,68.000
0.051,0.001,0.006,22.561,164125.688,1.982,68.000
0.053,0.000,0.014,30.061,-39248.887,1.071,68.000
0.052,0.001,0.017,24.285,196280.562,2.523,68.000
0.049,0.021,0.013,19.189,273826.531,9.457,68.000
0.049,0.009,0.010,21.783,268720.969,7.822,68.000
0.047,0.001,0.011,28.888,18300.953,0.990,68.000
0.051,0.023,0.011,21.455,246599.344,5.286,68.000
0.051,0.015,0.011,22.212,218656.500,8.122,68.000
0.056,0.001,0.011,23.040,190453.875,1.430,68.000
0.042,0.001,0.015,18.715,213531.938,3.730,68.000
0.050,0.006,0.014,18.276,212359.406,6.190,68.000
0.049,0.022,0.011,20.301,263864.344,6.769,68.000
0.051,0.009,0.014,18.998,226044.219,6.174,68.000
0.049,0.008,0.011,20.756,258038.469,7.611,68.000
0.049,0.001,0.002,21.444,126816.742,1.510,68.000
0.051,0.003,0.012,19.515,261212.250,6.230,68.000
0.001,0.011,0.012,21.202,175679.062,6.667,68.000
0.052,0.008,0.012,20.307,247088.812,8.295,68.000
0.044,0.000,0.018,22.953,97183.664,0.097,68.000
0.044,0.001,0.013,21.312,217465.719,4.984,68.000
0.058,0.001,0.016,20.174,184241.625,2.053,68.000
0.048,0.019,0.011,21.041,240809.500,7.519,68.000
0.047,0.002,0.006,20.516,211220.281,2.781,68.000
0.049,0.014,0.013,20.334,251217.281,7.972,68.000
0.049,0.019,0.012,21.415,242052.000,8.072,68.000
0.040,0.000,0.016,21.035,42861.648,0.107,68.000
0.049,0.025,0.011,19.016,276037.969,5.803,68.000
0.061,0.000,0.014,18.615,166074.750,0.771,68.000
0.051,0.022,0.013,21.644,242536.031,8.702,68.000
0.050,0.013,0.013,20.372,244292.344,7.971,68.000
0.050,0.002,0.015,22.224,271966.344,4.510,68.000
0.050,0.025,0.013,22.051,272968.719,8.286,68.000
0.048,0.015,0.011,22.643,220679.875,8.578,68.000
0.051,0.026,0.011,21.188,254009.562,6.083,68.000
0.053,0.000,0.013,28.795,-4819.969,1.952,68.000
0.050,0.015,0.011,22.365,220069.719,8.312,68.000
0.050,0.001,0.008,22.666,188651.531,2.379,68.000
0.050,0.001,0.014,26.610,182090.594,3.092,68.000
0.054,0.001,0.010,21.019,255940.969,4.547,68.000
0.049,0.014,0.012,22.007,226269.031,8.925,68.000
0.042,0.001,0.014,18.750,190310.438,2.995,68.000
0.049,0.001,0.006,22.996,159515.562,1.978,68.000
0.045,0.001,0.018,24.976,97164.992,0.768,68.000
0.049,0.000,0.008,26.299,-5151.719,1.813,68.000
0.052,0.009,0.012,20.349,249675.562,8.416,68.000
0.047,0.001,0.005,21.555,186370.594,2.374,68.000
0.051,0.006,0.011,18.959,273822.438,7.316,68.000
0.048,0.001,0.006,22.660,178562.000,2.446,68.000
0.060,0.001,0.014,19.006,146288.594,1.143,68.000
0.054,0.001,0.018,22.494,233359.719,3.411,68.000
0.050,0.021,0.014,18.853,267554.688,9.230,68.000
0.002,0.013,0.012,20.560,177326.031,7.615,68.000
0.049,0.017,0.012,22.912,220730.500,8.315,68.000
0.045,0.001,0.009,24.615,50516.477,0.844,68.000
0.051,0.002,0.007,21.222,181362.219,2.581,68.000
0.097,0.012,0.011,17.327,209386.750,8.542,68.000
0.053,0.001,0.020,21.507,162653.250,1.983,68.000
0.052,0.023,0.012,22.709,235410.281,8.227,68.000
0.041,0.001,0.014,17.586,194145.156,3.612,68.000
0.050,0.010,0.012,21.676,230015.688,7.871,68.000
0.052,0.014,0.013,21.581,242880.906,8.147,68.000
0.041,0.001,0.011,20.405,136504.938,1.950,68.000
0.049,0.007,0.012,21.498,249966.781,8.210,68.000
0.049,0.020,0.014,18.734,280167.438,9.809,68.000
0.050,0.022,0.014,19.778,269811.469,9.371,68.000
0.048,0.001,0.005,22.363,180249.594,2.741,68.000
0.048,0.016,0.014,20.342,243853.219,8.723,68.000
0.054,0.000,0.020,23.874,-20268.531,0.667,68.000
0.050,0.013,0.010,21.393,260998.781,7.407,68.000
0.050,0.007,0.012,20.756,258484.344,8.559,68.000
0.051,0.017,0.011,22.967,223399.938,6.973,68.000
0.047,0.000,0.010,33.001,-4756.633,1.118,68.000
0.049,0.020,0.013,18.933,276694.969,9.600,68.000
0.050,0.007,0.011,20.753,265579.000,8.376,68.000
0.047,0.002,0.006,20.414,212421.625,2.596,68.000
0.049,0.021,0.014,18.898,276559.531,9.659,68.000
0.052,0.015,0.013,21.689,238436.906,7.863,68.000
0.050,0.023,0.014,20.346,268821.594,9.193,68.000
0.049,0.012,0.014,19.570,234830.719,6.751,68.000
0.058,0.001,0.004,22.080,122035.523,4.255,68.000
0.059,0.001,0.017,21.946,59215.008,1.063,68.000
0.051,0.003,0.013,17.792,245395.281,6.384,68.000
0.049,0.007,0.009,19.014,275905.812,6.096,68.000
0.042,0.001,0.016,20.283,140049.094,2.024,68.000
0.050,0.027,0.010,19.292,276065.156,5.489,68.000
0.048,0.001,0.006,21.046,197433.438,2.989,68.000
0.043,0.001,0.017,20.585,217018.656,3.452,68.000
0.044,0.000,0.004,21.488,1290.219,0.669,68.000
0.050,0.006,0.013,18.507,226745.781,6.934,68.000
0.048,0.001,0.010,21.206,222243.469,5.245,68.000
0.052,0.002,0.012,20.104,260990.688,5.779,68.000
0.051,0.022,0.013,21.066,238813.031,9.234,68.000
0.048,0.007,0.011,20.460,246278.438,7.100,68.000
0.047,0.001,0.020,22.744,111179.086,1.293,68.000
0.049,0.011,0.014,19.523,234794.375,5.933,68.000
0.049,0.010,0.012,21.985,225678.406,7.523,68.000
0.049,0.013,0.013,20.955,243149.156,8.085,68.000
0.056,0.001,0.020,21.766,140345.469,0.924,68.000
0.098,0.012,0.011,17.327,213295.656,8.539,68.000
0.050,0.012,0.014,18.663,238768.125,7.187,68.000
0.044,0.000,0.011,22.379,-2817.461,-1.016,68.000
0.051,0.012,0.013,21.268,232156.219,8.831,68.000
0.050,0.025,0.011,21.044,266959.031,5.970,68.000
0.048,0.001,0.004,22.935,151811.656,1.512,68.000
0.049,0.001,0.017,22.183,284435.031,4.342,68.000
0.051,0.021,0.014,19.457,259081.094,9.254,68.000
0.048,0.027,0.014,24.765,247894.844,9.042,68.000
0.047,0.001,0.009,24.487,82874.445,2.244,68.000
0.056,0.001,0.013,22.997,247838.281,3.080,68.000
0.050,0.024,0.014,20.445,277532.719,9.606,68.000
0.043,0.001,0.010,22.766,113312.477,1.981,68.000
0.042,0.001,0.019,19.537,198579.125,3.669,68.000
0.002,0.013,0.012,20.542,191896.156,7.417,68.000
0.051,0.005,0.010,18.040,294575.938,6.072,68.000
0.045,0.001,0.009,20.358,178330.969,3.373,68.000
0.041,0.000,0.010,20.744,-17709.055,-0.436,68.000
0.045,0.001,0.003,21.452,180571.750,1.332,68.000
0.051,0.010,0.013,19.957,233333.250,6.993,68.000
0.048,0.020,0.012,20.379,260342.469,8.959,68.000
0.057,0.001,0.013,21.961,234455.562,2.623,68.000
0.049,0.014,0.010,22.275,227666.312,7.951,68.000
0.001,0.012,0.012,20.401,199341.438,7.007,68.000
0.051,0.013,0.010,21.670,248465.344,7.932,68.000
0.051,0.010,0.013,21.176,226215.562,8.127,68.000
0.059,0.000,0.014,21.447,9541.258,0.883,68.000
0.043,0.001,0.008,19.781,190217.000,1.751,68.000
0.042,0.000,0.018,23.288,44142.648,0.108,68.000
0.048,0.013,0.012,21.224,243667.000,8.377,68.000
0.052,0.001,0.006,21.271,176441.250,2.600,68.000
0.099,0.012,0.012,20.417,199354.812,6.973,68.000
0.049,0.025,0.011,19.735,275084.844,5.679,68.000
0.049,0.003,0.013,18.612,227091.500,6.681,68.000
0.048,0.026,0.012,20.771,297144.938,6.617,68.000
0.097,0.013,0.012,20.162,196577.406,7.675,68.000
0.050,0.010,0.014,19.084,238755.094,6.538,68.000
0.051,0.000,0.011,30.762,-283.344,2.202,68.000
0.046,0.001,0.007,19.909,210493.969,2.560,68.000
0.049,0.019,0.011,21.169,244883.438,7.613,68.000
0.100,0.012,0.011,21.428,-54038.219,11.257,68.000
0.049,0.016,0.012,21.956,220281.312,8.551,68.000
0.046,0.000,0.022,22.888,63968.758,1.352,68.000
0.051,0.000,0.002,19.243,-15893.453,-0.812,68.000
0.057,0.000,0.014,21.118,-28692.570,2.387,68.000
0.058,0.000,0.008,23.301,-40068.223,3.819,68.000
0.042,0.000,0.008,23.312,93099.758,0.642,68.000
0.047,0.002,0.016,22.314,265832.625,4.513,68.000
0.061,0.000,0.011,21.491,18443.062,3.988,68.000
0.051,0.012,0.013,20.513,231464.406,8.051,68.000
0.049,0.002,0.010,19.552,249349.281,5.397,68.000
0.050,0.013,0.011,21.438,240247.781,8.709,68.000
0.050,0.001,0.015,22.036,248493.719,4.618,68.000
0.041,0.001,0.012,19.647,189441.188,2.866,68.000
0.054,0.002,0.018,22.289,232651.531,3.346,68.000
0.050,0.015,0.010,21.389,214402.156,8.044,68.000
0.050,0.022,0.012,21.558,248954.156,6.665,68.000
0.098,0.012,0.011,17.404,212312.750,8.467,68.000
0.049,0.012,0.014,19.307,234724.875,6.759,68.000
0.050,0.020,0.011,21.667,248094.344,6.867,68.000
0.052,0.009,0.011,19.849,265700.594,7.986,68.000
0.055,0.000,0.018,24.411,50772.258,0.133,68.000
0.054,0.001,0.014,24.873,204420.969,2.551,68.000
0.050,0.023,0.014,20.451,273654.250,9.425,68.000
0.050,0.016,0.012,22.383,224410.000,8.343,68.000
0.055,0.001,0.009,22.310,221712.562,3.269,68.000
0.048,0.006,0.011,21.302,242200.188,7.170,68.000
0.050,0.014,0.014,18.678,260804.406,7.624,68.000
0.050,0.026,0.011,21.744,260343.250,6.541,68.000
0.050,0.019,0.010,21.168,252632.969,6.702,68.000
0.050,0.013,0.013,20.999,238044.844,8.707,68.000
0.098,0.014,0.012,21.500,187092.281,7.877,68.000
0.050,0.025,0.013,22.031,269030.781,9.225,68.000
0.045,0.000,0.012,28.823,6997.531,1.277,68.000
0.052,0.010,0.012,21.065,230543.969,8.357,68.000
0.046,0.002,0.007,19.366,218028.531,2.748,68.000
0.052,0.001,0.009,23.349,187675.938,2.890,68.000
0.045,0.000,0.003,19.533,27016.914,-0.390,68.000
0.050,0.007,0.013,19.477,237545.219,7.717,68.000
0.044,0.001,0.015,22.620,205006.562,3.004,68.000
0.050,0.004,0.013,18.612,229614.719,6.653,68.000
0.052,0.012,0.014,19.239,236294.500,7.617,68.000
0.052,0.002,0.018,22.066,252545.844,3.435,68.000
0.052,0.012,0.012,20.961,234254.781,8.503,68.000
0.051,0.001,0.006,24.079,117259.289,1.351,68.000
0.051,0.003,0.011,19.052,282421.094,6.088,68.000
0.049,0.013,0.010,22.398,242118.375,8.009,68.000
0.049,0.001,0.001,22.253,76354.930,0.554,68.000
0.056,0.001,0.018,21.416,181855.438,2.055,68.000
0.050,0.023,0.013,21.184,265216.219,8.889,68.000
0.051,0.021,0.013,20.745,243155.625,8.890,68.000
0.048,0.010,0.012,22.160,225923.281,7.218,68.000
0.052,0.021,0.011,22.532,229405.688,6.139,68.000
0.044,0.002,0.017,20.802,260509.031,4.328,68.000
0.050,0.012,0.010,21.947,261762.188,7.598,68.000
0.047,0.001,0.004,21.997,169946.156,1.778,68.000
0.048,0.022,0.013,19.919,274154.844,9.322,68.000
0.054,0.002,0.006,21.066,177115.812,2.810,68.000
0.054,0.000,0.004,23.139,-84248.375,0.106,68.000
0.050,0.017,0.012,22.723,226675.406,8.581,68.000
0.050,0.007,0.010,18.695,272688.469,7.051,68.000
0.050,0.001,0.018,26.705,79812.117,0.225,68.000
0.047,0.000,0.002,24.089,-49652.445,-1.382,68.000
0.044,0.000,0.019,22.171,-32737.656,0.944,68.000
0.051,0.009,0.014,19.490,225920.062,6.336,68.000
0.048,0.008,0.011,21.563,246721.406,7.818,68.000
0.052,0.008,0.012,20.047,247437.844,8.206,68.000
0.051,0.025,0.013,22.135,263184.750,9.326,68.000
0.044,0.001,0.019,20.949,223629.281,3.672,68.000
0.045,0.001,0.020,21.520,199812.219,3.263,68.000
0.049,0.006,0.012,20.626,239510.438,7.719,68.000
0.049,0.021,0.010,20.053,276230.438,6.247,68.000
0.052,0.022,0.011,22.549,231419.219,5.790,68.000
0.051,0.024,0.013,21.770,255421.938,9.333,68.000
0.051,0.006,0.012,19.332,264619.688,7.497,68.000
0.057,0.002,0.014,21.823,224031.812,2.962,68.000
0.050,0.013,0.012,21.176,241858.094,8.757,68.000
0.054,0.002,0.017,21.891,243362.969,3.501,68.000
0.055,0.001,0.004,22.322,118419.773,2.574,68.000
0.050,0.015,0.013,21.604,246207.562,8.445,68.000
0.050,0.010,0.010,21.214,268746.031,7.791,68.000
0.056,0.000,0.018,21.270,-1212.016,-0.157,68.000
0.049,0.013,0.014,19.063,240002.625,7.191,68.000
0.046,0.002,0.010,19.213,239090.094,5.480,68.000
0.048,0.002,0.010,20.008,252516.344,5.899,68.000
0.052,0.014,0.013,20.919,252599.438,8.181,68.000
0.049,0.007,0.014,18.458,219694.656,6.282,68.000
0.049,0.010,0.012,21.923,226393.625,7.626,68.000
0.003,0.011,0.012,20.987,177532.375,6.385,68.000
0.049,0.009,0.012,21.900,227263.188,7.670,68.000
0.051,0.002,0.012,19.885,256625.469,6.182,68.000
0.045,0.001,0.019,22.302,201951.062,3.200,68.000
0.050,0.016,0.011,22.316,218432.000,8.256,68.000
0.047,0.002,0.016,22.174,270543.312,4.448,68.000
0.050,0.009,0.013,20.911,231523.031,7.499,68.000
0.098,0.014,0.012,21.599,186764.219,7.700,68.000
0.050,0.002,0.015,20.204,235249.938,5.103,68.000
0.050,0.015,0.014,19.181,265957.000,7.895,68.000
0.053,0.002,0.013,21.883,257689.688,4.766,68.000
0.051,0.027,0.011,16.462,277550.531,8.882,68.000
0.051,0.018,0.013,20.110,250310.688,8.369,68.000
0.049,0.019,0.014,18.180,281181.438,9.149,68.000
0.051,0.001,0.014,28.799,96788.352,1.807,68.000
0.051,0.008,0.010,19.161,281695.594,7.195,68.000
0.050,0.001,0.021,21.240,159706.125,2.213,68.000
0.049,0.005,0.015,17.848,200979.969,5.225,68.000
0.048,0.013,0.014,19.516,237098.094,6.965,68.000
0.040,0.000,0.010,22.095,-33057.188,-0.406,68.000
0.050,0.014,0.012,21.700,236972.188,8.658,68.000
0.050,0.008,0.010,20.025,278571.938,7.005,68.000
0.052,0.025,0.013,22.541,248352.406,9.337,68.000
0.053,0.001,0.019,21.873,199214.219,2.707,68.000
0.051,0.002,0.017,22.081,274572.531,3.975,68.000
0.050,0.020,0.012,21.645,245481.594,8.203,68.000
0.050,0.019,0.011,21.651,247837.406,7.218,68.000
0.048,0.016,0.011,22.007,220561.344,8.244,68.000
0.048,0.001,0.005,21.366,191075.625,2.802,68.000
0.059,0.001,0.011,21.224,171232.469,0.924,68.000
0.052,0.004,0.012,18.778,275157.531,6.254,68.000
0.002,0.011,0.012,20.951,167520.250,6.948,68.000
0.051,0.001,0.003,24.720,30829.633,0.592,68.000
0.050,0.027,0.011,21.817,250972.094,6.502,68.000
0.050,0.007,0.013,18.832,225482.875,6.941,68.000
0.051,0.001,0.015,25.645,197700.781,3.162,68.000
0.049,0.000,0.008,24.263,-13995.609,-0.280,68.000
0.044,0.001,0.004,23.561,113245.836,0.225,68.000
0.049,0.000,0.006,21.320,10008.664,-0.132,68.000
0.051,0.017,0.014,19.487,269282.156,7.839,68.000
0.059,0.000,0.007,20.812,-49139.160,4.241,68.000
0.055,0.000,0.016,26.619,35281.289,0.366,68.000
0.046,0.001,0.003,23.196,115608.602,0.362,68.000
0.049,0.027,0.013,21.975,218965.250,11.063,68.000
0.047,0.000,0.010,23.019,39126.352,-0.079,68.000
0.002,0.010,0.012,20.576,176979.719,5.691,68.000
0.049,0.010,0.010,21.365,271498.625,7.826,68.000
0.059,0.001,0.016,19.173,144929.281,1.027,68.000
0.048,0.002,0.014,20.758,231887.781,5.791,68.000
0.055,0.001,0.010,22.091,246797.469,3.564,68.000
0.002,0.010,0.011,19.939,192127.969,5.416,68.000
0.045,0.001,0.019,21.732,218877.312,3.609,68.000
0.047,0.001,0.002,21.830,143020.562,1.014,68.000
0.055,0.001,0.020,20.768,164282.844,1.727,68.000
0.052,0.000,0.013,30.042,-48415.484,-1.502,68.000
0.050,0.014,0.011,22.134,227953.031,8.289,68.000
0.051,0.003,0.009,18.527,283682.906,5.766,68.000
0.048,0.015,0.012,22.044,219205.312,9.010,68.000
0.049,0.002,0.011,19.857,265936.812,6.019,68.000
0.055,0.001,0.010,25.787,96047.695,1.217,68.000
0.055,0.001,0.022,21.072,86147.680,0.952,68.000
0.049,0.001,0.007,26.009,21663.562,-0.462,68.000
0.099,0.013,0.013,24.209,134113.969,5.594,68.000
0.050,0.009,0.010,20.824,284783.531,7.164,68.000
0.050,0.021,0.011,21.238,247453.250,6.448,68.000
0.052,0.006,0.010,18.139,286591.375,6.831,68.000
0.052,0.010,0.011,20.420,259688.875,8.264,68.000
0.048,0.003,0.012,20.491,228566.906,6.170,68.000
0.049,0.012,0.010,22.405,265994.125,7.411,68.000
0.050,0.023,0.011,20.510,266036.719,6.037,68.000
0.046,0.000,0.016,27.222,-5402.844,0.442,68.000
0.000,0.012,0.012,24.895,-61019.195,12.808,68.000
0.050,0.015,0.013,21.706,242990.969,8.545,68.000
0.053,0.002,0.009,21.495,231005.125,4.094,68.000
0.053,0.002,0.013,22.840,253486.469,4.477,68.000
0.048,0.010,0.011,22.362,238683.438,7.839,68.000
0.040,0.001,0.010,20.644,129700.695,1.377,68.000
0.048,0.008,0.011,21.492,240447.094,7.628,68.000
0.049,0.000,0.015,29.527,60593.227,0.470,68.000
0.098,0.012,0.012,20.613,195310.750,7.497,68.000
0.044,0.000,0.008,28.099,7801.242,2.127,68.000
0.051,0.009,0.013,20.861,231611.406,7.974,68.000
0.050,0.014,0.013,20.967,243935.250,8.241,68.000
0.052,0.000,0.008,24.404,42936.148,-0.366,68.000
0.050,0.006,0.010,18.633,283502.375,6.158,68.000
0.052,0.012,0.012,21.060,228347.375,8.816,68.000
0.054,0.001,0.006,24.501,83884.195,1.595,68.000
0.044,0.000,0.015,28.682,-71949.305,-2.451,68.000
0.049,0.016,0.012,22.282,225502.500,8.630,68.000
0.050,0.001,0.007,23.031,158848.688,2.016,68.000
0.049,0.021,0.012,20.605,265939.594,8.424,68.000
0.048,0.002,0.010,19.633,253194.000,5.749,68.000
0.048,0.004,0.013,18.575,202219.188,6.290,68.000
0.048,0.016,0.012,21.828,220223.562,8.810,68.000
0.053,0.000,0.018,23.742,30075.352,0.933,68.000
0.058,0.000,0.018,21.019,67102.336,1.255,68.000
0.054,0.001,0.018,22.342,229091.906,3.316,68.000
0.051,0.008,0.014,19.583,212328.031,6.089,68.000
0.048,0.000,0.009,32.783,-49136.020,1.660,68.000
0.050,0.000,0.009,32.172,-29116.695,1.753,68.000
0.060,0.001,0.012,19.553,217999.469,1.500,68.000
0.051,0.027,0.014,27.573,172966.281,7.660,68.000
0.049,0.007,0.011,21.047,256948.438,7.967,68.000
0.052,0.018,0.011,23.225,224013.500,6.923,68.000
0.050,0.021,0.011,20.903,259676.094,6.257,68.000
0.049,0.016,0.011,22.304,219605.219,8.103,68.000
0.052,0.024,0.012,22.541,250961.312,7.630,68.000
0.051,0.008,0.014,19.652,225076.062,6.668,68.000
0.043,0.001,0.008,20.260,179197.000,1.732,68.000
0.047,0.001,0.015,22.342,253702.281,4.485,68.000
0.058,0.001,0.005,21.278,141191.656,4.248,68.000
0.048,0.023,0.012,19.731,286078.219,7.907,68.000
0.051,0.007,0.014,19.034,211801.844,6.201,68.000
0.049,0.001,0.005,22.819,168744.406,2.568,68.000
0.048,0.020,0.013,19.854,269030.438,9.995,68.000
0.048,0.006,0.014,18.034,207536.781,6.484,68.000
0.050,0.018,0.010,21.976,222299.062,6.830,68.000
0.050,0.020,0.013,19.926,263935.688,9.354,68.000
0.059,0.001,0.015,19.613,143752.531,1.467,68.000
0.045,0.001,0.018,24.988,165144.594,2.421,68.000
0.053,0.001,0.013,23.543,258623.656,4.413,68.000
0.054,0.001,0.005,23.271,109016.570,2.254,68.000
0.052,0.007,0.013,18.894,235168.438,6.831,68.000
0.050,0.020,0.014,18.592,270173.781,9.121,68.000
0.054,0.002,0.006,21.136,175770.781,2.790,68.000
0.003,0.012,0.013,20.647,146876.500,7.636,68.000
0.050,0.015,0.012,21.922,233709.812,8.431,68.000
0.050,0.016,0.014,19.876,266045.969,8.097,68.000
0.053,0.002,0.009,21.648,229702.531,3.954,68.000
0.052,0.001,0.004,26.585,-41003.273,-0.507,68.000
0.051,0.001,0.013,27.254,166240.062,3.687,68.000
0.055,0.000,0.020,22.696,-30351.484,0.049,68.000
0.048,0.001,0.009,22.179,172100.250,2.877,68.000
0.041,0.001,0.019,19.355,197619.656,3.754,68.000
0.053,0.000,0.002,24.009,-67466.000,0.189,68.000
0.050,0.024,0.012,21.662,267319.250,7.295,68.000
0.051,0.000,0.017,25.487,26959.055,1.197,68.000
0.044,0.000,0.014,27.918,-6240.727,1.026,68.000
0.041,0.001,0.012,20.020,190416.094,2.772,68.000
0.045,0.002,0.017,21.569,262807.156,4.371,68.000
0.043,0.001,0.018,21.239,207709.844,3.320,68.000
0.050,0.018,0.013,21.134,250813.875,8.736,68.000
0.051,0.006,0.013,19.189,243922.688,7.077,68.000
0.045,0.000,0.019,25.404,-50065.055,0.877,68.000
0.049,0.026,0.014,22.345,266972.344,9.361,68.000
0.050,0.003,0.013,19.505,229519.938,6.457,68.000
0.047,0.002,0.018,21.878,255818.719,4.068,68.000
0.040,0.001,0.012,19.196,182004.812,2.050,68.000
0.050,0.008,0.012,21.376,239675.219,8.087,68.000
0.039,0.001,0.011,19.458,165535.094,1.736,68.000
0.041,0.000,0.011,23.774,-75043.289,-1.411,68.000
0.052,0.020,0.011,22.491,233655.344,5.820,68.000
0.059,0.001,0.015,19.255,136182.688,1.239,68.000
0.042,0.001,0.006,23.589,96038.664,0.463,68.000
0.050,0.020,0.014,18.351,268050.312,9.112,68.000
0.052,0.005,0.013,18.270,248138.938,6.837,68.000
0.050,0.023,0.012,20.972,267156.156,6.385,68.000
0.042,0.000,0.018,22.090,88267.523,-0.625,68.000
0.048,0.001,0.016,24.589,229926.469,3.752,68.000
0.048,0.003,0.011,19.838,252127.562,6.017,68.000
0.048,0.008,0.010,21.124,266204.812,7.246,68.000
0.049,0.002,0.018,21.594,266756.406,3.913,68.000
0.048,0.000,0.003,20.494,-39099.332,-0.112,68.000
0.040,0.000,0.013,22.750,6448.859,-1.064,68.000
0.045,0.001,0.012,21.219,215542.250,5.030,68.000
0.050,0.001,0.018,23.628,205850.188,2.910,68.000
0.049,0.001,0.018,23.072,238205.344,3.776,68.000
0.050,0.016,0.011,22.215,218980.094,8.167,68.000
0.052,0.005,0.012,19.285,267473.312,6.784,68.000
0.051,0.001,0.016,24.710,218027.844,3.180,68.000
0.050,0.015,0.011,22.358,221722.250,8.293,68.000
0.048,0.001,0.015,27.890,130241.867,1.982,68.000
0.049,0.014,0.010,22.292,231256.094,7.901,68.000
0.055,0.001,0.020,21.342,147669.438,1.398,68.000
0.046,0.001,0.017,20.887,268944.906,4.517,68.000
0.048,0.009,0.013,21.447,227099.719,6.931,68.000
0.043,0.001,0.008,19.287,195286.406,2.246,68.000
0.052,0.016,0.011,22.232,225257.438,7.764,68.000
0.054,0.000,0.015,26.709,-22055.367,1.719,68.000
0.048,0.007,0.011,21.326,245047.375,7.804,68.000
0.050,0.001,0.008,23.512,155677.906,1.845,68.000
0.048,0.001,0.020,22.595,188420.125,2.809,68.000
0.050,0.002,0.015,21.484,247299.188,4.743,68.000
0.048,0.003,0.011,19.867,254159.406,5.937,68.000
0.049,0.001,0.022,21.107,120442.242,0.919,68.000
0.047,0.001,0.004,21.855,172703.438,1.568,68.000
0.056,0.000,0.013,25.576,-25194.445,1.481,68.000
0.044,0.001,0.011,18.949,233301.625,5.621,68.000
0.048,0.005,0.014,17.362,208522.781,6.320,68.000
0.050,0.012,0.013,20.192,231964.281,7.314,68.000
0.048,0.013,0.011,22.053,233619.344,8.637,68.000
0.049,0.001,0.019,22.491,223347.469,3.514,68.000
0.044,0.000,0.011,25.132,-6862.109,-1.167,68.000
0.044,0.000,0.012,26.813,-43929.758,0.799,68.000
0.052,0.015,0.012,22.496,230407.219,7.554,68.000
0.050,0.009,0.013,20.739,230723.344,7.642,68.000
0.043,0.000,0.019,23.091,29860.914,1.051,68.000
0.048,0.013,0.011,21.895,233772.375,8.838,68.000
0.047,0.001,0.012,22.035,220088.062,5.716,68.000
0.056,0.001,0.006,24.287,62042.430,2.014,68.000
0.048,0.015,0.011,22.582,220517.250,8.607,68.000
0.040,0.000,0.008,17.470,-8524.289,-0.233,68.000
0.048,0.000,0.014,30.539,40969.617,0.572,68.000
0.050,0.019,0.011,21.679,244450.719,7.475,68.000
0.041,0.001,0.016,18.348,182996.500,3.615,68.000
0.049,0.020,0.013,18.956,278748.969,9.783,68.000
0.058,0.001,0.013,20.976,214411.469,2.049,68.000
0.048,0.005,0.014,17.321,208394.000,6.043,68.000
0.052,0.012,0.011,20.550,244044.625,8.345,68.000
0.051,0.003,0.011,19.277,280584.875,6.531,68.000
0.049,0.026,0.012,21.521,292960.906,7.628,68.000
0.051,0.005,0.013,18.982,245218.125,6.589,68.000
0.055,0.001,0.011,26.876,112509.977,1.319,68.000
0.044,0.001,0.016,22.297,184368.594,2.197,68.000
0.042,0.000,0.015,26.406,35305.164,1.092,68.000
0.052,0.002,0.005,20.962,176447.781,2.846,68.000
0.046,0.001,0.013,23.831,192834.688,4.439,68.000
0.052,0.026,0.012,23.842,237854.719,7.876,68.000
0.042,0.000,0.017,22.584,-11833.477,-0.965,68.000
0.051,0.013,0.013,20.897,237101.375,8.681,68.000
0.046,0.001,0.011,20.452,240827.750,6.114,68.000
0.051,0.001,0.010,21.352,245857.156,5.367,68.000
0.049,0.008,0.012,21.665,229894.906,7.818,68.000
0.052,0.015,0.012,22.003,233508.844,7.634,68.000
0.052,0.009,0.012,20.642,244075.250,8.435,68.000
0.048,0.000,0.020,23.556,109639.695,1.215,68.000
0.048,0.001,0.012,25.929,143060.781,3.467,68.000
0.048,0.026,0.013,21.906,279786.719,8.826,68.000
0.049,0.007,0.012,21.011,233938.219,8.015,68.000
0.052,0.006,0.012,18.543,261669.781,7.056,68.000
0.049,0.012,0.012,21.347,240888.406,7.919,68.000
0.050,0.007,0.010,19.323,269819.656,7.181,68.000
0.056,0.001,0.017,20.612,208072.844,2.404,68.000
0.052,0.007,0.011,18.627,267951.531,7.680,68.000
0.057,0.000,0.006,22.690,-182.977,2.288,68.000
0.049,0.004,0.015,17.716,222108.406,5.208,68.000
0.050,0.025,0.011,20.940,264446.312,5.909,68.000
0.048,0.009,0.012,22.342,227331.812,7.552,68.000
0.048,0.019,0.011,20.674,253188.719,7.676,68.000
0.051,0.000,0.022,23.541,21625.422,-0.838,68.000
0.052,0.002,0.011,19.679,273551.844,6.064,68.000
0.054,0.000,0.019,23.340,-3593.945,1.533,68.000
0.051,0.004,0.009,18.325,286253.656,5.775,68.000
0.043,0.001,0.007,20.856,177192.062,1.525,68.000
0.040,0.001,0.014,19.100,161898.156,2.910,68.000
0.050,0.019,0.011,21.858,240568.375,7.224,68.000
0.049,0.013,0.011,21.639,240309.688,8.646,68.000
0.049,0.020,0.011,20.422,257923.688,7.416,68.000
0.057,0.001,0.010,24.422,98331.664,0.137,68.000
0.039,0.001,0.010,20.115,146438.219,1.573,68.000
0.050,0.005,0.012,19.716,243796.812,6.725,68.000
0.044,0.000,0.010,24.556,-42722.523,2.170,68.000
0.050,0.010,0.012,21.605,227990.125,7.545,68.000
0.052,0.001,0.017,22.844,241540.188,3.536,68.000
0.053,0.002,0.018,22.335,229351.781,3.113,68.000
0.049,0.026,0.010,18.881,284710.281,6.209,68.000
0.049,0.017,0.011,22.088,222085.000,8.132,68.000
0.052,0.001,0.017,22.178,256785.844,3.835,68.000
0.049,0.005,0.011,21.065,259518.438,7.057,68.000
0.048,0.006,0.013,18.773,206784.500,6.383,68.000
0.051,0.016,0.011,22.472,228177.938,7.141,68.000
0.058,0.001,0.005,21.712,133548.938,4.336,68.000
0.051,0.024,0.010,20.407,258510.656,4.630,68.000
0.051,0.014,0.012,21.059,234828.875,8.694,68.000
0.049,0.013,0.010,22.410,248546.562,7.777,68.000
0.050,0.015,0.012,22.165,231266.656,8.390,68.000
0.053,0.002,0.011,20.070,275000.156,5.618,68.000
0.046,0.001,0.016,22.834,245153.938,3.975,68.000
0.049,0.020,0.014,18.169,278603.688,9.309,68.000
0.052,0.001,0.006,22.903,156313.406,1.793,68.000
0.052,0.027,0.011,23.454,257106.031,11.889,68.000
0.051,0.002,0.010,19.086,275952.906,5.933,68.000
0.050,0.000,0.019,24.547,95883.898,0.496,68.000
0.047,0.001,0.007,20.108,210727.531,2.733,68.000
0.042,0.001,0.008,22.024,145237.281,1.047,68.000
0.051,0.009,0.012,21.270,236677.312,8.337,68.000
0.058,0.001,0.013,19.946,243040.938,2.539,68.000
0.048,0.021,0.012,19.870,270439.781,8.074,68.000
0.052,0.023,0.011,21.006,246744.406,4.783,68.000
0.052,0.001,0.015,25.390,172318.531,2.165,68.000
0.051,0.008,0.012,20.829,255912.406,8.516,68.000
0.044,0.001,0.005,24.416,51565.195,-0.393,68.000
0.052,0.009,0.010,19.577,270739.781,7.843,68.000
0.044,0.000,0.015,26.808,-80668.656,0.307,68.000
0.052,0.001,0.010,23.205,199133.594,4.110,68.000
0.041,0.001,0.013,24.145,39376.336,-0.840,68.000
0.051,0.014,0.013,21.241,241970.344,8.429,68.000
0.051,0.005,0.013,17.262,235369.594,6.587,68.000
0.055,0.001,0.021,23.776,12206.844,0.609,68.000
0.049,0.019,0.013,19.705,267543.500,9.630,68.000
0.051,0.013,0.012,21.098,233427.875,8.862,68.000
0.098,0.013,0.012,21.902,180071.031,6.846,68.000
0.049,0.001,0.021,21.174,181604.094,2.756,68.000
0.042,0.000,0.018,21.574,74884.305,-0.500,68.000
0.058,0.001,0.012,19.855,247458.094,2.811,68.000
0.056,0.001,0.018,20.642,201315.000,2.256,68.000
0.045,0.001,0.012,22.222,184960.062,4.467,68.000
0.050,0.013,0.014,19.191,236673.531,7.491,68.000
0.001,0.013,0.011,19.370,213300.000,7.046,68.000
0.048,0.001,0.007,24.026,126417.852,1.269,68.000
0.043,0.001,0.005,23.096,160811.500,1.241,68.000
0.050,0.002,0.016,22.504,281030.625,4.451,68.000
0.056,0.001,0.005,23.367,85160.914,2.623,68.000
0.047,0.002,0.015,22.090,257362.438,4.774,68.000
0.042,0.001,0.006,23.362,128276.383,0.806,68.000
0.045,0.000,0.005,24.203,81103.164,-0.053,68.000
0.051,0.025,0.013,22.394,252329.375,9.404,68.000
0.047,0.000,0.020,23.920,67247.961,-2.083,68.000
0.049,0.023,0.014,20.105,287821.625,9.396,68.000
0.049,0.000,0.020,23.735,108442.070,0.925,68.000
0.055,0.001,0.011,23.040,227706.750,3.188,68.000
0.050,0.000,0.020,25.653,22410.398,-0.080,68.000
0.049,0.017,0.013,22.645,230396.031,8.963,68.000
0.053,0.001,0.015,22.885,246339.281,3.572,68.000
0.049,0.026,0.014,21.059,298962.656,9.215,68.000
0.052,0.011,0.013,21.278,227172.938,8.448,68.000
0.047,0.001,0.012,21.396,235815.875,6.101,68.000
0.053,0.000,0.007,24.333,20588.484,0.219,68.000
0.051,0.003,0.013,19.055,248380.250,6.470,68.000
0.049,0.015,0.010,21.570,212491.125,8.054,68.000
0.049,0.015,0.012,21.488,235512.875,8.812,68.000
0.041,0.000,0.008,22.257,7077.672,-0.051,68.000
0.050,0.023,0.014,20.299,278694.125,9.423,68.000
0.050,0.023,0.013,21.049,261292.094,8.667,68.000
0.043,0.001,0.019,21.330,105653.148,0.943,68.000
0.041,0.001,0.017,18.826,193075.031,4.120,68.000
0.047,0.001,0.022,19.802,179046.906,2.720,68.000
0.052,0.020,0.012,22.836,212854.562,7.277,68.000
0.058,0.001,0.007,21.422,135882.750,1.703,68.000
0.050,0.017,0.013,22.672,232824.062,8.939,68.000
0.050,0.021,0.013,19.803,261100.656,9.058,68.000
0.045,0.001,0.008,23.390,87879.430,1.107,68.000
0.049,0.024,0.013,20.472,291505.656,8.846,68.000
0.047,0.000,0.018,24.136,25969.438,0.048,68.000
0.051,0.001,0.002,22.440,119237.680,1.886,68.000
0.046,0.001,0.020,21.444,211826.188,3.283,68.000
0.052,0.005,0.013,17.768,247649.594,6.636,68.000
0.050,0.017,0.012,22.697,224611.188,8.107,68.000
0.050,0.017,0.014,19.555,270602.844,7.896,68.000
0.051,0.018,0.013,20.773,244982.000,8.425,68.000
0.049,0.013,0.014,19.705,244864.469,7.679,68.000
0.051,0.000,0.007,22.097,9618.305,1.812,68.000
0.057,0.000,0.014,23.848,27495.852,-1.399,68.000
0.041,0.000,0.010,23.068,-69174.469,-1.392,68.000
0.054,0.000,0.010,25.159,-20502.781,0.282,68.000
0.051,0.004,0.012,20.063,264001.156,6.360,68.000
0.058,0.000,0.007,20.371,-63393.883,2.924,68.000
0.051,0.001,0.011,24.146,200335.156,4.356,68.000
0.048,0.020,0.013,20.105,262785.250,9.892,68.000
0.050,0.008,0.009,19.846,285720.844,6.905,68.000
0.052,0.001,0.013,26.739,175925.438,3.498,68.000
0.051,0.002,0.018,22.103,265958.188,3.751,68.000
0.051,0.013,0.013,21.017,236883.250,8.910,68.000
0.051,0.009,0.015,19.197,217785.000,6.039,68.000
0.048,0.019,0.010,21.143,236755.094,7.409,68.000
0.048,0.001,0.016,22.304,278882.875,4.387,68.000
0.051,0.024,0.011,21.649,244956.000,6.212,68.000
0.049,0.004,0.014,17.189,224074.094,5.808,68.000
0.049,0.005,0.011,20.215,261780.250,6.624,68.000
0.053,0.000,0.015,27.466,-19149.703,1.423,68.000
0.052,0.022,0.012,22.744,226357.938,7.790,68.000
0.051,0.018,0.012,21.418,235522.875,8.237,68.000
0.045,0.001,0.009,23.742,76747.633,1.156,68.000
0.057,0.001,0.014,23.738,80387.367,0.977,68.000
0.052,0.002,0.019,22.201,237555.562,3.120,68.000
0.048,0.001,0.006,24.756,84789.305,0.412,68.000
0.046,0.001,0.004,22.440,163999.531,1.290,68.000
0.057,0.000,0.011,25.247,-12905.531,1.004,68.000
0.050,0.016,0.010,21.545,218350.438,7.948,68.000
0.050,0.009,0.011,21.389,252602.594,8.460,68.000
0.051,0.023,0.011,21.385,245664.969,5.126,68.000
0.051,0.007,0.013,18.961,237318.562,7.215,68.000
0.050,0.002,0.009,20.109,249653.125,5.055,68.000
0.002,0.012,0.011,18.418,226459.594,5.866,68.000
0.049,0.008,0.012,21.761,234777.750,7.858,68.000
0.050,0.009,0.013,20.286,236342.719,7.114,68.000
0.048,0.024,0.014,20.174,293273.156,9.184,68.000
0.048,0.014,0.010,22.485,217580.000,8.194,68.000
0.056,0.001,0.004,24.415,35335.523,2.147,68.000
0.056,0.002,0.010,21.404,227556.938,2.409,68.000
0.049,0.000,0.006,22.127,-10464.102,-0.468,68.000
0.052,0.016,0.012,22.756,231381.250,7.463,68.000
0.053,0.001,0.007,21.581,176840.125,2.314,68.000
0.050,0.007,0.011,19.525,266612.062,7.689,68.000
0.052,0.001,0.002,22.546,75233.758,1.427,68.000
0.050,0.002,0.010,19.262,269080.375,5.661,68.000
0.000,0.013,0.011,25.305,84958.992,9.636,68.000
0.048,0.007,0.011,21.179,241614.906,7.468,68.000
0.056,0.001,0.018,22.262,166703.375,1.820,68.000
0.049,0.022,0.012,20.610,271232.562,7.959,68.000
0.054,0.001,0.015,24.051,193535.719,2.139,68.000
0.051,0.008,0.011,20.299,264258.031,8.216,68.000
0.052,0.021,0.011,22.545,232054.906,6.220,68.000
0.050,0.023,0.011,20.686,262795.656,5.935,68.000
0.048,0.000,0.018,25.823,27080.836,-0.234,68.000
0.051,0.000,0.018,28.288,-32636.711,-1.036,68.000
0.041,0.000,0.015,20.215,49810.789,2.424,68.000
0.039,0.000,0.011,20.820,49907.539,-0.059,68.000
0.051,0.001,0.015,27.037,160369.938,2.463,68.000
0.051,0.012,0.014,19.770,232038.219,7.567,68.000
0.049,0.002,0.007,20.528,197951.812,2.849,68.000
0.055,0.001,0.018,21.226,211859.781,2.792,68.000
0.052,0.019,0.012,22.200,217549.375,7.852,68.000
0.052,0.003,0.010,18.308,288615.812,6.152,68.000
0.047,0.001,0.012,22.799,188466.531,4.745,68.000
0.049,0.021,0.011,20.448,261227.594,6.976,68.000
0.049,0.020,0.011,20.859,262258.219,6.968,68.000
0.044,0.001,0.018,21.479,230667.062,3.841,68.000
0.051,0.021,0.013,21.052,233933.875,8.889,68.000
0.053,0.000,0.005,23.523,-16449.188,0.857,68.000
0.056,0.001,0.013,27.094,112991.539,1.125,68.000
0.048,0.001,0.018,24.675,192491.281,3.098,68.000
0.050,0.012,0.010,21.638,255609.219,7.762,68.000
0.050,0.017,0.013,21.917,243050.844,8.642,68.000
0.049,0.011,0.013,21.108,234924.188,7.380,68.000
0.051,0.005,0.015,18.028,207717.625,4.789,68.000
0.051,0.007,0.014,18.880,205770.688,5.822,68.000
0.044,0.001,0.015,20.412,246886.500,4.026,68.000
0.051,0.025,0.013,22.080,264203.469,8.975,68.000
0.042,0.001,0.011,18.859,192627.562,3.711,68.000
0.055,0.001,0.009,23.927,171007.719,1.722,68.000
0.052,0.001,0.017,22.514,269257.750,4.116,68.000
0.041,0.001,0.009,21.097,130871.961,0.957,68.000
0.056,0.002,0.009,21.890,223675.062,2.766,68.000
0.002,0.014,0.012,20.191,196221.875,7.827,68.000
0.052,0.000,0.004,22.089,-33647.766,-0.163,68.000
0.053,0.001,0.008,25.397,79031.555,1.176,68.000
0.052,0.008,0.012,20.119,244341.312,8.169,68.000
0.050,0.002,0.007,21.070,186411.562,2.573,68.000
0.048,0.009,0.014,19.257,234864.906,5.921,68.000
0.048,0.019,0.012,20.861,246574.781,8.348,68.000
0.049,0.003,0.012,20.190,234402.562,6.347,68.000
0.048,0.027,0.011,22.176,270840.469,10.511,68.000
0.052,0.003,0.013,18.848,255845.594,6.077,68.000
0.047,0.000,0.007,24.256,30481.695,-1.460,68.000
0.056,0.001,0.012,23.670,215942.438,2.802,68.000
0.056,0.001,0.009,22.343,224441.312,2.853,68.000
0.051,0.021,0.010,21.589,251940.188,5.687,68.000
0.041,0.001,0.012,24.557,79419.508,-0.062,68.000
0.059,0.001,0.014,19.506,188142.719,1.999,68.000
0.052,0.022,0.010,21.830,245642.219,4.721,68.000
0.048,0.014,0.012,21.094,236909.562,9.108,68.000
0.050,0.023,0.010,20.204,261622.344,5.080,68.000
0.052,0.026,0.011,22.328,239968.531,6.608,68.000
0.047,0.001,0.014,24.852,195553.469,3.928,68.000
0.050,0.001,0.014,26.291,182303.875,3.284,68.000
0.048,0.002,0.005,20.869,197229.125,3.284,68.000
0.050,0.000,0.016,25.978,-13882.445,0.982,68.000
0.053,0.000,0.011,29.716,11251.086,2.868,68.000
0.047,0.001,0.021,21.889,72073.914,1.184,68.000
0.050,0.019,0.011,21.774,242903.250,7.543,68.000
0.050,0.000,0.010,24.907,26880.492,0.471,68.000
0.049,0.015,0.013,20.456,255779.562,8.479,68.000
0.047,0.001,0.015,29.470,80728.164,0.836,68.000
0.048,0.019,0.011,20.629,253575.656,7.949,68.000
0.049,0.026,0.014,22.500,262495.625,9.488,68.000
0.044,0.002,0.008,19.035,204489.781,2.295,68.000
0.047,0.000,0.013,32.404,-74163.109,-2.370,68.000
0.053,0.001,0.010,24.519,179041.469,2.953,68.000
0.052,0.025,0.012,22.913,245646.594,7.339,68.000
0.051,0.021,0.011,21.648,242916.562,5.295,68.000
0.056,0.002,0.011,21.167,244551.219,3.132,68.000
0.003,0.012,0.011,18.421,232359.344,5.348,68.000
0.050,0.001,0.005,21.695,178841.094,3.052,68.000
0.051,0.008,0.014,19.718,211398.438,6.236,68.000
0.044,0.001,0.019,21.190,195189.969,2.898,68.000
0.098,0.012,0.010,16.649,214315.625,8.624,68.000
0.045,0.001,0.017,22.392,180389.156,2.075,68.000
0.049,0.025,0.013,20.937,286541.406,8.460,68.000
0.058,0.001,0.017,23.249,60589.305,1.083,68.000
0.049,0.016,0.013,21.344,246391.469,8.730,68.000
0.047,0.001,0.004,25.068,57745.039,-0.012,68.000
0.051,0.001,0.007,23.522,168670.844,2.125,68.000
0.056,0.001,0.015,21.263,222086.562,2.911,68.000
0.053,0.001,0.020,21.101,175503.719,2.227,68.000
0.056,0.000,0.006,20.015,-18610.914,3.070,68.000
0.049,0.016,0.011,22.194,210976.188,8.104,68.000
0.050,0.003,0.010,19.381,277742.688,5.979,68.000
0.060,0.001,0.010,19.317,212898.406,1.340,68.000
0.099,0.012,0.013,22.841,175996.469,5.348,68.000
0.051,0.000,0.021,23.176,54830.742,0.058,68.000
0.049,0.017,0.014,19.378,263033.188,8.000,68.000
0.053,0.000,0.019,21.834,-2524.836,-0.397,68.000
0.049,0.011,0.013,21.164,229544.094,6.830,68.000
0.051,0.009,0.011,21.165,254969.062,8.624,68.000
0.059,0.001,0.017,18.458,178198.938,1.390,68.000
0.056,0.002,0.013,22.374,241113.531,3.039,68.000
0.051,0.017,0.013,21.544,246971.375,8.322,68.000
0.056,0.001,0.018,21.660,167282.469,1.702,68.000
0.050,0.026,0.013,22.180,286366.500,9.298,68.000
0.098,0.013,0.012,19.236,203394.469,8.073,68.000
0.051,0.008,0.012,20.837,250578.031,8.561,68.000
0.050,0.010,0.014,19.645,237832.312,6.610,68.000
0.051,0.026,0.012,24.126,230712.969,7.904,68.000
0.050,0.013,0.013,19.969,236932.719,7.855,68.000
0.052,0.009,0.014,19.659,221073.219,6.763,68.000
0.057,0.001,0.007,23.166,84373.242,2.662,68.000
0.049,0.008,0.012,21.948,241296.781,7.989,68.000
0.052,0.015,0.011,21.724,223150.031,8.121,68.000
0.055,0.001,0.017,23.666,170622.625,1.979,68.000
0.047,0.001,0.010,20.681,191702.719,4.475,68.000
0.050,0.011,0.013,20.374,233397.344,6.490,68.000
0.048,0.021,0.011,19.870,269702.688,7.674,68.000
0.049,0.007,0.012,21.199,253013.750,8.280,68.000
0.048,0.016,0.010,22.216,214938.000,8.242,68.000
0.052,0.000,0.002,21.602,-84823.977,-0.019,68.000
0.049,0.014,0.012,21.564,243244.406,8.663,68.000
0.049,0.025,0.011,19.192,280991.781,6.093,68.000
0.050,0.009,0.012,21.684,242918.750,8.629,68.000
0.053,0.000,0.011,28.680,-78229.172,-0.466,68.000
0.041,0.000,0.009,24.705,-56833.250,2.002,68.000
0.059,0.001,0.012,19.506,243921.438,2.444,68.000
0.050,0.014,0.010,21.519,238442.406,7.689,68.000
0.045,0.000,0.017,26.514,82236.836,0.278,68.000
0.043,0.001,0.007,20.171,191166.125,1.667,68.000
0.047,0.000,0.021,22.750,23865.586,0.975,68.000
0.051,0.001,0.008,21.683,216784.000,3.194,68.000
0.044,0.001,0.006,24.468,70178.477,0.183,68.000
0.050,0.001,0.002,22.729,62455.758,0.682,68.000
0.049,0.008,0.010,20.109,267524.969,7.010,68.000
0.050,0.024,0.013,21.524,268483.812,8.962,68.000
0.045,0.000,0.020,23.536,55803.617,-0.872,68.000
0.053,0.000,0.012,30.077,-443.539,-1.054,68.000
0.049,0.015,0.012,21.466,232087.844,8.747,68.000
0.050,0.002,0.010,19.709,262178.219,5.406,68.000
0.048,0.000,0.005,21.885,18177.320,0.613,68.000
0.049,0.002,0.005,20.737,197639.844,3.357,68.000
0.050,0.003,0.013,19.398,237236.438,6.369,68.000
0.046,0.000,0.004,23.468,49332.055,-0.168,68.000
0.044,0.002,0.009,18.608,203217.906,2.806,68.000
0.051,0.024,0.012,21.528,256805.469,6.334,68.000
0.046,0.000,0.020,23.870,76943.633,1.355,68.000
0.054,0.001,0.020,21.326,145943.719,1.471,68.000
0.055,0.001,0.010,22.946,237345.281,3.326,68.000
0.050,0.006,0.011,18.988,275514.375,6.662,68.000
0.042,0.001,0.005,21.666,206336.469,2.234,68.000
0.050,0.001,0.015,24.413,234743.969,4.076,68.000
0.049,0.011,0.012,21.899,239696.688,8.240,68.000
0.044,0.000,0.018,25.200,57396.305,-0.555,68.000
0.056,0.001,0.008,24.464,96732.023,1.925,68.000
0.054,0.001,0.018,24.092,156514.625,2.140,68.000
0.049,0.001,0.022,21.242,101152.258,0.631,68.000
0.046,0.001,0.014,23.562,204215.156,4.475,68.000
0.040,0.001,0.013,19.814,186123.844,2.381,68.000
0.052,0.025,0.011,21.430,247038.719,6.032,68.000
0.059,0.001,0.011,20.757,209640.812,1.557,68.000
0.043,0.001,0.019,21.064,187994.156,2.811,68.000
0.041,0.000,0.014,23.158,-11357.914,-0.673,68.000
0.048,0.020,0.011,20.118,263677.000,7.727,68.000
0.046,0.002,0.018,21.937,246617.594,4.003,68.000
0.051,0.025,0.011,21.741,247424.062,6.412,68.000
0.058,0.001,0.005,21.131,153508.281,3.957,68.000
0.051,0.016,0.013,20.860,260436.719,8.187,68.000
0.052,0.016,0.011,22.738,221497.281,7.668,68.000
0.052,0.002,0.013,21.729,252784.312,4.762,68.000
0.049,0.022,0.010,19.630,281591.125,6.505,68.000
0.099,0.012,0.011,17.348,217747.406,8.021,68.000
0.052,0.013,0.012,21.055,230227.594,8.625,68.000
0.051,0.019,0.011,22.180,235917.469,7.128,68.000
0.048,0.013,0.013,21.140,243882.531,8.095,68.000
0.051,0.013,0.011,21.195,245340.969,8.620,68.000
0.051,0.006,0.010,18.343,283015.812,6.791,68.000
0.050,0.022,0.010,20.356,265078.531,5.278,68.000
0.051,0.021,0.013,20.462,243435.719,9.205,68.000
0.048,0.001,0.020,21.189,199426.219,2.944,68.000
0.059,0.001,0.007,20.319,154226.562,2.153,68.000
0.047,0.002,0.008,19.495,217900.219,2.738,68.000
0.053,0.001,0.020,21.659,166182.406,2.178,68.000
0.048,0.020,0.014,18.731,278290.125,9.940,68.000
0.052,0.004,0.013,18.164,261158.469,6.571,68.000
0.048,0.003,0.011,20.722,243920.906,6.096,68.000
0.041,0.001,0.007,23.448,78716.664,0.626,68.000
0.056,0.002,0.007,21.483,198374.531,2.978,68.000
0.052,0.000,0.011,28.971,-36705.641,-0.769,68.000
0.052,0.010,0.012,20.930,238762.750,8.458,68.000
0.098,0.013,0.011,18.898,202656.906,8.655,68.000
0.047,0.002,0.015,21.363,227848.906,5.387,68.000
0.049,0.002,0.015,21.121,238502.438,5.121,68.000
0.048,0.014,0.013,20.844,250304.625,8.408,68.000
0.047,0.001,0.015,28.292,97232.273,1.080,68.000
0.046,0.001,0.003,23.439,120565.836,0.408,68.000
0.057,0.001,0.011,21.599,242509.125,2.773,68.000
0.050,0.022,0.014,19.693,268827.031,9.164,68.000
0.053,0.001,0.019,22.434,213163.156,2.796,68.000
0.049,0.016,0.010,22.133,211475.781,8.076,68.000
0.053,0.001,0.009,25.190,130796.930,2.048,68.000
0.058,0.001,0.013,23.688,141971.875,0.904,68.000
0.049,0.001,0.019,22.525,232984.688,3.581,68.000
0.051,0.014,0.011,21.994,227638.281,8.154,68.000
0.048,0.006,0.013,18.347,203733.656,6.368,68.000
0.050,0.001,0.013,26.816,191068.844,3.487,68.000
0.052,0.007,0.011,19.122,263195.531,7.825,68.000
0.053,0.000,0.011,27.381,-86963.953,-0.858,68.000
0.048,0.025,0.010,18.670,284447.312,6.329,68.000
0.044,0.001,0.019,21.204,214472.531,3.563,68.000
0.058,0.001,0.014,20.606,200342.812,2.640,68.000
0.050,0.002,0.008,20.957,223627.438,3.229,68.000
0.046,0.001,0.008,19.440,212018.812,2.810,68.000
0.042,0.000,0.007,22.613,2535.719,1.335,68.000
0.057,0.001,0.004,22.600,103202.945,3.820,68.000
0.052,0.014,0.011,21.518,228766.781,8.161,68.000
0.051,0.022,0.011,21.306,243586.906,5.076,68.000
0.048,0.000,0.017,30.029,-10168.609,-1.104,68.000
0.050,0.005,0.013,18.468,226122.812,6.641,68.000
0.050,0.014,0.013,21.053,244936.438,8.283,68.000
0.057,0.000,0.017,23.231,67551.711,0.494,68.000
0.048,0.023,0.012,19.847,288968.594,7.755,68.000
0.052,0.008,0.014,19.658,219818.031,6.655,68.000
0.050,0.024,0.011,20.652,264595.750,5.684,68.000
0.049,0.026,0.010,18.898,280659.688,5.904,68.000
0.050,0.001,0.013,31.089,38195.820,0.886,68.000
0.048,0.000,0.014,31.185,13409.305,-0.271,68.000
0.052,0.022,0.012,22.606,223936.219,7.771,68.000
0.054,0.000,0.014,30.501,8818.484,-0.706,68.000
0.048,0.006,0.014,17.776,207650.562,6.529,68.000
0.052,0.021,0.013,20.944,236560.312,8.940,68.000
0.049,0.001,0.018,21.906,255465.812,3.781,68.000
0.043,0.001,0.019,20.288,209458.156,3.700,68.000
0.100,0.012,0.013,22.370,-62913.734,10.407,68.000
0.050,0.024,0.012,21.310,269016.469,6.459,68.000
0.048,0.019,0.013,20.427,256186.406,10.130,68.000
0.056,0.001,0.006,21.546,170380.750,3.218,68.000
0.048,0.001,0.003,22.389,154352.656,1.488,68.000
0.048,0.014,0.014,19.910,251041.969,8.213,68.000
0.056,0.000,0.017,25.442,8102.086,-0.027,68.000
0.044,0.000,0.013,28.333,19504.672,-0.280,68.000
0.049,0.002,0.014,19.819,237761.375,5.905,68.000
0.099,0.013,0.012,23.103,174776.000,6.319,68.000
0.049,0.005,0.015,17.667,209004.094,5.094,68.000
0.056,0.001,0.010,21.741,228644.125,2.631,68.000
0.053,0.001,0.003,23.207,95031.680,2.060,68.000
0.050,0.013,0.013,21.167,236016.125,8.738,68.000
0.000,0.011,0.011,25.766,-60401.629,14.660,68.000
0.055,0.001,0.007,23.705,124333.508,1.936,68.000
0.050,0.000,0.018,27.643,-3293.961,0.042,68.000
0.052,0.021,0.013,21.179,232050.062,9.060,68.000
0.050,0.017,0.012,22.486,222750.438,8.060,68.000
0.048,0.021,0.011,19.761,269168.906,7.681,68.000
0.049,0.005,0.010,18.965,273181.781,5.496,68.000
0.043,0.000,0.016,25.533,57650.930,-0.740,68.000
0.049,0.000,0.014,29.005,-53136.895,1.017,68.000
0.052,0.016,0.013,20.046,264279.938,7.901,68.000
0.049,0.000,0.014,31.277,-21148.109,-1.889,68.000
0.039,0.001,0.012,24.272,45689.633,-0.716,68.000
0.050,0.020,0.013,20.576,255472.875,9.248,68.000
0.054,0.001,0.003,22.310,94742.773,2.310,68.000
0.049,0.017,0.011,22.143,216536.719,7.508,68.000
0.059,0.001,0.005,21.097,153584.844,4.081,68.000
0.056,0.000,0.004,21.811,-22224.273,2.599,68.000
0.048,0.022,0.012,19.836,278395.188,7.553,68.000
0.050,0.023,0.012,21.442,259705.875,8.134,68.000
0.050,0.015,0.014,19.691,260392.000,8.185,68.000
0.044,0.002,0.016,20.077,255669.281,4.338,68.000
0.051,0.008,0.013,19.652,226396.969,7.129,68.000
0.059,0.000,0.014,18.128,-32749.328,0.206,68.000
0.052,0.002,0.010,20.735,252670.750,5.498,68.000
0.048,0.022,0.012,19.664,282022.906,7.769,68.000
0.045,0.000,0.019,24.650,43602.211,-0.806,68.000
0.052,0.010,0.010,20.022,269533.594,7.778,68.000
0.049,0.000,0.019,26.147,55842.852,0.196,68.000
0.046,0.001,0.021,21.433,179549.000,2.609,68.000
0.050,0.007,0.015,18.696,201791.781,5.427,68.000
0.098,0.011,0.012,19.244,205574.375,7.222,68.000
0.048,0.019,0.013,20.182,265035.406,9.996,68.000
0.056,0.000,0.006,23.368,-73244.836,1.837,68.000
0.050,0.020,0.014,18.392,276141.062,9.151,68.000
0.058,0.001,0.010,21.519,214105.656,1.204,68.000
0.058,0.001,0.013,22.368,156500.125,0.995,68.000
0.050,0.027,0.014,23.677,93697.164,7.623,68.000
0.002,0.012,0.013,20.727,166189.094,7.745,68.000
0.050,0.001,0.011,22.600,225678.406,5.086,68.000
0.048,0.003,0.011,20.337,250455.062,6.088,68.000
0.051,0.006,0.013,18.636,235315.469,7.291,68.000
0.047,0.001,0.019,22.208,234523.156,3.870,68.000
0.049,0.027,0.010,19.734,245148.062,5.307,68.000
0.046,0.001,0.014,22.246,219932.406,5.409,68.000
0.051,0.025,0.012,22.692,254260.156,8.112,68.000
0.051,0.001,0.015,27.546,134293.781,2.003,68.000
0.056,0.001,0.019,21.009,180896.375,1.833,68.000
0.057,0.001,0.013,21.897,221399.094,2.587,68.000
0.045,0.001,0.017,21.498,254502.125,4.226,68.000
0.044,0.000,0.011,23.621,38787.414,0.344,68.000
0.051,0.016,0.011,22.258,220149.656,7.962,68.000
0.043,0.001,0.015,19.659,217593.656,3.339,68.000
0.045,0.001,0.009,20.643,166219.656,2.484,68.000
0.051,0.023,0.012,22.237,240344.625,8.287,68.000
0.052,0.015,0.011,22.257,217736.594,8.034,68.000
0.051,0.012,0.013,21.110,230716.812,8.651,68.000
0.052,0.000,0.022,23.055,-6283.234,0.196,68.000
0.057,0.000,0.018,21.899,-8580.820,-1.555,68.000
0.051,0.015,0.010,21.677,217817.062,7.955,68.000
0.050,0.015,0.014,19.133,263872.500,7.721,68.000
0.049,0.003,0.012,20.591,232706.969,6.147,68.000
0.051,0.008,0.014,19.600,206045.406,5.964,68.000
0.098,0.013,0.012,20.021,199840.094,7.926,68.000
0.052,0.001,0.015,23.056,267099.219,3.990,68.000
0.050,0.012,0.012,21.532,236916.469,8.317,68.000
0.048,0.001,0.004,25.831,-15508.742,-1.196,68.000
0.043,0.001,0.015,23.155,124209.211,0.553,68.000
0.053,0.001,0.008,23.840,173666.344,2.083,68.000
0.048,0.001,0.002,22.327,129384.477,1.187,68.000
0.046,0.001,0.006,21.049,209605.062,2.704,68.000
0.052,0.001,0.020,22.652,158639.938,2.103,68.000
0.048,0.009,0.012,22.196,221492.250,7.282,68.000
0.046,0.001,0.003,21.462,175402.188,1.490,68.000
0.053,0.001,0.012,22.228,263360.062,4.811,68.000
0.052,0.001,0.019,22.323,179877.906,2.501,68.000
0.051,0.021,0.012,22.182,233376.469,7.002,68.000
0.042,0.000,0.013,25.609,-55924.926,-2.646,68.000
0.050,0.010,0.012,21.754,238739.000,8.321,68.000
0.052,0.021,0.012,22.705,217572.250,7.395,68.000
0.055,0.000,0.019,21.073,1713.094,0.692,68.000
0.053,0.001,0.008,22.790,200149.469,2.463,68.000
0.053,0.001,0.020,20.989,172487.375,2.234,68.000
0.051,0.023,0.012,22.310,242722.344,7.460,68.000
0.053,0.001,0.006,23.353,140872.438,1.556,68.000
0.045,0.000,0.015,29.347,-32873.141,0.625,68.000
0.048,0.001,0.007,23.960,112349.383,1.314,68.000
0.050,0.010,0.015,18.530,233252.344,6.361,68.000
0.056,0.002,0.011,20.990,242139.062,3.133,68.000
0.051,0.000,0.019,25.899,54821.305,-0.285,68.000
0.049,0.001,0.006,21.157,195270.594,3.241,68.000
0.057,0.001,0.013,24.716,112659.867,1.456,68.000
0.045,0.000,0.010,29.103,9346.930,1.641,68.000
0.048,0.006,0.014,17.853,209308.656,6.488,68.000
0.051,0.017,0.013,20.001,265751.719,7.885,68.000
0.044,0.001,0.007,22.160,172545.562,1.543,68.000
0.050,0.001,0.017,22.100,267577.188,4.003,68.000
0.048,0.015,0.012,21.459,229374.594,8.863,68.000
0.048,0.023,0.012,19.478,285327.562,7.810,68.000
0.051,0.012,0.012,21.419,240617.094,8.330,68.000
0.050,0.008,0.009,19.462,279325.969,6.594,68.000
0.058,0.000,0.012,21.120,15065.594,3.414,68.000
0.043,0.000,0.007,20.563,12996.875,0.905,68.000
0.051,0.007,0.013,18.963,228670.656,6.958,68.000
0.052,0.002,0.010,18.970,277018.000,5.944,68.000
0.054,0.001,0.005,22.992,138546.281,2.300,68.000
0.053,0.001,0.016,24.329,214104.781,2.580,68.000
0.049,0.005,0.013,18.712,222130.625,6.498,68.000
0.058,0.001,0.010,24.030,70185.555,1.604,68.000
0.045,0.000,0.020,22.938,93404.680,1.756,68.000
0.049,0.023,0.011,19.725,272502.906,6.398,68.000
0.049,0.012,0.012,21.280,242847.438,7.924,68.000
0.059,0.001,0.013,19.827,176915.938,0.791,68.000
0.051,0.013,0.012,21.020,230517.938,8.757,68.000
0.049,0.000,0.017,27.429,146387.375,1.274,68.000
0.052,0.005,0.013,17.763,235662.125,6.519,68.000
0.050,0.014,0.013,20.650,253564.875,8.105,68.000
0.049,0.005,0.012,20.350,230987.469,6.735,68.000
0.041,0.000,0.013,24.159,-40868.090,0.735,68.000
0.053,0.000,0.008,22.617,67331.711,2.288,68.000
0.050,0.011,0.009,21.522,292803.812,7.027,68.000
0.049,0.012,0.013,20.577,238041.344,7.651,68.000
0.051,0.006,0.013,18.343,234955.031,6.958,68.000
0.051,0.005,0.011,18.476,284031.094,6.589,68.000
0.051,0.010,0.012,21.426,225996.438,8.052,68.000
0.042,0.000,0.012,26.979,-19460.734,0.665,68.000
0.048,0.017,0.012,22.710,217150.000,8.435,68.000
0.043,0.000,0.010,22.289,48943.305,0.116,68.000
0.051,0.019,0.011,22.590,233036.625,6.396,68.000
0.047,0.000,0.022,23.300,-28052.031,0.578,68.000
0.050,0.021,0.010,20.715,265440.594,5.743,68.000
0.001,0.012,0.011,18.827,225884.531,6.188,68.000
0.049,0.026,0.012,20.974,282597.719,6.374,68.000
0.050,0.014,0.014,19.866,256586.594,7.941,68.000
0.049,0.019,0.013,21.206,244771.562,9.622,68.000
0.051,0.026,0.012,23.442,256450.969,8.564,68.000
0.051,0.000,0.018,25.019,-14069.422,-0.008,68.000
0.048,0.000,0.012,29.465,-21985.336,-1.696,68.000
0.060,0.000,0.014,17.131,8566.039,3.171,68.000
0.051,0.025,0.014,21.993,265293.938,9.501,68.000
0.056,0.001,0.008,23.434,123772.289,1.818,68.000
0.043,0.002,0.009,18.540,210952.031,3.957,68.000
0.051,0.000,0.018,26.763,-25304.453,0.634,68.000
0.052,0.009,0.011,20.078,264733.812,8.087,68.000
0.051,0.013,0.012,21.171,234409.438,8.880,68.000
0.052,0.022,0.011,22.378,231374.844,5.391,68.000
0.049,0.013,0.014,19.423,242158.969,7.189,68.000
0.051,0.016,0.011,22.453,223277.312,8.070,68.000
0.053,0.000,0.019,21.388,27588.227,1.042,68.000
0.042,0.001,0.010,19.648,179011.656,2.524,68.000
0.051,0.001,0.018,22.223,258724.938,3.667,68.000
0.056,0.000,0.004,21.879,-37688.375,1.676,68.000
0.049,0.013,0.011,22.348,229250.656,8.588,68.000
0.052,0.002,0.011,19.012,278345.219,5.808,68.000
0.051,0.027,0.013,27.837,116628.242,10.580,68.000
0.052,0.007,0.013,19.158,239214.594,7.208,68.000
0.051,0.006,0.011,19.659,270353.312,7.601,68.000
0.052,0.006,0.012,19.140,257761.750,7.548,68.000
0.045,0.001,0.005,22.739,174453.000,1.634,68.000
0.100,0.011,0.013,17.016,62731.945,9.562,68.000
0.049,0.007,0.011,20.399,257810.625,7.459,68.000
0.047,0.001,0.006,22.307,189347.844,2.297,68.000
0.050,0.013,0.011,21.793,233147.875,8.703,68.000
0.049,0.013,0.012,21.618,237863.469,8.685,68.000
0.051,0.005,0.014,17.796,223334.750,5.613,68.000
0.051,0.007,0.011,19.847,263078.656,7.864,68.000
0.050,0.009,0.013,20.936,230782.375,7.208,68.000
0.042,0.001,0.019,20.754,87938.305,1.168,68.000
0.055,0.001,0.017,26.349,31458.242,0.906,68.000
0.051,0.015,0.014,19.601,271033.250,7.931,68.000
0.048,0.001,0.014,25.990,170825.906,3.123,68.000
0.045,0.000,0.019,25.047,29504.898,1.677,68.000
0.051,0.010,0.013,21.320,227371.219,8.020,68.000
0.044,0.001,0.017,20.099,242572.750,3.661,68.000
0.055,0.001,0.015,22.382,221334.219,2.799,68.000
0.040,0.001,0.010,20.485,137399.219,1.415,68.000
0.056,0.001,0.015,21.900,205116.594,2.778,68.000
0.044,0.002,0.008,19.069,210563.219,2.399,68.000
0.049,0.012,0.012,21.156,242966.969,8.029,68.000
0.040,0.001,0.012,25.251,30758.508,-0.377,68.000
0.052,0.001,0.008,23.282,192717.844,2.590,68.000
0.050,0.025,0.014,21.196,279189.688,9.473,68.000
0.042,0.001,0.008,20.356,175567.156,1.775,68.000
0.052,0.000,0.010,28.912,8433.391,5.249,68.000
0.002,0.012,0.012,20.932,178356.062,6.796,68.000
0.057,0.001,0.019,23.003,34241.945,1.247,68.000
0.048,0.001,0.010,23.159,148525.688,3.856,68.000
0.052,0.019,0.011,22.728,227022.969,6.425,68.000
0.050,0.000,0.005,23.463,-17453.008,0.612,68.000
0.052,0.022,0.011,22.541,232670.594,5.392,68.000
0.050,0.023,0.010,19.719,266227.500,5.059,68.000
0.044,0.001,0.003,21.797,183728.750,1.000,68.000
0.054,0.002,0.010,20.797,259795.500,4.632,68.000
0.000,0.013,0.012,24.877,-92517.562,12.294,68.000
0.050,0.000,0.018,24.398,40594.992,0.216,68.000
0.052,0.001,0.018,22.154,241215.531,3.295,68.000
0.054,0.001,0.003,24.047,42898.430,1.621,68.000
0.053,0.001,0.018,24.857,97056.773,1.131,68.000
0.052,0.000,0.003,22.742,-91164.477,-1.053,68.000
0.046,0.001,0.019,24.248,110173.727,0.886,68.000
0.049,0.016,0.010,22.040,213580.000,7.923,68.000
0.058,0.001,0.010,21.431,178191.531,0.553,68.000
0.050,0.019,0.012,21.997,241116.062,8.188,68.000
0.051,0.020,0.011,21.995,244401.781,6.184,68.000
0.041,0.000,0.011,24.108,-57654.633,1.549,68.000
0.056,0.000,0.019,23.600,-23343.062,1.139,68.000
0.052,0.009,0.014,19.218,223410.188,6.377,68.000
0.000,0.011,0.012,25.629,-48362.402,13.429,68.000
0.050,0.009,0.015,19.004,223901.750,6.082,68.000
0.051,0.026,0.011,21.426,259078.000,6.275,68.000
0.049,0.026,0.010,18.887,281378.375,5.877,68.000
0.049,0.017,0.013,21.637,247063.469,8.894,68.000
0.048,0.003,0.011,19.913,255430.406,5.911,68.000
0.040,0.001,0.017,18.482,169461.344,4.077,68.000
0.050,0.022,0.012,20.931,258424.875,8.234,68.000
0.048,0.006,0.010,19.069,257892.531,6.193,68.000
0.050,0.021,0.013,19.408,268404.156,9.222,68.000
0.041,0.000,0.008,22.281,49061.523,0.245,68.000
0.042,0.000,0.014,25.309,5545.625,-0.920,68.000
0.096,0.012,0.012,20.787,188234.531,7.033,68.000
0.098,0.011,0.013,20.650,190615.562,5.357,68.000
0.048,0.009,0.012,21.868,220876.500,7.358,68.000
0.051,0.006,0.011,18.786,274135.125,7.522,68.000
0.044,0.001,0.009,23.731,68997.898,0.584,68.000
0.049,0.020,0.012,21.171,250928.125,7.802,68.000
0.059,0.001,0.009,20.343,198223.844,1.533,68.000
0.050,0.013,0.011,21.506,247573.844,8.172,68.000
0.051,0.021,0.011,22.335,232823.406,6.048,68.000
0.050,0.005,0.012,20.706,253388.906,6.606,68.000
0.049,0.009,0.011,21.684,251583.375,8.313,68.000
0.098,0.012,0.013,22.380,172246.125,5.297,68.000
0.044,0.001,0.007,20.486,201312.281,2.007,68.000
0.049,0.023,0.014,20.198,290777.375,9.254,68.000
0.048,0.001,0.012,26.204,125826.320,3.234,68.000
0.046,0.000,0.009,29.132,8215.711,1.947,68.000
0.043,0.001,0.019,20.568,212279.062,3.548,68.000
0.053,0.000,0.005,23.140,-9880.203,0.908,68.000
0.056,0.001,0.016,23.267,151621.219,1.963,68.000
0.044,0.001,0.008,19.215,201107.875,2.350,68.000
0.052,0.002,0.006,20.818,179577.250,2.713,68.000
0.056,0.000,0.015,22.998,-70442.516,0.532,68.000
0.049,0.011,0.014,19.385,239254.438,6.193,68.000
0.050,0.004,0.011,19.671,274315.938,6.622,68.000
0.045,0.000,0.011,31.519,12654.188,1.068,68.000
0.042,0.000,0.015,23.657,-10301.258,0.640,68.000
0.058,0.001,0.011,20.732,238495.500,2.366,68.000
0.051,0.007,0.011,20.047,265955.750,8.227,68.000
0.051,0.027,0.012,26.497,171998.969,10.364,68.000
0.043,0.002,0.014,19.021,209231.969,4.178,68.000
0.045,0.001,0.014,23.373,176115.156,3.165,68.000
0.050,0.020,0.012,21.574,248712.031,8.093,68.000
0.049,0.000,0.023,20.296,-52642.559,3.783,68.000
0.048,0.001,0.018,25.137,105057.617,0.617,68.000
0.051,0.001,0.018,24.133,194526.438,2.511,68.000
0.051,0.001,0.018,24.002,152983.438,1.658,68.000
0.054,0.001,0.010,26.317,156887.844,2.333,68.000
0.050,0.022,0.013,20.745,256097.625,9.121,68.000
0.049,0.004,0.012,20.756,244744.438,6.123,68.000
0.050,0.003,0.011,19.696,271548.062,6.010,68.000
0.050,0.001,0.016,24.913,236440.062,3.862,68.000
0.059,0.001,0.013,20.057,235374.844,2.110,68.000
0.050,0.019,0.010,21.128,241868.438,6.780,68.000
0.060,0.001,0.016,19.061,130525.570,0.906,68.000
0.046,0.001,0.008,19.713,211489.000,2.593,68.000
0.055,0.001,0.009,25.888,129171.430,1.293,68.000
0.051,0.008,0.010,19.527,271905.875,7.959,68.000
0.045,0.001,0.010,25.284,47621.492,1.170,68.000
0.049,0.002,0.006,20.557,193226.281,3.325,68.000
0.049,0.011,0.013,21.294,230014.500,7.072,68.000
0.050,0.016,0.014,19.169,264903.438,7.998,68.000
0.050,0.022,0.012,21.282,259616.938,7.563,68.000
0.048,0.023,0.012,20.152,284328.562,7.646,68.000
0.051,0.001,0.020,23.024,149611.219,1.809,68.000
0.000,0.012,0.011,25.380,-35768.992,14.463,68.000
0.046,0.001,0.011,24.586,113571.336,3.015,68.000
0.049,0.023,0.013,20.417,280713.125,8.979,68.000
0.059,0.001,0.013,19.399,208038.031,2.042,68.000
0.048,0.000,0.002,23.250,-20378.641,-0.453,68.000
0.051,0.000,0.013,32.742,-30709.266,-1.286,68.000
0.051,0.015,0.013,21.764,233616.188,8.347,68.000
0.049,0.001,0.011,23.913,190145.938,4.278,68.000
0.044,0.001,0.007,25.717,-19901.391,-0.548,68.000
0.047,0.001,0.020,22.347,193825.562,2.840,68.000
0.050,0.022,0.012,20.918,262472.812,8.104,68.000
0.050,0.023,0.010,19.157,278708.875,5.094,68.000
0.051,0.018,0.011,22.735,227061.438,7.488,68.000
0.041,0.000,0.016,22.906,-14076.375,0.899,68.000
0.052,0.014,0.013,21.056,241757.469,8.284,68.000
0.048,0.001,0.014,24.603,207638.781,4.194,68.000
0.057,0.001,0.018,20.123,204069.438,2.043,68.000
0.058,0.001,0.009,22.102,116298.102,0.569,68.000
0.048,0.009,0.012,22.172,220218.656,7.072,68.000
0.054,0.001,0.002,25.654,-89863.297,-0.832,68.000
0.049,0.023,0.012,20.324,272147.812,6.853,68.000
0.049,0.012,0.011,22.081,242793.250,8.501,68.000
0.042,0.000,0.006,22.750,116825.789,0.243,68.000
0.051,0.015,0.013,21.072,256228.625,8.257,68.000
0.046,0.000,0.011,33.183,-31049.125,0.945,68.000
0.043,0.001,0.009,19.997,168897.250,2.764,68.000
0.051,0.013,0.010,21.263,260632.938,7.520,68.000
0.051,0.002,0.019,22.202,242810.781,3.342,68.000
0.049,0.027,0.010,14.024,332097.188,8.186,68.000
0.056,0.001,0.013,27.723,74363.602,0.777,68.000
0.048,0.001,0.009,20.446,225557.781,3.699,68.000
0.049,0.001,0.015,21.411,237817.875,5.000,68.000
0.047,0.000,0.007,25.130,-26693.789,1.404,68.000
0.050,0.009,0.011,21.486,248017.406,8.563,68.000
0.049,0.009,0.013,20.317,231811.125,6.682,68.000
0.049,0.022,0.012,20.858,269517.875,7.698,68.000
0.050,0.018,0.011,22.080,222774.906,7.080,68.000
0.048,0.016,0.011,22.101,215507.812,8.282,68.000
0.046,0.001,0.020,20.878,208111.969,3.289,68.000
0.052,0.013,0.012,21.057,227506.438,8.815,68.000
0.045,0.000,0.006,25.234,-15115.031,-2.206,68.000
0.051,0.002,0.006,20.759,183126.969,2.724,68.000
0.050,0.005,0.015,18.009,204755.719,4.858,68.000
0.054,0.002,0.011,21.067,262005.500,4.690,68.000
0.046,0.002,0.008,19.455,216981.750,2.774,68.000
0.057,0.001,0.016,20.381,212563.875,2.639,68.000
0.040,0.000,0.012,22.045,-20982.703,2.166,68.000
0.057,0.001,0.007,21.552,186454.625,2.813,68.000
0.052,0.005,0.013,17.708,237463.031,6.456,68.000
0.048,0.001,0.008,25.706,53544.477,0.661,68.000
0.047,0.000,0.016,30.149,42138.133,-0.284,68.000
0.039,0.000,0.012,22.267,-17888.711,-1.166,68.000
0.049,0.021,0.012,20.626,268733.156,8.076,68.000
0.052,0.020,0.011,22.739,228850.438,5.940,68.000
0.048,0.012,0.011,22.567,244298.656,8.111,68.000
0.049,0.005,0.014,17.590,213175.656,6.009,68.000
0.043,0.000,0.007,21.542,-14910.141,0.887,68.000
0.050,0.006,0.010,18.840,273430.000,6.935,68.000
0.052,0.019,0.013,20.029,248240.750,8.431,68.000
0.045,0.001,0.008,19.288,205435.656,2.591,68.000
0.047,0.000,0.018,27.013,81084.195,1.230,68.000
0.050,0.000,0.019,25.980,95491.352,0.350,68.000
0.052,0.001,0.003,25.128,-24930.367,-0.086,68.000
0.056,0.001,0.018,23.126,123206.195,1.470,68.000
0.045,0.001,0.011,20.408,233721.438,5.416,68.000
0.052,0.000,0.021,21.015,-13275.219,1.285,68.000
0.099,0.012,0.013,22.423,176007.281,6.064,68.000
0.050,0.021,0.011,21.147,254201.469,5.800,68.000
0.046,0.000,0.019,24.273,48402.102,-0.029,68.000
0.049,0.011,0.012,21.872,233220.719,7.892,68.000
0.050,0.001,0.022,22.227,82487.789,0.139,68.000
0.050,0.000,0.001,21.019,-62423.266,-0.901,68.000
0.048,0.006,0.013,19.085,203253.562,6.270,68.000
0.049,0.005,0.012,20.384,227072.906,6.424,68.000
0.048,0.001,0.007,22.114,179967.094,2.350,68.000
0.053,0.000,0.012,28.756,-6571.562,2.754,68.000
0.051,0.002,0.015,21.563,249157.562,4.237,68.000
0.053,0.002,0.009,21.178,241603.312,4.893,68.000
0.054,0.002,0.008,22.281,208938.094,2.721,68.000
0.054,0.002,0.012,22.826,272160.562,4.598,68.000
0.050,0.018,0.014,18.047,278488.656,8.326,68.000
0.049,0.016,0.013,21.258,248337.469,8.643,68.000
0.043,0.000,0.010,21.415,64068.867,0.543,68.000
0.053,0.002,0.006,20.898,181885.375,2.621,68.000
0.051,0.003,0.012,18.991,259287.969,6.449,68.000
0.051,0.019,0.014,18.510,265266.500,8.599,68.000
0.052,0.021,0.011,22.362,232753.469,5.811,68.000
0.044,0.000,0.018,23.674,-13062.742,1.059,68.000
0.052,0.012,0.011,20.814,248373.844,8.238,68.000
0.048,0.026,0.012,21.273,299434.000,7.091,68.000
0.047,0.002,0.012,21.122,222254.656,6.144,68.000
0.049,0.000,0.010,23.377,17318.914,0.031,68.000
0.048,0.004,0.013,19.216,204665.312,6.310,68.000
0.050,0.009,0.015,19.158,223496.656,6.123,68.000
0.053,0.000,0.014,28.391,-106510.945,-0.549,68.000
0.050,0.014,0.013,21.187,240496.125,8.859,68.000
0.099,0.012,0.012,19.957,201516.438,7.687,68.000
0.050,0.016,0.012,22.456,231424.188,8.364,68.000
0.051,0.001,0.001,22.779,71255.789,1.179,68.000
0.049,0.020,0.012,21.041,253027.250,8.026,68.000
0.054,0.000,0.011,28.485,8029.906,2.749,68.000
0.043,0.001,0.018,21.413,210142.438,3.347,68.000
0.056,0.002,0.015,21.925,214615.281,2.873,68.000
0.055,0.000,0.007,23.140,73650.680,3.867,68.000
0.052,0.020,0.011,22.987,220526.125,6.434,68.000
0.050,0.015,0.011,22.327,218864.344,8.402,68.000
0.044,0.000,0.013,27.756,-42655.855,-2.000,68.000
0.045,0.002,0.014,21.023,213815.500,5.255,68.000
0.052,0.022,0.011,22.546,233345.812,5.409,68.000
0.049,0.006,0.010,18.949,270595.438,5.896,68.000
0.042,0.000,0.012,26.787,14704.625,0.745,68.000
0.052,0.025,0.012,23.011,244395.281,8.227,68.000
0.041,0.001,0.018,20.279,103315.773,1.543,68.000
0.042,0.001,0.019,19.905,204791.125,3.676,68.000
0.047,0.001,0.013,22.495,219175.219,5.775,68.000
0.051,0.026,0.012,22.727,264863.812,7.464,68.000
0.050,0.000,0.013,31.244,18065.539,1.946,68.000
0.052,0.014,0.012,21.391,234664.875,7.929,68.000
0.051,0.022,0.012,21.482,245535.000,8.113,68.000
0.049,0.007,0.010,18.997,273480.000,6.125,68.000
0.059,0.000,0.012,18.440,-35813.328,0.527,68.000
0.049,0.012,0.011,21.804,250445.000,8.321,68.000
0.049,0.001,0.005,21.644,182679.938,3.006,68.000
0.003,0.011,0.011,19.440,205871.812,5.940,68.000
0.050,0.023,0.013,21.054,263038.156,8.981,68.000
0.058,0.001,0.011,22.057,179534.781,0.605,68.000
0.043,0.000,0.014,25.854,4203.602,-2.245,68.000
0.051,0.007,0.010,18.562,272745.312,7.493,68.000
0.002,0.012,0.012,21.028,172786.875,7.542,68.000
0.052,0.002,0.017,22.295,272572.906,4.153,68.000
0.051,0.025,0.014,22.570,253730.469,9.350,68.000
0.051,0.024,0.010,20.440,261648.875,4.451,68.000
0.049,0.007,0.011,20.982,256852.312,7.886,68.000
0.050,0.003,0.013,18.966,237016.875,6.620,68.000
0.053,0.000,0.008,22.611,16995.039,1.484,68.000
0.055,0.001,0.010,21.974,252730.281,3.773,68.000
0.058,0.000,0.009,20.503,17230.672,2.264,68.000
0.049,0.011,0.014,19.014,237510.594,6.542,68.000
0.058,0.001,0.012,20.155,248883.156,2.709,68.000
0.049,0.000,0.017,25.763,71792.633,0.209,68.000
0.050,0.001,0.005,22.973,156975.969,2.531,68.000
0.047,0.001,0.016,24.607,233677.812,3.714,68.000
0.051,0.006,0.012,19.495,266491.125,7.323,68.000
0.051,0.005,0.013,19.095,242831.031,6.877,68.000
0.056,0.001,0.011,21.848,249898.562,3.215,68.000
0.051,0.001,0.015,22.448,258694.969,4.264,68.000
0.052,0.012,0.013,21.230,228212.969,8.648,68.000
0.050,0.013,0.013,20.985,238994.656,8.818,68.000
0.049,0.002,0.013,20.046,228560.125,6.470,68.000
0.057,0.000,0.013,24.431,31266.352,-0.042,68.000
0.053,0.001,0.010,21.097,263003.375,5.346,68.000
0.053,0.000,0.015,30.207,9905.805,-0.498,68.000
0.051,0.007,0.012,20.072,253683.281,8.126,68.000
0.050,0.018,0.012,22.489,230373.781,8.241,68.000
0.048,0.017,0.011,21.706,225953.594,7.942,68.000
0.049,0.021,0.013,19.123,273903.781,9.593,68.000
0.099,0.013,0.013,22.690,175549.625,6.691,68.000
0.050,0.012,0.014,18.870,237873.562,7.323,68.000
0.049,0.022,0.012,20.276,270146.188,7.488,68.000
0.049,0.000,0.020,23.177,48618.523,0.621,68.000
0.041,0.000,0.011,22.576,-56397.199,-1.458,68.000
0.044,0.001,0.010,18.844,218043.625,5.311,68.000
0.056,0.000,0.007,20.678,34199.055,2.784,68.000
0.057,0.001,0.012,21.613,253746.656,3.240,68.000
0.041,0.001,0.007,23.031,118473.102,1.019,68.000
0.050,0.026,0.013,22.609,276230.219,8.714,68.000
0.057,0.000,0.009,20.483,-36897.859,2.044,68.000
0.050,0.006,0.014,18.273,219528.625,6.531,68.000
0.050,0.006,0.014,18.526,213714.281,6.146,68.000
0.050,0.024,0.011,20.369,266002.844,5.417,68.000
0.045,0.002,0.017,21.451,263108.750,4.467,68.000
0.048,0.001,0.018,21.993,260365.625,4.122,68.000
0.052,0.001,0.011,29.025,51533.852,1.538,68.000
0.042,0.001,0.012,19.662,199157.438,3.785,68.000
0.050,0.013,0.014,19.443,245064.250,7.842,68.000
0.045,0.001,0.021,21.543,176284.594,2.508,68.000
0.052,0.000,0.020,24.270,-16706.594,-0.172,68.000
0.052,0.001,0.014,27.666,141933.000,2.071,68.000
0.050,0.001,0.012,28.775,99093.883,2.020,68.000
0.055,0.000,0.021,21.790,-19603.828,-1.085,68.000
0.049,0.005,0.014,17.260,218785.312,5.937,68.000
0.051,0.005,0.013,17.596,233859.250,6.458,68.000
0.050,0.014,0.014,19.486,249236.094,7.867,68.000
0.052,0.003,0.012,18.939,270029.812,6.276,68.000
0.054,0.001,0.004,22.723,108974.367,2.458,68.000
0.049,0.008,0.012,21.315,237512.594,8.198,68.000
0.043,0.001,0.009,24.074,37406.414,0.125,68.000
0.058,0.001,0.012,20.560,252750.188,3.087,68.000
0.002,0.011,0.013,21.226,115122.883,7.305,68.000
0.052,0.024,0.011,22.298,240192.125,6.512,68.000
0.049,0.001,0.020,21.472,184613.875,2.912,68.000
0.050,0.021,0.012,21.147,251949.250,8.320,68.000
0.040,0.001,0.014,19.900,149831.250,2.042,68.000
0.050,0.026,0.010,18.784,282341.844,5.357,68.000
0.052,0.010,0.010,20.050,271459.938,7.720,68.000
0.048,0.001,0.002,23.109,33705.055,-0.292,68.000
0.049,0.005,0.012,20.695,237548.594,6.585,68.000
0.051,0.020,0.013,19.790,248189.469,9.056,68.000
0.060,0.000,0.010,21.395,51677.211,5.006,68.000
0.048,0.010,0.011,22.129,247040.375,7.926,68.000
0.049,0.000,0.007,24.682,-33245.328,1.532,68.000
0.053,0.001,0.005,23.486,130483.961,2.042,68.000
0.041,0.001,0.015,17.794,166351.312,3.375,68.000
0.051,0.020,0.010,22.384,241802.125,5.815,68.000
0.047,0.000,0.016,28.284,55205.102,-0.493,68.000
0.051,0.010,0.010,20.566,283127.031,7.307,68.000
0.056,0.002,0.014,22.682,224713.156,2.927,68.000
0.046,0.001,0.010,19.693,230613.469,4.790,68.000
0.041,0.001,0.014,18.340,183009.000,3.403,68.000
0.049,0.009,0.012,22.178,236499.844,8.203,68.000
0.044,0.001,0.015,25.633,91038.633,0.181,68.000
0.052,0.015,0.012,21.933,231966.188,7.892,68.000
0.050,0.002,0.015,21.685,251106.938,4.598,68.000
0.049,0.000,0.003,19.954,-63537.918,-0.544,68.000
0.049,0.001,0.006,21.624,188475.469,2.945,68.000
0.059,0.001,0.017,20.372,105591.883,1.043,68.000
0.057,0.000,0.012,21.813,8900.320,2.898,68.000
0.048,0.020,0.012,20.629,257591.312,8.917,68.000
0.046,0.001,0.020,21.624,214186.500,3.383,68.000
0.045,0.001,0.005,22.244,186903.125,1.674,68.000
0.046,0.000,0.013,30.819,-45519.629,-2.760,68.000
0.051,0.000,0.010,26.377,-38954.895,0.287,68.000
0.049,0.009,0.014,19.390,240964.281,6.394,68.000
0.043,0.001,0.017,19.526,236147.562,3.670,68.000
0.000,0.011,0.011,28.334,20048.383,8.802,68.000
0.050,0.017,0.011,22.364,222763.625,7.927,68.000
0.049,0.011,0.012,21.815,236499.906,7.921,68.000
0.049,0.022,0.010,19.751,279220.656,6.072,68.000
0.058,0.000,0.009,22.990,39269.992,1.739,68.000
0.045,0.001,0.012,22.795,170673.844,3.807,68.000
0.098,0.011,0.011,17.575,213836.438,7.702,68.000
0.002,0.012,0.013,20.985,160482.875,7.595,68.000
0.050,0.022,0.010,20.063,266083.562,4.967,68.000
0.051,0.018,0.011,22.570,230926.312,6.779,68.000
0.050,0.023,0.014,20.170,276363.719,9.398,68.000
0.050,0.019,0.013,19.955,258678.969,9.061,68.000
0.045,0.000,0.006,21.508,34166.711,-0.536,68.000
0.057,0.000,0.011,21.066,-14702.742,0.254,68.000
0.098,0.012,0.013,21.619,183184.219,6.650,68.000
0.049,0.025,0.012,20.092,283373.594,6.278,68.000
0.059,0.001,0.010,20.157,212579.094,0.826,68.000
0.051,0.001,0.007,22.757,151978.688,1.839,68.000
0.051,0.017,0.010,22.467,231362.656,6.681,68.000
0.051,0.014,0.013,21.171,243559.969,8.431,68.000
0.053,0.000,0.004,23.472,-31629.688,1.185,68.000
0.049,0.008,0.013,19.982,230945.750,7.177,68.000
0.052,0.027,0.011,26.028,244735.656,6.642,68.000
0.058,0.001,0.009,21.502,198808.688,1.122,68.000
0.050,0.021,0.010,21.060,257609.656,5.796,68.000
0.048,0.008,0.011,21.359,248615.844,7.817,68.000
0.049,0.004,0.010,19.113,274577.188,5.826,68.000
0.049,0.007,0.014,18.495,214889.781,5.966,68.000
0.055,0.001,0.012,22.985,261397.875,3.978,68.000
0.052,0.001,0.015,27.752,88538.742,1.062,68.000
0.048,0.001,0.021,21.768,124445.180,1.622,68.000
0.058,0.001,0.015,21.464,96371.617,1.102,68.000
0.057,0.001,0.010,25.636,36547.367,0.933,68.000
0.040,0.001,0.015,17.128,173655.000,3.892,68.000
0.050,0.009,0.013,20.131,238188.125,7.030,68.000
0.050,0.003,0.013,19.859,233773.625,6.595,68.000
0.049,0.006,0.012,20.961,253387.375,7.695,68.000
0.048,0.022,0.012,19.653,281673.094,8.105,68.000
0.050,0.000,0.022,23.623,-31308.094,-0.399,68.000
0.045,0.000,0.003,22.527,73308.055,0.490,68.000
0.047,0.001,0.017,23.963,212565.188,3.455,68.000
0.047,0.001,0.010,20.847,206293.312,5.091,68.000
0.051,0.022,0.012,21.731,236836.562,8.231,68.000
0.002,0.011,0.013,21.370,127762.945,7.211,68.000
0.054,0.001,0.009,27.087,23893.695,0.209,68.000
0.043,0.002,0.010,18.594,206780.562,4.076,68.000
0.059,0.001,0.014,19.668,201354.156,1.958,68.000
0.050,0.013,0.013,20.100,237073.906,7.661,68.000
0.051,0.025,0.014,21.522,266818.125,9.457,68.000
0.050,0.014,0.012,21.434,234929.594,8.600,68.000
0.049,0.001,0.012,28.001,116244.680,2.432,68.000
0.044,0.001,0.012,22.526,182808.594,3.790,68.000
0.055,0.001,0.008,24.699,122141.289,1.960,68.000
0.049,0.007,0.013,19.407,220997.281,7.168,68.000
0.049,0.016,0.011,22.221,219333.094,8.140,68.000
0.047,0.001,0.009,19.719,227905.688,4.633,68.000
0.047,0.001,0.019,24.320,130254.383,1.527,68.000
0.002,0.013,0.012,19.935,202159.312,7.017,68.000
0.050,0.010,0.011,21.541,247203.375,8.534,68.000
0.048,0.014,0.013,20.830,246178.812,8.650,68.000
0.051,0.001,0.022,21.157,139581.750,1.453,68.000
0.051,0.000,0.020,24.102,45478.648,-1.719,68.000
0.047,0.000,0.014,29.655,50128.273,0.678,68.000
0.051,0.015,0.011,22.515,219316.344,8.062,68.000
0.057,0.000,0.010,21.511,216.742,1.688,68.000
0.044,0.002,0.011,18.591,225979.844,5.625,68.000
0.042,0.001,0.012,25.893,44240.867,-0.231,68.000
0.052,0.001,0.014,22.650,244701.125,4.194,68.000
0.043,0.000,0.006,21.543,22540.578,-0.147,68.000
0.051,0.002,0.016,22.685,281034.656,4.486,68.000
0.047,0.001,0.019,23.673,196650.375,3.138,68.000
0.048,0.001,0.009,20.084,233175.875,4.715,68.000
0.058,0.001,0.011,20.295,237790.312,2.131,68.000
0.054,0.001,0.006,21.596,171653.094,2.750,68.000
0.051,0.002,0.013,19.978,255249.812,5.110,68.000
0.052,0.022,0.012,22.134,227142.469,8.200,68.000
0.052,0.006,0.012,19.016,264797.312,7.199,68.000
0.050,0.009,0.015,19.192,219618.312,6.004,68.000
0.051,0.017,0.010,22.081,232008.062,6.658,68.000
0.002,0.012,0.013,20.937,138362.438,7.585,68.000
0.049,0.023,0.014,19.955,281693.594,9.535,68.000
0.053,0.002,0.012,21.905,270221.531,4.707,68.000
0.057,0.001,0.016,20.348,202079.281,2.515,68.000
0.049,0.010,0.011,22.076,244278.125,8.288,68.000
0.099,0.011,0.012,19.225,206912.844,7.056,68.000
0.050,0.025,0.012,22.029,270013.750,6.870,68.000
0.049,0.001,0.007,22.785,161328.969,1.994,68.000
0.047,0.002,0.012,21.012,219976.188,5.972,68.000
0.051,0.021,0.013,20.702,239478.812,9.116,68.000
0.044,0.001,0.012,20.063,220267.938,4.789,68.000
0.053,0.000,0.003,24.463,-107848.141,0.101,68.000
0.051,0.010,0.014,19.369,226298.062,6.700,68.000
0.001,0.013,0.011,18.668,198246.938,7.344,68.000
0.055,0.000,0.006,23.112,-32998.688,1.579,68.000
0.056,0.000,0.012,25.317,-11532.336,-0.090,68.000
0.060,0.001,0.008,20.187,177173.219,2.073,68.000
0.051,0.006,0.012,19.650,250165.812,7.441,68.000
0.041,0.001,0.013,24.339,81891.273,0.144,68.000
0.053,0.000,0.017,24.941,6865.969,0.884,68.000
0.052,0.015,0.013,21.855,240781.406,8.015,68.000
0.049,0.002,0.013,20.042,222476.094,6.459,68.000
0.099,0.012,0.013,21.184,192126.375,6.127,68.000
0.059,0.001,0.005,21.276,141222.719,4.274,68.000
0.055,0.001,0.004,23.723,70339.242,1.994,68.000
0.055,0.001,0.012,22.781,257723.844,4.110,68.000
0.049,0.015,0.011,22.327,216189.438,8.649,68.000
0.052,0.013,0.013,20.949,233106.562,8.607,68.000
0.052,0.009,0.011,20.541,254181.094,8.517,68.000
0.049,0.007,0.010,18.955,259572.312,6.728,68.000
0.001,0.013,0.013,20.803,174657.000,8.064,68.000
0.050,0.002,0.010,19.680,262915.594,5.462,68.000
0.051,0.019,0.012,21.483,234288.781,8.358,68.000
0.044,0.001,0.006,21.323,205365.000,2.132,68.000
0.052,0.015,0.013,20.848,258565.781,8.021,68.000
0.046,0.001,0.011,26.694,75058.758,1.974,68.000
0.050,0.019,0.011,21.340,248615.188,7.370,68.000
0.052,0.000,0.009,26.085,4937.211,-0.319,68.000
0.052,0.004,0.012,18.997,274447.312,6.323,68.000
0.048,0.001,0.021,22.191,152298.219,1.717,68.000
0.054,0.001,0.019,21.810,161308.250,1.864,68.000
0.056,0.001,0.020,20.539,167932.750,1.682,68.000
0.049,0.018,0.014,19.302,267829.281,8.598,68.000
0.051,0.004,0.011,18.895,283793.469,6.565,68.000
0.045,0.000,0.010,32.035,-5836.742,1.171,68.000
0.049,0.013,0.011,21.749,236463.375,8.860,68.000
0.050,0.018,0.010,21.781,229036.969,6.702,68.000
0.050,0.022,0.014,19.477,271097.281,9.240,68.000
0.050,0.000,0.003,20.186,-30212.484,-1.496,68.000
0.050,0.014,0.012,21.163,237306.594,8.900,68.000
0.048,0.018,0.013,21.475,251420.562,9.209,68.000
0.051,0.010,0.011,21.293,253890.094,8.524,68.000
0.043,0.001,0.018,22.516,100548.539,0.607,68.000
0.049,0.015,0.013,21.236,246359.000,8.338,68.000
0.051,0.001,0.009,21.317,234602.812,4.388,68.000
0.045,0.001,0.004,22.689,169719.062,1.376,68.000
0.043,0.001,0.019,20.098,205947.656,3.580,68.000
0.050,0.003,0.011,19.822,272338.594,6.366,68.000
0.048,0.018,0.010,21.604,226616.469,7.615,68.000
0.055,0.001,0.013,28.542,69241.836,1.080,68.000
0.042,0.000,0.006,22.624,13739.414,1.082,68.000
0.055,0.001,0.017,21.861,227572.781,3.177,68.000
0.057,0.001,0.010,21.544,225654.344,2.074,68.000
0.046,0.001,0.015,28.001,118030.602,1.100,68.000
0.056,0.001,0.017,21.243,190732.031,2.157,68.000
0.001,0.012,0.011,19.464,212759.406,6.564,68.000
0.054,0.002,0.013,23.143,265313.844,4.370,68.000
0.043,0.001,0.018,20.060,228621.844,3.874,68.000
0.052,0.012,0.012,21.189,234027.875,8.733,68.000
0.050,0.008,0.012,21.080,255978.969,8.557,68.000
0.050,0.018,0.010,21.701,227043.000,6.700,68.000
0.040,0.000,0.007,22.606,-16091.352,-0.348,68.000
0.049,0.003,0.010,19.460,265713.438,5.767,68.000
0.048,0.013,0.012,21.339,241897.500,8.546,68.000
0.054,0.001,0.013,29.114,90006.336,1.295,68.000
0.050,0.018,0.010,21.734,222450.906,6.926,68.000
0.048,0.014,0.012,20.859,245574.750,8.815,68.000
0.049,0.007,0.011,20.751,257998.156,7.867,68.000
0.057,0.001,0.020,21.202,119326.242,0.825,68.000
0.001,0.011,0.012,21.104,180565.562,6.213,68.000
0.055,0.000,0.016,28.015,32326.039,-0.020,68.000
0.052,0.003,0.011,18.691,283978.438,5.964,68.000
0.049,0.001,0.004,22.311,171948.594,2.382,68.000
0.049,0.016,0.012,22.235,221268.250,8.408,68.000
0.050,0.026,0.012,22.912,258631.000,8.278,68.000
0.057,0.001,0.007,21.718,179817.500,2.393,68.000
0.050,0.025,0.010,19.704,267859.594,5.074,68.000
0.048,0.006,0.013,19.688,209274.375,6.409,68.000
0.052,0.006,0.010,17.923,285302.031,6.650,68.000
0.051,0.010,0.013,19.962,230916.125,7.164,68.000
0.046,0.000,0.013,32.332,-32088.391,-0.169,68.000
0.045,0.001,0.012,21.977,212585.219,5.358,68.000
0.045,0.001,0.016,21.042,263890.688,4.447,68.000
0.052,0.006,0.013,18.354,238008.469,6.862,68.000
0.052,0.004,0.012,18.378,268422.281,6.394,68.000
0.049,0.018,0.014,18.878,268019.406,8.152,68.000
0.055,0.002,0.010,21.400,245799.219,3.551,68.000
0.049,0.006,0.011,19.934,255622.781,7.130,68.000
0.051,0.001,0.020,21.037,184827.312,2.719,68.000
0.050,0.007,0.013,19.667,234851.188,7.702,68.000
0.050,0.003,0.014,17.868,238292.656,6.197,68.000
0.050,0.026,0.014,22.582,273864.906,9.614,68.000
0.051,0.002,0.011,19.303,275869.562,5.901,68.000
0.050,0.015,0.010,21.555,210191.969,8.114,68.000
0.047,0.001,0.019,23.050,215162.438,3.551,68.000
0.048,0.006,0.013,18.199,206919.625,6.441,68.000
0.047,0.001,0.012,22.116,215576.344,5.801,68.000
0.049,0.022,0.013,20.376,273803.562,8.620,68.000
0.053,0.001,0.021,20.881,148746.656,1.717,68.000
0.056,0.001,0.004,22.858,101228.445,2.738,68.000
0.053,0.001,0.009,23.769,184644.750,2.683,68.000
0.052,0.010,0.013,20.170,227160.906,7.214,68.000
0.049,0.004,0.013,18.592,225770.469,6.638,68.000
0.048,0.022,0.012,19.732,279904.344,8.266,68.000
0.050,0.007,0.012,20.322,253805.156,8.341,68.000
0.053,0.000,0.017,29.293,-24427.242,-0.324,68.000
0.048,0.006,0.011,20.701,245115.562,6.874,68.000
0.050,0.002,0.015,20.755,239630.094,4.717,68.000
0.048,0.017,0.013,22.570,227296.469,9.264,68.000
0.050,0.001,0.006,25.568,18310.656,-0.087,68.000
0.056,0.000,0.016,22.425,-27815.477,1.149,68.000
0.048,0.002,0.016,22.358,270255.938,4.510,68.000
0.050,0.013,0.011,21.824,239885.062,8.365,68.000
0.047,0.002,0.013,22.010,216075.375,5.821,68.000
0.050,0.008,0.010,20.373,263996.000,7.817,68.000
0.057,0.000,0.010,24.047,36397.914,1.174,68.000
0.044,0.000,0.013,26.624,-20048.539,-2.071,68.000
0.001,0.013,0.012,20.416,203167.406,7.153,68.000
0.002,0.013,0.011,18.704,228769.844,6.283,68.000
0.046,0.001,0.017,21.307,259052.344,4.309,68.000
0.051,0.022,0.014,21.581,238893.469,9.457,68.000
0.049,0.018,0.012,22.264,229223.969,8.684,68.000
0.045,0.001,0.013,21.875,219632.469,5.078,68.000
0.048,0.000,0.008,25.801,-10519.273,1.909,68.000
0.051,0.027,0.010,19.708,267114.500,5.536,68.000
0.047,0.002,0.018,21.976,249612.250,3.778,68.000
0.050,0.021,0.013,19.279,265021.969,9.176,68.000
0.047,0.001,0.011,20.985,218628.844,5.479,68.000
0.050,0.007,0.011,19.402,266589.438,7.410,68.000
0.049,0.000,0.002,21.416,-29201.656,0.296,68.000
0.049,0.013,0.014,18.982,240084.781,7.231,68.000
0.042,0.001,0.018,20.043,206815.375,3.673,68.000
0.060,0.000,0.012,20.367,156684.781,0.366,68.000
0.048,0.013,0.010,22.634,238926.000,8.035,68.000
0.049,0.009,0.012,21.863,225318.906,7.570,68.000
0.048,0.001,0.012,23.606,203328.406,4.968,68.000
0.047,0.001,0.010,23.071,121806.258,2.712,68.000
0.042,0.001,0.004,22.032,197261.500,1.762,68.000
0.050,0.001,0.016,22.802,277653.469,4.551,68.000
0.041,0.001,0.012,22.233,143998.812,1.565,68.000
0.055,0.001,0.012,29.114,34681.648,0.847,68.000
0.044,0.002,0.014,19.905,210488.344,4.684,68.000
0.053,0.000,0.009,30.588,25725.078,2.718,68.000
0.051,0.003,0.010,18.566,288453.281,5.936,68.000
0.000,0.012,0.012,25.082,-62111.316,14.796,68.000
0.044,0.001,0.015,21.871,213339.594,3.005,68.000
0.041,0.001,0.013,19.600,202694.906,3.250,68.000
0.051,0.001,0.010,22.834,207445.000,4.464,68.000
0.046,0.000,0.002,21.126,-31747.711,-0.495,68.000
0.048,0.013,0.011,22.031,231163.281,8.827,68.000
0.049,0.015,0.013,21.433,235704.000,8.702,68.000
0.050,0.000,0.017,26.260,15414.352,0.513,68.000
0.048,0.019,0.012,20.773,255908.781,9.561,68.000
0.047,0.001,0.007,24.292,108710.320,1.004,68.000
0.051,0.002,0.014,20.229,245842.000,4.812,68.000
0.048,0.008,0.012,22.086,222631.812,7.284,68.000
0.052,0.009,0.011,20.470,254668.500,8.478,68.000
0.050,0.026,0.010,18.579,271444.406,5.278,68.000
0.049,0.020,0.011,20.552,258178.250,7.137,68.000
0.050,0.001,0.015,28.220,126892.586,2.376,68.000
0.049,0.026,0.010,18.834,285689.156,6.157,68.000
0.049,0.023,0.014,20.172,288972.562,9.253,68.000
0.048,0.016,0.012,21.707,222818.531,8.850,68.000
0.059,0.001,0.013,19.821,221527.375,1.241,68.000
0.049,0.018,0.012,22.030,228923.312,8.167,68.000
0.054,0.001,0.012,22.950,271243.156,4.602,68.000
0.049,0.007,0.014,18.615,220143.188,6.098,68.000
0.058,0.000,0.011,22.809,159637.875,1.058,68.000
0.100,0.011,0.011,18.658,-3330.117,11.262,68.000
0.002,0.012,0.012,19.835,193936.844,6.486,68.000
0.050,0.008,0.014,19.302,219883.719,6.088,68.000
0.050,0.019,0.010,21.529,247690.031,6.529,68.000
0.048,0.007,0.011,20.725,244787.906,7.258,68.000
0.044,0.002,0.010,18.401,215473.188,4.638,68.000
0.002,0.013,0.012,20.769,189777.406,7.335,68.000
0.052,0.013,0.013,20.831,235749.594,8.397,68.000
0.049,0.003,0.010,19.407,262585.219,5.824,68.000
0.045,0.001,0.014,21.682,216784.156,5.173,68.000
0.045,0.001,0.004,21.517,180512.344,1.368,68.000
0.041,0.001,0.012,19.362,186196.438,2.780,68.000
0.053,0.002,0.005,21.288,174444.375,2.763,68.000
0.049,0.015,0.013,20.461,256574.812,8.376,68.000
0.045,0.001,0.004,22.335,166654.906,1.157,68.000
0.052,0.025,0.012,22.813,249890.969,8.159,68.000
0.056,0.000,0.009,25.082,-3590.211,0.990,68.000
0.046,0.000,0.012,32.721,-85776.836,-2.888,68.000
0.050,0.001,0.019,24.131,103570.445,0.821,68.000
0.051,0.000,0.023,20.483,-64010.809,3.299,68.000
0.050,0.020,0.010,21.535,257053.562,6.079,68.000
0.047,0.001,0.012,30.231,16184.258,0.725,68.000
0.050,0.002,0.006,20.649,185987.750,3.295,68.000
0.042,0.001,0.013,20.713,176593.594,2.456,68.000
0.050,0.016,0.010,21.581,220640.969,7.941,68.000
0.051,0.002,0.006,21.028,181888.750,2.554,68.000
0.050,0.000,0.023,21.117,-85205.516,2.959,68.000
0.048,0.025,0.013,20.894,299602.625,8.248,68.000
0.050,0.013,0.010,22.207,237289.344,8.052,68.000
0.049,0.001,0.006,23.117,165998.719,2.272,68.000
0.050,0.001,0.009,22.978,186395.125,3.908,68.000
0.044,0.000,0.012,27.887,-46943.027,0.905,68.000
0.046,0.001,0.015,25.590,141799.625,2.271,68.000
0.049,0.018,0.010,21.607,228955.656,7.171,68.000
0.042,0.001,0.018,20.193,217776.594,3.789,68.000
0.057,0.001,0.018,20.060,206609.625,2.071,68.000
0.051,0.000,0.013,31.145,5259.555,1.212,68.000
0.049,0.000,0.007,23.161,-25642.195,1.041,68.000
0.052,0.000,0.002,20.595,-41517.910,-0.788,68.000
0.044,0.001,0.015,20.309,232018.125,3.951,68.000
0.053,0.001,0.008,23.982,166575.375,1.908,68.000
0.057,0.002,0.015,21.070,200829.688,3.047,68.000
0.049,0.011,0.014,18.987,238726.312,6.423,68.000
0.000,0.012,0.013,24.125,-97071.734,12.907,68.000
0.048,0.002,0.018,21.444,268397.094,4.209,68.000
0.053,0.002,0.013,22.419,252877.000,4.562,68.000
0.098,0.012,0.014,23.481,168350.156,4.703,68.000
0.051,0.027,0.014,21.854,219100.688,11.967,68.000
0.052,0.013,0.014,20.015,247353.500,8.024,68.000
0.058,0.000,0.013,21.473,4040.672,-1.134,68.000
0.050,0.001,0.019,23.748,146275.781,1.744,68.000
0.044,0.001,0.010,20.363,166548.281,3.832,68.000
0.048,0.005,0.013,18.695,204758.781,6.266,68.000
0.050,0.010,0.010,21.000,266397.375,8.009,68.000
0.050,0.023,0.013,20.977,266859.219,9.239,68.000
0.050,0.022,0.013,20.104,260257.969,9.317,68.000
0.052,0.026,0.012,24.047,224816.750,8.247,68.000
0.048,0.014,0.011,22.080,227162.219,9.200,68.000
0.049,0.000,0.003,24.328,-151479.891,-2.899,68.000
0.057,0.001,0.011,22.033,198482.469,1.415,68.000
0.052,0.001,0.008,25.051,124868.805,1.648,68.000
0.056,0.001,0.011,21.641,249698.312,3.384,68.000
0.051,0.002,0.013,19.830,251986.188,5.575,68.000
0.051,0.010,0.013,20.884,224008.875,7.653,68.000
0.050,0.005,0.010,18.546,289712.250,5.715,68.000
0.051,0.013,0.013,20.949,234320.188,8.744,68.000
0.052,0.007,0.011,19.388,262457.281,7.843,68.000
0.049,0.015,0.014,19.568,256458.438,8.591,68.000
0.049,0.001,0.021,21.078,192169.062,2.853,68.000
0.056,0.001,0.017,22.070,183909.031,2.181,68.000
0.051,0.027,0.014,26.191,215887.312,10.171,68.000
0.054,0.002,0.010,20.974,252255.812,4.455,68.000
0.057,0.001,0.016,22.729,97833.758,1.213,68.000
0.040,0.001,0.017,17.161,186141.969,4.736,68.000
0.049,0.004,0.012,20.556,236864.000,6.076,68.000
0.048,0.005,0.010,19.140,269652.094,5.760,68.000
0.050,0.001,0.006,24.247,82871.773,0.723,68.000
0.043,0.001,0.014,23.355,85331.836,-0.129,68.000
0.050,0.000,0.022,22.858,27163.289,-0.846,68.000
0.050,0.019,0.012,21.607,245604.781,8.836,68.000
0.001,0.010,0.012,21.319,167101.562,6.225,68.000
0.043,0.000,0.018,23.994,93106.570,0.600,68.000
0.051,0.021,0.014,20.541,246489.594,9.270,68.000
0.052,0.010,0.013,21.069,223311.344,7.896,68.000
0.049,0.021,0.013,19.801,267243.562,9.281,68.000
0.043,0.001,0.010,22.988,95976.383,1.607,68.000
0.098,0.011,0.013,21.253,185917.875,5.208,68.000
0.040,0.000,0.008,22.526,-62735.566,1.643,68.000
0.050,0.014,0.010,21.687,231593.875,7.858,68.000
0.051,0.000,0.009,27.518,30898.164,2.451,68.000
0.052,0.002,0.006,20.854,182902.344,2.639,68.000
0.044,0.000,0.012,28.139,-51090.645,-2.744,68.000
0.054,0.001,0.015,22.990,240106.469,3.195,68.000
0.049,0.019,0.014,18.079,280234.656,9.357,68.000
0.055,0.002,0.014,22.862,225139.562,2.881,68.000
0.046,0.000,0.005,20.922,-7091.102,-0.650,68.000
0.055,0.002,0.013,23.350,246758.250,3.576,68.000
0.043,0.001,0.010,21.417,144704.375,2.900,68.000
0.042,0.001,0.009,20.335,160082.219,1.825,68.000
0.042,0.001,0.016,19.069,219361.844,3.589,68.000
0.048,0.004,0.011,20.408,245655.594,6.159,68.000
0.043,0.001,0.011,20.139,175654.812,4.181,68.000
0.050,0.003,0.012,19.856,254156.500,6.369,68.000
0.048,0.016,0.013,21.349,233997.656,8.887,68.000
0.052,0.015,0.013,21.291,245507.469,8.043,68.000
0.050,0.026,0.010,19.150,277478.562,5.203,68.000
0.049,0.020,0.013,20.236,262610.469,9.632,68.000
0.042,0.000,0.005,23.237,111271.617,0.224,68.000
0.043,0.001,0.009,19.368,193490.469,2.798,68.000
0.054,0.001,0.012,23.451,268245.000,4.239,68.000
0.047,0.002,0.014,21.921,223742.812,5.936,68.000
0.057,0.001,0.016,20.384,221482.875,2.901,68.000
0.049,0.000,0.017,25.809,35433.477,0.200,68.000
0.052,0.021,0.013,21.607,226998.562,8.907,68.000
0.051,0.000,0.018,26.824,-42687.316,-0.370,68.000
0.050,0.011,0.012,21.509,235354.312,8.128,68.000
0.050,0.000,0.012,30.283,17488.828,-1.182,68.000
0.097,0.012,0.012,19.620,203248.469,7.816,68.000
0.042,0.001,0.017,22.011,70229.195,-0.012,68.000
0.001,0.012,0.013,21.423,156348.094,8.201,68.000
0.049,0.008,0.013,21.023,226151.938,7.469,68.000
0.049,0.001,0.005,24.767,106850.492,1.343,68.000
0.053,0.002,0.012,21.449,267348.875,4.927,68.000
0.055,0.001,0.005,24.630,-19320.383,1.352,68.000
0.050,0.000,0.005,22.761,-61451.277,-1.238,68.000
0.046,0.000,0.009,25.853,-8940.219,-0.486,68.000
0.046,0.002,0.014,21.710,220667.594,5.705,68.000
0.057,0.000,0.009,23.250,-22612.102,1.964,68.000
0.050,0.014,0.011,22.201,222137.500,8.241,68.000
0.048,0.013,0.014,19.518,240259.500,7.270,68.000
0.045,0.001,0.009,24.587,78628.789,1.584,68.000
0.051,0.007,0.014,19.357,206519.875,5.885,68.000
0.051,0.017,0.012,22.554,222490.656,7.757,68.000
0.052,0.026,0.011,23.548,231458.812,7.365,68.000
0.046,0.002,0.011,20.090,239816.062,6.253,68.000
0.048,0.007,0.011,21.079,238416.562,7.292,68.000
0.047,0.001,0.018,24.699,142666.938,1.841,68.000
0.050,0.000,0.017,29.262,17993.844,-0.465,68.000
0.051,0.000,0.009,29.005,59537.117,3.876,68.000
0.001,0.013,0.012,20.602,180468.562,8.290,68.000
0.048,0.000,0.003,25.362,-76219.375,-1.487,68.000
0.050,0.024,0.011,19.835,265812.125,5.097,68.000
0.045,0.000,0.014,28.616,-62341.047,0.775,68.000
0.042,0.001,0.010,22.691,86644.164,0.680,68.000
0.051,0.021,0.013,20.883,239801.438,8.953,68.000
0.050,0.001,0.005,21.726,178548.625,3.061,68.000
0.050,0.011,0.015,18.280,238856.500,6.437,68.000
0.049,0.009,0.011,21.529,254818.219,7.982,68.000
0.043,0.000,0.005,22.880,101281.133,-0.249,68.000
0.045,0.001,0.017,22.406,189400.312,2.698,68.000
0.049,0.007,0.010,18.992,265745.312,7.007,68.000
0.050,0.025,0.014,21.568,278187.312,9.385,68.000
0.051,0.026,0.014,22.649,262137.219,9.595,68.000
0.048,0.007,0.013,19.838,211329.844,6.301,68.000
0.052,0.013,0.013,21.069,233088.156,8.619,68.000
0.099,0.011,0.012,21.088,162662.656,6.120,68.000
0.000,0.011,0.013,24.542,-97183.703,13.788,68.000
0.046,0.000,0.005,25.164,-10970.141,-2.176,68.000
0.050,0.023,0.010,19.764,268241.438,4.949,68.000
0.049,0.009,0.010,21.068,265146.031,7.826,68.000
0.052,0.018,0.012,21.656,228334.500,8.037,68.000
0.050,0.003,0.014,19.082,238191.844,5.340,68.000
0.049,0.014,0.013,20.511,253414.906,8.177,68.000
0.049,0.000,0.021,21.122,-63346.188,3.557,68.000
0.045,0.000,0.014,30.835,-58022.691,0.487,68.000
0.057,0.000,0.009,23.654,21213.320,2.410,68.000
0.049,0.007,0.010,18.985,268947.406,6.476,68.000
0.049,0.019,0.011,20.989,248243.062,7.685,68.000
0.051,0.017,0.012,22.458,224355.969,7.961,68.000
0.058,0.001,0.013,23.863,115458.539,1.135,68.000
0.055,0.001,0.006,22.507,160152.906,2.298,68.000
0.048,0.000,0.016,27.790,-19087.258,-0.019,68.000
0.058,0.000,0.006,22.305,-22319.094,2.773,68.000
0.054,0.001,0.022,20.592,137948.938,1.270,68.000
0.044,0.000,0.015,26.372,-23613.992,0.428,68.000
0.047,0.001,0.005,21.452,191257.094,2.660,68.000
0.053,0.001,0.011,21.529,262589.250,4.955,68.000
0.049,0.001,0.002,23.060,50902.883,0.241,68.000
0.050,0.008,0.015,18.876,215557.812,5.822,68.000
0.052,0.001,0.005,25.092,59513.461,0.941,68.000
0.049,0.008,0.014,18.965,225473.438,6.367,68.000
0.057,0.000,0.018,24.240,-3189.875,1.050,68.000
0.048,0.014,0.014,19.885,249805.031,8.167,68.000
0.051,0.005,0.010,18.356,291946.375,6.187,68.000
0.048,0.014,0.011,22.099,227181.719,9.177,68.000
0.051,0.000,0.013,29.573,-113717.672,-1.056,68.000
0.050,0.000,0.010,24.827,-2381.719,-0.053,68.000
0.047,0.001,0.009,21.030,197977.875,3.440,68.000
0.049,0.010,0.013,20.537,232988.594,6.473,68.000
0.049,0.001,0.021,21.197,164990.062,2.201,68.000
0.050,0.000,0.018,24.523,27655.164,-0.002,68.000
0.050,0.009,0.012,21.691,241688.281,8.484,68.000
0.053,0.001,0.017,22.253,246082.812,3.579,68.000
0.048,0.001,0.011,20.861,247142.250,6.407,68.000
0.050,0.026,0.010,19.172,276961.625,5.492,68.000
0.048,0.010,0.014,20.401,232977.906,5.810,68.000
0.048,0.013,0.014,19.739,244511.719,7.624,68.000
0.059,0.001,0.016,18.746,178694.750,1.741,68.000
0.057,0.000,0.007,19.992,-14617.617,2.985,68.000
0.054,0.001,0.015,22.131,249613.094,3.138,68.000
0.051,0.024,0.011,21.412,249105.781,5.552,68.000
0.050,0.013,0.010,22.015,248150.656,7.915,68.000
0.051,0.015,0.011,22.268,216995.656,8.145,68.000
0.051,0.019,0.011,22.427,236881.000,6.046,68.000
0.050,0.001,0.009,21.359,238483.250,4.734,68.000
0.049,0.013,0.012,21.280,243807.062,8.547,68.000
0.052,0.002,0.017,22.053,262967.250,3.895,68.000
0.099,0.013,0.011,21.711,131984.281,5.239,68.000
0.051,0.001,0.022,22.562,76761.695,0.311,68.000
0.055,0.001,0.011,22.904,232814.188,3.208,68.000
0.049,0.009,0.013,21.780,223654.031,7.438,68.000
0.051,0.010,0.011,20.894,259972.875,8.265,68.000
0.053,0.001,0.015,29.610,18962.602,0.901,68.000
0.052,0.003,0.014,19.460,256614.375,5.311,68.000
0.049,0.026,0.010,18.917,282485.719,5.963,68.000
0.051,0.000,0.001,20.067,-29001.273,-1.083,68.000
0.055,0.000,0.022,21.906,38888.992,0.380,68.000
0.046,0.001,0.017,22.793,202308.781,2.907,68.000
0.048,0.005,0.012,20.224,214570.500,6.091,68.000
0.051,0.007,0.013,20.169,248089.312,8.147,68.000
0.048,0.001,0.008,26.990,23670.445,0.277,68.000
0.044,0.000,0.009,26.223,-51895.734,1.914,68.000
0.048,0.010,0.013,21.059,229599.031,6.408,68.000
0.049,0.000,0.016,27.471,140256.219,0.941,68.000
0.052,0.000,0.005,22.722,-19358.883,0.368,68.000
0.046,0.000,0.021,24.106,64838.289,-0.850,68.000
0.045,0.001,0.010,23.689,98417.617,2.296,68.000
0.056,0.001,0.011,25.008,178611.094,2.027,68.000
0.051,0.000,0.013,30.055,-40085.035,-1.500,68.000
0.048,0.013,0.011,22.502,225973.969,8.579,68.000
0.050,0.022,0.013,20.628,254141.812,9.086,68.000
0.048,0.005,0.011,20.395,245463.219,6.060,68.000
0.059,0.000,0.009,19.445,4177.766,2.369,68.000
0.050,0.001,0.011,22.281,228323.031,5.139,68.000
0.059,0.001,0.013,19.831,198832.188,0.844,68.000
0.052,0.001,0.006,21.263,179574.469,2.360,68.000
0.055,0.000,0.019,21.327,-240.984,0.699,68.000
0.051,0.013,0.013,20.907,238127.062,8.549,68.000
0.051,0.001,0.008,23.133,191612.750,2.603,68.000
0.044,0.000,0.006,24.680,42894.961,-0.626,68.000
0.049,0.002,0.015,21.457,244831.562,4.872,68.000
0.050,0.023,0.011,19.892,260734.219,5.327,68.000
0.054,0.001,0.020,22.882,78008.883,0.508,68.000
0.052,0.001,0.020,24.155,39686.617,-0.236,68.000
0.001,0.010,0.011,19.564,199622.781,5.563,68.000
0.058,0.001,0.010,22.216,169738.719,0.169,68.000
0.057,0.000,0.020,22.101,44479.414,-0.393,68.000
0.052,0.001,0.017,24.094,225670.781,3.198,68.000
0.047,0.000,0.019,25.730,95977.617,0.871,68.000
0.052,0.003,0.014,18.167,248056.781,5.486,68.000
0.048,0.013,0.011,22.412,230422.938,8.517,68.000
0.002,0.012,0.013,20.935,154292.656,7.346,68.000
0.051,0.000,0.003,20.414,14572.398,1.469,68.000
0.054,0.002,0.013,23.023,271442.469,4.531,68.000
0.050,0.005,0.010,18.789,284993.156,6.010,68.000
0.055,0.001,0.013,26.844,145718.781,1.924,68.000
0.060,0.000,0.009,20.130,69164.805,3.765,68.000
0.047,0.001,0.009,21.945,174097.531,3.041,68.000
0.097,0.013,0.012,21.569,185832.719,7.149,68.000
0.049,0.001,0.004,22.167,157332.531,2.282,68.000
0.049,0.012,0.010,22.072,263873.812,7.520,68.000
0.041,0.000,0.011,24.709,-82254.891,-1.076,68.000
0.049,0.002,0.017,22.032,285195.250,4.281,68.000
0.049,0.019,0.013,20.554,257020.625,9.847,68.000
0.041,0.001,0.015,18.947,175781.094,2.889,68.000
0.045,0.001,0.017,23.867,109808.742,0.498,68.000
0.051,0.017,0.013,21.555,244690.062,7.889,68.000
0.051,0.001,0.018,23.875,193619.469,2.384,68.000
0.048,0.001,0.022,21.677,151886.594,1.709,68.000
0.049,0.001,0.001,21.549,111979.961,1.380,68.000
0.043,0.001,0.016,19.081,251088.531,4.024,68.000
0.051,0.025,0.012,22.767,262606.125,7.602,68.000
0.051,0.002,0.014,20.748,252392.156,4.373,68.000
0.052,0.003,0.013,19.323,255501.062,5.332,68.000
0.049,0.000,0.014,30.783,23194.328,0.470,68.000
0.049,0.002,0.016,22.288,285655.344,4.316,68.000
0.060,0.001,0.009,19.411,199894.750,0.887,68.000
0.042,0.000,0.015,23.759,-16814.508,-2.657,68.000
0.055,0.000,0.011,28.814,20007.383,3.771,68.000
0.049,0.003,0.011,20.225,261010.219,6.257,68.000
0.051,0.001,0.017,22.332,268094.906,3.934,68.000
0.049,0.012,0.011,22.247,245359.469,8.142,68.000
0.053,0.001,0.003,22.560,119796.445,2.451,68.000
0.050,0.018,0.014,19.416,271044.625,7.998,68.000
0.051,0.008,0.015,19.408,205347.531,5.615,68.000
0.049,0.016,0.014,20.365,253219.812,8.416,68.000
0.050,0.008,0.013,20.200,231481.938,7.528,68.000
0.055,0.001,0.016,21.724,223014.969,2.753,68.000
0.050,0.021,0.011,21.357,244151.594,6.607,68.000
0.048,0.001,0.010,20.065,236070.781,5.004,68.000
0.049,0.008,0.010,20.701,272794.594,7.259,68.000
0.050,0.016,0.013,21.988,237991.469,8.899,68.000
0.052,0.018,0.012,21.620,234844.594,7.996,68.000
0.051,0.001,0.023,21.190,109312.133,0.348,68.000
0.047,0.000,0.018,24.114,35621.820,0.140,68.000
0.049,0.020,0.013,19.236,277866.594,9.882,68.000
0.048,0.001,0.006,24.798,46723.195,-0.029,68.000
0.050,0.000,0.009,24.518,-172.172,0.527,68.000
0.050,0.017,0.011,22.721,221144.500,7.239,68.000
0.049,0.014,0.010,21.871,224012.500,7.963,68.000
0.052,0.001,0.006,22.163,169524.656,2.277,68.000
0.044,0.001,0.004,22.319,176289.969,1.309,68.000
0.052,0.014,0.012,21.134,234011.469,8.139,68.000
0.049,0.012,0.014,19.881,234778.969,6.569,68.000
0.051,0.023,0.011,21.740,246249.969,5.608,68.000
0.053,0.000,0.020,24.169,11460.578,-0.398,68.000
0.049,0.001,0.002,24.308,-1369.391,-0.758,68.000
0.050,0.019,0.010,21.561,248377.875,6.725,68.000
0.045,0.000,0.010,25.237,-23294.555,-0.603,68.000
0.055,0.000,0.007,21.387,5977.758,2.124,68.000
0.049,0.019,0.010,21.259,237987.125,7.077,68.000
0.060,0.000,0.013,19.548,93532.211,1.368,68.000
0.052,0.026,0.013,23.948,227165.938,8.670,68.000
0.054,0.001,0.004,22.119,114441.180,2.625,68.000
0.049,0.003,0.012,20.547,231536.125,6.090,68.000
0.056,0.000,0.012,23.793,-74883.578,-0.006,68.000
0.052,0.021,0.012,22.631,227160.750,6.596,68.000
0.054,0.000,0.019,21.355,-5185.758,0.707,68.000
0.058,0.001,0.020,19.498,176484.562,1.320,68.000
0.043,0.002,0.011,18.819,221292.719,5.440,68.000
0.052,0.017,0.011,23.121,223711.250,6.991,68.000
0.053,0.002,0.017,22.096,257058.125,3.765,68.000
0.050,0.008,0.010,19.719,277441.031,6.736,68.000
0.048,0.022,0.012,19.862,277956.906,7.658,68.000
0.051,0.007,0.012,19.997,253072.688,7.959,68.000
0.050,0.001,0.008,21.201,215850.312,2.778,68.000
0.047,0.000,0.019,23.098,87993.133,0.763,68.000
0.051,0.002,0.014,21.380,247270.594,4.310,68.000
0.051,0.005,0.010,18.247,293624.781,6.211,68.000
0.049,0.001,0.002,22.344,81903.445,0.895,68.000
0.048,0.016,0.011,21.947,221047.625,8.335,68.000
0.051,0.019,0.012,21.938,236977.938,8.282,68.000
0.059,0.001,0.013,20.311,218815.531,1.414,68.000
0.056,0.000,0.014,25.199,13585.078,-1.664,68.000
0.051,0.000,0.001,21.227,-24230.508,0.747,68.000
0.049,0.000,0.016,24.184,109121.773,0.203,68.000
0.055,0.001,0.012,22.282,256620.000,3.951,68.000
0.049,0.014,0.012,21.581,236983.688,8.805,68.000
0.052,0.027,0.010,22.802,263367.406,10.498,68.000
0.040,0.000,0.015,19.367,79241.367,2.121,68.000
0.051,0.022,0.012,21.787,241563.656,6.673,68.000
0.048,0.009,0.014,19.584,231274.156,5.970,68.000
0.043,0.000,0.017,25.832,50806.570,-0.437,68.000
0.049,0.023,0.011,19.544,270099.031,5.997,68.000
0.051,0.018,0.010,22.510,235558.344,6.580,68.000
0.049,0.006,0.015,18.209,198005.094,5.370,68.000
0.042,0.001,0.006,22.504,148347.219,1.189,68.000
0.050,0.010,0.009,20.951,294410.219,7.046,68.000
0.052,0.025,0.012,22.943,244127.156,7.324,68.000
0.042,0.001,0.010,19.033,181181.625,3.246,68.000
0.048,0.003,0.012,20.588,217854.719,6.134,68.000
0.049,0.011,0.010,22.357,271019.156,7.353,68.000
0.051,0.022,0.011,21.824,239025.656,4.852,68.000
0.049,0.025,0.011,19.392,276105.469,5.806,68.000
0.052,0.025,0.013,22.863,244222.219,8.539,68.000
0.058,0.000,0.017,22.710,-3159.859,0.284,68.000
0.049,0.011,0.012,21.573,231606.344,7.295,68.000
0.050,0.005,0.015,17.746,209583.188,5.003,68.000
0.052,0.000,0.006,21.950,-12609.711,1.087,68.000
0.055,0.000,0.014,25.877,-14537.117,0.740,68.000
0.052,0.000,0.016,25.822,22611.758,0.723,68.000
0.056,0.000,0.020,21.552,-58311.402,0.920,68.000
0.044,0.001,0.014,20.797,217435.562,4.493,68.000
0.058,0.001,0.008,20.448,196343.156,2.101,68.000
0.050,0.004,0.009,18.541,283865.562,5.454,68.000
0.051,0.000,0.018,25.499,-22248.625,-0.878,68.000
0.048,0.007,0.014,18.270,211126.531,6.288,68.000
0.002,0.013,0.012,20.844,180577.969,7.703,68.000
0.049,0.017,0.011,21.977,223649.250,8.048,68.000
0.048,0.000,0.022,22.358,-2906.992,1.809,68.000
0.051,0.009,0.011,21.179,251482.219,8.673,68.000
0.049,0.024,0.013,20.465,289064.594,8.170,68.000
0.050,0.015,0.013,20.606,253903.844,8.288,68.000
0.049,0.022,0.013,20.137,275061.156,9.116,68.000
0.051,0.020,0.012,21.346,237005.844,8.623,68.000
0.044,0.001,0.005,21.537,204111.562,1.851,68.000
0.049,0.001,0.019,22.756,189887.406,2.848,68.000
0.056,0.000,0.008,24.716,97122.508,1.579,68.000
0.050,0.010,0.011,21.940,244848.375,8.337,68.000
0.051,0.007,0.012,20.697,260609.531,8.435,68.000
0.052,0.012,0.011,20.804,258706.625,7.966,68.000
0.050,0.007,0.012,20.253,255885.219,8.007,68.000
0.054,0.002,0.010,21.060,252131.969,4.322,68.000
0.049,0.001,0.017,26.703,86504.273,0.389,68.000
0.049,0.014,0.010,22.393,220141.375,8.184,68.000
0.051,0.002,0.010,19.210,272426.125,5.982,68.000
0.049,0.012,0.014,19.458,235824.875,6.375,68.000
0.048,0.002,0.011,19.894,254773.500,6.005,68.000
0.053,0.001,0.004,23.034,126364.367,2.399,68.000
0.048,0.022,0.012,20.048,281092.938,8.398,68.000
0.050,0.016,0.014,18.565,263735.219,7.871,68.000
0.053,0.001,0.011,21.907,261163.375,4.528,68.000
0.058,0.001,0.015,22.429,66061.367,1.265,68.000
0.040,0.001,0.012,19.460,180423.812,2.305,68.000
0.051,0.003,0.010,18.859,280956.375,5.901,68.000
0.041,0.001,0.017,20.120,59413.305,0.361,68.000
0.054,0.001,0.019,23.398,143260.625,1.589,68.000
0.049,0.012,0.010,22.346,259462.625,7.630,68.000
0.049,0.013,0.011,21.819,233052.688,8.789,68.000
0.045,0.002,0.007,19.260,214345.750,2.589,68.000
0.049,0.014,0.010,22.499,226140.938,8.168,68.000
0.052,0.023,0.011,20.990,245748.344,4.649,68.000
0.054,0.001,0.008,23.730,188272.438,2.115,68.000
0.041,0.001,0.013,20.602,184417.812,2.758,68.000
0.049,0.001,0.011,21.542,238012.281,5.277,68.000
0.051,0.009,0.013,20.810,229131.625,7.776,68.000
0.058,0.001,0.013,22.434,194042.062,1.798,68.000
0.050,0.017,0.010,21.516,226315.312,6.904,68.000
0.052,0.020,0.011,22.340,235910.750,5.617,68.000
0.045,0.002,0.014,21.050,214915.688,5.335,68.000
0.002,0.012,0.013,20.977,166672.625,7.821,68.000
0.050,0.001,0.002,24.056,3388.508,-0.138,68.000
0.055,0.001,0.003,21.938,105417.617,2.718,68.000
0.058,0.000,0.014,23.860,12393.953,0.618,68.000
0.050,0.009,0.014,19.430,235736.750,6.536,68.000
0.045,0.000,0.004,21.305,2086.734,0.748,68.000
0.052,0.008,0.013,19.840,229446.719,7.223,68.000
0.050,0.012,0.015,18.282,241477.594,6.449,68.000
0.055,0.001,0.008,23.421,188028.938,2.110,68.000
0.051,0.003,0.012,19.229,256350.750,6.354,68.000
0.050,0.009,0.014,19.958,239429.469,6.810,68.000
0.053,0.001,0.013,27.004,156937.906,2.200,68.000
0.047,0.002,0.007,19.621,215921.625,2.737,68.000
0.049,0.001,0.014,31.392,21855.148,0.723,68.000
0.052,0.010,0.011,20.024,266740.406,8.053,68.000
0.050,0.027,0.014,22.046,93709.789,9.308,68.000
0.058,0.000,0.006,23.163,-46944.008,1.694,68.000
0.057,0.001,0.019,20.192,185523.438,1.623,68.000
0.058,0.000,0.018,21.259,24240.922,-2.001,68.000
0.046,0.000,0.014,30.462,-13559.148,0.323,68.000
0.055,0.001,0.011,21.781,251852.531,3.551,68.000
0.044,0.001,0.010,22.805,124693.836,2.784,68.000
0.098,0.012,0.011,17.119,213776.312,8.411,68.000
0.059,0.000,0.013,20.860,-53351.461,0.535,68.000
0.049,0.017,0.012,22.289,221599.750,8.032,68.000
0.048,0.007,0.010,19.268,257006.062,6.782,68.000
0.052,0.002,0.006,20.959,181427.719,2.517,68.000
0.044,0.002,0.017,19.973,262084.875,4.314,68.000
0.050,0.007,0.014,18.678,206578.125,5.841,68.000
0.051,0.002,0.015,21.022,244112.156,4.539,68.000
0.052,0.025,0.011,21.764,244705.750,6.342,68.000
0.049,0.024,0.011,19.252,275340.594,6.105,68.000
0.049,0.010,0.013,21.079,228672.312,6.757,68.000
0.052,0.000,0.015,26.842,18423.500,0.730,68.000
0.051,0.009,0.013,20.580,225897.031,7.450,68.000
0.050,0.009,0.014,19.577,239666.719,6.810,68.000
0.053,0.000,0.021,21.739,-60979.516,2.868,68.000
0.051,0.009,0.011,20.211,263109.219,8.192,68.000
0.056,0.000,0.014,28.584,7100.469,-0.311,68.000
0.051,0.001,0.012,24.588,209358.094,4.518,68.000
0.049,0.004,0.014,17.062,214603.531,6.301,68.000
0.048,0.012,0.013,20.813,242582.312,7.466,68.000
0.050,0.000,0.022,23.897,-12467.094,0.089,68.000
0.050,0.006,0.014,18.456,212234.094,6.292,68.000
0.049,0.000,0.019,23.859,88552.805,0.945,68.000
0.055,0.000,0.008,23.945,50387.398,2.566,68.000
0.049,0.001,0.005,21.654,181918.969,2.896,68.000
0.059,0.001,0.017,20.239,104928.742,0.891,68.000
0.048,0.023,0.013,19.958,288448.562,8.707,68.000
0.052,0.001,0.018,23.896,192451.656,2.451,68.000
0.051,0.001,0.006,22.696,162176.938,2.285,68.000
0.051,0.022,0.010,21.169,251547.250,5.086,68.000
0.059,0.001,0.019,18.605,189480.594,1.406,68.000
0.052,0.010,0.011,20.548,253024.656,8.304,68.000
0.052,0.027,0.012,26.871,205169.438,7.778,68.000
0.045,0.001,0.017,20.797,268683.062,4.442,68.000
0.049,0.000,0.001,23.191,-27476.992,-0.162,68.000
0.054,0.000,0.003,23.238,-47602.883,1.126,68.000
0.051,0.015,0.010,21.583,227914.375,7.887,68.000
0.050,0.001,0.008,22.598,189895.125,2.458,68.000
0.053,0.002,0.006,20.964,178440.031,2.682,68.000
0.055,0.001,0.015,21.929,235577.875,2.880,68.000
0.052,0.002,0.013,19.978,257193.875,4.952,68.000
0.053,0.001,0.007,23.280,182134.625,2.126,68.000
0.050,0.019,0.011,21.668,245702.562,6.925,68.000
0.050,0.023,0.011,20.744,261103.688,6.053,68.000
0.099,0.012,0.012,20.995,158896.469,6.587,68.000
0.057,0.001,0.010,21.389,220264.688,1.877,68.000
0.055,0.001,0.013,23.345,266063.719,3.865,68.000
0.057,0.000,0.009,23.008,-13799.594,1.711,68.000
0.053,0.001,0.010,27.230,71563.711,1.734,68.000
0.044,0.002,0.009,18.664,208304.906,2.963,68.000
0.050,0.001,0.007,21.692,198722.594,2.586,68.000
0.057,0.002,0.008,21.187,207388.312,3.000,68.000
0.051,0.023,0.010,20.517,260068.438,4.497,68.000
0.048,0.003,0.013,19.461,218325.344,6.439,68.000
0.053,0.001,0.022,20.807,127427.445,0.915,68.000
0.052,0.005,0.010,18.190,291110.125,6.593,68.000
0.047,0.000,0.007,24.438,54242.602,-0.821,68.000
0.042,0.001,0.018,20.874,168450.375,2.605,68.000
0.053,0.001,0.012,22.488,265333.906,4.569,68.000
0.049,0.001,0.008,25.607,64343.508,0.709,68.000
0.045,0.000,0.017,23.184,193209.844,2.347,68.000
0.050,0.027,0.010,19.124,260597.344,5.472,68.000
0.048,0.007,0.010,19.528,262968.031,6.608,68.000
0.049,0.018,0.011,21.930,224108.062,7.297,68.000
0.053,0.002,0.010,20.584,258535.219,5.605,68.000
0.056,0.001,0.006,22.481,145240.406,2.478,68.000
0.055,0.001,0.012,24.652,234965.875,3.211,68.000
0.045,0.001,0.011,20.730,210270.625,4.862,68.000
0.048,0.025,0.012,20.940,297925.500,7.299,68.000
0.048,0.017,0.012,22.520,220348.594,8.170,68.000
0.052,0.003,0.013,18.846,258352.031,5.825,68.000
0.039,0.001,0.011,19.876,159368.844,1.607,68.000
0.051,0.025,0.013,22.602,252779.875,8.559,68.000
0.051,0.010,0.014,19.049,229017.312,6.711,68.000
0.052,0.001,0.013,27.635,149169.062,2.748,68.000
0.051,0.007,0.013,19.431,227036.031,7.131,68.000
0.048,0.025,0.011,19.241,282882.594,6.213,68.000
0.045,0.001,0.018,21.753,238052.344,4.085,68.000
0.056,0.000,0.010,26.090,48195.055,3.453,68.000
0.051,0.019,0.013,18.955,266031.094,8.670,68.000
0.049,0.000,0.008,25.406,-35053.508,1.702,68.000
0.050,0.006,0.015,18.410,197816.156,5.001,68.000
0.056,0.000,0.009,20.695,-23677.633,1.452,68.000
0.002,0.010,0.013,21.365,130862.836,6.755,68.000
0.100,0.013,0.012,24.402,-73725.969,9.894,68.000
0.048,0.010,0.010,22.222,263079.125,7.733,68.000
0.052,0.004,0.012,18.468,263870.656,6.491,68.000
0.052,0.002,0.013,21.111,257117.250,4.975,68.000
0.047,0.002,0.016,22.272,262279.312,4.569,68.000
0.052,0.026,0.012,23.761,243696.969,8.500,68.000
0.052,0.006,0.012,18.679,260612.375,7.153,68.000
0.051,0.014,0.012,21.337,234002.406,8.478,68.000
0.054,0.001,0.016,25.160,108746.523,0.987,68.000
0.055,0.001,0.003,22.907,79172.805,2.065,68.000
0.049,0.007,0.013,20.220,235119.031,7.880,68.000
0.046,0.000,0.014,31.536,-43797.176,0.374,68.000
0.059,0.001,0.006,20.618,164694.219,3.899,68.000
0.045,0.001,0.008,19.402,207724.594,2.686,68.000
0.052,0.010,0.011,20.258,260475.812,8.234,68.000
0.050,0.020,0.013,18.815,269094.094,9.078,68.000
0.049,0.015,0.014,18.746,254489.500,8.140,68.000
0.049,0.001,0.018,21.678,263696.781,4.007,68.000
0.045,0.001,0.019,24.598,102464.883,1.120,68.000
0.044,0.001,0.009,19.029,200341.812,2.763,68.000
0.048,0.025,0.011,18.920,282262.406,6.250,68.000
0.055,0.000,0.016,23.196,8888.102,0.554,68.000
0.058,0.001,0.017,19.590,201985.750,2.248,68.000
0.052,0.025,0.012,23.151,252882.094,7.781,68.000
0.046,0.001,0.010,20.446,186054.312,3.929,68.000
0.052,0.002,0.018,22.110,245453.281,3.238,68.000
0.057,0.000,0.012,23.389,-39511.504,2.476,68.000
0.045,0.001,0.007,22.229,161293.281,1.441,68.000
0.049,0.021,0.011,20.741,254367.719,6.974,68.000
0.056,0.000,0.007,22.913,-4625.391,1.871,68.000
0.051,0.021,0.011,22.192,232469.469,5.724,68.000
0.002,0.012,0.012,19.505,201982.562,6.798,68.000
0.050,0.002,0.013,19.671,233624.531,6.375,68.000
0.053,0.001,0.006,23.167,131435.125,1.981,68.000
0.049,0.002,0.010,19.483,262348.906,5.738,68.000
0.052,0.000,0.018,26.732,5761.859,0.193,68.000
0.050,0.014,0.014,18.815,256558.469,7.683,68.000
0.052,0.001,0.017,27.178,25321.172,-0.140,68.000
0.052,0.001,0.004,25.359,6872.773,0.361,68.000
0.039,0.001,0.014,19.078,141905.688,3.088,68.000
0.048,0.010,0.011,22.270,245403.750,7.907,68.000
0.057,0.001,0.017,22.907,96172.570,1.156,68.000
0.052,0.000,0.010,26.156,-55075.809,0.140,68.000
0.049,0.003,0.010,19.065,270595.781,5.639,68.000
0.049,0.001,0.009,20.838,232608.000,3.972,68.000
0.053,0.001,0.012,32.006,-8887.688,0.266,68.000
0.050,0.016,0.012,22.331,224617.406,8.033,68.000
0.047,0.001,0.011,19.580,247118.375,6.104,68.000
0.042,0.000,0.016,23.438,38679.305,-1.531,68.000
0.052,0.012,0.011,20.864,251867.438,8.312,68.000
0.055,0.002,0.017,21.312,243072.625,3.308,68.000
0.044,0.001,0.018,21.165,226857.719,3.709,68.000
0.051,0.000,0.015,26.957,139553.375,2.424,68.000
0.000,0.012,0.013,33.351,-128617.531,7.719,68.000
0.047,0.002,0.017,21.543,267014.938,4.332,68.000
0.060,0.001,0.013,19.979,126339.680,0.487,68.000
0.055,0.000,0.021,21.381,9997.797,-1.311,68.000
0.051,0.000,0.018,25.398,-16647.086,1.003,68.000
0.051,0.010,0.011,20.847,255531.875,8.395,68.000
0.049,0.001,0.005,21.176,189404.406,3.260,68.000
0.051,0.011,0.011,21.117,248923.469,8.270,68.000
0.052,0.006,0.012,18.588,249297.938,7.245,68.000
0.050,0.024,0.010,19.667,268953.969,4.938,68.000
0.052,0.012,0.013,20.266,231591.500,7.971,68.000
0.049,0.009,0.014,19.083,236321.625,6.080,68.000
0.049,0.016,0.014,19.927,257300.656,8.189,68.000
0.049,0.000,0.009,27.833,27335.430,1.909,68.000
0.048,0.011,0.011,22.314,247482.094,8.266,68.000
0.051,0.014,0.011,21.170,226473.531,8.432,68.000
0.052,0.022,0.011,22.578,233783.562,5.582,68.000
0.045,0.001,0.021,20.959,178710.844,2.638,68.000
0.051,0.000,0.004,22.101,-95774.656,-0.249,68.000
0.053,0.000,0.004,21.280,-31325.773,0.680,68.000
0.046,0.001,0.010,21.419,168280.938,4.360,68.000
0.052,0.008,0.013,19.374,228725.031,6.926,68.000
0.048,0.014,0.012,21.192,240599.906,8.982,68.000
0.052,0.014,0.012,21.214,226877.531,8.222,68.000
0.059,0.001,0.016,20.459,103151.414,1.329,68.000
0.044,0.001,0.009,19.159,203922.312,2.824,68.000
0.044,0.001,0.015,22.454,195206.500,3.218,68.000
0.051,0.014,0.011,21.618,228336.281,7.972,68.000
0.047,0.000,0.008,31.879,-19476.648,1.427,68.000
0.049,0.006,0.013,20.058,220381.250,7.168,68.000
0.056,0.000,0.019,24.707,-39735.344,1.322,68.000
0.049,0.000,0.022,23.717,-40533.496,-1.995,68.000
0.051,0.021,0.011,22.340,230359.969,6.305,68.000
0.052,0.001,0.009,21.432,243768.750,4.829,68.000
0.049,0.013,0.014,19.296,241639.594,7.385,68.000
0.045,0.001,0.011,20.313,203604.281,4.757,68.000
0.051,0.011,0.010,20.951,269601.219,7.593,68.000
0.051,0.017,0.012,22.130,235723.375,7.987,68.000
0.000,0.013,0.012,20.335,158364.594,8.421,68.000
0.050,0.022,0.013,20.637,266161.094,8.482,68.000
0.046,0.000,0.009,22.796,28832.555,-0.156,68.000
0.057,0.000,0.008,20.848,11631.547,2.260,68.000
0.044,0.000,0.019,23.278,13539.555,0.486,68.000
0.050,0.001,0.002,23.982,73847.961,0.808,68.000
0.049,0.000,0.018,27.079,89823.742,-0.118,68.000
0.048,0.004,0.012,20.977,232014.250,5.970,68.000
0.055,0.001,0.011,21.931,256043.188,3.900,68.000
0.051,0.016,0.010,22.113,229654.531,7.705,68.000
0.053,0.002,0.015,22.658,261041.500,3.664,68.000
0.057,0.000,0.008,23.594,-12433.188,2.245,68.000
0.050,0.006,0.014,18.429,215895.938,6.366,68.000
0.051,0.002,0.010,19.168,275591.062,5.991,68.000
0.057,0.001,0.012,23.190,215072.219,2.630,68.000
0.052,0.025,0.011,20.942,250032.719,5.192,68.000
0.045,0.001,0.004,22.536,160338.312,1.193,68.000
0.055,0.001,0.018,22.239,188517.906,2.520,68.000
0.051,0.012,0.012,21.562,237693.844,8.482,68.000
0.051,0.012,0.010,20.892,278281.125,7.300,68.000
0.047,0.001,0.003,23.325,82694.617,0.117,68.000
0.050,0.007,0.010,18.902,269142.438,6.902,68.000
0.042,0.001,0.011,25.639,12239.453,-0.361,68.000
0.049,0.019,0.013,20.102,265237.781,9.830,68.000
0.098,0.013,0.013,22.712,174228.188,6.734,68.000
0.049,0.000,0.018,24.855,67895.945,-0.108,68.000
0.048,0.000,0.004,25.809,-78660.547,-1.499,68.000
0.048,0.025,0.011,19.265,286163.562,6.232,68.000
0.049,0.003,0.011,20.651,254776.219,6.247,68.000
0.049,0.002,0.013,19.677,227335.312,6.377,68.000
0.057,0.001,0.011,25.191,107924.617,0.768,68.000
0.041,0.001,0.006,20.879,206612.469,2.404,68.000
0.055,0.001,0.007,22.918,179168.906,2.339,68.000
0.049,0.003,0.014,18.286,222608.344,5.874,68.000
0.098,0.011,0.012,19.679,200274.000,6.524,68.000
0.047,0.000,0.016,30.221,57160.195,-0.590,68.000
0.050,0.019,0.014,17.819,278148.281,8.440,68.000
0.052,0.027,0.013,27.230,143193.594,11.842,68.000
0.048,0.008,0.011,21.652,239820.219,7.635,68.000
0.051,0.013,0.011,21.029,235637.531,8.771,68.000
0.043,0.000,0.020,23.500,7695.414,0.979,68.000
0.000,0.012,0.011,24.340,86562.852,8.111,68.000
0.052,0.008,0.012,20.499,242440.469,8.183,68.000
0.053,0.001,0.007,23.044,153410.938,1.741,68.000
0.050,0.013,0.010,21.810,257453.719,7.685,68.000
0.043,0.001,0.009,22.662,105095.773,0.734,68.000
0.051,0.002,0.014,20.334,248781.875,4.593,68.000
0.049,0.014,0.012,21.564,235308.031,8.971,68.000
0.048,0.025,0.011,19.221,285516.688,6.376,68.000
0.051,0.000,0.017,28.575,930.820,-1.141,68.000
0.053,0.000,0.018,25.457,19769.047,1.087,68.000
0.049,0.000,0.012,27.810,104134.102,2.371,68.000
0.049,0.020,0.012,20.625,254300.156,8.140,68.000
0.057,0.001,0.009,22.786,164679.031,0.767,68.000
0.099,0.013,0.011,19.429,171757.938,7.275,68.000
0.050,0.023,0.012,20.615,267612.969,6.318,68.000
0.051,0.008,0.011,20.036,262822.906,8.321,68.000
0.050,0.020,0.013,20.556,253763.875,8.926,68.000
0.049,0.001,0.014,23.989,226352.625,4.269,68.000
0.052,0.011,0.012,21.250,229475.094,8.507,68.000
0.048,0.006,0.014,17.895,205498.500,6.379,68.000
0.049,0.009,0.009,20.723,281673.375,7.040,68.000
0.055,0.001,0.005,21.514,147849.812,3.208,68.000
0.051,0.013,0.011,21.103,233535.750,8.728,68.000
0.052,0.001,0.015,27.368,121200.977,1.702,68.000
0.049,0.023,0.014,20.152,283537.250,9.356,68.000
0.050,0.004,0.015,17.807,224832.188,5.125,68.000
0.052,0.000,0.013,29.615,19411.977,1.263,68.000
0.048,0.007,0.010,19.055,257034.438,6.532,68.000
0.052,0.000,0.011,28.912,-38421.484,-0.891,68.000
0.049,0.005,0.013,19.886,224513.031,6.397,68.000
0.049,0.020,0.013,19.664,271038.219,9.811,68.000
0.049,0.011,0.013,20.717,231977.281,6.175,68.000
0.050,0.007,0.013,19.119,228720.000,7.169,68.000
0.040,0.001,0.013,23.004,74725.742,-0.145,68.000
0.049,0.003,0.012,20.323,226371.656,6.255,68.000
0.049,0.003,0.010,19.486,266199.375,5.710,68.000
0.051,0.006,0.014,18.234,210024.125,5.069,68.000
0.046,0.002,0.018,21.876,249612.969,4.144,68.000
0.050,0.000,0.021,24.322,-31804.445,0.176,68.000
0.050,0.018,0.011,22.571,228732.531,7.734,68.000
0.055,0.000,0.003,21.906,-72075.289,0.513,68.000
0.048,0.015,0.013,20.979,237609.906,8.908,68.000
0.052,0.006,0.014,18.280,220900.031,5.936,68.000
0.053,0.001,0.014,26.233,148967.656,2.038,68.000
0.051,0.002,0.015,21.346,247733.219,4.362,68.000
0.049,0.019,0.010,20.649,254261.594,7.379,68.000
0.098,0.012,0.013,21.992,177150.062,5.075,68.000
0.052,0.000,0.022,23.285,-25796.805,0.357,68.000
0.043,0.001,0.017,21.836,170922.031,2.080,68.000
0.046,0.001,0.004,22.227,176836.938,1.577,68.000
0.060,0.000,0.014,18.939,-61104.316,1.696,68.000
0.050,0.005,0.013,17.255,232393.219,6.575,68.000
0.052,0.003,0.012,18.787,275082.312,6.221,68.000
0.049,0.001,0.009,20.528,233941.469,4.785,68.000
0.001,0.013,0.012,20.785,184392.188,8.056,68.000
0.043,0.000,0.018,23.063,80102.352,-0.065,68.000
0.049,0.015,0.012,21.365,236131.344,8.820,68.000
0.053,0.001,0.021,23.405,99540.289,0.032,68.000
0.048,0.021,0.012,20.025,271477.344,8.393,68.000
0.048,0.002,0.012,20.541,218257.188,6.313,68.000
0.050,0.023,0.014,20.189,278165.344,9.611,68.000
0.051,0.019,0.013,19.744,254959.250,8.590,68.000
0.050,0.016,0.014,19.814,264418.656,8.115,68.000
0.050,0.000,0.006,22.732,-43910.227,-1.202,68.000
0.058,0.000,0.011,19.192,50104.477,2.383,68.000
0.051,0.024,0.012,21.882,253238.594,6.544,68.000
0.002,0.012,0.010,17.928,251437.906,5.146,68.000
0.049,0.000,0.017,29.374,50078.867,-0.575,68.000
0.050,0.007,0.014,18.903,208028.281,5.790,68.000
0.050,0.000,0.013,31.406,-12452.922,-1.353,68.000
0.059,0.000,0.017,18.850,-15380.148,-0.081,68.000
0.048,0.018,0.012,22.055,228844.469,9.029,68.000
0.051,0.005,0.010,17.935,295462.000,6.057,68.000
0.045,0.001,0.016,24.615,150639.250,1.313,68.000
0.051,0.014,0.011,21.506,227359.781,8.569,68.000
0.053,0.000,0.008,24.910,26113.859,0.145,68.000
0.054,0.002,0.008,22.279,209831.375,2.824,68.000
0.050,0.022,0.012,20.875,257479.469,8.203,68.000
0.048,0.001,0.016,23.820,251664.406,4.067,68.000
0.050,0.003,0.015,18.439,230995.719,5.338,68.000
0.000,0.013,0.013,23.464,-61632.949,12.052,68.000
0.048,0.006,0.010,18.708,269887.469,5.830,68.000
0.050,0.019,0.011,21.390,246889.438,7.090,68.000
0.056,0.002,0.015,21.411,202257.844,2.965,68.000
0.050,0.000,0.021,23.575,28885.648,0.003,68.000
0.052,0.016,0.011,22.656,228100.156,7.098,68.000
0.050,0.021,0.013,19.717,264865.781,9.169,68.000
0.059,0.001,0.016,19.788,122105.523,1.077,68.000
0.046,0.001,0.015,23.772,224465.594,3.490,68.000
0.053,0.001,0.018,23.529,190694.125,2.577,68.000
0.050,0.020,0.012,21.163,251940.656,8.735,68.000
0.059,0.001,0.017,19.254,158924.625,0.931,68.000
0.049,0.022,0.014,19.678,276496.750,9.589,68.000
0.050,0.001,0.022,21.243,152024.875,1.834,68.000
0.057,0.001,0.006,23.882,56857.711,2.376,68.000
0.048,0.001,0.010,19.960,242530.062,5.375,68.000
0.042,0.000,0.006,23.053,18167.086,1.532,68.000
0.041,0.001,0.015,20.372,107062.383,0.645,68.000
0.051,0.022,0.013,20.790,242663.188,9.167,68.000
0.049,0.000,0.013,30.786,26968.758,0.159,68.000
0.050,0.024,0.013,21.066,269428.625,9.266,68.000
0.051,0.001,0.017,23.521,230250.969,3.245,68.000
0.048,0.010,0.014,20.473,232039.688,5.921,68.000
0.051,0.009,0.011,21.248,250253.875,8.671,68.000
0.047,0.001,0.010,19.648,236842.656,5.457,68.000
0.043,0.000,0.006,23.503,-16744.703,0.169,68.000
0.049,0.018,0.014,18.601,270787.281,8.171,68.000
0.051,0.025,0.010,20.175,261517.406,5.284,68.000
0.048,0.016,0.011,22.127,224988.375,8.677,68.000
0.048,0.001,0.020,21.622,182729.281,2.654,68.000
0.046,0.000,0.015,29.061,-14334.203,1.193,68.000
0.059,0.001,0.012,21.426,180428.656,1.117,68.000
0.098,0.012,0.012,19.292,203500.938,7.897,68.000
0.042,0.000,0.011,25.454,-33927.852,-1.090,68.000
0.049,0.022,0.010,19.888,278857.844,6.196,68.000
0.045,0.001,0.010,20.517,185879.719,4.740,68.000
0.056,0.000,0.007,20.346,34777.492,2.674,68.000
0.047,0.000,0.011,30.788,-78619.047,0.110,68.000
0.044,0.001,0.014,25.202,106769.820,1.478,68.000
0.045,0.001,0.015,26.789,97047.586,1.425,68.000
0.053,0.000,0.020,24.633,-73125.336,1.280,68.000
0.050,0.025,0.010,19.379,276474.656,5.054,68.000
0.049,0.023,0.013,20.280,284700.688,8.795,68.000
0.057,0.001,0.012,21.304,249756.531,3.238,68.000
0.049,0.020,0.013,19.009,274703.719,9.427,68.000
0.046,0.000,0.016,30.222,6682.039,-1.084,68.000
0.050,0.001,0.016,25.314,220465.688,3.482,68.000
0.059,0.001,0.014,19.596,186735.906,1.581,68.000
0.058,0.000,0.019,18.346,38787.367,0.782,68.000
0.044,0.001,0.004,21.523,190352.188,1.279,68.000
0.052,0.023,0.012,22.397,242253.312,6.945,68.000
0.054,0.001,0.011,25.119,185582.406,2.513,68.000
0.048,0.001,0.004,25.666,3696.312,-0.755,68.000
0.051,0.011,0.010,21.082,289281.656,7.029,68.000
0.052,0.000,0.021,21.015,8689.461,2.558,68.000
0.048,0.001,0.011,21.810,200406.594,4.909,68.000
0.051,0.009,0.014,19.360,227317.750,6.439,68.000
0.046,0.001,0.014,24.940,140621.156,2.462,68.000
0.052,0.024,0.012,22.500,238574.781,6.862,68.000
0.051,0.012,0.011,20.943,253036.312,8.339,68.000
0.048,0.008,0.012,21.579,237647.812,7.753,68.000
0.053,0.000,0.006,21.355,6260.039,1.350,68.000
0.048,0.022,0.011,19.489,283038.062,6.800,68.000
0.098,0.013,0.013,22.912,173346.875,6.668,68.000
0.051,0.003,0.015,18.271,236786.469,5.140,68.000
0.050,0.017,0.012,22.579,232231.594,8.392,68.000
0.052,0.008,0.012,20.227,247076.188,8.247,68.000
0.051,0.019,0.014,18.248,274013.688,8.496,68.000
0.053,0.002,0.006,21.176,184084.812,2.483,68.000
0.051,0.006,0.013,18.530,237823.781,7.245,68.000
0.003,0.012,0.011,18.921,217351.406,6.065,68.000
0.053,0.001,0.006,24.654,59877.039,1.056,68.000
0.050,0.001,0.012,22.971,231143.562,4.974,68.000
0.050,0.001,0.012,29.312,101044.164,2.193,68.000
0.057,0.001,0.012,26.106,113999.742,1.418,68.000
0.045,0.000,0.005,24.806,15413.148,1.483,68.000
0.049,0.010,0.011,21.578,258039.438,8.205,68.000
0.046,0.002,0.012,21.271,219476.281,5.691,68.000
0.050,0.003,0.013,17.429,238338.188,6.458,68.000
0.051,0.001,0.009,26.217,88644.164,1.547,68.000
0.048,0.009,0.013,20.995,221709.781,6.212,68.000
0.049,0.000,0.018,28.604,18466.430,-0.847,68.000
0.047,0.001,0.010,27.049,3771.469,0.114,68.000
0.049,0.011,0.010,22.177,278431.281,7.206,68.000
0.001,0.013,0.012,21.032,179967.625,7.851,68.000
0.043,0.001,0.018,20.550,231247.406,3.778,68.000
0.050,0.002,0.009,19.247,266370.656,5.412,68.000
0.053,0.000,0.006,22.489,16548.695,1.371,68.000
0.050,0.007,0.010,18.987,271932.938,6.856,68.000
0.048,0.002,0.014,20.787,232054.938,5.973,68.000
0.051,0.006,0.010,18.169,284995.531,6.774,68.000
0.050,0.005,0.012,20.038,233690.500,6.573,68.000
0.048,0.009,0.010,21.588,272539.375,7.530,68.000
0.051,0.022,0.013,21.275,243602.969,9.275,68.000
0.099,0.011,0.012,21.076,131253.688,6.291,68.000
0.058,0.001,0.016,20.611,165285.594,1.827,68.000
0.050,0.001,0.018,22.296,248005.438,3.612,68.000
0.048,0.004,0.012,20.616,223035.781,5.918,68.000
0.059,0.001,0.009,20.707,170689.969,0.187,68.000
0.041,0.000,0.017,23.274,27608.836,-0.863,68.000
0.049,0.024,0.014,20.202,292299.062,9.372,68.000
0.048,0.009,0.010,21.995,262972.344,7.807,68.000
0.002,0.012,0.013,21.124,137319.688,7.679,68.000
0.050,0.009,0.010,20.650,275611.156,7.560,68.000
0.042,0.001,0.005,22.275,189629.188,1.775,68.000
0.051,0.012,0.011,21.258,253013.469,8.001,68.000
0.050,0.019,0.013,18.976,270568.375,9.048,68.000
0.047,0.001,0.002,24.235,-1511.406,-1.137,68.000
0.055,0.002,0.007,21.111,188130.031,2.726,68.000
0.051,0.013,0.011,21.384,248407.719,8.264,68.000
0.055,0.000,0.008,25.451,26112.406,1.054,68.000
0.048,0.014,0.012,21.742,232074.531,9.328,68.000
0.053,0.000,0.012,27.984,17261.586,2.555,68.000
0.048,0.001,0.017,28.196,66839.836,0.117,68.000
0.097,0.012,0.013,21.633,182085.344,6.377,68.000
0.050,0.023,0.014,19.885,271620.500,9.431,68.000
0.049,0.022,0.013,20.435,265214.094,8.637,68.000
0.050,0.021,0.010,20.905,264755.438,5.677,68.000
0.049,0.000,0.010,23.831,34548.367,-0.125,68.000
0.052,0.011,0.012,21.175,241953.500,8.262,68.000
0.054,0.001,0.009,22.228,219509.625,3.340,68.000
0.051,0.018,0.012,22.182,232496.406,8.514,68.000
0.051,0.005,0.010,18.160,293732.344,6.138,68.000
0.050,0.002,0.014,19.161,243001.750,5.789,68.000
0.045,0.001,0.009,19.261,212600.406,3.556,68.000
0.049,0.023,0.010,19.274,277573.094,5.765,68.000
0.052,0.006,0.011,18.914,269547.375,7.244,68.000
0.049,0.024,0.010,19.039,278096.156,5.629,68.000
0.051,0.021,0.011,21.786,242538.156,6.352,68.000
0.049,0.025,0.010,18.653,284295.156,6.060,68.000
0.043,0.002,0.011,18.396,209326.156,4.886,68.000
0.051,0.001,0.005,21.418,180725.281,3.020,68.000
0.048,0.009,0.013,21.787,215750.156,6.823,68.000
0.049,0.022,0.012,20.145,276534.281,7.360,68.000
0.043,0.001,0.013,21.609,201598.969,3.548,68.000
0.045,0.001,0.020,21.387,212529.188,3.440,68.000
0.052,0.025,0.010,20.639,252393.219,4.939,68.000
0.039,0.001,0.014,18.108,156864.188,3.624,68.000
0.052,0.001,0.020,23.355,83168.773,0.604,68.000
0.048,0.026,0.013,21.120,298392.031,7.819,68.000
0.049,0.004,0.012,20.087,230028.875,6.248,68.000
0.052,0.003,0.011,19.097,282465.875,6.198,68.000
0.050,0.014,0.014,18.726,259166.781,7.687,68.000
0.049,0.024,0.013,20.911,280407.250,8.600,68.000
0.049,0.003,0.013,19.094,226018.719,6.568,68.000
0.054,0.001,0.022,21.611,63429.430,0.765,68.000
0.056,0.001,0.003,22.298,91768.148,2.708,68.000
0.056,0.001,0.005,22.257,131928.094,3.087,68.000
0.058,0.001,0.017,22.568,82627.898,0.865,68.000
0.059,0.001,0.011,19.337,232748.000,2.107,68.000
0.051,0.019,0.011,22.492,233087.938,7.184,68.000
0.054,0.000,0.018,25.803,31419.305,0.460,68.000
0.053,0.001,0.018,24.823,118322.617,1.516,68.000
0.047,0.002,0.013,21.922,215128.125,6.063,68.000
0.055,0.001,0.010,23.601,204141.375,2.406,68.000
0.097,0.012,0.013,21.285,181831.000,6.413,68.000
0.051,0.000,0.017,29.754,3326.945,-1.677,68.000
0.043,0.000,0.013,26.034,-22834.055,-2.234,68.000
0.042,0.001,0.018,20.158,210631.875,3.691,68.000
0.049,0.019,0.012,21.539,241614.219,9.434,68.000
0.042,0.000,0.013,26.477,-59760.133,0.293,68.000
0.050,0.016,0.011,22.292,220726.625,8.187,68.000
0.049,0.014,0.012,21.445,236448.531,8.969,68.000
0.051,0.023,0.010,20.624,251805.844,4.571,68.000
0.048,0.027,0.012,28.793,111224.242,8.897,68.000
0.050,0.018,0.010,21.965,226051.906,6.871,68.000
0.050,0.001,0.009,21.250,229917.781,3.799,68.000
0.060,0.001,0.010,20.250,175608.969,0.560,68.000
0.039,0.001,0.011,19.446,161089.312,1.696,68.000
0.059,0.001,0.009,20.897,186594.875,0.105,68.000
0.059,0.001,0.010,20.165,213770.500,0.996,68.000
0.051,0.023,0.011,20.616,249400.500,4.775,68.000
0.051,0.006,0.012,19.650,249208.844,7.682,68.000
0.048,0.012,0.013,20.928,232880.375,7.098,68.000
0.050,0.001,0.002,23.215,42524.242,0.508,68.000
0.051,0.001,0.010,25.016,146772.688,3.399,68.000
0.050,0.001,0.020,22.905,95886.336,0.798,68.000
0.053,0.001,0.021,24.045,50871.836,-0.356,68.000
0.059,0.000,0.010,18.829,-22145.430,3.017,68.000
0.001,0.013,0.012,20.897,181804.094,7.902,68.000
0.050,0.006,0.011,20.206,266355.500,7.146,68.000
0.051,0.014,0.012,21.658,237779.781,8.168,68.000
0.044,0.001,0.004,22.117,174066.844,1.039,68.000
0.055,0.001,0.019,22.057,164393.438,1.888,68.000
0.052,0.005,0.013,17.785,240844.344,6.723,68.000
0.054,0.001,0.017,21.961,242142.875,3.274,68.000
0.061,0.001,0.009,19.653,195000.031,1.234,68.000
0.051,0.019,0.010,22.516,241831.219,6.250,68.000
0.041,0.001,0.009,20.039,157267.094,1.753,68.000
0.046,0.001,0.012,20.879,231114.062,5.981,68.000
0.050,0.017,0.012,22.482,225051.875,8.227,68.000
0.053,0.000,0.015,29.422,45990.336,-0.461,68.000
0.050,0.018,0.011,22.220,230885.281,7.756,68.000
0.045,0.000,0.014,32.435,-36213.906,-0.253,68.000
0.059,0.000,0.010,21.645,8011.375,2.825,68.000
0.048,0.013,0.013,21.059,243305.406,8.255,68.000
0.099,0.011,0.013,20.470,198710.062,5.625,68.000
0.050,0.012,0.011,21.295,254557.656,8.245,68.000
0.057,0.001,0.011,24.928,134748.750,0.298,68.000
0.051,0.011,0.010,20.714,280259.531,7.358,68.000
0.050,0.001,0.019,22.351,220253.719,3.245,68.000
0.051,0.023,0.012,21.588,252141.438,6.332,68.000
0.050,0.022,0.013,20.827,258147.938,8.740,68.000
0.049,0.022,0.014,19.549,275152.500,9.484,68.000
0.047,0.001,0.012,28.784,53483.945,1.409,68.000
0.049,0.024,0.011,20.111,273568.594,5.856,68.000
0.044,0.001,0.012,21.731,199875.094,4.073,68.000
0.051,0.022,0.012,21.852,240278.469,7.791,68.000
0.042,0.000,0.011,26.404,6793.047,1.463,68.000
0.051,0.020,0.011,22.034,241116.750,6.796,68.000
0.050,0.022,0.011,21.382,248692.969,6.081,68.000
0.056,0.001,0.014,23.704,178169.625,2.022,68.000
0.053,0.000,0.007,23.351,18579.781,0.088,68.000
0.048,0.014,0.011,21.958,230027.250,9.180,68.000
0.059,0.000,0.013,19.617,-15357.578,1.202,68.000
0.051,0.018,0.013,20.981,249388.062,8.333,68.000
0.099,0.012,0.011,18.540,179534.844,7.576,68.000
0.001,0.011,0.012,21.062,155434.688,6.615,68.000
0.047,0.001,0.009,25.836,45916.180,0.364,68.000
0.048,0.003,0.012,20.670,238316.938,6.071,68.000
0.049,0.018,0.010,21.817,222915.156,7.179,68.000
0.049,0.019,0.012,21.150,249850.000,9.292,68.000
0.059,0.001,0.008,22.522,44220.023,2.071,68.000
0.099,0.011,0.011,16.867,220862.875,8.152,68.000
0.048,0.003,0.014,17.652,213313.938,6.071,68.000
0.051,0.026,0.013,23.434,234450.344,8.325,68.000
0.045,0.000,0.011,26.470,-42238.047,-2.202,68.000
0.048,0.003,0.013,20.130,209342.438,6.176,68.000
0.051,0.001,0.014,22.246,245703.875,4.206,68.000
0.047,0.001,0.013,25.711,168375.344,3.908,68.000
0.058,0.000,0.005,22.428,-96703.234,3.528,68.000
0.050,0.026,0.013,22.402,283897.062,9.427,68.000
0.050,0.015,0.012,22.051,221800.719,8.347,68.000
0.047,0.001,0.005,22.351,173368.781,2.278,68.000
0.048,0.018,0.011,21.348,226873.406,7.621,68.000
0.002,0.011,0.012,20.276,184905.031,6.116,68.000
0.048,0.026,0.012,21.298,296114.594,7.572,68.000
0.055,0.002,0.009,21.921,219168.906,3.216,68.000
0.048,0.025,0.012,20.790,298398.375,7.044,68.000
0.057,0.001,0.010,21.574,219695.719,2.161,68.000
0.053,0.002,0.008,21.952,210294.719,2.921,68.000
0.050,0.010,0.009,20.770,295433.406,7.057,68.000
0.052,0.025,0.013,23.158,239316.062,8.668,68.000
0.048,0.025,0.011,18.588,284132.500,6.249,68.000
0.051,0.000,0.006,24.338,-33234.227,-0.872,68.000
0.052,0.005,0.013,17.981,244602.344,6.770,68.000
0.053,0.001,0.020,21.987,167012.125,2.173,68.000
0.049,0.014,0.013,20.186,252149.719,7.970,68.000
0.045,0.000,0.011,32.691,3439.922,1.615,68.000
0.049,0.009,0.010,21.180,278488.188,7.243,68.000
0.051,0.021,0.011,21.687,241272.156,5.113,68.000
0.048,0.022,0.012,20.131,279856.594,7.754,68.000
0.045,0.000,0.013,30.844,-16452.750,-1.104,68.000
0.050,0.024,0.010,19.105,278286.406,5.103,68.000
0.048,0.005,0.011,21.166,242701.750,6.726,68.000
0.049,0.012,0.010,22.392,256970.219,7.567,68.000
0.002,0.013,0.012,20.579,188623.188,8.034,68.000
0.045,0.001,0.012,24.881,121140.023,2.579,68.000
0.053,0.000,0.012,30.570,-23319.492,2.998,68.000
0.051,0.004,0.013,18.160,247766.219,6.665,68.000
0.052,0.011,0.012,21.301,231193.625,8.429,68.000
0.051,0.001,0.022,20.845,131065.273,1.008,68.000
0.051,0.008,0.013,19.598,226204.938,7.027,68.000
0.002,0.012,0.011,19.081,213746.625,6.317,68.000
0.051,0.021,0.012,22.180,229182.438,7.647,68.000
0.055,0.000,0.017,23.195,-17565.477,-1.115,68.000
0.048,0.016,0.011,21.977,217504.125,8.287,68.000
0.049,0.024,0.010,18.756,284233.062,5.884,68.000
0.055,0.001,0.018,21.896,190291.125,2.388,68.000
0.049,0.019,0.014,18.406,279833.875,8.985,68.000
0.052,0.000,0.006,24.136,-12080.430,-0.057,68.000
0.052,0.023,0.013,22.556,230340.406,8.567,68.000
0.051,0.008,0.015,19.195,212640.469,5.730,68.000
0.042,0.001,0.015,22.530,55339.914,-0.227,68.000
0.050,0.007,0.012,20.750,261576.688,8.450,68.000
0.098,0.012,0.012,20.324,194759.875,6.848,68.000
0.051,0.001,0.012,25.255,196809.812,4.319,68.000
0.051,0.019,0.011,22.427,239978.344,6.713,68.000
0.100,0.012,0.012,19.684,-27171.914,9.140,68.000
0.060,0.001,0.013,18.485,228285.438,1.805,68.000
0.050,0.005,0.010,18.418,287986.219,5.660,68.000
0.049,0.001,0.017,21.816,269686.500,4.182,68.000
0.051,0.022,0.011,21.740,238786.938,4.922,68.000
0.041,0.000,0.010,23.978,-27374.398,-0.484,68.000
0.053,0.000,0.013,30.050,-75491.375,-0.980,68.000
0.056,0.001,0.008,23.771,146757.312,1.891,68.000
0.050,0.003,0.014,17.415,233387.750,5.944,68.000
0.050,0.002,0.010,19.606,265264.375,5.721,68.000
0.058,0.001,0.011,20.845,224315.906,1.744,68.000
0.049,0.017,0.011,22.199,220232.844,7.755,68.000
0.051,0.004,0.012,18.955,251415.344,6.476,68.000
0.053,0.001,0.005,23.256,134582.188,2.261,68.000
0.047,0.001,0.016,24.895,219073.031,3.508,68.000
0.049,0.025,0.013,20.882,292832.250,7.943,68.000
0.048,0.001,0.018,25.864,121340.961,0.992,68.000
0.050,0.012,0.012,21.485,239827.375,8.352,68.000
0.051,0.000,0.019,24.444,71181.320,0.310,68.000
0.052,0.001,0.017,22.138,263464.781,3.945,68.000
0.051,0.008,0.012,20.465,252373.438,8.149,68.000
0.043,0.001,0.019,20.705,134288.969,1.770,68.000
0.048,0.010,0.012,22.395,229233.031,7.608,68.000
0.043,0.001,0.008,25.715,-53234.562,-1.793,68.000
0.053,0.000,0.011,30.473,-377.750,2.749,68.000
0.049,0.001,0.005,24.767,106431.461,1.316,68.000
0.050,0.001,0.005,25.511,63248.008,0.731,68.000
0.047,0.001,0.012,30.214,37847.258,1.094,68.000
0.058,0.000,0.013,24.171,32016.617,1.139,68.000
0.040,0.001,0.007,19.894,184122.312,2.645,68.000
0.055,0.001,0.013,28.602,73572.867,1.308,68.000
0.052,0.009,0.012,20.376,246164.781,8.339,68.000
0.098,0.012,0.012,20.434,193886.781,6.667,68.000
0.040,0.000,0.009,20.200,4792.891,2.858,68.000
0.052,0.001,0.003,24.305,68684.617,1.311,68.000
0.051,0.008,0.014,19.814,213314.250,6.319,68.000
0.001,0.012,0.012,20.970,189170.031,7.301,68.000
0.044,0.000,0.008,29.058,-97738.711,1.027,68.000
0.055,0.001,0.004,21.792,109167.539,2.761,68.000
0.058,0.000,0.008,19.764,-81436.008,3.176,68.000
0.050,0.011,0.012,21.567,234167.438,7.789,68.000
0.050,0.001,0.022,20.292,155084.125,1.883,68.000
0.047,0.000,0.014,30.086,-12335.195,0.352,68.000
0.049,0.001,0.009,26.910,55738.180,0.726,68.000
0.048,0.008,0.010,20.615,263197.594,6.876,68.000
0.048,0.016,0.011,22.372,219773.375,8.505,68.000
0.049,0.020,0.011,20.324,268295.875,7.338,68.000
0.051,0.004,0.010,18.539,287367.156,5.749,68.000
0.048,0.013,0.012,21.666,236674.219,8.934,68.000
0.048,0.000,0.006,23.760,86190.664,-0.102,68.000
0.052,0.015,0.011,22.499,221670.875,7.882,68.000
0.051,0.002,0.010,20.313,260248.406,5.538,68.000
0.055,0.001,0.014,25.330,166141.250,1.678,68.000
0.047,0.000,0.010,27.093,-43933.582,-0.741,68.000
0.051,0.001,0.003,22.071,135373.531,2.588,68.000
0.042,0.000,0.007,23.769,31579.070,-0.574,68.000
0.048,0.007,0.011,20.905,242908.156,7.237,68.000
0.050,0.021,0.011,21.653,241760.250,6.703,68.000
0.044,0.001,0.012,24.976,110738.789,2.167,68.000
0.043,0.001,0.004,21.806,205456.906,1.762,68.000
0.051,0.024,0.010,19.781,270352.719,4.591,68.000
0.043,0.000,0.012,27.411,-51718.535,0.837,68.000
0.053,0.000,0.016,28.803,1807.359,-0.329,68.000
0.050,0.001,0.017,28.362,37694.805,-0.069,68.000
0.051,0.000,0.016,26.647,28449.945,-0.673,68.000
0.049,0.007,0.010,19.049,263012.375,6.522,68.000
0.045,0.001,0.013,22.266,209467.875,5.241,68.000
0.040,0.000,0.015,21.298,48291.383,1.240,68.000
0.049,0.001,0.005,24.231,117677.695,1.393,68.000
0.059,0.000,0.008,22.675,-29126.648,4.209,68.000
0.051,0.002,0.010,19.166,277499.250,5.828,68.000
0.059,0.000,0.009,22.395,80070.695,1.001,68.000
0.042,0.001,0.005,21.596,207415.500,2.136,68.000
0.045,0.001,0.020,22.178,166105.188,2.409,68.000
0.053,0.000,0.017,27.417,-57939.195,0.888,68.000
0.050,0.003,0.014,17.844,236075.875,5.462,68.000
0.049,0.011,0.014,19.364,237746.438,6.324,68.000
0.053,0.002,0.017,22.007,268053.094,3.964,68.000
0.051,0.011,0.013,21.100,226105.094,7.466,68.000
0.052,0.023,0.011,21.949,243159.875,5.877,68.000
0.053,0.001,0.005,21.971,168138.656,2.552,68.000
0.057,0.000,0.012,23.089,731.508,0.819,68.000
0.051,0.023,0.012,22.288,244148.344,6.807,68.000
0.054,0.001,0.013,27.860,121722.195,1.536,68.000
0.050,0.019,0.013,20.710,251595.219,9.046,68.000
0.052,0.003,0.013,18.832,256059.656,5.437,68.000
0.050,0.023,0.010,20.076,263013.562,5.249,68.000
0.050,0.009,0.010,20.650,267421.250,7.918,68.000
0.051,0.024,0.013,21.905,261057.906,8.977,68.000
0.049,0.005,0.014,17.221,207818.938,5.766,68.000
0.046,0.000,0.015,29.314,-19979.656,1.269,68.000
0.052,0.014,0.013,21.292,248563.188,8.247,68.000
0.051,0.000,0.021,23.225,20608.336,-0.586,68.000
0.056,0.000,0.011,24.045,-111305.398,-0.154,68.000
0.052,0.012,0.011,20.609,248815.969,8.164,68.000
0.049,0.016,0.012,21.900,229835.906,8.539,68.000
0.046,0.001,0.012,26.633,101949.836,2.421,68.000
0.052,0.013,0.012,21.097,227758.531,8.702,68.000
0.050,0.004,0.011,19.932,269186.688,6.505,68.000
0.046,0.001,0.015,22.218,253641.812,4.378,68.000
0.001,0.012,0.011,18.550,211437.375,5.914,68.000
0.050,0.021,0.013,19.796,263384.688,9.292,68.000
0.057,0.001,0.006,24.521,34146.961,2.332,68.000
0.048,0.001,0.007,24.459,88613.336,0.588,68.000
0.002,0.012,0.011,18.227,234768.844,5.313,68.000
0.056,0.001,0.021,23.160,21900.820,1.037,68.000
0.048,0.001,0.014,23.120,235724.219,4.828,68.000
0.048,0.016,0.013,21.621,242631.438,8.876,68.000
0.052,0.001,0.004,22.572,143798.156,2.696,68.000
0.051,0.019,0.013,19.793,255246.375,8.502,68.000
0.052,0.025,0.012,23.607,240406.156,8.365,68.000
0.051,0.009,0.014,19.595,232286.906,6.767,68.000
0.052,0.017,0.012,22.655,222221.594,7.667,68.000
0.049,0.013,0.010,22.144,246796.594,7.963,68.000
0.052,0.016,0.012,22.617,225328.438,7.650,68.000
0.051,0.001,0.010,22.076,227483.094,5.472,68.000
0.057,0.001,0.009,23.262,74252.914,0.880,68.000
0.049,0.026,0.010,19.033,272415.781,5.579,68.000
0.050,0.010,0.014,18.803,236924.812,6.402,68.000
0.051,0.014,0.012,21.722,238726.250,8.324,68.000
0.049,0.020,0.010,20.541,264198.906,7.048,68.000
0.050,0.006,0.014,18.290,203160.688,5.541,68.000
0.052,0.002,0.014,20.075,256978.156,4.975,68.000
0.053,0.001,0.012,28.944,100956.992,2.021,68.000
0.050,0.010,0.010,21.553,288317.719,7.157,68.000
0.053,0.001,0.009,21.710,236154.438,4.415,68.000
0.049,0.019,0.012,21.407,244598.250,9.404,68.000
0.048,0.001,0.007,24.449,106793.227,0.958,68.000
0.049,0.002,0.017,21.778,281143.281,4.237,68.000
0.051,0.013,0.014,19.871,236630.625,7.906,68.000
0.043,0.000,0.014,25.584,-10090.016,-0.985,68.000
0.051,0.003,0.012,19.224,270563.938,6.339,68.000
0.044,0.001,0.006,22.133,180723.406,1.739,68.000
0.047,0.002,0.012,21.346,217944.344,5.921,68.000
0.060,0.000,0.015,20.056,67919.945,0.360,68.000
0.049,0.006,0.010,18.907,279074.250,5.785,68.000
0.049,0.005,0.013,17.905,211215.281,6.410,68.000
0.051,0.015,0.011,22.308,216790.062,8.086,68.000
0.050,0.013,0.010,21.944,244850.969,7.951,68.000
0.050,0.008,0.011,20.723,259251.000,8.109,68.000
0.048,0.012,0.011,22.122,236336.281,8.669,68.000
0.050,0.000,0.004,21.619,-37192.844,0.336,68.000
0.048,0.016,0.011,22.161,215013.812,8.245,68.000
0.053,0.000,0.013,29.693,-27079.594,1.941,68.000
0.039,0.000,0.014,19.479,114990.570,2.128,68.000
0.049,0.004,0.014,17.470,224678.156,5.475,68.000
0.050,0.001,0.013,29.068,124945.242,2.730,68.000
0.050,0.016,0.014,18.493,266015.406,7.828,68.000
0.045,0.000,0.012,25.795,-20780.234,-1.833,68.000
0.098,0.012,0.014,22.948,167209.188,5.112,68.000
0.059,0.001,0.008,20.472,170945.344,2.084,68.000
0.048,0.013,0.013,20.930,243106.156,7.698,68.000
0.049,0.019,0.011,20.874,250652.531,7.592,68.000
0.059,0.001,0.010,22.302,55803.320,1.843,68.000
0.050,0.009,0.009,20.150,290833.750,6.834,68.000
0.052,0.005,0.011,18.312,287559.844,6.531,68.000
0.048,0.021,0.012,19.964,272684.250,8.672,68.000
0.056,0.002,0.008,21.273,206371.906,3.059,68.000
0.049,0.008,0.011,20.910,258507.750,7.934,68.000
0.050,0.017,0.011,22.271,219894.375,7.722,68.000
0.056,0.002,0.016,20.914,236192.750,3.104,68.000
0.047,0.001,0.017,26.747,105618.805,0.670,68.000
0.050,0.001,0.012,22.899,230813.250,5.109,68.000
0.042,0.001,0.011,26.293,14698.273,-0.030,68.000
0.055,0.000,0.020,24.117,-86071.844,2.238,68.000
0.048,0.005,0.010,19.216,263166.375,6.030,68.000
0.043,0.000,0.015,23.082,101572.242,-0.683,68.000
0.051,0.010,0.012,21.269,244352.812,8.459,68.000
0.050,0.020,0.014,18.138,269058.281,9.077,68.000
0.057,0.001,0.008,21.049,202390.000,2.403,68.000
0.002,0.013,0.013,20.775,167777.875,7.933,68.000
0.043,0.001,0.014,20.104,191760.094,2.930,68.000
0.050,0.005,0.011,18.973,281835.969,6.236,68.000
0.045,0.000,0.006,24.591,38712.164,-1.327,68.000
0.047,0.002,0.016,22.087,263992.094,4.668,68.000
0.055,0.000,0.018,22.398,4609.367,-1.140,68.000
0.098,0.014,0.012,21.074,187507.250,7.762,68.000
0.051,0.019,0.014,18.498,262875.750,8.982,68.000
0.042,0.001,0.009,20.037,177297.562,1.856,68.000
0.050,0.001,0.019,23.638,163354.375,2.009,68.000
0.055,0.001,0.010,27.498,44135.148,0.862,68.000
0.050,0.010,0.014,19.232,238329.688,6.546,68.000
0.098,0.012,0.014,21.980,178077.750,4.979,68.000
0.050,0.023,0.014,20.010,271892.188,9.378,68.000
0.049,0.001,0.014,23.652,228107.375,4.270,68.000
0.050,0.003,0.014,18.547,240871.750,6.161,68.000
0.051,0.025,0.012,22.760,256236.094,7.340,68.000
0.054,0.000,0.007,22.661,70429.477,1.339,68.000
0.041,0.001,0.017,20.921,89480.086,0.746,68.000
0.048,0.008,0.011,21.757,239890.344,7.645,68.000
0.056,0.000,0.014,25.051,-25319.352,0.286,68.000
0.049,0.013,0.011,21.947,225998.438,8.824,68.000
0.051,0.009,0.011,21.049,255676.906,8.615,68.000
0.052,0.001,0.005,25.831,-38642.820,-0.238,68.000
0.051,0.025,0.013,22.857,259073.750,8.754,68.000
0.051,0.017,0.010,22.266,229288.750,6.638,68.000
0.050,0.021,0.010,21.479,255980.938,5.921,68.000
0.051,0.023,0.011,21.000,244571.312,4.790,68.000
0.051,0.026,0.011,22.606,246471.719,7.106,68.000
0.051,0.024,0.011,21.202,255907.906,5.677,68.000
0.051,0.014,0.014,20.046,253036.688,8.087,68.000
0.052,0.001,0.014,22.291,241366.625,4.017,68.000
0.053,0.000,0.007,22.796,33017.320,0.119,68.000
0.044,0.001,0.011,18.875,223330.500,5.558,68.000
0.043,0.001,0.007,20.170,199005.875,1.884,68.000
0.053,0.002,0.018,22.184,242688.469,3.373,68.000
0.041,0.000,0.017,23.486,-5887.352,1.205,68.000
0.043,0.001,0.017,21.459,140747.969,1.278,68.000
0.003,0.013,0.013,20.276,171516.719,7.819,68.000
0.044,0.001,0.017,20.003,253321.344,4.030,68.000
0.052,0.001,0.009,23.255,185410.531,3.208,68.000
0.050,0.000,0.011,25.122,14918.664,-0.546,68.000
0.055,0.000,0.015,25.978,-49349.504,-1.034,68.000
0.052,0.016,0.013,20.194,262958.375,7.813,68.000
0.057,0.001,0.008,23.167,103760.133,1.634,68.000
0.051,0.006,0.010,18.579,281743.625,6.685,68.000
0.049,0.001,0.019,22.689,223813.594,3.428,68.000
0.051,0.016,0.013,22.464,229718.594,8.330,68.000
0.052,0.008,0.013,19.506,226977.312,6.916,68.000
0.046,0.000,0.017,25.714,41897.602,0.171,68.000
0.050,0.006,0.013,18.133,231407.594,6.902,68.000
0.049,0.014,0.014,19.114,254719.781,7.986,68.000
0.048,0.007,0.012,21.702,231463.781,7.345,68.000
0.052,0.001,0.010,23.619,197747.406,4.133,68.000
0.041,0.001,0.013,19.636,194409.938,3.213,68.000
0.043,0.000,0.017,23.880,58171.023,-0.922,68.000
0.099,0.013,0.011,18.491,205027.500,8.708,68.000
0.050,0.000,0.003,24.547,-36204.797,0.457,68.000
0.048,0.002,0.010,19.349,254726.812,5.571,68.000
0.051,0.022,0.011,22.375,232975.031,5.796,68.000
0.050,0.004,0.013,18.062,238209.406,6.655,68.000
0.050,0.007,0.013,18.835,225345.906,7.091,68.000
0.052,0.014,0.013,21.250,248557.281,8.141,68.000
0.053,0.002,0.010,20.998,248126.625,5.181,68.000
0.051,0.017,0.013,20.275,264910.594,7.938,68.000
0.055,0.001,0.012,23.302,268689.688,4.196,68.000
0.098,0.012,0.012,18.916,207337.969,7.515,68.000
0.048,0.002,0.010,19.425,257667.469,5.789,68.000
0.049,0.016,0.012,22.031,221123.000,8.431,68.000
0.050,0.021,0.014,18.873,272241.812,9.317,68.000
0.057,0.000,0.009,23.889,25602.625,2.305,68.000
0.048,0.003,0.011,19.971,248550.031,6.063,68.000
0.052,0.001,0.008,22.426,210839.312,2.884,68.000
0.052,0.026,0.011,21.396,248147.938,6.015,68.000
0.049,0.012,0.014,19.625,235529.031,6.616,68.000
0.055,0.001,0.019,21.310,185484.875,2.301,68.000
0.053,0.000,0.019,22.046,-15269.250,1.684,68.000
0.056,0.002,0.007,21.485,201625.656,3.089,68.000
0.052,0.018,0.013,20.795,244310.562,8.246,68.000
0.046,0.000,0.019,23.852,71407.883,-0.597,68.000
0.041,0.001,0.014,19.543,151630.375,2.400,68.000
0.045,0.000,0.008,28.514,12650.492,1.870,68.000
0.051,0.001,0.001,24.082,-24277.789,-0.224,68.000
0.048,0.000,0.015,29.330,17665.203,-0.362,68.000
0.048,0.003,0.012,20.689,227477.750,6.014,68.000
0.049,0.001,0.020,21.270,195620.250,2.894,68.000
0.051,0.007,0.012,20.284,257846.219,8.127,68.000
0.045,0.002,0.010,19.069,232245.188,4.970,68.000
0.050,0.013,0.012,21.432,230673.062,9.007,68.000
0.057,0.000,0.016,21.799,-9187.914,1.137,68.000
0.051,0.001,0.008,22.085,207035.781,2.751,68.000
0.043,0.001,0.007,23.029,111187.711,0.715,68.000
0.046,0.000,0.009,26.921,476.891,2.021,68.000
0.051,0.001,0.011,29.540,28401.852,1.010,68.000
0.002,0.012,0.012,20.769,183592.344,6.990,68.000
0.048,0.007,0.013,19.641,210655.812,6.699,68.000
0.048,0.000,0.004,22.319,-30500.297,-0.587,68.000
0.047,0.000,0.019,23.951,81633.086,-1.467,68.000
0.098,0.011,0.011,16.640,219792.750,8.268,68.000
0.042,0.001,0.017,18.785,228279.000,4.015,68.000
0.002,0.012,0.013,20.985,131492.031,7.759,68.000
0.049,0.016,0.014,20.835,249317.719,8.551,68.000
0.045,0.001,0.011,20.053,236946.188,5.683,68.000
0.044,0.001,0.017,21.461,225384.531,3.527,68.000
0.050,0.001,0.001,21.951,97785.883,1.201,68.000
0.098,0.012,0.012,19.704,204249.594,7.546,68.000
0.055,0.001,0.010,22.994,232809.938,3.208,68.000
0.056,0.001,0.007,24.512,58027.820,1.710,68.000
0.041,0.001,0.015,18.521,187616.219,3.047,68.000
0.051,0.001,0.017,23.517,228850.688,3.243,68.000
0.043,0.000,0.011,23.964,-23844.789,-1.461,68.000
0.050,0.025,0.013,21.813,280145.812,9.159,68.000
0.050,0.000,0.006,22.040,3810.773,-0.141,68.000
0.051,0.015,0.011,22.272,222666.219,8.006,68.000
0.051,0.000,0.014,32.209,-6399.000,-0.697,68.000
0.057,0.000,0.006,22.818,-14233.477,3.682,68.000
0.050,0.024,0.013,21.340,273869.594,8.263,68.000
0.058,0.001,0.012,21.472,220641.656,2.276,68.000
0.045,0.001,0.017,21.965,238472.594,3.707,68.000
0.051,0.001,0.009,21.408,243223.031,4.940,68.000
0.050,0.024,0.014,21.035,272287.312,9.428,68.000
0.054,0.001,0.021,21.326,137762.312,1.336,68.000
0.047,0.002,0.017,21.869,277177.750,4.490,68.000
0.042,0.001,0.018,20.426,181851.562,3.094,68.000
0.050,0.014,0.014,19.215,257617.375,7.773,68.000
0.055,0.002,0.009,22.087,215585.125,3.096,68.000
0.052,0.011,0.013,20.400,227677.031,7.555,68.000
0.051,0.008,0.013,19.723,225344.250,7.035,68.000
0.044,0.001,0.018,22.598,160455.719,1.891,68.000
0.045,0.002,0.018,21.728,254720.969,4.290,68.000
0.057,0.001,0.005,21.940,144958.688,3.639,68.000
0.050,0.007,0.012,20.559,263518.625,8.310,68.000
0.050,0.015,0.010,22.001,214106.625,8.203,68.000
0.051,0.019,0.012,22.187,234752.062,7.663,68.000
0.048,0.002,0.007,20.490,202032.250,2.867,68.000
0.049,0.027,0.012,21.971,253583.656,6.666,68.000
0.045,0.001,0.006,24.573,74551.445,0.394,68.000
0.049,0.025,0.013,21.451,289459.719,8.962,68.000
0.049,0.022,0.010,20.133,273501.438,5.721,68.000
0.055,0.001,0.012,24.220,236291.906,2.958,68.000
0.059,0.001,0.008,20.790,117197.086,1.535,68.000
0.050,0.000,0.015,29.140,10013.266,0.937,68.000
0.050,0.016,0.014,20.194,260042.719,8.178,68.000
0.049,0.006,0.012,20.946,247835.875,7.775,68.000
0.056,0.000,0.014,25.363,27181.539,-0.423,68.000
0.049,0.004,0.011,20.229,261246.469,6.425,68.000
0.043,0.001,0.018,21.946,176459.344,2.320,68.000
0.050,0.021,0.011,20.698,260436.938,5.975,68.000
0.054,0.000,0.016,27.331,28562.039,-0.534,68.000
0.046,0.000,0.014,32.220,-37260.969,-0.296,68.000
0.001,0.012,0.012,21.125,169633.688,7.336,68.000
0.050,0.012,0.012,21.733,236125.906,8.416,68.000
0.051,0.018,0.013,20.884,251692.375,8.225,68.000
0.049,0.001,0.010,25.223,107699.883,2.576,68.000
0.051,0.016,0.014,19.394,266050.812,7.981,68.000
0.042,0.001,0.015,19.844,180889.000,2.639,68.000
0.050,0.018,0.013,20.548,260074.281,8.475,68.000
0.047,0.000,0.013,29.851,26291.172,0.239,68.000
0.052,0.002,0.012,20.581,265240.688,5.329,68.000
0.057,0.000,0.019,21.105,-11602.484,-1.339,68.000
0.052,0.001,0.019,22.033,200107.438,2.757,68.000
0.052,0.026,0.011,22.673,236780.781,6.749,68.000
0.046,0.001,0.012,28.929,2794.312,0.133,68.000
0.050,0.024,0.013,21.333,267628.562,8.475,68.000
0.050,0.001,0.008,21.642,207575.688,2.608,68.000
0.048,0.014,0.012,21.794,228955.125,9.317,68.000
0.050,0.007,0.013,19.981,246167.688,8.042,68.000
0.049,0.003,0.010,19.391,270511.375,5.936,68.000
0.048,0.020,0.011,20.086,268561.938,7.588,68.000
0.051,0.014,0.011,21.297,223604.344,8.279,68.000
0.052,0.000,0.017,29.045,20050.898,-1.347,68.000
0.051,0.006,0.013,18.720,228173.188,6.876,68.000
0.050,0.010,0.013,20.225,234915.906,6.819,68.000
0.051,0.009,0.013,20.886,224168.406,7.857,68.000
0.050,0.024,0.011,20.162,266522.469,5.598,68.000
0.051,0.005,0.010,18.539,289655.531,5.806,68.000
0.041,0.000,0.018,21.587,9951.703,-0.225,68.000
0.051,0.005,0.009,18.275,294832.875,5.676,68.000
0.054,0.002,0.012,22.561,271018.906,4.542,68.000
0.048,0.002,0.013,20.817,221121.719,6.369,68.000
0.052,0.002,0.011,20.037,271297.875,5.815,68.000
0.051,0.011,0.012,21.431,232128.781,8.333,68.000
0.099,0.012,0.012,20.677,198746.719,7.513,68.000
0.049,0.000,0.001,20.661,19175.844,1.102,68.000
0.049,0.007,0.014,18.379,212028.156,5.960,68.000
0.047,0.002,0.013,21.637,205501.719,6.028,68.000
0.051,0.005,0.013,19.223,245525.062,6.787,68.000
0.051,0.001,0.008,21.719,215469.500,2.934,68.000
0.045,0.000,0.018,27.374,-27328.578,-0.894,68.000
0.055,0.002,0.015,21.921,228719.000,2.930,68.000
0.052,0.001,0.011,29.518,71853.023,1.807,68.000
0.048,0.019,0.014,19.180,274055.219,9.651,68.000
0.050,0.004,0.015,17.651,220818.281,5.130,68.000
0.048,0.025,0.010,18.559,287973.188,6.149,68.000
0.052,0.010,0.012,20.715,246566.531,8.370,68.000
0.050,0.008,0.012,21.398,257395.969,8.559,68.000
0.050,0.011,0.010,21.735,275882.656,7.241,68.000
0.049,0.016,0.013,22.052,241197.219,8.893,68.000
0.051,0.007,0.011,19.775,266542.719,7.949,68.000
0.050,0.013,0.013,20.628,240310.281,8.386,68.000
0.051,0.000,0.004,24.950,-89228.305,0.311,68.000
0.052,0.013,0.013,20.555,244100.250,8.307,68.000
0.056,0.001,0.014,26.109,75868.586,0.718,68.000
0.055,0.000,0.007,22.479,63574.742,3.446,68.000
0.052,0.007,0.013,18.696,246137.531,7.205,68.000
0.057,0.001,0.017,22.235,105065.055,0.812,68.000
0.044,0.001,0.019,22.055,181276.812,2.351,68.000
0.050,0.012,0.010,21.750,273046.969,7.469,68.000
0.050,0.025,0.012,21.619,271110.125,6.680,68.000
0.056,0.000,0.009,28.545,566.531,3.349,68.000
0.052,0.007,0.010,18.691,274624.281,7.049,68.000
0.042,0.000,0.005,23.649,106897.008,0.282,68.000
0.049,0.007,0.013,20.256,221498.594,7.340,68.000
0.055,0.001,0.013,25.275,208718.219,2.934,68.000
0.051,0.014,0.010,21.186,245814.281,7.475,68.000
0.039,0.001,0.011,21.383,117520.148,0.802,68.000
0.048,0.017,0.012,22.715,222933.438,8.828,68.000
0.055,0.000,0.014,26.120,-67691.594,0.271,68.000
0.049,0.025,0.014,21.005,297999.781,9.183,68.000
0.048,0.002,0.014,21.047,235079.250,5.769,68.000
0.052,0.006,0.011,18.884,261898.594,7.635,68.000
0.048,0.012,0.012,21.303,236541.781,7.611,68.000
0.046,0.002,0.017,21.485,268143.844,4.524,68.000
0.047,0.000,0.018,27.265,36964.117,0.708,68.000
0.049,0.008,0.014,19.072,230860.719,6.382,68.000
0.056,0.002,0.013,23.004,255575.156,3.284,68.000
0.050,0.000,0.009,26.361,-59436.734,0.175,68.000
0.049,0.001,0.007,22.867,166300.188,2.233,68.000
0.049,0.006,0.010,18.827,274693.656,5.650,68.000
0.049,0.002,0.018,21.961,249142.938,3.567,68.000
0.048,0.009,0.010,21.915,265398.719,7.819,68.000
0.053,0.001,0.017,24.283,191693.125,2.252,68.000
0.051,0.001,0.014,26.299,174391.188,2.988,68.000
0.042,0.001,0.010,23.738,53414.055,0.073,68.000
0.051,0.004,0.014,17.676,237745.188,5.371,68.000
0.049,0.000,0.008,23.453,2273.992,-0.393,68.000
0.050,0.008,0.011,20.819,259816.750,8.422,68.000
0.054,0.001,0.007,22.857,155285.125,1.937,68.000
0.051,0.008,0.011,20.717,259231.219,8.514,68.000
0.049,0.001,0.021,21.912,136480.875,1.951,68.000
0.045,0.001,0.020,21.807,164565.469,2.285,68.000
0.100,0.012,0.013,19.140,58016.727,9.329,68.000
0.041,0.001,0.017,21.758,79379.617,-0.015,68.000
0.048,0.000,0.022,21.993,-63518.219,-1.110,68.000
0.051,0.004,0.010,18.300,293160.250,5.887,68.000
0.051,0.001,0.020,22.720,174080.531,2.522,68.000
0.048,0.022,0.013,19.922,276484.844,9.511,68.000
0.045,0.000,0.010,30.662,-1440.469,1.066,68.000
0.042,0.000,0.017,21.768,36832.852,-0.410,68.000
0.098,0.011,0.012,18.871,207306.250,7.092,68.000
0.052,0.007,0.011,19.290,263134.469,7.945,68.000
0.099,0.012,0.013,22.247,178528.125,4.980,68.000
0.049,0.026,0.010,18.751,284483.031,6.193,68.000
0.055,0.002,0.012,22.548,267642.469,3.958,68.000
0.050,0.022,0.014,20.046,263528.438,9.226,68.000
0.050,0.000,0.004,23.275,-46290.664,-0.290,68.000
0.048,0.013,0.011,22.124,232577.562,8.664,68.000
0.050,0.015,0.011,22.264,216661.625,8.228,68.000
0.048,0.001,0.021,21.809,168898.000,2.219,68.000
0.045,0.002,0.006,20.247,216774.281,2.538,68.000
0.049,0.008,0.013,20.861,223695.438,7.598,68.000
0.044,0.001,0.009,24.771,26845.008,0.205,68.000
0.050,0.009,0.010,20.852,266878.125,8.068,68.000
0.049,0.007,0.010,19.032,263218.625,6.845,68.000
0.056,0.001,0.008,22.196,202681.688,2.764,68.000
0.048,0.001,0.006,21.530,190692.844,2.764,68.000
0.050,0.019,0.010,21.317,241341.656,6.703,68.000
0.048,0.008,0.012,21.896,228324.625,7.627,68.000
0.049,0.016,0.011,22.110,212227.156,7.854,68.000
0.047,0.001,0.009,24.183,102933.852,1.901,68.000
0.055,0.001,0.018,21.386,197221.562,2.526,68.000
0.055,0.001,0.012,28.064,69352.008,0.882,68.000
0.002,0.012,0.012,20.110,198203.375,6.894,68.000
0.050,0.019,0.013,18.971,272299.844,9.206,68.000
0.050,0.014,0.012,21.976,225740.438,8.820,68.000
0.051,0.010,0.011,21.282,249996.344,8.668,68.000
0.041,0.000,0.018,22.239,89341.414,0.081,68.000
0.052,0.018,0.010,23.012,233028.875,6.456,68.000
0.041,0.001,0.010,21.003,108307.242,1.358,68.000
0.050,0.006,0.010,18.711,280197.219,6.472,68.000
0.002,0.014,0.012,19.892,208922.125,7.394,68.000
0.051,0.026,0.012,22.956,250349.125,7.496,68.000
0.052,0.000,0.018,28.415,-75889.688,0.306,68.000
0.045,0.001,0.002,22.993,75770.352,-0.540,68.000
0.049,0.015,0.012,22.185,219459.156,8.869,68.000
0.049,0.005,0.012,20.319,220669.500,6.157,68.000
0.042,0.000,0.007,24.000,54063.805,0.106,68.000
0.050,0.009,0.009,20.472,290538.688,7.030,68.000
0.046,0.001,0.017,25.009,126856.102,0.961,68.000
0.055,0.000,0.017,22.932,10794.156,0.627,68.000
0.051,0.000,0.020,25.168,34814.617,0.097,68.000
0.040,0.001,0.012,19.436,181392.375,1.971,68.000
0.045,0.000,0.017,23.506,176554.688,2.084,68.000
0.056,0.001,0.016,22.050,206688.469,2.487,68.000
0.051,0.017,0.014,17.959,272036.812,7.891,68.000
0.050,0.019,0.013,19.169,269236.062,8.752,68.000
0.048,0.001,0.013,22.439,232084.938,5.627,68.000
0.001,0.013,0.012,20.836,189549.750,7.371,68.000
0.043,0.001,0.018,20.372,213492.406,3.686,68.000
0.048,0.020,0.013,19.260,275464.438,10.026,68.000
0.049,0.005,0.014,17.668,217561.375,6.313,68.000
0.050,0.005,0.013,18.152,229805.562,6.638,68.000
0.052,0.000,0.003,24.707,-89158.297,-0.275,68.000
0.049,0.015,0.010,21.582,211265.469,8.141,68.000
0.042,0.001,0.015,18.767,222142.438,3.761,68.000
0.098,0.011,0.011,17.045,213179.688,8.152,68.000
0.050,0.014,0.014,18.807,258559.688,7.602,68.000
0.049,0.025,0.014,20.852,299042.438,9.147,68.000
0.059,0.001,0.017,18.498,183094.062,1.294,68.000
0.048,0.025,0.013,20.359,292984.062,8.786,68.000
0.049,0.005,0.012,20.237,229936.531,6.287,68.000
0.056,0.001,0.015,24.858,81811.930,1.368,68.000
0.058,0.000,0.009,22.095,22232.562,1.961,68.000
0.049,0.000,0.012,29.424,-10092.828,-1.518,68.000
0.049,0.011,0.010,22.242,280758.594,7.171,68.000
0.052,0.025,0.011,22.773,243116.531,6.938,68.000
0.051,0.000,0.012,29.618,-67999.141,-1.310,68.000
0.051,0.010,0.012,21.421,244230.844,8.386,68.000
0.057,0.001,0.015,21.295,152831.156,1.850,68.000
0.052,0.009,0.011,20.264,256009.531,8.402,68.000
0.048,0.027,0.011,24.233,255452.375,5.085,68.000
0.048,0.018,0.013,22.311,232207.812,9.398,68.000
0.051,0.001,0.021,22.513,100743.930,1.042,68.000
0.050,0.025,0.011,20.863,275159.250,6.196,68.000
0.049,0.022,0.012,20.723,265230.438,8.219,68.000
0.051,0.019,0.011,22.092,237203.594,6.778,68.000
0.045,0.000,0.010,30.401,-22897.312,1.446,68.000
0.049,0.013,0.013,20.792,244913.688,7.980,68.000
0.044,0.001,0.019,20.631,211470.875,3.470,68.000
0.046,0.000,0.010,24.485,-30345.719,-0.266,68.000
0.058,0.001,0.010,20.829,218013.406,1.225,68.000
0.048,0.014,0.010,22.658,226446.625,8.305,68.000
0.051,0.001,0.007,21.774,178132.969,2.234,68.000
0.052,0.007,0.011,18.921,263042.062,7.659,68.000
0.050,0.019,0.012,21.618,245694.156,8.147,68.000
0.051,0.026,0.012,22.920,263092.094,8.185,68.000
0.060,0.001,0.013,21.422,100163.617,0.007,68.000
0.048,0.005,0.012,20.708,225917.812,6.159,68.000
0.045,0.002,0.011,19.335,243291.438,6.144,68.000
0.052,0.018,0.013,19.833,258136.906,8.106,68.000
0.045,0.001,0.017,21.641,257388.750,4.325,68.000
0.048,0.025,0.014,20.622,297895.875,9.073,68.000
0.098,0.011,0.011,17.201,216341.906,8.019,68.000
0.051,0.013,0.013,21.007,235295.312,8.841,68.000
0.049,0.000,0.020,24.014,132334.719,1.613,68.000
0.050,0.000,0.008,25.675,18417.414,-0.960,68.000
0.052,0.001,0.006,24.587,78022.664,0.861,68.000
0.049,0.002,0.006,20.785,187340.094,2.813,68.000
0.052,0.016,0.011,22.992,222072.562,7.177,68.000
0.052,0.001,0.021,22.030,127198.227,1.026,68.000
0.041,0.001,0.015,21.348,70836.289,-0.035,68.000
0.045,0.001,0.019,22.237,223231.969,3.769,68.000
0.047,0.001,0.006,23.527,150588.969,1.806,68.000
0.048,0.006,0.013,18.605,205422.000,6.339,68.000
0.043,0.001,0.004,21.580,196038.188,1.591,68.000
0.054,0.002,0.011,21.701,267232.844,4.744,68.000
0.052,0.022,0.013,22.027,231952.125,9.032,68.000
0.057,0.000,0.016,25.582,1383.297,0.635,68.000
0.056,0.001,0.007,21.507,199002.125,2.892,68.000
0.049,0.010,0.012,22.356,234195.312,8.165,68.000
0.057,0.001,0.007,21.761,167579.281,2.239,68.000
0.047,0.001,0.017,22.766,245389.188,4.042,68.000
0.049,0.006,0.014,17.780,217318.094,6.466,68.000
0.049,0.001,0.012,23.782,210820.594,4.841,68.000
0.050,0.014,0.014,19.105,259877.938,7.740,68.000
0.049,0.003,0.012,20.182,227192.625,6.257,68.000
0.044,0.000,0.006,25.483,3606.977,1.711,68.000
0.053,0.000,0.020,23.762,-12348.719,0.213,68.000
0.041,0.001,0.016,18.872,174122.062,3.182,68.000
0.053,0.001,0.012,25.982,188837.688,3.006,68.000
0.050,0.013,0.013,20.036,240219.719,7.839,68.000
0.049,0.010,0.010,21.964,268163.750,7.714,68.000
0.049,0.003,0.011,19.587,267333.938,6.180,68.000
0.052,0.000,0.009,25.189,47263.461,2.248,68.000
0.051,0.013,0.014,19.369,235518.250,7.804,68.000
0.053,0.001,0.011,31.250,-5463.438,0.359,68.000
0.051,0.001,0.016,25.313,194518.625,3.283,68.000
0.055,0.001,0.014,25.642,106893.773,0.770,68.000
0.041,0.000,0.009,23.300,-34405.086,2.430,68.000
0.050,0.025,0.010,19.123,282833.688,4.937,68.000
0.053,0.000,0.003,22.852,-30834.391,1.047,68.000
0.049,0.003,0.011,20.573,261022.125,6.307,68.000
0.050,0.012,0.010,21.838,263688.594,7.569,68.000
0.052,0.000,0.019,25.529,23246.883,-0.527,68.000
0.050,0.022,0.014,20.254,266725.656,9.174,68.000
0.045,0.000,0.013,30.453,-58585.781,-2.704,68.000
0.056,0.000,0.011,22.073,-45626.844,0.720,68.000
0.049,0.027,0.012,22.461,262444.625,7.422,68.000
0.042,0.001,0.014,22.288,85270.086,-0.121,68.000
0.043,0.000,0.010,24.068,-25370.594,-0.400,68.000
0.048,0.001,0.011,22.732,196850.000,4.820,68.000
0.054,0.001,0.016,23.102,214784.906,2.500,68.000
0.047,0.000,0.012,30.254,17857.828,0.798,68.000
0.049,0.001,0.006,25.492,37096.586,-0.017,68.000
0.052,0.001,0.012,28.199,116059.445,2.398,68.000
0.059,0.001,0.007,20.178,181786.000,2.922,68.000
0.050,0.016,0.010,21.281,218146.656,7.842,68.000
0.050,0.022,0.014,20.101,267402.406,9.240,68.000
0.052,0.010,0.012,21.207,228909.375,8.465,68.000
0.099,0.012,0.011,18.633,175462.094,7.715,68.000
0.054,0.001,0.018,23.948,115514.977,1.174,68.000
0.051,0.010,0.011,21.116,255451.719,8.591,68.000
0.048,0.006,0.012,20.149,222574.531,6.992,68.000
0.058,0.001,0.017,19.528,196612.250,1.949,68.000
0.050,0.005,0.014,17.795,221814.688,6.373,68.000
0.049,0.027,0.012,25.915,233355.656,6.284,68.000
0.057,0.001,0.004,23.203,99544.055,3.077,68.000
0.002,0.012,0.010,17.785,255197.750,5.162,68.000
0.046,0.001,0.006,21.902,198549.188,2.360,68.000
0.053,0.000,0.021,22.142,-38984.188,0.288,68.000
0.050,0.000,0.020,23.708,68923.352,0.523,68.000
0.049,0.000,0.022,22.304,-12943.117,1.459,68.000
0.048,0.015,0.010,22.654,216800.500,8.446,68.000
0.045,0.000,0.006,24.311,51931.242,-0.436,68.000
0.048,0.019,0.013,20.054,263862.719,10.101,68.000
0.050,0.023,0.012,21.430,262404.344,7.491,68.000
0.050,0.025,0.010,19.082,279066.312,5.149,68.000
0.055,0.000,0.013,28.327,62450.195,1.079,68.000
0.049,0.018,0.013,21.395,244355.594,9.457,68.000
0.052,0.001,0.014,28.890,82497.742,1.141,68.000
0.052,0.008,0.011,20.197,260380.031,8.233,68.000
0.043,0.000,0.017,25.019,43643.898,1.285,68.000
0.048,0.026,0.013,21.418,295723.906,8.017,68.000
0.050,0.001,0.013,31.044,53953.914,1.127,68.000
0.048,0.025,0.012,19.587,288263.812,6.577,68.000
0.060,0.001,0.009,20.336,190120.000,0.556,68.000
0.050,0.004,0.013,17.119,230555.250,6.517,68.000
0.054,0.002,0.016,21.680,257320.875,3.467,68.000
0.055,0.001,0.018,21.896,216631.125,3.043,68.000
0.001,0.013,0.011,18.842,231417.156,6.397,68.000
0.047,0.001,0.010,23.008,124872.398,3.730,68.000
0.049,0.004,0.012,20.707,248326.938,6.196,68.000
0.050,0.011,0.014,19.606,235018.000,6.592,68.000
0.052,0.001,0.022,22.464,56881.914,0.117,68.000
0.050,0.013,0.013,20.305,239490.781,7.973,68.000
0.051,0.008,0.010,19.366,268717.594,7.671,68.000
0.049,0.015,0.011,22.420,218188.500,8.551,68.000
0.054,0.001,0.010,26.924,117482.039,1.793,68.000
0.098,0.013,0.013,21.999,180785.438,6.940,68.000
0.050,0.023,0.010,19.873,265703.375,5.489,68.000
0.044,0.001,0.018,20.860,238723.000,3.849,68.000
0.052,0.001,0.008,25.958,89279.242,1.119,68.000
0.042,0.001,0.004,21.678,207666.906,1.919,68.000
0.043,0.001,0.017,21.244,144792.562,1.387,68.000
0.057,0.001,0.006,23.211,93604.273,2.210,68.000
0.050,0.012,0.011,21.628,254395.219,7.895,68.000
0.049,0.013,0.010,22.801,239821.625,7.834,68.000
0.052,0.001,0.006,21.535,179729.281,2.305,68.000
0.051,0.013,0.014,19.605,235268.812,7.860,68.000
0.041,0.000,0.007,23.371,115912.055,1.083,68.000
0.048,0.001,0.011,21.732,210957.000,5.078,68.000
0.049,0.006,0.014,17.853,210390.219,6.495,68.000
0.051,0.022,0.012,22.044,232240.312,8.125,68.000
0.057,0.000,0.013,25.307,-169.539,0.157,68.000
0.052,0.000,0.019,25.193,-19732.641,-0.451,68.000
0.056,0.001,0.009,23.475,139370.500,1.025,68.000
0.047,0.001,0.017,21.905,261610.438,4.375,68.000
0.048,0.000,0.007,22.938,23593.242,-0.503,68.000
0.098,0.014,0.012,21.740,184170.688,7.702,68.000
0.057,0.001,0.013,23.924,147346.312,0.916,68.000
0.052,0.001,0.022,21.902,118786.445,0.702,68.000
0.053,0.000,0.006,22.431,2245.156,0.819,68.000
0.045,0.001,0.015,26.310,125942.211,1.573,68.000
0.099,0.011,0.013,20.458,194745.812,6.095,68.000
0.056,0.001,0.009,26.388,118519.336,1.215,68.000
0.048,0.000,0.019,26.091,5891.156,-0.106,68.000
0.050,0.023,0.012,21.091,265504.250,6.296,68.000
0.051,0.001,0.015,22.772,258239.438,4.132,68.000
0.051,0.003,0.011,19.224,276501.844,6.421,68.000
0.048,0.000,0.020,24.386,109927.961,1.263,68.000
0.045,0.001,0.006,22.135,195654.031,2.102,68.000
0.052,0.013,0.010,21.361,251246.844,7.671,68.000
0.049,0.016,0.011,22.342,210822.781,8.272,68.000
0.047,0.001,0.019,22.207,229377.781,3.825,68.000
0.050,0.014,0.013,20.583,249707.844,8.008,68.000
0.050,0.013,0.011,21.646,230938.125,8.948,68.000
0.049,0.009,0.010,21.372,274235.031,7.468,68.000
0.050,0.018,0.010,22.088,232463.000,6.679,68.000
0.000,0.013,0.013,23.034,-69489.148,11.842,68.000
0.050,0.009,0.013,20.583,233904.094,6.918,68.000
0.051,0.023,0.010,20.149,260396.969,4.792,68.000
0.048,0.003,0.010,19.650,259241.469,5.869,68.000
0.100,0.011,0.011,16.811,-13480.242,10.495,68.000
0.041,0.001,0.008,20.892,148562.969,1.259,68.000
0.051,0.001,0.009,21.145,241275.250,4.893,68.000
0.055,0.001,0.012,29.566,75628.242,1.523,68.000
0.055,0.000,0.007,23.325,-30926.766,1.263,68.000
0.051,0.001,0.007,23.562,164899.125,2.174,68.000
0.048,0.001,0.009,26.430,33771.992,0.871,68.000
0.050,0.018,0.013,20.405,252042.281,8.928,68.000
0.051,0.012,0.011,20.919,245532.094,8.410,68.000
0.049,0.024,0.012,20.827,294159.438,7.656,68.000
0.049,0.008,0.010,20.058,263694.875,7.468,68.000
0.052,0.003,0.011,18.589,286275.094,6.134,68.000
0.052,0.016,0.012,22.634,225011.500,7.549,68.000
0.048,0.021,0.012,20.021,268840.125,8.647,68.000
0.053,0.000,0.012,26.232,-47475.469,-0.762,68.000
0.049,0.001,0.013,25.141,207083.750,4.122,68.000
0.047,0.001,0.018,24.090,198679.250,3.346,68.000
0.051,0.006,0.013,18.598,235429.594,7.163,68.000
0.049,0.025,0.010,18.886,278283.625,5.845,68.000
0.051,0.016,0.010,21.680,225477.688,7.612,68.000
0.050,0.027,0.010,19.706,266327.344,5.734,68.000
0.055,0.000,0.014,26.512,-33601.117,1.329,68.000
0.052,0.002,0.010,18.940,277660.531,5.901,68.000
0.050,0.025,0.014,21.458,284541.312,9.276,68.000
0.098,0.012,0.013,21.683,182710.969,5.298,68.000
0.050,0.001,0.011,26.528,110107.227,2.860,68.000
0.049,0.012,0.011,22.194,241269.656,8.544,68.000
0.058,0.000,0.012,21.304,-38494.422,2.698,68.000
0.055,0.000,0.005,23.597,-40319.809,1.234,68.000
0.050,0.026,0.014,22.820,265642.500,9.527,68.000
0.048,0.014,0.011,22.364,227136.125,8.677,68.000
0.002,0.012,0.013,21.013,159099.250,7.585,68.000
0.050,0.005,0.014,17.485,223556.312,6.298,68.000
0.049,0.020,0.011,20.371,266576.531,7.483,68.000
0.050,0.008,0.013,20.308,233220.250,7.595,68.000
0.052,0.002,0.013,21.278,255435.781,4.847,68.000
0.048,0.001,0.014,26.045,158000.062,2.717,68.000
0.043,0.000,0.007,21.389,-43775.480,0.962,68.000
0.055,0.001,0.017,21.510,227217.875,3.107,68.000
0.050,0.018,0.010,21.950,235731.062,6.695,68.000
0.042,0.001,0.014,18.911,191703.062,2.958,68.000
0.051,0.006,0.011,19.138,273702.031,7.280,68.000
0.051,0.024,0.012,22.004,262319.344,8.012,68.000
0.050,0.000,0.022,24.593,5235.688,-1.114,68.000
0.049,0.018,0.011,22.213,219123.625,7.249,68.000
0.045,0.001,0.007,20.966,200217.781,2.211,68.000
0.049,0.005,0.012,20.375,222764.594,6.290,68.000
0.050,0.000,0.002,25.549,-138585.172,-1.797,68.000
0.054,0.000,0.003,24.022,-77582.750,0.690,68.000
0.099,0.012,0.012,20.412,200421.875,7.716,68.000
0.049,0.018,0.010,21.980,220683.781,7.189,68.000
0.049,0.005,0.009,18.731,285976.125,5.245,68.000
0.040,0.001,0.012,19.602,174284.094,1.902,68.000
0.050,0.001,0.009,22.483,196642.312,3.484,68.000
0.053,0.000,0.011,29.436,-69285.062,-0.087,68.000
0.049,0.027,0.011,29.409,127258.961,11.525,68.000
0.051,0.013,0.014,19.653,240118.281,7.848,68.000
0.052,0.010,0.013,20.906,225919.781,8.108,68.000
0.049,0.017,0.011,22.136,219671.375,8.043,68.000
0.048,0.000,0.020,24.639,99825.148,-1.178,68.000
0.052,0.019,0.013,20.312,240299.906,8.594,68.000
0.052,0.024,0.013,22.733,237026.281,8.553,68.000
0.043,0.001,0.008,21.069,150577.875,1.356,68.000
0.055,0.001,0.014,22.875,223956.344,2.747,68.000
0.048,0.001,0.002,21.128,131341.438,1.318,68.000
0.058,0.001,0.009,21.019,214213.750,1.362,68.000
0.048,0.025,0.013,20.922,298003.156,7.672,68.000
0.048,0.006,0.010,19.140,262493.375,6.131,68.000
0.044,0.001,0.014,20.573,215058.031,4.779,68.000
0.052,0.000,0.016,25.828,24727.461,-0.285,68.000
0.045,0.001,0.019,23.217,78834.648,0.393,68.000
0.050,0.000,0.007,23.686,-7349.992,1.087,68.000
0.049,0.001,0.015,30.204,40933.773,0.281,68.000
0.056,0.002,0.009,21.715,223206.219,2.654,68.000
0.049,0.002,0.017,21.468,275738.312,4.176,68.000
0.048,0.027,0.013,26.938,239753.625,6.795,68.000
0.053,0.002,0.011,19.876,278903.750,5.537,68.000
0.045,0.001,0.019,22.565,138498.656,1.571,68.000
0.050,0.001,0.006,23.062,166046.312,2.212,68.000
0.003,0.012,0.011,18.747,219219.188,5.725,68.000
0.052,0.017,0.011,22.973,220004.000,7.288,68.000
0.050,0.010,0.010,20.959,288792.312,7.116,68.000
0.052,0.001,0.003,23.179,103260.820,1.876,68.000
0.052,0.005,0.010,17.995,296080.719,6.281,68.000
0.050,0.010,0.012,21.580,230622.719,8.103,68.000
0.052,0.015,0.010,21.496,228980.250,7.897,68.000
0.056,0.001,0.011,23.104,191538.656,2.239,68.000
0.002,0.012,0.011,19.062,213825.344,6.332,68.000
0.052,0.009,0.013,19.824,222338.531,6.989,68.000
0.048,0.012,0.012,21.837,240857.656,8.414,68.000
0.050,0.022,0.010,20.302,265608.312,5.554,68.000
0.049,0.009,0.015,18.982,232848.406,6.093,68.000
0.061,0.001,0.014,18.437,174695.625,0.919,68.000
0.051,0.022,0.014,20.732,245774.594,9.394,68.000
0.052,0.001,0.012,26.911,155330.969,2.916,68.000
0.058,0.001,0.016,19.663,201476.812,2.419,68.000
0.051,0.006,0.010,18.019,284415.156,6.697,68.000
0.050,0.012,0.010,21.798,254138.500,7.759,68.000
0.052,0.000,0.020,25.086,-25858.586,0.282,68.000
0.056,0.001,0.013,28.754,22813.711,0.607,68.000
0.052,0.001,0.012,26.161,169531.719,3.601,68.000
0.052,0.010,0.013,20.992,222971.969,8.143,68.000
0.050,0.012,0.010,21.632,268275.438,7.520,68.000
0.048,0.003,0.011,20.396,247403.094,6.024,68.000
0.043,0.001,0.008,20.846,163886.094,1.324,68.000
0.044,0.001,0.017,22.017,165261.469,1.822,68.000
0.051,0.023,0.014,21.530,252291.406,9.558,68.000
0.051,0.020,0.012,21.497,229014.000,8.493,68.000
0.051,0.020,0.012,21.961,234944.844,8.001,68.000
0.050,0.000,0.022,24.024,-44009.180,-0.169,68.000
0.051,0.000,0.006,21.867,23337.500,0.183,68.000
0.048,0.010,0.010,21.934,271541.844,7.545,68.000
0.040,0.001,0.015,16.218,194805.812,4.072,68.000
0.046,0.001,0.022,20.355,135481.219,2.155,68.000
0.057,0.002,0.015,21.112,211835.875,2.941,68.000
0.051,0.002,0.009,20.293,253361.188,5.218,68.000
0.048,0.002,0.011,20.516,244739.750,6.203,68.000
0.057,0.000,0.018,20.681,15697.859,-0.565,68.000
0.050,0.007,0.014,19.084,217978.312,6.536,68.000
0.049,0.001,0.008,27.197,-11528.203,-0.630,68.000
0.002,0.013,0.012,20.660,189078.812,7.298,68.000
0.060,0.001,0.013,18.600,183446.062,0.797,68.000
0.049,0.016,0.013,21.666,232229.750,8.711,68.000
0.042,0.001,0.019,20.775,183170.000,3.025,68.000
0.051,0.000,0.019,24.758,95548.914,0.806,68.000
0.049,0.017,0.012,22.931,225304.094,8.747,68.000
0.047,0.001,0.020,21.947,191446.656,2.828,68.000
0.042,0.001,0.007,23.092,120230.414,0.858,68.000
0.043,0.000,0.014,25.498,-5702.328,0.936,68.000
0.049,0.022,0.011,20.027,268678.906,6.599,68.000
0.051,0.020,0.011,22.234,235781.219,5.542,68.000
0.057,0.001,0.013,22.548,239098.750,2.831,68.000
0.049,0.001,0.017,21.837,267919.594,4.076,68.000
0.051,0.024,0.010,19.664,276763.344,4.608,68.000
0.055,0.001,0.003,26.075,-115627.664,-0.577,68.000
0.050,0.006,0.010,18.779,280337.375,6.297,68.000
0.003,0.012,0.012,20.361,186929.219,6.887,68.000
0.043,0.001,0.010,23.052,88792.445,1.175,68.000
0.048,0.024,0.013,20.532,293231.750,8.089,68.000
0.059,0.001,0.013,18.922,242428.000,1.956,68.000
0.051,0.014,0.010,21.699,231974.125,7.739,68.000
0.045,0.001,0.004,24.177,76183.227,-0.296,68.000
0.050,0.006,0.011,20.620,265824.156,7.439,68.000
0.049,0.003,0.013,17.672,230379.781,6.517,68.000
0.045,0.001,0.014,22.054,220916.438,5.118,68.000
0.052,0.026,0.012,23.842,243048.875,8.159,68.000
0.052,0.013,0.010,21.406,248161.375,7.772,68.000
0.045,0.001,0.022,20.106,183848.219,2.983,68.000
0.053,0.001,0.021,24.222,16567.914,0.515,68.000
0.049,0.008,0.010,20.434,270169.344,7.172,68.000
0.051,0.000,0.010,30.259,12867.477,2.201,68.000
0.049,0.001,0.004,22.332,168959.969,2.505,68.000
0.048,0.027,0.013,25.568,143835.875,8.746,68.000
0.051,0.011,0.012,21.666,236684.031,8.411,68.000
0.055,0.000,0.012,28.780,850.414,3.644,68.000
0.059,0.001,0.006,20.907,163099.625,3.905,68.000
0.055,0.002,0.016,21.241,242356.438,3.173,68.000
0.055,0.000,0.009,27.226,-64428.809,1.065,68.000
0.055,0.000,0.021,23.620,-81688.391,2.135,68.000
0.059,0.000,0.018,20.544,-8708.664,-0.200,68.000
0.052,0.014,0.012,21.273,237122.812,8.296,68.000
0.051,0.016,0.013,22.129,236474.531,8.335,68.000
0.050,0.011,0.014,19.128,240021.594,6.495,68.000
0.051,0.019,0.011,22.439,238928.406,6.488,68.000
0.050,0.015,0.014,19.723,261599.656,8.236,68.000
0.051,0.022,0.010,20.736,258090.375,4.918,68.000
0.047,0.002,0.012,20.869,232203.781,6.239,68.000
0.049,0.017,0.012,22.960,222210.719,8.470,68.000
0.041,0.001,0.011,20.931,142539.062,2.202,68.000
0.044,0.002,0.016,20.168,261632.938,4.376,68.000
0.053,0.001,0.020,21.336,181128.000,2.361,68.000
0.043,0.000,0.008,25.006,-7150.875,1.841,68.000
0.050,0.000,0.003,21.513,-52413.754,-0.211,68.000
0.052,0.000,0.018,24.410,-28863.125,1.236,68.000
0.047,0.001,0.016,22.263,267747.844,4.573,68.000
0.049,0.005,0.010,18.942,283310.000,5.324,68.000
0.001,0.013,0.011,19.553,178139.062,8.203,68.000
0.055,0.001,0.004,22.924,91205.867,2.269,68.000
0.051,0.001,0.002,23.769,61978.586,1.135,68.000
0.000,0.013,0.013,30.602,-39355.301,7.924,68.000
0.002,0.012,0.014,20.962,105564.789,7.501,68.000
0.048,0.022,0.013,19.937,282645.688,8.766,68.000
0.048,0.001,0.010,25.378,94119.211,1.990,68.000
0.049,0.000,0.002,20.445,-41099.250,-1.372,68.000
0.045,0.001,0.013,24.962,143794.500,2.598,68.000
0.053,0.001,0.004,23.672,104249.211,2.195,68.000
0.048,0.007,0.011,20.870,238991.906,7.423,68.000
0.046,0.000,0.006,22.581,-15227.703,-0.411,68.000
0.048,0.013,0.014,19.540,242406.375,7.573,68.000
0.050,0.013,0.012,21.453,233175.625,8.717,68.000
0.049,0.009,0.012,22.250,233689.688,7.931,68.000
0.050,0.006,0.012,20.917,256968.281,7.634,68.000
0.059,0.000,0.013,20.803,-38898.145,1.030,68.000
0.099,0.011,0.012,18.666,210223.875,7.522,68.000
0.051,0.008,0.010,19.503,279228.656,7.165,68.000
0.056,0.002,0.012,21.750,261183.000,3.678,68.000
0.049,0.021,0.012,21.125,256940.438,8.135,68.000
0.048,0.006,0.011,20.617,244296.469,6.785,68.000
0.048,0.007,0.012,20.940,235462.125,7.601,68.000
0.049,0.008,0.014,18.973,230759.531,6.050,68.000
0.048,0.000,0.013,30.476,4935.750,-0.515,68.000
0.051,0.026,0.010,20.613,254128.562,5.683,68.000
0.044,0.000,0.021,21.106,-22483.836,2.554,68.000
0.049,0.014,0.011,22.459,224469.625,8.462,68.000
0.051,0.001,0.012,30.848,51225.195,1.384,68.000
0.001,0.012,0.012,21.280,171207.750,7.896,68.000
0.051,0.001,0.010,27.011,69696.742,1.897,68.000
0.058,0.000,0.012,20.986,-1247.148,1.147,68.000
0.041,0.001,0.013,21.222,163728.406,2.172,68.000
0.040,0.001,0.011,25.757,-2459.180,-0.700,68.000
0.052,0.014,0.012,21.013,230415.531,8.479,68.000
0.049,0.026,0.012,21.554,281555.594,6.727,68.000
0.060,0.000,0.012,18.776,-43150.504,1.966,68.000
0.051,0.003,0.011,19.784,272919.438,6.367,68.000
0.052,0.006,0.011,18.523,277422.125,7.240,68.000
0.049,0.001,0.005,23.227,158743.812,2.448,68.000
0.051,0.012,0.010,21.294,258300.969,7.882,68.000
0.001,0.012,0.012,20.672,193286.281,6.864,68.000
0.051,0.025,0.013,22.523,264813.281,9.056,68.000
0.050,0.020,0.010,21.186,258321.469,6.308,68.000
0.056,0.001,0.005,22.724,125533.086,2.764,68.000
0.057,0.001,0.012,26.122,116540.758,1.255,68.000
0.050,0.007,0.012,20.469,254060.312,8.522,68.000
0.048,0.008,0.012,21.817,222119.562,7.485,68.000
0.048,0.002,0.017,21.893,282707.531,4.339,68.000
0.045,0.001,0.013,22.326,207782.938,5.242,68.000
0.049,0.026,0.013,21.469,292051.844,7.968,68.000
0.048,0.005,0.012,20.878,234001.000,6.405,68.000
0.052,0.021,0.012,22.716,221278.312,7.334,68.000
0.050,0.021,0.013,19.833,261603.156,9.152,68.000
0.051,0.015,0.014,19.182,272681.344,7.932,68.000
0.052,0.013,0.012,21.034,227693.969,8.749,68.000
0.052,0.003,0.013,18.568,261901.500,5.925,68.000
0.002,0.013,0.011,18.675,230095.938,6.512,68.000
0.049,0.005,0.012,21.022,248939.188,6.733,68.000
0.060,0.001,0.014,19.065,180546.969,1.152,68.000
0.046,0.000,0.003,20.955,-28635.984,-0.671,68.000
0.051,0.000,0.023,20.122,-43005.953,2.519,68.000
0.050,0.023,0.013,21.138,261367.250,8.899,68.000
0.050,0.001,0.018,24.462,135216.062,1.225,68.000
0.051,0.008,0.011,20.811,260381.750,8.583,68.000
0.048,0.001,0.004,21.967,164867.906,1.859,68.000
0.042,0.001,0.010,23.158,89487.930,0.889,68.000
0.050,0.001,0.018,24.256,152865.062,1.603,68.000
0.049,0.020,0.012,20.852,260306.062,8.862,68.000
0.043,0.000,0.019,23.137,-10916.688,1.387,68.000
0.050,0.001,0.008,21.355,211318.719,2.704,68.000
0.060,0.001,0.012,18.973,233739.719,1.338,68.000
0.003,0.011,0.011,19.054,209109.781,5.886,68.000
0.049,0.025,0.011,19.120,281367.875,6.044,68.000
0.048,0.023,0.014,20.169,290336.125,9.306,68.000
0.046,0.000,0.009,24.903,39663.914,-0.094,68.000
0.050,0.017,0.011,22.676,222731.875,7.552,68.000
0.002,0.010,0.013,21.216,145205.125,6.596,68.000
0.052,0.000,0.014,30.735,20952.969,-0.378,68.000
0.040,0.001,0.012,21.764,133074.781,0.745,68.000
0.055,0.001,0.021,21.213,130145.977,1.031,68.000
0.049,0.014,0.011,22.444,223835.031,8.423,68.000
0.054,0.000,0.017,25.273,-30703.367,-0.044,68.000
0.055,0.002,0.012,21.902,260969.469,4.163,68.000
0.055,0.001,0.018,21.904,190394.344,2.483,68.000
0.045,0.000,0.012,30.777,-73719.477,-3.150,68.000
0.049,0.002,0.010,19.325,256413.594,5.518,68.000
0.049,0.001,0.015,25.859,178831.000,3.063,68.000
0.051,0.004,0.014,17.337,235127.281,5.684,68.000
0.051,0.024,0.013,22.104,248683.781,9.121,68.000
0.044,0.001,0.017,19.816,261194.594,4.213,68.000
0.057,0.001,0.009,25.729,52601.117,1.269,68.000
0.049,0.006,0.010,18.903,271513.594,6.598,68.000
0.050,0.025,0.011,20.702,266594.188,5.818,68.000
0.049,0.008,0.013,19.911,229077.906,7.085,68.000
0.051,0.009,0.013,20.655,224154.312,7.472,68.000
0.049,0.010,0.013,21.319,227825.156,7.044,68.000
0.098,0.012,0.011,17.639,213480.938,8.345,68.000
0.051,0.006,0.012,19.893,263797.000,7.598,68.000
0.052,0.018,0.012,22.259,224005.969,7.752,68.000
0.048,0.007,0.014,18.744,220398.531,6.407,68.000
0.051,0.004,0.012,19.793,261483.812,6.289,68.000
0.051,0.006,0.011,18.721,277322.812,7.148,68.000
0.052,0.001,0.010,23.689,196953.281,4.106,68.000
0.050,0.002,0.011,20.102,264762.000,6.201,68.000
0.051,0.027,0.013,23.691,196722.531,10.220,68.000
0.055,0.002,0.013,23.293,242331.750,3.343,68.000
0.048,0.017,0.012,22.493,214958.625,8.470,68.000
0.051,0.005,0.013,18.896,242897.250,6.707,68.000
0.052,0.008,0.014,19.708,218374.688,6.568,68.000
0.051,0.000,0.008,24.142,27372.820,-0.958,68.000
0.044,0.001,0.004,21.365,194779.812,1.504,68.000
0.052,0.007,0.013,18.945,244897.000,7.399,68.000
0.050,0.009,0.014,19.148,227879.594,6.155,68.000
0.049,0.021,0.011,20.087,268954.812,6.461,68.000
0.050,0.019,0.012,21.438,238392.906,9.127,68.000
0.051,0.016,0.013,22.205,237973.938,7.891,68.000
0.047,0.001,0.014,22.313,225694.250,5.725,68.000
0.048,0.007,0.013,19.753,204834.625,6.488,68.000
0.056,0.000,0.008,21.786,17089.586,2.567,68.000
0.057,0.001,0.006,24.023,41940.539,2.324,68.000
0.049,0.002,0.015,22.139,266362.781,4.666,68.000
0.043,0.000,0.007,23.610,48090.727,-0.628,68.000
0.045,0.001,0.004,22.248,178038.188,1.462,68.000
0.047,0.000,0.013,32.250,-13671.266,0.004,68.000
0.052,0.003,0.012,19.393,266582.031,6.245,68.000
0.051,0.021,0.012,21.356,239530.656,8.578,68.000
0.051,0.002,0.013,19.605,242629.594,6.128,68.000
0.057,0.001,0.020,19.950,169633.938,1.325,68.000
0.055,0.001,0.004,22.826,106115.367,2.613,68.000
0.052,0.000,0.004,20.751,-32384.703,0.790,68.000
0.048,0.001,0.011,25.613,114862.648,3.011,68.000
0.041,0.001,0.013,20.046,193236.500,2.988,68.000
0.050,0.027,0.012,23.438,237525.938,7.897,68.000
0.058,0.001,0.014,22.073,128920.867,1.739,68.000
0.052,0.002,0.007,21.346,184135.188,2.473,68.000
0.051,0.003,0.011,19.721,271710.281,6.405,68.000
0.051,0.000,0.001,23.571,-95542.539,-0.866,68.000
0.055,0.002,0.014,23.363,236884.500,3.322,68.000
0.045,0.002,0.013,21.792,209669.594,5.292,68.000
0.052,0.006,0.011,19.382,263775.500,7.718,68.000
0.050,0.024,0.010,19.407,275556.375,4.942,68.000
0.048,0.026,0.012,21.275,284946.188,6.993,68.000
0.043,0.001,0.009,19.528,188571.250,2.266,68.000
0.061,0.001,0.014,18.216,193277.969,1.021,68.000
0.047,0.000,0.015,29.850,29444.695,-0.532,68.000
0.047,0.001,0.015,22.473,253314.156,4.586,68.000
0.048,0.012,0.011,22.361,240142.781,8.449,68.000
0.047,0.000,0.011,30.555,-55066.461,0.727,68.000
0.050,0.012,0.010,21.614,272987.500,7.320,68.000
0.047,0.002,0.005,20.886,200554.375,3.028,68.000
0.047,0.000,0.020,23.604,111522.320,1.445,68.000
0.051,0.012,0.012,21.258,235340.219,8.870,68.000
0.050,0.013,0.014,19.625,235582.250,7.657,68.000
0.048,0.014,0.011,22.318,229435.625,8.839,68.000
0.050,0.003,0.013,19.614,239007.062,6.462,68.000
0.048,0.001,0.020,21.939,206333.406,3.063,68.000
0.048,0.001,0.002,22.314,134594.781,1.195,68.000
0.050,0.019,0.011,21.783,236903.844,7.026,68.000
0.056,0.001,0.020,20.900,170984.219,1.794,68.000
0.043,0.001,0.019,20.764,216166.406,3.609,68.000
0.002,0.013,0.013,20.775,166308.844,7.898,68.000
0.053,0.002,0.017,21.977,262122.344,3.831,68.000
0.055,0.001,0.003,25.148,-65088.484,-0.020,68.000
0.049,0.014,0.013,21.161,246287.812,8.363,68.000
0.000,0.012,0.013,23.943,-95927.750,12.210,68.000
0.049,0.019,0.012,21.647,242660.219,8.071,68.000
0.048,0.015,0.012,22.081,218820.750,8.829,68.000
0.047,0.002,0.007,19.552,217833.094,2.830,68.000
0.050,0.001,0.009,27.095,43505.898,0.710,68.000
0.052,0.019,0.013,20.939,237126.125,8.340,68.000
0.041,0.001,0.013,19.597,190259.656,3.081,68.000
0.049,0.004,0.014,17.068,226877.906,5.872,68.000
0.059,0.000,0.011,19.969,18401.625,1.124,68.000
0.049,0.026,0.013,22.192,284531.812,9.324,68.000
0.045,0.001,0.020,20.657,212070.500,3.574,68.000
0.047,0.001,0.006,21.192,202401.906,2.721,68.000
0.047,0.001,0.009,23.277,117645.617,2.266,68.000
0.049,0.003,0.013,19.026,229559.281,6.583,68.000
0.050,0.001,0.007,26.368,28977.242,0.093,68.000
0.059,0.001,0.015,21.142,100716.305,1.307,68.000
0.049,0.004,0.012,20.730,233676.625,6.089,68.000
0.048,0.001,0.018,25.049,139681.062,1.609,68.000
0.049,0.026,0.012,21.747,268076.438,6.665,68.000
0.049,0.001,0.011,21.776,234240.875,5.192,68.000
0.049,0.024,0.014,20.248,286516.094,9.406,68.000
0.040,0.001,0.015,16.663,181052.531,3.993,68.000
0.052,0.000,0.017,27.863,-2268.930,-0.221,68.000
0.050,0.003,0.010,19.233,275151.375,5.934,68.000
0.049,0.007,0.012,20.705,234868.344,7.964,68.000
0.047,0.002,0.009,19.385,227222.156,3.549,68.000
0.052,0.006,0.014,18.403,219277.625,6.035,68.000
0.050,0.001,0.014,27.438,171852.906,3.182,68.000
0.049,0.002,0.012,20.286,227169.844,6.375,68.000
0.052,0.000,0.013,31.414,-57889.426,2.251,68.000
0.050,0.009,0.011,21.563,251155.875,8.397,68.000
0.050,0.004,0.012,20.550,246270.500,6.181,68.000
0.048,0.015,0.011,22.467,216335.000,8.771,68.000
0.050,0.022,0.014,19.591,272399.906,9.236,68.000
0.051,0.002,0.018,22.228,253610.438,3.474,68.000
0.051,0.008,0.011,20.944,255901.625,8.648,68.000
0.049,0.001,0.003,22.353,155309.938,2.051,68.000
0.049,0.023,0.010,19.075,285452.594,5.983,68.000
0.052,0.015,0.012,21.891,225319.375,7.620,68.000
0.048,0.001,0.017,24.732,222943.188,3.553,68.000
0.045,0.000,0.012,30.089,-4083.656,0.312,68.000
0.052,0.022,0.011,22.400,236420.906,5.388,68.000
0.057,0.001,0.014,20.985,205642.000,2.784,68.000
0.053,0.002,0.013,22.644,257836.938,4.608,68.000
0.042,0.001,0.011,25.655,21219.820,0.246,68.000
0.052,0.001,0.005,22.342,152629.812,2.570,68.000
0.052,0.014,0.011,21.616,229491.375,7.951,68.000
0.049,0.014,0.012,21.331,245770.906,8.725,68.000
0.052,0.012,0.012,21.182,228022.344,8.793,68.000
0.059,0.001,0.006,20.586,163262.125,4.035,68.000
0.058,0.001,0.005,21.734,128367.648,4.102,68.000
0.047,0.001,0.012,24.628,149892.594,3.915,68.000
0.048,0.001,0.002,23.278,59972.398,0.037,68.000
0.059,0.001,0.013,21.167,127246.492,0.060,68.000
0.051,0.001,0.006,22.236,168066.281,1.959,68.000
0.050,0.026,0.011,21.318,260060.719,6.067,68.000
0.043,0.001,0.007,21.632,175975.375,1.442,68.000
0.050,0.012,0.014,18.720,237908.219,7.160,68.000
0.041,0.001,0.011,19.311,175848.688,2.760,68.000
0.050,0.001,0.006,22.487,167470.906,2.216,68.000
0.051,0.000,0.020,23.925,6600.609,0.201,68.000
0.048,0.006,0.012,20.885,232187.062,7.099,68.000
0.052,0.001,0.023,20.064,140672.375,1.331,68.000
0.002,0.012,0.013,20.868,157799.469,7.514,68.000
0.041,0.001,0.006,20.571,206794.656,2.410,68.000
0.052,0.001,0.013,22.924,257420.500,4.697,68.000
0.048,0.009,0.010,21.387,261820.656,7.612,68.000
0.099,0.013,0.012,22.871,162118.812,6.136,68.000
0.051,0.012,0.014,19.019,236073.969,7.652,68.000
0.059,0.001,0.011,19.490,233578.625,2.124,68.000
0.048,0.006,0.012,20.841,237550.344,7.495,68.000
0.053,0.001,0.020,21.309,182806.938,2.346,68.000
0.052,0.015,0.011,21.826,219781.844,7.999,68.000
0.050,0.004,0.010,18.622,284942.625,5.653,68.000
0.044,0.002,0.010,18.314,217221.500,4.921,68.000
0.049,0.019,0.011,21.339,241830.594,7.740,68.000
0.058,0.000,0.009,20.769,25912.383,2.477,68.000
0.045,0.001,0.022,20.836,176217.375,2.659,68.000
0.052,0.007,0.013,19.315,229690.781,6.955,68.000
0.052,0.001,0.011,28.073,116318.258,2.184,68.000
0.049,0.010,0.014,19.586,235394.688,5.993,68.000
0.052,0.010,0.012,20.804,241368.406,8.517,68.000
0.050,0.008,0.011,21.154,259759.375,8.366,68.000
0.052,0.001,0.004,23.112,139446.719,2.591,68.000
0.045,0.000,0.018,26.022,-30223.672,-0.746,68.000
0.048,0.016,0.012,22.512,219052.031,8.505,68.000
0.053,0.001,0.020,23.490,64021.320,0.781,68.000
0.055,0.001,0.006,24.108,100251.430,1.924,68.000
0.041,0.000,0.016,22.682,9998.461,1.334,68.000
0.051,0.000,0.014,29.464,-8609.367,1.835,68.000
0.052,0.007,0.011,18.962,269201.000,7.649,68.000
0.048,0.000,0.022,23.245,8022.828,-0.862,68.000
0.049,0.014,0.012,21.874,228073.438,9.078,68.000
0.056,0.002,0.011,21.494,251485.469,3.499,68.000
0.098,0.011,0.012,19.884,199100.250,6.683,68.000
0.060,0.000,0.010,20.734,-8310.055,2.289,68.000
0.052,0.002,0.013,21.511,255803.250,4.557,68.000
0.051,0.019,0.010,21.871,252728.031,6.266,68.000
0.048,0.013,0.012,21.333,241909.562,8.643,68.000
0.053,0.001,0.007,25.804,48360.133,0.378,68.000
0.051,0.019,0.014,18.748,261944.312,8.686,68.000
0.052,0.012,0.012,20.823,232557.188,8.688,68.000
0.047,0.001,0.017,24.693,211106.031,3.439,68.000
0.042,0.000,0.018,21.199,-31443.828,-0.781,68.000
0.048,0.015,0.012,21.027,238424.844,8.939,68.000
0.051,0.007,0.012,19.834,259944.281,7.864,68.000
0.052,0.001,0.014,25.481,213255.062,3.591,68.000
0.053,0.001,0.015,22.343,259073.625,3.476,68.000
0.056,0.002,0.010,21.189,240940.938,3.386,68.000
0.050,0.021,0.012,21.460,251854.125,7.609,68.000
0.043,0.001,0.020,19.885,202187.188,3.554,68.000
0.050,0.017,0.012,22.772,228219.031,8.622,68.000
0.052,0.008,0.012,19.928,247935.969,8.072,68.000
0.051,0.003,0.011,18.887,285062.219,6.218,68.000
0.049,0.015,0.010,21.835,209515.875,8.224,68.000
0.048,0.002,0.014,20.375,229534.688,6.114,68.000
0.052,0.005,0.013,17.609,243284.188,6.480,68.000
0.059,0.001,0.014,18.828,203112.656,1.676,68.000
0.052,0.013,0.014,19.577,246832.281,7.885,68.000
0.048,0.017,0.013,22.455,236630.125,9.338,68.000
0.056,0.001,0.004,24.048,21635.812,2.133,68.000
0.049,0.000,0.006,24.045,38672.305,-0.110,68.000
0.048,0.001,0.012,26.084,133713.688,3.476,68.000
0.051,0.010,0.011,20.446,262020.062,8.157,68.000
0.040,0.000,0.008,21.665,-1315.266,-0.270,68.000
0.058,0.001,0.009,21.063,216848.969,1.397,68.000
0.052,0.001,0.012,31.900,29267.133,1.479,68.000
0.052,0.008,0.013,20.168,228091.500,7.392,68.000
0.053,0.001,0.014,24.712,200198.656,2.747,68.000
0.057,0.001,0.005,22.697,128491.273,3.241,68.000
0.052,0.015,0.012,22.378,236497.469,7.772,68.000
0.049,0.025,0.011,20.235,278188.844,5.862,68.000
0.051,0.022,0.014,20.310,261678.250,9.231,68.000
0.043,0.000,0.019,22.372,25654.617,0.553,68.000
0.051,0.002,0.017,22.593,278063.750,4.420,68.000
0.053,0.000,0.018,24.531,-56263.062,0.249,68.000
0.046,0.001,0.016,21.826,259570.500,4.503,68.000
0.049,0.007,0.011,20.685,261137.031,7.782,68.000
0.051,0.013,0.013,21.184,233485.781,8.978,68.000
0.050,0.003,0.011,19.942,270929.719,6.456,68.000
0.049,0.000,0.017,29.038,7673.016,-1.153,68.000
0.051,0.005,0.015,17.913,209951.719,4.806,68.000
0.045,0.000,0.017,24.875,153343.125,1.165,68.000
0.056,0.001,0.020,20.547,163897.219,1.596,68.000
0.001,0.011,0.012,21.095,137913.062,7.586,68.000
0.055,0.002,0.006,21.016,183328.625,2.790,68.000
0.049,0.001,0.012,28.354,115258.914,2.433,68.000
0.041,0.001,0.015,17.704,170407.750,3.299,68.000
0.050,0.021,0.012,21.343,250271.750,7.355,68.000
0.050,0.000,0.019,25.673,10732.055,0.187,68.000
0.050,0.006,0.009,18.513,288285.688,5.600,68.000
0.052,0.009,0.013,20.345,225915.062,7.819,68.000
0.046,0.001,0.020,22.107,194944.312,2.939,68.000
0.048,0.010,0.013,21.122,226859.906,5.856,68.000
0.051,0.014,0.010,21.212,250963.438,7.473,68.000
0.052,0.016,0.013,22.290,236696.781,7.960,68.000
0.049,0.006,0.014,18.469,212457.344,6.429,68.000
0.055,0.001,0.010,27.293,65588.695,1.341,68.000
0.047,0.001,0.018,25.120,178118.781,2.805,68.000
0.042,0.001,0.017,19.033,226546.719,4.024,68.000
0.048,0.002,0.007,20.025,212639.844,2.812,68.000
0.052,0.001,0.017,24.467,186305.625,2.444,68.000
0.050,0.001,0.007,21.629,185474.750,2.486,68.000
0.043,0.000,0.015,25.738,80070.852,0.283,68.000
0.051,0.021,0.013,20.501,246086.906,9.202,68.000
0.052,0.000,0.003,24.607,-71573.320,0.265,68.000
0.052,0.020,0.012,22.013,217475.781,8.199,68.000
0.049,0.010,0.012,21.549,228742.156,7.169,68.000
0.049,0.015,0.010,22.123,208956.688,8.330,68.000
0.059,0.001,0.009,19.911,206452.312,0.942,68.000
0.042,0.000,0.016,21.278,65911.961,0.124,68.000
0.052,0.015,0.013,21.950,239237.281,7.958,68.000
0.047,0.001,0.018,23.052,219693.562,3.741,68.000
0.049,0.008,0.011,21.608,249811.500,8.044,68.000
0.056,0.000,0.003,21.814,-70996.781,0.188,68.000
0.050,0.015,0.014,19.938,265379.750,8.083,68.000
0.052,0.021,0.013,21.373,230623.688,9.046,68.000
0.055,0.000,0.014,26.261,-3800.586,1.794,68.000
0.048,0.014,0.014,19.755,249071.031,8.004,68.000
0.044,0.000,0.009,26.656,-54959.148,2.285,68.000
0.042,0.000,0.014,23.659,-5219.984,-2.721,68.000
0.047,0.001,0.021,21.821,71905.914,0.870,68.000
0.051,0.001,0.008,23.316,189790.875,2.731,68.000
0.048,0.015,0.013,20.752,253323.094,8.339,68.000
0.099,0.012,0.013,22.685,176835.656,5.020,68.000
0.051,0.013,0.012,21.170,233124.531,8.890,68.000
0.055,0.000,0.009,23.852,-16722.570,1.203,68.000
0.052,0.012,0.012,20.701,237445.688,8.487,68.000
0.050,0.016,0.013,22.292,227981.438,8.654,68.000
0.052,0.001,0.009,21.668,232012.531,4.392,68.000
0.050,0.015,0.010,21.140,216202.906,7.900,68.000
0.048,0.001,0.005,21.532,186035.312,2.794,68.000
0.050,0.001,0.005,26.502,-27591.992,-0.670,68.000
0.052,0.003,0.013,19.369,257922.750,5.441,68.000
0.050,0.014,0.014,19.237,258242.938,7.747,68.000
0.049,0.003,0.010,19.337,268893.688,5.834,68.000
0.049,0.013,0.010,22.789,234846.312,7.860,68.000
0.049,0.004,0.011,20.660,257717.875,6.498,68.000
0.045,0.001,0.015,21.306,222433.781,4.919,68.000
0.057,0.001,0.005,22.188,136122.469,3.253,68.000
0.050,0.005,0.013,17.399,225947.656,6.531,68.000
0.097,0.013,0.012,20.782,189222.750,7.664,68.000
0.051,0.010,0.011,21.063,249971.344,8.387,68.000
0.043,0.001,0.013,22.784,146398.625,2.000,68.000
0.053,0.000,0.002,22.054,-81551.672,-1.526,68.000
0.049,0.021,0.013,19.573,272907.719,9.719,68.000
0.041,0.000,0.015,22.564,59076.117,0.507,68.000
0.051,0.004,0.012,19.176,271570.156,6.317,68.000
0.051,0.023,0.013,21.955,240087.000,9.157,68.000
0.045,0.002,0.015,21.182,243003.750,4.620,68.000
0.001,0.011,0.011,18.785,207344.062,6.246,68.000
0.048,0.001,0.009,22.537,157169.875,2.629,68.000
0.055,0.001,0.014,23.189,228064.375,2.899,68.000
0.098,0.012,0.013,21.880,179577.906,5.984,68.000
0.052,0.007,0.010,18.508,272335.812,7.381,68.000
0.049,0.015,0.014,19.867,260021.219,8.498,68.000
0.060,0.000,0.010,19.201,-2300.469,3.207,68.000
0.048,0.025,0.013,20.681,295013.344,8.321,68.000
0.056,0.001,0.020,24.239,21115.406,0.194,68.000
0.049,0.004,0.009,18.595,284043.531,5.424,68.000
0.045,0.001,0.020,21.036,211435.406,3.559,68.000
0.055,0.001,0.010,27.125,69875.961,1.175,68.000
0.055,0.000,0.010,25.802,-30762.000,2.136,68.000
0.043,0.000,0.016,24.282,47287.633,-0.648,68.000
0.042,0.001,0.011,20.947,142815.688,3.041,68.000
0.041,0.000,0.010,24.183,-19412.031,2.384,68.000
0.097,0.012,0.013,21.432,183800.125,6.626,68.000
0.043,0.001,0.004,21.620,191877.906,1.405,68.000
0.098,0.013,0.011,20.343,194505.531,8.039,68.000
0.052,0.009,0.011,19.876,265378.156,8.081,68.000
0.098,0.013,0.013,22.457,175462.312,6.251,68.000
0.050,0.026,0.010,19.672,269243.656,5.634,68.000
0.043,0.001,0.017,20.693,199617.406,3.156,68.000
0.051,0.025,0.014,21.879,266903.938,9.439,68.000
0.100,0.011,0.012,17.474,38083.211,8.704,68.000
0.047,0.000,0.015,27.946,-18072.188,0.794,68.000
0.049,0.008,0.012,21.443,233024.812,7.933,68.000
0.044,0.000,0.021,23.212,7859.016,-0.822,68.000
0.050,0.003,0.009,19.040,272386.438,5.511,68.000
0.051,0.012,0.012,21.244,237401.094,8.489,68.000
0.044,0.000,0.006,22.936,-19911.375,-0.886,68.000
0.052,0.013,0.012,21.068,228141.312,8.904,68.000
0.051,0.000,0.003,21.325,-51489.426,-0.319,68.000
0.050,0.025,0.011,20.510,264444.719,5.602,68.000
0.057,0.000,0.011,22.698,-25747.297,2.785,68.000
0.048,0.009,0.011,21.626,253965.750,7.893,68.000
0.052,0.004,0.013,17.945,252693.812,6.698,68.000
0.048,0.008,0.010,20.051,266990.719,6.694,68.000
0.055,0.001,0.018,23.532,117247.305,1.270,68.000
0.098,0.012,0.012,19.747,202213.219,7.184,68.000
0.052,0.007,0.010,18.719,273512.500,7.439,68.000
0.050,0.005,0.014,17.561,217644.094,5.328,68.000
0.050,0.020,0.010,21.396,254682.875,6.227,68.000
0.050,0.002,0.013,19.672,237775.094,6.159,68.000
0.050,0.024,0.010,19.006,285344.906,5.070,68.000
0.052,0.007,0.014,19.153,218316.625,6.407,68.000
0.050,0.000,0.021,24.201,26337.375,-1.815,68.000
0.052,0.020,0.012,22.884,211586.312,7.452,68.000
0.052,0.007,0.012,19.290,253897.219,7.741,68.000
0.052,0.000,0.008,24.400,49843.836,2.126,68.000
0.048,0.007,0.012,21.739,223974.062,7.272,68.000
0.049,0.001,0.017,24.221,214863.625,3.313,68.000
0.047,0.001,0.002,22.134,127226.742,0.988,68.000
0.050,0.010,0.015,18.691,234140.312,6.427,68.000
0.050,0.000,0.004,21.540,1992.953,0.838,68.000
0.058,0.001,0.007,20.534,185693.875,2.747,68.000
0.050,0.020,0.011,21.761,245000.000,6.983,68.000
0.052,0.026,0.013,23.918,236591.312,8.830,68.000
0.050,0.005,0.014,17.446,221304.562,6.338,68.000
0.052,0.010,0.010,20.198,270825.719,7.671,68.000
0.052,0.001,0.007,24.997,96499.258,1.182,68.000
0.052,0.016,0.012,22.822,230135.906,7.582,68.000
0.099,0.012,0.012,20.712,194018.531,7.467,68.000
0.052,0.000,0.010,25.446,-60078.148,0.018,68.000
0.048,0.000,0.016,28.433,11605.070,-0.055,68.000
0.002,0.011,0.013,21.344,114065.180,7.107,68.000
0.050,0.000,0.023,21.774,-72942.648,2.743,68.000
0.042,0.001,0.015,22.594,85862.461,-0.410,68.000
0.044,0.001,0.014,22.317,168557.219,2.261,68.000
0.058,0.001,0.012,20.458,251460.594,3.120,68.000
0.045,0.002,0.008,18.955,216904.875,2.945,68.000
0.049,0.026,0.010,18.743,281976.688,5.620,68.000
0.041,0.000,0.009,21.828,-17868.594,-0.671,68.000
0.001,0.012,0.012,21.250,186493.312,7.330,68.000
0.051,0.019,0.014,18.116,273888.844,8.494,68.000
0.052,0.022,0.013,21.957,232165.500,8.954,68.000
0.050,0.000,0.020,25.590,-18915.469,0.026,68.000
0.049,0.026,0.012,22.052,281935.656,7.864,68.000
0.051,0.003,0.012,19.664,256944.531,6.100,68.000
0.049,0.025,0.013,21.215,295782.969,8.385,68.000
0.100,0.012,0.011,17.567,8641.852,10.403,68.000
0.049,0.005,0.010,19.114,272002.875,5.677,68.000
0.053,0.001,0.017,23.424,204679.781,2.632,68.000
0.049,0.009,0.010,21.077,268211.531,8.037,68.000
0.047,0.000,0.006,20.773,44498.992,-0.739,68.000
0.056,0.001,0.020,24.490,1648.805,0.347,68.000
0.051,0.027,0.013,27.637,178337.938,8.098,68.000
0.058,0.001,0.006,24.596,24387.922,2.410,68.000
0.051,0.006,0.010,18.067,286370.031,6.776,68.000
0.049,0.023,0.012,20.693,275204.656,7.919,68.000
0.045,0.000,0.005,22.406,-42880.762,0.804,68.000
0.043,0.001,0.012,20.964,192539.438,4.057,68.000
0.051,0.014,0.013,21.160,247941.281,8.293,68.000
0.002,0.010,0.012,20.475,180974.750,5.706,68.000
0.060,0.001,0.009,20.170,170319.594,1.182,68.000
0.052,0.001,0.009,22.843,202869.000,3.674,68.000
0.002,0.012,0.011,18.592,226380.062,6.078,68.000
0.043,0.002,0.009,18.612,202489.312,2.428,68.000
0.050,0.015,0.014,18.586,262292.625,8.120,68.000
0.051,0.016,0.011,22.271,223949.156,7.909,68.000
0.049,0.012,0.011,22.449,251668.375,7.961,68.000
0.049,0.027,0.013,21.059,288332.281,11.817,68.000
0.058,0.001,0.020,19.355,182731.219,1.278,68.000
0.043,0.000,0.009,26.639,-58917.164,1.923,68.000
0.051,0.027,0.011,21.913,239469.094,6.567,68.000
0.058,0.001,0.017,21.320,117930.945,1.204,68.000
0.044,0.000,0.018,24.247,94896.383,-0.162,68.000
0.051,0.001,0.006,21.276,179598.312,2.814,68.000
0.052,0.025,0.012,23.405,250015.312,8.482,68.000
0.049,0.001,0.015,25.936,179661.062,3.165,68.000
0.059,0.001,0.008,20.563,174282.312,1.732,68.000
0.049,0.013,0.014,19.382,240793.750,7.290,68.000
0.050,0.000,0.014,29.844,-57362.605,0.706,68.000
0.051,0.026,0.013,23.284,251367.500,9.267,68.000
0.056,0.002,0.008,21.319,204962.406,3.010,68.000
0.050,0.021,0.013,19.827,264400.531,9.068,68.000
0.001,0.010,0.012,21.260,163709.312,6.553,68.000
0.049,0.001,0.015,21.723,236509.219,5.076,68.000
0.048,0.000,0.009,31.592,-16168.438,1.587,68.000
0.044,0.001,0.005,22.201,190366.562,1.795,68.000
0.050,0.015,0.011,22.214,217436.938,8.190,68.000
0.056,0.001,0.013,24.111,209908.844,2.378,68.000
0.052,0.002,0.009,20.674,253136.719,5.409,68.000
0.046,0.001,0.022,20.824,175003.000,2.435,68.000
0.056,0.001,0.015,22.975,171758.188,1.815,68.000
0.050,0.016,0.012,22.127,221938.094,8.230,68.000
0.043,0.000,0.014,25.125,-13664.523,0.905,68.000
0.049,0.016,0.013,20.977,245363.312,8.871,68.000
0.051,0.027,0.013,26.829,144899.125,10.994,68.000
0.054,0.000,0.020,21.234,-44743.145,2.257,68.000
0.052,0.018,0.011,22.911,229545.031,6.621,68.000
0.051,0.001,0.006,22.064,174117.125,2.525,68.000
0.099,0.011,0.011,16.849,218041.969,8.321,68.000
0.051,0.026,0.014,23.146,253626.469,9.736,68.000
0.056,0.001,0.020,20.652,168247.562,1.634,68.000
0.042,0.000,0.014,23.003,-17987.219,0.808,68.000
0.050,0.013,0.010,21.838,252700.625,7.682,68.000
0.052,0.015,0.011,22.243,224716.375,7.929,68.000
0.050,0.007,0.012,20.800,255662.594,8.474,68.000
0.051,0.005,0.012,19.083,250889.406,6.618,68.000
0.060,0.001,0.012,20.031,185878.594,1.044,68.000
0.050,0.015,0.013,21.072,251555.719,8.313,68.000
0.051,0.000,0.022,23.673,11899.805,-2.821,68.000
0.049,0.012,0.010,22.536,256608.094,7.742,68.000
0.050,0.013,0.010,21.544,257291.969,7.464,68.000
0.055,0.001,0.016,23.883,132333.656,1.412,68.000
0.050,0.001,0.008,26.604,39076.617,0.695,68.000
0.054,0.000,0.010,30.271,-10665.875,3.405,68.000
0.050,0.025,0.011,19.654,272282.688,5.512,68.000
0.052,0.002,0.012,21.172,268633.844,4.858,68.000
0.048,0.006,0.013,18.886,209023.094,6.533,68.000
0.050,0.008,0.009,19.650,283281.812,6.847,68.000
0.051,0.025,0.011,20.520,256787.344,5.601,68.000
0.046,0.001,0.011,19.850,244943.438,6.220,68.000
0.049,0.007,0.013,19.328,224473.812,7.320,68.000
0.054,0.000,0.002,21.643,-81969.898,1.076,68.000
0.050,0.023,0.011,19.727,266030.750,5.552,68.000
0.051,0.007,0.013,18.973,230079.344,6.801,68.000
0.054,0.001,0.006,24.373,93052.086,1.598,68.000
0.048,0.001,0.005,23.970,118378.039,1.165,68.000
0.051,0.001,0.013,30.213,76659.305,1.446,68.000
0.050,0.026,0.010,19.029,280366.438,5.249,68.000
0.057,0.001,0.020,20.952,118400.617,0.870,68.000
0.053,0.000,0.011,30.344,4433.336,2.836,68.000
0.050,0.024,0.011,20.225,269160.312,5.597,68.000
0.059,0.000,0.016,18.479,3524.070,0.733,68.000
0.050,0.017,0.014,19.301,265325.562,7.927,68.000
0.043,0.001,0.018,21.003,191299.438,3.013,68.000
0.051,0.008,0.013,20.215,233124.281,7.520,68.000
0.042,0.000,0.010,24.197,-60785.340,1.773,68.000
0.003,0.013,0.012,20.268,195009.625,7.218,68.000
0.048,0.002,0.012,20.582,240506.750,6.247,68.000
0.049,0.018,0.011,21.992,224127.875,7.766,68.000
0.050,0.001,0.021,21.460,150685.656,2.000,68.000
0.059,0.000,0.012,19.470,-19282.805,1.252,68.000
0.051,0.001,0.019,23.248,197843.656,2.628,68.000
0.050,0.000,0.009,26.052,-33846.664,0.521,68.000
0.045,0.000,0.004,23.066,59240.102,0.192,68.000
0.044,0.001,0.006,22.495,190562.625,1.904,68.000
0.040,0.001,0.017,17.418,184154.875,4.805,68.000
0.043,0.000,0.008,19.321,25134.766,-0.617,68.000
0.051,0.007,0.014,19.505,218577.062,6.608,68.000
0.045,0.000,0.018,25.616,27228.914,0.206,68.000
0.051,0.007,0.013,19.622,246361.719,7.796,68.000
0.053,0.001,0.013,30.677,40527.445,0.519,68.000
0.049,0.026,0.013,22.118,283875.562,8.857,68.000
0.050,0.005,0.013,17.533,230231.438,6.634,68.000
0.042,0.001,0.019,20.205,208265.906,3.718,68.000
0.048,0.026,0.013,21.342,294952.938,8.995,68.000
0.055,0.000,0.009,32.707,1445.500,2.739,68.000
0.048,0.001,0.018,26.337,59423.586,0.099,68.000
0.052,0.018,0.012,22.768,218933.406,7.564,68.000
0.049,0.001,0.017,21.774,270127.469,4.161,68.000
0.052,0.019,0.014,18.959,256288.875,8.606,68.000
0.049,0.023,0.011,19.735,275600.969,6.732,68.000
0.051,0.002,0.010,20.220,264288.125,5.723,68.000
0.002,0.010,0.011,19.216,209943.531,5.253,68.000
0.045,0.001,0.018,21.945,248205.500,4.221,68.000
0.050,0.010,0.014,19.268,237654.531,6.576,68.000
0.040,0.001,0.011,20.109,164317.531,1.923,68.000
0.051,0.002,0.011,19.835,269700.844,6.217,68.000
0.046,0.001,0.009,20.113,215768.812,4.131,68.000
0.050,0.013,0.014,18.947,239312.812,7.393,68.000
0.060,0.000,0.009,22.177,22947.242,3.630,68.000
0.057,0.000,0.008,19.663,13204.672,2.118,68.000
0.043,0.002,0.010,18.470,211349.125,4.355,68.000
0.050,0.001,0.017,24.255,212678.375,2.923,68.000
0.050,0.022,0.014,19.784,269946.875,9.244,68.000
0.049,0.015,0.012,21.645,236556.781,8.700,68.000
0.052,0.000,0.016,29.362,9543.172,-0.698,68.000
0.049,0.003,0.014,17.379,229811.750,5.948,68.000
0.050,0.008,0.014,19.565,234854.312,6.796,68.000
0.051,0.011,0.011,20.909,263869.125,7.916,68.000
0.058,0.000,0.008,20.167,-27844.219,2.742,68.000
0.049,0.000,0.019,24.943,45252.789,1.019,68.000
0.052,0.000,0.022,21.850,3917.852,0.014,68.000
0.049,0.001,0.012,23.707,216620.000,4.852,68.000
0.050,0.007,0.013,20.056,240576.688,7.988,68.000
0.045,0.001,0.013,28.758,30737.836,0.181,68.000
0.049,0.002,0.010,19.733,259572.688,5.795,68.000
0.051,0.007,0.013,19.857,245803.500,7.952,68.000
0.051,0.007,0.010,18.592,273929.250,7.173,68.000
0.049,0.013,0.010,22.614,245261.906,7.861,68.000
0.045,0.000,0.004,22.697,52557.023,0.095,68.000
0.051,0.014,0.013,21.362,244527.531,8.288,68.000
0.049,0.001,0.007,23.298,168344.469,1.982,68.000
0.053,0.000,0.016,26.819,-12992.672,1.261,68.000
0.059,0.001,0.015,19.002,177627.250,1.992,68.000
0.049,0.006,0.010,19.002,270331.688,6.435,68.000
0.051,0.000,0.004,23.528,-142979.234,-1.857,68.000
0.059,0.001,0.008,20.441,165073.875,1.737,68.000
0.048,0.005,0.010,19.395,260184.750,5.866,68.000
0.050,0.002,0.015,22.265,271758.688,4.538,68.000
0.051,0.020,0.014,18.936,260627.781,9.113,68.000
0.049,0.002,0.012,20.216,231854.250,6.416,68.000
0.049,0.013,0.012,21.331,244279.000,8.443,68.000
0.052,0.006,0.011,18.669,276199.250,7.440,68.000
0.056,0.001,0.013,22.352,233356.062,2.973,68.000
0.049,0.005,0.012,20.691,232112.781,6.535,68.000
0.051,0.013,0.010,21.421,252124.844,7.752,68.000
0.055,0.000,0.014,27.941,12112.852,-0.799,68.000
0.051,0.024,0.014,21.863,257850.000,9.477,68.000
0.051,0.001,0.002,22.922,112762.648,1.943,68.000
0.044,0.000,0.017,26.065,25559.719,-0.979,68.000
0.050,0.000,0.002,19.841,-46796.227,-0.933,68.000
0.053,0.000,0.013,29.541,-10592.961,1.893,68.000
0.050,0.007,0.009,18.711,283776.312,6.069,68.000
0.052,0.011,0.010,20.443,268993.062,7.764,68.000
0.050,0.024,0.014,20.410,279851.688,9.469,68.000
0.049,0.003,0.010,19.333,263894.906,5.797,68.000
0.040,0.001,0.010,23.373,23751.023,-0.355,68.000
0.049,0.001,0.021,21.598,152865.312,1.876,68.000
0.054,0.000,0.017,24.230,-17039.711,0.307,68.000
0.043,0.001,0.015,20.348,197477.531,2.926,68.000
0.049,0.003,0.012,20.694,241479.938,6.074,68.000
0.048,0.013,0.012,21.741,237249.750,8.636,68.000
0.052,0.003,0.012,19.016,260500.688,5.953,68.000
0.045,0.001,0.013,23.016,202968.719,4.335,68.000
0.052,0.001,0.014,26.632,170999.219,2.674,68.000
0.050,0.015,0.013,20.920,251116.188,8.269,68.000
0.052,0.001,0.019,23.008,200315.906,2.662,68.000
0.044,0.002,0.013,21.093,211886.250,4.854,68.000
0.098,0.013,0.012,21.353,190170.219,7.634,68.000
0.052,0.024,0.013,22.189,245485.312,9.372,68.000
0.048,0.004,0.013,18.481,201348.719,6.272,68.000
0.052,0.023,0.013,22.143,235099.500,8.657,68.000
0.049,0.001,0.020,22.404,122999.008,1.792,68.000
0.050,0.002,0.013,19.889,232122.250,6.447,68.000
0.050,0.025,0.013,22.094,272218.781,8.456,68.000
0.047,0.000,0.017,28.759,40698.477,-0.051,68.000
0.049,0.010,0.012,21.844,227404.469,7.433,68.000
0.053,0.001,0.018,25.687,76114.117,0.791,68.000
0.047,0.001,0.012,21.670,226135.312,5.924,68.000
0.048,0.005,0.012,20.242,214559.938,6.401,68.000
0.049,0.007,0.011,20.527,259186.156,7.543,68.000
0.049,0.023,0.012,20.040,276105.594,7.118,68.000
0.058,0.001,0.006,23.307,63719.445,3.159,68.000
0.059,0.001,0.012,19.361,244107.844,2.372,68.000
0.050,0.012,0.011,21.445,255678.031,7.949,68.000
0.046,0.000,0.012,33.630,-10200.453,0.461,68.000
0.051,0.005,0.011,19.054,275400.844,7.090,68.000
0.051,0.018,0.010,22.319,232391.281,6.456,68.000
0.052,0.001,0.003,23.297,99425.711,1.949,68.000
0.049,0.006,0.009,18.805,280464.656,5.577,68.000
0.056,0.000,0.019,20.395,9888.266,1.394,68.000
0.098,0.011,0.011,16.838,217339.719,8.214,68.000
0.059,0.000,0.008,22.121,-26212.031,3.398,68.000
0.048,0.009,0.013,21.157,229045.031,6.320,68.000
0.052,0.001,0.014,25.945,199327.156,3.277,68.000
0.047,0.001,0.012,28.221,63452.961,1.900,68.000
0.050,0.027,0.011,21.803,250121.750,6.122,68.000
0.053,0.001,0.018,22.394,239667.750,3.351,68.000
0.043,0.000,0.015,24.900,31501.008,1.371,68.000
0.042,0.001,0.013,20.459,206990.625,3.522,68.000
0.051,0.010,0.013,21.522,225042.594,8.086,68.000
0.054,0.000,0.013,30.595,-33599.328,1.757,68.000
0.045,0.000,0.021,23.217,20592.070,-2.913,68.000
0.050,0.007,0.013,19.257,225900.062,7.235,68.000
0.050,0.001,0.019,22.667,205770.656,3.125,68.000
0.046,0.001,0.011,19.533,244843.875,6.055,68.000
0.048,0.026,0.011,19.770,294133.438,6.288,68.000
0.056,0.001,0.010,26.335,45310.570,0.637,68.000
0.053,0.001,0.006,25.430,-22910.297,-0.149,68.000
0.052,0.000,0.014,32.017,-45766.363,-1.102,68.000
0.049,0.021,0.011,20.488,259095.594,7.131,68.000
0.056,0.001,0.005,21.436,145222.844,3.452,68.000
0.049,0.026,0.012,21.491,282473.969,6.860,68.000
0.048,0.007,0.010,18.958,260992.156,6.188,68.000
0.002,0.012,0.013,21.052,134638.094,7.407,68.000
0.048,0.002,0.011,19.812,254383.469,6.035,68.000
0.041,0.000,0.009,22.807,-2663.906,-0.510,68.000
0.052,0.000,0.012,29.696,27834.727,-0.394,68.000
0.044,0.000,0.008,27.443,-10758.625,1.920,68.000
0.056,0.000,0.019,21.695,-24883.648,-0.822,68.000
0.054,0.000,0.020,21.444,-26685.367,0.559,68.000
0.055,0.000,0.021,22.231,-4499.016,0.613,68.000
0.049,0.004,0.014,17.052,220275.438,5.879,68.000
0.045,0.001,0.014,25.236,138592.125,2.425,68.000
0.049,0.010,0.011,22.187,242504.094,8.146,68.000
0.051,0.017,0.012,22.622,220772.562,7.886,68.000
0.059,0.000,0.008,19.080,45741.742,3.021,68.000
0.098,0.011,0.012,18.354,210395.094,7.472,68.000
0.056,0.000,0.020,19.879,-80280.234,5.277,68.000
0.049,0.021,0.011,20.692,258064.719,6.844,68.000
0.056,0.001,0.017,22.092,152609.406,1.713,68.000
0.050,0.025,0.010,19.000,283940.375,5.111,68.000
0.041,0.001,0.018,19.361,197670.938,3.779,68.000
0.051,0.008,0.013,20.023,233996.469,7.352,68.000
0.056,0.000,0.005,24.373,52878.633,2.394,68.000
0.049,0.000,0.017,28.746,75587.477,-0.020,68.000
0.040,0.001,0.015,17.139,165259.500,4.054,68.000
0.048,0.014,0.011,22.496,220593.469,8.600,68.000
0.040,0.001,0.013,19.823,178498.594,2.672,68.000
0.050,0.000,0.017,26.256,-3057.828,1.213,68.000
0.051,0.022,0.010,21.344,248941.062,4.941,68.000
0.098,0.012,0.011,17.099,214418.469,8.410,68.000
0.049,0.007,0.011,19.873,260610.062,7.331,68.000
0.050,0.014,0.010,22.145,233069.094,7.980,68.000
0.049,0.006,0.014,18.158,208096.844,6.322,68.000
0.058,0.000,0.006,23.289,-33628.586,1.909,68.000
0.049,0.020,0.011,21.053,252031.438,7.484,68.000
0.045,0.001,0.009,19.538,215573.750,3.328,68.000
0.051,0.014,0.013,21.587,243050.438,8.181,68.000
0.098,0.013,0.010,17.518,206497.031,8.981,68.000
0.043,0.001,0.009,20.876,144825.062,1.446,68.000
0.044,0.000,0.011,26.525,-10850.852,-0.588,68.000
0.049,0.020,0.012,21.405,249757.531,8.666,68.000
0.050,0.015,0.014,18.415,264326.375,7.945,68.000
0.051,0.003,0.012,19.772,260677.781,6.245,68.000
0.055,0.001,0.020,23.704,29707.617,0.879,68.000
0.052,0.000,0.011,26.678,-40144.797,-0.823,68.000
0.049,0.000,0.004,21.689,-69415.352,-1.547,68.000
0.047,0.000,0.004,21.013,-3903.727,2.404,68.000
0.045,0.001,0.009,20.823,177790.406,2.821,68.000
0.047,0.000,0.018,24.311,5610.117,-2.006,68.000
0.058,0.001,0.010,21.152,221574.688,1.697,68.000
0.049,0.027,0.012,26.990,181299.844,11.307,68.000
0.052,0.025,0.013,22.809,247643.125,9.213,68.000
0.052,0.004,0.011,18.803,282434.844,6.577,68.000
0.054,0.001,0.006,22.859,154214.438,2.061,68.000
0.049,0.005,0.012,20.630,241022.312,6.914,68.000
0.049,0.013,0.013,20.904,243291.375,8.494,68.000
0.051,0.024,0.011,21.579,250845.938,6.073,68.000
0.048,0.012,0.014,20.166,231089.156,6.602,68.000
0.000,0.011,0.012,25.458,91209.039,8.055,68.000
0.044,0.002,0.015,20.152,228856.062,4.106,68.000
0.050,0.014,0.011,22.223,224938.125,8.231,68.000
0.047,0.000,0.010,26.373,-42896.754,-0.604,68.000
0.059,0.001,0.011,20.528,210247.156,1.490,68.000
0.098,0.012,0.013,21.764,179337.438,5.380,68.000
0.049,0.006,0.010,18.948,277289.938,5.891,68.000
0.045,0.000,0.007,21.321,-4205.867,0.291,68.000
0.056,0.001,0.011,23.014,202283.781,1.838,68.000
0.041,0.001,0.008,24.486,-2528.883,-0.196,68.000
0.050,0.025,0.014,21.489,284517.562,9.395,68.000
0.050,0.010,0.010,20.881,287515.656,7.153,68.000
0.050,0.006,0.014,18.438,215651.938,6.441,68.000
0.055,0.001,0.021,21.048,142907.062,1.338,68.000
0.056,0.001,0.011,22.851,214114.719,2.281,68.000
0.049,0.016,0.012,22.627,224236.031,8.655,68.000
0.043,0.000,0.015,24.885,36046.492,-1.328,68.000
0.051,0.013,0.011,21.543,244707.812,8.044,68.000
0.048,0.019,0.012,20.970,253511.938,8.863,68.000
0.051,0.018,0.011,22.916,225201.750,7.026,68.000
0.045,0.001,0.005,24.182,100687.070,0.488,68.000
0.040,0.000,0.012,24.725,-18420.445,-0.614,68.000
0.052,0.010,0.013,20.156,226701.031,7.250,68.000
0.054,0.001,0.005,24.459,41384.320,1.191,68.000
0.040,0.001,0.009,22.567,75354.023,0.095,68.000
0.050,0.000,0.019,25.714,38780.961,-0.268,68.000
0.055,0.000,0.021,19.245,-30680.664,2.715,68.000
0.048,0.002,0.017,21.863,280376.625,4.435,68.000
0.059,0.001,0.011,21.533,142138.531,0.741,68.000
0.002,0.011,0.011,19.060,205752.531,5.566,68.000
0.056,0.001,0.007,21.743,197262.938,2.817,68.000
0.098,0.013,0.013,23.421,168764.719,5.456,68.000
0.052,0.023,0.010,20.646,251871.344,4.471,68.000
0.049,0.014,0.014,19.641,255689.281,8.068,68.000
0.048,0.026,0.011,19.418,290172.406,6.276,68.000
0.041,0.001,0.014,18.386,173700.156,3.255,68.000
0.049,0.009,0.013,20.424,236808.188,6.808,68.000
0.048,0.011,0.010,22.775,259276.125,7.556,68.000
0.045,0.001,0.007,24.507,52360.586,0.158,68.000
0.052,0.018,0.012,22.277,224245.469,7.830,68.000
0.051,0.027,0.013,24.869,200570.000,8.301,68.000
0.048,0.000,0.007,25.594,40866.695,-0.504,68.000
0.055,0.002,0.008,22.306,205133.875,2.686,68.000
0.052,0.012,0.013,20.630,231380.000,8.138,68.000
0.048,0.001,0.021,22.165,159574.219,2.041,68.000
0.051,0.015,0.014,18.826,270947.062,7.935,68.000
0.049,0.000,0.006,24.201,8299.422,-0.804,68.000
0.059,0.000,0.011,19.729,-1418.477,1.581,68.000
0.052,0.001,0.015,22.855,263381.156,3.918,68.000
0.051,0.006,0.013,18.324,230668.312,6.672,68.000
0.039,0.001,0.009,20.370,136645.312,1.361,68.000
0.055,0.000,0.004,20.858,-98092.750,2.217,68.000
0.057,0.001,0.018,19.895,199645.969,1.849,68.000
0.049,0.025,0.014,20.831,292774.906,9.373,68.000
0.049,0.001,0.012,24.200,190986.094,4.727,68.000
0.048,0.008,0.011,21.614,240692.281,7.473,68.000
0.049,0.027,0.011,21.895,232488.125,5.468,68.000
0.039,0.001,0.012,20.395,145147.969,1.059,68.000
0.048,0.001,0.006,22.805,176055.219,2.271,68.000
0.052,0.007,0.012,19.372,255148.406,7.904,68.000
0.050,0.001,0.009,21.340,227013.656,3.690,68.000
0.049,0.014,0.014,19.847,255094.094,8.237,68.000
0.050,0.001,0.004,24.808,51158.836,0.652,68.000
0.049,0.003,0.013,18.808,229627.344,6.434,68.000
0.048,0.007,0.010,18.941,263407.562,6.221,68.000
0.057,0.001,0.015,24.806,77723.430,1.779,68.000
0.050,0.010,0.011,21.887,244897.125,8.403,68.000
0.057,0.000,0.012,24.896,33016.711,0.451,68.000
0.048,0.006,0.013,18.380,200768.000,6.283,68.000
0.049,0.026,0.013,21.925,283438.688,8.276,68.000
0.056,0.001,0.021,23.290,29556.523,0.217,68.000
0.059,0.001,0.009,21.412,149623.500,0.820,68.000
0.061,0.001,0.011,19.385,204566.969,0.977,68.000
0.050,0.019,0.011,21.913,243246.344,7.443,68.000
0.048,0.027,0.012,25.034,272152.031,5.914,68.000
0.050,0.003,0.014,17.893,241730.312,6.093,68.000
0.052,0.027,0.012,21.408,248274.688,10.419,68.000
0.052,0.000,0.007,24.410,-10918.352,-0.583,68.000
0.048,0.000,0.004,22.640,-75994.297,-1.617,68.000
0.045,0.002,0.016,21.070,259851.406,4.541,68.000
0.054,0.000,0.017,23.662,-44350.484,-0.742,68.000
0.049,0.006,0.010,18.842,274874.812,6.157,68.000
0.043,0.001,0.017,21.517,170479.062,2.123,68.000
0.051,0.020,0.010,22.316,242618.906,5.636,68.000
0.045,0.002,0.017,21.064,260409.344,4.364,68.000
0.051,0.013,0.012,21.163,235994.562,8.995,68.000
0.051,0.001,0.016,27.599,93186.836,1.650,68.000
0.052,0.008,0.012,19.792,248237.438,7.867,68.000
0.002,0.012,0.011,19.133,215431.875,6.460,68.000
0.046,0.001,0.014,22.237,220946.406,5.499,68.000
0.049,0.009,0.012,22.092,236848.688,7.943,68.000
0.055,0.001,0.015,22.059,224029.906,2.702,68.000
0.052,0.014,0.011,21.540,235225.844,8.029,68.000
0.049,0.015,0.012,21.933,226557.719,8.659,68.000
0.044,0.000,0.014,28.274,-32890.953,0.839,68.000
0.044,0.000,0.019,25.144,-28145.148,-0.782,68.000
0.051,0.023,0.014,20.259,267039.406,9.213,68.000
0.050,0.023,0.012,21.281,264063.812,7.321,68.000
0.055,0.001,0.004,23.252,63143.742,1.882,68.000
0.049,0.014,0.014,19.134,250689.688,7.785,68.000
0.051,0.024,0.011,21.511,247997.906,5.950,68.000
0.051,0.000,0.018,23.702,25615.242,-0.222,68.000
0.051,0.020,0.012,22.451,225930.969,7.149,68.000
0.043,0.001,0.010,18.600,207217.500,4.779,68.000
0.049,0.021,0.014,18.832,278603.688,9.857,68.000
0.049,0.000,0.005,23.675,41549.352,0.183,68.000
0.050,0.016,0.014,19.371,267560.500,7.744,68.000
0.045,0.002,0.015,20.644,234111.406,4.353,68.000
0.098,0.011,0.011,17.376,217373.344,7.794,68.000
0.051,0.002,0.014,19.916,252428.562,5.278,68.000
0.051,0.010,0.011,20.704,261365.719,8.070,68.000
0.052,0.021,0.010,22.086,248596.000,4.907,68.000
0.060,0.001,0.008,20.769,134198.031,1.430,68.000
0.050,0.022,0.013,20.435,255162.688,9.338,68.000
0.050,0.018,0.011,22.660,224674.312,7.645,68.000
0.048,0.021,0.014,18.788,277329.781,9.960,68.000
0.057,0.001,0.007,23.416,61558.633,1.927,68.000
0.047,0.001,0.005,23.767,110224.852,0.849,68.000
0.047,0.001,0.005,22.527,176434.219,2.093,68.000
0.049,0.001,0.015,27.534,144593.938,2.874,68.000
0.041,0.001,0.018,20.518,167134.656,2.754,68.000
0.045,0.000,0.015,29.728,-30556.203,0.837,68.000
0.098,0.012,0.010,17.203,207929.312,8.863,68.000
0.048,0.002,0.007,19.995,216961.094,2.788,68.000
0.044,0.001,0.012,25.122,110510.039,1.810,68.000
0.051,0.026,0.014,23.450,240544.750,9.412,68.000
0.050,0.020,0.013,19.832,260728.656,8.965,68.000
0.050,0.020,0.012,21.475,248564.188,7.847,68.000
0.048,0.003,0.013,19.228,219771.250,6.461,68.000
0.052,0.026,0.012,23.605,247833.250,8.555,68.000
0.055,0.001,0.018,23.769,105934.305,1.192,68.000
0.052,0.025,0.012,23.370,245169.562,7.799,68.000
0.052,0.001,0.017,28.117,21696.961,0.151,68.000
0.050,0.008,0.012,21.212,243608.594,8.421,68.000
0.052,0.002,0.015,22.764,265624.312,3.934,68.000
0.048,0.009,0.012,22.360,228437.219,7.580,68.000
0.054,0.002,0.013,23.119,262332.031,4.392,68.000
0.049,0.001,0.008,24.946,99123.227,1.355,68.000
0.042,0.000,0.010,24.114,-24329.039,-0.503,68.000
0.050,0.017,0.014,19.047,270210.094,7.793,68.000
0.051,0.010,0.012,21.462,237172.969,8.324,68.000
0.050,0.001,0.007,25.225,94522.430,0.979,68.000
0.056,0.001,0.007,21.686,190029.312,2.815,68.000
0.098,0.010,0.012,19.293,204025.500,6.444,68.000
0.052,0.008,0.011,20.318,258356.594,8.349,68.000
0.045,0.002,0.010,18.964,230895.938,4.941,68.000
0.051,0.003,0.013,18.417,250268.156,6.358,68.000
0.050,0.026,0.010,19.893,264277.875,5.477,68.000
0.051,0.000,0.020,22.885,42572.227,-1.205,68.000
0.045,0.001,0.011,25.430,76504.555,1.537,68.000
0.057,0.000,0.006,22.569,-66531.062,2.599,68.000
0.056,0.001,0.010,25.130,115662.164,0.747,68.000
0.051,0.000,0.014,29.792,10333.531,0.995,68.000
0.049,0.001,0.020,21.998,142385.438,2.210,68.000
0.052,0.001,0.012,30.575,36395.555,1.134,68.000
0.043,0.001,0.006,21.433,207492.438,2.163,68.000
0.051,0.001,0.005,25.117,50933.742,0.718,68.000
0.050,0.016,0.010,21.426,221281.688,7.569,68.000
0.048,0.007,0.014,18.253,215896.375,6.309,68.000
0.057,0.001,0.004,22.235,117548.523,3.848,68.000
0.051,0.001,0.023,21.295,107106.211,0.310,68.000
0.057,0.000,0.012,25.325,-58775.445,2.024,68.000
0.051,0.000,0.022,23.171,10690.094,-0.300,68.000
0.057,0.001,0.009,21.838,197395.781,1.152,68.000
0.040,0.001,0.014,18.126,170285.250,3.506,68.000
0.056,0.001,0.006,22.784,132317.719,2.669,68.000
0.041,0.001,0.008,23.053,64438.211,0.290,68.000
0.052,0.008,0.012,20.300,249285.438,8.368,68.000
0.056,0.001,0.011,22.770,247258.500,2.932,68.000
0.053,0.001,0.008,25.760,107199.289,1.690,68.000
0.050,0.016,0.014,19.283,267395.719,7.884,68.000
0.048,0.009,0.011,21.787,252897.438,7.761,68.000
0.051,0.026,0.010,19.791,267500.969,5.336,68.000
0.049,0.000,0.010,29.749,20222.492,2.295,68.000
0.052,0.008,0.014,19.464,207862.031,5.948,68.000
0.051,0.025,0.014,21.823,269763.875,9.376,68.000
0.050,0.003,0.010,18.793,281710.156,5.683,68.000
0.056,0.001,0.014,25.174,56867.773,0.905,68.000
0.053,0.001,0.011,21.127,266988.469,5.098,68.000
0.050,0.015,0.011,22.212,221096.531,8.478,68.000
0.053,0.001,0.008,22.898,204209.344,2.531,68.000
0.050,0.026,0.013,22.739,272840.094,9.142,68.000
0.044,0.001,0.018,23.036,180194.406,2.559,68.000
0.098,0.010,0.011,17.357,217595.312,7.635,68.000
0.001,0.012,0.013,21.436,117219.164,7.563,68.000
0.050,0.010,0.015,18.352,234898.031,6.396,68.000
0.048,0.027,0.010,18.455,283586.719,9.384,68.000
0.050,0.016,0.014,18.614,262492.938,7.786,68.000
0.045,0.000,0.013,29.001,-71483.391,-3.205,68.000
0.052,0.019,0.013,20.940,232179.125,8.455,68.000
0.043,0.000,0.009,21.580,-36645.367,-0.809,68.000
0.048,0.001,0.006,24.037,107928.867,1.127,68.000
0.055,0.000,0.013,27.211,-5748.844,2.872,68.000
0.051,0.015,0.014,19.722,270026.781,8.007,68.000
0.052,0.006,0.011,19.012,262642.625,7.731,68.000
0.051,0.013,0.012,21.211,232965.594,8.951,68.000
0.048,0.000,0.005,24.405,24752.859,-0.444,68.000
0.051,0.001,0.005,22.340,163596.250,2.472,68.000
0.043,0.001,0.012,25.022,84707.883,1.396,68.000
0.049,0.027,0.012,25.818,195736.281,9.281,68.000
0.052,0.015,0.014,19.946,268825.969,7.965,68.000
0.059,0.001,0.014,18.769,179528.906,2.104,68.000
0.048,0.008,0.013,20.430,215747.844,6.887,68.000
0.054,0.001,0.004,22.485,104624.148,2.483,68.000
0.053,0.001,0.017,23.114,212489.719,2.743,68.000
0.003,0.012,0.012,20.647,180229.875,6.710,68.000
0.050,0.020,0.011,21.379,250932.688,6.853,68.000
0.054,0.001,0.012,27.531,99257.617,1.225,68.000
0.044,0.001,0.012,19.981,224383.250,5.043,68.000
0.050,0.023,0.011,20.101,256667.625,5.371,68.000
0.049,0.001,0.016,23.742,256272.688,4.143,68.000
0.098,0.012,0.013,21.655,183829.969,6.740,68.000
0.060,0.001,0.014,17.833,196345.188,1.679,68.000
0.051,0.001,0.019,22.375,219279.281,3.080,68.000
0.047,0.000,0.019,25.068,93016.102,0.843,68.000
0.045,0.000,0.013,30.257,-50624.031,-2.992,68.000
0.048,0.010,0.010,22.439,272770.781,7.315,68.000
0.049,0.021,0.011,20.383,265275.344,6.263,68.000
0.056,0.000,0.017,22.324,-2896.859,-0.127,68.000
0.050,0.006,0.010,18.795,279024.094,6.356,68.000
0.048,0.001,0.002,21.214,125081.242,1.064,68.000
0.054,0.001,0.021,23.998,9919.961,0.292,68.000
0.052,0.001,0.009,26.028,105418.008,1.864,68.000
0.048,0.023,0.010,18.910,287981.188,6.217,68.000
0.051,0.010,0.009,20.361,290106.125,7.179,68.000
0.051,0.001,0.017,22.452,272482.750,4.181,68.000
0.098,0.012,0.013,20.905,189759.562,6.063,68.000
0.050,0.011,0.012,21.665,229913.719,7.633,68.000
0.045,0.001,0.007,25.029,22339.344,-0.664,68.000
0.050,0.002,0.011,19.858,268172.750,6.199,68.000
0.049,0.015,0.011,22.270,221813.500,8.792,68.000
0.043,0.000,0.010,24.183,-54324.938,2.187,68.000
0.048,0.001,0.012,26.932,124195.883,3.079,68.000
0.053,0.001,0.011,24.350,196628.812,3.408,68.000
0.059,0.001,0.011,21.386,184891.031,1.037,68.000
0.046,0.000,0.017,26.500,46756.367,0.960,68.000
0.055,0.000,0.018,24.428,34130.023,0.155,68.000
0.048,0.009,0.012,21.921,221690.969,6.928,68.000
0.048,0.023,0.013,19.946,291415.031,8.596,68.000
0.050,0.013,0.010,21.803,254747.438,7.540,68.000
0.050,0.022,0.013,20.698,258129.938,9.143,68.000
0.048,0.012,0.013,21.033,238992.500,7.558,68.000
0.049,0.014,0.011,22.368,219208.969,8.598,68.000
0.057,0.001,0.005,23.493,76354.617,3.037,68.000
0.041,0.001,0.010,19.512,168299.656,2.625,68.000
0.050,0.013,0.012,21.400,238605.250,8.954,68.000
0.054,0.001,0.007,22.015,187920.719,2.481,68.000
0.046,0.001,0.014,24.185,192717.844,3.799,68.000
0.049,0.021,0.013,19.398,273493.188,9.460,68.000
0.052,0.012,0.011,20.873,256667.344,8.044,68.000
0.048,0.011,0.014,20.431,230624.531,6.061,68.000
0.050,0.021,0.010,20.657,265208.219,5.807,68.000
0.051,0.006,0.010,18.692,278026.250,7.005,68.000
0.052,0.026,0.011,21.418,250104.844,6.081,68.000
0.050,0.001,0.018,24.236,144149.875,1.454,68.000
0.050,0.004,0.010,18.732,285978.719,5.493,68.000
0.052,0.011,0.012,21.084,235745.219,8.317,68.000
0.052,0.009,0.012,20.871,241852.625,8.414,68.000
0.048,0.020,0.013,19.156,277748.250,10.009,68.000
0.047,0.001,0.014,22.581,222068.188,5.518,68.000
0.048,0.010,0.013,21.176,228950.562,6.422,68.000
0.057,0.000,0.011,24.494,41163.820,0.401,68.000
0.050,0.020,0.011,21.449,253259.438,6.628,68.000
0.100,0.012,0.013,19.486,84710.617,7.931,68.000
0.049,0.019,0.011,21.111,249151.625,7.252,68.000
0.055,0.001,0.017,26.272,38565.289,0.914,68.000
0.052,0.009,0.011,20.514,258974.469,8.457,68.000
0.052,0.009,0.013,20.552,226214.719,7.970,68.000
0.044,0.001,0.010,18.679,215951.562,5.242,68.000
0.044,0.001,0.004,22.548,178911.500,1.396,68.000
0.048,0.002,0.011,20.579,244840.969,6.229,68.000
0.051,0.024,0.014,21.826,252535.188,9.404,68.000
0.051,0.027,0.011,22.407,228518.781,6.822,68.000
0.049,0.005,0.010,19.041,276323.094,5.431,68.000
0.043,0.001,0.013,25.301,56974.633,-0.214,68.000
0.052,0.014,0.012,21.064,225656.312,8.394,68.000
0.056,0.002,0.007,21.385,191969.781,2.961,68.000
0.050,0.008,0.011,20.944,258606.969,8.042,68.000
0.043,0.001,0.011,24.706,55950.555,1.069,68.000
0.056,0.002,0.013,23.109,241956.344,3.100,68.000
0.049,0.012,0.014,19.688,236172.312,6.478,68.000
0.002,0.012,0.012,20.986,184218.438,7.059,68.000
0.044,0.001,0.015,20.881,208034.719,3.226,68.000
0.049,0.015,0.011,22.487,212454.844,8.394,68.000
0.048,0.022,0.012,19.828,275725.281,8.351,68.000
0.055,0.001,0.019,21.496,184267.969,2.174,68.000
0.045,0.000,0.013,31.528,-30919.828,0.198,68.000
0.049,0.023,0.012,20.254,283357.312,8.024,68.000
0.051,0.010,0.013,21.390,226167.875,8.152,68.000
0.049,0.005,0.014,17.601,216254.312,5.938,68.000
0.050,0.006,0.010,18.763,282114.531,6.131,68.000
0.042,0.000,0.015,22.498,15586.523,1.011,68.000
0.055,0.001,0.003,22.614,70182.289,2.132,68.000
0.045,0.001,0.011,22.666,151402.594,3.708,68.000
0.049,0.016,0.011,22.190,218894.969,8.245,68.000
0.053,0.002,0.017,22.176,273196.344,4.006,68.000
0.052,0.001,0.019,23.365,179022.438,2.340,68.000
0.049,0.001,0.003,22.811,129088.867,1.557,68.000
0.048,0.010,0.013,21.541,225387.250,6.402,68.000
0.053,0.000,0.018,24.423,-55028.617,1.280,68.000
0.042,0.001,0.012,19.829,204200.844,4.127,68.000
0.049,0.007,0.013,20.148,222413.094,7.392,68.000
0.051,0.023,0.011,21.161,250579.469,5.236,68.000
0.047,0.001,0.013,22.585,213205.781,5.509,68.000
0.053,0.000,0.015,30.313,-58555.176,-1.335,68.000
0.002,0.011,0.013,21.376,127343.477,6.978,68.000
0.050,0.001,0.008,26.171,50725.320,0.297,68.000
0.040,0.000,0.009,23.809,-67752.219,2.051,68.000
0.050,0.004,0.012,19.725,251312.125,6.359,68.000
0.049,0.015,0.012,22.141,217185.781,8.616,68.000
0.051,0.017,0.013,21.902,239806.000,8.391,68.000
0.049,0.009,0.013,20.914,232873.406,6.651,68.000
0.049,0.018,0.013,21.324,250872.625,9.267,68.000
0.051,0.022,0.012,22.233,240535.562,6.620,68.000
0.042,0.000,0.015,24.108,3620.492,-0.987,68.000
0.050,0.000,0.003,20.952,-51735.543,-1.738,68.000
0.052,0.006,0.012,18.863,253041.344,7.139,68.000
0.055,0.001,0.006,25.056,5393.938,1.121,68.000
0.051,0.001,0.018,25.425,109064.211,0.945,68.000
0.054,0.001,0.009,26.195,101509.555,1.372,68.000
0.053,0.000,0.008,23.948,47187.195,0.216,68.000
0.049,0.003,0.015,19.139,232927.062,5.410,68.000
0.052,0.018,0.012,22.716,214392.719,7.585,68.000
0.056,0.001,0.007,22.414,176923.719,2.257,68.000
0.041,0.001,0.007,23.507,66560.602,0.642,68.000
0.043,0.000,0.011,24.967,-52601.320,-2.376,68.000
0.047,0.001,0.007,24.096,98846.430,0.870,68.000
0.050,0.020,0.011,21.365,251636.562,6.960,68.000
0.050,0.001,0.003,25.381,-47553.824,-1.026,68.000
0.048,0.000,0.017,30.335,-15139.766,-1.778,68.000
0.051,0.014,0.012,21.371,239548.594,8.354,68.000
0.046,0.001,0.009,20.551,194778.844,3.790,68.000
0.048,0.026,0.012,21.935,286637.156,7.315,68.000
0.050,0.003,0.013,18.114,244148.219,6.304,68.000
0.051,0.003,0.013,18.574,245414.844,6.413,68.000
0.051,0.014,0.012,21.145,226758.938,8.485,68.000
0.044,0.001,0.017,21.966,193919.594,2.594,68.000
0.042,0.001,0.018,21.047,146385.875,2.054,68.000
0.002,0.012,0.014,20.934,113584.117,7.622,68.000
0.050,0.000,0.023,20.106,-75024.031,4.688,68.000
0.041,0.001,0.013,21.866,161450.094,2.083,68.000
0.052,0.017,0.012,22.578,229767.562,7.506,68.000
0.051,0.010,0.012,21.461,229401.781,8.214,68.000
0.042,0.000,0.007,23.506,71335.242,0.182,68.000
0.053,0.001,0.015,22.553,255756.750,3.488,68.000
0.049,0.008,0.014,19.011,231616.219,6.446,68.000
0.041,0.001,0.015,20.349,78867.039,0.952,68.000
0.049,0.009,0.013,20.742,233074.844,6.630,68.000
0.058,0.001,0.019,19.496,189163.094,1.415,68.000
0.053,0.002,0.011,19.965,275887.875,5.707,68.000
0.054,0.000,0.012,27.688,-2782.789,3.554,68.000
0.051,0.008,0.011,20.696,263432.031,8.479,68.000
0.043,0.001,0.005,22.225,195026.125,1.716,68.000
0.056,0.001,0.005,21.556,146641.031,3.308,68.000
0.052,0.010,0.011,20.401,265622.656,7.896,68.000
0.048,0.003,0.013,19.682,212638.156,6.490,68.000
0.052,0.001,0.009,25.906,115869.445,1.645,68.000
0.048,0.021,0.011,19.945,272537.906,7.455,68.000
0.050,0.017,0.013,22.000,239203.156,8.820,68.000
0.052,0.016,0.013,21.705,244608.719,7.687,68.000
0.052,0.006,0.014,18.356,220007.531,5.898,68.000
0.053,0.000,0.005,24.314,-72196.734,0.533,68.000
0.051,0.005,0.015,17.766,218206.188,5.064,68.000
0.049,0.022,0.012,20.670,270311.844,8.152,68.000
0.052,0.001,0.018,24.932,119385.164,1.450,68.000
0.059,0.001,0.017,19.515,145012.219,1.144,68.000
0.050,0.001,0.017,24.173,221418.688,3.160,68.000
0.056,0.001,0.015,24.514,90100.930,1.423,68.000
0.048,0.014,0.012,21.118,246180.969,8.710,68.000
0.052,0.000,0.011,29.448,27900.711,2.557,68.000
0.054,0.000,0.011,26.758,-88990.266,-0.386,68.000
0.045,0.001,0.006,24.198,104560.023,0.757,68.000
0.052,0.001,0.015,27.134,116525.492,1.693,68.000
0.052,0.000,0.015,27.237,-8190.086,1.960,68.000
0.049,0.018,0.014,19.170,266019.531,8.324,68.000
0.052,0.001,0.017,22.218,267618.250,4.123,68.000
0.050,0.025,0.010,19.436,269785.188,5.121,68.000
0.052,0.004,0.014,17.455,241462.938,5.357,68.000
0.052,0.019,0.010,22.608,241853.000,5.895,68.000
0.050,0.008,0.013,19.860,228894.562,7.172,68.000
0.051,0.024,0.014,21.590,258108.312,9.455,68.000
0.050,0.002,0.014,19.424,242293.125,5.484,68.000
0.049,0.000,0.021,22.166,-72322.117,0.931,68.000
0.048,0.005,0.011,19.739,251983.719,6.218,68.000
0.052,0.003,0.011,18.785,284356.438,6.068,68.000
0.050,0.019,0.014,18.234,279966.188,8.993,68.000
0.050,0.005,0.012,20.963,254785.281,7.137,68.000
0.054,0.001,0.014,27.140,90143.539,0.474,68.000
0.051,0.025,0.012,23.209,255189.938,8.407,68.000
0.050,0.011,0.010,21.802,286406.656,7.089,68.000
0.098,0.011,0.013,20.620,189553.312,5.852,68.000
0.048,0.000,0.023,20.210,117892.430,1.621,68.000
0.050,0.010,0.010,21.085,278777.281,7.482,68.000
0.057,0.002,0.014,20.818,197587.406,3.204,68.000
0.050,0.008,0.011,20.611,265236.719,8.048,68.000
0.048,0.001,0.002,22.319,69609.680,0.352,68.000
0.043,0.001,0.013,20.813,208995.719,3.849,68.000
0.053,0.001,0.014,26.495,167773.312,2.220,68.000
0.052,0.000,0.001,23.473,-36519.250,0.333,68.000
0.051,0.000,0.017,25.608,13083.477,0.426,68.000
0.043,0.000,0.017,25.190,37768.227,-0.376,68.000
0.050,0.010,0.015,18.484,234971.844,6.417,68.000
0.051,0.010,0.011,21.086,250372.812,8.550,68.000
0.057,0.001,0.004,22.160,108516.539,3.805,68.000
0.050,0.022,0.011,20.811,257067.250,6.369,68.000
0.052,0.011,0.012,20.848,240958.000,8.344,68.000
0.049,0.005,0.012,20.959,249981.312,7.005,68.000
0.055,0.000,0.021,20.183,-44294.570,1.790,68.000
0.048,0.027,0.011,21.704,293271.781,11.755,68.000
0.052,0.003,0.013,18.867,256936.062,5.376,68.000
0.058,0.001,0.007,21.204,176984.031,2.025,68.000
0.000,0.012,0.012,20.735,127448.867,8.170,68.000
0.051,0.009,0.012,21.116,238692.250,8.483,68.000
0.043,0.001,0.005,21.743,207968.219,2.116,68.000
0.046,0.001,0.013,22.326,209299.406,5.345,68.000
0.048,0.021,0.011,20.012,266784.844,7.557,68.000
0.050,0.013,0.011,21.959,234769.562,8.235,68.000
0.053,0.000,0.017,29.354,-19476.203,0.662,68.000
0.052,0.004,0.011,18.609,281235.625,6.450,68.000
0.055,0.001,0.004,22.067,113261.180,2.873,68.000
0.060,0.001,0.011,19.799,208214.438,1.548,68.000
0.051,0.004,0.011,19.012,282834.156,6.665,68.000
0.057,0.001,0.011,21.327,229221.500,1.977,68.000
0.055,0.001,0.019,23.983,30095.258,1.409,68.000
0.057,0.002,0.011,21.042,233877.156,2.336,68.000
0.050,0.020,0.012,21.821,241611.531,8.222,68.000
0.044,0.001,0.003,21.431,190115.594,1.437,68.000
0.002,0.013,0.013,20.742,172752.562,8.274,68.000
0.042,0.000,0.019,22.491,76797.211,1.175,68.000
0.050,0.000,0.010,30.054,-12757.047,1.766,68.000
0.050,0.010,0.013,21.317,226763.312,7.369,68.000
0.051,0.001,0.020,23.499,65678.461,0.466,68.000
0.052,0.007,0.010,18.333,279994.500,6.827,68.000
0.050,0.007,0.010,18.675,274540.781,6.837,68.000
0.047,0.000,0.012,30.514,-40272.766,-1.745,68.000
0.050,0.022,0.012,21.476,256158.156,7.244,68.000
0.049,0.001,0.015,21.988,242518.562,4.735,68.000
0.058,0.001,0.006,20.720,167753.969,3.700,68.000
0.098,0.013,0.011,18.102,202784.438,8.927,68.000
0.051,0.000,0.010,32.424,8128.438,2.842,68.000
0.052,0.002,0.015,22.691,272495.906,4.175,68.000
0.042,0.000,0.011,24.053,-45337.559,-1.915,68.000
0.051,0.017,0.013,21.463,245815.688,7.966,68.000
0.051,0.001,0.022,21.125,152152.250,1.969,68.000
0.049,0.021,0.014,18.904,276689.281,9.474,68.000
0.047,0.002,0.018,21.966,249297.875,3.943,68.000
0.000,0.013,0.011,25.425,-12904.484,13.936,68.000
0.059,0.001,0.009,20.380,206166.688,1.770,68.000
0.051,0.008,0.013,20.340,242039.281,7.932,68.000
0.052,0.000,0.014,29.237,-14950.781,1.588,68.000
0.049,0.024,0.013,20.506,283327.125,8.580,68.000
0.055,0.000,0.003,22.825,-142805.391,0.541,68.000
0.049,0.010,0.010,21.970,268015.438,7.758,68.000
0.040,0.000,0.014,20.603,81706.383,1.691,68.000
0.002,0.011,0.011,18.604,221039.031,5.529,68.000
0.041,0.001,0.015,17.437,216807.250,3.954,68.000
0.048,0.011,0.012,21.819,233580.281,7.582,68.000
0.050,0.000,0.008,23.312,11727.758,0.183,68.000
0.049,0.026,0.012,22.031,277358.344,7.393,68.000
0.052,0.017,0.011,22.680,227710.625,6.595,68.000
0.048,0.001,0.006,22.558,178897.594,2.575,68.000
0.048,0.007,0.011,21.395,241547.844,7.642,68.000
0.054,0.000,0.019,20.980,64742.148,1.621,68.000
0.048,0.002,0.013,20.169,218307.406,6.347,68.000
0.044,0.000,0.004,21.691,127491.102,0.927,68.000
0.052,0.015,0.012,22.296,225796.062,7.808,68.000
0.051,0.007,0.009,18.710,280864.750,6.275,68.000
0.058,0.001,0.011,21.687,207252.938,1.396,68.000
0.056,0.001,0.011,23.333,220481.562,2.607,68.000
0.059,0.000,0.011,20.567,-12246.172,1.748,68.000
0.058,0.001,0.014,21.197,186499.219,2.130,68.000
0.046,0.000,0.006,24.281,10445.383,-2.072,68.000
0.050,0.000,0.001,24.438,-100365.953,-0.723,68.000
0.054,0.001,0.018,22.651,193295.281,2.617,68.000
0.056,0.001,0.017,26.095,25629.398,0.754,68.000
0.051,0.001,0.020,21.981,160457.031,2.129,68.000
0.048,0.008,0.012,21.894,224092.562,7.394,68.000
0.049,0.005,0.010,19.072,277545.094,5.605,68.000
0.048,0.004,0.011,20.939,238867.812,6.215,68.000
0.047,0.001,0.007,23.395,138839.562,1.553,68.000
0.051,0.003,0.014,19.198,240731.562,5.136,68.000
0.050,0.000,0.020,24.346,5121.984,0.273,68.000
0.048,0.011,0.011,22.250,240967.812,8.070,68.000
0.051,0.021,0.013,20.663,240056.656,9.030,68.000
0.042,0.000,0.013,25.779,-72190.031,-2.732,68.000
0.050,0.007,0.011,20.570,265888.062,8.229,68.000
0.048,0.001,0.003,22.261,154432.344,1.699,68.000
0.098,0.012,0.012,19.361,204248.750,7.663,68.000
0.000,0.012,0.013,25.779,33830.820,8.225,68.000
0.051,0.023,0.013,21.448,249504.875,8.656,68.000
0.058,0.001,0.019,19.864,192352.781,1.586,68.000
0.051,0.015,0.013,21.796,244544.344,8.426,68.000
0.046,0.000,0.012,30.086,5148.789,0.876,68.000
0.001,0.012,0.012,20.419,198753.938,6.881,68.000
0.052,0.002,0.013,22.242,257240.781,4.752,68.000
0.049,0.021,0.010,19.846,281343.000,6.502,68.000
0.050,0.009,0.010,20.474,282286.688,7.223,68.000
0.098,0.012,0.013,23.472,166656.844,4.993,68.000
0.050,0.001,0.004,22.940,142409.250,2.052,68.000
0.049,0.006,0.013,18.794,210560.062,6.591,68.000
0.047,0.000,0.009,30.051,9817.453,1.775,68.000
0.051,0.002,0.008,21.269,214204.688,2.893,68.000
0.047,0.002,0.012,21.104,212422.656,6.131,68.000
0.048,0.012,0.011,22.140,243461.000,8.472,68.000
0.053,0.002,0.012,22.144,268080.469,4.622,68.000
0.048,0.007,0.012,20.514,214971.844,7.020,68.000
0.051,0.017,0.011,22.615,225680.406,6.957,68.000
0.046,0.001,0.014,24.206,185648.125,3.855,68.000
0.050,0.001,0.002,24.172,41817.664,0.484,68.000
0.042,0.001,0.012,19.769,203092.969,4.012,68.000
0.052,0.006,0.012,18.973,260317.188,7.301,68.000
0.049,0.002,0.007,20.730,194964.531,2.633,68.000
0.048,0.014,0.013,20.191,253839.469,8.136,68.000
0.049,0.026,0.014,21.569,297676.219,9.438,68.000
0.052,0.001,0.003,22.157,129928.102,2.468,68.000
0.051,0.021,0.012,22.008,232531.375,7.526,68.000
0.052,0.017,0.013,21.479,248021.125,7.819,68.000
0.048,0.012,0.011,22.538,250890.469,8.023,68.000
0.052,0.025,0.012,22.642,247663.031,7.099,68.000
0.050,0.000,0.020,24.260,24220.234,0.190,68.000
0.051,0.016,0.011,22.334,223296.062,7.477,68.000
0.002,0.011,0.012,21.070,161373.812,6.680,68.000
0.048,0.006,0.011,21.228,245135.094,7.327,68.000
0.050,0.016,0.013,22.231,229845.844,8.447,68.000
0.050,0.001,0.004,22.518,163440.844,2.487,68.000
0.045,0.001,0.005,21.321,201369.188,2.048,68.000
0.050,0.019,0.014,18.317,275043.750,8.899,68.000
0.051,0.001,0.009,27.179,62879.680,1.546,68.000
0.048,0.002,0.006,20.612,205641.531,2.764,68.000
0.050,0.026,0.010,18.718,279315.562,5.303,68.000
0.047,0.001,0.022,20.096,181338.594,2.808,68.000
0.050,0.021,0.013,20.426,255987.688,8.871,68.000
0.048,0.004,0.013,18.073,210531.688,6.426,68.000
0.049,0.003,0.012,20.029,228908.031,6.340,68.000
0.049,0.005,0.014,17.797,206161.562,5.519,68.000
0.052,0.017,0.012,22.046,236503.219,7.744,68.000
0.049,0.000,0.023,22.609,41203.102,-1.751,68.000
0.048,0.024,0.011,18.766,282295.812,6.138,68.000
0.044,0.000,0.008,29.355,-17439.281,2.042,68.000
0.051,0.027,0.012,26.700,219266.312,7.558,68.000
0.046,0.001,0.018,22.259,241354.844,4.072,68.000
0.057,0.001,0.007,21.407,199118.094,2.841,68.000
0.050,0.020,0.014,18.525,270896.781,9.090,68.000
0.053,0.000,0.007,24.210,-5515.852,0.029,68.000
0.052,0.027,0.013,28.813,174906.500,9.744,68.000
0.050,0.018,0.014,17.468,277608.156,8.206,68.000
0.049,0.023,0.013,20.296,276122.656,9.073,68.000
0.045,0.001,0.009,19.447,224995.719,4.434,68.000
0.056,0.001,0.010,21.524,228256.531,2.517,68.000
0.058,0.001,0.012,21.072,238378.219,2.495,68.000
0.043,0.000,0.012,25.199,-37574.414,-2.212,68.000
0.050,0.009,0.012,21.217,239925.469,8.155,68.000
0.045,0.001,0.007,21.950,156012.062,1.467,68.000
0.051,0.014,0.011,21.746,227942.375,8.018,68.000
0.048,0.025,0.012,20.291,297706.594,6.715,68.000
0.048,0.008,0.011,21.780,236481.344,7.479,68.000
0.098,0.012,0.013,21.700,180979.719,6.601,68.000
0.050,0.012,0.010,21.897,253257.906,7.814,68.000
0.042,0.000,0.012,24.587,-25004.828,-1.922,68.000
0.050,0.013,0.010,21.536,249345.000,7.557,68.000
0.052,0.002,0.007,21.291,180339.500,2.498,68.000
0.001,0.013,0.011,18.567,229950.469,6.448,68.000
0.056,0.001,0.008,22.375,159394.781,1.682,68.000
0.053,0.001,0.014,23.030,235122.531,3.418,68.000
0.050,0.022,0.013,19.803,267735.406,9.217,68.000
0.056,0.001,0.006,23.857,79919.367,2.199,68.000
0.050,0.027,0.014,23.400,92889.523,8.584,68.000
0.049,0.010,0.014,18.991,238753.812,6.300,68.000
0.052,0.000,0.009,26.563,-5044.102,2.293,68.000
0.051,0.008,0.010,19.263,281209.156,7.274,68.000
0.051,0.001,0.006,23.815,116890.086,1.255,68.000
0.051,0.027,0.013,26.200,226684.219,9.391,68.000
0.046,0.002,0.014,21.648,219264.719,5.648,68.000
0.051,0.026,0.013,22.973,263435.281,8.816,68.000
0.054,0.001,0.006,25.063,63041.258,1.279,68.000
0.051,0.010,0.010,20.838,280529.562,7.367,68.000
0.051,0.022,0.013,21.404,246567.656,8.573,68.000
0.046,0.000,0.022,20.886,37038.398,2.711,68.000
0.054,0.001,0.009,26.226,123944.805,1.446,68.000
0.049,0.017,0.010,21.939,214949.969,7.821,68.000
0.047,0.001,0.004,22.131,172577.938,1.675,68.000
0.049,0.026,0.011,20.261,281042.594,6.017,68.000
0.051,0.021,0.011,22.171,234162.219,5.726,68.000
0.055,0.001,0.020,21.022,164969.031,1.724,68.000
0.048,0.001,0.022,19.765,176500.375,2.567,68.000
0.050,0.008,0.010,19.750,270431.844,7.190,68.000
0.048,0.012,0.010,22.794,252683.781,7.706,68.000
0.056,0.000,0.017,22.195,-34970.094,-0.000,68.000
0.051,0.002,0.010,19.191,276276.344,5.756,68.000
0.045,0.002,0.013,21.833,209503.250,5.461,68.000
0.050,0.001,0.013,31.142,56555.523,1.369,68.000
0.050,0.027,0.011,25.816,246338.375,5.286,68.000
0.049,0.001,0.010,20.477,239716.844,4.865,68.000
0.047,0.001,0.020,22.500,116798.664,1.210,68.000
0.058,0.000,0.011,23.284,155123.312,0.959,68.000
-0.000,0.013,0.011,24.778,-33992.109,14.315,68.000
0.056,0.000,0.003,22.668,-69076.742,1.327,68.000
0.050,0.026,0.010,19.110,283291.750,5.369,68.000
0.050,0.018,0.011,22.333,226540.656,7.770,68.000
0.054,0.000,0.014,27.803,-54665.824,0.345,68.000
0.049,0.001,0.017,21.959,275934.125,4.241,68.000
0.042,0.001,0.004,21.787,204097.094,1.910,68.000
0.052,0.001,0.011,29.491,73837.570,1.807,68.000
0.048,0.014,0.012,20.684,242583.031,8.860,68.000
0.000,0.013,0.011,25.321,-46143.547,14.338,68.000
0.051,0.009,0.012,21.212,247654.812,8.613,68.000
0.051,0.018,0.012,22.672,228736.562,8.028,68.000
0.051,0.021,0.014,19.340,257978.188,9.196,68.000
0.051,0.027,0.011,20.030,313593.625,10.129,68.000
0.043,0.001,0.017,21.901,153926.844,1.569,68.000
0.050,0.016,0.011,22.229,217358.594,7.659,68.000
0.049,0.002,0.015,22.241,266913.062,4.646,68.000
0.049,0.022,0.013,20.158,275346.406,9.105,68.000
0.052,0.001,0.014,29.809,53429.508,0.378,68.000
0.048,0.011,0.011,22.460,246578.562,8.234,68.000
0.051,0.012,0.010,21.201,259983.375,7.810,68.000
0.053,0.001,0.004,22.238,122493.461,2.725,68.000
0.052,0.003,0.010,18.262,286072.719,6.061,68.000
0.048,0.020,0.011,20.362,255367.562,7.762,68.000
0.049,0.001,0.003,23.873,56899.695,0.360,68.000
0.053,0.000,0.014,28.608,-52065.969,1.206,68.000
0.050,0.000,0.020,24.532,61310.039,-1.682,68.000
0.048,0.010,0.011,22.343,236374.812,7.847,68.000
0.052,0.014,0.012,21.248,229921.344,8.068,68.000
0.051,0.006,0.013,19.287,244304.531,7.317,68.000
0.045,0.000,0.009,24.673,12895.117,-0.427,68.000
0.052,0.009,0.013,20.357,225773.906,7.432,68.000
0.046,0.001,0.017,21.733,268651.250,4.391,68.000
0.050,0.022,0.012,21.360,254077.625,6.746,68.000
0.049,0.001,0.014,24.017,222516.875,3.996,68.000
0.049,0.019,0.011,21.596,237177.188,7.268,68.000
0.049,0.014,0.012,22.042,225769.219,9.042,68.000
0.052,0.005,0.013,17.878,243512.531,6.752,68.000
0.051,0.013,0.013,20.994,235852.062,8.906,68.000
0.051,0.016,0.012,22.527,229881.438,8.163,68.000
0.053,0.001,0.015,22.650,248363.000,3.761,68.000
0.042,0.001,0.006,21.432,199958.906,2.047,68.000
0.050,0.012,0.013,19.976,232839.094,7.551,68.000
0.050,0.005,0.015,17.888,205855.500,4.869,68.000
0.052,0.001,0.008,25.341,119114.039,1.513,68.000
0.002,0.012,0.012,20.825,172298.312,7.481,68.000
0.050,0.010,0.012,21.775,224513.500,7.876,68.000
0.050,0.001,0.003,24.738,46898.227,0.502,68.000
0.051,0.003,0.013,18.868,249087.969,6.640,68.000
0.042,0.001,0.010,23.654,48307.430,0.071,68.000
0.052,0.001,0.018,22.913,226189.969,3.050,68.000
0.046,0.000,0.007,30.079,-37378.891,1.534,68.000
0.048,0.001,0.010,20.090,244657.062,5.514,68.000
0.052,0.011,0.012,21.122,230581.094,8.524,68.000
0.051,0.024,0.013,21.544,261836.625,9.332,68.000
0.050,0.025,0.011,21.216,267342.781,6.289,68.000
0.051,0.015,0.014,19.644,271804.406,7.961,68.000
0.045,0.002,0.012,20.508,230572.719,5.894,68.000
0.049,0.012,0.012,21.747,241031.688,8.530,68.000
0.049,0.007,0.012,21.399,254018.281,8.303,68.000
0.045,0.000,0.008,24.502,-81531.625,-1.334,68.000
0.049,0.015,0.012,22.047,220524.156,8.808,68.000
0.055,0.000,0.013,26.995,-30824.383,-1.129,68.000
0.049,0.003,0.014,17.634,220841.500,6.002,68.000
0.052,0.008,0.013,19.435,236236.938,7.086,68.000
0.050,0.009,0.009,20.642,292142.656,7.023,68.000
0.051,0.018,0.012,21.655,234417.906,8.154,68.000
0.058,0.001,0.011,22.312,191885.625,0.748,68.000
0.049,0.022,0.011,20.553,262509.188,6.617,68.000
0.048,0.001,0.020,22.147,184293.406,2.715,68.000
0.051,0.015,0.012,22.333,228593.219,7.883,68.000
0.050,0.011,0.010,21.530,276722.000,7.283,68.000
0.041,0.000,0.011,24.749,-104145.961,-1.895,68.000
0.048,0.004,0.011,19.742,255455.406,5.957,68.000
0.051,0.007,0.012,20.414,260259.188,8.312,68.000
0.050,0.003,0.010,19.495,270721.125,5.893,68.000
0.045,0.001,0.016,23.729,168415.062,1.894,68.000
0.051,0.025,0.012,22.915,257464.312,7.649,68.000
0.002,0.012,0.011,18.819,215208.312,6.394,68.000
0.098,0.013,0.011,18.680,201893.812,8.723,68.000
0.049,0.012,0.013,20.779,235740.469,7.637,68.000
0.055,0.001,0.018,21.274,221486.625,2.944,68.000
0.099,0.011,0.011,19.191,159038.719,7.308,68.000
0.050,0.011,0.012,21.848,240479.250,8.286,68.000
0.052,0.025,0.013,22.792,247468.938,9.314,68.000
0.050,0.009,0.009,20.296,287816.594,6.987,68.000
0.049,0.001,0.016,25.460,184547.750,2.636,68.000
0.052,0.001,0.006,21.075,180338.125,2.558,68.000
0.050,0.021,0.014,18.683,266479.219,9.296,68.000
0.050,0.001,0.006,21.547,179828.344,2.580,68.000
0.053,0.001,0.003,21.965,117167.398,2.717,68.000
0.002,0.012,0.014,20.778,117170.758,7.699,68.000
0.054,0.001,0.021,20.610,141693.688,1.445,68.000
0.051,0.026,0.012,22.621,247705.688,7.172,68.000
0.052,0.009,0.011,20.748,253655.156,8.655,68.000
0.052,0.026,0.012,24.015,237554.000,8.571,68.000
0.049,0.009,0.011,21.434,256608.344,8.231,68.000
0.049,0.007,0.011,20.432,261772.375,7.648,68.000
0.047,0.001,0.006,20.843,209626.438,2.731,68.000
0.050,0.025,0.010,18.757,287841.406,5.124,68.000
0.001,0.010,0.013,21.328,123221.570,6.764,68.000
0.050,0.003,0.011,20.218,266816.750,6.376,68.000
0.058,0.001,0.007,20.534,193971.094,2.463,68.000
0.046,0.000,0.012,34.479,-35977.938,-0.023,68.000
0.049,0.023,0.012,20.477,281057.062,7.952,68.000
0.049,0.026,0.014,21.789,278994.406,9.624,68.000
0.048,0.005,0.013,18.127,206595.906,6.362,68.000
0.047,0.001,0.014,28.252,91502.695,2.057,68.000
0.050,0.000,0.004,24.876,-50822.301,-0.055,68.000
0.049,0.008,0.013,20.893,235081.500,8.009,68.000
0.043,0.002,0.010,18.202,206108.844,4.682,68.000
0.044,0.001,0.014,22.519,177921.906,2.822,68.000
0.050,0.009,0.010,20.539,265333.844,8.045,68.000
0.058,0.001,0.013,20.955,215825.219,1.771,68.000
0.051,0.015,0.011,22.172,219209.469,8.118,68.000
0.049,0.001,0.004,25.548,62278.695,0.487,68.000
0.049,0.001,0.020,21.492,186588.438,2.925,68.000
0.049,0.010,0.014,19.293,237538.750,6.158,68.000
0.050,0.022,0.012,21.338,257406.562,7.442,68.000
0.051,0.018,0.012,22.013,237123.531,8.278,68.000
0.051,0.000,0.010,29.756,-66112.422,0.650,68.000
0.051,0.012,0.013,21.131,228427.125,8.529,68.000
0.049,0.008,0.013,20.264,232260.906,7.142,68.000
0.052,0.002,0.009,21.225,237634.375,4.523,68.000
0.049,0.000,0.010,26.498,19619.047,-0.153,68.000
0.051,0.006,0.011,19.854,269843.406,7.393,68.000
0.043,0.000,0.009,23.716,6836.719,-0.589,68.000
0.050,0.023,0.014,20.161,273709.438,9.136,68.000
0.045,0.000,0.006,20.344,23457.758,0.523,68.000
0.048,0.008,0.012,21.954,230341.500,7.339,68.000
0.050,0.001,0.017,24.962,224433.250,3.410,68.000
0.051,0.017,0.014,17.693,271841.781,7.849,68.000
0.050,0.024,0.012,21.258,268756.750,6.454,68.000
0.052,0.012,0.013,21.206,231836.844,8.879,68.000
0.002,0.013,0.011,19.051,214592.656,6.575,68.000
0.048,0.023,0.014,20.158,287957.781,9.324,68.000
0.052,0.010,0.012,20.719,242155.812,8.420,68.000
0.002,0.013,0.012,20.416,185889.719,7.747,68.000
0.054,0.001,0.016,23.750,198841.969,2.272,68.000
0.051,0.005,0.011,19.767,273865.281,6.880,68.000
0.045,0.001,0.013,23.001,213560.750,4.481,68.000
0.049,0.022,0.013,20.420,272240.219,8.647,68.000
0.056,0.002,0.007,21.183,192177.906,2.873,68.000
0.055,0.000,0.011,27.270,15042.875,4.179,68.000
0.098,0.012,0.013,21.677,181859.500,6.379,68.000
0.049,0.024,0.011,19.163,272731.031,5.825,68.000
0.049,0.026,0.014,21.220,296620.938,9.325,68.000
0.048,0.004,0.014,17.216,210601.812,5.941,68.000
0.049,0.001,0.020,21.886,190447.531,2.917,68.000
0.045,0.000,0.007,20.243,37281.539,-0.913,68.000
0.049,0.012,0.012,21.145,244536.062,8.124,68.000
0.050,0.000,0.002,20.044,-38280.609,-1.002,68.000
0.050,0.025,0.010,18.868,286496.375,4.931,68.000
0.002,0.013,0.013,20.438,172351.250,7.907,68.000
0.001,0.011,0.012,20.941,181472.406,6.167,68.000
0.049,0.006,0.011,21.181,258991.406,7.359,68.000
0.050,0.000,0.001,22.747,-25317.625,-0.075,68.000
0.048,0.001,0.002,21.032,133240.844,1.319,68.000
0.047,0.001,0.012,21.301,231547.812,5.883,68.000
0.100,0.012,0.011,17.924,-6995.461,10.175,68.000
0.046,0.001,0.018,26.438,96480.570,0.472,68.000
0.049,0.005,0.012,20.604,237319.531,6.313,68.000
0.058,0.000,0.010,20.322,28563.164,1.873,68.000
0.049,0.008,0.015,18.838,228421.531,6.059,68.000
0.045,0.000,0.019,24.267,79260.211,1.192,68.000
0.050,0.017,0.014,18.907,267031.156,7.886,68.000
0.052,0.020,0.013,20.570,238421.531,8.605,68.000
0.049,0.001,0.005,21.903,179177.281,2.653,68.000
0.055,0.001,0.009,25.814,109667.133,1.698,68.000
0.052,0.001,0.018,23.882,200717.438,2.571,68.000
0.053,0.001,0.016,23.125,240513.969,3.079,68.000
0.050,0.026,0.012,21.484,277132.750,6.607,68.000
0.056,0.001,0.020,22.887,45826.664,1.350,68.000
0.051,0.001,0.003,22.766,118698.414,2.110,68.000
0.047,0.001,0.019,24.167,97312.305,0.704,68.000
0.048,0.001,0.015,29.372,95409.633,1.203,68.000
0.056,0.001,0.008,22.773,171235.469,2.016,68.000
0.049,0.014,0.011,22.069,225910.125,9.079,68.000
0.056,0.000,0.013,25.977,-81657.641,1.317,68.000
0.051,0.001,0.020,21.210,186990.312,2.673,68.000
0.048,0.011,0.011,22.338,241094.344,8.071,68.000
0.052,0.016,0.012,22.641,234404.438,7.800,68.000
0.049,0.003,0.009,18.662,275649.406,5.546,68.000
0.050,0.000,0.008,25.584,-20542.422,2.015,68.000
0.052,0.021,0.012,22.373,220198.219,7.730,68.000
0.041,0.001,0.012,24.436,76629.570,0.120,68.000
0.043,0.000,0.005,21.925,38847.727,1.359,68.000
0.055,0.000,0.016,24.253,33229.258,0.440,68.000
0.053,0.001,0.018,23.604,177149.094,2.219,68.000
0.098,0.011,0.013,20.590,190534.656,5.505,68.000
0.046,0.002,0.008,19.258,218111.875,2.746,68.000
0.054,0.001,0.020,20.962,167777.719,2.010,68.000
0.040,0.000,0.009,19.875,-52006.547,-0.632,68.000
0.050,0.004,0.010,19.005,282553.750,5.983,68.000
0.052,0.000,0.017,28.357,20147.352,-0.825,68.000
0.049,0.002,0.018,21.963,262021.562,3.724,68.000
0.050,0.001,0.014,26.254,183802.625,3.361,68.000
0.051,0.002,0.007,21.021,185966.594,2.541,68.000
0.001,0.012,0.011,20.022,193010.281,7.071,68.000
0.048,0.026,0.011,19.230,274995.062,5.862,68.000
0.050,0.023,0.011,20.393,259300.812,5.537,68.000
0.099,0.011,0.013,21.224,189015.812,5.219,68.000
0.050,0.022,0.013,20.519,256305.281,9.237,68.000
0.049,0.019,0.013,20.607,256511.375,9.707,68.000
0.048,0.000,0.013,29.642,702.281,-1.412,68.000
0.051,0.022,0.011,21.561,248341.625,5.739,68.000
0.054,0.000,0.010,27.693,-278.000,2.160,68.000
0.051,0.003,0.010,18.852,284330.438,6.050,68.000
0.054,0.000,0.013,30.264,-105542.523,-1.024,68.000
0.059,0.000,0.011,19.667,-14917.844,2.618,68.000
0.057,0.001,0.008,22.416,92206.742,1.390,68.000
0.053,0.000,0.022,23.186,-62555.730,0.260,68.000
0.057,0.000,0.019,18.486,24418.258,1.388,68.000
0.049,0.026,0.010,18.898,262182.188,5.335,68.000
0.057,0.000,0.013,26.545,32069.383,0.177,68.000
0.049,0.007,0.011,19.814,256410.469,7.126,68.000
0.000,0.013,0.012,24.288,-82210.172,12.209,68.000
0.050,0.025,0.012,21.910,270757.062,7.168,68.000
0.049,0.010,0.013,20.755,229618.219,6.319,68.000
0.050,0.016,0.010,21.318,214780.344,7.910,68.000
0.050,0.000,0.015,28.952,22159.297,0.766,68.000
0.049,0.013,0.013,20.410,242097.188,7.876,68.000
0.047,0.000,0.022,21.548,86166.805,1.648,68.000
0.048,0.001,0.016,22.566,270980.844,4.392,68.000
0.051,0.006,0.010,18.264,283516.156,6.933,68.000
0.049,0.010,0.013,21.371,227759.469,6.987,68.000
0.049,0.001,0.021,21.114,192073.125,2.862,68.000
0.050,0.013,0.012,21.238,239482.875,8.934,68.000
0.050,0.026,0.011,21.177,266200.438,6.221,68.000
0.051,0.008,0.010,19.033,281837.344,7.043,68.000
0.048,0.010,0.012,21.871,229751.625,7.487,68.000
0.054,0.001,0.005,23.299,118993.445,2.177,68.000
0.052,0.013,0.012,21.171,228366.438,8.793,68.000
0.051,0.007,0.013,19.803,244472.438,7.791,68.000
0.051,0.021,0.012,21.661,242968.406,7.622,68.000
0.098,0.014,0.011,19.875,194659.156,8.444,68.000
0.058,0.001,0.017,19.141,191721.500,1.847,68.000
0.051,0.015,0.013,21.882,245226.500,8.251,68.000
0.046,0.001,0.007,21.800,177245.125,1.941,68.000
0.049,0.008,0.010,20.762,270887.188,6.998,68.000
0.050,0.013,0.012,21.274,241878.062,8.541,68.000
0.044,0.001,0.010,24.739,42123.258,0.514,68.000
0.050,0.006,0.014,18.024,214890.375,6.058,68.000
0.049,0.007,0.010,19.028,264632.594,6.699,68.000
0.050,0.009,0.009,20.020,289855.250,6.892,68.000
0.045,0.000,0.018,27.013,3294.258,-0.184,68.000
0.052,0.024,0.011,21.894,243951.281,6.090,68.000
0.050,0.013,0.013,20.069,235842.969,7.891,68.000
0.052,0.000,0.006,23.267,11855.781,0.425,68.000
0.051,0.017,0.013,20.649,253128.469,8.029,68.000
0.042,0.001,0.018,19.945,212545.250,3.858,68.000
0.055,0.000,0.004,22.750,-66893.141,1.768,68.000
0.049,0.020,0.010,20.497,268341.125,6.900,68.000
0.053,0.000,0.009,24.247,44092.695,-0.013,68.000
0.056,0.001,0.005,23.321,89669.945,2.922,68.000
0.050,0.005,0.015,17.795,208711.094,5.088,68.000
0.050,0.000,0.013,29.837,3375.789,1.789,68.000
0.000,0.012,0.011,25.982,-23205.992,13.585,68.000
0.049,0.015,0.011,22.601,216898.000,8.451,68.000
0.044,0.000,0.010,24.380,25203.570,0.140,68.000
0.049,0.007,0.014,18.603,217880.125,6.718,68.000
0.049,0.004,0.015,17.786,221668.562,5.229,68.000
0.043,0.000,0.015,26.261,46096.008,-0.284,68.000
0.048,0.026,0.011,18.929,284501.312,6.153,68.000
0.049,0.018,0.012,22.099,232644.250,8.733,68.000
0.049,0.003,0.011,20.051,265699.000,6.296,68.000
0.052,0.020,0.013,20.499,239518.312,8.669,68.000
0.050,0.001,0.004,27.174,-49526.910,-0.810,68.000
0.051,0.018,0.011,22.537,228358.094,6.930,68.000
0.047,0.000,0.018,28.169,38056.070,0.521,68.000
0.044,0.001,0.003,22.523,137237.875,0.479,68.000
0.054,0.000,0.004,21.503,-98694.594,1.046,68.000
0.051,0.016,0.013,20.465,262933.438,8.039,68.000
0.052,0.005,0.010,18.041,295106.406,6.089,68.000
0.044,0.001,0.016,20.767,231105.188,3.333,68.000
0.059,0.000,0.008,19.628,6074.031,2.448,68.000
0.057,0.000,0.019,22.616,-21019.367,1.402,68.000
0.051,0.003,0.014,18.470,249840.750,5.658,68.000
0.047,0.000,0.006,20.476,26634.695,-0.901,68.000
0.049,0.006,0.011,19.559,266073.094,6.744,68.000
0.049,0.014,0.014,19.228,252838.781,8.159,68.000
0.047,0.002,0.015,21.731,242434.000,5.041,68.000
0.055,0.000,0.010,23.008,-23094.531,0.583,68.000
0.047,0.001,0.008,25.470,53429.148,0.363,68.000
0.049,0.023,0.013,20.228,285663.500,8.407,68.000
0.050,0.004,0.010,18.810,283832.812,5.840,68.000
0.041,0.001,0.016,18.284,170218.375,3.478,68.000
0.050,0.003,0.014,18.085,239511.688,5.855,68.000
0.048,0.001,0.015,24.550,223956.000,3.960,68.000
0.044,0.001,0.013,21.278,215155.031,4.760,68.000
0.048,0.000,0.013,32.834,-13524.375,0.083,68.000
0.052,0.013,0.010,21.212,259182.594,7.501,68.000
0.051,0.015,0.011,22.585,218934.562,7.958,68.000
0.047,0.001,0.013,28.411,96701.430,2.107,68.000
0.057,0.001,0.006,22.177,145131.812,3.020,68.000
0.049,0.007,0.013,19.591,219817.219,6.954,68.000
0.042,0.000,0.012,25.870,-58870.285,-2.424,68.000
0.048,0.011,0.012,22.121,236750.688,7.942,68.000
0.046,0.001,0.020,21.746,179441.938,2.553,68.000
0.051,0.014,0.014,18.571,260027.906,7.669,68.000
0.056,0.000,0.007,23.260,5980.695,2.244,68.000
0.050,0.021,0.010,21.183,256534.375,5.663,68.000
0.098,0.012,0.011,16.750,217702.438,8.555,68.000
0.058,0.001,0.014,20.153,193460.969,2.857,68.000
0.043,0.001,0.014,21.569,182665.969,2.703,68.000
0.048,0.001,0.008,27.420,-11983.219,-0.479,68.000
0.049,0.004,0.012,20.587,241584.719,6.077,68.000
0.050,0.010,0.014,18.735,235173.469,6.406,68.000
0.046,0.001,0.019,22.330,200463.344,3.166,68.000
0.049,0.021,0.010,20.428,269756.156,6.389,68.000
0.048,0.000,0.016,28.824,-24099.383,1.190,68.000
0.048,0.018,0.012,21.779,234499.531,8.881,68.000
0.049,0.001,0.006,25.416,32329.445,-0.303,68.000
0.050,0.003,0.011,20.053,268020.938,6.373,68.000
0.049,0.024,0.011,19.846,275126.781,6.010,68.000
0.051,0.016,0.012,22.677,232108.656,7.775,68.000
0.052,0.026,0.013,23.571,240226.000,8.806,68.000
0.048,0.014,0.011,22.050,225948.906,9.125,68.000
0.046,0.002,0.006,20.567,218225.438,2.684,68.000
0.099,0.013,0.012,22.089,186236.031,6.947,68.000
0.047,0.000,0.018,24.784,12828.750,-0.009,68.000
0.055,0.001,0.005,22.101,132321.031,3.004,68.000
0.050,0.001,0.003,22.447,142664.469,2.198,68.000
0.050,0.000,0.009,30.937,-24833.961,1.836,68.000
0.048,0.010,0.012,22.365,230797.500,7.664,68.000
0.049,0.013,0.010,22.357,235113.000,8.017,68.000
0.049,0.023,0.012,20.804,273523.406,7.187,68.000
0.049,0.001,0.022,22.297,66816.273,0.254,68.000
0.051,0.013,0.010,21.253,259616.031,7.482,68.000
0.057,0.000,0.005,19.607,43837.164,4.715,68.000
0.051,0.001,0.011,24.893,190530.906,3.726,68.000
0.048,0.007,0.012,21.691,226796.188,7.457,68.000
0.053,0.001,0.013,28.196,127290.523,2.329,68.000
0.048,0.003,0.013,20.255,210177.219,6.327,68.000
0.048,0.005,0.012,20.716,222375.469,6.166,68.000
0.052,0.027,0.011,17.455,267615.281,9.348,68.000
0.048,0.027,0.011,20.514,266200.969,5.731,68.000
0.051,0.011,0.010,21.217,268105.625,7.704,68.000
0.042,0.000,0.015,25.156,-10863.344,-0.871,68.000
0.050,0.014,0.010,21.487,223200.656,7.821,68.000
0.043,0.001,0.019,20.633,188171.156,2.846,68.000
0.050,0.026,0.011,21.223,264636.031,6.235,68.000
0.048,0.012,0.011,22.178,237984.312,8.572,68.000
0.052,0.001,0.020,21.531,188949.875,2.698,68.000
0.051,0.012,0.011,21.202,248319.000,8.258,68.000
0.051,0.019,0.012,21.428,234848.625,8.686,68.000
0.050,0.012,0.010,21.812,270733.188,7.371,68.000
0.053,0.001,0.022,20.168,138137.938,1.204,68.000
0.050,0.025,0.014,21.769,275178.188,9.398,68.000
0.055,0.001,0.007,22.228,194581.219,2.605,68.000
0.049,0.001,0.006,24.149,93957.461,1.090,68.000
0.048,0.021,0.012,20.224,270288.812,8.221,68.000
0.050,0.013,0.012,21.214,239412.781,8.991,68.000
0.051,0.011,0.014,19.207,237451.656,6.897,68.000
0.052,0.001,0.004,24.084,109545.570,2.114,68.000
0.049,0.004,0.013,19.424,225091.281,6.471,68.000
0.048,0.009,0.014,19.890,230515.562,6.165,68.000
0.047,0.000,0.007,24.518,59626.961,-0.777,68.000
0.060,0.001,0.013,18.126,226831.000,1.570,68.000
0.050,0.021,0.010,20.774,262650.562,6.109,68.000
0.055,0.001,0.019,22.526,146716.219,1.285,68.000
0.053,0.001,0.015,22.742,257411.250,3.602,68.000
0.055,0.001,0.014,25.865,135215.656,1.078,68.000
0.057,0.000,0.008,22.812,-15665.797,2.350,68.000
0.058,0.000,0.005,22.395,-1097.039,3.557,68.000
0.048,0.004,0.011,19.836,253672.094,5.927,68.000
0.049,0.013,0.012,21.684,238572.094,8.685,68.000
0.047,0.001,0.004,24.190,95963.180,0.309,68.000
0.049,0.004,0.009,18.718,279941.594,5.365,68.000
0.049,0.023,0.014,20.091,288492.969,9.419,68.000
0.058,0.001,0.011,20.688,236135.531,1.947,68.000
0.051,0.015,0.011,22.403,219739.938,8.223,68.000
0.057,0.000,0.006,23.186,-78312.969,3.026,68.000
0.052,0.015,0.012,21.988,228685.781,7.874,68.000
0.045,0.001,0.009,19.418,217215.938,3.922,68.000
0.050,0.006,0.011,20.805,263807.875,7.321,68.000
0.050,0.010,0.011,21.072,259911.531,8.256,68.000
0.047,0.001,0.019,22.534,225961.062,3.716,68.000
0.049,0.006,0.010,18.759,268826.031,6.155,68.000
0.056,0.001,0.017,20.793,205638.406,2.522,68.000
0.051,0.026,0.012,23.757,238115.656,7.726,68.000
0.047,0.001,0.011,20.772,245102.469,6.399,68.000
0.050,0.000,0.012,27.872,31435.008,1.829,68.000
0.053,0.001,0.009,23.146,212918.125,3.994,68.000
0.049,0.006,0.011,20.551,262074.625,7.354,68.000
0.051,0.026,0.012,23.192,261283.031,8.511,68.000
0.052,0.005,0.011,18.676,280635.219,6.967,68.000
0.048,0.008,0.010,20.381,263830.406,6.605,68.000
0.052,0.016,0.012,22.597,223049.500,7.535,68.000
0.056,0.000,0.010,21.779,-40493.355,0.922,68.000
0.048,0.000,0.002,23.440,-3243.219,-0.062,68.000
0.041,0.001,0.010,25.312,-3949.289,-0.288,68.000
0.048,0.017,0.013,21.678,245975.844,9.210,68.000
0.043,0.001,0.007,20.670,203294.656,1.926,68.000
0.051,0.001,0.006,23.778,116788.523,1.317,68.000
0.043,0.001,0.006,21.591,206822.375,2.097,68.000
0.044,0.000,0.005,23.939,56877.383,-0.186,68.000
0.051,0.001,0.011,22.767,223693.250,4.899,68.000
0.051,0.001,0.006,22.148,168370.219,2.136,68.000
0.048,0.020,0.013,19.936,270146.469,9.657,68.000
0.048,0.016,0.011,22.008,222876.406,8.456,68.000
0.042,0.001,0.010,22.501,78632.805,0.957,68.000
0.051,0.016,0.011,22.456,230192.656,7.450,68.000
0.051,0.007,0.014,19.161,209588.625,6.048,68.000
0.051,0.023,0.012,21.982,250303.688,8.276,68.000
0.049,0.002,0.013,20.508,220751.000,6.391,68.000
0.044,0.001,0.016,21.739,227700.844,3.407,68.000
0.052,0.000,0.009,24.731,33137.133,0.134,68.000
0.041,0.000,0.014,22.324,59503.102,0.638,68.000
0.050,0.016,0.011,22.488,217513.688,8.186,68.000
0.049,0.012,0.010,22.305,250705.969,7.888,68.000
0.051,0.002,0.011,20.062,267676.875,6.298,68.000
0.052,0.000,0.021,22.446,29080.773,-0.569,68.000
0.051,0.013,0.013,20.525,242911.781,8.077,68.000
0.050,0.016,0.011,22.247,224378.531,7.998,68.000
0.051,0.007,0.010,18.920,272536.406,6.942,68.000
0.050,0.024,0.012,21.402,275056.781,7.840,68.000
0.051,0.016,0.010,21.939,221839.500,7.907,68.000
0.050,0.025,0.014,20.990,286757.156,9.585,68.000
0.051,0.012,0.011,21.184,260380.562,7.889,68.000
0.044,0.001,0.012,26.306,75480.133,0.836,68.000
0.052,0.000,0.007,21.790,18589.656,1.789,68.000
0.051,0.015,0.012,22.544,231714.875,8.186,68.000
0.042,0.000,0.007,23.196,7752.164,1.492,68.000
0.051,0.004,0.014,17.366,239439.844,5.718,68.000
0.044,0.002,0.012,19.899,223602.625,5.227,68.000
0.051,0.001,0.017,23.526,229817.344,3.339,68.000
0.053,0.001,0.006,25.122,2563.680,0.206,68.000
0.054,0.000,0.002,21.441,-68276.984,-0.764,68.000
0.002,0.010,0.011,19.528,199368.469,5.469,68.000
0.050,0.014,0.011,21.524,230144.594,8.819,68.000
0.056,0.001,0.017,20.838,231346.312,3.122,68.000
0.049,0.021,0.010,19.846,277189.656,6.687,68.000
0.053,0.001,0.007,23.836,163489.188,1.965,68.000
0.057,0.001,0.010,23.854,112668.523,0.092,68.000
0.051,0.003,0.013,18.455,248273.156,6.510,68.000
0.050,0.016,0.010,21.804,218502.969,7.789,68.000
0.050,0.021,0.011,21.438,246934.000,6.363,68.000
0.049,0.020,0.014,18.682,276748.344,9.422,68.000
0.049,0.003,0.011,20.100,265337.219,6.295,68.000
0.039,0.001,0.014,17.310,169153.531,3.918,68.000
0.057,0.000,0.020,21.226,-28919.797,0.609,68.000
0.050,0.010,0.011,21.470,257735.531,8.242,68.000
0.049,0.000,0.009,31.520,-6324.625,1.641,68.000
0.049,0.002,0.017,22.054,284674.906,4.288,68.000
0.059,0.000,0.009,22.519,97883.133,0.975,68.000
0.051,0.020,0.013,20.920,238108.469,8.757,68.000
0.056,0.001,0.014,22.843,223939.281,2.876,68.000
0.052,0.023,0.013,22.487,233233.281,8.716,68.000
0.051,0.013,0.013,20.821,235178.094,8.503,68.000
0.053,0.001,0.007,22.353,192029.062,2.397,68.000
0.053,0.000,0.005,23.144,-25669.680,0.966,68.000
0.051,0.014,0.014,19.036,257483.750,7.771,68.000
0.049,0.015,0.010,22.238,209766.031,8.279,68.000
0.055,0.001,0.007,22.931,174850.094,2.269,68.000
0.049,0.023,0.013,20.546,273210.250,8.918,68.000
0.050,0.000,0.013,29.867,45758.039,1.838,68.000
0.049,0.026,0.014,21.699,279747.688,9.528,68.000
0.055,0.001,0.010,23.674,181047.375,2.185,68.000
0.055,0.001,0.019,21.627,166494.250,1.894,68.000
0.050,0.020,0.011,21.494,254193.188,6.143,68.000
0.050,0.020,0.010,21.352,255315.375,6.186,68.000
0.050,0.004,0.015,17.739,224408.781,5.242,68.000
0.050,0.014,0.012,21.276,235502.406,8.902,68.000
0.054,0.001,0.014,26.700,131683.781,1.452,68.000
0.049,0.016,0.012,22.189,220504.906,8.205,68.000
0.051,0.000,0.022,23.145,-14202.844,-0.015,68.000
0.042,0.001,0.015,22.730,94953.211,0.151,68.000
0.041,0.000,0.009,19.944,-19852.383,-0.286,68.000
0.048,0.001,0.010,21.642,185434.844,4.635,68.000
0.098,0.013,0.012,21.217,191133.125,7.492,68.000
0.053,0.001,0.007,22.151,193145.594,2.427,68.000
0.050,0.013,0.012,21.257,239082.500,8.958,68.000
0.051,0.008,0.012,21.052,252679.719,8.598,68.000
0.049,0.023,0.011,19.875,276325.281,6.622,68.000
0.057,0.001,0.006,22.230,143757.375,2.143,68.000
0.048,0.009,0.013,21.551,224535.250,6.773,68.000
0.046,0.001,0.022,19.755,187932.688,3.096,68.000
0.051,0.025,0.010,19.731,273635.062,4.694,68.000
0.050,0.013,0.014,18.993,247699.406,7.621,68.000
0.049,0.005,0.014,17.137,212630.031,6.367,68.000
0.052,0.001,0.016,22.924,267798.312,4.170,68.000
0.048,0.006,0.010,18.950,269491.531,5.883,68.000
0.050,0.006,0.011,19.247,271343.656,6.744,68.000
0.049,0.009,0.012,22.307,232964.375,7.964,68.000
0.044,0.002,0.015,20.475,248375.312,4.303,68.000
0.055,0.000,0.011,28.233,11808.531,3.301,68.000
0.042,0.001,0.006,20.943,209479.781,2.302,68.000
0.049,0.024,0.013,20.749,283694.281,8.889,68.000
0.050,0.000,0.001,21.491,-43941.531,0.480,68.000
0.044,0.000,0.005,23.640,49941.680,-0.586,68.000
0.053,0.000,0.010,26.466,-54961.598,0.512,68.000
0.002,0.011,0.011,18.562,227889.250,5.207,68.000
0.048,0.004,0.013,18.136,207359.281,6.418,68.000
0.048,0.005,0.012,20.621,224745.875,6.314,68.000
0.056,0.000,0.013,25.305,-36299.797,1.451,68.000
0.047,0.001,0.020,22.503,188058.500,2.622,68.000
0.002,0.012,0.013,20.812,140958.781,7.704,68.000
0.050,0.001,0.020,23.216,151131.906,1.953,68.000
0.051,0.022,0.012,21.807,241949.531,8.155,68.000
0.001,0.013,0.011,19.637,182796.562,8.128,68.000
0.049,0.025,0.013,20.733,290030.094,8.780,68.000
0.097,0.012,0.011,17.318,211522.219,8.167,68.000
0.048,0.001,0.019,24.123,180002.688,2.532,68.000
0.050,0.003,0.011,19.503,273180.000,6.316,68.000
0.052,0.027,0.011,20.594,254411.188,10.108,68.000
0.050,0.000,0.003,20.766,-26150.188,-0.899,68.000
0.045,0.000,0.020,22.750,20885.547,0.892,68.000
0.050,0.016,0.014,20.135,263889.500,8.058,68.000
0.050,0.003,0.012,19.480,244274.438,6.514,68.000
0.059,0.001,0.015,20.842,86835.086,1.196,68.000
0.055,0.001,0.019,22.371,153201.938,1.573,68.000
0.045,0.001,0.017,22.420,217830.562,3.414,68.000
0.054,0.001,0.022,20.477,131946.188,1.001,68.000
0.055,0.002,0.007,21.485,192744.438,2.718,68.000
0.050,0.001,0.021,21.377,169974.719,2.502,68.000
0.046,0.000,0.010,33.537,-20549.078,1.057,68.000
0.048,0.003,0.014,19.309,217996.875,6.338,68.000
0.049,0.000,0.004,24.092,6653.492,0.091,68.000
0.044,0.000,0.016,25.203,106236.789,0.333,68.000
0.052,0.001,0.018,22.262,252813.750,3.663,68.000
0.048,0.005,0.012,20.863,234648.469,6.662,68.000
0.052,0.000,0.014,29.866,-17896.070,-1.448,68.000
0.054,0.001,0.005,24.435,65136.273,1.377,68.000
0.046,0.000,0.021,22.892,72213.523,1.379,68.000
0.052,0.025,0.013,23.096,252315.562,9.151,68.000
0.054,0.001,0.002,23.720,15158.078,0.923,68.000
0.048,0.000,0.022,22.623,-12570.984,1.593,68.000
0.057,0.000,0.013,24.479,17869.172,0.145,68.000
0.050,0.026,0.011,20.517,273383.969,5.946,68.000
0.050,0.001,0.017,27.521,96214.164,1.064,68.000
0.050,0.005,0.011,19.230,273060.062,6.327,68.000
0.046,0.001,0.006,24.017,92931.758,0.534,68.000
0.053,0.001,0.019,22.556,149090.375,1.703,68.000
0.048,0.009,0.013,21.709,219565.344,6.986,68.000
0.049,0.000,0.016,27.975,123599.242,0.511,68.000
0.059,0.001,0.006,21.123,158594.812,3.294,68.000
0.040,0.000,0.012,23.846,3048.641,-1.326,68.000
0.048,0.025,0.011,19.184,287878.906,6.347,68.000
0.049,0.024,0.011,19.734,273367.938,5.693,68.000
0.043,0.001,0.011,19.266,195985.656,4.496,68.000
0.049,0.021,0.013,19.083,276115.125,9.750,68.000
0.053,0.000,0.012,27.217,-50178.430,-1.145,68.000
0.051,0.017,0.011,22.567,225524.594,6.807,68.000
0.050,0.022,0.014,19.860,264175.750,9.248,68.000
0.051,0.016,0.011,22.492,225529.094,7.941,68.000
0.049,0.014,0.012,21.667,235110.938,8.892,68.000
0.049,0.000,0.014,29.118,713.938,0.632,68.000
0.049,0.014,0.010,21.981,235472.625,7.804,68.000
0.054,0.001,0.016,22.261,250791.188,3.295,68.000
0.045,0.001,0.015,22.822,203115.312,3.683,68.000
0.050,0.021,0.012,21.666,246066.812,7.687,68.000
0.051,0.025,0.014,22.299,264609.906,9.421,68.000
0.054,0.000,0.004,22.000,-14084.500,2.372,68.000
0.052,0.009,0.014,19.684,223798.312,6.844,68.000
0.047,0.001,0.018,24.082,197521.281,3.238,68.000
0.050,0.001,0.003,23.094,119070.852,1.704,68.000
0.052,0.004,0.010,18.173,288928.250,6.318,68.000
0.053,0.001,0.011,24.433,190021.750,3.119,68.000
0.048,0.027,0.013,28.236,105355.758,8.822,68.000
0.053,0.001,0.015,24.449,206221.969,2.838,68.000
0.055,0.001,0.014,27.448,50454.367,0.741,68.000
0.051,0.022,0.013,21.266,237307.250,8.760,68.000
0.045,0.001,0.019,22.231,211689.188,3.440,68.000
0.052,0.007,0.012,19.745,253893.250,8.096,68.000
0.049,0.010,0.010,21.362,280250.000,7.498,68.000
0.050,0.021,0.012,21.335,255388.875,8.087,68.000
0.048,0.016,0.012,22.405,216454.625,8.581,68.000
0.057,0.001,0.017,20.173,207477.094,2.497,68.000
0.055,0.000,0.005,20.947,-10711.367,1.949,68.000
0.053,0.001,0.004,24.091,74008.195,1.904,68.000
0.051,0.001,0.005,24.538,79051.523,1.225,68.000
0.042,0.000,0.007,19.187,28680.664,-0.047,68.000
0.050,0.000,0.018,23.147,83177.867,-0.013,68.000
0.001,0.012,0.012,21.400,170195.062,7.777,68.000
0.053,0.002,0.013,22.408,263253.094,4.611,68.000
0.050,0.006,0.011,20.248,266115.250,7.504,68.000
0.052,0.006,0.014,18.696,215245.000,6.029,68.000
0.053,0.000,0.005,21.528,13221.492,0.929,68.000
0.050,0.001,0.023,21.044,115679.852,0.642,68.000
0.050,0.024,0.012,21.840,268860.812,7.811,68.000
0.043,0.002,0.013,20.712,208214.406,4.522,68.000
0.053,0.000,0.010,24.908,-11294.203,0.757,68.000
0.055,0.001,0.009,23.312,207572.750,2.179,68.000
0.041,0.000,0.013,24.503,8328.672,-1.286,68.000
0.056,0.001,0.012,27.786,69127.977,1.012,68.000
0.056,0.002,0.012,21.316,255636.469,3.733,68.000
0.048,0.010,0.011,22.239,256131.562,7.857,68.000
0.046,0.000,0.002,21.987,-32070.359,1.829,68.000
0.043,0.001,0.009,20.090,168926.500,2.385,68.000
0.053,0.001,0.015,27.407,95028.195,1.041,68.000
0.043,0.001,0.006,21.148,206367.562,1.985,68.000
0.049,0.003,0.013,20.053,222200.438,6.272,68.000
0.045,0.001,0.002,21.797,148369.781,0.692,68.000
0.049,0.001,0.016,22.650,279305.594,4.549,68.000
0.044,0.001,0.005,21.510,204073.625,1.778,68.000
0.050,0.019,0.011,21.979,237630.344,7.195,68.000
0.048,0.000,0.006,22.303,-13792.453,-0.499,68.000
0.042,0.000,0.010,23.650,-28827.047,-0.656,68.000
0.049,0.024,0.012,20.803,286176.781,7.820,68.000
0.051,0.021,0.011,21.690,239684.281,6.237,68.000
0.098,0.010,0.012,17.627,215857.875,7.373,68.000
0.051,0.019,0.011,22.254,238800.656,6.239,68.000
0.047,0.001,0.009,20.553,200985.812,3.931,68.000
0.045,0.001,0.006,22.540,187172.188,1.984,68.000
0.050,0.014,0.010,21.701,229156.750,7.812,68.000
0.045,0.001,0.002,22.462,87902.477,-0.227,68.000
0.002,0.012,0.012,20.961,171021.844,7.198,68.000
0.053,0.001,0.018,25.537,58892.148,0.796,68.000
0.043,0.001,0.004,21.701,203308.938,1.837,68.000
0.050,0.008,0.011,20.474,265294.531,8.060,68.000
0.040,0.001,0.013,21.852,84542.336,0.358,68.000
0.042,0.000,0.015,23.458,-11219.984,-0.751,68.000
0.052,0.012,0.013,21.216,227305.844,8.702,68.000
0.049,0.023,0.011,19.854,267132.938,6.028,68.000
0.040,0.001,0.014,18.145,180169.406,3.506,68.000
0.043,0.001,0.014,20.314,209042.219,3.649,68.000
0.002,0.011,0.013,21.529,123839.367,7.026,68.000
0.051,0.003,0.015,18.763,237681.312,5.053,68.000
0.050,0.008,0.013,20.305,232665.969,7.570,68.000
0.048,0.011,0.013,21.293,228940.844,6.847,68.000
0.052,0.026,0.011,21.917,244589.656,6.472,68.000
0.049,0.007,0.011,21.147,252124.906,7.795,68.000
0.048,0.000,0.018,27.216,-3096.703,0.908,68.000
0.046,0.001,0.019,21.948,221825.688,3.641,68.000
0.048,0.013,0.012,21.217,243901.000,8.021,68.000
0.051,0.009,0.014,19.496,232466.406,6.666,68.000
0.049,0.026,0.014,21.828,279208.281,9.152,68.000
0.048,0.000,0.022,21.466,21464.781,1.975,68.000
0.051,0.022,0.012,21.720,242642.344,7.641,68.000
0.098,0.013,0.011,17.767,206936.750,8.832,68.000
0.048,0.027,0.013,26.893,132965.781,8.379,68.000
0.049,0.019,0.010,21.257,237924.719,7.301,68.000
0.051,0.010,0.012,21.559,235092.531,8.131,68.000
0.052,0.009,0.012,20.438,244066.438,8.450,68.000
0.050,0.010,0.009,20.925,297237.688,7.058,68.000
0.050,0.000,0.015,30.645,1532.938,-0.432,68.000
0.047,0.002,0.015,21.400,222609.312,5.385,68.000
0.042,0.001,0.015,18.235,209231.906,3.711,68.000
0.001,0.011,0.013,21.601,118336.852,7.462,68.000
0.049,0.008,0.014,19.521,231162.750,6.801,68.000
0.049,0.026,0.013,21.635,290304.844,9.030,68.000
0.051,0.018,0.011,22.619,229120.250,7.485,68.000
0.053,0.000,0.006,22.317,14370.695,1.278,68.000
0.050,0.014,0.010,22.257,227269.188,8.017,68.000
0.060,0.001,0.010,19.489,210476.781,0.793,68.000
0.050,0.015,0.010,21.472,211930.750,8.040,68.000
0.048,0.018,0.012,21.807,226576.219,8.228,68.000
0.098,0.013,0.011,18.732,203484.156,8.325,68.000
0.052,0.004,0.011,18.674,284706.656,6.679,68.000
0.052,0.000,0.004,22.367,-56545.812,-0.750,68.000
0.058,0.001,0.005,22.920,119627.430,3.326,68.000
0.050,0.020,0.012,21.126,250152.719,8.891,68.000
0.057,0.002,0.012,21.824,257823.250,3.583,68.000
0.047,0.000,0.013,31.676,-53620.199,-2.681,68.000
0.049,0.009,0.011,21.622,250155.688,8.313,68.000
0.049,0.002,0.016,22.352,277501.562,4.459,68.000
0.049,0.009,0.012,22.044,240183.906,8.148,68.000
0.051,0.013,0.014,18.828,239641.625,7.452,68.000
0.045,0.002,0.010,18.922,231833.281,5.190,68.000
0.058,0.001,0.015,20.322,121706.367,1.525,68.000
0.048,0.002,0.012,20.996,226469.500,6.240,68.000
0.050,0.018,0.013,20.579,252004.844,8.650,68.000
0.050,0.008,0.010,20.407,263969.875,7.960,68.000
0.044,0.002,0.007,19.432,203498.156,2.282,68.000
0.050,0.013,0.011,21.186,241250.656,8.747,68.000
0.055,0.001,0.008,23.756,177911.594,1.970,68.000
0.046,0.002,0.017,21.532,269493.656,4.450,68.000
0.052,0.024,0.011,21.686,245702.562,6.064,68.000
0.045,0.000,0.004,24.312,1185.945,-1.428,68.000
0.051,0.019,0.011,22.184,236154.656,6.967,68.000
0.048,0.001,0.018,25.827,110896.352,0.876,68.000
0.052,0.017,0.011,22.962,224248.875,7.017,68.000
0.041,0.001,0.016,19.226,106847.320,1.896,68.000
0.055,0.002,0.007,21.082,189346.469,2.747,68.000
0.052,0.023,0.012,22.590,238856.375,6.853,68.000
0.049,0.007,0.011,19.780,255759.906,7.086,68.000
0.043,0.002,0.014,19.703,208419.062,4.505,68.000
0.047,0.000,0.014,32.022,-34967.812,-1.250,68.000
0.048,0.012,0.012,21.550,242875.000,8.168,68.000
0.050,0.000,0.005,22.266,-60165.676,-1.025,68.000
0.001,0.012,0.011,19.517,209602.812,6.284,68.000
0.052,0.005,0.012,18.238,266343.594,6.572,68.000
0.048,0.011,0.011,22.408,246858.250,8.117,68.000
0.052,0.006,0.013,18.012,234879.312,6.656,68.000
0.048,0.000,0.003,22.359,-30075.422,-1.134,68.000
0.050,0.018,0.012,22.462,229443.656,8.667,68.000
0.050,0.000,0.018,28.438,-19928.461,-0.697,68.000
0.050,0.001,0.003,24.113,61931.445,0.741,68.000
0.044,0.000,0.018,24.164,26816.789,-0.302,68.000
0.052,0.007,0.013,18.797,240258.031,7.144,68.000
0.052,0.001,0.022,22.828,67048.883,-0.078,68.000
0.098,0.011,0.011,16.941,218116.625,8.026,68.000
0.049,0.008,0.014,19.568,230683.750,6.911,68.000
0.049,0.017,0.013,22.725,231390.250,9.002,68.000
0.098,0.014,0.012,21.133,188969.656,7.980,68.000
0.052,0.016,0.013,20.408,259705.344,7.991,68.000
0.049,0.001,0.012,24.207,194230.406,4.790,68.000
0.050,0.001,0.017,24.596,239045.562,3.772,68.000
0.050,0.000,0.003,21.644,-60043.594,-0.359,68.000
0.049,0.000,0.004,25.764,-78395.672,-1.332,68.000
0.040,0.001,0.011,19.202,183378.844,2.614,68.000
0.097,0.011,0.011,17.996,211954.375,7.798,68.000
0.050,0.002,0.013,19.387,235533.250,6.329,68.000
0.040,0.000,0.013,23.243,-5015.922,1.403,68.000
0.045,0.000,0.012,31.510,-39346.980,0.739,68.000
0.049,0.003,0.010,19.354,274760.562,5.696,68.000
0.043,0.001,0.009,22.909,91556.773,0.693,68.000
0.041,0.000,0.012,26.049,-54475.273,-2.138,68.000
0.049,0.007,0.012,20.743,229507.188,7.764,68.000
0.047,0.001,0.009,20.800,196268.062,3.376,68.000
0.058,0.001,0.014,20.999,127481.695,1.331,68.000
0.051,0.001,0.004,27.782,-120736.750,-1.634,68.000
0.050,0.022,0.014,19.573,270413.781,9.202,68.000
0.051,0.018,0.010,22.355,235673.188,6.728,68.000
0.056,0.000,0.012,24.703,-31251.422,1.243,68.000
0.051,0.015,0.011,22.355,217653.969,8.235,68.000
0.050,0.012,0.010,21.971,262948.406,7.572,68.000
0.046,0.001,0.008,22.820,125128.477,1.598,68.000
0.100,0.012,0.011,23.473,-56743.570,11.877,68.000
0.056,0.000,0.015,24.601,-13509.336,0.965,68.000
0.044,0.001,0.020,21.427,189421.688,2.856,68.000
0.050,0.011,0.014,18.872,240326.250,6.619,68.000
0.048,0.022,0.011,19.565,274007.656,7.198,68.000
0.050,0.010,0.011,21.510,258907.375,8.138,68.000
0.054,0.000,0.006,21.579,44137.430,1.763,68.000
0.053,0.001,0.005,22.485,143721.844,2.438,68.000
0.050,0.006,0.013,18.626,224639.375,6.855,68.000
0.052,0.009,0.012,20.354,249675.500,8.432,68.000
0.051,0.015,0.010,21.855,216527.219,8.047,68.000
0.056,0.001,0.011,22.261,200021.250,1.576,68.000
0.049,0.012,0.013,21.027,240166.406,7.826,68.000
0.000,0.013,0.011,24.885,-21298.789,13.853,68.000
0.040,0.001,0.008,19.769,164486.031,2.067,68.000
0.001,0.013,0.013,21.022,173948.562,8.210,68.000
0.050,0.020,0.011,21.577,244513.562,7.166,68.000
0.001,0.012,0.012,20.710,192828.875,6.662,68.000
0.050,0.000,0.013,29.867,-44328.402,-1.323,68.000
0.049,0.011,0.011,21.843,250139.375,8.226,68.000
0.049,0.000,0.014,29.438,-29336.461,-1.811,68.000
0.050,0.000,0.020,22.197,56968.117,-1.067,68.000
0.051,0.000,0.015,28.833,-1981.727,1.777,68.000
0.051,0.019,0.011,22.809,227261.031,7.126,68.000
0.049,0.003,0.013,18.708,231413.531,6.462,68.000
0.041,0.001,0.016,17.303,206103.562,4.286,68.000
0.057,0.001,0.012,23.041,210706.781,2.494,68.000
0.048,0.001,0.009,20.632,222224.688,3.701,68.000
0.044,0.001,0.010,18.664,213783.594,4.756,68.000
0.050,0.015,0.013,21.585,239138.188,8.504,68.000
0.001,0.012,0.013,21.397,118333.242,8.187,68.000
0.049,0.015,0.010,22.243,211557.719,8.324,68.000
0.044,0.001,0.013,21.271,208887.094,4.591,68.000
0.049,0.009,0.011,21.274,257001.625,8.134,68.000
0.099,0.011,0.013,21.278,162295.781,5.577,68.000
0.057,0.001,0.014,22.329,156054.438,2.039,68.000
0.049,0.011,0.010,22.480,272636.281,7.327,68.000
0.052,0.020,0.013,19.962,246329.625,8.999,68.000
0.054,0.000,0.022,21.921,25320.609,0.295,68.000
0.042,0.001,0.018,21.581,108168.961,0.755,68.000
0.049,0.001,0.020,22.524,155603.062,2.386,68.000
0.049,0.006,0.014,18.543,213918.094,6.508,68.000
0.046,0.001,0.005,21.754,192982.812,1.978,68.000
0.048,0.001,0.018,24.016,213870.469,3.337,68.000
0.041,0.001,0.012,19.437,189262.031,3.060,68.000
0.050,0.001,0.007,23.740,156473.688,1.959,68.000
0.051,0.018,0.014,19.435,270947.312,7.894,68.000
0.043,0.000,0.019,22.363,10472.125,1.344,68.000
0.051,0.020,0.013,20.617,248087.406,8.803,68.000
0.055,0.000,0.006,23.105,-29889.383,1.549,68.000
0.053,0.000,0.016,28.479,17549.125,-0.461,68.000
0.050,0.021,0.010,20.800,260767.156,5.688,68.000
0.049,0.006,0.013,18.180,210970.875,6.510,68.000
0.045,0.001,0.016,23.263,221138.062,3.415,68.000
0.055,0.000,0.014,27.810,-35835.469,0.866,68.000
0.044,0.001,0.011,18.973,219631.219,5.344,68.000
0.099,0.011,0.013,22.089,180522.844,4.913,68.000
0.047,0.000,0.002,21.000,-18961.898,0.085,68.000
0.056,0.000,0.004,22.563,-32294.711,2.873,68.000
0.042,0.001,0.016,18.482,237316.031,4.095,68.000
0.041,0.000,0.015,23.299,-23491.484,-0.739,68.000
0.052,0.009,0.013,20.210,221174.969,7.192,68.000
0.052,0.017,0.011,22.969,221920.031,7.409,68.000
0.051,0.008,0.013,20.381,246274.406,8.181,68.000
0.053,0.002,0.012,21.994,269020.531,4.720,68.000
0.049,0.000,0.012,30.020,-25701.539,-2.067,68.000
0.052,0.005,0.013,17.809,243933.156,6.693,68.000
0.053,0.000,0.006,23.474,-33797.727,0.212,68.000
0.048,0.010,0.011,22.379,257082.469,8.008,68.000
0.050,0.026,0.010,18.801,285343.969,5.307,68.000
0.051,0.021,0.012,21.793,240824.844,7.358,68.000
0.052,0.014,0.013,21.021,239707.250,8.251,68.000
0.048,0.009,0.010,21.715,271687.500,7.613,68.000
0.045,0.001,0.012,20.748,229178.312,5.727,68.000
0.049,0.001,0.014,26.369,149521.188,2.439,68.000
0.051,0.000,0.017,28.189,64819.898,-0.113,68.000
0.050,0.011,0.011,21.781,244848.250,8.524,68.000
0.045,0.000,0.015,30.735,-39057.891,0.289,68.000
0.049,0.008,0.014,18.920,227987.406,6.432,68.000
0.049,0.012,0.012,21.931,239983.812,8.335,68.000
0.047,0.000,0.017,26.392,41040.461,1.113,68.000
0.002,0.013,0.011,18.777,225459.219,6.417,68.000
0.050,0.014,0.013,20.647,252911.594,8.198,68.000
0.051,0.004,0.013,17.424,240938.750,6.448,68.000
0.047,0.001,0.010,26.509,56221.008,1.581,68.000
0.057,0.000,0.008,22.336,8987.695,1.805,68.000
0.050,0.005,0.009,18.452,291282.531,5.456,68.000
0.049,0.009,0.013,20.583,234729.188,6.413,68.000
0.049,0.015,0.013,20.381,254801.938,8.317,68.000
0.052,0.001,0.005,21.758,172113.375,2.561,68.000
0.055,0.001,0.011,25.674,121700.352,1.065,68.000
0.050,0.006,0.011,19.321,269922.062,6.943,68.000
0.043,0.001,0.006,21.925,190213.594,1.717,68.000
0.002,0.012,0.011,18.739,219808.500,5.787,68.000
0.098,0.012,0.014,23.639,164471.469,4.674,68.000
0.050,0.026,0.012,22.925,266162.469,8.365,68.000
0.044,0.000,0.013,28.436,-9995.562,-1.946,68.000
0.045,0.000,0.013,29.703,-40369.281,0.748,68.000
0.049,0.014,0.010,22.410,218447.531,8.240,68.000
0.049,0.003,0.010,19.620,266259.469,5.913,68.000
0.049,0.019,0.011,21.538,237689.625,7.520,68.000
0.058,0.001,0.018,19.356,193356.906,1.714,68.000
0.051,0.003,0.014,18.537,245812.969,5.472,68.000
0.052,0.009,0.010,19.665,278210.000,7.510,68.000
0.045,0.000,0.019,22.667,-70762.586,0.438,68.000
0.046,0.001,0.015,23.216,209136.375,3.942,68.000
0.050,0.014,0.010,21.821,223296.469,7.878,68.000
0.051,0.018,0.011,22.873,220646.312,7.096,68.000
0.048,0.000,0.012,31.330,-45159.758,0.899,68.000
0.051,0.014,0.011,21.496,222855.938,8.106,68.000
0.051,0.000,0.002,23.065,-99473.383,-0.992,68.000
0.045,0.001,0.013,22.881,203214.469,4.367,68.000
0.047,0.001,0.014,25.841,166294.844,3.461,68.000
0.049,0.026,0.013,21.617,286770.781,8.550,68.000
0.049,0.013,0.010,22.708,231533.906,8.024,68.000
0.053,0.001,0.016,24.197,191378.781,2.268,68.000
0.048,0.025,0.012,20.880,298179.875,7.268,68.000
0.041,0.001,0.006,20.232,197415.500,2.578,68.000
0.051,0.010,0.014,19.296,237256.375,6.803,68.000
0.048,0.002,0.011,20.482,245926.344,6.193,68.000
0.057,0.001,0.013,24.413,97538.711,1.553,68.000
0.051,0.009,0.012,21.186,241902.312,8.390,68.000
0.046,0.001,0.014,24.491,179940.312,4.194,68.000
0.050,0.022,0.010,20.670,257708.031,5.117,68.000
0.042,0.001,0.010,18.771,194360.312,3.977,68.000
0.041,0.000,0.013,24.569,-8360.594,-1.442,68.000
0.057,0.000,0.015,25.391,5852.344,-0.637,68.000
0.053,0.001,0.004,24.364,71763.508,1.794,68.000
0.041,0.000,0.007,22.343,82564.711,0.266,68.000
0.051,0.015,0.014,18.924,274433.281,7.885,68.000
0.003,0.012,0.013,20.687,164571.062,7.410,68.000
0.047,0.001,0.004,22.035,177399.750,2.012,68.000
0.049,0.008,0.011,21.013,260960.281,8.060,68.000
0.052,0.006,0.011,19.329,264674.156,7.589,68.000
0.048,0.002,0.014,20.976,229827.812,5.580,68.000
0.049,0.013,0.011,21.866,235596.000,8.639,68.000
0.048,0.001,0.012,22.528,210340.312,5.144,68.000
0.048,0.019,0.013,20.615,254417.062,10.026,68.000
0.058,0.001,0.010,21.039,217932.969,1.292,68.000
0.047,0.002,0.018,21.921,252808.000,3.921,68.000
0.052,0.000,0.007,22.722,7832.242,1.444,68.000
0.049,0.001,0.010,25.270,111002.289,2.858,68.000
0.052,0.005,0.013,18.160,250859.312,6.760,68.000
0.050,0.000,0.016,30.040,24630.797,-0.290,68.000
0.049,0.008,0.010,20.107,259351.156,7.298,68.000
0.052,0.001,0.002,23.795,9166.547,0.612,68.000
0.049,0.018,0.012,22.549,226781.250,8.507,68.000
0.044,0.001,0.008,19.175,199941.938,2.260,68.000
0.051,0.001,0.005,23.875,143079.906,2.205,68.000
0.052,0.026,0.011,22.726,241676.094,7.041,68.000
0.053,0.001,0.020,20.784,167328.125,2.100,68.000
0.045,0.001,0.011,20.572,207209.562,4.897,68.000
0.058,0.001,0.008,20.932,158769.375,0.829,68.000
0.001,0.010,0.012,21.158,165031.812,6.001,68.000
0.048,0.016,0.012,21.953,219066.531,8.905,68.000
0.051,0.007,0.012,19.927,257070.031,7.951,68.000
0.049,0.013,0.011,21.779,233425.531,8.921,68.000
0.050,0.001,0.018,25.036,141389.625,1.597,68.000
0.048,0.001,0.019,23.225,197639.250,3.049,68.000
0.052,0.001,0.007,23.837,133694.688,1.445,68.000
0.059,0.001,0.014,19.461,169358.656,1.179,68.000
0.047,0.002,0.014,21.492,223623.438,5.590,68.000
0.049,0.013,0.012,21.441,240851.625,8.691,68.000
0.051,0.018,0.011,22.384,229554.219,6.771,68.000
0.098,0.012,0.014,22.428,174831.250,4.755,68.000
0.058,0.000,0.016,21.385,-5500.836,-0.735,68.000
0.052,0.000,0.017,28.814,1152.438,0.166,68.000
0.049,0.005,0.013,18.194,208840.344,6.408,68.000
0.051,0.001,0.016,22.899,276762.312,4.422,68.000
0.002,0.012,0.011,19.028,211021.125,6.076,68.000
0.002,0.011,0.012,21.317,171107.281,6.486,68.000
0.098,0.011,0.011,16.638,219096.406,8.360,68.000
0.049,0.022,0.011,19.931,275137.031,6.453,68.000
0.050,0.008,0.014,18.915,219429.031,6.042,68.000
0.041,0.001,0.007,21.178,187544.281,1.885,68.000
0.053,0.001,0.015,26.317,122501.008,1.190,68.000
0.052,0.006,0.010,18.501,280400.562,7.097,68.000
0.052,0.006,0.012,19.020,258885.219,7.447,68.000
0.060,0.001,0.010,20.410,125889.148,0.372,68.000
0.039,0.001,0.010,19.894,151228.406,1.633,68.000
0.050,0.021,0.014,19.732,262641.375,9.211,68.000
0.048,0.000,0.007,24.024,61128.180,-0.779,68.000
0.050,0.019,0.013,18.899,269871.125,8.884,68.000
0.056,0.001,0.018,23.401,103827.258,1.408,68.000
0.050,0.005,0.014,17.590,221564.688,5.712,68.000
0.049,0.002,0.009,20.184,233793.875,3.714,68.000
0.052,0.010,0.011,20.711,258102.281,8.252,68.000
0.048,0.009,0.012,22.213,229783.562,7.574,68.000
0.056,0.000,0.016,23.839,40317.320,-0.552,68.000
0.055,0.001,0.019,22.691,150288.531,1.584,68.000
0.055,0.001,0.017,23.701,159351.156,1.980,68.000
0.048,0.009,0.011,22.059,243230.719,7.720,68.000
0.049,0.000,0.014,30.820,37231.477,-0.060,68.000
0.048,0.016,0.012,22.214,219109.594,8.327,68.000
0.002,0.013,0.011,19.140,219824.438,6.765,68.000
0.052,0.013,0.012,20.955,230447.000,8.854,68.000
0.054,0.001,0.011,30.041,28607.195,0.750,68.000
0.052,0.008,0.013,19.624,225221.281,6.926,68.000
0.058,0.000,0.017,22.812,15887.078,0.872,68.000
0.048,0.002,0.011,20.453,244540.562,6.229,68.000
0.051,0.005,0.014,17.750,227249.406,6.080,68.000
0.050,0.016,0.013,22.270,232424.312,8.513,68.000
0.047,0.000,0.022,23.348,-46902.055,0.344,68.000
0.048,0.001,0.005,21.577,187807.844,2.780,68.000
0.050,0.013,0.012,21.380,234462.812,8.681,68.000
0.052,0.001,0.004,25.268,26043.492,0.675,68.000
0.045,0.002,0.013,21.707,214256.938,5.463,68.000
0.050,0.008,0.013,20.624,232546.750,7.678,68.000
0.055,0.001,0.020,20.445,164282.438,1.810,68.000
0.053,0.001,0.008,22.595,207066.469,2.759,68.000
0.046,0.001,0.019,22.232,217707.281,3.635,68.000
0.047,0.001,0.005,23.836,131872.188,1.199,68.000
0.057,0.001,0.011,21.501,226827.094,1.756,68.000
0.049,0.002,0.009,19.495,255901.688,5.232,68.000
0.049,0.001,0.022,21.449,80721.023,0.548,68.000
0.052,0.010,0.010,20.290,278748.906,7.490,68.000
0.050,0.021,0.011,21.221,249710.344,6.489,68.000
0.043,0.000,0.012,29.099,-1473.414,0.080,68.000
0.050,0.002,0.014,19.670,238830.438,5.157,68.000
0.043,0.001,0.011,22.423,130300.867,2.627,68.000
0.048,0.024,0.011,19.085,282330.719,6.291,68.000
0.050,0.007,0.011,20.774,264353.438,8.114,68.000
0.056,0.001,0.010,25.893,58699.898,0.647,68.000
0.055,0.000,0.004,24.635,-116593.297,1.038,68.000
0.051,0.012,0.010,20.605,282651.781,7.280,68.000
0.055,0.001,0.012,23.102,263399.625,4.180,68.000
0.047,0.001,0.015,25.169,208215.844,3.642,68.000
0.098,0.011,0.014,21.540,183408.562,4.977,68.000
0.052,0.001,0.005,21.979,169328.750,2.743,68.000
0.053,0.001,0.006,21.417,179276.969,2.350,68.000
0.051,0.013,0.014,19.796,234173.562,7.923,68.000
0.052,0.000,0.017,27.775,-37276.180,-0.399,68.000
0.040,0.001,0.013,22.090,121331.242,0.594,68.000
0.052,0.012,0.014,20.004,227850.281,7.620,68.000
0.050,0.002,0.007,21.152,184722.500,2.553,68.000
0.049,0.007,0.010,18.864,268711.594,6.172,68.000
0.049,0.004,0.012,21.111,243381.812,6.208,68.000
0.056,0.000,0.005,21.270,16457.156,3.090,68.000
0.048,0.004,0.013,18.839,209611.031,6.333,68.000
0.047,0.001,0.021,21.619,150175.781,2.191,68.000
0.049,0.011,0.012,21.734,237695.906,7.968,68.000
0.050,0.008,0.013,19.868,230512.531,7.182,68.000
0.002,0.012,0.013,21.422,120335.133,7.572,68.000
0.045,0.001,0.017,22.302,190637.844,2.426,68.000
0.051,0.001,0.018,22.776,220985.906,3.037,68.000
0.059,0.001,0.010,20.505,219099.406,1.384,68.000
0.052,0.026,0.011,22.217,246120.531,6.629,68.000
0.050,0.008,0.015,18.974,224035.438,6.016,68.000
0.051,0.014,0.012,21.303,228074.750,8.540,68.000
0.055,0.001,0.016,21.541,239515.469,3.113,68.000
0.100,0.011,0.013,17.384,22364.695,9.484,68.000
0.049,0.012,0.013,20.988,240464.406,7.902,68.000
0.050,0.011,0.010,21.480,267436.000,7.677,68.000
0.055,0.000,0.010,26.159,-12314.844,0.711,68.000
0.045,0.001,0.010,20.580,190666.469,4.747,68.000
0.047,0.002,0.019,21.997,243317.969,3.772,68.000
0.053,0.002,0.015,22.625,257849.375,3.559,68.000
0.056,0.001,0.018,22.430,137808.375,1.020,68.000
0.043,0.000,0.007,23.897,48130.289,-0.640,68.000
0.052,0.007,0.012,19.095,254708.406,7.581,68.000
0.046,0.001,0.006,22.214,194870.344,2.347,68.000
0.098,0.010,0.013,20.389,194827.844,5.540,68.000
0.058,0.001,0.008,20.299,205643.781,2.111,68.000
0.049,0.006,0.010,18.809,274589.406,6.338,68.000
0.051,0.006,0.010,18.108,286785.406,6.763,68.000
0.055,0.001,0.006,24.965,58515.367,1.333,68.000
0.056,0.001,0.008,22.151,201525.156,2.788,68.000
0.050,0.000,0.002,25.089,-115199.961,-1.142,68.000
0.049,0.011,0.012,21.534,231990.250,7.405,68.000
0.055,0.001,0.020,22.519,111821.383,0.390,68.000
0.050,0.000,0.009,28.891,31908.711,3.119,68.000
0.051,0.016,0.014,19.023,267955.031,7.881,68.000
0.100,0.013,0.013,21.466,78475.398,7.095,68.000
0.051,0.022,0.014,20.640,256238.625,9.219,68.000
0.049,0.014,0.014,18.996,254318.969,7.888,68.000
0.052,0.009,0.013,20.388,231169.781,7.942,68.000
0.048,0.026,0.012,21.167,300477.250,7.427,68.000
0.050,0.021,0.010,20.592,266920.875,5.541,68.000
0.061,0.000,0.012,19.934,182561.219,0.565,68.000
0.053,0.001,0.005,24.331,89446.336,1.664,68.000
0.052,0.001,0.007,21.908,190182.438,2.439,68.000
0.043,0.000,0.017,25.013,21120.500,1.264,68.000
0.039,0.001,0.013,19.359,175942.094,1.937,68.000
0.049,0.022,0.011,19.764,271988.562,5.780,68.000
0.051,0.018,0.012,21.876,233404.094,8.585,68.000
0.051,0.016,0.012,22.650,232749.125,7.889,68.000
0.047,0.001,0.006,22.401,189243.625,2.369,68.000
0.051,0.024,0.013,21.922,258285.812,9.352,68.000
0.099,0.010,0.012,18.785,210237.906,6.819,68.000
0.043,0.000,0.012,25.669,-89796.758,0.806,68.000
0.051,0.016,0.013,20.178,263684.031,7.961,68.000
0.099,0.012,0.013,22.729,161116.125,5.109,68.000
0.049,0.011,0.013,21.095,229875.594,7.087,68.000
0.049,0.000,0.015,27.673,41282.398,0.953,68.000
0.055,0.001,0.011,23.873,198287.281,2.486,68.000
0.055,0.001,0.013,26.143,155795.250,1.486,68.000
0.052,0.015,0.011,22.683,223428.562,7.611,68.000
0.051,0.015,0.014,19.026,269926.906,7.780,68.000
0.051,0.003,0.011,19.453,273783.844,6.414,68.000
0.041,0.001,0.014,18.953,192330.125,3.184,68.000
0.043,0.000,0.015,25.190,66830.961,0.720,68.000
0.051,0.018,0.012,21.638,236890.469,8.335,68.000
0.051,0.022,0.012,22.526,228536.312,6.929,68.000
0.049,0.000,0.003,21.286,-23970.398,-0.530,68.000
0.050,0.023,0.010,19.412,275530.844,5.016,68.000
0.045,0.001,0.005,22.379,186848.500,1.621,68.000
0.049,0.003,0.014,18.748,225546.281,5.854,68.000
0.056,0.001,0.017,20.496,221208.375,2.851,68.000
0.050,0.003,0.013,17.846,238290.812,6.422,68.000
0.052,0.001,0.005,24.455,96999.945,1.443,68.000
0.049,0.000,0.002,20.538,-56735.047,-1.449,68.000
0.047,0.000,0.010,33.004,-39584.055,1.357,68.000
0.049,0.000,0.003,20.690,-518.625,-0.198,68.000
0.046,0.001,0.006,22.237,184897.812,2.130,68.000
0.050,0.017,0.014,19.756,268628.031,7.937,68.000
0.047,0.002,0.013,22.070,206249.812,5.783,68.000
0.048,0.001,0.007,25.070,70020.211,0.545,68.000
0.049,0.009,0.014,19.678,237602.906,6.637,68.000
0.042,0.001,0.007,22.433,146763.344,1.236,68.000
0.053,0.001,0.015,25.377,145391.719,1.383,68.000
0.050,0.000,0.005,21.980,-17819.125,-0.152,68.000
0.050,0.000,0.013,29.631,42637.430,2.016,68.000
0.042,0.001,0.012,26.534,30364.195,-0.323,68.000
0.001,0.012,0.012,20.884,187482.719,7.370,68.000
0.044,0.000,0.018,25.130,-6380.508,0.783,68.000
0.050,0.000,0.013,31.036,-28146.828,-1.545,68.000
0.052,0.001,0.007,23.712,156947.000,1.801,68.000
0.003,0.013,0.011,18.969,214998.062,6.481,68.000
0.049,0.021,0.013,20.275,263412.406,9.140,68.000
0.055,0.001,0.018,21.527,222322.531,3.025,68.000
0.047,0.001,0.011,27.102,36731.023,1.436,68.000
0.051,0.026,0.014,22.732,258193.906,9.564,68.000
0.047,0.000,0.004,20.412,6343.562,0.554,68.000
0.044,0.001,0.010,23.710,76519.117,1.722,68.000
0.052,0.023,0.013,21.975,235236.750,9.064,68.000
0.043,0.001,0.018,21.448,162071.531,1.906,68.000
0.051,0.000,0.018,26.855,47795.445,0.283,68.000
0.056,0.002,0.011,21.049,234909.969,2.832,68.000
0.044,0.001,0.004,21.854,190489.031,1.635,68.000
0.051,0.001,0.018,27.212,33158.336,-0.269,68.000
0.049,0.025,0.012,21.519,284303.969,6.988,68.000
0.048,0.008,0.011,21.086,245366.312,7.502,68.000
0.049,0.008,0.015,18.640,220381.594,5.856,68.000
0.055,0.001,0.006,22.847,137349.344,2.337,68.000
0.055,0.001,0.012,25.822,167086.562,1.820,68.000
0.097,0.012,0.013,21.326,181698.625,6.251,68.000
0.051,0.002,0.015,22.102,261472.844,4.196,68.000
0.056,0.000,0.009,24.987,-23023.492,1.868,68.000
0.050,0.001,0.010,22.675,196625.844,4.578,68.000
0.050,0.009,0.014,19.765,238889.312,6.859,68.000
0.051,0.008,0.014,19.695,217683.531,6.495,68.000
0.049,0.000,0.020,23.663,83029.273,0.602,68.000
0.053,0.001,0.018,22.470,232413.250,3.338,68.000
0.049,0.027,0.012,22.454,266619.469,8.193,68.000
0.002,0.013,0.014,20.727,126558.086,7.835,68.000
0.051,0.001,0.014,29.118,96017.398,1.772,68.000
0.055,0.001,0.017,21.175,232295.906,3.177,68.000
0.054,0.001,0.010,21.268,249114.375,4.300,68.000
0.052,0.001,0.009,21.976,223515.375,3.845,68.000
0.048,0.009,0.011,21.728,239558.812,7.411,68.000
0.052,0.000,0.016,25.456,28980.727,0.266,68.000
0.050,0.010,0.010,20.823,267067.188,8.074,68.000
0.052,0.003,0.011,19.126,278480.250,6.246,68.000
0.049,0.005,0.012,20.724,238676.375,6.892,68.000
0.050,0.006,0.012,20.268,245481.062,7.483,68.000
0.054,0.000,0.018,22.984,18079.297,-0.219,68.000
0.051,0.008,0.010,19.498,271014.781,7.241,68.000
0.049,0.004,0.014,17.114,222623.219,5.879,68.000
0.052,0.005,0.010,18.003,293141.531,6.526,68.000
0.048,0.021,0.013,19.580,272835.406,9.585,68.000
0.052,0.010,0.014,19.196,225599.812,6.609,68.000
0.051,0.024,0.010,20.015,261811.344,4.476,68.000
0.044,0.001,0.007,21.586,176835.594,1.587,68.000
0.059,0.000,0.007,20.408,-75684.273,3.738,68.000
0.051,0.024,0.013,22.009,249381.906,9.390,68.000
0.047,0.000,0.021,22.304,-33674.969,1.753,68.000
0.051,0.014,0.010,21.293,243620.094,7.548,68.000
0.041,0.000,0.013,24.471,8680.344,-0.888,68.000
0.050,0.020,0.013,19.030,269202.719,9.148,68.000
0.051,0.004,0.011,19.721,272459.719,6.521,68.000
0.046,0.000,0.005,19.833,15072.656,0.345,68.000
0.047,0.001,0.004,24.147,119096.805,0.775,68.000
0.051,0.003,0.014,19.345,243173.906,5.056,68.000
0.048,0.014,0.013,19.997,253141.344,8.150,68.000
0.050,0.015,0.012,22.283,231056.250,8.348,68.000
0.049,0.022,0.012,20.698,274416.031,8.176,68.000
0.048,0.026,0.012,20.267,293778.656,6.325,68.000
0.059,0.001,0.008,20.109,188706.500,2.195,68.000
0.050,0.014,0.012,21.414,239081.281,8.688,68.000
0.052,0.017,0.013,20.000,259666.906,8.021,68.000
0.051,0.018,0.010,22.417,232114.031,6.752,68.000
0.059,0.001,0.013,21.428,101842.305,0.386,68.000
0.051,0.001,0.001,22.361,83202.477,1.164,68.000
0.051,0.000,0.008,22.548,7287.445,1.992,68.000
0.048,0.013,0.013,21.188,244458.344,8.192,68.000
0.055,0.002,0.017,21.380,232324.812,3.026,68.000
0.098,0.013,0.012,21.965,184103.625,7.353,68.000
0.052,0.010,0.012,20.924,230178.031,8.394,68.000
0.048,0.000,0.004,19.433,-9782.070,-0.963,68.000
0.049,0.014,0.010,22.174,233490.875,7.871,68.000
0.054,0.000,0.005,24.925,-122282.203,-0.256,68.000
0.052,0.002,0.017,22.003,267485.625,4.070,68.000
0.052,0.001,0.020,22.284,148501.750,1.729,68.000
0.046,0.002,0.011,20.179,241583.500,6.283,68.000
0.049,0.001,0.015,25.800,181965.031,3.081,68.000
0.043,0.002,0.015,19.304,225089.375,3.969,68.000
0.002,0.014,0.011,18.480,229612.000,6.670,68.000
0.002,0.012,0.011,18.048,238790.750,5.623,68.000
0.100,0.012,0.011,18.046,-5553.297,11.114,68.000
0.056,0.001,0.014,22.126,206423.219,2.669,68.000
0.051,0.010,0.014,19.390,231693.875,6.882,68.000
0.048,0.021,0.012,20.077,268368.500,7.919,68.000
0.050,0.007,0.009,19.217,276245.375,6.393,68.000
0.048,0.005,0.011,20.396,248311.062,6.340,68.000
0.042,0.001,0.010,20.312,134935.344,2.279,68.000
0.051,0.018,0.013,20.389,256310.062,8.259,68.000
0.048,0.001,0.023,19.951,126751.648,1.709,68.000
0.051,0.001,0.004,24.287,110428.273,1.726,68.000
0.050,0.005,0.011,20.139,269562.719,7.159,68.000
0.055,0.001,0.013,23.303,269617.875,4.148,68.000
0.047,0.001,0.022,21.725,154963.094,1.787,68.000
0.049,0.017,0.013,22.657,228981.906,8.980,68.000
0.054,0.002,0.018,22.184,235066.812,3.410,68.000
0.051,0.016,0.010,21.802,227548.312,7.807,68.000
0.052,0.011,0.013,20.916,225529.344,7.978,68.000
0.052,0.001,0.021,21.567,145947.719,1.676,68.000
0.052,0.024,0.013,22.350,246486.469,9.368,68.000
0.051,0.016,0.013,21.480,250113.031,8.173,68.000
0.049,0.018,0.014,20.551,259316.562,8.751,68.000
0.044,0.001,0.009,18.926,203599.375,3.189,68.000
0.050,0.004,0.013,17.490,232360.781,6.601,68.000
0.056,0.000,0.014,25.181,-84158.383,1.024,68.000
0.044,0.000,0.012,29.593,-24422.273,0.977,68.000
0.052,0.001,0.001,23.628,-2372.828,0.369,68.000
0.044,0.001,0.010,20.361,158881.812,3.313,68.000
0.050,0.008,0.011,20.733,263853.375,8.325,68.000
0.051,0.010,0.013,20.889,225074.812,7.347,68.000
0.052,0.018,0.012,21.762,226953.312,7.871,68.000
0.049,0.010,0.013,21.238,225453.031,6.909,68.000
0.050,0.019,0.014,18.285,274579.031,8.778,68.000
0.041,0.000,0.012,22.255,-48802.809,-1.821,68.000
0.050,0.005,0.010,18.583,287898.688,5.706,68.000
0.042,0.001,0.006,22.956,158793.875,1.125,68.000
0.041,0.000,0.014,23.688,43047.555,0.233,68.000
0.051,0.027,0.012,28.334,137724.219,11.806,68.000
0.049,0.018,0.012,21.586,236954.969,8.135,68.000
0.057,0.000,0.011,21.653,-22824.836,2.031,68.000
0.043,0.000,0.013,25.500,20478.500,1.448,68.000
0.050,0.021,0.014,19.226,269012.781,9.215,68.000
0.050,0.012,0.014,19.374,236208.562,7.248,68.000
0.051,0.000,0.013,30.872,-31671.719,2.070,68.000
0.044,0.001,0.017,20.179,250377.906,3.830,68.000
0.039,0.001,0.015,17.699,158604.719,3.958,68.000
0.053,0.000,0.020,21.159,-7098.477,2.113,68.000
0.052,0.005,0.014,17.789,229412.875,5.548,68.000
0.057,0.000,0.005,22.782,-5237.055,2.694,68.000
0.053,0.000,0.017,25.344,-39922.707,1.131,68.000
0.048,0.000,0.013,29.861,-15234.617,-1.749,68.000
0.051,0.025,0.012,22.933,254460.125,8.146,68.000
0.054,0.002,0.018,22.288,236988.656,3.506,68.000
0.098,0.013,0.012,20.212,198083.062,8.079,68.000
0.056,0.001,0.016,22.536,156452.250,1.749,68.000
0.059,0.001,0.011,20.182,205373.281,1.545,68.000
0.049,0.003,0.012,20.526,233241.688,6.186,68.000
0.048,0.001,0.010,21.523,211777.906,5.073,68.000
0.051,0.000,0.015,29.875,6370.055,1.436,68.000
0.044,0.001,0.014,19.972,213880.125,4.271,68.000
0.047,0.002,0.016,22.144,260478.062,4.608,68.000
0.045,0.001,0.007,20.540,205596.031,2.333,68.000
0.056,0.000,0.006,21.782,-46330.000,2.769,68.000
0.046,0.001,0.019,21.986,229547.594,3.832,68.000
0.042,0.001,0.012,19.688,204902.125,4.301,68.000
0.050,0.001,0.004,24.378,124434.680,1.612,68.000
0.051,0.000,0.002,23.257,-120101.781,-1.698,68.000
0.045,0.001,0.011,19.976,210027.531,5.161,68.000
0.057,0.001,0.012,26.231,105661.430,1.672,68.000
0.046,0.001,0.014,27.517,77783.164,1.213,68.000
0.050,0.018,0.011,21.920,237874.906,7.674,68.000
0.058,0.001,0.012,21.247,242894.062,2.812,68.000
0.049,0.018,0.011,21.894,228029.031,7.949,68.000
0.051,0.001,0.019,24.327,105038.383,1.024,68.000
0.052,0.000,0.007,21.730,27702.508,0.798,68.000
0.052,0.024,0.011,22.002,242006.625,6.366,68.000
0.048,0.024,0.012,20.197,296538.531,7.551,68.000
0.048,0.003,0.014,17.582,216789.156,6.204,68.000
0.048,0.000,0.010,32.260,-39284.457,1.462,68.000
0.050,0.022,0.011,21.089,251767.156,5.636,68.000
0.050,0.021,0.011,21.287,253136.719,6.132,68.000
0.049,0.024,0.011,19.838,270711.469,6.024,68.000
0.050,0.002,0.017,21.927,279932.406,4.151,68.000
0.049,0.001,0.013,25.958,179176.531,3.326,68.000
0.048,0.025,0.010,18.563,285848.312,6.237,68.000
0.053,0.001,0.020,21.878,145579.625,1.574,68.000
0.049,0.025,0.013,21.206,281716.875,8.600,68.000
0.049,0.001,0.003,26.184,-63952.531,-1.251,68.000
0.051,0.013,0.014,18.919,253084.875,7.760,68.000
0.000,0.012,0.013,29.738,-61956.488,8.103,68.000
0.049,0.014,0.010,22.231,223611.875,8.029,68.000
0.050,0.007,0.015,18.784,205109.656,5.573,68.000
0.051,0.009,0.012,21.425,242951.938,8.569,68.000
0.051,0.001,0.004,23.351,134390.156,2.402,68.000
0.056,0.001,0.005,21.774,136297.906,3.357,68.000
0.040,0.001,0.009,20.904,122780.492,0.961,68.000
0.050,0.013,0.010,21.726,244132.594,7.691,68.000
0.054,0.001,0.018,24.614,105014.633,1.163,68.000
0.045,0.001,0.010,20.553,176679.688,3.760,68.000
0.055,0.001,0.003,22.414,72599.805,2.285,68.000
0.054,0.002,0.017,21.708,252760.562,3.496,68.000
0.053,0.000,0.019,24.065,-28275.547,1.608,68.000
0.041,0.001,0.016,18.513,164130.000,3.704,68.000
0.054,0.000,0.003,21.596,-52144.266,0.511,68.000
0.054,0.001,0.004,21.876,111430.836,2.741,68.000
0.057,0.001,0.016,20.594,185114.625,2.252,68.000
0.045,0.002,0.017,20.655,264479.781,4.505,68.000
0.052,0.013,0.013,20.953,240001.156,8.393,68.000
0.049,0.012,0.012,21.157,244401.062,8.156,68.000
0.049,0.012,0.011,22.071,251958.125,7.925,68.000
0.050,0.000,0.020,24.255,22907.914,0.199,68.000
0.049,0.024,0.013,20.842,280880.844,8.306,68.000
0.049,0.009,0.012,21.677,225629.438,7.444,68.000
0.051,0.018,0.010,22.390,234000.781,6.482,68.000
0.051,0.000,0.012,29.409,20056.648,-0.899,68.000
0.046,0.001,0.005,22.352,184294.438,1.936,68.000
0.051,0.013,0.010,21.404,261797.250,7.670,68.000
0.043,0.001,0.012,27.500,35503.727,0.047,68.000
0.047,0.001,0.022,20.702,170441.500,2.319,68.000
0.045,0.001,0.017,20.863,265152.719,4.495,68.000
0.048,0.022,0.011,19.144,280314.562,6.865,68.000
0.055,0.001,0.004,22.206,112245.258,2.687,68.000
0.054,0.000,0.015,25.637,28721.883,0.611,68.000
0.051,0.012,0.010,20.739,276506.281,7.395,68.000
0.048,0.005,0.013,18.157,201650.812,6.307,68.000
0.059,0.000,0.015,18.873,44359.867,-0.916,68.000
0.049,0.017,0.014,19.299,261249.156,8.096,68.000
0.051,0.007,0.011,19.859,264288.281,7.984,68.000
0.056,0.001,0.006,23.985,63043.477,2.124,68.000
0.052,0.013,0.013,21.094,229118.500,8.815,68.000
0.050,0.026,0.014,22.255,281376.719,9.541,68.000
0.043,0.001,0.017,19.983,238243.188,3.852,68.000
0.048,0.012,0.014,19.877,235395.719,6.749,68.000
0.049,0.004,0.013,17.477,219399.281,6.559,68.000
0.048,0.006,0.012,20.869,235365.219,7.333,68.000
0.050,0.004,0.010,19.191,279861.812,5.893,68.000
0.049,0.001,0.022,20.177,158131.000,1.952,68.000
0.050,0.003,0.014,17.872,235509.281,5.927,68.000
0.051,0.001,0.010,22.315,215016.562,4.995,68.000
0.051,0.002,0.011,19.191,276587.250,5.885,68.000
0.051,0.007,0.012,20.056,260327.562,7.975,68.000
0.050,0.010,0.011,21.724,250501.094,8.445,68.000
0.052,0.001,0.011,21.118,265754.031,5.169,68.000
0.052,0.019,0.013,21.128,230436.156,8.298,68.000
0.053,0.000,0.008,23.130,14310.398,2.229,68.000
0.051,0.024,0.011,20.442,253995.000,5.007,68.000
0.052,0.008,0.013,19.829,242129.000,7.664,68.000
0.052,0.003,0.011,19.173,281602.375,6.229,68.000
0.058,0.001,0.012,20.553,235480.594,1.791,68.000
0.055,0.001,0.008,23.113,186731.875,2.287,68.000
0.045,0.001,0.008,24.356,64000.664,0.900,68.000
0.051,0.020,0.012,21.313,237647.500,8.741,68.000
0.048,0.000,0.012,30.624,18481.352,1.203,68.000
0.052,0.007,0.012,19.331,257672.219,7.853,68.000
0.099,0.012,0.013,22.496,176258.375,5.149,68.000
0.045,0.001,0.007,21.823,154202.094,1.810,68.000
0.057,0.001,0.006,22.797,111133.695,2.551,68.000
0.001,0.013,0.011,19.501,217860.625,6.869,68.000
0.050,0.007,0.011,20.296,265107.375,7.839,68.000
0.056,0.001,0.006,21.697,172378.750,2.976,68.000
0.056,0.001,0.004,23.875,60227.602,2.332,68.000
0.041,0.001,0.016,18.682,195729.219,3.920,68.000
0.052,0.012,0.010,21.129,260072.500,7.858,68.000
0.048,0.004,0.010,19.634,261136.969,5.776,68.000
0.051,0.003,0.011,19.413,277119.719,6.333,68.000
0.047,0.001,0.002,23.356,35536.445,-0.681,68.000
0.052,0.021,0.014,20.012,245634.156,9.119,68.000
0.053,0.001,0.012,22.879,267066.188,4.542,68.000
0.047,0.000,0.003,22.076,-55928.961,1.032,68.000
0.051,0.025,0.010,20.099,262285.594,4.745,68.000
0.058,0.001,0.009,21.679,128191.945,0.678,68.000
0.043,0.000,0.005,22.245,25558.914,1.846,68.000
0.054,0.002,0.012,22.554,265998.219,4.535,68.000
0.051,0.016,0.013,22.267,236137.250,8.153,68.000
0.057,0.000,0.006,21.582,14049.953,3.209,68.000
0.048,0.001,0.022,21.234,113004.727,1.348,68.000
0.051,0.000,0.021,23.428,18750.609,-0.228,68.000
0.051,0.020,0.011,21.863,241326.094,6.415,68.000
0.045,0.001,0.018,24.274,86078.180,0.314,68.000
0.052,0.005,0.014,17.854,228577.156,5.499,68.000
0.047,0.001,0.014,21.975,227544.938,5.305,68.000
0.045,0.001,0.004,21.461,181682.531,1.390,68.000
0.059,0.001,0.014,20.022,139015.250,1.535,68.000
0.002,0.011,0.013,21.065,152101.594,7.133,68.000
0.047,0.001,0.007,20.335,209244.469,2.816,68.000
0.047,0.000,0.016,31.174,1496.531,-1.312,68.000
0.050,0.020,0.010,21.357,256105.969,6.208,68.000
0.050,0.020,0.014,18.480,272851.094,9.164,68.000
0.048,0.000,0.015,30.171,39691.102,-0.210,68.000
0.043,0.000,0.010,23.971,-51843.246,2.171,68.000
0.048,0.014,0.013,20.769,245545.312,8.668,68.000
0.051,0.007,0.014,19.361,207388.344,5.927,68.000
0.001,0.013,0.013,20.861,155376.000,8.516,68.000
0.098,0.011,0.013,20.981,186271.375,5.439,68.000
0.050,0.012,0.013,20.948,237806.969,8.425,68.000
0.051,0.019,0.012,22.372,234872.062,7.617,68.000
0.048,0.000,0.017,26.793,15435.359,-0.491,68.000
0.049,0.000,0.006,21.612,22923.375,-0.707,68.000
0.049,0.014,0.011,22.300,226065.000,8.437,68.000
0.055,0.001,0.011,21.718,257905.406,4.223,68.000
0.045,0.001,0.019,23.266,190041.000,2.957,68.000
0.051,0.024,0.013,22.354,249145.938,9.165,68.000
0.051,0.000,0.016,25.975,35245.461,1.476,68.000
0.047,0.001,0.003,24.128,65703.805,-0.074,68.000
0.048,0.007,0.013,19.745,208343.344,6.636,68.000
0.052,0.024,0.013,22.401,250538.812,9.066,68.000
0.051,0.007,0.014,19.446,204488.969,5.924,68.000
0.052,0.000,0.018,26.321,50038.711,-0.225,68.000
0.050,0.008,0.015,19.180,215543.688,5.918,68.000
0.053,0.001,0.017,21.923,256378.312,3.678,68.000
0.048,0.003,0.010,19.379,260951.469,5.835,68.000
0.051,0.013,0.010,21.393,255339.125,7.847,68.000
0.099,0.013,0.011,20.426,165325.969,6.582,68.000
0.042,0.001,0.014,19.389,213783.875,3.822,68.000
0.053,0.001,0.019,23.334,98577.055,1.241,68.000
0.059,0.001,0.007,24.857,-24703.961,3.255,68.000
0.043,0.001,0.010,20.006,163328.406,2.876,68.000
0.051,0.010,0.013,20.074,230154.375,7.261,68.000
0.052,0.027,0.010,25.580,210469.625,6.410,68.000
0.049,0.000,0.001,24.300,-108201.547,0.395,68.000
0.049,0.000,0.003,22.929,-134861.719,-2.461,68.000
0.040,0.001,0.016,18.812,113668.586,2.032,68.000
0.060,0.001,0.015,19.219,139560.469,0.911,68.000
0.047,0.000,0.007,23.560,81602.680,-0.414,68.000
0.049,0.011,0.012,21.890,233782.156,7.809,68.000
0.049,0.012,0.013,20.872,233797.656,7.383,68.000
0.045,0.001,0.017,21.431,254217.469,4.146,68.000
0.046,0.001,0.019,23.158,206987.438,3.436,68.000
0.056,0.002,0.013,22.967,255960.969,3.375,68.000
0.050,0.012,0.012,21.389,238878.750,8.687,68.000
0.047,0.000,0.005,22.644,115350.258,0.974,68.000
0.059,0.001,0.014,20.984,130011.102,0.869,68.000
0.044,0.000,0.006,23.105,-9549.656,0.778,68.000
0.048,0.007,0.013,20.291,213269.938,7.059,68.000
0.047,0.001,0.007,21.327,192592.469,2.461,68.000
0.048,0.020,0.013,19.895,265907.125,9.828,68.000
0.050,0.002,0.009,19.706,260454.531,5.201,68.000
0.051,0.018,0.012,22.526,223476.281,7.967,68.000
0.058,0.000,0.018,20.664,34931.727,-1.520,68.000
0.051,0.001,0.015,24.022,251216.750,3.896,68.000
0.051,0.009,0.014,19.374,217304.500,6.090,68.000
0.050,0.017,0.014,20.169,263125.344,8.121,68.000
0.048,0.023,0.012,19.635,283313.562,7.572,68.000
0.052,0.000,0.018,27.899,-60978.996,0.589,68.000
0.050,0.010,0.012,21.791,228549.344,8.081,68.000
0.060,0.001,0.011,19.188,217366.156,1.257,68.000
0.052,0.021,0.011,22.642,229321.719,5.819,68.000
0.052,0.000,0.015,27.627,10976.000,1.743,68.000
0.049,0.001,0.019,23.738,163252.750,2.034,68.000
0.050,0.000,0.017,26.701,3331.797,0.050,68.000
0.050,0.026,0.013,23.033,267511.750,9.527,68.000
0.050,0.024,0.013,21.636,268585.281,8.968,68.000
0.052,0.019,0.013,20.888,233498.906,8.563,68.000
0.051,0.008,0.010,19.697,279613.469,7.020,68.000
0.049,0.008,0.010,20.743,272649.844,7.403,68.000
0.042,0.001,0.016,17.824,223734.406,4.117,68.000
0.047,0.000,0.016,27.081,14650.406,0.480,68.000
0.052,0.002,0.017,22.529,275544.812,4.367,68.000
0.050,0.018,0.014,18.128,268895.750,7.916,68.000
0.042,0.001,0.008,21.452,154842.281,1.153,68.000
0.050,0.024,0.013,21.265,269947.719,9.256,68.000
0.048,0.012,0.012,22.086,239967.688,8.245,68.000
0.043,0.001,0.004,23.199,127654.680,0.401,68.000
0.051,0.016,0.014,19.453,267541.000,7.895,68.000
0.051,0.002,0.018,22.133,258361.500,3.549,68.000
0.002,0.012,0.011,18.140,232923.375,5.354,68.000
0.045,0.001,0.017,21.189,249317.656,4.011,68.000
0.050,0.001,0.010,23.121,169389.688,4.382,68.000
0.053,0.001,0.015,23.483,219788.844,2.587,68.000
0.047,0.000,0.009,31.101,-12955.641,1.658,68.000
0.053,0.000,0.015,27.154,-13167.680,0.991,68.000
0.048,0.016,0.013,21.556,240069.562,8.847,68.000
0.044,0.001,0.014,20.550,213003.188,4.681,68.000
0.049,0.008,0.013,20.975,225098.344,7.210,68.000
0.042,0.001,0.005,22.403,193636.531,1.761,68.000
0.057,0.001,0.012,22.801,204390.094,2.265,68.000
0.051,0.014,0.013,20.984,242921.125,8.290,68.000
0.047,0.001,0.016,27.054,120338.008,0.979,68.000
0.050,0.005,0.014,17.516,214893.812,5.292,68.000
0.052,0.001,0.004,22.590,148282.375,2.746,68.000
0.048,0.002,0.006,20.846,195887.250,2.909,68.000
0.051,0.000,0.017,25.116,-32057.094,0.036,68.000
0.050,0.026,0.011,21.031,272022.438,6.087,68.000
0.059,0.001,0.011,19.888,229205.625,1.938,68.000
0.055,0.001,0.008,23.320,183004.719,2.143,68.000
0.058,0.001,0.017,19.099,196452.000,1.991,68.000
0.045,0.001,0.014,23.976,188930.125,3.872,68.000
0.050,0.018,0.012,21.660,236719.406,8.894,68.000
0.043,0.002,0.010,18.350,214161.094,5.123,68.000
0.054,0.001,0.004,22.181,125096.523,2.605,68.000
0.049,0.022,0.013,19.856,276872.594,9.458,68.000
0.047,0.001,0.019,23.546,109078.023,1.129,68.000
0.050,0.009,0.014,19.623,236878.844,6.767,68.000
0.050,0.021,0.013,20.564,250168.281,8.820,68.000
0.051,0.021,0.012,22.227,224887.844,7.711,68.000
0.049,0.020,0.010,20.614,259172.875,7.095,68.000
0.051,0.006,0.012,19.805,257142.469,7.760,68.000
0.058,0.001,0.011,20.409,237820.031,2.170,68.000
0.048,0.001,0.009,22.375,186171.312,3.131,68.000
0.099,0.011,0.013,19.681,202817.250,6.410,68.000
0.049,0.016,0.011,22.163,218877.438,8.425,68.000
0.050,0.024,0.011,19.852,262985.781,5.239,68.000
0.055,0.001,0.020,20.805,167357.969,1.811,68.000
0.051,0.023,0.014,20.658,263512.562,9.461,68.000
0.051,0.023,0.013,21.526,243083.719,9.081,68.000
0.049,0.001,0.014,21.894,237205.094,5.029,68.000
0.057,0.001,0.006,21.404,176470.500,3.086,68.000
0.048,0.006,0.011,20.601,247533.688,7.113,68.000
0.055,0.002,0.012,22.039,265599.625,4.185,68.000
0.051,0.008,0.011,20.280,264002.625,8.228,68.000
0.055,0.001,0.018,23.593,109626.445,1.309,68.000
0.049,0.000,0.009,25.527,54319.992,-0.157,68.000
0.046,0.002,0.015,21.678,253345.781,4.626,68.000
0.049,0.020,0.013,19.767,267128.250,9.527,68.000
0.052,0.000,0.009,24.223,34819.773,0.959,68.000
0.051,0.012,0.013,21.265,230549.938,8.810,68.000
0.048,0.006,0.011,21.135,240274.344,6.717,68.000
0.051,0.007,0.011,19.223,267871.156,7.777,68.000
0.052,0.026,0.013,24.539,224159.438,8.298,68.000
0.048,0.003,0.010,19.600,261292.906,5.803,68.000
0.050,0.015,0.014,18.758,266097.594,7.658,68.000
0.052,0.000,0.006,23.155,33010.805,0.669,68.000
0.049,0.013,0.013,20.990,243376.062,8.335,68.000
0.001,0.013,0.012,20.327,202083.969,7.115,68.000
0.045,0.001,0.016,22.246,201222.906,2.693,68.000
0.054,0.001,0.004,25.828,-44679.223,0.466,68.000
0.055,0.001,0.012,28.814,70666.070,1.295,68.000
0.058,0.000,0.014,24.421,40504.898,2.004,68.000
0.058,0.000,0.014,20.485,-5291.984,-0.027,68.000
0.053,0.001,0.006,21.236,173890.094,2.664,68.000
0.048,0.009,0.011,22.242,235189.125,7.880,68.000
0.051,0.003,0.012,19.247,264808.312,6.275,68.000
0.050,0.001,0.020,22.364,154270.938,1.990,68.000
0.055,0.001,0.020,22.286,141004.219,1.043,68.000
0.040,0.001,0.008,19.781,168974.344,2.444,68.000
0.050,0.001,0.004,22.304,153816.062,2.223,68.000
0.048,0.001,0.020,22.245,180997.656,2.556,68.000
0.050,0.016,0.011,22.336,216411.438,8.057,68.000
0.044,0.001,0.019,21.554,191185.062,2.762,68.000
0.049,0.016,0.010,22.194,212860.719,7.993,68.000
0.049,0.005,0.010,19.408,272371.406,5.501,68.000
0.049,0.023,0.010,19.492,279121.875,5.565,68.000
0.049,0.006,0.011,19.555,265739.500,6.850,68.000
0.053,0.001,0.003,24.447,16025.305,0.642,68.000
0.051,0.008,0.011,20.000,264761.125,8.190,68.000
0.052,0.002,0.011,20.148,275028.406,5.668,68.000
0.051,0.001,0.011,27.647,95297.508,2.258,68.000
0.051,0.025,0.011,21.217,250049.469,5.730,68.000
0.049,0.009,0.014,19.170,236888.219,6.084,68.000
0.048,0.001,0.013,27.998,123518.258,2.698,68.000
0.051,0.008,0.011,19.925,264234.938,8.084,68.000
0.057,0.000,0.006,22.719,-51392.930,3.030,68.000
0.052,0.010,0.011,20.375,254957.219,8.279,68.000
0.049,0.016,0.012,22.193,225287.125,8.616,68.000
0.058,0.001,0.009,21.115,199756.281,0.850,68.000
0.051,0.005,0.013,17.848,245214.062,6.731,68.000
0.054,0.000,0.009,31.258,20166.617,4.422,68.000
0.049,0.011,0.012,22.082,237742.531,8.145,68.000
0.050,0.021,0.012,21.277,257190.500,7.796,68.000
0.049,0.001,0.019,24.251,128847.117,1.576,68.000
0.054,0.001,0.008,25.074,122688.664,1.940,68.000
0.049,0.001,0.017,23.597,236046.031,3.738,68.000
0.099,0.011,0.012,19.909,168127.281,6.464,68.000
0.044,0.001,0.009,23.994,80877.195,1.140,68.000
0.046,0.001,0.015,23.885,208034.219,3.865,68.000
0.057,0.001,0.005,24.057,44707.211,2.738,68.000
0.051,0.008,0.013,20.646,238455.344,8.054,68.000
0.053,0.001,0.011,30.789,20822.219,0.574,68.000
0.060,0.001,0.009,19.983,202351.406,1.066,68.000
0.098,0.013,0.012,20.574,193252.500,7.845,68.000
0.048,0.009,0.012,22.042,220975.469,7.102,68.000
0.052,0.015,0.013,21.854,240575.469,7.813,68.000
0.049,0.006,0.013,18.953,211258.250,6.430,68.000
0.049,0.013,0.011,21.910,228225.031,8.845,68.000
0.041,0.001,0.010,19.565,165334.375,2.444,68.000
0.049,0.000,0.014,31.640,40685.461,0.472,68.000
0.051,0.008,0.012,20.665,258805.438,8.405,68.000
0.044,0.001,0.006,22.100,188669.000,1.910,68.000
0.050,0.015,0.012,22.177,226878.688,8.295,68.000
0.052,0.013,0.011,20.745,230128.031,8.410,68.000
0.049,0.011,0.013,21.158,231537.844,7.074,68.000
0.049,0.006,0.012,20.759,236255.375,7.111,68.000
0.052,0.005,0.013,18.174,249303.312,6.802,68.000
0.049,0.008,0.013,20.990,228035.969,7.606,68.000
0.047,0.000,0.004,19.951,-3780.750,0.142,68.000
0.052,0.009,0.012,20.898,235345.000,8.291,68.000
0.050,0.008,0.010,20.247,264050.906,7.844,68.000
0.051,0.017,0.012,22.183,238310.281,7.947,68.000
0.048,0.013,0.010,22.625,227799.906,8.406,68.000
0.045,0.000,0.007,21.862,-30438.531,-1.585,68.000
0.048,0.023,0.011,19.363,280022.219,6.935,68.000
0.049,0.012,0.011,22.098,240273.438,8.579,68.000
0.050,0.005,0.010,18.828,285650.781,5.795,68.000
0.050,0.001,0.004,22.500,148052.719,2.235,68.000
0.048,0.016,0.012,21.821,219733.031,8.819,68.000
0.049,0.017,0.011,22.280,218156.344,7.590,68.000
0.041,0.001,0.007,20.657,176171.188,1.829,68.000
0.050,0.005,0.011,19.740,270662.312,6.381,68.000
0.048,0.026,0.011,19.358,289901.844,6.238,68.000
0.051,0.012,0.012,21.308,235295.969,8.917,68.000
0.051,0.014,0.013,21.083,238755.812,8.657,68.000
0.051,0.002,0.014,19.890,254366.062,5.131,68.000
0.050,0.013,0.010,21.764,247577.750,7.606,68.000
0.048,0.001,0.020,21.992,207418.344,3.040,68.000
0.055,0.000,0.003,18.840,-23193.719,0.286,68.000
0.046,0.001,0.006,20.951,208770.062,2.477,68.000
0.051,0.017,0.013,20.392,262546.375,8.084,68.000
0.045,0.002,0.010,18.656,232169.750,5.750,68.000
0.050,0.019,0.013,20.676,249719.562,9.098,68.000
0.056,0.000,0.010,22.453,-16499.695,0.585,68.000
0.041,0.000,0.006,24.115,68446.805,0.297,68.000
0.049,0.012,0.011,21.792,240028.344,8.701,68.000
0.051,0.027,0.011,16.135,322346.031,8.678,68.000
0.050,0.005,0.014,17.462,224445.688,5.854,68.000
0.044,0.001,0.004,21.586,188235.219,1.492,68.000
0.051,0.018,0.014,18.997,266072.719,8.183,68.000
0.042,0.000,0.011,25.261,-54423.078,1.683,68.000
0.052,0.000,0.013,30.440,15399.969,-0.231,68.000
0.051,0.018,0.014,18.487,264225.969,8.486,68.000
0.049,0.006,0.013,19.193,212546.656,6.594,68.000
0.049,0.009,0.014,19.217,237185.781,6.299,68.000
0.049,0.027,0.014,25.395,231154.938,8.416,68.000
0.051,0.014,0.010,21.102,252643.750,7.459,68.000
0.047,0.002,0.013,22.174,206683.312,5.777,68.000
0.058,0.000,0.019,20.466,55785.383,0.944,68.000
0.043,0.001,0.011,21.887,130937.695,2.684,68.000
0.053,0.002,0.019,22.455,225399.562,2.918,68.000
0.048,0.007,0.010,19.137,262662.594,6.259,68.000
0.050,0.022,0.011,20.766,254223.500,6.121,68.000
0.042,0.001,0.006,20.984,207106.812,2.357,68.000
0.049,0.011,0.012,21.556,233164.438,7.585,68.000
0.052,0.012,0.011,20.869,258705.281,7.904,68.000
0.045,0.001,0.009,20.529,180293.812,3.116,68.000
0.052,0.015,0.012,22.521,224692.625,7.589,68.000
0.048,0.007,0.011,20.894,245948.844,7.478,68.000
0.055,0.001,0.003,24.082,12547.008,1.305,68.000
0.053,0.001,0.022,22.126,19516.734,0.103,68.000
0.051,0.022,0.011,21.381,245343.406,5.495,68.000
0.040,0.000,0.010,21.189,-31059.453,-0.259,68.000
0.051,0.006,0.012,19.203,259355.656,7.368,68.000
0.055,0.000,0.010,23.345,-60480.012,0.222,68.000
0.052,0.025,0.011,21.831,241827.281,6.030,68.000
0.001,0.011,0.011,18.552,226812.219,5.638,68.000
0.050,0.005,0.012,20.842,253329.906,6.880,68.000
0.052,0.012,0.013,21.206,228358.875,8.778,68.000
0.051,0.020,0.012,22.178,236025.938,7.423,68.000
0.049,0.003,0.010,19.140,265517.219,5.689,68.000
0.048,0.019,0.010,20.615,252928.531,7.478,68.000
0.051,0.001,0.015,22.139,251675.906,4.232,68.000
0.050,0.019,0.011,21.898,238883.094,7.692,68.000
0.000,0.013,0.012,30.214,-10905.023,8.369,68.000
0.041,0.001,0.015,18.063,168658.812,3.360,68.000
0.055,0.000,0.019,21.859,16815.492,0.777,68.000
0.050,0.021,0.012,21.505,250052.031,7.000,68.000
0.044,0.001,0.007,21.582,184518.344,1.725,68.000
0.054,0.001,0.008,23.844,178041.562,2.055,68.000
0.053,0.000,0.003,21.874,-63772.648,0.040,68.000
0.051,0.023,0.011,20.815,245938.719,4.608,68.000
0.055,0.001,0.004,21.884,104729.773,2.711,68.000
0.051,0.019,0.013,20.763,242254.938,8.668,68.000
0.051,0.027,0.014,25.117,192983.062,8.497,68.000
0.098,0.011,0.013,19.942,196583.812,6.240,68.000
0.052,0.001,0.004,25.164,57091.305,1.148,68.000
0.049,0.003,0.011,20.688,251496.031,6.224,68.000
0.049,0.008,0.010,19.750,267292.500,6.840,68.000
0.054,0.001,0.017,23.852,177732.906,2.220,68.000
0.048,0.001,0.019,22.662,202031.375,3.081,68.000
0.047,0.001,0.020,22.362,185536.469,2.613,68.000
0.053,0.001,0.015,26.515,106056.758,0.911,68.000
0.058,0.001,0.009,23.913,76391.070,1.174,68.000
0.052,0.002,0.016,22.781,274423.969,4.287,68.000
0.049,0.001,0.014,27.745,137316.188,2.282,68.000
0.051,0.008,0.012,21.139,246525.656,8.425,68.000
0.052,0.000,0.021,19.756,-39699.812,4.064,68.000
0.052,0.012,0.013,21.250,229789.312,8.815,68.000
0.051,0.001,0.005,21.882,172612.281,2.872,68.000
0.045,0.001,0.009,24.662,51134.555,0.741,68.000
0.050,0.007,0.014,18.985,213232.562,6.146,68.000
0.055,0.001,0.005,22.352,136248.219,2.818,68.000
0.048,0.000,0.008,24.410,-34531.133,-0.517,68.000
0.051,0.006,0.011,19.504,263952.344,7.800,68.000
0.049,0.010,0.013,20.675,232127.656,6.420,68.000
0.044,0.001,0.012,21.145,200251.781,4.054,68.000
0.002,0.012,0.013,21.129,129034.352,7.682,68.000
0.002,0.012,0.012,20.085,195437.062,6.761,68.000
0.050,0.025,0.014,21.256,287144.344,9.540,68.000
0.049,0.019,0.013,19.596,271822.125,9.517,68.000
0.056,0.001,0.010,22.228,197567.750,1.795,68.000
0.052,0.007,0.012,19.480,255475.938,7.851,68.000
0.041,0.001,0.018,20.048,166692.031,3.049,68.000
0.048,0.003,0.012,20.715,226137.625,5.949,68.000
0.044,0.000,0.004,21.249,28864.633,-0.219,68.000
0.058,0.000,0.015,19.029,-33429.375,1.136,68.000
0.054,0.001,0.018,23.730,134196.312,1.605,68.000
0.049,0.022,0.013,20.258,273781.594,8.966,68.000
0.044,0.000,0.004,21.999,-9710.312,0.216,68.000
0.050,0.019,0.012,21.331,242851.344,8.961,68.000
0.049,0.018,0.012,22.068,233562.750,9.261,68.000
0.002,0.013,0.012,20.485,185581.188,7.941,68.000
0.049,0.024,0.014,20.220,289529.000,9.236,68.000
0.049,0.024,0.011,20.068,269418.312,5.899,68.000
0.048,0.001,0.011,22.440,205460.406,4.922,68.000
0.043,0.001,0.012,25.650,73717.383,0.369,68.000
0.002,0.012,0.011,18.509,226856.156,5.934,68.000
0.049,0.009,0.015,18.949,234665.656,6.179,68.000
0.047,0.001,0.017,25.920,109086.289,0.493,68.000
0.052,0.000,0.015,28.980,33090.820,-0.555,68.000
0.051,0.019,0.010,22.404,243081.625,5.967,68.000
0.048,0.002,0.011,20.363,250316.844,6.138,68.000
0.046,0.001,0.004,21.717,173753.438,1.607,68.000
0.050,0.004,0.009,18.634,286042.875,5.421,68.000
0.049,0.022,0.013,20.198,270494.500,9.030,68.000
0.044,0.001,0.015,21.007,217504.906,3.212,68.000
0.046,0.000,0.003,22.602,67598.398,0.121,68.000
0.045,0.000,0.010,33.657,-15053.094,0.710,68.000
0.048,0.009,0.012,22.052,222647.438,7.317,68.000
0.051,0.009,0.012,21.076,231543.594,8.071,68.000
0.051,0.025,0.011,21.668,251727.500,6.372,68.000
0.051,0.008,0.012,20.481,256162.469,8.192,68.000
0.048,0.004,0.011,20.544,244980.344,6.236,68.000
0.053,0.000,0.009,24.020,77841.883,0.811,68.000
0.050,0.022,0.013,20.486,250793.031,9.188,68.000
0.046,0.001,0.003,24.969,-29587.172,-2.193,68.000
0.047,0.001,0.021,20.964,186073.844,2.868,68.000
0.048,0.019,0.013,20.743,251466.812,9.905,68.000
0.052,0.002,0.012,20.616,270182.375,5.059,68.000
0.061,0.001,0.010,19.255,214002.969,1.340,68.000
0.049,0.020,0.012,21.214,250680.094,7.941,68.000
0.048,0.025,0.011,18.968,283938.812,6.385,68.000
0.058,0.001,0.017,24.023,31952.992,0.725,68.000
0.046,0.000,0.015,30.367,-34308.938,0.160,68.000
0.050,0.021,0.014,19.554,265618.625,9.243,68.000
0.050,0.000,0.016,28.366,11015.562,0.756,68.000
0.051,0.005,0.012,19.228,259194.094,6.376,68.000
0.059,0.001,0.006,20.502,155473.125,3.388,68.000
0.047,0.001,0.017,23.620,234805.344,3.808,68.000
0.051,0.004,0.011,19.111,280934.938,6.674,68.000
0.051,0.006,0.015,18.540,200382.969,4.736,68.000
0.048,0.002,0.009,19.955,229961.656,3.712,68.000
0.052,0.018,0.013,20.158,247749.094,8.347,68.000
0.049,0.002,0.012,20.419,250143.719,6.255,68.000
0.050,0.021,0.012,21.381,254406.812,7.952,68.000
0.051,0.020,0.011,22.495,227504.031,6.661,68.000
0.052,0.008,0.013,19.739,221079.969,6.988,68.000
0.056,0.000,0.013,23.404,-28463.664,-1.056,68.000
0.049,0.013,0.012,21.531,235009.312,8.908,68.000
0.053,0.000,0.022,23.170,-1160.539,-1.721,68.000
0.044,0.001,0.009,20.442,159594.500,2.840,68.000
0.041,0.001,0.008,22.841,82341.086,0.468,68.000
0.048,0.001,0.002,22.324,123853.586,1.153,68.000
0.050,0.000,0.022,24.008,-38672.289,0.143,68.000
0.049,0.001,0.009,20.764,229997.562,4.110,68.000
0.098,0.010,0.012,18.870,208041.594,6.941,68.000
0.048,0.001,0.003,22.065,160749.969,1.950,68.000
0.052,0.019,0.012,21.555,225808.500,8.280,68.000
0.049,0.001,0.019,22.310,225932.625,3.493,68.000
0.048,0.025,0.011,19.284,286761.125,6.548,68.000
0.049,0.026,0.011,20.963,256091.875,5.694,68.000
0.048,0.013,0.012,21.650,237581.656,8.726,68.000
0.052,0.026,0.011,23.090,242207.844,7.213,68.000
0.050,0.001,0.008,23.256,176501.500,2.427,68.000
0.047,0.001,0.011,20.208,247772.562,6.251,68.000
0.046,0.001,0.008,21.329,179238.500,2.245,68.000
0.050,0.016,0.014,20.119,263724.969,7.961,68.000
0.047,0.001,0.004,22.713,158781.750,1.344,68.000
0.051,0.004,0.014,17.332,233022.469,5.788,68.000
0.056,0.001,0.015,22.854,179503.688,1.954,68.000
0.046,0.000,0.015,28.843,-24155.164,0.871,68.000
0.048,0.006,0.013,19.807,209977.438,6.551,68.000
0.054,0.001,0.018,22.276,225580.281,3.251,68.000
0.057,0.000,0.017,25.266,-15720.562,0.984,68.000
0.058,0.000,0.012,24.836,64168.492,0.925,68.000
0.058,0.000,0.010,22.671,36914.898,2.045,68.000
0.044,0.002,0.009,18.632,208379.312,3.335,68.000
0.041,0.001,0.007,20.353,171806.125,2.284,68.000
0.049,0.014,0.013,20.908,253180.781,8.292,68.000
0.045,0.002,0.011,18.932,245698.312,6.210,68.000
0.045,0.000,0.020,23.201,57773.055,-1.079,68.000
0.051,0.000,0.010,31.818,12662.078,2.153,68.000
0.058,0.001,0.013,22.492,128884.133,0.370,68.000
0.049,0.001,0.019,22.392,235732.969,3.588,68.000
0.052,0.005,0.012,19.021,268535.156,6.705,68.000
0.053,0.001,0.020,22.118,140913.531,1.419,68.000
0.049,0.003,0.011,19.484,270685.625,6.228,68.000
0.059,0.000,0.016,19.909,78811.555,0.979,68.000
0.048,0.004,0.013,19.887,208259.438,6.207,68.000
0.051,0.014,0.013,20.598,249993.812,8.242,68.000
0.050,0.007,0.011,20.075,265329.188,7.814,68.000
0.050,0.024,0.013,21.462,267406.156,9.259,68.000
0.048,0.001,0.011,24.763,128651.320,3.196,68.000
0.049,0.001,0.008,23.038,159693.281,2.253,68.000
0.050,0.021,0.013,20.407,258363.406,8.805,68.000
0.051,0.013,0.010,21.507,247116.594,7.727,68.000
0.049,0.020,0.011,20.876,257246.656,7.035,68.000
0.098,0.012,0.011,17.982,207018.375,8.420,68.000
0.049,0.006,0.012,20.393,228472.406,7.417,68.000
0.048,0.001,0.011,25.555,142087.812,3.407,68.000
0.049,0.014,0.010,22.465,218678.469,8.247,68.000
0.048,0.015,0.012,21.958,224997.938,9.132,68.000
0.049,0.000,0.011,25.951,68391.648,0.333,68.000
0.051,0.023,0.014,21.496,250856.656,9.601,68.000
0.050,0.021,0.013,19.402,263745.750,9.144,68.000
0.049,0.018,0.010,21.719,227923.656,6.966,68.000
0.051,0.014,0.014,19.234,264092.719,7.724,68.000
0.043,0.000,0.006,25.104,52529.742,-0.067,68.000
0.057,0.001,0.015,21.248,214314.312,2.895,68.000
0.042,0.001,0.013,20.500,207940.906,3.360,68.000
0.050,0.019,0.013,18.878,275646.469,9.105,68.000
0.049,0.004,0.010,19.229,269061.812,5.548,68.000
0.047,0.001,0.013,29.956,56518.914,1.321,68.000
0.056,0.001,0.012,22.830,222531.656,2.751,68.000
0.052,0.008,0.013,19.310,234231.938,7.197,68.000
0.047,0.002,0.007,20.058,211419.438,2.861,68.000
0.057,0.000,0.018,21.072,14396.102,0.292,68.000
0.050,0.013,0.010,21.736,242858.938,7.885,68.000
0.051,0.003,0.012,19.479,264622.219,6.287,68.000
0.048,0.000,0.022,21.114,-39521.410,2.156,68.000
0.045,0.001,0.021,21.962,111999.930,1.135,68.000
0.059,0.001,0.011,21.602,97042.883,0.650,68.000
0.057,0.000,0.005,22.609,2107.633,3.336,68.000
0.049,0.009,0.013,20.959,230233.938,7.420,68.000
0.047,0.001,0.006,20.993,205137.562,2.766,68.000
0.049,0.006,0.014,18.047,210005.625,6.281,68.000
0.053,0.001,0.011,29.040,77353.180,1.768,68.000
0.052,0.009,0.014,19.739,222885.062,6.860,68.000
0.051,0.003,0.013,19.297,250118.188,5.821,68.000
0.057,0.000,0.013,22.737,-94997.562,1.986,68.000
0.052,0.001,0.023,20.566,130760.195,0.942,68.000
0.056,0.000,0.010,24.599,12822.453,2.647,68.000
0.049,0.007,0.013,18.963,223665.125,7.156,68.000
0.055,0.001,0.006,24.549,63040.523,2.013,68.000
0.055,0.000,0.004,21.474,-113458.234,2.189,68.000
0.051,0.011,0.011,21.150,261442.719,7.989,68.000
0.049,0.006,0.012,20.468,235245.750,7.390,68.000
0.046,0.001,0.003,21.910,169064.406,1.238,68.000
0.053,0.001,0.018,27.448,-10595.523,0.115,68.000
0.051,0.013,0.013,20.817,238033.156,8.564,68.000
0.051,0.021,0.012,22.483,227181.312,6.656,68.000
0.048,0.024,0.013,20.138,290803.719,8.606,68.000
0.055,0.002,0.018,21.906,222416.562,3.125,68.000
0.056,0.001,0.006,24.320,61571.742,1.995,68.000
0.049,0.001,0.006,22.494,172885.312,2.553,68.000
0.051,0.024,0.013,22.244,247724.156,8.673,68.000
0.050,0.001,0.005,21.571,182871.062,3.108,68.000
0.048,0.000,0.007,21.032,21521.359,1.070,68.000
0.047,0.000,0.006,19.997,31820.602,0.662,68.000
0.098,0.014,0.012,22.390,178792.750,7.259,68.000
0.044,0.001,0.005,21.604,207355.719,1.977,68.000
0.049,0.012,0.012,22.187,238294.594,8.441,68.000
0.043,0.001,0.018,21.280,139922.688,1.520,68.000
0.049,0.011,0.010,22.557,263324.531,7.590,68.000
0.049,0.005,0.013,20.050,220727.312,6.312,68.000
0.056,0.000,0.019,20.620,-16590.617,1.849,68.000
0.050,0.006,0.013,18.778,239791.719,7.466,68.000
0.049,0.022,0.012,20.479,273609.812,8.265,68.000
0.058,0.001,0.018,19.056,189278.656,1.579,68.000
0.099,0.011,0.011,16.956,220484.250,8.219,68.000
0.044,0.001,0.009,20.586,158749.562,3.241,68.000
0.052,0.023,0.010,20.741,254015.719,4.424,68.000
0.050,0.021,0.014,19.410,266382.312,9.237,68.000
0.052,0.014,0.012,21.087,224197.594,8.259,68.000
0.052,0.001,0.014,26.331,179769.531,2.935,68.000
0.042,0.001,0.009,22.541,100313.727,0.597,68.000
0.051,0.022,0.013,21.098,239938.719,9.258,68.000
0.043,0.002,0.011,19.222,218406.250,4.861,68.000
0.040,0.001,0.016,16.424,194100.125,4.367,68.000
0.050,0.001,0.005,23.051,158613.219,2.440,68.000
0.058,0.000,0.012,21.733,-30331.258,3.006,68.000
0.049,0.027,0.013,22.654,263656.094,8.568,68.000
0.051,0.020,0.014,18.591,261447.625,9.092,68.000
0.041,0.001,0.012,21.650,137427.344,1.474,68.000
0.042,0.000,0.013,27.430,-71936.797,-2.849,68.000
0.052,0.010,0.013,20.110,228936.344,7.289,68.000
0.051,0.026,0.014,23.454,235289.094,9.418,68.000
0.099,0.012,0.012,20.372,198072.344,7.355,68.000
0.052,0.023,0.013,22.329,237552.594,9.126,68.000
0.055,0.001,0.015,21.900,229975.156,2.832,68.000
0.049,0.001,0.002,21.431,126001.414,1.516,68.000
0.052,0.001,0.022,20.491,133316.250,1.107,68.000
0.054,0.002,0.007,21.411,187836.344,2.570,68.000
0.050,0.022,0.010,20.804,257940.750,5.225,68.000
0.060,0.001,0.012,20.357,202571.188,1.307,68.000
0.052,0.014,0.013,20.827,253286.906,8.156,68.000
0.051,0.006,0.010,18.306,283353.938,6.773,68.000
0.051,0.009,0.014,19.343,220776.344,6.234,68.000
0.100,0.012,0.011,23.113,-58020.570,11.805,68.000
0.048,0.002,0.010,19.970,251104.625,5.967,68.000
0.050,0.025,0.012,22.249,269997.406,7.904,68.000
0.056,0.000,0.012,27.479,-59285.707,0.594,68.000
0.045,0.001,0.012,21.233,222064.281,5.324,68.000
0.051,0.027,0.012,27.439,155442.188,12.941,68.000
0.045,0.001,0.015,21.456,239431.719,4.520,68.000
0.058,0.001,0.017,19.135,190784.656,1.676,68.000
0.043,0.001,0.010,19.032,200804.375,3.906,68.000
0.097,0.011,0.011,17.154,215224.719,8.111,68.000
0.056,0.001,0.020,24.346,5241.164,1.019,68.000
0.098,0.011,0.013,20.136,194050.344,6.275,68.000
0.048,0.002,0.012,20.405,243903.031,6.192,68.000
0.051,0.010,0.012,21.532,244084.156,8.473,68.000
0.045,0.001,0.020,22.172,161861.094,2.169,68.000
0.049,0.004,0.011,20.733,253336.031,6.340,68.000
0.058,0.001,0.014,22.260,107110.180,0.938,68.000
0.049,0.024,0.011,19.245,274851.969,5.796,68.000
0.051,0.014,0.014,19.075,264676.938,7.593,68.000
0.049,0.027,0.011,25.604,221721.969,3.816,68.000
0.052,0.007,0.012,19.458,254260.156,7.931,68.000
0.049,0.006,0.014,18.307,211187.438,6.390,68.000
0.001,0.012,0.011,18.777,224203.219,5.798,68.000
0.050,0.019,0.013,20.927,245541.469,9.175,68.000
0.053,0.001,0.011,31.539,-12650.062,0.252,68.000
0.053,0.000,0.004,22.752,-9846.359,1.561,68.000
0.100,0.013,0.013,18.615,-25475.484,7.467,68.000
0.048,0.000,0.010,30.785,49572.039,2.066,68.000
0.001,0.014,0.013,20.321,178557.875,8.442,68.000
0.044,0.000,0.012,29.036,-64169.469,-3.068,68.000
0.051,0.001,0.004,23.242,123548.570,2.111,68.000
0.052,0.001,0.005,25.168,7563.617,0.336,68.000
0.047,0.001,0.003,21.798,170485.906,1.481,68.000
0.048,0.000,0.008,22.708,-9378.227,0.473,68.000
0.048,0.003,0.011,20.617,244047.719,6.122,68.000
0.050,0.000,0.002,24.849,-76358.750,-0.731,68.000
0.052,0.018,0.012,22.528,224781.094,7.856,68.000
0.098,0.012,0.011,17.192,215686.188,8.296,68.000
0.051,0.019,0.010,22.269,241064.500,6.321,68.000
0.050,0.015,0.014,19.194,263804.750,8.089,68.000
0.048,0.012,0.011,22.405,245524.062,8.267,68.000
0.048,0.000,0.007,23.931,61112.945,-0.953,68.000
0.049,0.011,0.013,21.245,233864.531,7.350,68.000
0.054,0.001,0.019,23.093,99112.320,1.123,68.000
0.043,0.001,0.009,19.111,203117.562,3.860,68.000
0.043,0.001,0.019,19.974,201666.219,3.608,68.000
0.051,0.001,0.004,23.322,135207.281,2.218,68.000
0.049,0.005,0.011,20.315,263278.688,6.793,68.000
0.003,0.013,0.012,20.449,178205.438,7.535,68.000
0.052,0.010,0.013,21.226,226004.906,8.182,68.000
0.040,0.000,0.010,20.014,-50064.383,-0.401,68.000
0.049,0.021,0.012,20.961,257809.625,8.274,68.000
0.098,0.013,0.011,19.635,198772.250,8.492,68.000
0.050,0.012,0.012,21.412,238713.469,8.543,68.000
0.043,0.001,0.006,22.547,172776.844,1.539,68.000
0.053,0.002,0.018,22.230,239366.094,3.357,68.000
0.047,0.001,0.018,24.892,175821.719,2.696,68.000
0.050,0.018,0.011,22.788,220625.031,7.225,68.000
0.051,0.007,0.014,18.936,219524.375,6.450,68.000
0.050,0.020,0.013,20.515,255476.312,9.001,68.000
0.048,0.009,0.014,20.562,229936.562,6.013,68.000
0.053,0.002,0.011,20.961,265110.688,4.887,68.000
0.058,0.001,0.010,21.282,214943.094,1.169,68.000
0.055,0.002,0.013,22.845,271673.031,4.126,68.000
0.002,0.013,0.013,21.004,141773.250,7.946,68.000
0.051,0.023,0.012,22.174,247333.969,7.497,68.000
0.053,0.000,0.005,23.917,-29822.297,0.694,68.000
0.051,0.002,0.012,20.047,258314.125,5.940,68.000
0.052,0.015,0.012,22.612,224143.969,7.622,68.000
0.050,0.001,0.019,23.935,145592.812,1.564,68.000
0.044,0.000,0.005,21.839,78204.570,0.847,68.000
0.052,0.013,0.011,21.411,241748.188,7.925,68.000
0.056,0.001,0.004,21.918,122499.711,3.101,68.000
0.098,0.012,0.012,20.598,193075.938,6.528,68.000
0.051,0.004,0.013,18.882,246107.406,6.570,68.000
0.051,0.000,0.015,30.898,28583.461,-0.580,68.000
0.051,0.008,0.014,19.578,213321.844,6.192,68.000
0.048,0.008,0.014,18.673,225877.594,6.166,68.000
0.053,0.002,0.009,21.061,247029.219,5.135,68.000
0.048,0.010,0.010,22.391,263433.312,7.658,68.000
0.058,0.000,0.006,22.269,-127424.828,3.494,68.000
0.049,0.001,0.004,22.592,162174.000,2.338,68.000
0.000,0.013,0.011,28.734,28550.383,9.155,68.000
0.051,0.015,0.010,22.155,225782.062,7.939,68.000
0.046,0.001,0.009,23.440,123194.023,1.948,68.000
0.054,0.000,0.016,27.437,18576.461,-1.225,68.000
0.050,0.019,0.014,18.138,277039.094,8.609,68.000
0.049,0.021,0.013,20.099,270315.156,9.125,68.000
0.059,0.000,0.014,19.293,-35028.852,2.570,68.000
0.051,0.016,0.014,20.000,266996.156,7.975,68.000
0.003,0.012,0.013,20.581,160023.312,7.500,68.000
0.050,0.000,0.001,17.790,-9346.164,-1.134,68.000
0.048,0.023,0.013,20.024,290024.500,8.921,68.000
0.053,0.000,0.021,23.570,-11570.664,0.931,68.000
0.048,0.001,0.007,20.830,205353.688,2.759,68.000
0.050,0.007,0.014,18.753,219563.438,6.501,68.000
0.049,0.006,0.013,19.922,225049.281,7.299,68.000
0.051,0.009,0.010,20.177,283873.781,7.092,68.000
0.049,0.021,0.012,20.365,269300.156,8.832,68.000
0.048,0.000,0.002,21.635,62719.867,1.002,68.000
0.049,0.026,0.013,21.491,297619.219,9.047,68.000
0.048,0.014,0.012,20.983,244556.562,8.895,68.000
0.052,0.003,0.010,18.699,284509.562,6.108,68.000
0.050,0.015,0.014,19.067,261955.562,7.878,68.000
0.054,0.000,0.009,29.582,50516.273,3.318,68.000
0.048,0.000,0.009,25.612,47088.852,-0.647,68.000
0.046,0.001,0.007,20.072,206302.281,2.569,68.000
0.049,0.018,0.011,21.683,233934.656,7.763,68.000
0.049,0.000,0.018,28.843,22708.227,-1.003,68.000
0.051,0.001,0.005,23.994,120823.867,1.611,68.000
0.052,0.007,0.014,19.312,212856.188,6.203,68.000
0.058,0.001,0.019,19.437,191182.312,1.587,68.000
0.100,0.013,0.012,20.676,103808.664,6.972,68.000
0.048,0.002,0.013,21.197,215957.156,6.302,68.000
0.044,0.001,0.012,24.355,124213.773,2.228,68.000
0.054,0.001,0.010,21.411,250119.000,3.995,68.000
0.049,0.008,0.012,21.463,234655.438,7.962,68.000
0.052,0.003,0.013,18.661,254195.531,5.728,68.000
0.050,0.004,0.012,20.427,262705.156,6.386,68.000
0.052,0.000,0.022,23.218,-6430.891,0.032,68.000
0.051,0.023,0.012,22.435,240494.281,7.429,68.000
0.041,0.001,0.015,18.687,143977.438,2.429,68.000
0.049,0.009,0.012,22.074,226500.688,7.564,68.000
0.057,0.002,0.010,21.347,223754.375,2.110,68.000
0.047,0.001,0.005,22.985,153441.969,1.930,68.000
0.050,0.001,0.017,26.768,115565.055,1.135,68.000
0.052,0.001,0.001,23.620,-6227.289,0.202,68.000
0.049,0.003,0.010,19.411,266267.062,5.764,68.000
0.049,0.003,0.012,20.437,221077.250,6.165,68.000
0.045,0.000,0.017,24.943,145172.500,0.968,68.000
0.049,0.001,0.004,25.796,-27054.125,-1.097,68.000
0.052,0.025,0.012,23.464,248129.094,7.933,68.000
0.050,0.006,0.014,18.248,203352.875,5.325,68.000
0.056,0.002,0.014,21.805,210402.094,2.855,68.000
0.052,0.001,0.015,25.200,196619.812,3.058,68.000
0.051,0.021,0.014,20.016,256691.500,9.272,68.000
0.051,0.003,0.013,18.735,253037.750,6.573,68.000
0.049,0.021,0.014,19.266,275602.625,9.444,68.000
0.058,0.000,0.008,25.632,11160.555,3.328,68.000
0.050,0.022,0.010,20.366,262711.906,4.995,68.000
0.048,0.001,0.017,22.292,278850.188,4.369,68.000
0.049,0.019,0.014,18.965,280948.969,9.078,68.000
0.048,0.003,0.011,19.787,256122.781,6.048,68.000
0.048,0.008,0.011,20.466,250723.625,7.174,68.000
0.053,0.000,0.004,21.919,-30443.078,0.743,68.000
0.052,0.020,0.013,19.924,246303.438,8.906,68.000
0.053,0.001,0.013,23.231,249002.188,4.367,68.000
0.048,0.001,0.012,25.187,172712.031,4.344,68.000
0.044,0.001,0.014,25.126,84316.914,0.160,68.000
0.052,0.001,0.023,20.748,107927.836,0.751,68.000
0.049,0.016,0.012,21.813,228001.250,8.747,68.000
0.047,0.001,0.016,27.285,121425.320,1.114,68.000
0.002,0.011,0.013,21.093,150129.219,6.863,68.000
0.042,0.001,0.013,19.964,209855.062,3.528,68.000
0.049,0.003,0.014,18.866,234273.562,5.634,68.000
0.050,0.026,0.010,18.998,283785.000,5.410,68.000
0.047,0.000,0.002,22.837,29020.430,0.223,68.000
0.048,0.001,0.010,19.877,240560.562,5.346,68.000
0.050,0.015,0.013,22.010,236756.469,8.406,68.000
0.051,0.010,0.010,20.694,268365.062,7.904,68.000
0.051,0.026,0.011,22.459,254206.688,6.991,68.000
0.058,0.001,0.010,21.211,202689.156,0.840,68.000
0.050,0.022,0.012,21.386,251017.219,6.685,68.000
0.050,0.022,0.011,21.056,253951.688,5.959,68.000
0.051,0.025,0.014,22.334,259132.719,9.364,68.000
0.045,0.001,0.015,28.254,24812.016,-0.994,68.000
0.052,0.025,0.012,23.535,244632.062,8.406,68.000
0.052,0.008,0.011,19.783,264867.000,8.047,68.000
0.052,0.002,0.012,21.647,267421.500,4.790,68.000
0.052,0.002,0.017,22.156,270094.312,3.994,68.000
0.045,0.001,0.015,21.110,255952.500,4.250,68.000
0.048,0.025,0.011,18.629,284064.156,6.361,68.000
0.051,0.016,0.013,20.683,260889.875,8.092,68.000
0.058,0.001,0.019,21.218,141397.938,0.714,68.000
0.060,0.001,0.012,18.745,241188.875,2.063,68.000
0.054,0.001,0.014,28.797,-5779.023,0.082,68.000
0.056,0.001,0.014,22.758,225669.344,2.791,68.000
0.046,0.000,0.021,21.292,109984.070,1.478,68.000
0.050,0.022,0.010,20.351,269145.688,5.113,68.000
0.052,0.015,0.014,18.986,275437.906,7.885,68.000
0.042,0.001,0.018,20.537,148959.469,2.189,68.000
0.047,0.001,0.005,21.800,187129.719,2.189,68.000
0.052,0.001,0.016,28.077,75322.227,1.029,68.000
0.052,0.011,0.013,20.365,227480.062,7.635,68.000
0.051,0.022,0.012,22.301,237623.844,7.533,68.000
0.052,0.004,0.010,17.969,290906.969,6.424,68.000
0.052,0.018,0.012,21.918,223380.531,7.920,68.000
0.043,0.001,0.015,19.552,214386.344,3.910,68.000
0.051,0.011,0.011,20.640,263854.562,7.905,68.000
0.049,0.001,0.004,25.514,62571.945,0.461,68.000
0.051,0.019,0.010,21.990,247830.781,6.344,68.000
0.052,0.022,0.011,22.535,229157.062,5.798,68.000
0.044,0.000,0.009,22.228,-27477.484,-0.753,68.000
0.051,0.012,0.011,20.914,242682.031,8.573,68.000
0.052,0.001,0.016,22.751,268325.312,4.116,68.000
0.052,0.009,0.011,20.344,255020.312,8.385,68.000
0.050,0.019,0.013,19.981,258575.031,8.939,68.000
0.048,0.007,0.014,18.306,211893.844,6.441,68.000
0.050,0.022,0.011,21.148,249751.156,6.293,68.000
0.048,0.013,0.011,22.200,227788.906,8.874,68.000
0.044,0.001,0.018,21.365,235598.875,3.968,68.000
0.051,0.001,0.016,22.945,276801.875,4.387,68.000
0.055,0.001,0.020,25.082,-36983.391,0.158,68.000
0.051,0.006,0.013,18.382,236085.062,6.973,68.000
0.048,0.018,0.011,21.707,227536.469,7.692,68.000
0.053,0.000,0.016,28.740,15461.258,-0.743,68.000
0.055,0.001,0.004,21.833,105452.695,2.731,68.000
0.055,0.000,0.005,22.677,-44433.910,1.673,68.000
0.060,0.001,0.011,21.147,113651.242,1.055,68.000
0.051,0.025,0.014,22.347,266597.500,9.437,68.000
0.050,0.025,0.012,21.976,276625.969,7.827,68.000
0.051,0.000,0.009,24.880,3631.914,0.867,68.000
0.049,0.011,0.010,22.327,276147.062,7.234,68.000
0.044,0.001,0.005,23.485,116447.398,0.442,68.000
0.052,0.017,0.013,20.115,256839.938,8.061,68.000
0.049,0.018,0.010,21.913,219177.938,7.284,68.000
0.040,0.001,0.013,20.583,160353.281,1.991,68.000
0.050,0.004,0.011,19.499,276876.344,6.698,68.000
0.052,0.001,0.020,21.951,165567.844,2.222,68.000
0.049,0.000,0.018,26.578,94704.008,0.068,68.000
0.052,0.001,0.010,28.520,-12316.211,0.806,68.000
0.054,0.001,0.006,22.647,152813.812,2.146,68.000
0.048,0.021,0.013,19.818,274773.312,9.130,68.000
0.057,0.001,0.019,20.351,177961.594,1.616,68.000
0.053,0.001,0.018,23.295,207642.938,2.821,68.000
0.048,0.001,0.017,21.853,274611.969,4.250,68.000
0.097,0.012,0.012,18.673,208421.844,7.554,68.000
0.045,0.000,0.022,22.388,-389.391,-2.510,68.000
0.042,0.001,0.009,20.026,167955.125,1.728,68.000
0.050,0.007,0.014,19.171,218911.344,6.759,68.000
0.052,0.000,0.013,28.911,13067.477,1.832,68.000
0.046,0.001,0.017,21.872,261502.656,4.387,68.000
0.040,0.000,0.015,20.946,5828.852,1.734,68.000
0.050,0.001,0.018,24.818,142885.062,1.554,68.000
0.055,0.001,0.007,21.519,183998.812,2.504,68.000
0.049,0.013,0.012,21.197,244072.719,8.712,68.000
0.047,0.002,0.010,19.696,253373.094,5.920,68.000
0.052,0.025,0.011,22.021,245605.438,6.379,68.000
0.043,0.001,0.007,20.944,186784.625,1.665,68.000
0.049,0.010,0.013,21.594,226387.031,6.925,68.000
0.047,0.000,0.002,20.603,66351.086,0.638,68.000
0.047,0.002,0.008,19.337,218239.000,2.974,68.000
0.049,0.001,0.015,22.440,261631.062,4.606,68.000
0.050,0.013,0.011,21.555,237831.500,8.783,68.000
0.041,0.001,0.009,21.239,118105.039,0.925,68.000
0.052,0.000,0.019,22.242,7845.617,0.178,68.000
0.050,0.000,0.015,29.319,-4659.094,0.890,68.000
0.055,0.000,0.015,27.294,-71570.766,0.171,68.000
0.049,0.012,0.011,21.974,243266.438,8.534,68.000
0.052,0.001,0.007,23.591,140560.906,1.547,68.000
0.048,0.008,0.011,20.603,253439.562,7.395,68.000
0.050,0.013,0.012,21.333,235318.844,8.725,68.000
0.049,0.001,0.018,23.713,219127.500,3.265,68.000
0.052,0.001,0.016,22.671,266616.938,3.936,68.000
0.050,0.011,0.011,21.976,242352.531,8.383,68.000
0.052,0.000,0.007,22.708,35302.617,0.020,68.000
0.052,0.000,0.014,29.084,10160.672,1.434,68.000
0.051,0.025,0.010,19.857,269092.750,4.768,68.000
0.052,0.007,0.013,18.867,246780.594,7.152,68.000
0.050,0.022,0.012,21.506,254843.500,6.659,68.000
0.052,0.025,0.011,21.446,246284.594,5.544,68.000
0.048,0.026,0.013,20.989,299800.219,7.799,68.000
0.040,0.001,0.011,21.574,112147.195,0.753,68.000
0.048,0.010,0.014,20.165,233251.031,6.010,68.000
0.052,0.011,0.014,19.852,227958.312,7.245,68.000
0.047,0.000,0.004,23.358,41284.852,0.059,68.000
0.052,0.001,0.010,21.311,251143.031,5.368,68.000
0.046,0.000,0.021,24.052,87592.414,-1.445,68.000
0.051,0.006,0.012,19.764,267341.281,7.325,68.000
0.051,0.026,0.013,23.675,254914.000,9.465,68.000
0.050,0.000,0.011,27.153,125620.102,2.515,68.000
0.044,0.000,0.021,21.185,-29587.641,2.148,68.000
0.051,0.001,0.022,22.349,94646.664,0.512,68.000
0.049,0.026,0.014,21.324,294191.906,9.523,68.000
0.049,0.010,0.010,22.152,269802.781,7.579,68.000
0.051,0.001,0.006,25.061,53840.867,0.138,68.000
0.049,0.015,0.011,22.449,216182.531,8.743,68.000
0.042,0.000,0.006,21.360,16681.219,-0.055,68.000
0.051,0.025,0.012,22.504,265485.781,7.578,68.000
0.060,0.001,0.008,20.337,175917.625,2.438,68.000
0.048,0.002,0.018,21.791,258745.562,3.754,68.000
0.044,0.000,0.015,29.184,-57822.496,-2.896,68.000
0.050,0.003,0.014,17.888,234220.312,5.724,68.000
0.048,0.012,0.012,21.674,239342.344,7.808,68.000
0.052,0.010,0.011,20.557,258832.031,8.515,68.000
0.052,0.007,0.013,18.915,231229.469,6.676,68.000
0.049,0.009,0.011,21.785,249097.719,8.246,68.000
0.052,0.001,0.016,22.879,266355.375,4.083,68.000
0.047,0.001,0.022,20.028,180744.875,2.740,68.000
0.050,0.020,0.013,19.750,263098.375,9.176,68.000
0.053,0.000,0.022,23.620,-31446.969,-0.311,68.000
0.042,0.001,0.010,20.273,137988.781,2.683,68.000
0.051,0.001,0.021,21.126,185440.031,2.554,68.000
0.050,0.023,0.013,20.921,260481.312,9.066,68.000
0.054,0.001,0.019,22.488,161898.062,1.970,68.000
0.042,0.001,0.018,20.006,221191.656,3.883,68.000
0.051,0.018,0.014,18.297,270913.031,8.094,68.000
0.052,0.001,0.018,22.206,248529.969,3.447,68.000
0.050,0.006,0.009,18.681,282682.875,5.994,68.000
0.049,0.007,0.012,21.047,247274.562,7.960,68.000
0.059,0.001,0.008,22.635,40301.508,1.945,68.000
0.048,0.020,0.013,19.599,273486.906,9.894,68.000
0.041,0.001,0.012,23.435,103053.633,1.177,68.000
0.055,0.000,0.011,29.031,-62019.762,2.020,68.000
0.048,0.004,0.012,20.699,235100.688,5.997,68.000
0.058,0.001,0.017,19.658,200515.281,2.311,68.000
0.051,0.023,0.011,21.636,250441.875,5.798,68.000
0.050,0.003,0.013,19.152,243138.781,6.577,68.000
0.047,0.001,0.008,19.958,211281.438,2.696,68.000
0.050,0.018,0.012,22.260,236111.375,8.120,68.000
0.048,0.006,0.011,19.949,248605.312,6.533,68.000
0.052,0.016,0.013,21.316,249305.750,7.920,68.000
0.049,0.027,0.014,17.374,278054.094,10.428,68.000
0.046,0.002,0.010,19.137,233185.875,4.966,68.000
0.049,0.013,0.011,21.872,227477.656,8.889,68.000
0.042,0.001,0.012,20.197,202235.969,3.478,68.000
0.050,0.008,0.014,19.336,222958.250,6.087,68.000
0.051,0.022,0.013,20.836,242671.531,9.384,68.000
0.057,0.001,0.007,21.051,190788.344,2.878,68.000
0.049,0.025,0.014,21.089,292478.062,9.424,68.000
0.051,0.003,0.014,18.601,240931.906,5.302,68.000
0.049,0.000,0.003,21.472,-25583.211,-0.597,68.000
0.049,0.022,0.013,20.355,271950.000,8.673,68.000
0.051,0.018,0.011,22.816,229092.062,7.337,68.000
0.055,0.000,0.006,20.882,3456.750,2.252,68.000
0.043,0.001,0.008,24.448,25702.781,-0.399,68.000
0.049,0.016,0.012,22.611,224164.062,8.586,68.000
0.049,0.015,0.014,19.918,257459.094,8.509,68.000
0.049,0.020,0.013,18.988,274880.875,9.436,68.000
0.049,0.018,0.011,22.189,225016.062,7.348,68.000
0.051,0.001,0.005,24.825,86991.305,1.253,68.000
0.047,0.001,0.013,26.126,143017.562,3.567,68.000
0.050,0.022,0.013,20.630,251550.219,8.738,68.000
0.048,0.001,0.018,21.870,261107.594,4.208,68.000
0.059,0.001,0.012,19.306,243067.906,2.060,68.000
0.052,0.018,0.012,21.656,229736.281,7.958,68.000
0.051,0.001,0.012,24.266,211163.531,4.589,68.000
0.044,0.000,0.009,23.897,34045.961,-0.214,68.000
0.050,0.013,0.010,21.589,247970.562,7.606,68.000
0.002,0.011,0.013,21.360,112599.242,7.329,68.000
0.052,0.003,0.013,19.348,256090.625,5.274,68.000
0.048,0.010,0.011,22.177,245415.062,7.810,68.000
0.048,0.008,0.013,20.102,216143.656,6.568,68.000
0.052,0.008,0.011,19.478,265151.188,7.798,68.000
0.051,0.013,0.014,19.349,246916.156,7.769,68.000
0.098,0.013,0.014,23.383,166399.375,5.129,68.000
0.049,0.006,0.011,20.281,264860.031,7.107,68.000
0.055,0.002,0.009,21.826,221744.000,3.473,68.000
0.046,0.000,0.008,23.104,26160.164,-0.241,68.000
0.048,0.000,0.019,23.552,2504.414,-2.194,68.000
0.051,0.026,0.014,22.901,262994.969,9.679,68.000
0.047,0.000,0.015,29.046,2581.961,-0.960,68.000
0.050,0.001,0.015,22.273,255806.094,4.533,68.000
0.052,0.019,0.012,22.843,215025.594,7.336,68.000
0.052,0.025,0.013,23.003,250678.656,8.753,68.000
0.048,0.016,0.011,22.059,219312.156,8.235,68.000
0.047,0.000,0.003,24.297,59206.180,-0.476,68.000
0.050,0.021,0.014,18.985,266639.250,9.245,68.000
0.050,0.000,0.002,23.720,-45022.012,-0.242,68.000
0.098,0.011,0.012,18.908,207743.938,7.114,68.000
0.047,0.000,0.007,28.321,9559.961,2.023,68.000
0.000,0.012,0.012,23.037,21527.320,12.254,68.000
0.056,0.001,0.009,23.757,165297.125,1.350,68.000
0.048,0.025,0.013,20.921,300598.375,7.770,68.000
0.044,0.002,0.011,18.804,230595.344,5.617,68.000
0.043,0.001,0.017,20.441,212547.188,3.345,68.000
0.048,0.020,0.013,19.656,271181.438,9.987,68.000
0.045,0.000,0.007,25.168,-59340.977,-2.124,68.000
0.057,0.001,0.014,22.099,139954.156,1.971,68.000
0.052,0.001,0.013,25.686,217425.781,4.129,68.000
0.050,0.011,0.014,18.375,241270.844,6.516,68.000
0.045,0.001,0.013,21.537,218552.562,5.079,68.000
0.052,0.023,0.011,22.569,241734.344,6.536,68.000
0.055,0.000,0.017,25.476,-14150.359,0.077,68.000
0.050,0.009,0.010,20.515,265334.750,7.998,68.000
0.049,0.001,0.005,22.000,176643.125,2.701,68.000
0.050,0.005,0.010,18.843,289036.688,5.725,68.000
0.048,0.019,0.012,21.137,251669.969,8.871,68.000
0.051,0.000,0.002,23.712,-127209.453,-2.088,68.000
0.049,0.010,0.013,21.504,224739.062,7.075,68.000
0.040,0.001,0.010,23.050,49129.898,0.025,68.000
0.039,0.000,0.012,22.813,-44596.750,-2.023,68.000
0.049,0.005,0.014,17.442,207264.875,5.936,68.000
0.043,0.001,0.008,20.219,182932.781,1.682,68.000
0.050,0.020,0.010,21.663,250080.156,6.425,68.000
0.043,0.001,0.011,21.627,147183.375,3.169,68.000
0.051,0.001,0.020,21.965,200569.375,3.018,68.000
0.050,0.001,0.020,23.969,81100.867,0.403,68.000
0.051,0.013,0.011,21.479,237215.406,8.559,68.000
0.054,0.001,0.013,30.605,34089.820,1.133,68.000
0.042,0.001,0.006,21.594,198054.812,2.037,68.000
0.052,0.026,0.012,23.894,234916.844,8.374,68.000
0.053,0.000,0.011,27.664,-94619.508,-0.840,68.000
0.054,0.000,0.011,30.346,-17716.539,3.327,68.000
0.041,0.001,0.009,24.005,38300.477,-0.230,68.000
0.049,0.026,0.013,21.667,294669.000,9.148,68.000
0.048,0.018,0.012,21.899,233036.250,8.786,68.000
0.051,0.003,0.010,18.736,286448.938,6.162,68.000
0.059,0.000,0.007,22.754,-5454.023,2.770,68.000
0.040,0.001,0.012,19.239,181613.250,2.416,68.000
0.046,0.001,0.022,19.924,181084.031,2.797,68.000
0.047,0.001,0.011,26.935,37693.945,1.371,68.000
0.048,0.000,0.014,31.688,33813.086,-0.009,68.000
0.098,0.013,0.011,18.565,201632.156,8.865,68.000
0.043,0.001,0.005,23.313,154112.562,1.247,68.000
0.050,0.001,0.012,23.175,225708.500,5.124,68.000
0.044,0.001,0.015,20.141,214257.125,4.283,68.000
0.047,0.000,0.009,25.093,-34589.258,0.132,68.000
0.052,0.020,0.012,22.286,212199.031,7.978,68.000
0.050,0.003,0.010,19.035,280449.500,5.924,68.000
0.051,0.001,0.002,25.285,-57250.859,-0.720,68.000
0.051,0.017,0.011,22.669,223202.375,6.970,68.000
0.050,0.021,0.012,20.982,251295.875,8.474,68.000
0.048,0.013,0.012,21.772,237454.719,8.622,68.000
0.056,0.000,0.018,21.026,29800.539,0.481,68.000
0.050,0.026,0.014,21.460,285290.438,9.549,68.000
0.048,0.001,0.006,24.358,83503.711,0.614,68.000
0.042,0.001,0.016,20.635,136935.531,1.855,68.000
0.048,0.000,0.006,19.946,38465.539,0.581,68.000
0.055,0.001,0.002,23.677,45307.070,1.621,68.000
0.049,0.023,0.014,20.173,284139.844,9.270,68.000
0.044,0.000,0.017,24.646,74764.102,0.669,68.000
0.047,0.001,0.020,22.639,110996.570,1.558,68.000
0.050,0.012,0.010,21.838,258810.062,7.663,68.000
0.052,0.023,0.012,22.428,241788.625,7.395,68.000
0.002,0.012,0.013,21.304,140605.281,7.730,68.000
0.054,0.002,0.017,21.837,260163.969,3.572,68.000
0.050,0.015,0.011,22.262,221375.344,8.511,68.000
0.051,0.006,0.012,19.500,252562.500,7.331,68.000
0.045,0.000,0.009,25.685,-77504.594,-0.256,68.000
0.045,0.000,0.021,23.126,43845.852,0.227,68.000
0.051,0.022,0.012,21.552,246734.344,8.338,68.000
0.047,0.000,0.012,32.434,-906.539,0.835,68.000
0.051,0.012,0.011,21.114,258406.656,7.943,68.000
0.051,0.009,0.010,19.866,280974.969,7.391,68.000
0.049,0.025,0.012,21.026,281724.844,6.466,68.000
0.049,0.026,0.010,18.658,282987.844,5.933,68.000
0.048,0.015,0.013,21.164,231003.281,8.880,68.000
0.050,0.006,0.010,18.786,274800.656,6.870,68.000
0.051,0.012,0.012,21.129,236374.656,8.616,68.000
0.049,0.000,0.017,25.303,39445.180,-0.046,68.000
0.052,0.000,0.002,22.740,-129707.828,-0.908,68.000
0.053,0.001,0.022,20.947,128702.711,0.997,68.000
0.051,0.007,0.013,19.509,237531.969,7.507,68.000
0.056,0.001,0.020,21.084,156992.812,1.677,68.000
0.059,0.001,0.018,18.489,190818.312,1.257,68.000
0.051,0.027,0.013,23.470,194082.125,11.384,68.000
0.050,0.015,0.011,22.183,213534.469,8.218,68.000
0.049,0.005,0.013,20.202,217056.531,6.251,68.000
0.049,0.010,0.012,22.299,235091.531,8.234,68.000
0.047,0.001,0.006,22.917,178998.469,2.300,68.000
0.052,0.001,0.010,27.868,20140.203,1.290,68.000
0.051,0.000,0.011,22.314,-7345.367,2.328,68.000
0.001,0.011,0.011,18.737,218629.812,5.403,68.000
0.049,0.003,0.013,18.979,221928.875,6.648,68.000
0.044,0.001,0.017,20.535,244183.125,3.908,68.000
0.052,0.016,0.012,22.158,238790.094,7.583,68.000
0.048,0.000,0.019,27.642,63696.992,-0.201,68.000
0.050,0.022,0.010,20.318,261359.969,5.244,68.000
0.050,0.009,0.013,20.966,231719.344,7.954,68.000
0.056,0.000,0.018,21.761,2213.219,-1.420,68.000
0.050,0.001,0.020,24.329,86032.305,0.517,68.000
0.048,0.000,0.022,23.656,-74483.422,0.698,68.000
0.045,0.001,0.005,22.241,186202.969,1.857,68.000
0.048,0.012,0.013,21.137,237218.625,7.306,68.000
0.051,0.003,0.014,18.409,244726.406,5.611,68.000
0.057,0.000,0.006,22.341,1979.109,2.328,68.000
0.049,0.013,0.014,19.410,242440.312,7.588,68.000
0.049,0.025,0.014,20.959,293757.469,9.465,68.000
0.055,0.000,0.017,22.307,23305.953,-0.161,68.000
0.058,0.000,0.005,22.570,2997.148,4.643,68.000
0.050,0.020,0.012,21.791,245663.062,7.480,68.000
0.050,0.018,0.010,22.084,230120.469,6.764,68.000
0.051,0.002,0.018,22.163,250322.812,3.400,68.000
0.044,0.001,0.008,20.283,169801.031,1.971,68.000
0.049,0.013,0.011,21.756,231563.250,9.024,68.000
0.056,0.002,0.017,20.802,235561.719,2.998,68.000
0.044,0.001,0.017,21.054,234057.250,3.640,68.000
0.052,0.025,0.011,22.246,244564.500,6.843,68.000
0.051,0.027,0.013,26.743,196863.969,8.885,68.000
0.058,0.001,0.006,20.740,171621.250,3.529,68.000
0.051,0.023,0.010,20.462,254395.312,4.717,68.000
0.056,0.001,0.004,22.329,110444.039,2.959,68.000
0.052,0.010,0.012,21.336,236867.000,8.437,68.000
0.049,0.000,0.005,20.510,4816.430,-0.466,68.000
0.051,0.003,0.011,19.517,275427.438,6.425,68.000
0.049,0.002,0.011,20.290,260754.469,6.210,68.000
0.050,0.016,0.014,19.146,262681.469,8.084,68.000
0.048,0.003,0.012,20.608,229629.156,6.114,68.000
0.050,0.000,0.007,25.230,-21491.602,1.771,68.000
0.057,0.000,0.012,21.966,-31357.070,0.927,68.000
0.058,0.001,0.012,20.179,242000.688,2.222,68.000
0.057,0.001,0.004,23.455,98883.195,3.149,68.000
0.049,0.007,0.012,20.409,227308.812,7.595,68.000
0.060,0.001,0.009,20.056,184614.344,1.750,68.000
0.049,0.008,0.012,21.595,242188.531,8.148,68.000
0.044,0.001,0.016,22.923,157409.250,1.804,68.000
0.050,0.022,0.011,20.971,252117.500,6.005,68.000
0.046,0.001,0.015,21.525,221726.031,5.045,68.000
0.048,0.022,0.012,19.939,278724.219,7.909,68.000
0.050,0.005,0.013,18.957,240493.969,6.738,68.000
0.055,0.001,0.006,21.785,179034.594,2.658,68.000
0.048,0.002,0.013,21.512,209585.438,6.057,68.000
0.056,0.000,0.015,23.748,9792.391,0.880,68.000
0.050,0.010,0.013,20.641,228901.938,7.276,68.000
0.049,0.010,0.014,19.067,237244.656,6.308,68.000
0.051,0.001,0.020,22.066,169524.844,2.352,68.000
0.049,0.008,0.014,19.699,233815.125,6.764,68.000
0.059,0.001,0.012,22.359,138208.375,0.883,68.000
0.052,0.017,0.011,22.937,224077.938,6.856,68.000
0.050,0.019,0.010,21.588,237524.688,6.893,68.000
0.049,0.020,0.014,18.438,275840.125,9.599,68.000
0.054,0.001,0.012,25.247,200837.750,2.850,68.000
0.048,0.018,0.012,21.606,234437.344,9.250,68.000
0.099,0.012,0.011,16.881,216710.062,8.453,68.000
0.050,0.014,0.011,22.168,222067.781,8.791,68.000
0.050,0.015,0.012,21.902,233188.188,8.534,68.000
0.051,0.014,0.014,19.193,257952.656,7.821,68.000
0.048,0.020,0.014,18.853,278551.562,9.974,68.000
0.047,0.000,0.009,24.795,-49991.945,0.322,68.000
0.052,0.018,0.013,20.783,250421.375,7.996,68.000
0.049,0.009,0.011,21.582,257129.094,8.157,68.000
0.049,0.022,0.011,19.630,275447.688,6.730,68.000
0.051,0.011,0.011,21.190,254727.781,8.240,68.000
0.047,0.002,0.011,20.480,240940.406,6.375,68.000
0.051,0.021,0.012,21.361,237559.344,8.506,68.000
0.050,0.014,0.013,20.138,248461.781,7.858,68.000
0.042,0.000,0.015,23.325,38393.961,-0.263,68.000
0.042,0.001,0.007,20.565,189284.812,1.934,68.000
0.048,0.000,0.019,24.103,27581.008,-2.271,68.000
0.051,0.011,0.012,21.632,235624.406,8.384,68.000
0.055,0.002,0.011,21.147,249574.938,3.562,68.000
0.041,0.000,0.012,23.141,1266.656,1.490,68.000
0.050,0.014,0.011,22.144,226189.094,8.196,68.000
0.048,0.000,0.004,25.291,-61519.957,-1.863,68.000
0.048,0.000,0.018,27.731,26892.336,-0.062,68.000
0.039,0.001,0.012,19.149,178824.688,1.887,68.000
0.048,0.023,0.012,19.924,293622.656,8.181,68.000
0.051,0.004,0.012,18.754,258061.094,6.521,68.000
0.044,0.001,0.013,27.062,55941.055,0.179,68.000
0.041,0.001,0.009,19.949,157724.938,1.670,68.000
0.052,0.007,0.012,19.539,258399.781,7.978,68.000
0.052,0.001,0.005,22.698,151597.406,2.223,68.000
0.052,0.002,0.005,20.909,177389.594,2.913,68.000
0.041,0.001,0.016,19.428,114300.992,1.727,68.000
0.053,0.000,0.007,20.862,35651.117,1.701,68.000
0.044,0.001,0.009,22.509,107370.148,1.676,68.000
0.058,0.001,0.014,23.114,51883.352,1.513,68.000
0.049,0.010,0.014,19.688,238316.562,6.312,68.000
0.043,0.000,0.018,23.407,92300.805,1.059,68.000
0.050,0.003,0.009,18.771,274318.188,5.477,68.000
0.050,0.003,0.014,18.081,241497.031,5.809,68.000
0.053,0.001,0.010,20.949,254520.719,5.481,68.000
0.047,0.000,0.012,30.811,3719.555,0.812,68.000
0.048,0.008,0.011,21.203,254371.875,7.525,68.000
0.049,0.021,0.013,19.715,267401.406,9.480,68.000
0.052,0.007,0.011,19.231,267448.500,7.884,68.000
0.052,0.012,0.011,20.768,254875.375,8.191,68.000
0.048,0.006,0.014,17.874,204717.188,6.384,68.000
0.050,0.001,0.007,22.491,186923.125,2.388,68.000
0.051,0.025,0.013,22.615,258525.688,8.524,68.000
0.044,0.000,0.005,26.289,-34632.656,0.554,68.000
0.050,0.024,0.010,19.396,278317.969,4.743,68.000
0.050,0.002,0.010,19.283,273342.812,5.844,68.000
0.002,0.010,0.013,21.318,116796.773,6.951,68.000
0.049,0.006,0.014,17.882,205449.281,5.704,68.000
0.051,0.006,0.011,18.565,280073.375,7.154,68.000
0.052,0.001,0.022,21.926,59882.445,0.213,68.000
0.048,0.003,0.012,20.574,227514.125,6.090,68.000
0.044,0.000,0.007,26.561,-30757.328,1.587,68.000
0.059,0.000,0.013,21.045,-88972.422,2.015,68.000
0.041,0.000,0.016,20.996,5162.070,-1.892,68.000
0.098,0.012,0.014,23.270,165155.688,4.909,68.000
0.049,0.009,0.011,21.277,255298.625,7.959,68.000
0.051,0.011,0.014,19.175,230066.188,6.727,68.000
0.059,0.001,0.013,22.297,137080.688,0.663,68.000
0.055,0.002,0.010,21.629,245041.281,3.731,68.000
0.049,0.002,0.010,19.697,249558.531,5.231,68.000
0.060,0.001,0.008,20.431,163538.969,1.857,68.000
0.055,0.002,0.009,22.030,210081.844,2.857,68.000
0.054,0.001,0.005,25.876,-47913.984,-0.009,68.000
0.052,0.004,0.013,17.992,254378.750,6.617,68.000
0.051,0.027,0.014,24.753,109763.539,7.733,68.000
0.100,0.012,0.011,17.644,-14237.664,10.361,68.000
0.050,0.026,0.014,22.476,265254.000,9.410,68.000
0.050,0.001,0.020,22.929,171968.406,2.531,68.000
0.050,0.000,0.015,30.609,15061.875,-0.663,68.000
0.050,0.007,0.013,19.116,227237.844,7.311,68.000
0.051,0.009,0.014,19.474,224763.031,6.353,68.000
0.042,0.001,0.011,22.757,119004.398,2.032,68.000
0.051,0.018,0.012,22.390,229501.031,8.459,68.000
0.050,0.009,0.014,19.363,231775.156,6.303,68.000
0.048,0.002,0.013,20.006,220719.344,6.356,68.000
0.057,0.001,0.009,21.645,219792.750,2.321,68.000
0.048,0.004,0.012,20.488,225454.062,6.032,68.000
0.051,0.009,0.011,20.939,252645.594,8.684,68.000
0.046,0.000,0.010,31.869,-2448.766,1.273,68.000
0.043,0.002,0.013,20.520,208393.938,4.502,68.000
0.060,0.001,0.010,19.292,210147.688,1.029,68.000
0.043,0.001,0.006,24.306,54436.523,-0.200,68.000
0.047,0.001,0.018,25.506,121408.180,1.273,68.000
0.051,0.027,0.013,23.571,222759.062,7.767,68.000
0.058,0.001,0.014,24.138,65754.352,1.417,68.000
0.056,0.000,0.007,22.709,10705.695,1.982,68.000
0.051,0.001,0.009,22.639,203843.000,4.379,68.000
0.055,0.000,0.011,26.464,-21426.250,0.471,68.000
0.043,0.000,0.015,26.423,45591.023,1.497,68.000
0.052,0.022,0.012,22.421,230286.000,7.685,68.000
0.052,0.023,0.013,21.864,247182.094,9.270,68.000
0.051,0.012,0.014,19.760,230545.719,7.504,68.000
0.050,0.014,0.013,20.452,247426.469,7.913,68.000
0.052,0.001,0.010,21.252,251891.500,5.454,68.000
0.042,0.001,0.005,23.104,158200.438,1.065,68.000
0.047,0.001,0.016,22.131,265524.750,4.602,68.000
0.045,0.001,0.017,21.900,237117.188,3.844,68.000
0.052,0.007,0.010,18.323,282038.719,6.759,68.000
0.049,0.010,0.013,21.146,229078.281,6.515,68.000
0.060,0.000,0.013,18.727,-47917.555,1.720,68.000
0.053,0.000,0.011,30.440,-3866.492,2.740,68.000
0.041,0.000,0.014,20.366,104892.508,0.557,68.000
0.048,0.002,0.017,21.408,272681.938,4.266,68.000
0.051,0.017,0.012,22.220,236229.469,8.207,68.000
0.050,0.020,0.014,18.674,267582.594,9.062,68.000
0.056,0.000,0.017,24.479,-26259.203,0.037,68.000
0.050,0.026,0.011,20.780,274359.469,6.058,68.000
0.045,0.000,0.021,22.266,19003.102,0.766,68.000
0.051,0.001,0.014,30.016,47717.992,0.703,68.000
0.048,0.014,0.012,21.762,227808.000,9.273,68.000
0.051,0.000,0.002,25.760,-130921.000,-1.689,68.000
0.002,0.011,0.011,18.977,206911.156,5.810,68.000
0.051,0.000,0.010,27.148,-37724.297,0.108,68.000
0.049,0.006,0.013,19.583,215474.094,6.865,68.000
0.099,0.011,0.012,19.554,202467.344,6.711,68.000
0.056,0.000,0.012,20.682,-108977.945,-0.454,68.000
0.041,0.001,0.016,17.470,193320.906,4.539,68.000
0.050,0.014,0.010,21.465,230828.125,7.706,68.000
0.053,0.001,0.020,23.464,84466.914,0.774,68.000
0.050,0.020,0.011,21.617,245505.094,7.337,68.000
0.048,0.015,0.012,21.637,228446.062,8.954,68.000
0.051,0.001,0.012,31.505,41567.508,1.140,68.000
0.002,0.012,0.011,18.516,224695.406,6.051,68.000
0.058,0.001,0.019,19.993,165669.688,1.127,68.000
0.051,0.009,0.013,20.801,226738.188,7.576,68.000
0.098,0.012,0.013,21.510,181882.000,5.416,68.000
0.040,0.001,0.017,17.233,183358.812,4.781,68.000
0.053,0.000,0.009,26.534,45061.898,2.554,68.000
0.048,0.000,0.001,20.923,-1473.977,1.169,68.000
0.052,0.024,0.011,21.892,245340.562,6.307,68.000
0.049,0.019,0.012,21.962,244202.250,8.954,68.000
0.053,0.002,0.010,21.203,246283.969,4.886,68.000
0.057,0.001,0.015,24.547,67554.070,1.328,68.000
0.048,0.012,0.013,21.079,239044.625,7.461,68.000
0.049,0.008,0.009,19.888,278884.125,6.773,68.000
0.050,0.000,0.004,26.368,-175330.656,-2.510,68.000
0.053,0.001,0.008,23.608,180508.438,2.137,68.000
-0.000,0.013,0.011,24.988,-4745.578,13.551,68.000
0.049,0.000,0.004,25.799,-71885.781,-0.999,68.000
0.045,0.000,0.020,22.975,57115.711,0.931,68.000
0.050,0.002,0.015,21.465,248564.031,4.654,68.000
0.051,0.020,0.013,19.238,259917.344,9.137,68.000
0.050,0.017,0.010,21.933,220378.250,7.042,68.000
0.050,0.014,0.013,21.458,241730.531,8.356,68.000
0.055,0.002,0.015,22.042,246367.719,3.133,68.000
0.052,0.011,0.011,20.383,258360.094,8.062,68.000
0.045,0.001,0.004,22.646,165982.531,1.249,68.000
0.048,0.003,0.012,20.499,214788.500,6.002,68.000
0.051,0.007,0.014,18.979,213916.562,6.235,68.000
0.049,0.008,0.011,21.085,255859.875,7.848,68.000
0.052,0.009,0.013,20.377,231074.656,7.875,68.000
0.052,0.016,0.011,22.810,223597.844,7.388,68.000
0.052,0.020,0.010,22.355,242521.656,5.576,68.000
0.048,0.001,0.005,23.586,109985.461,1.229,68.000
0.056,0.001,0.009,23.716,182568.938,1.251,68.000
0.041,0.001,0.010,20.954,128108.711,1.401,68.000
0.049,0.003,0.011,19.699,268107.344,6.140,68.000
0.050,0.008,0.014,19.219,219572.938,6.026,68.000
0.050,0.013,0.014,19.653,235749.125,7.729,68.000
0.048,0.013,0.011,21.886,233263.594,8.980,68.000
0.057,0.000,0.018,18.690,36034.445,1.044,68.000
0.052,0.001,0.017,22.662,257454.531,3.906,68.000
0.048,0.008,0.012,21.267,216699.219,7.366,68.000
0.046,0.000,0.009,22.294,30319.977,-0.206,68.000
0.052,0.000,0.009,30.567,-18651.984,2.032,68.000
0.052,0.014,0.012,21.361,225611.062,8.015,68.000
0.049,0.005,0.014,17.348,211914.625,6.474,68.000
0.002,0.013,0.011,18.375,236889.875,6.539,68.000
0.050,0.001,0.015,25.101,225064.656,3.842,68.000
0.054,0.002,0.017,21.705,250582.594,3.551,68.000
0.051,0.026,0.012,23.541,247838.344,8.468,68.000
0.048,0.001,0.006,21.187,196532.094,2.825,68.000
0.052,0.004,0.012,18.596,260863.875,6.516,68.000
0.052,0.010,0.012,20.817,243548.125,8.335,68.000
0.048,0.000,0.012,27.284,-33635.906,-2.079,68.000
0.049,0.013,0.011,21.920,237165.562,8.528,68.000
0.056,0.001,0.014,22.192,210812.719,2.681,68.000
0.049,0.001,0.007,23.233,153368.656,1.965,68.000
0.050,0.001,0.020,24.208,73264.961,0.435,68.000
0.059,0.001,0.006,22.484,100261.102,3.357,68.000
0.051,0.000,0.022,23.606,12450.516,-0.774,68.000
0.099,0.013,0.013,24.362,133134.406,5.762,68.000
0.042,0.000,0.017,22.686,12925.305,0.314,68.000
0.049,0.000,0.014,31.608,24392.688,-0.319,68.000
0.051,0.009,0.010,20.393,277556.094,7.428,68.000
0.048,0.016,0.014,20.664,244739.969,8.789,68.000
0.051,0.005,0.012,19.329,248803.312,6.639,68.000
0.052,0.003,0.012,19.287,270581.812,6.368,68.000
0.059,0.001,0.012,22.686,105968.070,0.148,68.000
0.053,0.000,0.015,27.420,-90016.250,0.734,68.000
0.048,0.001,0.004,23.752,150843.344,1.807,68.000
0.054,0.001,0.004,22.471,120354.164,2.669,68.000
0.052,0.000,0.011,30.710,17054.117,2.525,68.000
0.050,0.016,0.011,22.086,220452.281,8.082,68.000
0.052,0.021,0.013,21.584,226358.312,8.932,68.000
0.047,0.001,0.005,22.467,178841.906,2.065,68.000
0.049,0.005,0.012,20.766,250946.500,6.559,68.000
0.051,0.005,0.014,17.475,236764.156,5.912,68.000
0.049,0.025,0.014,20.353,293167.312,9.157,68.000
0.056,0.000,0.013,26.816,-75288.453,-0.330,68.000
0.051,0.003,0.010,18.686,284273.812,5.788,68.000
0.051,0.006,0.012,19.622,258590.375,7.659,68.000
0.050,0.000,0.017,26.543,10076.508,1.414,68.000
0.050,0.015,0.014,19.963,264100.125,8.128,68.000
0.051,0.021,0.012,22.026,236661.438,6.624,68.000
0.048,0.001,0.014,25.687,172594.438,3.003,68.000
0.048,0.026,0.012,20.918,294198.844,6.568,68.000
0.050,0.014,0.011,22.118,229797.406,8.244,68.000
0.043,0.001,0.009,23.037,82910.414,0.567,68.000
0.052,0.002,0.014,21.494,255775.938,4.410,68.000
0.051,0.026,0.011,22.206,260388.562,6.959,68.000
0.052,0.005,0.012,18.858,268962.375,6.572,68.000
0.048,0.001,0.019,22.324,237468.125,3.698,68.000
0.052,0.002,0.013,19.829,253098.500,5.495,68.000
0.051,0.027,0.010,20.446,270527.031,9.390,68.000
0.051,0.014,0.010,21.401,248561.312,7.511,68.000
0.052,0.002,0.009,21.523,228477.156,3.768,68.000
0.052,0.001,0.021,22.614,120773.805,0.799,68.000
0.049,0.026,0.010,19.043,277448.500,5.704,68.000
0.057,0.000,0.010,24.576,22516.531,1.075,68.000
0.055,0.001,0.017,23.561,119713.977,1.349,68.000
0.052,0.001,0.019,22.361,206004.969,2.878,68.000
0.050,0.013,0.012,21.230,237918.250,8.973,68.000
0.044,0.001,0.008,19.532,199533.156,2.293,68.000
0.055,0.001,0.006,22.828,154320.531,2.337,68.000
0.049,0.007,0.014,18.361,211672.781,5.968,68.000
0.098,0.011,0.011,17.531,215457.594,7.820,68.000
0.043,0.000,0.010,22.969,-7130.352,-0.441,68.000
0.050,0.000,0.022,24.576,38171.664,-1.522,68.000
0.050,0.022,0.014,20.361,260817.906,9.199,68.000
0.051,0.003,0.011,19.379,278165.938,6.229,68.000
0.058,0.001,0.007,24.294,22165.977,2.653,68.000
0.048,0.007,0.011,20.776,242551.781,7.170,68.000
0.046,0.001,0.009,20.880,185219.094,2.798,68.000
0.041,0.000,0.012,24.548,-23704.289,-1.732,68.000
0.049,0.001,0.004,22.258,159327.219,2.237,68.000
0.049,0.000,0.005,24.629,22177.672,0.812,68.000
0.050,0.021,0.013,19.562,269495.375,9.270,68.000
0.098,0.012,0.013,22.560,174082.188,5.262,68.000
0.049,0.000,0.012,29.735,-11870.188,1.211,68.000
0.049,0.007,0.011,20.916,254754.375,7.812,68.000
0.051,0.003,0.013,19.371,252472.688,5.972,68.000
0.051,0.009,0.014,19.819,227101.531,6.806,68.000
0.045,0.000,0.019,23.655,5367.031,-0.533,68.000
0.040,0.001,0.014,19.073,177738.406,2.968,68.000
0.042,0.001,0.019,20.365,181776.531,2.883,68.000
0.048,0.013,0.010,22.651,233600.938,8.168,68.000
0.054,0.001,0.021,21.877,95391.180,0.434,68.000
0.050,0.024,0.014,20.985,270643.000,9.326,68.000
0.049,0.012,0.012,21.110,244099.062,7.925,68.000
0.051,0.006,0.013,17.979,231330.062,6.672,68.000
0.059,0.000,0.008,21.686,14374.844,2.763,68.000
0.049,0.006,0.011,20.986,255984.906,7.634,68.000
0.052,0.000,0.019,23.332,44290.445,-1.600,68.000
0.052,0.014,0.013,21.072,244744.969,8.298,68.000
0.051,0.006,0.014,18.644,221883.094,6.414,68.000
0.049,0.006,0.014,18.113,204740.875,6.062,68.000
0.049,0.021,0.011,20.301,269616.156,6.650,68.000
0.053,0.001,0.015,23.733,240907.656,3.205,68.000
0.048,0.025,0.012,20.742,299232.750,6.995,68.000
0.052,0.020,0.013,21.183,228441.594,8.515,68.000
0.053,0.000,0.019,23.812,14513.555,-2.453,68.000
0.049,0.022,0.013,20.331,273423.062,8.917,68.000
0.048,0.001,0.017,21.733,269898.125,4.205,68.000
0.051,0.007,0.011,20.111,264073.406,8.162,68.000
0.051,0.026,0.014,23.157,250196.188,9.560,68.000
0.047,0.001,0.014,22.070,219885.812,5.297,68.000
0.049,0.000,0.020,23.649,115155.852,-2.234,68.000
0.060,0.000,0.012,18.847,28024.008,1.767,68.000
0.052,0.000,0.009,25.114,18329.602,-0.029,68.000
0.048,0.001,0.021,22.035,104037.039,1.092,68.000
0.049,0.016,0.014,19.385,258953.750,8.331,68.000
0.049,0.001,0.009,26.453,60135.336,0.723,68.000
0.002,0.013,0.011,19.107,217958.125,6.641,68.000
0.050,0.016,0.014,18.410,268542.688,7.678,68.000
0.048,0.010,0.011,22.333,237175.531,7.812,68.000
0.058,0.001,0.013,24.499,106061.992,1.282,68.000
0.055,0.001,0.011,25.749,179130.719,2.001,68.000
0.052,0.000,0.022,21.873,-20367.125,0.425,68.000
0.048,0.005,0.011,20.027,246952.188,6.345,68.000
0.052,0.022,0.012,22.697,224026.688,7.686,68.000
0.050,0.001,0.004,23.894,145510.062,2.070,68.000
0.050,0.006,0.012,20.737,248609.812,7.236,68.000
0.050,0.001,0.022,21.395,93102.336,0.453,68.000
0.060,0.001,0.009,21.728,101737.102,1.542,68.000
0.052,0.001,0.004,22.030,134622.062,2.660,68.000
0.049,0.008,0.013,20.601,221668.000,7.371,68.000
0.050,0.026,0.013,22.838,267822.062,9.664,68.000
0.051,0.011,0.013,21.331,231024.562,8.223,68.000
0.044,0.000,0.012,26.123,-47102.094,-2.396,68.000
0.051,0.011,0.013,21.346,231599.281,8.099,68.000
0.052,0.002,0.008,21.584,208952.000,2.872,68.000
0.055,0.002,0.013,23.193,258139.156,3.685,68.000
0.054,0.000,0.006,21.223,8905.883,2.089,68.000
0.051,0.027,0.012,25.052,195755.188,11.138,68.000
0.045,0.000,0.017,24.121,146847.406,0.836,68.000
0.051,0.002,0.010,19.487,270736.219,5.821,68.000
0.050,0.001,0.021,22.865,81771.539,0.354,68.000
0.052,0.006,0.014,18.790,209633.531,5.673,68.000
0.049,0.009,0.011,21.903,244814.125,8.287,68.000
0.054,0.002,0.016,22.044,259367.750,3.402,68.000
0.051,0.002,0.007,21.281,194996.250,2.630,68.000
0.051,0.007,0.012,20.193,259596.844,8.241,68.000
0.059,0.001,0.014,20.258,146676.781,1.192,68.000
0.048,0.026,0.013,21.392,292152.250,8.484,68.000
0.049,0.007,0.014,18.366,215043.375,6.253,68.000
0.051,0.008,0.015,19.366,203936.938,5.555,68.000
0.042,0.000,0.017,23.770,87703.398,0.369,68.000
0.048,0.019,0.012,20.983,245258.000,8.218,68.000
0.049,0.005,0.010,18.975,272456.406,6.070,68.000
0.049,0.008,0.011,20.974,256762.219,7.736,68.000
0.056,0.000,0.018,21.535,55220.086,0.945,68.000
0.050,0.023,0.013,20.725,266792.062,9.017,68.000
0.049,0.002,0.006,20.831,193299.062,2.880,68.000
0.053,0.000,0.019,25.514,30112.258,0.671,68.000
0.055,0.001,0.015,28.447,32610.664,0.666,68.000
0.047,0.000,0.020,24.928,83338.570,0.745,68.000
0.050,0.002,0.006,20.576,186119.438,3.033,68.000
0.052,0.001,0.015,26.456,148804.094,2.364,68.000
0.059,0.000,0.017,19.577,23297.461,0.403,68.000
0.051,0.026,0.011,21.837,247409.531,6.663,68.000
0.058,0.001,0.016,20.594,150772.094,1.564,68.000
0.051,0.001,0.011,23.158,230787.781,4.679,68.000
0.059,0.001,0.010,20.339,203159.844,0.685,68.000
0.098,0.010,0.012,18.826,207583.156,7.025,68.000
0.048,0.007,0.012,20.845,233568.094,7.400,68.000
0.044,0.002,0.011,19.342,225695.188,5.234,68.000
0.049,0.007,0.011,19.815,260614.938,7.296,68.000
0.048,0.001,0.018,23.613,205598.125,3.061,68.000
0.042,0.001,0.018,20.740,121738.383,1.496,68.000
0.046,0.001,0.018,24.499,120542.055,1.061,68.000
0.046,0.000,0.008,31.218,-10967.719,1.778,68.000
0.042,0.001,0.009,19.787,180205.531,2.158,68.000
0.044,0.001,0.010,18.872,209926.469,4.408,68.000
0.044,0.000,0.012,30.111,16114.695,0.999,68.000
0.050,0.019,0.011,21.372,246502.156,7.423,68.000
0.049,0.020,0.014,18.299,277282.938,9.361,68.000
0.049,0.003,0.013,18.090,232377.250,6.517,68.000
0.049,0.019,0.011,21.066,248379.125,7.596,68.000
0.051,0.020,0.013,19.456,255474.188,9.082,68.000
0.046,0.002,0.011,19.187,248898.250,6.240,68.000
0.051,0.024,0.013,21.851,253059.375,8.640,68.000
0.050,0.024,0.010,19.589,267383.750,5.075,68.000
0.041,0.000,0.006,19.788,81047.695,0.399,68.000
0.054,0.000,0.007,23.186,4753.406,0.691,68.000
0.057,0.000,0.019,20.414,256.039,-0.777,68.000
0.048,0.013,0.012,21.267,245531.750,8.261,68.000
0.049,0.000,0.018,28.966,9711.008,-0.357,68.000
0.049,0.015,0.012,21.326,238651.125,8.892,68.000
0.054,0.000,0.011,28.250,19951.914,3.056,68.000
0.054,0.000,0.011,25.712,-81027.438,-0.776,68.000
0.052,0.001,0.006,21.254,179342.344,2.397,68.000
0.051,0.021,0.011,22.347,230178.625,6.072,68.000
0.050,0.019,0.013,20.031,260956.625,8.974,68.000
0.043,0.001,0.010,24.931,11401.352,-0.089,68.000
0.045,0.000,0.015,29.484,8357.430,-1.325,68.000
0.049,0.016,0.010,21.727,214841.781,7.916,68.000
0.047,0.001,0.021,21.400,171579.062,2.438,68.000
0.054,0.000,0.012,28.171,1838.555,2.490,68.000
0.049,0.016,0.012,22.584,222341.562,8.403,68.000
0.050,0.009,0.011,21.402,258343.281,8.265,68.000
0.051,0.015,0.010,21.844,221785.031,7.950,68.000
0.049,0.000,0.008,23.805,-14378.922,-0.561,68.000
0.051,0.001,0.018,22.270,246322.344,3.422,68.000
0.052,0.023,0.011,21.868,243712.906,5.644,68.000
0.054,0.000,0.021,20.637,-65026.867,3.259,68.000
0.051,0.026,0.013,23.068,264020.156,8.816,68.000
0.058,0.001,0.014,20.076,191671.750,2.507,68.000
0.052,0.013,0.011,21.551,233237.719,8.299,68.000
0.051,0.000,0.005,23.812,-4996.672,0.657,68.000
0.052,0.000,0.007,23.620,10976.336,-0.575,68.000
0.058,0.000,0.006,21.974,-105151.641,3.476,68.000
0.054,0.001,0.021,20.439,160553.375,1.742,68.000
0.051,0.025,0.012,22.529,259511.969,8.099,68.000
0.050,0.023,0.014,20.003,276651.625,9.305,68.000
0.055,0.002,0.012,22.300,262816.562,4.314,68.000
0.054,0.001,0.015,22.620,236966.125,2.985,68.000
0.051,0.008,0.013,20.539,242028.781,8.143,68.000
0.051,0.026,0.014,22.734,258123.125,9.627,68.000
0.046,0.001,0.007,19.977,208659.281,2.633,68.000
0.050,0.000,0.016,29.799,25587.641,-0.288,68.000
0.052,0.011,0.011,20.609,249832.531,7.966,68.000
0.044,0.000,0.018,23.838,64422.555,-1.860,68.000
0.049,0.008,0.011,21.184,256703.469,7.860,68.000
0.049,0.001,0.005,21.995,175976.844,2.806,68.000
0.052,0.001,0.011,25.418,185611.219,3.714,68.000
0.052,0.002,0.006,20.767,179778.469,2.685,68.000
0.049,0.012,0.013,20.630,238580.969,7.777,68.000
0.048,0.000,0.020,22.712,53495.414,-0.121,68.000
0.046,0.001,0.017,21.142,267206.125,4.679,68.000
0.048,0.006,0.012,21.174,241140.906,7.341,68.000
0.058,0.001,0.014,22.145,84673.289,0.923,68.000
0.052,0.002,0.017,22.466,274075.344,4.240,68.000
0.049,0.006,0.010,18.864,274688.906,6.244,68.000
0.052,0.002,0.012,20.011,256477.344,5.617,68.000
0.049,0.025,0.012,21.370,284726.031,7.528,68.000
0.097,0.012,0.012,19.473,205748.031,7.548,68.000
0.059,0.000,0.014,21.520,98800.227,1.255,68.000
0.051,0.000,0.011,27.634,-19918.016,-0.326,68.000
0.055,0.000,0.020,20.969,-16010.836,2.226,68.000
0.053,0.000,0.004,22.861,-40012.113,0.425,68.000
0.052,0.009,0.011,20.061,264987.594,8.097,68.000
0.052,0.005,0.013,17.561,239101.469,6.277,68.000
0.053,0.000,0.018,25.389,-52952.570,1.389,68.000
0.002,0.010,0.011,19.387,205627.750,5.259,68.000
0.053,0.001,0.010,21.050,245982.969,5.143,68.000
0.050,0.014,0.010,21.888,235667.719,7.758,68.000
0.052,0.005,0.014,17.749,232610.188,5.755,68.000
0.054,0.001,0.021,21.072,141435.094,1.382,68.000
0.049,0.013,0.010,22.197,240792.625,7.837,68.000
0.050,0.019,0.014,17.838,278912.844,8.429,68.000
0.050,0.026,0.013,23.184,260024.062,8.913,68.000
0.048,0.000,0.006,22.087,-16627.453,-0.679,68.000
0.049,0.001,0.004,22.514,164212.125,2.259,68.000
0.057,0.001,0.020,19.917,170056.375,1.459,68.000
0.051,0.012,0.012,21.126,233090.438,8.749,68.000
0.050,0.005,0.013,17.877,236203.625,6.744,68.000
0.002,0.010,0.012,21.201,158406.812,6.425,68.000
0.052,0.019,0.013,20.478,239236.188,8.363,68.000
0.050,0.021,0.012,21.623,250302.562,7.261,68.000
0.044,0.002,0.010,18.613,228864.750,5.674,68.000
0.047,0.001,0.013,29.197,64760.898,1.306,68.000
0.049,0.001,0.013,25.639,181348.812,4.088,68.000
0.056,0.000,0.019,25.542,-51328.816,0.946,68.000
0.056,0.001,0.018,21.498,185224.406,2.114,68.000
0.048,0.023,0.012,20.022,286149.719,8.177,68.000
0.050,0.012,0.012,21.344,238436.688,8.506,68.000
0.049,0.013,0.012,21.514,243448.500,8.397,68.000
0.052,0.001,0.006,21.207,179768.906,2.511,68.000
0.042,0.001,0.014,17.954,207079.281,3.655,68.000
0.050,0.021,0.011,21.160,248800.750,6.306,68.000
0.059,0.001,0.015,18.975,130743.914,1.083,68.000
0.048,0.006,0.013,19.037,206548.844,6.356,68.000
0.043,0.001,0.013,20.943,209659.500,4.362,68.000
0.048,0.019,0.012,21.060,247147.156,8.877,68.000
0.041,0.000,0.009,19.308,2294.219,-0.364,68.000
0.061,0.000,0.013,19.747,92829.055,1.196,68.000
0.051,0.021,0.013,21.409,231738.406,8.823,68.000
0.052,0.006,0.011,19.100,267107.156,7.335,68.000
0.002,0.012,0.012,20.859,174800.062,7.523,68.000
0.052,0.010,0.011,20.275,264344.625,8.068,68.000
0.058,0.001,0.006,21.018,163862.438,3.728,68.000
0.051,0.007,0.010,18.749,271733.156,7.425,68.000
0.057,0.000,0.005,20.698,-32703.875,4.066,68.000
0.051,0.021,0.013,20.751,242957.781,9.265,68.000
0.052,0.013,0.010,21.479,248296.656,7.674,68.000
0.050,0.007,0.010,19.171,270440.562,7.161,68.000
0.049,0.017,0.013,21.467,252010.250,8.850,68.000
0.050,0.005,0.011,18.675,287814.500,6.220,68.000
0.002,0.011,0.012,21.051,173298.219,6.624,68.000
0.000,0.012,0.013,23.507,-78346.828,13.067,68.000
0.001,0.012,0.011,19.685,208280.656,6.477,68.000
0.055,0.001,0.019,22.491,156329.719,1.753,68.000
0.049,0.020,0.011,21.043,251210.719,7.554,68.000
0.050,0.010,0.011,21.433,251637.875,8.532,68.000
0.097,0.013,0.013,21.676,179149.938,6.521,68.000
0.051,0.024,0.012,22.346,250963.375,7.524,68.000
0.049,0.012,0.012,21.544,241386.625,8.042,68.000
0.052,0.005,0.012,19.084,267022.406,6.926,68.000
0.049,0.010,0.014,19.479,239822.812,6.136,68.000
0.054,0.000,0.020,21.415,1825.477,-0.757,68.000
0.057,0.001,0.013,26.081,88201.617,0.868,68.000
0.052,0.008,0.010,18.836,280696.000,7.130,68.000
0.046,0.001,0.014,21.801,221344.406,5.368,68.000
0.046,0.001,0.008,23.104,116243.930,1.386,68.000
0.100,0.012,0.013,20.478,-36037.367,8.573,68.000
0.049,0.006,0.013,19.845,226660.688,6.855,68.000
0.048,0.016,0.012,22.114,219981.969,8.700,68.000
0.050,0.001,0.007,21.464,183747.406,2.402,68.000
0.051,0.026,0.011,21.016,250950.938,5.918,68.000
0.050,0.000,0.019,24.410,72505.039,-0.812,68.000
0.047,0.001,0.008,23.713,91695.180,1.108,68.000
0.051,0.011,0.014,19.779,229165.438,7.281,68.000
0.053,0.000,0.013,28.046,-42068.887,-1.346,68.000
0.051,0.001,0.007,21.626,176083.750,2.250,68.000
0.050,0.003,0.010,19.357,276167.719,5.989,68.000
0.001,0.012,0.012,20.506,199178.969,7.182,68.000
0.051,0.017,0.013,22.181,239123.969,8.367,68.000
0.052,0.001,0.008,23.971,174058.844,2.217,68.000
0.051,0.017,0.011,22.946,220721.375,7.383,68.000
0.048,0.000,0.019,20.993,38025.477,2.212,68.000
0.050,0.001,0.010,22.639,203083.969,4.549,68.000
0.058,0.001,0.011,20.765,228551.344,1.594,68.000
0.051,0.020,0.012,22.298,236534.281,7.590,68.000
0.048,0.022,0.012,20.180,280653.062,8.200,68.000
0.059,0.001,0.014,22.311,73071.320,0.842,68.000
0.050,0.000,0.011,27.514,66692.633,-0.131,68.000
0.050,0.015,0.010,22.154,217394.625,8.170,68.000
0.049,0.005,0.010,18.941,282068.312,5.331,68.000
0.051,0.019,0.014,18.780,261857.844,8.575,68.000
0.058,0.000,0.007,22.775,-10561.234,2.758,68.000
0.053,0.001,0.007,25.389,68672.586,0.882,68.000
0.048,0.004,0.013,19.651,206825.500,6.137,68.000
0.051,0.000,0.017,29.527,-18188.305,-0.974,68.000
0.052,0.005,0.012,18.508,262743.438,6.553,68.000
0.052,0.020,0.013,21.383,227626.375,8.629,68.000
0.049,0.002,0.015,20.847,238527.781,5.119,68.000
0.052,0.001,0.010,24.362,177197.375,3.581,68.000
0.050,0.026,0.014,22.099,289934.969,9.515,68.000
0.002,0.013,0.012,20.346,197077.531,7.568,68.000
0.047,0.002,0.014,21.445,220409.125,5.571,68.000
0.051,0.023,0.011,21.221,249823.531,5.303,68.000
0.049,0.000,0.020,24.096,95143.695,-2.980,68.000
0.049,0.003,0.013,19.484,227677.969,6.442,68.000
0.044,0.001,0.011,20.182,180087.500,4.319,68.000
0.051,0.018,0.012,22.012,233775.344,8.044,68.000
0.055,0.001,0.014,27.705,35319.289,0.528,68.000
0.048,0.020,0.013,20.133,266838.312,9.882,68.000
0.052,0.016,0.012,22.686,224675.438,7.545,68.000
0.050,0.000,0.019,21.925,85981.836,-0.460,68.000
0.049,0.001,0.021,20.929,186058.688,2.895,68.000
0.057,0.000,0.017,23.756,2789.359,-0.121,68.000
0.055,0.001,0.020,21.957,138722.500,1.067,68.000
0.048,0.000,0.018,27.688,79287.586,0.946,68.000
0.049,0.016,0.013,22.044,228237.500,8.764,68.000
0.053,0.001,0.020,21.350,167648.281,2.186,68.000
0.058,0.000,0.018,21.535,78408.211,1.349,68.000
0.049,0.019,0.014,18.953,278432.750,9.074,68.000
0.049,0.016,0.011,22.126,221135.969,8.209,68.000
0.050,0.015,0.011,22.331,219165.500,8.472,68.000
0.050,0.014,0.013,21.098,244891.125,8.291,68.000
0.050,0.019,0.012,21.517,237904.906,8.983,68.000
0.048,0.001,0.012,26.006,160065.094,3.495,68.000
0.050,0.007,0.011,19.516,265686.438,7.403,68.000
0.047,0.001,0.007,24.015,119001.414,1.228,68.000
0.051,0.001,0.001,23.473,-3692.305,-0.016,68.000
0.052,0.013,0.011,21.047,226489.344,8.404,68.000
0.054,0.001,0.012,29.730,59298.758,1.079,68.000
0.047,0.001,0.022,20.095,112391.742,1.676,68.000
0.055,0.001,0.015,22.287,236343.656,2.886,68.000
0.050,0.001,0.004,24.044,135097.156,1.982,68.000
0.050,0.005,0.009,18.262,291256.281,5.492,68.000
0.042,0.001,0.017,18.749,235193.969,4.039,68.000
0.096,0.013,0.012,20.760,189641.969,7.210,68.000
0.048,0.001,0.014,22.032,236659.062,5.366,68.000
0.044,0.001,0.017,20.748,238860.594,3.607,68.000
0.051,0.016,0.014,19.442,267094.375,7.943,68.000
0.051,0.023,0.012,21.992,252751.125,6.610,68.000
0.056,0.001,0.019,22.641,139511.875,1.116,68.000
0.056,0.001,0.020,20.992,168327.594,1.789,68.000
0.059,0.000,0.014,18.901,-66799.000,0.968,68.000
0.049,0.012,0.010,22.131,276411.688,7.216,68.000
0.051,0.000,0.014,31.561,-8399.250,-0.842,68.000
0.047,0.000,0.011,29.737,-33578.992,0.925,68.000
0.051,0.010,0.014,19.075,233724.875,6.625,68.000
0.050,0.001,0.004,23.868,131310.750,1.770,68.000
0.050,0.000,0.001,20.724,-56037.297,-0.902,68.000
0.050,0.021,0.011,21.423,244074.594,6.760,68.000
0.049,0.004,0.012,20.300,228098.969,6.089,68.000
0.055,0.000,0.012,27.653,1653.398,2.941,68.000
0.051,0.022,0.014,20.279,262498.219,9.251,68.000
0.053,0.001,0.004,22.222,127357.867,2.766,68.000
0.050,0.000,0.008,24.752,23970.258,2.251,68.000
0.051,0.010,0.012,21.248,230034.875,8.323,68.000
0.050,0.023,0.012,20.877,266237.375,6.639,68.000
0.047,0.001,0.019,23.459,111179.492,1.118,68.000
0.042,0.001,0.009,19.842,174212.250,2.312,68.000
0.051,0.026,0.014,23.756,233709.812,9.377,68.000
0.050,0.018,0.013,20.291,261861.406,8.190,68.000
0.055,0.002,0.011,21.218,253961.594,3.803,68.000
0.049,0.022,0.012,21.091,263369.188,7.711,68.000
0.043,0.000,0.006,24.732,-12435.531,-1.599,68.000
0.045,0.001,0.014,27.021,52394.445,0.389,68.000
0.052,0.001,0.006,24.852,47124.773,0.556,68.000
0.050,0.005,0.010,18.960,285285.500,5.615,68.000
0.050,0.020,0.011,21.212,258023.500,6.838,68.000
0.051,0.000,0.009,25.836,82037.273,2.562,68.000
0.052,0.000,0.010,24.989,-35553.328,-0.062,68.000
0.051,0.010,0.011,20.715,263833.781,8.106,68.000
0.051,0.005,0.013,17.333,236976.875,6.583,68.000
0.052,0.007,0.013,19.416,246475.219,7.501,68.000
0.048,0.017,0.011,22.065,220844.531,8.072,68.000
0.041,0.001,0.010,20.185,157649.219,1.968,68.000
0.047,0.001,0.005,21.163,197066.531,2.912,68.000
0.049,0.026,0.014,21.601,291695.062,9.576,68.000
0.052,0.026,0.014,23.204,246808.656,9.523,68.000
0.051,0.025,0.012,22.594,259633.812,7.260,68.000
0.055,0.000,0.015,22.552,3466.453,3.914,68.000
0.051,0.008,0.013,19.616,227295.781,7.022,68.000
0.050,0.024,0.012,21.639,270524.781,7.875,68.000
0.051,0.020,0.011,21.751,250668.938,5.953,68.000
0.048,0.010,0.013,21.357,226672.875,6.373,68.000
0.049,0.020,0.011,20.963,254652.438,7.313,68.000
0.050,0.001,0.019,22.951,182047.531,2.655,68.000
0.045,0.001,0.012,21.314,214316.438,5.205,68.000
0.052,0.001,0.020,21.681,190554.438,2.654,68.000
0.051,0.012,0.014,19.586,234097.719,7.772,68.000
0.048,0.026,0.013,22.002,277521.156,8.219,68.000
0.051,0.007,0.011,20.504,264396.250,8.366,68.000
0.054,0.001,0.011,21.356,261959.531,4.647,68.000
0.050,0.009,0.015,18.954,225595.250,6.170,68.000
0.050,0.006,0.013,18.280,226416.219,6.822,68.000
0.002,0.012,0.013,21.097,154446.312,7.386,68.000
0.049,0.001,0.017,22.076,272562.125,4.235,68.000
0.051,0.008,0.014,19.762,224892.938,6.712,68.000
0.051,0.014,0.014,19.186,255707.250,7.782,68.000
0.052,0.002,0.018,22.113,249170.938,3.404,68.000
0.047,0.001,0.019,22.394,234947.000,3.872,68.000
0.051,0.001,0.007,24.985,72815.273,0.320,68.000
0.050,0.008,0.011,21.106,258651.906,8.618,68.000
0.059,0.000,0.013,20.593,-58500.141,2.097,68.000
0.056,0.001,0.019,21.943,162447.375,1.694,68.000
0.052,0.000,0.013,30.907,4865.320,1.944,68.000
0.049,0.001,0.005,21.690,183960.219,2.946,68.000
0.040,0.001,0.016,17.019,191936.844,4.621,68.000
0.052,0.005,0.011,19.203,270245.562,7.215,68.000
0.051,0.018,0.011,23.113,222820.156,7.007,68.000
0.050,0.000,0.006,23.448,-1999.562,0.814,68.000
0.043,0.001,0.011,26.155,24137.430,0.362,68.000
0.048,0.008,0.012,21.692,230775.469,7.345,68.000
0.052,0.018,0.012,21.881,228313.500,7.768,68.000
0.049,0.002,0.013,20.378,219113.625,6.444,68.000
0.041,0.000,0.009,22.891,-95533.484,1.409,68.000
0.053,0.002,0.012,22.483,269795.438,4.598,68.000
0.050,0.012,0.013,21.315,233892.312,8.252,68.000
0.048,0.003,0.011,19.840,257608.000,5.956,68.000
0.052,0.011,0.013,21.149,227664.719,8.612,68.000
0.053,0.001,0.009,25.078,152499.781,2.223,68.000
0.047,0.001,0.020,21.269,191845.469,2.910,68.000
0.045,0.001,0.010,20.686,168751.750,4.054,68.000
0.051,0.010,0.012,21.325,243326.188,8.387,68.000
0.049,0.002,0.011,20.369,255510.531,6.119,68.000
0.043,0.000,0.006,24.396,54388.586,-0.217,68.000
0.057,0.001,0.008,21.752,184865.062,2.020,68.000
0.052,0.006,0.011,18.499,282343.750,7.130,68.000
0.051,0.016,0.012,22.580,226874.250,7.888,68.000
0.048,0.001,0.012,21.970,219823.375,5.893,68.000
0.043,0.001,0.016,19.141,244098.062,4.039,68.000
0.055,0.001,0.017,21.392,228073.031,3.014,68.000
0.048,0.010,0.011,22.010,257125.281,7.961,68.000
0.052,0.005,0.012,19.297,266513.625,7.030,68.000
0.051,0.007,0.011,20.272,265685.719,8.239,68.000
0.051,0.001,0.016,24.166,246149.969,3.870,68.000
0.044,0.001,0.021,19.962,208545.562,3.529,68.000
0.039,0.001,0.011,19.840,157858.844,1.559,68.000
0.047,0.000,0.002,20.866,26885.195,0.252,68.000
0.048,0.009,0.011,22.019,251346.812,7.722,68.000
0.053,0.001,0.021,21.336,136070.875,1.163,68.000
0.052,0.009,0.014,19.585,222772.125,6.762,68.000
0.055,0.001,0.004,22.130,122004.633,2.917,68.000
0.043,0.000,0.012,27.301,-55821.984,-2.436,68.000
0.050,0.026,0.014,23.219,243352.969,8.919,68.000
0.050,0.001,0.009,28.449,-29428.297,0.012,68.000
0.052,0.001,0.017,26.475,91916.852,0.876,68.000
0.052,0.011,0.010,20.674,269392.969,7.601,68.000
0.054,0.001,0.007,24.512,128835.711,1.682,68.000
0.049,0.014,0.013,21.325,246930.094,8.525,68.000
0.048,0.001,0.022,20.862,166094.156,2.225,68.000
0.043,0.000,0.020,22.637,63490.664,1.706,68.000
0.047,0.001,0.006,24.253,84885.070,0.511,68.000
0.049,0.008,0.014,18.831,227891.562,6.090,68.000
0.056,0.000,0.012,22.795,-53990.406,-1.100,68.000
0.051,0.001,0.022,22.688,62037.289,0.056,68.000
0.051,0.024,0.011,21.029,255982.875,5.425,68.000
0.048,0.006,0.011,20.640,245834.344,6.980,68.000
0.048,0.007,0.014,18.652,209945.438,6.579,68.000
0.048,0.007,0.011,20.953,245842.406,7.478,68.000
0.056,0.001,0.012,22.168,253979.781,3.747,68.000
0.052,0.024,0.012,22.623,249624.625,8.092,68.000
0.052,0.001,0.002,25.611,-71287.016,-0.787,68.000
0.043,0.002,0.012,20.550,211498.188,4.496,68.000
0.049,0.020,0.013,18.899,276719.438,9.557,68.000
0.052,0.001,0.012,29.316,100943.352,1.867,68.000
0.057,0.000,0.016,21.412,-13828.562,1.370,68.000
0.050,0.002,0.010,19.398,272686.219,5.935,68.000
0.056,0.000,0.009,21.749,-12548.352,1.511,68.000
0.043,0.001,0.009,20.101,177793.031,2.622,68.000
0.047,0.000,0.002,21.702,-46903.934,1.625,68.000
0.051,0.011,0.014,19.228,235807.469,6.832,68.000
0.049,0.013,0.013,20.042,245822.625,7.775,68.000
0.050,0.004,0.009,18.498,287962.938,5.469,68.000
0.046,0.001,0.007,22.932,138652.312,1.560,68.000
0.056,0.001,0.007,21.470,190132.094,2.831,68.000
0.051,0.000,0.019,22.854,29404.570,-0.740,68.000
0.050,0.022,0.011,21.229,246581.469,5.919,68.000
0.052,0.007,0.013,18.951,240176.344,7.179,68.000
0.051,0.005,0.012,19.584,256463.719,6.948,68.000
0.048,0.001,0.018,25.594,148114.312,2.110,68.000
0.048,0.000,0.021,24.804,31343.008,-1.563,68.000
0.051,0.006,0.011,18.579,279246.125,7.320,68.000
0.055,0.000,0.012,28.550,-18819.062,2.941,68.000
0.050,0.025,0.014,20.641,284905.375,9.617,68.000
0.053,0.001,0.006,21.459,172902.688,2.690,68.000
0.049,0.021,0.011,20.449,267519.219,6.871,68.000
0.046,0.001,0.018,26.199,73643.320,0.181,68.000
0.059,0.001,0.008,20.129,185694.406,2.230,68.000
0.048,0.025,0.012,20.816,296553.656,6.889,68.000
0.052,0.001,0.003,26.097,-40921.879,-0.356,68.000
0.049,0.016,0.013,21.103,247018.156,8.662,68.000
0.050,0.022,0.011,20.604,259955.000,5.814,68.000
0.055,0.000,0.003,21.868,-103985.852,1.152,68.000
0.052,0.000,0.016,30.025,33501.320,0.018,68.000
0.047,0.002,0.010,19.610,242361.469,5.137,68.000
0.051,0.000,0.014,32.078,-19113.594,-1.376,68.000
0.051,0.002,0.009,19.973,264000.500,5.485,68.000
0.056,0.001,0.011,28.410,79918.570,1.149,68.000
0.050,0.001,0.015,22.645,272023.562,4.429,68.000
0.049,0.006,0.012,20.346,231888.125,7.548,68.000
0.049,0.010,0.011,21.804,259971.406,8.098,68.000
0.048,0.009,0.013,21.231,225895.281,6.467,68.000
0.048,0.004,0.013,18.433,204260.625,6.329,68.000
0.056,0.001,0.016,21.074,234339.969,3.033,68.000
0.043,0.000,0.019,25.096,-935.211,-0.365,68.000
0.050,0.024,0.012,21.039,268857.969,6.286,68.000
0.051,0.001,0.009,22.871,200142.000,4.230,68.000
0.051,0.016,0.014,19.016,266464.875,7.854,68.000
0.045,0.001,0.002,22.846,67091.211,-0.436,68.000
0.051,0.010,0.012,21.504,242120.125,8.371,68.000
0.049,0.002,0.014,19.477,230350.188,5.999,68.000
0.058,0.000,0.017,23.008,5440.469,2.093,68.000
0.051,0.000,0.017,24.918,-7633.359,-0.339,68.000
0.057,0.001,0.014,23.441,79725.242,1.420,68.000
0.058,0.001,0.005,23.792,59883.258,3.039,68.000
0.055,0.001,0.005,21.516,155683.656,3.006,68.000
0.053,0.000,0.020,24.310,-14240.141,0.625,68.000
0.049,0.016,0.013,21.658,240215.719,8.793,68.000
0.050,0.020,0.014,18.913,264868.781,9.125,68.000
0.044,0.000,0.017,24.680,140046.562,0.782,68.000
0.047,0.002,0.011,20.383,245840.344,6.423,68.000
0.053,0.001,0.019,22.312,203878.281,2.693,68.000
0.053,0.002,0.010,20.810,260415.750,4.909,68.000
0.048,0.024,0.012,20.424,298932.156,7.833,68.000
0.099,0.013,0.013,22.407,177153.906,6.535,68.000
0.052,0.000,0.004,21.258,-38311.133,0.422,68.000
0.041,0.001,0.011,19.017,193041.094,3.644,68.000
0.053,0.001,0.020,22.793,106615.852,0.849,68.000
0.052,0.001,0.006,21.446,175680.062,2.556,68.000
0.042,0.000,0.016,25.426,37162.148,0.971,68.000
0.097,0.013,0.011,19.244,200730.000,8.115,68.000
0.050,0.004,0.011,20.174,267997.438,6.606,68.000
0.056,0.001,0.015,25.525,72724.742,1.145,68.000
0.050,0.008,0.011,21.129,256529.344,8.637,68.000
0.048,0.004,0.011,20.436,243789.375,6.051,68.000
0.059,0.000,0.007,22.915,-89484.000,3.717,68.000
0.048,0.001,0.009,25.016,102706.336,1.537,68.000
0.048,0.015,0.011,22.264,221580.156,8.997,68.000
0.047,0.000,0.003,23.010,41663.680,0.245,68.000
0.052,0.000,0.019,25.665,-21341.156,-0.105,68.000
0.050,0.008,0.009,19.712,282845.531,6.825,68.000
0.049,0.012,0.012,21.278,242952.406,8.040,68.000
0.049,0.019,0.012,21.409,249156.188,8.822,68.000
0.052,0.002,0.006,20.970,181864.656,2.494,68.000
0.049,0.020,0.013,19.540,269673.062,9.444,68.000
0.049,0.001,0.006,22.829,167599.375,2.450,68.000
0.048,0.003,0.012,20.658,236353.531,6.015,68.000
0.053,0.001,0.003,23.608,57484.992,1.603,68.000
0.048,0.002,0.014,19.863,221856.062,6.238,68.000
0.056,0.001,0.019,23.430,41874.086,1.353,68.000
0.058,0.001,0.017,19.417,176986.094,1.578,68.000
0.049,0.002,0.008,20.695,219379.094,2.812,68.000
0.049,0.005,0.014,17.333,210964.281,6.311,68.000
0.052,0.023,0.011,22.071,241463.875,5.443,68.000
0.048,0.009,0.010,21.609,265337.219,7.888,68.000
0.051,0.004,0.011,19.256,278818.438,6.760,68.000
0.002,0.013,0.011,18.068,240650.125,5.836,68.000
0.051,0.023,0.012,22.485,239211.656,6.647,68.000
0.052,0.002,0.016,22.582,271632.281,4.061,68.000
0.043,0.001,0.007,23.496,86108.133,0.339,68.000
0.048,0.006,0.010,19.002,261911.312,6.224,68.000
0.052,0.000,0.006,22.069,7689.648,1.017,68.000
0.057,0.000,0.013,22.350,-50464.922,1.624,68.000
0.040,0.001,0.015,18.873,116923.727,2.182,68.000
0.040,0.000,0.011,22.079,-75737.812,3.457,68.000
0.052,0.000,0.021,20.855,-36226.711,1.090,68.000
0.049,0.002,0.014,19.467,231275.625,6.180,68.000
0.049,0.024,0.013,20.907,285749.562,8.214,68.000
0.049,0.008,0.010,20.099,262795.969,7.406,68.000
0.059,0.001,0.009,22.190,140031.781,0.657,68.000
0.056,0.001,0.013,22.476,251903.156,3.163,68.000
0.048,0.012,0.013,20.640,232635.125,6.692,68.000
0.002,0.013,0.012,19.934,207261.250,7.175,68.000
0.052,0.023,0.012,22.534,237409.344,6.784,68.000
0.052,0.004,0.012,19.006,275657.781,6.241,68.000
0.052,0.001,0.003,24.133,59578.586,1.198,68.000
0.048,0.001,0.012,21.555,231942.562,5.942,68.000
0.051,0.001,0.006,21.194,178653.250,2.461,68.000
0.052,0.026,0.013,24.456,218344.188,8.207,68.000
0.041,0.000,0.011,24.162,-74212.812,1.744,68.000
0.050,0.000,0.002,21.563,-49749.371,0.149,68.000
0.050,0.023,0.010,20.044,261358.188,5.093,68.000
0.042,0.001,0.018,21.052,176334.719,2.716,68.000
0.048,0.009,0.014,19.752,233201.344,6.288,68.000
0.049,0.012,0.011,21.912,238770.156,8.707,68.000
0.052,0.002,0.013,20.590,259880.250,4.729,68.000
0.050,0.014,0.010,21.700,236350.469,7.739,68.000
0.097,0.011,0.012,19.006,207652.406,7.216,68.000
0.058,0.001,0.014,20.372,147490.688,1.667,68.000
0.056,0.000,0.012,26.052,-61223.027,1.985,68.000
0.049,0.002,0.006,20.749,191154.031,3.026,68.000
0.059,0.001,0.007,21.622,84073.523,1.762,68.000
0.100,0.011,0.012,17.800,42957.742,9.770,68.000
0.098,0.011,0.012,19.895,198889.344,6.722,68.000
0.044,0.000,0.016,24.069,-24194.508,0.721,68.000
0.051,0.000,0.006,23.778,8077.469,1.348,68.000
0.049,0.000,0.006,22.300,-13405.086,-0.308,68.000
0.052,0.025,0.013,23.391,237662.094,8.727,68.000
0.060,0.001,0.015,18.376,155834.625,1.291,68.000
0.050,0.000,0.019,26.245,55449.164,-0.307,68.000
0.045,0.001,0.015,24.095,202619.062,3.047,68.000
0.051,0.023,0.014,21.588,244204.500,9.506,68.000
0.057,0.001,0.018,20.601,192456.469,1.924,68.000
0.049,0.007,0.013,20.349,235432.500,7.967,68.000
0.045,0.000,0.015,29.093,-46200.145,1.735,68.000
0.051,0.006,0.010,18.275,284106.312,6.969,68.000
0.058,0.001,0.018,20.329,168500.562,1.176,68.000
0.052,0.005,0.013,17.724,244076.219,6.350,68.000
0.044,0.000,0.018,23.748,65091.102,-0.148,68.000
0.054,0.002,0.009,21.402,240211.844,4.530,68.000
0.047,0.001,0.022,20.542,128363.898,1.824,68.000
0.050,0.020,0.011,21.173,248718.719,7.135,68.000
0.053,0.000,0.014,30.756,-87555.773,-0.938,68.000
0.052,0.004,0.011,18.505,278210.750,6.238,68.000
0.055,0.002,0.014,22.420,222513.531,2.774,68.000
0.051,0.013,0.012,20.984,226510.750,8.626,68.000
0.056,0.000,0.015,23.341,-24702.203,1.496,68.000
0.049,0.026,0.014,21.347,297579.969,9.382,68.000
0.042,0.001,0.014,19.082,212019.688,3.797,68.000
0.050,0.009,0.015,19.098,226618.906,6.058,68.000
0.048,0.014,0.012,21.653,230290.812,9.357,68.000
0.051,0.003,0.014,19.055,245134.281,5.296,68.000
0.043,0.000,0.004,21.234,80682.289,0.924,68.000
0.052,0.000,0.020,23.826,29417.352,-0.176,68.000
0.050,0.003,0.013,19.453,235700.844,6.435,68.000
0.098,0.010,0.012,17.892,214673.812,7.394,68.000
0.051,0.000,0.018,27.905,-63011.344,0.613,68.000
0.056,0.002,0.012,22.136,262799.281,3.729,68.000
0.051,0.001,0.017,26.951,74550.539,0.583,68.000
0.055,0.000,0.010,25.921,8897.680,2.578,68.000
0.050,0.009,0.014,19.094,229738.438,6.248,68.000
0.051,0.016,0.011,22.283,228045.562,7.639,68.000
0.048,0.005,0.012,20.263,218869.938,6.508,68.000
0.049,0.017,0.013,21.372,255413.219,8.759,68.000
0.054,0.001,0.003,24.392,25296.203,1.265,68.000
0.052,0.001,0.007,21.810,177161.531,2.177,68.000
0.045,0.001,0.015,22.087,218349.938,3.481,68.000
0.044,0.000,0.012,27.215,-39378.988,-2.316,68.000
0.049,0.007,0.012,20.479,232730.812,7.804,68.000
0.048,0.016,0.013,21.287,235283.375,8.889,68.000
0.054,0.000,0.016,24.475,-14484.945,-0.677,68.000
0.048,0.023,0.012,19.887,282263.188,7.158,68.000
0.049,0.000,0.022,22.656,-76391.969,0.222,68.000
0.052,0.002,0.010,20.595,257903.375,5.677,68.000
0.049,0.004,0.011,20.864,254184.281,6.476,68.000
0.047,0.002,0.014,21.628,222453.938,5.694,68.000
0.054,0.001,0.007,23.710,171605.219,2.023,68.000
0.043,0.000,0.008,24.130,-40273.012,-1.899,68.000
0.044,0.001,0.009,19.906,187766.438,3.023,68.000
0.053,0.001,0.020,22.013,158652.469,1.970,68.000
0.048,0.001,0.003,23.637,100067.133,0.799,68.000
0.044,0.001,0.011,20.893,193451.750,4.317,68.000
0.052,0.026,0.011,21.747,237292.719,6.207,68.000
0.057,0.001,0.008,21.785,194313.625,2.472,68.000
0.044,0.000,0.010,24.952,-43145.273,2.016,68.000
0.049,0.025,0.014,20.744,293270.469,9.423,68.000
0.051,0.013,0.011,20.978,240173.031,8.640,68.000
0.050,0.005,0.013,17.372,229654.750,6.546,68.000
0.053,0.001,0.020,21.520,188378.031,2.530,68.000
0.100,0.013,0.011,18.443,-20570.445,7.895,68.000
0.050,0.005,0.011,18.915,277441.562,6.415,68.000
0.048,0.000,0.013,30.488,7710.898,-0.891,68.000
0.049,0.013,0.012,21.461,241670.469,8.583,68.000
0.049,0.022,0.012,21.065,267188.250,7.559,68.000
0.050,0.020,0.011,21.310,254984.406,6.391,68.000
0.046,0.000,0.008,31.793,15058.961,2.593,68.000
0.042,0.001,0.006,21.349,208688.031,2.222,68.000
0.041,0.000,0.017,21.627,30478.477,-0.197,68.000
0.002,0.013,0.011,18.144,243675.875,6.050,68.000
0.052,0.010,0.014,19.171,227714.469,6.596,68.000
0.050,0.000,0.005,24.746,10566.305,0.852,68.000
0.054,0.000,0.014,26.172,-16367.586,2.981,68.000
0.046,0.000,0.012,31.406,-9226.398,2.364,68.000
0.052,0.020,0.011,22.949,222780.562,6.148,68.000
0.053,0.001,0.004,22.885,117189.102,2.461,68.000
0.051,0.027,0.012,25.074,191614.000,6.480,68.000
0.051,0.010,0.013,21.518,227234.688,7.824,68.000
0.050,0.009,0.010,20.783,265667.375,8.142,68.000
0.045,0.000,0.010,27.169,12623.641,2.039,68.000
0.052,0.025,0.011,21.782,245476.500,6.156,68.000
0.051,0.001,0.006,22.099,169703.219,2.266,68.000
0.056,0.000,0.019,22.057,2619.594,-1.875,68.000
0.051,0.007,0.010,18.706,273144.625,6.826,68.000
0.048,0.001,0.010,25.856,78289.633,1.782,68.000
0.058,0.001,0.018,19.671,163008.625,0.955,68.000
0.042,0.001,0.015,19.920,184472.312,2.662,68.000
0.052,0.001,0.005,24.902,62732.930,1.118,68.000
0.050,0.011,0.013,20.916,229103.500,7.186,68.000
0.048,0.002,0.013,20.979,218139.312,6.379,68.000
0.052,0.000,0.004,24.743,-144961.875,-1.755,68.000
0.050,0.014,0.014,19.351,254699.406,7.869,68.000
0.056,0.000,0.011,28.479,-35400.695,2.683,68.000
0.054,0.001,0.003,23.506,51251.398,1.706,68.000
0.060,0.000,0.015,20.009,103574.414,0.793,68.000
0.052,0.004,0.010,18.105,289989.750,6.347,68.000
0.046,0.001,0.016,21.688,261795.125,4.614,68.000
0.047,0.001,0.021,21.291,181657.594,2.636,68.000
0.059,0.000,0.017,21.538,21054.266,1.332,68.000
0.053,0.000,0.010,29.536,17342.469,2.799,68.000
0.051,0.003,0.010,18.504,287525.594,6.083,68.000
0.041,0.001,0.012,25.902,35146.430,-0.058,68.000
0.098,0.012,0.011,17.339,216655.250,8.173,68.000
0.051,0.026,0.012,23.176,243503.531,7.567,68.000
0.046,0.001,0.010,23.415,111935.445,2.579,68.000
0.052,0.002,0.010,20.166,266533.531,5.761,68.000
0.052,0.015,0.013,22.113,236199.156,8.056,68.000
0.041,0.001,0.012,20.809,179735.156,2.472,68.000
0.046,0.001,0.007,24.300,69296.023,0.605,68.000
0.045,0.002,0.012,21.248,211787.344,5.226,68.000
0.043,0.000,0.006,24.339,74337.477,-0.091,68.000
0.049,0.010,0.010,21.607,286259.875,7.260,68.000
0.050,0.008,0.010,20.349,264547.406,7.946,68.000
0.049,0.005,0.013,19.864,224823.094,6.605,68.000
0.053,0.000,0.020,20.877,22697.391,1.609,68.000
0.049,0.022,0.010,19.742,278897.094,5.672,68.000
0.047,0.001,0.004,23.033,156889.469,1.356,68.000
0.049,0.011,0.013,21.308,229927.969,7.055,68.000
0.054,0.001,0.015,26.484,90072.023,0.702,68.000
0.055,0.000,0.012,26.463,-33887.773,-0.025,68.000
0.051,0.011,0.010,20.776,269234.938,7.641,68.000
0.049,0.002,0.012,20.574,246519.812,6.207,68.000
0.057,0.000,0.014,22.086,-21536.953,1.904,68.000
0.048,0.004,0.013,19.096,204515.781,6.210,68.000
0.050,0.004,0.010,18.607,288185.344,5.557,68.000
0.042,0.001,0.007,20.383,183107.812,1.769,68.000
0.049,0.014,0.011,22.154,224798.688,9.042,68.000
0.051,0.008,0.014,19.521,208588.281,5.976,68.000
0.051,0.018,0.012,22.237,224272.938,8.077,68.000
0.050,0.026,0.011,21.278,263105.562,6.173,68.000
0.049,0.010,0.013,20.458,235240.781,6.512,68.000
0.043,0.001,0.018,20.421,234232.750,3.779,68.000
0.053,0.001,0.012,26.341,168130.719,2.734,68.000
0.046,0.001,0.016,22.017,263718.219,4.587,68.000
0.044,0.001,0.017,19.687,257774.688,4.119,68.000
0.048,0.016,0.013,22.525,225598.250,8.892,68.000
0.041,0.000,0.013,22.603,-31022.977,1.612,68.000
0.051,0.014,0.014,19.620,260877.656,7.831,68.000
0.057,0.001,0.005,21.627,154087.125,3.570,68.000
0.051,0.014,0.011,21.711,232422.875,8.060,68.000
0.049,0.000,0.012,29.998,17544.914,-0.777,68.000
0.049,0.005,0.014,17.788,205018.250,5.516,68.000
0.052,0.000,0.016,29.601,19576.789,-0.997,68.000
0.042,0.001,0.006,22.020,197054.219,1.879,68.000
0.048,0.001,0.010,20.306,246863.625,5.707,68.000
0.049,0.003,0.010,19.639,263738.281,5.772,68.000
0.053,0.001,0.022,22.642,1237.914,0.454,68.000
0.050,0.018,0.011,22.119,225186.438,7.003,68.000
0.045,0.001,0.018,24.682,86872.430,0.325,68.000
0.047,0.000,0.015,28.200,-22347.891,1.196,68.000
0.048,0.001,0.004,23.981,140735.844,1.310,68.000
0.099,0.012,0.012,19.532,209422.906,7.521,68.000
0.052,0.008,0.012,19.648,251080.938,8.045,68.000
0.051,0.021,0.012,21.887,238977.094,7.381,68.000
0.052,0.027,0.012,23.710,219606.875,7.205,68.000
0.051,0.015,0.012,22.059,229726.281,8.238,68.000
0.098,0.012,0.011,17.083,217053.062,8.308,68.000
0.044,0.001,0.021,20.574,186715.312,2.958,68.000
0.050,0.006,0.013,18.509,234143.031,7.257,68.000
0.044,0.001,0.008,19.335,201635.000,2.513,68.000
0.051,0.017,0.012,22.593,225748.188,8.200,68.000
0.058,0.000,0.009,22.764,15983.945,2.756,68.000
0.050,0.014,0.011,22.407,220153.469,8.228,68.000
0.044,0.002,0.010,18.420,221153.562,5.124,68.000
0.044,0.000,0.017,25.950,16574.234,0.789,68.000
0.051,0.001,0.005,24.399,110209.273,1.820,68.000
0.051,0.002,0.014,20.659,242947.312,4.589,68.000
0.051,0.014,0.010,21.962,227160.344,8.040,68.000
0.050,0.020,0.013,19.579,264241.250,9.113,68.000
0.050,0.004,0.011,19.733,272604.188,6.537,68.000
0.050,0.001,0.018,22.809,228673.188,3.422,68.000
0.056,0.000,0.012,21.671,-111431.734,-1.203,68.000
0.042,0.000,0.015,21.763,15453.188,1.050,68.000
0.054,0.001,0.005,22.197,165572.406,2.578,68.000
0.052,0.005,0.011,18.858,270635.406,7.071,68.000
0.056,0.000,0.020,21.515,-66672.891,2.989,68.000
0.051,0.000,0.017,25.309,13584.914,0.170,68.000
0.049,0.020,0.014,18.704,279087.000,9.815,68.000
0.048,0.023,0.013,20.071,289113.281,9.179,68.000
0.057,0.001,0.015,22.241,152467.875,1.907,68.000
0.051,0.015,0.011,22.198,221302.125,8.282,68.000
0.050,0.015,0.010,21.201,218388.562,7.892,68.000
0.049,0.011,0.010,22.307,277777.500,7.157,68.000
0.044,0.001,0.020,20.700,211317.188,3.533,68.000
0.048,0.012,0.011,22.045,236245.688,8.711,68.000
0.043,0.000,0.017,24.676,51671.086,1.194,68.000
0.050,0.016,0.012,22.362,225578.031,8.267,68.000
0.051,0.009,0.010,20.046,286019.531,7.277,68.000
0.051,0.004,0.011,19.554,275769.656,6.658,68.000
0.002,0.013,0.011,18.625,224511.875,6.193,68.000
0.050,0.001,0.012,25.939,185768.500,4.115,68.000
0.050,0.010,0.011,21.249,258204.031,8.254,68.000
0.050,0.019,0.010,21.660,243408.594,6.819,68.000
0.050,0.006,0.010,18.557,282335.812,6.554,68.000
0.045,0.000,0.008,22.393,-48401.543,-0.077,68.000
0.052,0.000,0.017,28.824,-4907.383,-0.973,68.000
0.043,0.000,0.004,21.169,51836.805,1.718,68.000
0.051,0.016,0.012,22.630,230432.594,8.049,68.000
0.041,0.001,0.018,21.053,103984.461,0.854,68.000
0.053,0.000,0.011,31.812,-34203.047,3.157,68.000
0.050,0.003,0.014,17.259,238562.188,6.115,68.000
0.047,0.002,0.015,21.898,246221.875,4.894,68.000
0.050,0.018,0.013,19.711,263370.375,8.686,68.000
0.046,0.001,0.008,20.502,193714.344,2.544,68.000
0.056,0.000,0.004,22.525,-118533.805,1.562,68.000
0.051,0.025,0.014,21.955,266951.094,9.354,68.000
0.051,0.016,0.014,19.049,269577.125,7.927,68.000
0.049,0.003,0.011,20.626,257657.594,6.293,68.000
0.048,0.007,0.012,20.917,218529.594,7.388,68.000
0.051,0.001,0.010,23.104,187977.594,4.255,68.000
0.049,0.020,0.013,20.294,264099.344,9.447,68.000
0.053,0.001,0.020,24.245,14568.680,0.050,68.000
0.099,0.013,0.013,23.157,174573.125,6.286,68.000
0.051,0.006,0.014,18.443,222899.531,6.402,68.000
0.050,0.013,0.010,21.981,257626.531,7.637,68.000
0.051,0.009,0.014,19.505,230586.938,6.711,68.000
0.049,0.001,0.001,21.194,130193.164,1.436,68.000
0.050,0.001,0.007,21.453,180819.062,2.418,68.000
0.048,0.001,0.009,22.404,149324.000,3.206,68.000
0.048,0.027,0.012,24.171,228743.344,9.724,68.000
0.052,0.000,0.012,30.904,-1711.688,2.636,68.000
0.056,0.000,0.005,24.138,56775.633,2.539,68.000
0.051,0.001,0.007,23.299,177400.844,2.217,68.000
0.043,0.001,0.019,20.509,215127.312,3.676,68.000
0.050,0.008,0.012,21.472,246276.250,8.335,68.000
0.050,0.016,0.010,22.101,215942.500,8.048,68.000
0.056,0.001,0.019,22.752,126768.836,0.766,68.000
0.046,0.000,0.006,24.333,45324.789,-0.900,68.000
0.048,0.023,0.011,18.993,288323.812,6.310,68.000
0.048,0.001,0.013,29.635,69679.992,1.681,68.000
0.055,0.001,0.014,26.116,101070.992,0.725,68.000
0.048,0.001,0.004,24.768,90976.664,0.756,68.000
0.046,0.000,0.014,30.842,-33597.859,0.252,68.000
0.048,0.001,0.015,26.585,152019.156,2.437,68.000
0.059,0.001,0.018,18.380,188752.406,1.318,68.000
0.051,0.014,0.013,21.575,240513.281,8.308,68.000
0.052,0.001,0.002,24.310,35780.695,0.765,68.000
0.051,0.025,0.013,22.474,268092.969,9.372,68.000
0.050,0.017,0.012,22.671,229511.469,8.517,68.000
0.050,0.015,0.010,21.835,216048.000,8.160,68.000
0.051,0.019,0.013,20.044,250124.750,8.440,68.000
0.049,0.008,0.010,19.741,272099.656,6.778,68.000
0.048,0.008,0.011,21.501,237637.906,7.403,68.000
0.052,0.001,0.013,27.074,170219.875,3.049,68.000
0.056,0.001,0.010,24.072,108669.680,0.779,68.000
0.049,0.007,0.014,18.800,218396.062,6.645,68.000
0.052,0.008,0.011,20.296,255314.188,8.391,68.000
0.050,0.019,0.012,21.864,241561.156,8.165,68.000
0.056,0.001,0.018,20.898,195567.094,2.387,68.000
0.040,0.001,0.012,19.699,178526.750,1.892,68.000
0.058,0.001,0.018,21.132,118392.664,0.695,68.000
0.050,0.001,0.011,22.473,228713.406,5.153,68.000
0.049,0.001,0.020,22.292,193275.406,2.959,68.000
0.054,0.001,0.011,31.107,-5506.023,0.054,68.000
0.050,0.007,0.010,18.925,271201.531,6.901,68.000
0.047,0.001,0.017,21.844,271842.312,4.477,68.000
0.043,0.000,0.007,23.910,29508.273,-0.666,68.000
0.046,0.001,0.020,21.317,165677.688,2.574,68.000
0.050,0.007,0.012,20.746,253428.469,8.593,68.000
0.051,0.020,0.011,22.289,233921.750,6.482,68.000
0.041,0.001,0.017,19.756,161847.438,3.067,68.000
0.057,0.001,0.013,23.597,194699.719,1.994,68.000
0.047,0.000,0.011,30.427,-61016.734,0.865,68.000
0.048,0.001,0.009,20.207,225944.188,3.521,68.000
0.051,0.001,0.016,23.142,269937.875,4.209,68.000
0.041,0.001,0.014,21.553,119834.086,1.231,68.000
0.056,0.002,0.016,21.162,240818.969,3.087,68.000
0.049,0.000,0.005,20.903,48498.180,0.023,68.000
0.049,0.019,0.012,21.712,241172.406,9.358,68.000
0.049,0.005,0.011,20.824,261632.406,6.860,68.000
0.051,0.007,0.010,18.797,271096.562,7.467,68.000
0.050,0.005,0.014,17.613,220707.594,5.978,68.000
0.049,0.010,0.013,21.091,228946.000,6.656,68.000
0.051,0.007,0.010,18.673,274694.000,6.595,68.000
0.043,0.000,0.004,21.509,18466.766,0.114,68.000
0.047,0.002,0.006,20.583,214810.000,2.777,68.000
0.052,0.014,0.013,21.169,246105.375,8.352,68.000
0.056,0.000,0.017,21.876,11225.172,0.031,68.000
0.050,0.025,0.012,22.365,269202.031,7.427,68.000
0.050,0.018,0.014,18.615,272221.031,7.920,68.000
0.050,0.001,0.015,27.978,135884.750,2.261,68.000
0.052,0.018,0.012,22.129,222508.688,7.850,68.000
0.049,0.005,0.011,20.992,259707.188,6.835,68.000
0.051,0.009,0.015,19.305,214124.125,5.933,68.000
0.001,0.011,0.012,21.229,173858.594,6.464,68.000
0.002,0.012,0.012,20.189,199065.656,6.790,68.000
0.054,0.001,0.002,23.972,24274.742,1.167,68.000
0.045,0.001,0.006,20.728,212254.969,2.398,68.000
0.052,0.001,0.013,26.443,187920.031,3.293,68.000
0.050,0.001,0.003,22.870,130998.539,1.981,68.000
0.050,0.007,0.011,20.699,265041.906,8.194,68.000
0.055,0.000,0.012,29.836,-26375.023,3.310,68.000
0.054,0.000,0.010,25.753,78133.305,3.129,68.000
0.049,0.007,0.015,18.451,210706.531,5.734,68.000
0.052,0.003,0.011,19.110,281753.875,6.025,68.000
0.097,0.012,0.013,20.599,190617.656,6.559,68.000
0.050,0.011,0.013,20.644,233885.969,6.680,68.000
0.001,0.012,0.012,21.136,182212.500,6.932,68.000
0.049,0.006,0.012,20.284,232488.531,7.060,68.000
0.050,0.024,0.011,20.405,265571.250,5.291,68.000
0.050,0.001,0.010,25.314,106315.711,2.683,68.000
0.050,0.000,0.002,24.709,-140245.938,-2.093,68.000
0.050,0.023,0.012,21.411,264291.250,7.101,68.000
0.057,0.000,0.009,21.560,-60553.469,2.678,68.000
0.050,0.021,0.013,19.920,262999.125,9.180,68.000
0.052,0.005,0.013,17.486,239318.188,6.320,68.000
0.044,0.001,0.008,25.403,-59669.238,-1.763,68.000
0.048,0.010,0.013,21.359,226096.656,6.257,68.000
0.056,0.001,0.008,23.246,160537.094,2.025,68.000
0.051,0.023,0.010,20.421,258941.781,4.662,68.000
0.049,0.021,0.010,20.252,274954.781,5.922,68.000
0.001,0.012,0.014,20.906,114563.539,7.684,68.000
0.060,0.001,0.014,18.695,181698.969,0.935,68.000
0.051,0.019,0.010,22.268,240113.281,6.609,68.000
0.049,0.027,0.010,18.352,302914.281,8.866,68.000
0.048,0.001,0.012,24.035,205011.344,4.682,68.000
0.050,0.016,0.013,21.741,243271.656,8.564,68.000
0.042,0.000,0.015,25.700,2428.352,-1.015,68.000
0.050,0.008,0.013,19.989,232420.125,7.109,68.000
0.049,0.021,0.013,19.285,273426.625,9.713,68.000
0.051,0.001,0.012,25.199,214293.188,4.256,68.000
0.050,0.025,0.010,19.247,283438.406,4.850,68.000
0.054,0.000,0.017,26.128,-46550.840,0.315,68.000
0.051,0.012,0.013,20.965,228803.500,8.099,68.000
0.051,0.011,0.010,20.452,287611.906,7.216,68.000
0.050,0.020,0.013,19.715,265073.781,9.271,68.000
0.049,0.016,0.013,22.487,228291.906,8.872,68.000
0.053,0.000,0.019,23.314,-23965.922,-0.725,68.000
0.056,0.002,0.010,21.175,230254.125,2.828,68.000
0.052,0.005,0.010,18.167,293353.406,6.351,68.000
0.053,0.000,0.015,28.753,13710.055,-1.410,68.000
0.052,0.004,0.011,18.878,279499.094,6.594,68.000
0.049,0.025,0.011,18.720,281704.375,6.021,68.000
0.051,0.014,0.012,21.372,239094.500,8.533,68.000
0.051,0.013,0.011,21.329,241611.438,8.717,68.000
0.041,0.000,0.011,27.418,-46280.402,0.918,68.000
0.002,0.010,0.013,21.237,144747.125,6.628,68.000
0.052,0.006,0.013,18.543,245989.281,7.101,68.000
0.048,0.008,0.013,20.966,217122.000,7.414,68.000
0.048,0.022,0.014,19.812,275536.344,9.648,68.000
0.059,0.001,0.015,21.001,101823.789,1.425,68.000
0.053,0.002,0.013,22.730,266164.469,4.596,68.000
0.044,0.001,0.014,24.392,107351.523,1.193,68.000
0.050,0.026,0.011,19.570,273102.156,5.530,68.000
0.045,0.001,0.018,25.814,30630.680,-0.517,68.000
0.050,0.001,0.017,22.823,272378.406,4.338,68.000
0.055,0.000,0.004,22.951,-167286.406,-0.375,68.000
0.050,0.004,0.014,16.913,232097.625,6.088,68.000
0.048,0.019,0.011,21.168,241512.188,7.807,68.000
0.052,0.002,0.007,21.140,180351.062,2.468,68.000
0.051,0.011,0.012,21.401,232630.969,8.427,68.000
0.100,0.013,0.012,20.289,-22883.500,9.635,68.000
0.050,0.001,0.005,21.664,180271.219,3.061,68.000
0.049,0.013,0.014,19.104,237448.125,7.176,68.000
0.001,0.012,0.011,19.083,214758.719,6.117,68.000
0.048,0.005,0.013,19.590,207207.781,6.113,68.000
0.050,0.002,0.011,20.083,267106.219,6.283,68.000
0.051,0.005,0.011,18.847,284593.781,6.749,68.000
0.054,0.001,0.019,25.345,43918.336,1.122,68.000
0.003,0.012,0.012,20.508,177570.031,7.428,68.000
0.053,0.001,0.004,22.239,135385.719,2.639,68.000
0.050,0.022,0.014,20.148,272430.750,9.129,68.000
0.048,0.001,0.017,21.914,265267.625,4.162,68.000
0.050,0.009,0.011,21.354,257585.156,8.306,68.000
0.058,0.000,0.013,23.819,49730.477,0.571,68.000
0.099,0.013,0.013,23.126,143399.188,6.744,68.000
0.050,0.001,0.013,29.682,110743.289,2.355,68.000
0.052,0.000,0.004,21.562,-67328.234,0.147,68.000
0.051,0.019,0.010,22.197,245480.531,6.253,68.000
0.041,0.000,0.016,20.669,62947.445,0.621,68.000
0.051,0.026,0.013,23.164,264399.750,9.313,68.000
0.049,0.007,0.011,20.979,260599.000,8.179,68.000
0.053,0.001,0.007,24.627,86812.758,1.137,68.000
0.052,0.027,0.012,24.208,206025.938,7.297,68.000
0.059,0.001,0.010,19.918,215550.250,0.949,68.000
0.051,0.023,0.011,20.911,254484.281,5.279,68.000
0.042,0.000,0.011,27.038,-74538.656,1.323,68.000
0.052,0.006,0.013,18.604,247794.281,6.997,68.000
0.051,0.005,0.013,17.742,232086.750,6.588,68.000
0.051,0.010,0.009,20.584,294931.719,7.044,68.000
0.049,0.022,0.010,19.256,286602.688,6.208,68.000
0.056,0.002,0.014,22.228,220515.031,2.844,68.000
0.047,0.001,0.004,23.612,151022.281,1.380,68.000
0.050,0.000,0.007,23.664,39873.023,-0.528,68.000
0.050,0.010,0.012,21.565,227824.094,7.836,68.000
0.052,0.008,0.012,20.738,244226.125,8.440,68.000
0.052,0.011,0.011,20.615,262492.469,7.797,68.000
0.041,0.000,0.006,22.293,28518.820,3.838,68.000
0.053,0.001,0.013,22.969,258824.031,4.630,68.000
0.002,0.012,0.013,21.213,140020.469,7.772,68.000
0.052,0.010,0.011,20.876,252194.031,8.441,68.000
0.056,0.001,0.015,23.435,119647.836,1.372,68.000
0.053,0.001,0.004,22.453,124391.477,2.617,68.000
0.051,0.015,0.010,21.682,228382.969,7.916,68.000
0.045,0.001,0.014,26.812,109516.711,1.748,68.000
0.057,0.001,0.015,22.527,116930.852,1.608,68.000
0.047,0.001,0.010,19.898,236599.344,5.025,68.000
0.051,0.012,0.011,20.889,254542.875,8.251,68.000
0.000,0.012,0.011,25.734,102241.305,8.628,68.000
0.051,0.015,0.011,22.588,220218.656,8.147,68.000
0.050,0.013,0.014,19.046,242970.469,7.511,68.000
0.048,0.014,0.012,21.650,233700.000,9.297,68.000
0.058,0.001,0.012,21.063,238581.562,2.793,68.000
0.057,0.000,0.006,19.752,28636.023,3.183,68.000
0.054,0.000,0.003,23.270,-50115.234,1.121,68.000
0.051,0.012,0.012,21.406,237263.188,8.685,68.000
0.052,0.001,0.013,22.894,253277.312,4.641,68.000
0.046,0.001,0.016,21.987,257670.969,4.553,68.000
0.040,0.000,0.013,23.188,40805.648,-0.356,68.000
0.050,0.023,0.013,20.871,270529.094,8.508,68.000
0.051,0.020,0.011,22.393,233658.531,6.909,68.000
0.045,0.001,0.005,23.497,141803.500,0.969,68.000
0.050,0.017,0.010,21.497,223039.906,6.974,68.000
0.051,0.007,0.015,19.294,202403.500,5.538,68.000
0.051,0.017,0.012,22.617,226568.031,7.923,68.000
0.055,0.001,0.004,23.104,80325.367,2.164,68.000
0.051,0.001,0.013,30.107,87174.586,1.551,68.000
0.060,0.001,0.009,21.477,104158.680,1.642,68.000
0.052,0.010,0.012,21.404,230202.062,8.334,68.000
0.049,0.002,0.006,20.642,198409.562,3.265,68.000
0.052,0.008,0.011,19.366,266724.312,7.812,68.000
0.047,0.002,0.009,19.277,223608.969,3.296,68.000
0.052,0.019,0.012,21.745,223999.938,8.151,68.000
0.050,0.023,0.013,20.875,267108.281,8.912,68.000
0.047,0.000,0.011,27.482,-70342.359,-2.114,68.000
0.050,0.000,0.021,24.125,29978.633,-1.766,68.000
0.056,0.001,0.006,22.561,151040.250,2.510,68.000
0.049,0.010,0.012,21.631,225480.906,7.278,68.000
0.041,0.000,0.015,21.345,-21675.703,-2.565,68.000
0.052,0.025,0.013,22.595,253264.656,9.069,68.000
0.099,0.012,0.011,17.118,216222.312,8.729,68.000
0.040,0.001,0.014,19.884,113825.180,1.607,68.000
0.050,0.004,0.012,19.988,242271.562,6.355,68.000
0.051,0.008,0.012,20.726,256830.344,8.354,68.000
0.100,0.011,0.011,19.082,-29560.062,11.243,68.000
0.045,0.001,0.006,22.369,184977.438,1.931,68.000
0.049,0.025,0.013,21.694,280961.406,8.250,68.000
0.050,0.027,0.011,21.892,251464.281,6.702,68.000
0.039,0.000,0.012,22.186,-39944.344,1.906,68.000
0.049,0.006,0.013,17.967,219199.875,6.657,68.000
0.055,0.000,0.013,25.549,-39930.359,-0.970,68.000
0.052,0.006,0.011,19.104,258754.562,7.515,68.000
0.049,0.009,0.010,21.512,273611.656,7.679,68.000
0.050,0.020,0.013,18.952,270076.281,9.070,68.000
0.050,0.005,0.015,17.699,213236.906,4.967,68.000
0.045,0.001,0.006,21.477,209469.000,2.364,68.000
0.055,0.001,0.019,21.291,190805.469,2.347,68.000
0.050,0.018,0.010,21.430,232736.938,6.817,68.000
0.049,0.007,0.015,18.532,216186.906,5.844,68.000
0.052,0.004,0.011,18.403,281391.812,6.531,68.000
0.060,0.001,0.011,19.623,190620.781,0.911,68.000
0.045,0.000,0.016,26.029,45681.195,0.945,68.000
0.044,0.001,0.018,22.595,161381.594,2.101,68.000
0.049,0.012,0.010,22.341,258244.938,7.763,68.000
0.099,0.013,0.012,21.110,193514.125,7.518,68.000
0.002,0.012,0.011,18.427,223522.188,5.660,68.000
0.049,0.009,0.013,21.402,230214.281,7.323,68.000
0.050,0.007,0.010,19.017,278279.656,6.271,68.000
0.001,0.012,0.013,21.264,107599.570,7.848,68.000
0.052,0.010,0.011,20.491,254190.875,8.439,68.000
0.055,0.001,0.013,24.457,235654.031,2.744,68.000
0.052,0.008,0.011,19.761,261768.469,7.806,68.000
0.057,0.002,0.014,21.319,214230.438,3.043,68.000
0.048,0.010,0.014,20.239,235687.344,6.060,68.000
0.100,0.013,0.011,20.440,-42715.000,9.274,68.000
0.097,0.012,0.012,20.038,199258.688,7.491,68.000
0.049,0.020,0.012,21.019,251541.750,8.007,68.000
0.050,0.023,0.012,20.959,267226.094,6.468,68.000
0.049,0.009,0.014,19.308,239275.906,6.261,68.000
0.049,0.010,0.010,21.894,279265.750,7.363,68.000
0.051,0.012,0.012,21.383,236948.594,8.646,68.000
0.049,0.009,0.010,21.151,281745.281,7.229,68.000
0.051,0.003,0.012,19.507,267595.438,6.334,68.000
0.048,0.002,0.016,22.196,274812.625,4.444,68.000
0.054,0.001,0.014,27.666,86492.414,0.635,68.000
0.049,0.023,0.014,20.188,287869.250,9.193,68.000
0.048,0.006,0.012,20.500,214314.438,6.937,68.000
0.003,0.012,0.012,20.643,176245.031,7.307,68.000
0.050,0.005,0.013,18.535,227106.312,6.590,68.000
0.056,0.001,0.019,20.793,185852.750,1.857,68.000
0.044,0.000,0.014,29.890,-48425.918,-2.391,68.000
0.052,0.008,0.011,19.975,259795.844,8.175,68.000
0.046,0.000,0.006,20.991,-9623.922,-0.646,68.000
0.044,0.001,0.010,20.009,193940.031,4.149,68.000
0.044,0.001,0.010,18.971,222124.375,4.948,68.000
0.049,0.000,0.017,25.573,127463.805,0.846,68.000
0.059,0.001,0.015,19.493,142972.438,1.545,68.000
0.047,0.002,0.009,19.515,239731.719,4.750,68.000
0.050,0.022,0.014,19.718,270425.031,9.198,68.000
0.042,0.001,0.007,20.367,193714.719,1.795,68.000
0.098,0.014,0.011,20.658,190839.438,8.240,68.000
0.058,0.001,0.016,19.520,173070.062,1.654,68.000
0.049,0.001,0.004,22.147,170044.406,2.454,68.000
0.051,0.005,0.013,18.026,239125.062,6.787,68.000
0.050,0.007,0.014,18.773,212385.500,6.245,68.000
0.049,0.018,0.014,20.133,264775.688,8.756,68.000
0.044,0.001,0.007,23.629,109625.320,0.631,68.000
0.052,0.007,0.012,19.379,249487.938,7.798,68.000
0.044,0.001,0.006,22.269,186488.594,1.853,68.000
0.040,0.001,0.009,19.928,150015.219,1.783,68.000
0.047,0.001,0.010,19.538,242010.969,5.886,68.000
0.050,0.006,0.012,20.655,260202.469,7.578,68.000
0.050,0.001,0.007,24.599,92394.711,0.686,68.000
0.048,0.000,0.017,28.785,13567.688,-0.866,68.000
0.000,0.013,0.011,28.331,37128.805,9.155,68.000
0.050,0.006,0.010,18.705,280189.000,6.757,68.000
0.042,0.000,0.014,25.290,11135.352,-1.103,68.000
0.052,0.012,0.014,19.884,230514.062,7.756,68.000
0.051,0.022,0.011,21.927,242418.844,5.624,68.000
0.055,0.001,0.007,24.108,114713.492,1.950,68.000
0.051,0.025,0.014,21.659,266838.625,9.397,68.000
0.052,0.000,0.020,22.740,13037.758,-1.596,68.000
0.052,0.015,0.012,21.891,222801.531,7.719,68.000
0.050,0.009,0.010,20.636,284718.688,7.137,68.000
0.058,0.001,0.014,20.934,172185.875,2.349,68.000
0.049,0.002,0.015,19.580,233970.531,5.455,68.000
0.052,0.006,0.011,19.190,263700.562,7.502,68.000
0.043,0.000,0.014,24.995,41185.555,-0.101,68.000
0.057,0.001,0.018,20.881,188631.594,1.907,68.000
0.050,0.000,0.018,28.678,1496.297,-1.544,68.000
0.051,0.011,0.011,21.503,246568.125,8.302,68.000
0.050,0.013,0.011,21.537,242509.312,8.619,68.000
0.100,0.012,0.012,24.285,-104243.359,8.969,68.000
0.049,0.013,0.010,22.382,247676.719,7.704,68.000
0.050,0.008,0.012,20.998,246034.062,8.404,68.000
0.053,0.000,0.005,23.246,-11389.758,0.814,68.000
0.049,0.001,0.017,25.679,176844.406,2.267,68.000
0.048,0.005,0.013,19.900,211244.031,6.110,68.000
0.049,0.013,0.014,19.182,244804.062,7.512,68.000
0.055,0.000,0.010,24.674,35543.492,2.781,68.000
0.049,0.027,0.011,26.525,188763.438,8.531,68.000
0.051,0.003,0.013,17.761,248652.625,6.288,68.000
0.051,0.000,0.019,24.015,74768.195,1.407,68.000
0.047,0.001,0.004,21.904,180736.688,1.809,68.000
0.056,0.000,0.015,25.767,40914.133,-0.388,68.000
0.051,0.012,0.010,21.035,265697.094,7.686,68.000
0.050,0.005,0.013,18.031,234555.750,6.826,68.000
0.099,0.012,0.011,17.385,211848.875,8.746,68.000
0.058,0.001,0.013,21.336,208568.188,1.411,68.000
0.048,0.001,0.023,19.775,168764.250,2.432,68.000
0.050,0.004,0.012,19.535,246790.125,6.400,68.000
0.048,0.001,0.013,22.617,224947.469,5.611,68.000
0.002,0.010,0.013,21.247,145094.094,6.633,68.000
0.045,0.001,0.011,19.129,234214.625,5.653,68.000
0.052,0.003,0.011,19.062,282472.375,6.121,68.000
0.050,0.001,0.005,23.527,151907.562,2.317,68.000
0.051,0.007,0.010,18.925,271645.688,6.806,68.000
0.052,0.017,0.011,22.856,228777.500,6.545,68.000
0.050,0.011,0.011,21.582,258377.969,7.930,68.000
0.048,0.025,0.013,20.505,297963.750,8.009,68.000
0.049,0.008,0.010,20.698,264267.312,7.839,68.000
0.002,0.012,0.012,21.222,164965.875,7.208,68.000
0.042,0.001,0.009,22.091,112261.852,0.597,68.000
0.053,0.001,0.004,24.303,81092.805,1.848,68.000
0.045,0.000,0.011,30.325,-48417.312,1.423,68.000
0.049,0.001,0.002,22.324,109658.523,1.267,68.000
0.050,0.000,0.016,28.114,18303.008,1.159,68.000
0.048,0.000,0.006,24.684,767.273,-1.354,68.000
0.050,0.011,0.011,21.509,260111.000,7.859,68.000
0.048,0.022,0.013,20.014,284520.281,8.753,68.000
0.045,0.002,0.013,21.966,208853.156,5.318,68.000
0.058,0.001,0.006,21.419,152774.188,3.160,68.000
0.051,0.014,0.013,20.560,247354.469,8.080,68.000
0.047,0.001,0.005,23.772,133814.625,1.128,68.000
0.050,0.006,0.015,18.124,198619.719,4.724,68.000
0.043,0.001,0.012,19.801,208145.281,4.441,68.000
0.048,0.014,0.014,19.809,250982.875,8.137,68.000
0.002,0.011,0.011,18.414,236138.375,5.138,68.000
0.055,0.000,0.018,22.007,11700.516,-0.149,68.000
0.058,0.001,0.009,20.814,213259.656,1.067,68.000
0.051,0.005,0.012,19.502,265521.656,6.855,68.000
0.049,0.009,0.013,21.487,228076.812,7.062,68.000
0.053,0.001,0.004,24.535,84880.539,1.762,68.000
0.048,0.008,0.013,21.364,217330.938,6.903,68.000
0.052,0.001,0.019,23.283,96043.352,1.152,68.000
0.051,0.001,0.015,27.663,128111.305,2.449,68.000
0.049,0.027,0.012,26.321,165714.531,10.356,68.000
0.051,0.001,0.017,23.645,236422.875,3.480,68.000
0.049,0.001,0.008,20.990,210925.094,2.613,68.000
0.052,0.000,0.011,30.120,46.281,2.629,68.000
0.052,0.018,0.013,21.257,236379.656,7.983,68.000
0.051,0.023,0.012,22.278,245221.219,6.811,68.000
0.049,0.017,0.013,21.344,250155.250,8.731,68.000
0.047,0.001,0.015,29.942,63388.633,0.588,68.000
0.097,0.012,0.011,18.089,206273.562,8.367,68.000
0.050,0.025,0.013,22.051,270963.000,8.915,68.000
0.044,0.001,0.009,24.503,42473.992,0.468,68.000
0.051,0.001,0.016,23.020,273120.406,4.362,68.000
0.050,0.027,0.010,18.828,277649.500,5.440,68.000
0.052,0.006,0.011,18.831,273492.438,7.338,68.000
0.057,0.001,0.013,21.644,215906.031,2.870,68.000
0.050,0.000,0.013,29.191,9599.938,-1.017,68.000
0.047,0.000,0.008,31.303,-5614.273,1.686,68.000
0.047,0.001,0.020,21.552,206402.562,3.063,68.000
0.050,0.005,0.009,18.369,291974.844,5.400,68.000
0.040,0.001,0.016,16.761,189876.281,4.536,68.000
0.052,0.027,0.012,25.217,196324.375,11.812,68.000
0.048,0.001,0.020,22.089,189377.688,2.753,68.000
0.049,0.019,0.012,21.801,243285.438,8.880,68.000
0.049,0.002,0.010,19.176,264251.219,5.560,68.000
0.052,0.004,0.014,17.492,242715.438,5.642,68.000
0.052,0.010,0.014,19.419,230053.938,6.841,68.000
0.045,0.001,0.006,21.371,211600.188,2.437,68.000
0.044,0.001,0.016,20.921,219500.312,3.139,68.000
0.051,0.025,0.010,19.989,261238.188,5.216,68.000
0.049,0.000,0.021,20.943,-83577.625,5.137,68.000
0.050,0.014,0.010,21.691,231277.000,7.734,68.000
0.053,0.001,0.022,21.020,122233.883,0.641,68.000
0.053,0.000,0.015,29.774,11973.578,-1.074,68.000
0.051,0.001,0.010,21.325,250043.688,5.402,68.000
0.049,0.023,0.011,20.234,267259.312,6.129,68.000
0.052,0.001,0.010,21.073,249670.469,5.441,68.000
0.059,0.001,0.009,20.932,185584.219,1.208,68.000
0.052,0.004,0.014,17.408,242688.188,5.552,68.000
0.054,0.002,0.015,22.630,243074.188,3.196,68.000
0.048,0.012,0.013,21.124,235918.969,7.466,68.000
0.050,0.006,0.009,18.428,290152.688,5.638,68.000
0.052,0.001,0.004,23.912,100131.602,1.953,68.000
0.050,0.023,0.014,20.841,269658.781,9.273,68.000
0.051,0.001,0.013,27.493,167074.406,3.470,68.000
0.057,0.000,0.018,22.084,47814.586,0.312,68.000
0.003,0.012,0.012,20.569,183882.750,6.950,68.000
0.048,0.010,0.012,21.784,223904.812,7.087,68.000
0.050,0.008,0.012,21.055,243826.312,8.269,68.000
0.051,0.009,0.012,21.090,239176.281,8.348,68.000
0.059,0.001,0.018,19.284,177003.750,1.251,68.000
0.057,0.001,0.012,23.154,208717.094,2.351,68.000
0.055,0.000,0.013,27.252,-26282.656,1.718,68.000
0.050,0.001,0.017,27.016,82373.242,0.208,68.000
0.044,0.001,0.004,21.696,199381.062,1.729,68.000
0.050,0.018,0.014,18.080,270381.312,7.954,68.000
0.058,0.001,0.013,20.655,239838.562,2.617,68.000
0.059,0.001,0.007,20.315,176866.094,3.200,68.000
0.040,0.001,0.015,18.585,143415.125,2.762,68.000
0.050,0.025,0.013,22.242,269936.219,9.303,68.000
0.050,0.012,0.009,21.351,289234.750,7.064,68.000
0.058,0.001,0.007,20.961,180201.156,2.971,68.000
0.047,0.001,0.009,20.328,224857.844,3.540,68.000
0.058,0.000,0.017,21.285,-37973.203,1.159,68.000
0.050,0.003,0.010,19.334,279182.344,6.039,68.000
0.050,0.001,0.017,23.474,241885.344,3.625,68.000
0.052,0.002,0.014,22.139,249700.625,4.271,68.000
0.042,0.001,0.017,20.473,176725.438,2.972,68.000
0.053,0.001,0.016,26.022,131837.750,1.534,68.000
0.050,0.020,0.010,21.337,259308.750,6.186,68.000
0.058,0.001,0.017,19.316,196900.500,1.963,68.000
0.052,0.000,0.017,28.126,1865.281,0.301,68.000
0.049,0.025,0.014,20.843,296823.125,9.389,68.000
0.050,0.000,0.004,22.480,-21356.281,0.059,68.000
0.051,0.024,0.012,22.451,251489.625,8.143,68.000
0.050,0.019,0.014,17.568,276225.594,8.490,68.000
0.049,0.000,0.022,22.998,-74952.883,0.590,68.000
0.051,0.020,0.012,21.589,228477.250,8.568,68.000
0.054,0.000,0.020,22.013,13125.836,-0.173,68.000
0.050,0.006,0.015,18.384,197339.156,4.723,68.000
0.044,0.000,0.020,23.062,-19292.625,1.909,68.000
0.097,0.012,0.011,17.716,205492.938,8.476,68.000
0.048,0.008,0.012,21.896,223919.094,7.443,68.000
0.056,0.001,0.011,22.269,232680.250,2.652,68.000
0.048,0.001,0.010,21.711,194588.219,4.615,68.000
0.048,0.013,0.011,22.337,234648.125,8.330,68.000
0.048,0.001,0.018,25.374,125283.305,1.106,68.000
0.046,0.001,0.006,22.174,185494.844,2.105,68.000
0.098,0.013,0.012,21.878,183809.469,7.361,68.000
0.051,0.012,0.011,21.408,247737.906,8.326,68.000
0.052,0.002,0.012,21.046,265659.844,4.994,68.000
0.051,0.020,0.013,20.808,243973.625,8.761,68.000
0.054,0.001,0.008,22.696,205041.750,2.500,68.000
0.049,0.007,0.010,19.588,269298.562,6.849,68.000
0.053,0.000,0.005,24.078,-60671.066,0.185,68.000
0.049,0.027,0.011,28.196,133713.219,9.228,68.000
0.043,0.000,0.017,23.874,36601.039,-0.009,68.000
0.054,0.001,0.002,24.058,11138.688,0.919,68.000
0.052,0.005,0.012,18.631,272435.906,6.332,68.000
0.051,0.001,0.015,22.742,271579.938,4.310,68.000
0.051,0.002,0.006,20.703,183649.094,2.972,68.000
0.051,0.027,0.012,23.458,238085.344,6.956,68.000
0.002,0.011,0.011,18.962,213412.094,5.373,68.000
0.052,0.025,0.013,22.871,253253.562,9.083,68.000
0.042,0.001,0.013,22.935,140788.406,1.804,68.000
0.048,0.008,0.010,20.219,267099.625,6.943,68.000
0.048,0.026,0.013,21.240,295785.219,7.907,68.000
0.059,0.000,0.007,21.335,-89248.055,3.781,68.000
0.098,0.010,0.012,18.710,210315.375,6.679,68.000
0.051,0.010,0.013,21.032,225660.719,8.043,68.000
0.048,0.014,0.011,22.370,224221.062,8.868,68.000
0.059,0.001,0.009,20.433,201344.438,0.786,68.000
0.053,0.000,0.004,22.950,-1395.812,1.763,68.000
0.055,0.001,0.009,23.790,181991.156,2.154,68.000
0.052,0.000,0.006,23.643,25097.734,1.984,68.000
0.052,0.013,0.013,20.570,244579.875,8.292,68.000
0.041,0.001,0.011,19.085,183801.250,3.102,68.000
0.051,0.024,0.013,21.911,258628.688,8.505,68.000
0.053,0.001,0.019,21.550,189444.719,2.519,68.000
0.051,0.007,0.012,19.874,259703.219,8.051,68.000
0.002,0.012,0.013,21.228,126384.492,7.662,68.000
0.098,0.012,0.012,19.642,202138.281,7.122,68.000
0.051,0.006,0.012,19.470,261355.531,7.124,68.000
0.049,0.002,0.005,20.731,195714.438,3.430,68.000
0.055,0.001,0.012,25.741,177894.031,2.448,68.000
0.051,0.023,0.014,20.390,265258.625,9.365,68.000
0.051,0.012,0.011,20.931,259736.688,7.918,68.000
0.053,0.001,0.010,23.754,196590.656,3.636,68.000
0.099,0.012,0.011,18.870,157533.375,7.478,68.000
0.048,0.001,0.009,24.534,114821.008,1.716,68.000
0.043,0.001,0.008,25.144,4101.469,-0.801,68.000
0.048,0.005,0.013,18.653,211105.219,6.391,68.000
0.049,0.015,0.011,22.583,213377.094,8.456,68.000
0.051,0.008,0.012,20.590,247649.344,8.164,68.000
0.057,0.001,0.018,20.226,187261.031,1.609,68.000
0.050,0.024,0.014,20.935,274839.406,9.442,68.000
0.050,0.004,0.012,19.919,233733.812,6.329,68.000
0.059,0.000,0.010,19.268,417.719,2.067,68.000
0.051,0.000,0.013,31.910,-30238.008,2.067,68.000
0.048,0.002,0.011,20.061,254010.812,6.051,68.000
0.048,0.003,0.012,20.628,216116.406,6.001,68.000
0.044,0.000,0.011,27.732,-7637.234,1.696,68.000
0.047,0.001,0.013,22.445,218896.625,5.607,68.000
0.050,0.009,0.011,21.382,252310.781,8.448,68.000
0.056,0.000,0.019,22.591,-43544.262,0.549,68.000
0.051,0.019,0.012,22.233,232607.406,7.588,68.000
0.050,0.020,0.012,21.356,246451.094,7.565,68.000
0.048,0.008,0.011,21.036,253578.844,7.544,68.000
0.051,0.001,0.013,26.319,192380.594,3.788,68.000
0.055,0.001,0.009,23.969,179707.938,1.802,68.000
0.053,0.002,0.012,22.274,270437.812,4.629,68.000
0.055,0.000,0.019,21.720,-13446.969,-0.236,68.000
0.052,0.012,0.012,21.169,228997.719,8.832,68.000
0.052,0.001,0.018,25.120,88834.805,0.575,68.000
0.056,0.001,0.008,23.451,106506.180,1.713,68.000
0.048,0.007,0.012,21.112,228714.656,7.688,68.000
0.055,0.001,0.016,21.413,239904.844,3.123,68.000
0.050,0.008,0.010,20.094,279713.938,7.122,68.000
0.051,0.010,0.014,18.650,231867.312,6.434,68.000
0.052,0.007,0.014,18.885,220332.500,6.382,68.000
0.002,0.013,0.013,20.963,132300.844,7.756,68.000
0.049,0.000,0.013,32.067,483.047,0.448,68.000
0.050,0.022,0.012,21.244,258122.000,7.768,68.000
0.049,0.016,0.011,21.981,218832.406,8.215,68.000
0.049,0.000,0.006,22.359,-16369.156,0.102,68.000
0.051,0.003,0.014,19.349,253518.312,5.455,68.000
0.045,0.002,0.017,21.262,262535.719,4.410,68.000
0.050,0.023,0.013,20.472,271989.969,9.088,68.000
0.050,0.006,0.012,20.859,257857.062,7.919,68.000
0.049,0.000,0.009,27.694,19888.898,0.072,68.000
0.050,0.003,0.013,17.624,234613.250,6.551,68.000
0.043,0.001,0.006,21.095,206660.438,2.113,68.000
0.056,0.001,0.004,23.876,54300.305,2.418,68.000
0.049,0.018,0.014,19.550,268632.062,8.316,68.000
0.057,0.001,0.011,23.663,133519.469,0.733,68.000
0.041,0.001,0.013,25.002,64534.242,-0.234,68.000
0.055,0.001,0.004,23.948,38163.648,1.887,68.000
0.049,0.019,0.012,21.310,251014.719,8.959,68.000
0.052,0.017,0.012,22.734,223408.250,7.480,68.000
0.045,0.001,0.020,21.952,190912.438,2.900,68.000
0.052,0.000,0.010,27.546,-70464.633,0.221,68.000
0.049,0.009,0.014,19.444,237970.812,6.160,68.000
0.052,0.000,0.011,25.622,-31225.289,-1.027,68.000
0.050,0.023,0.011,20.309,255565.281,5.252,68.000
0.053,0.001,0.019,22.663,166515.344,2.223,68.000
0.051,0.025,0.014,22.286,264163.969,9.336,68.000
0.053,0.000,0.014,29.000,-92039.281,-1.129,68.000
0.050,0.018,0.014,19.445,269789.500,8.130,68.000
0.051,0.007,0.010,18.576,275063.344,7.261,68.000
0.050,0.019,0.014,18.191,271217.938,8.822,68.000
0.050,0.006,0.012,20.498,263538.875,7.354,68.000
0.050,0.022,0.013,21.059,252212.625,8.729,68.000
0.048,0.000,0.017,28.566,28781.945,-0.182,68.000
0.049,0.003,0.011,20.618,253968.219,6.257,68.000
0.053,0.000,0.022,22.244,-5152.750,-1.255,68.000
0.042,0.001,0.006,21.349,207860.031,2.191,68.000
0.041,0.001,0.010,24.587,-2955.312,-0.783,68.000
0.049,0.014,0.014,19.449,247598.719,7.880,68.000
0.051,0.025,0.013,22.616,253012.031,9.399,68.000
0.049,0.007,0.010,19.195,261947.500,6.999,68.000
0.050,0.016,0.011,21.922,220484.125,7.342,68.000
0.050,0.001,0.016,27.801,97059.758,1.424,68.000
0.050,0.011,0.011,21.745,258653.812,7.833,68.000
0.050,0.003,0.015,19.028,232385.062,5.321,68.000
0.049,0.007,0.011,19.628,263074.156,7.272,68.000
0.048,0.022,0.011,19.387,280992.438,6.866,68.000
0.049,0.025,0.010,19.055,275357.312,5.538,68.000
0.055,0.001,0.007,23.352,169411.906,2.144,68.000
0.056,0.001,0.006,24.760,33703.664,1.954,68.000
0.050,0.000,0.017,27.607,25798.305,0.184,68.000
0.052,0.014,0.013,21.083,235387.000,8.461,68.000
0.048,0.008,0.010,21.084,267286.375,7.349,68.000
0.052,0.006,0.013,18.580,240591.312,7.050,68.000
0.050,0.013,0.014,19.354,240236.000,7.688,68.000
0.050,0.013,0.011,21.321,243866.656,8.671,68.000
0.057,0.000,0.013,26.257,-13895.977,0.153,68.000
0.050,0.001,0.005,23.087,157497.344,2.456,68.000
0.050,0.022,0.011,20.694,254803.219,5.431,68.000
0.049,0.020,0.010,20.580,264915.219,6.993,68.000
0.060,0.001,0.008,21.242,99664.320,1.845,68.000
0.048,0.001,0.011,26.810,66958.945,1.828,68.000
0.051,0.024,0.012,22.216,253667.344,7.547,68.000
0.051,0.007,0.013,19.359,239013.094,7.517,68.000
0.050,0.001,0.021,22.839,83534.602,0.342,68.000
0.055,0.001,0.019,22.723,149778.625,1.647,68.000
0.049,0.022,0.011,19.741,274263.594,6.854,68.000
0.051,0.012,0.012,21.285,233645.906,8.813,68.000
0.050,0.011,0.009,21.381,296547.594,6.996,68.000
0.052,0.024,0.012,22.881,238100.031,8.198,68.000
0.053,0.001,0.012,30.761,41415.164,1.317,68.000
0.049,0.010,0.012,21.621,224895.188,7.467,68.000
0.052,0.001,0.010,23.800,195364.281,4.248,68.000
0.049,0.003,0.011,20.734,251263.969,6.184,68.000
0.041,0.001,0.011,20.097,170781.656,3.000,68.000
0.053,0.001,0.022,21.252,129463.836,1.021,68.000
0.048,0.015,0.012,21.182,237498.500,8.844,68.000
0.050,0.022,0.013,20.342,253376.656,9.161,68.000
0.049,0.020,0.014,18.532,276415.375,9.519,68.000
0.051,0.001,0.003,23.927,67569.414,1.313,68.000
0.049,0.009,0.010,21.192,274896.844,7.505,68.000
0.051,0.000,0.005,22.587,-16191.172,0.001,68.000
0.050,0.007,0.011,20.100,265451.469,7.718,68.000
0.057,0.000,0.018,22.758,1905.016,0.702,68.000
0.048,0.002,0.015,21.163,231473.594,5.384,68.000
0.049,0.008,0.011,21.433,256603.844,8.373,68.000
0.049,0.001,0.007,22.457,177994.812,2.141,68.000
0.050,0.021,0.013,20.376,260001.031,9.019,68.000
0.050,0.026,0.014,23.050,249445.594,9.158,68.000
0.002,0.012,0.011,18.214,229845.281,5.835,68.000
0.051,0.008,0.013,19.703,234932.625,7.444,68.000
0.052,0.011,0.013,21.196,229364.875,8.502,68.000
0.044,0.000,0.009,23.555,26771.805,-0.242,68.000
0.098,0.012,0.011,17.786,209111.562,8.564,68.000
0.048,0.001,0.008,22.245,165104.875,1.942,68.000
0.051,0.001,0.007,21.232,181685.469,2.519,68.000
0.046,0.001,0.004,24.157,97912.570,0.146,68.000
0.053,0.001,0.011,21.103,268913.750,5.247,68.000
0.049,0.022,0.011,19.630,279892.688,6.612,68.000
0.051,0.021,0.013,20.171,254131.625,9.268,68.000
0.050,0.020,0.013,18.885,271863.156,9.211,68.000
0.050,0.020,0.011,21.756,248334.625,6.671,68.000
0.055,0.000,0.013,28.598,-2352.500,-0.650,68.000
0.042,0.001,0.017,20.455,181871.344,3.059,68.000
0.048,0.010,0.014,20.167,236557.344,5.940,68.000
0.056,0.001,0.017,21.023,225784.969,2.980,68.000
0.048,0.002,0.009,19.654,231438.438,3.603,68.000
0.098,0.012,0.012,19.885,199496.500,7.116,68.000
0.049,0.001,0.006,21.210,183416.219,2.718,68.000
0.051,0.014,0.014,20.008,247853.625,7.946,68.000
0.044,0.000,0.010,24.257,-17720.188,-0.605,68.000
0.050,0.018,0.014,18.296,276158.062,7.948,68.000
0.059,0.000,0.006,25.369,-4702.734,4.233,68.000
0.048,0.024,0.011,19.178,285516.312,6.684,68.000
0.052,0.000,0.022,23.119,-37338.914,0.050,68.000
0.050,0.012,0.011,21.627,249621.125,8.345,68.000
0.051,0.001,0.012,27.513,133136.938,2.637,68.000
0.060,0.001,0.016,18.385,155173.969,0.954,68.000
0.048,0.006,0.011,19.767,252163.469,6.741,68.000
0.052,0.000,0.001,23.321,-26213.562,0.738,68.000
0.051,0.024,0.013,22.373,250761.062,8.585,68.000
0.047,0.000,0.019,23.817,68610.961,-0.888,68.000
0.050,0.011,0.012,21.691,237743.125,8.256,68.000
0.053,0.001,0.016,22.552,262041.219,3.515,68.000
0.047,0.001,0.007,21.671,182580.719,2.337,68.000
0.002,0.011,0.013,21.366,111528.523,7.119,68.000
0.053,0.001,0.013,30.805,44305.555,1.254,68.000
0.059,0.000,0.010,21.546,15573.258,2.495,68.000
0.051,0.015,0.013,22.456,234139.594,8.316,68.000
0.048,0.004,0.010,19.493,259457.844,5.808,68.000
0.050,0.002,0.006,20.592,188354.219,3.351,68.000
0.053,0.000,0.010,25.298,-40491.449,-0.024,68.000
0.044,0.000,0.007,25.350,-31577.430,1.734,68.000
0.050,0.002,0.016,22.678,282224.156,4.542,68.000
0.049,0.025,0.012,21.312,279625.688,6.564,68.000
0.047,0.002,0.011,20.564,245790.344,6.392,68.000
0.060,0.001,0.009,21.292,91763.477,1.354,68.000
0.051,0.010,0.014,19.289,236785.625,6.794,68.000
0.045,0.000,0.016,27.461,-13151.211,-1.126,68.000
0.052,0.001,0.016,24.302,220703.250,3.073,68.000
0.041,0.000,0.018,23.071,38719.102,-0.140,68.000
0.051,0.016,0.013,20.640,261291.500,8.085,68.000
0.051,0.012,0.014,19.402,235263.500,7.820,68.000
0.048,0.017,0.013,22.731,227384.156,8.959,68.000
0.050,0.007,0.014,18.663,214613.500,6.219,68.000
0.051,0.009,0.010,19.760,269951.094,8.024,68.000
0.042,0.001,0.012,21.782,167179.781,2.479,68.000
0.049,0.001,0.009,22.310,186507.625,3.529,68.000
0.050,0.000,0.018,26.714,21164.297,0.563,68.000
0.048,0.026,0.013,21.575,288841.375,8.024,68.000
0.052,0.005,0.010,18.119,293609.156,6.470,68.000
0.052,0.005,0.013,17.820,250937.719,6.573,68.000
0.051,0.023,0.013,21.864,251234.875,8.709,68.000
0.051,0.026,0.013,23.225,255974.906,9.081,68.000
0.049,0.001,0.018,21.819,265920.500,3.959,68.000
0.043,0.001,0.009,20.049,175645.750,3.180,68.000
0.054,0.001,0.006,21.299,173989.719,2.731,68.000
0.056,0.001,0.018,23.362,92170.508,0.642,68.000
0.049,0.025,0.014,20.577,291578.031,9.392,68.000
0.044,0.001,0.015,20.214,244552.062,4.003,68.000
0.048,0.000,0.008,29.194,-16998.672,1.766,68.000
0.052,0.027,0.013,25.358,185839.156,7.921,68.000
0.049,0.016,0.010,22.090,213834.750,7.741,68.000
0.051,0.025,0.010,20.521,255718.969,4.829,68.000
0.042,0.000,0.009,22.887,-35252.352,2.054,68.000
0.050,0.006,0.010,18.736,282594.875,5.950,68.000
0.041,0.001,0.009,23.305,36239.727,-0.499,68.000
0.050,0.004,0.011,20.287,265727.656,6.469,68.000
0.049,0.012,0.013,20.016,235680.844,7.018,68.000
0.051,0.019,0.013,19.024,263572.156,8.497,68.000
0.055,0.001,0.021,20.428,162243.844,1.696,68.000
0.050,0.015,0.011,22.468,215986.344,8.353,68.000
0.049,0.027,0.014,19.835,229122.125,10.871,68.000
0.051,0.021,0.011,22.187,238220.219,6.413,68.000
0.055,0.001,0.008,22.259,200959.281,2.680,68.000
0.047,0.001,0.005,21.459,194705.500,2.405,68.000
0.059,0.001,0.008,20.446,194941.781,2.016,68.000
0.048,0.002,0.011,20.288,252405.938,6.110,68.000
0.051,0.002,0.012,19.992,255303.469,5.678,68.000
0.048,0.001,0.019,24.666,106334.867,1.154,68.000
0.046,0.000,0.013,32.927,-26561.812,-0.072,68.000
0.057,0.000,0.010,20.455,-16878.344,1.206,68.000
0.054,0.000,0.015,28.640,39060.992,-0.287,68.000
0.056,0.001,0.020,20.893,165749.469,1.688,68.000
0.057,0.001,0.004,24.235,35467.945,2.481,68.000
0.048,0.009,0.011,21.730,242455.062,7.624,68.000
0.054,0.002,0.009,22.013,215941.406,3.209,68.000
0.059,0.001,0.010,21.993,72490.023,1.296,68.000
0.049,0.009,0.014,19.114,237755.844,6.354,68.000
0.047,0.002,0.016,22.064,268081.469,4.634,68.000
0.049,0.021,0.010,20.059,276265.344,6.161,68.000
0.050,0.001,0.012,26.800,140635.375,2.966,68.000
0.054,0.001,0.017,22.211,237191.938,3.387,68.000
0.052,0.001,0.008,23.592,190366.281,2.568,68.000
0.098,0.011,0.012,19.131,204883.281,7.182,68.000
0.050,0.012,0.012,21.571,238532.438,8.650,68.000
0.049,0.005,0.010,19.110,266503.969,6.056,68.000
0.049,0.013,0.011,21.682,235792.375,8.733,68.000
0.051,0.008,0.012,20.627,252743.781,8.324,68.000
0.051,0.001,0.020,23.935,47902.539,0.589,68.000
0.052,0.003,0.013,18.582,260915.562,6.190,68.000
0.058,0.001,0.006,22.187,92950.492,2.771,68.000
0.053,0.002,0.009,21.715,221811.562,3.435,68.000
0.061,0.000,0.010,21.567,63471.758,5.581,68.000
0.050,0.020,0.011,21.332,248415.406,7.437,68.000
0.049,0.027,0.012,20.130,279921.344,9.993,68.000
0.052,0.013,0.013,21.146,231603.125,8.964,68.000
0.049,0.007,0.014,18.416,215640.188,5.981,68.000
0.041,0.001,0.015,16.695,199272.969,4.082,68.000
0.049,0.012,0.014,19.334,236426.062,6.967,68.000
0.049,0.020,0.013,20.144,268661.844,9.686,68.000
0.055,0.002,0.006,21.109,178689.156,2.781,68.000
0.043,0.000,0.008,29.521,-27116.984,1.459,68.000
0.050,0.006,0.010,18.673,285667.719,5.785,68.000
0.048,0.006,0.012,20.296,213865.531,6.427,68.000
0.050,0.021,0.011,21.220,249484.844,5.968,68.000
0.049,0.027,0.011,29.208,114614.695,11.502,68.000
0.057,0.001,0.004,22.943,102761.180,3.149,68.000
0.051,0.001,0.014,27.305,164378.469,2.863,68.000
0.042,0.000,0.014,25.191,-3043.773,-1.339,68.000
0.051,0.001,0.017,28.406,52217.477,0.252,68.000
0.048,0.003,0.012,20.650,235125.562,5.989,68.000
0.045,0.000,0.011,28.646,-8525.828,-0.319,68.000
0.049,0.004,0.010,19.097,278000.500,5.709,68.000
0.056,0.001,0.021,21.129,141382.656,1.162,68.000
0.044,0.001,0.017,20.823,234524.125,3.628,68.000
0.048,0.000,0.019,25.630,21217.570,0.451,68.000
0.052,0.012,0.011,20.567,247855.188,8.279,68.000
0.050,0.016,0.012,22.246,218731.156,8.334,68.000
0.042,0.001,0.009,23.337,56745.352,-0.270,68.000
0.052,0.014,0.013,20.500,251277.281,8.210,68.000
0.057,0.000,0.004,21.367,7506.242,3.146,68.000
0.046,0.001,0.009,20.502,199560.031,3.362,68.000
0.048,0.024,0.012,20.397,295621.969,7.313,68.000
0.046,0.001,0.014,22.746,219868.031,4.574,68.000
0.053,0.000,0.004,23.206,9484.547,1.555,68.000
0.042,0.001,0.007,23.543,78154.914,0.537,68.000
0.043,0.002,0.012,20.469,210557.156,4.408,68.000
0.051,0.004,0.011,18.513,286993.438,6.405,68.000
0.042,0.001,0.009,23.343,70015.242,0.135,68.000
0.050,0.023,0.014,20.215,275875.969,9.525,68.000
0.044,0.000,0.015,25.972,22174.953,-1.733,68.000
0.050,0.001,0.020,22.807,165170.281,2.332,68.000
0.048,0.009,0.011,21.938,237766.906,7.671,68.000
0.050,0.016,0.014,19.298,264931.625,7.930,68.000
0.049,0.000,0.002,20.318,-37973.711,-1.193,68.000
0.048,0.003,0.013,20.256,212271.781,6.385,68.000
0.052,0.013,0.011,21.301,234537.812,8.333,68.000
0.049,0.020,0.011,20.624,261869.812,7.248,68.000
0.049,0.008,0.011,21.681,253090.625,8.365,68.000
0.048,0.021,0.013,19.599,271678.594,9.654,68.000
0.044,0.001,0.012,20.548,211902.938,4.458,68.000
0.051,0.001,0.019,22.355,217199.562,3.031,68.000
0.048,0.007,0.011,21.241,245710.812,7.731,68.000
0.098,0.010,0.012,18.981,206669.094,6.782,68.000
0.050,0.011,0.010,21.394,277994.562,7.288,68.000
0.049,0.000,0.009,23.573,24454.859,0.181,68.000
0.051,0.015,0.014,19.250,270892.531,7.896,68.000
0.050,0.001,0.010,22.419,198201.156,4.354,68.000
0.045,0.000,0.012,30.261,-16439.445,0.843,68.000
0.052,0.013,0.013,21.068,229039.219,8.730,68.000
0.048,0.000,0.015,27.701,-10905.133,2.164,68.000
0.049,0.000,0.004,22.235,-20858.164,-0.117,68.000
0.000,0.011,0.013,25.336,-29452.312,11.875,68.000
0.048,0.001,0.002,23.464,33787.883,-0.384,68.000
0.049,0.023,0.012,20.405,269851.219,6.411,68.000
0.048,0.010,0.011,22.334,237598.750,7.973,68.000
0.042,0.001,0.015,19.922,178881.250,2.624,68.000
0.060,0.001,0.012,18.634,243984.219,1.934,68.000
0.049,0.021,0.012,20.874,265528.000,8.264,68.000
0.049,0.009,0.013,21.098,229275.969,6.831,68.000
0.052,0.023,0.011,22.168,241866.625,6.208,68.000
0.051,0.015,0.012,22.604,225063.031,7.740,68.000
0.051,0.007,0.014,19.160,218367.375,6.407,68.000
0.052,0.001,0.018,22.838,217188.781,2.889,68.000
0.052,0.015,0.012,22.358,237024.312,7.647,68.000
0.048,0.008,0.013,21.364,219754.125,7.053,68.000
0.049,0.015,0.011,22.360,215719.125,8.497,68.000
0.051,0.014,0.012,21.445,229212.000,8.168,68.000
0.056,0.000,0.007,22.988,34278.555,1.914,68.000
0.048,0.009,0.012,22.180,229376.594,7.676,68.000
0.051,0.001,0.015,22.868,267878.906,4.145,68.000
0.040,0.001,0.012,23.321,95057.883,-0.019,68.000
0.061,0.001,0.013,18.485,228162.750,1.154,68.000
0.043,0.001,0.013,22.083,179402.969,3.204,68.000
0.048,0.002,0.017,21.577,279108.781,4.256,68.000
0.041,0.001,0.013,21.415,160215.656,1.834,68.000
0.043,0.002,0.012,20.134,214616.625,4.516,68.000
0.049,0.012,0.010,22.318,272707.281,7.243,68.000
0.049,0.004,0.010,19.442,268715.625,5.616,68.000
0.048,0.001,0.013,23.962,222556.469,4.593,68.000
0.050,0.000,0.022,24.602,-40964.305,-0.023,68.000
0.051,0.007,0.012,19.865,253314.094,8.053,68.000
0.050,0.020,0.010,20.903,262232.344,6.215,68.000
0.051,0.008,0.014,19.638,213781.000,6.274,68.000
0.041,0.001,0.012,19.628,185363.875,2.692,68.000
0.050,0.022,0.013,20.845,254655.094,9.053,68.000
0.050,0.027,0.011,21.415,254461.969,6.252,68.000
0.050,0.018,0.011,22.161,235462.688,7.542,68.000
0.050,0.006,0.015,18.092,198905.344,5.079,68.000
0.054,0.001,0.019,22.983,105498.789,1.366,68.000
0.049,0.005,0.012,20.327,229779.688,6.512,68.000
0.048,0.023,0.013,19.836,292102.375,8.632,68.000
0.049,0.001,0.018,22.009,254697.281,3.806,68.000
0.048,0.000,0.019,24.322,68256.086,-0.195,68.000
0.047,0.001,0.013,29.489,77498.039,1.391,68.000
0.042,0.001,0.004,21.920,203684.031,1.994,68.000
0.048,0.002,0.010,19.793,249093.875,5.693,68.000
0.049,0.025,0.014,20.470,292412.969,9.403,68.000
0.047,0.000,0.015,29.086,-514.914,1.434,68.000
0.055,0.000,0.017,26.224,-14215.492,0.183,68.000
0.052,0.000,0.020,24.730,-45754.160,0.079,68.000
0.045,0.001,0.006,21.266,211478.625,2.412,68.000
0.047,0.000,0.012,32.629,-38972.039,0.503,68.000
0.099,0.012,0.012,21.001,193517.906,7.112,68.000
0.055,0.001,0.014,23.215,227967.906,3.035,68.000
0.060,0.001,0.007,21.659,101605.977,1.837,68.000
0.043,0.001,0.018,21.746,179127.688,2.402,68.000
0.050,0.022,0.012,21.266,256169.625,8.232,68.000
0.049,0.001,0.015,21.763,245341.094,4.835,68.000
0.051,0.001,0.012,28.103,127528.445,2.650,68.000
0.050,0.017,0.011,22.462,216453.062,7.366,68.000
0.051,0.002,0.017,22.160,277468.750,4.179,68.000
0.056,0.001,0.014,23.358,177768.406,1.960,68.000
0.049,0.018,0.010,21.424,233091.188,6.991,68.000
0.050,0.019,0.012,21.787,242768.906,8.644,68.000
0.049,0.005,0.010,18.873,278811.531,5.962,68.000
0.050,0.001,0.007,25.171,92582.227,1.032,68.000
0.050,0.001,0.007,25.309,63465.539,0.431,68.000
0.054,0.000,0.012,29.954,-18705.930,3.072,68.000
0.051,0.001,0.021,21.295,164962.625,2.287,68.000
0.051,0.011,0.014,19.098,232367.875,6.768,68.000
0.043,0.001,0.019,21.621,185201.812,2.691,68.000
0.050,0.008,0.013,20.178,231382.969,7.690,68.000
0.048,0.015,0.014,19.586,248321.188,8.718,68.000
0.046,0.001,0.018,24.628,177437.000,2.751,68.000
0.050,0.021,0.010,20.575,269209.906,5.893,68.000
0.039,0.001,0.013,20.158,156486.031,1.590,68.000
0.060,0.000,0.010,21.534,30990.664,3.026,68.000
0.052,0.008,0.013,19.631,226452.094,6.936,68.000
0.052,0.019,0.012,21.813,223335.156,8.094,68.000
0.041,0.001,0.014,17.303,190255.469,3.684,68.000
0.051,0.022,0.011,21.196,246133.688,5.117,68.000
0.050,0.009,0.015,18.951,230543.312,6.248,68.000
0.052,0.017,0.012,21.950,240706.688,7.762,68.000
0.051,0.002,0.005,20.875,180378.969,3.101,68.000
0.058,0.001,0.012,20.580,245255.688,2.661,68.000
0.051,0.011,0.012,21.499,235130.906,8.243,68.000
0.044,0.000,0.008,29.975,2695.727,2.786,68.000
0.053,0.001,0.009,21.955,226131.469,3.787,68.000
0.056,0.001,0.003,22.702,84651.023,2.634,68.000
0.052,0.024,0.012,22.907,241404.875,8.162,68.000
0.051,0.004,0.009,18.229,291322.938,5.725,68.000
0.053,0.001,0.009,23.643,195020.656,2.638,68.000
0.048,0.023,0.011,19.026,280621.594,6.424,68.000
0.049,0.018,0.011,21.962,229589.688,7.669,68.000
0.050,0.015,0.013,21.524,243595.875,8.256,68.000
0.050,0.010,0.011,21.351,252008.062,8.377,68.000
0.054,0.002,0.013,23.351,246966.031,3.982,68.000
0.049,0.006,0.011,20.402,262576.750,7.056,68.000
0.049,0.003,0.011,19.534,270968.625,6.130,68.000
0.044,0.000,0.006,22.096,30596.023,1.524,68.000
0.050,0.017,0.013,20.417,262256.219,8.233,68.000
0.049,0.026,0.013,21.915,285929.625,8.345,68.000
0.050,0.025,0.014,21.479,278599.125,9.424,68.000
0.053,0.001,0.022,20.861,125418.914,0.725,68.000
0.051,0.026,0.014,23.412,245325.531,9.682,68.000
0.054,0.001,0.015,22.346,248066.969,3.113,68.000
0.003,0.011,0.012,20.758,171365.594,6.918,68.000
0.051,0.023,0.014,20.547,264247.188,9.121,68.000
0.048,0.002,0.018,21.926,251095.031,3.624,68.000
0.044,0.001,0.007,20.001,196953.344,2.052,68.000
0.048,0.002,0.017,21.601,280078.531,4.303,68.000
0.045,0.001,0.008,25.591,-7985.445,-0.445,68.000
0.051,0.018,0.011,23.139,221338.469,7.398,68.000
0.056,0.002,0.011,21.005,237470.188,2.765,68.000
0.050,0.004,0.014,17.273,237628.094,5.757,68.000
0.050,0.003,0.010,19.254,279326.625,6.066,68.000
0.052,0.008,0.010,19.137,277226.625,7.375,68.000
0.049,0.006,0.012,20.737,235256.531,7.366,68.000
0.049,0.023,0.010,19.345,273102.281,5.573,68.000
0.049,0.025,0.014,20.827,292131.750,9.249,68.000
0.044,0.000,0.007,21.597,-11462.570,-1.388,68.000
0.052,0.026,0.012,23.198,237340.812,7.441,68.000
0.051,0.005,0.012,19.251,251772.844,6.781,68.000
0.049,0.005,0.011,19.428,265838.719,6.263,68.000
0.051,0.002,0.007,21.189,182927.031,2.540,68.000
0.048,0.018,0.011,21.289,233599.125,7.765,68.000
0.058,0.001,0.009,20.878,212882.469,1.339,68.000
0.047,0.001,0.017,26.937,108220.633,0.748,68.000
0.050,0.001,0.011,25.583,149577.156,3.175,68.000
0.050,0.017,0.014,19.138,267813.281,7.807,68.000
0.058,0.001,0.011,21.796,197732.219,1.145,68.000
0.050,0.005,0.011,19.842,267526.438,6.606,68.000
0.050,0.010,0.012,21.819,229529.281,7.991,68.000
0.049,0.008,0.013,21.447,227338.531,7.709,68.000
0.059,0.001,0.012,19.807,242173.312,2.395,68.000
0.048,0.017,0.013,21.676,243582.938,8.892,68.000
0.049,0.007,0.011,20.914,259095.594,8.023,68.000
0.040,0.000,0.014,20.921,60348.398,0.905,68.000
0.056,0.001,0.012,23.733,212221.938,2.802,68.000
0.049,0.003,0.011,20.333,256551.781,6.137,68.000
0.043,0.002,0.010,18.252,212522.906,4.783,68.000
0.040,0.000,0.011,24.373,-57659.898,-0.145,68.000
0.059,0.000,0.011,21.757,46099.102,1.909,68.000
0.048,0.000,0.003,22.711,-81654.727,-1.591,68.000
0.049,0.012,0.014,18.954,239272.031,6.806,68.000
0.048,0.024,0.012,20.491,297384.688,7.756,68.000
0.056,0.002,0.010,21.512,235367.031,3.189,68.000
0.052,0.009,0.013,20.366,221371.750,7.515,68.000
0.041,0.000,0.011,25.082,-29530.602,1.392,68.000
0.099,0.012,0.012,20.030,203627.625,7.173,68.000
0.051,0.017,0.010,22.067,231402.312,6.571,68.000
0.052,0.001,0.016,23.829,242289.531,3.586,68.000
0.057,0.001,0.010,22.518,181851.969,1.284,68.000
0.049,0.003,0.012,20.469,223064.438,6.256,68.000
0.049,0.001,0.014,26.197,179688.531,3.504,68.000
0.059,0.001,0.011,22.643,112413.008,0.461,68.000
0.048,0.009,0.012,22.374,219188.719,7.140,68.000
0.056,0.000,0.018,20.828,8406.750,-0.325,68.000
0.049,0.014,0.013,20.401,254277.344,8.227,68.000
0.048,0.003,0.013,18.107,213727.125,6.470,68.000
0.050,0.006,0.010,18.760,278177.844,6.010,68.000
0.052,0.021,0.012,22.271,218897.875,7.942,68.000
0.050,0.004,0.011,19.433,275524.906,6.073,68.000
0.049,0.021,0.010,20.492,270967.969,6.490,68.000
0.050,0.027,0.014,25.912,205373.500,8.760,68.000
0.048,0.000,0.012,29.355,-22216.672,-1.727,68.000
0.051,0.023,0.011,20.783,247492.344,4.761,68.000
0.048,0.026,0.013,21.184,294952.094,8.329,68.000
0.046,0.002,0.013,22.045,207066.875,5.546,68.000
0.058,0.001,0.005,21.140,151015.906,3.905,68.000
0.051,0.000,0.003,23.895,-49255.609,0.657,68.000
0.051,0.003,0.014,18.534,241974.094,5.141,68.000
0.050,0.018,0.012,22.192,233584.906,8.755,68.000
0.044,0.002,0.013,21.081,209782.906,4.850,68.000
0.050,0.001,0.002,24.024,9304.555,-0.144,68.000
0.045,0.000,0.003,21.475,-22915.648,-1.071,68.000
0.050,0.002,0.017,22.084,277901.281,4.200,68.000
0.051,0.001,0.007,25.276,83363.852,0.709,68.000
0.050,0.002,0.011,19.922,268498.906,6.180,68.000
0.052,0.010,0.014,19.824,227809.281,7.062,68.000
0.056,0.002,0.014,21.911,221112.188,2.994,68.000
0.040,0.001,0.014,18.704,161586.844,3.134,68.000
0.045,0.002,0.014,21.064,217454.562,5.165,68.000
0.053,0.000,0.004,23.433,-3729.242,1.421,68.000
0.051,0.016,0.012,22.432,236206.031,8.063,68.000
0.044,0.000,0.015,27.263,-25313.797,-2.531,68.000
0.050,0.001,0.003,23.044,118769.305,1.497,68.000
0.056,0.000,0.008,22.624,20326.984,2.961,68.000
0.049,0.022,0.011,20.011,268466.469,6.242,68.000
0.049,0.009,0.012,21.820,231920.531,7.928,68.000
0.050,0.022,0.012,21.003,266616.625,6.843,68.000
0.054,0.001,0.004,23.910,44853.742,1.634,68.000
0.043,0.001,0.015,19.369,218071.281,3.787,68.000
0.058,0.000,0.007,24.002,29219.930,4.677,68.000
0.047,0.001,0.003,23.165,138986.562,0.802,68.000
0.049,0.000,0.018,28.222,51855.164,-0.416,68.000
0.098,0.012,0.011,17.598,216194.031,8.160,68.000
0.051,0.018,0.011,22.583,233045.125,6.685,68.000
0.041,0.000,0.012,22.733,-31126.047,-1.539,68.000
0.046,0.001,0.014,23.723,205695.625,4.478,68.000
0.049,0.011,0.011,22.137,243524.562,8.391,68.000
0.050,0.014,0.010,21.671,238894.062,7.639,68.000
0.046,0.000,0.016,28.654,-18190.016,0.747,68.000
0.050,0.019,0.010,21.440,245250.000,6.607,68.000
0.040,0.001,0.012,20.201,174321.156,1.888,68.000
0.049,0.001,0.009,21.036,230249.781,4.163,68.000
0.051,0.014,0.014,18.510,262974.188,7.456,68.000
0.052,0.010,0.013,19.920,230151.969,7.146,68.000
0.049,0.013,0.010,22.301,243933.531,7.977,68.000
0.048,0.026,0.013,21.930,279845.281,7.733,68.000
0.060,0.000,0.013,20.303,135977.469,0.126,68.000
0.046,0.000,0.018,24.804,25274.320,0.580,68.000
0.051,0.025,0.014,22.076,264711.656,9.377,68.000
0.055,0.001,0.021,21.950,57494.023,0.718,68.000
0.049,0.019,0.013,21.055,250750.750,9.777,68.000
0.050,0.014,0.010,22.306,223070.469,8.084,68.000
0.049,0.002,0.009,20.364,235423.625,3.871,68.000
0.051,0.008,0.011,20.435,265059.438,8.352,68.000
0.042,0.001,0.005,23.523,128273.242,0.652,68.000
0.041,0.000,0.010,25.713,-24364.641,1.555,68.000
0.048,0.005,0.011,20.376,248649.906,6.646,68.000
0.048,0.001,0.007,22.512,172669.625,2.316,68.000
0.050,0.008,0.011,20.950,257517.688,8.237,68.000
0.047,0.000,0.020,22.702,85059.555,2.365,68.000
0.051,0.025,0.011,20.784,249737.875,5.454,68.000
0.049,0.015,0.012,21.719,231900.875,8.636,68.000
0.056,0.000,0.014,26.065,9576.281,-0.430,68.000
0.050,0.024,0.010,19.254,275522.781,4.937,68.000
0.052,0.020,0.011,22.494,229494.750,6.040,68.000
0.052,0.000,0.011,31.041,-9590.195,2.596,68.000
0.047,0.001,0.005,21.476,201020.375,2.580,68.000
0.052,0.014,0.012,21.094,226155.312,8.420,68.000
0.059,0.000,0.010,20.219,-10993.562,2.125,68.000
0.052,0.017,0.011,22.830,229824.000,6.769,68.000
0.042,0.000,0.017,24.101,15875.516,1.120,68.000
0.056,0.000,0.009,22.122,-40638.484,1.650,68.000
0.002,0.010,0.011,19.048,220732.594,4.964,68.000
0.051,0.007,0.012,20.279,257194.344,8.128,68.000
0.049,0.026,0.011,19.179,278668.594,5.807,68.000
0.051,0.007,0.013,19.330,237547.062,7.596,68.000
0.049,0.012,0.013,20.370,233100.562,6.884,68.000
0.054,0.001,0.005,24.187,53809.883,1.557,68.000
0.044,0.000,0.016,24.707,-41846.758,0.737,68.000
0.051,0.001,0.020,22.764,160562.531,2.219,68.000
0.049,0.002,0.006,20.688,196190.344,3.072,68.000
0.042,0.000,0.014,24.288,-20140.000,1.061,68.000
0.098,0.013,0.012,21.959,183949.906,7.266,68.000
0.049,0.011,0.011,21.915,250709.469,8.291,68.000
0.049,0.018,0.011,22.153,223160.625,7.559,68.000
0.049,0.013,0.014,19.232,238702.094,7.158,68.000
0.052,0.004,0.014,17.476,240134.062,5.410,68.000
0.050,0.023,0.013,20.992,267486.750,8.879,68.000
0.048,0.000,0.018,28.072,65929.586,-0.132,68.000
0.060,0.001,0.018,18.568,191834.562,1.184,68.000
0.051,0.000,0.004,23.439,-80861.570,-0.791,68.000
0.057,0.000,0.006,20.457,-34465.219,3.152,68.000
0.052,0.019,0.012,21.472,230345.875,8.271,68.000
0.056,0.001,0.020,24.913,-9678.031,0.059,68.000
0.051,0.019,0.011,22.566,237282.844,6.596,68.000
0.050,0.001,0.020,22.166,201705.656,3.112,68.000
0.049,0.006,0.013,19.798,228062.906,7.412,68.000
0.050,0.020,0.014,18.423,270321.844,9.120,68.000
0.050,0.009,0.014,19.368,235014.469,6.564,68.000
0.049,0.012,0.014,18.911,240161.625,6.727,68.000
0.054,0.001,0.003,22.513,96656.320,2.290,68.000
0.049,0.003,0.011,20.203,259050.000,6.241,68.000
0.054,0.001,0.019,24.720,77580.492,0.694,68.000
0.055,0.002,0.015,21.749,241045.906,3.062,68.000
0.099,0.012,0.013,22.313,147900.188,5.702,68.000
0.048,0.026,0.012,20.692,290017.594,6.394,68.000
0.048,0.021,0.013,19.506,274188.844,9.857,68.000
0.049,0.003,0.012,20.578,237266.906,6.096,68.000
0.049,0.004,0.013,18.895,214201.250,6.380,68.000
0.053,0.001,0.019,22.564,214304.750,2.872,68.000
0.050,0.020,0.010,20.952,259604.000,6.526,68.000
0.052,0.010,0.012,20.711,247902.031,8.481,68.000
0.050,0.009,0.013,20.855,232329.125,7.739,68.000
0.056,0.001,0.015,21.421,212841.312,2.662,68.000
0.048,0.020,0.012,20.425,258092.031,8.379,68.000
0.050,0.016,0.013,21.986,238287.125,8.606,68.000
0.046,0.002,0.018,21.925,251787.438,4.078,68.000
0.051,0.021,0.012,21.667,229028.219,8.330,68.000
0.055,0.001,0.009,24.832,137932.656,1.399,68.000
0.056,0.000,0.011,26.963,14170.977,3.506,68.000
0.051,0.023,0.013,21.897,245416.906,8.595,68.000
0.053,0.001,0.014,23.506,233764.375,3.797,68.000
0.048,0.001,0.013,27.263,141429.438,3.037,68.000
0.044,0.001,0.006,21.377,208769.438,2.265,68.000
0.052,0.007,0.013,19.015,240898.812,7.132,68.000
0.056,0.001,0.018,22.992,94739.008,1.287,68.000
0.049,0.024,0.010,18.668,289931.656,5.760,68.000
0.060,0.000,0.013,18.312,-51173.383,2.391,68.000
0.052,0.023,0.012,22.609,235172.281,7.499,68.000
0.057,0.000,0.018,22.115,8815.336,-0.852,68.000
0.058,0.001,0.005,21.640,154159.875,3.631,68.000
0.050,0.014,0.014,19.852,247655.094,7.865,68.000
0.052,0.008,0.011,19.964,256451.500,8.146,68.000
0.049,0.005,0.011,20.873,258290.250,6.624,68.000
0.048,0.011,0.012,21.697,236622.938,7.739,68.000
0.052,0.019,0.011,22.663,232413.656,6.243,68.000
0.051,0.010,0.012,21.489,226317.844,8.182,68.000
0.052,0.001,0.020,23.324,79641.820,0.310,68.000
0.057,0.001,0.017,20.349,215090.688,2.566,68.000
0.051,0.006,0.012,19.585,257578.094,7.203,68.000
0.046,0.001,0.009,19.546,225913.500,4.616,68.000
0.058,0.001,0.006,21.166,163317.875,3.463,68.000
0.052,0.000,0.002,21.408,-53059.168,0.263,68.000
0.048,0.025,0.012,20.631,300036.062,7.085,68.000
0.049,0.014,0.011,22.222,224580.844,8.795,68.000
0.048,0.022,0.012,19.878,277651.750,8.143,68.000
0.099,0.012,0.011,18.435,188987.500,7.281,68.000
0.050,0.007,0.009,18.814,281721.312,6.069,68.000
0.051,0.012,0.012,21.319,236130.750,8.839,68.000
0.051,0.011,0.013,20.966,227201.656,8.131,68.000
0.050,0.027,0.012,13.639,327935.969,8.569,68.000
0.046,0.002,0.014,21.537,219307.438,5.472,68.000
0.045,0.000,0.019,26.521,-3634.852,-0.134,68.000
0.044,0.002,0.013,20.967,204855.000,4.781,68.000
0.100,0.013,0.013,23.094,-62169.879,9.275,68.000
0.043,0.001,0.006,21.382,207746.062,2.108,68.000
0.051,0.003,0.011,19.188,281421.438,6.509,68.000
0.050,0.025,0.013,21.811,274040.062,8.770,68.000
0.050,0.013,0.013,20.231,240317.188,7.732,68.000
0.052,0.022,0.013,21.785,234717.531,9.007,68.000
0.050,0.010,0.014,19.482,240238.344,6.743,68.000
0.051,0.009,0.014,19.432,219799.062,6.132,68.000
0.052,0.012,0.012,21.162,228921.062,8.732,68.000
0.050,0.007,0.012,20.998,250353.969,8.439,68.000
0.050,0.018,0.011,22.543,219905.594,7.288,68.000
0.058,0.000,0.011,23.180,150142.250,1.147,68.000
0.050,0.017,0.012,22.564,227876.625,8.192,68.000
0.049,0.017,0.011,22.307,218258.750,7.403,68.000
0.051,0.000,0.004,23.839,-21050.484,0.437,68.000
0.048,0.012,0.013,20.261,235466.469,6.690,68.000
0.048,0.015,0.012,21.267,235725.312,8.884,68.000
0.052,0.001,0.020,21.884,195450.406,2.896,68.000
0.050,0.009,0.012,21.857,233159.188,8.126,68.000
0.043,0.001,0.009,19.078,198929.531,3.590,68.000
0.044,0.002,0.010,18.695,224272.969,4.885,68.000
0.051,0.006,0.011,19.325,271245.812,7.447,68.000
0.052,0.022,0.012,22.864,229709.562,6.370,68.000
0.052,0.016,0.013,22.097,241281.938,7.842,68.000
0.050,0.004,0.010,19.189,275265.781,6.046,68.000
0.052,0.000,0.013,28.722,-12375.492,3.008,68.000
0.045,0.002,0.009,19.267,231521.750,4.605,68.000
0.055,0.001,0.008,23.928,149757.375,1.986,68.000
0.051,0.008,0.013,19.930,233366.062,7.389,68.000
0.054,0.000,0.002,21.280,-51040.184,1.808,68.000
0.060,0.000,0.008,22.190,23941.867,3.750,68.000
0.052,0.002,0.010,20.617,258526.406,5.625,68.000
0.052,0.009,0.013,20.528,221528.406,7.632,68.000
0.041,0.001,0.010,24.969,-12982.797,-0.689,68.000
0.044,0.001,0.008,20.353,172192.906,1.679,68.000
0.047,0.000,0.022,22.186,106659.914,-1.860,68.000
0.051,0.000,0.018,27.602,53738.008,-0.607,68.000
0.052,0.017,0.012,22.792,221030.438,7.584,68.000
0.050,0.016,0.012,22.541,226480.781,8.475,68.000
0.045,0.001,0.008,19.577,203366.094,2.475,68.000
0.052,0.010,0.011,20.184,264530.844,8.164,68.000
0.050,0.006,0.014,18.501,212002.562,6.162,68.000
0.051,0.023,0.013,21.733,244473.562,8.711,68.000
0.048,0.014,0.011,22.191,226931.875,8.976,68.000
0.050,0.012,0.013,20.981,228932.406,7.802,68.000
0.050,0.019,0.014,17.486,277378.250,8.296,68.000
0.054,0.000,0.011,26.132,-35907.750,-0.301,68.000
0.047,0.000,0.004,23.800,52357.273,0.198,68.000
0.052,0.023,0.012,22.436,237465.344,8.175,68.000
0.058,0.000,0.016,23.361,51097.883,-0.032,68.000
0.050,0.013,0.011,21.689,234731.781,8.705,68.000
0.057,0.002,0.014,20.889,202132.469,3.130,68.000
0.051,0.025,0.010,20.054,265076.812,4.997,68.000
0.049,0.002,0.014,19.433,238266.875,5.792,68.000
0.048,0.001,0.004,25.655,13095.586,-0.528,68.000
0.048,0.011,0.010,22.579,269989.406,7.388,68.000
0.045,0.000,0.006,24.679,37341.570,-1.219,68.000
0.049,0.007,0.013,19.303,225868.531,7.259,68.000
0.050,0.014,0.011,22.078,225395.969,8.886,68.000
0.042,0.000,0.017,24.071,35736.492,-1.388,68.000
0.048,0.021,0.012,20.361,268747.156,8.434,68.000
0.051,0.001,0.020,21.793,195601.500,2.953,68.000
0.048,0.000,0.005,21.182,-15207.773,-0.827,68.000
0.048,0.002,0.018,21.901,250931.562,3.682,68.000
0.052,0.001,0.014,27.997,126652.664,1.728,68.000
0.050,0.003,0.014,18.846,244627.281,5.694,68.000
0.041,0.000,0.008,23.527,-10067.023,1.872,68.000
0.045,0.001,0.013,28.581,47485.445,0.335,68.000
0.048,0.016,0.011,22.374,220899.656,8.538,68.000
0.050,0.015,0.011,22.504,219183.406,8.543,68.000
0.050,0.007,0.012,21.260,258154.625,8.536,68.000
0.050,0.025,0.011,20.632,265033.438,5.687,68.000
0.050,0.001,0.009,28.433,-12216.469,0.340,68.000
0.050,0.024,0.014,20.778,276080.719,9.490,68.000
0.049,0.000,0.021,22.850,-6572.359,0.075,68.000
0.051,0.001,0.004,22.395,158686.719,2.614,68.000
0.049,0.015,0.012,21.657,233887.500,8.635,68.000
0.045,0.001,0.017,21.491,227373.688,3.430,68.000
0.049,0.026,0.011,20.115,281871.344,5.927,68.000
0.053,0.001,0.002,23.952,31173.945,0.974,68.000
0.050,0.004,0.014,17.392,221047.219,5.592,68.000
0.048,0.002,0.013,21.938,214544.500,6.098,68.000
0.048,0.021,0.011,20.114,265387.562,7.685,68.000
0.051,0.023,0.011,20.307,254454.562,4.889,68.000
0.055,0.001,0.010,26.101,134934.562,1.931,68.000
0.051,0.013,0.014,20.051,245403.469,8.090,68.000
0.045,0.000,0.017,23.985,91932.711,0.833,68.000
0.059,0.000,0.014,19.958,-102170.656,1.885,68.000
0.052,0.015,0.012,22.653,226127.656,7.643,68.000
0.044,0.001,0.003,21.444,188917.250,1.214,68.000
0.050,0.023,0.013,21.080,269811.062,8.483,68.000
0.050,0.002,0.018,22.235,252692.688,3.525,68.000
0.051,0.012,0.013,20.969,228830.969,7.840,68.000
0.056,0.001,0.005,22.641,118461.633,3.075,68.000
0.050,0.026,0.012,22.332,277770.094,8.083,68.000
0.056,0.000,0.017,24.457,24262.914,-0.163,68.000
0.057,0.002,0.012,20.782,249347.094,3.219,68.000
0.052,0.020,0.011,22.712,227792.188,6.135,68.000
0.055,0.000,0.009,24.574,33009.836,1.031,68.000
0.050,0.014,0.010,22.387,231174.656,8.060,68.000
0.051,0.000,0.022,20.386,26874.055,1.301,68.000
0.042,0.001,0.006,20.562,205866.906,2.271,68.000
0.057,0.000,0.017,24.048,36416.117,-0.160,68.000
0.050,0.023,0.011,20.697,262550.625,5.754,68.000
0.054,0.001,0.005,22.386,138310.875,2.517,68.000
0.050,0.020,0.011,21.796,243679.625,7.262,68.000
0.049,0.006,0.011,20.402,264583.438,7.350,68.000
0.046,0.000,0.011,28.002,-65994.312,-1.189,68.000
0.054,0.001,0.010,23.649,214725.906,3.187,68.000
0.052,0.002,0.008,21.597,219211.656,3.275,68.000
0.051,0.000,0.004,22.444,-100071.547,-0.149,68.000
0.046,0.000,0.011,28.862,-9285.773,-0.755,68.000
0.057,0.001,0.013,25.321,141448.344,1.098,68.000
0.050,0.001,0.020,21.183,187115.812,2.899,68.000
0.051,0.021,0.012,21.907,234839.969,7.719,68.000
0.048,0.005,0.011,20.909,248036.406,6.616,68.000
0.050,0.009,0.010,20.611,274995.531,7.507,68.000
0.049,0.012,0.012,21.446,243650.344,8.118,68.000
0.044,0.001,0.003,21.828,178258.844,1.061,68.000
0.050,0.026,0.012,22.426,277729.531,7.732,68.000
0.059,0.000,0.012,18.293,-53239.758,1.918,68.000
0.049,0.021,0.014,18.864,275245.406,9.516,68.000
0.051,0.009,0.011,20.930,257319.562,8.593,68.000
0.051,0.011,0.014,18.836,232343.688,6.634,68.000
0.043,0.001,0.011,19.430,183751.156,4.078,68.000
0.052,0.005,0.011,18.579,281493.438,6.768,68.000
0.056,0.001,0.020,23.312,100035.883,0.041,68.000
0.048,0.004,0.013,20.077,206244.031,6.092,68.000
0.049,0.015,0.011,22.218,216627.594,8.533,68.000
0.051,0.010,0.013,20.135,231581.438,6.972,68.000
0.050,0.005,0.013,17.734,222017.250,6.575,68.000
0.058,0.001,0.008,22.775,61590.789,1.384,68.000
0.052,0.010,0.013,21.167,226672.938,8.198,68.000
0.052,0.018,0.011,22.856,233606.219,6.387,68.000
0.051,0.001,0.019,22.730,177697.625,2.530,68.000
0.049,0.011,0.013,20.697,231002.906,6.391,68.000
0.052,0.025,0.013,23.324,237749.281,8.608,68.000
0.044,0.001,0.005,22.329,183800.094,1.649,68.000
0.056,0.001,0.019,21.235,177381.219,1.909,68.000
0.050,0.001,0.004,26.762,-40392.879,-0.805,68.000
0.052,0.014,0.011,21.542,224577.656,8.163,68.000
0.100,0.013,0.013,19.087,16467.227,7.781,68.000
0.048,0.026,0.011,19.890,295194.875,6.456,68.000
0.051,0.000,0.011,28.753,18245.227,-0.577,68.000
0.042,0.001,0.007,20.573,197355.969,1.968,68.000
0.052,0.007,0.011,19.596,258033.094,7.997,68.000
0.050,0.025,0.010,19.230,274638.219,5.370,68.000
0.052,0.009,0.013,20.858,223833.375,7.987,68.000
0.049,0.001,0.010,25.422,138725.156,3.132,68.000
0.049,0.004,0.011,20.122,264368.375,6.489,68.000
0.048,0.014,0.014,19.474,247432.031,8.193,68.000
0.057,0.001,0.018,20.132,202605.312,2.174,68.000
0.056,0.000,0.017,26.070,-22936.875,0.630,68.000
0.049,0.023,0.013,20.401,285230.594,9.027,68.000
0.040,0.001,0.014,17.756,182674.094,3.450,68.000
0.041,0.000,0.017,22.130,33511.305,-0.846,68.000
0.050,0.025,0.012,22.475,269308.938,7.906,68.000
0.052,0.001,0.007,25.907,55566.086,0.307,68.000
0.054,0.001,0.018,24.495,96503.820,1.313,68.000
0.044,0.000,0.020,21.690,-14746.523,2.207,68.000
0.050,0.001,0.007,22.925,157686.969,1.969,68.000
0.042,0.001,0.010,19.623,180673.281,2.702,68.000
0.051,0.018,0.013,20.144,262179.281,8.157,68.000
0.051,0.024,0.014,21.207,265516.031,9.599,68.000
0.056,0.001,0.011,22.183,246484.219,2.959,68.000
0.058,0.001,0.008,23.723,21780.484,2.087,68.000
0.049,0.008,0.012,21.347,235536.094,8.074,68.000
0.053,0.002,0.011,20.381,273415.188,5.493,68.000
0.051,0.003,0.013,18.309,249207.250,6.126,68.000
0.051,0.018,0.012,22.648,227615.312,8.354,68.000
0.052,0.000,0.009,26.478,29298.117,1.826,68.000
0.044,0.001,0.020,21.477,186432.469,2.881,68.000
0.057,0.000,0.012,21.926,-29910.758,0.022,68.000
0.051,0.002,0.014,19.851,247870.094,4.986,68.000
0.049,0.001,0.002,22.565,125693.086,1.454,68.000
0.048,0.003,0.011,20.581,245933.688,6.162,68.000
0.049,0.007,0.012,20.696,233466.281,7.742,68.000
0.048,0.027,0.012,22.016,268495.531,6.755,68.000
0.052,0.001,0.005,23.470,132956.844,1.871,68.000
0.056,0.001,0.004,22.810,103905.242,3.167,68.000
0.046,0.001,0.019,22.386,217909.344,3.644,68.000
0.055,0.002,0.008,21.939,204402.344,2.909,68.000
0.044,0.001,0.012,19.870,222652.562,4.858,68.000
0.049,0.021,0.011,20.076,268901.312,6.973,68.000
0.049,0.007,0.013,19.046,214740.156,6.815,68.000
0.051,0.007,0.011,19.985,261302.031,8.187,68.000
0.052,0.000,0.007,21.405,28307.742,2.018,68.000
0.100,0.011,0.012,21.300,9404.914,10.470,68.000
0.045,0.002,0.017,21.253,265241.562,4.636,68.000
0.049,0.014,0.011,22.162,224385.938,8.973,68.000
0.053,0.002,0.012,21.350,270844.719,4.919,68.000
0.048,0.000,0.017,29.047,4813.789,-1.093,68.000
0.042,0.001,0.018,19.746,207848.156,3.852,68.000
0.050,0.009,0.011,21.611,251434.844,8.395,68.000
0.052,0.003,0.011,19.035,283104.344,5.905,68.000
0.047,0.000,0.008,23.537,18666.258,-0.084,68.000
0.055,0.001,0.009,22.811,208587.031,2.592,68.000
0.098,0.010,0.013,20.135,193138.312,5.623,68.000
0.055,0.001,0.015,27.369,43373.164,0.723,68.000
0.049,0.025,0.011,18.626,283076.625,6.099,68.000
0.050,0.001,0.004,26.008,18557.609,-0.044,68.000
0.050,0.010,0.010,21.103,277359.594,7.502,68.000
0.050,0.010,0.010,21.489,278595.688,7.373,68.000
0.051,0.016,0.011,22.390,221341.844,8.086,68.000
0.002,0.013,0.012,19.665,205536.719,6.917,68.000
0.053,0.001,0.005,24.460,65257.695,1.270,68.000
0.052,0.026,0.011,23.044,243006.000,7.321,68.000
0.046,0.001,0.021,20.737,202145.438,3.160,68.000
0.055,0.001,0.010,22.408,232727.156,3.039,68.000
0.055,0.001,0.013,23.321,259695.625,3.558,68.000
0.049,0.025,0.010,18.635,287938.906,5.896,68.000
0.045,0.000,0.005,25.042,7939.719,-1.318,68.000
0.001,0.010,0.012,21.192,179174.969,6.173,68.000
0.057,0.001,0.017,21.195,162562.906,1.496,68.000
0.043,0.001,0.005,21.775,206116.719,1.944,68.000
0.052,0.002,0.012,20.036,275257.688,5.552,68.000
0.049,0.009,0.012,21.820,235847.031,7.999,68.000
0.047,0.002,0.013,22.000,207570.688,5.911,68.000
0.049,0.017,0.011,22.019,221790.875,7.906,68.000
0.048,0.025,0.012,20.260,294282.531,6.505,68.000
0.054,0.001,0.020,21.774,144596.812,1.439,68.000
0.060,0.000,0.009,19.064,31565.398,2.960,68.000
0.043,0.001,0.018,21.333,211366.406,3.416,68.000
0.051,0.019,0.010,22.662,237443.125,6.357,68.000
0.049,0.015,0.011,22.398,216692.750,8.502,68.000
0.051,0.014,0.012,21.341,241016.750,8.460,68.000
0.051,0.004,0.012,19.191,263631.688,6.252,68.000
0.050,0.011,0.011,21.719,251734.062,8.112,68.000
0.049,0.000,0.006,24.346,-4404.305,-1.345,68.000
0.048,0.019,0.013,19.496,272614.062,9.905,68.000
0.045,0.000,0.010,27.981,-86693.836,-0.714,68.000
0.048,0.001,0.007,21.002,201364.344,2.804,68.000
0.042,0.001,0.014,21.919,111184.242,1.149,68.000
0.055,0.002,0.018,21.578,222866.406,2.990,68.000
0.049,0.007,0.012,20.436,237495.312,7.956,68.000
0.044,0.000,0.010,25.916,-68069.281,1.943,68.000
0.046,0.001,0.007,21.684,173588.750,2.077,68.000
0.047,0.001,0.016,27.962,117893.445,1.038,68.000
0.048,0.001,0.009,20.553,223036.688,3.847,68.000
0.050,0.007,0.010,19.454,267255.125,7.474,68.000
0.057,0.000,0.017,22.738,252.430,0.431,68.000
0.043,0.000,0.012,27.066,-36633.375,-2.158,68.000
0.043,0.000,0.007,23.795,7016.125,-1.480,68.000
0.058,0.000,0.014,21.324,-10107.203,-1.075,68.000
0.060,0.001,0.010,21.209,104119.133,0.830,68.000
0.046,0.001,0.020,21.178,210373.781,3.309,68.000
0.053,0.001,0.020,23.516,99995.195,0.664,68.000
0.045,0.000,0.012,28.666,-53992.020,-2.687,68.000
0.051,0.026,0.010,20.559,254220.125,5.750,68.000
0.052,0.006,0.013,18.232,233443.062,6.570,68.000
0.046,0.000,0.011,26.890,-41776.645,-1.891,68.000
0.058,0.000,0.006,22.796,-91652.398,3.153,68.000
0.055,0.001,0.006,25.103,53481.695,1.532,68.000
0.051,0.019,0.011,22.375,234752.719,6.788,68.000
0.050,0.009,0.012,21.870,240635.594,8.492,68.000
0.048,0.000,0.011,30.008,-9288.094,1.912,68.000
0.051,0.025,0.014,22.020,270138.969,9.397,68.000
0.051,0.018,0.012,21.910,230894.156,8.478,68.000
0.041,0.000,0.008,22.089,21545.438,0.145,68.000
0.044,0.000,0.019,23.996,-31884.055,1.251,68.000
0.045,0.001,0.021,21.660,83900.211,0.697,68.000
0.042,0.001,0.007,21.465,182602.469,1.480,68.000
0.050,0.000,0.014,29.066,12566.156,1.286,68.000
0.046,0.000,0.005,21.745,9437.398,-0.853,68.000
0.049,0.001,0.008,21.282,212857.062,2.660,68.000
0.051,0.006,0.014,18.743,205919.125,5.484,68.000
0.048,0.020,0.012,20.845,256478.625,8.741,68.000
0.045,0.001,0.011,19.644,242237.219,5.909,68.000
0.047,0.002,0.012,22.004,208802.844,5.735,68.000
0.050,0.000,0.021,23.767,22383.250,-0.104,68.000
0.049,0.008,0.012,21.697,245987.812,8.215,68.000
0.050,0.015,0.014,19.997,261371.344,8.147,68.000
0.050,0.023,0.014,20.166,270295.625,9.411,68.000
0.047,0.000,0.002,22.516,11923.523,-0.226,68.000
0.060,0.000,0.013,20.944,75349.508,0.664,68.000
0.050,0.010,0.013,20.798,228415.156,7.199,68.000
0.058,0.001,0.011,21.022,222099.469,1.500,68.000
0.001,0.012,0.012,20.378,198781.719,6.964,68.000
0.050,0.025,0.011,21.202,266945.219,6.213,68.000
0.049,0.001,0.017,25.677,163330.906,2.090,68.000
0.040,0.001,0.009,19.907,152623.750,1.792,68.000
0.048,0.001,0.017,22.063,278867.250,4.335,68.000
0.050,0.007,0.012,20.850,262527.656,8.568,68.000
0.054,0.000,0.017,23.520,-10972.750,0.065,68.000
0.047,0.001,0.011,20.589,245457.656,6.331,68.000
0.053,0.002,0.016,22.311,269992.375,3.786,68.000
0.049,0.021,0.012,20.927,253240.469,7.869,68.000
0.050,0.024,0.010,19.017,281018.438,5.077,68.000
0.052,0.025,0.012,23.363,249943.094,7.974,68.000
0.054,0.001,0.013,23.388,268152.969,4.249,68.000
0.049,0.003,0.011,20.127,263657.281,6.260,68.000
0.045,0.001,0.011,23.368,117936.945,2.953,68.000
0.050,0.005,0.014,17.721,213176.906,5.322,68.000
0.052,0.001,0.018,27.218,32842.023,-0.336,68.000
0.001,0.012,0.013,21.569,131227.219,8.134,68.000
0.055,0.001,0.020,24.707,-13852.633,0.446,68.000
0.055,0.001,0.013,25.978,160954.469,1.647,68.000
0.042,0.001,0.008,20.061,168879.188,1.765,68.000
0.044,0.000,0.010,24.568,-17488.516,-0.238,68.000
0.046,0.002,0.011,19.499,246106.500,6.296,68.000
0.057,0.001,0.015,22.916,138036.375,1.659,68.000
0.052,0.000,0.005,24.006,-19196.734,1.324,68.000
0.049,0.001,0.018,24.693,142684.406,1.434,68.000
0.054,0.001,0.008,25.164,110547.023,1.956,68.000
0.048,0.001,0.016,22.500,266934.750,4.482,68.000
0.051,0.008,0.014,19.748,219531.375,6.364,68.000
0.098,0.012,0.013,22.142,177741.094,5.956,68.000
0.097,0.011,0.012,19.186,204115.375,7.251,68.000
0.049,0.007,0.014,18.329,216967.406,6.155,68.000
0.050,0.012,0.014,19.114,235989.969,7.205,68.000
0.050,0.007,0.013,20.343,247749.562,8.283,68.000
0.051,0.005,0.012,19.161,249912.969,6.484,68.000
0.053,0.001,0.018,23.629,193442.250,2.445,68.000
0.053,0.000,0.002,24.502,-82806.930,-0.232,68.000
0.051,0.025,0.010,20.165,261285.344,4.978,68.000
0.043,0.001,0.012,20.924,198475.250,3.813,68.000
0.049,0.007,0.014,18.844,221892.281,6.346,68.000
0.097,0.012,0.011,17.890,212526.625,7.882,68.000
0.052,0.026,0.011,22.251,243738.312,6.570,68.000
0.048,0.007,0.014,19.210,216174.219,6.384,68.000
0.047,0.002,0.009,19.562,230643.094,3.604,68.000
0.051,0.004,0.011,18.752,284446.000,6.356,68.000
0.041,0.001,0.017,20.347,110634.102,1.530,68.000
0.047,0.000,0.012,28.016,-45598.617,-2.548,68.000
0.046,0.001,0.012,21.125,231459.969,6.012,68.000
0.044,0.001,0.021,20.142,193855.219,3.352,68.000
0.001,0.013,0.012,20.931,180611.812,7.759,68.000
0.049,0.015,0.010,22.043,210481.281,8.218,68.000
0.050,0.017,0.010,21.630,228910.750,6.742,68.000
0.047,0.001,0.007,22.414,175100.375,2.249,68.000
0.050,0.011,0.010,21.530,289299.719,7.094,68.000
0.049,0.003,0.012,20.243,231034.344,6.281,68.000
0.044,0.000,0.018,24.558,96565.039,0.636,68.000
0.049,0.017,0.012,22.786,224837.062,8.681,68.000
0.049,0.009,0.014,19.020,234110.500,6.115,68.000
0.099,0.012,0.011,18.918,174728.250,7.710,68.000
0.049,0.019,0.010,21.188,243862.500,7.042,68.000
0.049,0.026,0.011,18.915,281753.812,6.042,68.000
0.054,0.001,0.004,23.402,99732.523,2.134,68.000
0.052,0.026,0.010,20.653,255286.906,5.652,68.000
0.051,0.013,0.014,20.019,236405.094,7.955,68.000
0.050,0.016,0.013,22.139,233510.094,8.727,68.000
0.051,0.002,0.010,19.700,270333.812,5.624,68.000
0.049,0.000,0.021,23.646,26434.000,1.306,68.000
0.052,0.020,0.011,22.564,230111.219,6.371,68.000
0.055,0.001,0.013,23.717,256889.031,3.720,68.000
0.050,0.020,0.012,21.687,248764.094,7.908,68.000
0.098,0.010,0.012,18.340,211948.094,6.991,68.000
0.050,0.014,0.011,22.313,223550.969,8.285,68.000
0.046,0.002,0.011,19.505,244331.250,6.276,68.000
0.040,0.001,0.010,20.106,148777.719,1.798,68.000
0.049,0.026,0.013,22.122,280900.688,8.905,68.000
0.052,0.001,0.010,27.872,55897.336,1.674,68.000
0.050,0.013,0.013,20.243,245585.406,7.839,68.000
0.054,0.000,0.003,22.911,-81819.000,-0.028,68.000
0.042,0.001,0.007,23.197,125856.992,0.547,68.000
0.046,0.001,0.005,22.852,174340.906,1.698,68.000
0.051,0.009,0.010,19.769,286080.062,7.315,68.000
0.055,0.000,0.014,27.077,3407.711,-0.019,68.000
0.050,0.022,0.014,19.966,270263.875,9.244,68.000
0.057,0.001,0.014,22.456,145241.719,1.845,68.000
0.059,0.001,0.010,20.604,196144.844,0.165,68.000
0.052,0.001,0.008,26.095,76885.977,0.832,68.000
0.046,0.001,0.020,22.268,183088.094,2.599,68.000
0.042,0.001,0.007,21.004,191027.594,1.796,68.000
0.059,0.000,0.015,18.999,-7321.602,0.863,68.000
0.049,0.001,0.015,24.256,227391.375,4.166,68.000
0.056,0.001,0.015,23.226,147678.500,1.573,68.000
0.057,0.001,0.015,20.663,193577.656,2.776,68.000
0.052,0.012,0.013,21.240,227930.281,8.890,68.000
0.044,0.001,0.004,22.031,177739.438,1.054,68.000
0.057,0.001,0.011,25.704,107035.273,0.712,68.000
0.053,0.000,0.019,25.109,16180.734,-0.552,68.000
0.048,0.005,0.010,19.369,264063.094,5.851,68.000
0.049,0.004,0.014,17.557,224664.531,5.478,68.000
0.045,0.000,0.022,22.301,-11823.742,0.724,68.000
0.052,0.000,0.011,27.431,-75123.867,-1.179,68.000
0.051,0.020,0.014,19.259,253848.000,9.365,68.000
0.049,0.026,0.012,21.735,285646.094,7.209,68.000
0.054,0.002,0.014,22.724,235784.781,3.347,68.000
0.045,0.001,0.017,22.942,164928.969,1.964,68.000
0.051,0.010,0.013,20.864,225061.438,7.430,68.000
0.051,0.015,0.012,22.005,227552.531,7.951,68.000
0.050,0.018,0.013,21.408,246646.312,8.856,68.000
0.044,0.001,0.014,21.063,219063.781,4.875,68.000
0.048,0.027,0.010,23.250,257177.188,4.597,68.000
0.051,0.024,0.011,20.713,252192.844,4.836,68.000
0.051,0.013,0.013,21.221,232254.469,8.976,68.000
0.049,0.010,0.010,22.244,266093.406,7.705,68.000
0.050,0.000,0.006,23.499,36233.930,-0.270,68.000
0.041,0.001,0.014,18.937,192552.125,3.225,68.000
0.049,0.012,0.013,20.310,233704.625,6.943,68.000
0.051,0.022,0.012,21.644,250443.875,6.356,68.000
0.055,0.001,0.014,22.486,217903.719,2.670,68.000
0.054,0.001,0.014,22.750,228900.094,3.004,68.000
0.051,0.009,0.013,21.185,224338.906,7.787,68.000
0.051,0.012,0.011,21.140,255368.219,8.212,68.000
0.051,0.001,0.019,24.680,93185.242,0.577,68.000
0.042,0.001,0.011,18.865,201253.594,4.242,68.000
0.046,0.001,0.005,23.967,104244.555,0.636,68.000
0.050,0.014,0.012,21.431,238042.594,8.987,68.000
0.048,0.001,0.009,27.326,17825.477,0.460,68.000
0.048,0.007,0.012,20.562,218851.594,7.248,68.000
0.050,0.011,0.011,21.744,259514.406,7.813,68.000
0.048,0.006,0.012,20.958,236278.844,6.958,68.000
0.052,0.005,0.010,17.847,295689.375,6.165,68.000
0.052,0.010,0.010,20.367,271133.938,7.685,68.000
0.040,0.001,0.015,16.831,173892.750,3.875,68.000
0.050,0.015,0.013,21.711,243508.156,8.392,68.000
0.050,0.000,0.011,25.611,-19789.789,2.050,68.000
0.059,0.001,0.014,18.082,181941.281,2.095,68.000
0.057,0.000,0.017,25.187,5837.812,0.355,68.000
0.052,0.014,0.011,21.543,229322.688,8.325,68.000
0.050,0.001,0.005,26.096,25833.797,0.193,68.000
0.051,0.025,0.013,22.339,264133.000,8.994,68.000
0.047,0.001,0.009,21.905,159008.875,3.379,68.000
0.043,0.000,0.010,24.233,-14398.203,-0.469,68.000
0.052,0.001,0.006,21.086,177178.781,2.678,68.000
0.045,0.001,0.016,26.847,88350.430,0.105,68.000
0.053,0.002,0.013,22.417,259796.562,4.701,68.000
0.048,0.026,0.011,19.342,287358.031,6.155,68.000
0.050,0.000,0.020,25.032,16996.953,-0.440,68.000
0.055,0.000,0.020,20.492,13570.945,2.349,68.000
0.058,0.000,0.015,22.088,51229.695,0.413,68.000
0.058,0.001,0.012,24.248,105425.586,1.205,68.000
0.043,0.001,0.012,20.626,212487.000,4.468,68.000
0.049,0.004,0.010,18.884,281024.531,5.493,68.000
0.051,0.027,0.011,20.258,291390.281,10.228,68.000
0.049,0.001,0.009,27.120,27354.445,0.362,68.000
0.051,0.001,0.022,20.852,145148.656,1.616,68.000
0.048,0.003,0.012,20.511,239217.250,6.136,68.000
0.041,0.001,0.013,19.990,195728.906,3.092,68.000
0.100,0.012,0.011,22.994,-40917.355,11.779,68.000
0.050,0.001,0.005,24.638,94692.102,1.320,68.000
0.048,0.016,0.012,22.117,220702.625,8.851,68.000
0.049,0.016,0.011,21.972,219540.250,8.290,68.000
0.057,0.000,0.018,20.226,11071.180,1.674,68.000
0.051,0.013,0.012,21.125,231035.406,8.867,68.000
0.059,0.000,0.013,22.714,56752.398,0.167,68.000
0.043,0.001,0.007,21.202,174996.031,1.343,68.000
0.052,0.023,0.013,22.199,237275.375,8.688,68.000
0.051,0.007,0.009,18.283,283261.719,6.297,68.000
0.053,0.000,0.009,24.341,31972.914,-0.114,68.000
0.049,0.005,0.010,18.954,273046.375,5.701,68.000
0.041,0.001,0.010,23.784,18277.773,-0.748,68.000
0.043,0.002,0.014,19.200,208536.000,4.297,68.000
0.050,0.024,0.014,20.335,279548.250,9.664,68.000
0.043,0.001,0.013,24.180,119494.805,1.263,68.000
0.050,0.018,0.014,18.912,273707.781,8.501,68.000
0.041,0.001,0.019,19.370,194211.219,3.845,68.000
0.051,0.004,0.013,18.984,242396.969,6.615,68.000
0.060,0.001,0.014,18.487,199396.156,1.640,68.000
0.048,0.003,0.013,19.310,204990.062,6.409,68.000
0.051,0.017,0.014,19.429,270849.219,7.813,68.000
0.050,0.012,0.012,21.824,238998.188,8.427,68.000
0.049,0.019,0.011,21.402,243461.594,7.636,68.000
0.048,0.019,0.012,20.765,243160.656,8.803,68.000
0.047,0.001,0.011,21.368,197757.375,5.263,68.000
0.056,0.000,0.004,22.933,-62038.961,1.684,68.000
0.050,0.020,0.010,21.412,255460.844,6.421,68.000
0.051,0.006,0.014,18.587,213067.281,6.000,68.000
0.052,0.002,0.016,22.698,272795.594,4.228,68.000
0.041,0.001,0.007,22.405,149367.094,1.253,68.000
0.049,0.000,0.007,24.842,516.570,-1.554,68.000
0.045,0.001,0.022,20.761,77151.258,1.065,68.000
0.041,0.001,0.015,17.089,191753.062,3.653,68.000
0.046,0.001,0.008,19.677,212340.531,2.952,68.000
0.050,0.008,0.014,19.342,221574.000,6.384,68.000
0.049,0.002,0.010,19.215,260943.000,5.690,68.000
0.051,0.010,0.013,21.134,224345.719,7.359,68.000
0.055,0.002,0.013,23.200,244562.000,3.210,68.000
0.055,0.001,0.005,24.520,28791.805,1.316,68.000
0.052,0.010,0.013,21.258,225527.562,8.343,68.000
0.098,0.013,0.011,18.938,201530.719,8.738,68.000
0.053,0.000,0.009,29.422,60455.023,4.604,68.000
0.045,0.001,0.015,21.695,254583.375,4.303,68.000
0.051,0.017,0.014,18.311,272908.656,7.810,68.000
0.051,0.009,0.012,21.282,243609.969,8.605,68.000
0.049,0.012,0.012,21.768,240854.125,8.426,68.000
0.046,0.001,0.013,24.536,184897.094,4.049,68.000
0.051,0.024,0.010,20.006,259717.375,4.579,68.000
0.050,0.000,0.017,29.412,-29465.742,-1.219,68.000
0.054,0.001,0.015,24.882,157620.906,1.757,68.000
0.043,0.000,0.009,21.899,30841.711,0.036,68.000
0.056,0.000,0.019,21.927,-13474.109,-1.221,68.000
0.051,0.022,0.012,22.077,244471.688,7.599,68.000
0.049,0.026,0.011,20.481,275149.062,5.949,68.000
0.051,0.004,0.012,19.125,261530.250,6.294,68.000
0.046,0.000,0.022,21.951,56419.711,-1.491,68.000
0.048,0.019,0.013,20.993,248783.281,9.823,68.000
0.057,0.001,0.010,25.171,39799.477,0.640,68.000
0.040,0.001,0.015,16.102,190813.281,4.164,68.000
0.052,0.012,0.011,20.777,248049.625,8.249,68.000
0.055,0.001,0.004,26.592,-129722.297,-0.324,68.000
0.052,0.004,0.011,18.283,288172.906,6.169,68.000
0.050,0.016,0.010,22.020,217935.750,7.993,68.000
0.050,0.024,0.014,21.103,274022.000,9.335,68.000
0.056,0.000,0.020,19.433,-34826.320,2.817,68.000
0.042,0.000,0.005,23.946,96182.555,0.260,68.000
0.041,0.001,0.010,19.963,161744.094,2.083,68.000
0.047,0.001,0.020,21.811,213027.219,3.242,68.000
0.047,0.000,0.007,22.910,9115.664,-0.825,68.000
0.047,0.002,0.012,21.828,213654.594,5.920,68.000
0.054,0.001,0.012,25.366,193444.938,2.819,68.000
0.059,0.001,0.007,24.031,5810.828,2.677,68.000
0.058,0.000,0.010,19.122,62674.195,2.629,68.000
0.050,0.008,0.013,19.774,230625.719,7.123,68.000
0.049,0.015,0.014,20.048,255212.219,8.667,68.000
0.056,0.000,0.019,21.859,-36858.156,2.496,68.000
0.050,0.001,0.014,30.114,75427.633,1.523,68.000
0.051,0.025,0.013,22.197,266298.875,9.309,68.000
0.050,0.001,0.013,26.250,197599.000,3.907,68.000
0.051,0.011,0.011,21.042,257072.031,8.197,68.000
0.048,0.008,0.012,21.476,218466.719,7.375,68.000
0.049,0.009,0.011,21.564,251068.344,8.264,68.000
0.055,0.001,0.007,21.718,189037.062,2.461,68.000
0.049,0.008,0.010,20.489,278293.906,7.082,68.000
0.052,0.003,0.012,19.511,259873.438,5.664,68.000
0.053,0.001,0.005,22.818,135596.250,2.354,68.000
0.051,0.018,0.012,22.479,225254.094,7.758,68.000
0.042,0.000,0.010,22.226,-30106.883,-0.588,68.000
0.051,0.026,0.014,23.423,249967.875,9.603,68.000
0.054,0.001,0.009,23.763,188043.219,2.343,68.000
0.046,0.001,0.021,21.389,168708.844,2.196,68.000
0.049,0.001,0.016,22.674,273850.406,4.471,68.000
0.054,0.002,0.011,21.177,264267.250,4.582,68.000
0.057,0.002,0.012,20.774,247708.469,3.108,68.000
0.044,0.001,0.019,21.488,195021.188,2.877,68.000
0.099,0.011,0.012,21.055,137134.438,5.957,68.000
0.049,0.003,0.010,19.376,267433.562,5.812,68.000
0.058,0.000,0.005,22.496,-87996.883,3.654,68.000
0.050,0.001,0.010,22.699,203277.000,5.003,68.000
0.053,0.001,0.019,22.266,176435.656,2.401,68.000
0.050,0.018,0.010,21.721,227662.344,6.830,68.000
0.051,0.010,0.011,21.297,248380.781,8.487,68.000
0.002,0.013,0.014,20.644,125693.695,7.814,68.000
0.044,0.000,0.013,27.717,6199.352,1.244,68.000
0.050,0.015,0.014,20.092,260256.719,8.205,68.000
0.050,0.027,0.013,22.774,268311.031,8.980,68.000
0.059,0.000,0.012,19.774,-40765.844,1.953,68.000
0.043,0.001,0.017,19.443,241488.719,3.912,68.000
0.050,0.010,0.014,19.642,239326.500,6.674,68.000
0.058,0.001,0.007,21.051,185284.625,2.680,68.000
0.051,0.000,0.017,28.781,25668.062,-1.082,68.000
0.055,0.001,0.007,21.132,185614.781,2.719,68.000
0.055,0.001,0.014,23.413,228644.594,2.912,68.000
0.051,0.001,0.005,25.191,15053.023,0.193,68.000
0.053,0.002,0.015,22.601,248821.562,3.697,68.000
0.045,0.001,0.020,21.401,185903.031,2.831,68.000
0.051,0.011,0.012,21.593,239225.219,8.308,68.000
0.052,0.008,0.012,20.098,243731.500,8.031,68.000
0.060,0.001,0.008,20.063,179950.500,2.229,68.000
0.047,0.002,0.013,22.053,203797.500,5.897,68.000
0.050,0.005,0.013,17.567,236903.875,6.637,68.000
0.041,0.000,0.010,23.557,-15968.250,2.375,68.000
0.044,0.000,0.017,24.885,125801.602,0.641,68.000
0.052,0.001,0.016,23.912,235640.594,3.399,68.000
0.050,0.008,0.011,21.357,256260.844,8.432,68.000
0.059,0.000,0.017,17.884,49311.070,-0.165,68.000
0.057,0.001,0.020,22.695,43065.023,1.236,68.000
0.050,0.010,0.012,21.663,225452.531,7.957,68.000
0.099,0.010,0.012,19.320,206017.562,6.625,68.000
0.051,0.025,0.010,20.562,254199.688,5.102,68.000
0.048,0.001,0.003,23.008,144641.875,1.502,68.000
0.049,0.011,0.014,19.879,235997.125,6.304,68.000
0.044,0.001,0.010,20.073,176441.562,4.271,68.000
0.042,0.001,0.014,19.984,194414.500,3.122,68.000
0.051,0.003,0.014,17.932,249866.875,5.890,68.000
0.049,0.001,0.007,22.903,162858.250,2.066,68.000
0.044,0.002,0.015,20.246,215060.188,4.602,68.000
0.055,0.000,0.013,29.179,-20845.727,-0.561,68.000
0.052,0.000,0.005,22.683,42626.570,1.728,68.000
0.046,0.001,0.009,20.524,196311.594,3.508,68.000
0.050,0.000,0.017,27.107,29243.711,0.927,68.000
0.051,0.000,0.014,28.918,821.094,1.351,68.000
0.048,0.025,0.012,20.571,296806.375,7.079,68.000
0.042,0.000,0.010,24.510,-17005.914,2.327,68.000
0.052,0.001,0.019,22.828,193709.438,2.701,68.000
0.050,0.015,0.014,18.597,266497.469,7.770,68.000
0.055,0.001,0.002,24.608,3087.305,1.098,68.000
0.049,0.016,0.012,22.616,223942.250,8.541,68.000
0.042,0.000,0.014,24.555,-7438.938,0.920,68.000
0.051,0.001,0.002,22.450,89096.555,1.196,68.000
0.048,0.001,0.015,27.785,147344.688,2.182,68.000
0.050,0.008,0.010,20.090,278730.844,6.960,68.000
0.050,0.000,0.011,27.838,22651.602,-0.336,68.000
0.052,0.010,0.011,20.175,265245.531,8.050,68.000
0.055,0.001,0.013,27.340,74516.320,0.611,68.000
0.050,0.020,0.012,21.754,244090.312,7.713,68.000
0.049,0.007,0.014,19.013,226066.312,6.850,68.000
0.050,0.001,0.018,24.317,192053.875,2.595,68.000
0.051,0.001,0.019,22.733,211207.844,2.881,68.000
0.047,0.000,0.004,24.403,8285.508,-0.359,68.000
0.052,0.016,0.011,22.911,219623.969,7.342,68.000
0.056,0.001,0.004,22.155,105915.086,3.272,68.000
0.054,0.000,0.005,21.840,-51924.660,1.419,68.000
0.052,0.003,0.014,19.041,257222.781,5.496,68.000
0.049,0.024,0.014,20.262,294836.969,9.191,68.000
0.051,0.008,0.014,19.617,208757.250,5.891,68.000
0.048,0.022,0.013,19.979,275099.469,8.913,68.000
0.051,0.012,0.011,21.248,257052.688,7.957,68.000
0.050,0.026,0.014,22.720,264316.594,9.449,68.000
0.050,0.013,0.014,19.790,243047.594,7.858,68.000
0.046,0.001,0.005,21.544,196796.906,2.348,68.000
0.043,0.001,0.014,18.987,212773.125,3.812,68.000
0.051,0.016,0.011,22.644,222194.250,7.579,68.000
0.055,0.002,0.009,21.734,231881.625,3.664,68.000
0.050,0.018,0.010,21.971,220255.438,6.971,68.000
0.050,0.013,0.011,22.013,233255.062,8.284,68.000
0.048,0.001,0.022,20.371,123024.258,1.673,68.000
0.049,0.020,0.014,18.336,280075.469,9.440,68.000
0.048,0.020,0.011,19.973,269463.469,7.663,68.000
0.053,0.001,0.015,23.687,226380.688,2.831,68.000
0.057,0.002,0.011,20.984,239482.062,2.729,68.000
0.047,0.001,0.012,30.728,15489.359,0.480,68.000
0.057,0.000,0.014,21.023,-30980.539,2.760,68.000
0.050,0.023,0.010,19.325,276271.719,5.180,68.000
0.049,0.024,0.014,20.366,288121.625,9.408,68.000
0.050,0.012,0.010,21.708,264682.094,7.552,68.000
0.043,0.000,0.006,20.225,20568.117,0.824,68.000
0.048,0.009,0.011,21.876,255341.375,7.948,68.000
0.055,0.002,0.014,23.015,232497.250,3.040,68.000
0.049,0.012,0.012,21.352,239237.688,7.800,68.000
0.050,0.017,0.011,22.511,224389.000,7.823,68.000
0.042,0.000,0.005,23.836,86700.648,0.016,68.000
0.048,0.005,0.011,19.671,255503.906,6.108,68.000
0.048,0.001,0.007,22.206,179485.500,2.339,68.000
0.048,0.010,0.011,22.254,247406.812,8.019,68.000
0.045,0.001,0.016,22.257,242698.250,3.791,68.000
0.057,0.001,0.019,19.832,188990.469,1.632,68.000
0.049,0.006,0.013,19.394,224384.438,7.133,68.000
0.050,0.012,0.011,21.828,248220.094,8.001,68.000
0.054,0.001,0.012,29.183,98978.773,1.989,68.000
0.053,0.000,0.007,21.836,22454.898,1.950,68.000
0.055,0.000,0.007,21.896,1332.898,1.769,68.000
0.053,0.000,0.011,27.383,-97141.125,-1.172,68.000
0.051,0.001,0.009,21.091,237182.406,4.579,68.000
0.048,0.003,0.013,18.607,213014.188,6.379,68.000
0.050,0.001,0.019,22.657,219891.719,3.335,68.000
0.051,0.005,0.014,17.934,222771.562,5.990,68.000
0.048,0.001,0.008,20.600,209738.000,2.578,68.000
0.052,0.000,0.018,25.848,-32919.938,1.397,68.000
0.054,0.001,0.019,22.011,166354.250,2.030,68.000
0.051,0.003,0.011,19.744,271127.781,6.392,68.000
0.053,0.002,0.014,22.994,245684.375,4.218,68.000
0.059,0.000,0.016,18.779,79064.992,0.618,68.000
0.048,0.020,0.011,20.178,262024.438,7.644,68.000
0.050,0.026,0.010,19.129,276622.531,5.365,68.000
0.059,0.001,0.010,20.313,165649.000,-0.190,68.000
0.051,0.018,0.011,22.966,221298.375,7.445,68.000
0.050,0.022,0.014,19.607,273339.312,9.311,68.000
0.052,0.019,0.012,22.394,217839.438,7.965,68.000
0.047,0.002,0.012,20.667,233087.500,6.343,68.000
0.049,0.005,0.015,17.726,203116.344,5.206,68.000
0.051,0.022,0.012,21.950,239742.438,7.731,68.000
0.050,0.005,0.013,17.687,224900.062,6.618,68.000
0.056,0.000,0.020,21.581,-66415.156,2.889,68.000
0.049,0.005,0.011,19.523,261084.250,6.244,68.000
0.050,0.022,0.013,20.849,254663.500,8.725,68.000
0.053,0.000,0.010,29.151,-9806.531,2.181,68.000
0.051,0.001,0.014,28.684,99519.852,1.878,68.000
0.048,0.010,0.011,22.263,248535.250,8.161,68.000
0.049,0.022,0.013,19.705,271487.781,9.231,68.000
0.051,0.008,0.010,19.095,270383.281,7.688,68.000
0.051,0.008,0.015,19.328,213681.938,5.802,68.000
0.044,0.001,0.019,21.870,139767.375,1.627,68.000
0.048,0.001,0.014,26.836,139592.062,2.312,68.000
0.051,0.009,0.012,21.199,230806.969,8.037,68.000
0.051,0.001,0.009,21.577,225534.906,3.765,68.000
0.050,0.017,0.012,22.405,221737.969,7.997,68.000
0.057,0.001,0.010,21.533,222543.750,2.041,68.000
0.052,0.001,0.004,24.068,121510.445,2.150,68.000
0.050,0.022,0.010,20.000,265068.688,5.090,68.000
0.049,0.009,0.014,19.622,239662.281,6.327,68.000
0.052,0.019,0.012,22.624,210136.094,7.575,68.000
0.052,0.009,0.013,19.939,223116.625,7.055,68.000
0.049,0.022,0.013,20.475,272664.656,8.599,68.000
0.041,0.001,0.007,20.479,187409.844,2.032,68.000
0.049,0.025,0.012,20.707,287525.594,6.409,68.000
0.053,0.000,0.018,28.726,-34163.914,0.902,68.000
0.051,0.013,0.011,20.965,237785.719,8.647,68.000
0.050,0.016,0.014,20.204,264200.875,7.967,68.000
0.052,0.002,0.013,20.053,256833.406,4.801,68.000
0.057,0.001,0.012,26.058,91737.273,1.248,68.000
0.053,0.001,0.010,27.917,85736.242,1.609,68.000
0.059,0.001,0.014,20.076,133670.531,1.149,68.000
0.045,0.000,0.005,22.604,20103.039,0.271,68.000
0.045,0.001,0.009,19.514,219566.250,3.839,68.000
0.049,0.017,0.014,20.818,255632.500,8.700,68.000
0.056,0.000,0.007,22.569,-25351.930,2.490,68.000
0.047,0.001,0.011,20.687,240354.812,6.136,68.000
0.049,0.009,0.013,20.946,232081.469,7.033,68.000
0.057,0.001,0.016,21.609,144631.781,1.622,68.000
0.056,0.001,0.021,20.499,156563.719,1.663,68.000
0.049,0.000,0.013,30.994,12476.609,0.726,68.000
0.049,0.025,0.013,20.757,299766.625,8.737,68.000
0.056,0.001,0.016,21.517,205825.188,2.601,68.000
0.057,0.000,0.008,22.496,-26367.492,2.632,68.000
0.052,0.001,0.005,22.068,160899.562,2.814,68.000
0.051,0.001,0.021,21.346,155019.250,2.079,68.000
0.052,0.013,0.014,19.879,241552.344,8.008,68.000
0.058,0.001,0.012,21.489,214711.031,2.254,68.000
0.049,0.005,0.012,20.423,223919.594,6.624,68.000
0.055,0.002,0.012,22.364,263792.500,4.494,68.000
0.051,0.015,0.010,21.681,225046.719,7.974,68.000
0.002,0.013,0.011,19.032,217231.656,6.591,68.000
0.051,0.007,0.013,19.343,235754.219,7.319,68.000
0.001,0.013,0.011,18.526,228565.781,6.409,68.000
0.042,0.001,0.010,20.003,170944.875,2.540,68.000
0.053,0.000,0.022,20.515,-7177.203,2.030,68.000
0.041,0.001,0.007,20.531,193959.656,2.228,68.000
0.049,0.004,0.014,17.140,222749.156,6.204,68.000
0.001,0.013,0.013,21.366,135303.188,8.227,68.000
0.044,0.000,0.017,24.350,44283.961,0.013,68.000
0.041,0.000,0.012,23.774,-34613.734,-1.888,68.000
0.053,0.000,0.010,25.874,26291.703,0.431,68.000
0.048,0.025,0.013,20.987,299949.000,8.266,68.000
0.050,0.018,0.013,19.705,264651.531,8.933,68.000
0.049,0.021,0.013,19.734,270551.250,9.336,68.000
0.054,0.001,0.020,21.424,155623.125,1.682,68.000
0.058,0.000,0.013,21.344,-42802.414,2.150,68.000
0.049,0.017,0.012,22.916,225819.500,8.777,68.000
0.049,0.006,0.011,21.172,256007.531,7.215,68.000
0.043,0.001,0.015,19.022,215682.281,3.711,68.000
0.050,0.002,0.017,22.338,281537.281,4.399,68.000
0.043,0.001,0.004,21.760,197429.219,1.685,68.000
0.051,0.007,0.012,19.844,251797.312,7.894,68.000
0.041,0.001,0.014,20.054,148712.719,2.199,68.000
0.047,0.001,0.008,22.191,158726.500,1.924,68.000
0.049,0.010,0.013,20.934,230269.156,6.937,68.000
0.049,0.005,0.014,17.125,221257.406,6.419,68.000
0.045,0.001,0.019,21.771,219636.062,3.694,68.000
0.050,0.018,0.014,18.654,272443.500,8.095,68.000
0.002,0.013,0.011,18.944,225296.094,6.918,68.000
0.052,0.002,0.010,20.345,260382.875,5.596,68.000
0.098,0.012,0.010,17.268,208627.438,8.601,68.000
0.048,0.005,0.012,20.903,235927.000,6.288,68.000
0.048,0.010,0.010,22.123,271647.219,7.459,68.000
0.000,0.012,0.012,26.237,102248.195,7.937,68.000
0.045,0.002,0.007,20.072,211832.344,2.478,68.000
0.049,0.014,0.013,21.393,242331.594,8.580,68.000
0.052,0.017,0.012,22.756,221771.125,7.727,68.000
0.048,0.002,0.005,20.931,200583.406,3.066,68.000
0.053,0.000,0.002,21.157,-53430.016,-1.612,68.000
0.051,0.008,0.012,20.560,246561.438,8.118,68.000
0.055,0.001,0.009,23.487,198133.219,2.170,68.000
0.050,0.003,0.010,18.824,280479.750,5.698,68.000
0.048,0.020,0.012,20.346,264036.344,9.455,68.000
0.048,0.002,0.016,22.391,274389.156,4.511,68.000
0.048,0.004,0.011,20.425,247666.719,6.280,68.000
0.055,0.000,0.017,26.217,822.031,0.287,68.000
0.042,0.001,0.017,19.269,227995.625,3.959,68.000
0.050,0.020,0.012,21.163,247511.188,8.584,68.000
0.042,0.001,0.010,20.382,132476.000,2.077,68.000
0.050,0.001,0.023,20.535,143916.562,1.433,68.000
0.054,0.001,0.003,21.940,114444.992,2.723,68.000
0.052,0.024,0.013,22.610,237123.344,8.657,68.000
0.052,0.011,0.012,21.237,233154.219,8.531,68.000
0.043,0.000,0.005,23.569,95642.789,-0.031,68.000
0.045,0.000,0.007,22.930,-35467.727,0.539,68.000
0.045,0.001,0.020,21.640,106362.898,1.211,68.000
0.056,0.001,0.005,21.939,141598.000,3.340,68.000
0.051,0.020,0.011,22.451,228965.656,6.447,68.000
0.050,0.001,0.006,23.586,151581.188,2.007,68.000
0.048,0.001,0.010,19.992,244254.375,5.535,68.000
0.058,0.001,0.012,23.151,173872.812,1.626,68.000
0.051,0.026,0.012,23.412,256896.562,7.801,68.000
0.052,0.023,0.012,22.522,238862.250,7.450,68.000
0.049,0.015,0.013,20.990,248736.375,8.401,68.000
0.043,0.000,0.012,28.816,2174.547,0.423,68.000
0.050,0.001,0.022,22.578,81443.023,0.196,68.000
0.044,0.001,0.018,21.089,234708.531,3.923,68.000
0.049,0.019,0.014,17.954,282108.000,9.032,68.000
0.050,0.020,0.011,21.105,254801.625,6.872,68.000
0.049,0.013,0.013,20.319,241552.531,7.664,68.000
0.050,0.000,0.019,25.633,52853.398,-0.419,68.000
0.054,0.000,0.010,23.474,20832.289,1.134,68.000
0.049,0.021,0.012,20.624,267109.594,8.676,68.000
0.055,0.000,0.007,21.927,-22982.852,1.556,68.000
0.049,0.017,0.012,22.921,225435.688,8.891,68.000
0.049,0.005,0.012,20.301,226678.719,6.224,68.000
0.048,0.002,0.015,21.682,247674.344,5.064,68.000
0.053,0.001,0.006,23.111,136850.844,1.743,68.000
0.049,0.001,0.009,24.166,136369.562,2.466,68.000
0.050,0.021,0.014,18.971,267933.625,9.121,68.000
0.049,0.016,0.011,22.071,218625.375,8.138,68.000
0.050,0.003,0.010,19.106,281013.875,5.825,68.000
0.052,0.016,0.013,21.278,253829.938,7.952,68.000
0.053,0.001,0.016,22.442,261528.812,3.557,68.000
0.049,0.008,0.012,21.719,235695.969,7.882,68.000
0.055,0.001,0.018,21.836,223782.438,3.151,68.000
0.044,0.000,0.019,22.341,-42316.840,1.576,68.000
0.048,0.021,0.013,19.378,273680.719,9.752,68.000
0.051,0.005,0.010,18.111,289855.062,6.460,68.000
0.047,0.001,0.017,21.859,264438.125,4.221,68.000
0.049,0.015,0.014,19.419,254478.188,8.708,68.000
0.049,0.020,0.013,20.449,259524.875,9.534,68.000
0.050,0.022,0.012,21.148,261518.625,7.563,68.000
0.048,0.027,0.012,21.013,271040.781,6.330,68.000
0.051,0.007,0.011,19.101,267701.750,7.621,68.000
0.056,0.002,0.008,21.605,204041.281,3.096,68.000
0.048,0.015,0.013,20.941,245551.125,8.775,68.000
0.052,0.002,0.009,20.594,255970.750,5.369,68.000
0.048,0.002,0.007,20.174,214991.969,2.724,68.000
0.051,0.009,0.011,21.037,256737.875,8.588,68.000
0.002,0.013,0.013,20.823,157672.281,8.157,68.000
0.000,0.013,0.011,28.405,35338.742,9.058,68.000
0.053,0.001,0.017,22.049,263073.281,3.802,68.000
0.043,0.001,0.007,24.328,48371.430,-0.115,68.000
0.053,0.001,0.007,21.755,179843.156,2.246,68.000
0.051,0.018,0.011,22.878,228545.375,6.706,68.000
0.049,0.009,0.010,21.471,274791.656,7.518,68.000
0.058,0.001,0.018,19.737,191870.750,1.650,68.000
0.052,0.010,0.014,19.425,227621.625,6.783,68.000
0.049,0.022,0.011,20.561,262544.000,6.584,68.000
0.048,0.001,0.007,20.739,203502.938,2.817,68.000
0.052,0.001,0.008,23.551,181400.656,2.224,68.000
0.051,0.018,0.011,22.864,231016.750,6.629,68.000
0.050,0.003,0.014,17.591,237522.906,5.874,68.000
0.047,0.001,0.016,23.487,234967.875,3.808,68.000
0.052,0.008,0.014,19.607,216274.500,6.353,68.000
0.050,0.025,0.011,20.007,272720.906,5.588,68.000
0.050,0.008,0.010,20.112,272570.719,7.369,68.000
0.050,0.001,0.016,24.685,245467.656,3.943,68.000
0.048,0.012,0.010,22.653,253954.781,7.763,68.000
0.047,0.001,0.018,23.623,208409.156,3.524,68.000
0.048,0.000,0.020,24.350,67311.508,0.765,68.000
0.050,0.020,0.010,20.864,264278.469,5.996,68.000
0.048,0.013,0.012,21.476,243009.688,8.466,68.000
0.098,0.012,0.013,20.437,193405.844,6.625,68.000
0.055,0.000,0.011,24.167,-22662.070,-0.369,68.000
0.044,0.001,0.021,20.416,194132.188,3.121,68.000
0.060,0.001,0.010,21.652,119288.633,1.380,68.000
0.053,0.001,0.018,22.338,234702.969,3.331,68.000
0.052,0.001,0.014,22.364,245616.969,4.148,68.000
0.044,0.001,0.006,23.635,110945.539,0.856,68.000
0.057,0.001,0.011,21.259,227745.688,1.971,68.000
0.049,0.001,0.006,21.355,180714.250,2.702,68.000
0.044,0.001,0.006,23.757,110993.086,0.761,68.000
0.044,0.000,0.016,27.675,28415.211,-1.051,68.000
0.048,0.013,0.013,20.322,241205.750,7.521,68.000
0.050,0.000,0.018,28.212,20799.578,-0.329,68.000
0.052,0.002,0.010,19.543,272480.156,5.916,68.000
0.051,0.010,0.011,21.382,248992.531,8.612,68.000
0.049,0.007,0.014,18.481,214764.531,6.334,68.000
0.050,0.001,0.014,28.975,101478.930,1.980,68.000
0.054,0.001,0.019,22.099,206920.156,2.748,68.000
0.051,0.020,0.013,20.151,247941.875,8.828,68.000
0.052,0.026,0.013,23.309,247281.312,9.390,68.000
0.051,0.002,0.008,21.218,221098.281,3.272,68.000
0.048,0.019,0.012,20.771,251290.500,8.333,68.000
0.059,0.001,0.006,23.933,14258.352,3.563,68.000
0.051,0.014,0.014,19.149,269779.094,7.702,68.000
0.052,0.001,0.021,22.737,98671.445,0.905,68.000
0.050,0.006,0.011,20.660,263508.062,7.670,68.000
0.046,0.001,0.004,22.190,168932.812,1.350,68.000
0.051,0.008,0.013,20.203,242283.969,7.840,68.000
0.051,0.024,0.014,21.597,256432.625,9.508,68.000
0.052,0.011,0.012,20.904,241554.000,8.203,68.000
0.048,0.010,0.014,19.847,236842.188,5.922,68.000
0.058,0.001,0.010,21.119,193080.125,0.657,68.000
0.046,0.000,0.008,33.944,10054.797,2.483,68.000
0.098,0.014,0.012,21.901,185591.906,7.684,68.000
0.055,0.001,0.018,22.122,170721.375,2.024,68.000
0.044,0.001,0.005,21.723,206132.688,2.118,68.000
0.049,0.023,0.011,19.563,273838.375,6.377,68.000
0.097,0.011,0.013,20.127,192079.469,6.551,68.000
0.049,0.001,0.002,24.424,7958.273,-0.279,68.000
0.052,0.001,0.011,29.316,65277.570,1.417,68.000
0.045,0.000,0.012,29.243,-64866.277,-2.883,68.000
0.052,0.002,0.011,19.682,274292.969,5.956,68.000
0.047,0.002,0.011,19.772,256428.938,6.123,68.000
0.055,0.001,0.014,24.686,204656.500,2.454,68.000
0.051,0.002,0.010,19.328,275604.406,5.748,68.000
0.050,0.023,0.013,21.155,264227.812,9.190,68.000
0.049,0.003,0.013,19.131,224559.719,6.484,68.000
0.054,0.000,0.017,23.422,16824.289,0.402,68.000
0.050,0.000,0.007,24.665,-18221.969,1.343,68.000
0.049,0.007,0.014,18.640,219630.562,6.135,68.000
0.050,0.021,0.014,18.790,269107.719,9.206,68.000
0.050,0.014,0.011,21.701,223881.312,8.656,68.000
0.052,0.001,0.019,22.416,225648.500,2.995,68.000
0.052,0.019,0.012,22.761,212523.344,7.344,68.000
0.052,0.001,0.019,24.863,84535.211,0.607,68.000
0.047,0.001,0.015,28.731,82435.289,1.020,68.000
0.055,0.001,0.005,21.575,151622.469,3.046,68.000
0.049,0.021,0.011,20.488,259661.156,7.102,68.000
0.053,0.001,0.009,25.732,112490.508,1.875,68.000
0.040,0.001,0.010,20.724,126204.492,1.325,68.000
0.056,0.000,0.006,21.674,7827.234,2.195,68.000
0.050,0.008,0.012,20.919,261420.375,8.644,68.000
0.048,0.010,0.011,22.292,254931.281,7.926,68.000
0.047,0.001,0.015,29.836,15659.820,-0.656,68.000
0.041,0.001,0.015,18.745,135429.250,1.986,68.000
0.051,0.000,0.009,26.341,-32313.000,0.853,68.000
0.048,0.026,0.011,19.495,289413.094,6.107,68.000
0.050,0.000,0.017,29.923,-11732.688,-0.656,68.000
0.048,0.007,0.013,20.118,211434.500,6.978,68.000
0.049,0.013,0.013,20.305,241025.406,7.825,68.000
0.051,0.004,0.014,17.105,241916.969,5.785,68.000
0.050,0.022,0.013,20.588,261878.500,9.222,68.000
0.048,0.001,0.014,24.511,214568.312,3.982,68.000
0.051,0.013,0.013,20.966,236219.406,8.679,68.000
0.048,0.005,0.014,17.941,203054.062,6.290,68.000
0.048,0.010,0.012,21.791,223069.000,6.880,68.000
0.051,0.022,0.010,21.424,248041.969,4.974,68.000
0.046,0.001,0.016,21.936,254725.812,4.198,68.000
0.044,0.000,0.014,30.790,-30997.234,-0.212,68.000
0.055,0.001,0.010,22.051,242407.906,3.488,68.000
0.048,0.024,0.011,19.102,280579.719,6.290,68.000
0.056,0.001,0.012,23.767,200709.500,2.533,68.000
0.052,0.018,0.014,18.901,263428.344,8.392,68.000
0.051,0.001,0.021,21.371,166296.594,2.356,68.000
0.052,0.000,0.014,32.014,-69751.172,-0.676,68.000
0.044,0.001,0.020,21.496,88446.758,0.729,68.000
0.050,0.002,0.010,19.343,270807.594,5.839,68.000
0.059,0.001,0.013,21.352,185296.719,1.018,68.000
0.048,0.018,0.012,21.405,238118.562,8.854,68.000
0.048,0.009,0.011,21.444,251415.344,7.596,68.000
0.042,0.001,0.016,20.302,174383.656,2.333,68.000
0.048,0.004,0.010,19.236,265083.625,5.581,68.000
0.049,0.021,0.013,19.374,271852.906,9.513,68.000
0.049,0.018,0.012,22.219,240829.500,9.074,68.000
0.049,0.018,0.011,21.776,231358.750,7.912,68.000
0.057,0.001,0.016,20.909,215062.844,2.737,68.000
0.050,0.024,0.011,20.371,266962.281,5.754,68.000
0.001,0.013,0.013,21.166,134910.750,7.875,68.000
0.045,0.001,0.014,25.674,96613.008,1.451,68.000
0.001,0.011,0.011,19.452,182743.500,6.362,68.000
0.051,0.000,0.013,29.420,11628.586,-1.373,68.000
0.049,0.025,0.013,20.529,293033.812,8.758,68.000
0.045,0.001,0.007,25.102,23065.805,-0.248,68.000
0.053,0.000,0.012,30.139,-45236.852,-1.132,68.000
0.052,0.000,0.022,20.305,4753.094,1.576,68.000
0.048,0.001,0.003,22.287,138503.938,1.250,68.000
0.048,0.010,0.013,21.450,226921.906,6.742,68.000
0.050,0.002,0.014,19.663,239252.625,5.683,68.000
0.045,0.001,0.003,23.259,96659.898,0.029,68.000
0.051,0.009,0.013,20.088,230392.188,7.025,68.000
0.050,0.001,0.019,24.038,120293.336,1.157,68.000
0.052,0.005,0.011,18.340,285984.656,6.578,68.000
0.049,0.021,0.012,20.423,270209.844,8.577,68.000
0.059,0.000,0.015,19.863,-56399.910,1.317,68.000
0.048,0.002,0.009,19.662,242797.812,4.888,68.000
0.049,0.003,0.014,17.928,229504.562,6.189,68.000
0.050,0.000,0.023,18.632,-117649.242,5.926,68.000
0.047,0.001,0.021,21.225,181921.844,2.680,68.000
0.058,0.000,0.015,21.788,9238.422,-0.765,68.000
0.049,0.002,0.011,20.478,257566.656,6.261,68.000
0.048,0.000,0.009,26.439,-85409.367,-0.098,68.000
0.052,0.005,0.011,18.519,284464.781,6.695,68.000
0.047,0.001,0.006,22.787,178912.406,2.152,68.000
0.052,0.015,0.011,22.306,217431.594,7.803,68.000
0.047,0.001,0.017,22.572,254904.625,4.169,68.000
0.053,0.001,0.009,21.442,233916.000,4.363,68.000
0.052,0.010,0.012,21.012,231107.594,8.406,68.000
0.047,0.000,0.008,31.962,20830.562,2.751,68.000
0.050,0.014,0.014,19.697,258920.031,7.842,68.000
0.051,0.006,0.014,18.604,214229.094,6.143,68.000
0.098,0.011,0.012,18.000,211984.688,7.420,68.000
0.052,0.019,0.011,22.874,224176.625,6.413,68.000
0.054,0.000,0.022,19.039,26608.180,1.809,68.000
0.050,0.027,0.012,21.902,262764.812,6.932,68.000
0.043,0.001,0.012,25.962,72073.570,0.652,68.000
0.047,0.001,0.022,20.036,130921.398,1.723,68.000
0.041,0.000,0.008,22.308,21466.969,2.754,68.000
0.050,0.012,0.013,20.302,232371.781,7.709,68.000
0.048,0.006,0.012,20.978,229018.031,7.118,68.000
0.049,0.007,0.011,20.817,263732.125,8.070,68.000
0.043,0.001,0.005,22.029,197116.688,1.759,68.000
0.050,0.008,0.015,19.171,219551.688,5.984,68.000
0.057,0.001,0.011,21.001,236566.906,2.195,68.000
0.053,0.002,0.014,22.202,245164.250,4.036,68.000
0.046,0.000,0.020,23.599,26903.664,1.138,68.000
0.049,0.011,0.011,21.896,258037.344,8.016,68.000
0.057,0.001,0.013,25.612,63279.336,0.500,68.000
0.045,0.001,0.018,23.755,194158.812,3.104,68.000
0.048,0.011,0.011,22.365,240908.406,8.356,68.000
0.002,0.014,0.013,20.482,165418.312,8.430,68.000
0.050,0.002,0.009,19.871,253777.688,4.899,68.000
0.049,0.026,0.013,22.264,278062.031,8.481,68.000
0.049,0.011,0.013,21.136,229484.156,6.676,68.000
0.045,0.001,0.008,20.643,173737.125,2.022,68.000
0.051,0.017,0.012,22.745,220959.719,7.852,68.000
0.049,0.005,0.011,20.301,264103.688,6.934,68.000
0.047,0.001,0.002,21.978,110283.273,0.415,68.000
0.050,0.025,0.013,21.751,269492.062,8.924,68.000
0.056,0.001,0.007,22.791,175256.031,2.403,68.000
0.052,0.012,0.013,21.249,226900.250,8.732,68.000
0.047,0.001,0.014,25.595,168411.844,3.529,68.000
0.050,0.015,0.010,21.404,214976.156,8.091,68.000
0.049,0.001,0.019,24.653,109961.633,1.161,68.000
0.058,0.000,0.007,19.614,-60169.422,3.122,68.000
0.051,0.022,0.011,21.386,246460.562,5.226,68.000
0.049,0.023,0.014,19.973,284253.750,9.350,68.000
0.051,0.026,0.013,23.131,260435.344,8.871,68.000
0.050,0.014,0.011,22.004,224590.625,8.459,68.000
0.061,0.001,0.013,17.929,212721.125,1.287,68.000
0.049,0.004,0.011,20.677,257009.969,6.393,68.000
0.049,0.007,0.014,18.607,221393.688,6.185,68.000
0.051,0.002,0.018,22.147,244648.781,3.274,68.000
0.047,0.001,0.019,22.133,218071.969,3.469,68.000
0.051,0.020,0.013,21.081,232539.188,8.832,68.000
0.052,0.000,0.007,24.361,-10638.797,-0.347,68.000
0.056,0.000,0.017,22.523,15705.062,-0.250,68.000
0.052,0.009,0.011,20.462,253845.688,8.590,68.000
0.051,0.022,0.010,20.418,262163.531,4.809,68.000
0.041,0.001,0.008,21.212,150880.500,1.338,68.000
0.046,0.000,0.010,29.664,-26644.094,1.998,68.000
0.055,0.001,0.010,23.579,207853.125,2.426,68.000
0.050,0.008,0.011,21.092,256702.875,8.456,68.000
0.050,0.025,0.014,21.444,274907.938,9.430,68.000
0.059,0.001,0.009,20.509,211163.625,1.315,68.000
0.050,0.007,0.012,20.325,260363.031,8.039,68.000
0.059,0.000,0.011,22.714,59355.023,1.481,68.000
0.052,0.001,0.022,22.789,58451.227,0.162,68.000
0.055,0.001,0.009,22.025,234598.719,3.584,68.000
0.002,0.012,0.012,20.767,185952.250,7.030,68.000
0.049,0.013,0.014,19.727,243350.000,7.814,68.000
0.042,0.000,0.016,23.072,36005.133,-1.193,68.000
0.051,0.011,0.014,18.842,237605.250,6.684,68.000
0.045,0.000,0.020,23.102,21365.078,-0.680,68.000
0.057,0.000,0.006,23.407,-68738.094,2.429,68.000
0.051,0.027,0.014,24.332,208959.406,8.404,68.000
0.044,0.002,0.012,20.477,221697.562,5.227,68.000
0.050,0.026,0.014,22.720,276101.875,9.677,68.000
0.051,0.000,0.007,23.705,-26129.758,0.835,68.000
0.059,0.001,0.015,21.211,80276.602,1.351,68.000
0.040,0.001,0.017,17.776,177135.688,4.452,68.000
0.050,0.002,0.016,22.204,285339.281,4.363,68.000
0.057,0.001,0.017,20.409,207738.688,2.297,68.000
0.058,0.001,0.008,21.311,163142.031,1.476,68.000
0.053,0.000,0.019,24.036,-27537.133,1.703,68.000
0.045,0.002,0.008,19.118,211574.438,2.458,68.000
0.051,0.018,0.013,21.450,242500.844,8.029,68.000
0.050,0.001,0.006,24.709,100146.914,0.744,68.000
0.049,0.002,0.010,19.619,255705.688,5.670,68.000
0.050,0.011,0.013,20.064,233692.844,6.821,68.000
0.058,0.001,0.015,24.272,55222.289,1.478,68.000
0.051,0.018,0.010,22.307,232052.188,6.524,68.000
0.052,0.001,0.018,23.253,213790.875,2.863,68.000
0.049,0.022,0.013,20.225,280014.625,8.627,68.000
0.046,0.000,0.002,22.565,29811.008,-0.384,68.000
0.050,0.001,0.022,20.471,157072.656,1.976,68.000
0.049,0.021,0.014,19.285,275500.469,9.533,68.000
0.050,0.014,0.011,22.050,225941.219,8.534,68.000
0.052,0.013,0.011,20.942,228499.219,8.463,68.000
0.045,0.001,0.010,20.385,184309.875,3.977,68.000
0.053,0.001,0.020,22.027,158407.969,1.872,68.000
0.044,0.000,0.007,22.364,2211.211,1.545,68.000
0.045,0.001,0.022,20.164,185099.531,2.952,68.000
0.050,0.001,0.020,21.323,185477.844,2.923,68.000
0.048,0.018,0.012,21.742,231160.375,9.227,68.000
0.054,0.001,0.007,22.487,195502.281,2.474,68.000
0.098,0.013,0.013,21.762,184479.219,6.980,68.000
0.050,0.018,0.013,21.034,245601.938,8.832,68.000
0.049,0.020,0.012,21.332,251888.062,8.444,68.000
0.100,0.011,0.012,17.594,-8316.172,9.335,68.000
0.052,0.003,0.011,19.057,282157.688,6.386,68.000
0.049,0.023,0.010,19.260,279791.469,5.771,68.000
0.048,0.010,0.011,22.256,240964.500,8.100,68.000
0.049,0.022,0.014,19.923,278239.906,9.432,68.000
0.052,0.009,0.013,20.598,220777.469,7.724,68.000
0.053,0.001,0.012,28.213,123305.305,2.042,68.000
0.055,0.001,0.005,24.062,85015.586,1.951,68.000
0.055,0.000,0.003,25.978,-227820.938,-2.092,68.000
0.057,0.000,0.010,22.702,19.094,1.812,68.000
0.050,0.022,0.011,20.895,253266.375,6.465,68.000
0.001,0.011,0.012,21.199,161001.469,6.721,68.000
0.051,0.022,0.013,21.511,240261.406,9.086,68.000
0.002,0.012,0.012,21.054,174360.219,7.423,68.000
0.059,0.001,0.015,18.522,179231.531,2.056,68.000
0.051,0.019,0.013,19.849,250928.500,8.745,68.000
0.049,0.022,0.012,20.944,265916.250,7.759,68.000
0.051,0.019,0.010,22.104,248973.281,6.183,68.000
0.053,0.001,0.013,23.502,263761.438,4.477,68.000
0.045,0.000,0.013,28.822,-49092.281,0.627,68.000
0.046,0.001,0.015,28.309,81950.664,0.543,68.000
0.046,0.001,0.018,25.079,175526.312,2.821,68.000
0.041,0.001,0.009,20.597,135255.375,1.182,68.000
0.058,0.001,0.010,20.846,221270.844,1.539,68.000
0.050,0.001,0.012,24.248,209976.312,4.683,68.000
0.050,0.025,0.011,19.701,273136.094,5.551,68.000
0.051,0.011,0.010,20.707,276147.062,7.461,68.000
0.041,0.001,0.008,20.579,168153.062,1.767,68.000
0.048,0.025,0.012,20.073,292871.219,6.466,68.000
0.058,0.001,0.007,20.606,185361.875,2.876,68.000
0.052,0.001,0.006,24.289,91150.211,0.909,68.000
0.047,0.001,0.005,23.016,156525.156,1.793,68.000
0.052,0.002,0.015,22.235,261581.375,4.108,68.000
0.050,0.002,0.018,22.048,255230.156,3.565,68.000
0.048,0.010,0.012,21.565,228240.000,7.054,68.000
0.053,0.002,0.011,20.310,273628.406,5.381,68.000
0.049,0.002,0.014,19.441,233974.219,5.481,68.000
0.050,0.007,0.010,18.951,273725.500,6.608,68.000
0.050,0.009,0.011,21.031,260014.812,8.284,68.000
0.057,0.000,0.009,23.451,-37474.031,2.593,68.000
0.055,0.001,0.014,24.509,182738.688,1.777,68.000
0.042,0.001,0.014,20.061,135839.000,1.148,68.000
0.048,0.015,0.012,21.363,228945.125,8.862,68.000
0.048,0.018,0.011,21.672,229955.500,8.070,68.000
0.045,0.000,0.009,23.981,-25625.531,2.089,68.000
0.051,0.014,0.013,21.206,241738.750,8.530,68.000
0.059,0.001,0.006,20.338,166430.438,3.841,68.000
0.044,0.001,0.003,21.522,188954.812,1.214,68.000
0.044,0.000,0.006,21.583,-9918.992,-1.195,68.000
0.048,0.001,0.018,24.292,191692.062,2.943,68.000
0.051,0.009,0.011,20.393,263098.438,8.168,68.000
0.100,0.013,0.011,22.873,-33509.680,11.888,68.000
0.053,0.001,0.012,23.462,267044.375,4.480,68.000
0.055,0.000,0.014,25.067,-4740.359,1.260,68.000
0.053,0.002,0.013,21.724,262355.312,4.808,68.000
0.057,0.001,0.004,21.815,108945.148,3.510,68.000
0.043,0.000,0.019,22.384,29354.102,1.702,68.000
0.052,0.002,0.014,21.502,250357.344,4.283,68.000
0.042,0.001,0.010,19.159,184037.562,3.140,68.000
0.055,0.001,0.015,22.757,192232.750,2.100,68.000
0.049,0.003,0.014,17.433,225875.656,6.256,68.000
0.060,0.001,0.013,18.480,240377.250,1.955,68.000
0.050,0.021,0.012,21.009,251762.250,8.301,68.000
0.051,0.026,0.012,23.217,248372.188,7.818,68.000
0.052,0.022,0.012,22.515,227485.844,7.487,68.000
0.052,0.000,0.013,29.965,-21427.641,1.473,68.000
0.041,0.001,0.008,23.480,66303.742,0.571,68.000
0.050,0.003,0.010,19.101,277884.594,5.973,68.000
0.050,0.011,0.011,21.954,243319.562,8.513,68.000
0.051,0.023,0.014,21.698,246457.844,9.460,68.000
0.098,0.012,0.012,20.352,198919.844,7.629,68.000
0.052,0.001,0.018,23.667,179320.000,2.230,68.000
0.046,0.001,0.007,23.957,93604.367,0.705,68.000
0.048,0.000,0.013,32.255,-11789.742,0.421,68.000
0.051,0.002,0.018,22.096,264631.875,3.774,68.000
0.048,0.008,0.014,19.697,228179.438,6.246,68.000
0.049,0.025,0.013,20.705,291033.531,8.369,68.000
0.052,0.027,0.013,27.462,192186.188,8.363,68.000
0.049,0.025,0.014,21.070,289908.188,9.621,68.000
0.044,0.001,0.010,24.091,78165.523,1.407,68.000
0.044,0.002,0.014,19.608,210523.750,4.543,68.000
0.100,0.011,0.012,17.285,41682.727,8.846,68.000
0.048,0.001,0.006,21.416,194186.344,2.970,68.000
0.047,0.000,0.006,21.825,-5337.250,-0.394,68.000
0.044,0.001,0.019,22.267,206391.562,3.245,68.000
0.048,0.007,0.013,20.146,216044.031,7.182,68.000
0.039,0.001,0.011,19.909,150023.562,1.484,68.000
0.057,0.000,0.015,25.287,15027.641,-0.158,68.000
0.100,0.013,0.012,22.109,-51387.234,9.379,68.000
0.052,0.001,0.022,21.291,126978.117,0.960,68.000
0.051,0.020,0.011,22.232,237179.562,6.110,68.000
0.051,0.007,0.014,19.521,211204.312,6.187,68.000
0.057,0.001,0.007,21.718,182447.719,2.247,68.000
0.051,0.002,0.012,19.885,264430.969,6.241,68.000
0.048,0.001,0.008,22.764,164158.469,1.942,68.000
0.051,0.018,0.014,18.492,270731.062,7.901,68.000
0.059,0.001,0.010,20.915,194278.094,0.774,68.000
0.050,0.018,0.010,21.829,232064.812,6.641,68.000
0.053,0.001,0.006,21.414,179680.844,2.343,68.000
0.044,0.001,0.018,21.294,229419.625,3.786,68.000
0.051,0.023,0.011,21.326,250745.062,5.302,68.000
0.051,0.012,0.012,21.164,232940.500,8.864,68.000
0.051,0.022,0.011,21.967,238842.875,5.370,68.000
0.051,0.002,0.006,20.797,180508.031,2.812,68.000
0.051,0.023,0.014,21.158,258163.688,9.451,68.000
0.057,0.001,0.009,22.540,180335.375,0.974,68.000
0.050,0.001,0.001,21.604,103937.398,1.229,68.000
0.051,0.026,0.012,23.498,252712.469,8.144,68.000
0.044,0.002,0.007,19.235,211580.000,2.429,68.000
0.051,0.009,0.011,20.941,252771.875,8.627,68.000
0.051,0.007,0.011,19.108,266495.875,7.565,68.000
0.052,0.007,0.011,19.612,262300.469,8.157,68.000
0.052,0.008,0.010,19.099,271277.094,7.772,68.000
0.047,0.000,0.014,28.134,-29262.812,0.643,68.000
0.048,0.009,0.012,21.911,221250.438,7.029,68.000
0.048,0.025,0.011,19.513,288299.250,6.185,68.000
0.049,0.022,0.013,20.024,268213.719,9.084,68.000
0.051,0.001,0.013,32.474,24279.656,1.002,68.000
0.051,0.010,0.012,21.343,244816.219,8.456,68.000
0.099,0.013,0.011,21.341,113761.820,6.620,68.000
0.052,0.013,0.011,21.582,240181.969,7.914,68.000
0.044,0.000,0.021,22.036,-21878.930,-0.314,68.000
0.051,0.024,0.014,21.600,262882.688,9.478,68.000
0.041,0.000,0.015,21.403,10350.109,1.706,68.000
0.049,0.001,0.020,21.733,178852.344,2.677,68.000
0.049,0.014,0.010,22.441,229042.375,8.180,68.000
0.041,0.001,0.014,20.702,137398.844,1.674,68.000
0.051,0.013,0.010,21.254,253732.844,7.509,68.000
0.002,0.012,0.011,18.800,217021.969,6.067,68.000
0.060,0.001,0.011,18.774,231677.844,2.068,68.000
0.051,0.005,0.010,18.226,295031.000,5.969,68.000
0.050,0.000,0.010,32.845,-28503.859,1.690,68.000
0.050,0.015,0.013,21.469,244554.406,8.278,68.000
0.049,0.023,0.012,20.380,279686.219,7.354,68.000
0.047,0.000,0.015,31.780,18702.602,-0.239,68.000
0.048,0.000,0.009,33.397,-31796.078,1.406,68.000
0.043,0.001,0.006,22.128,192286.344,1.822,68.000
0.051,0.020,0.012,22.163,236378.156,7.620,68.000
0.048,0.020,0.011,20.112,273215.469,7.497,68.000
0.048,0.020,0.013,19.795,267264.656,9.707,68.000
0.054,0.000,0.005,23.077,-29060.086,0.555,68.000
0.048,0.002,0.018,21.843,254126.375,3.851,68.000
0.060,0.001,0.011,20.039,212718.344,1.430,68.000
0.054,0.001,0.016,23.445,208608.250,2.403,68.000
0.046,0.001,0.008,20.857,185592.938,2.382,68.000
0.050,0.008,0.011,20.880,262578.594,8.250,68.000
0.045,0.001,0.012,29.760,-20034.555,-0.806,68.000
0.043,0.001,0.014,22.258,177875.188,3.040,68.000
0.049,0.025,0.013,21.383,283532.625,9.018,68.000
0.042,0.000,0.011,26.048,-12543.844,1.515,68.000
0.049,0.004,0.013,17.848,223368.844,6.562,68.000
0.003,0.012,0.012,19.814,197965.625,6.728,68.000
0.058,0.001,0.014,21.713,132768.375,1.113,68.000
0.053,0.001,0.021,21.025,167112.719,2.068,68.000
0.059,0.000,0.006,20.545,-19931.047,4.890,68.000
0.048,0.010,0.012,22.442,232598.750,7.871,68.000
0.048,0.023,0.012,20.134,287550.781,8.123,68.000
0.054,0.000,0.012,29.156,-15156.797,-0.335,68.000
0.043,0.001,0.019,20.872,96426.758,1.232,68.000
0.059,0.000,0.010,18.538,-29989.289,1.003,68.000
0.050,0.024,0.011,19.837,262796.906,5.171,68.000
0.050,0.003,0.010,19.426,273682.031,5.965,68.000
0.058,0.000,0.013,20.227,13188.828,2.505,68.000
0.051,0.013,0.011,20.939,234131.781,8.721,68.000
0.051,0.007,0.011,19.953,263998.594,7.938,68.000
0.052,0.026,0.011,23.030,241607.938,7.104,68.000
0.050,0.019,0.012,21.908,236356.656,8.820,68.000
0.049,0.023,0.013,20.631,275970.375,8.834,68.000
0.043,0.000,0.011,22.859,-60978.746,2.493,68.000
0.052,0.008,0.010,19.182,271425.219,7.857,68.000
0.048,0.021,0.011,19.960,277938.844,7.224,68.000
0.049,0.001,0.021,21.928,164176.875,2.207,68.000
0.047,0.000,0.019,26.290,61071.789,0.385,68.000
0.098,0.013,0.013,23.511,168418.531,6.073,68.000
0.048,0.001,0.014,27.101,139527.594,2.129,68.000
0.048,0.001,0.009,22.343,180679.625,2.872,68.000
0.049,0.002,0.010,19.778,257916.281,5.765,68.000
0.049,0.011,0.010,22.005,267363.438,7.636,68.000
0.052,0.000,0.003,22.281,-74692.922,-0.828,68.000
0.049,0.012,0.013,20.040,236315.094,6.809,68.000
0.051,0.009,0.013,20.606,229451.406,7.633,68.000
0.044,0.002,0.015,19.816,229319.969,4.068,68.000
0.049,0.000,0.017,26.696,40750.789,0.063,68.000
0.003,0.012,0.011,19.308,208512.438,6.202,68.000
0.048,0.011,0.013,21.376,229113.438,6.981,68.000
0.044,0.001,0.007,20.858,179224.062,1.728,68.000
0.050,0.001,0.006,22.515,167620.250,2.245,68.000
0.047,0.001,0.007,21.589,189095.125,2.515,68.000
0.050,0.014,0.014,18.649,261023.062,7.595,68.000
0.049,0.006,0.010,18.980,276508.219,5.806,68.000
0.052,0.002,0.012,20.426,272346.406,5.293,68.000
0.051,0.020,0.013,20.326,241749.031,8.821,68.000
0.048,0.010,0.013,21.212,226845.094,6.274,68.000
0.051,0.002,0.015,21.619,255203.500,4.339,68.000
0.043,0.000,0.008,20.746,-23504.961,-1.621,68.000
0.052,0.009,0.010,19.773,269808.094,7.895,68.000
0.052,0.000,0.020,22.333,3720.180,1.099,68.000
0.049,0.000,0.006,21.217,40426.523,-0.268,68.000
0.050,0.013,0.013,20.701,243650.188,8.194,68.000
0.048,0.000,0.002,22.099,27126.133,0.443,68.000
0.055,0.000,0.013,27.538,-55148.828,1.463,68.000
0.051,0.000,0.012,30.761,-46329.926,1.375,68.000
0.051,0.014,0.012,21.423,223368.875,8.282,68.000
0.057,0.001,0.016,20.590,183426.625,2.110,68.000
0.054,0.001,0.004,24.142,55860.117,1.603,68.000
0.049,0.026,0.011,21.323,252403.406,5.489,68.000
0.043,0.001,0.014,20.190,210265.969,4.556,68.000
0.049,0.000,0.017,26.790,106601.898,0.971,68.000
0.055,0.000,0.003,22.517,-145579.406,0.734,68.000
0.051,0.000,0.011,29.558,27530.570,2.344,68.000
0.056,0.001,0.006,21.517,170597.375,3.127,68.000
0.051,0.000,0.006,24.073,11480.266,1.517,68.000
0.053,0.002,0.013,22.278,260470.594,4.699,68.000
0.050,0.010,0.015,18.711,229668.781,6.265,68.000
0.059,0.001,0.012,20.310,219694.125,1.361,68.000
0.052,0.001,0.011,30.110,29659.805,1.037,68.000
0.057,0.000,0.012,21.961,-95535.219,1.853,68.000
0.049,0.027,0.010,20.056,237652.094,5.430,68.000
0.049,0.006,0.014,17.861,213024.156,6.208,68.000
0.002,0.012,0.013,20.956,163835.188,7.511,68.000
0.054,0.001,0.012,22.882,268204.375,4.519,68.000
0.042,0.001,0.006,21.187,199394.156,2.006,68.000
0.051,0.012,0.013,21.078,228302.344,8.392,68.000
0.045,0.000,0.011,27.356,-13675.352,-0.788,68.000
0.051,0.009,0.014,19.723,222532.156,6.780,68.000
0.051,0.000,0.021,23.333,28059.836,-1.680,68.000
0.049,0.018,0.010,21.331,231392.906,7.281,68.000
0.040,0.001,0.012,22.301,111862.742,0.418,68.000
0.056,0.001,0.016,21.361,206227.125,2.488,68.000
0.048,0.013,0.011,21.971,232375.469,9.004,68.000
0.056,0.001,0.006,21.808,163688.938,3.130,68.000
0.058,0.000,0.014,24.339,18047.930,0.064,68.000
0.051,0.023,0.010,20.401,259846.781,4.669,68.000
0.041,0.001,0.014,17.724,189791.219,3.535,68.000
0.049,0.009,0.012,21.851,231039.438,7.765,68.000
0.051,0.003,0.012,19.376,268635.375,6.338,68.000
0.044,0.000,0.004,21.474,69584.305,0.573,68.000
0.044,0.001,0.014,21.611,208341.875,4.144,68.000
0.002,0.011,0.012,20.085,189275.875,6.261,68.000
0.043,0.001,0.012,26.041,71411.586,0.155,68.000
0.048,0.027,0.012,28.352,129956.008,8.291,68.000
0.049,0.014,0.012,21.951,224394.688,9.126,68.000
0.048,0.014,0.013,20.362,253794.281,8.245,68.000
0.047,0.000,0.011,30.703,-75256.703,0.591,68.000
0.051,0.008,0.012,20.660,254244.125,8.486,68.000
0.049,0.021,0.012,20.908,259672.250,7.245,68.000
0.050,0.023,0.011,20.184,258488.781,5.432,68.000
0.057,0.000,0.005,23.689,6482.648,4.690,68.000
0.047,0.000,0.019,26.480,67443.852,0.009,68.000
0.048,0.013,0.014,19.589,239184.156,6.932,68.000
0.050,0.021,0.013,20.549,254974.531,8.727,68.000
0.051,0.012,0.012,21.155,233727.375,8.757,68.000
0.048,0.026,0.010,18.783,283777.062,6.239,68.000
0.051,0.024,0.014,21.113,265750.344,9.514,68.000
0.052,0.011,0.010,20.518,267980.656,7.695,68.000
0.048,0.000,0.013,31.404,-8853.719,1.041,68.000
0.049,0.020,0.011,20.589,256062.781,7.653,68.000
0.052,0.016,0.012,22.805,231422.188,7.510,68.000
0.050,0.021,0.013,20.021,259038.500,9.177,68.000
0.039,0.001,0.014,19.241,138185.562,2.617,68.000
0.051,0.020,0.010,21.784,246663.125,6.200,68.000
0.050,0.001,0.020,22.085,197472.625,3.030,68.000
0.046,0.001,0.007,20.400,208465.625,2.545,68.000
0.051,0.001,0.008,21.839,215235.750,2.978,68.000
0.055,0.001,0.012,22.890,267327.125,3.774,68.000
0.048,0.007,0.013,19.680,207884.219,6.514,68.000
0.055,0.000,0.007,24.471,-15632.039,2.379,68.000
0.048,0.001,0.020,21.269,198488.531,2.912,68.000
0.048,0.003,0.012,20.523,210901.625,5.889,68.000
0.048,0.025,0.012,20.770,297845.906,7.315,68.000
0.057,0.001,0.012,26.097,76036.633,1.119,68.000
0.050,0.003,0.010,19.325,275636.438,6.000,68.000
0.044,0.000,0.011,27.052,19148.875,1.106,68.000
0.059,0.001,0.013,25.032,4749.367,1.212,68.000
0.048,0.005,0.011,19.728,253739.531,6.129,68.000
0.048,0.002,0.010,19.827,249753.281,5.615,68.000
0.051,0.000,0.020,24.767,42325.711,-0.151,68.000
0.048,0.000,0.018,27.586,56610.430,-0.257,68.000
0.050,0.014,0.012,21.414,227489.250,8.627,68.000
0.050,0.011,0.012,21.760,234114.344,8.010,68.000
0.047,0.000,0.005,22.421,122227.789,1.106,68.000
0.047,0.000,0.006,24.950,19110.328,-1.658,68.000
0.051,0.022,0.011,22.272,231096.250,5.928,68.000
0.050,0.019,0.014,17.909,277987.938,8.574,68.000
0.050,0.014,0.011,21.852,222794.688,8.607,68.000
0.052,0.002,0.014,21.686,244608.625,4.200,68.000
0.056,0.001,0.011,21.271,234070.594,2.588,68.000
0.049,0.016,0.010,22.131,209894.031,8.162,68.000
0.048,0.000,0.020,23.517,89499.430,0.971,68.000
0.054,0.002,0.006,21.090,181183.000,2.668,68.000
0.050,0.008,0.009,19.396,276977.969,6.623,68.000
0.043,0.001,0.016,22.505,131308.906,1.023,68.000
0.000,0.012,0.013,23.779,-82341.977,11.719,68.000
0.048,0.002,0.010,19.853,253946.438,5.903,68.000
0.042,0.001,0.019,19.678,197381.031,3.628,68.000
0.048,0.021,0.011,19.971,272236.000,7.691,68.000
0.049,0.006,0.009,18.745,281757.250,5.620,68.000
0.052,0.005,0.011,18.912,275487.062,6.946,68.000
0.060,0.001,0.015,17.976,161215.000,1.239,68.000
0.049,0.004,0.012,20.924,247020.688,6.283,68.000
0.045,0.000,0.010,33.361,-57767.516,1.322,68.000
0.046,0.000,0.004,23.604,58001.523,-0.182,68.000
0.043,0.001,0.005,22.060,197929.938,1.923,68.000
0.049,0.011,0.013,21.010,230740.406,7.056,68.000
0.057,0.001,0.005,22.086,140382.125,3.247,68.000
0.052,0.015,0.012,22.299,220067.750,7.883,68.000
0.049,0.010,0.010,21.950,273362.062,7.508,68.000
0.000,0.011,0.012,29.432,-10837.406,8.708,68.000
0.051,0.008,0.013,20.147,232565.406,7.395,68.000
0.098,0.012,0.010,17.072,210968.812,8.714,68.000
0.055,0.001,0.007,22.589,169762.188,2.402,68.000
0.048,0.005,0.012,20.716,223350.156,6.044,68.000
0.048,0.001,0.010,21.307,206399.656,4.540,68.000
0.046,0.001,0.005,24.080,84653.602,0.158,68.000
0.050,0.014,0.012,21.361,237885.219,8.650,68.000
0.041,0.001,0.009,24.986,-13478.859,-0.972,68.000
0.052,0.001,0.014,23.122,244474.625,4.137,68.000
0.051,0.003,0.014,17.980,240050.500,5.269,68.000
0.049,0.012,0.012,21.468,243663.688,8.277,68.000
0.051,0.004,0.010,18.461,290652.562,6.090,68.000
0.052,0.001,0.015,23.051,268190.938,4.064,68.000
0.050,0.006,0.015,18.493,198583.375,5.250,68.000
0.048,0.009,0.012,22.139,231806.219,7.722,68.000
0.052,0.001,0.014,24.191,213035.406,3.507,68.000
0.050,0.009,0.010,20.482,272757.562,7.646,68.000
0.051,0.008,0.013,19.894,230388.531,7.068,68.000
0.046,0.002,0.016,21.825,260581.219,4.640,68.000
0.060,0.001,0.014,18.808,156360.594,0.774,68.000
0.044,0.000,0.006,21.469,-6387.055,-1.122,68.000
0.000,0.012,0.011,26.151,-10008.586,12.694,68.000
0.050,0.003,0.014,17.632,240339.875,5.795,68.000
0.051,0.009,0.014,19.435,222957.344,6.591,68.000
0.058,0.001,0.006,20.985,171573.500,3.352,68.000
0.051,0.017,0.011,22.763,220517.281,7.164,68.000
0.049,0.013,0.012,21.145,244951.125,8.327,68.000
0.055,0.001,0.018,24.286,56282.242,1.744,68.000
0.050,0.003,0.011,19.459,276383.562,6.159,68.000
0.050,0.009,0.014,19.461,225637.969,6.070,68.000
0.051,0.020,0.011,22.444,228160.938,6.347,68.000
0.046,0.000,0.020,22.790,124447.055,2.083,68.000
0.049,0.005,0.010,18.934,284367.750,5.399,68.000
0.046,0.000,0.011,35.268,-18998.094,0.727,68.000
0.051,0.014,0.014,19.521,268058.969,7.853,68.000
0.050,0.009,0.013,20.215,237517.781,7.099,68.000
0.058,0.000,0.009,23.482,65885.242,1.406,68.000
0.048,0.010,0.012,21.493,229460.406,6.783,68.000
0.048,0.003,0.014,17.726,214455.000,6.178,68.000
0.049,0.013,0.012,21.719,235406.375,8.826,68.000
0.048,0.015,0.011,22.347,217232.219,8.736,68.000
0.050,0.001,0.003,24.822,15925.227,0.101,68.000
0.043,0.001,0.013,25.777,77619.633,0.568,68.000
0.050,0.000,0.022,21.662,-36611.969,1.588,68.000
0.050,0.002,0.008,20.633,226500.031,3.136,68.000
0.049,0.003,0.014,18.632,231639.500,5.962,68.000
0.049,0.009,0.011,21.724,248864.500,8.263,68.000
0.050,0.025,0.010,19.410,274729.250,5.491,68.000
0.055,0.001,0.022,20.775,130445.102,0.970,68.000
0.050,0.010,0.010,20.974,279414.281,7.399,68.000
0.043,0.001,0.009,20.532,151901.906,1.654,68.000
0.050,0.027,0.014,24.220,99811.492,7.969,68.000
0.053,0.001,0.014,23.493,236961.000,3.722,68.000
0.049,0.019,0.014,18.455,280812.438,9.072,68.000
0.046,0.001,0.021,21.674,91347.477,0.827,68.000
0.049,0.001,0.017,23.272,262928.750,4.312,68.000
0.053,0.001,0.012,23.370,262012.844,4.445,68.000
0.046,0.001,0.009,22.462,138006.688,2.808,68.000
0.051,0.001,0.006,24.766,55969.867,0.292,68.000
0.040,0.001,0.008,19.604,171041.625,2.514,68.000
0.055,0.001,0.021,21.698,79836.852,0.808,68.000
0.049,0.001,0.007,25.371,65672.289,0.611,68.000
0.046,0.001,0.018,22.155,238495.688,3.968,68.000
0.051,0.006,0.014,18.804,205517.219,5.424,68.000
0.050,0.013,0.012,21.300,236483.906,8.815,68.000
0.050,0.001,0.007,22.790,160266.875,2.057,68.000
0.046,0.001,0.013,27.583,105962.758,2.337,68.000
0.049,0.020,0.011,20.931,256916.438,7.211,68.000
0.045,0.001,0.014,26.278,114444.742,2.037,68.000
0.100,0.011,0.011,15.403,100947.945,10.737,68.000
0.051,0.005,0.012,19.008,255033.625,6.370,68.000
0.043,0.000,0.016,25.568,761.703,1.157,68.000
0.054,0.001,0.018,23.137,192725.656,2.708,68.000
0.056,0.002,0.012,21.188,257356.406,3.660,68.000
0.052,0.008,0.014,19.626,217675.375,6.723,68.000
0.050,0.001,0.003,22.447,150779.844,2.220,68.000
0.049,0.000,0.017,27.855,31497.133,-0.343,68.000
0.051,0.013,0.010,21.228,262923.375,7.658,68.000
0.048,0.004,0.012,20.130,212444.719,6.018,68.000
0.048,0.009,0.014,19.379,234725.531,6.063,68.000
0.049,0.008,0.011,21.719,246779.531,7.996,68.000
0.099,0.013,0.012,20.879,194685.875,7.953,68.000
0.047,0.002,0.012,21.442,212094.688,6.041,68.000
0.043,0.000,0.014,24.777,20537.672,-1.897,68.000
0.055,0.000,0.006,22.579,8796.312,1.387,68.000
0.049,0.026,0.013,21.132,299383.875,8.831,68.000
0.057,0.000,0.019,23.624,-10513.344,0.528,68.000
0.050,0.021,0.013,20.513,250578.625,8.829,68.000
0.061,0.000,0.014,18.720,167158.281,0.696,68.000
0.059,0.000,0.008,21.714,7829.484,3.335,68.000
0.056,0.000,0.005,21.005,13720.922,3.289,68.000
0.049,0.025,0.012,21.078,282285.031,6.458,68.000
0.051,0.016,0.013,20.885,258909.688,8.224,68.000
0.042,0.000,0.010,24.569,-17620.766,2.318,68.000
0.051,0.012,0.014,19.291,234967.719,7.664,68.000
0.042,0.001,0.007,21.565,161535.500,1.385,68.000
0.045,0.000,0.008,27.062,-9531.688,2.009,68.000
0.052,0.001,0.015,28.890,73993.805,1.101,68.000
0.050,0.027,0.011,26.414,215917.531,8.942,68.000
0.053,0.001,0.018,22.516,224138.281,3.058,68.000
0.049,0.010,0.010,22.141,275914.750,7.414,68.000
0.050,0.006,0.014,18.392,205523.250,5.836,68.000
0.047,0.002,0.007,19.657,216339.656,2.782,68.000
0.052,0.012,0.010,20.875,267137.125,7.618,68.000
0.057,0.001,0.007,23.389,108380.680,1.890,68.000
0.048,0.026,0.011,19.573,288801.500,6.146,68.000
0.049,0.016,0.013,21.402,239130.719,8.840,68.000
0.049,0.026,0.010,18.669,269529.625,5.592,68.000
0.052,0.025,0.012,23.241,246298.750,7.783,68.000
0.051,0.010,0.014,19.212,224863.969,6.626,68.000
0.050,0.023,0.011,20.198,264160.719,5.705,68.000
0.047,0.001,0.009,21.426,171390.750,2.720,68.000
0.051,0.001,0.018,22.245,239544.438,3.334,68.000
0.051,0.010,0.012,21.559,240780.250,8.395,68.000
0.058,0.001,0.007,20.908,139014.625,1.583,68.000
0.043,0.000,0.007,19.747,45000.445,-0.476,68.000
0.052,0.002,0.010,20.621,255019.531,5.538,68.000
0.051,0.015,0.011,21.973,221395.969,8.192,68.000
0.050,0.022,0.011,20.476,256669.875,5.552,68.000
0.047,0.002,0.008,19.717,218373.375,2.731,68.000
0.052,0.011,0.011,20.726,250010.688,8.101,68.000
0.046,0.002,0.013,21.915,217068.969,5.735,68.000
0.049,0.009,0.014,19.090,235924.344,6.108,68.000
0.048,0.015,0.012,22.068,219001.438,8.826,68.000
0.040,0.001,0.015,18.052,151638.438,3.111,68.000
0.053,0.002,0.006,20.986,182961.094,2.490,68.000
0.048,0.022,0.011,19.320,279130.594,7.075,68.000
0.099,0.012,0.011,18.287,189187.750,7.494,68.000
0.051,0.001,0.019,23.009,181479.750,2.485,68.000
0.049,0.001,0.011,28.331,65114.680,1.805,68.000
0.058,0.001,0.008,22.939,74091.352,1.757,68.000
0.049,0.022,0.011,19.767,273227.844,6.938,68.000
0.051,0.021,0.011,21.923,243861.969,5.478,68.000
0.050,0.019,0.011,21.865,247803.531,6.715,68.000
0.052,0.016,0.012,22.431,235767.438,7.408,68.000
0.046,0.000,0.006,21.601,11594.008,-0.958,68.000
0.042,0.000,0.012,27.306,-52779.160,-2.420,68.000
0.058,0.001,0.017,20.135,175367.750,1.831,68.000
0.057,0.001,0.018,20.033,195216.219,1.755,68.000
0.002,0.012,0.013,20.845,132345.188,7.819,68.000
0.058,0.001,0.016,19.785,179050.812,1.861,68.000
0.048,0.002,0.015,22.279,262800.875,4.670,68.000
0.051,0.025,0.013,22.779,254839.125,9.154,68.000
0.046,0.001,0.010,24.425,64948.852,2.018,68.000
0.056,0.001,0.010,22.655,200447.625,2.183,68.000
0.050,0.005,0.014,17.798,219230.312,5.755,68.000
0.003,0.013,0.011,19.088,212936.719,6.408,68.000
0.048,0.020,0.013,19.621,267112.656,10.018,68.000
0.050,0.018,0.014,17.709,273249.125,8.015,68.000
0.053,0.001,0.012,29.673,79010.898,1.715,68.000
0.051,0.012,0.010,20.542,282717.406,7.293,68.000
0.049,0.001,0.019,22.836,207359.188,3.184,68.000
0.050,0.019,0.011,21.675,244175.406,7.283,68.000
0.052,0.004,0.013,17.604,245560.406,6.018,68.000
0.056,0.001,0.006,22.653,149833.156,2.266,68.000
0.042,0.001,0.015,19.871,182677.781,2.710,68.000
0.049,0.001,0.012,29.601,44809.883,1.330,68.000
0.051,0.017,0.011,22.642,222673.688,7.276,68.000
0.042,0.000,0.012,24.473,-319.617,-0.954,68.000
0.057,0.000,0.017,23.869,77761.617,1.421,68.000
0.052,0.001,0.005,22.984,141130.875,2.313,68.000
0.051,0.011,0.014,19.316,235324.625,6.848,68.000
0.048,0.009,0.012,22.089,218501.312,6.898,68.000
0.048,0.016,0.013,21.717,235201.312,8.932,68.000
0.049,0.006,0.014,17.648,210643.562,6.491,68.000
0.048,0.013,0.010,22.608,245878.656,7.853,68.000
0.053,0.001,0.010,21.371,247003.219,5.043,68.000
0.049,0.007,0.013,19.945,226368.312,7.443,68.000
0.052,0.008,0.010,18.868,277398.094,7.314,68.000
0.048,0.016,0.011,21.957,221878.156,8.271,68.000
0.047,0.000,0.015,29.572,-1233.461,-1.676,68.000
0.058,0.001,0.014,23.248,85222.555,0.765,68.000
0.049,0.007,0.013,19.920,226493.531,7.394,68.000
0.060,0.001,0.014,18.400,157678.469,1.381,68.000
0.053,0.001,0.014,30.122,27084.977,0.333,68.000
0.047,0.001,0.008,19.791,215229.125,2.899,68.000
0.050,0.011,0.015,18.410,237330.594,6.405,68.000
0.052,0.010,0.012,20.941,236453.125,8.395,68.000
0.051,0.006,0.013,18.201,238532.875,6.916,68.000
0.050,0.007,0.011,19.283,266961.031,7.496,68.000
0.051,0.027,0.010,29.499,215399.938,6.113,68.000
0.048,0.016,0.012,22.233,219359.125,8.422,68.000
0.098,0.011,0.012,18.200,212835.156,7.445,68.000
0.050,0.004,0.014,17.452,222184.812,5.271,68.000
0.049,0.015,0.012,22.062,227328.344,8.523,68.000
0.050,0.023,0.011,21.049,256542.844,5.654,68.000
0.051,0.023,0.012,22.024,247075.719,8.272,68.000
0.051,0.012,0.014,18.687,237825.031,7.191,68.000
0.052,0.005,0.011,18.774,276934.906,6.666,68.000
0.057,0.001,0.008,21.552,204431.375,2.869,68.000
0.042,0.001,0.005,23.502,126921.914,0.724,68.000
0.058,0.001,0.009,21.185,196817.656,1.305,68.000
0.060,0.001,0.013,18.268,238180.156,1.731,68.000
0.057,0.000,0.013,22.852,-6680.438,1.874,68.000
0.051,0.025,0.010,19.627,275022.250,4.981,68.000
0.049,0.006,0.011,19.517,267829.156,6.849,68.000
0.049,0.001,0.012,22.244,244672.406,5.400,68.000
0.051,0.011,0.011,21.227,254726.875,8.294,68.000
0.048,0.014,0.011,22.347,228892.562,8.709,68.000
0.041,0.001,0.008,20.178,164818.438,1.740,68.000
0.052,0.001,0.005,22.052,163280.000,2.528,68.000
0.049,0.017,0.010,21.950,219832.719,7.369,68.000
0.056,0.000,0.014,26.807,5394.195,-0.681,68.000
0.043,0.001,0.005,22.437,188995.969,1.657,68.000
0.050,0.024,0.012,21.430,269212.219,7.895,68.000
0.099,0.013,0.012,21.294,191041.250,7.354,68.000
0.046,0.000,0.021,22.458,87321.180,1.770,68.000
0.050,0.013,0.014,18.784,240072.531,7.325,68.000
0.050,0.001,0.022,22.261,102896.961,0.604,68.000
0.047,0.002,0.011,20.170,250627.062,6.298,68.000
0.052,0.009,0.012,20.853,241393.312,8.427,68.000
0.052,0.020,0.012,22.575,223294.875,7.192,68.000
0.050,0.003,0.010,19.055,275851.219,5.611,68.000
0.050,0.021,0.012,21.553,251391.125,7.765,68.000
0.059,0.001,0.016,19.138,114237.117,0.789,68.000
0.051,0.007,0.013,19.030,237365.188,7.426,68.000
0.050,0.003,0.009,18.728,280875.469,5.475,68.000
0.049,0.001,0.003,22.774,134338.312,1.760,68.000
0.049,0.001,0.018,23.640,199136.812,2.901,68.000
0.051,0.001,0.002,24.112,-30683.773,-0.268,68.000
0.047,0.001,0.006,24.374,82508.992,0.556,68.000
0.051,0.017,0.012,22.269,236869.312,8.056,68.000
0.052,0.008,0.012,20.486,245158.312,8.358,68.000
0.051,0.019,0.011,22.488,229494.094,6.442,68.000
0.052,0.000,0.022,21.107,2615.000,2.198,68.000
0.052,0.001,0.001,23.446,19552.719,0.740,68.000
0.048,0.011,0.011,22.214,247461.375,8.256,68.000
0.052,0.027,0.012,25.440,179282.281,6.606,68.000
0.044,0.001,0.014,27.248,35035.039,-0.309,68.000
0.051,0.006,0.014,18.104,225520.531,6.521,68.000
0.053,0.001,0.019,23.746,155629.188,1.784,68.000
0.051,0.000,0.008,24.640,31475.055,-0.706,68.000
0.051,0.002,0.015,22.604,275030.594,4.341,68.000
0.052,0.000,0.005,22.326,-26354.344,0.354,68.000
0.050,0.000,0.020,23.896,21070.156,-1.422,68.000
0.048,0.001,0.005,23.862,105841.258,1.194,68.000
0.054,0.001,0.003,21.900,111036.242,2.769,68.000
0.054,0.001,0.008,22.705,201244.031,2.443,68.000
0.047,0.001,0.015,29.116,96487.586,1.200,68.000
0.047,0.000,0.005,22.565,128257.477,0.975,68.000
0.050,0.001,0.019,22.816,185828.781,2.767,68.000
0.048,0.019,0.013,20.017,264973.281,9.683,68.000
0.050,0.021,0.012,21.763,243965.094,7.088,68.000
0.052,0.004,0.013,18.084,254599.844,6.238,68.000
0.052,0.006,0.011,18.932,270725.312,7.511,68.000
0.055,0.000,0.009,27.641,38893.555,3.583,68.000
0.052,0.012,0.014,19.783,233230.719,7.883,68.000
0.049,0.025,0.012,21.728,281145.125,7.086,68.000
0.051,0.001,0.007,25.962,47017.367,0.092,68.000
0.043,0.001,0.015,21.429,139590.875,1.063,68.000
0.051,0.025,0.011,20.724,250990.156,5.172,68.000
0.054,0.001,0.020,23.856,59268.758,-0.119,68.000
0.044,0.000,0.014,27.249,-1161.867,-2.076,68.000
0.052,0.020,0.012,22.299,225979.250,7.978,68.000
0.049,0.010,0.014,19.828,240445.594,6.582,68.000
0.050,0.003,0.015,19.349,235995.281,5.122,68.000
0.047,0.001,0.020,22.310,99706.367,0.900,68.000
0.055,0.002,0.016,21.789,250789.781,3.255,68.000
0.051,0.005,0.013,19.063,244603.750,6.705,68.000
0.045,0.001,0.010,19.360,224699.906,5.033,68.000
0.098,0.014,0.013,22.600,175071.906,6.989,68.000
0.051,0.001,0.013,26.341,200765.281,3.962,68.000
0.054,0.000,0.014,28.038,-17921.500,1.610,68.000
0.039,0.001,0.011,20.220,155222.906,1.515,68.000
0.049,0.005,0.011,19.324,269443.438,6.283,68.000
0.050,0.006,0.013,18.588,232474.500,7.243,68.000
0.052,0.000,0.011,31.341,24710.391,2.989,68.000
0.058,0.001,0.009,23.080,76372.367,1.414,68.000
0.050,0.000,0.003,25.530,-111067.961,-1.281,68.000
0.049,0.017,0.012,22.835,221850.500,8.465,68.000
0.052,0.003,0.013,18.483,260341.281,5.761,68.000
0.098,0.014,0.012,21.138,189883.219,7.996,68.000
0.051,0.003,0.010,18.980,279917.969,6.056,68.000
0.052,0.006,0.013,18.254,246496.281,6.877,68.000
0.052,0.006,0.013,18.181,247462.375,6.855,68.000
0.049,0.001,0.015,22.640,264806.062,4.528,68.000
0.051,0.001,0.019,24.152,112521.977,1.089,68.000
0.051,0.022,0.011,21.588,241715.000,5.345,68.000
0.048,0.008,0.013,20.877,215769.250,6.698,68.000
0.053,0.002,0.007,21.088,180702.031,2.427,68.000
0.050,0.003,0.014,17.224,234900.750,6.166,68.000
0.050,0.002,0.010,19.510,270830.406,5.924,68.000
0.048,0.004,0.010,19.623,256202.688,5.826,68.000
0.049,0.006,0.013,19.361,217334.750,6.746,68.000
0.044,0.002,0.016,20.196,256020.562,4.425,68.000
0.044,0.001,0.019,23.607,106233.852,1.043,68.000
0.052,0.019,0.011,22.814,223446.094,6.657,68.000
0.048,0.018,0.012,21.366,236279.719,8.245,68.000
0.050,0.002,0.017,22.174,283252.844,4.352,68.000
0.044,0.000,0.019,24.017,-28518.336,-1.167,68.000
0.043,0.002,0.013,20.761,207265.594,4.351,68.000
0.050,0.000,0.009,28.826,-4547.227,2.188,68.000
0.051,0.003,0.010,19.110,277865.219,5.991,68.000
0.049,0.012,0.013,21.108,236677.781,7.657,68.000
0.042,0.001,0.018,21.519,93214.789,0.540,68.000
0.051,0.008,0.009,19.480,282229.906,6.915,68.000
0.049,0.000,0.019,26.705,52715.898,0.291,68.000
0.050,0.012,0.012,21.661,239016.531,8.447,68.000
0.050,0.013,0.014,19.213,235978.812,7.539,68.000
0.050,0.014,0.013,21.367,244531.375,8.479,68.000
0.052,0.006,0.011,18.608,278571.062,7.263,68.000
0.049,0.007,0.010,19.585,266880.031,6.618,68.000
0.051,0.001,0.019,22.298,221902.281,3.197,68.000
0.051,0.008,0.014,19.450,213251.594,5.907,68.000
0.058,0.001,0.007,24.876,-35519.031,2.947,68.000
0.045,0.000,0.014,30.952,-65254.586,-2.457,68.000
0.051,0.019,0.013,19.397,249940.969,8.783,68.000
0.051,0.027,0.013,23.788,228302.844,8.731,68.000
0.049,0.001,0.014,26.825,171090.906,3.472,68.000
0.051,0.005,0.014,17.573,230140.156,5.793,68.000
0.048,0.017,0.012,22.431,222187.562,8.474,68.000
0.050,0.000,0.020,24.302,33234.195,-1.602,68.000
0.050,0.022,0.012,21.041,250870.281,8.264,68.000
0.048,0.001,0.019,22.435,222719.719,3.560,68.000
0.051,0.008,0.010,19.732,270246.031,8.045,68.000
0.048,0.005,0.012,20.768,235566.875,6.526,68.000
0.049,0.027,0.013,25.718,230641.938,7.917,68.000
0.040,0.001,0.011,21.283,133575.625,1.306,68.000
0.045,0.001,0.002,21.463,153345.250,0.864,68.000
0.048,0.018,0.010,21.292,230225.688,7.333,68.000
0.054,0.002,0.013,22.852,269997.156,4.578,68.000
0.049,0.019,0.013,19.546,270992.625,9.178,68.000
0.051,0.011,0.014,18.620,235991.656,6.431,68.000
0.058,0.001,0.008,24.254,27113.398,2.079,68.000
0.049,0.008,0.014,19.149,229622.656,6.831,68.000
0.045,0.001,0.017,21.220,263914.969,4.449,68.000
0.045,0.000,0.013,30.338,-54684.840,-0.174,68.000
0.050,0.009,0.012,21.844,234675.250,8.332,68.000
0.049,0.019,0.011,21.617,240999.938,7.433,68.000
0.050,0.003,0.013,18.221,241738.625,6.712,68.000
0.043,0.001,0.012,20.034,215307.125,4.403,68.000
0.048,0.024,0.012,20.202,293336.281,7.394,68.000
0.040,0.001,0.013,19.530,180517.031,2.104,68.000
0.052,0.019,0.012,22.857,210573.625,7.368,68.000
0.050,0.002,0.015,20.023,237412.938,5.002,68.000
0.045,0.000,0.009,20.550,17030.594,-0.433,68.000
0.049,0.003,0.010,19.068,271859.250,5.675,68.000
0.042,0.001,0.008,20.240,173242.594,1.661,68.000
0.051,0.006,0.012,19.547,258187.625,7.439,68.000
0.046,0.001,0.014,21.630,222133.938,5.241,68.000
0.054,0.001,0.011,21.726,257647.688,4.225,68.000
0.052,0.001,0.004,25.241,7618.359,0.227,68.000
0.051,0.005,0.009,18.053,293125.656,5.768,68.000
0.057,0.001,0.019,20.187,187872.438,1.696,68.000
0.049,0.009,0.014,19.257,236663.844,6.196,68.000
0.049,0.021,0.011,20.713,259983.312,6.915,68.000
0.048,0.002,0.011,20.234,250372.938,6.097,68.000
0.059,0.001,0.013,22.172,153602.188,0.518,68.000
0.056,0.000,0.020,19.723,-29942.453,3.141,68.000
0.050,0.000,0.019,24.622,62181.242,-2.654,68.000
0.051,0.009,0.013,20.416,225148.250,7.114,68.000
0.050,0.001,0.014,32.275,-2947.836,0.362,68.000
0.044,0.000,0.012,29.002,6462.492,0.805,68.000
0.048,0.024,0.011,18.967,282757.219,6.513,68.000
0.051,0.019,0.012,22.638,221125.969,7.474,68.000
0.049,0.021,0.012,20.470,265778.312,8.903,68.000
0.047,0.001,0.020,21.066,205878.844,3.139,68.000
0.049,0.018,0.013,21.456,253038.344,9.141,68.000
0.047,0.001,0.019,23.243,184398.875,2.660,68.000
0.048,0.001,0.022,19.839,171554.844,2.389,68.000
0.056,0.001,0.019,25.606,-26622.984,0.871,68.000
0.045,0.001,0.011,20.890,219910.969,5.282,68.000
0.050,0.017,0.011,22.198,220293.781,7.940,68.000
0.051,0.011,0.012,21.597,235769.094,8.307,68.000
0.050,0.003,0.015,18.110,233842.844,5.206,68.000
0.046,0.001,0.016,22.899,244246.125,3.972,68.000
0.048,0.017,0.011,22.116,220821.906,8.225,68.000
0.050,0.005,0.013,19.091,230649.188,6.457,68.000
0.048,0.010,0.013,21.309,226179.438,6.048,68.000
0.045,0.000,0.009,24.915,-22400.219,2.360,68.000
0.049,0.017,0.010,21.810,222995.781,7.299,68.000
0.044,0.002,0.013,21.063,212451.938,5.090,68.000
0.054,0.001,0.020,23.025,65078.023,0.799,68.000
0.100,0.011,0.013,18.083,26859.242,9.140,68.000
0.046,0.000,0.006,22.093,-26243.898,-1.088,68.000
0.053,0.001,0.019,22.387,215233.656,2.863,68.000
0.052,0.008,0.014,19.450,214020.438,6.089,68.000
0.002,0.013,0.013,20.738,148373.312,7.958,68.000
0.046,0.001,0.005,21.606,201188.375,2.487,68.000
0.048,0.001,0.015,22.065,240168.656,4.952,68.000
0.057,0.000,0.007,19.490,-47516.777,2.192,68.000
0.049,0.004,0.013,18.884,221531.938,6.573,68.000
0.050,0.009,0.014,19.418,232940.844,6.405,68.000
0.052,0.013,0.012,20.823,228182.500,8.606,68.000
0.051,0.027,0.010,20.034,259714.062,5.697,68.000
0.052,0.001,0.016,27.320,96625.742,1.412,68.000
0.050,0.014,0.012,21.722,227832.438,8.924,68.000
0.046,0.000,0.010,33.192,-5584.734,0.828,68.000
0.049,0.003,0.014,18.090,226709.625,6.195,68.000
0.059,0.001,0.006,21.236,154192.469,3.375,68.000
0.045,0.001,0.006,24.193,82944.742,0.366,68.000
0.050,0.022,0.014,19.976,272479.375,9.291,68.000
0.042,0.000,0.018,22.485,70603.945,0.587,68.000
0.050,0.005,0.014,17.895,210553.125,5.060,68.000
0.050,0.019,0.013,20.732,247228.406,9.134,68.000
0.099,0.011,0.013,21.123,194797.531,5.612,68.000
0.048,0.010,0.012,21.605,227872.375,6.942,68.000
0.055,0.001,0.017,25.303,55296.570,0.597,68.000
0.055,0.000,0.012,27.618,-22968.648,2.170,68.000
0.041,0.001,0.012,27.040,-5756.375,-1.038,68.000
0.051,0.020,0.012,21.929,239722.875,8.086,68.000
0.050,0.000,0.005,24.384,-43813.559,0.662,68.000
0.052,0.009,0.013,20.149,224040.031,7.137,68.000
0.051,0.022,0.014,20.520,260817.250,9.153,68.000
0.052,0.025,0.011,22.130,246487.875,6.605,68.000
0.049,0.025,0.012,20.849,281022.594,6.286,68.000
0.050,0.015,0.011,22.224,220570.344,8.540,68.000
0.051,0.010,0.010,20.143,277459.969,7.505,68.000
0.053,0.002,0.009,21.377,238989.125,4.600,68.000
0.051,0.001,0.005,23.184,156429.062,2.495,68.000
0.056,0.001,0.019,24.994,-25009.938,1.695,68.000
0.050,0.023,0.010,19.272,279024.969,4.958,68.000
0.059,0.000,0.012,23.028,70795.102,0.979,68.000
0.044,0.001,0.014,22.125,199853.469,3.721,68.000
0.049,0.009,0.013,21.399,228459.375,7.359,68.000
0.052,0.027,0.013,25.816,137540.500,11.815,68.000
0.050,0.017,0.014,17.963,270114.625,7.851,68.000
0.050,0.026,0.012,22.293,270827.312,7.383,68.000
0.050,0.010,0.013,20.339,235796.031,6.797,68.000
0.051,0.018,0.013,19.843,261643.250,8.232,68.000
0.052,0.000,0.012,29.598,8570.367,-0.691,68.000
0.057,0.000,0.018,22.031,87766.070,0.622,68.000
0.049,0.000,0.019,23.710,47484.555,-0.566,68.000
0.052,0.002,0.012,19.839,269322.062,6.037,68.000
0.056,0.000,0.015,26.975,47461.102,0.264,68.000
0.044,0.000,0.020,22.283,-33502.656,-0.783,68.000
0.051,0.003,0.013,19.421,247697.500,6.189,68.000
0.048,0.000,0.020,24.203,35041.383,0.355,68.000
0.051,0.022,0.011,21.734,239866.625,5.476,68.000
0.051,0.015,0.013,21.812,242240.000,8.345,68.000
0.057,0.001,0.019,20.888,153091.188,1.041,68.000
0.049,0.016,0.013,21.379,237669.312,8.864,68.000
0.051,0.001,0.019,22.766,181816.438,2.635,68.000
0.048,0.012,0.012,21.277,242752.031,7.765,68.000
0.051,0.013,0.014,20.139,241157.656,7.948,68.000
0.059,0.000,0.014,20.238,-50899.277,1.994,68.000
0.051,0.000,0.012,28.563,108501.023,2.085,68.000
0.049,0.026,0.011,19.864,280215.062,5.884,68.000
0.052,0.003,0.013,19.333,260893.250,5.363,68.000
0.002,0.011,0.011,18.668,217969.031,5.493,68.000
0.051,0.021,0.010,21.481,258168.969,5.551,68.000
0.056,0.001,0.007,22.628,183954.844,2.435,68.000
0.049,0.001,0.011,22.061,235215.000,5.211,68.000
0.049,0.024,0.014,20.183,293900.500,9.406,68.000
0.048,0.013,0.012,21.464,241897.375,8.400,68.000
0.052,0.015,0.013,20.778,261424.469,8.058,68.000
0.052,0.002,0.006,20.725,179794.906,2.754,68.000
0.055,0.001,0.008,24.078,154278.438,1.871,68.000
0.042,0.000,0.005,21.993,25429.781,1.820,68.000
0.043,0.001,0.013,21.044,210021.562,4.117,68.000
0.057,0.001,0.008,22.616,92616.648,1.461,68.000
0.042,0.001,0.014,22.811,75162.820,-0.227,68.000
0.050,0.010,0.012,21.777,239932.812,8.269,68.000
0.050,0.021,0.014,19.382,266866.469,9.126,68.000
0.050,0.026,0.014,22.306,266581.875,9.302,68.000
0.055,0.001,0.015,22.969,180898.906,2.015,68.000
0.050,0.019,0.011,21.877,242598.906,7.378,68.000
0.099,0.011,0.011,17.494,217606.312,7.865,68.000
0.056,0.002,0.015,21.020,221513.156,2.992,68.000
0.052,0.010,0.013,20.780,222323.656,7.870,68.000
0.052,0.005,0.010,18.232,291595.188,6.542,68.000
0.050,0.023,0.010,19.939,264646.625,5.373,68.000
0.052,0.014,0.012,21.131,229637.781,8.535,68.000
0.053,0.001,0.003,22.515,106443.867,2.472,68.000
0.049,0.012,0.010,22.227,261093.438,7.652,68.000
0.051,0.019,0.011,22.412,233186.250,7.033,68.000
0.043,0.001,0.015,21.832,166185.219,1.607,68.000
0.043,0.001,0.014,19.640,213398.531,4.049,68.000
0.049,0.001,0.019,24.195,149797.875,1.716,68.000
0.051,0.001,0.019,24.291,104122.055,0.813,68.000
0.048,0.001,0.006,21.336,198948.406,3.115,68.000
0.055,0.001,0.010,21.985,237645.562,3.343,68.000
0.058,0.000,0.018,20.593,72788.461,0.823,68.000
0.049,0.006,0.014,17.880,211550.531,6.311,68.000
0.049,0.012,0.012,21.950,240471.656,8.466,68.000
0.051,0.000,0.021,23.339,2665.688,-0.515,68.000
0.053,0.000,0.010,29.169,14203.516,2.746,68.000
0.053,0.001,0.020,22.808,108559.461,0.807,68.000
0.048,0.000,0.017,28.739,-10504.711,-0.840,68.000
0.051,0.025,0.010,19.789,269647.531,4.897,68.000
0.049,0.013,0.011,21.666,237638.938,8.857,68.000
0.053,0.001,0.019,24.384,95832.242,0.968,68.000
0.050,0.001,0.004,22.329,167725.000,2.554,68.000
0.048,0.018,0.012,21.105,238723.438,8.845,68.000
0.059,0.001,0.016,20.801,89011.836,0.954,68.000
0.053,0.001,0.016,26.684,96776.977,0.977,68.000
0.050,0.020,0.010,21.148,259270.844,6.747,68.000
0.049,0.012,0.013,20.287,234756.406,6.756,68.000
0.048,0.002,0.012,21.769,215617.312,6.021,68.000
0.098,0.012,0.013,21.517,183941.156,6.173,68.000
0.057,0.000,0.014,20.273,1821.703,-1.242,68.000
0.050,0.020,0.014,18.471,268357.594,9.177,68.000
0.051,0.024,0.013,22.100,255932.312,8.526,68.000
0.051,0.007,0.011,19.519,262489.031,8.012,68.000
0.043,0.000,0.013,27.055,-16629.953,-1.948,68.000
0.049,0.027,0.012,29.306,215364.219,7.232,68.000
0.049,0.001,0.009,21.810,209494.000,4.352,68.000
0.055,0.001,0.019,24.200,63167.102,1.708,68.000
0.098,0.014,0.011,20.227,196015.094,8.376,68.000
0.047,0.001,0.015,25.717,207790.000,3.288,68.000
0.060,0.000,0.012,20.970,22144.695,2.324,68.000
0.050,0.000,0.019,25.974,47093.586,0.048,68.000
0.048,0.007,0.012,20.741,223406.688,7.140,68.000
0.049,0.025,0.012,21.270,284317.531,6.753,68.000
0.044,0.001,0.014,21.888,209338.438,4.179,68.000
0.050,0.004,0.009,18.531,286696.938,5.410,68.000
0.055,0.001,0.007,22.805,175700.188,2.289,68.000
0.049,0.008,0.014,19.380,230615.719,6.614,68.000
0.050,0.017,0.010,21.305,223143.719,7.376,68.000
0.050,0.007,0.010,19.342,273544.906,6.655,68.000
0.051,0.018,0.012,21.571,235078.594,8.722,68.000
0.052,0.011,0.011,20.589,257166.562,8.127,68.000
0.057,0.002,0.010,21.399,224203.500,2.314,68.000
0.044,0.001,0.005,23.150,143895.375,0.838,68.000
0.042,0.001,0.019,19.805,202574.906,3.656,68.000
0.048,0.015,0.012,21.521,229633.531,9.178,68.000
0.041,0.001,0.007,21.795,147744.875,1.150,68.000
0.049,0.017,0.010,21.810,221288.375,7.468,68.000
0.052,0.012,0.014,19.320,233071.031,7.632,68.000
0.045,0.000,0.013,29.926,-66994.016,-3.124,68.000
0.051,0.013,0.011,21.212,245549.688,8.679,68.000
0.051,0.017,0.010,21.986,229840.562,6.602,68.000
0.048,0.001,0.007,22.608,163906.750,2.000,68.000
0.057,0.001,0.019,21.323,152491.500,1.154,68.000
0.046,0.000,0.014,30.490,26182.477,-0.425,68.000
0.051,0.003,0.013,19.052,244955.344,6.069,68.000
0.051,0.022,0.012,21.590,237713.969,8.302,68.000
0.051,0.018,0.013,20.908,242672.719,8.224,68.000
0.050,0.018,0.011,22.120,230791.750,7.200,68.000
0.053,0.001,0.013,28.823,119927.664,1.932,68.000
0.045,0.001,0.007,22.519,169417.281,1.627,68.000
0.052,0.002,0.013,22.296,255005.781,4.726,68.000
0.050,0.003,0.013,18.491,240324.719,6.305,68.000
0.059,0.001,0.010,19.786,211294.625,0.937,68.000
0.048,0.027,0.011,20.885,268415.000,5.897,68.000
0.051,0.012,0.013,21.040,228331.812,8.296,68.000
0.051,0.010,0.014,19.036,225239.719,6.572,68.000
0.049,0.002,0.013,19.392,232800.125,6.323,68.000
0.045,0.000,0.006,22.440,21479.953,1.300,68.000
0.059,0.000,0.015,19.065,-35858.773,1.549,68.000
0.057,0.001,0.014,23.627,100687.055,1.522,68.000
0.045,0.000,0.019,22.791,-15963.555,0.928,68.000
0.044,0.000,0.007,23.815,58019.211,-0.389,68.000
0.000,0.013,0.012,24.657,-40674.324,12.434,68.000
0.048,0.009,0.011,22.202,237331.125,7.992,68.000
0.052,0.026,0.011,22.365,245834.938,6.797,68.000
0.049,0.019,0.012,21.374,248981.062,9.509,68.000
0.051,0.024,0.011,21.542,251369.281,6.124,68.000
0.052,0.003,0.012,19.164,274642.188,6.316,68.000
0.002,0.012,0.011,17.855,244193.312,5.455,68.000
0.058,0.000,0.010,24.060,98590.289,0.329,68.000
0.049,0.018,0.012,22.681,227849.688,8.972,68.000
0.051,0.018,0.012,21.438,236142.438,8.476,68.000
0.042,0.001,0.011,20.850,157569.469,3.057,68.000
0.050,0.022,0.010,20.221,268109.844,5.165,68.000
0.055,0.002,0.017,21.110,239359.469,3.297,68.000
0.050,0.009,0.011,20.964,258813.062,8.228,68.000
0.050,0.020,0.012,21.750,243990.500,7.664,68.000
0.050,0.007,0.011,20.375,266562.188,8.189,68.000
0.052,0.005,0.014,17.814,231132.250,5.857,68.000
0.050,0.001,0.002,23.066,118888.820,1.518,68.000
0.043,0.001,0.014,21.463,176725.406,2.689,68.000
0.053,0.000,0.020,24.024,8229.727,-0.356,68.000
0.048,0.026,0.011,20.307,285867.781,5.980,68.000
0.058,0.001,0.007,20.655,177712.594,2.022,68.000
0.049,0.002,0.015,20.867,238447.656,5.245,68.000
0.049,0.010,0.013,20.674,231580.719,6.158,68.000
0.060,0.001,0.008,20.226,173095.062,2.035,68.000
0.052,0.001,0.017,22.340,266944.688,3.919,68.000
0.049,0.009,0.011,21.513,257109.531,8.257,68.000
0.052,0.014,0.011,21.650,224694.094,8.052,68.000
0.048,0.009,0.013,21.158,227546.500,6.658,68.000
0.051,0.016,0.011,22.546,226397.844,7.190,68.000
0.056,0.001,0.017,25.947,43194.523,1.252,68.000
0.047,0.001,0.007,20.307,209879.219,2.628,68.000
0.047,0.002,0.008,19.572,223297.375,3.121,68.000
0.050,0.016,0.014,19.393,264897.688,7.779,68.000
0.053,0.001,0.018,22.650,230654.750,3.358,68.000
0.056,0.001,0.007,23.975,111825.148,2.010,68.000
0.043,0.001,0.014,23.103,126494.758,1.206,68.000
0.042,0.001,0.013,20.705,200821.469,3.302,68.000
0.052,0.001,0.005,22.651,152897.156,2.308,68.000
0.050,0.003,0.013,17.858,240923.812,6.384,68.000
0.098,0.011,0.012,19.162,204821.250,7.146,68.000
0.049,0.019,0.014,18.685,280134.625,9.588,68.000
0.052,0.014,0.011,21.478,222304.812,7.900,68.000
0.050,0.015,0.013,21.526,241202.312,8.601,68.000
0.048,0.001,0.020,22.028,209169.188,3.071,68.000
0.051,0.009,0.014,19.405,217387.469,6.177,68.000
0.054,0.000,0.009,30.242,-4392.828,2.335,68.000
0.057,0.001,0.008,21.279,204374.188,2.670,68.000
0.056,0.001,0.021,22.516,103259.914,0.170,68.000
0.046,0.001,0.009,23.654,108665.383,1.455,68.000
0.049,0.018,0.012,22.537,229078.094,9.099,68.000
0.000,0.011,0.012,29.121,-6052.352,8.765,68.000
0.060,0.000,0.009,20.944,43888.039,2.553,68.000
0.050,0.011,0.013,21.391,230821.656,7.978,68.000
0.050,0.012,0.014,19.438,235441.969,7.213,68.000
0.058,0.001,0.009,21.182,193554.375,0.955,68.000
0.050,0.013,0.011,21.854,231196.875,8.810,68.000
0.051,0.007,0.011,20.150,260749.438,8.353,68.000
0.099,0.011,0.011,18.334,210744.625,6.938,68.000
0.048,0.022,0.013,20.006,283804.250,9.061,68.000
0.042,0.001,0.018,20.265,117858.648,1.886,68.000
0.045,0.000,0.006,21.483,19635.992,0.611,68.000
0.049,0.001,0.001,23.662,3861.508,-0.341,68.000
0.099,0.012,0.012,20.002,202255.844,7.876,68.000
0.048,0.000,0.005,23.955,56293.586,1.140,68.000
0.052,0.003,0.012,19.574,262884.812,5.342,68.000
0.051,0.003,0.011,19.178,280651.750,6.172,68.000
0.051,0.013,0.014,19.777,234940.062,7.878,68.000
0.049,0.021,0.012,20.765,261203.719,8.309,68.000
0.048,0.001,0.010,21.696,214000.500,5.061,68.000
0.040,0.001,0.013,19.254,185907.219,2.907,68.000
0.050,0.008,0.014,19.528,224661.094,6.783,68.000
0.052,0.024,0.013,22.423,238282.281,9.103,68.000
0.049,0.006,0.012,20.634,232602.094,7.291,68.000
0.046,0.001,0.012,23.714,187112.656,4.274,68.000
0.051,0.010,0.010,20.475,290482.719,7.148,68.000
0.048,0.005,0.014,17.093,211419.344,6.298,68.000
0.060,0.001,0.009,20.695,134147.656,0.468,68.000
0.051,0.001,0.015,28.359,113301.242,2.158,68.000
0.043,0.002,0.011,18.471,212609.312,5.089,68.000
0.048,0.007,0.013,19.825,210903.062,6.743,68.000
0.043,0.001,0.017,20.221,240595.812,3.853,68.000
0.051,0.018,0.013,19.912,261827.281,8.267,68.000
0.045,0.000,0.008,24.449,-77810.000,-1.409,68.000
0.050,0.010,0.014,19.288,238620.656,6.493,68.000
0.056,0.001,0.005,23.606,90400.555,2.725,68.000
0.049,0.008,0.012,21.660,242682.375,8.024,68.000
0.052,0.005,0.012,18.899,271807.438,6.436,68.000
0.055,0.001,0.022,20.799,132563.406,0.982,68.000
0.046,0.001,0.005,22.620,173402.875,1.732,68.000
0.048,0.001,0.020,21.688,200891.062,2.921,68.000
0.049,0.017,0.013,22.191,242763.094,8.952,68.000
0.049,0.002,0.015,20.213,233333.844,5.301,68.000
0.052,0.007,0.014,18.779,214462.688,5.898,68.000
0.048,0.008,0.013,21.238,216176.719,7.189,68.000
0.058,0.000,0.014,23.789,10836.508,0.474,68.000
0.042,0.000,0.009,25.680,-60604.480,1.904,68.000
0.049,0.005,0.014,17.641,208343.844,5.240,68.000
0.050,0.026,0.010,19.662,270962.125,5.481,68.000
0.051,0.000,0.017,25.243,-25135.500,0.458,68.000
0.049,0.008,0.012,21.664,238401.125,7.998,68.000
0.050,0.025,0.013,22.373,267005.062,8.975,68.000
0.050,0.020,0.013,20.422,258621.062,9.243,68.000
0.057,0.001,0.014,21.845,160619.375,2.113,68.000
0.048,0.007,0.013,19.468,217346.594,6.695,68.000
0.053,0.001,0.013,22.795,254580.875,4.612,68.000
0.048,0.021,0.013,19.547,273518.844,9.736,68.000
0.052,0.027,0.011,29.784,210218.406,8.099,68.000
0.049,0.016,0.010,21.757,211753.219,8.042,68.000
0.052,0.019,0.012,22.916,209397.281,7.366,68.000
0.047,0.001,0.005,21.448,187056.969,2.533,68.000
0.051,0.005,0.011,18.518,281868.188,6.823,68.000
0.048,0.013,0.010,22.778,228714.844,8.190,68.000
0.051,0.010,0.012,21.654,227645.656,8.087,68.000
0.051,0.026,0.012,22.783,259004.250,7.420,68.000
0.051,0.012,0.013,20.328,232340.031,7.908,68.000
0.058,0.000,0.008,20.711,-28385.320,3.086,68.000
0.049,0.011,0.014,19.701,236822.000,5.943,68.000
0.049,0.007,0.011,20.660,263109.875,7.894,68.000
0.048,0.005,0.012,20.373,217698.031,6.048,68.000
0.051,0.008,0.014,19.777,221424.906,6.688,68.000
0.050,0.004,0.010,19.051,282610.562,5.908,68.000
0.049,0.008,0.010,20.540,261348.000,7.508,68.000
0.061,0.001,0.011,19.175,217613.406,1.137,68.000
0.055,0.000,0.002,23.194,-110427.625,-0.421,68.000
0.051,0.014,0.011,21.765,229746.688,8.511,68.000
0.045,0.002,0.012,21.646,212249.594,5.415,68.000
0.045,0.001,0.009,20.063,197075.219,3.819,68.000
0.050,0.011,0.011,21.576,258638.219,7.926,68.000
0.051,0.015,0.013,22.318,233095.750,8.357,68.000
0.051,0.004,0.010,18.475,288218.344,6.211,68.000
0.048,0.005,0.013,19.936,210224.406,6.336,68.000
0.042,0.000,0.013,24.942,-3463.836,1.318,68.000
0.052,0.010,0.014,19.041,228406.375,6.639,68.000
0.041,0.000,0.009,22.402,-12919.602,2.479,68.000
0.051,0.001,0.018,24.492,119188.164,1.172,68.000
0.051,0.018,0.012,21.930,228844.562,8.170,68.000
0.051,0.003,0.012,19.587,246493.031,6.415,68.000
0.050,0.017,0.011,22.273,219649.969,7.232,68.000
0.049,0.010,0.014,19.930,240072.844,6.436,68.000
0.051,0.025,0.013,22.643,264025.844,8.698,68.000
0.051,0.007,0.010,18.735,280412.531,6.362,68.000
0.048,0.002,0.006,20.592,200905.438,3.001,68.000
0.050,0.001,0.017,26.766,119264.961,1.368,68.000
0.042,0.001,0.014,22.395,118976.398,0.714,68.000
0.040,0.001,0.014,18.396,185427.906,3.185,68.000
0.051,0.010,0.014,19.391,233762.188,6.849,68.000
0.043,0.001,0.017,21.172,162295.844,1.840,68.000
0.048,0.024,0.011,18.744,284547.219,6.191,68.000
0.047,0.001,0.018,25.485,140921.156,1.918,68.000
0.048,0.023,0.011,19.037,283221.625,6.669,68.000
0.057,0.000,0.015,23.351,2317.938,-1.757,68.000
0.051,0.025,0.013,23.030,251208.750,9.260,68.000
0.051,0.000,0.005,21.820,-23932.859,-0.142,68.000
0.050,0.014,0.012,21.699,230117.000,8.527,68.000
0.050,0.003,0.014,18.714,241425.219,5.746,68.000
0.048,0.011,0.011,22.249,244859.562,8.096,68.000
0.050,0.023,0.012,21.264,259798.875,8.236,68.000
0.044,0.001,0.007,20.338,200458.656,2.264,68.000
0.051,0.023,0.011,20.392,252549.750,4.777,68.000
0.052,0.021,0.012,22.562,224799.000,7.260,68.000
0.043,0.000,0.018,22.908,93671.977,0.226,68.000
0.051,0.026,0.013,23.275,261396.156,9.481,68.000
0.052,0.020,0.012,22.347,221773.844,7.939,68.000
0.050,0.022,0.012,21.376,256690.250,6.639,68.000
0.049,0.023,0.011,19.418,277403.250,5.971,68.000
0.050,0.016,0.010,21.474,217872.250,7.786,68.000
0.052,0.005,0.012,19.142,261157.219,6.529,68.000
0.052,0.001,0.008,23.473,187155.906,2.252,68.000
0.052,0.001,0.019,24.127,121707.320,1.406,68.000
0.049,0.025,0.014,20.562,294813.219,9.135,68.000
0.049,0.006,0.012,20.620,234514.719,7.592,68.000
0.049,0.020,0.011,20.341,261507.219,7.568,68.000
0.048,0.009,0.013,20.629,226323.531,6.330,68.000
0.048,0.021,0.011,19.871,272142.906,7.579,68.000
0.052,0.006,0.011,19.022,267138.781,7.677,68.000
0.049,0.008,0.015,18.667,225005.938,5.964,68.000
0.057,0.001,0.005,21.834,127739.164,3.794,68.000
0.049,0.024,0.010,18.845,284045.625,5.541,68.000
0.047,0.000,0.018,26.953,11962.516,-0.579,68.000
0.048,0.004,0.012,20.909,227939.312,5.883,68.000
0.050,0.024,0.010,19.110,282114.344,5.046,68.000
0.048,0.006,0.013,19.386,210515.281,6.660,68.000
0.046,0.002,0.011,19.042,248098.312,6.216,68.000
0.041,0.000,0.012,23.882,-5272.227,1.398,68.000
0.050,0.004,0.013,18.199,231733.938,6.671,68.000
0.052,0.010,0.011,20.255,260455.188,8.198,68.000
0.050,0.000,0.001,17.713,-6233.016,-1.125,68.000
0.053,0.000,0.012,25.729,-74645.836,-1.114,68.000
0.052,0.000,0.006,23.712,22503.516,2.069,68.000
0.051,0.001,0.019,24.409,84573.320,0.957,68.000
0.052,0.000,0.022,20.288,-4822.984,1.916,68.000
0.045,0.001,0.014,21.864,214975.375,4.932,68.000
0.048,0.001,0.001,20.990,134321.688,1.353,68.000
0.050,0.007,0.010,19.435,268379.688,7.560,68.000
0.048,0.018,0.011,21.471,226590.312,8.144,68.000
0.051,0.000,0.004,22.866,-43133.418,1.060,68.000
0.049,0.000,0.019,22.760,55603.508,-0.139,68.000
0.044,0.001,0.010,24.102,73003.930,1.500,68.000
0.048,0.016,0.013,21.403,241217.969,8.974,68.000
0.042,0.001,0.019,20.652,144309.281,2.261,68.000
0.043,0.001,0.016,19.372,220281.656,3.437,68.000
0.098,0.012,0.011,18.571,207714.625,8.246,68.000
0.052,0.008,0.013,19.678,234526.344,7.215,68.000
0.050,0.001,0.018,23.609,211370.062,2.932,68.000
0.048,0.009,0.011,21.659,244248.906,7.763,68.000
0.048,0.002,0.013,21.806,219236.062,6.175,68.000
0.044,0.001,0.011,23.697,117343.148,2.289,68.000
0.056,0.001,0.016,23.274,161189.875,1.679,68.000
0.049,0.001,0.022,20.716,151108.594,1.609,68.000
0.049,0.018,0.013,21.930,244368.094,9.225,68.000
0.057,0.000,0.010,24.112,31630.914,1.182,68.000
0.049,0.014,0.011,22.462,221665.188,8.769,68.000
0.045,0.001,0.016,21.478,236237.000,3.513,68.000
0.051,0.012,0.013,21.274,233240.969,8.670,68.000
0.049,0.012,0.013,20.817,242140.656,7.957,68.000
0.042,0.001,0.007,23.621,94631.352,0.657,68.000
0.051,0.001,0.004,25.032,36051.086,0.585,68.000
0.055,0.001,0.011,21.843,255940.125,4.001,68.000
0.049,0.010,0.010,22.064,283091.312,7.198,68.000
0.051,0.002,0.016,22.762,278356.938,4.433,68.000
0.050,0.018,0.011,22.097,232780.344,6.949,68.000
0.053,0.001,0.014,28.635,51611.758,0.927,68.000
0.051,0.010,0.014,19.164,235848.156,6.809,68.000
0.050,0.001,0.005,22.217,172075.094,2.821,68.000
0.044,0.001,0.011,19.260,234997.938,5.525,68.000
0.041,0.000,0.017,22.994,-2438.133,0.449,68.000
0.054,0.001,0.018,27.511,-15572.477,0.646,68.000
0.045,0.001,0.018,21.924,227905.438,3.808,68.000
0.050,0.002,0.006,20.624,184130.625,3.110,68.000
0.050,0.020,0.012,21.727,244503.188,8.435,68.000
0.100,0.012,0.013,24.682,-115619.492,10.353,68.000
0.057,0.001,0.014,21.369,174037.219,2.544,68.000
0.051,0.004,0.012,19.240,247333.438,6.495,68.000
0.055,0.000,0.005,23.633,-154059.969,0.735,68.000
0.049,0.001,0.019,23.995,141710.625,1.864,68.000
0.044,0.002,0.011,19.517,231566.062,5.590,68.000
0.050,0.010,0.013,20.028,235614.688,6.810,68.000
0.051,0.014,0.012,21.083,232657.469,8.619,68.000
0.050,0.001,0.016,28.706,76798.383,1.102,68.000
0.047,0.000,0.009,33.910,-56071.527,1.613,68.000
0.050,0.001,0.015,29.863,70119.508,1.735,68.000
0.051,0.014,0.013,20.580,245867.625,7.991,68.000
0.049,0.008,0.011,21.282,252053.844,7.902,68.000
0.051,0.001,0.003,22.785,127422.789,2.047,68.000
0.058,0.000,0.016,21.093,112039.008,1.298,68.000
0.052,0.018,0.011,23.189,221658.281,7.182,68.000
0.050,0.007,0.009,19.072,277234.625,6.518,68.000
0.050,0.000,0.006,26.561,-29549.703,-1.119,68.000
0.052,0.008,0.011,19.179,265671.219,7.794,68.000
0.050,0.007,0.013,19.391,227254.000,7.327,68.000
0.051,0.005,0.010,18.251,291647.906,6.434,68.000
0.051,0.019,0.011,22.611,235348.906,6.315,68.000
0.039,0.001,0.012,20.315,147796.062,1.018,68.000
0.048,0.001,0.014,25.560,179507.031,3.233,68.000
0.048,0.013,0.013,20.775,244391.188,7.800,68.000
0.053,0.002,0.012,21.251,266425.031,4.837,68.000
0.048,0.010,0.012,22.045,228965.188,7.309,68.000
0.057,0.000,0.004,23.656,99686.977,2.962,68.000
0.051,0.013,0.012,21.197,236623.094,9.054,68.000
0.052,0.010,0.011,20.461,253816.594,8.056,68.000
0.048,0.005,0.011,20.430,248601.031,6.354,68.000
0.041,0.001,0.018,19.621,201059.312,3.756,68.000
0.051,0.023,0.011,21.415,253090.031,5.795,68.000
0.050,0.004,0.015,17.664,223074.938,5.123,68.000
0.059,0.001,0.014,19.170,199457.812,2.038,68.000
0.050,0.023,0.013,21.211,254528.938,8.695,68.000
0.047,0.001,0.009,23.999,100637.414,1.722,68.000
0.044,0.001,0.012,21.316,216608.312,4.805,68.000
0.048,0.003,0.013,18.233,219720.719,6.457,68.000
0.051,0.024,0.012,21.961,257797.656,8.104,68.000
0.048,0.000,0.003,21.198,11543.648,0.350,68.000
0.048,0.000,0.004,25.191,-29988.781,-0.668,68.000
0.046,0.000,0.013,32.796,-76795.461,-2.745,68.000
0.049,0.021,0.012,21.162,253123.094,7.834,68.000
0.058,0.001,0.014,19.814,184188.094,2.791,68.000
0.057,0.001,0.013,21.606,245261.500,2.928,68.000
0.057,0.001,0.012,22.093,255974.000,3.406,68.000
0.056,0.001,0.004,23.205,98790.180,2.826,68.000
0.059,0.000,0.012,18.066,-17611.562,2.352,68.000
0.041,0.000,0.014,24.236,-35839.062,0.950,68.000
0.049,0.021,0.014,19.050,276745.031,9.654,68.000
0.058,0.001,0.006,22.081,135341.906,2.956,68.000
0.058,0.001,0.012,20.537,244421.812,2.565,68.000
0.048,0.016,0.012,22.592,222895.625,8.729,68.000
0.056,0.000,0.012,25.218,-9121.539,2.154,68.000
0.050,0.000,0.015,31.650,14297.125,-1.040,68.000
0.049,0.007,0.010,19.208,263835.062,7.026,68.000
0.046,0.000,0.006,23.541,57610.617,-0.878,68.000
0.052,0.010,0.011,20.840,253228.812,8.532,68.000
0.058,0.001,0.013,23.012,91561.242,0.349,68.000
0.051,0.004,0.011,19.237,280696.344,6.631,68.000
0.058,0.001,0.011,21.199,204640.688,1.606,68.000
0.052,0.002,0.012,20.373,266506.000,5.610,68.000
0.052,0.001,0.010,23.379,209801.094,4.007,68.000
0.052,0.001,0.019,24.903,46574.070,0.588,68.000
0.052,0.025,0.014,22.943,247000.969,9.482,68.000
0.058,0.001,0.020,19.275,177096.031,1.352,68.000
0.050,0.009,0.013,21.108,234483.656,7.806,68.000
0.047,0.001,0.011,19.815,249076.812,6.060,68.000
0.051,0.001,0.019,22.206,207075.875,3.046,68.000
0.049,0.001,0.020,22.284,155735.844,2.156,68.000
0.050,0.018,0.013,20.356,254033.500,8.727,68.000
0.051,0.019,0.013,19.180,254808.812,8.637,68.000
0.050,0.010,0.009,21.172,297828.969,7.041,68.000
0.051,0.002,0.016,22.755,275961.188,4.336,68.000
0.049,0.024,0.013,20.409,287639.312,8.549,68.000
0.048,0.021,0.011,20.138,269898.125,7.592,68.000
0.040,0.001,0.009,20.404,138085.969,1.294,68.000
0.051,0.001,0.018,23.137,202268.469,2.703,68.000
0.098,0.013,0.014,23.684,162319.188,4.863,68.000
0.061,0.001,0.012,18.510,238328.406,1.868,68.000
0.047,0.000,0.012,32.188,-3445.344,0.564,68.000
0.057,0.001,0.011,21.814,212093.969,1.680,68.000
0.048,0.001,0.006,21.256,199673.656,2.786,68.000
0.098,0.012,0.011,17.507,209038.781,8.604,68.000
0.044,0.002,0.008,18.917,204771.906,2.414,68.000
0.052,0.022,0.010,21.760,242545.906,4.732,68.000
0.053,0.001,0.002,24.915,-56196.445,-0.383,68.000
0.057,0.001,0.008,21.288,207461.406,2.702,68.000
0.053,0.001,0.015,25.720,139706.688,1.515,68.000
0.050,0.021,0.012,21.089,249440.656,8.252,68.000
0.056,0.001,0.007,21.795,196560.750,2.843,68.000
0.047,0.001,0.019,24.703,108688.195,0.841,68.000
0.049,0.006,0.013,20.068,219094.094,6.957,68.000
0.051,0.023,0.014,21.745,249123.031,9.458,68.000
0.050,0.026,0.010,18.968,284710.750,5.093,68.000
0.054,0.001,0.016,22.207,249660.812,3.171,68.000
0.045,0.001,0.020,21.991,125648.539,1.470,68.000
0.041,0.000,0.012,22.652,-55648.477,-2.009,68.000
0.056,0.001,0.015,21.620,212612.594,2.674,68.000
0.052,0.018,0.012,22.571,221170.938,7.632,68.000
0.050,0.009,0.012,21.413,240162.562,8.417,68.000
0.057,0.001,0.008,21.524,187318.375,1.886,68.000
0.051,0.015,0.011,22.139,220996.656,8.134,68.000
0.047,0.001,0.020,22.261,183153.531,2.542,68.000
0.052,0.001,0.004,22.298,128323.930,2.669,68.000
0.050,0.004,0.013,17.064,234847.656,6.441,68.000
0.051,0.004,0.013,18.761,246346.094,6.656,68.000
0.052,0.000,0.019,23.610,-951.820,-2.147,68.000
0.050,0.024,0.010,19.755,265912.875,4.968,68.000
0.051,0.016,0.011,22.406,221788.625,8.043,68.000
0.052,0.009,0.012,20.500,234973.812,8.252,68.000
0.043,0.001,0.016,23.141,134415.375,1.354,68.000
0.048,0.009,0.013,20.878,226316.781,6.264,68.000
0.052,0.024,0.011,21.296,248515.812,5.533,68.000
0.053,0.000,0.003,20.340,-22811.805,1.141,68.000
0.048,0.012,0.012,21.312,237559.406,7.726,68.000
0.051,0.020,0.011,22.328,230824.438,6.111,68.000
0.002,0.011,0.012,21.185,162622.750,6.713,68.000
0.051,0.005,0.010,18.427,291629.781,5.870,68.000
0.050,0.001,0.017,24.306,211417.562,2.893,68.000
0.051,0.012,0.011,21.005,243530.062,8.548,68.000
0.052,0.000,0.011,26.057,-25663.727,-0.878,68.000
0.051,0.002,0.017,22.308,275631.531,4.190,68.000
0.054,0.001,0.012,28.891,102517.742,1.925,68.000
0.049,0.016,0.012,22.246,220199.594,8.252,68.000
0.043,0.001,0.007,20.155,193030.062,1.848,68.000
0.048,0.018,0.011,21.456,224797.750,7.749,68.000
0.046,0.002,0.013,22.202,209925.250,5.668,68.000
0.046,0.000,0.009,30.638,12811.109,1.646,68.000
0.051,0.001,0.010,22.716,203409.031,4.941,68.000
0.050,0.001,0.018,22.425,246082.031,3.665,68.000
0.052,0.026,0.010,20.869,253958.875,5.797,68.000
0.048,0.001,0.016,28.598,83609.820,1.430,68.000
0.052,0.013,0.013,21.209,227851.250,8.858,68.000
0.051,0.002,0.014,21.434,248131.719,4.234,68.000
0.052,0.009,0.012,20.815,249459.969,8.440,68.000
0.052,0.026,0.011,22.760,242725.312,6.910,68.000
0.051,0.009,0.010,20.375,270446.781,7.879,68.000
0.050,0.025,0.012,21.774,269864.250,6.732,68.000
0.049,0.013,0.012,21.560,239045.375,8.801,68.000
0.051,0.000,0.018,27.510,497.133,-0.042,68.000
0.049,0.012,0.012,21.568,241178.594,8.015,68.000
0.050,0.004,0.014,17.076,229663.969,6.158,68.000
0.049,0.013,0.013,20.552,242984.438,8.010,68.000
0.048,0.020,0.013,19.848,265990.281,10.069,68.000
0.049,0.027,0.011,26.743,223602.625,4.544,68.000
0.051,0.020,0.011,21.623,245000.406,6.315,68.000
0.055,0.000,0.016,26.225,56938.461,0.303,68.000
0.050,0.011,0.014,19.533,237309.875,6.496,68.000
0.051,0.003,0.013,19.237,247262.281,6.042,68.000
0.049,0.025,0.012,20.657,282056.125,6.279,68.000
0.059,0.001,0.008,20.345,183239.281,2.305,68.000
0.057,0.001,0.005,22.559,128748.242,3.538,68.000
0.049,0.024,0.010,19.116,275356.594,5.480,68.000
0.048,0.010,0.012,22.285,231748.438,7.807,68.000
0.052,0.000,0.003,22.506,-81649.344,-0.519,68.000
0.051,0.023,0.011,21.095,255358.438,5.485,68.000
0.048,0.025,0.013,20.797,299280.000,8.275,68.000
0.048,0.001,0.008,20.043,220585.344,3.043,68.000
0.049,0.003,0.013,17.998,222635.844,6.532,68.000
0.052,0.021,0.014,20.876,242878.000,9.268,68.000
0.042,0.000,0.013,25.307,-88878.094,-3.251,68.000
0.049,0.004,0.010,19.208,274910.312,5.934,68.000
0.051,0.008,0.015,19.425,208939.219,5.615,68.000
0.049,0.010,0.014,19.656,240970.844,6.480,68.000
0.042,0.000,0.006,23.905,98772.570,0.387,68.000
0.050,0.012,0.010,21.449,282267.219,7.244,68.000
0.048,0.005,0.012,20.613,226915.062,6.420,68.000
0.051,0.022,0.012,22.483,236768.750,6.509,68.000
0.052,0.020,0.012,21.794,223577.562,8.473,68.000
0.048,0.026,0.012,20.405,295320.281,6.506,68.000
0.054,0.001,0.014,23.318,231742.969,3.276,68.000
0.053,0.001,0.005,21.514,170046.938,2.710,68.000
0.048,0.002,0.012,20.601,241434.594,6.165,68.000
0.051,0.016,0.010,21.588,224042.906,7.867,68.000
0.050,0.017,0.010,21.977,219690.750,7.276,68.000
0.052,0.005,0.014,17.853,228208.906,5.533,68.000
0.047,0.001,0.006,22.595,181514.375,2.159,68.000
0.050,0.020,0.010,21.452,250898.281,6.522,68.000
0.048,0.005,0.013,19.908,207006.875,6.170,68.000
0.052,0.018,0.012,22.241,219197.250,7.913,68.000
0.042,0.000,0.013,25.567,-51628.418,0.542,68.000
0.057,0.001,0.010,25.206,76698.008,0.454,68.000
0.051,0.002,0.009,21.028,230537.406,3.743,68.000
0.059,0.001,0.017,18.578,149384.000,0.929,68.000
0.050,0.012,0.014,18.934,237729.688,7.286,68.000
0.050,0.018,0.011,22.108,233320.812,7.627,68.000
0.047,0.001,0.004,24.697,60481.352,-0.279,68.000
0.057,0.001,0.013,22.323,231687.812,2.782,68.000
0.049,0.011,0.011,22.129,243701.531,8.300,68.000
0.001,0.013,0.012,20.313,201937.844,7.087,68.000
0.055,0.001,0.015,24.785,121021.773,1.342,68.000
0.049,0.006,0.010,18.980,279122.938,5.665,68.000
0.040,0.000,0.009,19.744,-26861.945,-0.111,68.000
0.051,0.002,0.005,20.866,180516.188,3.186,68.000
0.050,0.014,0.011,22.165,220832.219,8.441,68.000
0.044,0.001,0.013,21.627,214248.344,4.875,68.000
0.047,0.001,0.004,24.453,79284.727,0.100,68.000
0.060,0.001,0.017,18.070,178231.812,1.136,68.000
0.049,0.018,0.011,21.772,229121.812,7.207,68.000
0.056,0.002,0.011,21.006,246272.219,3.445,68.000
0.055,0.002,0.007,21.397,191313.094,2.592,68.000
0.048,0.002,0.011,20.516,249141.094,6.232,68.000
0.048,0.001,0.020,23.013,165722.906,2.354,68.000
0.050,0.018,0.014,18.842,275920.812,8.055,68.000
0.052,0.014,0.012,21.463,230118.438,7.865,68.000
0.049,0.001,0.016,26.510,170765.438,2.430,68.000
0.040,0.000,0.013,21.644,-15193.273,2.231,68.000
0.059,0.001,0.013,20.230,227282.281,1.889,68.000
0.050,0.017,0.010,21.636,226584.906,6.802,68.000
0.051,0.001,0.017,25.176,139362.531,1.735,68.000
0.051,0.016,0.012,22.627,226347.812,7.871,68.000
0.052,0.009,0.012,20.723,247857.656,8.472,68.000
0.050,0.026,0.014,22.179,269857.156,9.386,68.000
0.051,0.019,0.013,19.261,259453.219,8.506,68.000
0.052,0.001,0.007,21.588,176623.094,2.313,68.000
0.044,0.001,0.009,20.058,177508.750,2.776,68.000
0.048,0.001,0.018,23.735,222494.688,3.643,68.000
0.045,0.001,0.009,24.865,50149.523,0.361,68.000
0.045,0.000,0.007,26.216,-73099.531,0.725,68.000
0.052,0.006,0.013,18.358,246129.500,6.974,68.000
0.051,0.000,0.021,23.914,25972.875,-2.984,68.000
0.051,0.008,0.009,19.212,280139.000,6.824,68.000
0.048,0.001,0.007,22.761,153343.281,1.819,68.000
0.051,0.013,0.012,21.211,235546.156,8.982,68.000
0.049,0.005,0.010,19.191,273113.531,5.399,68.000
0.045,0.000,0.004,20.896,9589.367,2.533,68.000
0.059,0.000,0.011,22.854,40156.852,2.070,68.000
0.058,0.000,0.006,24.441,-33982.188,2.696,68.000
0.048,0.020,0.012,20.195,265097.406,9.262,68.000
0.050,0.021,0.011,21.437,245294.125,6.271,68.000
0.056,0.001,0.017,22.655,165625.156,1.952,68.000
0.052,0.007,0.011,19.775,257781.781,8.153,68.000
0.051,0.026,0.013,24.419,227363.062,8.725,68.000
0.048,0.006,0.011,21.070,240743.125,7.245,68.000
0.052,0.001,0.019,22.328,185408.969,2.707,68.000
0.049,0.023,0.012,20.646,274315.062,8.013,68.000
0.055,0.000,0.008,21.517,106956.336,1.510,68.000
0.051,0.006,0.010,18.492,279829.062,7.228,68.000
0.057,0.002,0.013,21.656,256111.781,3.325,68.000
0.040,0.001,0.012,19.243,179076.031,2.176,68.000
0.051,0.002,0.007,21.052,187417.938,2.560,68.000
0.044,0.000,0.007,24.385,25595.562,-1.020,68.000
0.051,0.015,0.013,20.948,258086.688,8.233,68.000
0.049,0.024,0.013,20.529,288674.938,8.527,68.000
0.058,0.001,0.010,23.044,169956.219,0.479,68.000
0.050,0.023,0.014,20.073,275147.562,9.471,68.000
0.052,0.001,0.009,21.076,246977.156,5.172,68.000
0.052,0.016,0.011,22.756,222141.062,7.595,68.000
0.050,0.001,0.009,21.011,238982.312,4.801,68.000
0.047,0.000,0.021,23.847,-12062.758,-1.253,68.000
0.050,0.020,0.013,20.356,259018.938,9.136,68.000
0.055,0.001,0.019,23.012,107663.820,0.812,68.000
0.097,0.013,0.011,18.343,202857.031,8.418,68.000
0.052,0.001,0.005,21.475,175848.562,2.792,68.000
0.045,0.001,0.014,22.979,210765.156,4.575,68.000
0.048,0.002,0.011,20.611,245278.312,6.420,68.000
0.048,0.008,0.013,21.089,215999.812,6.650,68.000
0.050,0.007,0.013,19.122,227665.375,7.235,68.000
0.049,0.000,0.022,22.244,30305.305,0.835,68.000
0.048,0.000,0.010,26.004,-46958.000,-0.253,68.000
0.048,0.000,0.018,24.240,31473.148,0.983,68.000
0.052,0.026,0.011,21.660,245077.062,6.149,68.000
0.050,0.000,0.015,29.782,-88.586,1.355,68.000
0.042,0.000,0.018,22.440,29424.195,-0.486,68.000
0.048,0.022,0.012,19.525,283875.031,7.954,68.000
0.050,0.024,0.013,21.256,267992.281,8.903,68.000
0.051,0.001,0.006,23.113,157444.125,1.927,68.000
0.050,0.017,0.010,21.458,225393.094,7.086,68.000
0.052,0.026,0.011,23.191,237152.625,7.119,68.000
0.052,0.013,0.013,20.452,234687.875,8.167,68.000
0.051,0.001,0.020,21.984,163826.688,2.259,68.000
0.049,0.008,0.011,21.496,252067.531,8.160,68.000
0.048,0.002,0.007,20.028,216513.125,2.759,68.000
0.049,0.016,0.013,21.620,235328.000,8.658,68.000
0.051,0.005,0.013,17.828,229002.562,6.513,68.000
0.052,0.027,0.011,23.834,235810.625,12.838,68.000
0.053,0.001,0.006,21.417,178993.312,2.486,68.000
0.046,0.000,0.017,27.934,13844.227,-0.843,68.000
0.049,0.014,0.012,21.426,241451.594,8.662,68.000
0.052,0.001,0.008,25.872,80863.883,1.175,68.000
0.049,0.023,0.013,20.319,285954.094,8.688,68.000
0.049,0.024,0.011,19.331,271191.500,5.649,68.000
0.048,0.018,0.013,22.155,239701.406,9.462,68.000
0.044,0.001,0.015,26.464,68438.742,-0.154,68.000
0.051,0.015,0.013,20.925,260511.219,8.074,68.000
0.057,0.001,0.016,21.421,187794.031,2.254,68.000
0.051,0.001,0.018,27.500,16406.664,-0.476,68.000
0.050,0.024,0.010,19.615,267945.312,5.140,68.000
0.049,0.024,0.012,21.074,280398.438,6.897,68.000
0.050,0.011,0.013,21.498,229041.719,7.681,68.000
0.048,0.012,0.011,22.384,241096.656,8.514,68.000
0.049,0.001,0.011,24.052,180294.906,4.168,68.000
0.052,0.019,0.011,23.046,219951.594,6.703,68.000
0.054,0.001,0.022,21.101,62346.367,0.749,68.000
0.052,0.000,0.014,30.468,-847.898,-0.801,68.000
0.046,0.000,0.020,23.056,45750.367,2.422,68.000
0.050,0.019,0.010,21.293,245651.812,6.638,68.000
0.047,0.001,0.021,22.052,157504.656,1.856,68.000
0.050,0.005,0.010,18.632,282071.594,6.265,68.000
0.050,0.023,0.013,21.146,263903.062,8.574,68.000
0.055,0.000,0.012,25.414,-39907.266,-1.040,68.000
0.051,0.001,0.009,21.063,235802.438,4.438,68.000
0.049,0.012,0.013,21.258,236051.656,7.622,68.000
0.050,0.021,0.013,19.961,259345.406,9.227,68.000
0.058,0.000,0.012,20.560,8595.430,3.155,68.000
0.049,0.010,0.011,21.802,251244.469,8.316,68.000
0.046,0.000,0.011,32.974,-14729.906,0.899,68.000
0.058,0.000,0.018,20.417,13003.055,-0.018,68.000
0.055,0.002,0.011,21.363,258788.250,4.186,68.000
0.055,0.000,0.015,25.686,-82372.383,0.586,68.000
0.050,0.001,0.004,22.785,154074.969,2.502,68.000
0.052,0.025,0.011,21.448,247693.719,5.880,68.000
0.049,0.025,0.011,19.251,282180.688,6.003,68.000
0.043,0.001,0.007,21.004,175284.500,1.479,68.000
0.049,0.004,0.013,17.675,228364.094,6.670,68.000
0.050,0.005,0.010,18.803,286245.438,5.989,68.000
0.051,0.021,0.013,20.086,250508.906,9.137,68.000
0.059,0.001,0.010,21.229,192154.688,0.766,68.000
0.055,0.001,0.017,22.559,197840.219,2.650,68.000
0.058,0.000,0.018,20.277,98190.242,0.379,68.000
0.054,0.002,0.011,21.259,265230.438,4.828,68.000
0.051,0.005,0.009,18.253,293738.625,5.472,68.000
0.047,0.001,0.020,21.185,199658.031,2.966,68.000
0.049,0.000,0.005,26.093,15213.367,-0.480,68.000
0.058,0.001,0.016,19.099,191477.219,2.017,68.000
0.050,0.016,0.014,18.374,268177.844,7.785,68.000
0.053,0.001,0.009,21.496,243480.375,4.840,68.000
0.049,0.005,0.011,19.417,265495.906,6.422,68.000
0.049,0.019,0.013,20.180,262372.406,9.502,68.000
0.051,0.020,0.010,21.658,252500.844,6.172,68.000
0.052,0.001,0.011,25.622,180700.594,3.485,68.000
0.050,0.000,0.005,25.443,-81801.625,-1.050,68.000
0.049,0.017,0.011,22.174,224313.344,8.169,68.000
0.098,0.012,0.012,18.962,206486.688,7.849,68.000
0.052,0.026,0.013,24.611,223636.719,8.487,68.000
0.051,0.019,0.012,22.128,224239.969,7.981,68.000
0.050,0.001,0.015,25.769,222671.562,3.537,68.000
0.046,0.002,0.014,21.597,218957.969,5.578,68.000
0.099,0.013,0.013,23.190,175688.875,6.289,68.000
0.046,0.000,0.018,25.867,74478.445,-0.285,68.000
0.056,0.002,0.012,21.659,258035.812,3.984,68.000
0.057,0.000,0.014,22.615,-42089.445,1.555,68.000
0.051,0.001,0.016,24.091,245203.625,3.860,68.000
0.050,0.001,0.022,22.338,74988.930,-0.276,68.000
0.049,0.019,0.010,21.190,243952.125,7.141,68.000
0.059,0.001,0.012,22.209,127291.805,0.995,68.000
0.051,0.017,0.013,21.180,251987.688,8.073,68.000
0.051,0.013,0.012,21.214,237106.094,8.911,68.000
0.051,0.000,0.006,23.078,61911.539,1.166,68.000
0.042,0.001,0.017,21.116,183208.781,2.842,68.000
0.052,0.001,0.004,22.478,140664.656,2.777,68.000
0.048,0.016,0.012,22.516,219825.688,8.731,68.000
0.054,0.002,0.014,23.237,237931.062,3.742,68.000
0.050,0.025,0.010,19.902,263468.438,5.130,68.000
0.001,0.011,0.013,21.546,119726.273,7.561,68.000
0.051,0.003,0.010,18.579,285775.219,6.030,68.000
0.047,0.001,0.010,25.297,69835.273,1.622,68.000
0.045,0.000,0.010,22.287,-5621.867,-0.579,68.000
0.050,0.016,0.011,22.315,222862.312,8.080,68.000
0.050,0.000,0.007,24.591,22057.898,-0.997,68.000
0.043,0.000,0.010,21.765,-35779.453,-0.903,68.000
0.043,0.001,0.018,20.772,228942.938,3.775,68.000
0.049,0.018,0.013,22.070,236131.781,9.510,68.000
0.044,0.000,0.007,24.663,-27440.891,-1.771,68.000
0.052,0.017,0.012,22.133,238772.812,7.583,68.000
0.001,0.012,0.011,18.763,224192.719,6.001,68.000
0.002,0.012,0.011,17.693,245048.625,5.574,68.000
0.041,0.001,0.017,18.478,165272.406,3.834,68.000
0.049,0.003,0.010,19.144,267044.094,5.698,68.000
0.048,0.022,0.010,19.115,289962.625,6.404,68.000
0.049,0.013,0.014,19.417,242550.938,7.657,68.000
0.047,0.001,0.014,27.583,106102.930,1.865,68.000
0.057,0.001,0.017,19.991,203497.750,2.172,68.000
0.099,0.013,0.012,22.954,109522.727,6.534,68.000
0.048,0.012,0.011,22.570,238392.344,8.099,68.000
0.052,0.026,0.011,22.979,229473.906,6.960,68.000
0.061,0.001,0.012,18.579,227069.938,1.530,68.000
0.050,0.023,0.014,20.696,267348.938,9.234,68.000
0.049,0.023,0.011,19.660,272532.156,6.211,68.000
0.050,0.014,0.012,21.269,236380.219,8.899,68.000
0.052,0.027,0.012,26.810,223414.031,8.569,68.000
0.048,0.025,0.013,20.665,299883.531,8.672,68.000
0.049,0.000,0.017,25.630,155005.281,1.996,68.000
0.051,0.020,0.012,22.147,224941.969,8.038,68.000
0.053,0.001,0.003,23.839,58849.305,1.671,68.000
0.051,0.001,0.006,21.267,179967.688,2.580,68.000
0.050,0.000,0.023,18.914,-120601.961,5.916,68.000
0.060,0.001,0.011,21.660,158277.500,0.736,68.000
0.049,0.010,0.011,21.576,258560.594,8.243,68.000
0.055,0.001,0.003,25.670,-110772.477,-0.376,68.000
0.049,0.008,0.013,19.719,223980.031,6.943,68.000
0.050,0.012,0.014,19.179,237614.188,6.908,68.000
0.048,0.009,0.013,20.689,230545.344,6.087,68.000
0.052,0.024,0.011,22.498,238240.938,6.659,68.000
0.098,0.014,0.013,23.177,171551.562,6.609,68.000
0.051,0.021,0.010,21.383,254063.344,5.203,68.000
0.052,0.023,0.013,22.572,233097.219,8.638,68.000
0.044,0.001,0.008,26.015,-48811.523,-0.821,68.000
0.051,0.016,0.012,22.602,227939.906,7.818,68.000
0.051,0.020,0.011,21.963,239779.250,6.805,68.000
0.047,0.000,0.007,24.529,12056.320,1.798,68.000
0.051,0.017,0.010,22.300,232523.938,6.524,68.000
0.050,0.026,0.013,22.527,268303.875,8.555,68.000
0.050,0.009,0.013,20.211,237424.000,7.118,68.000
0.043,0.001,0.013,20.789,213700.844,4.351,68.000
0.050,0.022,0.013,20.299,272450.844,9.068,68.000
0.059,0.000,0.010,18.957,-27137.367,2.634,68.000
0.046,0.001,0.010,21.235,159222.344,4.034,68.000
0.054,0.001,0.014,25.922,166258.781,1.919,68.000
0.044,0.001,0.007,21.133,182405.469,1.686,68.000
0.055,0.000,0.020,22.208,-17544.789,0.104,68.000
0.050,0.001,0.010,28.261,35793.789,1.307,68.000
0.098,0.013,0.013,23.673,164722.750,5.631,68.000
0.051,0.009,0.010,19.743,287402.625,7.232,68.000
0.049,0.000,0.010,26.051,-56206.195,1.328,68.000
0.049,0.009,0.014,19.625,242424.250,6.648,68.000
0.051,0.010,0.014,19.079,232050.125,6.575,68.000
0.053,0.001,0.014,29.266,86724.117,1.153,68.000
0.053,0.002,0.014,22.571,239177.000,4.000,68.000
0.100,0.013,0.013,21.418,-30257.508,9.757,68.000
0.048,0.001,0.014,21.818,233128.562,5.606,68.000
0.052,0.019,0.013,20.564,235771.469,8.412,68.000
0.047,0.001,0.011,21.414,198106.375,5.065,68.000
0.043,0.001,0.015,22.736,132872.938,0.672,68.000
0.053,0.000,0.010,25.631,6016.516,-0.114,68.000
0.002,0.011,0.013,21.027,157359.812,7.203,68.000
0.056,0.001,0.004,21.963,117153.258,3.188,68.000
0.052,0.010,0.010,19.896,281387.438,7.390,68.000
0.053,0.001,0.002,23.044,66871.320,1.523,68.000
0.051,0.019,0.012,22.640,222368.219,7.400,68.000
0.052,0.001,0.001,22.630,74038.930,1.587,68.000
0.058,0.001,0.006,21.003,167890.594,3.538,68.000
0.002,0.013,0.013,20.567,179450.031,8.283,68.000
0.048,0.011,0.012,21.705,237373.594,7.819,68.000
0.052,0.024,0.012,22.778,238843.000,8.335,68.000
0.060,0.001,0.010,19.505,212297.562,0.959,68.000
0.049,0.001,0.005,22.824,175783.594,2.732,68.000
0.054,0.000,0.008,29.055,31035.227,2.592,68.000
0.050,0.016,0.012,22.467,228981.781,8.288,68.000
0.050,0.007,0.015,18.876,210846.719,5.744,68.000
0.052,0.013,0.013,20.938,234000.000,8.691,68.000
0.049,0.000,0.020,23.119,113948.289,1.327,68.000
0.043,0.000,0.012,27.472,-39242.535,-2.025,68.000
0.059,0.001,0.017,20.083,103487.586,1.177,68.000
0.049,0.001,0.010,21.721,204028.094,4.343,68.000
0.055,0.000,0.010,29.221,30761.055,3.934,68.000
0.050,0.009,0.014,19.829,236526.219,6.889,68.000
0.053,0.001,0.011,27.605,74527.664,1.505,68.000
0.051,0.000,0.017,28.330,-918.273,-0.407,68.000
0.001,0.012,0.013,21.222,141193.344,7.822,68.000
0.048,0.020,0.014,18.715,278656.938,9.951,68.000
0.051,0.013,0.012,21.171,234573.688,8.955,68.000
0.045,0.001,0.005,22.815,175871.125,1.686,68.000
0.049,0.012,0.012,21.429,245095.656,8.209,68.000
0.048,0.012,0.013,20.922,234236.594,7.130,68.000
0.051,0.002,0.008,21.010,224391.969,3.230,68.000
0.048,0.000,0.007,26.320,-40245.074,1.343,68.000
0.052,0.013,0.012,21.109,228179.812,8.722,68.000
0.057,0.000,0.015,23.293,21951.203,-1.687,68.000
0.052,0.009,0.011,19.924,266022.812,8.024,68.000
0.055,0.001,0.021,22.341,58709.727,0.036,68.000
0.052,0.002,0.013,19.936,257378.562,5.314,68.000
0.058,0.001,0.011,21.275,228238.219,1.941,68.000
0.050,0.023,0.012,21.028,264846.531,6.670,68.000
0.043,0.001,0.005,21.974,201033.375,1.880,68.000
0.046,0.000,0.009,27.869,14824.266,2.136,68.000
0.051,0.019,0.014,18.610,259030.250,8.619,68.000
0.048,0.011,0.011,22.371,245009.125,8.135,68.000
0.050,0.016,0.010,21.467,221021.812,7.724,68.000
0.053,0.000,0.007,23.268,12433.664,0.199,68.000
0.052,0.006,0.013,17.914,237137.500,6.625,68.000
0.000,0.011,0.012,29.815,11612.742,8.871,68.000
0.048,0.015,0.013,21.005,239766.562,8.860,68.000
0.052,0.001,0.017,22.118,260401.938,3.928,68.000
0.097,0.012,0.012,19.580,201537.875,7.559,68.000
0.048,0.011,0.013,21.376,227758.406,6.863,68.000
0.049,0.016,0.012,21.911,222295.812,8.799,68.000
0.047,0.000,0.017,28.627,42590.320,-1.063,68.000
0.048,0.026,0.012,21.516,296904.156,7.600,68.000
0.048,0.007,0.011,20.069,251298.500,7.201,68.000
0.048,0.012,0.010,22.634,260550.062,7.556,68.000
0.053,0.002,0.007,21.835,194593.250,2.556,68.000
0.049,0.004,0.010,19.264,273243.844,5.942,68.000
0.051,0.005,0.011,19.184,274382.344,7.119,68.000
0.049,0.009,0.012,21.878,229933.469,7.659,68.000
0.051,0.003,0.010,18.800,283648.781,5.638,68.000
0.051,0.000,0.007,22.616,-6943.641,1.299,68.000
0.048,0.020,0.012,20.234,263190.656,9.463,68.000
0.051,0.026,0.012,23.244,251429.375,7.883,68.000
0.041,0.000,0.013,24.569,-41389.273,-2.043,68.000
0.051,0.003,0.011,19.484,276181.062,6.347,68.000
0.047,0.000,0.003,20.639,-17458.383,0.192,68.000
0.051,0.022,0.010,21.000,252790.750,4.994,68.000
0.052,0.012,0.012,21.085,232698.750,8.851,68.000
0.049,0.001,0.017,24.632,225747.000,3.654,68.000
0.098,0.012,0.013,22.183,178087.812,4.998,68.000
0.058,0.000,0.016,21.967,78201.961,1.046,68.000
0.045,0.000,0.002,22.853,7050.945,-0.578,68.000
0.052,0.000,0.016,29.809,30677.977,-0.505,68.000
0.055,0.000,0.002,22.520,-119893.617,0.610,68.000
0.043,0.000,0.016,25.662,35580.305,1.291,68.000
0.049,0.023,0.013,20.302,285019.406,8.337,68.000
0.053,0.000,0.009,29.759,42663.789,4.369,68.000
0.050,0.015,0.014,19.424,260571.875,8.226,68.000
0.052,0.023,0.011,22.361,239057.219,5.968,68.000
0.048,0.023,0.011,19.071,281725.219,6.515,68.000
0.059,0.000,0.018,20.740,38871.758,1.251,68.000
0.045,0.001,0.004,23.079,113765.836,0.191,68.000
0.047,0.001,0.013,22.613,212194.750,5.672,68.000
0.048,0.001,0.007,22.388,180192.562,2.370,68.000
0.050,0.015,0.010,21.325,217637.438,7.951,68.000
0.044,0.001,0.020,21.249,76650.320,1.142,68.000
0.040,0.000,0.010,22.306,-29735.203,-0.416,68.000
0.050,0.005,0.012,20.579,259709.156,6.595,68.000
0.048,0.011,0.013,21.215,228985.188,6.777,68.000
0.051,0.002,0.013,19.682,248565.688,5.665,68.000
0.044,0.000,0.007,22.146,-7833.953,0.409,68.000
0.050,0.007,0.011,20.110,267028.625,7.912,68.000
0.049,0.026,0.014,21.550,292653.562,9.739,68.000
0.051,0.001,0.008,22.487,199788.625,2.842,68.000
0.049,0.001,0.014,27.079,146457.375,2.441,68.000
0.052,0.001,0.009,26.107,86286.867,1.549,68.000
0.051,0.020,0.010,21.938,249451.375,5.901,68.000
0.050,0.020,0.010,21.123,259201.250,6.302,68.000
0.044,0.002,0.014,20.506,210368.625,4.984,68.000
0.051,0.025,0.012,22.551,255745.031,7.171,68.000
0.051,0.001,0.004,22.285,141407.594,2.454,68.000
0.041,0.000,0.008,22.220,701.367,2.089,68.000
0.055,0.001,0.011,21.282,248274.625,3.528,68.000
0.061,0.001,0.011,18.953,207572.156,1.511,68.000
0.052,0.000,0.020,21.490,4981.359,1.396,68.000
0.044,0.001,0.019,23.208,1106.070,-0.646,68.000
0.051,0.007,0.010,18.708,272317.031,6.957,68.000
0.046,0.001,0.012,21.541,225451.094,5.579,68.000
0.058,0.000,0.018,21.862,27828.320,0.756,68.000
0.043,0.001,0.010,18.796,210004.188,4.884,68.000
0.049,0.016,0.010,21.624,213125.500,7.964,68.000
0.049,0.009,0.014,18.958,234137.906,6.076,68.000
0.055,0.000,0.009,25.633,-50865.477,1.109,68.000
0.050,0.015,0.010,21.126,213193.969,7.972,68.000
0.050,0.021,0.012,20.879,252164.125,8.323,68.000
0.048,0.006,0.014,17.948,210490.938,6.524,68.000
0.054,0.000,0.006,22.493,2465.094,1.048,68.000
0.048,0.020,0.012,20.178,260069.250,9.377,68.000
0.059,0.000,0.007,23.318,-42163.922,1.794,68.000
0.050,0.006,0.014,18.568,218730.531,6.391,68.000
0.048,0.012,0.012,21.923,241890.719,8.272,68.000
0.043,0.001,0.010,19.815,168140.531,3.605,68.000
0.000,0.013,0.011,28.945,30701.273,9.477,68.000
0.052,0.020,0.012,22.569,214993.812,7.861,68.000
0.054,0.001,0.009,24.100,174249.594,2.315,68.000
0.054,0.000,0.021,21.200,-31942.258,2.466,68.000
0.050,0.003,0.009,19.044,273610.000,5.452,68.000
0.050,0.023,0.012,21.405,266571.500,8.058,68.000
0.048,0.001,0.011,20.913,247278.000,6.011,68.000
0.051,0.026,0.012,22.852,264526.500,7.795,68.000
0.055,0.000,0.011,26.886,-22845.484,0.761,68.000
0.047,0.001,0.014,26.280,163962.062,3.633,68.000
0.001,0.011,0.012,21.005,159673.031,6.512,68.000
0.054,0.000,0.013,30.046,-9258.727,2.292,68.000
0.052,0.020,0.012,22.957,212753.781,7.187,68.000
0.056,0.001,0.005,22.497,123261.070,3.256,68.000
0.051,0.006,0.013,17.963,229402.281,6.739,68.000
0.050,0.023,0.011,20.543,261403.625,5.376,68.000
0.050,0.001,0.022,20.770,161023.469,2.238,68.000
0.053,0.000,0.002,22.098,-92840.711,0.037,68.000
0.050,0.001,0.005,22.940,162324.156,2.563,68.000
0.052,0.018,0.011,23.074,226446.031,6.859,68.000
0.049,0.018,0.011,22.061,218543.312,7.337,68.000
0.045,0.001,0.008,21.030,166881.469,1.875,68.000
0.050,0.012,0.011,21.534,251267.625,7.951,68.000
0.056,0.001,0.020,24.372,7833.539,0.689,68.000
0.050,0.001,0.005,21.544,183076.625,3.102,68.000
0.049,0.025,0.011,20.565,278531.062,6.080,68.000
0.050,0.006,0.014,18.508,204351.094,5.708,68.000
0.053,0.001,0.007,25.178,98517.086,1.319,68.000
0.050,0.027,0.014,21.729,181206.812,9.955,68.000
0.049,0.022,0.012,20.483,271422.812,8.365,68.000
0.049,0.019,0.011,21.063,241577.750,7.298,68.000
0.049,0.023,0.013,20.464,279606.188,8.782,68.000
0.044,0.001,0.009,19.304,218182.625,4.475,68.000
0.050,0.021,0.013,19.614,264215.625,9.133,68.000
0.050,0.015,0.011,22.140,214065.094,8.174,68.000
0.054,0.000,0.010,27.591,55672.352,0.959,68.000
0.049,0.000,0.004,20.011,-882.023,-0.729,68.000
0.043,0.001,0.018,22.132,157068.750,1.787,68.000
0.056,0.001,0.005,22.460,138937.781,2.971,68.000
0.057,0.000,0.017,21.781,-23737.133,0.676,68.000
0.050,0.000,0.019,24.582,45260.961,-1.327,68.000
0.049,0.019,0.012,21.826,244278.344,8.812,68.000
0.051,0.005,0.012,19.889,266451.781,6.644,68.000
0.046,0.000,0.019,24.951,82492.180,0.856,68.000
0.051,0.015,0.011,22.514,219067.062,8.252,68.000
0.043,0.001,0.018,20.696,217071.312,3.674,68.000
0.050,0.008,0.012,21.423,245203.562,8.154,68.000
0.050,0.025,0.011,20.072,261048.250,5.243,68.000
0.040,0.001,0.015,18.497,132638.219,2.960,68.000
0.051,0.012,0.010,20.729,280479.625,7.302,68.000
0.052,0.004,0.011,18.964,279944.438,6.451,68.000
0.098,0.014,0.012,22.242,180092.812,7.308,68.000
0.054,0.002,0.006,20.989,178822.375,2.688,68.000
0.052,0.003,0.012,18.893,260703.781,6.362,68.000
0.051,0.023,0.010,20.130,261321.344,4.771,68.000
0.051,0.015,0.014,19.249,274126.531,7.988,68.000
0.051,0.001,0.005,25.016,53805.680,0.544,68.000
0.051,0.007,0.011,19.143,267581.594,7.751,68.000
0.049,0.015,0.010,21.790,211409.469,8.148,68.000
0.048,0.015,0.012,21.810,224167.938,9.212,68.000
0.051,0.000,0.012,28.165,-94941.211,-1.677,68.000
0.055,0.001,0.013,26.288,153359.062,1.789,68.000
0.050,0.021,0.014,18.903,268225.094,9.306,68.000
0.052,0.017,0.012,22.015,235464.656,7.639,68.000
0.054,0.000,0.013,27.080,-25086.633,2.626,68.000
0.048,0.000,0.004,22.411,-48427.754,-0.684,68.000
0.048,0.025,0.012,20.857,296975.938,7.520,68.000
0.048,0.002,0.006,20.652,199584.656,3.045,68.000
0.044,0.001,0.016,20.177,251453.312,4.184,68.000
0.059,0.001,0.009,20.164,209228.250,0.934,68.000
0.049,0.011,0.011,22.282,242588.000,8.390,68.000
0.046,0.002,0.013,22.032,209045.406,5.476,68.000
0.051,0.014,0.013,21.125,250324.656,8.050,68.000
0.049,0.025,0.010,18.785,285091.406,5.439,68.000
0.052,0.005,0.011,18.362,284544.969,6.915,68.000
0.048,0.000,0.005,21.827,-7444.289,-0.234,68.000
0.053,0.001,0.004,22.910,110670.367,2.455,68.000
0.051,0.021,0.013,19.982,251017.750,9.087,68.000
0.050,0.020,0.010,21.134,254461.188,6.379,68.000
0.055,0.000,0.009,24.073,1948.727,2.251,68.000
0.058,0.001,0.007,20.855,160492.031,2.511,68.000
0.059,0.001,0.016,18.664,180252.219,1.584,68.000
0.003,0.012,0.012,19.775,196212.562,6.359,68.000
0.048,0.001,0.005,21.225,196304.719,2.976,68.000
0.002,0.014,0.011,19.082,221103.938,7.019,68.000
0.056,0.002,0.013,22.195,256636.656,3.447,68.000
0.057,0.001,0.015,20.258,203660.500,2.785,68.000
0.054,0.001,0.010,27.750,67895.273,1.222,68.000
0.050,0.008,0.015,18.879,221071.750,5.949,68.000
0.049,0.002,0.010,19.607,257855.812,5.671,68.000
0.042,0.001,0.017,19.410,212033.906,4.034,68.000
0.053,0.000,0.022,22.995,-39024.402,0.338,68.000
0.046,0.000,0.005,25.227,3066.453,-1.396,68.000
0.041,0.001,0.017,17.524,192367.938,4.595,68.000
0.057,0.001,0.017,24.445,54173.633,0.965,68.000
0.049,0.000,0.007,22.725,-18633.672,0.537,68.000
0.051,0.003,0.010,18.402,289700.406,6.182,68.000
0.050,0.011,0.010,21.765,266662.406,7.572,68.000
0.050,0.000,0.017,28.062,4237.586,-0.385,68.000
0.048,0.001,0.012,29.264,72672.289,1.787,68.000
0.056,0.001,0.012,22.024,258633.250,3.794,68.000
0.049,0.016,0.014,19.907,258552.812,8.251,68.000
0.050,0.010,0.013,21.347,225054.062,7.505,68.000
0.049,0.010,0.011,22.106,258714.219,8.003,68.000
0.058,0.001,0.004,22.366,111385.867,3.991,68.000
0.050,0.012,0.011,21.395,241709.594,8.575,68.000
0.051,0.015,0.013,20.849,261277.344,8.144,68.000
0.049,0.013,0.014,19.315,240889.812,7.522,68.000
0.051,0.018,0.013,21.446,242800.312,8.246,68.000
0.048,0.017,0.012,22.849,218435.875,8.370,68.000
0.051,0.001,0.016,24.006,240735.719,3.772,68.000
0.044,0.001,0.016,23.484,166329.781,1.820,68.000
0.058,0.000,0.015,21.352,4298.242,-0.282,68.000
0.052,0.001,0.009,22.931,206725.344,4.162,68.000
0.051,0.012,0.014,19.112,235713.531,7.599,68.000
0.049,0.005,0.011,20.411,262293.406,6.923,68.000
0.051,0.016,0.014,19.947,265859.438,8.067,68.000
0.052,0.008,0.012,20.435,249159.344,8.366,68.000
0.050,0.024,0.012,21.761,270665.219,7.099,68.000
0.059,0.001,0.018,18.503,187746.688,1.440,68.000
0.048,0.025,0.012,20.620,300572.062,7.599,68.000
0.048,0.008,0.012,21.633,218568.062,7.087,68.000
0.057,0.001,0.007,21.561,186595.719,2.841,68.000
0.050,0.008,0.010,20.251,272148.938,7.294,68.000
0.055,0.002,0.011,21.339,261963.688,4.378,68.000
0.045,0.000,0.008,28.300,8621.633,2.092,68.000
0.050,0.006,0.010,18.662,278101.250,6.422,68.000
0.039,0.001,0.015,17.120,163529.812,4.042,68.000
0.056,0.000,0.004,20.562,-43251.809,0.836,68.000
0.048,0.000,0.006,21.183,36385.492,-0.360,68.000
0.043,0.002,0.015,19.496,222702.844,4.030,68.000
0.052,0.001,0.006,21.300,178977.781,2.459,68.000
0.049,0.000,0.007,24.637,8250.297,-1.264,68.000
0.049,0.018,0.011,22.057,221651.062,7.183,68.000
0.050,0.001,0.018,23.298,222368.719,3.291,68.000
0.058,0.001,0.016,19.637,199031.125,2.412,68.000
0.048,0.020,0.012,20.291,259179.688,8.984,68.000
0.048,0.000,0.018,27.490,19030.469,1.108,68.000
0.058,0.001,0.019,18.984,183903.031,1.426,68.000
0.049,0.015,0.011,22.425,219658.094,8.634,68.000
0.048,0.001,0.016,22.420,273636.469,4.420,68.000
0.050,0.020,0.013,19.832,264449.562,9.410,68.000
0.050,0.001,0.007,22.862,180529.281,2.248,68.000
0.054,0.001,0.017,23.243,193895.781,2.300,68.000
0.058,0.001,0.009,21.936,149741.406,0.930,68.000
0.049,0.006,0.010,18.854,273544.844,6.109,68.000
0.052,0.016,0.012,22.461,235513.500,7.567,68.000
0.050,0.001,0.015,29.754,54619.133,0.643,68.000
0.051,0.001,0.011,23.782,203122.594,4.317,68.000
0.052,0.005,0.013,17.724,234226.969,6.556,68.000
0.049,0.018,0.014,18.951,276478.438,8.928,68.000
0.048,0.008,0.013,20.906,215393.531,7.210,68.000
0.059,0.000,0.018,17.840,53954.352,1.434,68.000
0.049,0.018,0.011,21.657,228710.562,7.294,68.000
0.040,0.000,0.011,21.520,26808.180,-0.093,68.000
0.040,0.001,0.007,19.743,177282.188,2.852,68.000
0.049,0.002,0.011,20.181,263754.000,6.218,68.000
0.048,0.025,0.012,20.874,295874.281,6.826,68.000
0.048,0.019,0.013,20.394,260073.625,9.938,68.000
0.051,0.019,0.010,22.371,240205.500,6.456,68.000
0.051,0.008,0.012,20.730,241607.031,8.252,68.000
0.051,0.001,0.008,25.385,80577.023,0.796,68.000
0.044,0.001,0.011,19.732,232488.406,5.473,68.000
0.049,0.001,0.022,22.580,36019.070,0.409,68.000
0.060,0.000,0.014,19.447,-86427.266,1.626,68.000
0.048,0.006,0.013,19.582,211482.344,6.550,68.000
0.041,0.001,0.013,23.681,106065.867,0.674,68.000
0.050,0.024,0.012,21.713,269502.188,7.278,68.000
0.002,0.011,0.012,21.059,166908.250,6.963,68.000
0.050,0.017,0.010,22.059,222095.250,7.188,68.000
0.051,0.013,0.012,21.110,236947.156,8.906,68.000
0.054,0.002,0.013,23.306,244712.375,3.784,68.000
0.099,0.012,0.011,17.877,209238.969,8.004,68.000
0.049,0.017,0.012,22.779,225684.688,8.658,68.000
0.044,0.002,0.015,20.464,233400.562,4.175,68.000
0.054,0.001,0.006,21.484,171472.156,2.700,68.000
0.050,0.008,0.015,19.170,218267.750,5.971,68.000
0.049,0.019,0.011,20.998,243001.906,7.439,68.000
0.052,0.014,0.014,19.275,261340.062,7.699,68.000
0.048,0.015,0.011,22.479,221905.500,8.756,68.000
0.047,0.000,0.006,22.219,8192.742,0.467,68.000
0.051,0.026,0.011,21.867,257056.344,6.574,68.000
0.052,0.002,0.012,20.607,269617.219,5.246,68.000
0.053,0.001,0.004,24.700,35284.461,1.207,68.000
0.053,0.001,0.014,29.534,-10072.773,0.264,68.000
0.051,0.005,0.012,19.403,249917.875,6.857,68.000
0.051,0.016,0.014,20.008,266405.531,8.044,68.000
0.052,0.015,0.012,21.722,233812.719,7.717,68.000
0.052,0.000,0.015,28.749,-4013.078,1.963,68.000
0.051,0.014,0.011,21.964,231974.344,8.072,68.000
0.050,0.024,0.010,19.579,274043.250,4.820,68.000
0.052,0.000,0.002,21.470,-65035.871,-1.865,68.000
0.098,0.012,0.012,19.363,203659.469,7.945,68.000
0.060,0.001,0.015,18.114,165139.781,1.168,68.000
0.048,0.001,0.004,23.420,139672.719,1.346,68.000
0.044,0.001,0.007,19.894,201785.281,2.293,68.000
0.046,0.001,0.018,22.897,219879.625,3.762,68.000
0.052,0.016,0.011,22.520,222439.781,7.762,68.000
0.047,0.002,0.017,21.493,270603.188,4.225,68.000
0.053,0.002,0.006,20.951,181418.938,2.538,68.000
0.049,0.020,0.011,20.840,254808.094,7.466,68.000
0.052,0.002,0.014,21.043,247882.844,4.355,68.000
0.049,0.001,0.019,23.749,139160.844,1.785,68.000
0.001,0.012,0.014,20.921,107757.711,7.536,68.000
0.060,0.001,0.011,20.559,173593.594,1.122,68.000
0.048,0.008,0.013,20.857,219663.656,7.098,68.000
0.049,0.017,0.011,22.016,224591.469,7.990,68.000
0.050,0.006,0.010,18.789,278541.969,6.521,68.000
0.048,0.022,0.012,20.020,272566.688,8.253,68.000
0.050,0.015,0.013,21.073,250189.094,8.565,68.000
0.049,0.001,0.011,23.667,202911.781,4.491,68.000
0.052,0.009,0.012,20.524,249642.812,8.502,68.000
0.053,0.000,0.014,28.577,-34322.211,1.472,68.000
0.048,0.001,0.012,22.800,214619.031,5.138,68.000
0.002,0.013,0.012,20.680,180066.594,7.841,68.000
0.050,0.007,0.010,18.905,275686.562,6.361,68.000
0.050,0.022,0.011,21.222,250301.438,6.020,68.000
0.051,0.003,0.013,19.025,249546.344,5.844,68.000
0.050,0.024,0.011,20.706,265136.500,5.698,68.000
0.057,0.001,0.017,20.220,215660.781,2.422,68.000
0.053,0.001,0.021,22.989,49664.055,0.210,68.000
0.047,0.000,0.016,27.972,-8933.469,0.564,68.000
0.051,0.001,0.010,22.113,228454.344,5.429,68.000
0.050,0.000,0.023,20.750,-82898.367,3.582,68.000
0.000,0.012,0.011,29.460,1321.234,8.661,68.000
0.052,0.003,0.011,19.045,281838.406,6.315,68.000
0.048,0.021,0.013,19.959,275740.500,9.111,68.000
0.053,0.000,0.016,24.715,1554.500,0.277,68.000
0.050,0.021,0.010,20.467,268429.312,5.651,68.000
0.046,0.001,0.016,23.725,233894.531,3.827,68.000
0.050,0.012,0.011,21.570,245984.844,8.399,68.000
0.051,0.009,0.014,19.427,229119.062,6.568,68.000
0.042,0.001,0.016,19.431,208118.000,3.473,68.000
0.050,0.024,0.011,20.374,270028.625,5.742,68.000
0.048,0.020,0.012,20.557,255043.219,8.388,68.000
0.049,0.022,0.013,19.960,277458.312,9.432,68.000
0.051,0.026,0.010,19.828,262777.125,5.473,68.000
0.056,0.001,0.009,26.459,17814.961,1.042,68.000
0.049,0.017,0.014,20.830,253258.969,8.606,68.000
0.043,0.001,0.020,19.983,190600.688,3.365,68.000
0.048,0.001,0.013,23.433,228815.406,4.797,68.000
0.041,0.001,0.010,24.579,10404.289,-0.659,68.000
0.048,0.000,0.013,32.668,-27163.703,0.955,68.000
0.049,0.018,0.013,20.496,261779.125,8.921,68.000
0.052,0.001,0.015,24.834,208559.781,3.462,68.000
0.041,0.001,0.011,20.269,146196.531,2.401,68.000
0.051,0.025,0.013,21.938,265011.531,9.321,68.000
0.048,0.001,0.004,25.296,53331.273,0.024,68.000
0.060,0.001,0.017,18.263,184073.344,1.137,68.000
0.049,0.001,0.005,21.291,192432.125,3.207,68.000
0.052,0.001,0.017,26.668,45323.945,0.048,68.000
0.042,0.001,0.009,19.972,170694.031,1.805,68.000
0.052,0.015,0.013,21.374,251361.281,8.059,68.000
0.051,0.001,0.011,26.442,148562.406,2.920,68.000
0.059,0.001,0.009,22.423,79824.383,1.357,68.000
0.059,0.001,0.013,18.939,226639.469,1.675,68.000
0.052,0.024,0.011,21.831,245291.281,6.047,68.000
0.054,0.001,0.017,23.112,204086.250,2.700,68.000
0.056,0.001,0.019,22.232,140474.594,0.986,68.000
0.050,0.018,0.012,22.099,233213.469,8.673,68.000
0.054,0.001,0.013,26.388,173463.750,2.751,68.000
0.051,0.021,0.010,21.812,247915.938,4.992,68.000
0.046,0.001,0.012,22.988,201260.188,4.579,68.000
0.051,0.003,0.010,18.922,285631.688,5.843,68.000
0.049,0.017,0.013,22.713,229206.531,8.992,68.000
0.051,0.009,0.012,21.395,234068.938,8.312,68.000
0.047,0.001,0.002,21.560,140817.969,0.992,68.000
0.053,0.001,0.021,20.691,161825.469,1.934,68.000
0.052,0.000,0.003,20.569,-30081.461,-0.660,68.000
0.052,0.004,0.012,18.506,265337.938,6.417,68.000
0.049,0.009,0.012,22.153,237228.844,8.120,68.000
0.054,0.001,0.014,23.559,232592.938,3.452,68.000
0.051,0.023,0.013,21.409,259592.750,9.262,68.000
0.002,0.010,0.012,21.255,157992.688,6.475,68.000
0.050,0.002,0.006,20.587,188085.031,3.064,68.000
0.060,0.001,0.011,19.668,219599.750,1.489,68.000
0.042,0.001,0.014,22.336,107117.586,0.488,68.000
0.044,0.000,0.009,23.719,34100.523,-0.273,68.000
0.048,0.001,0.008,20.317,211531.219,2.714,68.000
0.050,0.011,0.015,18.162,242070.000,6.410,68.000
0.048,0.027,0.013,26.455,221758.906,7.152,68.000
0.049,0.004,0.013,19.528,215317.719,6.253,68.000
0.049,0.018,0.013,20.842,252038.844,9.482,68.000
0.048,0.014,0.013,21.081,247154.250,8.711,68.000
0.052,0.014,0.014,20.077,251775.406,8.057,68.000
0.051,0.020,0.014,19.474,245710.438,8.997,68.000
0.051,0.001,0.023,22.424,46536.633,0.218,68.000
0.054,0.002,0.009,22.066,218861.031,3.195,68.000
0.060,0.000,0.014,19.589,57889.320,0.550,68.000
0.097,0.011,0.012,18.428,207904.562,7.374,68.000
0.043,0.001,0.020,20.928,183429.062,2.751,68.000
0.051,0.010,0.012,21.371,229298.312,8.300,68.000
0.045,0.002,0.010,18.827,226685.750,4.954,68.000
0.049,0.025,0.013,21.558,289797.250,8.138,68.000
0.055,0.001,0.009,22.750,213433.250,2.473,68.000
0.050,0.001,0.008,26.735,36930.086,0.552,68.000
0.048,0.002,0.015,21.181,236530.188,5.336,68.000
0.054,0.001,0.007,23.456,156388.312,2.045,68.000
0.049,0.003,0.013,19.453,214007.062,6.504,68.000
0.046,0.000,0.005,23.949,71108.023,0.277,68.000
0.050,0.015,0.012,21.725,235151.188,8.638,68.000
0.050,0.000,0.012,26.014,-13074.586,1.873,68.000
0.048,0.007,0.013,18.879,210855.938,6.665,68.000
0.048,0.017,0.011,22.046,222351.188,8.173,68.000
0.052,0.001,0.011,23.903,204011.750,4.173,68.000
0.100,0.013,0.012,23.043,111488.477,6.476,68.000
0.049,0.007,0.012,21.303,250470.062,8.075,68.000
0.041,0.001,0.006,20.614,205137.500,2.535,68.000
0.044,0.000,0.004,23.525,29252.977,-0.795,68.000
0.042,0.001,0.011,20.298,159234.094,3.347,68.000
0.048,0.004,0.012,20.273,216360.875,6.115,68.000
0.050,0.007,0.009,19.024,279623.125,6.202,68.000
0.049,0.016,0.014,19.893,256019.656,8.317,68.000
0.057,0.001,0.020,19.626,171002.844,1.374,68.000
0.057,0.000,0.018,24.066,-22878.297,0.913,68.000
0.043,0.001,0.014,21.288,180759.031,2.682,68.000
0.053,0.000,0.013,30.320,-22133.773,1.547,68.000
0.049,0.025,0.013,21.149,286247.312,8.152,68.000
0.046,0.001,0.020,22.382,165908.062,2.415,68.000
0.055,0.000,0.006,22.975,-11656.844,1.728,68.000
0.040,0.001,0.010,20.523,128443.070,1.542,68.000
0.047,0.000,0.010,27.128,-58853.598,-0.346,68.000
0.056,0.001,0.004,22.184,102054.523,3.224,68.000
0.052,0.001,0.018,24.336,139281.281,1.324,68.000
0.047,0.000,0.008,24.402,6860.453,1.841,68.000
0.057,0.001,0.011,21.418,229138.688,2.202,68.000
0.049,0.017,0.012,22.386,220947.750,8.088,68.000
0.043,0.000,0.016,24.263,76194.539,-0.126,68.000
0.050,0.013,0.011,21.833,240365.094,8.345,68.000
0.051,0.000,0.014,30.151,10758.812,-0.509,68.000
0.045,0.002,0.009,19.031,219611.375,3.431,68.000
0.043,0.001,0.010,19.734,172615.062,3.305,68.000
0.051,0.000,0.011,29.835,18759.992,2.260,68.000
0.051,0.007,0.011,20.271,265353.406,8.121,68.000
0.049,0.002,0.014,20.903,237688.938,5.592,68.000
0.050,0.023,0.010,19.732,265479.438,5.199,68.000
0.050,0.013,0.014,19.689,240175.156,7.816,68.000
0.051,0.017,0.011,22.498,222424.875,7.736,68.000
0.045,0.002,0.011,19.947,237064.969,5.951,68.000
0.052,0.007,0.013,19.381,236599.219,7.293,68.000
0.052,0.001,0.013,28.442,117503.992,1.765,68.000
0.001,0.013,0.011,18.750,225329.094,6.459,68.000
0.047,0.000,0.018,27.877,-9089.594,-0.673,68.000
0.049,0.008,0.011,21.184,259942.562,8.246,68.000
0.047,0.001,0.016,28.037,74814.773,0.104,68.000
0.043,0.001,0.005,21.599,207580.500,2.133,68.000
0.047,0.002,0.018,21.697,261213.438,4.158,68.000
0.052,0.001,0.006,23.120,152700.594,1.590,68.000
0.051,0.000,0.005,22.621,-17981.391,-0.143,68.000
0.047,0.000,0.017,26.040,46140.602,0.926,68.000
0.051,0.007,0.010,18.580,275684.844,7.199,68.000
0.099,0.011,0.012,20.046,170671.219,6.175,68.000
0.050,0.011,0.014,18.409,241476.719,6.552,68.000
0.049,0.025,0.010,18.767,283246.750,5.646,68.000
0.048,0.006,0.011,19.689,255260.469,6.463,68.000
0.051,0.020,0.013,20.009,253971.969,8.901,68.000
0.051,0.023,0.012,22.299,236351.594,8.209,68.000
0.041,0.001,0.009,20.103,162985.312,1.708,68.000
0.050,0.021,0.012,21.517,248540.812,7.495,68.000
0.049,0.004,0.010,19.126,277453.406,5.926,68.000
0.049,0.027,0.010,22.971,262860.938,4.284,68.000
0.052,0.001,0.017,23.862,206723.594,2.799,68.000
0.049,0.021,0.011,20.570,260357.469,6.590,68.000
0.049,0.013,0.014,19.249,239663.906,7.148,68.000
0.052,0.002,0.013,21.692,256143.562,4.832,68.000
0.049,0.001,0.009,20.754,235147.969,4.670,68.000
0.052,0.010,0.011,20.334,254675.125,8.189,68.000
0.050,0.004,0.012,20.430,243254.219,6.158,68.000
0.044,0.001,0.017,22.421,155766.656,1.427,68.000
0.051,0.001,0.013,26.284,200677.125,3.820,68.000
0.049,0.023,0.013,20.267,285354.438,8.732,68.000
0.050,0.010,0.014,19.110,236933.562,6.595,68.000
0.045,0.001,0.005,21.288,203167.312,2.078,68.000
0.041,0.000,0.015,23.042,33767.945,-0.267,68.000
0.040,0.001,0.010,20.178,151951.156,1.826,68.000
0.002,0.010,0.012,20.974,169308.031,5.967,68.000
0.050,0.001,0.019,22.743,200195.594,2.956,68.000
0.051,0.001,0.005,25.595,40793.258,0.628,68.000
0.041,0.000,0.017,23.629,25084.492,-1.029,68.000
0.052,0.005,0.011,18.774,274609.594,7.235,68.000
0.049,0.003,0.012,20.397,251534.625,6.323,68.000
0.047,0.000,0.006,23.814,65678.102,-0.774,68.000
0.045,0.002,0.007,19.728,211134.406,2.544,68.000
0.052,0.012,0.011,20.608,240740.031,8.348,68.000
0.051,0.000,0.013,28.115,-25692.805,1.784,68.000
0.050,0.003,0.014,18.510,243276.375,5.931,68.000
0.050,0.021,0.014,18.969,269124.188,9.227,68.000
0.002,0.012,0.013,21.198,139145.156,7.671,68.000
0.042,0.001,0.011,19.911,152694.500,2.927,68.000
0.048,0.000,0.004,22.284,-33406.336,-0.722,68.000
0.051,0.001,0.018,25.104,115203.336,1.155,68.000
0.050,0.003,0.012,20.593,252237.500,6.257,68.000
0.050,0.004,0.010,18.932,284527.844,5.944,68.000
0.052,0.001,0.005,23.554,135561.688,1.998,68.000
0.050,0.018,0.012,22.625,225679.125,8.410,68.000
0.048,0.005,0.010,18.825,271430.250,5.499,68.000
0.041,0.001,0.011,18.970,182860.000,3.219,68.000
0.052,0.016,0.014,19.683,266647.719,7.945,68.000
0.050,0.001,0.022,20.827,148680.688,1.681,68.000
0.039,0.001,0.010,23.786,14673.883,-0.352,68.000
0.049,0.019,0.011,21.535,237346.281,7.704,68.000
0.053,0.000,0.018,24.957,-33187.438,1.395,68.000
0.052,0.002,0.017,22.276,272110.375,4.176,68.000
0.058,0.000,0.005,21.290,-8601.844,3.189,68.000
0.057,0.002,0.011,21.145,243558.125,3.043,68.000
0.044,0.001,0.020,20.813,186585.719,2.857,68.000
0.050,0.004,0.011,19.918,269525.125,6.537,68.000
0.057,0.001,0.004,22.460,102630.992,3.618,68.000
0.056,0.001,0.013,22.902,237527.812,2.858,68.000
0.044,0.001,0.017,20.369,262265.750,4.322,68.000
0.044,0.001,0.007,24.315,40734.320,-0.216,68.000
0.052,0.011,0.012,21.084,239575.562,8.363,68.000
0.051,0.005,0.009,18.203,291813.281,5.646,68.000
0.047,0.001,0.006,24.298,104176.336,0.802,68.000
0.051,0.000,0.023,18.619,-87551.562,5.159,68.000
0.052,0.012,0.012,21.006,239891.812,8.303,68.000
0.048,0.001,0.019,23.827,121807.805,1.514,68.000
0.056,0.002,0.015,21.215,213926.906,2.941,68.000
0.051,0.026,0.010,20.490,252372.906,5.717,68.000
0.050,0.004,0.014,17.058,225470.312,5.978,68.000
0.049,0.004,0.013,17.741,216816.688,6.476,68.000
0.051,0.014,0.010,21.726,240727.844,7.864,68.000
0.052,0.006,0.012,18.658,253243.156,6.823,68.000
0.057,0.001,0.016,22.784,112940.555,1.620,68.000
0.052,0.002,0.007,21.367,183634.875,2.471,68.000
0.048,0.002,0.011,20.174,252665.562,6.117,68.000
0.050,0.009,0.013,20.257,237083.219,7.057,68.000
0.001,0.013,0.012,20.838,162238.812,8.398,68.000
0.050,0.002,0.015,21.670,253095.500,4.475,68.000
0.050,0.000,0.023,21.121,-74869.039,3.716,68.000
0.051,0.014,0.010,21.572,229341.344,7.948,68.000
0.056,0.000,0.004,24.015,63884.508,2.643,68.000
0.050,0.000,0.014,32.135,-32153.617,-1.303,68.000
0.097,0.013,0.012,20.862,190513.219,7.171,68.000
0.051,0.004,0.011,19.812,272617.844,6.635,68.000
0.042,0.001,0.009,20.427,164313.594,1.836,68.000
0.056,0.000,0.007,24.150,27002.430,2.864,68.000
0.052,0.020,0.012,22.457,218983.781,7.756,68.000
0.050,0.000,0.020,23.011,12455.539,1.394,68.000
0.052,0.002,0.016,22.769,270008.312,4.204,68.000
0.059,0.000,0.008,19.605,-10555.625,2.160,68.000
0.052,0.001,0.020,21.665,191694.906,2.792,68.000
0.054,0.001,0.015,29.491,-55432.250,0.019,68.000
0.051,0.006,0.015,18.691,197819.781,4.912,68.000
0.041,0.001,0.017,18.389,205392.688,4.263,68.000
0.049,0.007,0.013,20.141,231248.750,7.676,68.000
0.049,0.022,0.014,19.851,275250.875,9.357,68.000
0.049,0.026,0.013,22.106,283456.406,8.458,68.000
0.048,0.000,0.004,22.221,-31112.758,-0.841,68.000
0.051,0.022,0.012,22.353,229475.969,7.530,68.000
0.098,0.013,0.013,22.481,177284.969,6.641,68.000
0.049,0.001,0.018,23.480,221517.438,3.310,68.000
0.045,0.000,0.012,29.354,-46608.855,-2.895,68.000
0.053,0.001,0.020,21.195,180039.406,2.276,68.000
0.048,0.015,0.013,20.427,252879.312,8.301,68.000
0.053,0.001,0.010,28.427,85312.258,1.304,68.000
0.057,0.001,0.018,20.778,163839.031,1.247,68.000
0.050,0.000,0.014,30.055,-48417.512,-1.944,68.000
0.052,0.001,0.016,22.794,263708.094,3.909,68.000
0.052,0.015,0.010,21.491,227018.594,7.977,68.000
0.043,0.001,0.004,23.765,75777.570,-0.529,68.000
0.052,0.006,0.010,18.327,284246.688,6.910,68.000
0.051,0.023,0.013,21.732,254260.156,8.618,68.000
0.054,0.001,0.009,24.141,185483.312,2.564,68.000
0.042,0.000,0.014,25.429,10600.008,1.341,68.000
0.052,0.023,0.013,22.175,242194.688,9.187,68.000
0.059,0.000,0.006,25.874,4798.078,4.512,68.000
0.048,0.000,0.014,29.667,45261.680,0.576,68.000
0.050,0.013,0.013,20.617,241111.562,8.296,68.000
0.051,0.012,0.012,21.477,236531.375,8.428,68.000
0.050,0.000,0.016,31.649,-3746.633,-0.956,68.000
0.048,0.018,0.012,21.055,242183.969,8.479,68.000
0.060,0.001,0.007,20.484,171508.031,2.862,68.000
0.050,0.001,0.008,23.844,162690.125,2.199,68.000
0.049,0.001,0.012,28.644,98724.273,2.194,68.000
0.047,0.002,0.013,21.956,208756.062,6.002,68.000
0.046,0.001,0.015,27.299,102031.430,0.508,68.000
0.051,0.009,0.013,20.981,230793.625,7.972,68.000
0.049,0.017,0.011,22.058,215052.812,7.732,68.000
0.052,0.010,0.013,20.722,225370.062,8.149,68.000
0.047,0.000,0.015,31.506,15089.211,-0.082,68.000
0.051,0.007,0.012,19.720,256113.375,7.940,68.000
0.051,0.005,0.012,19.353,245294.125,6.800,68.000
0.049,0.001,0.007,24.620,109287.914,0.855,68.000
0.045,0.002,0.010,18.711,228245.625,5.273,68.000
0.048,0.002,0.007,20.258,209274.625,2.862,68.000
0.051,0.024,0.010,19.971,262239.344,4.666,68.000
0.052,0.002,0.014,21.520,250509.156,4.269,68.000
0.048,0.001,0.008,24.742,100629.961,1.409,68.000
0.049,0.015,0.011,22.239,216385.250,8.553,68.000
0.051,0.022,0.013,21.237,241989.281,9.257,68.000
0.052,0.021,0.011,22.756,227988.875,5.974,68.000
0.049,0.026,0.010,18.905,283329.062,5.725,68.000
0.056,0.001,0.021,20.554,159968.969,1.629,68.000
0.052,0.011,0.010,20.380,269963.156,7.650,68.000
0.050,0.012,0.010,22.024,269502.375,7.424,68.000
0.049,0.016,0.012,22.369,223737.312,8.547,68.000
0.049,0.021,0.012,20.530,257348.406,7.925,68.000
0.048,0.001,0.015,21.998,244832.250,4.946,68.000
0.048,0.015,0.011,22.489,221131.000,8.758,68.000
0.057,0.001,0.011,22.184,212655.219,1.621,68.000
0.056,0.000,0.007,22.604,17958.688,1.937,68.000
0.040,0.001,0.011,20.406,139641.281,1.621,68.000
0.051,0.000,0.009,23.763,-7382.336,0.453,68.000
0.053,0.000,0.010,30.764,-932.516,2.937,68.000
0.047,0.000,0.022,22.315,16809.250,-0.442,68.000
0.047,0.000,0.011,26.679,-38628.656,-1.914,68.000
0.052,0.000,0.004,22.342,-67567.125,-0.801,68.000
0.057,0.001,0.007,21.436,162833.125,1.966,68.000
0.098,0.011,0.013,19.997,197183.875,6.173,68.000
0.048,0.024,0.012,20.610,296727.594,7.714,68.000
0.051,0.015,0.013,22.083,238492.469,8.447,68.000
0.053,0.000,0.009,27.339,-14380.117,2.865,68.000
0.051,0.000,0.023,18.105,-30297.133,3.564,68.000
0.050,0.009,0.010,20.613,275931.000,7.552,68.000
0.044,0.001,0.021,20.659,134819.094,2.154,68.000
0.048,0.000,0.013,30.554,22012.672,-0.043,68.000
0.045,0.001,0.020,21.868,194328.562,3.046,68.000
0.048,0.002,0.013,20.345,219407.188,6.432,68.000
0.050,0.013,0.010,21.832,250020.406,7.860,68.000
0.052,0.017,0.012,22.601,228032.219,7.780,68.000
0.100,0.011,0.011,16.839,26155.055,10.982,68.000
0.049,0.013,0.012,21.299,242743.625,8.753,68.000
0.043,0.001,0.016,21.608,128944.680,1.210,68.000
0.058,0.001,0.015,20.040,201716.219,2.596,68.000
0.045,0.002,0.010,18.904,238947.594,5.785,68.000
0.049,0.009,0.012,21.723,228147.656,7.533,68.000
0.052,0.022,0.012,22.500,230188.062,7.889,68.000
0.045,0.001,0.018,24.387,132247.594,1.641,68.000
0.051,0.001,0.015,23.537,258332.781,4.023,68.000
0.051,0.013,0.014,18.911,244682.406,7.563,68.000
0.099,0.013,0.013,23.665,154937.844,5.730,68.000
0.051,0.001,0.005,21.748,175165.125,2.958,68.000
0.050,0.013,0.010,22.066,243504.656,7.988,68.000
0.050,0.014,0.013,21.328,240216.688,8.603,68.000
0.098,0.010,0.012,18.689,208803.344,6.932,68.000
0.046,0.000,0.010,24.900,-17933.023,-0.298,68.000
0.052,0.002,0.011,19.464,275062.750,5.863,68.000
0.050,0.003,0.009,18.723,278989.906,5.395,68.000
0.050,0.014,0.013,21.139,238746.406,8.778,68.000
0.051,0.001,0.007,25.441,40065.305,-0.048,68.000
0.055,0.001,0.013,22.976,268309.750,3.771,68.000
0.044,0.002,0.010,18.458,222757.562,5.613,68.000
0.003,0.013,0.012,20.542,185350.688,7.204,68.000
0.052,0.001,0.010,27.164,83839.008,2.326,68.000
0.051,0.022,0.012,21.978,227934.562,8.174,68.000
0.044,0.000,0.006,24.714,22463.094,-1.248,68.000
0.050,0.010,0.013,20.133,236782.312,6.972,68.000
0.050,0.014,0.012,21.467,233692.469,8.974,68.000
0.052,0.001,0.018,24.695,96820.805,0.841,68.000
0.055,0.001,0.004,23.165,66281.586,2.120,68.000
0.055,0.001,0.016,23.982,134782.469,1.388,68.000
0.045,0.001,0.008,20.847,162570.125,2.015,68.000
0.048,0.008,0.013,21.421,212623.594,7.001,68.000
0.055,0.000,0.015,26.035,-42797.531,1.625,68.000
0.051,0.018,0.013,19.462,264197.719,8.399,68.000
0.051,0.009,0.010,20.330,267698.844,8.047,68.000
0.052,0.004,0.011,18.614,282812.125,6.487,68.000
0.052,0.001,0.017,22.979,241324.875,3.404,68.000
0.049,0.006,0.011,20.601,258476.000,7.077,68.000
0.051,0.022,0.012,22.534,233701.062,6.726,68.000
0.049,0.004,0.013,19.958,213460.938,6.228,68.000
0.050,0.027,0.013,26.318,242824.938,8.153,68.000
0.048,0.014,0.012,20.889,246132.688,8.845,68.000
0.050,0.027,0.014,24.887,117357.805,9.303,68.000
0.050,0.001,0.019,22.870,201336.062,2.895,68.000
0.050,0.009,0.011,21.082,257097.688,8.214,68.000
0.045,0.001,0.003,21.939,154765.156,0.781,68.000
0.057,0.001,0.005,22.199,137450.656,3.451,68.000
0.057,0.001,0.010,22.297,171317.969,0.548,68.000
0.041,0.001,0.007,20.211,182037.312,2.362,68.000
0.047,0.002,0.011,20.263,238980.406,6.442,68.000
0.050,0.006,0.014,18.096,208645.875,5.572,68.000
0.050,0.019,0.010,21.808,244822.594,6.658,68.000
0.051,0.002,0.009,20.115,252916.906,4.943,68.000
0.051,0.021,0.010,21.708,250549.969,5.021,68.000
0.052,0.001,0.021,21.045,179255.375,2.450,68.000
0.055,0.001,0.016,23.427,162466.594,1.585,68.000
0.049,0.002,0.011,19.998,259005.031,5.880,68.000
0.052,0.025,0.012,22.905,239496.750,7.127,68.000
0.052,0.001,0.016,23.552,243005.281,3.258,68.000
0.049,0.020,0.013,19.732,269248.688,9.684,68.000
0.048,0.002,0.014,20.955,225334.844,6.195,68.000
0.057,0.000,0.007,22.050,-16589.961,2.176,68.000
0.045,0.001,0.008,19.287,211061.375,2.952,68.000
0.049,0.011,0.011,22.111,247111.844,8.456,68.000
0.043,0.001,0.007,20.340,198117.719,1.918,68.000
0.100,0.011,0.012,19.249,5840.391,9.488,68.000
0.049,0.001,0.012,23.081,221375.844,5.054,68.000
0.049,0.023,0.010,18.978,283180.875,5.938,68.000
0.046,0.001,0.022,19.995,183309.156,2.875,68.000
0.050,0.003,0.012,19.954,236781.938,6.558,68.000
0.047,0.000,0.003,23.002,77414.914,0.755,68.000
0.052,0.003,0.010,18.145,287839.625,6.189,68.000
0.042,0.000,0.019,20.787,74292.242,0.970,68.000
0.050,0.015,0.011,22.413,221335.469,8.586,68.000
0.052,0.018,0.013,19.479,256628.062,8.366,68.000
0.048,0.025,0.012,21.057,298814.469,7.251,68.000
0.050,0.001,0.017,26.928,67212.102,-0.304,68.000
0.055,0.001,0.015,22.688,232639.438,2.848,68.000
0.058,0.000,0.018,19.110,63060.039,0.212,68.000
0.055,0.000,0.011,28.585,16959.102,3.532,68.000
0.050,0.017,0.012,22.668,222496.438,8.405,68.000
0.055,0.002,0.012,22.574,266670.125,4.398,68.000
0.051,0.015,0.010,21.753,221730.406,8.020,68.000
0.048,0.012,0.013,20.391,234187.062,6.757,68.000
0.056,0.000,0.021,22.166,-25727.992,-1.020,68.000
0.049,0.017,0.011,22.234,220042.500,7.889,68.000
0.050,0.004,0.012,20.401,251253.406,6.205,68.000
0.049,0.000,0.020,23.464,63531.727,-2.593,68.000
0.048,0.013,0.013,20.844,244265.625,7.819,68.000
0.051,0.014,0.014,18.707,260447.438,7.593,68.000
0.048,0.013,0.012,21.271,243263.188,8.399,68.000
0.040,0.001,0.012,20.799,139399.188,1.602,68.000
0.050,0.000,0.008,23.069,30124.164,0.049,68.000
0.051,0.000,0.008,21.500,53001.836,0.124,68.000
0.047,0.001,0.006,23.635,138754.500,1.481,68.000
0.051,0.013,0.010,21.076,259994.625,7.380,68.000
0.050,0.010,0.010,21.119,279105.219,7.359,68.000
0.051,0.010,0.013,20.334,230423.812,7.042,68.000
0.000,0.013,0.013,23.241,-77149.328,12.549,68.000
0.053,0.000,0.007,20.965,28431.617,1.448,68.000
0.053,0.001,0.017,23.590,203179.969,2.703,68.000
0.053,0.002,0.016,22.329,265063.531,3.719,68.000
0.048,0.001,0.022,21.665,78806.586,0.712,68.000
0.055,0.002,0.011,22.007,260594.031,4.296,68.000
0.046,0.001,0.019,22.952,213625.781,3.544,68.000
0.049,0.001,0.019,22.370,222483.156,3.452,68.000
0.051,0.006,0.013,19.195,243604.812,7.357,68.000
0.049,0.007,0.012,21.605,241518.188,8.130,68.000
0.051,0.025,0.010,20.472,259382.375,4.701,68.000
0.052,0.022,0.012,22.597,233544.094,7.413,68.000
0.052,0.002,0.014,20.337,259253.844,4.842,68.000
0.051,0.017,0.014,18.367,271367.250,7.918,68.000
0.051,0.002,0.010,20.115,258816.969,5.367,68.000
0.045,0.000,0.005,24.459,24004.430,-1.397,68.000
0.051,0.013,0.013,21.072,234902.500,8.900,68.000
0.048,0.001,0.015,21.776,230142.688,5.207,68.000
0.039,0.001,0.011,20.259,156805.562,1.677,68.000
0.052,0.012,0.011,20.749,250236.594,8.264,68.000
0.100,0.011,0.012,16.901,8733.914,8.848,68.000
0.043,0.001,0.010,19.373,184559.656,4.053,68.000
0.049,0.001,0.007,20.831,207083.500,2.578,68.000
0.052,0.023,0.012,22.650,229902.062,8.303,68.000
0.046,0.000,0.010,27.575,-56939.734,-0.520,68.000
0.048,0.001,0.012,21.270,240128.094,6.166,68.000
0.057,0.001,0.012,22.084,210503.188,1.791,68.000
0.049,0.026,0.014,21.632,292616.469,9.421,68.000
0.002,0.013,0.012,19.867,209127.562,7.296,68.000
0.051,0.007,0.014,19.040,205324.625,5.722,68.000
0.051,0.018,0.013,19.583,261674.000,8.417,68.000
0.055,0.000,0.002,23.597,-110619.656,-0.134,68.000
0.054,0.001,0.021,22.086,81176.586,0.761,68.000
0.051,0.010,0.011,20.923,260583.062,8.190,68.000
0.050,0.018,0.010,21.754,227169.969,6.740,68.000
0.050,0.026,0.013,22.505,273736.156,8.579,68.000
0.042,0.001,0.010,24.135,24636.266,-0.494,68.000
0.050,0.000,0.009,32.570,4392.945,2.088,68.000
0.050,0.016,0.010,21.375,218913.094,7.615,68.000
0.056,0.000,0.004,20.908,-4663.320,2.814,68.000
0.049,0.019,0.014,18.863,279399.375,9.391,68.000
0.046,0.000,0.021,23.386,57972.320,-0.893,68.000
0.060,0.001,0.011,19.935,205587.469,1.267,68.000
0.099,0.012,0.011,18.095,212422.031,7.938,68.000
0.051,0.010,0.012,21.576,237096.156,8.282,68.000
0.051,0.003,0.011,18.897,283036.594,6.070,68.000
0.050,0.012,0.012,21.317,240197.438,8.226,68.000
0.058,0.000,0.010,19.929,15096.656,1.681,68.000
0.001,0.011,0.012,21.313,174708.625,6.526,68.000
0.043,0.001,0.011,19.444,218756.656,4.802,68.000
0.053,0.001,0.009,23.880,176629.125,2.604,68.000
0.050,0.011,0.014,19.530,237142.812,6.665,68.000
0.049,0.006,0.011,20.979,261559.625,7.342,68.000
0.057,0.001,0.009,25.546,86496.180,1.056,68.000
0.056,0.001,0.006,24.848,-18053.812,1.658,68.000
0.052,0.008,0.013,19.642,223996.844,6.957,68.000
0.048,0.001,0.009,25.620,75556.242,0.982,68.000
0.043,0.001,0.012,21.787,172184.594,2.880,68.000
0.051,0.000,0.016,28.287,83675.664,1.025,68.000
0.051,0.015,0.012,22.239,220302.000,8.123,68.000
0.052,0.006,0.010,18.240,283936.219,6.742,68.000
0.045,0.001,0.014,21.650,219380.812,5.014,68.000
0.051,0.004,0.014,17.547,228694.781,5.418,68.000
0.048,0.006,0.013,19.925,202851.688,6.454,68.000
0.054,0.001,0.019,21.306,185217.906,2.360,68.000
0.050,0.000,0.010,29.459,-46415.070,1.128,68.000
0.053,0.001,0.006,23.090,138557.906,1.661,68.000
0.051,0.000,0.007,21.989,33930.289,0.212,68.000
0.053,0.001,0.008,25.149,98089.570,1.379,68.000
0.057,0.002,0.014,21.290,208401.281,3.034,68.000
0.052,0.000,0.017,24.952,-1273.625,0.234,68.000
0.043,0.000,0.018,23.878,90958.320,-0.857,68.000
0.049,0.014,0.013,20.199,254316.312,8.137,68.000
0.049,0.008,0.011,21.577,248540.031,8.020,68.000
0.050,0.020,0.013,19.705,263519.750,9.098,68.000
0.048,0.016,0.011,22.042,224407.438,8.572,68.000
0.045,0.000,0.015,30.233,-39547.988,0.789,68.000
0.053,0.001,0.015,22.619,263271.938,3.861,68.000
0.049,0.001,0.014,25.678,177948.750,3.103,68.000
0.043,0.000,0.007,23.652,3298.484,-1.410,68.000
0.052,0.011,0.012,21.097,235444.188,8.395,68.000
0.050,0.023,0.013,20.807,266421.000,8.564,68.000
0.048,0.000,0.009,25.322,-29504.492,0.207,68.000
0.050,0.000,0.003,22.299,-76776.055,-0.649,68.000
0.052,0.000,0.001,21.603,-46061.121,0.474,68.000
0.044,0.001,0.017,22.237,189496.250,2.606,68.000
0.041,0.001,0.013,21.116,148560.000,1.929,68.000
0.048,0.006,0.014,18.658,205305.875,6.415,68.000
0.049,0.009,0.010,21.184,277491.969,7.638,68.000
0.050,0.006,0.013,19.406,229281.469,6.864,68.000
0.049,0.000,0.002,19.792,-24150.992,-0.870,68.000
0.053,0.001,0.010,21.490,242679.250,4.561,68.000
0.049,0.010,0.012,21.602,225919.156,7.389,68.000
0.056,0.000,0.020,21.275,-18155.688,2.590,68.000
0.050,0.019,0.014,18.272,276987.688,8.786,68.000
0.051,0.002,0.014,20.148,250135.594,4.856,68.000
0.050,0.000,0.004,22.213,-41244.445,-0.712,68.000
0.051,0.016,0.014,19.151,268159.844,7.953,68.000
0.049,0.012,0.011,22.006,257164.688,7.950,68.000
0.049,0.010,0.014,19.167,238578.375,6.206,68.000
0.050,0.000,0.022,22.017,-1069.273,-0.051,68.000
0.044,0.001,0.008,24.055,57076.727,0.511,68.000
0.049,0.019,0.013,19.540,274486.281,9.116,68.000
0.051,0.024,0.013,22.207,249400.938,9.400,68.000
0.046,0.000,0.018,25.711,31566.180,0.484,68.000
0.042,0.001,0.016,19.682,196197.094,3.357,68.000
0.050,0.008,0.014,19.629,227196.812,6.400,68.000
0.047,0.000,0.004,21.973,-19134.039,-0.573,68.000
0.041,0.001,0.012,20.987,143471.875,2.266,68.000
0.049,0.000,0.005,22.610,-59503.195,-0.872,68.000
0.048,0.001,0.017,27.992,60162.992,0.074,68.000
0.054,0.000,0.002,22.709,-88686.727,-1.229,68.000
0.050,0.007,0.012,20.543,245094.062,8.319,68.000
0.051,0.016,0.014,19.995,265650.312,8.014,68.000
0.052,0.020,0.012,22.663,217466.906,7.533,68.000
0.051,0.009,0.011,21.296,249743.906,8.668,68.000
0.051,0.013,0.010,21.350,259925.156,7.550,68.000
0.054,0.001,0.013,30.143,43774.820,1.308,68.000
0.048,0.000,0.008,29.390,32495.758,2.212,68.000
0.045,0.001,0.018,22.257,230433.406,3.902,68.000
0.049,0.021,0.013,20.324,263317.781,8.719,68.000
0.050,0.020,0.011,21.536,245931.969,6.729,68.000
0.042,0.001,0.013,23.891,16500.039,-0.696,68.000
0.054,0.001,0.006,21.466,176103.719,2.569,68.000
0.050,0.020,0.013,20.376,256438.844,8.864,68.000
0.048,0.007,0.011,20.852,250290.312,7.597,68.000
0.052,0.016,0.011,22.460,228027.344,7.684,68.000
0.049,0.026,0.012,22.293,279590.500,8.070,68.000
0.058,0.001,0.012,20.290,249822.281,2.954,68.000
0.049,0.001,0.010,23.932,125311.883,3.088,68.000
0.053,0.000,0.015,29.452,-28680.945,-1.098,68.000
0.000,0.013,0.013,23.663,-80355.844,12.258,68.000
0.051,0.012,0.013,20.985,230754.375,8.429,68.000
0.042,0.000,0.015,22.988,-22996.594,-2.558,68.000
0.001,0.013,0.013,20.996,103506.586,8.130,68.000
0.049,0.026,0.011,19.810,286180.406,5.995,68.000
0.048,0.001,0.003,22.027,161453.562,1.905,68.000
0.043,0.001,0.015,22.025,161836.125,1.561,68.000
0.050,0.023,0.011,20.779,253951.406,5.518,68.000
0.051,0.012,0.011,21.121,252561.062,8.296,68.000
0.049,0.007,0.014,18.130,212582.125,6.234,68.000
0.057,0.000,0.004,23.673,70956.586,2.873,68.000
0.043,0.001,0.007,21.009,186527.656,1.698,68.000
0.048,0.015,0.011,22.587,218331.656,8.683,68.000
0.050,0.001,0.015,25.050,214055.250,3.820,68.000
0.050,0.017,0.014,18.089,268202.719,7.805,68.000
0.049,0.020,0.011,20.756,257350.062,7.276,68.000
0.058,0.001,0.014,19.774,177126.188,2.446,68.000
0.039,0.001,0.013,23.475,67272.211,-0.413,68.000
0.054,0.001,0.010,21.508,243668.531,4.238,68.000
0.050,0.008,0.013,19.511,227801.281,7.161,68.000
0.059,0.001,0.014,23.390,72694.258,1.371,68.000
0.052,0.001,0.006,24.794,39101.898,0.471,68.000
0.052,0.000,0.010,29.830,-68258.289,1.131,68.000
0.055,0.001,0.014,23.304,230444.219,2.903,68.000
0.046,0.001,0.006,21.054,212872.406,2.614,68.000
0.053,0.001,0.014,24.865,180865.875,2.246,68.000
0.051,0.001,0.008,23.787,166539.875,2.227,68.000
0.048,0.019,0.014,18.864,278021.469,9.805,68.000
0.052,0.016,0.012,22.660,229278.406,7.443,68.000
0.059,0.001,0.006,21.024,138484.500,2.614,68.000
0.043,0.001,0.006,23.767,123181.477,0.882,68.000
0.052,0.020,0.012,21.953,221258.469,8.178,68.000
0.050,0.014,0.011,22.027,231403.719,8.177,68.000
0.047,0.000,0.009,22.911,50998.914,0.394,68.000
0.052,0.008,0.014,19.644,217955.938,6.678,68.000
0.040,0.001,0.013,19.341,177405.375,2.709,68.000
0.055,0.000,0.018,26.471,-11633.047,-0.125,68.000
0.048,0.019,0.013,21.204,244226.188,9.836,68.000
0.045,0.001,0.002,21.857,151641.219,0.834,68.000
0.043,0.000,0.016,22.726,114080.820,0.639,68.000
0.050,0.018,0.012,21.955,239171.031,9.226,68.000
0.044,0.002,0.010,18.407,219648.281,5.428,68.000
0.052,0.006,0.012,18.875,266412.000,7.045,68.000
0.054,0.001,0.007,25.169,48240.445,1.128,68.000
0.050,0.005,0.012,19.543,245034.281,6.986,68.000
0.054,0.001,0.006,23.752,87389.711,1.860,68.000
0.051,0.010,0.010,20.373,276771.562,7.535,68.000
0.049,0.012,0.013,20.968,232510.375,7.311,68.000
0.048,0.006,0.012,20.589,225159.688,6.837,68.000
0.050,0.001,0.013,26.440,193307.156,3.598,68.000
0.055,0.000,0.005,23.925,-117328.805,0.777,68.000
0.050,0.018,0.013,21.679,243528.219,8.923,68.000
0.050,0.016,0.011,22.321,215209.438,7.965,68.000
0.050,0.003,0.013,19.715,236203.781,6.494,68.000
0.056,0.001,0.012,21.348,255435.844,3.565,68.000
0.048,0.018,0.011,21.629,228273.000,7.990,68.000
0.051,0.001,0.004,22.625,148029.406,2.509,68.000
0.044,0.001,0.012,24.847,113244.445,1.992,68.000
0.048,0.000,0.009,26.414,35065.102,-0.569,68.000
0.050,0.007,0.014,18.839,209185.062,5.834,68.000
0.053,0.000,0.007,22.681,43012.977,0.467,68.000
0.052,0.000,0.023,21.755,25111.406,0.211,68.000
0.045,0.002,0.015,21.283,253680.562,4.474,68.000
0.052,0.010,0.012,21.095,243031.469,8.404,68.000
0.048,0.004,0.013,19.805,209410.969,6.190,68.000
0.044,0.000,0.014,27.437,17621.844,-0.551,68.000
0.058,0.000,0.008,23.898,5750.953,3.146,68.000
0.052,0.001,0.019,22.038,201222.781,2.918,68.000
0.060,0.001,0.012,22.367,84911.305,0.768,68.000
0.052,0.001,0.013,30.182,76662.352,1.760,68.000
0.050,0.022,0.013,20.504,256477.750,9.222,68.000
0.052,0.003,0.013,19.601,258960.562,4.985,68.000
0.052,0.001,0.022,21.384,138283.750,1.390,68.000
0.056,0.001,0.020,21.952,125810.695,0.639,68.000
0.049,0.009,0.012,21.862,233790.719,7.840,68.000
0.050,0.026,0.012,22.860,266706.125,7.940,68.000
0.051,0.008,0.013,20.147,232330.562,7.600,68.000
0.054,0.001,0.022,21.123,119176.773,0.609,68.000
0.048,0.005,0.012,20.573,227735.062,6.702,68.000
0.050,0.001,0.007,24.872,85844.992,0.486,68.000
0.043,0.001,0.005,22.869,160135.719,1.124,68.000
0.051,0.001,0.006,21.053,180028.219,2.563,68.000
0.050,0.007,0.013,18.930,226846.656,6.939,68.000
0.096,0.012,0.012,19.712,199923.875,7.509,68.000
0.051,0.009,0.013,21.008,228201.156,7.821,68.000
0.041,0.000,0.007,23.392,55346.383,0.588,68.000
0.050,0.012,0.011,21.308,252268.844,8.155,68.000
0.000,0.013,0.013,30.279,-7690.414,8.307,68.000
0.051,0.008,0.013,19.858,234501.844,7.554,68.000
0.050,0.019,0.010,21.402,252701.625,6.554,68.000
0.051,0.005,0.014,17.842,226022.594,6.348,68.000
0.050,0.005,0.009,18.392,290535.312,5.375,68.000
0.003,0.011,0.012,20.936,175459.625,6.569,68.000
0.002,0.010,0.012,21.134,169456.938,6.170,68.000
0.051,0.005,0.010,18.449,290665.000,6.062,68.000
0.052,0.005,0.014,17.592,236176.125,5.511,68.000
0.051,0.014,0.011,21.783,224376.094,8.017,68.000
0.056,0.001,0.006,21.472,173955.188,2.982,68.000
0.048,0.008,0.012,21.808,232083.656,7.565,68.000
0.048,0.016,0.013,21.401,225887.125,8.815,68.000
0.047,0.001,0.014,29.163,68847.836,1.264,68.000
0.050,0.001,0.016,28.806,71548.445,1.166,68.000
0.051,0.005,0.013,18.672,247697.562,6.753,68.000
0.049,0.015,0.013,20.831,248000.219,8.706,68.000
0.098,0.012,0.011,17.583,211234.312,8.488,68.000
0.043,0.001,0.004,21.784,200917.531,1.688,68.000
0.051,0.002,0.017,22.071,275499.094,4.122,68.000
0.097,0.013,0.013,22.692,172097.844,6.658,68.000
0.050,0.015,0.012,22.072,234613.250,8.402,68.000
0.051,0.003,0.011,18.935,283742.125,6.292,68.000
0.058,0.001,0.008,20.695,159696.719,1.182,68.000
0.046,0.001,0.004,23.320,158600.625,1.185,68.000
0.052,0.001,0.003,23.293,104088.039,1.879,68.000
0.048,0.001,0.022,19.849,175201.844,2.500,68.000
0.049,0.008,0.012,21.583,249771.344,8.341,68.000
0.049,0.016,0.014,20.397,255242.000,8.394,68.000
0.053,0.001,0.002,24.464,-28612.953,0.066,68.000
0.052,0.010,0.012,20.685,232926.188,8.332,68.000
0.052,0.001,0.019,22.170,206202.375,2.997,68.000
0.049,0.021,0.012,20.751,263543.188,8.356,68.000
0.052,0.001,0.007,21.621,182109.625,2.430,68.000
0.045,0.001,0.006,23.888,107844.805,0.907,68.000
0.058,0.000,0.018,18.831,50618.570,0.343,68.000
0.100,0.013,0.013,21.083,40030.211,7.495,68.000
0.050,0.021,0.011,21.086,254491.938,5.987,68.000
0.049,0.002,0.014,20.009,234783.531,5.426,68.000
0.049,0.005,0.011,19.422,266621.906,6.302,68.000
0.050,0.018,0.010,21.774,229455.375,6.606,68.000
0.048,0.000,0.022,24.793,-3349.367,-1.359,68.000
0.050,0.005,0.010,18.758,287213.219,5.726,68.000
0.052,0.007,0.013,18.854,239166.031,7.130,68.000
0.050,0.018,0.013,19.677,262418.156,8.814,68.000
0.053,0.000,0.014,28.281,-31697.680,1.654,68.000
0.048,0.001,0.011,26.208,85205.367,2.169,68.000
0.049,0.018,0.013,22.489,232750.094,9.305,68.000
0.049,0.022,0.012,20.798,272174.000,7.630,68.000
0.049,0.013,0.013,20.548,243919.969,7.962,68.000
0.045,0.000,0.018,24.139,15504.828,1.389,68.000
0.046,0.000,0.014,32.387,-30870.094,-0.119,68.000
0.052,0.002,0.007,21.663,193624.625,2.532,68.000
0.100,0.013,0.011,21.185,-48176.562,11.285,68.000
0.051,0.003,0.012,19.727,257523.250,6.343,68.000
0.048,0.012,0.010,22.699,247694.062,7.893,68.000
0.050,0.021,0.012,21.599,250397.438,7.918,68.000
0.052,0.018,0.013,20.090,250157.094,8.311,68.000
0.053,0.000,0.015,26.389,-28625.477,0.148,68.000
0.049,0.001,0.017,27.139,88072.477,0.673,68.000
0.054,0.000,0.009,31.591,12697.570,2.811,68.000
0.049,0.013,0.012,21.473,241022.094,8.574,68.000
0.048,0.018,0.013,21.005,256762.406,9.538,68.000
0.049,0.004,0.012,20.244,232106.688,6.164,68.000
0.059,0.001,0.015,18.979,175854.531,2.155,68.000
0.057,0.001,0.018,20.286,194273.062,1.844,68.000
0.048,0.006,0.014,18.434,208447.781,6.568,68.000
0.056,0.001,0.020,22.772,121355.336,0.419,68.000
0.049,0.020,0.012,20.662,257793.562,8.221,68.000
0.050,0.005,0.009,18.520,288808.188,5.347,68.000
0.051,0.024,0.012,22.334,250146.844,7.037,68.000
0.049,0.019,0.013,19.062,276500.531,9.552,68.000
0.050,0.002,0.009,20.580,237562.125,3.959,68.000
0.049,0.001,0.013,27.496,144361.500,3.078,68.000
0.049,0.018,0.012,22.417,227879.656,8.667,68.000
0.044,0.001,0.010,22.334,128991.648,2.971,68.000
0.051,0.025,0.014,22.212,265214.219,9.492,68.000
0.051,0.001,0.015,25.517,212048.719,3.507,68.000
0.051,0.006,0.010,18.117,286549.969,6.670,68.000
0.048,0.000,0.017,25.936,37362.773,0.305,68.000
0.051,0.020,0.013,20.483,238863.062,8.872,68.000
0.002,0.012,0.010,18.038,252874.688,5.042,68.000
0.100,0.013,0.011,23.614,-12751.156,10.196,68.000
0.049,0.005,0.013,18.983,212152.719,6.377,68.000
0.042,0.001,0.009,20.422,151659.188,1.793,68.000
0.049,0.007,0.012,21.120,229797.062,7.813,68.000
0.051,0.001,0.022,22.836,55842.461,-0.582,68.000
0.057,0.001,0.009,23.205,105672.242,1.077,68.000
0.001,0.013,0.013,21.323,140582.750,8.014,68.000
0.057,0.001,0.018,20.443,189280.312,1.843,68.000
0.043,0.000,0.005,22.691,126900.930,0.186,68.000
0.049,0.024,0.013,20.745,283012.969,8.619,68.000
0.049,0.007,0.013,20.280,227861.031,7.578,68.000
0.050,0.018,0.014,17.898,269429.344,7.894,68.000
0.040,0.000,0.011,22.519,-103202.828,2.301,68.000
0.043,0.001,0.015,21.185,198015.781,2.658,68.000
0.049,0.007,0.013,19.711,217362.062,7.039,68.000
0.051,0.026,0.010,21.051,232329.344,5.501,68.000
0.044,0.000,0.014,27.761,-5536.016,-1.302,68.000
0.051,0.026,0.010,19.876,268711.906,5.342,68.000
0.057,0.000,0.007,21.645,25101.078,3.133,68.000
0.048,0.001,0.005,22.041,181097.531,2.541,68.000
0.047,0.001,0.008,19.805,212917.844,2.696,68.000
0.056,0.000,0.019,19.975,-37597.633,4.155,68.000
0.046,0.001,0.019,22.164,227368.500,3.790,68.000
0.099,0.013,0.011,17.946,210272.156,8.678,68.000
0.057,0.000,0.009,20.945,-23535.500,1.946,68.000
0.050,0.001,0.014,30.776,49992.195,1.354,68.000
0.051,0.004,0.012,19.730,269642.750,6.390,68.000
0.047,0.001,0.015,25.435,200394.375,3.317,68.000
0.051,0.001,0.009,23.580,182520.125,2.843,68.000
0.056,0.001,0.014,23.666,129514.836,1.307,68.000
0.049,0.008,0.013,20.764,227071.344,7.480,68.000
0.048,0.000,0.012,31.384,840.344,1.064,68.000
0.050,0.001,0.003,22.873,125166.508,1.726,68.000
0.049,0.005,0.012,20.424,227648.156,6.682,68.000
0.045,0.001,0.005,21.554,195231.906,2.101,68.000
0.050,0.001,0.016,24.323,253140.500,4.019,68.000
0.049,0.027,0.010,14.155,334337.406,8.311,68.000
0.049,0.016,0.011,22.160,217163.344,8.282,68.000
0.056,0.001,0.007,23.451,112260.602,2.038,68.000
0.051,0.010,0.010,20.572,269457.062,7.837,68.000
0.045,0.001,0.013,22.088,215355.875,5.097,68.000
0.052,0.019,0.013,20.514,240065.531,8.539,68.000
0.060,0.001,0.012,19.845,192862.344,0.679,68.000
0.051,0.026,0.013,23.148,249399.906,9.475,68.000
0.057,0.001,0.007,22.926,136425.688,2.117,68.000
0.052,0.003,0.013,18.784,255891.438,5.620,68.000
0.051,0.001,0.009,26.919,32313.461,1.020,68.000
0.053,0.000,0.015,26.135,34915.992,0.949,68.000
0.052,0.001,0.005,22.940,151601.094,2.531,68.000
0.041,0.001,0.010,19.002,177525.906,3.034,68.000
0.052,0.016,0.010,22.245,229890.812,7.748,68.000
0.098,0.014,0.012,21.855,185224.750,7.626,68.000
0.055,0.001,0.017,26.106,75098.102,1.393,68.000
0.048,0.022,0.013,19.876,284145.719,9.155,68.000
0.050,0.018,0.010,21.737,224224.469,6.757,68.000
0.048,0.000,0.011,29.476,28126.273,2.053,68.000
0.052,0.000,0.002,24.874,-84402.844,-0.644,68.000
0.056,0.001,0.018,20.756,204590.938,2.430,68.000
0.051,0.025,0.013,23.111,253762.531,8.823,68.000
0.050,0.000,0.008,26.353,18567.930,1.945,68.000
0.043,0.001,0.010,18.720,207381.438,4.628,68.000
0.049,0.023,0.011,19.024,279712.500,6.052,68.000
0.048,0.014,0.013,19.873,253455.125,8.094,68.000
0.049,0.006,0.010,19.127,267297.938,6.132,68.000
0.049,0.001,0.006,22.684,170027.438,2.514,68.000
0.058,0.001,0.012,20.089,252730.281,2.968,68.000
0.051,0.001,0.019,23.842,121489.758,1.403,68.000
0.055,0.001,0.019,23.498,90245.992,0.920,68.000
0.050,0.021,0.014,19.231,264800.750,9.164,68.000
0.052,0.002,0.008,21.810,204004.312,2.639,68.000
0.049,0.021,0.011,20.238,262644.406,7.384,68.000
0.049,0.022,0.011,19.617,279835.406,6.569,68.000
0.050,0.020,0.012,21.870,243748.906,7.544,68.000
0.048,0.000,0.016,29.075,-1870.383,-1.024,68.000
0.060,0.000,0.011,21.767,85245.742,1.903,68.000
0.052,0.010,0.013,20.914,224584.938,8.205,68.000
0.051,0.009,0.012,21.281,227171.688,8.081,68.000
0.042,0.001,0.013,20.219,207295.188,3.465,68.000
0.048,0.012,0.013,20.305,235050.094,6.681,68.000
0.044,0.001,0.009,19.168,196825.000,2.548,68.000
0.049,0.015,0.012,22.115,221921.000,8.916,68.000
0.050,0.000,0.004,21.117,-34007.672,-0.922,68.000
0.044,0.001,0.005,22.290,185579.750,1.770,68.000
0.098,0.013,0.011,19.771,199314.781,8.267,68.000
0.055,0.000,0.015,26.727,-15806.203,-1.530,68.000
0.055,0.000,0.017,24.873,33116.602,-0.443,68.000
0.058,0.001,0.006,25.074,-70528.422,3.249,68.000
0.047,0.000,0.013,32.774,-31069.477,-0.156,68.000
0.052,0.002,0.014,21.022,255387.094,4.409,68.000
0.052,0.000,0.006,23.670,29540.117,0.695,68.000
0.052,0.010,0.012,20.972,240041.312,8.513,68.000
0.053,0.000,0.015,29.572,8932.492,-0.002,68.000
0.046,0.000,0.014,31.324,-13787.180,-0.063,68.000
0.051,0.021,0.014,19.783,253991.750,9.369,68.000
0.057,0.000,0.014,22.998,-32125.102,2.064,68.000
0.050,0.026,0.013,22.009,282809.562,9.257,68.000
0.040,0.001,0.011,20.063,158844.938,1.717,68.000
0.059,0.001,0.018,18.698,185726.469,1.395,68.000
0.054,0.002,0.015,22.267,251850.750,3.269,68.000
0.051,0.004,0.010,18.356,287885.219,5.905,68.000
0.046,0.001,0.013,29.189,32110.680,0.481,68.000
0.049,0.000,0.005,24.713,1707.883,0.007,68.000
0.050,0.023,0.013,21.084,254718.125,9.005,68.000
0.052,0.025,0.011,21.044,248186.375,5.577,68.000
0.057,0.001,0.018,21.135,170816.219,1.538,68.000
0.051,0.002,0.015,20.247,242294.688,4.933,68.000
0.053,0.002,0.009,21.798,222679.938,3.586,68.000
0.045,0.000,0.021,22.892,6708.133,0.447,68.000
0.053,0.001,0.009,22.437,216231.094,3.199,68.000
0.052,0.013,0.012,21.039,224974.938,8.499,68.000
0.044,0.001,0.017,21.179,251573.906,4.070,68.000
0.041,0.000,0.011,24.435,-95765.000,-1.819,68.000
0.051,0.023,0.013,21.908,235311.625,9.122,68.000
0.049,0.001,0.003,22.553,147798.469,1.745,68.000
0.051,0.004,0.012,19.724,257041.969,6.269,68.000
0.050,0.008,0.014,19.630,228197.281,6.735,68.000
0.052,0.013,0.012,20.935,222874.531,8.357,68.000
0.045,0.001,0.018,23.104,195851.000,3.116,68.000
0.044,0.002,0.013,20.792,207627.750,4.677,68.000
0.050,0.014,0.011,22.136,222751.156,8.571,68.000
0.048,0.007,0.012,20.624,218386.531,7.291,68.000
0.043,0.001,0.012,25.038,89348.992,0.929,68.000
0.052,0.001,0.001,22.406,79066.711,1.550,68.000
0.051,0.023,0.013,21.804,245638.531,9.346,68.000
0.050,0.012,0.009,21.453,282804.844,7.192,68.000
0.045,0.002,0.007,19.733,210235.344,2.460,68.000
0.059,0.000,0.013,20.368,-79919.625,1.740,68.000
0.049,0.010,0.014,20.245,232921.031,6.207,68.000
0.049,0.006,0.012,20.781,240176.656,7.495,68.000
0.046,0.002,0.007,19.996,214111.969,2.609,68.000
0.052,0.022,0.013,22.145,231350.500,8.617,68.000
0.042,0.000,0.017,24.582,-20075.719,-0.798,68.000
0.048,0.024,0.013,20.422,290575.688,8.438,68.000
0.048,0.024,0.012,20.394,293905.938,7.746,68.000
0.050,0.018,0.013,21.244,249367.531,8.782,68.000
0.051,0.006,0.010,18.619,280263.219,6.388,68.000
0.050,0.000,0.013,30.076,-11445.430,-1.444,68.000
0.041,0.001,0.005,21.365,209614.969,2.315,68.000
0.055,0.001,0.010,23.594,197001.188,2.438,68.000
0.050,0.018,0.014,18.874,272871.000,8.656,68.000
0.059,0.000,0.012,22.512,2102.672,1.428,68.000
0.049,0.024,0.012,21.199,282154.438,7.727,68.000
0.049,0.005,0.011,20.951,261012.656,7.100,68.000
0.051,0.010,0.013,20.926,222564.031,7.688,68.000
0.047,0.001,0.017,24.653,182185.812,2.557,68.000
0.049,0.025,0.012,21.433,282849.562,6.895,68.000
0.050,0.012,0.014,18.591,238636.281,6.991,68.000
0.056,0.001,0.017,23.113,114515.711,1.253,68.000
0.051,0.020,0.014,18.669,260617.406,9.178,68.000
0.051,0.023,0.010,20.218,259144.219,4.591,68.000
0.048,0.010,0.010,22.079,264295.812,7.798,68.000
0.098,0.011,0.011,17.062,217124.688,8.076,68.000
0.058,0.001,0.014,19.783,184433.906,2.463,68.000
0.050,0.010,0.013,21.354,224577.656,7.312,68.000
0.052,0.020,0.011,23.107,217646.625,6.468,68.000
0.057,0.001,0.006,22.696,119081.539,2.675,68.000
0.050,0.027,0.011,26.421,192998.344,8.933,68.000
0.044,0.001,0.015,22.627,195866.156,2.759,68.000
0.054,0.002,0.014,23.259,237017.812,3.521,68.000
0.051,0.006,0.009,18.207,289014.500,6.133,68.000
0.052,0.016,0.012,22.833,229809.250,7.568,68.000
0.042,0.001,0.011,23.602,64877.055,0.681,68.000
0.052,0.001,0.002,23.124,83380.758,1.453,68.000
0.054,0.001,0.013,23.780,241018.469,3.652,68.000
0.050,0.022,0.012,21.414,253241.844,7.486,68.000
0.049,0.000,0.012,29.028,1008.375,-1.347,68.000
0.050,0.018,0.014,18.350,274194.156,7.894,68.000
0.054,0.001,0.006,22.876,143075.094,2.134,68.000
0.049,0.014,0.014,19.159,254664.031,8.090,68.000
0.048,0.019,0.011,21.242,243522.188,7.962,68.000
0.052,0.021,0.013,20.395,239760.188,9.028,68.000
0.051,0.001,0.008,26.029,92881.055,1.243,68.000
0.051,0.001,0.015,25.165,209216.031,3.001,68.000
0.051,0.021,0.011,21.850,241410.188,6.317,68.000
0.052,0.012,0.011,20.999,257170.594,7.947,68.000
0.050,0.017,0.011,22.418,221361.156,7.653,68.000
0.049,0.018,0.013,20.608,255258.406,9.360,68.000
0.051,0.001,0.014,25.360,195983.406,3.530,68.000
0.046,0.001,0.014,22.460,224651.375,5.025,68.000
0.046,0.001,0.002,21.373,143453.094,0.957,68.000
0.052,0.006,0.012,18.663,262171.406,6.845,68.000
0.054,0.000,0.008,27.506,15892.945,2.446,68.000
0.049,0.009,0.010,20.997,263649.688,8.001,68.000
0.051,0.011,0.010,20.562,270521.688,7.704,68.000
0.049,0.008,0.012,21.834,231972.250,7.764,68.000
0.049,0.006,0.010,18.882,280694.688,5.570,68.000
0.098,0.013,0.011,18.035,204842.219,8.663,68.000
0.041,0.001,0.006,23.031,137073.469,0.934,68.000
0.041,0.001,0.016,20.081,116425.023,1.927,68.000
0.048,0.014,0.013,21.011,246211.531,8.618,68.000
0.051,0.008,0.015,19.335,210743.219,5.715,68.000
0.057,0.001,0.014,20.832,192150.219,3.101,68.000
0.050,0.009,0.013,20.930,232698.250,7.713,68.000
0.048,0.016,0.012,22.052,221675.438,8.502,68.000
0.048,0.013,0.011,21.980,233294.781,8.825,68.000
0.045,0.000,0.005,21.652,17680.703,0.427,68.000
0.050,0.013,0.012,21.291,239791.531,8.824,68.000
0.043,0.001,0.007,20.079,191032.188,1.831,68.000
0.099,0.013,0.012,22.125,182658.906,7.150,68.000
0.048,0.000,0.021,23.822,-24187.367,0.776,68.000
0.043,0.000,0.014,25.659,40265.977,-0.416,68.000
0.050,0.005,0.014,17.841,216989.219,5.791,68.000
0.052,0.022,0.011,22.752,229074.906,5.606,68.000
0.002,0.010,0.012,20.983,169855.969,6.125,68.000
0.041,0.000,0.013,24.274,-17095.273,1.254,68.000
0.049,0.019,0.011,21.250,242727.156,7.753,68.000
0.043,0.000,0.019,22.411,1186.164,-0.661,68.000
0.041,0.001,0.018,19.391,197948.969,3.818,68.000
0.049,0.000,0.015,27.963,25981.039,1.192,68.000
0.057,0.002,0.015,21.231,200791.000,2.984,68.000
0.050,0.007,0.014,18.492,209084.500,5.846,68.000
0.048,0.012,0.013,21.401,234038.844,7.304,68.000
0.050,0.008,0.011,20.878,258377.281,8.160,68.000
0.045,0.001,0.021,21.145,171993.500,2.382,68.000
0.050,0.006,0.010,18.790,276485.969,6.236,68.000
0.053,0.002,0.010,20.033,272477.312,5.797,68.000
0.051,0.007,0.010,18.788,274320.156,6.999,68.000
0.048,0.000,0.013,32.404,-5264.711,0.463,68.000
0.049,0.008,0.014,19.138,234237.562,6.411,68.000
0.051,0.027,0.012,28.066,182915.531,7.201,68.000
0.051,0.006,0.011,18.428,282503.531,7.065,68.000
0.049,0.001,0.020,22.796,147894.031,2.138,68.000
0.041,0.000,0.017,22.753,1026.711,0.690,68.000
0.051,0.003,0.013,18.692,247324.375,6.289,68.000
0.057,0.001,0.009,26.065,7947.508,1.583,68.000
0.049,0.025,0.010,18.674,283408.438,6.150,68.000
0.050,0.000,0.006,23.675,-28588.930,0.432,68.000
0.048,0.006,0.011,20.631,246492.031,7.093,68.000
0.050,0.019,0.014,18.264,275892.719,9.025,68.000
0.049,0.022,0.012,20.809,261418.969,7.080,68.000
0.051,0.016,0.013,20.400,260467.219,7.971,68.000
0.050,0.008,0.014,19.603,233138.188,6.817,68.000
0.048,0.003,0.013,19.529,213098.531,6.417,68.000
0.051,0.025,0.012,22.472,267959.406,7.429,68.000
0.051,0.026,0.014,22.672,255802.531,9.550,68.000
0.048,0.024,0.013,20.260,289295.469,8.575,68.000
0.050,0.001,0.001,23.158,1193.438,-0.050,68.000
0.047,0.002,0.008,19.409,218908.500,2.743,68.000
0.042,0.001,0.016,18.093,221578.844,4.246,68.000
0.051,0.018,0.011,22.204,232503.094,6.774,68.000
0.002,0.010,0.011,19.558,201302.250,5.544,68.000
0.098,0.010,0.011,17.053,218026.719,7.922,68.000
0.049,0.017,0.013,22.378,238594.781,9.113,68.000
0.001,0.013,0.013,21.038,171299.188,8.342,68.000
0.047,0.000,0.005,20.618,16010.039,2.165,68.000
0.052,0.010,0.011,20.935,250833.906,8.317,68.000
0.047,0.002,0.008,19.390,220366.219,3.029,68.000
0.051,0.005,0.012,20.189,265650.250,6.692,68.000
0.049,0.015,0.013,20.828,254022.656,8.347,68.000
0.043,0.001,0.013,20.794,211736.219,4.092,68.000
0.049,0.000,0.008,29.215,-17189.211,1.938,68.000
0.050,0.001,0.019,23.731,144290.125,1.694,68.000
0.050,0.012,0.014,18.742,239769.938,7.108,68.000
0.052,0.001,0.007,25.491,65223.055,0.400,68.000
0.061,0.000,0.012,19.916,172552.438,2.482,68.000
0.051,0.005,0.010,18.254,293778.375,6.312,68.000
0.046,0.000,0.009,28.015,-16711.195,1.903,68.000
0.052,0.004,0.010,18.092,290066.562,6.266,68.000
0.050,0.025,0.013,21.583,272162.031,8.818,68.000
0.053,0.001,0.011,29.866,47988.789,1.071,68.000
0.051,0.001,0.005,22.824,156108.031,2.465,68.000
0.050,0.003,0.011,19.494,276573.156,6.476,68.000
0.048,0.000,0.017,27.505,10386.008,-0.223,68.000
0.044,0.001,0.006,21.484,208114.062,2.419,68.000
0.052,0.004,0.013,18.242,256736.625,6.776,68.000
0.057,0.001,0.006,23.116,103801.508,2.625,68.000
0.049,0.025,0.011,19.234,276453.750,5.629,68.000
0.052,0.019,0.011,23.129,215357.938,7.020,68.000
0.046,0.000,0.015,29.531,43292.945,-0.018,68.000
0.044,0.000,0.017,25.828,56029.398,-0.177,68.000
0.046,0.001,0.006,20.876,209449.531,2.471,68.000
0.045,0.000,0.014,29.897,-27927.047,0.397,68.000
0.049,0.021,0.012,20.727,264732.750,8.685,68.000
0.098,0.012,0.011,17.502,211552.875,8.571,68.000
0.055,0.001,0.009,25.146,106815.711,1.401,68.000
0.050,0.001,0.023,22.398,32209.148,-0.180,68.000
0.051,0.024,0.013,21.866,253277.312,9.019,68.000
0.045,0.001,0.003,21.899,168734.969,0.942,68.000
0.056,0.001,0.017,23.637,88709.492,1.017,68.000
0.058,0.001,0.005,22.514,130070.773,3.126,68.000
0.042,0.000,0.018,21.916,60994.633,-0.682,68.000
0.050,0.003,0.014,18.198,232735.938,5.542,68.000
0.050,0.007,0.014,19.097,217636.469,6.249,68.000
0.050,0.025,0.012,22.162,271003.094,7.234,68.000
0.051,0.020,0.013,21.102,232518.031,8.756,68.000
0.049,0.010,0.011,22.169,242113.188,8.321,68.000
0.002,0.013,0.013,20.728,153003.344,8.285,68.000
0.051,0.015,0.012,22.133,225370.625,8.196,68.000
0.002,0.010,0.013,21.570,121557.023,6.778,68.000
0.047,0.001,0.010,19.619,232469.094,5.059,68.000
0.049,0.006,0.013,18.841,218738.500,6.815,68.000
0.051,0.006,0.010,18.760,279252.062,6.608,68.000
0.051,0.006,0.010,18.551,291499.656,5.737,68.000
0.055,0.001,0.011,27.196,101024.398,0.967,68.000
0.056,0.000,0.013,22.673,4624.625,2.301,68.000
0.052,0.000,0.008,23.713,3018.367,2.069,68.000
0.050,0.018,0.013,20.744,249315.469,8.851,68.000
0.057,0.001,0.011,21.005,231450.125,1.999,68.000
0.049,0.011,0.013,21.318,233143.469,7.297,68.000
0.045,0.002,0.010,18.858,233221.906,5.454,68.000
0.050,0.004,0.014,17.641,230957.000,5.437,68.000
0.051,0.026,0.010,20.178,261193.719,5.491,68.000
0.002,0.013,0.012,20.275,200360.344,7.657,68.000
0.052,0.011,0.013,21.132,226956.344,8.461,68.000
0.052,0.014,0.011,21.136,224638.562,8.191,68.000
0.049,0.023,0.013,20.710,277837.312,8.410,68.000
0.098,0.010,0.011,17.053,220746.469,7.806,68.000
0.048,0.002,0.013,20.481,212058.812,6.286,68.000
0.051,0.023,0.011,22.188,240778.625,5.688,68.000
0.052,0.008,0.012,20.245,256298.031,8.341,68.000
0.051,0.013,0.011,21.346,232138.375,8.730,68.000
0.050,0.011,0.013,20.137,234242.344,6.515,68.000
0.052,0.011,0.013,21.074,225401.062,8.337,68.000
0.051,0.009,0.013,20.095,232211.031,7.071,68.000
0.000,0.013,0.012,24.401,-51745.098,12.411,68.000
0.050,0.011,0.010,21.757,267778.031,7.629,68.000
0.049,0.011,0.014,19.773,237098.031,6.222,68.000
0.048,0.027,0.013,25.409,224597.125,8.041,68.000
0.044,0.001,0.011,22.551,130372.695,3.111,68.000
0.051,0.005,0.012,19.561,257227.875,6.678,68.000
0.054,0.001,0.008,22.630,204947.562,2.545,68.000
0.050,0.004,0.012,20.629,259405.469,6.374,68.000
0.049,0.009,0.011,21.916,243767.219,8.152,68.000
0.045,0.001,0.019,22.297,193805.844,2.959,68.000
0.043,0.001,0.020,21.300,76504.164,0.638,68.000
0.049,0.000,0.007,23.677,38575.586,-1.367,68.000
0.052,0.003,0.012,18.990,273559.000,6.423,68.000
0.051,0.010,0.010,20.535,270183.312,7.727,68.000
0.048,0.000,0.019,28.499,35244.586,-0.338,68.000
0.042,0.001,0.008,20.229,176453.875,1.815,68.000
0.044,0.000,0.008,23.327,-56522.570,-1.494,68.000
0.058,0.001,0.012,20.935,224006.000,2.118,68.000
0.051,0.000,0.007,24.352,35122.023,-0.718,68.000
0.041,0.001,0.017,19.407,110196.836,1.781,68.000
0.049,0.020,0.013,19.686,267461.000,9.540,68.000
0.049,0.014,0.013,20.885,248641.438,8.352,68.000
0.057,0.000,0.015,22.109,-65638.617,1.066,68.000
0.050,0.003,0.012,19.728,230897.031,6.406,68.000
0.050,0.024,0.012,21.521,267421.125,6.514,68.000
0.049,0.010,0.012,22.040,226585.250,7.628,68.000
0.043,0.001,0.019,20.637,189237.844,2.901,68.000
0.055,0.000,0.007,23.976,-48655.457,0.726,68.000
0.052,0.006,0.013,18.085,241911.281,6.737,68.000
0.055,0.000,0.013,27.931,31001.945,-0.259,68.000
0.046,0.002,0.014,21.474,219368.312,5.483,68.000
0.050,0.020,0.013,19.005,267172.719,8.937,68.000
0.049,0.001,0.010,21.572,197344.000,4.636,68.000
0.051,0.009,0.012,20.955,247430.562,8.502,68.000
0.051,0.000,0.011,25.363,118994.367,0.945,68.000
0.054,0.001,0.013,23.307,266712.812,4.511,68.000
0.049,0.024,0.010,18.993,282177.000,5.314,68.000
0.052,0.025,0.011,21.590,246731.000,6.021,68.000
0.056,0.000,0.019,20.773,-5206.180,1.263,68.000
0.053,0.001,0.002,22.876,89541.477,2.062,68.000
0.051,0.001,0.017,25.353,205599.656,3.002,68.000
0.049,0.021,0.011,20.142,269676.562,7.189,68.000
0.051,0.001,0.013,27.788,154722.219,3.191,68.000
0.044,0.001,0.013,22.866,185869.344,3.558,68.000
0.050,0.000,0.014,29.913,-19311.664,1.432,68.000
0.050,0.000,0.015,31.445,19902.766,-0.618,68.000
0.056,0.000,0.011,25.323,-3632.695,3.107,68.000
0.059,0.000,0.017,17.984,-14895.414,1.769,68.000
0.042,0.000,0.008,21.532,15460.055,2.089,68.000
0.051,0.001,0.019,22.380,232220.750,3.299,68.000
0.048,0.009,0.014,20.128,232967.094,6.273,68.000
0.055,0.000,0.009,25.496,34592.758,2.729,68.000
0.049,0.000,0.010,27.150,38266.680,1.796,68.000
0.042,0.001,0.009,21.100,140064.594,1.072,68.000
0.098,0.010,0.013,19.615,201199.094,6.063,68.000
0.047,0.001,0.016,29.450,64433.133,0.117,68.000
0.051,0.020,0.014,18.788,257504.594,9.071,68.000
0.052,0.024,0.011,21.601,247244.594,5.784,68.000
0.051,0.004,0.013,18.127,250793.031,6.594,68.000
0.052,0.001,0.012,25.621,187113.844,3.506,68.000
0.045,0.000,0.021,22.421,30170.195,0.937,68.000
0.052,0.000,0.019,24.671,15105.289,-0.853,68.000
0.046,0.001,0.017,22.706,236226.875,3.905,68.000
0.002,0.010,0.011,19.379,202150.125,5.502,68.000
0.045,0.001,0.014,23.366,170434.406,3.331,68.000
0.048,0.015,0.014,19.430,251581.594,8.681,68.000
0.048,0.008,0.013,20.418,223768.688,6.414,68.000
0.055,0.000,0.009,32.166,713.312,2.727,68.000
0.056,0.001,0.007,22.586,181345.562,2.437,68.000
0.058,0.001,0.017,20.494,158252.375,1.437,68.000
0.044,0.000,0.009,24.827,14156.891,2.379,68.000
0.051,0.025,0.012,22.334,264251.688,7.981,68.000
0.043,0.001,0.006,24.582,32025.477,-0.475,68.000
0.047,0.000,0.007,24.761,17883.883,1.960,68.000
0.052,0.020,0.013,21.133,231392.875,8.622,68.000
0.049,0.004,0.012,20.640,231741.531,6.048,68.000
0.052,0.003,0.013,18.696,252526.531,5.969,68.000
0.041,0.001,0.009,20.165,158679.344,1.609,68.000
0.057,0.000,0.011,21.627,17607.031,3.149,68.000
0.049,0.021,0.010,20.422,275280.969,6.170,68.000
0.003,0.012,0.013,20.555,158009.625,7.397,68.000
0.042,0.001,0.009,22.764,91767.773,0.177,68.000
0.055,0.001,0.018,21.699,202272.969,2.724,68.000
0.053,0.001,0.003,24.231,60358.273,1.681,68.000
0.056,0.001,0.012,28.984,-4808.297,0.833,68.000
0.050,0.002,0.016,22.565,282705.219,4.410,68.000
0.045,0.002,0.007,19.280,210776.906,2.555,68.000
0.050,0.013,0.010,21.882,262914.188,7.485,68.000
0.055,0.001,0.005,25.443,-79458.422,0.847,68.000
0.098,0.012,0.014,23.060,171435.531,4.642,68.000
0.048,0.024,0.013,20.362,292148.562,8.180,68.000
0.051,0.016,0.011,22.286,224147.312,7.889,68.000
0.051,0.001,0.008,22.762,190923.906,2.456,68.000
0.098,0.013,0.012,20.253,196272.312,8.053,68.000
0.049,0.010,0.012,22.165,235799.625,8.155,68.000
0.049,0.005,0.012,21.010,251144.375,7.141,68.000
0.051,0.001,0.018,23.884,193988.656,2.542,68.000
0.050,0.000,0.018,25.777,35423.367,-0.521,68.000
0.051,0.001,0.023,22.616,20466.375,0.528,68.000
0.058,0.001,0.013,22.622,150568.375,0.704,68.000
0.055,0.001,0.014,24.462,192450.531,2.170,68.000
0.051,0.004,0.014,17.398,242181.281,5.591,68.000
0.056,0.001,0.013,22.529,263177.219,3.505,68.000
0.050,0.026,0.012,22.045,280161.344,7.330,68.000
0.051,0.026,0.011,20.518,256516.594,5.693,68.000
0.051,0.023,0.014,21.494,255158.906,9.430,68.000
0.050,0.000,0.016,28.467,22785.859,1.159,68.000
0.047,0.001,0.005,23.061,162067.906,1.750,68.000
0.048,0.016,0.012,21.949,219647.281,8.648,68.000
0.099,0.012,0.013,22.588,177961.344,5.094,68.000
0.051,0.000,0.002,23.863,-56630.395,-0.205,68.000
0.049,0.010,0.011,21.619,259467.375,8.113,68.000
0.056,0.000,0.010,24.825,6040.992,1.573,68.000
0.048,0.019,0.012,21.190,250839.406,9.575,68.000
0.100,0.012,0.011,22.617,-30079.711,11.725,68.000
0.052,0.013,0.012,21.184,229710.719,8.852,68.000
0.055,0.000,0.019,20.597,13398.367,2.216,68.000
0.059,0.001,0.007,24.668,-21309.336,2.907,68.000
0.057,0.000,0.017,23.224,36258.117,0.970,68.000
0.054,0.000,0.015,29.472,-49434.320,-2.154,68.000
0.049,0.002,0.014,19.280,237246.094,6.151,68.000
0.051,0.001,0.010,22.612,206010.969,4.540,68.000
0.049,0.018,0.011,21.729,235592.719,7.651,68.000
0.047,0.000,0.007,24.487,52916.273,-0.946,68.000
0.048,0.021,0.013,19.037,276710.969,9.894,68.000
0.048,0.024,0.011,19.191,283831.562,6.456,68.000
0.050,0.004,0.011,20.015,272272.031,6.629,68.000
0.050,0.021,0.013,20.347,256315.344,8.845,68.000
0.049,0.017,0.013,22.474,236790.281,9.257,68.000
0.051,0.000,0.015,30.793,47134.008,-0.186,68.000
0.053,0.002,0.007,21.897,194359.750,2.505,68.000
0.051,0.002,0.013,19.871,252612.312,5.415,68.000
0.050,0.015,0.011,22.202,212578.125,8.267,68.000
0.051,0.002,0.016,22.685,281596.344,4.501,68.000
0.050,0.021,0.011,20.991,255606.500,5.855,68.000
0.048,0.006,0.014,17.998,204517.625,6.407,68.000
0.049,0.002,0.017,21.863,282601.906,4.218,68.000
0.043,0.000,0.018,22.961,70910.211,-0.056,68.000
0.051,0.006,0.015,18.699,200904.781,5.019,68.000
0.043,0.001,0.011,24.188,69356.789,1.315,68.000
0.002,0.010,0.012,21.033,162977.438,6.420,68.000
0.056,0.002,0.016,20.886,229762.500,3.136,68.000
0.045,0.001,0.005,23.714,106744.898,0.560,68.000
0.060,0.000,0.011,22.895,46523.914,2.559,68.000
0.040,0.001,0.013,20.471,153322.156,2.004,68.000
0.045,0.000,0.004,23.641,68645.414,-0.230,68.000
0.050,0.002,0.010,19.184,270911.469,5.739,68.000
0.050,0.012,0.010,21.770,261524.312,7.603,68.000
0.052,0.017,0.012,22.786,220080.125,7.518,68.000
0.051,0.004,0.015,17.829,230760.469,5.174,68.000
0.054,0.002,0.007,21.326,184552.438,2.642,68.000
0.051,0.007,0.013,19.191,228270.156,7.048,68.000
0.052,0.007,0.011,19.092,258608.969,7.731,68.000
0.041,0.000,0.014,23.087,30076.570,-0.477,68.000
0.052,0.000,0.005,22.665,-40356.531,0.515,68.000
0.048,0.000,0.019,25.784,77316.039,0.172,68.000
0.052,0.001,0.019,24.692,92662.039,0.892,68.000
0.002,0.011,0.011,19.325,202531.625,5.700,68.000
0.048,0.001,0.015,21.769,230936.969,5.177,68.000
0.040,0.000,0.009,22.475,-46772.238,-0.533,68.000
0.044,0.000,0.020,22.341,-37492.672,1.044,68.000
0.043,0.000,0.014,23.281,97980.586,0.050,68.000
0.051,0.021,0.012,22.432,226262.125,7.008,68.000
0.051,0.012,0.012,21.497,236770.219,8.470,68.000
0.056,0.000,0.011,25.502,10286.930,4.080,68.000
0.048,0.013,0.013,20.710,241975.906,7.742,68.000
0.052,0.001,0.023,20.039,141784.281,1.249,68.000
0.051,0.016,0.012,22.570,229032.375,8.172,68.000
0.050,0.002,0.009,19.633,258826.812,5.149,68.000
0.042,0.001,0.012,22.113,139235.625,1.915,68.000
0.052,0.021,0.012,22.605,218392.375,7.610,68.000
0.048,0.001,0.022,23.063,31956.523,0.199,68.000
0.055,0.001,0.011,25.204,123934.430,1.461,68.000
0.001,0.012,0.012,21.044,177046.344,7.612,68.000
0.053,0.000,0.002,20.604,-58987.301,-1.258,68.000
0.042,0.001,0.006,21.063,199692.188,2.081,68.000
0.050,0.012,0.013,21.162,233198.438,8.140,68.000
0.052,0.021,0.013,21.464,228398.969,9.001,68.000
0.046,0.001,0.002,22.683,70355.805,-0.312,68.000
0.043,0.001,0.012,21.645,164559.281,2.807,68.000
0.052,0.024,0.012,22.882,238460.156,7.538,68.000
0.043,0.001,0.012,20.347,207119.344,3.955,68.000
0.049,0.015,0.011,22.523,218921.875,8.682,68.000
0.050,0.024,0.010,19.473,274152.656,4.773,68.000
0.049,0.020,0.014,18.532,278321.344,9.514,68.000
0.051,0.006,0.012,19.699,263319.781,7.717,68.000
0.044,0.001,0.020,21.923,84212.742,0.578,68.000
0.048,0.001,0.020,21.192,198232.562,2.884,68.000
0.044,0.000,0.013,26.386,65177.320,0.102,68.000
0.044,0.001,0.006,23.892,80651.523,0.270,68.000
0.048,0.027,0.012,24.859,279696.406,6.422,68.000
0.049,0.010,0.013,20.945,231696.531,6.531,68.000
0.049,0.011,0.011,21.925,259544.719,7.991,68.000
0.043,0.001,0.017,22.717,125141.758,0.733,68.000
0.050,0.019,0.013,19.402,269263.781,8.653,68.000
0.055,0.000,0.015,25.224,8067.773,2.538,68.000
0.047,0.001,0.013,22.442,211178.812,5.609,68.000
0.052,0.022,0.012,22.207,228145.281,8.169,68.000
0.051,0.000,0.019,25.438,4113.766,-0.135,68.000
0.060,0.000,0.011,21.107,47685.617,5.288,68.000
0.053,0.001,0.005,23.376,124137.711,2.054,68.000
0.052,0.017,0.011,22.966,228455.469,6.782,68.000
0.047,0.001,0.014,27.116,126789.570,2.474,68.000
0.051,0.006,0.009,18.405,285996.719,5.969,68.000
0.050,0.011,0.010,21.897,265203.188,7.623,68.000
0.049,0.001,0.004,25.897,6176.969,-0.433,68.000
0.050,0.009,0.010,20.827,276998.938,7.520,68.000
0.041,0.001,0.010,20.853,127212.414,1.563,68.000
0.059,0.001,0.018,18.935,181653.969,1.373,68.000
0.048,0.023,0.013,19.926,287617.812,9.046,68.000
0.046,0.001,0.008,20.883,181096.469,2.198,68.000
0.053,0.001,0.004,22.132,128833.258,2.728,68.000
0.058,0.001,0.015,19.745,182953.156,2.515,68.000
0.053,0.001,0.006,24.803,44189.898,0.898,68.000
0.051,0.005,0.010,17.798,293122.531,6.122,68.000
0.050,0.021,0.014,19.117,268175.531,9.276,68.000
0.058,0.001,0.008,20.974,171073.781,1.508,68.000
0.050,0.007,0.011,20.396,263921.375,7.994,68.000
0.048,0.001,0.010,21.062,231866.531,5.221,68.000
0.056,0.001,0.010,23.886,175167.219,1.580,68.000
0.045,0.001,0.011,20.218,238215.344,5.863,68.000
0.047,0.001,0.017,21.852,272112.156,4.562,68.000
0.043,0.001,0.006,21.942,180801.688,1.719,68.000
0.042,0.000,0.017,22.830,16910.953,-1.292,68.000
0.052,0.008,0.011,19.720,265671.812,7.986,68.000
0.050,0.001,0.016,22.851,276342.438,4.461,68.000
0.040,0.001,0.009,20.696,135698.875,1.050,68.000
0.047,0.001,0.007,20.548,209900.281,2.729,68.000
0.049,0.002,0.018,21.575,267477.875,3.886,68.000
0.049,0.010,0.010,21.560,278610.375,7.554,68.000
0.057,0.001,0.019,21.010,161052.281,1.242,68.000
0.051,0.010,0.011,21.214,253200.156,8.382,68.000
0.050,0.008,0.013,20.398,244997.094,8.257,68.000
0.046,0.001,0.010,23.825,87676.945,2.471,68.000
0.051,0.008,0.014,19.806,220454.594,6.615,68.000
0.054,0.000,0.016,27.487,27908.852,-0.309,68.000
0.058,0.001,0.015,23.529,75590.461,1.333,68.000
0.050,0.007,0.014,19.302,221262.625,6.732,68.000
0.049,0.016,0.014,20.044,252576.125,8.443,68.000
0.043,0.001,0.011,18.584,210045.594,4.953,68.000
0.052,0.007,0.014,18.897,208248.906,5.699,68.000
0.051,0.007,0.014,19.404,212130.000,6.193,68.000
0.040,0.001,0.013,20.018,170770.156,1.891,68.000
0.050,0.019,0.011,21.683,241914.000,6.977,68.000
0.047,0.002,0.010,19.237,246024.594,5.900,68.000
0.045,0.001,0.012,20.527,229282.156,5.581,68.000
0.048,0.013,0.012,21.417,243281.469,8.459,68.000
0.043,0.000,0.009,23.398,-55273.000,2.191,68.000
0.052,0.007,0.012,19.613,251829.906,7.975,68.000
0.054,0.002,0.010,21.231,245851.125,4.250,68.000
0.050,0.012,0.013,21.269,235365.125,8.338,68.000
0.046,0.001,0.004,24.348,100623.258,0.436,68.000
0.056,0.002,0.011,21.544,255345.062,3.717,68.000
0.050,0.021,0.011,21.018,250511.281,6.671,68.000
0.050,0.026,0.014,22.635,254327.500,9.169,68.000
0.051,0.012,0.011,21.103,249996.812,8.455,68.000
0.049,0.001,0.019,24.463,128985.758,1.251,68.000
0.054,0.000,0.008,25.597,34817.492,2.638,68.000
0.049,0.014,0.013,20.574,252121.531,8.207,68.000
0.049,0.020,0.010,20.803,261688.875,6.893,68.000
0.054,0.001,0.020,21.045,173193.562,2.125,68.000
0.046,0.000,0.020,23.285,44234.211,-0.896,68.000
0.053,0.001,0.010,25.603,167388.875,2.153,68.000
0.056,0.000,0.008,23.035,6569.375,2.079,68.000
0.052,0.023,0.012,22.705,232677.812,7.578,68.000
0.048,0.001,0.019,23.709,192198.469,2.887,68.000
0.055,0.001,0.011,26.558,142389.344,1.698,68.000
0.057,0.000,0.016,20.806,1101.242,1.729,68.000
0.058,0.001,0.006,21.056,160921.000,3.700,68.000
0.055,0.000,0.007,22.869,-27799.414,2.161,68.000
0.057,0.000,0.015,21.612,-31268.320,0.312,68.000
0.055,0.000,0.012,30.223,5325.641,2.849,68.000
0.056,0.000,0.009,24.461,38740.180,2.380,68.000
0.045,0.000,0.011,25.604,-11320.008,-0.877,68.000
0.051,0.026,0.012,22.611,259290.625,7.261,68.000
0.052,0.010,0.012,21.210,230102.156,8.353,68.000
0.042,0.001,0.014,19.814,193548.844,3.009,68.000
0.048,0.009,0.013,20.529,233751.375,6.206,68.000
0.056,0.001,0.010,26.283,117780.680,1.076,68.000
0.052,0.001,0.018,23.475,208197.156,2.814,68.000
0.051,0.004,0.013,17.384,243458.406,6.322,68.000
0.045,0.000,0.020,23.285,29733.445,-2.425,68.000
0.051,0.010,0.010,20.620,276904.719,7.511,68.000
0.052,0.011,0.014,19.665,229805.969,7.057,68.000
0.043,0.000,0.007,22.684,-50508.762,0.851,68.000
0.048,0.006,0.011,21.227,242200.625,6.958,68.000
0.048,0.024,0.012,20.237,293326.406,7.819,68.000
0.045,0.001,0.007,24.839,36734.883,-0.468,68.000
0.050,0.012,0.014,19.243,237690.562,6.851,68.000
0.050,0.025,0.010,19.121,281356.688,4.891,68.000
0.047,0.001,0.007,22.369,174429.906,2.213,68.000
0.050,0.012,0.011,21.700,243292.125,8.505,68.000
0.051,0.016,0.011,22.383,222151.531,7.986,68.000
0.057,0.001,0.011,22.657,168247.750,0.509,68.000
0.051,0.019,0.011,22.532,232133.031,7.404,68.000
0.052,0.014,0.010,21.413,243445.125,7.618,68.000
0.051,0.016,0.010,21.778,223183.000,7.391,68.000
0.100,0.012,0.013,19.105,-23790.664,8.311,68.000
0.054,0.001,0.015,22.447,251056.969,3.236,68.000
0.057,0.000,0.006,20.147,-16545.273,3.672,68.000
0.057,0.001,0.008,21.438,203978.094,2.796,68.000
0.052,0.013,0.011,21.417,233550.812,8.292,68.000
0.046,0.001,0.020,21.816,130625.336,1.694,68.000
0.041,0.001,0.008,20.268,167755.531,2.091,68.000
0.050,0.007,0.013,19.945,236761.812,7.790,68.000
0.058,0.001,0.014,21.139,155708.531,2.280,68.000
0.049,0.015,0.010,22.111,215460.094,8.266,68.000
0.056,0.000,0.017,22.606,-50408.676,-0.128,68.000
0.049,0.001,0.020,21.942,178936.938,2.741,68.000
0.045,0.000,0.019,24.857,44315.680,0.585,68.000
0.050,0.023,0.013,20.763,262683.906,9.189,68.000
0.049,0.015,0.014,19.007,259283.812,8.178,68.000
0.053,0.001,0.007,25.487,38854.914,0.407,68.000
0.048,0.014,0.013,20.691,249495.750,8.477,68.000
0.048,0.021,0.012,20.063,272882.375,8.806,68.000
0.042,0.001,0.017,19.564,205737.969,3.458,68.000
0.051,0.004,0.012,19.065,251284.281,6.433,68.000
0.051,0.012,0.011,21.053,252303.906,8.365,68.000
0.051,0.013,0.013,20.400,238928.406,8.066,68.000
0.049,0.018,0.011,21.998,226931.500,7.473,68.000
0.045,0.000,0.009,29.071,2585.664,1.579,68.000
0.049,0.023,0.013,20.184,282045.750,8.476,68.000
0.046,0.002,0.015,21.470,239491.094,4.832,68.000
0.097,0.012,0.012,19.004,204441.875,7.553,68.000
0.049,0.010,0.011,21.637,259304.906,8.168,68.000
0.050,0.020,0.010,20.948,257902.375,6.507,68.000
0.051,0.022,0.011,21.898,238290.812,5.662,68.000
0.049,0.025,0.011,19.434,278725.156,5.840,68.000
0.050,0.010,0.010,20.711,289657.188,7.062,68.000
0.056,0.000,0.015,27.362,-3296.023,0.038,68.000
0.048,0.007,0.011,20.387,249943.406,7.169,68.000
0.052,0.013,0.014,20.035,235571.969,7.959,68.000
0.049,0.001,0.007,21.102,199038.656,2.698,68.000
0.048,0.013,0.012,21.954,235258.656,8.605,68.000
0.051,0.020,0.010,21.782,247344.906,6.127,68.000
0.060,0.001,0.014,22.407,52806.961,1.426,68.000
0.050,0.019,0.010,21.398,244352.438,7.050,68.000
0.052,0.018,0.012,21.854,231196.719,7.792,68.000
0.001,0.012,0.012,21.144,177486.719,7.696,68.000
0.050,0.027,0.014,24.026,215928.188,8.453,68.000
0.050,0.016,0.013,20.777,260125.000,8.157,68.000
0.001,0.012,0.013,20.869,166904.562,7.592,68.000
0.054,0.002,0.009,21.976,221216.375,3.321,68.000
0.050,0.002,0.014,19.647,240139.500,5.127,68.000
0.045,0.000,0.013,28.869,13334.055,-0.578,68.000
0.050,0.022,0.010,20.308,268578.094,5.265,68.000
0.059,0.001,0.015,20.759,106847.664,1.899,68.000
0.040,0.000,0.014,20.647,26776.227,2.593,68.000
0.060,0.000,0.013,17.929,2882.664,2.480,68.000
0.050,0.019,0.014,17.946,271510.406,8.859,68.000
0.049,0.000,0.012,30.064,8488.547,-0.959,68.000
0.044,0.000,0.004,21.655,24194.406,-0.108,68.000
0.053,0.001,0.005,23.371,113598.570,2.116,68.000
0.043,0.000,0.005,23.129,-10097.734,2.476,68.000
0.048,0.005,0.013,17.998,202318.500,6.308,68.000
0.058,0.001,0.011,21.011,227198.812,1.627,68.000
0.051,0.003,0.014,17.624,245410.156,6.013,68.000
0.048,0.000,0.011,31.770,7221.289,1.465,68.000
0.052,0.012,0.013,21.209,227057.562,8.859,68.000
0.055,0.000,0.017,24.791,-17838.898,-0.273,68.000
0.044,0.001,0.019,21.041,218816.531,3.568,68.000
0.055,0.001,0.017,25.802,58478.523,1.309,68.000
0.054,0.001,0.010,23.895,214235.312,3.202,68.000
0.051,0.008,0.010,19.719,275954.812,7.463,68.000
0.053,0.001,0.014,29.021,14818.016,0.120,68.000
0.050,0.000,0.006,22.139,1601.898,0.219,68.000
0.056,0.001,0.010,22.171,223309.500,2.610,68.000
0.050,0.000,0.015,31.410,30487.977,-0.794,68.000
0.047,0.002,0.006,20.582,208344.844,2.857,68.000
0.048,0.001,0.005,24.349,95354.711,0.901,68.000
0.055,0.002,0.010,21.440,254861.938,4.011,68.000
0.003,0.012,0.013,20.467,169342.812,7.681,68.000
0.050,0.000,0.010,25.491,-15725.359,0.052,68.000
0.048,0.012,0.012,22.028,239957.219,8.457,68.000
0.052,0.000,0.014,29.363,3417.977,1.307,68.000
0.053,0.000,0.012,29.001,-35354.664,1.910,68.000
0.048,0.002,0.008,19.995,217595.594,2.687,68.000
0.044,0.001,0.006,21.578,208225.750,2.213,68.000
0.051,0.019,0.013,20.831,243043.500,8.466,68.000
0.098,0.010,0.012,19.180,204704.000,6.599,68.000
0.048,0.025,0.012,20.685,294299.219,6.914,68.000
0.051,0.000,0.010,31.511,-26158.055,1.748,68.000
0.051,0.005,0.011,19.137,276420.406,6.937,68.000
0.049,0.008,0.014,18.708,222399.625,5.979,68.000
0.051,0.015,0.012,22.479,220916.562,7.954,68.000
0.056,0.001,0.016,22.664,152254.438,1.919,68.000
0.052,0.000,0.018,25.689,-46065.809,-0.048,68.000
0.049,0.009,0.010,21.278,266829.250,8.044,68.000
0.049,0.011,0.014,19.947,236152.188,6.057,68.000
0.051,0.010,0.010,20.688,279697.156,7.434,68.000
0.055,0.001,0.010,22.125,236893.188,3.428,68.000
0.055,0.001,0.015,23.499,176065.719,1.944,68.000
0.049,0.000,0.002,24.600,-76736.500,-0.555,68.000
0.052,0.012,0.013,21.078,227130.812,8.458,68.000
0.056,0.002,0.008,21.745,208227.750,2.998,68.000
0.045,0.002,0.008,18.918,213477.312,2.868,68.000
0.045,0.001,0.010,20.248,187029.969,4.648,68.000
0.047,0.000,0.009,31.607,20720.969,2.415,68.000
0.053,0.000,0.022,23.398,-25127.828,-2.282,68.000
0.049,0.014,0.013,21.301,246937.781,8.674,68.000
0.055,0.001,0.020,22.349,133630.938,0.858,68.000
0.058,0.001,0.015,20.068,123917.508,1.368,68.000
0.060,0.001,0.013,19.906,132903.750,0.248,68.000
0.052,0.005,0.010,17.900,296419.844,6.297,68.000
0.052,0.006,0.014,18.385,224031.594,6.294,68.000
0.048,0.001,0.005,22.935,143467.875,1.796,68.000
0.051,0.025,0.012,22.672,259353.594,8.132,68.000
0.049,0.020,0.013,19.714,267787.406,9.635,68.000
0.047,0.002,0.009,19.499,233587.406,4.018,68.000
0.051,0.020,0.014,19.550,249106.438,9.123,68.000
0.049,0.026,0.014,21.890,268740.156,9.362,68.000
0.002,0.010,0.012,21.139,168073.500,6.006,68.000
0.051,0.014,0.012,21.145,236338.875,8.714,68.000
0.049,0.016,0.011,22.036,221065.812,8.339,68.000
0.055,0.001,0.016,23.263,187672.438,2.135,68.000
0.049,0.018,0.011,21.829,231077.062,7.452,68.000
0.054,0.000,0.017,23.629,-65448.035,-0.511,68.000
0.051,0.025,0.013,22.340,263998.906,9.287,68.000
0.049,0.001,0.018,22.356,244636.438,3.663,68.000
0.049,0.001,0.006,21.434,191693.719,3.232,68.000
0.049,0.013,0.013,20.649,245128.281,7.949,68.000
0.058,0.000,0.015,22.564,11606.117,-1.044,68.000
0.054,0.001,0.020,20.552,162871.531,1.867,68.000
0.045,0.000,0.012,28.784,23779.555,0.855,68.000
0.058,0.001,0.011,20.481,228157.594,1.886,68.000
0.050,0.003,0.012,20.005,261584.562,6.352,68.000
0.050,0.015,0.013,21.060,255796.438,8.333,68.000
0.050,0.026,0.010,18.940,283426.844,5.271,68.000
0.052,0.007,0.012,19.242,254767.625,7.747,68.000
0.051,0.004,0.014,17.501,242994.500,5.484,68.000
0.001,0.013,0.013,21.044,176039.031,8.566,68.000
0.049,0.012,0.013,20.921,240565.906,7.810,68.000
0.055,0.001,0.018,21.932,201839.812,2.749,68.000
0.002,0.010,0.013,21.316,145065.156,6.501,68.000
0.048,0.005,0.010,19.279,267230.344,5.740,68.000
0.052,0.018,0.013,20.097,257970.062,8.047,68.000
0.048,0.004,0.014,17.464,208916.469,5.865,68.000
0.049,0.014,0.010,22.245,224855.969,7.998,68.000
0.051,0.010,0.010,20.353,269749.406,7.809,68.000
0.044,0.001,0.017,20.704,258266.875,4.261,68.000
0.049,0.019,0.013,20.965,248953.812,9.539,68.000
0.052,0.001,0.002,23.406,36261.727,0.962,68.000
0.045,0.001,0.011,20.448,217094.344,5.043,68.000
0.048,0.014,0.010,22.752,227252.469,8.100,68.000
0.049,0.004,0.011,19.418,272527.719,6.152,68.000
0.051,0.018,0.013,21.227,242859.781,8.335,68.000
0.051,0.001,0.006,23.912,119863.398,1.379,68.000
0.051,0.016,0.012,22.755,231544.719,7.841,68.000
0.049,0.005,0.010,18.844,273431.375,5.513,68.000
0.045,0.000,0.022,21.727,-29585.672,0.487,68.000
0.043,0.001,0.009,23.703,55886.898,0.050,68.000
0.058,0.001,0.017,21.726,89541.648,0.819,68.000
0.049,0.001,0.020,22.032,208043.125,3.041,68.000
0.049,0.026,0.010,18.887,268504.188,5.529,68.000
0.052,0.000,0.019,24.400,1915.641,-2.736,68.000
0.051,0.015,0.010,21.589,222235.188,7.957,68.000
0.049,0.001,0.016,26.627,161722.188,2.388,68.000
0.055,0.000,0.014,29.874,-69496.430,-0.118,68.000
0.045,0.001,0.012,21.053,220179.562,5.400,68.000
0.050,0.021,0.011,21.040,252507.594,6.795,68.000
0.043,0.001,0.004,22.222,180164.344,1.383,68.000
0.054,0.001,0.015,27.444,63364.086,0.611,68.000
0.052,0.025,0.013,23.027,248835.406,9.357,68.000
0.050,0.026,0.012,22.433,274747.719,8.136,68.000
0.050,0.005,0.014,17.354,222858.250,5.925,68.000
0.050,0.008,0.012,20.888,257157.156,8.461,68.000
0.050,0.000,0.002,21.823,-76326.117,-0.117,68.000
0.053,0.001,0.002,24.804,-17998.148,0.348,68.000
0.049,0.017,0.014,19.693,258566.562,8.098,68.000
0.048,0.001,0.013,24.580,214457.844,4.487,68.000
0.056,0.000,0.020,22.002,-46463.688,0.526,68.000
0.051,0.015,0.014,19.105,268969.312,7.967,68.000
0.052,0.006,0.011,18.825,274176.469,7.311,68.000
0.057,0.001,0.010,21.393,216902.812,1.396,68.000
0.059,0.000,0.017,19.955,12125.828,-0.411,68.000
0.051,0.013,0.012,21.064,233358.188,8.899,68.000
0.052,0.008,0.013,19.923,238934.875,7.704,68.000
0.057,0.001,0.014,24.016,90569.367,1.570,68.000
0.050,0.010,0.013,20.059,233763.438,6.923,68.000
0.050,0.011,0.010,21.525,276200.594,7.241,68.000
0.049,0.019,0.012,21.079,253435.812,9.389,68.000
0.051,0.007,0.010,18.567,273837.312,7.005,68.000
0.044,0.002,0.017,20.383,262674.062,4.403,68.000
0.051,0.012,0.014,19.512,233410.000,7.292,68.000
0.049,0.016,0.013,21.108,248229.094,8.683,68.000
0.046,0.000,0.022,20.898,40565.164,2.729,68.000
0.051,0.004,0.014,17.198,232979.250,6.083,68.000
0.056,0.002,0.017,20.967,234926.906,3.049,68.000
0.055,0.001,0.007,24.240,75446.742,2.027,68.000
0.049,0.001,0.003,25.229,-46214.430,-1.293,68.000
0.048,0.011,0.012,21.723,234167.594,7.575,68.000
0.060,0.001,0.010,19.544,199272.531,0.913,68.000
0.099,0.011,0.011,18.528,206981.812,6.649,68.000
0.051,0.017,0.011,22.919,220674.188,7.445,68.000
0.048,0.001,0.013,27.998,120724.805,2.736,68.000
0.052,0.007,0.011,18.813,267876.531,7.727,68.000
0.002,0.011,0.013,21.169,147981.219,6.836,68.000
0.100,0.012,0.013,22.639,-65847.094,10.289,68.000
0.051,0.012,0.014,18.690,236082.469,6.729,68.000
0.049,0.009,0.011,21.358,254546.469,7.831,68.000
0.050,0.021,0.013,20.060,256308.656,9.097,68.000
0.053,0.002,0.012,20.081,275740.156,5.402,68.000
0.051,0.011,0.011,21.275,248453.031,8.235,68.000
0.048,0.001,0.002,22.049,94990.555,0.818,68.000
0.058,0.001,0.012,21.291,210835.281,1.993,68.000
0.041,0.001,0.010,22.372,70226.039,0.450,68.000
0.050,0.020,0.011,21.156,253585.375,7.049,68.000
0.053,0.002,0.014,21.897,255089.656,4.430,68.000
0.052,0.001,0.021,21.785,131431.312,1.195,68.000
0.051,0.007,0.013,19.652,237158.125,7.652,68.000
0.049,0.005,0.011,20.396,256153.281,6.635,68.000
0.049,0.009,0.012,21.868,225064.625,7.405,68.000
0.098,0.013,0.012,19.913,197575.938,8.089,68.000
0.002,0.012,0.010,17.729,252374.375,5.252,68.000
0.045,0.001,0.015,26.838,133393.375,1.121,68.000
0.049,0.016,0.012,22.124,217923.344,8.424,68.000
0.051,0.016,0.012,22.279,223827.188,8.025,68.000
0.051,0.017,0.011,22.634,222762.406,7.039,68.000
0.051,0.001,0.015,25.859,191419.906,2.990,68.000
0.045,0.001,0.015,23.121,225989.156,3.470,68.000
0.047,0.000,0.017,29.204,33776.336,-0.263,68.000
0.043,0.001,0.011,18.509,206775.938,4.732,68.000
0.051,0.021,0.013,20.771,242052.000,9.121,68.000
0.050,0.007,0.013,19.429,232528.344,7.469,68.000
0.052,0.006,0.010,18.073,285113.750,6.786,68.000
0.001,0.013,0.011,19.418,215215.562,6.694,68.000
0.049,0.001,0.014,24.778,212525.750,3.725,68.000
0.045,0.002,0.016,20.616,264065.000,4.522,68.000
0.051,0.021,0.010,21.550,253164.438,5.095,68.000
0.041,0.001,0.014,19.398,152455.156,2.767,68.000
0.048,0.000,0.018,24.355,45316.586,-0.355,68.000
0.051,0.023,0.011,20.801,250068.312,5.092,68.000
0.050,0.003,0.011,20.106,266179.344,6.368,68.000
0.053,0.001,0.022,20.268,134782.156,1.184,68.000
0.054,0.000,0.018,23.614,-37416.852,-0.085,68.000
0.052,0.003,0.013,18.092,253952.344,6.020,68.000
0.049,0.003,0.012,20.671,244057.844,6.135,68.000
0.047,0.001,0.018,26.071,106371.836,0.726,68.000
0.048,0.000,0.022,23.249,-84650.695,0.909,68.000
0.056,0.000,0.007,22.598,7645.648,2.381,68.000
0.059,0.000,0.014,20.598,52868.773,0.362,68.000
0.052,0.008,0.012,19.835,250969.844,8.172,68.000
0.051,0.000,0.007,21.704,17676.070,0.139,68.000
0.056,0.002,0.008,21.660,206524.406,2.999,68.000
0.043,0.000,0.018,21.916,88171.164,0.427,68.000
0.045,0.000,0.004,23.952,30438.445,-0.288,68.000
0.042,0.000,0.018,23.120,31298.602,-0.674,68.000
0.048,0.004,0.013,18.955,208503.938,6.395,68.000
0.052,0.026,0.012,23.401,241450.781,7.688,68.000
0.049,0.015,0.013,21.248,241581.188,8.814,68.000
0.051,0.011,0.013,21.316,228670.688,8.160,68.000
0.051,0.001,0.002,22.605,104937.977,1.605,68.000
0.058,0.001,0.014,20.267,196738.875,2.424,68.000
0.049,0.008,0.012,21.744,241907.781,7.979,68.000
0.048,0.014,0.013,20.783,244224.625,8.735,68.000
0.052,0.015,0.013,20.636,261014.969,8.107,68.000
0.048,0.018,0.011,21.652,230360.094,7.973,68.000
0.050,0.005,0.011,19.122,273510.312,6.430,68.000
0.048,0.000,0.004,22.120,-23030.117,-0.665,68.000
0.048,0.007,0.012,20.863,228669.531,7.567,68.000
0.052,0.017,0.010,22.486,231271.406,6.513,68.000
0.051,0.012,0.012,21.360,238470.812,8.608,68.000
0.057,0.001,0.011,25.650,30125.867,0.805,68.000
0.051,0.005,0.012,19.245,244574.500,6.637,68.000
0.051,0.000,0.002,25.170,-118226.883,-1.219,68.000
0.043,0.001,0.017,19.216,256401.406,4.022,68.000
0.053,0.000,0.010,27.060,92349.398,1.257,68.000
0.054,0.001,0.007,25.055,106374.758,1.569,68.000
0.051,0.021,0.011,21.968,237676.844,6.131,68.000
0.052,0.009,0.012,20.517,248569.281,8.442,68.000
0.047,0.001,0.018,22.655,241565.094,3.975,68.000
0.002,0.010,0.012,20.184,182800.469,5.743,68.000
0.051,0.023,0.013,22.051,236752.469,8.735,68.000
0.052,0.024,0.012,22.892,238920.406,8.163,68.000
0.049,0.021,0.014,19.302,277279.969,9.737,68.000
0.048,0.005,0.011,19.608,256251.656,6.240,68.000
0.050,0.002,0.017,21.983,278463.906,4.184,68.000
0.049,0.001,0.008,21.063,218495.281,2.972,68.000
0.053,0.000,0.013,29.797,-15410.008,2.153,68.000
0.050,0.013,0.012,21.220,239824.938,8.937,68.000
0.048,0.000,0.006,22.702,6314.586,0.567,68.000
0.051,0.018,0.013,20.203,261541.031,8.115,68.000
0.046,0.001,0.020,22.651,143291.531,1.815,68.000
0.057,0.001,0.012,23.519,158236.875,1.422,68.000
0.048,0.002,0.018,21.626,263954.125,3.928,68.000
0.050,0.023,0.011,20.791,262203.031,5.738,68.000
0.048,0.005,0.013,18.281,204208.156,6.351,68.000
0.058,0.001,0.010,22.403,157188.625,0.076,68.000
0.050,0.008,0.011,21.409,258051.094,8.490,68.000
0.048,0.019,0.012,20.980,244345.000,8.280,68.000
0.044,0.001,0.012,20.746,219895.375,4.962,68.000
0.048,0.000,0.002,21.260,-4908.062,-0.220,68.000
0.054,0.001,0.002,23.148,67911.883,1.738,68.000
0.052,0.000,0.014,32.125,-38890.887,-0.756,68.000
0.049,0.005,0.010,19.278,267846.500,5.872,68.000
0.053,0.001,0.007,22.224,185777.625,2.299,68.000
0.044,0.000,0.016,24.942,49572.930,-0.435,68.000
0.053,0.001,0.007,25.542,79646.805,0.788,68.000
0.049,0.003,0.011,20.719,257263.594,6.247,68.000
0.047,0.001,0.022,21.273,165829.094,2.062,68.000
0.049,0.004,0.013,19.861,221132.531,6.217,68.000
0.052,0.001,0.012,31.488,40935.227,1.428,68.000
0.049,0.006,0.011,20.564,259565.156,7.457,68.000
0.042,0.001,0.011,23.347,82059.570,1.024,68.000
0.052,0.005,0.011,18.873,278041.188,6.759,68.000
0.050,0.013,0.014,18.823,244504.438,7.464,68.000
0.052,0.027,0.013,23.558,188693.312,10.938,68.000
0.042,0.001,0.005,21.631,209048.812,2.085,68.000
0.052,0.016,0.013,20.235,263403.656,7.921,68.000
0.042,0.001,0.011,18.918,203626.281,4.462,68.000
0.048,0.005,0.013,18.802,201530.062,6.201,68.000
0.050,0.003,0.014,18.659,239319.688,6.011,68.000
0.050,0.009,0.014,19.338,237885.031,6.433,68.000
0.048,0.002,0.014,19.760,227207.812,6.244,68.000
0.052,0.015,0.012,22.526,233052.281,7.829,68.000
0.051,0.018,0.013,20.879,251480.625,8.015,68.000
0.048,0.012,0.012,21.145,241915.312,7.719,68.000
0.050,0.010,0.015,18.400,232077.062,6.296,68.000
0.050,0.000,0.013,31.222,1135.398,1.153,68.000
0.051,0.001,0.021,21.449,155477.188,1.982,68.000
0.043,0.002,0.014,19.318,209118.438,4.536,68.000
0.047,0.002,0.006,20.711,209565.125,3.021,68.000
0.048,0.003,0.011,20.716,247223.094,6.121,68.000
0.048,0.003,0.011,20.270,250504.719,6.119,68.000
0.050,0.023,0.010,19.689,271265.844,5.053,68.000
0.049,0.003,0.015,17.904,223896.500,5.280,68.000
0.051,0.016,0.013,21.722,245096.062,8.188,68.000
0.040,0.000,0.012,22.778,-59745.020,1.799,68.000
0.051,0.008,0.014,19.715,216401.844,6.535,68.000
0.050,0.000,0.022,21.840,-56610.133,2.390,68.000
0.059,0.000,0.006,23.678,14543.805,4.274,68.000
0.043,0.000,0.017,23.679,58803.039,-0.589,68.000
0.049,0.022,0.011,19.455,276965.125,6.587,68.000
0.043,0.000,0.009,27.246,15609.602,3.111,68.000
0.051,0.026,0.014,22.546,262351.406,9.643,68.000
0.052,0.012,0.012,21.178,228398.500,8.881,68.000
0.055,0.001,0.005,22.551,116418.664,2.777,68.000
0.044,0.001,0.012,20.674,212489.531,4.613,68.000
0.048,0.018,0.011,21.225,230414.281,7.431,68.000
0.050,0.005,0.012,20.049,250623.938,6.826,68.000
0.042,0.000,0.014,25.086,-4723.461,-1.204,68.000
0.053,0.001,0.003,22.476,104685.148,2.316,68.000
0.055,0.001,0.010,27.141,67375.055,1.266,68.000
0.050,0.001,0.007,22.489,169263.531,2.216,68.000
0.054,0.001,0.005,22.047,153051.188,2.684,68.000
0.051,0.001,0.005,21.801,175972.344,3.001,68.000
0.042,0.001,0.018,20.879,187366.344,3.082,68.000
0.044,0.001,0.020,20.438,208853.375,3.558,68.000
0.051,0.026,0.011,22.536,248432.469,6.997,68.000
0.044,0.000,0.011,26.158,-24081.891,2.106,68.000
0.050,0.000,0.017,29.238,-5979.422,-1.568,68.000
0.049,0.001,0.012,23.437,215303.625,4.898,68.000
0.057,0.001,0.018,21.503,157695.312,1.184,68.000
0.045,0.001,0.004,21.760,186721.062,1.627,68.000
0.053,0.001,0.004,23.189,117133.195,2.299,68.000
0.048,0.000,0.018,24.615,26174.211,0.451,68.000
0.051,0.001,0.013,26.205,197883.281,3.618,68.000
0.047,0.000,0.022,22.516,63308.773,1.329,68.000
0.043,0.001,0.010,20.171,156358.812,3.351,68.000
0.051,0.012,0.014,18.641,238689.656,7.350,68.000
0.056,0.001,0.014,22.399,220137.062,2.795,68.000
0.050,0.019,0.010,21.320,248776.312,6.888,68.000
0.045,0.001,0.013,27.548,85287.820,1.263,68.000
0.051,0.013,0.010,21.124,256944.875,7.478,68.000
0.052,0.002,0.012,20.133,265146.562,5.105,68.000
0.046,0.001,0.012,22.986,198575.156,4.539,68.000
0.043,0.001,0.005,22.070,199700.938,1.729,68.000
0.053,0.001,0.009,23.089,210942.406,3.190,68.000
0.053,0.000,0.015,29.798,-1392.320,-1.080,68.000
0.049,0.015,0.013,21.554,236493.625,8.664,68.000
0.049,0.005,0.011,20.375,255215.594,6.498,68.000
0.051,0.001,0.021,22.939,60474.539,0.144,68.000
0.051,0.000,0.020,23.151,33961.461,-1.408,68.000
0.043,0.001,0.015,21.426,179149.219,2.148,68.000
0.051,0.003,0.012,19.204,248481.031,6.530,68.000
0.049,0.006,0.012,20.716,239130.438,7.196,68.000
0.052,0.001,0.011,25.595,174120.500,3.655,68.000
0.098,0.012,0.012,21.227,188414.750,7.024,68.000
0.098,0.011,0.012,19.604,199885.344,6.582,68.000
0.056,0.001,0.009,23.315,182971.125,1.233,68.000
0.050,0.022,0.011,20.984,254090.469,5.603,68.000
0.099,0.013,0.011,19.702,170927.281,7.004,68.000
0.051,0.014,0.010,21.709,239526.969,7.824,68.000
0.051,0.011,0.014,19.002,234214.406,6.753,68.000
0.053,0.002,0.012,21.909,267802.688,4.763,68.000
0.049,0.015,0.010,22.583,210837.469,8.383,68.000
0.050,0.004,0.014,17.548,234679.844,5.549,68.000
0.050,0.017,0.010,22.154,218609.562,7.196,68.000
0.048,0.006,0.011,19.925,251504.906,6.993,68.000
0.052,0.000,0.002,20.598,-32052.352,-0.727,68.000
0.047,0.002,0.017,21.617,273940.031,4.478,68.000
0.048,0.001,0.017,24.434,209029.906,3.281,68.000
0.052,0.023,0.011,21.760,241310.531,5.252,68.000
0.050,0.004,0.014,17.019,232983.781,6.136,68.000
0.049,0.026,0.012,21.902,283564.438,7.343,68.000
0.048,0.001,0.013,23.069,235809.375,5.091,68.000
0.099,0.012,0.012,19.403,206657.250,7.888,68.000
0.044,0.001,0.010,20.046,183746.625,4.412,68.000
0.050,0.000,0.004,24.814,-19954.914,-0.430,68.000
0.047,0.001,0.008,25.963,41328.383,0.446,68.000
0.049,0.001,0.007,21.749,184221.906,2.554,68.000
0.051,0.015,0.011,21.824,222787.344,8.163,68.000
0.049,0.022,0.013,19.973,271571.344,9.172,68.000
0.051,0.019,0.012,22.283,231585.938,8.006,68.000
0.046,0.001,0.019,23.067,137742.656,1.697,68.000
0.049,0.001,0.016,24.079,256964.438,4.158,68.000
0.059,0.000,0.011,20.080,237.234,2.797,68.000
0.048,0.020,0.013,20.016,267392.531,9.779,68.000
0.048,0.017,0.012,22.473,220449.312,8.122,68.000
0.051,0.006,0.013,18.396,237653.594,6.936,68.000
0.050,0.009,0.014,19.364,225590.594,6.063,68.000
0.056,0.001,0.013,23.668,214184.625,2.378,68.000
0.001,0.011,0.011,20.509,190013.031,6.030,68.000
0.050,0.027,0.010,19.205,273580.688,5.540,68.000
0.054,0.001,0.018,22.332,226095.500,3.285,68.000
0.048,0.005,0.011,19.635,257513.406,6.134,68.000
0.039,0.000,0.013,21.369,-587.500,2.462,68.000
0.049,0.023,0.013,20.434,282577.094,9.007,68.000
0.050,0.017,0.014,18.684,271563.000,7.813,68.000
0.047,0.001,0.019,23.139,200141.281,3.190,68.000
0.049,0.007,0.013,20.010,233025.906,7.660,68.000
0.052,0.000,0.007,21.832,-23987.383,1.036,68.000
0.049,0.023,0.011,19.246,273261.312,5.923,68.000
0.049,0.015,0.010,22.286,210268.156,8.270,68.000
0.052,0.018,0.013,20.565,250679.625,8.103,68.000
0.050,0.005,0.013,17.100,226628.188,6.504,68.000
0.053,0.000,0.022,20.509,-20907.492,1.608,68.000
0.052,0.026,0.012,23.101,242853.719,7.423,68.000
0.052,0.011,0.013,20.932,227477.250,8.176,68.000
0.049,0.008,0.012,21.744,236304.219,7.944,68.000
0.043,0.001,0.019,20.727,194735.312,3.081,68.000
0.047,0.000,0.006,24.361,27015.695,-1.237,68.000
0.047,0.001,0.004,24.109,97371.398,0.226,68.000
0.049,0.003,0.011,19.815,265533.812,6.095,68.000
0.058,0.001,0.013,23.947,81464.898,1.431,68.000
0.051,0.003,0.012,19.900,263963.062,6.344,68.000
0.060,0.001,0.015,18.620,144929.750,1.083,68.000
0.046,0.002,0.017,21.530,269888.781,4.440,68.000
0.048,0.001,0.009,26.812,19519.102,0.975,68.000
0.049,0.004,0.011,20.785,247750.625,6.249,68.000
0.048,0.014,0.013,20.328,251453.562,8.231,68.000
0.051,0.001,0.016,25.989,165015.656,2.693,68.000
0.049,0.006,0.010,18.943,274955.625,6.274,68.000
0.056,0.000,0.018,21.981,-11703.695,-0.993,68.000
0.047,0.000,0.011,26.863,-50779.207,-1.566,68.000
0.051,0.024,0.011,21.296,252726.562,5.715,68.000
0.054,0.000,0.005,20.436,-10554.109,2.335,68.000
0.049,0.000,0.007,22.713,6034.672,-0.988,68.000
0.049,0.020,0.010,20.781,261810.688,6.827,68.000
0.052,0.018,0.013,21.402,236735.781,7.873,68.000
0.043,0.001,0.020,20.880,93584.930,0.907,68.000
0.056,0.001,0.019,20.906,175891.031,1.866,68.000
0.050,0.024,0.014,20.625,278605.281,9.625,68.000
0.050,0.025,0.012,22.063,268230.781,7.910,68.000
0.098,0.013,0.014,23.654,164700.844,5.226,68.000
0.049,0.004,0.013,17.407,221072.031,6.497,68.000
0.051,0.003,0.009,18.715,282161.375,5.598,68.000
0.049,0.002,0.016,22.338,281060.375,4.490,68.000
0.050,0.001,0.011,24.821,174850.750,3.833,68.000
0.048,0.001,0.010,21.643,188315.188,4.622,68.000
0.048,0.026,0.011,18.957,283839.906,6.235,68.000
0.051,0.017,0.013,21.279,249123.625,8.300,68.000
0.050,0.006,0.014,17.901,217952.344,6.060,68.000
0.045,0.001,0.012,21.401,214471.938,5.271,68.000
0.052,0.000,0.009,27.643,-81352.180,0.338,68.000
0.052,0.014,0.011,21.709,226325.438,7.969,68.000
0.050,0.006,0.014,18.037,219904.469,6.441,68.000
0.050,0.019,0.013,20.054,261059.844,8.830,68.000
0.055,0.001,0.013,26.343,156354.469,1.745,68.000
0.040,0.001,0.009,19.934,150921.812,1.681,68.000
0.055,0.001,0.011,22.727,237725.938,3.204,68.000
0.099,0.011,0.013,21.304,185591.875,5.386,68.000
0.053,0.002,0.008,22.160,203233.938,2.614,68.000
0.051,0.006,0.015,18.279,200360.375,4.561,68.000
0.045,0.002,0.006,20.635,218839.281,2.586,68.000
0.048,0.001,0.017,24.507,212945.312,3.384,68.000
0.049,0.003,0.012,20.337,241604.125,6.265,68.000
0.051,0.002,0.010,19.517,269842.875,5.711,68.000
0.057,0.001,0.020,21.474,136770.719,0.755,68.000
0.050,0.026,0.013,22.342,278174.219,8.568,68.000
0.097,0.013,0.012,21.465,186352.469,7.049,68.000
0.050,0.004,0.014,17.155,233134.906,5.844,68.000
0.052,0.007,0.010,18.480,276135.281,7.213,68.000
0.098,0.012,0.011,17.286,211303.969,8.764,68.000
0.051,0.008,0.011,19.950,266576.875,8.143,68.000
0.051,0.010,0.014,18.715,229010.969,6.419,68.000
0.052,0.006,0.012,19.262,265585.750,7.241,68.000
0.051,0.012,0.013,20.338,230076.031,7.891,68.000
0.042,0.001,0.013,26.133,41568.586,-0.424,68.000
0.051,0.001,0.021,22.555,109820.961,0.965,68.000
0.051,0.022,0.010,20.838,254316.969,4.882,68.000
0.047,0.001,0.013,23.872,206759.344,4.581,68.000
0.043,0.000,0.020,23.122,8342.984,2.097,68.000
0.044,0.000,0.005,23.196,-3233.773,0.410,68.000
0.049,0.000,0.022,21.132,-66322.375,4.404,68.000
0.048,0.027,0.013,22.308,198564.062,9.521,68.000
0.050,0.007,0.014,18.914,214444.875,6.000,68.000
0.048,0.013,0.012,21.208,244519.062,8.239,68.000
0.049,0.013,0.014,19.492,242641.219,7.450,68.000
0.048,0.023,0.012,19.899,291113.500,8.150,68.000
0.051,0.016,0.012,22.362,237097.875,7.864,68.000
0.052,0.006,0.014,18.650,222515.594,6.356,68.000
0.053,0.001,0.017,23.820,205295.656,2.777,68.000
0.041,0.000,0.007,23.039,-13667.328,3.075,68.000
0.050,0.005,0.012,20.098,234829.750,6.329,68.000
0.051,0.018,0.014,18.570,270252.500,8.539,68.000
0.050,0.003,0.015,18.004,228886.406,5.309,68.000
0.048,0.001,0.005,24.204,85718.570,0.675,68.000
0.041,0.000,0.015,23.542,5969.672,-0.888,68.000
0.052,0.000,0.006,22.211,32548.898,1.927,68.000
0.041,0.001,0.013,20.180,197567.031,3.002,68.000
0.049,0.000,0.004,22.057,-12247.617,0.248,68.000
0.055,0.002,0.012,22.963,270058.062,4.361,68.000
0.049,0.000,0.014,30.154,-9196.117,1.180,68.000
0.048,0.000,0.006,23.726,65374.352,-0.535,68.000
0.044,0.001,0.004,24.029,89616.883,-0.137,68.000
0.054,0.001,0.004,25.298,6440.227,0.830,68.000
0.050,0.018,0.011,22.525,224721.781,7.176,68.000
0.050,0.012,0.013,19.846,235135.812,7.367,68.000
0.052,0.001,0.007,24.196,156278.875,1.814,68.000
0.050,0.000,0.010,27.217,-14020.227,-0.536,68.000
0.051,0.018,0.014,18.173,272932.125,7.859,68.000
0.049,0.026,0.012,21.597,291844.719,7.641,68.000
0.048,0.006,0.013,19.242,207640.844,6.510,68.000
0.052,0.009,0.010,19.654,271555.531,7.803,68.000
0.045,0.000,0.005,24.052,108903.414,0.418,68.000
0.057,0.000,0.006,23.000,8060.352,2.900,68.000
0.051,0.005,0.014,17.730,217855.188,5.228,68.000
0.001,0.011,0.012,21.090,168162.188,7.082,68.000
0.057,0.001,0.014,24.016,97203.648,1.569,68.000
0.001,0.012,0.011,18.688,226501.500,5.903,68.000
0.048,0.000,0.012,30.589,21376.664,1.389,68.000
0.046,0.001,0.018,22.894,218640.594,3.755,68.000
0.050,0.000,0.019,22.798,56290.555,-0.522,68.000
0.002,0.014,0.013,20.550,177483.375,8.339,68.000
0.051,0.012,0.013,21.092,233531.719,8.344,68.000
0.057,0.000,0.017,21.975,14831.727,-0.481,68.000
0.052,0.011,0.011,20.532,257636.625,8.125,68.000
0.053,0.002,0.017,21.904,260290.125,3.666,68.000
0.054,0.002,0.015,22.038,255643.688,3.298,68.000
0.057,0.001,0.019,22.230,139977.719,0.935,68.000
0.051,0.004,0.013,18.615,248543.281,6.725,68.000
0.050,0.020,0.013,19.857,259845.438,8.979,68.000
0.051,0.004,0.013,17.538,246917.656,6.378,68.000
0.051,0.010,0.011,21.211,253071.562,8.449,68.000
0.056,0.000,0.019,22.985,-35927.062,-1.575,68.000
0.049,0.015,0.011,22.367,210732.875,8.368,68.000
0.049,0.011,0.013,21.215,227986.688,6.749,68.000
0.052,0.019,0.013,19.629,248808.625,8.671,68.000
0.052,0.006,0.010,18.278,286728.781,6.754,68.000
0.044,0.001,0.009,24.084,58241.695,0.739,68.000
0.050,0.000,0.005,22.358,-25886.445,-0.562,68.000
0.044,0.000,0.004,21.223,2277.805,0.455,68.000
0.053,0.000,0.002,22.019,-99629.156,-0.027,68.000
0.051,0.005,0.011,19.517,271637.688,7.187,68.000
0.051,0.023,0.011,20.520,251743.062,5.018,68.000
0.058,0.000,0.011,23.489,119064.570,1.250,68.000
0.051,0.009,0.012,21.210,242350.281,8.355,68.000
0.052,0.004,0.012,18.554,276737.812,6.229,68.000
0.047,0.001,0.014,26.495,162081.812,3.115,68.000
0.048,0.015,0.013,20.508,248486.438,8.293,68.000
0.000,0.013,0.013,29.722,-44569.309,8.335,68.000
0.055,0.000,0.020,21.709,-16100.570,0.759,68.000
0.057,0.001,0.012,23.360,200255.094,2.182,68.000
0.047,0.000,0.007,25.103,13959.539,-1.640,68.000
0.060,0.000,0.014,19.366,-3184.094,0.904,68.000
0.048,0.014,0.014,19.638,245105.656,7.815,68.000
0.050,0.006,0.010,18.837,276949.844,6.566,68.000
0.047,0.000,0.004,25.557,-52873.180,-1.287,68.000
0.098,0.013,0.012,21.626,185105.562,7.191,68.000
0.052,0.014,0.010,21.393,236367.000,7.765,68.000
0.048,0.016,0.012,21.918,220685.875,8.787,68.000
0.044,0.000,0.019,23.864,-6412.695,1.583,68.000
0.052,0.012,0.014,19.702,232077.781,7.831,68.000
0.051,0.020,0.011,22.231,236243.812,5.642,68.000
0.050,0.025,0.013,21.297,273457.188,9.071,68.000
0.042,0.001,0.011,18.583,196362.312,4.015,68.000
0.047,0.000,0.015,30.475,6501.508,0.639,68.000
0.098,0.011,0.010,16.754,216723.281,8.460,68.000
0.047,0.001,0.003,22.806,153340.938,1.203,68.000
0.055,0.001,0.006,21.993,167609.750,2.805,68.000
0.045,0.001,0.009,19.583,225790.125,4.323,68.000
0.046,0.001,0.010,19.571,227719.875,5.084,68.000
0.058,0.001,0.013,20.774,231118.688,2.394,68.000
0.052,0.015,0.013,21.595,247967.281,8.118,68.000
0.100,0.013,0.012,21.942,-85861.250,8.373,68.000
0.044,0.000,0.012,28.402,-31031.516,-2.099,68.000
0.046,0.001,0.014,22.423,226463.906,4.919,68.000
0.051,0.018,0.013,21.067,242302.969,8.142,68.000
0.056,0.001,0.019,24.115,34913.305,1.686,68.000
0.052,0.001,0.020,21.957,150672.250,1.841,68.000
0.050,0.003,0.015,19.418,238964.000,5.130,68.000
0.057,0.001,0.017,21.498,181883.906,1.910,68.000
0.046,0.000,0.005,24.548,43279.305,-0.553,68.000
0.051,0.005,0.014,17.263,230031.375,6.135,68.000
0.048,0.020,0.011,20.438,260540.656,7.648,68.000
0.049,0.014,0.013,21.130,247222.250,8.438,68.000
0.052,0.001,0.007,25.475,81567.055,0.798,68.000
0.059,0.001,0.011,20.090,224099.906,1.696,68.000
0.053,0.000,0.006,20.623,19000.484,1.687,68.000
0.055,0.000,0.017,22.742,-5952.164,-0.239,68.000
0.054,0.000,0.019,22.380,-9871.727,0.476,68.000
0.045,0.001,0.009,19.189,207711.094,3.131,68.000
0.053,0.001,0.016,25.773,104428.242,0.935,68.000
0.046,0.002,0.015,21.237,220250.156,5.219,68.000
0.048,0.027,0.012,25.237,211581.031,9.413,68.000
0.059,0.000,0.009,19.941,19443.227,2.267,68.000
0.049,0.000,0.002,21.890,-53030.664,-0.308,68.000
0.000,0.011,0.011,29.040,-11730.203,8.358,68.000
0.048,0.001,0.013,23.776,224870.156,4.719,68.000
0.052,0.004,0.013,17.686,246195.812,6.038,68.000
0.050,0.022,0.012,20.932,255493.531,8.195,68.000
0.051,0.006,0.014,18.778,212898.125,6.022,68.000
0.051,0.005,0.014,17.551,235206.000,5.595,68.000
0.050,0.005,0.014,17.942,210205.625,5.291,68.000
0.049,0.010,0.012,22.039,229696.781,7.770,68.000
0.052,0.001,0.019,22.385,214986.562,3.009,68.000
0.049,0.011,0.013,20.947,230644.219,6.719,68.000
0.059,0.000,0.009,19.861,16458.000,2.508,68.000
0.048,0.025,0.011,19.138,284867.781,6.170,68.000
0.050,0.004,0.011,19.261,275224.625,6.157,68.000
0.041,0.001,0.006,20.764,206850.500,2.364,68.000
0.052,0.013,0.012,21.103,228318.219,8.800,68.000
0.051,0.022,0.013,21.024,251685.250,9.165,68.000
0.050,0.006,0.011,19.551,267577.781,7.244,68.000
0.052,0.009,0.013,20.129,222775.875,7.151,68.000
0.052,0.027,0.012,22.760,208196.125,9.043,68.000
0.053,0.000,0.012,26.455,-66783.688,-0.691,68.000
0.042,0.000,0.014,25.431,-13669.242,1.061,68.000
0.049,0.002,0.008,20.415,218267.750,2.750,68.000
0.050,0.012,0.010,21.755,266329.719,7.506,68.000
0.049,0.004,0.012,20.598,241348.438,6.132,68.000
0.053,0.001,0.019,23.847,88600.836,0.816,68.000
0.050,0.023,0.010,19.485,273255.094,5.020,68.000
0.045,0.001,0.006,22.226,191107.594,2.035,68.000
0.050,0.021,0.010,20.745,264730.250,5.876,68.000
0.048,0.002,0.012,20.568,233490.312,6.188,68.000
0.043,0.001,0.016,18.675,244399.531,4.124,68.000
0.051,0.015,0.011,22.271,222542.719,8.054,68.000
0.050,0.008,0.013,20.622,241676.188,8.214,68.000
0.061,0.001,0.011,18.537,229475.094,1.835,68.000
0.047,0.000,0.018,26.486,72167.898,-0.317,68.000
0.050,0.025,0.010,19.454,275515.312,5.579,68.000
0.052,0.004,0.012,18.684,269757.938,6.316,68.000
0.002,0.010,0.012,21.345,158872.031,6.269,68.000
0.056,0.000,0.020,22.061,-32630.734,3.808,68.000
0.042,0.000,0.013,25.434,-61893.219,0.031,68.000
0.049,0.021,0.013,19.501,272532.219,9.328,68.000
0.056,0.001,0.015,21.613,197799.000,2.823,68.000
0.050,0.017,0.014,18.388,266888.781,7.882,68.000
0.055,0.001,0.019,21.026,180027.375,2.076,68.000
0.042,0.000,0.008,21.272,26970.242,3.025,68.000
0.047,0.001,0.017,21.586,271166.938,4.464,68.000
0.041,0.001,0.012,19.343,193107.438,3.536,68.000
0.050,0.000,0.007,24.100,34412.602,-0.549,68.000
0.051,0.006,0.011,19.608,269010.062,7.728,68.000
0.050,0.025,0.013,22.258,270799.594,8.419,68.000
0.049,0.003,0.013,20.098,219015.281,6.498,68.000
0.056,0.002,0.013,22.587,266403.344,3.713,68.000
0.041,0.001,0.010,19.641,173546.375,2.455,68.000
0.057,0.000,0.017,20.452,47960.555,-0.160,68.000
0.052,0.003,0.012,19.697,262458.469,6.197,68.000
0.050,0.015,0.010,21.675,216210.406,8.034,68.000
0.048,0.023,0.013,20.127,288538.812,8.482,68.000
0.050,0.021,0.011,20.951,252852.844,6.619,68.000
0.051,0.001,0.004,23.669,114674.852,1.955,68.000
0.049,0.007,0.011,21.024,250150.219,7.701,68.000
0.050,0.019,0.014,18.200,278213.531,8.533,68.000
0.050,0.019,0.011,21.382,244650.312,7.160,68.000
0.050,0.020,0.013,19.042,271056.469,9.209,68.000
0.051,0.022,0.010,21.828,243432.500,4.782,68.000
0.040,0.001,0.009,20.522,141276.688,1.409,68.000
0.055,0.000,0.006,22.939,-8512.852,1.736,68.000
0.051,0.009,0.014,19.568,219897.344,6.440,68.000
0.049,0.024,0.011,19.466,272073.438,5.668,68.000
0.051,0.014,0.013,21.189,243328.094,8.397,68.000
0.047,0.001,0.006,24.055,106637.461,0.953,68.000
0.057,0.000,0.009,22.395,9016.820,1.369,68.000
0.051,0.009,0.014,19.304,219801.375,6.254,68.000
0.051,0.025,0.013,22.543,251277.812,9.178,68.000
0.052,0.016,0.013,21.706,246503.094,7.858,68.000
0.058,0.000,0.014,20.303,-56578.906,1.831,68.000
0.051,0.010,0.010,20.280,281182.750,7.387,68.000
0.050,0.013,0.013,20.993,239458.219,8.886,68.000
0.054,0.001,0.018,22.932,159886.188,1.931,68.000
0.052,0.002,0.018,22.044,244919.094,3.200,68.000
0.046,0.000,0.005,20.512,11482.391,0.512,68.000
0.051,0.015,0.010,21.976,220479.188,8.041,68.000
0.055,0.001,0.013,23.840,253080.156,3.196,68.000
0.041,0.000,0.018,21.743,52038.680,1.242,68.000
0.049,0.004,0.011,19.438,270145.781,6.119,68.000
0.049,0.020,0.013,19.013,279169.906,9.879,68.000
0.051,0.011,0.013,19.747,234634.969,7.091,68.000
0.049,0.007,0.013,19.891,229621.375,7.604,68.000
0.041,0.001,0.006,21.104,207163.406,2.332,68.000
0.048,0.026,0.012,21.186,290866.625,6.439,68.000
0.050,0.022,0.011,20.579,259279.562,5.569,68.000
0.047,0.000,0.020,23.269,48762.133,-0.020,68.000
0.057,0.001,0.012,21.073,248276.469,3.028,68.000
0.051,0.025,0.012,22.642,265096.406,7.615,68.000
0.058,0.001,0.018,20.329,119250.727,0.587,68.000
0.051,0.012,0.012,21.488,237906.000,8.458,68.000
0.050,0.000,0.011,26.620,84861.320,0.196,68.000
0.051,0.013,0.012,21.063,230558.156,8.857,68.000
0.002,0.011,0.011,18.732,218429.438,5.338,68.000
0.049,0.019,0.013,20.344,257558.562,9.398,68.000
0.048,0.017,0.013,22.401,237575.219,9.132,68.000
0.048,0.025,0.011,18.655,284395.312,6.281,68.000
0.050,0.001,0.006,21.557,179191.844,2.631,68.000
0.050,0.006,0.015,18.458,200380.844,5.470,68.000
0.001,0.012,0.012,21.063,172605.312,7.458,68.000
0.049,0.020,0.014,18.462,280322.438,9.375,68.000
0.052,0.012,0.011,20.689,253827.438,8.152,68.000
0.058,0.001,0.018,20.536,125083.336,0.727,68.000
0.049,0.023,0.014,19.953,281349.656,9.317,68.000
0.052,0.007,0.012,19.629,255033.938,8.071,68.000
0.055,0.001,0.014,26.564,118113.180,0.867,68.000
0.050,0.000,0.017,26.271,26425.211,0.714,68.000
0.052,0.011,0.014,19.761,228087.250,7.076,68.000
0.050,0.004,0.010,19.267,280709.750,5.879,68.000
0.040,0.000,0.008,21.797,-35519.961,-0.846,68.000
0.058,0.001,0.006,20.624,166820.031,3.736,68.000
0.047,0.001,0.005,21.615,191382.188,2.353,68.000
0.042,0.001,0.010,20.361,150521.062,2.010,68.000
0.049,0.003,0.013,18.264,229913.375,6.490,68.000
0.049,0.023,0.014,19.981,284591.344,9.343,68.000
0.060,0.000,0.012,20.824,56468.508,1.192,68.000
0.054,0.001,0.019,23.522,101079.523,1.151,68.000
0.044,0.000,0.012,30.494,-28572.922,0.308,68.000
0.043,0.001,0.011,21.294,150319.250,3.205,68.000
0.042,0.000,0.007,19.719,36329.148,-0.275,68.000
0.042,0.000,0.013,26.760,-45616.898,-2.201,68.000
0.040,0.001,0.010,20.095,150187.062,1.778,68.000
0.097,0.011,0.013,19.960,195148.281,6.305,68.000
0.050,0.026,0.013,22.197,278193.594,8.973,68.000
0.051,0.004,0.014,17.463,234731.250,5.600,68.000
0.045,0.001,0.010,19.270,229631.938,5.203,68.000
0.098,0.013,0.011,18.849,205281.688,8.268,68.000
0.045,0.001,0.018,23.929,172095.938,2.494,68.000
0.051,0.013,0.014,19.562,240157.406,7.837,68.000
0.001,0.012,0.013,21.439,73599.195,7.860,68.000
0.050,0.026,0.011,20.843,274300.656,6.168,68.000
0.056,0.001,0.013,24.027,198489.906,2.160,68.000
0.047,0.000,0.020,23.140,50196.258,-0.730,68.000
0.049,0.001,0.013,25.593,201959.750,3.788,68.000
0.048,0.001,0.016,24.566,231927.406,3.771,68.000
0.043,0.002,0.012,20.143,216459.906,4.666,68.000
0.050,0.001,0.006,24.846,101812.242,0.874,68.000
0.050,0.008,0.009,19.925,286152.781,6.835,68.000
0.052,0.025,0.012,23.380,242148.562,8.247,68.000
0.050,0.016,0.014,18.451,265351.375,7.704,68.000
0.048,0.009,0.011,21.830,242949.094,7.725,68.000
0.050,0.014,0.012,21.657,224693.781,8.510,68.000
0.056,0.000,0.010,25.340,4025.367,1.456,68.000
0.042,0.001,0.011,19.406,206871.281,4.507,68.000
0.052,0.012,0.011,20.440,244383.656,8.231,68.000
0.049,0.003,0.012,20.538,244500.469,6.211,68.000
0.048,0.008,0.010,20.218,263735.969,6.812,68.000
0.049,0.023,0.013,20.310,279959.250,9.092,68.000
0.055,0.000,0.019,23.748,13969.258,1.462,68.000
0.044,0.001,0.018,22.151,206231.156,3.343,68.000
0.049,0.010,0.011,22.236,240385.188,8.257,68.000
0.052,0.022,0.012,22.502,230079.719,7.641,68.000
0.052,0.007,0.012,19.190,255475.250,7.660,68.000
0.051,0.003,0.013,18.193,246352.125,6.240,68.000
0.044,0.001,0.013,26.035,95528.758,1.277,68.000
0.047,0.001,0.011,20.272,250607.344,6.237,68.000
0.051,0.009,0.011,20.708,260946.500,8.258,68.000
0.058,0.000,0.009,24.826,43373.617,0.958,68.000
0.041,0.000,0.014,20.236,43296.430,2.193,68.000
0.052,0.001,0.018,22.460,235936.281,3.306,68.000
0.002,0.011,0.012,20.818,178163.156,6.547,68.000
0.003,0.011,0.012,19.811,196476.438,6.233,68.000
0.049,0.007,0.010,18.928,274128.062,6.289,68.000
0.051,0.005,0.011,19.346,270250.375,7.254,68.000
0.055,0.000,0.022,21.806,28202.555,-1.161,68.000
0.050,0.000,0.013,29.606,38428.758,1.676,68.000
0.002,0.012,0.010,17.735,255282.875,5.323,68.000
0.100,0.012,0.013,23.452,-78621.188,10.217,68.000
0.048,0.002,0.011,20.238,248305.312,6.087,68.000
0.056,0.000,0.006,23.373,-63209.387,2.289,68.000
0.051,0.005,0.011,19.600,275040.438,6.821,68.000
0.050,0.013,0.011,21.784,244162.031,8.143,68.000
0.050,0.001,0.006,24.510,104326.195,0.862,68.000
0.049,0.010,0.013,21.380,225636.188,7.160,68.000
0.049,0.011,0.010,22.192,274699.812,7.258,68.000
0.044,0.001,0.005,21.665,202131.188,1.882,68.000
0.049,0.020,0.013,19.629,272854.125,9.749,68.000
0.057,0.000,0.019,18.137,49070.117,1.976,68.000
0.059,0.000,0.011,21.010,14486.273,3.658,68.000
0.056,0.001,0.009,25.923,22169.023,0.969,68.000
0.057,0.001,0.010,22.848,147272.219,0.306,68.000
0.049,0.023,0.014,20.202,284332.031,9.109,68.000
0.049,0.001,0.021,23.692,-4785.242,0.445,68.000
0.051,0.004,0.010,18.365,289759.281,6.229,68.000
0.043,0.000,0.018,22.721,99186.070,1.019,68.000
0.052,0.022,0.011,22.026,236000.250,4.887,68.000
0.049,0.010,0.012,22.386,233883.969,8.057,68.000
0.059,0.001,0.018,18.818,189171.812,1.459,68.000
0.051,0.026,0.013,24.389,229459.281,9.239,68.000
0.049,0.007,0.011,20.845,260605.156,7.836,68.000
0.050,0.018,0.012,22.514,229711.250,8.857,68.000
0.059,0.001,0.015,18.963,139248.656,1.492,68.000
0.048,0.015,0.013,20.653,243806.406,8.907,68.000
0.047,0.001,0.012,28.099,59469.477,1.701,68.000
0.048,0.000,0.014,31.757,33364.164,0.431,68.000
0.044,0.001,0.011,23.489,112538.820,2.222,68.000
0.051,0.025,0.012,22.286,259459.500,7.024,68.000
0.048,0.002,0.013,20.487,216514.969,6.381,68.000
0.049,0.020,0.012,20.825,254948.625,9.361,68.000
0.044,0.000,0.013,27.501,-158.344,-1.425,68.000
0.048,0.006,0.013,19.712,213719.781,6.714,68.000
0.049,0.009,0.013,21.322,231101.688,7.473,68.000
0.048,0.021,0.012,20.167,272356.656,8.838,68.000
0.051,0.007,0.011,19.575,264423.688,7.831,68.000
0.051,0.021,0.010,21.609,246609.250,5.198,68.000
0.050,0.023,0.012,21.178,264818.500,6.430,68.000
0.048,0.007,0.013,19.055,207559.281,6.457,68.000
0.052,0.007,0.011,18.911,263664.312,7.766,68.000
0.045,0.000,0.014,30.215,-15738.109,-1.794,68.000
0.049,0.015,0.011,22.624,217110.688,8.614,68.000
0.050,0.010,0.011,21.730,251544.594,8.344,68.000
0.047,0.001,0.014,24.402,205729.031,4.060,68.000
0.052,0.007,0.012,19.076,254059.312,7.573,68.000
0.051,0.009,0.012,21.041,246264.719,8.584,68.000
0.048,0.025,0.011,19.529,290853.469,6.314,68.000
0.051,0.018,0.011,22.777,224299.812,6.936,68.000
0.043,0.001,0.014,19.702,212076.875,4.208,68.000
0.050,0.005,0.014,17.253,223065.312,6.276,68.000
0.049,0.003,0.014,18.496,236167.750,6.171,68.000
0.049,0.017,0.013,21.561,245256.688,8.838,68.000
0.046,0.001,0.013,22.279,214354.000,5.283,68.000
0.049,0.012,0.011,21.811,248183.781,8.322,68.000
0.052,0.027,0.012,24.814,201159.000,7.521,68.000
0.054,0.000,0.015,28.767,32903.805,-0.577,68.000
0.001,0.012,0.013,21.264,131552.688,7.825,68.000
0.059,0.000,0.007,21.717,-21981.703,3.680,68.000
0.052,0.001,0.018,23.690,198649.625,2.437,68.000
0.051,0.000,0.013,32.824,-28768.859,2.372,68.000
0.051,0.009,0.010,20.471,267794.875,8.017,68.000
0.055,0.001,0.004,25.006,-31572.688,0.771,68.000
0.043,0.001,0.005,21.747,206548.562,2.148,68.000
0.049,0.025,0.011,20.294,275810.406,5.809,68.000
0.047,0.001,0.009,21.610,180287.719,2.700,68.000
0.050,0.021,0.012,20.828,259010.188,8.582,68.000
0.056,0.000,0.005,22.315,-34078.039,2.730,68.000
0.054,0.002,0.017,21.594,255673.188,3.541,68.000
0.050,0.002,0.017,21.718,276347.781,4.075,68.000
0.052,0.000,0.015,32.464,-36194.148,-0.132,68.000
0.051,0.019,0.012,21.362,235925.625,8.270,68.000
0.051,0.002,0.008,21.310,219820.312,3.195,68.000
0.050,0.021,0.013,19.510,265830.188,9.222,68.000
0.052,0.015,0.012,22.255,222698.625,7.592,68.000
0.056,0.002,0.009,21.612,214836.312,2.830,68.000
0.052,0.012,0.012,21.254,233591.750,8.671,68.000
0.058,0.001,0.015,19.187,179624.969,2.158,68.000
0.057,0.000,0.007,22.444,-29168.414,2.768,68.000
0.052,0.000,0.014,29.597,-72610.688,0.603,68.000
0.050,0.014,0.014,19.073,253070.906,7.787,68.000
0.054,0.002,0.014,23.024,234468.906,3.419,68.000
0.055,0.001,0.011,22.455,256722.062,4.012,68.000
0.051,0.002,0.009,20.736,241367.969,4.556,68.000
0.050,0.019,0.014,18.296,276672.406,8.634,68.000
0.051,0.025,0.010,19.912,271822.406,4.975,68.000
0.043,0.001,0.015,19.612,227354.000,3.941,68.000
0.049,0.019,0.010,21.138,242694.219,7.251,68.000
0.053,0.000,0.004,22.849,-7654.438,1.666,68.000
0.054,0.001,0.014,23.464,234262.781,3.385,68.000
0.047,0.001,0.014,27.373,111076.117,1.476,68.000
0.050,0.005,0.012,20.406,264138.094,6.665,68.000
0.002,0.014,0.012,20.290,199198.625,7.689,68.000
0.098,0.013,0.012,21.608,186159.406,7.142,68.000
0.051,0.018,0.013,20.335,252279.312,8.487,68.000
0.051,0.016,0.014,19.931,265834.562,8.000,68.000
0.052,0.004,0.012,18.536,277377.406,6.203,68.000
0.053,0.001,0.018,22.220,244959.375,3.466,68.000
0.046,0.001,0.017,21.844,256628.250,4.363,68.000
0.051,0.020,0.012,21.791,243219.281,8.003,68.000
0.050,0.025,0.013,22.205,270703.531,8.947,68.000
0.060,0.000,0.011,20.747,-1869.695,2.594,68.000
0.051,0.015,0.014,19.645,271167.594,7.921,68.000
0.048,0.002,0.016,22.197,280971.469,4.356,68.000
0.050,0.000,0.017,29.974,44111.695,-0.673,68.000
0.052,0.002,0.013,21.485,260382.406,4.901,68.000
0.051,0.013,0.012,21.213,233470.344,8.941,68.000
0.050,0.000,0.011,25.248,111222.320,1.066,68.000
0.049,0.002,0.009,19.770,248849.969,5.241,68.000
0.048,0.026,0.013,21.249,294504.500,7.921,68.000
0.047,0.000,0.003,23.911,-5884.906,-0.963,68.000
0.045,0.001,0.011,24.234,125091.383,2.448,68.000
0.045,0.000,0.006,24.253,50972.914,-0.739,68.000
0.053,0.001,0.011,30.929,23272.289,0.600,68.000
0.048,0.007,0.012,21.603,234344.000,7.534,68.000
0.049,0.018,0.010,21.875,223420.406,7.053,68.000
0.050,0.001,0.009,22.542,193487.125,3.251,68.000
0.045,0.000,0.008,26.686,-34347.602,1.515,68.000
0.047,0.001,0.002,22.155,140235.469,1.121,68.000
0.049,0.008,0.013,21.684,223388.938,7.542,68.000
0.052,0.007,0.014,19.426,210195.688,6.246,68.000
0.054,0.001,0.009,25.506,103843.867,1.576,68.000
0.049,0.016,0.014,18.969,258359.625,8.255,68.000
0.057,0.001,0.018,23.493,52446.852,1.336,68.000
0.047,0.001,0.022,20.653,142627.469,1.825,68.000
0.002,0.013,0.011,18.916,224926.875,6.825,68.000
0.051,0.010,0.011,20.733,262171.031,8.152,68.000
0.042,0.001,0.019,19.751,202190.875,3.644,68.000
0.044,0.001,0.007,21.130,167049.469,1.553,68.000
0.042,0.001,0.015,21.817,88984.648,0.360,68.000
0.049,0.012,0.010,22.320,254466.812,7.826,68.000
0.049,0.025,0.013,21.469,291348.219,8.503,68.000
0.049,0.001,0.012,25.788,164230.125,3.978,68.000
0.000,0.013,0.013,23.981,-82108.797,12.139,68.000
0.044,0.000,0.003,23.373,68592.852,-0.774,68.000
0.053,0.000,0.002,23.753,-125744.703,-0.921,68.000
0.048,0.000,0.015,28.410,-38186.734,1.148,68.000
0.049,0.005,0.013,19.023,218049.344,6.402,68.000
0.044,0.001,0.007,20.863,202575.750,2.018,68.000
0.043,0.001,0.010,19.135,195967.844,3.578,68.000
0.052,0.007,0.012,19.173,251195.312,7.608,68.000
0.043,0.001,0.007,21.226,191266.406,1.713,68.000
0.048,0.007,0.014,18.589,214028.312,6.291,68.000
0.052,0.019,0.012,22.947,211018.094,7.325,68.000
0.051,0.006,0.014,18.686,220096.281,6.335,68.000
0.045,0.000,0.014,27.842,-89427.031,0.543,68.000
0.053,0.002,0.010,20.809,251945.156,5.427,68.000
0.052,0.021,0.012,22.422,222734.312,7.678,68.000
0.044,0.000,0.010,21.495,-7933.555,-0.712,68.000
0.058,0.001,0.007,20.694,195486.125,2.591,68.000
0.049,0.011,0.010,22.488,266261.438,7.573,68.000
0.051,0.021,0.012,21.172,242064.938,8.559,68.000
0.056,0.001,0.016,23.957,133523.438,1.690,68.000
0.049,0.007,0.011,21.123,257862.344,8.085,68.000
0.049,0.000,0.011,25.924,109904.445,0.643,68.000
0.056,0.001,0.016,20.946,234625.094,3.169,68.000
0.060,0.000,0.011,18.112,-42711.281,2.377,68.000
0.052,0.025,0.012,23.034,245505.031,7.687,68.000
0.050,0.003,0.012,20.007,265947.344,6.382,68.000
0.051,0.001,0.017,24.473,181043.719,2.405,68.000
0.050,0.010,0.013,21.456,226669.000,7.629,68.000
0.042,0.001,0.017,19.687,225141.625,3.946,68.000
0.049,0.005,0.010,19.180,279580.969,5.506,68.000
0.049,0.000,0.016,31.052,53606.852,-0.070,68.000
0.047,0.000,0.017,26.331,35930.742,-0.662,68.000
0.049,0.001,0.017,24.061,241275.406,4.017,68.000
0.050,0.025,0.012,21.846,276992.844,7.117,68.000
0.052,0.026,0.014,23.800,234359.344,9.291,68.000
0.050,0.000,0.014,31.713,-56266.105,-1.639,68.000
0.051,0.020,0.012,21.240,244027.469,8.505,68.000
0.050,0.023,0.013,21.016,264410.844,9.126,68.000
0.057,0.002,0.012,20.899,251446.562,3.243,68.000
0.049,0.000,0.013,32.254,-6067.016,0.587,68.000
0.097,0.013,0.012,20.866,193113.656,7.340,68.000
0.044,0.001,0.018,22.803,162962.375,2.043,68.000
0.050,0.003,0.010,19.127,274800.969,5.605,68.000
0.052,0.001,0.012,28.889,100276.586,2.212,68.000
0.048,0.001,0.013,25.009,187688.188,4.289,68.000
0.055,0.001,0.015,23.073,192153.156,2.280,68.000
0.042,0.001,0.013,21.281,189196.938,3.076,68.000
0.001,0.012,0.013,21.517,116025.867,7.766,68.000
0.052,0.008,0.010,19.402,271669.000,7.773,68.000
0.050,0.008,0.015,18.899,215056.438,5.843,68.000
0.058,0.001,0.010,21.786,186750.438,0.767,68.000
0.050,0.022,0.011,20.639,255996.094,6.153,68.000
0.049,0.016,0.012,22.575,220428.938,8.447,68.000
0.051,0.023,0.013,22.091,238424.594,8.736,68.000
0.042,0.000,0.009,21.902,81288.055,0.053,68.000
0.049,0.005,0.014,17.112,216417.250,6.363,68.000
0.048,0.025,0.013,20.811,300619.469,8.662,68.000
0.049,0.003,0.013,19.567,221170.719,6.558,68.000
0.099,0.012,0.012,20.881,194880.094,6.226,68.000
0.045,0.000,0.011,25.199,-14268.336,-0.913,68.000
0.055,0.001,0.010,21.629,240986.281,3.280,68.000
0.052,0.017,0.013,20.735,257124.531,7.900,68.000
0.051,0.001,0.020,21.168,187183.281,2.841,68.000
0.058,0.000,0.010,20.056,29293.023,2.224,68.000
0.058,0.001,0.009,21.230,198191.281,1.246,68.000
0.049,0.024,0.012,20.657,283523.469,6.925,68.000
0.045,0.000,0.022,23.119,36524.430,-0.912,68.000
0.056,0.000,0.020,17.960,-16730.453,4.624,68.000
0.099,0.012,0.012,20.458,199964.812,7.067,68.000
0.050,0.001,0.020,23.063,161983.812,2.268,68.000
0.057,0.001,0.019,22.362,57106.492,0.985,68.000
0.050,0.000,0.018,26.859,100665.070,0.225,68.000
0.051,0.024,0.010,20.008,268503.312,4.463,68.000
0.050,0.001,0.003,24.266,68051.289,0.995,68.000
0.097,0.012,0.013,20.983,184215.844,6.054,68.000
0.050,0.008,0.014,19.572,229608.719,6.803,68.000
0.051,0.020,0.012,21.214,245350.344,8.348,68.000
0.051,0.002,0.013,20.492,255250.750,4.796,68.000
0.049,0.002,0.007,20.329,204574.812,2.750,68.000
0.046,0.001,0.019,22.555,197968.188,3.068,68.000
0.058,0.001,0.004,21.947,115265.055,4.080,68.000
0.049,0.025,0.014,21.005,292161.656,9.183,68.000
0.001,0.011,0.012,21.292,175238.625,6.417,68.000
0.051,0.008,0.012,21.052,257125.281,8.605,68.000
0.049,0.026,0.011,20.922,280657.781,6.261,68.000
0.099,0.012,0.013,21.641,183914.656,5.201,68.000
0.050,0.009,0.009,20.668,289290.844,7.051,68.000
0.048,0.000,0.002,23.900,-25261.383,-0.492,68.000
0.051,0.000,0.022,22.989,16148.117,-0.108,68.000
0.051,0.006,0.012,19.439,251495.438,7.102,68.000
0.050,0.013,0.010,21.718,250980.500,7.875,68.000
0.052,0.022,0.011,22.874,229726.688,5.544,68.000
0.050,0.012,0.014,18.537,239995.000,6.748,68.000
0.044,0.001,0.016,20.610,259563.094,4.303,68.000
0.049,0.015,0.010,22.323,214764.156,8.274,68.000
0.048,0.003,0.012,20.496,220971.938,6.243,68.000
0.050,0.012,0.012,21.410,238837.500,8.576,68.000
0.043,0.000,0.006,23.675,-24452.938,-0.244,68.000
0.043,0.000,0.018,23.238,66166.539,-0.249,68.000
0.044,0.002,0.008,18.786,204011.750,2.361,68.000
0.058,0.001,0.017,21.495,91810.789,1.116,68.000
0.052,0.019,0.011,22.780,233959.719,6.272,68.000
0.049,0.025,0.013,21.332,293638.000,8.048,68.000
0.050,0.001,0.017,24.812,203043.312,2.786,68.000
0.051,0.001,0.005,22.991,154837.094,2.244,68.000
0.059,0.001,0.018,18.869,191134.875,1.374,68.000
0.047,0.002,0.012,20.871,237457.656,6.289,68.000
0.048,0.025,0.013,20.608,296057.312,8.053,68.000
0.052,0.005,0.014,17.784,232624.281,6.207,68.000
0.049,0.000,0.011,22.727,37743.195,4.280,68.000
0.050,0.018,0.010,21.593,234573.125,6.720,68.000
0.051,0.014,0.011,22.029,221528.188,8.379,68.000
0.045,0.001,0.014,29.414,3476.172,-0.698,68.000
0.100,0.013,0.011,18.632,-14668.727,8.318,68.000
0.001,0.012,0.012,20.924,168180.844,7.345,68.000
0.048,0.016,0.011,21.950,219909.562,8.308,68.000
0.055,0.000,0.019,20.842,-23638.859,2.379,68.000
0.058,0.001,0.005,24.882,-2024.781,2.819,68.000
0.054,0.000,0.021,22.998,-31459.492,-0.125,68.000
0.041,0.001,0.007,22.326,120103.430,0.886,68.000
0.042,0.001,0.012,20.617,188080.000,3.370,68.000
0.050,0.020,0.011,21.477,245471.562,7.031,68.000
0.049,0.001,0.015,30.072,40506.914,0.509,68.000
0.050,0.000,0.006,23.483,53672.414,-0.358,68.000
0.049,0.026,0.014,22.428,276340.625,9.369,68.000
0.053,0.000,0.013,28.791,-28725.555,-1.264,68.000
0.052,0.011,0.012,20.722,242714.906,8.181,68.000
0.048,0.000,0.007,22.192,17251.352,-0.971,68.000
0.049,0.014,0.010,22.162,232714.781,7.865,68.000
0.048,0.025,0.013,20.747,294987.469,7.938,68.000
0.048,0.000,0.005,21.341,45941.805,0.690,68.000
0.045,0.000,0.002,23.590,-32253.508,-1.357,68.000
0.042,0.000,0.009,20.951,-17078.016,-0.492,68.000
0.049,0.018,0.012,22.176,229236.500,8.144,68.000
0.052,0.026,0.013,23.905,245051.469,9.318,68.000
0.048,0.020,0.012,20.660,262873.844,9.415,68.000
0.049,0.001,0.018,26.204,90793.742,0.141,68.000
0.054,0.001,0.012,23.573,263963.188,4.161,68.000
0.056,0.001,0.004,22.796,92520.008,2.814,68.000
0.046,0.000,0.018,24.937,1530.906,0.781,68.000
0.041,0.001,0.015,17.398,209555.844,3.768,68.000
0.043,0.001,0.012,24.384,115287.508,1.932,68.000
0.049,0.018,0.011,21.605,234894.531,7.867,68.000
0.043,0.000,0.014,26.995,-14540.719,-1.542,68.000
0.055,0.001,0.012,24.534,208917.969,2.588,68.000
0.051,0.027,0.011,22.295,230676.062,6.832,68.000
0.052,0.026,0.012,23.585,237044.281,7.676,68.000
0.002,0.013,0.011,18.241,241168.438,6.220,68.000
0.049,0.023,0.012,20.149,273477.031,6.457,68.000
0.050,0.013,0.013,20.303,244245.594,7.941,68.000
0.041,0.000,0.014,21.340,68137.039,0.758,68.000
0.051,0.001,0.020,23.677,62206.617,0.755,68.000
0.049,0.002,0.018,22.139,250316.000,3.596,68.000
0.054,0.001,0.017,23.361,183068.562,2.467,68.000
0.050,0.002,0.015,20.050,239507.094,4.981,68.000
0.059,0.000,0.014,21.034,36461.930,0.657,68.000
0.052,0.005,0.013,17.647,236495.531,6.216,68.000
0.047,0.001,0.006,21.227,203913.250,2.555,68.000
0.045,0.000,0.017,24.782,66603.305,0.905,68.000
0.042,0.000,0.008,23.228,90279.148,0.655,68.000
0.051,0.001,0.003,22.821,118253.336,1.897,68.000
0.056,0.001,0.018,23.194,87730.430,1.372,68.000
0.049,0.007,0.012,20.759,242761.281,8.074,68.000
0.047,0.002,0.017,21.516,275139.938,4.409,68.000
0.057,0.001,0.009,21.394,213637.812,1.912,68.000
0.053,0.000,0.017,24.452,-34345.367,3.498,68.000
0.002,0.011,0.014,20.885,104999.398,7.360,68.000
0.044,0.001,0.010,20.063,190625.469,4.235,68.000
0.049,0.018,0.012,21.757,237600.562,9.329,68.000
0.048,0.017,0.012,22.297,225286.562,8.400,68.000
0.046,0.001,0.004,23.205,158995.625,1.242,68.000
0.047,0.002,0.011,19.401,249432.844,6.106,68.000
0.044,0.001,0.012,21.536,189354.250,4.143,68.000
0.048,0.014,0.011,22.004,227862.656,9.279,68.000
0.049,0.001,0.006,22.916,165912.531,2.165,68.000
0.046,0.000,0.013,32.207,-40852.336,-0.089,68.000
0.050,0.012,0.011,21.531,244643.625,8.479,68.000
0.051,0.025,0.011,20.153,261466.219,5.128,68.000
0.049,0.021,0.013,19.629,270106.094,9.573,68.000
0.055,0.001,0.007,22.258,176015.406,2.344,68.000
0.045,0.002,0.013,21.239,213117.438,5.269,68.000
0.051,0.007,0.012,19.736,256507.469,7.772,68.000
0.041,0.001,0.006,23.767,90188.867,0.377,68.000
0.049,0.001,0.002,22.222,92882.133,0.815,68.000
0.056,0.000,0.010,26.912,-42484.738,2.277,68.000
0.001,0.011,0.012,20.547,162657.844,6.747,68.000
0.049,0.005,0.012,20.697,234076.312,6.789,68.000
0.050,0.021,0.013,20.452,253514.188,8.746,68.000
0.051,0.014,0.011,21.815,222584.500,8.196,68.000
0.050,0.020,0.014,18.738,270151.562,9.074,68.000
0.050,0.003,0.009,18.695,280232.000,5.543,68.000
0.054,0.001,0.010,25.577,160202.188,2.109,68.000
0.049,0.027,0.014,25.298,215696.125,8.986,68.000
0.054,0.000,0.020,23.795,5281.625,0.729,68.000
0.051,0.024,0.010,19.956,267730.594,4.535,68.000
0.050,0.012,0.012,21.614,237965.156,8.624,68.000
0.051,0.000,0.014,29.936,866.758,-0.340,68.000
0.050,0.010,0.010,21.328,266798.688,7.983,68.000
0.055,0.001,0.017,21.959,194891.500,2.451,68.000
0.042,0.000,0.006,24.347,65960.227,0.260,68.000
0.059,0.000,0.010,21.336,6924.703,2.434,68.000
0.049,0.001,0.008,22.509,184383.875,2.519,68.000
0.048,0.015,0.012,21.623,223917.844,8.844,68.000
0.051,0.001,0.017,22.510,266823.406,3.936,68.000
0.050,0.015,0.013,22.108,235057.031,8.428,68.000
0.043,0.000,0.011,27.810,-24920.859,0.993,68.000
0.051,0.012,0.011,21.169,249561.781,8.466,68.000
0.048,0.006,0.012,20.147,216434.781,6.572,68.000
0.045,0.001,0.012,23.862,134388.062,2.762,68.000
0.045,0.001,0.020,20.273,211329.344,3.540,68.000
0.049,0.007,0.011,21.200,252633.500,7.932,68.000
0.052,0.016,0.013,20.511,261328.625,8.052,68.000
0.043,0.001,0.018,21.554,121023.195,1.336,68.000
0.049,0.006,0.013,18.874,217571.781,6.544,68.000
0.052,0.002,0.018,22.188,247389.938,3.428,68.000
0.043,0.002,0.011,18.504,216490.062,5.319,68.000
0.055,0.000,0.004,25.392,-145808.891,-0.520,68.000
0.044,0.000,0.016,28.478,-46927.648,0.590,68.000
0.051,0.022,0.013,21.795,234459.812,9.189,68.000
0.044,0.001,0.004,23.352,102403.617,0.039,68.000
0.052,0.021,0.011,22.532,231237.656,5.912,68.000
0.052,0.006,0.010,18.108,284355.500,6.836,68.000
0.044,0.000,0.017,25.227,24442.453,1.015,68.000
0.049,0.008,0.014,18.811,234683.062,6.143,68.000
0.047,0.000,0.012,30.065,-40192.574,-2.477,68.000
0.050,0.012,0.010,22.059,257403.969,7.701,68.000
0.002,0.011,0.014,20.948,105656.508,7.377,68.000
0.050,0.000,0.008,23.432,19280.469,0.167,68.000
0.051,0.009,0.012,21.323,226753.031,8.005,68.000
0.048,0.010,0.011,22.307,239209.281,8.100,68.000
0.050,0.006,0.013,17.976,225712.438,6.715,68.000
0.053,0.001,0.005,25.256,26388.742,0.724,68.000
0.052,0.016,0.011,22.605,224347.500,7.543,68.000
0.045,0.000,0.012,29.190,7180.078,0.544,68.000
0.058,0.001,0.010,21.307,211223.906,1.050,68.000
0.052,0.011,0.011,20.636,249753.875,8.103,68.000
0.045,0.002,0.011,18.887,241540.281,6.202,68.000
0.045,0.001,0.011,24.666,87108.492,1.579,68.000
0.057,0.001,0.015,21.138,189090.812,2.874,68.000
0.045,0.002,0.014,20.945,213858.750,5.142,68.000
0.051,0.010,0.010,20.533,280597.844,7.436,68.000
0.052,0.018,0.011,23.128,223284.719,7.258,68.000
0.050,0.000,0.010,28.764,-34599.617,1.025,68.000
0.052,0.008,0.014,19.604,214768.031,6.405,68.000
0.050,0.000,0.012,27.606,79724.711,-0.083,68.000
0.051,0.014,0.010,21.917,237700.406,7.929,68.000
0.051,0.008,0.012,20.835,242275.781,8.239,68.000
0.098,0.011,0.012,18.090,212516.125,7.544,68.000
0.057,0.000,0.019,19.458,9723.828,1.028,68.000
0.055,0.001,0.014,23.586,215471.906,2.461,68.000
0.057,0.001,0.014,20.847,198439.750,3.034,68.000
0.045,0.000,0.013,30.321,-32115.922,-2.280,68.000
0.048,0.027,0.012,18.727,303787.781,10.119,68.000
0.045,0.000,0.021,22.772,42224.523,1.267,68.000
0.053,0.000,0.015,28.850,-41037.887,0.835,68.000
0.051,0.000,0.010,25.732,-26144.953,0.017,68.000
0.042,0.001,0.020,19.647,197008.812,3.701,68.000
0.051,0.021,0.013,21.053,236729.656,8.925,68.000
0.051,0.012,0.014,19.108,234119.000,6.860,68.000
0.050,0.001,0.009,20.897,235870.625,4.681,68.000
0.051,0.020,0.013,19.567,252992.781,8.994,68.000
0.053,0.000,0.002,21.005,-30324.258,1.600,68.000
0.043,0.002,0.012,19.747,217707.438,4.621,68.000
0.050,0.001,0.022,20.503,151825.156,1.682,68.000
0.051,0.025,0.013,22.456,261083.250,9.001,68.000
0.052,0.016,0.012,22.687,225482.656,7.554,68.000
0.059,0.001,0.009,22.842,115747.883,0.857,68.000
0.051,0.010,0.012,21.618,231065.938,7.981,68.000
0.050,0.011,0.010,21.596,267208.750,7.649,68.000
0.051,0.024,0.011,21.278,252725.188,5.966,68.000
0.050,0.001,0.002,21.756,114985.352,1.498,68.000
0.056,0.000,0.013,23.915,34595.539,1.797,68.000
0.050,0.001,0.012,25.994,164361.312,3.231,68.000
0.046,0.001,0.002,22.594,68748.930,-0.404,68.000
0.060,0.000,0.009,18.831,31247.836,2.728,68.000
0.046,0.001,0.021,21.624,140841.562,1.716,68.000
0.059,0.001,0.014,19.196,169169.250,1.757,68.000
0.050,0.000,0.012,29.238,51772.383,-0.434,68.000
0.040,0.001,0.010,19.780,159264.469,2.117,68.000
0.043,0.001,0.011,20.926,160988.938,3.823,68.000
0.050,0.021,0.010,20.926,261354.750,5.534,68.000
0.050,0.007,0.015,18.615,201916.000,5.467,68.000
0.043,0.000,0.013,25.905,-39312.504,0.844,68.000
0.043,0.002,0.009,18.680,205517.750,3.202,68.000
0.054,0.001,0.020,21.892,136728.312,1.312,68.000
0.047,0.000,0.010,32.241,4212.250,1.114,68.000
0.051,0.021,0.012,21.809,242216.438,6.631,68.000
0.041,0.000,0.013,24.312,-52582.020,-2.567,68.000
0.049,0.001,0.010,21.865,183408.875,4.116,68.000
0.043,0.000,0.007,23.537,7348.406,-1.206,68.000
0.044,0.001,0.019,22.681,180754.062,2.452,68.000
0.049,0.000,0.018,24.500,69404.789,-0.827,68.000
0.048,0.024,0.010,18.623,286454.625,6.021,68.000
0.051,0.023,0.013,21.916,247877.438,9.357,68.000
0.050,0.003,0.012,19.841,239992.500,6.533,68.000
0.049,0.018,0.012,21.800,237650.969,8.775,68.000
0.055,0.000,0.018,25.103,7137.469,-0.026,68.000
0.050,0.026,0.013,22.352,278145.781,8.999,68.000
0.042,0.000,0.008,23.349,36588.648,-0.236,68.000
0.049,0.013,0.013,21.110,244755.438,8.398,68.000
0.061,0.001,0.013,18.138,196734.781,1.037,68.000
0.045,0.002,0.009,18.966,216988.750,3.217,68.000
0.051,0.016,0.010,22.039,230272.438,7.717,68.000
0.051,0.001,0.020,23.061,99349.992,1.121,68.000
0.056,0.001,0.020,24.591,-35732.945,1.373,68.000
0.051,0.018,0.012,22.729,220641.031,7.808,68.000
0.049,0.002,0.006,20.936,186583.562,2.782,68.000
0.045,0.001,0.010,19.160,220182.250,4.728,68.000
0.054,0.001,0.009,22.515,211172.562,2.911,68.000
0.052,0.000,0.007,21.360,48650.086,1.254,68.000
0.044,0.000,0.006,21.702,-2871.945,0.015,68.000
0.050,0.012,0.014,18.478,240349.531,6.967,68.000
0.048,0.002,0.012,20.958,212227.812,6.256,68.000
0.042,0.001,0.006,22.290,156731.812,1.362,68.000
0.050,0.010,0.014,18.765,240434.656,6.584,68.000
0.055,0.000,0.015,25.282,-10563.383,2.380,68.000
0.059,0.001,0.009,20.588,185169.531,0.965,68.000
0.050,0.013,0.014,19.372,239886.312,7.717,68.000
