X,Y,Z,Temperature_C,Pressure_Pa,V_Mag_ms,Power_W_Input
0.051,0.026,0.011,21.391,151737.188,5.447,52.000
0.048,0.000,0.004,21.698,29557.352,1.016,52.000
0.051,0.022,0.011,19.611,155181.656,6.178,52.000
0.002,0.012,0.013,23.298,77255.961,5.503,52.000
0.049,0.017,0.013,20.583,159325.375,7.369,52.000
0.048,0.018,0.012,20.286,189190.344,7.365,52.000
0.043,0.001,0.006,21.172,133417.000,2.092,52.000
0.044,0.000,0.003,16.380,55436.727,3.522,52.000
0.050,0.010,0.014,23.295,147717.125,6.565,52.000
0.051,0.007,0.012,19.281,137436.625,4.232,52.000
0.049,0.008,0.014,19.287,176315.344,6.143,52.000
0.097,0.012,0.012,21.111,89371.117,4.088,52.000
0.050,0.000,0.005,24.996,-9654.625,1.022,52.000
0.051,0.011,0.012,20.004,189766.625,8.099,52.000
0.048,0.009,0.011,18.606,117306.336,6.247,52.000
0.050,0.003,0.011,21.905,164228.969,2.992,52.000
0.044,0.001,0.018,24.545,104205.133,1.440,52.000
0.050,0.022,0.014,19.982,98541.680,5.712,52.000
0.051,0.017,0.011,19.275,193735.625,7.200,52.000
0.046,0.002,0.009,20.315,172596.156,3.514,52.000
0.056,0.001,0.012,20.216,136956.281,1.922,52.000
0.099,0.013,0.011,20.598,48539.195,6.133,52.000
0.048,0.009,0.012,18.579,122483.805,5.816,52.000
0.051,0.026,0.011,21.618,153495.625,5.394,52.000
0.047,0.000,0.004,21.373,30739.195,-0.723,52.000
0.050,0.020,0.012,19.440,191992.844,7.016,52.000
0.048,0.008,0.010,18.392,129830.477,5.091,52.000
0.051,0.018,0.013,19.257,177765.562,8.104,52.000
0.052,0.001,0.012,21.326,128222.477,2.399,52.000
0.098,0.011,0.013,20.265,102094.305,3.757,52.000
0.052,0.014,0.012,19.347,159402.688,8.397,52.000
0.051,0.000,0.005,23.712,26988.789,0.952,52.000
0.050,0.001,0.015,24.918,133953.906,1.880,52.000
0.052,0.000,0.020,20.235,-16437.961,2.733,52.000
0.049,0.016,0.013,19.998,161780.062,7.612,52.000
0.047,0.001,0.013,18.067,179962.156,2.043,52.000
0.050,0.008,0.014,21.983,179985.094,7.267,52.000
0.048,0.001,0.011,21.625,170850.562,3.062,52.000
0.052,0.006,0.011,19.638,139499.719,3.392,52.000
0.051,0.016,0.014,20.496,131151.938,6.949,52.000
0.049,0.010,0.011,18.292,134159.125,6.577,52.000
0.048,0.002,0.007,21.309,109804.977,2.947,52.000
0.048,0.020,0.013,20.537,139782.312,6.609,52.000
0.047,0.001,0.016,23.675,137044.469,2.740,52.000
0.051,0.021,0.013,18.232,151968.469,7.060,52.000
0.049,0.022,0.014,20.262,122458.898,6.220,52.000
0.050,0.023,0.011,20.744,163169.500,6.199,52.000
0.044,0.001,0.019,22.485,123073.477,2.269,52.000
0.051,0.026,0.010,22.111,151803.625,5.072,52.000
0.046,0.001,0.012,26.147,24765.727,1.590,52.000
0.048,0.001,0.001,18.664,99607.961,0.762,52.000
0.049,0.025,0.012,20.422,167529.625,7.050,52.000
0.052,0.001,0.019,19.941,103204.805,2.486,52.000
0.051,0.017,0.011,19.255,189578.000,7.317,52.000
0.049,0.018,0.014,20.039,126823.273,6.350,52.000
0.051,0.025,0.011,21.115,152314.438,5.555,52.000
0.047,0.001,0.007,24.366,25339.898,1.633,52.000
0.050,0.001,0.004,20.560,94031.758,1.303,52.000
0.044,0.001,0.011,20.064,147836.031,1.959,52.000
0.056,0.000,0.010,25.249,-20383.156,-1.149,52.000
0.050,0.000,0.021,20.697,-27271.031,2.061,52.000
0.049,0.008,0.015,20.954,169069.156,6.333,52.000
0.050,0.018,0.012,19.924,190025.250,7.631,52.000
0.051,0.009,0.015,23.385,157345.656,6.584,52.000
0.001,0.013,0.012,24.181,123003.727,4.515,52.000
0.049,0.025,0.010,21.990,154496.531,5.897,52.000
0.099,0.012,0.011,20.361,68393.820,6.055,52.000
0.051,0.012,0.014,23.482,140711.875,6.552,52.000
0.054,0.000,0.013,30.848,-32047.383,3.875,52.000
0.049,0.024,0.013,20.107,158058.906,6.867,52.000
0.050,0.000,0.011,27.127,10792.555,-0.435,52.000
0.054,0.001,0.019,19.523,102693.430,2.699,52.000
0.043,0.001,0.019,22.469,109842.961,2.147,52.000
0.050,0.009,0.011,18.263,117624.617,5.463,52.000
0.058,0.001,0.018,21.245,103016.852,1.654,52.000
0.048,0.000,0.012,29.911,-57622.168,-1.149,52.000
0.049,0.007,0.010,19.856,124639.930,3.923,52.000
0.045,0.002,0.016,23.701,133062.594,2.838,52.000
0.050,0.000,0.009,30.650,-112853.930,0.913,52.000
0.043,0.001,0.014,19.409,142539.438,1.805,52.000
0.049,0.010,0.012,19.024,156438.438,6.796,52.000
0.049,0.025,0.014,20.583,125544.773,6.111,52.000
0.048,0.002,0.012,17.746,182882.688,2.502,52.000
0.047,0.000,0.021,20.827,1645.148,1.641,52.000
0.045,0.001,0.013,19.307,119937.039,1.766,52.000
0.047,0.001,0.018,22.675,126698.430,2.839,52.000
0.051,0.000,0.002,21.792,18059.031,-1.054,52.000
0.045,0.001,0.011,20.111,167254.875,2.584,52.000
0.041,0.000,0.011,20.036,-13669.461,0.173,52.000
0.054,0.001,0.014,26.035,96455.289,0.745,52.000
0.056,0.001,0.003,23.073,22645.539,0.998,52.000
0.049,0.001,0.010,22.465,148419.531,2.738,52.000
0.045,0.000,0.014,30.099,-100155.422,-3.532,52.000
0.050,0.025,0.012,19.778,160023.969,7.040,52.000
0.045,0.001,0.015,27.280,63479.211,-0.344,52.000
0.049,0.021,0.012,20.020,184497.312,6.687,52.000
0.049,0.018,0.013,20.325,180750.031,7.623,52.000
0.050,0.017,0.010,17.732,190532.250,7.785,52.000
0.049,0.014,0.014,20.784,140841.625,6.950,52.000
0.052,0.002,0.011,22.800,153835.500,3.145,52.000
0.058,0.001,0.011,17.516,126873.883,1.426,52.000
0.049,0.009,0.014,21.406,154865.500,6.580,52.000
0.047,0.002,0.017,23.468,135774.844,3.203,52.000
0.051,0.014,0.012,19.511,165467.188,7.866,52.000
0.042,0.001,0.006,20.593,142778.844,2.608,52.000
0.061,0.001,0.009,16.208,151058.031,0.698,52.000
0.052,0.018,0.012,18.695,180433.875,8.070,52.000
0.049,0.008,0.014,18.901,167575.406,5.917,52.000
0.052,0.006,0.012,19.704,143816.375,3.083,52.000
0.056,0.000,0.015,26.724,-192.008,-0.885,52.000
0.049,0.020,0.013,20.428,162540.000,6.984,52.000
0.052,0.026,0.013,20.901,105174.508,6.140,52.000
0.050,0.000,0.007,25.542,-5332.164,1.262,52.000
0.055,0.001,0.004,25.479,-81778.344,-0.445,52.000
0.099,0.012,0.011,20.527,58917.570,5.435,52.000
0.052,0.000,0.014,28.150,27554.977,-0.219,52.000
0.043,0.000,0.019,22.039,-26527.180,-0.092,52.000
0.059,0.001,0.017,22.091,128384.820,1.112,52.000
0.050,0.005,0.012,17.952,152220.219,3.019,52.000
0.048,0.011,0.013,19.714,147606.719,7.336,52.000
0.046,0.001,0.013,22.540,81855.352,0.863,52.000
0.050,0.001,0.007,21.913,106142.508,2.713,52.000
0.050,0.001,0.022,19.442,66399.477,2.188,52.000
0.046,0.001,0.010,25.607,17272.422,1.984,52.000
0.049,0.001,0.004,19.640,105319.523,1.807,52.000
0.047,0.000,0.018,25.079,-14001.344,-0.265,52.000
0.056,0.001,0.010,23.019,108387.711,0.812,52.000
0.050,0.022,0.014,20.187,122142.617,5.951,52.000
0.047,0.001,0.007,22.402,119146.820,2.777,52.000
0.050,0.008,0.010,17.981,152038.969,3.822,52.000
0.048,0.001,0.019,20.938,96323.930,2.229,52.000
0.047,0.001,0.020,21.351,73886.211,1.769,52.000
0.057,0.000,0.009,24.383,-42990.891,0.104,52.000
0.056,0.000,0.018,21.397,-6839.141,0.922,52.000
0.051,0.007,0.011,19.314,125800.227,4.009,52.000
0.051,0.011,0.012,19.277,190757.656,8.089,52.000
0.041,0.000,0.009,18.530,58666.227,-0.930,52.000
0.047,0.001,0.017,23.434,133826.125,3.265,52.000
0.040,0.001,0.011,18.300,139801.812,-0.140,52.000
0.049,0.001,0.004,19.734,100310.836,1.314,52.000
0.050,0.001,0.013,28.411,32469.367,-0.249,52.000
0.057,0.001,0.014,20.470,150449.188,2.039,52.000
0.049,0.000,0.015,28.715,18677.336,-1.678,52.000
0.048,0.012,0.012,19.285,171920.469,7.422,52.000
0.048,0.010,0.012,19.725,132204.656,6.135,52.000
0.048,0.014,0.013,19.097,164182.688,7.941,52.000
0.051,0.015,0.014,20.427,123347.789,6.590,52.000
0.045,0.000,0.018,21.941,-48665.375,-0.450,52.000
0.051,0.014,0.011,19.478,176373.719,6.809,52.000
0.051,0.026,0.014,21.625,83209.492,6.158,52.000
0.053,0.000,0.013,28.499,10579.789,1.207,52.000
0.049,0.001,0.013,19.012,166538.094,1.932,52.000
0.056,0.001,0.011,20.447,123363.211,0.939,52.000
0.049,0.003,0.011,21.955,165699.812,3.145,52.000
0.047,0.002,0.007,21.128,121162.930,3.257,52.000
0.050,0.008,0.014,21.944,168125.750,6.967,52.000
0.051,0.014,0.013,19.961,158229.125,7.938,52.000
0.057,0.001,0.009,23.349,96965.414,0.645,52.000
0.050,0.009,0.013,22.685,173921.656,7.828,52.000
0.051,0.026,0.011,19.891,149733.719,6.512,52.000
0.050,0.024,0.013,19.688,142189.062,6.357,52.000
0.052,0.000,0.010,32.999,1134.000,3.100,52.000
0.052,0.004,0.012,19.556,168670.094,2.940,52.000
0.051,0.024,0.012,18.327,145464.281,7.028,52.000
0.053,0.001,0.022,17.774,4603.055,1.848,52.000
0.050,0.020,0.014,20.155,110019.836,6.057,52.000
0.051,0.001,0.007,23.366,88165.477,2.485,52.000
0.049,0.018,0.012,20.044,185574.562,7.508,52.000
0.048,0.015,0.014,19.730,138257.000,7.022,52.000
0.051,0.006,0.013,20.505,162942.031,4.799,52.000
0.055,0.001,0.008,23.805,91309.336,1.788,52.000
0.052,0.004,0.013,18.592,185970.156,2.977,52.000
0.044,0.001,0.014,18.110,151431.531,1.686,52.000
0.050,0.019,0.014,20.136,111651.211,6.184,52.000
0.052,0.001,0.005,23.272,39862.320,1.394,52.000
0.053,0.001,0.016,26.276,34282.961,-0.204,52.000
0.047,0.000,0.014,29.717,-65691.703,-2.666,52.000
0.047,0.000,0.013,29.082,-71601.609,-2.839,52.000
0.048,0.012,0.012,19.547,174799.531,8.059,52.000
0.051,0.021,0.012,18.638,169649.969,7.104,52.000
0.052,0.016,0.011,19.222,181390.688,7.050,52.000
0.049,0.002,0.013,16.267,180365.625,1.481,52.000
0.060,0.000,0.013,19.018,77595.867,2.332,52.000
0.048,0.010,0.012,19.850,134950.281,6.238,52.000
0.049,0.008,0.012,18.027,121427.867,4.717,52.000
0.049,0.012,0.011,16.643,150320.156,7.682,52.000
0.052,0.017,0.013,19.017,175542.719,8.083,52.000
0.045,0.000,0.018,24.644,-3861.805,-1.946,52.000
0.051,0.026,0.013,20.827,119970.555,6.000,52.000
0.060,0.001,0.015,19.051,164380.531,1.630,52.000
0.051,0.005,0.011,20.503,156084.281,2.546,52.000
0.048,0.002,0.011,22.279,168467.906,3.209,52.000
0.056,0.000,0.014,27.827,25912.148,-0.399,52.000
0.042,0.000,0.014,21.984,-57885.168,-2.240,52.000
0.050,0.009,0.015,23.342,155529.969,6.559,52.000
0.050,0.023,0.012,19.454,156837.969,6.829,52.000
0.050,0.012,0.013,21.199,163998.938,7.937,52.000
0.053,0.000,0.010,30.721,-39179.840,-0.191,52.000
0.045,0.002,0.007,20.931,132492.562,3.297,52.000
0.058,0.001,0.015,20.230,149042.062,1.351,52.000
0.053,0.001,0.007,23.758,94362.148,2.399,52.000
0.050,0.000,0.022,19.913,-26746.211,2.448,52.000
0.050,0.019,0.012,19.327,185062.000,7.491,52.000
0.051,0.004,0.013,17.464,181679.156,2.890,52.000
0.050,0.006,0.012,18.520,130938.195,3.348,52.000
0.056,0.000,0.010,28.724,26475.508,0.416,52.000
0.051,0.026,0.010,21.602,142798.156,4.933,52.000
0.055,0.002,0.015,22.120,133503.438,2.162,52.000
0.100,0.011,0.012,17.745,5661.016,5.233,52.000
0.045,0.000,0.008,25.629,-89264.031,0.902,52.000
0.050,0.008,0.010,17.238,156230.312,4.030,52.000
0.049,0.009,0.010,16.620,148493.562,5.719,52.000
0.053,0.000,0.017,24.191,-32419.883,0.532,52.000
0.049,0.010,0.015,23.656,140441.781,6.097,52.000
0.046,0.001,0.020,21.474,92528.773,2.117,52.000
0.052,0.016,0.012,19.357,180451.656,8.145,52.000
0.058,0.001,0.019,18.750,131117.094,2.990,52.000
0.051,0.001,0.019,21.106,86539.445,1.703,52.000
0.052,0.001,0.022,18.702,48029.836,2.154,52.000
0.048,0.009,0.013,20.083,154158.656,7.028,52.000
0.055,0.000,0.020,21.667,-37352.016,2.882,52.000
0.055,0.000,0.017,24.778,-39776.273,-0.366,52.000
0.056,0.002,0.007,22.315,107666.633,2.379,52.000
0.049,0.012,0.012,19.239,185670.281,8.239,52.000
0.047,0.001,0.013,21.603,107910.227,0.748,52.000
0.051,0.019,0.012,19.019,186305.500,7.540,52.000
0.059,0.000,0.010,24.057,57634.633,-1.211,52.000
0.056,0.000,0.012,26.692,37374.852,-1.151,52.000
0.050,0.024,0.012,19.427,158699.219,6.910,52.000
0.056,0.000,0.008,22.927,25218.836,0.747,52.000
0.059,0.001,0.015,21.625,126890.914,1.587,52.000
0.048,0.004,0.011,20.283,163829.688,2.979,52.000
0.052,0.005,0.011,21.874,153780.406,2.613,52.000
0.055,0.000,0.017,23.492,-3254.234,0.089,52.000
0.052,0.006,0.014,19.920,197057.094,6.135,52.000
0.099,0.011,0.012,19.673,87244.617,5.976,52.000
0.098,0.012,0.011,20.168,65584.758,7.219,52.000
0.050,0.005,0.010,22.004,144918.531,2.551,52.000
0.052,0.026,0.012,19.772,143420.031,6.749,52.000
0.054,0.000,0.009,34.453,-30352.086,4.612,52.000
0.052,0.005,0.012,20.379,159259.188,2.728,52.000
0.051,0.024,0.012,18.340,145180.969,6.812,52.000
0.099,0.012,0.011,19.864,72327.148,7.317,52.000
0.051,0.006,0.014,20.078,192392.938,5.960,52.000
0.097,0.014,0.012,21.108,73900.867,4.719,52.000
0.052,0.016,0.014,19.953,138664.812,7.124,52.000
0.042,0.000,0.017,23.753,8020.227,-0.666,52.000
0.044,0.001,0.013,18.160,137114.031,2.067,52.000
0.051,0.005,0.014,19.385,179604.188,4.365,52.000
0.049,0.004,0.010,22.293,158058.844,2.654,52.000
0.049,0.013,0.011,18.005,163731.969,7.219,52.000
0.044,0.001,0.014,19.759,120062.414,0.896,52.000
0.050,0.017,0.011,18.938,202574.438,7.576,52.000
0.041,0.001,0.017,23.518,46310.273,-0.770,52.000
0.051,0.018,0.013,19.024,176977.188,7.983,52.000
0.001,0.012,0.011,21.646,130041.648,1.763,52.000
0.043,0.001,0.014,23.791,16407.555,-0.696,52.000
0.049,0.021,0.011,20.608,177169.531,6.574,52.000
0.047,0.001,0.022,19.651,69978.930,2.426,52.000
0.051,0.000,0.003,19.577,8761.695,0.989,52.000
0.050,0.023,0.010,20.672,153212.969,5.812,52.000
0.049,0.003,0.013,16.852,172766.906,2.120,52.000
0.051,0.018,0.012,19.376,188009.750,7.791,52.000
0.048,0.026,0.011,22.473,159368.375,6.227,52.000
0.051,0.001,0.003,20.098,101939.852,1.624,52.000
0.050,0.021,0.014,19.955,95865.977,5.629,52.000
0.051,0.014,0.010,18.803,172539.031,5.945,52.000
0.049,0.019,0.010,18.475,179317.500,7.959,52.000
0.048,0.009,0.011,19.341,114768.961,5.662,52.000
0.055,0.000,0.017,24.423,-8147.188,-0.176,52.000
0.051,0.004,0.012,18.743,166800.312,2.965,52.000
0.050,0.008,0.012,19.001,117550.664,4.637,52.000
0.055,0.001,0.013,21.352,159812.656,3.351,52.000
0.045,0.001,0.012,20.068,135615.375,2.295,52.000
0.056,0.002,0.011,20.584,129762.602,1.339,52.000
0.055,0.001,0.018,20.983,69767.398,2.027,52.000
0.050,0.008,0.013,20.236,167292.094,6.646,52.000
0.049,0.012,0.010,14.608,141486.844,7.187,52.000
0.051,0.006,0.014,19.824,196664.719,5.972,52.000
0.051,0.003,0.013,17.611,183287.031,2.334,52.000
0.099,0.013,0.012,20.944,17326.531,4.470,52.000
0.049,0.008,0.012,18.561,128138.289,5.754,52.000
0.053,0.000,0.021,21.060,-68633.203,0.224,52.000
0.058,0.001,0.010,19.210,129150.539,1.073,52.000
0.054,0.000,0.015,30.370,-114390.992,-0.271,52.000
0.051,0.022,0.010,19.842,148453.000,5.633,52.000
0.050,0.000,0.007,24.466,20721.523,1.244,52.000
0.049,0.019,0.014,20.595,131084.250,6.504,52.000
0.050,0.018,0.010,18.106,172510.719,8.033,52.000
0.049,0.014,0.011,18.841,176749.406,6.898,52.000
0.050,0.026,0.013,21.099,132611.812,6.414,52.000
0.052,0.001,0.019,20.193,90825.352,2.169,52.000
0.050,0.011,0.014,23.380,145881.750,6.679,52.000
0.049,0.019,0.011,19.338,188413.406,7.068,52.000
0.049,0.025,0.010,21.650,155301.281,5.933,52.000
0.049,0.001,0.009,25.152,59523.492,2.200,52.000
0.049,0.009,0.013,19.865,141641.281,6.356,52.000
0.048,0.013,0.013,20.968,146369.312,7.731,52.000
0.001,0.011,0.012,22.797,86718.992,4.588,52.000
0.058,0.001,0.007,25.934,22667.328,-0.757,52.000
0.052,0.003,0.012,19.109,180207.469,2.569,52.000
0.050,0.007,0.011,19.674,120913.148,3.524,52.000
0.049,0.000,0.011,29.316,18102.312,0.943,52.000
0.049,0.007,0.013,17.807,123663.039,5.195,52.000
0.041,0.000,0.008,21.101,35609.648,-1.854,52.000
0.050,0.021,0.012,19.431,177266.688,6.823,52.000
0.050,0.015,0.012,20.239,180581.219,8.320,52.000
0.048,0.005,0.010,21.586,158897.188,2.861,52.000
0.047,0.000,0.005,21.240,67147.180,0.714,52.000
0.044,0.001,0.018,24.652,44863.617,0.282,52.000
0.047,0.001,0.007,23.245,82908.180,2.238,52.000
0.041,0.001,0.011,18.537,144840.938,0.315,52.000
0.050,0.005,0.012,18.876,148922.281,2.900,52.000
0.060,0.001,0.013,18.884,107253.242,0.409,52.000
0.049,0.011,0.011,17.715,152230.344,7.446,52.000
0.049,0.001,0.017,25.502,53194.945,0.729,52.000
0.042,0.001,0.008,21.876,134937.625,1.819,52.000
0.052,0.005,0.012,19.185,162690.906,3.231,52.000
0.001,0.012,0.011,21.449,128847.305,1.722,52.000
0.052,0.000,0.022,18.431,-57268.145,1.420,52.000
0.049,0.010,0.010,15.352,155044.250,6.590,52.000
0.050,0.001,0.011,23.512,122899.602,2.964,52.000
0.048,0.010,0.013,20.244,144911.719,7.260,52.000
0.049,0.021,0.011,20.253,183150.875,6.539,52.000
0.041,0.001,0.006,20.587,150728.875,2.442,52.000
0.050,0.025,0.012,20.177,164431.125,6.763,52.000
0.048,0.002,0.011,22.435,167624.906,3.045,52.000
0.001,0.012,0.012,23.300,101871.586,4.005,52.000
0.050,0.019,0.012,19.445,186857.344,7.570,52.000
0.054,0.002,0.007,22.681,101698.258,2.620,52.000
0.052,0.000,0.016,27.172,-22403.781,-1.500,52.000
0.042,0.001,0.014,17.297,120945.508,1.388,52.000
0.048,0.018,0.012,20.461,194210.562,7.180,52.000
0.049,0.024,0.010,22.019,160087.219,6.105,52.000
0.055,0.000,0.012,28.905,-50426.836,-1.493,52.000
0.050,0.025,0.012,20.138,163198.125,6.864,52.000
0.049,0.023,0.011,20.789,168797.906,6.433,52.000
0.047,0.002,0.010,20.561,171939.500,3.286,52.000
0.051,0.003,0.014,19.626,175328.719,2.910,52.000
0.050,0.010,0.012,19.824,181804.000,7.834,52.000
0.045,0.001,0.013,18.249,148271.250,1.329,52.000
0.051,0.020,0.012,18.710,175990.500,7.565,52.000
0.051,0.021,0.011,19.432,173846.719,6.577,52.000
0.045,0.000,0.016,26.801,45680.695,-1.946,52.000
0.050,0.009,0.013,22.319,174408.469,7.811,52.000
0.049,0.027,0.013,24.709,123925.477,5.680,52.000
0.052,0.006,0.013,19.910,156595.406,3.971,52.000
0.002,0.013,0.011,21.645,140361.250,3.105,52.000
0.051,0.000,0.011,29.337,-70018.203,-0.710,52.000
0.046,0.002,0.012,18.989,170234.969,2.629,52.000
0.048,0.023,0.013,20.658,141035.375,6.481,52.000
0.042,0.000,0.016,22.778,37864.664,-1.629,52.000
0.001,0.012,0.013,23.339,90272.305,4.988,52.000
0.050,0.004,0.010,22.368,158377.062,2.631,52.000
0.049,0.023,0.010,20.891,157882.156,6.101,52.000
0.048,0.007,0.013,16.416,120452.430,4.586,52.000
0.048,0.021,0.014,20.104,127923.820,6.420,52.000
0.098,0.011,0.013,20.275,98427.805,4.185,52.000
0.041,0.001,0.011,20.739,50033.227,-0.385,52.000
0.048,0.013,0.014,21.329,140086.438,7.355,52.000
0.059,0.000,0.013,22.713,48941.242,2.490,52.000
0.058,0.001,0.015,22.887,96785.539,0.675,52.000
0.044,0.001,0.015,19.980,142630.938,1.553,52.000
0.055,0.002,0.018,19.963,121958.648,2.507,52.000
0.001,0.012,0.013,23.501,62308.680,4.886,52.000
0.050,0.003,0.012,18.054,180875.656,2.777,52.000
0.058,0.001,0.013,18.326,123016.539,1.781,52.000
0.050,0.015,0.012,20.159,170929.250,8.408,52.000
0.044,0.001,0.011,22.075,95114.195,1.566,52.000
0.049,0.005,0.011,21.457,153757.344,2.838,52.000
0.049,0.001,0.016,23.307,140859.375,3.184,52.000
0.047,0.001,0.005,20.892,104355.305,2.291,52.000
0.050,0.011,0.011,18.753,171587.469,7.775,52.000
0.003,0.012,0.012,22.778,98430.789,4.722,52.000
0.097,0.011,0.012,19.884,90909.992,5.523,52.000
0.057,0.000,0.014,27.219,38511.539,-0.071,52.000
0.049,0.001,0.018,21.730,124179.914,2.927,52.000
0.049,0.010,0.011,16.850,142468.531,7.049,52.000
0.056,0.001,0.008,23.776,89743.477,0.905,52.000
0.049,0.001,0.020,20.983,87525.070,1.891,52.000
0.049,0.009,0.015,22.148,153069.062,6.623,52.000
0.051,0.001,0.004,21.461,94532.336,1.955,52.000
0.056,0.001,0.011,26.081,38949.555,-0.639,52.000
0.050,0.020,0.013,20.017,136802.156,6.770,52.000
0.052,0.005,0.011,20.753,152159.969,2.824,52.000
0.057,0.001,0.007,23.027,96391.758,0.875,52.000
0.051,0.003,0.014,19.177,177789.688,2.488,52.000
0.051,0.004,0.009,21.537,159423.281,2.604,52.000
0.002,0.013,0.010,20.779,148300.250,1.652,52.000
0.049,0.002,0.014,21.223,171931.344,2.066,52.000
0.050,0.014,0.011,19.213,177133.344,7.379,52.000
0.057,0.001,0.017,20.585,128391.383,2.433,52.000
0.048,0.006,0.010,21.476,151279.000,3.347,52.000
0.059,0.001,0.009,18.297,137578.031,1.178,52.000
0.059,0.000,0.012,22.515,33682.211,1.641,52.000
0.050,0.018,0.013,19.752,173553.969,7.857,52.000
0.048,0.001,0.015,27.078,97131.492,1.215,52.000
0.050,0.013,0.012,19.872,167756.969,7.851,52.000
0.050,0.016,0.012,20.286,189887.188,7.864,52.000
0.050,0.008,0.014,19.947,188699.438,6.443,52.000
0.045,0.001,0.014,17.960,157448.375,1.456,52.000
0.050,0.025,0.012,19.995,157200.844,7.015,52.000
0.049,0.008,0.013,19.308,135526.000,5.803,52.000
0.052,0.001,0.009,23.087,135626.469,2.512,52.000
0.051,0.006,0.013,18.533,151181.656,3.739,52.000
0.044,0.001,0.019,21.963,113348.367,2.319,52.000
0.051,0.024,0.013,19.754,129676.195,6.086,52.000
0.049,0.015,0.013,19.991,174037.281,8.116,52.000
0.059,0.001,0.007,21.971,98501.805,0.247,52.000
0.051,0.003,0.010,22.688,161091.594,2.799,52.000
0.045,0.001,0.016,24.240,124705.539,1.890,52.000
0.051,0.004,0.010,22.177,157582.875,2.557,52.000
0.050,0.019,0.012,19.709,195775.344,7.351,52.000
0.050,0.015,0.012,19.733,178118.375,7.763,52.000
0.053,0.002,0.007,22.614,101905.680,2.712,52.000
0.048,0.005,0.011,20.452,147687.062,2.971,52.000
0.051,0.015,0.013,19.927,152742.094,8.015,52.000
0.047,0.000,0.017,25.854,-50660.586,-2.564,52.000
0.055,0.000,0.010,31.181,1375.031,2.642,52.000
0.051,0.000,0.020,20.578,-14188.688,2.103,52.000
0.041,0.001,0.014,20.188,26366.742,-0.701,52.000
0.100,0.012,0.013,21.642,38064.023,3.874,52.000
0.044,0.001,0.019,22.482,121843.148,2.200,52.000
0.050,0.022,0.013,18.770,161492.875,6.911,52.000
0.050,0.011,0.010,14.554,154930.938,6.933,52.000
0.048,0.021,0.012,20.028,186546.500,6.826,52.000
0.050,0.016,0.014,20.498,133581.156,6.717,52.000
0.043,0.001,0.013,16.997,146284.812,2.248,52.000
0.058,0.001,0.018,20.992,110986.164,2.137,52.000
0.052,0.023,0.012,17.980,136548.312,6.756,52.000
0.059,0.001,0.017,22.203,91450.570,1.083,52.000
0.051,0.006,0.011,20.130,133652.344,3.241,52.000
0.058,0.000,0.012,24.335,32280.570,1.358,52.000
0.055,0.001,0.021,18.516,85527.430,2.877,52.000
0.049,0.018,0.010,18.479,194702.656,8.096,52.000
0.050,0.001,0.023,19.370,42362.195,1.970,52.000
0.051,0.007,0.014,20.062,198954.562,6.655,52.000
0.049,0.026,0.011,22.222,161355.500,5.629,52.000
0.048,0.000,0.018,21.041,-8435.398,0.284,52.000
0.043,0.000,0.015,23.601,31843.695,-2.154,52.000
0.051,0.001,0.019,21.627,55576.289,1.070,52.000
0.052,0.002,0.012,19.405,181288.469,2.693,52.000
0.058,0.001,0.013,18.304,119885.570,2.071,52.000
0.050,0.000,0.002,18.993,25594.500,0.124,52.000
0.057,0.001,0.017,22.467,116776.961,1.352,52.000
0.050,0.010,0.010,15.322,153958.844,6.791,52.000
0.042,0.000,0.010,22.723,39254.148,-1.643,52.000
0.051,0.011,0.013,22.284,168242.344,7.640,52.000
0.050,0.000,0.018,23.432,-4504.320,-0.326,52.000
0.050,0.014,0.012,19.754,166410.844,7.788,52.000
0.051,0.022,0.011,19.381,152186.281,5.883,52.000
0.099,0.011,0.013,21.266,84566.008,2.807,52.000
0.097,0.013,0.012,21.310,71928.117,4.928,52.000
0.048,0.024,0.013,20.273,148759.562,6.781,52.000
0.048,0.015,0.013,19.637,175374.438,8.080,52.000
0.048,0.017,0.011,19.682,206408.406,7.537,52.000
0.049,0.006,0.013,17.721,132990.125,4.443,52.000
0.050,0.015,0.013,20.214,168760.969,8.238,52.000
0.050,0.004,0.013,17.058,166838.625,2.503,52.000
0.051,0.022,0.011,19.804,157056.750,6.235,52.000
0.048,0.017,0.014,19.853,149428.906,7.102,52.000
0.050,0.022,0.011,19.990,167684.875,6.468,52.000
0.050,0.017,0.010,17.529,186571.094,7.615,52.000
0.043,0.001,0.013,20.658,69409.727,0.841,52.000
0.055,0.000,0.016,22.907,16297.609,0.132,52.000
0.051,0.005,0.012,19.844,153524.375,2.518,52.000
0.047,0.002,0.011,20.981,174155.531,3.230,52.000
0.048,0.000,0.009,27.721,-64148.176,0.762,52.000
0.050,0.020,0.010,19.192,158710.438,6.927,52.000
0.052,0.000,0.010,29.584,-14231.891,1.495,52.000
0.049,0.009,0.011,18.859,113664.289,5.491,52.000
0.049,0.001,0.022,20.167,62614.555,1.953,52.000
0.049,0.016,0.011,18.559,204686.812,7.847,52.000
0.045,0.001,0.017,23.698,133067.156,2.972,52.000
0.052,0.013,0.011,18.450,171902.688,7.161,52.000
0.051,0.016,0.012,19.671,183152.469,7.821,52.000
0.050,0.025,0.011,21.257,155123.781,5.577,52.000
0.050,0.007,0.012,18.757,124726.992,3.329,52.000
0.049,0.007,0.013,18.598,144325.469,5.691,52.000
0.058,0.001,0.019,20.962,42219.195,1.927,52.000
0.051,0.002,0.007,21.887,101398.836,2.663,52.000
0.043,0.001,0.016,24.367,120166.070,1.859,52.000
0.044,0.001,0.009,21.973,150218.281,2.235,52.000
0.097,0.012,0.012,20.666,92484.727,4.492,52.000
0.051,0.008,0.011,18.708,125490.789,4.976,52.000
0.046,0.001,0.012,21.439,124243.961,2.502,52.000
0.050,0.020,0.012,19.509,194791.312,7.260,52.000
0.050,0.008,0.014,20.183,192449.000,6.728,52.000
0.050,0.004,0.012,19.031,169887.750,3.175,52.000
0.052,0.000,0.001,19.061,2851.109,0.818,52.000
0.003,0.012,0.011,21.354,130015.633,2.844,52.000
0.052,0.009,0.013,23.162,176690.750,7.983,52.000
0.052,0.000,0.019,20.374,-23228.320,1.946,52.000
0.053,0.000,0.006,23.378,5599.422,0.068,52.000
0.053,0.001,0.021,20.342,59436.836,1.882,52.000
0.049,0.007,0.010,20.041,129787.242,4.170,52.000
0.045,0.001,0.021,20.841,20945.227,1.134,52.000
0.053,0.002,0.018,19.699,111144.398,2.569,52.000
0.100,0.013,0.011,22.376,-80204.820,7.120,52.000
0.048,0.010,0.014,22.410,140868.500,6.754,52.000
0.051,0.009,0.012,19.126,156047.969,7.047,52.000
0.050,0.023,0.011,20.668,160250.219,6.074,52.000
0.047,0.001,0.013,18.818,153975.000,0.794,52.000
0.054,0.002,0.012,21.151,161765.688,2.988,52.000
0.051,0.001,0.001,20.502,18100.219,-0.249,52.000
0.051,0.009,0.014,22.961,159514.656,7.007,52.000
0.050,0.019,0.013,20.377,140428.562,6.848,52.000
0.097,0.010,0.012,19.489,93327.961,5.574,52.000
0.046,0.001,0.011,20.759,175184.875,3.171,52.000
0.043,0.000,0.004,19.523,88427.523,-0.878,52.000
0.049,0.002,0.014,20.104,164065.188,1.271,52.000
0.051,0.013,0.011,17.782,167302.906,7.073,52.000
0.055,0.002,0.010,23.221,108022.102,1.217,52.000
0.051,0.024,0.014,19.701,104209.164,5.956,52.000
0.048,0.003,0.011,21.393,165522.594,3.207,52.000
0.049,0.018,0.010,18.790,190163.688,8.046,52.000
0.049,0.015,0.014,20.500,137330.625,6.968,52.000
0.042,0.001,0.014,18.808,106880.461,0.762,52.000
0.048,0.001,0.020,20.606,46574.773,1.382,52.000
0.049,0.026,0.013,21.559,126184.477,6.319,52.000
0.048,0.006,0.010,21.534,145913.719,3.108,52.000
0.049,0.011,0.012,19.562,165155.219,7.019,52.000
0.052,0.009,0.014,22.619,172104.000,7.419,52.000
0.048,0.004,0.011,21.235,157618.594,2.970,52.000
0.049,0.000,0.004,22.680,-7665.344,-0.687,52.000
0.048,0.001,0.018,21.422,118178.180,2.658,52.000
0.054,0.001,0.005,24.091,-923.516,0.391,52.000
0.050,0.024,0.013,19.339,151252.844,6.855,52.000
0.051,0.007,0.012,19.440,125845.055,3.718,52.000
0.046,0.001,0.010,24.926,35511.211,1.999,52.000
0.052,0.022,0.013,18.233,129407.227,6.626,52.000
0.051,0.026,0.011,20.703,142976.781,5.978,52.000
0.057,0.001,0.012,18.288,118096.133,1.576,52.000
0.052,0.001,0.007,25.675,8974.102,0.873,52.000
0.040,0.001,0.010,20.887,71530.883,-1.113,52.000
0.051,0.006,0.015,20.525,188684.844,5.799,52.000
0.047,0.001,0.003,20.012,54090.367,0.229,52.000
0.041,0.001,0.018,20.697,114198.336,1.841,52.000
0.052,0.001,0.021,18.634,77183.227,2.576,52.000
0.051,0.014,0.014,20.954,123847.664,6.512,52.000
0.001,0.012,0.013,23.455,97829.398,4.926,52.000
0.043,0.001,0.004,18.784,137511.906,2.280,52.000
0.051,0.017,0.014,20.503,132024.281,6.751,52.000
0.051,0.025,0.011,20.811,150126.562,5.522,52.000
0.045,0.001,0.004,19.673,121076.789,1.785,52.000
0.051,0.000,0.016,22.555,16872.797,0.261,52.000
0.050,0.014,0.012,20.116,166296.875,8.051,52.000
0.049,0.003,0.014,18.239,170116.312,0.829,52.000
0.051,0.025,0.012,19.069,149148.594,6.870,52.000
0.043,0.001,0.012,18.422,167470.719,2.253,52.000
0.002,0.011,0.012,22.078,114852.414,3.232,52.000
0.051,0.001,0.013,24.494,93844.086,1.239,52.000
0.048,0.022,0.011,21.311,162310.531,6.426,52.000
0.050,0.020,0.011,19.304,177669.469,6.699,52.000
0.045,0.000,0.004,20.363,79965.898,0.029,52.000
0.052,0.016,0.011,18.915,182997.688,6.852,52.000
0.051,0.007,0.011,19.579,122619.086,3.551,52.000
0.041,0.001,0.017,21.863,97836.008,1.095,52.000
0.048,0.016,0.011,18.881,201719.969,7.784,52.000
0.051,0.001,0.017,27.649,896.867,-0.835,52.000
0.099,0.013,0.012,21.089,80142.445,5.328,52.000
0.058,0.001,0.018,20.522,55789.414,2.008,52.000
0.057,0.001,0.012,23.237,45655.164,1.148,52.000
0.049,0.010,0.012,19.666,151431.281,6.767,52.000
0.056,0.001,0.007,25.778,39119.523,-0.223,52.000
0.059,0.000,0.015,23.384,65361.555,0.913,52.000
0.056,0.001,0.016,21.740,132028.844,1.777,52.000
0.050,0.008,0.010,17.845,142619.094,4.202,52.000
0.052,0.023,0.013,17.976,132566.562,6.842,52.000
0.048,0.010,0.013,20.224,146872.188,6.949,52.000
0.001,0.012,0.012,23.143,108392.039,4.170,52.000
0.057,0.000,0.011,25.339,9723.086,0.571,52.000
0.049,0.023,0.012,19.913,173685.594,7.171,52.000
0.041,0.001,0.013,19.851,62689.742,-0.336,52.000
0.051,0.026,0.010,21.751,149780.625,5.073,52.000
0.051,0.003,0.012,20.440,166646.156,2.770,52.000
0.044,0.001,0.005,19.875,129447.133,2.104,52.000
0.046,0.001,0.004,19.512,117684.008,2.136,52.000
0.052,0.019,0.013,17.955,162393.562,7.941,52.000
0.100,0.013,0.011,24.064,-20937.719,12.809,52.000
0.055,0.001,0.022,16.608,36848.477,2.897,52.000
0.048,0.002,0.010,21.787,169749.969,2.956,52.000
0.054,0.000,0.005,24.409,27890.648,1.455,52.000
0.049,0.001,0.007,21.573,107501.305,2.799,52.000
0.052,0.003,0.013,17.916,194580.781,3.083,52.000
0.057,0.001,0.006,20.829,121524.164,1.764,52.000
0.045,0.001,0.017,24.088,121047.070,2.355,52.000
0.054,0.001,0.006,22.153,111569.617,2.777,52.000
0.057,0.000,0.010,26.395,12636.375,-0.378,52.000
0.048,0.019,0.012,20.096,184851.344,7.332,52.000
0.048,0.016,0.011,18.401,198463.750,7.631,52.000
0.052,0.026,0.013,21.142,92204.039,5.938,52.000
0.043,0.002,0.008,21.269,156940.812,3.233,52.000
0.055,0.000,0.014,28.799,9139.453,-0.202,52.000
0.048,0.000,0.014,29.753,-37609.836,3.387,52.000
0.052,0.020,0.012,17.625,166211.750,7.570,52.000
0.049,0.015,0.013,20.011,171346.688,8.126,52.000
0.046,0.002,0.009,21.055,152955.125,3.341,52.000
0.050,0.021,0.010,19.417,157941.375,6.533,52.000
0.045,0.002,0.009,20.127,173181.781,3.468,52.000
0.051,0.011,0.013,22.747,164073.375,7.712,52.000
0.049,0.019,0.013,20.460,149417.719,6.836,52.000
0.051,0.010,0.012,19.886,179468.219,7.917,52.000
0.051,0.015,0.011,19.217,184950.750,7.202,52.000
0.052,0.008,0.013,22.078,160230.031,6.978,52.000
0.048,0.014,0.012,19.108,168531.625,7.936,52.000
0.051,0.027,0.011,21.421,129351.414,5.932,52.000
0.045,0.001,0.009,23.394,106938.617,2.208,52.000
0.057,0.001,0.012,20.397,103856.852,1.713,52.000
0.053,0.000,0.011,33.783,-3928.266,2.418,52.000
0.050,0.005,0.014,19.752,179828.969,2.999,52.000
0.050,0.002,0.007,21.855,104050.570,2.887,52.000
0.053,0.000,0.014,29.612,-26359.422,0.987,52.000
0.052,0.001,0.004,21.099,100055.820,1.862,52.000
0.050,0.026,0.010,22.182,151431.250,5.267,52.000
0.058,0.001,0.018,20.144,127590.914,2.263,52.000
0.051,0.001,0.011,25.872,73605.711,2.529,52.000
0.051,0.010,0.013,21.789,175893.781,8.102,52.000
0.057,0.001,0.005,20.731,123450.961,2.035,52.000
0.049,0.002,0.019,21.065,114291.258,2.583,52.000
0.054,0.000,0.015,26.809,-16610.438,0.736,52.000
0.051,0.012,0.013,22.610,161763.219,7.758,52.000
0.044,0.001,0.014,18.656,156738.156,1.353,52.000
0.051,0.007,0.010,19.212,155555.031,2.575,52.000
0.050,0.001,0.010,26.672,32298.805,2.152,52.000
0.049,0.013,0.012,19.478,160925.781,7.853,52.000
0.051,0.016,0.011,19.220,187917.938,7.189,52.000
0.052,0.009,0.010,15.219,177914.125,5.319,52.000
0.052,0.002,0.007,22.525,102456.898,2.777,52.000
0.048,0.001,0.003,19.944,47828.680,0.206,52.000
0.044,0.001,0.004,20.108,71738.273,1.042,52.000
0.052,0.015,0.012,19.502,168247.844,8.132,52.000
0.050,0.009,0.011,17.287,130408.758,5.760,52.000
0.051,0.001,0.004,22.410,25822.398,1.084,52.000
0.053,0.002,0.012,21.087,168769.031,3.218,52.000
0.049,0.001,0.015,25.951,109180.758,2.018,52.000
0.043,0.001,0.007,22.962,70959.461,1.437,52.000
0.049,0.004,0.012,19.131,168358.188,3.159,52.000
0.051,0.007,0.011,19.945,126424.945,3.315,52.000
0.052,0.001,0.016,24.727,115181.164,1.679,52.000
0.051,0.019,0.012,19.116,185934.125,7.765,52.000
0.055,0.000,0.016,22.318,8353.359,-0.478,52.000
0.054,0.000,0.007,24.579,-976.656,-0.232,52.000
0.050,0.020,0.013,19.583,136589.094,6.761,52.000
0.050,0.016,0.013,20.162,167292.844,7.823,52.000
0.051,0.000,0.005,23.263,48089.289,1.942,52.000
0.048,0.026,0.011,22.577,166576.031,6.278,52.000
0.048,0.001,0.022,19.588,61552.320,2.320,52.000
0.051,0.012,0.010,16.690,165270.125,7.057,52.000
0.057,0.001,0.006,21.803,113441.039,1.750,52.000
0.053,0.001,0.011,29.625,-1643.688,0.211,52.000
0.051,0.003,0.011,22.090,166460.094,3.106,52.000
0.050,0.006,0.013,18.313,151369.438,4.100,52.000
0.043,0.001,0.016,23.623,112715.633,1.449,52.000
0.048,0.027,0.014,9.615,180175.625,4.362,52.000
0.042,0.001,0.018,24.383,90053.852,0.969,52.000
0.055,0.001,0.003,19.415,119659.633,2.823,52.000
0.049,0.010,0.011,17.843,137282.906,6.814,52.000
0.048,0.018,0.012,20.465,193337.000,7.351,52.000
0.044,0.001,0.020,23.243,48864.883,0.717,52.000
0.044,0.002,0.009,19.934,165132.688,2.996,52.000
0.049,0.010,0.011,18.391,151863.906,7.117,52.000
0.049,0.001,0.010,22.565,143169.875,2.846,52.000
0.050,0.010,0.012,19.774,153875.562,7.034,52.000
0.050,0.014,0.010,18.783,170422.531,6.497,52.000
0.050,0.001,0.020,20.776,-2457.500,0.541,52.000
0.042,0.000,0.012,23.311,1632.680,0.114,52.000
0.049,0.001,0.004,20.648,95132.898,1.484,52.000
0.056,0.001,0.020,19.388,96680.445,2.715,52.000
0.051,0.001,0.010,28.143,19287.500,2.076,52.000
0.049,0.010,0.012,20.198,140154.750,6.379,52.000
0.040,0.001,0.014,16.870,76295.133,0.013,52.000
0.049,0.006,0.012,17.814,137828.312,3.412,52.000
0.050,0.022,0.014,20.459,119510.148,6.018,52.000
0.044,0.001,0.017,23.793,125384.648,2.295,52.000
0.051,0.012,0.014,23.030,153694.594,7.390,52.000
0.098,0.012,0.012,20.197,80933.883,6.034,52.000
0.048,0.008,0.011,19.389,106945.836,5.026,52.000
0.047,0.001,0.011,21.402,161694.312,2.976,52.000
0.050,0.022,0.011,19.979,165587.938,6.390,52.000
0.057,0.001,0.018,21.089,99616.992,2.400,52.000
0.052,0.010,0.011,17.991,178658.906,7.496,52.000
0.046,0.001,0.018,25.395,40569.617,0.207,52.000
0.053,0.000,0.011,34.499,-5388.344,2.953,52.000
0.048,0.007,0.014,17.567,139559.812,4.320,52.000
0.051,0.013,0.012,19.980,161863.906,7.701,52.000
0.049,0.025,0.010,22.225,159332.906,5.884,52.000
0.045,0.002,0.013,16.928,161117.625,2.207,52.000
0.057,0.000,0.004,21.436,101042.008,2.030,52.000
0.048,0.007,0.011,19.514,139306.562,4.296,52.000
0.044,0.000,0.017,23.800,-34030.414,-2.189,52.000
0.039,0.000,0.010,20.413,35111.102,-2.655,52.000
0.050,0.023,0.013,19.247,151214.812,6.751,52.000
0.042,0.001,0.012,17.821,152987.906,1.514,52.000
0.098,0.010,0.012,19.622,89941.695,5.782,52.000
0.048,0.012,0.010,16.445,139195.000,7.607,52.000
0.051,0.001,0.014,28.657,41733.727,-0.403,52.000
0.055,0.001,0.006,21.646,116739.258,2.894,52.000
0.046,0.001,0.006,22.615,45907.227,1.710,52.000
0.001,0.012,0.012,23.421,114179.398,4.130,52.000
0.058,0.000,0.011,22.571,49652.070,1.012,52.000
0.050,0.001,0.005,21.475,94376.805,1.715,52.000
0.043,0.001,0.013,17.133,136964.875,2.091,52.000
0.051,0.007,0.013,20.617,190754.219,6.701,52.000
0.050,0.001,0.015,23.448,146195.938,2.990,52.000
0.057,0.001,0.016,22.533,103464.461,1.601,52.000
0.097,0.013,0.012,21.368,80636.461,4.416,52.000
0.050,0.019,0.012,19.576,192593.656,7.501,52.000
0.054,0.000,0.011,33.067,13635.500,3.310,52.000
0.045,0.001,0.005,21.045,95035.164,1.560,52.000
0.054,0.001,0.019,19.265,96905.133,2.717,52.000
0.051,0.016,0.011,19.283,188796.344,7.279,52.000
0.050,0.000,0.012,28.084,9968.281,-0.012,52.000
0.058,0.001,0.016,22.222,123108.461,1.251,52.000
0.056,0.001,0.020,18.321,107984.977,3.142,52.000
0.049,0.022,0.012,20.195,177857.844,6.713,52.000
0.048,0.023,0.013,20.259,155297.094,6.794,52.000
0.053,0.000,0.013,27.731,53559.852,-0.356,52.000
0.098,0.012,0.013,21.392,95732.852,3.232,52.000
0.052,0.017,0.012,19.167,181305.594,7.869,52.000
0.052,0.014,0.012,19.160,163611.406,7.909,52.000
0.052,0.009,0.013,23.016,177837.406,8.155,52.000
0.050,0.002,0.015,22.944,144457.375,3.211,52.000
0.045,0.000,0.022,20.797,-33825.273,1.995,52.000
0.055,0.001,0.016,23.212,109885.742,1.130,52.000
0.055,0.000,0.005,24.958,-23200.281,0.169,52.000
0.049,0.007,0.010,20.297,136262.156,3.835,52.000
0.051,0.018,0.014,20.264,125803.570,6.152,52.000
0.043,0.001,0.006,20.866,142969.344,2.685,52.000
0.051,0.026,0.011,20.571,149080.344,6.060,52.000
0.050,0.015,0.011,19.301,187004.406,7.469,52.000
0.050,0.024,0.013,19.557,144630.125,6.635,52.000
0.049,0.001,0.020,19.811,89710.883,2.339,52.000
0.049,0.002,0.014,18.748,175109.219,0.930,52.000
0.049,0.005,0.009,21.358,159657.625,2.968,52.000
0.049,0.000,0.014,30.814,-51112.090,-2.251,52.000
0.045,0.001,0.006,21.979,96704.602,1.840,52.000
0.053,0.002,0.017,21.182,129314.023,2.611,52.000
0.053,0.001,0.020,19.249,91061.648,2.700,52.000
0.058,0.001,0.019,19.448,58039.945,2.273,52.000
0.053,0.000,0.017,24.782,-37095.641,-0.118,52.000
0.049,0.013,0.011,17.891,166425.281,7.380,52.000
0.001,0.013,0.013,23.860,122048.492,4.554,52.000
0.049,0.011,0.012,20.171,174778.156,8.021,52.000
0.047,0.001,0.010,21.332,171190.750,3.052,52.000
0.049,0.001,0.018,21.305,116570.539,2.597,52.000
0.045,0.002,0.012,19.305,173021.438,2.800,52.000
0.049,0.025,0.010,22.295,161127.438,5.810,52.000
0.048,0.000,0.021,19.460,-114485.484,-0.703,52.000
0.052,0.000,0.021,22.401,-67945.234,2.453,52.000
0.051,0.006,0.011,19.472,135071.594,2.950,52.000
0.052,0.009,0.013,22.891,176777.562,7.892,52.000
0.050,0.000,0.012,27.511,60768.164,-0.220,52.000
0.041,0.001,0.011,21.852,18158.117,-1.269,52.000
0.048,0.007,0.013,17.035,125455.133,4.856,52.000
0.051,0.012,0.011,18.715,182083.000,7.885,52.000
0.048,0.000,0.011,29.005,-42649.012,-0.838,52.000
0.053,0.002,0.013,20.741,177311.156,3.458,52.000
0.061,0.001,0.010,19.885,78765.836,0.066,52.000
0.057,0.001,0.004,19.592,121507.305,2.773,52.000
0.043,0.001,0.004,20.110,101521.648,1.540,52.000
0.049,0.005,0.011,21.324,153427.562,2.685,52.000
0.051,0.014,0.010,19.071,172483.594,6.283,52.000
0.043,0.000,0.008,22.601,34881.320,-0.142,52.000
0.052,0.024,0.013,18.427,125430.523,6.802,52.000
0.046,0.000,0.007,24.434,-29464.508,1.006,52.000
0.050,0.005,0.015,20.378,186103.656,4.442,52.000
0.049,0.023,0.011,20.676,166246.250,6.476,52.000
0.046,0.000,0.021,20.461,-19291.164,1.759,52.000
0.052,0.003,0.011,21.800,161024.125,2.744,52.000
0.001,0.013,0.012,23.002,115351.758,4.153,52.000
0.044,0.000,0.008,22.738,-51717.699,-0.377,52.000
0.051,0.026,0.010,21.806,147419.469,5.117,52.000
0.047,0.000,0.022,21.191,-8025.273,1.739,52.000
0.097,0.013,0.013,21.494,87993.508,3.148,52.000
0.050,0.026,0.013,20.251,147168.344,6.798,52.000
0.049,0.002,0.010,22.111,165087.031,3.130,52.000
0.050,0.027,0.011,22.376,139075.844,5.512,52.000
0.052,0.003,0.011,22.302,161752.312,3.147,52.000
0.051,0.022,0.013,18.079,146948.812,6.818,52.000
0.047,0.001,0.013,17.965,165162.312,0.816,52.000
0.045,0.001,0.018,23.142,127685.617,2.501,52.000
0.044,0.001,0.017,24.693,107961.680,1.569,52.000
0.053,0.001,0.013,20.824,146059.625,2.350,52.000
0.049,0.011,0.011,16.744,145075.875,7.350,52.000
0.001,0.011,0.013,22.490,56201.711,4.843,52.000
0.051,0.018,0.014,20.192,121582.617,6.463,52.000
0.053,0.002,0.011,22.184,148940.438,2.732,52.000
0.052,0.004,0.013,18.042,191099.344,3.047,52.000
0.049,0.006,0.012,16.641,140632.125,3.684,52.000
0.048,0.001,0.007,21.528,115921.477,2.844,52.000
0.051,0.000,0.004,24.467,-42151.059,-0.458,52.000
0.050,0.018,0.010,18.333,188817.438,7.715,52.000
0.058,0.000,0.015,20.675,6718.406,-0.837,52.000
0.051,0.008,0.012,19.543,121510.883,4.481,52.000
0.055,0.001,0.018,22.931,15429.305,0.927,52.000
0.050,0.015,0.014,20.497,119749.086,6.497,52.000
0.051,0.005,0.010,21.777,146110.094,2.377,52.000
0.048,0.007,0.012,18.699,120686.523,4.205,52.000
0.058,0.001,0.012,21.647,58575.680,1.357,52.000
0.052,0.005,0.011,21.699,150297.000,2.727,52.000
0.046,0.001,0.021,21.179,35451.211,1.381,52.000
0.002,0.011,0.012,22.624,97162.992,4.191,52.000
0.054,0.000,0.014,30.514,-81883.141,-1.199,52.000
0.049,0.012,0.012,19.288,180752.625,8.041,52.000
0.059,0.001,0.007,20.406,119048.477,1.380,52.000
0.048,0.000,0.014,29.188,-5890.938,1.098,52.000
0.054,0.000,0.010,29.773,-25423.820,0.230,52.000
0.049,0.015,0.013,19.960,179982.781,8.133,52.000
0.051,0.010,0.011,18.215,174101.438,7.669,52.000
0.050,0.014,0.012,20.217,168160.094,8.196,52.000
0.043,0.001,0.005,19.640,134855.688,2.614,52.000
0.051,0.007,0.014,20.049,191667.438,6.506,52.000
0.052,0.001,0.013,26.830,74747.836,1.348,52.000
0.049,0.002,0.011,22.247,165794.969,3.128,52.000
0.051,0.003,0.010,22.394,161519.875,2.628,52.000
0.050,0.016,0.014,20.202,119969.430,6.331,52.000
0.048,0.023,0.012,20.982,176083.500,6.709,52.000
0.050,0.003,0.011,22.767,162090.125,2.866,52.000
0.059,0.001,0.013,20.331,86535.477,0.404,52.000
0.051,0.023,0.010,19.835,150539.406,5.543,52.000
0.050,0.002,0.007,21.841,104558.727,2.826,52.000
0.048,0.013,0.013,19.568,146586.875,7.765,52.000
0.049,0.021,0.013,19.648,165215.812,6.957,52.000
0.098,0.011,0.013,20.636,104356.570,2.942,52.000
0.050,0.000,0.005,24.630,-5273.062,0.779,52.000
0.049,0.021,0.012,19.729,186730.969,6.837,52.000
0.098,0.014,0.012,21.712,68559.742,4.682,52.000
0.050,0.011,0.013,22.291,167274.906,8.002,52.000
0.043,0.001,0.015,22.856,123999.055,1.205,52.000
0.058,0.000,0.009,23.022,59722.805,-1.475,52.000
0.048,0.015,0.013,19.571,170872.906,8.107,52.000
0.048,0.003,0.012,17.462,165628.438,2.776,52.000
0.053,0.000,0.016,24.993,-13826.578,0.134,52.000
0.053,0.001,0.007,24.663,83988.414,2.020,52.000
0.048,0.025,0.011,22.428,169009.594,6.386,52.000
0.049,0.013,0.011,16.786,154828.375,7.253,52.000
0.048,0.015,0.013,19.738,172045.312,8.085,52.000
0.050,0.003,0.010,22.085,161225.312,2.835,52.000
0.043,0.000,0.011,23.448,53945.117,-1.116,52.000
0.051,0.024,0.010,20.775,151112.875,5.479,52.000
0.049,0.018,0.011,19.849,203387.281,7.341,52.000
0.056,0.001,0.014,21.227,153169.438,2.002,52.000
0.056,0.001,0.019,22.763,60101.336,1.404,52.000
0.051,0.006,0.012,19.076,135974.781,2.983,52.000
0.050,0.000,0.003,22.560,-7167.430,-0.480,52.000
0.046,0.000,0.020,19.079,-13469.766,0.646,52.000
0.055,0.001,0.006,22.269,113121.414,2.690,52.000
0.051,0.018,0.014,20.327,126306.398,6.494,52.000
0.051,0.008,0.009,17.394,161046.031,3.587,52.000
0.050,0.017,0.013,19.971,185307.906,8.069,52.000
0.056,0.001,0.007,22.709,108075.148,2.278,52.000
0.000,0.013,0.012,19.880,23952.188,10.388,52.000
0.048,0.002,0.012,20.921,168844.750,2.953,52.000
0.051,0.013,0.011,19.029,169929.656,7.302,52.000
0.051,0.018,0.013,19.449,157011.969,7.744,52.000
0.049,0.027,0.014,22.903,51885.148,5.067,52.000
0.052,0.001,0.014,22.349,173557.250,3.638,52.000
0.050,0.004,0.014,19.195,167275.750,1.559,52.000
0.048,0.002,0.014,18.769,171718.562,0.935,52.000
0.097,0.012,0.012,20.502,87374.695,5.216,52.000
0.050,0.015,0.014,20.415,120315.336,6.480,52.000
0.051,0.009,0.012,20.824,153621.906,6.858,52.000
0.048,0.005,0.012,18.441,159593.344,3.144,52.000
0.052,0.014,0.013,20.848,152800.000,7.659,52.000
0.052,0.002,0.009,22.789,139808.844,2.257,52.000
0.046,0.000,0.003,20.709,39973.523,0.121,52.000
0.061,0.001,0.010,15.607,145327.906,0.684,52.000
0.049,0.019,0.013,19.958,176701.844,7.230,52.000
0.043,0.001,0.006,22.075,65274.711,1.393,52.000
0.044,0.000,0.003,19.537,108313.352,-0.820,52.000
0.052,0.024,0.012,18.482,147738.688,7.017,52.000
0.049,0.002,0.018,21.565,124656.867,3.160,52.000
0.052,0.000,0.023,18.130,-52860.770,1.587,52.000
0.050,0.013,0.014,21.941,146248.531,7.184,52.000
0.052,0.014,0.013,20.150,161461.719,8.000,52.000
0.049,0.001,0.018,25.436,25478.688,-0.202,52.000
0.051,0.001,0.022,19.473,61307.195,2.171,52.000
0.047,0.000,0.007,22.595,-26711.844,1.238,52.000
0.049,0.016,0.013,20.346,169436.094,7.742,52.000
0.051,0.016,0.013,19.310,178387.906,8.201,52.000
0.048,0.012,0.013,20.179,149871.188,7.637,52.000
0.054,0.000,0.019,21.528,-1164.148,1.834,52.000
0.049,0.010,0.014,23.040,144806.906,6.744,52.000
0.052,0.027,0.014,13.430,182105.625,6.325,52.000
0.051,0.003,0.014,19.936,175460.500,2.461,52.000
0.061,0.001,0.010,17.802,129628.445,-0.438,52.000
0.050,0.020,0.011,19.652,172987.531,6.502,52.000
0.048,0.024,0.010,22.290,159040.938,6.155,52.000
0.051,0.014,0.011,19.060,170330.438,7.131,52.000
0.047,0.001,0.003,18.840,115040.023,0.989,52.000
0.049,0.003,0.014,19.038,167069.344,0.685,52.000
0.050,0.009,0.014,22.980,153639.031,6.782,52.000
0.042,0.001,0.010,20.710,137097.312,1.209,52.000
0.049,0.006,0.013,17.704,129893.789,4.622,52.000
0.044,0.002,0.009,20.591,164717.531,3.253,52.000
0.049,0.003,0.010,22.037,162149.219,2.860,52.000
0.049,0.003,0.010,22.122,164292.781,3.135,52.000
0.001,0.012,0.012,23.364,96737.930,4.760,52.000
0.001,0.013,0.013,23.869,91120.180,5.641,52.000
0.050,0.001,0.007,23.523,91769.617,2.655,52.000
0.050,0.018,0.010,18.327,190452.312,7.860,52.000
0.050,0.007,0.011,20.432,118779.508,3.315,52.000
0.054,0.001,0.012,25.785,60060.945,-0.139,52.000
0.046,0.000,0.017,25.381,37742.773,-1.496,52.000
0.045,0.001,0.004,20.491,76448.086,1.055,52.000
0.048,0.002,0.013,16.509,169662.125,0.630,52.000
0.052,0.000,0.017,22.440,-2291.242,-0.646,52.000
0.051,0.001,0.019,20.161,94312.352,2.188,52.000
0.048,0.021,0.012,20.060,188236.938,6.959,52.000
0.053,0.000,0.019,21.929,-16848.625,1.359,52.000
0.044,0.001,0.013,17.226,146245.406,2.100,52.000
0.049,0.026,0.012,20.644,156863.750,7.019,52.000
0.047,0.000,0.013,29.403,-19850.367,0.135,52.000
0.055,0.002,0.017,20.840,129939.430,2.360,52.000
0.059,0.001,0.011,17.940,111666.586,0.716,52.000
0.048,0.008,0.013,18.016,131421.156,5.954,52.000
0.049,0.006,0.012,18.815,144676.094,2.936,52.000
0.042,0.001,0.013,23.747,-25593.516,-0.905,52.000
0.055,0.001,0.004,19.955,119015.758,2.525,52.000
0.048,0.002,0.012,20.411,173400.969,3.316,52.000
0.048,0.022,0.012,20.100,179402.469,7.013,52.000
0.050,0.009,0.010,15.211,169354.344,5.636,52.000
0.052,0.005,0.013,18.485,173887.250,3.335,52.000
0.051,0.020,0.010,18.803,152249.281,6.527,52.000
0.045,0.001,0.005,20.578,100579.461,1.722,52.000
0.050,0.000,0.022,19.873,-33043.047,2.533,52.000
0.045,0.001,0.003,18.789,122081.258,1.860,52.000
0.042,0.000,0.014,21.912,-9375.203,-1.455,52.000
0.051,0.008,0.010,17.603,156716.750,3.560,52.000
0.048,0.016,0.012,20.295,194078.031,7.367,52.000
0.049,0.002,0.007,21.272,102699.133,2.851,52.000
0.050,0.004,0.012,18.711,164251.469,3.044,52.000
0.049,0.007,0.009,19.943,159624.156,3.682,52.000
0.053,0.000,0.018,20.601,-38698.648,-0.359,52.000
0.041,0.001,0.009,21.967,58258.586,0.681,52.000
0.050,0.009,0.010,15.704,163611.969,5.761,52.000
0.046,0.000,0.004,20.451,80274.930,0.288,52.000
0.047,0.001,0.022,20.469,2270.141,1.093,52.000
0.041,0.000,0.013,22.066,-26316.625,-1.373,52.000
0.048,0.003,0.014,17.647,159477.125,0.508,52.000
0.048,0.016,0.012,20.401,190532.469,7.632,52.000
0.097,0.012,0.013,21.062,94109.320,3.879,52.000
0.040,0.001,0.009,21.190,70873.492,-0.471,52.000
0.059,0.001,0.012,16.270,134138.906,1.472,52.000
0.049,0.002,0.014,19.859,174365.781,1.186,52.000
0.050,0.000,0.020,21.499,-9689.648,0.931,52.000
0.040,0.001,0.006,20.332,150331.875,2.292,52.000
0.050,0.019,0.012,19.604,188930.656,7.380,52.000
0.051,0.006,0.010,20.165,150334.219,2.667,52.000
0.049,0.001,0.002,19.130,85364.695,0.701,52.000
0.043,0.002,0.010,19.472,164553.656,2.289,52.000
0.053,0.000,0.021,20.607,-68973.398,2.577,52.000
0.050,0.010,0.014,23.223,150497.469,6.960,52.000
0.041,0.000,0.017,22.310,18793.164,-1.206,52.000
0.052,0.018,0.011,18.793,180352.719,7.172,52.000
0.057,0.001,0.014,21.362,151524.969,1.679,52.000
0.056,0.002,0.010,22.505,108199.383,1.161,52.000
0.053,0.000,0.018,23.278,-51883.391,0.197,52.000
0.049,0.025,0.012,20.343,157284.750,7.132,52.000
0.048,0.025,0.012,21.948,170953.344,6.671,52.000
0.047,0.001,0.019,22.934,45422.070,0.774,52.000
0.048,0.008,0.012,17.143,120309.164,5.368,52.000
0.050,0.025,0.013,19.729,133756.688,6.219,52.000
0.051,0.007,0.013,20.200,188693.781,6.210,52.000
0.049,0.015,0.011,18.829,185246.312,7.025,52.000
0.042,0.001,0.005,19.823,143057.469,2.503,52.000
0.043,0.001,0.004,18.508,136391.656,2.195,52.000
0.050,0.008,0.014,20.936,185624.125,7.095,52.000
0.050,0.006,0.012,18.215,126274.320,3.466,52.000
0.051,0.016,0.013,20.564,147998.281,7.270,52.000
0.048,0.001,0.004,19.531,106906.023,1.925,52.000
0.050,0.012,0.011,16.710,153402.219,7.462,52.000
0.049,0.013,0.013,20.148,157311.625,7.932,52.000
0.060,0.001,0.009,18.422,131744.500,-0.075,52.000
0.049,0.026,0.013,20.798,138035.312,6.179,52.000
0.053,0.002,0.013,20.065,177902.125,2.830,52.000
0.048,0.009,0.010,16.791,153153.031,5.446,52.000
0.050,0.027,0.014,25.187,31967.508,4.875,52.000
0.050,0.025,0.013,19.857,140227.219,6.363,52.000
0.049,0.002,0.009,21.472,169898.562,3.509,52.000
0.050,0.008,0.014,20.841,179903.875,6.746,52.000
0.051,0.017,0.013,19.167,148984.750,7.720,52.000
0.049,0.026,0.013,21.296,146650.938,6.388,52.000
0.050,0.005,0.013,17.318,151332.719,3.479,52.000
0.051,0.005,0.011,20.392,154690.844,2.645,52.000
0.050,0.007,0.010,20.881,121459.586,3.071,52.000
0.049,0.012,0.011,16.415,145701.000,7.692,52.000
0.049,0.025,0.012,20.435,166443.812,7.110,52.000
0.058,0.001,0.006,20.587,123631.695,1.690,52.000
0.002,0.013,0.011,21.118,142158.344,2.313,52.000
0.043,0.001,0.010,19.721,154355.062,1.887,52.000
0.056,0.001,0.009,23.777,89717.508,0.984,52.000
0.051,0.018,0.010,18.492,185236.594,7.485,52.000
0.041,0.001,0.007,21.539,122780.305,1.497,52.000
0.049,0.026,0.013,20.870,152417.812,6.897,52.000
0.050,0.007,0.009,18.521,160496.312,3.685,52.000
0.003,0.012,0.012,22.074,124926.508,3.476,52.000
0.050,0.025,0.014,20.026,106709.805,5.810,52.000
0.047,0.000,0.011,27.163,-98267.297,-1.156,52.000
0.054,0.001,0.020,20.118,84277.070,2.435,52.000
0.049,0.010,0.011,17.648,147023.594,7.148,52.000
0.050,0.010,0.014,23.303,160913.250,7.493,52.000
0.051,0.010,0.011,18.629,171805.406,7.439,52.000
0.051,0.018,0.012,18.922,182681.406,7.639,52.000
0.042,0.001,0.014,20.841,59745.617,0.281,52.000
0.041,0.000,0.009,20.973,73372.648,-1.312,52.000
0.051,0.001,0.017,23.045,128006.992,2.539,52.000
0.047,0.001,0.014,19.864,167457.656,1.052,52.000
0.049,0.019,0.010,19.221,178700.844,7.494,52.000
0.050,0.000,0.014,29.417,-79789.227,-3.121,52.000
0.049,0.001,0.020,20.626,94374.039,2.218,52.000
0.055,0.000,0.012,30.487,-65618.414,0.246,52.000
0.049,0.022,0.013,20.082,140021.688,6.629,52.000
0.049,0.012,0.014,23.225,135106.844,6.968,52.000
0.043,0.001,0.019,23.453,91628.102,1.684,52.000
0.049,0.005,0.013,16.652,145120.719,3.205,52.000
0.053,0.002,0.008,23.329,100697.273,2.397,52.000
0.058,0.000,0.009,22.821,54333.867,0.146,52.000
0.046,0.001,0.015,26.629,80581.008,-0.141,52.000
0.048,0.012,0.012,19.508,177261.625,7.898,52.000
0.043,0.000,0.015,24.384,51616.148,-1.036,52.000
0.049,0.025,0.013,20.844,141496.188,6.213,52.000
0.056,0.000,0.017,22.585,77193.992,1.656,52.000
0.050,0.001,0.002,18.577,110564.180,1.093,52.000
0.049,0.009,0.012,20.291,141911.781,6.463,52.000
0.048,0.024,0.011,21.984,166081.000,6.200,52.000
0.048,0.008,0.014,19.569,159031.688,5.798,52.000
0.051,0.004,0.011,20.964,163399.250,2.692,52.000
0.097,0.012,0.012,20.939,84105.992,4.753,52.000
0.050,0.000,0.021,20.005,-32249.664,2.482,52.000
0.049,0.024,0.013,20.337,161388.500,6.966,52.000
0.043,0.001,0.005,20.801,93429.367,1.884,52.000
0.051,0.001,0.014,24.732,136581.656,2.370,52.000
0.049,0.016,0.011,19.927,197341.656,7.432,52.000
0.049,0.010,0.012,19.099,160853.906,6.897,52.000
0.047,0.001,0.009,21.190,161464.125,3.290,52.000
0.002,0.012,0.014,23.204,54254.102,6.003,52.000
0.045,0.002,0.014,19.850,152711.625,1.528,52.000
0.050,0.021,0.010,19.768,147635.750,6.579,52.000
0.049,0.010,0.012,20.478,163132.625,7.312,52.000
0.055,0.001,0.005,20.551,122413.164,2.631,52.000
0.053,0.000,0.015,25.444,7431.461,0.045,52.000
0.052,0.002,0.007,22.276,98079.133,2.780,52.000
0.052,0.007,0.012,19.541,133577.938,3.677,52.000
0.100,0.013,0.011,20.588,-41983.191,6.658,52.000
0.044,0.001,0.020,22.417,71872.883,1.768,52.000
0.058,0.000,0.006,25.503,-34382.031,0.558,52.000
0.040,0.001,0.014,16.235,83516.680,0.326,52.000
0.045,0.000,0.012,26.641,-8847.398,-0.432,52.000
0.050,0.019,0.014,19.894,106040.039,5.977,52.000
0.050,0.018,0.012,19.840,193002.375,7.419,52.000
0.050,0.008,0.013,20.481,145417.750,6.131,52.000
0.047,0.001,0.013,19.658,125752.227,1.086,52.000
0.044,0.000,0.008,24.710,17260.492,2.959,52.000
0.051,0.000,0.004,24.770,-34818.000,-0.369,52.000
0.041,0.001,0.013,20.903,4385.969,-0.840,52.000
0.055,0.000,0.018,20.370,15814.008,-0.386,52.000
0.049,0.021,0.012,19.568,182838.719,7.086,52.000
0.051,0.014,0.012,19.823,168370.219,7.817,52.000
0.053,0.002,0.012,21.675,167256.812,3.035,52.000
0.052,0.001,0.018,24.276,38766.008,0.130,52.000
0.048,0.027,0.013,20.360,182111.500,5.718,52.000
0.055,0.002,0.016,21.611,126212.883,2.007,52.000
0.046,0.000,0.013,28.878,-25906.016,0.308,52.000
0.047,0.001,0.018,21.655,123223.508,2.758,52.000
0.048,0.024,0.011,21.823,171987.094,6.222,52.000
0.044,0.001,0.015,26.859,19097.750,-1.493,52.000
0.099,0.011,0.011,19.934,69596.992,7.059,52.000
0.053,0.002,0.010,23.219,134806.062,1.663,52.000
0.048,0.000,0.014,29.507,-20757.695,2.551,52.000
0.052,0.018,0.012,18.876,182547.094,7.483,52.000
0.049,0.019,0.011,19.130,196268.094,7.331,52.000
0.058,0.001,0.010,25.404,37855.211,-0.876,52.000
0.047,0.001,0.012,20.394,139912.062,2.282,52.000
0.050,0.024,0.014,20.304,119225.055,5.917,52.000
0.049,0.005,0.013,17.656,143931.594,3.515,52.000
0.047,0.000,0.010,29.789,-32249.336,2.722,52.000
0.056,0.001,0.015,24.143,95595.180,0.944,52.000
0.055,0.000,0.008,26.030,-21309.969,1.291,52.000
0.049,0.011,0.012,19.130,170317.062,7.367,52.000
0.042,0.000,0.011,22.730,-9926.156,-1.995,52.000
0.059,0.000,0.007,27.076,-36627.891,2.283,52.000
0.047,0.001,0.016,23.577,138778.625,2.807,52.000
0.040,0.001,0.011,18.324,143749.750,0.014,52.000
0.042,0.001,0.011,21.460,64225.867,-0.128,52.000
0.052,0.022,0.012,18.167,162338.688,7.180,52.000
0.049,0.016,0.010,17.944,195196.188,7.270,52.000
0.050,0.019,0.011,18.870,185683.156,7.143,52.000
0.048,0.001,0.010,21.334,169511.156,3.299,52.000
0.051,0.014,0.010,18.617,171211.094,5.981,52.000
0.045,0.001,0.003,19.239,121007.945,1.510,52.000
0.049,0.000,0.019,20.078,-19941.305,0.055,52.000
0.060,0.001,0.014,20.034,143770.781,1.126,52.000
0.050,0.019,0.013,19.530,158522.156,7.403,52.000
0.057,0.001,0.014,22.425,108951.289,1.524,52.000
0.050,0.013,0.012,20.012,161136.844,7.758,52.000
0.051,0.014,0.013,21.069,153884.062,7.649,52.000
0.050,0.019,0.014,19.708,108771.102,5.999,52.000
0.050,0.007,0.012,17.814,130935.070,4.408,52.000
0.051,0.000,0.002,22.026,3272.617,-1.668,52.000
0.058,0.000,0.013,24.978,37474.195,0.529,52.000
0.054,0.001,0.007,25.569,36745.695,0.972,52.000
0.098,0.011,0.013,20.358,96971.242,4.059,52.000
0.052,0.001,0.013,19.878,160830.062,2.307,52.000
0.041,0.000,0.014,21.700,-61067.590,-2.490,52.000
0.052,0.006,0.010,19.837,148703.969,2.443,52.000
0.048,0.012,0.011,18.356,161223.906,7.632,52.000
0.053,0.000,0.012,29.768,26460.523,0.251,52.000
0.050,0.025,0.013,19.689,150544.406,6.802,52.000
0.048,0.002,0.010,22.256,168265.188,3.049,52.000
0.043,0.001,0.015,22.732,119166.008,1.744,52.000
0.044,0.001,0.011,21.983,120293.102,1.901,52.000
0.051,0.013,0.010,17.051,162739.719,6.294,52.000
0.052,0.009,0.014,22.872,173469.094,7.876,52.000
0.000,0.011,0.012,20.408,48639.633,4.820,52.000
0.097,0.012,0.012,20.947,91762.195,4.271,52.000
0.097,0.011,0.012,20.081,84304.633,5.866,52.000
0.048,0.008,0.013,18.045,129005.648,5.908,52.000
0.050,0.023,0.012,19.872,169789.625,6.862,52.000
0.047,0.001,0.015,21.859,162194.781,1.214,52.000
0.050,0.001,0.013,19.795,147122.938,1.545,52.000
0.050,0.018,0.012,19.859,193043.375,7.471,52.000
0.051,0.015,0.012,20.244,169722.594,8.346,52.000
0.051,0.001,0.011,24.696,95057.617,2.737,52.000
0.052,0.013,0.012,19.346,157375.031,7.811,52.000
0.052,0.006,0.013,19.519,180595.406,4.461,52.000
0.052,0.008,0.011,18.936,140263.656,5.852,52.000
0.056,0.001,0.019,19.349,117427.102,3.066,52.000
0.049,0.003,0.014,19.101,167021.062,0.973,52.000
0.050,0.001,0.006,21.833,103244.930,2.592,52.000
0.048,0.000,0.011,28.222,-14655.930,-0.091,52.000
0.049,0.021,0.010,19.982,164610.500,6.768,52.000
0.043,0.000,0.008,22.046,-83444.023,1.805,52.000
0.050,0.008,0.012,19.079,118435.461,4.332,52.000
0.045,0.001,0.010,23.293,83025.039,2.190,52.000
0.052,0.002,0.011,22.795,153461.812,3.005,52.000
0.051,0.009,0.012,19.231,152763.750,6.902,52.000
0.050,0.009,0.011,17.006,135936.969,6.200,52.000
0.048,0.010,0.013,20.397,144217.969,7.016,52.000
0.047,0.000,0.006,22.360,53949.617,-0.156,52.000
0.052,0.027,0.011,21.165,83099.117,5.248,52.000
0.052,0.013,0.011,17.951,168523.781,7.034,52.000
0.048,0.018,0.013,20.156,180153.781,7.531,52.000
0.044,0.000,0.005,21.858,50603.711,2.435,52.000
0.052,0.023,0.013,18.386,132019.375,6.618,52.000
0.054,0.000,0.007,24.917,17717.008,0.337,52.000
0.049,0.002,0.012,20.583,169966.469,3.261,52.000
0.056,0.000,0.015,20.008,29871.258,-0.464,52.000
0.050,0.012,0.014,23.510,145576.156,6.923,52.000
0.052,0.011,0.014,22.197,160946.125,7.085,52.000
0.043,0.001,0.010,21.013,145668.906,2.031,52.000
0.045,0.000,0.004,20.267,65345.398,-0.181,52.000
0.051,0.000,0.009,30.153,-26448.859,3.870,52.000
0.049,0.018,0.010,17.978,195641.469,8.165,52.000
0.047,0.001,0.021,21.477,67313.492,1.824,52.000
0.048,0.015,0.012,19.550,170151.625,8.192,52.000
0.050,0.013,0.013,21.083,160253.188,7.497,52.000
0.048,0.000,0.019,19.775,-40291.711,-0.326,52.000
0.052,0.008,0.014,21.663,187084.125,7.380,52.000
0.042,0.001,0.013,20.401,54417.289,0.513,52.000
0.098,0.010,0.012,19.041,100543.539,5.102,52.000
0.051,0.007,0.012,20.257,134022.688,4.412,52.000
0.052,0.005,0.011,20.148,156142.125,2.873,52.000
0.051,0.009,0.012,20.848,152550.438,6.729,52.000
0.051,0.001,0.009,26.806,9966.242,1.652,52.000
0.043,0.001,0.005,20.344,135295.406,2.218,52.000
0.049,0.002,0.011,22.287,168467.094,3.094,52.000
0.048,0.009,0.011,19.393,113294.945,5.707,52.000
0.060,0.001,0.011,18.460,96578.148,0.731,52.000
0.060,0.001,0.016,21.026,150650.250,1.026,52.000
0.053,0.001,0.010,23.370,132795.125,1.602,52.000
0.044,0.001,0.014,17.172,151524.375,1.960,52.000
0.049,0.014,0.012,19.351,166741.188,7.851,52.000
0.052,0.001,0.008,24.555,87269.414,1.929,52.000
0.052,0.009,0.012,21.873,183185.219,8.045,52.000
0.057,0.001,0.004,19.364,122416.555,2.764,52.000
0.047,0.001,0.004,19.343,114242.555,1.452,52.000
0.048,0.006,0.012,16.867,146639.562,3.830,52.000
0.050,0.025,0.011,20.954,158202.562,5.980,52.000
0.054,0.001,0.016,24.924,64830.148,0.286,52.000
0.050,0.002,0.010,22.811,159144.125,2.743,52.000
0.041,0.001,0.013,17.816,112092.242,0.622,52.000
0.051,0.016,0.011,18.727,191759.250,7.321,52.000
0.050,0.021,0.014,19.990,125378.211,6.337,52.000
0.052,0.001,0.006,23.396,93748.758,2.320,52.000
0.050,0.007,0.013,20.261,181942.562,6.492,52.000
0.051,0.008,0.014,20.735,194495.062,7.217,52.000
0.048,0.024,0.011,21.939,170952.719,6.441,52.000
0.050,0.021,0.013,18.924,145687.781,6.751,52.000
0.058,0.000,0.006,25.062,-72993.297,1.353,52.000
0.045,0.001,0.021,20.548,89182.492,2.573,52.000
0.048,0.001,0.023,19.090,58259.195,2.379,52.000
0.058,0.000,0.008,24.940,10313.125,-0.187,52.000
0.051,0.016,0.012,20.351,182022.812,7.942,52.000
0.051,0.011,0.012,19.416,187460.469,8.127,52.000
0.051,0.011,0.011,18.728,184302.094,7.933,52.000
0.042,0.001,0.019,21.599,115600.633,2.427,52.000
0.043,0.001,0.006,21.568,105196.883,1.627,52.000
0.050,0.005,0.011,21.919,146614.938,2.844,52.000
0.048,0.025,0.012,21.537,169757.156,6.968,52.000
0.051,0.003,0.014,19.093,180843.875,2.489,52.000
0.040,0.000,0.015,18.104,35471.414,-1.207,52.000
0.050,0.001,0.003,19.968,101747.414,1.288,52.000
0.043,0.000,0.013,23.073,-31500.234,-2.077,52.000
0.058,0.001,0.017,22.029,120901.836,1.336,52.000
0.052,0.005,0.010,21.589,150674.750,2.581,52.000
0.050,0.007,0.014,19.300,191759.531,5.909,52.000
0.051,0.017,0.011,19.015,189865.312,7.294,52.000
0.049,0.009,0.011,18.798,115240.852,5.475,52.000
0.055,0.001,0.005,22.654,96439.680,2.163,52.000
0.059,0.000,0.008,23.887,3947.719,-1.770,52.000
0.050,0.016,0.011,18.920,192202.250,7.354,52.000
0.052,0.001,0.012,23.334,99487.664,1.835,52.000
0.045,0.000,0.010,25.025,-6637.492,1.195,52.000
0.056,0.001,0.004,20.446,110169.461,2.096,52.000
0.048,0.023,0.013,20.339,141649.875,6.606,52.000
0.000,0.012,0.012,23.495,58198.758,4.831,52.000
0.052,0.008,0.012,20.674,131782.719,5.053,52.000
0.051,0.000,0.012,29.699,-90631.203,-2.152,52.000
0.049,0.000,0.001,19.701,56458.727,0.214,52.000
0.051,0.011,0.013,21.919,170815.938,8.026,52.000
0.043,0.001,0.006,20.835,135828.219,2.737,52.000
0.048,0.021,0.010,20.572,164731.500,6.749,52.000
0.048,0.016,0.013,19.992,165420.938,7.729,52.000
0.045,0.001,0.013,17.331,159740.562,2.408,52.000
0.049,0.003,0.013,15.903,175728.031,1.337,52.000
0.050,0.018,0.010,18.395,184769.000,7.583,52.000
0.058,0.001,0.008,21.975,100507.195,0.963,52.000
0.046,0.000,0.011,27.264,-5964.492,-0.029,52.000
0.055,0.001,0.005,21.186,107691.836,2.209,52.000
0.051,0.022,0.011,19.370,163534.906,6.591,52.000
0.046,0.001,0.012,18.233,173508.125,2.309,52.000
0.047,0.001,0.018,25.090,42980.555,0.323,52.000
0.059,0.001,0.015,19.186,158687.344,1.528,52.000
0.002,0.012,0.011,20.895,137957.844,1.878,52.000
0.055,0.001,0.013,21.153,155003.938,3.114,52.000
0.052,0.019,0.014,19.085,128490.836,6.934,52.000
0.045,0.002,0.008,21.110,154226.906,3.337,52.000
0.048,0.007,0.013,17.430,126408.602,5.295,52.000
0.052,0.009,0.011,17.600,171470.500,6.872,52.000
0.050,0.010,0.014,23.168,148124.750,6.639,52.000
0.050,0.000,0.005,24.135,-34746.180,-0.197,52.000
0.044,0.001,0.017,25.215,97118.742,1.215,52.000
0.049,0.007,0.013,18.798,157996.875,6.230,52.000
0.051,0.008,0.013,21.172,188298.062,7.080,52.000
0.052,0.008,0.012,20.021,131550.375,5.253,52.000
0.050,0.000,0.013,30.555,-19344.297,-1.773,52.000
0.052,0.003,0.013,18.556,189982.656,2.928,52.000
0.049,0.014,0.014,21.178,130647.602,6.683,52.000
0.048,0.008,0.011,19.178,116136.336,5.186,52.000
0.051,0.000,0.023,18.524,-48700.148,1.500,52.000
0.049,0.000,0.015,30.292,-34742.352,-2.544,52.000
0.042,0.000,0.013,23.650,-7476.555,-0.494,52.000
0.050,0.015,0.012,20.055,184335.469,7.676,52.000
0.049,0.009,0.014,21.790,151640.500,6.688,52.000
0.053,0.002,0.015,22.932,140680.750,2.680,52.000
0.098,0.013,0.012,21.406,84665.492,3.937,52.000
0.051,0.011,0.012,21.099,188922.938,8.300,52.000
0.046,0.001,0.002,18.534,117577.914,0.915,52.000
0.042,0.000,0.009,19.578,-2110.828,1.427,52.000
0.051,0.013,0.013,22.312,158468.719,7.399,52.000
0.050,0.020,0.014,20.104,112688.617,6.098,52.000
0.046,0.001,0.019,23.184,66381.148,1.157,52.000
0.049,0.006,0.011,19.777,142071.688,3.056,52.000
0.052,0.026,0.012,19.810,128069.914,6.442,52.000
0.053,0.000,0.020,20.095,-64243.066,-0.139,52.000
0.099,0.013,0.011,20.709,64970.758,6.888,52.000
0.048,0.000,0.005,20.661,-12585.969,1.220,52.000
0.052,0.001,0.016,25.423,96504.352,1.106,52.000
0.048,0.000,0.008,26.323,-86883.117,-0.178,52.000
0.002,0.011,0.011,21.533,125034.023,2.552,52.000
0.055,0.002,0.008,23.294,87889.008,1.727,52.000
0.002,0.012,0.011,20.733,143649.938,1.780,52.000
0.049,0.005,0.014,18.487,160897.188,2.679,52.000
0.056,0.000,0.013,27.847,-30663.820,0.613,52.000
0.002,0.010,0.013,22.975,56210.664,5.727,52.000
0.052,0.009,0.012,19.372,151508.656,6.831,52.000
0.049,0.019,0.011,19.795,190235.969,6.813,52.000
0.055,0.001,0.021,17.837,101368.898,3.169,52.000
0.048,0.002,0.006,20.403,102984.883,2.777,52.000
0.048,0.010,0.012,19.613,137270.656,6.188,52.000
0.049,0.019,0.010,19.331,190568.844,7.485,52.000
0.099,0.012,0.011,20.341,65358.836,6.877,52.000
0.058,0.001,0.012,20.392,85107.148,0.091,52.000
0.040,0.001,0.009,19.627,130472.477,0.583,52.000
0.048,0.006,0.011,20.117,141104.062,3.383,52.000
0.050,0.021,0.010,19.337,150908.625,7.123,52.000
0.049,0.013,0.013,20.287,158693.000,7.750,52.000
0.053,0.001,0.013,30.374,26041.898,-0.573,52.000
0.048,0.024,0.012,21.291,174874.375,6.579,52.000
0.002,0.012,0.013,23.591,74813.945,5.544,52.000
0.047,0.000,0.012,28.457,-92169.047,-2.711,52.000
0.051,0.019,0.012,19.066,186628.938,7.337,52.000
0.047,0.002,0.012,18.924,179906.625,2.776,52.000
0.043,0.001,0.006,21.664,100837.023,1.704,52.000
0.047,0.002,0.010,21.711,171289.562,2.980,52.000
0.098,0.013,0.011,21.044,69261.586,5.853,52.000
0.049,0.009,0.013,20.824,161641.688,7.221,52.000
-0.000,0.011,0.012,21.255,50155.664,11.959,52.000
0.041,0.000,0.015,19.119,33338.680,-1.168,52.000
0.098,0.013,0.012,21.154,84233.961,4.702,52.000
0.054,0.001,0.009,23.841,120305.477,1.623,52.000
0.051,0.016,0.013,19.597,167611.312,7.983,52.000
0.056,0.001,0.018,20.149,123185.961,2.755,52.000
0.098,0.012,0.013,21.076,94246.133,3.810,52.000
0.051,0.003,0.011,22.448,164260.375,3.141,52.000
0.057,0.001,0.006,22.583,101283.836,1.250,52.000
0.046,0.001,0.011,26.496,1776.234,1.822,52.000
0.049,0.025,0.010,22.402,157541.125,5.616,52.000
0.049,0.005,0.010,21.816,148874.312,2.875,52.000
0.058,0.000,0.010,22.776,68200.414,-1.281,52.000
0.098,0.012,0.012,20.969,91070.711,4.255,52.000
0.052,0.019,0.012,18.041,170808.750,7.758,52.000
0.052,0.002,0.011,22.754,150698.344,3.008,52.000
0.053,0.002,0.009,23.163,115403.273,2.421,52.000
0.059,0.001,0.008,21.336,102283.305,0.230,52.000
0.049,0.015,0.011,18.971,178606.344,7.571,52.000
0.043,0.001,0.019,24.517,46153.367,0.513,52.000
0.048,0.002,0.013,17.248,169726.719,0.816,52.000
0.052,0.001,0.015,25.097,113698.758,1.604,52.000
0.050,0.022,0.010,19.929,146293.875,6.669,52.000
0.050,0.010,0.011,18.088,137164.562,6.516,52.000
0.048,0.016,0.013,19.838,158460.625,7.510,52.000
0.098,0.013,0.010,20.845,57484.258,6.862,52.000
0.098,0.012,0.014,21.274,98083.477,2.817,52.000
0.058,0.001,0.012,21.366,67940.898,1.004,52.000
0.097,0.013,0.012,21.149,78556.461,4.535,52.000
0.043,0.001,0.014,22.203,32419.977,-0.015,52.000
0.052,0.007,0.011,18.621,143747.312,4.303,52.000
0.051,0.000,0.011,33.032,-77493.039,-0.974,52.000
0.056,0.001,0.016,21.834,131057.461,1.760,52.000
0.002,0.012,0.012,21.995,123720.086,3.448,52.000
0.054,0.001,0.014,23.624,134439.906,2.030,52.000
0.048,0.001,0.015,25.363,123694.273,1.930,52.000
0.049,0.001,0.009,22.299,149264.844,3.208,52.000
0.050,0.019,0.012,19.789,195368.969,7.085,52.000
0.057,0.001,0.006,21.236,120119.352,1.999,52.000
0.058,0.001,0.017,20.633,134271.062,1.803,52.000
0.041,0.000,0.007,17.751,51459.273,1.426,52.000
0.049,0.009,0.014,21.915,152742.656,6.883,52.000
0.052,0.000,0.008,25.167,43584.586,1.810,52.000
0.056,0.001,0.011,27.735,14546.203,0.118,52.000
0.055,0.000,0.004,25.545,-48841.363,-0.096,52.000
0.047,0.000,0.013,28.738,-6110.742,0.463,52.000
0.046,0.001,0.009,20.927,166879.719,3.279,52.000
0.045,0.001,0.015,28.556,2526.391,-2.075,52.000
0.050,0.000,0.012,28.865,-2309.539,-0.699,52.000
0.045,0.000,0.016,26.024,-34752.141,-0.202,52.000
0.045,0.001,0.014,26.198,55723.367,-0.387,52.000
0.047,0.000,0.013,29.569,-4056.648,-0.303,52.000
0.045,0.001,0.017,24.862,112565.789,1.885,52.000
0.050,0.003,0.011,22.077,164735.000,3.119,52.000
0.052,0.000,0.012,28.877,-78005.000,-2.358,52.000
0.049,0.001,0.009,22.303,147966.625,3.105,52.000
0.054,0.001,0.017,25.331,-4364.148,0.161,52.000
0.050,0.014,0.012,19.657,167797.094,7.695,52.000
0.052,0.019,0.011,18.992,179849.938,7.214,52.000
0.049,0.002,0.010,22.410,166772.156,2.997,52.000
0.046,0.001,0.005,19.841,118120.648,2.465,52.000
0.047,0.001,0.015,28.588,24736.797,-1.431,52.000
0.059,0.001,0.013,18.206,133492.219,1.966,52.000
0.049,0.013,0.014,21.746,142455.562,7.089,52.000
0.051,0.001,0.002,19.903,93044.805,1.212,52.000
0.050,0.022,0.010,20.020,152863.812,6.285,52.000
0.050,0.013,0.014,21.806,126795.852,6.495,52.000
0.051,0.005,0.011,21.417,142747.594,2.800,52.000
0.047,0.002,0.009,21.089,155128.438,3.428,52.000
0.052,0.001,0.019,20.634,84565.383,1.822,52.000
0.058,0.000,0.010,25.548,34547.945,-0.896,52.000
0.050,0.018,0.014,20.343,125218.820,6.197,52.000
0.050,0.022,0.012,18.782,175484.906,7.028,52.000
0.050,0.026,0.011,21.531,163357.469,6.138,52.000
0.045,0.000,0.007,22.573,59927.633,0.341,52.000
0.049,0.017,0.010,17.384,189652.094,8.047,52.000
0.050,0.008,0.010,17.053,152590.281,4.487,52.000
0.058,0.001,0.014,22.620,91445.711,0.594,52.000
0.100,0.013,0.013,16.924,32450.430,5.251,52.000
0.052,0.027,0.011,21.353,83053.539,5.755,52.000
0.052,0.025,0.012,18.982,139986.062,6.861,52.000
0.054,0.001,0.010,24.839,82047.539,0.448,52.000
0.045,0.000,0.009,25.184,16092.867,1.660,52.000
0.044,0.001,0.010,19.890,171926.719,3.006,52.000
0.048,0.006,0.014,18.023,150095.500,2.932,52.000
0.052,0.000,0.017,24.686,-42358.965,-0.561,52.000
0.044,0.000,0.014,24.981,-24802.602,-1.256,52.000
0.097,0.011,0.012,20.434,94276.133,4.665,52.000
0.050,0.023,0.010,20.758,149783.000,6.172,52.000
0.051,0.001,0.021,19.759,19072.703,1.437,52.000
0.050,0.022,0.011,20.223,160544.750,6.195,52.000
0.051,0.024,0.012,18.632,147243.875,6.761,52.000
0.049,0.019,0.014,20.665,123604.023,6.322,52.000
0.050,0.001,0.001,19.587,62194.227,0.073,52.000
0.050,0.014,0.010,18.417,172464.062,5.973,52.000
0.050,0.024,0.014,20.295,116249.555,5.869,52.000
0.048,0.013,0.012,19.391,170288.344,7.969,52.000
0.049,0.014,0.011,19.060,172154.562,7.763,52.000
0.050,0.010,0.014,23.334,164503.562,7.593,52.000
0.050,0.020,0.013,19.239,164952.625,7.140,52.000
0.055,0.001,0.003,19.777,118047.930,2.890,52.000
0.051,0.010,0.011,16.650,157333.219,6.744,52.000
0.046,0.000,0.002,19.179,109794.430,-0.293,52.000
0.098,0.013,0.013,21.757,85717.148,3.406,52.000
0.051,0.011,0.012,20.924,188352.062,8.162,52.000
0.048,0.018,0.012,20.402,192448.031,7.349,52.000
0.050,0.016,0.012,20.354,179393.281,8.354,52.000
0.050,0.007,0.013,19.223,141979.156,5.202,52.000
0.051,0.027,0.010,21.452,76535.633,5.136,52.000
0.002,0.011,0.011,21.608,125342.852,2.184,52.000
0.046,0.002,0.010,20.307,167674.031,3.033,52.000
0.098,0.013,0.012,21.242,74348.461,5.181,52.000
0.046,0.000,0.003,20.203,82523.523,-1.450,52.000
0.050,0.004,0.011,21.297,163139.438,2.775,52.000
0.052,0.019,0.012,18.622,180319.531,7.523,52.000
0.057,0.001,0.009,23.763,85145.742,0.227,52.000
0.050,0.027,0.013,20.911,132984.156,6.643,52.000
0.051,0.003,0.012,18.052,180559.906,2.923,52.000
0.045,0.000,0.005,21.470,69015.648,1.341,52.000
0.051,0.001,0.012,21.317,139812.500,2.632,52.000
0.049,0.000,0.011,29.124,-81438.062,-0.496,52.000
0.059,0.001,0.014,19.999,133682.812,1.355,52.000
0.057,0.000,0.019,18.508,-48957.500,-1.441,52.000
0.099,0.012,0.013,21.813,90398.008,2.560,52.000
0.050,0.022,0.012,19.605,173569.375,6.767,52.000
0.053,0.002,0.010,22.720,145608.656,2.425,52.000
0.049,0.020,0.011,19.482,184051.562,6.820,52.000
0.099,0.013,0.013,21.220,89342.023,3.991,52.000
0.052,0.007,0.010,17.674,151531.219,3.126,52.000
0.051,0.007,0.013,20.565,185126.312,6.117,52.000
0.059,0.000,0.010,24.063,73047.773,0.964,52.000
0.048,0.020,0.011,20.237,193772.656,6.843,52.000
0.049,0.016,0.014,19.787,131365.250,6.645,52.000
0.055,0.000,0.014,27.697,17376.547,0.018,52.000
0.049,0.018,0.011,19.524,202871.906,7.309,52.000
0.051,0.019,0.011,19.493,186103.469,6.907,52.000
0.050,0.011,0.011,16.950,154995.906,7.788,52.000
0.052,0.002,0.015,23.080,145938.812,2.952,52.000
0.051,0.015,0.013,19.419,175565.531,8.375,52.000
0.051,0.006,0.011,21.682,135546.875,2.862,52.000
0.049,0.004,0.011,21.143,159950.562,2.834,52.000
0.050,0.001,0.005,23.398,31750.961,1.273,52.000
0.042,0.001,0.015,21.668,19720.789,-0.819,52.000
0.048,0.005,0.013,15.510,138989.438,3.069,52.000
0.047,0.002,0.017,22.699,135209.875,3.536,52.000
0.053,0.001,0.018,22.142,56731.539,1.227,52.000
0.048,0.000,0.017,26.716,-14946.055,-2.273,52.000
0.054,0.000,0.007,24.633,11489.891,0.460,52.000
0.049,0.010,0.012,18.976,148779.031,6.727,52.000
0.048,0.008,0.014,20.636,158756.156,6.233,52.000
0.050,0.020,0.012,19.623,183487.031,7.240,52.000
0.049,0.007,0.011,19.862,122285.742,3.905,52.000
0.051,0.005,0.014,19.719,176881.812,3.846,52.000
0.049,0.001,0.022,20.536,57788.727,1.741,52.000
0.052,0.002,0.013,18.414,187824.344,2.497,52.000
0.049,0.009,0.013,20.510,166167.312,7.101,52.000
0.050,0.008,0.010,16.875,158689.750,4.440,52.000
0.057,0.001,0.018,20.972,68637.992,1.969,52.000
0.048,0.027,0.012,26.674,117486.461,4.288,52.000
0.098,0.014,0.012,21.788,78830.680,3.870,52.000
0.050,0.000,0.010,26.973,-42675.176,-0.399,52.000
0.050,0.024,0.011,21.175,157497.969,5.797,52.000
0.046,0.001,0.006,20.541,120722.086,2.841,52.000
0.051,0.025,0.012,19.137,146008.125,6.853,52.000
0.049,0.000,0.015,22.758,-5016.875,1.371,52.000
0.046,0.001,0.004,20.584,75862.680,1.164,52.000
0.098,0.013,0.014,21.869,94155.602,2.444,52.000
0.052,0.015,0.011,19.192,181557.219,6.712,52.000
0.053,0.000,0.018,22.740,-60681.191,0.118,52.000
0.048,0.015,0.011,18.311,195823.969,7.314,52.000
0.046,0.000,0.010,28.301,-28922.289,1.995,52.000
0.048,0.008,0.014,18.455,157931.375,5.717,52.000
0.049,0.024,0.011,21.168,163903.594,6.124,52.000
0.048,0.012,0.012,19.164,158364.062,7.786,52.000
0.050,0.020,0.012,18.963,178415.062,7.184,52.000
0.045,0.000,0.006,22.462,44216.023,0.237,52.000
0.050,0.016,0.013,20.173,178669.438,8.202,52.000
0.051,0.001,0.015,25.341,133583.438,2.420,52.000
0.050,0.027,0.012,21.551,128977.680,6.505,52.000
0.056,0.001,0.018,21.444,85148.680,2.066,52.000
0.053,0.001,0.016,25.610,88392.680,0.758,52.000
0.051,0.002,0.018,20.994,119581.398,2.966,52.000
0.051,0.016,0.013,19.395,165818.406,7.913,52.000
0.045,0.000,0.020,21.680,6057.305,0.781,52.000
0.048,0.000,0.017,27.779,-20851.422,-2.660,52.000
0.052,0.007,0.014,20.467,191416.719,6.960,52.000
0.050,0.015,0.011,18.964,192319.938,7.280,52.000
0.053,0.000,0.014,30.955,-79634.531,-1.349,52.000
0.042,0.000,0.008,21.277,89961.445,-0.196,52.000
0.061,0.001,0.013,17.797,122604.180,1.739,52.000
0.058,0.000,0.017,19.188,-5447.203,1.597,52.000
0.059,0.001,0.007,19.882,128143.039,1.668,52.000
0.044,0.001,0.004,19.046,130303.711,1.811,52.000
0.002,0.014,0.012,23.618,134555.344,4.544,52.000
0.050,0.025,0.012,20.316,162415.156,6.952,52.000
0.050,0.002,0.009,22.406,156967.469,3.259,52.000
0.046,0.001,0.022,20.354,73157.945,2.495,52.000
0.048,0.004,0.010,21.917,162718.750,2.860,52.000
0.049,0.014,0.010,18.080,166499.594,6.548,52.000
0.052,0.001,0.002,20.994,81274.727,1.245,52.000
0.040,0.000,0.011,20.206,82757.773,-1.202,52.000
0.044,0.001,0.018,23.229,128797.523,2.402,52.000
0.045,0.001,0.003,19.951,70437.852,0.680,52.000
0.048,0.000,0.014,29.733,-11673.078,1.429,52.000
0.049,0.001,0.008,22.014,139294.750,2.862,52.000
0.051,0.009,0.009,15.004,180361.000,5.046,52.000
0.043,0.001,0.007,23.108,57971.680,1.664,52.000
0.050,0.007,0.010,18.963,150320.125,3.749,52.000
0.052,0.009,0.013,23.033,175796.500,7.912,52.000
0.060,0.001,0.013,18.442,122403.758,1.457,52.000
0.051,0.027,0.010,12.935,274055.156,5.119,52.000
0.040,0.000,0.010,17.327,5170.883,0.761,52.000
0.051,0.000,0.003,22.032,30318.039,0.571,52.000
0.054,0.001,0.004,21.273,83581.977,1.619,52.000
0.050,0.001,0.010,27.274,15035.133,2.043,52.000
0.049,0.019,0.011,19.861,190142.219,6.918,52.000
0.052,0.007,0.011,19.089,132156.906,4.239,52.000
0.049,0.000,0.004,21.445,-52276.711,0.102,52.000
0.050,0.020,0.011,19.597,181004.469,6.690,52.000
0.049,0.000,0.007,26.468,-61733.215,-0.129,52.000
0.050,0.019,0.012,19.874,185596.438,7.473,52.000
0.054,0.002,0.015,22.632,140465.688,2.550,52.000
0.055,0.002,0.009,23.458,104896.977,1.391,52.000
0.056,0.001,0.007,23.400,97094.445,1.142,52.000
0.048,0.020,0.012,20.012,195472.156,6.877,52.000
0.042,0.000,0.015,22.278,11580.945,-0.938,52.000
0.048,0.004,0.012,18.040,160413.906,3.146,52.000
0.049,0.001,0.007,21.986,111215.242,2.729,52.000
0.049,0.011,0.010,16.260,142744.812,7.398,52.000
0.045,0.001,0.011,21.507,142615.344,2.489,52.000
0.050,0.009,0.012,19.805,143212.062,6.634,52.000
0.045,0.000,0.013,26.572,-42173.602,-1.232,52.000
0.049,0.024,0.011,21.804,163969.031,6.155,52.000
0.050,0.017,0.014,20.429,129294.430,6.430,52.000
0.002,0.013,0.012,23.278,125030.773,4.296,52.000
0.049,0.001,0.022,20.262,50847.820,1.763,52.000
0.049,0.001,0.005,21.317,91828.148,1.886,52.000
0.042,0.001,0.019,23.436,45438.898,0.533,52.000
0.051,0.010,0.014,23.089,157393.625,7.213,52.000
0.056,0.001,0.009,24.862,75361.602,0.364,52.000
0.042,0.001,0.012,22.217,69994.477,0.273,52.000
0.049,0.000,0.012,27.642,29543.727,-0.211,52.000
0.056,0.000,0.015,26.823,-35618.188,-0.302,52.000
0.053,0.001,0.009,26.762,28053.352,0.829,52.000
0.060,0.000,0.014,19.891,111496.523,2.116,52.000
0.051,0.005,0.014,19.325,184194.531,4.745,52.000
0.050,0.001,0.016,25.388,105509.633,1.675,52.000
0.052,0.016,0.012,19.069,172250.562,8.052,52.000
0.053,0.001,0.003,20.605,93191.414,1.609,52.000
0.046,0.000,0.017,26.199,31019.461,-1.780,52.000
0.049,0.003,0.013,16.554,177579.000,2.131,52.000
0.044,0.000,0.010,23.932,33703.727,1.416,52.000
0.052,0.023,0.014,19.249,116607.789,6.063,52.000
0.052,0.011,0.014,22.253,159314.656,7.065,52.000
0.048,0.017,0.011,19.573,201824.062,7.654,52.000
0.044,0.001,0.010,22.107,116818.148,2.080,52.000
0.049,0.001,0.018,22.509,54842.930,0.820,52.000
0.043,0.001,0.012,18.650,144911.781,2.045,52.000
0.057,0.000,0.018,19.937,-22898.812,-0.291,52.000
0.056,0.002,0.015,22.046,136766.781,1.538,52.000
0.046,0.002,0.007,21.025,125470.867,3.204,52.000
0.050,0.006,0.013,18.601,143690.594,5.045,52.000
-0.000,0.011,0.011,21.054,24905.172,12.278,52.000
0.052,0.001,0.009,26.881,27857.586,1.684,52.000
0.054,0.001,0.010,23.631,120742.398,1.428,52.000
0.042,0.001,0.014,18.044,91824.086,0.720,52.000
0.055,0.001,0.016,24.431,65657.492,0.783,52.000
0.053,0.002,0.006,21.146,113291.539,2.693,52.000
0.051,0.002,0.011,22.373,165922.531,3.160,52.000
0.099,0.011,0.012,20.394,38912.664,3.112,52.000
0.047,0.001,0.007,23.584,61044.039,2.213,52.000
0.054,0.000,0.006,21.760,33780.789,0.207,52.000
0.048,0.021,0.013,20.341,154035.656,6.858,52.000
0.050,0.009,0.010,15.370,167158.531,5.642,52.000
0.043,0.001,0.005,19.817,133788.375,2.672,52.000
0.050,0.006,0.010,21.343,152866.531,2.925,52.000
0.049,0.022,0.011,20.418,173191.031,6.438,52.000
0.047,0.000,0.010,29.517,-55030.094,1.444,52.000
0.049,0.000,0.002,20.411,36081.758,0.027,52.000
0.049,0.016,0.010,18.331,201810.125,7.778,52.000
0.058,0.001,0.015,23.320,118485.336,0.188,52.000
0.049,0.023,0.011,21.364,159945.719,5.883,52.000
0.051,0.001,0.022,19.380,57482.852,2.075,52.000
0.050,0.022,0.011,20.033,157691.469,5.992,52.000
0.051,0.014,0.014,21.367,121133.570,6.420,52.000
0.044,0.001,0.005,19.805,127230.492,2.606,52.000
0.051,0.000,0.012,31.425,-13093.883,0.437,52.000
0.055,0.001,0.007,24.067,89148.320,1.815,52.000
0.050,0.001,0.008,26.159,9226.562,1.801,52.000
0.049,0.003,0.011,21.782,165385.156,3.177,52.000
0.045,0.001,0.015,20.819,147663.594,1.393,52.000
0.046,0.002,0.006,20.850,119276.102,3.123,52.000
0.044,0.001,0.004,18.491,135629.562,2.188,52.000
0.050,0.009,0.013,21.820,169218.594,7.686,52.000
0.048,0.001,0.013,19.327,152938.969,1.738,52.000
0.057,0.000,0.008,25.704,-11773.867,0.307,52.000
0.048,0.002,0.019,21.116,120217.242,2.843,52.000
0.051,0.010,0.010,14.873,167729.938,6.492,52.000
0.048,0.002,0.010,21.697,170480.656,3.140,52.000
0.052,0.013,0.012,19.067,164495.031,7.642,52.000
0.098,0.011,0.011,19.636,72913.414,7.140,52.000
0.051,0.002,0.015,22.476,161364.750,3.450,52.000
0.043,0.000,0.013,22.745,-2129.289,-0.816,52.000
0.003,0.012,0.011,21.304,131389.125,2.534,52.000
0.049,0.015,0.011,19.002,179085.281,7.547,52.000
0.058,0.000,0.016,23.806,80815.227,1.251,52.000
0.056,0.001,0.010,21.751,119299.539,0.808,52.000
0.048,0.000,0.006,23.020,65322.898,1.510,52.000
0.052,0.002,0.011,21.932,164000.969,3.182,52.000
0.041,0.001,0.005,19.354,151270.469,2.444,52.000
0.051,0.001,0.002,20.337,87017.133,1.288,52.000
0.052,0.001,0.022,18.812,-8197.328,1.616,52.000
0.049,0.008,0.013,19.494,137175.688,6.085,52.000
0.050,0.023,0.014,20.240,125059.711,6.055,52.000
0.054,0.001,0.018,19.739,106377.617,2.607,52.000
0.059,0.000,0.018,19.389,19609.367,-0.708,52.000
0.040,0.001,0.014,16.372,81396.867,0.422,52.000
0.044,0.000,0.020,22.566,-46194.355,0.463,52.000
0.048,0.001,0.002,19.717,45317.117,-0.008,52.000
0.099,0.013,0.013,21.893,86612.727,3.319,52.000
0.047,0.000,0.004,20.252,77650.805,0.213,52.000
0.049,0.014,0.011,19.271,172085.562,7.652,52.000
0.050,0.010,0.012,19.005,157207.406,6.864,52.000
0.052,0.006,0.011,20.301,146149.844,2.857,52.000
0.044,0.000,0.004,16.817,43518.055,3.521,52.000
0.047,0.002,0.014,19.443,167382.438,0.715,52.000
0.051,0.026,0.010,22.277,152160.250,5.094,52.000
0.050,0.025,0.012,19.634,152794.031,6.903,52.000
0.046,0.000,0.018,21.103,-12751.453,0.236,52.000
0.047,0.001,0.004,19.557,114367.195,1.558,52.000
0.046,0.001,0.015,21.448,157830.344,1.220,52.000
0.051,0.005,0.012,18.348,160542.375,3.058,52.000
0.050,0.010,0.012,20.645,167879.438,7.602,52.000
0.052,0.019,0.012,18.176,168976.562,7.849,52.000
0.048,0.001,0.010,22.516,138205.500,2.822,52.000
0.059,0.001,0.006,20.160,123859.133,1.559,52.000
0.049,0.027,0.013,25.381,77703.086,5.391,52.000
0.049,0.025,0.013,20.496,152739.812,6.761,52.000
0.049,0.024,0.010,21.426,157105.438,5.987,52.000
0.052,0.023,0.014,19.501,117726.195,5.947,52.000
0.060,0.001,0.016,20.517,152845.438,1.174,52.000
0.048,0.008,0.013,18.237,141789.969,6.054,52.000
0.049,0.001,0.019,22.220,87536.383,1.429,52.000
0.052,0.016,0.013,18.903,171101.688,8.240,52.000
0.051,0.001,0.002,20.541,77893.398,1.141,52.000
0.041,0.001,0.009,21.050,127397.086,0.664,52.000
0.058,0.001,0.016,22.100,128605.883,1.276,52.000
0.053,0.000,0.019,20.034,17732.852,-0.184,52.000
0.048,0.007,0.011,20.202,130523.305,4.165,52.000
0.050,0.001,0.005,21.203,94442.570,1.580,52.000
0.001,0.012,0.011,21.294,116810.617,2.591,52.000
0.049,0.000,0.014,29.132,35336.555,0.417,52.000
0.049,0.006,0.014,17.849,148885.031,3.290,52.000
0.050,0.015,0.014,20.373,143610.875,7.039,52.000
0.049,0.027,0.010,25.978,120943.023,4.858,52.000
0.052,0.001,0.020,19.208,85190.961,2.427,52.000
0.049,0.006,0.010,21.759,151193.031,3.140,52.000
0.053,0.000,0.017,24.748,4850.125,-1.044,52.000
0.051,0.002,0.007,22.006,107293.352,2.863,52.000
0.050,0.007,0.013,20.326,158517.344,6.030,52.000
0.042,0.000,0.018,21.805,21507.906,-1.019,52.000
0.049,0.013,0.012,19.458,163903.844,8.115,52.000
0.048,0.001,0.017,25.965,22060.016,-0.150,52.000
0.048,0.000,0.019,22.367,5114.945,0.054,52.000
0.048,0.003,0.013,16.689,163151.500,2.192,52.000
0.002,0.013,0.012,23.387,133643.188,4.145,52.000
0.051,0.012,0.011,17.271,167351.438,7.352,52.000
0.050,0.001,0.022,19.516,59238.242,2.077,52.000
0.052,0.015,0.010,18.984,184300.656,6.911,52.000
0.050,0.000,0.004,24.071,1878.312,0.405,52.000
0.044,0.002,0.016,24.152,127035.742,2.275,52.000
0.045,0.001,0.005,21.118,83125.461,1.638,52.000
0.048,0.012,0.012,18.862,165388.844,7.364,52.000
0.049,0.001,0.020,21.239,56307.883,1.330,52.000
0.001,0.013,0.011,21.772,125699.883,2.074,52.000
0.046,0.001,0.017,24.545,104024.977,1.909,52.000
0.048,0.000,0.011,26.684,-139.547,0.213,52.000
0.050,0.022,0.010,19.925,148587.625,6.354,52.000
0.052,0.001,0.007,22.601,99963.273,2.617,52.000
0.050,0.008,0.012,20.053,138448.344,5.516,52.000
0.050,0.021,0.011,19.780,173985.406,6.452,52.000
0.048,0.001,0.011,22.123,139783.062,3.069,52.000
0.051,0.021,0.013,18.299,144062.625,7.060,52.000
0.051,0.000,0.015,28.558,538.047,0.694,52.000
0.052,0.025,0.014,20.135,108665.055,6.226,52.000
0.051,0.001,0.013,30.661,18881.594,-0.631,52.000
0.050,0.016,0.013,20.167,156205.594,7.413,52.000
0.051,0.015,0.010,19.155,181387.156,6.760,52.000
0.051,0.014,0.011,19.037,173816.312,6.637,52.000
0.052,0.002,0.012,20.171,177184.938,2.762,52.000
0.049,0.008,0.014,19.975,170319.312,5.748,52.000
0.059,0.001,0.014,20.481,126847.227,1.323,52.000
0.051,0.009,0.013,22.952,179427.156,8.063,52.000
0.044,0.000,0.015,28.801,-68742.250,-2.752,52.000
0.049,0.001,0.017,25.214,87021.570,1.396,52.000
0.050,0.015,0.013,20.247,177284.906,8.270,52.000
0.050,0.004,0.014,19.411,171500.656,2.209,52.000
0.050,0.016,0.011,19.851,199379.000,7.310,52.000
0.057,0.001,0.007,22.286,108259.992,1.254,52.000
0.049,0.024,0.010,21.294,151889.938,6.115,52.000
0.048,0.007,0.012,17.742,141995.625,3.954,52.000
0.053,0.001,0.005,21.194,115240.320,2.429,52.000
0.048,0.008,0.012,18.648,116596.570,4.987,52.000
0.051,0.020,0.013,18.876,140821.188,6.958,52.000
0.050,0.015,0.010,18.353,183256.531,6.511,52.000
0.047,0.001,0.017,25.785,100218.133,1.754,52.000
0.048,0.009,0.012,19.816,113472.133,5.658,52.000
0.041,0.000,0.008,20.824,29931.117,-1.842,52.000
0.048,0.018,0.012,19.899,189566.281,7.436,52.000
0.051,0.007,0.010,20.353,133153.031,2.933,52.000
0.043,0.001,0.013,16.568,136366.938,1.991,52.000
0.051,0.025,0.010,21.163,145005.500,5.309,52.000
0.002,0.010,0.012,22.633,86368.039,4.117,52.000
0.051,0.008,0.013,22.413,181175.969,7.829,52.000
0.052,0.001,0.021,19.355,11061.734,1.410,52.000
0.051,0.002,0.010,22.664,155482.125,2.748,52.000
0.039,0.001,0.009,18.532,137850.188,0.142,52.000
0.100,0.013,0.012,21.534,-8261.445,8.091,52.000
0.049,0.000,0.010,28.782,-19619.547,1.396,52.000
0.049,0.023,0.010,20.990,153809.875,6.133,52.000
0.048,0.001,0.001,18.400,115783.367,0.825,52.000
0.050,0.000,0.014,30.745,-74303.469,-1.421,52.000
0.052,0.022,0.013,18.261,133111.469,6.623,52.000
0.049,0.008,0.014,21.733,164886.156,6.694,52.000
0.051,0.026,0.010,22.260,150077.375,5.099,52.000
0.043,0.001,0.017,24.876,86496.445,0.625,52.000
0.050,0.010,0.010,16.071,147896.688,6.929,52.000
0.054,0.001,0.008,25.244,77352.695,1.455,52.000
0.059,0.001,0.008,22.222,75104.555,-0.116,52.000
0.053,0.001,0.009,23.639,111072.727,1.895,52.000
0.052,0.003,0.011,22.386,159775.500,3.424,52.000
0.057,0.001,0.019,20.183,40463.055,1.970,52.000
0.052,0.005,0.012,18.953,166876.688,3.165,52.000
0.055,0.001,0.017,23.692,99415.477,1.074,52.000
0.051,0.006,0.014,19.734,188243.719,5.078,52.000
0.054,0.000,0.008,26.062,-19726.570,1.634,52.000
0.049,0.000,0.014,29.901,7409.594,-2.012,52.000
0.050,0.003,0.012,20.571,165803.562,2.753,52.000
0.051,0.006,0.013,19.245,167290.375,4.486,52.000
0.046,0.001,0.018,24.026,97140.617,1.596,52.000
0.052,0.005,0.010,21.626,150189.875,2.594,52.000
0.048,0.000,0.010,29.628,-32513.102,2.725,52.000
0.044,0.000,0.017,25.379,39207.586,-1.983,52.000
0.049,0.027,0.011,27.006,80371.258,3.175,52.000
0.051,0.008,0.011,19.181,121559.039,4.994,52.000
0.057,0.000,0.011,26.124,-11732.750,-0.180,52.000
0.050,0.027,0.014,25.366,17161.633,5.144,52.000
0.047,0.001,0.006,20.444,103535.633,2.483,52.000
0.047,0.001,0.004,21.089,52558.148,0.808,52.000
0.051,0.001,0.007,25.126,15074.508,1.347,52.000
0.049,0.007,0.011,20.288,131281.156,3.407,52.000
0.099,0.013,0.011,20.501,71415.461,6.276,52.000
0.100,0.013,0.013,21.938,52771.758,2.875,52.000
0.051,0.021,0.010,19.330,154124.719,6.172,52.000
0.051,0.002,0.016,23.449,132280.219,3.048,52.000
0.049,0.021,0.013,19.917,152202.094,6.864,52.000
0.051,0.000,0.016,26.071,-17749.641,-1.303,52.000
0.050,0.000,0.002,21.579,14330.281,-1.591,52.000
0.047,0.001,0.013,27.619,-3795.227,0.340,52.000
0.049,0.005,0.010,21.589,158543.594,2.854,52.000
0.052,0.007,0.012,20.574,132486.250,5.086,52.000
0.053,0.001,0.019,21.346,36425.648,1.370,52.000
0.053,0.000,0.017,24.299,-67470.953,0.323,52.000
0.043,0.001,0.020,22.644,85418.430,1.949,52.000
0.051,0.013,0.010,17.016,160660.125,6.809,52.000
0.051,0.003,0.013,17.595,180821.406,2.392,52.000
0.099,0.011,0.011,19.859,77972.820,6.448,52.000
0.099,0.013,0.014,22.595,98172.742,2.083,52.000
0.050,0.016,0.010,17.849,188623.344,7.411,52.000
0.045,0.000,0.009,25.365,-29228.227,0.095,52.000
0.048,0.025,0.011,22.515,167000.938,6.440,52.000
0.001,0.012,0.012,23.232,119347.680,4.274,52.000
0.050,0.026,0.014,20.426,102020.992,5.785,52.000
0.043,0.001,0.017,24.213,115382.008,1.677,52.000
0.050,0.005,0.013,16.734,148551.750,3.218,52.000
0.055,0.000,0.021,20.061,-2170.188,3.529,52.000
0.051,0.016,0.011,19.411,185863.844,7.229,52.000
0.048,0.002,0.011,22.283,168348.656,2.907,52.000
0.048,0.001,0.001,18.242,116555.117,0.951,52.000
0.055,0.000,0.014,29.945,-62807.988,-0.363,52.000
0.051,0.024,0.014,19.873,112068.461,5.917,52.000
0.047,0.001,0.022,19.849,27095.961,1.678,52.000
0.048,0.010,0.013,21.714,156299.125,7.690,52.000
0.050,0.013,0.011,18.845,176354.125,7.337,52.000
0.043,0.001,0.019,23.079,114698.867,2.006,52.000
0.051,0.000,0.020,21.837,16296.781,2.199,52.000
0.040,0.001,0.010,19.853,130893.367,-0.266,52.000
0.050,0.016,0.010,18.165,185433.562,6.820,52.000
0.052,0.005,0.013,18.778,185172.469,3.191,52.000
0.055,0.001,0.008,23.933,92832.055,1.781,52.000
0.049,0.025,0.011,21.557,167924.969,6.341,52.000
0.049,0.001,0.004,21.065,89824.477,1.500,52.000
0.049,0.000,0.004,19.888,55415.445,0.899,52.000
0.049,0.012,0.014,22.649,147530.469,7.489,52.000
0.050,0.015,0.014,20.658,122661.195,6.495,52.000
0.049,0.000,0.005,23.300,21593.055,0.523,52.000
0.041,0.001,0.006,20.657,150315.719,2.472,52.000
0.053,0.001,0.017,24.812,57122.398,0.373,52.000
0.054,0.001,0.013,22.279,115941.805,1.324,52.000
0.052,0.009,0.011,16.570,173994.750,6.232,52.000
0.052,0.000,0.022,16.715,-3058.977,1.701,52.000
0.051,0.004,0.012,17.959,172661.844,2.920,52.000
0.053,0.001,0.015,23.125,149880.844,2.792,52.000
0.055,0.001,0.009,25.203,80748.305,0.429,52.000
0.042,0.001,0.009,20.791,138910.625,1.486,52.000
0.048,0.007,0.010,20.186,133676.531,4.173,52.000
0.053,0.001,0.011,31.372,-18629.672,0.383,52.000
0.052,0.006,0.014,19.966,198178.844,6.329,52.000
0.045,0.001,0.010,21.131,153928.656,2.498,52.000
0.051,0.008,0.011,19.026,131178.375,4.748,52.000
0.053,0.000,0.007,21.725,-15105.195,-0.542,52.000
0.052,0.001,0.004,19.905,111718.273,2.122,52.000
0.051,0.006,0.012,19.230,146091.094,3.557,52.000
0.045,0.000,0.009,25.555,-22003.789,2.194,52.000
0.048,0.011,0.012,18.968,165699.594,7.372,52.000
0.046,0.001,0.013,17.703,156373.688,1.253,52.000
0.052,0.000,0.012,29.304,39104.477,0.560,52.000
0.050,0.022,0.012,19.278,163028.312,6.759,52.000
0.047,0.000,0.004,21.883,6281.445,-0.949,52.000
0.056,0.001,0.005,21.014,119304.070,2.396,52.000
0.053,0.001,0.019,22.324,3917.898,0.649,52.000
0.049,0.008,0.011,18.960,115448.633,4.186,52.000
0.049,0.019,0.013,19.742,179258.406,7.367,52.000
0.050,0.023,0.011,20.591,157933.500,5.941,52.000
0.044,0.001,0.005,21.559,57935.523,1.382,52.000
0.045,0.001,0.020,20.854,94368.273,2.356,52.000
0.047,0.001,0.019,21.280,102507.648,2.279,52.000
0.052,0.003,0.011,22.146,160011.844,2.901,52.000
0.048,0.002,0.014,18.988,167564.719,0.500,52.000
0.048,0.017,0.012,20.194,188195.781,7.700,52.000
0.050,0.009,0.013,21.471,167334.812,7.332,52.000
0.049,0.005,0.012,18.513,159307.906,2.995,52.000
0.051,0.001,0.022,19.133,10913.039,1.726,52.000
0.056,0.001,0.009,28.025,5107.180,-0.676,52.000
0.060,0.001,0.014,19.560,122121.305,1.513,52.000
0.045,0.001,0.006,20.409,123655.367,2.774,52.000
0.049,0.027,0.013,12.060,200274.344,6.233,52.000
0.049,0.010,0.012,19.679,155361.125,6.719,52.000
0.058,0.001,0.014,20.410,149986.094,1.435,52.000
0.059,0.001,0.011,20.406,76286.148,0.455,52.000
0.048,0.025,0.012,21.090,171361.500,7.115,52.000
0.047,0.002,0.007,21.084,117236.352,3.160,52.000
0.051,0.009,0.013,22.639,169824.156,7.770,52.000
0.052,0.000,0.004,23.555,-75180.828,-0.773,52.000
0.051,0.001,0.019,20.098,93744.383,2.175,52.000
0.055,0.000,0.011,25.931,-20982.445,-1.232,52.000
0.051,0.000,0.008,26.968,-13655.148,0.800,52.000
0.051,0.008,0.012,20.099,132181.812,5.164,52.000
0.048,0.010,0.011,18.486,118484.023,6.524,52.000
0.049,0.026,0.012,20.844,161928.406,6.934,52.000
0.049,0.003,0.009,21.930,165692.281,3.228,52.000
0.041,0.001,0.007,21.339,143503.906,1.799,52.000
0.051,0.000,0.005,24.240,4952.609,0.467,52.000
0.050,0.019,0.011,19.922,190984.125,6.830,52.000
0.051,0.004,0.011,21.327,163829.156,2.756,52.000
0.055,0.001,0.019,19.217,107067.758,2.945,52.000
0.049,0.012,0.011,18.528,181855.062,8.042,52.000
0.053,0.000,0.020,21.080,-54569.516,2.404,52.000
0.049,0.016,0.012,20.250,190175.469,7.792,52.000
0.046,0.001,0.006,21.055,116096.945,2.539,52.000
0.045,0.001,0.004,19.056,123153.992,2.031,52.000
0.054,0.001,0.022,17.863,79584.758,3.001,52.000
0.051,0.000,0.004,25.646,-59576.930,0.148,52.000
0.098,0.013,0.012,21.484,80662.055,4.436,52.000
0.051,0.000,0.002,18.976,10509.953,0.782,52.000
0.050,0.027,0.012,21.787,109242.789,6.330,52.000
0.048,0.011,0.013,20.337,149138.531,7.258,52.000
0.055,0.000,0.018,22.152,-13607.398,1.207,52.000
0.047,0.000,0.009,26.705,-51974.410,0.914,52.000
0.048,0.012,0.012,19.419,163748.812,7.897,52.000
0.055,0.002,0.015,22.149,138252.250,1.955,52.000
0.050,0.019,0.010,18.409,166882.000,7.836,52.000
0.051,0.019,0.014,19.651,123187.258,6.645,52.000
0.050,0.003,0.012,18.087,178701.156,2.686,52.000
0.052,0.001,0.011,26.953,47492.508,1.958,52.000
0.048,0.024,0.013,20.177,168952.812,7.155,52.000
0.050,0.024,0.010,21.340,156801.594,5.810,52.000
0.052,0.005,0.012,19.821,152822.219,2.884,52.000
0.044,0.000,0.015,23.516,-5839.109,0.082,52.000
0.053,0.002,0.014,22.607,162454.188,3.452,52.000
0.047,0.002,0.014,20.622,166466.688,1.064,52.000
0.049,0.000,0.023,19.482,-8009.258,3.450,52.000
0.048,0.025,0.013,21.065,159930.250,6.958,52.000
0.051,0.009,0.010,15.437,169067.000,5.580,52.000
0.058,0.000,0.019,19.296,48300.914,-1.086,52.000
0.050,0.001,0.013,24.214,79688.555,1.273,52.000
0.041,0.001,0.007,20.521,152487.938,2.371,52.000
0.049,0.012,0.010,15.942,140980.875,7.651,52.000
0.048,0.001,0.004,19.400,111681.102,1.810,52.000
0.098,0.013,0.013,21.821,93371.539,2.559,52.000
0.043,0.001,0.012,19.412,144360.375,1.649,52.000
0.045,0.001,0.011,24.004,72293.883,2.130,52.000
0.049,0.008,0.012,18.220,126043.539,5.075,52.000
0.050,0.002,0.009,22.232,157008.781,3.242,52.000
0.056,0.001,0.010,23.956,87920.930,0.225,52.000
0.050,0.012,0.011,18.695,184961.375,7.966,52.000
0.049,0.017,0.011,19.477,203824.688,7.506,52.000
0.049,0.004,0.014,18.754,163677.344,1.371,52.000
0.048,0.008,0.013,17.509,129879.242,5.579,52.000
0.040,0.000,0.016,21.999,-20764.359,-1.758,52.000
0.048,0.000,0.009,26.356,-6872.250,0.941,52.000
0.045,0.001,0.019,22.339,120491.336,2.314,52.000
0.048,0.000,0.015,25.917,-17990.727,0.713,52.000
0.053,0.001,0.005,22.580,55602.414,1.482,52.000
0.044,0.001,0.009,20.939,162542.000,3.091,52.000
0.051,0.009,0.009,15.462,175576.219,4.820,52.000
0.051,0.002,0.015,22.419,162178.156,3.428,52.000
0.052,0.002,0.014,20.137,184493.281,3.293,52.000
0.043,0.001,0.012,18.387,136359.250,1.697,52.000
0.042,0.000,0.010,23.006,21087.281,-1.484,52.000
0.051,0.013,0.010,18.025,164793.938,5.986,52.000
0.058,0.000,0.015,24.323,29895.258,1.443,52.000
0.047,0.000,0.019,23.014,-7506.312,-0.999,52.000
0.048,0.015,0.012,19.061,175492.125,8.042,52.000
0.044,0.001,0.013,23.670,28180.648,0.910,52.000
0.049,0.016,0.010,18.369,197990.531,7.253,52.000
0.051,0.016,0.010,18.341,184409.656,6.865,52.000
0.047,0.002,0.014,19.986,169752.031,1.130,52.000
0.058,0.001,0.014,22.781,103463.883,0.365,52.000
0.044,0.002,0.014,18.032,149863.031,1.620,52.000
0.051,0.018,0.010,18.572,172819.156,7.311,52.000
0.051,0.009,0.010,15.551,170242.562,4.928,52.000
0.055,0.001,0.012,21.232,147698.875,2.451,52.000
0.040,0.001,0.007,20.178,142195.531,1.986,52.000
0.050,0.017,0.010,17.521,190353.375,7.754,52.000
0.049,0.010,0.011,17.632,135449.625,6.621,52.000
0.059,0.000,0.007,23.941,-8955.828,1.006,52.000
0.045,0.002,0.011,20.409,166781.250,2.665,52.000
0.050,0.005,0.010,21.796,154392.906,2.484,52.000
0.049,0.018,0.012,20.311,195215.562,7.294,52.000
0.055,0.000,0.012,28.197,37419.180,1.085,52.000
0.040,0.000,0.015,16.965,-22821.469,1.046,52.000
0.051,0.010,0.012,21.138,189296.375,8.201,52.000
0.051,0.016,0.012,20.027,185269.875,8.093,52.000
0.041,0.001,0.013,20.232,20185.586,-0.862,52.000
0.051,0.004,0.011,21.204,163051.594,2.819,52.000
0.001,0.013,0.012,23.740,130619.445,4.280,52.000
0.055,0.001,0.007,26.294,30791.633,0.676,52.000
0.049,0.026,0.010,23.224,136233.750,5.551,52.000
0.051,0.025,0.011,19.737,152646.719,6.552,52.000
0.049,0.026,0.011,22.778,146750.906,5.915,52.000
0.050,0.023,0.014,20.207,114305.133,5.873,52.000
0.049,0.020,0.012,19.939,190383.938,6.916,52.000
0.045,0.002,0.006,20.841,128198.117,3.266,52.000
0.050,0.023,0.010,20.843,153863.562,5.633,52.000
0.049,0.021,0.013,19.774,166779.531,7.013,52.000
0.048,0.001,0.014,19.382,169353.844,1.384,52.000
0.052,0.003,0.010,22.512,159092.562,2.805,52.000
0.050,0.000,0.022,19.214,-18155.469,2.594,52.000
0.049,0.008,0.013,19.210,155976.156,6.344,52.000
0.052,0.001,0.018,25.322,-26448.023,-0.157,52.000
0.052,0.020,0.012,17.467,166444.344,7.680,52.000
0.047,0.001,0.010,21.154,171356.562,2.985,52.000
0.049,0.026,0.012,20.965,155779.750,6.945,52.000
0.055,0.001,0.007,26.176,27721.352,0.645,52.000
0.045,0.000,0.019,21.800,-30193.539,-0.584,52.000
0.050,0.011,0.012,19.209,180803.344,7.739,52.000
0.050,0.018,0.014,20.213,126873.336,6.267,52.000
0.044,0.000,0.009,24.056,332.266,-0.169,52.000
0.049,0.006,0.012,18.175,141079.188,3.313,52.000
0.051,0.013,0.012,19.783,166418.062,7.775,52.000
0.052,0.000,0.018,22.659,-38847.598,0.370,52.000
0.044,0.001,0.014,18.064,142430.594,1.508,52.000
0.042,0.001,0.015,19.993,94873.070,0.472,52.000
0.051,0.021,0.013,19.251,132397.438,6.633,52.000
0.001,0.012,0.012,23.232,113427.055,4.314,52.000
0.051,0.018,0.010,17.931,180642.906,7.673,52.000
0.053,0.000,0.009,32.698,-13495.922,5.266,52.000
0.050,0.004,0.010,22.304,155727.594,2.471,52.000
0.048,0.005,0.013,16.157,126885.258,2.543,52.000
0.054,0.000,0.012,31.405,16029.148,2.722,52.000
0.059,0.001,0.012,16.303,132729.719,1.528,52.000
0.056,0.000,0.006,22.618,33206.820,0.174,52.000
0.049,0.000,0.011,29.874,-5656.188,1.965,52.000
0.049,0.019,0.012,20.193,192018.594,7.267,52.000
0.052,0.009,0.011,17.885,164697.688,6.626,52.000
0.049,0.000,0.020,17.333,54447.773,1.416,52.000
0.049,0.005,0.014,18.355,158372.938,1.750,52.000
0.051,0.013,0.013,21.915,157365.219,7.449,52.000
0.057,0.000,0.008,24.140,8690.141,0.791,52.000
0.051,0.009,0.012,20.096,149735.812,6.784,52.000
0.048,0.016,0.012,20.046,190061.719,7.601,52.000
0.040,0.001,0.016,19.327,84515.711,0.854,52.000
0.051,0.005,0.012,19.711,145046.781,2.759,52.000
0.049,0.008,0.010,18.315,127065.836,5.158,52.000
0.047,0.000,0.008,24.856,13619.109,1.076,52.000
0.049,0.013,0.010,16.562,151795.938,6.762,52.000
0.098,0.013,0.012,21.309,80722.945,4.556,52.000
0.002,0.010,0.012,22.181,111139.273,3.199,52.000
0.054,0.000,0.002,20.567,53941.930,1.342,52.000
0.043,0.001,0.007,21.844,140657.656,2.377,52.000
0.051,0.026,0.010,21.748,150127.188,5.227,52.000
0.048,0.003,0.013,16.789,169389.594,2.181,52.000
0.002,0.012,0.011,21.169,133493.188,2.116,52.000
0.044,0.000,0.003,19.399,128622.523,1.305,52.000
0.050,0.019,0.011,19.919,196846.312,7.072,52.000
0.098,0.012,0.011,19.872,69803.461,7.131,52.000
0.050,0.021,0.011,19.959,163328.688,6.109,52.000
0.050,0.005,0.010,21.532,153329.406,2.519,52.000
0.058,0.001,0.005,19.678,125002.039,2.362,52.000
0.056,0.001,0.010,28.380,797.258,-0.323,52.000
0.049,0.004,0.014,17.769,157271.281,1.101,52.000
0.042,0.000,0.017,23.824,10034.648,-2.620,52.000
0.050,0.010,0.013,21.245,173646.438,8.056,52.000
0.059,0.000,0.014,23.316,40228.242,1.730,52.000
0.099,0.012,0.013,21.032,97269.367,3.159,52.000
0.049,0.003,0.014,19.703,168360.531,1.643,52.000
0.057,0.001,0.009,23.094,103262.602,1.048,52.000
0.043,0.000,0.009,20.614,26646.844,-0.093,52.000
0.047,0.001,0.017,25.496,81552.305,1.147,52.000
0.048,0.013,0.013,19.791,148836.312,7.829,52.000
0.050,0.020,0.014,20.350,125091.930,6.426,52.000
0.099,0.011,0.012,19.970,95789.867,4.810,52.000
0.052,0.022,0.012,17.748,155494.188,7.031,52.000
0.050,0.021,0.010,19.846,154503.281,6.212,52.000
0.050,0.025,0.011,20.690,161074.281,6.399,52.000
0.056,0.000,0.020,22.250,-72186.562,2.839,52.000
0.048,0.023,0.012,20.338,181344.094,6.959,52.000
0.052,0.008,0.010,16.343,160217.812,3.986,52.000
0.050,0.010,0.009,13.870,162555.188,6.662,52.000
0.051,0.027,0.011,21.793,127803.195,5.119,52.000
0.043,0.000,0.012,24.015,-8781.578,-0.591,52.000
0.051,0.006,0.011,20.677,139278.094,2.789,52.000
0.050,0.003,0.011,21.921,162171.938,2.778,52.000
0.051,0.000,0.009,28.588,-61282.406,0.751,52.000
0.050,0.021,0.014,19.945,115807.867,6.094,52.000
0.059,0.001,0.018,20.352,142155.219,1.953,52.000
0.046,0.001,0.019,21.682,120379.945,2.508,52.000
0.047,0.001,0.017,23.666,132740.219,3.040,52.000
0.052,0.006,0.012,19.569,152204.188,3.616,52.000
0.053,0.001,0.012,23.030,102712.555,1.435,52.000
0.055,0.000,0.007,26.595,-1159.844,0.690,52.000
0.044,0.001,0.011,20.541,156639.438,2.348,52.000
0.042,0.001,0.015,22.021,113060.305,1.423,52.000
0.048,0.025,0.011,22.699,163712.000,5.863,52.000
0.048,0.009,0.011,19.347,111887.852,5.340,52.000
0.056,0.001,0.014,26.011,67645.523,-0.368,52.000
0.050,0.019,0.013,19.480,179529.219,7.636,52.000
0.049,0.012,0.013,20.741,169453.500,8.286,52.000
0.055,0.000,0.020,22.361,-63719.348,3.298,52.000
0.052,0.004,0.014,19.954,178408.469,3.738,52.000
0.052,0.000,0.021,19.376,-42517.188,2.631,52.000
0.048,0.001,0.005,19.874,107558.523,2.184,52.000
0.047,0.001,0.010,21.467,159914.938,2.889,52.000
0.046,0.002,0.008,21.258,147340.031,3.346,52.000
0.052,0.007,0.013,20.883,158925.500,5.059,52.000
0.048,0.018,0.012,20.239,189669.875,7.406,52.000
0.049,0.026,0.011,22.477,162702.375,5.890,52.000
0.054,0.000,0.020,20.076,-1829.711,2.834,52.000
0.049,0.004,0.012,18.938,164818.906,2.975,52.000
0.048,0.018,0.010,18.977,200957.781,7.962,52.000
0.049,0.018,0.013,20.830,156753.281,7.144,52.000
0.052,0.006,0.013,20.627,190114.625,5.863,52.000
0.051,0.012,0.013,22.720,160617.438,7.758,52.000
0.049,0.000,0.018,24.365,-747.898,-1.082,52.000
0.044,0.001,0.021,20.890,76740.477,2.494,52.000
0.046,0.001,0.009,21.394,153900.375,3.261,52.000
0.040,0.001,0.016,22.336,14238.195,-0.955,52.000
0.059,0.001,0.012,20.462,58290.086,0.520,52.000
0.049,0.013,0.014,22.353,130214.820,6.511,52.000
0.049,0.001,0.019,21.299,86428.461,1.716,52.000
0.052,0.003,0.011,22.003,158888.406,2.762,52.000
0.050,0.000,0.007,23.933,26265.438,0.834,52.000
0.050,0.016,0.012,20.213,186797.625,7.792,52.000
0.048,0.011,0.012,18.793,162561.562,7.079,52.000
0.048,0.018,0.013,20.499,152508.688,7.087,52.000
0.049,0.000,0.020,20.044,33457.492,2.359,52.000
0.050,0.015,0.012,20.490,181262.188,8.078,52.000
0.055,0.001,0.005,21.823,104233.992,2.393,52.000
0.048,0.011,0.012,19.225,154482.500,6.596,52.000
0.041,0.001,0.014,17.562,88779.867,0.597,52.000
0.047,0.002,0.014,19.720,167990.719,1.142,52.000
0.051,0.000,0.006,26.566,10195.055,3.411,52.000
0.052,0.012,0.013,22.207,165042.312,7.646,52.000
0.048,0.018,0.013,20.677,153104.656,7.220,52.000
0.055,0.001,0.016,25.245,50974.492,0.398,52.000
0.048,0.019,0.011,20.111,198954.312,7.083,52.000
0.051,0.027,0.011,24.755,111894.898,4.380,52.000
0.050,0.002,0.009,22.124,161442.688,3.113,52.000
0.049,0.000,0.009,26.635,9168.828,1.565,52.000
0.051,0.010,0.010,15.872,157716.750,6.389,52.000
0.050,0.023,0.014,20.270,110973.414,5.654,52.000
0.053,0.002,0.007,22.331,105867.898,2.883,52.000
0.051,0.003,0.011,22.017,168321.531,3.128,52.000
0.050,0.014,0.011,19.420,170027.969,7.474,52.000
0.042,0.000,0.006,17.904,64233.836,1.954,52.000
0.051,0.009,0.009,15.915,171862.562,4.580,52.000
0.049,0.013,0.012,19.262,179748.688,7.916,52.000
0.053,0.001,0.004,20.399,105948.117,1.973,52.000
0.057,0.002,0.014,21.329,150716.562,1.743,52.000
0.049,0.006,0.015,19.804,181188.438,3.785,52.000
0.049,0.012,0.012,19.646,178590.719,8.067,52.000
0.049,0.015,0.012,19.656,172447.906,8.207,52.000
0.051,0.027,0.014,17.432,187804.281,6.793,52.000
0.053,0.001,0.015,22.775,142134.281,2.561,52.000
0.050,0.022,0.013,19.713,131591.969,6.386,52.000
0.057,0.001,0.013,23.020,57047.320,0.098,52.000
0.051,0.027,0.012,24.572,95541.055,5.473,52.000
0.048,0.009,0.014,21.166,155110.875,7.103,52.000
0.049,0.009,0.015,22.452,153997.250,6.651,52.000
0.050,0.000,0.002,22.003,878.469,-1.682,52.000
0.001,0.013,0.011,21.484,131400.844,2.570,52.000
0.049,0.002,0.010,22.687,164247.344,2.955,52.000
0.057,0.001,0.013,21.992,112937.180,1.091,52.000
0.046,0.000,0.003,20.494,51626.773,-2.779,52.000
0.045,0.001,0.014,18.572,145876.344,1.213,52.000
0.051,0.019,0.014,20.083,126234.758,6.446,52.000
0.054,0.001,0.011,28.375,37598.492,0.387,52.000
0.050,0.027,0.012,24.496,161536.969,5.855,52.000
0.048,0.005,0.013,15.480,137840.438,2.342,52.000
0.050,0.001,0.010,23.388,123389.055,2.586,52.000
0.051,0.012,0.014,22.803,156294.344,7.105,52.000
0.098,0.010,0.011,19.327,84013.492,6.359,52.000
0.049,0.009,0.014,23.239,144584.969,6.615,52.000
0.046,0.002,0.015,21.927,149229.719,1.752,52.000
0.051,0.001,0.005,20.946,110898.523,2.147,52.000
0.050,0.001,0.018,21.936,123200.430,2.978,52.000
0.050,0.019,0.010,18.198,176694.812,7.953,52.000
0.041,0.000,0.012,21.454,-48565.797,0.658,52.000
0.047,0.000,0.012,26.512,-55154.168,-2.931,52.000
0.055,0.001,0.015,25.533,59576.695,0.943,52.000
0.052,0.013,0.013,21.046,160596.438,7.585,52.000
0.048,0.012,0.013,19.609,147303.750,7.824,52.000
0.051,0.017,0.012,19.366,185539.562,7.854,52.000
0.048,0.019,0.011,19.795,197089.500,7.160,52.000
0.053,0.000,0.022,19.841,-41334.262,3.953,52.000
0.058,0.001,0.008,21.559,107704.055,1.114,52.000
0.043,0.001,0.005,20.855,97610.852,1.820,52.000
0.002,0.013,0.013,23.343,117159.711,4.676,52.000
0.051,0.012,0.010,15.627,159791.750,6.585,52.000
0.054,0.001,0.012,21.055,161278.781,3.123,52.000
0.048,0.012,0.012,19.441,173998.500,7.559,52.000
0.059,0.001,0.005,19.559,128992.773,2.484,52.000
0.052,0.009,0.010,16.284,157734.688,5.171,52.000
0.049,0.016,0.013,20.101,168126.125,7.715,52.000
0.051,0.006,0.014,19.852,195641.000,6.027,52.000
0.051,0.013,0.012,19.389,173645.469,7.708,52.000
0.048,0.005,0.014,18.255,159227.531,1.631,52.000
0.050,0.012,0.010,14.489,144223.312,7.281,52.000
0.051,0.006,0.011,21.550,136112.031,2.864,52.000
0.048,0.005,0.013,15.841,129787.539,2.957,52.000
0.042,0.001,0.012,21.565,40707.727,-0.113,52.000
0.056,0.000,0.007,24.869,14639.773,0.310,52.000
0.100,0.013,0.011,22.214,-17746.602,8.969,52.000
0.049,0.010,0.011,18.263,145014.219,6.885,52.000
0.057,0.000,0.015,25.464,35435.930,0.160,52.000
0.050,0.025,0.011,21.634,157949.969,5.604,52.000
0.051,0.020,0.010,19.178,156222.500,6.641,52.000
0.050,0.013,0.012,19.571,169776.250,7.854,52.000
0.048,0.000,0.020,21.429,43010.430,1.087,52.000
0.050,0.001,0.021,20.225,73720.648,1.866,52.000
0.050,0.000,0.018,22.228,-12500.922,-0.075,52.000
0.049,0.026,0.014,21.438,115033.445,5.786,52.000
0.052,0.000,0.010,31.824,-36809.695,0.681,52.000
0.046,0.001,0.011,20.813,173093.531,2.925,52.000
0.059,0.001,0.012,19.060,97834.383,0.184,52.000
0.050,0.023,0.013,19.821,132047.406,6.165,52.000
0.045,0.000,0.009,25.114,-15068.047,0.187,52.000
0.048,0.001,0.002,18.891,105733.836,0.761,52.000
0.052,0.001,0.003,21.051,80757.398,1.251,52.000
0.048,0.015,0.013,19.615,155685.969,7.629,52.000
0.052,0.016,0.013,18.765,171572.938,8.166,52.000
0.055,0.000,0.004,23.918,-8986.008,0.836,52.000
0.052,0.013,0.014,21.901,139466.969,7.031,52.000
0.050,0.023,0.010,20.184,150938.250,5.917,52.000
0.048,0.000,0.014,29.337,1659.844,0.484,52.000
0.060,0.001,0.010,17.684,131029.227,-0.033,52.000
0.050,0.018,0.012,19.791,192358.625,7.530,52.000
0.051,0.016,0.010,18.652,188895.281,7.140,52.000
0.046,0.001,0.013,17.221,162164.688,1.418,52.000
0.041,0.001,0.007,21.697,123067.836,1.549,52.000
0.050,0.026,0.011,21.873,152326.719,5.497,52.000
0.048,0.003,0.014,17.039,157597.469,0.341,52.000
0.050,0.006,0.009,20.070,157014.344,3.261,52.000
0.048,0.012,0.010,15.390,136741.969,7.261,52.000
0.055,0.000,0.018,23.085,-821.703,1.783,52.000
0.052,0.007,0.013,20.981,187848.125,6.328,52.000
0.050,0.013,0.012,19.750,165992.219,7.940,52.000
0.049,0.021,0.011,20.289,175635.344,6.432,52.000
0.002,0.014,0.013,23.660,125573.664,4.808,52.000
0.047,0.000,0.011,29.005,-67509.180,-0.800,52.000
0.045,0.001,0.019,21.820,112123.117,2.279,52.000
0.052,0.001,0.013,24.845,82296.398,1.560,52.000
0.051,0.022,0.011,18.603,152571.375,6.843,52.000
0.050,0.017,0.010,17.624,190557.125,7.902,52.000
0.053,0.001,0.002,22.659,-30019.008,-0.220,52.000
0.059,0.000,0.007,22.947,15083.719,-1.583,52.000
0.046,0.002,0.017,23.636,133545.375,3.114,52.000
0.053,0.000,0.013,31.881,-106086.203,-0.339,52.000
0.045,0.001,0.020,21.967,16919.977,0.696,52.000
0.042,0.000,0.012,23.743,-35193.570,-2.244,52.000
0.049,0.004,0.012,17.138,162348.031,2.810,52.000
0.048,0.021,0.010,20.496,169791.781,6.865,52.000
0.045,0.001,0.019,22.731,54287.133,1.083,52.000
0.052,0.002,0.007,22.055,102924.148,2.713,52.000
0.042,0.001,0.006,21.726,100845.508,1.733,52.000
0.000,0.011,0.012,20.334,32449.414,11.413,52.000
0.058,0.001,0.006,20.732,121351.164,1.327,52.000
0.050,0.003,0.010,22.114,162330.062,2.862,52.000
0.048,0.023,0.012,20.481,177536.469,6.988,52.000
0.049,0.025,0.012,20.589,164367.594,6.997,52.000
0.051,0.006,0.011,20.290,139904.688,2.716,52.000
0.050,0.021,0.014,20.130,122851.742,6.497,52.000
0.049,0.005,0.013,16.991,146746.750,2.118,52.000
0.049,0.008,0.013,18.959,160370.844,6.435,52.000
0.050,0.008,0.013,19.923,177879.938,6.744,52.000
0.050,0.003,0.011,21.346,167665.656,2.999,52.000
-0.000,0.011,0.011,21.019,44847.352,11.529,52.000
0.052,0.012,0.013,22.403,164838.781,7.642,52.000
0.052,0.001,0.014,27.702,72302.117,0.744,52.000
0.049,0.023,0.012,20.240,176350.125,7.030,52.000
0.051,0.015,0.012,20.243,179672.312,8.147,52.000
0.044,0.001,0.006,20.881,125750.305,2.333,52.000
0.050,0.006,0.010,21.020,149809.844,2.665,52.000
0.051,0.027,0.013,25.324,41556.711,4.983,52.000
0.051,0.022,0.013,18.349,139817.781,6.663,52.000
0.048,0.015,0.011,18.618,183714.781,7.484,52.000
0.039,0.001,0.013,18.427,71404.086,-0.944,52.000
0.047,0.002,0.013,16.900,170417.500,1.321,52.000
0.051,0.022,0.011,19.680,158156.344,6.222,52.000
0.043,0.000,0.019,21.509,-6524.930,-0.166,52.000
0.051,0.014,0.013,20.237,162491.625,7.774,52.000
0.046,0.001,0.004,20.216,115734.555,1.863,52.000
0.049,0.001,0.005,22.642,18217.445,1.140,52.000
0.049,0.019,0.012,19.938,184946.438,7.337,52.000
0.099,0.012,0.012,20.856,62105.070,3.667,52.000
0.002,0.012,0.012,23.152,101884.305,4.509,52.000
0.049,0.002,0.009,21.984,150010.688,3.329,52.000
0.059,0.001,0.010,18.145,109282.477,-0.032,52.000
0.056,0.001,0.017,22.666,103478.039,1.621,52.000
0.046,0.001,0.003,19.083,114609.180,1.278,52.000
0.049,0.018,0.012,19.834,189639.656,7.655,52.000
0.051,0.013,0.012,20.001,158468.031,7.770,52.000
0.050,0.006,0.010,20.512,150667.438,3.023,52.000
0.050,0.023,0.014,19.965,101857.586,5.765,52.000
0.049,0.004,0.009,21.503,162617.906,2.930,52.000
0.001,0.013,0.012,24.255,123642.023,4.367,52.000
0.049,0.012,0.010,14.978,137556.125,7.278,52.000
0.052,0.005,0.012,19.245,150535.438,2.978,52.000
0.047,0.001,0.012,21.461,129431.039,2.662,52.000
0.052,0.012,0.013,21.150,171447.375,8.131,52.000
0.042,0.001,0.006,20.601,146306.281,2.048,52.000
0.056,0.001,0.004,20.265,119043.180,2.157,52.000
0.053,0.001,0.017,23.140,99736.695,1.326,52.000
0.058,0.001,0.017,22.336,128104.148,1.189,52.000
0.048,0.001,0.014,20.011,173987.344,1.210,52.000
0.048,0.001,0.020,22.440,48832.961,0.799,52.000
0.048,0.001,0.013,22.248,98392.977,1.293,52.000
0.055,0.000,0.014,30.583,-76391.836,-0.642,52.000
0.050,0.009,0.014,21.818,180935.469,7.348,52.000
0.056,0.001,0.009,24.504,90626.055,0.543,52.000
0.051,0.000,0.002,22.181,22721.094,0.627,52.000
0.053,0.002,0.011,22.359,152428.219,3.201,52.000
0.048,0.001,0.015,22.216,165317.969,2.066,52.000
0.057,0.001,0.007,25.562,40714.305,-0.354,52.000
0.055,0.001,0.011,22.180,104207.742,0.675,52.000
0.053,0.002,0.011,22.155,162649.750,3.325,52.000
0.044,0.000,0.015,25.812,-141024.688,-1.970,52.000
0.041,0.001,0.011,18.991,135044.281,-0.188,52.000
0.045,0.001,0.013,17.156,158344.094,1.588,52.000
0.051,0.001,0.017,22.758,127022.211,2.567,52.000
0.044,0.000,0.011,25.301,15765.383,-0.741,52.000
0.048,0.004,0.010,22.013,156324.438,2.834,52.000
0.049,0.002,0.010,21.837,164724.594,3.119,52.000
0.050,0.006,0.013,19.030,165229.531,5.050,52.000
0.049,0.012,0.010,15.026,145253.906,7.153,52.000
0.050,0.002,0.014,20.598,174580.625,2.459,52.000
0.049,0.026,0.012,21.750,160338.156,6.600,52.000
0.050,0.018,0.010,18.397,184922.812,7.456,52.000
0.046,0.001,0.006,21.801,111914.633,2.653,52.000
0.052,0.000,0.020,18.885,4545.242,0.853,52.000
0.054,0.001,0.009,24.258,103064.273,1.585,52.000
0.051,0.017,0.013,19.594,153646.375,7.665,52.000
0.048,0.024,0.013,20.466,167888.281,7.114,52.000
0.049,0.007,0.014,18.667,161802.594,4.725,52.000
0.050,0.017,0.013,20.225,185867.812,7.946,52.000
0.049,0.026,0.011,22.683,160487.594,5.638,52.000
0.047,0.001,0.015,23.029,149708.438,2.221,52.000
0.054,0.000,0.013,32.476,-96626.867,0.196,52.000
0.051,0.013,0.010,17.525,164655.844,5.876,52.000
0.049,0.001,0.013,24.572,83129.914,0.351,52.000
0.048,0.001,0.017,26.339,73579.945,1.160,52.000
0.050,0.006,0.011,19.394,137772.188,3.053,52.000
0.050,0.018,0.013,20.360,178746.406,7.617,52.000
0.046,0.001,0.007,23.774,60025.586,2.188,52.000
0.098,0.012,0.014,22.332,98461.977,2.259,52.000
0.048,0.006,0.010,21.176,152024.875,3.536,52.000
0.042,0.001,0.016,22.621,114635.664,1.484,52.000
0.051,0.004,0.012,18.328,169838.469,3.048,52.000
0.051,0.005,0.012,17.372,152238.219,3.519,52.000
0.049,0.026,0.012,21.167,166321.219,6.970,52.000
0.047,0.000,0.020,21.826,8315.625,0.956,52.000
0.050,0.001,0.004,22.095,7671.812,0.281,52.000
0.044,0.001,0.011,20.406,155165.531,2.191,52.000
0.053,0.001,0.011,21.566,151669.000,2.926,52.000
0.051,0.010,0.011,18.627,179216.188,7.655,52.000
0.044,0.001,0.020,22.871,66565.430,1.338,52.000
0.047,0.001,0.008,23.525,79141.789,2.280,52.000
0.046,0.000,0.014,30.247,-106411.953,-2.815,52.000
0.047,0.000,0.021,20.965,-52427.496,1.845,52.000
0.051,0.000,0.009,33.670,-28314.680,5.225,52.000
0.056,0.001,0.008,22.969,95949.398,1.263,52.000
0.048,0.006,0.011,18.826,143370.094,3.719,52.000
0.051,0.010,0.014,22.573,165790.844,7.473,52.000
0.051,0.001,0.006,24.435,45746.352,1.879,52.000
0.050,0.014,0.014,21.529,142067.812,7.070,52.000
0.048,0.008,0.013,18.563,132149.656,6.342,52.000
0.053,0.002,0.016,22.982,133977.000,2.632,52.000
0.052,0.001,0.010,23.178,139162.781,2.035,52.000
0.051,0.020,0.013,18.136,165993.062,7.689,52.000
0.044,0.002,0.011,19.805,165060.531,2.391,52.000
0.048,0.026,0.010,23.268,144232.656,5.729,52.000
0.048,0.005,0.014,18.203,160111.969,1.896,52.000
0.051,0.015,0.012,20.042,174086.344,8.058,52.000
0.049,0.008,0.013,19.478,157919.062,6.666,52.000
0.049,0.023,0.012,19.933,173905.906,7.010,52.000
0.050,0.009,0.015,22.737,158050.219,6.688,52.000
0.043,0.001,0.005,20.894,115319.914,1.824,52.000
0.049,0.012,0.011,17.756,165082.125,7.895,52.000
0.050,0.026,0.013,20.607,139709.781,6.721,52.000
0.049,0.001,0.002,19.142,96327.195,0.773,52.000
0.050,0.008,0.014,20.508,186742.500,6.756,52.000
0.050,0.019,0.012,19.599,193743.625,7.429,52.000
0.048,0.009,0.011,19.270,116633.367,5.714,52.000
0.058,0.001,0.018,21.369,126336.992,1.733,52.000
0.043,0.000,0.010,20.558,-21330.102,0.601,52.000
0.050,0.001,0.018,20.836,109817.711,2.486,52.000
0.051,0.008,0.013,21.378,188222.906,7.369,52.000
0.049,0.026,0.012,21.265,150018.969,6.774,52.000
0.000,0.013,0.013,25.554,-46387.707,6.288,52.000
0.040,0.001,0.013,17.587,86461.023,-0.016,52.000
0.048,0.016,0.013,19.975,175534.438,8.103,52.000
0.052,0.012,0.013,20.735,165797.844,7.768,52.000
0.052,0.008,0.011,18.935,136555.250,5.505,52.000
0.047,0.001,0.018,21.873,126571.992,2.741,52.000
0.058,0.001,0.006,21.499,112219.164,1.227,52.000
0.042,0.001,0.008,22.710,74697.508,1.555,52.000
0.045,0.001,0.012,27.358,-16877.703,0.778,52.000
0.047,0.002,0.010,21.390,171717.281,3.159,52.000
0.054,0.000,0.015,25.685,5310.000,0.411,52.000
0.046,0.000,0.007,23.360,17157.969,-0.067,52.000
0.042,0.001,0.018,23.508,106657.477,1.633,52.000
0.042,0.001,0.011,20.201,138396.625,0.200,52.000
0.044,0.001,0.005,20.210,125600.758,2.187,52.000
0.057,0.001,0.016,22.576,114195.492,1.510,52.000
0.051,0.009,0.010,16.316,151746.906,5.014,52.000
0.039,0.000,0.012,21.179,-22302.273,-2.488,52.000
0.055,0.001,0.014,21.672,161157.125,3.160,52.000
0.050,0.003,0.013,16.472,185051.875,2.086,52.000
0.052,0.001,0.009,24.473,113040.820,1.785,52.000
0.046,0.001,0.014,17.902,164101.031,1.157,52.000
0.054,0.000,0.018,22.166,18676.469,1.771,52.000
0.052,0.008,0.011,17.178,153225.750,4.999,52.000
0.051,0.007,0.013,19.781,143250.406,4.667,52.000
0.048,0.020,0.011,20.250,185276.000,6.746,52.000
0.049,0.000,0.010,29.014,-21644.320,0.485,52.000
0.045,0.001,0.010,24.426,57496.758,2.063,52.000
0.049,0.008,0.011,19.148,116739.180,4.108,52.000
0.059,0.001,0.014,21.062,98926.742,1.108,52.000
0.057,0.000,0.010,24.519,67663.148,-0.915,52.000
0.047,0.001,0.002,18.775,112571.367,0.769,52.000
0.043,0.001,0.004,19.428,132491.625,1.955,52.000
0.050,0.025,0.011,21.704,156878.219,5.516,52.000
0.001,0.011,0.011,21.492,132122.406,1.981,52.000
0.002,0.012,0.011,20.960,142375.688,1.730,52.000
0.058,0.000,0.017,23.923,16255.688,0.947,52.000
0.052,0.003,0.011,22.297,160449.750,3.273,52.000
0.049,0.013,0.012,19.291,177967.344,7.855,52.000
0.047,0.000,0.003,17.471,42835.523,1.937,52.000
0.097,0.013,0.011,21.268,70539.445,5.375,52.000
0.049,0.014,0.013,19.762,163026.781,7.786,52.000
0.058,0.001,0.013,21.140,86880.570,0.821,52.000
0.051,0.001,0.005,21.379,107177.789,2.030,52.000
0.060,0.001,0.012,15.710,138905.656,1.433,52.000
0.052,0.024,0.013,19.163,116543.086,6.465,52.000
0.050,0.010,0.011,17.409,142187.500,6.628,52.000
0.049,0.006,0.014,18.727,166395.469,5.034,52.000
0.046,0.001,0.013,17.640,164737.750,1.155,52.000
0.052,0.001,0.016,26.534,41569.320,-0.285,52.000
0.049,0.008,0.012,18.725,116080.211,4.308,52.000
0.048,0.001,0.004,19.908,105362.461,1.425,52.000
0.052,0.001,0.015,23.316,149514.344,2.968,52.000
0.047,0.000,0.018,21.613,-19310.914,-0.326,52.000
0.050,0.015,0.012,19.602,175742.719,7.802,52.000
0.057,0.000,0.007,24.951,15349.938,0.136,52.000
0.047,0.002,0.007,21.358,126507.383,3.189,52.000
0.051,0.007,0.014,20.379,185500.531,6.842,52.000
0.052,0.000,0.015,30.543,-42329.148,-1.531,52.000
0.050,0.012,0.014,23.416,143939.469,6.676,52.000
0.049,0.004,0.010,21.610,161514.281,2.768,52.000
0.047,0.000,0.017,24.219,3273.812,-0.141,52.000
0.050,0.017,0.012,19.808,190830.781,7.863,52.000
0.052,0.015,0.011,19.329,178472.344,6.696,52.000
0.049,0.018,0.013,20.124,179441.188,7.481,52.000
0.043,0.001,0.017,25.343,92189.773,0.835,52.000
0.050,0.000,0.012,28.999,1922.852,-0.877,52.000
0.044,0.001,0.012,17.470,157452.344,2.504,52.000
0.050,0.012,0.012,19.513,184392.906,8.075,52.000
0.050,0.026,0.014,21.295,118611.211,5.761,52.000
0.046,0.001,0.009,23.713,62088.727,2.129,52.000
0.056,0.001,0.012,24.520,48663.977,0.204,52.000
0.002,0.013,0.012,23.195,134353.094,4.237,52.000
0.051,0.001,0.011,22.512,147027.812,2.612,52.000
0.049,0.002,0.017,23.094,133393.875,3.357,52.000
0.048,0.024,0.012,21.072,172363.594,6.943,52.000
0.052,0.014,0.013,21.468,151775.594,7.455,52.000
0.056,0.001,0.017,21.695,125038.305,1.765,52.000
0.049,0.018,0.013,20.455,168192.844,7.240,52.000
0.049,0.001,0.009,21.887,159012.844,3.368,52.000
0.049,0.021,0.013,19.853,153907.594,6.915,52.000
0.040,0.001,0.014,18.499,57831.070,-0.136,52.000
0.054,0.002,0.015,22.443,135605.250,2.358,52.000
0.048,0.013,0.012,18.920,172142.750,7.869,52.000
0.050,0.013,0.010,17.175,157124.000,6.206,52.000
0.042,0.001,0.009,20.077,146645.562,1.945,52.000
0.048,0.014,0.013,19.613,166206.656,7.845,52.000
0.099,0.011,0.012,19.968,78694.430,5.143,52.000
0.052,0.000,0.012,27.366,-47617.406,-2.599,52.000
0.050,0.019,0.014,20.190,115356.992,6.093,52.000
0.048,0.005,0.011,21.362,155624.656,2.846,52.000
0.049,0.001,0.021,20.113,79280.680,2.077,52.000
0.051,0.011,0.012,19.325,188247.188,8.252,52.000
0.040,0.000,0.011,19.934,10709.266,-2.476,52.000
0.043,0.001,0.011,19.438,163533.219,1.764,52.000
0.050,0.010,0.012,19.076,165788.594,7.119,52.000
0.041,0.001,0.016,21.557,99132.820,1.144,52.000
0.045,0.001,0.010,20.496,167165.781,2.684,52.000
0.045,0.001,0.004,20.524,77532.398,1.207,52.000
0.047,0.001,0.018,25.716,44678.180,0.050,52.000
0.045,0.001,0.012,19.671,166123.281,2.466,52.000
0.052,0.016,0.012,19.051,176579.500,7.910,52.000
0.049,0.003,0.012,19.532,172552.406,3.227,52.000
0.048,0.000,0.006,23.363,31681.211,0.783,52.000
0.052,0.022,0.013,18.326,136238.156,6.642,52.000
0.050,0.007,0.013,20.142,155089.469,5.735,52.000
0.049,0.008,0.014,20.414,167974.531,6.029,52.000
0.051,0.001,0.012,26.142,69934.477,2.232,52.000
0.044,0.001,0.020,22.227,77583.758,1.934,52.000
0.050,0.013,0.010,17.303,159295.719,6.645,52.000
0.056,0.001,0.007,25.698,45895.617,0.357,52.000
0.044,0.001,0.012,24.599,22481.141,0.962,52.000
0.052,0.000,0.004,23.462,19629.312,0.492,52.000
0.048,0.004,0.014,17.195,153467.156,0.749,52.000
0.049,0.022,0.014,20.333,112249.367,6.084,52.000
0.044,0.000,0.014,25.726,7975.609,-0.318,52.000
0.051,0.009,0.011,16.745,150192.531,5.676,52.000
0.050,0.015,0.014,20.818,143394.688,7.134,52.000
0.051,0.020,0.013,19.376,142460.188,7.216,52.000
0.055,0.001,0.017,25.494,19779.945,0.292,52.000
0.048,0.018,0.014,20.401,143086.406,6.834,52.000
0.055,0.000,0.012,31.669,11173.156,2.835,52.000
0.049,0.001,0.006,23.157,16126.812,1.339,52.000
0.052,0.018,0.010,18.828,172437.656,7.043,52.000
0.048,0.012,0.011,18.423,173200.375,7.822,52.000
0.057,0.001,0.007,22.299,104320.430,1.142,52.000
0.054,0.001,0.014,23.425,144212.469,2.355,52.000
0.042,0.001,0.015,22.014,115657.039,1.580,52.000
0.043,0.001,0.016,25.098,86635.758,0.469,52.000
0.045,0.000,0.007,24.310,-66307.547,0.743,52.000
0.048,0.006,0.011,20.493,145045.969,3.325,52.000
0.058,0.001,0.012,21.138,78550.320,0.847,52.000
0.055,0.001,0.022,17.838,61929.461,2.796,52.000
0.055,0.001,0.010,27.383,39015.242,0.052,52.000
0.051,0.003,0.010,22.559,161759.219,2.826,52.000
0.050,0.012,0.010,14.054,148635.938,7.053,52.000
0.098,0.011,0.012,20.253,94395.789,4.658,52.000
0.049,0.024,0.010,22.209,158707.031,6.138,52.000
0.048,0.016,0.010,18.038,198815.844,7.467,52.000
0.098,0.011,0.013,20.829,100694.586,3.278,52.000
0.049,0.009,0.011,17.725,123440.211,6.273,52.000
0.050,0.016,0.010,18.235,196268.844,7.734,52.000
0.052,0.002,0.018,20.562,121816.539,2.762,52.000
0.052,0.013,0.010,17.386,167431.781,6.469,52.000
0.049,0.013,0.013,19.729,157849.156,7.976,52.000
0.050,0.026,0.012,20.235,158471.688,6.817,52.000
0.053,0.001,0.010,24.664,104681.086,1.060,52.000
0.048,0.001,0.022,19.974,-8442.547,0.858,52.000
0.048,0.002,0.012,20.418,171737.156,3.312,52.000
0.049,0.016,0.010,18.039,194105.375,7.303,52.000
0.046,0.001,0.011,23.095,114204.164,2.769,52.000
0.048,0.006,0.010,21.360,160508.531,3.240,52.000
0.048,0.001,0.006,20.593,101895.523,2.555,52.000
0.054,0.000,0.005,22.127,41296.289,0.243,52.000
0.051,0.012,0.012,20.232,170649.219,7.875,52.000
0.052,0.027,0.012,20.952,85883.430,5.900,52.000
0.051,0.005,0.013,17.302,158997.312,3.438,52.000
0.052,0.022,0.012,17.698,149103.562,7.043,52.000
0.051,0.006,0.010,20.785,148330.438,2.596,52.000
0.051,0.005,0.013,17.754,166822.906,3.389,52.000
0.051,0.016,0.010,18.521,186125.750,7.140,52.000
0.044,0.001,0.004,19.622,107729.867,1.371,52.000
0.049,0.009,0.012,19.152,117525.117,5.590,52.000
0.048,0.000,0.011,27.080,-59471.668,-1.828,52.000
0.044,0.000,0.019,25.205,-60020.730,-2.489,52.000
0.049,0.008,0.012,18.481,118600.883,4.415,52.000
0.051,0.013,0.010,17.610,161269.438,6.527,52.000
0.059,0.001,0.013,18.509,128270.164,1.793,52.000
0.051,0.013,0.010,16.966,160147.250,6.110,52.000
0.046,0.001,0.006,22.766,55279.836,1.583,52.000
0.052,0.002,0.014,22.394,166475.156,3.517,52.000
0.000,0.013,0.013,19.688,7553.812,9.213,52.000
0.056,0.001,0.005,23.754,61206.867,1.258,52.000
0.098,0.013,0.013,22.113,90318.570,2.637,52.000
0.046,0.000,0.006,22.841,-24517.766,-1.311,52.000
0.052,0.006,0.010,20.941,140861.219,2.484,52.000
0.052,0.013,0.013,21.943,160505.156,7.387,52.000
0.053,0.001,0.015,26.683,81365.023,0.729,52.000
0.053,0.002,0.015,22.913,157161.438,3.276,52.000
0.042,0.001,0.005,19.605,147427.375,2.464,52.000
0.045,0.000,0.009,24.941,13954.711,0.919,52.000
0.050,0.027,0.010,22.743,143949.625,5.548,52.000
0.041,0.001,0.014,18.126,85703.227,0.527,52.000
0.002,0.011,0.011,21.273,130758.148,1.982,52.000
0.059,0.000,0.009,23.562,46857.758,0.873,52.000
0.051,0.013,0.011,18.423,171428.344,7.237,52.000
0.049,0.000,0.008,26.839,-16518.305,1.039,52.000
0.050,0.022,0.014,20.342,109562.836,5.872,52.000
0.046,0.001,0.003,19.052,121777.430,1.473,52.000
0.050,0.000,0.004,23.989,-25732.000,-0.827,52.000
0.050,0.014,0.014,21.599,131298.906,6.759,52.000
0.046,0.001,0.017,25.464,108518.992,1.689,52.000
0.048,0.008,0.013,18.753,136074.062,6.316,52.000
0.001,0.011,0.013,22.424,61345.695,4.881,52.000
0.049,0.024,0.014,20.444,124482.430,6.177,52.000
0.052,0.006,0.012,19.733,156132.000,3.384,52.000
0.048,0.008,0.014,19.627,160887.812,6.143,52.000
0.047,0.001,0.002,18.890,93991.477,0.411,52.000
0.053,0.001,0.002,20.540,93256.070,1.735,52.000
0.057,0.001,0.014,23.092,104293.383,1.288,52.000
0.050,0.005,0.010,21.602,152667.656,2.496,52.000
0.098,0.014,0.013,21.763,83401.664,3.452,52.000
0.052,0.005,0.014,19.395,186189.000,4.695,52.000
0.042,0.001,0.014,16.664,118928.133,1.474,52.000
0.047,0.002,0.007,21.106,114924.070,2.975,52.000
0.050,0.001,0.019,22.665,22090.781,0.313,52.000
0.052,0.023,0.012,18.192,150366.000,7.118,52.000
0.050,0.001,0.011,22.785,132464.219,2.805,52.000
0.051,0.002,0.010,22.862,158545.062,2.895,52.000
0.051,0.023,0.012,19.017,152523.656,6.630,52.000
0.051,0.012,0.011,16.851,165743.188,7.293,52.000
0.051,0.001,0.009,27.523,-2043.930,1.993,52.000
0.041,0.001,0.011,19.488,136147.344,-0.319,52.000
0.050,0.023,0.012,18.966,161806.500,6.823,52.000
0.042,0.000,0.018,20.706,-84125.297,-0.544,52.000
0.051,0.001,0.003,19.902,105973.695,1.552,52.000
0.052,0.009,0.013,22.789,171603.969,7.835,52.000
0.049,0.019,0.011,19.632,198392.469,7.179,52.000
0.051,0.014,0.011,19.504,173351.062,7.279,52.000
0.049,0.001,0.013,21.251,121434.570,1.430,52.000
0.043,0.000,0.014,24.112,33265.555,0.136,52.000
0.041,0.000,0.008,20.570,72935.148,-0.798,52.000
0.045,0.000,0.007,24.873,-41325.895,-0.292,52.000
0.059,0.001,0.016,21.819,136746.438,1.040,52.000
0.049,0.012,0.012,19.441,183296.375,8.153,52.000
0.053,0.002,0.018,19.766,109769.445,2.594,52.000
0.049,0.009,0.010,17.226,133284.688,5.877,52.000
0.050,0.022,0.011,20.256,162697.781,6.181,52.000
0.048,0.000,0.004,22.460,-20320.070,-1.675,52.000
0.052,0.001,0.015,24.579,124664.711,1.793,52.000
0.057,0.001,0.017,21.981,86240.398,1.663,52.000
0.057,0.002,0.013,19.729,140013.938,2.303,52.000
0.059,0.001,0.015,21.110,151427.531,1.595,52.000
0.053,0.000,0.008,22.807,58016.461,1.845,52.000
0.051,0.000,0.010,27.986,-86761.125,-0.969,52.000
0.059,0.001,0.017,20.951,148070.906,1.474,52.000
0.059,0.001,0.005,19.778,125841.336,2.626,52.000
0.049,0.011,0.011,17.696,156943.062,7.609,52.000
0.048,0.027,0.011,11.253,263537.094,5.671,52.000
0.048,0.000,0.004,19.685,-53110.457,1.860,52.000
0.055,0.001,0.016,22.039,130537.352,1.853,52.000
0.049,0.000,0.022,16.901,-26700.602,1.887,52.000
0.052,0.015,0.011,19.193,181732.062,6.608,52.000
0.051,0.020,0.011,18.802,161693.938,6.640,52.000
0.047,0.000,0.006,21.049,-41200.824,1.775,52.000
0.058,0.001,0.011,18.146,119811.039,0.865,52.000
0.045,0.000,0.015,24.746,-46028.762,0.670,52.000
0.049,0.000,0.009,28.677,-24079.133,1.766,52.000
0.051,0.020,0.012,18.513,174485.281,7.195,52.000
0.050,0.005,0.011,22.336,143387.594,2.760,52.000
0.053,0.001,0.009,23.821,104068.867,2.056,52.000
0.051,0.013,0.011,18.541,170022.156,7.278,52.000
0.049,0.006,0.011,20.021,140834.188,3.054,52.000
0.057,0.000,0.010,24.969,75.734,-0.633,52.000
0.052,0.018,0.012,18.612,181757.438,7.937,52.000
0.050,0.022,0.010,19.843,153762.688,6.203,52.000
0.043,0.001,0.015,21.485,130290.180,1.892,52.000
0.058,0.001,0.020,18.304,129795.461,3.184,52.000
0.056,0.000,0.006,23.793,-10764.086,-0.301,52.000
0.049,0.006,0.009,20.970,162448.531,3.211,52.000
0.052,0.000,0.006,25.804,-12236.398,1.066,52.000
0.052,0.013,0.011,18.201,170110.156,6.680,52.000
0.049,0.017,0.013,20.462,173156.188,7.825,52.000
0.042,0.000,0.018,22.280,48162.695,-0.247,52.000
0.046,0.001,0.022,19.874,37066.258,1.872,52.000
0.049,0.020,0.011,19.598,178413.031,6.716,52.000
0.049,0.001,0.008,23.632,99004.492,2.572,52.000
0.049,0.009,0.013,21.450,168881.656,7.319,52.000
0.058,0.001,0.011,20.491,91832.977,1.104,52.000
0.050,0.001,0.009,28.353,-29549.773,2.052,52.000
0.048,0.022,0.011,21.297,162951.031,6.465,52.000
0.052,0.000,0.020,19.217,-18421.469,0.714,52.000
0.049,0.007,0.012,18.505,117466.008,4.220,52.000
0.050,0.012,0.014,22.960,149022.531,7.243,52.000
0.047,0.001,0.013,18.221,157431.844,0.986,52.000
0.048,0.001,0.023,18.946,63642.820,2.477,52.000
0.049,0.004,0.010,21.541,160075.031,2.624,52.000
0.056,0.001,0.011,22.840,97962.820,0.485,52.000
0.051,0.001,0.016,25.176,100400.211,1.701,52.000
0.001,0.011,0.012,22.304,88563.945,3.843,52.000
0.056,0.001,0.007,22.343,110106.430,1.651,52.000
0.050,0.005,0.013,17.238,162006.906,3.180,52.000
0.051,0.021,0.013,18.380,148348.562,7.066,52.000
0.049,0.025,0.012,20.488,158029.844,6.974,52.000
0.051,0.019,0.012,18.760,179784.062,7.904,52.000
0.051,0.023,0.013,19.032,128397.742,6.253,52.000
0.052,0.027,0.012,12.396,215903.031,7.419,52.000
0.051,0.001,0.014,22.657,165786.125,3.304,52.000
0.052,0.001,0.017,22.541,129062.883,2.589,52.000
0.048,0.015,0.013,19.520,169828.562,7.900,52.000
0.049,0.006,0.013,16.709,135871.812,3.695,52.000
0.049,0.009,0.012,19.054,125831.320,6.209,52.000
0.048,0.001,0.019,21.895,84024.273,1.644,52.000
0.052,0.001,0.019,20.094,105101.836,2.426,52.000
0.049,0.018,0.013,20.651,166637.844,7.382,52.000
0.052,0.017,0.013,19.090,160694.469,7.902,52.000
0.050,0.013,0.010,17.890,161885.844,6.442,52.000
0.052,0.003,0.011,22.121,163047.938,2.892,52.000
0.044,0.000,0.019,23.488,-81315.219,-1.583,52.000
0.056,0.000,0.018,19.690,13348.086,-0.352,52.000
0.050,0.026,0.012,21.064,152749.406,6.413,52.000
0.051,0.019,0.011,18.966,173227.312,6.883,52.000
0.049,0.019,0.010,18.727,181834.219,7.902,52.000
0.050,0.020,0.014,20.145,109125.648,5.888,52.000
0.059,0.001,0.016,21.860,138104.500,0.997,52.000
0.058,0.000,0.017,23.443,40595.852,1.002,52.000
0.048,0.026,0.012,21.931,169523.156,6.696,52.000
0.043,0.001,0.018,24.140,112607.164,1.712,52.000
0.043,0.001,0.019,24.100,24479.766,-0.367,52.000
0.049,0.018,0.014,20.213,127316.836,6.414,52.000
0.046,0.000,0.007,21.307,-34269.898,1.737,52.000
0.052,0.015,0.011,19.416,180191.969,7.071,52.000
0.051,0.000,0.006,26.844,-14885.422,1.684,52.000
0.052,0.010,0.013,21.880,180180.781,7.925,52.000
0.050,0.008,0.012,19.629,122963.352,5.427,52.000
0.048,0.015,0.011,18.776,178727.062,7.846,52.000
0.048,0.007,0.013,16.995,118322.664,5.314,52.000
0.040,0.001,0.012,19.441,95119.961,-0.977,52.000
0.050,0.027,0.012,21.650,95570.727,5.893,52.000
0.049,0.008,0.010,19.086,138566.000,4.330,52.000
0.050,0.013,0.011,18.870,176575.656,7.393,52.000
0.053,0.000,0.007,25.111,21382.109,0.593,52.000
0.050,0.019,0.012,19.680,194099.438,7.071,52.000
0.051,0.005,0.011,21.380,160112.750,2.839,52.000
0.056,0.000,0.017,24.035,-40466.922,0.131,52.000
0.044,0.001,0.020,21.387,101198.836,2.513,52.000
0.050,0.008,0.011,19.154,112287.461,4.003,52.000
0.052,0.001,0.018,21.128,122169.289,2.508,52.000
0.049,0.027,0.011,21.885,237113.812,7.507,52.000
0.050,0.009,0.014,22.169,170005.938,7.173,52.000
0.048,0.000,0.011,29.095,10967.945,1.758,52.000
0.056,0.000,0.013,26.012,14603.844,1.480,52.000
0.050,0.004,0.011,22.028,159103.750,2.833,52.000
0.054,0.000,0.014,28.523,-1687.906,2.845,52.000
0.056,0.000,0.011,30.835,11968.656,1.088,52.000
0.058,0.001,0.013,22.164,99656.617,0.282,52.000
0.045,0.001,0.006,21.068,116618.992,2.372,52.000
0.043,0.001,0.005,20.475,116213.039,1.812,52.000
0.057,0.001,0.009,21.844,107963.336,1.054,52.000
0.048,0.001,0.020,20.943,26825.727,1.008,52.000
0.051,0.022,0.013,18.372,138212.000,6.615,52.000
0.048,0.005,0.011,21.094,152357.406,2.779,52.000
0.040,0.001,0.013,16.581,107574.883,-0.183,52.000
0.049,0.008,0.010,18.656,125686.555,4.664,52.000
0.059,0.001,0.016,21.176,145730.781,1.374,52.000
0.051,0.015,0.011,19.174,179343.938,7.089,52.000
0.003,0.012,0.011,21.410,127526.570,2.780,52.000
0.050,0.019,0.010,18.335,167807.719,8.037,52.000
0.049,0.027,0.013,9.910,215197.688,5.733,52.000
0.051,0.003,0.011,21.893,163589.500,3.060,52.000
0.050,0.000,0.006,24.167,34970.695,1.445,52.000
0.051,0.016,0.012,19.712,182738.281,7.461,52.000
0.001,0.013,0.012,23.761,125528.586,4.235,52.000
0.050,0.000,0.004,23.932,-58114.090,-1.680,52.000
0.048,0.005,0.011,20.973,149369.000,2.740,52.000
0.052,0.013,0.012,19.813,153438.500,7.846,52.000
0.049,0.001,0.017,24.716,98956.133,1.725,52.000
0.048,0.021,0.012,20.023,188877.094,6.994,52.000
0.045,0.000,0.006,20.545,-5933.414,1.478,52.000
0.057,0.000,0.013,25.903,42261.195,0.520,52.000
0.047,0.001,0.003,19.025,114550.789,1.069,52.000
0.049,0.000,0.003,21.956,3001.406,-1.417,52.000
0.043,0.001,0.013,16.383,141560.656,2.153,52.000
0.049,0.002,0.014,20.339,174901.844,1.770,52.000
0.048,0.009,0.011,19.302,112458.867,5.933,52.000
0.050,0.006,0.011,22.013,133263.719,2.707,52.000
0.048,0.011,0.010,15.909,141894.062,7.238,52.000
0.052,0.001,0.017,21.533,126039.945,2.672,52.000
0.057,0.000,0.005,22.789,-95.945,0.351,52.000
0.058,0.001,0.011,17.897,125010.539,1.048,52.000
0.055,0.001,0.004,21.309,93927.336,1.966,52.000
0.055,0.001,0.005,25.100,8690.086,0.526,52.000
0.049,0.016,0.010,18.022,193680.250,7.192,52.000
0.046,0.001,0.010,22.000,130173.977,2.516,52.000
0.060,0.001,0.017,20.732,156368.938,1.208,52.000
0.056,0.001,0.012,20.421,149141.969,2.558,52.000
0.050,0.022,0.011,20.339,159020.938,6.064,52.000
0.052,0.003,0.013,18.049,191731.906,2.918,52.000
0.058,0.000,0.014,21.456,43051.586,1.111,52.000
0.050,0.022,0.010,20.006,150780.188,6.095,52.000
0.058,0.000,0.015,20.827,29474.133,0.497,52.000
0.048,0.008,0.014,18.982,160173.750,5.937,52.000
0.049,0.003,0.014,19.615,163989.688,1.202,52.000
0.050,0.001,0.011,24.624,95499.086,2.695,52.000
0.052,0.018,0.011,19.183,186024.812,7.191,52.000
0.059,0.000,0.008,25.475,-62950.402,1.204,52.000
0.052,0.000,0.007,25.320,8883.406,0.524,52.000
0.048,0.015,0.011,18.259,183461.750,7.393,52.000
0.052,0.025,0.013,18.852,120242.180,6.938,52.000
0.053,0.000,0.021,21.046,-44734.273,3.136,52.000
0.098,0.012,0.010,20.252,66272.805,7.526,52.000
0.046,0.002,0.010,20.917,169931.938,2.980,52.000
0.041,0.001,0.015,21.076,9572.680,-1.106,52.000
0.056,0.001,0.015,24.418,100312.695,0.160,52.000
0.049,0.008,0.011,19.601,120339.023,4.168,52.000
0.051,0.020,0.011,18.899,163333.000,6.574,52.000
0.050,0.006,0.014,19.356,184837.906,5.399,52.000
0.045,0.001,0.010,24.255,20835.758,2.019,52.000
0.050,0.004,0.013,17.338,164218.219,2.654,52.000
0.052,0.000,0.012,28.115,59047.945,-0.270,52.000
0.042,0.000,0.008,22.883,52519.648,1.161,52.000
0.052,0.001,0.017,22.003,128076.617,2.591,52.000
0.056,0.002,0.010,22.637,107520.539,1.209,52.000
0.050,0.021,0.014,20.081,111896.398,5.927,52.000
0.050,0.019,0.012,19.691,193541.812,7.559,52.000
0.045,0.000,0.003,20.214,39490.320,-1.653,52.000
0.051,0.015,0.012,20.054,177546.875,8.414,52.000
0.041,0.000,0.010,18.457,2781.625,1.269,52.000
0.049,0.007,0.015,19.724,175197.906,5.019,52.000
0.051,0.002,0.006,20.982,103391.445,2.331,52.000
0.058,0.001,0.009,24.853,42476.570,-0.419,52.000
0.051,0.016,0.013,19.727,163562.562,7.975,52.000
0.049,0.014,0.014,20.985,140634.875,7.032,52.000
0.051,0.005,0.011,21.919,153574.469,2.862,52.000
0.054,0.002,0.018,19.702,116672.070,2.486,52.000
0.055,0.001,0.006,24.640,56776.680,1.137,52.000
0.049,0.016,0.011,18.671,200513.531,7.432,52.000
0.049,0.020,0.013,20.152,173292.375,7.099,52.000
0.050,0.000,0.007,26.529,-67201.000,-0.032,52.000
0.100,0.012,0.012,20.857,-20076.617,9.592,52.000
0.050,0.022,0.012,19.084,171466.094,6.865,52.000
0.050,0.013,0.011,18.259,174149.938,7.234,52.000
0.044,0.001,0.020,20.922,94744.070,2.645,52.000
0.051,0.001,0.006,22.018,104934.586,2.442,52.000
0.049,0.001,0.005,21.278,87730.148,1.734,52.000
0.044,0.001,0.004,18.800,135161.844,1.947,52.000
0.051,0.002,0.017,23.101,129858.398,2.965,52.000
0.051,0.009,0.013,23.519,172663.875,8.234,52.000
0.053,0.000,0.005,21.713,20280.859,0.515,52.000
0.049,0.001,0.017,23.197,131750.844,3.143,52.000
0.050,0.020,0.014,19.954,117444.836,6.238,52.000
0.050,0.020,0.012,19.736,191557.656,7.102,52.000
0.048,0.002,0.019,21.038,120916.398,2.857,52.000
0.045,0.000,0.011,22.995,-2423.078,0.354,52.000
0.042,0.000,0.017,24.193,6968.414,-0.913,52.000
0.050,0.003,0.015,20.981,171800.625,3.026,52.000
0.043,0.000,0.006,20.932,74474.086,-0.978,52.000
0.048,0.021,0.012,20.150,185535.938,6.817,52.000
0.057,0.000,0.007,23.642,13668.719,-1.227,52.000
0.051,0.002,0.009,22.423,155600.969,3.038,52.000
0.042,0.001,0.012,17.732,153818.656,1.106,52.000
0.050,0.022,0.010,20.519,155817.344,6.047,52.000
0.044,0.000,0.006,23.418,22378.180,0.886,52.000
0.051,0.021,0.012,19.123,176436.812,6.976,52.000
0.097,0.013,0.013,21.299,87909.242,3.611,52.000
0.051,0.010,0.010,16.108,163309.625,7.032,52.000
0.055,0.000,0.011,31.525,-5536.555,3.858,52.000
0.052,0.022,0.013,17.779,151134.031,6.902,52.000
0.051,0.011,0.011,16.911,162958.375,7.648,52.000
0.055,0.001,0.019,20.035,72581.102,2.457,52.000
0.043,0.001,0.014,16.947,138869.281,1.942,52.000
0.050,0.001,0.014,29.342,23752.336,-0.564,52.000
0.054,0.001,0.011,30.312,-16586.008,-0.423,52.000
0.052,0.015,0.012,19.423,175625.906,8.074,52.000
0.052,0.008,0.010,16.383,154878.875,4.323,52.000
0.049,0.009,0.014,22.335,160937.125,7.381,52.000
0.003,0.012,0.011,21.379,135370.625,2.869,52.000
0.050,0.020,0.014,20.282,122217.102,6.229,52.000
0.050,0.012,0.013,22.753,157758.562,7.712,52.000
0.045,0.000,0.018,24.761,-14804.547,-0.498,52.000
0.048,0.005,0.011,20.306,154377.906,2.627,52.000
0.052,0.004,0.011,21.834,161111.625,2.782,52.000
0.057,0.001,0.005,22.121,76398.367,1.468,52.000
0.052,0.002,0.014,22.360,168540.062,3.639,52.000
0.001,0.012,0.011,21.125,137317.781,1.898,52.000
0.054,0.000,0.012,33.752,-90077.117,-0.825,52.000
0.055,0.000,0.010,31.159,3531.461,1.307,52.000
0.050,0.019,0.013,19.290,172815.594,7.502,52.000
0.052,0.018,0.012,18.612,174880.000,8.005,52.000
0.054,0.001,0.012,22.393,109785.086,1.125,52.000
0.052,0.017,0.012,18.533,176500.781,7.775,52.000
0.049,0.000,0.009,27.169,-21643.227,2.323,52.000
0.050,0.015,0.011,19.467,176371.438,7.491,52.000
0.049,0.016,0.011,18.850,196085.062,7.650,52.000
0.051,0.001,0.019,20.364,103927.680,2.324,52.000
0.051,0.003,0.012,20.936,168192.781,2.831,52.000
0.051,0.003,0.013,17.810,190761.156,2.551,52.000
0.049,0.000,0.013,28.850,1562.805,1.340,52.000
0.052,0.002,0.011,22.408,159204.844,3.259,52.000
0.055,0.001,0.019,19.485,108488.555,2.787,52.000
0.097,0.011,0.012,20.224,91502.227,5.022,52.000
0.051,0.001,0.015,23.304,151822.250,3.065,52.000
0.049,0.021,0.011,20.285,169060.500,6.603,52.000
0.052,0.026,0.012,19.930,115932.117,6.569,52.000
0.044,0.001,0.020,20.854,95946.883,2.629,52.000
0.049,0.015,0.013,19.766,171335.906,8.051,52.000
0.098,0.011,0.013,20.046,100652.383,4.103,52.000
0.040,0.000,0.011,20.553,27005.680,-2.360,52.000
0.050,0.017,0.013,20.305,163026.469,7.496,52.000
0.057,0.001,0.010,20.017,123898.617,0.843,52.000
0.045,0.001,0.006,22.167,54542.633,1.683,52.000
0.050,0.026,0.010,21.862,152099.062,5.316,52.000
0.049,0.001,0.007,24.031,42129.727,1.874,52.000
0.051,0.016,0.013,19.724,176764.594,8.331,52.000
0.052,0.001,0.015,25.009,115930.336,1.488,52.000
0.051,0.005,0.014,19.981,185993.531,4.721,52.000
0.050,0.001,0.009,23.891,120541.648,2.607,52.000
0.053,0.002,0.018,20.184,121648.305,2.454,52.000
0.053,0.001,0.008,27.012,12917.531,0.877,52.000
0.050,0.001,0.006,21.767,99419.305,2.476,52.000
0.050,0.007,0.014,19.466,189524.000,6.266,52.000
0.053,0.002,0.017,20.686,126024.820,2.534,52.000
0.057,0.001,0.020,19.373,113101.195,2.982,52.000
0.051,0.007,0.011,19.807,120388.633,3.280,52.000
0.049,0.007,0.010,19.945,152099.312,3.944,52.000
0.042,0.000,0.011,22.905,-33179.828,-2.145,52.000
0.099,0.011,0.012,19.981,90595.070,5.366,52.000
0.051,0.026,0.011,21.391,147213.875,5.376,52.000
0.049,0.002,0.014,20.193,172912.438,1.675,52.000
0.055,0.001,0.020,18.644,105801.117,3.040,52.000
0.055,0.001,0.007,23.976,95949.430,1.648,52.000
0.051,0.001,0.006,22.037,101199.633,2.563,52.000
0.057,0.001,0.013,23.548,70649.320,0.247,52.000
0.048,0.003,0.011,21.574,161683.875,2.870,52.000
0.049,0.011,0.014,23.134,140381.031,6.890,52.000
0.053,0.002,0.015,23.138,141060.062,2.809,52.000
0.055,0.001,0.012,22.120,110179.867,0.898,52.000
0.052,0.017,0.011,18.705,185433.250,6.890,52.000
0.048,0.005,0.013,16.141,130317.742,3.116,52.000
0.099,0.012,0.010,20.435,64632.102,7.412,52.000
0.060,0.001,0.009,19.371,129538.367,0.063,52.000
0.052,0.000,0.005,23.446,35983.539,1.590,52.000
0.051,0.014,0.012,20.180,166789.406,8.205,52.000
0.052,0.001,0.022,19.153,58364.852,2.179,52.000
0.053,0.002,0.013,19.568,184198.938,2.619,52.000
0.057,0.000,0.014,25.915,15459.703,0.098,52.000
0.044,0.000,0.020,23.088,-32425.141,-0.662,52.000
0.098,0.013,0.011,21.242,70727.133,5.491,52.000
0.051,0.015,0.012,19.865,167520.688,8.357,52.000
0.042,0.001,0.007,21.351,149050.781,2.150,52.000
0.050,0.010,0.013,21.986,167976.062,7.878,52.000
0.053,0.001,0.005,24.146,26554.000,0.934,52.000
0.048,0.009,0.012,19.185,121522.398,5.552,52.000
0.048,0.003,0.013,15.989,164686.906,1.376,52.000
0.056,0.000,0.015,26.179,22483.359,-0.314,52.000
0.040,0.001,0.014,17.181,83426.883,0.481,52.000
0.050,0.011,0.009,14.117,154769.781,6.845,52.000
0.099,0.012,0.013,20.740,80166.086,3.629,52.000
0.049,0.004,0.014,18.394,163819.812,1.864,52.000
0.045,0.002,0.011,20.228,167018.656,2.543,52.000
0.098,0.013,0.012,21.231,73891.961,5.130,52.000
0.055,0.000,0.014,28.759,-55189.469,-0.918,52.000
0.049,0.003,0.013,16.842,169848.344,2.331,52.000
0.047,0.001,0.004,21.345,59957.805,0.944,52.000
0.048,0.026,0.012,21.261,165742.125,7.083,52.000
0.051,0.010,0.014,22.395,166046.375,7.543,52.000
0.049,0.001,0.006,22.124,87078.148,2.153,52.000
0.057,0.000,0.012,24.895,22534.047,-0.522,52.000
0.002,0.013,0.012,23.473,128759.992,4.298,52.000
0.048,0.008,0.014,20.289,161848.219,6.195,52.000
0.047,0.002,0.009,20.453,171758.281,3.554,52.000
0.053,0.001,0.006,24.365,37677.555,1.079,52.000
0.051,0.003,0.013,17.724,190174.625,2.711,52.000
0.051,0.020,0.012,18.246,179242.781,7.605,52.000
0.056,0.000,0.014,27.316,19632.125,-0.082,52.000
0.050,0.006,0.013,19.057,153223.469,4.921,52.000
0.045,0.001,0.011,20.530,173558.094,2.744,52.000
0.041,0.001,0.014,17.552,95512.977,0.726,52.000
0.053,0.001,0.016,22.555,135629.281,2.213,52.000
0.002,0.013,0.013,23.936,81783.023,5.709,52.000
0.050,0.006,0.013,18.807,158314.406,4.456,52.000
0.050,0.006,0.012,18.800,134361.812,3.097,52.000
0.056,0.000,0.010,23.250,-24464.539,-1.155,52.000
0.049,0.015,0.014,20.169,128847.836,6.644,52.000
0.048,0.024,0.012,21.387,175449.250,6.670,52.000
0.052,0.000,0.003,22.925,13345.367,0.469,52.000
0.051,0.005,0.012,19.986,146871.625,2.670,52.000
0.048,0.010,0.014,22.018,148006.750,7.269,52.000
0.059,0.001,0.010,23.302,36947.727,-0.527,52.000
0.053,0.001,0.013,28.242,60345.320,0.489,52.000
0.059,0.000,0.013,21.701,40934.664,1.739,52.000
0.051,0.019,0.011,19.227,175859.062,6.755,52.000
0.098,0.014,0.013,21.831,82341.664,3.221,52.000
0.050,0.022,0.012,19.107,166603.469,6.840,52.000
0.049,0.000,0.007,24.485,10891.508,0.568,52.000
0.049,0.019,0.011,20.007,196356.875,7.030,52.000
0.050,0.018,0.013,19.892,171789.281,7.684,52.000
0.058,0.000,0.007,24.187,35095.633,0.880,52.000
0.051,0.002,0.010,22.520,158122.875,2.955,52.000
0.049,0.001,0.002,18.584,107243.727,0.806,52.000
0.060,0.001,0.006,19.966,127761.305,1.875,52.000
0.050,0.000,0.017,26.240,-82245.297,-1.569,52.000
0.049,0.023,0.011,21.438,164221.781,6.204,52.000
0.047,0.000,0.009,30.309,-49873.477,3.395,52.000
0.052,0.003,0.013,17.679,194142.875,2.934,52.000
0.051,0.016,0.012,19.754,181548.969,7.929,52.000
0.050,0.015,0.010,18.720,189590.844,6.884,52.000
0.049,0.008,0.010,17.529,146585.906,4.799,52.000
0.050,0.021,0.010,19.402,155656.812,6.770,52.000
0.050,0.022,0.013,18.986,154381.438,6.683,52.000
0.049,0.020,0.013,20.239,142266.781,6.810,52.000
0.040,0.001,0.015,19.062,13329.836,-0.873,52.000
0.047,0.001,0.011,21.941,132858.188,2.925,52.000
0.049,0.006,0.010,21.250,140515.531,3.412,52.000
0.048,0.008,0.014,18.778,156757.219,5.898,52.000
0.050,0.000,0.018,21.014,8676.047,-0.230,52.000
0.048,0.014,0.011,18.509,170792.594,7.226,52.000
0.049,0.001,0.015,28.616,48921.914,-0.072,52.000
0.048,0.001,0.007,21.725,121175.289,2.901,52.000
0.049,0.002,0.014,20.771,167629.594,2.186,52.000
0.050,0.002,0.017,23.119,133386.438,3.274,52.000
0.050,0.001,0.022,19.771,13042.172,1.387,52.000
0.044,0.000,0.007,22.656,4129.977,-0.097,52.000
0.048,0.001,0.022,19.913,65653.633,2.206,52.000
0.050,0.003,0.014,20.472,170955.000,2.563,52.000
0.048,0.002,0.013,16.772,173789.312,1.337,52.000
0.049,0.000,0.019,21.285,-10613.219,0.555,52.000
0.047,0.001,0.018,24.474,56052.836,0.514,52.000
0.057,0.000,0.009,26.519,11405.562,0.718,52.000
0.053,0.001,0.009,27.427,42434.195,1.080,52.000
0.048,0.020,0.012,20.106,187232.188,7.294,52.000
0.052,0.024,0.013,19.096,124935.320,6.384,52.000
0.050,0.027,0.012,20.928,129850.289,6.190,52.000
0.053,0.001,0.017,24.880,38481.945,0.205,52.000
0.041,0.001,0.016,20.992,93266.758,1.039,52.000
0.051,0.009,0.011,18.052,137048.344,5.727,52.000
0.058,0.001,0.011,18.773,121705.336,0.806,52.000
0.047,0.000,0.017,25.100,-29209.086,-2.493,52.000
0.043,0.001,0.008,22.348,142353.406,2.365,52.000
0.051,0.009,0.011,16.799,149739.062,6.073,52.000
0.050,0.001,0.002,19.244,100440.273,1.162,52.000
0.059,0.001,0.010,22.091,53990.711,-0.216,52.000
0.051,0.001,0.006,21.959,106560.164,2.198,52.000
0.050,0.006,0.011,21.206,127133.305,3.119,52.000
0.050,0.012,0.014,23.548,143149.719,6.888,52.000
0.050,0.015,0.012,20.124,170528.156,8.290,52.000
0.050,0.014,0.014,21.380,126001.633,6.504,52.000
0.049,0.007,0.012,17.262,127912.742,3.887,52.000
0.043,0.000,0.012,24.566,-73904.250,-3.139,52.000
0.050,0.014,0.014,20.949,124075.258,6.546,52.000
0.051,0.013,0.011,18.959,170271.906,7.445,52.000
0.042,0.001,0.017,26.384,11075.789,-1.043,52.000
0.050,0.013,0.011,18.801,182552.938,7.730,52.000
0.049,0.010,0.014,22.649,152179.938,7.227,52.000
0.052,0.012,0.010,15.781,170990.344,6.741,52.000
0.049,0.008,0.010,17.824,153978.188,4.423,52.000
0.042,0.001,0.007,21.668,142453.000,2.100,52.000
0.047,0.000,0.012,30.469,-86752.297,-1.917,52.000
0.050,0.012,0.011,16.632,155150.594,7.694,52.000
0.000,0.013,0.012,23.209,18888.969,5.651,52.000
0.049,0.021,0.012,20.146,182261.156,6.623,52.000
0.049,0.026,0.011,22.332,163848.688,5.954,52.000
0.053,0.002,0.015,23.113,145928.594,3.005,52.000
0.051,0.021,0.014,19.383,122818.242,6.478,52.000
0.002,0.012,0.012,21.971,129108.102,3.386,52.000
0.049,0.001,0.018,22.369,105829.664,2.043,52.000
0.055,0.001,0.007,23.253,104541.914,2.191,52.000
0.048,0.003,0.010,21.931,167412.406,2.809,52.000
0.048,0.001,0.015,27.632,78605.508,0.288,52.000
0.049,0.012,0.012,19.210,184927.688,8.184,52.000
0.051,0.024,0.010,20.681,143145.594,5.342,52.000
0.051,0.011,0.011,18.325,183319.781,7.867,52.000
0.049,0.000,0.020,19.859,24086.594,1.358,52.000
0.043,0.001,0.007,23.521,53121.914,1.488,52.000
0.045,0.001,0.004,19.243,123802.008,2.248,52.000
0.048,0.004,0.011,21.120,160518.594,2.981,52.000
0.099,0.013,0.012,21.723,63232.320,3.032,52.000
0.048,0.020,0.012,20.089,192733.125,6.989,52.000
0.051,0.012,0.010,14.250,156673.500,6.704,52.000
0.046,0.002,0.016,23.272,137277.844,2.884,52.000
0.052,0.001,0.019,21.395,14315.578,1.026,52.000
0.058,0.001,0.012,19.874,94955.148,1.676,52.000
0.051,0.027,0.012,15.696,230813.781,7.044,52.000
0.049,0.019,0.011,19.215,199969.531,7.406,52.000
0.100,0.013,0.013,21.797,5278.539,3.465,52.000
0.052,0.021,0.013,18.283,154203.375,7.135,52.000
0.057,0.001,0.007,23.286,96691.148,1.126,52.000
0.046,0.001,0.005,20.618,111893.992,2.102,52.000
0.057,0.001,0.007,23.250,98019.945,1.143,52.000
0.049,0.020,0.011,19.705,181151.844,6.971,52.000
0.049,0.007,0.013,17.975,141475.125,5.519,52.000
0.048,0.026,0.014,22.087,94587.383,5.577,52.000
0.050,0.011,0.013,23.066,164859.812,7.966,52.000
0.048,0.001,0.014,19.459,172489.750,1.439,52.000
0.048,0.009,0.012,18.676,121009.008,5.611,52.000
0.049,0.019,0.011,19.814,193885.875,6.935,52.000
0.049,0.000,0.011,27.915,-52065.691,-1.821,52.000
0.057,0.000,0.019,20.961,-94.625,2.128,52.000
0.051,0.000,0.022,16.201,-10547.305,2.005,52.000
0.056,0.001,0.005,20.338,123985.539,2.417,52.000
0.057,0.001,0.007,25.573,41286.180,0.279,52.000
0.052,0.001,0.009,23.999,115968.445,2.330,52.000
0.050,0.025,0.012,20.284,160639.000,6.846,52.000
0.050,0.018,0.012,19.409,189425.719,7.808,52.000
0.051,0.020,0.014,19.385,127291.336,6.559,52.000
0.051,0.018,0.011,18.874,185536.000,7.202,52.000
0.052,0.003,0.012,19.412,174489.438,2.940,52.000
0.048,0.015,0.011,18.396,186700.375,7.331,52.000
0.050,0.024,0.014,20.061,110409.992,5.886,52.000
0.049,0.018,0.012,20.508,195476.438,7.221,52.000
0.047,0.002,0.012,18.050,180145.469,2.389,52.000
0.049,0.001,0.002,18.071,117692.445,0.897,52.000
0.051,0.019,0.012,18.576,178252.375,7.696,52.000
0.048,0.001,0.022,20.340,57788.008,1.917,52.000
0.048,0.001,0.004,20.339,96176.164,1.471,52.000
0.051,0.020,0.014,19.642,125331.258,6.455,52.000
0.051,0.013,0.014,22.986,144098.594,6.610,52.000
0.045,0.001,0.010,20.759,168646.562,2.770,52.000
0.049,0.018,0.013,20.503,171936.562,7.535,52.000
0.042,0.001,0.007,21.388,145068.344,2.622,52.000
0.053,0.001,0.012,19.868,174492.688,2.660,52.000
0.048,0.007,0.013,17.418,120355.305,5.261,52.000
0.051,0.024,0.011,20.571,151680.688,5.702,52.000
0.045,0.001,0.018,25.343,92910.930,1.003,52.000
0.048,0.001,0.018,21.404,118692.102,2.702,52.000
0.050,0.001,0.016,23.745,138574.156,2.922,52.000
0.098,0.011,0.012,19.704,91603.305,5.507,52.000
0.049,0.004,0.012,17.958,159152.562,2.947,52.000
0.058,0.001,0.011,17.736,124326.664,1.374,52.000
0.052,0.014,0.012,19.507,165427.000,7.908,52.000
0.051,0.010,0.012,20.109,190519.031,8.116,52.000
0.051,0.017,0.013,19.304,180211.156,8.185,52.000
0.040,0.001,0.012,18.544,129206.664,-0.385,52.000
0.050,0.023,0.014,20.128,105337.508,5.737,52.000
0.052,0.005,0.012,18.868,162109.062,3.130,52.000
0.058,0.000,0.012,22.639,36859.664,1.586,52.000
0.057,0.001,0.007,22.359,107552.414,1.403,52.000
0.051,0.027,0.014,22.245,48580.680,5.332,52.000
0.048,0.002,0.013,16.801,177958.000,1.998,52.000
0.048,0.009,0.014,21.213,154467.312,6.729,52.000
0.044,0.000,0.007,23.221,-27492.156,-1.094,52.000
0.055,0.001,0.020,18.519,103346.367,3.084,52.000
0.055,0.001,0.018,20.915,105849.055,2.246,52.000
0.045,0.001,0.017,23.786,131059.445,2.659,52.000
0.045,0.000,0.009,26.133,-26715.703,1.989,52.000
0.056,0.000,0.012,31.364,-21465.797,-0.582,52.000
0.047,0.001,0.012,18.468,175709.156,2.272,52.000
0.098,0.010,0.012,19.117,89640.648,6.125,52.000
0.050,0.000,0.008,27.461,-94730.805,-0.012,52.000
0.098,0.013,0.013,22.014,94005.961,2.459,52.000
0.098,0.012,0.011,20.188,71925.898,6.524,52.000
0.052,0.000,0.018,25.010,-62638.828,-0.235,52.000
0.052,0.008,0.014,21.569,183049.281,7.167,52.000
0.042,0.000,0.012,22.327,1217.898,-1.076,52.000
0.047,0.001,0.004,19.048,116107.258,1.777,52.000
0.057,0.001,0.015,23.696,79015.664,0.805,52.000
0.047,0.000,0.017,26.491,-9040.945,-2.305,52.000
0.050,0.014,0.014,21.136,136096.438,6.779,52.000
0.051,0.015,0.013,20.564,145768.406,7.541,52.000
0.050,0.007,0.014,20.014,180998.188,6.001,52.000
0.048,0.009,0.011,18.673,115044.148,6.154,52.000
0.049,0.027,0.014,24.098,101290.555,5.432,52.000
0.044,0.001,0.016,24.445,123514.414,1.963,52.000
0.050,0.010,0.013,21.869,166563.812,7.724,52.000
0.049,0.014,0.014,20.885,128178.992,6.664,52.000
0.052,0.009,0.012,20.143,153457.219,7.204,52.000
0.052,0.026,0.012,19.467,123899.258,6.820,52.000
0.055,0.001,0.016,23.457,113795.977,1.197,52.000
0.051,0.001,0.005,20.657,108851.414,2.026,52.000
0.051,0.014,0.013,20.200,164667.156,8.137,52.000
0.040,0.000,0.010,18.497,-25778.727,0.729,52.000
0.049,0.000,0.009,26.827,6169.906,1.512,52.000
0.049,0.001,0.006,21.524,101203.492,2.755,52.000
0.048,0.001,0.011,21.561,158570.688,2.786,52.000
0.002,0.013,0.011,21.168,145513.000,2.469,52.000
0.056,0.002,0.017,20.393,127635.023,2.374,52.000
0.050,0.005,0.010,21.631,151699.875,2.466,52.000
0.043,0.000,0.010,23.288,7331.453,-0.887,52.000
0.049,0.007,0.012,17.864,120468.898,3.928,52.000
0.051,0.020,0.011,19.303,169776.312,6.554,52.000
0.051,0.026,0.013,20.940,119009.977,6.000,52.000
0.051,0.010,0.012,19.932,175643.219,8.020,52.000
0.048,0.005,0.012,17.117,150357.906,3.111,52.000
0.052,0.017,0.013,19.173,159011.969,7.917,52.000
0.047,0.000,0.009,29.305,-46026.367,2.980,52.000
0.048,0.000,0.009,28.873,-27641.469,3.676,52.000
0.049,0.017,0.014,19.869,122388.742,6.131,52.000
0.047,0.000,0.002,18.605,-24686.773,2.946,52.000
0.055,0.000,0.003,23.898,-38144.586,-0.153,52.000
0.049,0.000,0.004,22.354,16859.398,0.897,52.000
0.042,0.001,0.014,20.116,91706.680,0.482,52.000
0.050,0.023,0.012,19.262,168263.750,7.075,52.000
0.040,0.001,0.012,18.517,125839.742,-0.583,52.000
0.051,0.011,0.010,14.233,163835.500,6.713,52.000
0.060,0.000,0.011,26.702,30380.430,1.378,52.000
0.050,0.000,0.017,25.153,-70022.414,-1.692,52.000
0.050,0.016,0.012,20.273,188297.406,8.026,52.000
0.051,0.000,0.012,31.741,-62852.895,-1.078,52.000
0.058,0.001,0.006,22.856,87705.117,0.538,52.000
0.048,0.001,0.004,19.468,105984.664,1.861,52.000
0.053,0.002,0.018,20.715,123605.242,2.832,52.000
0.052,0.005,0.014,19.417,186829.406,4.772,52.000
0.051,0.007,0.011,18.974,124757.570,3.499,52.000
0.051,0.021,0.013,19.309,133139.812,6.616,52.000
0.050,0.012,0.013,22.527,154576.562,7.751,52.000
0.051,0.010,0.013,22.665,175245.719,8.184,52.000
0.048,0.000,0.004,23.116,49083.258,2.715,52.000
0.056,0.001,0.013,20.433,151836.906,2.538,52.000
0.056,0.001,0.007,23.785,83133.305,0.801,52.000
0.055,0.001,0.017,20.997,122838.602,2.356,52.000
0.046,0.002,0.012,17.928,170242.062,2.317,52.000
0.052,0.008,0.012,19.335,135399.594,5.599,52.000
0.049,0.010,0.010,15.706,151270.312,6.297,52.000
0.048,0.011,0.012,19.341,154518.375,6.896,52.000
0.043,0.001,0.007,21.471,146793.000,2.815,52.000
0.049,0.002,0.014,20.856,173379.562,1.916,52.000
0.051,0.001,0.020,19.555,87750.727,2.322,52.000
0.049,0.015,0.014,20.354,131047.680,6.640,52.000
0.042,0.001,0.018,22.939,94017.711,1.204,52.000
0.048,0.025,0.012,21.144,171958.031,6.945,52.000
0.049,0.001,0.018,22.056,96319.211,1.668,52.000
0.049,0.019,0.012,20.206,194347.688,7.205,52.000
0.054,0.000,0.018,23.428,-47100.277,-0.359,52.000
0.050,0.024,0.010,21.139,151076.000,5.824,52.000
0.052,0.000,0.018,24.212,-66047.766,-0.044,52.000
0.049,0.000,0.007,26.644,-39218.668,0.378,52.000
0.048,0.004,0.014,17.882,157645.375,0.707,52.000
0.054,0.000,0.012,30.684,16302.914,1.319,52.000
0.050,0.000,0.014,29.081,11945.641,0.118,52.000
0.045,0.001,0.016,24.161,127436.039,2.307,52.000
0.060,0.000,0.013,17.861,90305.945,3.061,52.000
0.050,0.007,0.009,19.226,158661.344,3.636,52.000
0.044,0.000,0.019,22.367,-69666.703,-0.846,52.000
0.052,0.023,0.013,19.238,119387.820,6.112,52.000
0.055,0.001,0.012,27.355,39201.195,-0.259,52.000
0.039,0.000,0.013,19.799,16600.852,-1.935,52.000
0.048,0.001,0.017,23.104,131605.562,3.277,52.000
0.045,0.001,0.007,21.285,128787.633,3.118,52.000
0.051,0.006,0.012,19.130,140601.406,3.689,52.000
0.045,0.000,0.003,16.950,108131.461,2.803,52.000
0.049,0.007,0.014,18.330,154221.781,4.988,52.000
0.051,0.006,0.012,17.973,147967.312,3.586,52.000
0.049,0.014,0.011,18.616,170783.062,6.912,52.000
0.050,0.007,0.014,19.799,194263.281,6.585,52.000
0.048,0.000,0.008,26.374,-61491.230,0.818,52.000
0.043,0.000,0.017,23.066,34417.898,-1.798,52.000
0.049,0.000,0.018,22.298,17811.656,0.007,52.000
0.053,0.001,0.005,21.571,107196.867,2.198,52.000
0.051,0.018,0.012,19.302,186504.281,7.562,52.000
0.049,0.014,0.014,20.388,123867.336,6.437,52.000
0.053,0.001,0.018,23.062,54592.383,0.915,52.000
0.047,0.000,0.009,27.031,-82661.250,0.603,52.000
0.051,0.021,0.011,18.805,160030.125,6.687,52.000
0.053,0.000,0.007,24.826,27030.242,0.693,52.000
0.049,0.023,0.014,20.272,121053.914,6.090,52.000
0.046,0.001,0.007,21.277,126253.898,3.154,52.000
0.050,0.026,0.012,20.998,160799.812,6.695,52.000
0.046,0.001,0.007,22.165,127797.977,2.816,52.000
0.051,0.001,0.002,20.619,24988.570,-0.136,52.000
0.051,0.015,0.012,20.216,167887.062,8.358,52.000
0.052,0.000,0.013,30.262,-34705.750,-2.075,52.000
0.048,0.026,0.013,21.308,158695.281,7.131,52.000
0.050,0.001,0.021,20.236,52052.430,1.646,52.000
0.041,0.001,0.009,19.251,139484.750,0.784,52.000
0.051,0.001,0.018,22.086,95856.945,1.621,52.000
0.054,0.000,0.021,18.486,-60374.398,0.766,52.000
0.051,0.002,0.016,23.658,137746.719,3.098,52.000
0.044,0.001,0.009,22.586,115182.711,1.855,52.000
0.048,0.004,0.013,16.229,148039.219,1.287,52.000
0.045,0.002,0.017,23.295,135963.906,2.923,52.000
0.050,0.010,0.014,23.192,151132.188,7.080,52.000
0.049,0.002,0.009,21.913,162027.906,3.370,52.000
0.051,0.016,0.012,20.116,183297.500,7.604,52.000
0.051,0.004,0.014,19.822,172073.906,2.939,52.000
0.057,0.000,0.012,25.701,6966.039,-0.073,52.000
0.099,0.012,0.011,20.125,55045.461,6.914,52.000
0.056,0.001,0.020,20.665,64075.727,1.841,52.000
0.050,0.003,0.009,21.793,162893.000,2.920,52.000
0.050,0.026,0.013,20.637,129937.789,6.222,52.000
0.047,0.000,0.020,20.488,-18776.297,1.345,52.000
0.052,0.013,0.012,20.220,162853.750,7.688,52.000
0.058,0.001,0.006,21.811,98973.930,0.724,52.000
0.050,0.013,0.014,22.388,146257.438,7.079,52.000
0.053,0.001,0.006,23.383,96842.430,2.431,52.000
0.001,0.010,0.012,22.857,86399.383,4.450,52.000
0.048,0.011,0.011,17.003,140147.125,7.253,52.000
0.050,0.026,0.011,20.812,159385.188,6.250,52.000
0.057,0.001,0.020,18.242,124294.367,3.272,52.000
0.050,0.027,0.011,22.021,155646.156,5.302,52.000
0.054,0.001,0.012,21.135,152330.375,2.646,52.000
0.043,0.001,0.006,20.812,131109.188,2.129,52.000
0.048,0.002,0.007,21.172,106780.820,2.941,52.000
0.053,0.001,0.019,21.200,50260.742,1.505,52.000
0.049,0.009,0.012,19.379,136407.125,5.795,52.000
0.050,0.026,0.010,22.324,152091.250,5.650,52.000
0.053,0.000,0.020,19.326,-18902.531,0.175,52.000
0.051,0.002,0.010,22.553,160561.875,3.144,52.000
0.058,0.001,0.018,21.176,82436.180,1.843,52.000
0.050,0.023,0.011,20.532,160969.031,6.156,52.000
0.044,0.001,0.013,17.273,142037.531,2.283,52.000
0.049,0.010,0.013,21.173,152929.906,7.290,52.000
0.059,0.001,0.007,19.569,129926.508,1.698,52.000
0.053,0.001,0.012,20.411,169979.656,2.886,52.000
0.001,0.012,0.013,23.505,77878.055,5.459,52.000
0.039,0.000,0.012,19.152,15023.859,-0.229,52.000
0.048,0.011,0.013,19.826,151021.875,7.197,52.000
0.048,0.001,0.016,25.937,105428.773,2.011,52.000
0.049,0.020,0.012,19.909,190088.438,6.830,52.000
0.050,0.025,0.014,20.524,109924.602,5.762,52.000
0.049,0.008,0.014,20.388,167846.594,6.245,52.000
0.100,0.013,0.011,22.673,-85219.359,7.079,52.000
0.057,0.001,0.008,23.517,86468.586,0.531,52.000
0.048,0.001,0.012,19.196,168271.156,2.268,52.000
0.050,0.009,0.014,23.179,159213.344,7.137,52.000
0.051,0.000,0.014,29.123,-15647.453,1.073,52.000
0.053,0.001,0.002,22.440,-25573.297,-0.046,52.000
0.052,0.006,0.013,19.588,184414.250,4.844,52.000
0.058,0.000,0.017,20.994,-28085.852,1.482,52.000
0.059,0.001,0.009,19.128,133014.875,0.764,52.000
0.050,0.002,0.018,21.862,125651.117,3.132,52.000
0.044,0.002,0.012,18.521,165239.000,2.366,52.000
0.049,0.003,0.012,20.062,172457.500,3.213,52.000
0.048,0.012,0.012,19.241,178116.312,7.959,52.000
0.002,0.011,0.012,22.643,95374.680,4.271,52.000
0.049,0.013,0.013,21.003,153600.656,7.617,52.000
0.046,0.001,0.010,20.613,169890.000,3.208,52.000
0.043,0.001,0.006,20.356,133843.594,2.719,52.000
0.047,0.001,0.004,20.398,102793.883,1.486,52.000
0.051,0.001,0.007,22.606,110673.711,2.817,52.000
0.055,0.001,0.008,23.896,95467.227,1.995,52.000
0.050,0.024,0.013,19.816,134349.156,6.085,52.000
0.059,0.000,0.010,24.774,30513.633,-0.406,52.000
0.055,0.000,0.020,21.852,-45564.395,1.667,52.000
0.059,0.001,0.018,20.937,143377.688,1.727,52.000
0.039,0.001,0.012,17.987,112986.789,-1.004,52.000
0.047,0.000,0.011,29.037,-75997.875,-0.415,52.000
0.052,0.001,0.013,27.714,51362.992,0.335,52.000
0.050,0.002,0.018,21.119,115108.648,2.759,52.000
0.052,0.001,0.006,22.940,86727.055,1.922,52.000
0.050,0.001,0.002,19.560,98135.508,1.074,52.000
0.097,0.012,0.012,20.930,79187.477,5.145,52.000
0.045,0.000,0.015,28.372,-96342.766,-2.889,52.000
0.049,0.004,0.011,20.508,158278.125,2.785,52.000
0.044,0.000,0.011,21.836,17077.859,0.313,52.000
0.044,0.001,0.008,21.816,149513.812,3.263,52.000
0.049,0.006,0.010,21.199,149750.844,3.322,52.000
0.050,0.014,0.014,21.731,145484.656,7.158,52.000
0.049,0.007,0.010,19.172,150861.562,4.201,52.000
0.049,0.001,0.004,20.315,95581.617,1.472,52.000
0.050,0.000,0.009,34.283,-57039.625,3.975,52.000
0.057,0.000,0.012,24.342,65494.727,0.699,52.000
0.051,0.025,0.011,19.966,150006.688,6.075,52.000
0.049,0.020,0.012,19.786,181211.781,7.103,52.000
0.052,0.023,0.012,18.250,142911.219,6.704,52.000
0.055,0.001,0.011,23.009,108315.305,0.800,52.000
0.053,0.002,0.012,19.846,178968.938,2.671,52.000
0.051,0.000,0.014,28.894,16560.078,-1.959,52.000
0.050,0.003,0.012,18.883,179319.656,2.892,52.000
0.049,0.003,0.012,18.920,179071.969,3.110,52.000
0.051,0.000,0.022,19.590,-12843.148,2.677,52.000
0.044,0.001,0.016,26.922,42845.883,-0.899,52.000
0.050,0.020,0.014,20.430,123557.648,6.325,52.000
0.050,0.023,0.010,20.538,150820.594,5.920,52.000
0.047,0.002,0.012,17.861,179406.781,2.247,52.000
0.045,0.001,0.018,23.417,127979.367,2.627,52.000
0.049,0.008,0.010,18.193,154281.312,4.742,52.000
0.053,0.001,0.019,21.934,51629.086,1.479,52.000
0.054,0.000,0.012,30.379,-91177.617,-1.839,52.000
0.042,0.000,0.006,19.458,-7663.898,3.616,52.000
0.053,0.001,0.011,23.806,93942.773,1.997,52.000
0.048,0.001,0.021,20.166,75775.539,2.156,52.000
0.051,0.007,0.011,19.857,130699.367,3.471,52.000
0.051,0.010,0.012,21.057,188848.312,8.118,52.000
0.050,0.001,0.017,22.148,125869.117,2.904,52.000
0.059,0.001,0.008,25.049,22190.180,-1.201,52.000
0.052,0.000,0.005,25.012,-1030.734,0.982,52.000
0.044,0.000,0.020,21.433,-54602.785,0.770,52.000
0.042,0.001,0.012,18.847,149586.906,0.948,52.000
0.048,0.012,0.013,20.186,148654.688,7.755,52.000
0.050,0.023,0.014,20.019,125564.273,6.080,52.000
0.050,0.014,0.013,20.179,167385.938,7.820,52.000
0.042,0.001,0.014,17.480,111485.477,1.051,52.000
0.053,0.001,0.004,21.254,80906.742,1.620,52.000
0.049,0.016,0.014,19.888,147356.750,6.970,52.000
0.049,0.014,0.012,19.846,162238.250,7.878,52.000
0.052,0.000,0.017,23.711,-24777.719,0.305,52.000
0.051,0.004,0.014,19.725,176335.188,3.557,52.000
0.054,0.001,0.008,24.890,85849.961,1.584,52.000
0.044,0.001,0.018,23.338,130566.586,2.553,52.000
0.049,0.014,0.012,19.475,168794.375,7.809,52.000
0.049,0.015,0.014,20.176,141752.406,7.012,52.000
0.051,0.004,0.012,18.478,174266.594,3.136,52.000
0.049,0.010,0.014,22.347,146095.219,6.867,52.000
0.048,0.016,0.013,20.142,174437.625,7.993,52.000
0.051,0.000,0.017,25.944,-79127.195,-1.616,52.000
0.051,0.020,0.014,19.048,123268.367,6.887,52.000
0.051,0.017,0.014,20.547,135730.688,6.879,52.000
0.051,0.003,0.009,22.011,159737.344,2.780,52.000
0.052,0.026,0.013,20.316,116752.633,6.328,52.000
0.056,0.000,0.017,24.614,-53049.844,-0.083,52.000
0.054,0.001,0.019,19.314,100692.758,2.819,52.000
0.047,0.001,0.002,18.651,117046.258,0.934,52.000
0.053,0.000,0.016,26.406,-70338.547,-0.378,52.000
0.049,0.014,0.013,20.181,164967.469,7.776,52.000
0.058,0.000,0.014,22.665,36771.852,-0.194,52.000
0.052,0.010,0.013,21.889,182890.000,7.659,52.000
0.045,0.000,0.003,17.568,9267.180,1.776,52.000
0.051,0.001,0.022,18.726,28052.664,1.754,52.000
0.047,0.000,0.014,29.030,-80274.180,-2.948,52.000
0.051,0.013,0.012,20.039,164287.188,7.659,52.000
0.057,0.001,0.017,22.879,102224.742,1.636,52.000
0.050,0.004,0.014,18.825,170375.812,1.815,52.000
0.051,0.022,0.012,18.523,162043.906,6.979,52.000
0.048,0.000,0.007,21.406,27970.477,1.047,52.000
0.049,0.005,0.013,15.986,141222.344,2.418,52.000
0.052,0.000,0.012,29.273,29511.430,1.743,52.000
0.051,0.023,0.012,18.742,154189.344,6.784,52.000
0.050,0.015,0.012,19.782,173666.531,7.752,52.000
0.044,0.001,0.017,26.548,41466.023,-0.376,52.000
0.049,0.002,0.016,23.141,134975.062,3.309,52.000
0.046,0.002,0.016,23.555,136176.812,2.787,52.000
0.048,0.005,0.010,21.642,150457.250,2.877,52.000
0.049,0.000,0.008,27.780,-12871.508,3.783,52.000
0.050,0.003,0.014,20.815,167466.219,2.433,52.000
0.057,0.001,0.004,20.499,123312.930,2.441,52.000
0.041,0.000,0.016,22.842,13837.844,-2.884,52.000
0.049,0.025,0.010,22.305,156454.406,5.701,52.000
0.044,0.000,0.018,25.179,5826.289,-2.230,52.000
0.049,0.009,0.013,19.559,152984.812,7.005,52.000
0.051,0.024,0.013,18.806,140439.312,6.647,52.000
0.052,0.001,0.012,22.428,127609.961,2.639,52.000
0.054,0.001,0.017,24.592,20348.289,0.382,52.000
0.003,0.012,0.013,22.810,90521.008,4.955,52.000
0.049,0.000,0.016,24.988,50671.680,-1.362,52.000
0.048,0.002,0.015,22.951,143879.969,3.156,52.000
0.051,0.009,0.013,23.248,172244.219,7.910,52.000
0.048,0.006,0.011,19.997,149185.344,3.199,52.000
0.048,0.001,0.007,22.338,117549.305,2.737,52.000
0.050,0.006,0.012,18.514,132795.938,3.461,52.000
0.048,0.001,0.012,19.203,174840.875,2.338,52.000
0.049,0.007,0.015,19.942,177208.281,5.158,52.000
0.048,0.004,0.012,17.006,160524.719,2.801,52.000
0.048,0.001,0.004,19.273,109222.586,1.693,52.000
0.051,0.010,0.010,14.946,163348.188,6.568,52.000
0.057,0.001,0.011,21.513,102039.352,0.569,52.000
0.049,0.001,0.004,22.551,-84.547,0.473,52.000
0.049,0.024,0.014,20.607,127439.133,5.944,52.000
0.047,0.001,0.015,25.480,115166.711,0.782,52.000
0.052,0.009,0.011,17.840,148603.969,5.585,52.000
0.052,0.001,0.006,24.794,2070.422,0.929,52.000
0.047,0.000,0.021,18.919,-57818.516,1.086,52.000
0.051,0.001,0.008,26.060,25167.875,1.832,52.000
0.050,0.018,0.012,19.938,188968.875,7.617,52.000
0.052,0.011,0.011,18.838,178134.250,7.935,52.000
0.050,0.012,0.013,21.041,174607.781,8.258,52.000
0.050,0.010,0.014,23.233,155433.750,7.469,52.000
0.050,0.021,0.014,19.963,94678.930,5.702,52.000
0.050,0.024,0.011,20.758,159521.469,5.986,52.000
0.043,0.002,0.013,16.291,141128.125,2.202,52.000
0.044,0.000,0.005,21.954,29785.367,-0.964,52.000
0.049,0.000,0.006,24.065,17819.391,0.478,52.000
0.048,0.015,0.013,19.598,156822.781,7.861,52.000
0.049,0.026,0.011,22.472,161995.188,5.689,52.000
0.051,0.007,0.013,21.127,168530.500,5.548,52.000
0.000,0.013,0.012,24.427,72723.586,5.022,52.000
0.052,0.004,0.011,21.516,161922.875,2.732,52.000
0.057,0.001,0.007,23.057,90802.461,0.806,52.000
0.042,0.001,0.008,22.198,129819.898,1.571,52.000
0.050,0.024,0.014,20.312,123483.055,5.956,52.000
0.053,0.001,0.013,23.455,110462.883,1.382,52.000
0.042,0.000,0.007,20.822,62718.852,-0.951,52.000
0.058,0.001,0.013,18.784,120590.461,1.782,52.000
0.051,0.003,0.010,22.272,159426.281,2.828,52.000
0.045,0.001,0.013,18.284,130388.211,1.726,52.000
0.043,0.001,0.016,25.482,77248.867,-0.129,52.000
0.051,0.004,0.010,22.124,157455.938,2.330,52.000
0.050,0.023,0.011,20.097,165271.438,6.499,52.000
0.052,0.001,0.006,24.957,26432.477,1.017,52.000
0.054,0.000,0.006,24.203,39194.617,1.204,52.000
0.044,0.001,0.016,24.342,123539.836,2.263,52.000
0.045,0.000,0.018,22.645,-13757.867,-0.092,52.000
0.042,0.000,0.014,23.288,4175.172,-0.242,52.000
0.049,0.015,0.014,20.175,138071.875,6.948,52.000
0.050,0.008,0.010,18.841,125286.398,3.779,52.000
0.057,0.001,0.014,23.012,111027.320,1.313,52.000
0.045,0.002,0.009,20.598,166031.312,3.365,52.000
0.050,0.022,0.014,20.337,107143.227,5.745,52.000
0.049,0.010,0.012,19.597,160953.125,6.975,52.000
0.053,0.001,0.013,28.666,61822.961,0.615,52.000
0.052,0.001,0.016,26.976,68150.664,0.288,52.000
0.057,0.001,0.013,22.699,77561.180,0.076,52.000
0.056,0.000,0.004,20.656,117702.758,2.252,52.000
0.041,0.001,0.012,19.210,124511.695,-0.409,52.000
0.051,0.022,0.013,18.457,129929.023,6.561,52.000
0.049,0.016,0.010,18.095,197118.000,7.569,52.000
0.049,0.010,0.013,21.146,160204.656,7.594,52.000
0.056,0.001,0.017,20.438,126175.648,2.619,52.000
0.051,0.014,0.012,19.543,165340.562,7.542,52.000
0.049,0.014,0.011,19.367,173132.406,7.829,52.000
0.052,0.001,0.002,20.548,47931.680,0.292,52.000
0.049,0.001,0.016,23.521,135006.781,3.095,52.000
0.052,0.013,0.012,19.840,156915.844,7.681,52.000
0.051,0.012,0.010,15.187,163589.438,6.983,52.000
0.100,0.012,0.012,22.748,-57710.129,6.277,52.000
0.098,0.012,0.011,20.252,67952.148,6.738,52.000
0.048,0.012,0.014,22.423,140949.000,7.186,52.000
0.052,0.001,0.013,28.254,50729.023,0.724,52.000
0.044,0.001,0.007,21.653,140539.094,3.143,52.000
0.041,0.001,0.011,19.846,138981.969,0.163,52.000
0.050,0.015,0.014,20.238,121667.305,6.513,52.000
0.053,0.001,0.015,23.274,131487.625,1.728,52.000
0.050,0.000,0.015,29.667,-53716.910,-2.493,52.000
0.051,0.003,0.012,18.253,178639.531,2.751,52.000
0.051,0.024,0.014,20.232,118693.711,5.814,52.000
0.048,0.003,0.011,21.337,163462.781,2.915,52.000
0.047,0.001,0.021,21.643,42076.430,1.227,52.000
0.050,0.000,0.006,21.894,15408.883,0.679,52.000
0.098,0.013,0.012,21.343,78603.336,4.566,52.000
0.047,0.001,0.007,23.968,70403.102,2.020,52.000
0.050,0.019,0.014,20.208,111768.867,6.073,52.000
0.049,0.021,0.013,19.769,166449.469,7.040,52.000
0.050,0.001,0.017,23.045,132030.625,3.168,52.000
0.049,0.017,0.010,18.340,200965.375,7.880,52.000
0.055,0.000,0.012,31.049,-123474.641,-1.766,52.000
0.051,0.016,0.010,18.383,182859.719,7.188,52.000
0.053,0.001,0.014,22.334,168947.594,3.508,52.000
0.050,0.025,0.010,21.336,156013.188,5.626,52.000
0.050,0.020,0.014,20.060,114227.148,6.084,52.000
0.050,0.012,0.013,21.165,165387.844,7.968,52.000
0.044,0.000,0.005,18.546,8438.617,1.960,52.000
0.042,0.001,0.012,22.071,49487.055,-0.116,52.000
0.057,0.001,0.017,21.309,121710.023,1.994,52.000
0.055,0.000,0.016,24.775,-30585.352,-1.011,52.000
0.042,0.000,0.010,22.114,8598.875,1.244,52.000
0.048,0.023,0.012,20.442,170983.594,7.007,52.000
0.055,0.001,0.014,22.405,149065.188,2.542,52.000
0.048,0.023,0.012,20.718,178537.062,6.709,52.000
0.051,0.024,0.010,20.196,144210.906,5.438,52.000
0.058,0.000,0.017,19.940,804.008,0.147,52.000
0.048,0.000,0.020,21.781,968.227,0.347,52.000
0.059,0.000,0.008,23.548,1308.828,0.968,52.000
0.049,0.023,0.012,20.386,176125.531,6.993,52.000
0.048,0.009,0.013,19.669,154144.219,6.791,52.000
0.050,0.021,0.012,18.923,176595.562,7.034,52.000
0.049,0.017,0.012,20.439,191426.594,7.679,52.000
0.051,0.009,0.011,18.846,128154.617,5.691,52.000
0.043,0.001,0.020,22.096,94587.023,2.266,52.000
0.053,0.001,0.021,19.580,65203.445,2.273,52.000
0.051,0.013,0.013,21.793,155529.719,7.426,52.000
0.051,0.008,0.011,18.485,125961.602,5.335,52.000
0.047,0.001,0.009,22.825,132410.062,2.658,52.000
0.050,0.025,0.010,21.927,155687.344,5.719,52.000
0.051,0.001,0.017,22.378,126413.461,2.626,52.000
0.049,0.011,0.013,22.184,154488.156,7.546,52.000
0.050,0.026,0.011,21.473,159691.688,5.912,52.000
0.056,0.000,0.016,24.553,21551.680,-0.442,52.000
0.044,0.002,0.009,19.897,172411.031,3.260,52.000
0.055,0.001,0.008,25.954,58274.195,0.648,52.000
0.058,0.001,0.011,18.271,123758.008,1.154,52.000
0.048,0.023,0.012,21.302,176419.156,6.677,52.000
0.044,0.001,0.011,19.697,168073.531,2.241,52.000
0.051,0.001,0.011,22.798,132785.938,2.774,52.000
0.051,0.019,0.010,18.411,171075.719,7.358,52.000
0.048,0.023,0.011,21.386,165710.594,6.397,52.000
0.044,0.001,0.016,25.923,64806.477,0.095,52.000
0.049,0.009,0.012,19.161,132531.625,5.798,52.000
0.048,0.004,0.012,18.789,166829.875,3.327,52.000
0.050,0.013,0.014,21.792,135032.438,6.804,52.000
0.051,0.001,0.003,20.760,57434.148,0.844,52.000
0.044,0.001,0.005,20.772,101471.430,1.800,52.000
0.050,0.009,0.011,18.207,122689.633,5.442,52.000
0.043,0.001,0.020,21.300,97459.852,2.590,52.000
0.047,0.001,0.005,21.150,67668.680,1.322,52.000
0.098,0.012,0.012,21.245,90517.836,4.027,52.000
0.044,0.001,0.018,25.181,54995.023,0.497,52.000
0.047,0.002,0.011,21.171,173884.469,3.393,52.000
0.048,0.001,0.017,25.562,87429.648,1.422,52.000
0.049,0.002,0.007,21.832,115607.055,3.071,52.000
0.056,0.000,0.005,23.333,-8836.258,0.270,52.000
0.058,0.001,0.005,24.535,25378.445,0.350,52.000
0.049,0.007,0.013,18.316,136925.062,5.198,52.000
0.050,0.007,0.011,20.214,118804.758,3.267,52.000
0.046,0.001,0.019,21.791,119826.945,2.452,52.000
0.050,0.025,0.011,21.408,159786.375,5.912,52.000
0.049,0.016,0.011,19.942,196196.344,7.436,52.000
0.051,0.001,0.006,21.245,105175.055,2.191,52.000
0.049,0.007,0.014,18.577,165261.406,5.700,52.000
0.050,0.014,0.013,21.697,154115.719,7.440,52.000
0.050,0.009,0.011,18.363,137656.281,6.458,52.000
0.051,0.025,0.011,19.785,152686.531,6.420,52.000
0.048,0.002,0.010,21.346,169142.656,3.288,52.000
0.048,0.002,0.012,17.472,180851.969,2.595,52.000
0.058,0.001,0.006,24.936,38401.742,0.034,52.000
0.050,0.008,0.013,20.282,182242.531,6.755,52.000
0.054,0.001,0.017,22.829,112202.805,1.476,52.000
0.050,0.010,0.014,23.298,149714.125,6.731,52.000
0.048,0.020,0.012,20.032,190836.062,7.002,52.000
0.051,0.000,0.007,25.765,-24005.758,0.533,52.000
0.049,0.003,0.014,17.840,168339.438,0.619,52.000
0.051,0.001,0.020,20.875,30495.773,1.263,52.000
0.047,0.001,0.015,24.323,135177.438,0.384,52.000
0.059,0.001,0.011,16.939,125185.836,1.216,52.000
0.048,0.023,0.011,21.849,161886.969,6.321,52.000
0.049,0.008,0.013,19.071,165252.000,6.498,52.000
0.052,0.001,0.006,22.630,99613.977,2.269,52.000
0.052,0.000,0.018,23.066,-1062.195,0.180,52.000
0.049,0.002,0.005,20.489,96740.992,2.405,52.000
0.054,0.000,0.019,20.894,-40782.117,0.793,52.000
0.050,0.011,0.014,23.310,150486.406,7.098,52.000
0.045,0.001,0.014,20.037,121017.273,1.039,52.000
0.049,0.019,0.014,20.159,115126.945,6.195,52.000
0.057,0.001,0.020,18.566,121205.633,3.167,52.000
0.041,0.000,0.014,19.029,11118.938,-0.754,52.000
0.053,0.000,0.013,29.114,35954.930,0.673,52.000
0.050,0.013,0.013,20.278,161586.000,7.658,52.000
0.048,0.018,0.013,20.510,162941.375,7.227,52.000
0.051,0.025,0.010,21.089,148060.688,5.247,52.000
0.048,0.001,0.009,25.842,-10663.875,2.000,52.000
0.042,0.001,0.012,19.870,132042.938,1.002,52.000
0.051,0.027,0.012,24.719,66583.883,5.089,52.000
0.048,0.002,0.008,21.883,139389.188,3.119,52.000
0.042,0.001,0.017,25.841,-7793.539,-1.582,52.000
0.048,0.001,0.004,21.402,64641.164,1.069,52.000
0.045,0.001,0.008,22.467,130943.633,2.740,52.000
0.052,0.015,0.013,19.244,161690.594,8.197,52.000
0.042,0.000,0.009,19.789,44280.914,-0.088,52.000
0.051,0.023,0.010,20.119,145313.594,5.446,52.000
0.045,0.001,0.019,24.405,88910.758,1.055,52.000
0.050,0.025,0.014,20.530,126112.805,5.991,52.000
0.050,0.021,0.012,19.061,183324.688,7.025,52.000
0.048,0.011,0.012,19.735,154881.156,6.882,52.000
0.051,0.023,0.010,20.428,147533.406,5.449,52.000
0.040,0.001,0.009,21.214,58157.633,-0.002,52.000
0.045,0.002,0.015,23.176,135339.156,2.362,52.000
0.055,0.001,0.006,21.882,116280.789,2.950,52.000
0.043,0.001,0.007,22.356,135571.188,2.177,52.000
0.055,0.002,0.007,23.146,98170.992,2.196,52.000
0.050,0.005,0.010,22.213,139237.938,2.746,52.000
0.041,0.001,0.009,21.387,124965.273,1.121,52.000
0.052,0.001,0.021,18.751,2089.445,1.420,52.000
0.051,0.008,0.014,22.151,168717.594,6.859,52.000
0.049,0.004,0.014,19.815,174229.031,1.981,52.000
0.051,0.000,0.012,27.581,28026.961,-0.140,52.000
0.048,0.014,0.010,17.308,165481.500,6.731,52.000
0.051,0.025,0.013,20.027,113421.242,6.388,52.000
0.051,0.003,0.012,20.780,163816.156,2.677,52.000
0.051,0.010,0.013,21.596,170704.750,7.930,52.000
0.045,0.000,0.018,26.610,2941.008,-2.531,52.000
0.045,0.002,0.013,16.616,156288.250,2.158,52.000
0.055,0.001,0.017,23.189,100574.102,1.391,52.000
0.050,0.000,0.019,22.018,-39416.078,0.817,52.000
0.044,0.001,0.012,18.948,152575.156,2.141,52.000
0.049,0.000,0.004,19.847,-20815.289,1.921,52.000
0.053,0.001,0.013,21.968,143869.656,2.228,52.000
0.045,0.000,0.005,20.983,53389.508,-0.341,52.000
0.048,0.000,0.008,26.292,-17714.844,1.074,52.000
0.049,0.001,0.022,19.395,-11316.289,1.073,52.000
0.048,0.001,0.016,23.539,139408.562,3.010,52.000
0.098,0.011,0.012,19.792,83194.117,6.123,52.000
0.051,0.001,0.008,22.740,121994.336,2.947,52.000
0.057,0.001,0.005,22.779,78171.914,1.520,52.000
0.050,0.012,0.010,13.815,147164.656,7.024,52.000
0.052,0.001,0.010,27.201,34378.883,1.892,52.000
0.050,0.024,0.011,20.841,159791.906,6.028,52.000
0.044,0.001,0.011,23.071,71541.414,1.281,52.000
0.045,0.001,0.003,19.718,99007.695,1.063,52.000
0.043,0.001,0.005,19.863,139767.250,2.300,52.000
0.049,0.012,0.013,20.892,153876.219,8.042,52.000
0.053,0.001,0.017,25.809,-2700.758,-0.118,52.000
0.055,0.001,0.011,25.499,65714.102,-0.183,52.000
0.050,0.016,0.012,20.137,187556.531,7.512,52.000
0.045,0.001,0.005,22.004,25858.016,0.768,52.000
0.051,0.017,0.011,19.019,186336.312,7.233,52.000
0.050,0.002,0.009,22.230,140746.688,2.981,52.000
0.046,0.001,0.002,18.725,113854.617,0.920,52.000
0.045,0.001,0.007,22.741,110919.789,2.210,52.000
0.001,0.013,0.012,23.491,93454.445,4.573,52.000
0.052,0.023,0.012,18.174,151927.438,7.017,52.000
0.052,0.023,0.013,19.124,119858.133,6.218,52.000
0.050,0.002,0.015,21.643,160861.812,3.232,52.000
0.049,0.010,0.013,21.913,163636.656,7.659,52.000
0.051,0.013,0.013,20.089,167227.469,7.817,52.000
0.056,0.000,0.011,27.528,-63279.453,-0.825,52.000
0.049,0.005,0.010,22.023,151591.906,2.806,52.000
0.044,0.000,0.009,21.664,-7767.672,-0.111,52.000
0.056,0.000,0.006,23.917,25258.977,1.268,52.000
0.002,0.011,0.011,21.571,123505.664,2.473,52.000
0.052,0.014,0.012,19.782,162548.219,8.105,52.000
0.051,0.000,0.018,22.991,-27343.672,-0.790,52.000
0.050,0.002,0.013,16.275,182824.875,1.767,52.000
0.049,0.002,0.009,21.513,160972.750,3.467,52.000
0.048,0.007,0.012,17.164,135381.812,4.019,52.000
0.049,0.012,0.013,20.955,157827.812,8.001,52.000
0.051,0.006,0.010,21.162,144095.500,2.598,52.000
0.051,0.017,0.012,19.594,185359.906,7.809,52.000
0.051,0.013,0.014,23.088,138567.500,6.572,52.000
0.049,0.007,0.010,20.898,149721.438,3.688,52.000
0.048,0.012,0.012,19.306,173670.719,7.824,52.000
0.044,0.001,0.005,20.778,127204.523,2.133,52.000
0.049,0.019,0.011,19.468,191864.094,7.150,52.000
0.053,0.001,0.008,25.197,73987.555,1.466,52.000
0.054,0.002,0.014,22.035,158818.250,3.259,52.000
0.049,0.012,0.012,19.821,180099.719,8.202,52.000
0.061,0.001,0.014,18.643,149309.812,1.919,52.000
0.049,0.022,0.011,20.937,160979.469,6.226,52.000
0.051,0.001,0.021,19.935,60532.789,1.921,52.000
0.052,0.001,0.007,26.002,1652.664,0.582,52.000
0.048,0.000,0.002,17.399,33925.180,2.030,52.000
0.049,0.009,0.011,18.250,126512.977,6.122,52.000
0.052,0.012,0.012,20.313,177321.750,7.842,52.000
0.051,0.003,0.010,22.512,160109.750,2.757,52.000
0.051,0.004,0.012,18.361,173160.312,3.049,52.000
0.048,0.026,0.012,22.231,139708.250,6.649,52.000
0.055,0.001,0.015,24.364,90754.602,0.848,52.000
0.058,0.000,0.009,23.120,55213.836,0.272,52.000
0.050,0.015,0.010,18.368,187434.062,6.391,52.000
0.051,0.009,0.010,15.970,163485.938,5.076,52.000
0.098,0.011,0.011,19.433,77656.570,7.084,52.000
0.048,0.006,0.012,17.276,137571.438,3.857,52.000
0.049,0.009,0.010,16.681,161165.438,4.932,52.000
0.051,0.023,0.012,18.514,157600.969,6.945,52.000
0.049,0.012,0.014,23.441,137078.781,6.920,52.000
0.057,0.001,0.020,17.824,113150.305,3.128,52.000
0.050,0.012,0.012,19.831,179853.438,8.283,52.000
0.059,0.001,0.006,20.521,125412.477,1.586,52.000
0.049,0.005,0.014,19.445,173643.719,2.022,52.000
0.050,0.018,0.014,20.667,133759.500,6.528,52.000
0.048,0.011,0.012,19.528,158721.719,6.963,52.000
0.050,0.011,0.010,14.190,149687.469,6.950,52.000
0.049,0.004,0.013,16.008,150142.281,2.169,52.000
0.001,0.013,0.013,23.939,90168.148,4.830,52.000
0.051,0.009,0.013,22.970,179041.312,7.951,52.000
0.050,0.017,0.011,18.866,200599.031,7.536,52.000
0.047,0.001,0.014,20.210,171758.188,1.270,52.000
0.055,0.001,0.016,23.412,111568.930,1.165,52.000
0.044,0.001,0.018,26.187,36868.977,-0.036,52.000
0.051,0.025,0.011,20.327,152392.062,6.066,52.000
0.050,0.023,0.013,19.100,153117.719,6.731,52.000
0.049,0.013,0.013,21.630,152259.406,7.426,52.000
0.052,0.009,0.013,22.448,167390.625,7.505,52.000
0.050,0.015,0.014,20.548,132721.250,6.782,52.000
0.052,0.002,0.013,19.296,189956.656,2.836,52.000
-0.000,0.013,0.011,21.488,52014.070,11.607,52.000
0.051,0.023,0.014,20.156,110844.930,5.620,52.000
0.051,0.026,0.014,20.761,109295.336,6.054,52.000
0.050,0.006,0.014,19.343,186338.312,4.808,52.000
0.042,0.001,0.005,19.162,140403.750,2.395,52.000
0.050,0.025,0.013,20.387,137865.781,6.467,52.000
0.051,0.009,0.010,16.480,148423.750,5.113,52.000
0.049,0.021,0.010,20.059,164391.875,6.721,52.000
0.048,0.002,0.009,21.425,169534.031,3.535,52.000
0.051,0.018,0.011,18.731,177579.469,7.050,52.000
0.048,0.018,0.012,20.075,190134.406,7.463,52.000
0.042,0.001,0.016,24.861,25676.141,-0.795,52.000
0.050,0.012,0.011,18.886,184833.312,7.866,52.000
0.050,0.006,0.011,22.101,127285.352,2.761,52.000
0.048,0.001,0.015,27.388,71048.539,0.074,52.000
0.043,0.001,0.018,24.842,68267.633,0.675,52.000
0.051,0.020,0.013,18.494,157955.969,7.646,52.000
0.051,0.002,0.017,21.641,126242.977,2.948,52.000
0.043,0.001,0.011,22.476,69734.805,1.038,52.000
0.049,0.018,0.012,20.166,194449.969,7.310,52.000
0.054,0.001,0.014,28.166,61018.914,0.158,52.000
0.051,0.009,0.010,15.594,171072.188,5.062,52.000
0.052,0.000,0.004,23.743,-4155.484,0.266,52.000
0.051,0.001,0.005,21.474,101425.570,1.851,52.000
0.042,0.000,0.006,20.627,68898.805,-1.096,52.000
0.056,0.001,0.003,19.644,121270.352,2.779,52.000
0.052,0.025,0.011,18.980,144720.375,6.684,52.000
0.044,0.001,0.017,26.036,34799.992,-0.429,52.000
0.048,0.017,0.011,19.563,205221.531,7.644,52.000
0.052,0.003,0.012,21.587,162897.125,2.703,52.000
0.050,0.009,0.013,22.046,182230.875,7.402,52.000
0.049,0.015,0.010,18.287,185958.500,6.859,52.000
0.049,0.016,0.013,19.857,156355.219,7.543,52.000
0.051,0.009,0.010,15.239,172885.094,5.391,52.000
0.044,0.001,0.004,19.402,126085.164,1.768,52.000
0.048,0.017,0.012,20.518,191917.656,7.380,52.000
0.050,0.025,0.013,20.038,149328.625,6.833,52.000
0.048,0.000,0.015,28.000,61041.414,-1.146,52.000
0.049,0.014,0.013,19.831,160469.031,7.703,52.000
0.048,0.027,0.011,22.865,133497.125,6.132,52.000
0.050,0.012,0.011,18.658,185456.875,8.107,52.000
0.049,0.001,0.019,21.231,95026.852,1.913,52.000
0.051,0.009,0.014,22.689,167406.344,7.491,52.000
0.048,0.003,0.011,21.804,160483.875,2.743,52.000
0.049,0.001,0.005,21.659,71233.836,1.261,52.000
0.049,0.023,0.013,19.989,139229.781,6.586,52.000
0.048,0.021,0.014,20.207,129791.789,6.573,52.000
0.041,0.001,0.018,21.009,116255.414,2.005,52.000
0.048,0.005,0.012,16.961,150287.875,3.631,52.000
0.050,0.009,0.010,16.478,143270.375,6.160,52.000
0.050,0.024,0.012,20.088,166898.656,6.849,52.000
0.049,0.001,0.023,18.478,25266.000,1.914,52.000
0.052,0.008,0.013,21.745,160917.625,6.758,52.000
0.049,0.020,0.013,19.709,166191.938,6.932,52.000
0.050,0.006,0.012,18.342,133761.719,3.367,52.000
0.099,0.011,0.011,20.003,50046.289,7.030,52.000
0.049,0.020,0.011,19.961,193051.531,6.815,52.000
0.051,0.005,0.009,20.956,150231.688,2.707,52.000
0.049,0.007,0.012,17.863,118304.789,4.359,52.000
0.046,0.000,0.003,18.460,-10883.859,3.108,52.000
0.052,0.001,0.022,17.785,5878.367,1.868,52.000
0.056,0.001,0.005,20.887,119935.680,2.259,52.000
0.048,0.019,0.012,19.996,186481.281,7.428,52.000
0.051,0.025,0.013,19.131,145476.562,6.793,52.000
0.050,0.006,0.010,22.129,130550.164,2.746,52.000
0.049,0.019,0.011,19.185,190738.688,7.091,52.000
0.052,0.000,0.011,29.629,23110.641,1.137,52.000
0.044,0.002,0.010,19.849,168173.781,3.017,52.000
0.049,0.006,0.015,19.787,179322.656,5.079,52.000
0.051,0.023,0.013,19.022,134036.625,6.311,52.000
0.053,0.001,0.019,20.601,81899.805,1.926,52.000
0.048,0.006,0.011,20.347,142826.094,3.503,52.000
0.045,0.001,0.009,20.935,165271.906,2.998,52.000
0.051,0.020,0.013,18.801,135295.625,7.303,52.000
0.052,0.016,0.013,19.387,161835.531,7.741,52.000
0.047,0.001,0.009,21.521,152513.375,3.187,52.000
0.050,0.001,0.020,20.591,71663.086,1.838,52.000
0.049,0.008,0.011,19.197,119831.445,4.751,52.000
0.056,0.001,0.015,25.247,87558.773,0.237,52.000
0.050,0.014,0.012,20.089,165193.312,8.240,52.000
0.049,0.027,0.010,25.713,142234.750,4.804,52.000
0.052,0.001,0.015,23.065,164553.281,3.432,52.000
0.052,0.026,0.013,20.341,113671.352,6.352,52.000
0.052,0.009,0.013,23.156,172384.094,7.882,52.000
0.049,0.000,0.005,22.780,25283.797,0.594,52.000
0.052,0.010,0.013,22.655,172379.188,7.963,52.000
0.045,0.001,0.019,22.097,118579.523,2.370,52.000
0.041,0.001,0.012,18.245,121230.258,-0.181,52.000
0.052,0.001,0.020,20.643,69770.383,1.767,52.000
0.051,0.012,0.010,16.286,163707.812,7.280,52.000
0.049,0.011,0.012,19.137,177000.438,7.803,52.000
0.052,0.002,0.010,22.746,154332.375,2.830,52.000
0.051,0.018,0.011,18.601,188052.281,7.282,52.000
0.051,0.019,0.013,19.774,136600.469,6.948,52.000
0.051,0.011,0.012,20.076,192265.375,8.198,52.000
0.049,0.005,0.013,16.252,138171.531,2.867,52.000
0.050,0.024,0.012,19.435,164043.562,7.016,52.000
0.051,0.023,0.011,19.983,154694.750,6.193,52.000
0.045,0.000,0.007,23.943,16223.422,-0.195,52.000
0.050,0.002,0.015,22.413,155629.906,3.218,52.000
0.051,0.021,0.010,19.401,147425.062,6.187,52.000
0.048,0.008,0.011,19.830,134029.125,4.473,52.000
0.058,0.001,0.017,22.897,120912.727,0.885,52.000
0.098,0.012,0.013,22.143,97322.148,2.467,52.000
0.050,0.006,0.010,20.925,149155.938,2.905,52.000
0.049,0.001,0.020,20.791,60383.445,1.506,52.000
0.052,0.005,0.012,19.792,159664.469,2.886,52.000
0.054,0.000,0.009,25.548,-20410.633,0.298,52.000
0.050,0.025,0.012,20.102,159958.969,7.014,52.000
0.050,0.015,0.010,18.928,189496.531,6.889,52.000
0.056,0.000,0.008,24.837,45038.680,0.704,52.000
0.054,0.001,0.016,24.918,64319.180,0.508,52.000
0.049,0.013,0.010,16.019,141538.375,6.585,52.000
0.048,0.026,0.014,20.671,138851.375,6.261,52.000
0.051,0.001,0.009,23.490,123915.477,2.601,52.000
0.052,0.014,0.012,19.500,163048.625,8.088,52.000
0.048,0.006,0.013,16.337,124392.602,4.375,52.000
0.054,0.001,0.008,24.585,91785.133,1.776,52.000
0.054,0.001,0.003,20.223,110183.320,2.421,52.000
0.050,0.001,0.003,19.891,97640.039,1.290,52.000
0.098,0.011,0.013,20.995,101012.773,2.817,52.000
0.043,0.001,0.019,22.059,113343.992,2.294,52.000
0.048,0.025,0.013,20.377,157229.094,7.019,52.000
0.050,0.002,0.014,18.885,176569.812,1.442,52.000
0.057,0.000,0.017,21.780,-13590.914,0.427,52.000
0.050,0.001,0.012,21.296,166120.156,2.918,52.000
0.047,0.000,0.002,19.548,58640.820,-0.934,52.000
0.050,0.007,0.010,20.275,122027.852,3.235,52.000
0.043,0.000,0.009,23.391,13260.672,-0.263,52.000
0.002,0.012,0.012,23.137,96808.805,4.825,52.000
0.049,0.015,0.010,18.126,196272.188,7.244,52.000
0.060,0.001,0.014,19.149,160088.750,1.629,52.000
0.052,0.008,0.010,16.878,161192.062,3.577,52.000
0.048,0.002,0.013,17.746,179235.906,1.978,52.000
0.049,0.015,0.014,19.738,139392.562,7.015,52.000
0.051,0.017,0.014,20.472,129599.758,6.674,52.000
0.048,0.004,0.011,20.592,159925.281,2.896,52.000
0.052,0.002,0.011,22.704,155222.250,2.998,52.000
0.059,0.001,0.011,16.440,131209.344,1.071,52.000
0.057,0.001,0.016,23.327,103011.742,1.263,52.000
0.051,0.000,0.011,28.915,29432.664,-0.321,52.000
0.042,0.001,0.009,21.143,143297.750,1.944,52.000
0.051,0.001,0.017,24.894,100744.430,1.570,52.000
0.052,0.001,0.010,27.432,34704.352,1.585,52.000
0.042,0.000,0.007,18.996,19854.289,1.968,52.000
0.050,0.019,0.013,19.501,157177.812,7.414,52.000
0.048,0.001,0.010,22.795,127391.383,3.006,52.000
0.050,0.022,0.013,19.286,143629.188,6.644,52.000
0.053,0.002,0.017,21.360,127593.258,2.600,52.000
0.043,0.001,0.014,20.163,119621.273,0.793,52.000
0.049,0.003,0.012,18.490,181599.844,3.169,52.000
0.040,0.000,0.010,20.810,28664.023,-2.477,52.000
0.056,0.000,0.014,25.477,69254.055,0.642,52.000
0.050,0.010,0.011,16.695,144934.656,6.959,52.000
0.052,0.008,0.013,21.894,185437.750,7.546,52.000
0.050,0.023,0.012,19.143,169127.531,6.941,52.000
0.047,0.000,0.015,25.834,-20532.664,0.880,52.000
0.050,0.026,0.014,20.695,104273.211,5.744,52.000
0.051,0.003,0.013,17.517,185968.500,2.740,52.000
0.058,0.000,0.010,22.246,66124.445,-0.281,52.000
0.045,0.000,0.016,27.687,-33764.633,-3.095,52.000
0.049,0.023,0.013,19.647,146514.156,6.732,52.000
0.051,0.001,0.013,22.882,118868.836,1.395,52.000
0.042,0.000,0.007,21.435,70502.055,-0.580,52.000
0.043,0.001,0.020,21.166,101561.898,2.543,52.000
0.048,0.001,0.005,19.951,103464.898,2.034,52.000
0.050,0.012,0.010,16.187,151213.750,7.548,52.000
0.050,0.017,0.014,20.577,139144.375,6.740,52.000
0.050,0.001,0.001,20.077,35134.633,-0.111,52.000
0.048,0.001,0.011,23.386,115436.852,3.094,52.000
0.055,0.001,0.021,18.233,89147.352,3.035,52.000
0.052,0.025,0.012,18.939,123299.680,6.765,52.000
0.061,0.001,0.011,15.571,142464.656,1.101,52.000
0.042,0.000,0.006,20.367,80719.867,-0.894,52.000
0.044,0.001,0.019,23.027,96725.383,1.751,52.000
0.054,0.001,0.013,22.550,115567.977,1.127,52.000
0.052,0.003,0.012,19.058,181732.219,3.094,52.000
0.045,0.002,0.009,20.544,168045.938,3.529,52.000
0.042,0.001,0.015,19.401,107631.727,1.033,52.000
0.046,0.000,0.018,23.697,2593.750,-1.713,52.000
0.049,0.020,0.010,19.624,176473.469,7.199,52.000
0.049,0.007,0.012,17.955,123256.883,3.897,52.000
0.047,0.001,0.007,21.423,123351.227,3.127,52.000
0.059,0.001,0.012,18.320,108951.164,1.152,52.000
0.052,0.027,0.013,22.914,27612.273,4.900,52.000
0.049,0.009,0.013,20.727,173415.469,7.123,52.000
0.049,0.002,0.010,21.864,164853.500,3.292,52.000
0.050,0.014,0.014,21.648,144028.094,7.100,52.000
0.041,0.001,0.013,17.688,125987.789,0.388,52.000
0.050,0.006,0.009,20.343,157151.219,3.138,52.000
0.043,0.000,0.011,24.411,-3937.578,-1.142,52.000
0.044,0.000,0.020,21.773,-54231.621,-0.335,52.000
0.056,0.001,0.013,20.104,124689.383,2.121,52.000
0.048,0.016,0.012,20.305,188917.000,7.736,52.000
0.050,0.001,0.018,23.707,90334.820,1.354,52.000
0.051,0.011,0.014,22.367,161507.531,7.334,52.000
0.052,0.001,0.006,23.385,73861.727,2.001,52.000
0.057,0.000,0.007,22.478,-10398.461,-1.439,52.000
0.050,0.001,0.011,22.246,145642.281,3.004,52.000
0.042,0.000,0.012,22.881,-4505.266,-1.016,52.000
0.049,0.001,0.019,20.815,96397.086,2.195,52.000
0.048,0.020,0.011,20.216,189370.594,6.858,52.000
0.001,0.011,0.012,22.856,111846.352,3.388,52.000
0.047,0.001,0.006,22.515,73644.086,1.879,52.000
0.044,0.001,0.018,25.488,41057.945,0.039,52.000
0.052,0.022,0.012,17.356,149264.531,7.046,52.000
0.039,0.001,0.013,17.218,105916.414,-0.836,52.000
0.052,0.011,0.011,17.108,179624.781,7.023,52.000
0.050,0.019,0.010,18.937,173992.625,6.971,52.000
0.051,0.011,0.013,21.357,182688.688,8.056,52.000
0.039,0.001,0.012,19.049,65790.805,-1.092,52.000
0.048,0.009,0.013,18.991,137738.594,6.863,52.000
0.048,0.016,0.012,20.075,185173.469,8.125,52.000
0.049,0.012,0.013,20.003,166946.156,8.108,52.000
0.049,0.001,0.020,20.348,91564.289,2.235,52.000
0.046,0.001,0.007,22.728,116839.648,2.635,52.000
0.058,0.001,0.007,23.433,82208.914,0.118,52.000
0.055,0.000,0.013,27.921,41103.336,0.337,52.000
0.057,0.001,0.013,19.179,128620.586,2.117,52.000
0.050,0.023,0.014,20.345,111303.398,5.719,52.000
0.098,0.013,0.013,21.782,90921.023,2.948,52.000
0.049,0.024,0.013,20.050,141629.906,6.583,52.000
0.049,0.005,0.012,17.453,152234.000,3.272,52.000
0.050,0.009,0.011,18.229,131417.062,6.289,52.000
0.052,0.007,0.014,20.174,194181.500,6.774,52.000
0.057,0.001,0.008,26.181,26088.633,-0.364,52.000
0.050,0.014,0.013,20.139,165655.188,7.808,52.000
0.051,0.005,0.014,19.492,175106.594,3.052,52.000
0.049,0.003,0.010,22.208,162959.219,2.667,52.000
0.044,0.001,0.020,22.143,97445.820,2.055,52.000
0.050,0.006,0.012,19.176,138589.000,2.812,52.000
0.050,0.001,0.019,21.243,98410.914,1.822,52.000
0.057,0.001,0.004,20.253,117095.039,2.435,52.000
0.045,0.001,0.016,25.515,110193.055,1.320,52.000
0.049,0.023,0.014,20.431,114014.477,5.879,52.000
0.042,0.001,0.007,22.824,80792.680,1.229,52.000
0.049,0.004,0.013,16.318,161552.062,2.442,52.000
0.048,0.026,0.012,22.087,157400.562,6.712,52.000
0.049,0.003,0.014,18.964,165909.625,0.812,52.000
0.050,0.005,0.009,21.341,157515.281,2.748,52.000
0.052,0.007,0.010,18.997,142678.031,2.772,52.000
0.057,0.001,0.010,19.332,129969.680,0.886,52.000
0.051,0.005,0.011,20.757,157045.781,2.934,52.000
0.051,0.026,0.011,20.367,150057.750,6.085,52.000
0.052,0.013,0.010,17.357,164488.031,6.242,52.000
0.052,0.000,0.002,22.187,-7575.000,-0.120,52.000
0.053,0.001,0.007,23.046,104525.445,2.576,52.000
0.048,0.001,0.006,21.598,91678.648,2.183,52.000
0.053,0.001,0.015,25.585,106092.008,1.399,52.000
0.049,0.025,0.013,20.019,148423.625,6.816,52.000
0.044,0.000,0.020,22.181,-37803.203,0.538,52.000
0.051,0.008,0.013,21.365,155071.000,6.415,52.000
0.098,0.012,0.011,19.964,66144.227,7.463,52.000
0.050,0.022,0.010,19.883,150979.844,6.209,52.000
0.046,0.001,0.008,23.077,128424.320,2.396,52.000
0.049,0.001,0.012,23.781,80146.742,2.532,52.000
0.048,0.009,0.012,19.767,114525.914,5.586,52.000
0.052,0.002,0.010,22.766,155005.406,2.729,52.000
0.048,0.007,0.014,18.599,161157.312,4.886,52.000
0.051,0.007,0.012,19.407,132274.844,3.463,52.000
0.043,0.000,0.011,21.959,2546.070,-0.117,52.000
0.049,0.006,0.013,16.915,130897.039,4.025,52.000
0.049,0.010,0.011,17.640,143155.969,6.873,52.000
0.054,0.000,0.010,30.197,16752.398,1.580,52.000
0.048,0.001,0.005,21.092,93291.914,2.067,52.000
0.055,0.000,0.019,21.787,3947.062,1.943,52.000
0.052,0.000,0.019,21.967,14241.305,1.258,52.000
0.052,0.012,0.012,20.044,183306.688,7.774,52.000
0.052,0.007,0.013,21.397,185332.656,6.864,52.000
0.059,0.000,0.012,21.323,40739.977,2.298,52.000
0.045,0.001,0.007,21.406,129915.898,3.060,52.000
0.050,0.007,0.011,19.638,126870.336,3.289,52.000
0.100,0.012,0.013,18.982,11571.617,8.026,52.000
0.057,0.000,0.014,21.164,54756.336,2.061,52.000
0.050,0.025,0.013,20.012,138461.875,6.387,52.000
0.097,0.012,0.012,20.577,81189.930,5.603,52.000
0.051,0.013,0.013,20.935,167432.625,7.747,52.000
0.098,0.011,0.011,19.648,76178.133,7.012,52.000
0.055,0.002,0.011,21.131,143846.844,2.125,52.000
0.039,0.000,0.012,19.491,-26026.055,0.099,52.000
0.056,0.001,0.012,20.294,146725.969,2.325,52.000
0.060,0.001,0.011,17.464,111637.695,0.862,52.000
0.051,0.002,0.006,21.578,104045.211,2.535,52.000
0.049,0.019,0.013,20.353,160968.844,7.001,52.000
0.047,0.002,0.013,17.284,176490.312,1.795,52.000
0.047,0.001,0.013,18.594,151602.688,0.812,52.000
0.050,0.018,0.013,20.041,179937.844,7.601,52.000
0.048,0.015,0.013,19.838,174222.625,8.090,52.000
0.002,0.011,0.013,23.134,58005.102,6.004,52.000
0.045,0.002,0.012,18.320,169260.531,2.623,52.000
0.048,0.000,0.020,19.839,-13019.602,0.251,52.000
0.043,0.001,0.009,23.090,56588.930,1.448,52.000
0.002,0.012,0.014,23.559,70596.836,5.866,52.000
0.046,0.001,0.009,22.681,119116.539,2.585,52.000
0.049,0.008,0.012,19.202,110860.445,5.028,52.000
0.041,0.001,0.007,20.319,152651.469,2.300,52.000
0.049,0.000,0.019,21.702,3399.422,0.769,52.000
0.049,0.006,0.013,17.643,139409.031,3.727,52.000
0.042,0.001,0.012,20.982,89510.008,0.253,52.000
0.043,0.000,0.019,21.218,-47523.371,-0.088,52.000
0.049,0.024,0.010,21.524,158190.156,5.918,52.000
0.049,0.018,0.011,19.312,204311.719,7.584,52.000
0.042,0.001,0.007,21.388,144373.812,2.020,52.000
0.050,0.005,0.014,18.853,171898.844,2.670,52.000
0.051,0.007,0.010,19.511,143036.750,2.571,52.000
0.048,0.007,0.013,17.513,133567.406,5.493,52.000
0.049,0.012,0.011,17.621,158853.719,7.727,52.000
0.049,0.019,0.010,19.166,182445.188,7.226,52.000
0.100,0.011,0.012,18.537,-17510.742,6.804,52.000
0.042,0.000,0.013,23.737,-75729.078,-2.395,52.000
0.044,0.001,0.017,26.384,47445.102,-0.091,52.000
0.049,0.010,0.011,18.007,127279.867,6.636,52.000
0.050,0.008,0.014,21.415,183591.688,7.162,52.000
0.058,0.000,0.013,24.673,31352.336,0.495,52.000
0.056,0.000,0.017,22.415,33183.852,1.053,52.000
0.051,0.000,0.018,23.276,40881.711,0.471,52.000
0.051,0.023,0.012,18.224,149130.938,7.043,52.000
0.052,0.021,0.012,18.032,163385.844,7.274,52.000
0.052,0.000,0.005,23.618,-34762.492,0.384,52.000
0.052,0.008,0.010,17.665,137735.562,3.514,52.000
0.041,0.000,0.013,21.958,-17055.883,-1.110,52.000
0.059,0.000,0.013,21.245,72099.367,1.420,52.000
0.047,0.001,0.011,21.534,172652.969,2.861,52.000
0.048,0.001,0.004,18.927,111174.414,1.536,52.000
0.050,0.017,0.014,20.088,123751.789,6.237,52.000
0.043,0.001,0.015,22.775,115754.758,0.911,52.000
0.050,0.027,0.010,22.671,152088.938,5.227,52.000
0.045,0.000,0.015,27.103,-46951.301,0.978,52.000
0.050,0.001,0.019,22.012,88410.836,1.389,52.000
0.051,0.006,0.012,18.436,138890.906,3.440,52.000
0.043,0.001,0.004,19.528,132879.594,1.957,52.000
0.048,0.022,0.011,21.044,167806.062,6.604,52.000
0.053,0.001,0.022,18.598,-1939.523,1.902,52.000
0.051,0.000,0.008,23.110,-22259.742,-0.088,52.000
0.002,0.012,0.012,23.052,104976.148,4.709,52.000
0.052,0.000,0.021,19.174,-6473.641,2.718,52.000
0.049,0.026,0.014,20.912,129652.461,5.889,52.000
0.046,0.000,0.004,20.059,80734.477,0.153,52.000
0.049,0.023,0.010,21.329,157711.344,6.272,52.000
0.060,0.001,0.013,18.156,139019.812,2.080,52.000
0.044,0.001,0.005,21.148,80686.508,1.465,52.000
0.049,0.007,0.009,18.781,159585.031,4.126,52.000
0.045,0.001,0.010,23.370,79447.680,2.087,52.000
0.045,0.001,0.009,21.556,153558.688,2.524,52.000
0.052,0.011,0.013,22.316,167033.781,7.762,52.000
0.049,0.016,0.013,20.132,180186.656,8.096,52.000
0.050,0.026,0.010,22.473,153878.781,5.444,52.000
0.050,0.002,0.016,23.233,136931.562,3.012,52.000
0.048,0.001,0.012,20.366,153449.062,2.562,52.000
0.048,0.018,0.013,20.647,163730.219,7.263,52.000
0.051,0.012,0.014,22.841,151176.562,6.909,52.000
0.048,0.014,0.013,19.380,165757.625,7.835,52.000
0.049,0.022,0.014,20.272,126693.648,6.399,52.000
0.055,0.002,0.008,23.529,90752.320,1.861,52.000
0.058,0.000,0.013,22.080,62134.508,1.756,52.000
0.050,0.010,0.012,19.716,172041.875,7.542,52.000
0.047,0.002,0.013,17.530,176537.969,1.933,52.000
0.051,0.016,0.012,19.447,180302.250,8.175,52.000
0.048,0.018,0.012,20.411,191191.344,7.327,52.000
0.052,0.025,0.011,19.484,148156.250,6.576,52.000
0.049,0.001,0.010,26.544,27283.414,2.677,52.000
0.049,0.001,0.023,19.500,48272.805,2.008,52.000
0.050,0.008,0.010,17.055,152009.281,4.511,52.000
0.051,0.005,0.014,19.954,176520.625,3.495,52.000
0.051,0.010,0.012,20.199,186775.688,8.174,52.000
0.051,0.002,0.014,21.897,168930.688,3.286,52.000
0.048,0.001,0.006,22.804,46928.211,1.747,52.000
0.053,0.000,0.002,22.891,-5438.148,0.558,52.000
0.051,0.008,0.010,17.224,152293.406,3.772,52.000
0.047,0.000,0.010,28.058,-21468.227,1.270,52.000
0.050,0.027,0.013,9.653,179440.500,5.050,52.000
0.049,0.027,0.014,22.930,47855.445,4.887,52.000
0.048,0.018,0.012,19.907,190161.156,7.450,52.000
0.052,0.021,0.012,18.124,162181.094,7.140,52.000
0.052,0.008,0.011,18.639,139449.062,4.495,52.000
0.047,0.001,0.008,23.169,117700.945,2.422,52.000
0.051,0.019,0.012,19.037,176504.031,7.573,52.000
0.002,0.013,0.010,20.857,146847.500,1.856,52.000
0.047,0.001,0.003,19.424,111949.570,1.341,52.000
0.059,0.001,0.016,22.007,138307.125,1.047,52.000
0.051,0.019,0.014,19.366,123318.758,6.786,52.000
0.051,0.015,0.014,20.778,132846.094,6.930,52.000
0.044,0.001,0.005,20.959,65029.445,1.474,52.000
0.045,0.001,0.019,23.821,83624.898,1.217,52.000
0.051,0.008,0.010,17.609,136052.844,4.041,52.000
0.051,0.007,0.010,18.650,142575.500,3.162,52.000
0.056,0.001,0.004,19.824,119350.008,2.703,52.000
0.098,0.013,0.011,20.595,62485.164,6.887,52.000
0.052,0.009,0.011,17.646,168296.906,6.783,52.000
0.058,0.000,0.007,26.164,-52425.984,-0.906,52.000
0.049,0.015,0.012,19.939,172368.062,8.290,52.000
0.049,0.005,0.013,16.469,150336.000,2.783,52.000
0.051,0.013,0.013,20.236,166181.625,7.710,52.000
0.047,0.002,0.010,20.757,170916.125,3.068,52.000
0.057,0.001,0.018,20.704,116215.648,2.522,52.000
0.048,0.000,0.007,23.809,34383.664,1.029,52.000
0.051,0.021,0.013,18.685,135060.750,6.841,52.000
0.049,0.012,0.011,17.639,169633.000,7.699,52.000
0.052,0.025,0.012,18.982,135829.281,6.817,52.000
0.050,0.011,0.012,19.660,183527.500,7.916,52.000
0.050,0.010,0.010,15.138,161164.719,6.490,52.000
0.052,0.020,0.014,18.776,129044.477,7.085,52.000
0.002,0.011,0.012,22.971,96596.727,4.454,52.000
0.054,0.002,0.007,23.050,99132.352,2.385,52.000
0.045,0.000,0.015,26.027,-41591.406,0.381,52.000
0.044,0.000,0.013,24.361,-20255.031,1.409,52.000
0.056,0.001,0.017,22.431,117432.023,1.680,52.000
0.050,0.022,0.010,20.130,145693.156,6.623,52.000
0.049,0.001,0.020,20.445,37654.180,1.346,52.000
0.044,0.001,0.006,21.007,134456.344,2.951,52.000
0.052,0.003,0.011,22.438,160447.719,3.058,52.000
0.044,0.002,0.017,23.972,126338.539,2.273,52.000
0.048,0.001,0.015,23.711,143552.000,2.520,52.000
0.057,0.001,0.014,20.772,146824.469,1.989,52.000
0.049,0.008,0.014,20.931,169002.062,6.432,52.000
0.043,0.001,0.013,17.953,129442.773,1.746,52.000
0.099,0.011,0.013,20.824,102083.930,3.074,52.000
0.056,0.002,0.012,19.923,144830.312,1.867,52.000
0.052,0.024,0.012,18.383,141669.562,6.982,52.000
0.056,0.000,0.003,23.840,-25168.828,0.660,52.000
0.052,0.010,0.011,17.677,173288.719,7.199,52.000
0.039,0.000,0.011,19.755,86127.773,-1.243,52.000
0.046,0.000,0.011,29.522,-7087.164,2.541,52.000
0.048,0.000,0.009,30.307,-43452.543,3.277,52.000
0.057,0.001,0.011,26.621,27574.133,-0.691,52.000
0.051,0.001,0.018,21.241,117495.820,2.759,52.000
0.045,0.001,0.018,23.373,131616.875,2.613,52.000
0.045,0.001,0.005,19.444,124469.305,2.386,52.000
0.053,0.000,0.014,31.577,-72327.852,-2.053,52.000
0.046,0.001,0.020,21.602,29855.023,0.746,52.000
0.049,0.001,0.005,22.004,84604.773,1.946,52.000
0.048,0.025,0.011,22.361,165287.781,6.007,52.000
0.046,0.001,0.004,20.107,78792.102,1.129,52.000
0.052,0.009,0.012,21.405,165716.281,7.487,52.000
0.049,0.018,0.011,19.912,199224.750,7.132,52.000
0.098,0.014,0.013,21.698,85415.258,3.152,52.000
0.056,0.002,0.012,19.550,133678.594,1.691,52.000
0.048,0.011,0.014,22.129,145785.781,7.202,52.000
0.056,0.001,0.019,19.202,120720.586,3.170,52.000
0.051,0.007,0.015,20.656,181913.469,6.597,52.000
0.050,0.001,0.021,20.373,25030.836,1.174,52.000
0.052,0.023,0.012,18.122,146273.719,6.771,52.000
0.053,0.000,0.013,30.686,-21909.922,-0.954,52.000
0.048,0.012,0.012,19.273,159966.531,7.273,52.000
0.051,0.018,0.010,18.730,180493.438,7.323,52.000
0.052,0.011,0.012,19.840,189035.250,7.791,52.000
0.049,0.023,0.012,19.959,174323.000,6.817,52.000
0.049,0.003,0.010,22.395,166713.594,2.820,52.000
0.047,0.002,0.015,23.132,144342.375,2.793,52.000
0.052,0.010,0.012,19.186,172167.094,7.814,52.000
0.043,0.001,0.016,25.785,55287.695,-0.388,52.000
0.050,0.007,0.011,20.211,123785.242,3.199,52.000
0.055,0.000,0.010,28.409,-64734.660,-0.267,52.000
0.058,0.001,0.011,19.798,95556.273,0.885,52.000
0.052,0.001,0.019,20.972,83044.023,1.736,52.000
0.052,0.019,0.012,17.933,167889.344,7.882,52.000
0.049,0.000,0.017,26.288,-41615.230,-2.403,52.000
0.043,0.001,0.010,22.277,61327.570,0.960,52.000
0.049,0.021,0.014,20.276,128349.852,6.513,52.000
0.048,0.001,0.015,27.724,63234.852,-0.065,52.000
0.049,0.026,0.014,20.658,127179.742,5.918,52.000
0.058,0.001,0.009,21.119,110707.117,0.337,52.000
0.051,0.001,0.006,22.719,98526.320,2.355,52.000
0.059,0.001,0.013,17.168,128877.820,2.027,52.000
0.052,0.004,0.012,18.889,167582.000,3.118,52.000
0.051,0.023,0.010,19.752,143668.406,5.535,52.000
0.058,0.001,0.010,17.891,130628.633,0.809,52.000
0.053,0.001,0.008,23.765,99549.820,2.251,52.000
0.055,0.001,0.011,21.293,140069.250,1.841,52.000
0.050,0.001,0.018,21.633,101863.648,1.917,52.000
0.051,0.000,0.019,20.154,-4482.172,0.212,52.000
0.042,0.001,0.008,22.185,102202.367,1.453,52.000
0.049,0.013,0.014,22.419,148569.250,7.377,52.000
0.049,0.010,0.010,15.049,157189.469,6.515,52.000
0.049,0.014,0.010,17.378,164606.031,6.716,52.000
0.057,0.001,0.009,24.723,69055.086,-0.121,52.000
0.052,0.001,0.002,20.899,77722.492,1.219,52.000
0.048,0.001,0.014,22.783,134146.406,0.821,52.000
0.048,0.001,0.007,23.902,27362.664,1.707,52.000
0.049,0.003,0.012,17.515,174137.469,2.726,52.000
0.050,0.006,0.012,17.791,129909.992,4.054,52.000
0.052,0.001,0.020,21.313,43250.445,1.358,52.000
0.053,0.000,0.011,32.825,-1740.664,2.072,52.000
0.047,0.001,0.006,21.929,106979.039,2.644,52.000
0.049,0.025,0.014,20.048,115713.367,5.938,52.000
0.052,0.000,0.003,23.226,-14166.484,-0.482,52.000
0.047,0.001,0.019,22.625,91183.039,1.651,52.000
0.049,0.006,0.013,17.406,136778.000,3.966,52.000
0.050,0.008,0.014,21.596,188695.969,7.471,52.000
0.048,0.014,0.012,19.026,167309.312,8.019,52.000
0.058,0.001,0.014,19.188,137241.531,1.765,52.000
0.051,0.021,0.014,19.126,123808.977,6.519,52.000
0.049,0.005,0.014,19.827,177875.531,2.433,52.000
0.045,0.001,0.005,20.338,122933.383,2.743,52.000
0.041,0.001,0.005,19.276,154732.438,2.390,52.000
0.052,0.007,0.014,21.198,189315.438,7.176,52.000
0.055,0.001,0.018,22.041,99055.242,1.761,52.000
0.049,0.017,0.013,20.295,181503.188,7.702,52.000
0.055,0.000,0.004,23.942,1238.656,0.722,52.000
0.059,0.001,0.010,16.179,135123.375,0.709,52.000
0.052,0.001,0.013,29.677,38051.289,-0.306,52.000
0.044,0.001,0.011,23.466,61040.555,1.328,52.000
0.051,0.003,0.013,17.215,191990.250,2.619,52.000
0.051,0.005,0.012,19.647,152276.938,2.750,52.000
0.049,0.010,0.013,21.541,163777.125,7.806,52.000
0.060,0.000,0.014,19.822,119149.539,1.528,52.000
0.048,0.012,0.011,18.329,173206.188,7.710,52.000
0.050,0.003,0.015,21.094,166901.312,2.934,52.000
0.048,0.011,0.012,19.463,150546.656,6.612,52.000
0.048,0.026,0.012,21.626,168104.531,6.939,52.000
0.049,0.005,0.012,17.637,152049.406,3.411,52.000
0.049,0.018,0.011,18.993,203100.625,7.584,52.000
0.041,0.000,0.015,22.950,-11771.352,-0.906,52.000
0.049,0.000,0.018,22.313,7102.258,0.158,52.000
0.050,0.016,0.010,18.160,193798.688,7.280,52.000
0.051,0.023,0.013,18.572,141588.219,6.679,52.000
0.053,0.001,0.010,28.660,6459.938,0.398,52.000
0.057,0.001,0.017,22.354,115914.070,1.320,52.000
0.049,0.003,0.014,19.568,167283.844,1.296,52.000
0.055,0.000,0.009,24.675,5557.125,0.769,52.000
0.048,0.000,0.012,28.130,6892.773,0.692,52.000
0.044,0.000,0.017,24.179,17545.750,-2.139,52.000
0.051,0.011,0.013,22.923,165156.500,7.790,52.000
0.049,0.026,0.011,21.662,163777.406,6.257,52.000
0.051,0.000,0.019,21.304,-26363.945,0.922,52.000
0.050,0.020,0.011,19.804,175795.844,6.435,52.000
0.002,0.013,0.012,22.443,132634.562,3.542,52.000
0.054,0.001,0.002,20.180,106134.742,2.154,52.000
0.050,0.017,0.011,19.085,203693.094,7.544,52.000
0.046,0.000,0.004,18.428,18780.281,4.199,52.000
0.052,0.021,0.013,18.191,142567.781,6.921,52.000
0.048,0.002,0.018,21.115,121564.758,2.900,52.000
0.048,0.006,0.012,17.200,136968.000,3.808,52.000
0.052,0.001,0.015,28.186,63975.305,0.057,52.000
0.048,0.002,0.014,19.681,167151.156,0.814,52.000
0.040,0.000,0.014,18.750,-1400.992,-1.594,52.000
0.053,0.000,0.011,34.328,-3996.109,1.319,52.000
0.048,0.001,0.019,21.950,90448.836,1.780,52.000
0.002,0.012,0.011,21.604,127606.008,2.807,52.000
0.045,0.000,0.007,22.646,7217.102,-0.689,52.000
0.051,0.020,0.012,18.407,174939.219,7.411,52.000
0.043,0.001,0.004,18.858,135328.750,2.304,52.000
0.052,0.000,0.008,24.687,19227.367,1.564,52.000
0.056,0.001,0.010,22.295,108064.227,1.069,52.000
0.041,0.001,0.010,19.544,141248.531,1.131,52.000
0.050,0.015,0.013,20.175,170690.500,8.197,52.000
0.051,0.006,0.013,19.457,153464.000,4.408,52.000
0.051,0.016,0.013,20.004,147445.188,7.488,52.000
0.049,0.001,0.014,26.457,56139.320,0.201,52.000
0.052,0.014,0.012,19.065,167000.562,7.902,52.000
0.044,0.002,0.010,19.789,169359.250,2.900,52.000
0.044,0.001,0.013,20.696,81579.133,1.243,52.000
0.051,0.014,0.010,18.335,168747.844,5.897,52.000
0.050,0.008,0.010,18.096,126326.945,4.354,52.000
0.052,0.001,0.009,23.556,118943.789,2.369,52.000
0.098,0.013,0.013,21.729,85646.195,3.405,52.000
0.047,0.000,0.022,19.977,-11335.203,2.334,52.000
0.045,0.002,0.007,21.226,136998.125,3.351,52.000
0.052,0.007,0.011,19.635,136054.688,3.598,52.000
0.046,0.001,0.017,26.375,60181.711,0.633,52.000
0.041,0.001,0.014,21.148,-24240.797,-1.314,52.000
0.050,0.004,0.013,16.867,175071.312,2.631,52.000
0.045,0.001,0.005,20.300,122504.023,2.130,52.000
0.049,0.014,0.011,18.799,172297.500,7.141,52.000
0.041,0.001,0.019,20.358,118940.727,2.262,52.000
0.051,0.023,0.012,18.556,156699.219,7.130,52.000
0.051,0.000,0.006,24.918,-121.703,1.192,52.000
0.048,0.026,0.012,21.872,155574.812,6.817,52.000
0.057,0.001,0.010,27.724,-2373.812,-1.259,52.000
0.051,0.006,0.011,19.528,132425.188,3.029,52.000
0.048,0.002,0.017,22.718,134897.844,3.595,52.000
0.055,0.001,0.014,22.395,151494.188,2.450,52.000
0.048,0.009,0.010,17.156,148067.375,5.312,52.000
0.042,0.001,0.017,24.595,76269.352,0.312,52.000
0.054,0.001,0.017,23.999,80646.336,0.757,52.000
0.054,0.001,0.021,18.260,87892.945,3.029,52.000
0.000,0.012,0.013,19.671,7545.750,9.542,52.000
0.052,0.001,0.010,29.577,-16908.289,0.699,52.000
0.053,0.001,0.004,22.356,53610.570,1.267,52.000
0.050,0.024,0.014,20.324,114732.086,5.825,52.000
0.050,0.001,0.009,22.262,153630.656,3.153,52.000
0.052,0.006,0.012,19.674,147877.250,2.991,52.000
0.050,0.025,0.011,21.544,157360.281,5.711,52.000
0.050,0.025,0.011,21.454,161089.750,5.955,52.000
0.055,0.002,0.008,23.585,92645.461,2.012,52.000
0.048,0.000,0.011,28.598,-21588.258,-0.329,52.000
0.043,0.001,0.013,17.029,134444.594,1.791,52.000
0.098,0.013,0.013,21.999,90539.133,2.730,52.000
0.047,0.000,0.011,26.956,-79284.195,-1.465,52.000
0.047,0.000,0.018,23.070,-8567.305,-1.554,52.000
0.049,0.006,0.011,19.616,138014.938,3.319,52.000
0.056,0.001,0.018,21.879,70260.805,1.820,52.000
0.044,0.000,0.015,28.320,-18150.977,-0.554,52.000
0.050,0.003,0.013,16.226,170319.844,1.869,52.000
0.000,0.013,0.012,26.331,-11538.859,5.360,52.000
0.052,0.026,0.012,20.378,110672.617,6.383,52.000
0.051,0.002,0.009,22.589,149979.531,2.826,52.000
0.048,0.007,0.013,17.041,120450.602,5.329,52.000
0.049,0.012,0.011,17.738,168465.375,7.870,52.000
0.053,0.002,0.012,20.477,178646.281,2.955,52.000
0.053,0.001,0.003,20.058,107254.086,1.958,52.000
0.050,0.015,0.010,19.044,185890.188,6.573,52.000
0.001,0.013,0.013,23.551,54009.602,5.423,52.000
0.041,0.000,0.012,21.589,-27158.055,-0.145,52.000
0.060,0.001,0.010,18.361,123725.492,-0.639,52.000
0.049,0.023,0.012,20.278,181668.594,6.942,52.000
0.052,0.000,0.015,27.368,-9731.383,1.412,52.000
0.043,0.000,0.009,22.605,-1112.586,-0.844,52.000
0.051,0.026,0.013,20.918,120678.195,6.067,52.000
0.048,0.005,0.010,21.435,159109.125,2.856,52.000
0.049,0.024,0.012,20.894,169343.781,6.697,52.000
0.048,0.009,0.013,18.921,137415.094,6.662,52.000
0.056,0.001,0.014,24.893,84875.445,0.329,52.000
0.049,0.014,0.012,19.749,169796.125,8.146,52.000
0.048,0.021,0.013,20.156,167955.094,7.093,52.000
0.060,0.001,0.009,16.646,147706.719,0.761,52.000
0.057,0.001,0.010,22.219,89518.742,-0.269,52.000
0.048,0.018,0.013,20.339,165123.344,7.261,52.000
0.048,0.020,0.011,20.148,191885.375,6.970,52.000
0.059,0.000,0.015,23.336,96352.539,0.217,52.000
0.059,0.000,0.012,20.688,53457.742,2.405,52.000
0.048,0.000,0.007,22.867,-16491.078,1.069,52.000
0.052,0.020,0.011,18.533,160940.719,6.701,52.000
0.050,0.003,0.011,22.804,161061.250,2.780,52.000
0.052,0.027,0.011,21.418,106124.055,5.604,52.000
0.040,0.000,0.012,19.484,-10303.484,-2.423,52.000
0.002,0.011,0.011,21.258,133475.406,1.781,52.000
0.053,0.001,0.015,22.813,151964.031,2.996,52.000
0.053,0.002,0.013,19.542,183607.406,2.507,52.000
0.056,0.002,0.014,21.451,148869.625,1.714,52.000
0.048,0.001,0.005,20.717,99827.664,2.123,52.000
0.049,0.005,0.013,16.598,140424.562,3.517,52.000
0.048,0.001,0.013,19.063,150907.344,1.708,52.000
0.053,0.000,0.019,20.008,-9913.656,2.298,52.000
0.044,0.002,0.016,23.960,129706.414,2.533,52.000
0.099,0.013,0.013,21.801,68174.977,2.272,52.000
0.049,0.009,0.011,18.849,111989.805,5.438,52.000
0.098,0.013,0.013,21.743,90123.727,2.903,52.000
0.041,0.001,0.017,22.767,-35671.344,-2.493,52.000
0.051,0.000,0.006,26.325,-13584.859,1.289,52.000
0.050,0.009,0.010,16.605,155740.750,5.129,52.000
0.050,0.006,0.011,20.656,126448.992,3.087,52.000
0.045,0.001,0.006,21.718,120450.383,2.329,52.000
0.050,0.000,0.023,21.350,-89349.219,4.236,52.000
0.049,0.015,0.010,18.105,179045.812,6.893,52.000
0.045,0.000,0.003,20.181,48680.086,-3.279,52.000
0.053,0.000,0.020,19.804,-21019.109,0.238,52.000
0.050,0.001,0.006,24.038,-772.523,0.976,52.000
0.047,0.002,0.011,21.244,173152.625,3.361,52.000
0.052,0.004,0.012,18.566,174832.906,3.013,52.000
0.050,0.001,0.011,22.145,151240.000,3.057,52.000
0.051,0.010,0.012,19.957,171733.219,7.850,52.000
0.049,0.020,0.012,19.748,193478.875,6.925,52.000
0.040,0.001,0.011,19.340,109374.898,-0.822,52.000
0.049,0.014,0.011,18.820,170602.656,7.451,52.000
0.051,0.017,0.012,19.303,183889.625,7.813,52.000
0.056,0.001,0.014,21.594,139842.500,1.844,52.000
0.049,0.000,0.021,21.375,-96794.164,1.656,52.000
0.050,0.012,0.011,16.847,160261.969,7.718,52.000
0.060,0.001,0.014,18.179,141916.469,1.850,52.000
0.047,0.001,0.003,19.760,88082.477,0.691,52.000
0.051,0.007,0.014,20.515,188669.906,6.809,52.000
0.098,0.011,0.011,19.318,80531.945,6.710,52.000
0.046,0.001,0.011,21.645,151331.250,3.218,52.000
0.051,0.009,0.011,18.154,129576.227,5.640,52.000
0.049,0.007,0.013,17.557,123884.227,4.987,52.000
0.056,0.001,0.006,24.543,60096.086,0.865,52.000
0.042,0.000,0.013,20.890,-10118.344,-2.248,52.000
0.047,0.000,0.011,28.909,-63089.477,-0.927,52.000
0.049,0.008,0.013,18.692,142460.531,6.306,52.000
0.044,0.001,0.012,19.316,146936.000,2.020,52.000
0.050,0.023,0.011,20.456,161125.438,6.113,52.000
0.048,0.001,0.022,18.701,36584.633,2.038,52.000
0.055,0.001,0.005,20.508,122605.461,2.731,52.000
0.000,0.012,0.011,19.640,38644.555,11.646,52.000
0.051,0.015,0.013,19.506,165581.812,8.362,52.000
0.054,0.000,0.016,26.197,8078.758,-1.341,52.000
0.051,0.005,0.013,18.141,155889.531,3.774,52.000
0.049,0.023,0.013,19.473,152485.531,6.826,52.000
0.046,0.002,0.006,20.220,117020.258,2.949,52.000
0.052,0.013,0.010,17.929,166111.469,6.347,52.000
0.050,0.009,0.014,22.863,177627.938,7.687,52.000
0.047,0.001,0.016,23.504,137351.906,2.877,52.000
0.045,0.001,0.018,26.335,25277.297,-0.435,52.000
0.056,0.002,0.014,21.797,150468.531,2.261,52.000
0.050,0.006,0.011,19.211,135112.500,3.086,52.000
0.048,0.018,0.013,20.231,178841.688,7.456,52.000
0.044,0.001,0.014,19.062,139200.469,1.349,52.000
0.049,0.015,0.014,20.233,134819.750,6.692,52.000
0.047,0.001,0.006,22.730,65459.570,1.824,52.000
0.050,0.016,0.013,20.069,168785.188,7.827,52.000
0.042,0.001,0.010,21.771,80425.961,0.157,52.000
0.048,0.001,0.005,21.432,59548.320,1.389,52.000
0.051,0.001,0.012,20.959,136379.469,2.515,52.000
0.052,0.007,0.011,19.249,134420.750,3.958,52.000
0.047,0.000,0.014,28.039,-28769.562,1.888,52.000
0.050,0.011,0.011,17.623,159739.531,7.871,52.000
0.054,0.001,0.011,21.714,139127.062,2.302,52.000
0.051,0.004,0.013,17.677,183639.312,2.947,52.000
0.049,0.019,0.014,20.681,122459.727,6.268,52.000
0.048,0.001,0.009,22.963,130611.742,2.733,52.000
0.042,0.001,0.013,17.302,119343.727,1.338,52.000
0.040,0.001,0.011,18.599,145494.844,0.044,52.000
0.056,0.001,0.016,22.268,125051.461,1.699,52.000
0.058,0.001,0.015,21.096,150197.906,1.261,52.000
0.058,0.000,0.006,24.510,12299.398,0.231,52.000
0.050,0.005,0.010,22.023,145790.969,2.631,52.000
0.050,0.016,0.012,19.986,187840.312,7.491,52.000
0.051,0.006,0.012,19.498,132853.281,3.017,52.000
0.049,0.016,0.011,18.983,196566.625,7.589,52.000
0.052,0.015,0.012,19.227,168808.062,8.054,52.000
0.002,0.014,0.012,23.584,137959.094,4.282,52.000
0.049,0.027,0.012,22.491,119444.586,5.885,52.000
0.048,0.000,0.002,20.524,32901.398,-1.143,52.000
0.051,0.015,0.013,19.808,160331.125,7.989,52.000
0.056,0.001,0.009,27.050,-26954.883,0.165,52.000
0.052,0.015,0.012,19.333,168123.312,8.083,52.000
0.047,0.001,0.009,24.242,73576.570,1.986,52.000
0.046,0.002,0.013,17.194,158945.312,1.291,52.000
0.051,0.022,0.011,19.632,150517.688,5.819,52.000
0.055,0.000,0.010,27.576,-53163.203,-0.144,52.000
0.047,0.000,0.022,20.662,-2092.086,2.591,52.000
0.052,0.013,0.011,18.518,166803.188,7.420,52.000
0.052,0.001,0.020,19.971,-7414.336,0.962,52.000
0.099,0.013,0.012,21.739,66441.914,3.553,52.000
0.050,0.001,0.006,22.354,94699.664,2.380,52.000
0.052,0.003,0.010,22.455,159625.562,2.768,52.000
0.049,0.005,0.012,17.489,156041.531,3.101,52.000
0.048,0.001,0.014,18.739,176085.125,1.205,52.000
0.049,0.009,0.011,18.753,122461.617,6.141,52.000
0.043,0.001,0.015,22.591,121896.352,1.499,52.000
0.051,0.003,0.012,19.243,178789.562,2.915,52.000
0.042,0.001,0.013,22.755,-14465.258,-0.886,52.000
0.044,0.001,0.012,19.397,164074.875,2.434,52.000
0.050,0.001,0.006,21.427,100589.227,2.267,52.000
0.048,0.005,0.012,17.807,158056.750,3.206,52.000
0.054,0.001,0.019,21.083,50417.977,1.816,52.000
0.052,0.024,0.010,20.254,146217.094,5.318,52.000
0.053,0.001,0.021,18.958,30459.883,2.247,52.000
0.051,0.027,0.012,18.720,217652.812,7.478,52.000
0.052,0.005,0.012,19.687,154141.156,2.765,52.000
0.051,0.006,0.013,18.944,147082.750,3.984,52.000
0.050,0.004,0.012,17.889,166893.031,2.731,52.000
0.053,0.001,0.015,24.414,128753.180,1.992,52.000
0.051,0.018,0.010,18.360,181277.156,7.320,52.000
0.050,0.021,0.011,19.517,166771.531,6.219,52.000
0.056,0.001,0.005,24.367,39955.414,0.996,52.000
0.049,0.005,0.011,20.605,154463.594,2.548,52.000
0.098,0.012,0.013,21.501,92844.430,3.045,52.000
0.051,0.019,0.013,18.453,160507.562,7.747,52.000
0.052,0.027,0.011,24.696,109738.305,4.520,52.000
0.059,0.001,0.009,20.977,104151.773,-0.719,52.000
0.049,0.022,0.012,20.101,178113.750,6.625,52.000
0.044,0.002,0.012,17.190,159399.969,2.256,52.000
0.041,0.001,0.018,23.034,44954.836,0.220,52.000
0.048,0.014,0.011,18.155,168268.781,7.180,52.000
0.048,0.002,0.013,17.413,171985.781,0.795,52.000
0.043,0.001,0.020,21.292,104096.883,2.565,52.000
0.047,0.002,0.013,17.318,177003.938,1.861,52.000
0.056,0.002,0.015,21.849,131462.375,1.526,52.000
0.053,0.001,0.005,22.474,72606.617,1.737,52.000
0.051,0.000,0.015,30.483,-52365.156,-1.782,52.000
0.048,0.012,0.011,17.518,167024.000,7.659,52.000
0.058,0.000,0.017,20.098,-13142.414,1.853,52.000
0.045,0.001,0.020,20.661,93764.461,2.524,52.000
0.052,0.001,0.014,27.384,90183.977,1.322,52.000
0.049,0.020,0.014,20.021,112084.008,6.152,52.000
0.052,0.001,0.014,30.454,27824.977,-0.768,52.000
0.049,0.003,0.012,20.472,167556.000,3.028,52.000
0.040,0.000,0.010,18.262,-32976.375,0.756,52.000
0.049,0.007,0.014,18.928,174351.906,6.025,52.000
0.056,0.001,0.009,23.576,89682.211,0.740,52.000
0.057,0.001,0.008,23.443,90979.336,0.860,52.000
0.041,0.001,0.017,23.020,72329.508,0.208,52.000
0.051,0.012,0.010,14.286,159272.250,6.786,52.000
0.049,0.010,0.014,22.203,150063.344,7.173,52.000
0.048,0.009,0.014,21.019,153912.000,6.457,52.000
0.048,0.005,0.011,21.111,155512.312,2.960,52.000
0.061,0.001,0.010,16.353,144287.125,0.309,52.000
0.056,0.000,0.018,21.989,31704.039,0.362,52.000
0.059,0.000,0.011,22.463,76767.102,-0.109,52.000
0.051,0.016,0.012,19.921,184509.188,7.548,52.000
0.047,0.000,0.006,23.495,6106.055,0.014,52.000
0.049,0.000,0.015,28.413,-40945.664,-2.228,52.000
0.050,0.005,0.013,18.763,164350.344,4.124,52.000
0.052,0.002,0.011,22.036,161718.781,3.187,52.000
0.051,0.009,0.011,16.873,155216.438,5.770,52.000
0.048,0.012,0.011,17.539,151599.844,7.632,52.000
0.051,0.018,0.011,19.117,185227.156,7.264,52.000
0.050,0.012,0.012,19.153,186135.812,8.119,52.000
0.051,0.005,0.012,18.895,153325.688,2.892,52.000
0.048,0.002,0.010,21.187,170539.406,3.274,52.000
0.049,0.022,0.012,19.718,176160.219,6.987,52.000
0.053,0.001,0.003,21.385,59548.102,1.072,52.000
0.048,0.023,0.013,20.673,138780.312,6.470,52.000
0.049,0.023,0.012,20.634,172539.844,6.760,52.000
0.050,0.007,0.010,19.532,147633.250,3.479,52.000
0.051,0.011,0.014,22.501,153705.062,6.872,52.000
0.051,0.000,0.019,19.920,-2396.859,-0.147,52.000
0.048,0.001,0.021,19.881,87717.461,2.336,52.000
0.048,0.023,0.013,20.080,169289.594,7.057,52.000
0.050,0.008,0.015,21.728,168478.500,6.788,52.000
0.045,0.001,0.006,21.609,95184.477,1.939,52.000
0.049,0.020,0.012,20.043,181709.031,7.135,52.000
0.052,0.001,0.003,19.783,110220.320,1.950,52.000
0.050,0.001,0.006,23.492,58882.492,1.683,52.000
0.046,0.000,0.007,22.426,68145.273,0.956,52.000
0.053,0.001,0.016,22.411,131951.781,2.412,52.000
0.052,0.005,0.012,19.520,152159.906,2.996,52.000
0.051,0.000,0.016,23.240,12374.031,0.468,52.000
0.055,0.000,0.015,29.416,-95973.461,0.194,52.000
0.048,0.026,0.011,22.863,162835.188,5.839,52.000
0.003,0.010,0.012,22.633,89376.289,4.273,52.000
0.050,0.025,0.011,21.552,161843.781,5.944,52.000
0.050,0.000,0.009,29.484,-96759.109,-0.317,52.000
0.051,0.001,0.003,19.648,107417.180,1.756,52.000
0.059,0.001,0.012,22.365,37906.867,0.554,52.000
0.050,0.009,0.010,16.250,165845.062,4.694,52.000
0.049,0.001,0.019,20.758,95932.648,2.133,52.000
0.053,0.000,0.006,24.913,-14591.430,-0.052,52.000
0.053,0.000,0.003,22.818,23385.695,1.059,52.000
0.048,0.023,0.010,21.899,158379.250,6.300,52.000
0.050,0.008,0.011,19.215,109577.742,4.730,52.000
0.049,0.014,0.014,20.686,131848.219,6.678,52.000
0.045,0.001,0.003,20.533,476.945,-1.017,52.000
0.050,0.016,0.010,18.486,196424.875,7.487,52.000
0.051,0.002,0.011,22.352,162023.938,3.082,52.000
0.048,0.004,0.010,21.725,161566.906,2.756,52.000
0.040,0.001,0.014,18.187,37276.977,-0.521,52.000
0.051,0.004,0.013,17.683,186117.875,3.151,52.000
0.057,0.001,0.005,20.742,114715.945,2.302,52.000
0.048,0.009,0.013,19.480,132772.562,6.543,52.000
0.055,0.001,0.015,24.836,101313.023,0.902,52.000
0.046,0.000,0.017,25.181,-13774.586,-2.046,52.000
0.052,0.024,0.011,18.645,145704.281,6.771,52.000
0.045,0.001,0.012,24.707,26397.039,1.115,52.000
0.043,0.000,0.020,24.345,-4213.133,-0.628,52.000
0.050,0.001,0.019,22.097,70682.711,1.128,52.000
0.060,0.000,0.009,21.151,78614.117,1.936,52.000
0.051,0.004,0.011,22.031,163415.406,2.816,52.000
0.051,0.002,0.010,22.660,155966.188,2.603,52.000
0.043,0.001,0.005,20.115,133254.625,2.687,52.000
0.051,0.005,0.010,21.574,149504.031,2.474,52.000
0.051,0.002,0.013,18.182,190214.781,2.526,52.000
0.059,0.000,0.012,22.664,39880.273,-0.416,52.000
0.056,0.001,0.011,21.214,126078.586,1.052,52.000
0.051,0.025,0.014,19.943,103085.102,5.998,52.000
0.051,0.020,0.013,19.114,145832.281,7.264,52.000
0.045,0.000,0.011,25.731,14461.047,-0.979,52.000
0.099,0.011,0.012,20.080,82093.414,4.454,52.000
0.051,0.007,0.009,17.973,160646.625,3.422,52.000
0.049,0.016,0.014,20.000,143099.000,6.964,52.000
0.052,0.007,0.013,20.642,176515.719,5.520,52.000
0.058,0.001,0.006,26.840,-13926.555,-0.440,52.000
0.050,0.019,0.012,19.329,182603.656,7.498,52.000
0.055,0.002,0.017,20.174,125598.023,2.513,52.000
0.048,0.022,0.012,20.357,184083.312,6.744,52.000
0.051,0.011,0.011,18.769,187061.750,8.025,52.000
0.051,0.023,0.012,18.820,158006.625,6.875,52.000
0.043,0.001,0.009,22.368,135907.469,1.775,52.000
0.051,0.026,0.011,21.043,150650.562,5.827,52.000
0.050,0.023,0.012,19.152,159155.781,6.818,52.000
0.048,0.000,0.002,17.776,30014.227,1.771,52.000
0.047,0.001,0.002,19.745,62398.461,0.131,52.000
0.048,0.002,0.017,22.126,129919.867,3.302,52.000
0.051,0.016,0.010,18.103,182386.188,7.064,52.000
0.052,0.000,0.003,22.708,25656.805,0.425,52.000
0.049,0.026,0.011,22.257,166988.688,6.171,52.000
0.052,0.013,0.013,21.321,164012.781,7.586,52.000
0.049,0.002,0.018,21.657,126605.805,3.214,52.000
0.001,0.013,0.011,22.025,137140.219,2.939,52.000
0.053,0.001,0.018,23.790,78101.977,0.882,52.000
0.049,0.001,0.020,20.741,83519.492,1.874,52.000
0.050,0.015,0.013,19.811,165871.469,7.920,52.000
0.052,0.000,0.007,25.353,20369.719,0.737,52.000
0.052,0.022,0.011,18.694,153328.188,6.471,52.000
0.049,0.013,0.013,21.501,153134.844,7.779,52.000
0.100,0.012,0.011,19.657,-2327.828,7.079,52.000
0.050,0.005,0.012,17.602,151261.562,3.216,52.000
0.055,0.000,0.015,30.138,-128555.844,0.400,52.000
0.048,0.001,0.005,21.149,98938.758,2.242,52.000
0.050,0.005,0.010,22.236,152006.219,2.383,52.000
0.046,0.001,0.004,18.564,124221.789,1.831,52.000
0.054,0.001,0.003,20.047,112245.867,2.410,52.000
0.042,0.000,0.009,20.503,55629.367,-0.197,52.000
0.050,0.016,0.013,19.934,184123.156,8.141,52.000
0.047,0.001,0.008,21.707,145033.094,3.159,52.000
0.042,0.000,0.011,22.263,32707.977,-2.029,52.000
0.050,0.006,0.013,18.623,145333.281,4.251,52.000
0.049,0.017,0.013,20.325,182516.969,7.694,52.000
0.051,0.008,0.010,17.464,150032.406,3.748,52.000
0.049,0.000,0.022,19.750,-43367.234,1.685,52.000
0.049,0.007,0.014,19.356,184783.750,5.889,52.000
0.051,0.009,0.015,22.943,161657.562,6.781,52.000
0.047,0.002,0.012,19.024,179949.875,2.858,52.000
0.059,0.001,0.014,18.608,148698.375,1.689,52.000
0.048,0.020,0.012,19.944,190564.219,7.045,52.000
0.042,0.001,0.017,25.039,-36019.820,-2.398,52.000
0.049,0.000,0.018,22.129,8603.727,0.279,52.000
0.051,0.024,0.010,20.774,146827.375,5.577,52.000
0.055,0.001,0.009,25.385,74993.258,0.396,52.000
0.051,0.000,0.020,19.519,-11777.484,1.122,52.000
0.049,0.010,0.011,18.374,142832.250,6.779,52.000
0.054,0.000,0.006,21.814,-16070.281,0.330,52.000
0.056,0.001,0.014,24.182,89090.758,1.550,52.000
0.052,0.001,0.010,30.488,-22357.547,0.729,52.000
0.050,0.025,0.013,19.657,152389.781,6.917,52.000
0.050,0.001,0.021,20.816,39969.055,1.271,52.000
0.001,0.013,0.011,22.165,136063.562,2.773,52.000
0.051,0.015,0.014,20.907,138920.094,7.187,52.000
0.041,0.001,0.013,17.186,131501.719,0.589,52.000
0.051,0.027,0.010,22.053,126172.648,5.007,52.000
0.046,0.001,0.006,20.831,115056.977,2.900,52.000
0.048,0.012,0.013,20.199,144835.812,7.815,52.000
0.049,0.018,0.010,18.186,190637.094,8.147,52.000
0.045,0.000,0.020,22.095,21702.641,1.040,52.000
0.051,0.016,0.010,18.159,183991.906,7.399,52.000
0.051,0.012,0.012,20.301,173536.281,7.966,52.000
0.046,0.000,0.012,29.210,-8471.031,0.885,52.000
0.049,0.010,0.012,20.397,142526.781,6.620,52.000
0.053,0.000,0.022,17.828,-34933.258,2.955,52.000
0.051,0.007,0.014,21.146,189688.344,7.237,52.000
0.049,0.025,0.011,21.421,163496.344,5.950,52.000
0.047,0.001,0.020,21.085,97624.789,2.268,52.000
0.051,0.000,0.017,26.183,-79536.008,-1.865,52.000
0.048,0.002,0.006,20.658,105308.586,2.869,52.000
0.045,0.001,0.021,21.863,31283.648,1.187,52.000
0.047,0.001,0.005,21.467,70551.055,1.587,52.000
0.051,0.004,0.011,21.313,164395.875,2.993,52.000
0.056,0.001,0.009,25.200,72147.461,0.118,52.000
0.051,0.008,0.012,20.100,135091.188,5.326,52.000
0.050,0.016,0.014,20.572,139899.750,6.888,52.000
0.050,0.001,0.009,24.492,102941.852,2.414,52.000
0.048,0.008,0.011,19.222,115882.148,4.817,52.000
0.051,0.000,0.009,29.271,-45347.664,0.112,52.000
0.059,0.000,0.012,21.635,38625.633,-0.020,52.000
0.049,0.027,0.011,23.779,220728.406,7.537,52.000
0.002,0.013,0.011,20.789,146489.625,1.930,52.000
0.053,0.001,0.017,22.181,130877.633,2.468,52.000
0.047,0.001,0.017,28.418,-271.617,-1.316,52.000
0.051,0.002,0.013,17.707,187910.719,2.173,52.000
0.046,0.002,0.016,23.536,135212.844,2.994,52.000
0.049,0.001,0.012,21.299,148377.781,2.885,52.000
0.046,0.001,0.015,22.469,148229.188,2.053,52.000
0.052,0.014,0.013,19.436,159394.719,8.215,52.000
0.050,0.002,0.017,22.469,124468.102,2.957,52.000
0.051,0.022,0.013,18.414,134711.812,6.601,52.000
0.056,0.001,0.015,23.789,113359.586,0.604,52.000
0.046,0.000,0.010,27.172,-82197.078,-0.456,52.000
0.048,0.001,0.020,19.857,31927.711,1.438,52.000
0.050,0.026,0.012,20.546,153370.125,6.940,52.000
0.041,0.000,0.017,20.439,-34441.148,-3.196,52.000
0.055,0.001,0.010,25.166,82209.148,0.542,52.000
0.051,0.000,0.019,21.096,-21015.945,1.125,52.000
0.052,0.015,0.012,19.777,177238.250,7.715,52.000
0.044,0.000,0.018,23.905,-14922.055,0.049,52.000
0.051,0.027,0.013,18.975,183823.531,7.453,52.000
0.050,0.009,0.012,19.790,148559.469,6.831,52.000
0.050,0.022,0.010,19.955,152355.844,6.530,52.000
0.045,0.001,0.007,23.273,27602.711,1.390,52.000
0.097,0.012,0.011,20.172,69457.930,6.772,52.000
0.045,0.002,0.015,20.956,149772.312,1.664,52.000
0.098,0.010,0.012,19.016,92480.898,5.982,52.000
0.048,0.001,0.005,20.694,102365.945,1.945,52.000
0.049,0.016,0.011,18.392,200674.250,7.596,52.000
0.054,0.000,0.011,31.743,1327.828,3.284,52.000
0.099,0.013,0.010,20.755,64995.883,7.127,52.000
0.051,0.024,0.011,19.913,153572.781,6.214,52.000
0.052,0.020,0.012,18.404,173395.125,7.450,52.000
0.055,0.001,0.018,20.870,99856.273,2.272,52.000
0.060,0.001,0.010,20.140,74454.102,-0.122,52.000
0.057,0.001,0.004,19.567,122578.852,2.746,52.000
0.050,0.013,0.010,15.432,150444.906,6.606,52.000
0.046,0.001,0.009,22.550,140669.688,2.422,52.000
0.051,0.012,0.013,20.510,168866.406,8.016,52.000
0.052,0.027,0.013,18.780,202397.500,8.350,52.000
0.052,0.001,0.008,23.483,106754.414,2.459,52.000
0.049,0.015,0.012,19.309,178444.344,7.892,52.000
0.052,0.002,0.015,22.736,161783.719,3.383,52.000
0.052,0.007,0.014,20.820,192497.938,6.841,52.000
0.060,0.000,0.014,23.314,22757.234,1.754,52.000
0.051,0.004,0.010,22.156,157035.438,2.350,52.000
0.053,0.000,0.019,21.813,-27101.914,1.484,52.000
0.048,0.001,0.013,24.817,43319.102,0.648,52.000
0.002,0.012,0.012,22.863,104806.570,4.701,52.000
0.057,0.001,0.015,22.117,141071.188,1.341,52.000
0.097,0.013,0.012,20.980,77891.680,5.201,52.000
0.047,0.000,0.014,26.758,16898.320,0.569,52.000
0.098,0.011,0.012,19.495,86496.148,6.110,52.000
0.050,0.006,0.014,19.171,177621.062,3.982,52.000
0.050,0.002,0.009,22.151,160118.969,3.449,52.000
0.048,0.010,0.011,18.736,120977.352,6.322,52.000
0.055,0.000,0.005,24.768,-30427.273,0.801,52.000
0.049,0.001,0.014,22.927,125355.867,0.870,52.000
0.050,0.027,0.013,16.055,151763.625,4.917,52.000
0.041,0.001,0.011,19.430,135616.000,-0.040,52.000
0.050,0.001,0.012,26.588,49484.945,1.329,52.000
0.048,0.001,0.005,20.783,99958.070,1.966,52.000
0.049,0.001,0.022,21.958,37724.930,1.124,52.000
0.052,0.027,0.013,21.670,155662.344,7.716,52.000
0.049,0.016,0.012,20.218,187895.500,7.899,52.000
0.048,0.010,0.013,21.492,159143.812,7.586,52.000
0.044,0.000,0.009,21.296,-55711.617,1.256,52.000
0.059,0.000,0.008,25.506,-1449.922,-0.321,52.000
0.044,0.000,0.008,21.772,-23806.125,-0.375,52.000
0.051,0.010,0.015,23.420,154561.531,6.509,52.000
0.051,0.001,0.015,27.248,86376.352,1.086,52.000
0.047,0.000,0.004,20.007,-9516.125,1.194,52.000
0.052,0.001,0.002,21.045,20429.508,0.336,52.000
0.041,0.000,0.007,20.186,87310.727,-0.881,52.000
0.047,0.002,0.011,21.266,176037.906,3.148,52.000
0.050,0.020,0.010,18.829,157986.094,7.291,52.000
0.044,0.001,0.006,22.003,125099.242,2.195,52.000
0.053,0.001,0.017,21.651,125102.727,2.080,52.000
0.051,0.008,0.014,22.100,185203.250,7.631,52.000
0.054,0.001,0.009,27.480,12079.648,0.501,52.000
0.051,0.000,0.022,18.443,-22253.273,2.800,52.000
0.052,0.007,0.011,19.018,132435.125,4.286,52.000
0.053,0.002,0.011,21.749,154562.812,3.036,52.000
0.051,0.000,0.015,29.536,-8383.383,-1.751,52.000
0.048,0.007,0.011,20.959,139108.469,3.636,52.000
0.050,0.023,0.013,19.166,148150.062,6.605,52.000
0.048,0.001,0.019,23.268,13079.461,-0.351,52.000
0.049,0.014,0.011,18.608,176043.469,6.707,52.000
0.051,0.014,0.010,18.841,172557.750,6.022,52.000
0.048,0.010,0.011,18.474,116312.148,6.497,52.000
0.057,0.002,0.013,19.971,142102.719,2.339,52.000
0.000,0.012,0.012,23.002,65387.617,4.710,52.000
0.051,0.012,0.014,23.051,149042.438,6.692,52.000
0.100,0.013,0.013,21.716,-505.180,5.273,52.000
0.050,0.027,0.010,22.670,140258.844,5.617,52.000
0.046,0.000,0.015,28.948,-55262.336,-2.759,52.000
0.051,0.016,0.012,19.632,184718.062,7.450,52.000
0.041,0.001,0.006,20.931,151426.250,2.156,52.000
0.050,0.008,0.011,18.331,120506.836,4.469,52.000
0.049,0.003,0.014,18.710,164309.750,0.612,52.000
0.048,0.004,0.011,20.500,159082.844,2.752,52.000
0.053,0.000,0.021,20.122,-81310.711,0.732,52.000
0.049,0.000,0.007,21.656,-23982.195,1.030,52.000
0.055,0.001,0.010,28.151,18987.008,-0.232,52.000
0.045,0.001,0.012,25.722,10463.156,0.885,52.000
0.052,0.000,0.013,31.789,-87904.445,-1.183,52.000
0.001,0.011,0.013,22.093,25809.117,5.400,52.000
0.057,0.000,0.020,21.920,7924.031,2.909,52.000
0.002,0.012,0.013,23.186,75111.180,5.522,52.000
0.052,0.014,0.012,19.102,162193.062,7.770,52.000
0.048,0.001,0.005,20.470,99927.711,1.862,52.000
0.053,0.001,0.009,26.004,61550.008,1.047,52.000
0.049,0.010,0.014,22.703,143884.656,6.720,52.000
0.049,0.024,0.011,21.806,163825.719,6.063,52.000
0.044,0.001,0.011,20.799,135775.188,1.953,52.000
0.052,0.000,0.014,30.042,-46053.836,-0.197,52.000
0.048,0.012,0.010,16.090,138945.188,7.427,52.000
0.050,0.009,0.013,22.082,173166.094,7.508,52.000
0.049,0.000,0.015,26.839,70983.133,1.294,52.000
0.044,0.001,0.013,17.016,155063.969,2.342,52.000
0.052,0.001,0.017,25.591,41808.414,-0.067,52.000
0.052,0.000,0.019,21.196,-36354.000,1.635,52.000
0.057,0.001,0.013,21.096,103598.102,1.292,52.000
0.051,0.008,0.010,16.704,161139.500,4.267,52.000
0.099,0.012,0.012,20.729,88335.023,4.592,52.000
0.056,0.001,0.013,20.072,140907.531,2.310,52.000
0.049,0.005,0.013,16.564,140083.594,3.367,52.000
0.049,0.001,0.010,26.448,16786.523,2.098,52.000
0.046,0.001,0.013,18.539,144440.844,1.044,52.000
0.049,0.026,0.013,21.641,146661.219,6.831,52.000
0.049,0.026,0.011,22.761,162089.062,5.745,52.000
0.055,0.000,0.002,23.466,-4809.336,0.882,52.000
0.040,0.001,0.013,17.567,95013.773,-0.291,52.000
0.001,0.011,0.011,21.451,128728.914,1.786,52.000
0.050,0.005,0.013,17.561,153698.000,3.465,52.000
0.051,0.005,0.011,21.898,157560.000,2.972,52.000
0.041,0.001,0.017,22.375,67621.664,0.006,52.000
0.049,0.009,0.011,18.571,118075.305,5.786,52.000
0.044,0.000,0.018,24.255,23431.383,-1.970,52.000
0.048,0.027,0.012,18.243,183721.875,5.881,52.000
0.003,0.012,0.012,22.385,117617.289,4.243,52.000
0.044,0.001,0.006,22.944,28543.414,1.082,52.000
0.048,0.012,0.013,21.282,146968.344,7.779,52.000
0.048,0.010,0.010,16.362,136481.062,6.838,52.000
0.049,0.026,0.012,22.799,123431.883,5.784,52.000
0.053,0.001,0.006,22.023,113574.305,2.854,52.000
0.098,0.012,0.013,21.591,93426.648,3.046,52.000
0.050,0.009,0.010,16.536,146148.594,5.637,52.000
0.050,0.014,0.010,18.759,175694.500,6.508,52.000
0.049,0.015,0.010,18.130,176974.719,6.676,52.000
0.048,0.018,0.011,20.286,199207.750,7.225,52.000
0.047,0.000,0.019,23.221,-12195.367,-0.845,52.000
0.050,0.010,0.010,14.648,158095.969,6.769,52.000
0.099,0.011,0.012,20.541,82159.898,4.692,52.000
0.055,0.000,0.006,24.429,-16921.094,-0.083,52.000
0.042,0.001,0.006,21.103,141934.688,1.612,52.000
0.056,0.001,0.017,22.134,108080.070,1.772,52.000
0.098,0.013,0.013,21.457,88929.617,3.460,52.000
0.050,0.025,0.012,19.725,154966.594,6.992,52.000
0.049,0.001,0.008,22.153,129831.961,2.931,52.000
0.052,0.000,0.018,22.604,-10437.164,0.655,52.000
0.048,0.001,0.002,19.980,59170.195,0.275,52.000
0.050,0.024,0.010,21.048,151940.969,5.885,52.000
0.047,0.000,0.019,22.134,29827.133,0.505,52.000
0.052,0.026,0.011,20.098,144258.875,6.426,52.000
0.051,0.003,0.015,21.540,166120.844,3.307,52.000
0.057,0.000,0.014,26.033,23882.672,-0.267,52.000
0.050,0.023,0.012,19.474,171878.031,7.067,52.000
0.048,0.001,0.018,23.330,91025.180,1.425,52.000
0.048,0.000,0.017,24.874,5942.992,-0.089,52.000
0.042,0.000,0.010,20.976,19552.797,-1.025,52.000
0.053,0.002,0.014,22.535,164167.844,3.615,52.000
0.052,0.007,0.012,20.041,133079.438,5.027,52.000
0.059,0.001,0.015,19.798,156845.438,1.479,52.000
0.049,0.001,0.011,22.836,136827.250,2.801,52.000
0.043,0.000,0.007,22.250,30689.055,-0.949,52.000
0.047,0.000,0.012,28.955,-14129.305,-0.673,52.000
0.051,0.000,0.020,20.129,2389.945,2.699,52.000
0.056,0.002,0.017,21.091,130047.086,2.164,52.000
0.055,0.002,0.011,20.642,141059.812,1.903,52.000
0.051,0.011,0.012,20.656,184828.938,8.140,52.000
0.048,0.013,0.010,15.922,138407.312,7.168,52.000
0.044,0.001,0.003,18.772,136793.781,1.581,52.000
0.048,0.026,0.013,21.128,138610.812,6.219,52.000
0.048,0.011,0.012,19.548,152306.969,6.665,52.000
0.058,0.001,0.018,21.274,106306.211,2.105,52.000
0.042,0.001,0.005,19.530,142857.750,2.503,52.000
0.052,0.003,0.012,21.758,162816.188,2.673,52.000
0.049,0.024,0.011,21.569,168429.812,6.301,52.000
0.051,0.014,0.010,19.166,173818.375,6.327,52.000
0.052,0.000,0.008,26.178,10058.719,0.577,52.000
0.051,0.001,0.017,24.274,87863.602,1.543,52.000
0.052,0.007,0.012,20.297,141417.125,4.381,52.000
0.054,0.001,0.006,22.374,104146.961,2.349,52.000
0.055,0.000,0.008,24.692,10564.422,-0.163,52.000
0.048,0.015,0.012,19.113,173318.125,8.147,52.000
0.048,0.017,0.012,20.391,191809.312,7.442,52.000
0.058,0.001,0.006,21.941,110092.789,1.224,52.000
0.051,0.025,0.014,20.209,109760.977,5.971,52.000
0.057,0.000,0.016,24.892,11391.539,0.061,52.000
0.051,0.013,0.011,18.607,169309.000,6.792,52.000
0.049,0.013,0.014,21.534,128614.555,6.570,52.000
0.048,0.024,0.012,21.487,172776.406,6.607,52.000
0.043,0.001,0.010,21.393,111206.539,1.009,52.000
0.048,0.021,0.012,20.012,189943.969,6.927,52.000
0.052,0.004,0.013,17.712,193107.812,3.156,52.000
0.048,0.001,0.017,25.739,32963.680,0.013,52.000
0.053,0.001,0.004,20.944,103372.180,1.960,52.000
0.056,0.000,0.014,23.016,74987.633,0.961,52.000
0.052,0.024,0.013,19.211,115951.133,6.415,52.000
0.049,0.006,0.010,21.450,155463.812,3.037,52.000
0.039,0.001,0.015,18.839,82242.461,0.787,52.000
0.050,0.005,0.012,16.921,159649.250,3.267,52.000
0.051,0.009,0.010,16.140,161083.281,4.887,52.000
0.051,0.020,0.012,17.757,171533.125,7.553,52.000
0.049,0.003,0.011,21.868,168000.688,3.030,52.000
0.051,0.025,0.014,20.712,113888.461,5.962,52.000
0.050,0.012,0.013,21.375,167184.062,7.985,52.000
0.051,0.014,0.012,19.646,165985.031,7.640,52.000
0.049,0.014,0.013,20.007,163077.938,7.852,52.000
0.050,0.018,0.012,20.065,194149.875,7.405,52.000
0.051,0.012,0.010,16.469,162698.500,7.111,52.000
0.049,0.018,0.011,20.057,203593.594,7.344,52.000
0.048,0.007,0.010,21.224,143341.531,3.673,52.000
0.053,0.001,0.018,20.455,122275.711,2.449,52.000
0.051,0.001,0.017,23.069,128158.992,2.750,52.000
0.050,0.006,0.012,18.273,128909.383,3.399,52.000
0.046,0.002,0.012,20.237,170083.125,2.967,52.000
0.002,0.011,0.011,21.372,133641.406,1.653,52.000
0.050,0.021,0.012,19.536,182697.000,6.900,52.000
0.056,0.000,0.021,21.499,-40486.199,3.194,52.000
0.052,0.001,0.020,19.220,85192.445,2.443,52.000
0.050,0.011,0.010,14.619,153970.031,6.951,52.000
0.045,0.001,0.013,26.033,-9869.867,0.079,52.000
0.051,0.018,0.013,19.671,161626.969,7.874,52.000
0.048,0.005,0.014,18.511,161049.406,1.461,52.000
0.049,0.024,0.012,20.797,171629.000,6.932,52.000
0.040,0.000,0.014,20.119,33274.258,-1.291,52.000
0.002,0.013,0.013,23.980,102188.102,5.217,52.000
0.051,0.025,0.013,19.325,139404.156,6.739,52.000
0.044,0.002,0.007,21.354,141034.844,3.493,52.000
0.045,0.001,0.016,25.435,110172.320,1.578,52.000
0.051,0.023,0.013,19.202,125392.258,6.115,52.000
0.045,0.001,0.005,21.051,95146.102,1.505,52.000
0.048,0.022,0.011,20.815,173539.656,6.478,52.000
0.047,0.000,0.014,25.697,-2993.797,1.054,52.000
0.048,0.001,0.022,19.957,65811.867,2.204,52.000
0.045,0.002,0.011,20.336,171952.375,2.952,52.000
0.046,0.001,0.013,17.830,171268.125,1.883,52.000
0.050,0.012,0.012,19.373,186131.500,8.173,52.000
0.050,0.010,0.010,15.889,151020.219,6.839,52.000
0.050,0.011,0.009,13.574,154816.188,6.744,52.000
0.049,0.005,0.013,17.016,143903.375,2.730,52.000
0.050,0.000,0.021,20.657,-59782.035,2.458,52.000
0.050,0.020,0.010,19.093,156256.688,7.302,52.000
0.048,0.026,0.011,22.508,159214.125,5.872,52.000
0.052,0.006,0.013,20.177,156626.156,4.581,52.000
0.048,0.007,0.013,17.381,125132.945,5.509,52.000
0.050,0.027,0.010,22.429,153307.312,5.201,52.000
0.049,0.013,0.013,19.676,158385.094,7.775,52.000
0.047,0.000,0.015,27.328,-933.062,0.572,52.000
0.052,0.000,0.005,23.875,10086.789,0.885,52.000
0.050,0.012,0.014,23.735,137401.438,6.682,52.000
0.045,0.001,0.015,22.315,140779.719,1.796,52.000
0.049,0.012,0.014,23.590,135172.938,6.923,52.000
0.040,0.001,0.015,18.588,60221.602,-0.429,52.000
0.049,0.016,0.013,19.960,179583.031,8.159,52.000
0.054,0.001,0.015,22.541,137906.531,2.381,52.000
0.050,0.014,0.011,19.347,173245.000,7.230,52.000
0.050,0.000,0.005,23.959,11808.820,0.231,52.000
0.053,0.001,0.013,26.990,86891.617,1.115,52.000
0.050,0.011,0.013,22.729,160157.656,7.799,52.000
0.049,0.000,0.015,28.841,-64080.316,-1.935,52.000
0.059,0.001,0.012,18.486,108367.086,0.852,52.000
0.098,0.013,0.012,21.123,76228.055,5.243,52.000
0.057,0.001,0.005,21.701,111583.086,1.810,52.000
0.055,0.001,0.015,24.393,110806.023,0.920,52.000
0.044,0.001,0.016,25.849,96851.867,0.591,52.000
0.051,0.016,0.011,19.698,189489.344,7.395,52.000
0.049,0.011,0.011,18.249,155375.500,7.368,52.000
0.044,0.000,0.007,21.833,51654.883,-0.116,52.000
0.045,0.001,0.022,21.064,43577.852,1.832,52.000
0.049,0.001,0.016,25.836,77783.586,1.394,52.000
0.043,0.002,0.014,16.367,137242.094,1.978,52.000
0.044,0.001,0.019,23.559,40248.977,0.405,52.000
0.060,0.001,0.015,20.109,156836.969,1.395,52.000
0.042,0.001,0.012,18.904,139468.906,1.020,52.000
0.046,0.002,0.009,20.403,172551.812,3.498,52.000
0.053,0.001,0.017,24.146,99275.273,1.303,52.000
0.057,0.001,0.014,20.336,147814.469,1.617,52.000
0.049,0.014,0.014,20.849,125119.852,6.524,52.000
0.056,0.001,0.005,21.749,111259.664,2.010,52.000
0.055,0.002,0.014,21.899,147278.062,2.419,52.000
0.046,0.001,0.013,19.018,136396.844,1.364,52.000
0.052,0.007,0.011,19.109,133439.594,4.016,52.000
0.052,0.019,0.011,18.992,176827.312,6.822,52.000
0.048,0.022,0.012,20.208,183055.031,7.088,52.000
0.050,0.014,0.011,19.100,179754.812,6.912,52.000
0.051,0.014,0.013,20.161,162906.875,7.966,52.000
0.049,0.001,0.021,22.184,25720.922,0.759,52.000
0.050,0.000,0.005,22.759,-39607.785,-0.106,52.000
0.051,0.027,0.014,25.087,36013.148,4.921,52.000
0.048,0.010,0.012,18.981,138141.844,6.351,52.000
0.051,0.023,0.010,20.395,146540.562,5.593,52.000
0.051,0.026,0.013,19.950,111875.367,6.622,52.000
0.051,0.021,0.011,19.583,167004.000,6.347,52.000
0.049,0.013,0.012,19.234,166659.188,8.019,52.000
0.050,0.023,0.014,20.380,123921.805,6.000,52.000
0.048,0.020,0.011,19.840,183331.312,7.028,52.000
0.046,0.001,0.010,24.491,49672.680,2.246,52.000
0.050,0.000,0.014,31.098,-62199.145,-1.926,52.000
0.054,0.000,0.016,22.010,19284.969,-0.474,52.000
0.049,0.018,0.013,20.793,152484.188,6.867,52.000
0.047,0.001,0.018,24.423,38061.727,-0.133,52.000
0.043,0.001,0.014,19.594,88524.336,0.679,52.000
0.047,0.001,0.020,21.867,85142.055,1.911,52.000
0.053,0.001,0.016,23.815,117835.977,1.418,52.000
0.049,0.021,0.011,20.447,167976.938,6.539,52.000
0.059,0.000,0.013,21.831,66896.289,1.990,52.000
0.052,0.000,0.003,20.361,32250.070,0.572,52.000
0.056,0.001,0.018,20.809,103633.945,2.400,52.000
0.048,0.021,0.013,20.405,166387.812,6.975,52.000
0.050,0.002,0.011,22.520,166285.469,3.190,52.000
0.049,0.000,0.016,28.547,29475.711,-1.941,52.000
0.050,0.004,0.013,17.236,172594.406,1.886,52.000
0.048,0.002,0.006,20.367,100410.711,2.696,52.000
0.048,0.000,0.016,28.458,-60235.555,-2.588,52.000
0.041,0.001,0.015,20.476,79462.742,-0.055,52.000
0.051,0.015,0.013,20.047,166811.000,8.232,52.000
0.002,0.012,0.013,23.297,69543.070,5.698,52.000
0.050,0.014,0.012,20.098,163179.469,7.882,52.000
0.055,0.001,0.011,22.653,107736.852,0.944,52.000
0.044,0.001,0.011,19.556,167407.562,2.624,52.000
0.047,0.001,0.012,24.076,59645.070,1.812,52.000
0.048,0.010,0.013,21.594,157712.844,7.756,52.000
0.051,0.001,0.016,26.635,43396.992,0.058,52.000
0.054,0.000,0.005,22.194,21809.172,0.398,52.000
0.052,0.011,0.014,22.061,161293.656,7.354,52.000
0.050,0.007,0.012,19.111,127592.773,3.820,52.000
0.052,0.018,0.011,18.779,180021.281,6.971,52.000
0.048,0.014,0.010,16.987,160595.750,6.724,52.000
0.045,0.000,0.021,21.289,-30787.281,1.205,52.000
0.053,0.001,0.012,21.764,131291.500,2.161,52.000
0.051,0.011,0.012,19.298,189259.062,8.087,52.000
0.045,0.002,0.015,22.041,143251.000,1.984,52.000
0.044,0.001,0.011,22.006,110945.477,1.787,52.000
0.049,0.010,0.011,17.715,147595.656,7.154,52.000
0.048,0.005,0.013,15.576,137661.281,2.326,52.000
0.049,0.022,0.010,20.805,157850.938,6.308,52.000
0.050,0.015,0.014,20.649,134149.938,6.754,52.000
0.049,0.021,0.013,19.568,170220.438,7.058,52.000
0.051,0.001,0.021,19.431,85594.773,2.409,52.000
0.050,0.004,0.009,21.813,159484.531,2.800,52.000
0.048,0.001,0.004,19.062,113513.180,1.681,52.000
0.052,0.001,0.009,23.241,129234.758,2.284,52.000
0.048,0.001,0.021,19.981,86922.992,2.386,52.000
0.042,0.001,0.015,24.367,40494.602,-0.662,52.000
0.044,0.000,0.004,20.213,74520.820,0.862,52.000
0.060,0.000,0.010,25.293,46619.383,1.511,52.000
0.054,0.001,0.010,26.405,52926.195,0.285,52.000
0.049,0.022,0.014,20.260,125918.633,6.347,52.000
0.048,0.005,0.014,17.461,139026.344,2.859,52.000
0.057,0.001,0.014,21.775,129279.492,0.872,52.000
0.059,0.001,0.007,20.450,120131.445,1.370,52.000
0.048,0.002,0.013,16.895,177629.281,2.072,52.000
0.049,0.016,0.011,18.574,202616.625,7.687,52.000
0.052,0.025,0.013,19.674,113360.086,6.373,52.000
0.049,0.005,0.013,17.183,150474.125,2.275,52.000
0.051,0.021,0.010,19.070,152291.750,6.173,52.000
0.051,0.023,0.013,19.382,129498.992,6.050,52.000
0.056,0.002,0.009,22.799,104917.648,1.231,52.000
0.054,0.000,0.007,24.865,32149.289,0.870,52.000
0.048,0.011,0.011,16.921,139706.875,7.336,52.000
0.042,0.001,0.016,23.253,82512.695,0.247,52.000
0.048,0.001,0.017,22.532,131165.031,3.285,52.000
0.050,0.018,0.014,20.170,120071.539,6.118,52.000
0.053,0.000,0.003,23.111,6039.023,0.416,52.000
0.052,0.003,0.013,18.696,193903.656,2.995,52.000
0.044,0.002,0.012,17.962,164359.312,2.013,52.000
0.047,0.000,0.011,26.239,4127.289,0.142,52.000
0.046,0.000,0.016,26.267,-42955.305,-0.066,52.000
0.049,0.000,0.012,27.615,34507.805,-0.125,52.000
0.048,0.001,0.013,18.144,178977.188,1.979,52.000
0.048,0.000,0.007,24.417,5669.453,0.559,52.000
0.049,0.027,0.011,26.192,113108.070,3.961,52.000
0.054,0.001,0.017,21.538,126514.836,2.192,52.000
0.056,0.001,0.010,24.065,80039.398,0.041,52.000
0.051,0.008,0.012,20.087,140077.156,5.949,52.000
0.048,0.016,0.012,20.179,188661.625,7.722,52.000
0.044,0.000,0.006,19.816,-19171.188,1.289,52.000
0.042,0.001,0.008,22.604,67263.883,1.898,52.000
0.049,0.001,0.005,23.293,15759.688,0.957,52.000
0.055,0.001,0.013,24.829,72768.430,0.014,52.000
0.053,0.001,0.019,20.613,46575.867,1.715,52.000
0.051,0.010,0.011,18.544,168775.625,7.315,52.000
0.051,0.005,0.011,20.281,155596.969,2.744,52.000
0.060,0.001,0.016,21.248,141254.219,1.197,52.000
0.042,0.001,0.017,25.870,21365.227,-0.755,52.000
0.099,0.013,0.013,21.382,88527.945,3.744,52.000
0.047,0.002,0.013,17.233,162706.688,0.726,52.000
0.050,0.017,0.013,20.351,168103.438,7.687,52.000
0.058,0.001,0.015,23.269,123534.695,0.373,52.000
0.050,0.022,0.010,20.009,145366.625,6.412,52.000
0.097,0.012,0.013,21.056,95064.648,3.504,52.000
0.052,0.005,0.013,18.767,188893.375,3.835,52.000
0.050,0.011,0.009,13.639,154219.594,6.755,52.000
0.001,0.012,0.013,23.320,100509.180,4.789,52.000
0.051,0.013,0.011,17.915,166077.844,6.871,52.000
0.051,0.021,0.013,18.938,130865.930,6.574,52.000
0.048,0.004,0.013,16.088,152421.656,2.481,52.000
0.046,0.000,0.019,23.379,25896.016,-0.737,52.000
0.059,0.001,0.017,20.749,148353.281,1.725,52.000
0.052,0.001,0.017,25.844,34371.039,-0.244,52.000
0.050,0.010,0.011,16.695,146072.312,6.740,52.000
0.049,0.017,0.013,20.255,172648.188,7.776,52.000
0.052,0.021,0.012,18.019,153682.250,6.958,52.000
0.055,0.001,0.004,23.051,30102.102,1.090,52.000
0.048,0.013,0.011,18.395,167734.406,7.853,52.000
0.046,0.001,0.011,21.415,141002.219,2.706,52.000
0.056,0.000,0.016,25.224,49305.461,-0.298,52.000
0.050,0.020,0.012,19.594,179207.719,7.136,52.000
0.097,0.013,0.012,20.973,81572.742,4.797,52.000
0.050,0.008,0.013,21.418,187385.844,7.211,52.000
0.052,0.025,0.011,19.745,146202.812,6.475,52.000
0.052,0.026,0.013,19.636,123234.070,6.723,52.000
0.042,0.000,0.015,23.705,-32565.133,-2.946,52.000
0.049,0.014,0.013,20.029,167058.031,7.839,52.000
0.059,0.001,0.018,19.728,138163.469,1.887,52.000
0.046,0.001,0.021,21.412,70420.070,1.896,52.000
0.050,0.001,0.020,21.302,21079.469,0.810,52.000
0.047,0.001,0.003,18.892,117198.117,1.626,52.000
0.054,0.001,0.004,20.782,104166.898,2.211,52.000
0.052,0.001,0.011,22.430,149352.969,2.970,52.000
0.099,0.013,0.013,21.760,80985.727,3.203,52.000
0.043,0.002,0.015,19.475,140285.625,1.763,52.000
0.049,0.015,0.011,19.273,179396.594,7.724,52.000
0.058,0.000,0.013,20.319,61809.352,1.048,52.000
0.047,0.002,0.018,22.314,135069.031,3.393,52.000
0.056,0.001,0.005,21.141,121334.195,2.419,52.000
0.053,0.002,0.011,22.450,149857.375,2.890,52.000
0.059,0.001,0.018,20.380,151967.094,1.816,52.000
0.002,0.010,0.012,22.537,87000.695,4.300,52.000
0.052,0.005,0.012,18.745,166411.750,3.046,52.000
0.047,0.000,0.009,29.402,-52782.059,1.668,52.000
0.048,0.000,0.010,29.515,-20618.219,3.273,52.000
0.051,0.025,0.012,18.733,143380.281,6.925,52.000
0.045,0.000,0.013,27.140,-103579.172,-2.761,52.000
0.049,0.012,0.011,16.518,143903.250,7.538,52.000
0.058,0.001,0.007,26.277,-16287.805,-0.173,52.000
0.052,0.015,0.014,21.074,134679.656,7.369,52.000
0.059,0.001,0.017,21.361,104625.992,1.568,52.000
0.047,0.001,0.017,25.889,38048.898,-0.159,52.000
0.055,0.001,0.009,27.297,31973.695,0.105,52.000
0.053,0.000,0.014,29.312,5521.867,1.994,52.000
0.048,0.001,0.003,19.262,104784.117,0.968,52.000
0.053,0.001,0.011,22.234,143268.062,2.451,52.000
0.051,0.019,0.011,19.151,179092.219,6.964,52.000
0.051,0.018,0.014,19.548,127941.805,7.018,52.000
0.053,0.001,0.017,22.798,113685.852,1.657,52.000
0.051,0.021,0.014,19.306,127230.367,6.548,52.000
0.052,0.024,0.012,18.295,139903.000,6.781,52.000
0.059,0.000,0.016,19.527,24630.844,0.145,52.000
0.048,0.005,0.014,18.254,158098.031,2.252,52.000
0.041,0.001,0.010,20.732,131031.711,0.618,52.000
0.052,0.012,0.011,18.136,175008.469,7.469,52.000
0.048,0.002,0.014,19.917,174432.219,1.124,52.000
0.050,0.001,0.017,22.664,127969.508,3.059,52.000
0.048,0.023,0.013,20.474,145791.094,6.602,52.000
0.050,0.001,0.015,28.263,59390.055,0.579,52.000
0.048,0.001,0.019,22.352,80972.602,1.413,52.000
0.051,0.007,0.010,18.905,139720.125,2.823,52.000
0.050,0.025,0.012,20.584,166343.344,6.812,52.000
0.046,0.000,0.006,21.681,-55834.520,1.572,52.000
0.048,0.005,0.013,15.464,132936.500,2.576,52.000
0.048,0.015,0.013,19.555,170741.562,7.973,52.000
0.000,0.012,0.013,23.564,-24385.047,6.470,52.000
0.048,0.025,0.011,22.251,164452.844,6.158,52.000
0.057,0.001,0.015,22.168,103701.414,1.700,52.000
0.052,0.002,0.019,20.048,107223.336,2.539,52.000
0.048,0.010,0.012,19.667,140552.469,6.354,52.000
0.053,0.001,0.013,22.258,124426.898,1.703,52.000
0.098,0.012,0.012,20.849,85281.258,4.958,52.000
0.051,0.000,0.005,23.460,20451.344,1.078,52.000
0.046,0.001,0.011,20.485,172541.469,3.217,52.000
0.049,0.004,0.015,20.270,175975.344,2.388,52.000
0.051,0.006,0.010,21.258,131800.500,2.548,52.000
0.055,0.001,0.014,22.459,144658.375,2.056,52.000
0.050,0.015,0.013,20.138,155717.500,7.548,52.000
0.051,0.001,0.003,19.939,103910.477,1.521,52.000
0.055,0.000,0.013,27.540,19898.773,1.036,52.000
0.052,0.019,0.013,18.546,147410.594,7.707,52.000
0.052,0.000,0.020,20.134,-52580.191,0.423,52.000
0.045,0.000,0.009,25.613,4394.820,0.674,52.000
0.041,0.000,0.015,19.183,-10004.234,-2.117,52.000
0.048,0.002,0.010,21.286,173221.688,3.403,52.000
0.049,0.027,0.014,12.100,171303.156,5.715,52.000
0.043,0.001,0.012,18.441,134310.156,1.739,52.000
0.056,0.001,0.016,23.617,96514.695,1.263,52.000
0.051,0.015,0.012,19.627,170514.312,7.779,52.000
0.049,0.015,0.011,18.591,197098.750,7.393,52.000
0.002,0.011,0.010,21.210,137285.469,1.447,52.000
0.049,0.008,0.013,19.044,135708.125,5.938,52.000
0.057,0.001,0.006,21.341,117020.352,1.788,52.000
0.050,0.020,0.012,19.663,187036.250,6.901,52.000
0.049,0.020,0.011,19.528,185120.750,6.944,52.000
0.047,0.001,0.007,21.597,125711.773,3.065,52.000
0.049,0.009,0.013,20.540,155203.969,7.166,52.000
0.048,0.026,0.012,21.429,162842.781,6.996,52.000
0.049,0.025,0.011,22.618,163705.156,5.768,52.000
0.049,0.015,0.011,19.093,179064.250,7.624,52.000
0.052,0.021,0.013,17.844,150330.156,7.003,52.000
0.050,0.011,0.012,21.218,188739.219,8.381,52.000
0.055,0.001,0.005,21.265,120152.836,2.707,52.000
0.045,0.002,0.008,21.395,144947.344,3.370,52.000
0.056,0.000,0.009,26.546,-1707.031,0.356,52.000
0.050,0.020,0.013,19.396,168428.906,7.359,52.000
0.052,0.000,0.017,26.813,-81419.305,-1.539,52.000
0.047,0.001,0.007,22.285,111428.727,2.676,52.000
0.052,0.000,0.010,31.322,-63107.938,-0.230,52.000
0.051,0.016,0.013,20.230,161387.562,7.653,52.000
0.048,0.002,0.008,21.426,131769.594,3.101,52.000
0.043,0.000,0.013,23.191,-17739.234,-0.963,52.000
0.050,0.019,0.010,18.820,163174.562,7.566,52.000
0.058,0.001,0.018,22.034,109737.680,1.684,52.000
0.051,0.003,0.010,22.464,159201.281,2.800,52.000
0.042,0.000,0.011,21.735,9937.320,0.630,52.000
0.051,0.007,0.010,19.119,125162.445,3.164,52.000
0.099,0.012,0.012,20.558,91506.992,4.600,52.000
0.051,0.009,0.011,16.885,143819.656,5.743,52.000
0.049,0.005,0.013,16.591,150900.125,2.956,52.000
0.051,0.026,0.014,21.796,82687.727,5.748,52.000
0.047,0.001,0.009,26.298,-1910.250,2.290,52.000
0.049,0.006,0.012,16.801,140013.531,3.695,52.000
0.057,0.000,0.004,21.118,102552.805,1.968,52.000
0.049,0.022,0.012,20.237,181233.344,6.868,52.000
0.049,0.021,0.011,20.251,179449.438,6.509,52.000
0.045,0.000,0.014,28.845,-90320.656,-2.823,52.000
0.059,0.001,0.007,22.114,92574.852,0.461,52.000
0.049,0.019,0.012,20.157,193465.219,7.040,52.000
0.041,0.001,0.006,20.953,146953.031,2.067,52.000
0.056,0.000,0.018,22.397,1821.500,1.681,52.000
0.002,0.011,0.012,22.787,80188.180,4.890,52.000
0.048,0.008,0.010,19.771,134956.969,4.466,52.000
0.051,0.019,0.013,18.826,166010.375,7.803,52.000
0.049,0.017,0.012,20.060,195649.500,7.388,52.000
0.052,0.014,0.012,19.376,164753.344,8.119,52.000
0.045,0.001,0.016,23.816,129523.570,2.331,52.000
0.052,0.012,0.010,16.847,165818.812,6.922,52.000
0.099,0.013,0.013,21.576,89291.883,3.311,52.000
0.057,0.001,0.017,22.893,116687.117,1.023,52.000
0.042,0.001,0.006,21.638,141633.625,2.205,52.000
0.055,0.000,0.010,30.397,4865.102,0.860,52.000
0.050,0.014,0.013,20.163,164192.125,7.876,52.000
0.051,0.008,0.014,21.793,184466.562,7.563,52.000
0.060,0.000,0.012,19.031,88815.602,1.902,52.000
0.051,0.016,0.013,19.468,184794.156,8.187,52.000
0.048,0.005,0.011,21.022,150590.219,2.673,52.000
0.048,0.007,0.010,20.853,152556.812,3.915,52.000
0.059,0.001,0.009,17.559,144063.281,1.131,52.000
0.052,0.001,0.005,21.541,104956.508,2.072,52.000
0.046,0.000,0.016,27.459,-84158.398,-2.210,52.000
0.050,0.026,0.013,20.548,126054.586,6.196,52.000
0.055,0.001,0.012,27.750,71810.070,1.660,52.000
0.057,0.000,0.009,26.265,-26394.109,0.218,52.000
0.057,0.000,0.007,24.665,5500.828,0.288,52.000
0.051,0.021,0.013,18.310,160159.688,7.030,52.000
0.049,0.022,0.010,20.385,151647.594,6.535,52.000
0.049,0.001,0.002,20.099,23350.133,-0.059,52.000
0.057,0.002,0.011,20.095,127425.945,0.872,52.000
0.049,0.022,0.012,20.016,182142.812,6.847,52.000
0.048,0.009,0.011,17.903,120794.039,6.249,52.000
0.048,0.002,0.010,21.822,168705.062,3.113,52.000
0.055,0.001,0.012,22.993,94807.414,0.209,52.000
0.051,0.027,0.011,24.912,140577.344,5.143,52.000
0.049,0.014,0.010,17.636,168210.438,6.735,52.000
0.049,0.012,0.014,22.927,148393.594,7.487,52.000
0.051,0.000,0.007,25.436,850.562,0.750,52.000
0.046,0.000,0.009,25.331,1649.453,1.455,52.000
0.057,0.001,0.018,20.808,84028.227,1.955,52.000
0.050,0.025,0.014,20.092,104251.523,5.920,52.000
0.048,0.000,0.012,28.168,6524.195,0.010,52.000
0.061,0.001,0.013,18.100,131730.125,1.782,52.000
0.050,0.005,0.012,16.654,146465.156,3.591,52.000
0.049,0.001,0.009,26.157,36075.258,1.971,52.000
0.052,0.002,0.014,21.269,174359.656,3.548,52.000
0.047,0.001,0.006,20.574,113402.195,2.817,52.000
0.051,0.001,0.015,25.629,114481.867,1.649,52.000
0.000,0.011,0.013,19.698,-10982.141,10.443,52.000
0.047,0.001,0.002,18.646,116055.352,0.918,52.000
0.048,0.001,0.008,23.126,119626.039,2.464,52.000
0.050,0.020,0.010,19.040,162295.031,7.253,52.000
0.051,0.001,0.008,25.919,38147.805,1.835,52.000
0.052,0.019,0.011,18.951,173222.125,6.771,52.000
0.050,0.023,0.012,19.020,166911.062,7.027,52.000
0.052,0.000,0.009,29.703,-85438.289,0.437,52.000
0.048,0.007,0.012,18.796,125927.133,3.928,52.000
0.045,0.002,0.012,17.724,165641.438,2.367,52.000
0.098,0.011,0.013,20.634,105339.523,3.205,52.000
0.059,0.000,0.006,25.198,-63278.211,1.419,52.000
0.046,0.000,0.017,24.982,13105.055,-0.563,52.000
0.049,0.005,0.011,21.195,154543.156,2.671,52.000
0.047,0.001,0.002,19.743,57558.789,0.256,52.000
0.054,0.001,0.020,19.298,8275.648,1.571,52.000
0.047,0.001,0.010,21.936,149866.844,2.957,52.000
0.050,0.001,0.002,20.335,67732.117,0.442,52.000
0.041,0.001,0.010,19.263,141391.906,0.716,52.000
0.051,0.023,0.013,19.219,139748.531,6.286,52.000
0.042,0.001,0.011,22.233,47585.305,0.043,52.000
0.051,0.001,0.002,21.494,-29051.336,-0.761,52.000
0.049,0.018,0.014,20.112,124014.977,6.332,52.000
0.049,0.002,0.015,20.816,162974.500,2.276,52.000
0.049,0.001,0.009,24.638,84973.258,2.674,52.000
0.053,0.001,0.009,25.626,90798.055,1.047,52.000
0.052,0.019,0.012,17.802,171283.844,7.709,52.000
0.051,0.017,0.010,18.179,182110.875,7.382,52.000
0.053,0.001,0.007,24.077,90772.102,2.188,52.000
0.052,0.007,0.011,19.684,135840.344,3.490,52.000
0.061,0.001,0.011,19.434,82309.430,0.588,52.000
0.052,0.018,0.014,19.779,135094.844,7.166,52.000
0.056,0.001,0.015,24.076,104298.305,0.791,52.000
0.053,0.001,0.014,23.685,136747.438,2.479,52.000
0.050,0.006,0.010,20.535,152163.312,3.063,52.000
0.046,0.001,0.018,23.286,126917.758,2.781,52.000
0.053,0.000,0.012,30.874,22574.617,0.623,52.000
0.051,0.008,0.011,19.083,121987.570,5.270,52.000
0.051,0.001,0.006,21.336,107125.633,2.290,52.000
0.051,0.027,0.014,20.855,129778.898,5.239,52.000
0.047,0.001,0.020,21.468,31953.898,0.812,52.000
0.048,0.008,0.012,17.666,119936.133,4.922,52.000
0.048,0.001,0.005,20.932,100893.430,2.319,52.000
0.052,0.000,0.002,19.868,-24503.891,0.537,52.000
0.051,0.001,0.017,26.099,-20720.797,-0.886,52.000
0.051,0.022,0.011,18.763,154399.969,6.453,52.000
0.050,0.014,0.011,19.385,172968.719,7.583,52.000
0.051,0.003,0.011,21.775,165082.250,2.960,52.000
0.061,0.001,0.014,18.601,163004.594,1.868,52.000
0.050,0.001,0.010,25.873,42865.727,2.275,52.000
0.055,0.002,0.017,20.708,128327.586,2.288,52.000
0.059,0.001,0.014,21.336,104586.664,1.377,52.000
0.048,0.000,0.002,17.203,38994.773,2.544,52.000
0.053,0.000,0.021,20.254,-32467.289,1.911,52.000
0.046,0.001,0.018,22.183,126926.680,2.557,52.000
0.050,0.018,0.012,19.769,193958.344,7.406,52.000
0.059,0.000,0.009,22.209,68018.695,0.573,52.000
0.049,0.027,0.013,22.265,106915.148,6.030,52.000
0.049,0.018,0.014,20.418,138214.656,6.621,52.000
0.043,0.000,0.013,22.686,5578.195,0.238,52.000
0.051,0.000,0.007,25.925,7959.680,0.556,52.000
0.050,0.001,0.015,26.016,111528.383,2.045,52.000
0.048,0.026,0.010,23.084,159401.312,5.865,52.000
0.051,0.001,0.019,20.201,105718.758,2.323,52.000
0.055,0.000,0.006,23.592,17597.477,1.166,52.000
0.055,0.001,0.005,20.252,123328.961,2.658,52.000
0.001,0.011,0.013,23.082,78090.383,4.756,52.000
0.042,0.001,0.009,21.339,128749.867,1.227,52.000
0.045,0.000,0.004,18.147,90294.352,1.800,52.000
0.049,0.001,0.019,22.387,79331.852,1.355,52.000
0.054,0.000,0.009,25.600,-15219.391,1.164,52.000
0.045,0.000,0.017,21.607,38927.492,0.920,52.000
0.051,0.003,0.010,22.381,159203.000,2.615,52.000
0.052,0.023,0.012,18.229,129762.117,6.702,52.000
0.052,0.020,0.011,18.870,162722.969,6.574,52.000
0.050,0.001,0.018,26.621,-8605.859,-1.120,52.000
0.048,0.013,0.011,17.781,161392.594,7.257,52.000
0.048,0.001,0.021,20.286,33549.680,1.425,52.000
0.048,0.013,0.011,18.351,168137.250,7.392,52.000
0.059,0.001,0.008,19.166,132683.000,1.705,52.000
0.056,0.000,0.007,23.955,4983.852,-0.746,52.000
0.051,0.015,0.012,19.814,173666.594,7.803,52.000
0.049,0.025,0.013,20.912,142162.094,6.210,52.000
0.053,0.000,0.016,25.200,2730.539,-0.323,52.000
0.051,0.009,0.013,23.371,173966.594,8.027,52.000
0.043,0.000,0.006,20.328,50520.352,-1.680,52.000
0.049,0.005,0.013,16.216,147994.219,2.513,52.000
0.052,0.000,0.014,31.050,-125164.047,-1.518,52.000
0.000,0.012,0.013,20.048,10371.180,9.826,52.000
0.055,0.001,0.009,28.286,-6140.672,0.155,52.000
0.048,0.019,0.012,20.343,192389.656,7.190,52.000
0.060,0.001,0.011,15.268,137834.000,1.372,52.000
0.044,0.001,0.021,20.526,92536.367,2.683,52.000
0.045,0.000,0.018,23.484,15261.141,-0.244,52.000
0.055,0.001,0.016,21.895,125506.008,2.047,52.000
0.058,0.000,0.010,21.553,91796.289,0.403,52.000
0.056,0.000,0.009,28.014,-7568.570,0.908,52.000
0.049,0.006,0.011,19.932,135839.062,3.384,52.000
0.051,0.002,0.009,22.340,156266.938,3.103,52.000
0.051,0.026,0.013,20.363,124372.773,6.246,52.000
0.047,0.001,0.009,21.623,154346.750,2.957,52.000
0.002,0.012,0.012,22.135,119253.414,3.457,52.000
0.046,0.001,0.003,18.736,121452.148,1.780,52.000
0.050,0.001,0.005,23.183,19869.039,0.939,52.000
0.050,0.001,0.008,22.460,121741.727,2.924,52.000
0.049,0.001,0.004,19.667,100008.320,1.296,52.000
0.048,0.026,0.012,21.918,167000.375,6.892,52.000
0.051,0.009,0.011,18.786,143356.094,6.042,52.000
0.050,0.001,0.011,24.320,105460.164,2.849,52.000
0.049,0.006,0.012,18.697,144992.594,2.933,52.000
0.042,0.001,0.006,20.791,149275.031,2.607,52.000
0.055,0.000,0.004,24.673,-87095.148,-0.973,52.000
0.051,0.000,0.008,24.861,-11590.039,-0.256,52.000
0.046,0.001,0.005,22.591,-421.633,0.657,52.000
0.045,0.000,0.020,21.823,-19402.273,0.803,52.000
0.099,0.012,0.012,20.329,83429.195,5.970,52.000
0.051,0.005,0.013,17.765,162312.625,3.462,52.000
0.059,0.001,0.013,22.122,58888.164,1.591,52.000
0.051,0.015,0.010,18.942,189074.312,7.002,52.000
0.051,0.020,0.011,19.102,167711.594,6.623,52.000
0.049,0.018,0.013,20.728,159444.062,7.177,52.000
0.051,0.001,0.015,28.986,53098.430,0.026,52.000
0.056,0.000,0.006,24.523,24527.164,0.836,52.000
0.049,0.027,0.014,10.154,171586.781,4.419,52.000
0.051,0.001,0.022,19.187,26989.133,1.748,52.000
0.051,0.005,0.011,21.230,159531.469,2.836,52.000
0.050,0.001,0.021,20.054,73265.617,2.010,52.000
0.051,0.001,0.003,21.354,40406.289,0.839,52.000
0.052,0.026,0.012,19.530,118648.695,6.741,52.000
0.052,0.000,0.017,24.470,-38265.789,-0.286,52.000
0.056,0.001,0.005,20.682,121938.367,2.498,52.000
0.046,0.000,0.018,24.664,-19903.484,-1.935,52.000
0.059,0.001,0.012,22.036,57895.508,1.181,52.000
0.050,0.000,0.008,26.501,-50078.121,-0.059,52.000
0.050,0.008,0.010,18.982,122403.945,3.934,52.000
0.051,0.001,0.006,22.768,94007.758,2.302,52.000
0.053,0.000,0.014,29.839,-1772.125,0.695,52.000
0.052,0.001,0.017,24.217,93934.820,1.132,52.000
0.049,0.021,0.013,20.159,141420.219,6.778,52.000
0.049,0.009,0.010,16.799,137042.188,6.189,52.000
0.047,0.001,0.011,26.882,13469.156,1.949,52.000
0.051,0.023,0.011,19.720,154735.594,6.184,52.000
0.051,0.015,0.011,19.530,179460.312,7.407,52.000
0.056,0.001,0.011,21.747,91844.914,0.452,52.000
0.042,0.001,0.015,19.524,123269.414,1.441,52.000
0.050,0.006,0.014,19.139,183188.781,4.666,52.000
0.049,0.022,0.011,20.440,171378.688,6.437,52.000
0.051,0.009,0.014,23.236,158957.438,6.834,52.000
0.049,0.008,0.011,19.732,121148.398,4.317,52.000
0.049,0.001,0.002,18.426,112978.883,0.991,52.000
0.051,0.003,0.012,19.308,171425.281,2.881,52.000
0.001,0.011,0.012,23.007,99590.789,4.312,52.000
0.052,0.008,0.012,20.161,140251.969,6.024,52.000
0.044,0.000,0.018,25.768,11491.141,-0.705,52.000
0.044,0.001,0.013,16.911,152074.156,2.115,52.000
0.058,0.001,0.016,22.337,133430.344,1.179,52.000
0.048,0.019,0.011,19.303,197264.750,7.358,52.000
0.047,0.002,0.006,20.615,109467.242,2.964,52.000
0.049,0.014,0.013,21.519,153112.125,7.337,52.000
0.049,0.019,0.012,20.001,194731.500,7.126,52.000
0.040,0.000,0.016,20.403,6713.641,-2.429,52.000
0.049,0.025,0.011,21.852,161106.719,5.874,52.000
0.061,0.000,0.014,19.346,135452.750,1.872,52.000
0.051,0.022,0.013,18.528,147580.156,6.710,52.000
0.050,0.013,0.013,21.849,153480.250,7.478,52.000
0.050,0.002,0.015,23.131,145148.750,3.151,52.000
0.050,0.025,0.013,19.833,150878.281,7.014,52.000
0.048,0.015,0.011,18.369,180619.469,7.103,52.000
0.051,0.026,0.011,20.932,154448.594,5.839,52.000
0.053,0.000,0.013,28.786,13688.078,1.795,52.000
0.050,0.015,0.011,19.650,185145.750,7.506,52.000
0.050,0.001,0.008,23.308,113631.445,2.695,52.000
0.050,0.001,0.014,23.907,130139.414,1.083,52.000
0.054,0.001,0.010,23.061,130895.320,1.267,52.000
0.049,0.014,0.012,19.533,169712.625,7.932,52.000
0.042,0.001,0.014,19.670,98536.008,0.660,52.000
0.049,0.001,0.006,22.495,85997.695,2.369,52.000
0.045,0.001,0.018,25.569,32279.664,-0.476,52.000
0.049,0.000,0.008,27.115,-34394.422,1.242,52.000
0.052,0.009,0.012,19.252,164764.125,7.630,52.000
0.047,0.001,0.005,19.832,110189.961,2.222,52.000
0.051,0.006,0.011,20.909,141260.219,2.746,52.000
0.048,0.001,0.006,21.982,91729.805,2.407,52.000
0.060,0.001,0.014,20.782,124905.273,0.810,52.000
0.054,0.001,0.018,20.262,122237.227,2.452,52.000
0.050,0.021,0.014,20.029,111623.180,5.945,52.000
0.002,0.013,0.012,23.020,113223.930,4.612,52.000
0.049,0.017,0.012,20.371,191388.906,7.575,52.000
0.045,0.001,0.009,24.031,54136.773,1.862,52.000
0.051,0.002,0.007,22.123,100333.383,2.880,52.000
0.097,0.012,0.011,20.309,65789.352,6.924,52.000
0.053,0.001,0.020,19.326,86496.445,2.656,52.000
0.052,0.023,0.012,18.279,130397.680,6.623,52.000
0.041,0.001,0.014,17.425,93588.820,0.917,52.000
0.050,0.010,0.012,21.015,184374.406,8.198,52.000
0.052,0.014,0.013,19.825,161565.531,8.113,52.000
0.041,0.001,0.011,20.026,135147.625,-0.161,52.000
0.049,0.007,0.012,18.520,117304.180,4.130,52.000
0.049,0.020,0.014,20.454,134918.125,6.646,52.000
0.050,0.022,0.014,19.784,101635.773,5.698,52.000
0.048,0.001,0.005,21.048,97040.570,2.029,52.000
0.048,0.016,0.014,19.406,145917.250,7.131,52.000
0.054,0.000,0.020,20.578,-28005.539,3.004,52.000
0.050,0.013,0.010,16.355,158941.312,6.168,52.000
0.050,0.007,0.012,19.564,126346.133,4.140,52.000
0.051,0.017,0.011,18.921,187398.281,7.182,52.000
0.047,0.000,0.010,29.909,-22057.914,2.260,52.000
0.049,0.020,0.013,20.526,138802.188,6.600,52.000
0.050,0.007,0.011,19.220,118292.414,3.810,52.000
0.047,0.002,0.006,20.622,112107.430,2.955,52.000
0.049,0.021,0.014,20.267,131186.094,6.612,52.000
0.052,0.015,0.013,19.015,164805.844,8.205,52.000
0.050,0.023,0.014,20.382,121296.742,5.930,52.000
0.049,0.012,0.014,22.479,149466.844,7.521,52.000
0.058,0.001,0.004,19.869,121493.492,2.792,52.000
0.059,0.001,0.017,21.915,94730.898,1.458,52.000
0.051,0.003,0.013,17.260,185193.531,2.269,52.000
0.049,0.007,0.009,19.286,162269.094,3.800,52.000
0.042,0.001,0.016,24.650,33071.227,-0.807,52.000
0.050,0.027,0.010,22.703,153678.094,5.160,52.000
0.048,0.001,0.006,20.872,101442.836,2.662,52.000
0.043,0.001,0.017,24.586,103127.008,1.327,52.000
0.044,0.000,0.004,17.686,33056.820,2.599,52.000
0.050,0.006,0.013,18.312,141732.469,4.685,52.000
0.048,0.001,0.010,21.573,159419.688,2.866,52.000
0.052,0.002,0.012,19.838,179307.062,2.909,52.000
0.051,0.022,0.013,18.480,140418.969,6.741,52.000
0.048,0.007,0.011,19.625,139284.844,4.472,52.000
0.047,0.001,0.020,21.699,28687.883,0.811,52.000
0.049,0.011,0.014,23.108,138707.656,6.589,52.000
0.049,0.010,0.012,19.701,133417.656,6.265,52.000
0.049,0.013,0.013,19.669,154999.688,7.904,52.000
0.056,0.001,0.020,19.867,100177.977,2.732,52.000
0.098,0.012,0.011,20.126,67586.211,7.046,52.000
0.050,0.012,0.014,23.551,136038.406,6.498,52.000
0.044,0.000,0.011,23.178,7770.133,-1.520,52.000
0.051,0.012,0.013,20.431,169873.844,8.023,52.000
0.050,0.025,0.011,20.759,161926.031,6.329,52.000
0.048,0.001,0.004,19.569,106913.430,1.424,52.000
0.049,0.001,0.017,23.236,133360.375,3.232,52.000
0.051,0.021,0.014,19.808,115512.758,6.180,52.000
0.048,0.027,0.014,24.678,92863.945,5.205,52.000
0.047,0.001,0.009,24.864,67490.898,2.867,52.000
0.056,0.001,0.013,20.606,149502.281,2.719,52.000
0.050,0.024,0.014,20.010,109625.523,5.815,52.000
0.043,0.001,0.010,21.169,97981.133,0.949,52.000
0.042,0.001,0.019,20.758,119856.680,2.337,52.000
0.002,0.013,0.012,23.185,128327.586,4.317,52.000
0.051,0.005,0.010,21.800,155073.938,2.491,52.000
0.045,0.001,0.009,21.312,153140.344,2.476,52.000
0.041,0.000,0.010,20.372,40183.445,-1.678,52.000
0.045,0.001,0.003,18.641,128270.852,1.950,52.000
0.051,0.010,0.013,23.073,166490.969,7.918,52.000
0.048,0.020,0.012,20.248,190610.594,7.158,52.000
0.057,0.001,0.013,19.474,129740.867,1.998,52.000
0.049,0.014,0.010,17.850,162976.781,6.317,52.000
0.001,0.012,0.012,22.710,129300.008,3.467,52.000
0.051,0.013,0.010,17.462,161341.094,6.640,52.000
0.051,0.010,0.013,22.064,182951.000,8.190,52.000
0.059,0.000,0.014,22.786,36518.930,2.229,52.000
0.043,0.001,0.008,21.578,147005.719,3.000,52.000
0.042,0.000,0.018,20.787,9825.734,-2.204,52.000
0.048,0.013,0.012,18.945,155110.312,8.030,52.000
0.052,0.001,0.006,21.282,112717.414,2.416,52.000
0.099,0.012,0.012,20.788,80564.305,4.940,52.000
0.049,0.025,0.011,21.598,162322.562,5.920,52.000
0.049,0.003,0.013,15.663,171557.219,1.406,52.000
0.048,0.026,0.012,22.013,167022.281,6.667,52.000
0.097,0.013,0.012,21.071,76685.336,5.075,52.000
0.050,0.010,0.014,23.218,151056.406,7.045,52.000
0.051,0.000,0.011,31.922,2967.836,0.846,52.000
0.046,0.001,0.007,21.535,134927.062,3.249,52.000
0.049,0.019,0.011,19.870,197746.469,7.086,52.000
0.100,0.012,0.011,22.161,-40125.066,10.656,52.000
0.049,0.016,0.012,19.930,188889.656,7.632,52.000
0.046,0.000,0.022,21.634,57.156,1.903,52.000
0.051,0.000,0.002,18.512,59179.867,0.697,52.000
0.057,0.000,0.014,20.091,43936.383,1.532,52.000
0.058,0.000,0.008,25.050,-47840.172,1.035,52.000
0.042,0.000,0.008,22.774,79851.898,1.656,52.000
0.047,0.002,0.016,23.116,140413.062,3.107,52.000
0.061,0.000,0.011,24.901,58968.070,1.370,52.000
0.051,0.012,0.013,22.505,161911.969,7.486,52.000
0.049,0.002,0.010,21.614,166878.000,3.323,52.000
0.050,0.013,0.011,18.470,174622.188,7.241,52.000
0.050,0.001,0.015,23.101,163304.219,2.784,52.000
0.041,0.001,0.012,17.811,145495.875,0.362,52.000
0.054,0.002,0.018,19.742,116743.992,2.405,52.000
0.050,0.015,0.010,18.409,188586.469,6.807,52.000
0.050,0.022,0.012,19.261,173986.062,6.818,52.000
0.098,0.012,0.011,20.160,68040.023,6.925,52.000
0.049,0.012,0.014,23.055,140768.625,7.226,52.000
0.050,0.020,0.011,19.692,181820.531,6.575,52.000
0.052,0.009,0.011,16.759,158873.375,5.330,52.000
0.055,0.000,0.018,22.337,32534.977,1.467,52.000
0.054,0.001,0.014,22.870,145074.656,2.247,52.000
0.050,0.023,0.014,20.240,115329.773,5.880,52.000
0.050,0.016,0.012,20.313,189399.281,7.877,52.000
0.055,0.001,0.009,24.304,96217.977,1.427,52.000
0.048,0.006,0.011,19.677,141224.406,3.224,52.000
0.050,0.014,0.014,20.812,121677.820,6.528,52.000
0.050,0.026,0.011,21.132,154514.250,5.987,52.000
0.050,0.019,0.010,18.802,169590.281,7.449,52.000
0.050,0.013,0.013,20.038,164474.781,7.691,52.000
0.098,0.014,0.012,21.782,70176.633,4.657,52.000
0.050,0.025,0.013,20.043,132479.438,6.229,52.000
0.045,0.000,0.012,25.791,3874.992,-0.429,52.000
0.052,0.010,0.012,21.323,189311.188,7.899,52.000
0.046,0.002,0.007,21.374,138423.750,3.450,52.000
0.052,0.001,0.009,24.223,101720.977,2.169,52.000
0.045,0.000,0.003,16.913,84218.430,1.762,52.000
0.050,0.007,0.013,19.711,155060.812,5.752,52.000
0.044,0.001,0.015,24.070,111192.805,0.730,52.000
0.050,0.004,0.013,16.132,163140.500,2.104,52.000
0.052,0.012,0.014,23.073,148836.500,6.597,52.000
0.052,0.002,0.018,20.641,117399.586,2.874,52.000
0.052,0.012,0.012,20.087,179536.781,7.661,52.000
0.051,0.001,0.006,23.359,64270.117,1.605,52.000
0.051,0.003,0.011,22.491,162829.844,2.914,52.000
0.049,0.013,0.010,15.993,142908.000,7.157,52.000
0.049,0.001,0.001,18.905,80834.961,0.567,52.000
0.056,0.001,0.018,20.705,113166.758,2.591,52.000
0.050,0.023,0.013,19.384,145127.562,6.597,52.000
0.051,0.021,0.013,18.326,158400.438,7.153,52.000
0.048,0.010,0.012,19.505,137189.062,6.179,52.000
0.052,0.021,0.011,18.396,164633.688,6.846,52.000
0.044,0.002,0.017,23.479,134215.906,2.932,52.000
0.050,0.012,0.010,14.923,145039.281,7.141,52.000
0.047,0.001,0.004,18.806,116131.023,1.692,52.000
0.048,0.022,0.013,20.162,150603.781,6.767,52.000
0.054,0.002,0.006,21.661,115043.008,3.102,52.000
0.054,0.000,0.004,23.419,-39918.129,-0.519,52.000
0.050,0.017,0.012,20.303,190880.375,7.593,52.000
0.050,0.007,0.010,20.850,123717.398,2.940,52.000
0.050,0.001,0.018,25.740,10230.711,-0.645,52.000
0.047,0.000,0.002,20.192,23360.469,-1.760,52.000
0.044,0.000,0.019,22.546,-43130.906,0.341,52.000
0.051,0.009,0.014,22.810,165903.750,7.176,52.000
0.048,0.008,0.011,19.146,112880.023,5.162,52.000
0.052,0.008,0.012,20.191,145159.938,6.289,52.000
0.051,0.025,0.013,20.191,122119.805,5.971,52.000
0.044,0.001,0.019,22.652,124318.945,2.201,52.000
0.045,0.001,0.020,22.148,93771.836,1.989,52.000
0.049,0.006,0.012,16.997,136510.969,3.907,52.000
0.049,0.021,0.010,20.257,161834.469,6.675,52.000
0.052,0.022,0.011,18.419,157765.906,6.829,52.000
0.051,0.024,0.013,19.565,127464.930,6.074,52.000
0.051,0.006,0.012,19.306,137692.500,2.996,52.000
0.057,0.002,0.014,20.720,152247.375,2.149,52.000
0.050,0.013,0.012,19.765,165956.469,7.859,52.000
0.054,0.002,0.017,20.453,125889.711,2.304,52.000
0.055,0.001,0.004,20.075,120559.008,2.407,52.000
0.050,0.015,0.013,19.962,165285.844,7.955,52.000
0.050,0.010,0.010,15.915,152544.500,6.572,52.000
0.056,0.000,0.018,19.591,-4697.547,-0.389,52.000
0.049,0.013,0.014,22.994,137495.250,6.867,52.000
0.046,0.002,0.010,20.727,169046.062,3.034,52.000
0.048,0.002,0.010,22.060,166172.219,2.906,52.000
0.052,0.014,0.013,20.149,150948.094,7.830,52.000
0.049,0.007,0.014,19.211,177971.906,5.340,52.000
0.049,0.010,0.012,19.670,137771.062,6.373,52.000
0.003,0.011,0.012,22.632,101706.461,4.060,52.000
0.049,0.009,0.012,19.554,132001.719,6.137,52.000
0.051,0.002,0.012,19.437,179688.719,2.972,52.000
0.045,0.001,0.019,22.398,95463.367,1.858,52.000
0.050,0.016,0.011,19.768,185995.875,7.547,52.000
0.047,0.002,0.016,23.140,138061.250,3.404,52.000
0.050,0.009,0.013,21.942,173236.625,7.492,52.000
0.098,0.014,0.012,21.599,76360.914,4.365,52.000
0.050,0.002,0.015,21.485,164612.625,2.820,52.000
0.050,0.015,0.014,20.568,133933.500,6.838,52.000
0.053,0.002,0.013,19.339,185890.594,2.570,52.000
0.051,0.027,0.011,10.101,216422.875,6.175,52.000
0.051,0.018,0.013,18.867,153675.812,7.857,52.000
0.049,0.019,0.014,20.099,118984.508,6.264,52.000
0.051,0.001,0.014,27.806,76220.617,0.768,52.000
0.051,0.008,0.010,16.898,159391.906,3.690,52.000
0.050,0.001,0.021,19.921,67251.227,2.016,52.000
0.049,0.005,0.015,19.884,179114.062,3.303,52.000
0.048,0.013,0.014,22.086,139486.625,7.101,52.000
0.040,0.000,0.010,21.148,28104.336,-2.182,52.000
0.050,0.014,0.012,19.990,168925.750,8.100,52.000
0.050,0.008,0.010,17.461,155677.031,4.148,52.000
0.052,0.025,0.013,19.464,116420.102,6.467,52.000
0.053,0.001,0.019,19.744,95759.820,2.474,52.000
0.051,0.002,0.017,21.947,126026.977,2.979,52.000
0.050,0.020,0.012,19.210,190194.281,7.189,52.000
0.050,0.019,0.011,19.709,185895.812,6.784,52.000
0.048,0.016,0.011,19.169,203613.781,7.737,52.000
0.048,0.001,0.005,20.108,105274.367,2.353,52.000
0.059,0.001,0.011,19.110,97623.305,0.590,52.000
0.052,0.004,0.012,20.599,158529.562,2.648,52.000
0.002,0.011,0.012,22.725,89394.867,4.831,52.000
0.051,0.001,0.003,21.299,44309.164,0.799,52.000
0.050,0.027,0.011,21.482,129525.336,5.897,52.000
0.050,0.007,0.013,19.362,177844.875,6.028,52.000
0.051,0.001,0.015,26.243,111880.711,1.907,52.000
0.049,0.000,0.008,26.915,-36757.789,1.063,52.000
0.044,0.001,0.004,20.451,87233.602,1.250,52.000
0.049,0.000,0.006,20.825,24809.922,1.190,52.000
0.051,0.017,0.014,20.174,139510.344,6.961,52.000
0.059,0.000,0.007,22.865,13746.914,1.959,52.000
0.055,0.000,0.016,24.463,23192.758,-0.232,52.000
0.046,0.001,0.003,19.855,91096.742,0.866,52.000
0.049,0.027,0.013,13.301,196161.812,6.480,52.000
0.047,0.000,0.010,25.702,3684.211,-0.124,52.000
0.002,0.010,0.012,22.275,99602.070,3.440,52.000
0.049,0.010,0.010,16.335,146367.188,6.355,52.000
0.059,0.001,0.016,22.243,130670.883,0.689,52.000
0.048,0.002,0.014,20.529,168128.906,0.913,52.000
0.055,0.001,0.010,23.445,120693.398,1.142,52.000
0.002,0.010,0.011,22.110,110803.789,2.745,52.000
0.045,0.001,0.019,21.637,106769.836,2.231,52.000
0.047,0.001,0.002,18.661,116421.836,0.951,52.000
0.055,0.001,0.020,18.335,105633.852,3.087,52.000
0.052,0.000,0.013,31.028,-82599.344,-1.741,52.000
0.050,0.014,0.011,18.680,169366.438,6.728,52.000
0.051,0.003,0.009,22.005,158805.938,2.777,52.000
0.048,0.015,0.012,19.210,177545.938,8.031,52.000
0.049,0.002,0.011,22.410,167556.969,3.199,52.000
0.055,0.001,0.010,28.094,20900.883,-0.579,52.000
0.055,0.001,0.022,17.087,56058.023,3.008,52.000
0.049,0.001,0.007,24.897,-14698.930,1.428,52.000
0.099,0.013,0.013,21.903,67519.055,2.243,52.000
0.050,0.009,0.010,15.525,168980.156,5.227,52.000
0.050,0.021,0.011,19.934,170706.500,6.433,52.000
0.052,0.006,0.010,21.347,142082.125,2.714,52.000
0.052,0.010,0.011,17.905,175569.250,7.456,52.000
0.048,0.003,0.012,18.554,178877.812,3.225,52.000
0.049,0.012,0.010,15.194,143053.656,7.314,52.000
0.050,0.023,0.011,20.460,169363.875,6.442,52.000
0.046,0.000,0.016,25.892,-17538.609,0.011,52.000
0.000,0.012,0.012,20.840,18880.492,10.641,52.000
0.050,0.015,0.013,19.906,167642.906,7.894,52.000
0.053,0.002,0.009,23.289,114985.711,2.070,52.000
0.053,0.002,0.013,20.162,179409.656,3.013,52.000
0.048,0.010,0.011,18.421,135803.531,6.743,52.000
0.040,0.001,0.010,19.625,132894.156,-0.678,52.000
0.048,0.008,0.011,18.826,121528.305,4.575,52.000
0.049,0.000,0.015,28.663,17221.516,-1.786,52.000
0.098,0.012,0.012,20.960,84291.305,4.862,52.000
0.044,0.000,0.008,24.863,12803.188,3.033,52.000
0.051,0.009,0.013,21.563,156825.312,6.859,52.000
0.050,0.014,0.013,20.815,160333.812,7.647,52.000
0.052,0.000,0.008,26.745,1342.781,0.933,52.000
0.050,0.006,0.010,21.952,140336.312,2.707,52.000
0.052,0.012,0.012,19.810,164490.594,7.797,52.000
0.054,0.001,0.006,24.705,47913.352,1.284,52.000
0.044,0.000,0.015,27.905,-132105.594,-2.677,52.000
0.049,0.016,0.012,20.224,186781.844,8.094,52.000
0.050,0.001,0.007,22.816,95183.695,2.507,52.000
0.049,0.021,0.012,19.592,179204.719,7.021,52.000
0.048,0.002,0.010,21.587,172207.094,3.173,52.000
0.048,0.004,0.013,15.688,141377.969,1.404,52.000
0.048,0.016,0.012,20.227,187315.688,7.874,52.000
0.053,0.000,0.018,22.283,-15425.141,0.220,52.000
0.058,0.000,0.018,20.237,75635.883,2.111,52.000
0.054,0.001,0.018,20.181,121628.695,2.492,52.000
0.051,0.008,0.014,22.450,169263.719,6.977,52.000
0.048,0.000,0.009,29.883,-68290.156,1.841,52.000
0.050,0.000,0.009,32.789,-74644.055,1.634,52.000
0.060,0.001,0.012,17.183,124033.586,0.821,52.000
0.051,0.027,0.014,25.577,27815.461,5.186,52.000
0.049,0.007,0.011,19.339,123869.305,3.763,52.000
0.052,0.018,0.011,18.962,185895.469,7.033,52.000
0.050,0.021,0.011,20.028,162906.875,6.250,52.000
0.049,0.016,0.011,19.461,202248.688,7.478,52.000
0.052,0.024,0.012,18.531,143906.594,6.832,52.000
0.051,0.008,0.014,21.381,191465.688,7.414,52.000
0.043,0.001,0.008,20.943,150495.406,2.510,52.000
0.047,0.001,0.015,23.427,141360.375,2.593,52.000
0.058,0.001,0.005,19.421,127565.664,2.416,52.000
0.048,0.023,0.012,20.597,179706.656,6.919,52.000
0.051,0.007,0.014,20.035,196050.906,6.697,52.000
0.049,0.001,0.005,21.113,97649.977,1.804,52.000
0.048,0.020,0.013,20.530,162242.344,7.037,52.000
0.048,0.006,0.014,18.172,153983.625,3.860,52.000
0.050,0.018,0.010,18.069,190965.719,7.822,52.000
0.050,0.020,0.013,19.624,160912.844,7.084,52.000
0.059,0.001,0.015,22.436,133208.938,0.756,52.000
0.045,0.001,0.018,26.438,66486.008,0.414,52.000
0.053,0.001,0.013,20.214,173539.594,2.785,52.000
0.054,0.001,0.005,22.035,90507.617,2.167,52.000
0.052,0.007,0.013,21.027,186033.375,6.342,52.000
0.050,0.020,0.014,20.046,100048.867,5.607,52.000
0.054,0.002,0.006,21.221,117219.992,2.933,52.000
0.003,0.012,0.013,22.980,88838.945,5.212,52.000
0.050,0.015,0.012,20.245,170932.594,8.389,52.000
0.050,0.016,0.014,20.716,141629.500,6.926,52.000
0.053,0.002,0.009,23.573,110089.930,1.949,52.000
0.052,0.001,0.004,23.496,-7383.992,0.533,52.000
0.051,0.001,0.013,20.691,129723.008,2.199,52.000
0.055,0.000,0.020,21.417,-41911.598,1.585,52.000
0.048,0.001,0.009,22.755,132981.219,2.662,52.000
0.041,0.001,0.019,20.333,117498.461,2.173,52.000
0.053,0.000,0.002,22.792,-2751.266,0.348,52.000
0.050,0.024,0.012,19.305,162761.750,6.995,52.000
0.051,0.000,0.017,23.906,-8261.000,-0.140,52.000
0.044,0.000,0.014,26.447,8909.914,0.061,52.000
0.041,0.001,0.012,17.400,142700.781,0.318,52.000
0.045,0.002,0.017,23.156,136385.156,3.096,52.000
0.043,0.001,0.018,24.266,107604.383,1.562,52.000
0.050,0.018,0.013,20.490,169843.688,7.615,52.000
0.051,0.006,0.013,18.324,149985.344,3.767,52.000
0.045,0.000,0.019,24.059,-75656.336,-1.342,52.000
0.049,0.026,0.014,21.572,91608.273,5.521,52.000
0.050,0.003,0.013,16.792,171695.812,2.535,52.000
0.047,0.002,0.018,21.946,134116.469,3.165,52.000
0.040,0.001,0.012,17.595,134818.125,-0.303,52.000
0.050,0.008,0.012,19.544,135668.906,5.466,52.000
0.039,0.001,0.011,18.215,138866.031,-0.443,52.000
0.041,0.000,0.011,21.660,-33276.211,-1.658,52.000
0.052,0.020,0.011,18.986,162425.219,6.484,52.000
0.059,0.001,0.015,21.698,137864.656,0.694,52.000
0.042,0.001,0.006,22.186,74403.789,1.469,52.000
0.050,0.020,0.014,19.831,99989.773,5.704,52.000
0.052,0.005,0.013,18.727,172201.375,3.738,52.000
0.050,0.023,0.012,19.762,167077.719,6.911,52.000
0.042,0.000,0.018,22.618,39584.102,-0.321,52.000
0.048,0.001,0.016,25.814,103930.023,2.142,52.000
0.048,0.003,0.011,21.699,164433.469,3.078,52.000
0.048,0.008,0.010,17.880,141905.125,5.076,52.000
0.049,0.002,0.018,21.544,126060.336,3.130,52.000
0.048,0.000,0.003,17.941,19959.227,1.507,52.000
0.040,0.000,0.013,20.641,-20355.141,-2.404,52.000
0.045,0.001,0.012,19.929,161511.406,2.619,52.000
0.050,0.001,0.018,22.976,92162.977,1.448,52.000
0.049,0.001,0.018,22.680,110985.617,2.076,52.000
0.050,0.016,0.011,19.322,200453.188,7.434,52.000
0.052,0.005,0.012,19.832,154407.594,2.749,52.000
0.051,0.001,0.016,25.333,101567.430,1.483,52.000
0.050,0.015,0.011,19.723,188715.875,7.406,52.000
0.048,0.001,0.015,28.021,61824.977,-0.119,52.000
0.049,0.014,0.010,17.389,161045.469,6.352,52.000
0.055,0.001,0.020,18.998,93092.633,2.861,52.000
0.046,0.001,0.017,24.210,127961.477,2.465,52.000
0.048,0.009,0.013,19.349,138157.969,6.700,52.000
0.043,0.001,0.008,21.501,156280.500,2.951,52.000
0.052,0.016,0.011,18.584,182237.000,6.909,52.000
0.054,0.000,0.015,25.451,-2406.305,1.711,52.000
0.048,0.007,0.011,19.014,125407.852,4.190,52.000
0.050,0.001,0.008,23.689,95590.727,2.293,52.000
0.048,0.001,0.020,21.398,83686.430,1.731,52.000
0.050,0.002,0.015,22.397,155069.094,3.265,52.000
0.048,0.003,0.011,21.720,168750.219,3.050,52.000
0.049,0.001,0.022,19.900,27416.805,1.586,52.000
0.047,0.001,0.004,18.744,119937.586,1.752,52.000
0.056,0.000,0.013,24.314,72400.586,-0.475,52.000
0.044,0.001,0.011,20.275,167145.031,2.567,52.000
0.048,0.005,0.014,17.862,152438.562,1.867,52.000
0.050,0.012,0.013,22.824,158418.594,7.840,52.000
0.048,0.013,0.011,17.388,162602.469,7.480,52.000
0.049,0.001,0.019,20.998,99383.805,2.146,52.000
0.044,0.000,0.011,23.972,-6258.906,-1.878,52.000
0.044,0.000,0.012,23.578,-13482.219,0.032,52.000
0.052,0.015,0.012,19.306,172140.812,8.053,52.000
0.050,0.009,0.013,21.772,169370.000,7.112,52.000
0.043,0.000,0.019,21.050,-273.406,-1.183,52.000
0.048,0.013,0.011,18.327,169818.562,7.599,52.000
0.047,0.001,0.012,18.789,178705.625,2.763,52.000
0.056,0.001,0.006,25.876,28954.602,0.418,52.000
0.048,0.015,0.011,18.761,186993.500,7.687,52.000
0.040,0.000,0.008,17.868,66450.180,-1.585,52.000
0.048,0.000,0.014,28.124,21621.773,-1.884,52.000
0.050,0.019,0.011,19.738,189186.656,6.903,52.000
0.041,0.001,0.016,21.695,75503.273,0.425,52.000
0.049,0.020,0.013,20.572,143898.281,6.611,52.000
0.058,0.001,0.013,18.917,125302.133,1.665,52.000
0.048,0.005,0.014,17.969,156810.469,1.710,52.000
0.052,0.012,0.011,18.744,171343.500,7.517,52.000
0.051,0.003,0.011,21.946,165571.250,2.995,52.000
0.049,0.026,0.012,21.352,160677.656,7.071,52.000
0.051,0.005,0.013,17.720,161416.312,2.938,52.000
0.055,0.001,0.011,27.005,48986.336,-0.125,52.000
0.044,0.001,0.016,25.839,69936.383,0.231,52.000
0.042,0.000,0.015,22.438,18326.383,-1.498,52.000
0.052,0.002,0.005,20.880,110031.789,2.485,52.000
0.046,0.001,0.013,18.773,150605.438,1.857,52.000
0.052,0.026,0.012,20.331,112037.273,6.457,52.000
0.042,0.000,0.017,22.130,-74923.016,-2.808,52.000
0.051,0.013,0.013,20.655,163313.312,7.642,52.000
0.046,0.001,0.011,20.666,174714.625,3.250,52.000
0.051,0.001,0.010,22.900,145589.031,2.481,52.000
0.049,0.008,0.012,18.837,130924.836,5.615,52.000
0.052,0.015,0.012,19.028,164938.250,8.299,52.000
0.052,0.009,0.012,19.939,171285.375,7.878,52.000
0.048,0.000,0.020,21.443,38482.305,2.163,52.000
0.048,0.001,0.012,24.315,87374.008,2.788,52.000
0.048,0.026,0.013,21.789,114632.164,5.738,52.000
0.049,0.007,0.012,17.803,125110.164,4.867,52.000
0.052,0.006,0.012,19.625,150479.812,3.204,52.000
0.049,0.012,0.012,20.409,179092.938,8.306,52.000
0.050,0.007,0.010,19.198,132926.500,3.591,52.000
0.056,0.001,0.017,20.755,125916.133,2.481,52.000
0.052,0.007,0.011,19.495,139032.531,3.512,52.000
0.057,0.000,0.006,23.884,-7742.734,-0.383,52.000
0.049,0.004,0.015,20.417,174928.750,2.496,52.000
0.050,0.025,0.011,20.590,161665.688,6.379,52.000
0.048,0.009,0.012,19.659,114997.758,5.594,52.000
0.048,0.019,0.011,20.008,195155.312,7.057,52.000
0.051,0.000,0.022,17.645,-29326.219,1.892,52.000
0.052,0.002,0.011,22.041,163471.094,3.040,52.000
0.054,0.000,0.019,22.056,-45490.195,1.093,52.000
0.051,0.004,0.009,21.875,157938.375,2.695,52.000
0.043,0.001,0.007,22.406,138216.094,2.688,52.000
0.040,0.001,0.014,17.685,78126.398,0.118,52.000
0.050,0.019,0.011,19.535,187555.094,6.925,52.000
0.049,0.013,0.011,17.883,174394.969,7.507,52.000
0.049,0.020,0.011,19.577,186425.625,7.036,52.000
0.057,0.001,0.010,25.355,37008.008,-0.811,52.000
0.039,0.001,0.010,18.886,141753.812,-0.624,52.000
0.050,0.005,0.012,17.251,152820.312,3.052,52.000
0.044,0.000,0.010,21.169,-14012.930,0.384,52.000
0.050,0.010,0.012,20.534,173854.438,7.741,52.000
0.052,0.001,0.017,22.206,116405.633,2.147,52.000
0.053,0.002,0.018,19.649,111367.555,2.556,52.000
0.049,0.026,0.010,23.255,156164.219,5.702,52.000
0.049,0.017,0.011,20.063,198287.094,7.381,52.000
0.052,0.001,0.017,21.375,125823.414,2.617,52.000
0.049,0.005,0.011,20.111,148534.531,2.627,52.000
0.048,0.006,0.013,17.208,128793.555,4.198,52.000
0.051,0.016,0.011,18.755,190275.219,7.182,52.000
0.058,0.001,0.005,19.619,125506.180,2.606,52.000
0.051,0.024,0.010,20.484,147046.531,5.331,52.000
0.051,0.014,0.012,19.963,161174.438,7.905,52.000
0.049,0.013,0.010,15.662,139726.812,7.015,52.000
0.050,0.015,0.012,20.285,176417.562,8.337,52.000
0.053,0.002,0.011,22.377,148643.312,3.031,52.000
0.046,0.001,0.016,25.113,114982.102,1.679,52.000
0.049,0.020,0.014,20.110,113129.914,6.244,52.000
0.052,0.001,0.006,23.081,95070.492,2.175,52.000
0.052,0.027,0.011,16.046,259149.562,7.547,52.000
0.051,0.002,0.010,22.811,157978.844,3.004,52.000
0.050,0.000,0.019,22.507,21893.477,0.507,52.000
0.047,0.001,0.007,21.606,128589.305,3.098,52.000
0.042,0.001,0.008,21.735,133406.375,1.597,52.000
0.051,0.009,0.012,20.064,155527.344,7.058,52.000
0.058,0.001,0.013,17.811,125173.930,2.066,52.000
0.048,0.021,0.012,20.453,183043.094,6.790,52.000
0.052,0.023,0.011,19.839,147356.125,5.594,52.000
0.052,0.001,0.015,25.596,100953.648,1.185,52.000
0.051,0.008,0.012,19.316,126476.773,5.138,52.000
0.044,0.001,0.005,21.788,32268.633,1.029,52.000
0.052,0.009,0.010,15.955,174330.406,5.692,52.000
0.044,0.000,0.015,25.374,-51894.051,0.174,52.000
0.052,0.001,0.010,23.976,114153.086,1.956,52.000
0.041,0.001,0.013,20.444,9464.836,-0.839,52.000
0.051,0.014,0.013,20.073,160994.469,7.984,52.000
0.051,0.005,0.013,18.217,174495.000,3.199,52.000
0.055,0.001,0.021,18.449,14584.211,1.992,52.000
0.049,0.019,0.013,20.365,158957.875,6.945,52.000
0.051,0.013,0.012,19.622,164786.719,7.703,52.000
0.098,0.013,0.012,21.473,87844.555,3.710,52.000
0.049,0.001,0.021,19.903,81800.445,2.205,52.000
0.042,0.000,0.018,20.429,-13079.703,0.224,52.000
0.058,0.001,0.012,17.623,122890.992,2.212,52.000
0.056,0.001,0.018,19.928,120412.867,2.887,52.000
0.045,0.001,0.012,20.803,142291.938,2.605,52.000
0.050,0.013,0.014,23.228,142461.031,6.661,52.000
0.001,0.013,0.011,22.228,133950.906,2.713,52.000
0.048,0.001,0.007,23.571,63750.680,1.804,52.000
0.043,0.001,0.005,20.576,118940.102,1.893,52.000
0.050,0.002,0.016,23.372,133677.812,3.189,52.000
0.056,0.001,0.005,21.666,95011.352,1.942,52.000
0.047,0.002,0.015,22.992,144313.875,2.879,52.000
0.042,0.001,0.006,21.251,96812.570,1.688,52.000
0.045,0.000,0.005,21.560,61297.273,0.167,52.000
0.051,0.025,0.013,19.484,120029.414,6.422,52.000
0.047,0.000,0.020,17.824,-8783.578,0.614,52.000
0.049,0.023,0.014,20.442,124762.133,6.252,52.000
0.049,0.000,0.020,21.611,38779.992,1.939,52.000
0.055,0.001,0.011,22.938,112329.039,1.050,52.000
0.050,0.000,0.020,21.488,-19231.750,1.234,52.000
0.049,0.017,0.013,20.312,184802.344,7.911,52.000
0.053,0.001,0.015,22.990,154720.562,3.091,52.000
0.049,0.026,0.014,20.974,131345.438,6.009,52.000
0.052,0.011,0.013,21.453,175853.406,7.901,52.000
0.047,0.001,0.012,20.151,174025.844,3.203,52.000
0.053,0.000,0.007,25.971,-2662.633,0.589,52.000
0.051,0.003,0.013,17.263,183234.562,2.662,52.000
0.049,0.015,0.010,18.029,188882.500,6.815,52.000
0.049,0.015,0.012,19.793,173671.312,8.211,52.000
0.041,0.000,0.008,20.534,32140.602,-1.673,52.000
0.050,0.023,0.014,20.388,114131.617,5.852,52.000
0.050,0.023,0.013,19.056,153590.156,6.753,52.000
0.043,0.001,0.019,23.925,36728.070,0.445,52.000
0.041,0.001,0.017,21.482,96227.992,1.121,52.000
0.047,0.001,0.022,19.207,70992.508,2.515,52.000
0.052,0.020,0.012,17.915,165852.219,7.463,52.000
0.058,0.001,0.007,23.546,76335.883,0.371,52.000
0.050,0.017,0.013,20.369,184666.344,7.729,52.000
0.050,0.021,0.013,19.232,151871.875,6.950,52.000
0.045,0.001,0.008,23.818,77255.695,1.913,52.000
0.049,0.024,0.013,20.555,144199.344,6.598,52.000
0.047,0.000,0.018,21.037,-5177.438,0.319,52.000
0.051,0.001,0.002,19.664,107196.883,1.450,52.000
0.046,0.001,0.020,20.854,93918.664,2.277,52.000
0.052,0.005,0.013,18.572,191138.906,3.777,52.000
0.050,0.017,0.012,19.904,191736.125,7.582,52.000
0.050,0.017,0.014,20.696,140097.031,6.806,52.000
0.051,0.018,0.013,19.038,170246.656,8.028,52.000
0.049,0.013,0.014,21.471,141506.625,7.061,52.000
0.051,0.000,0.007,23.776,-9243.000,0.199,52.000
0.057,0.000,0.014,25.514,36146.383,-0.213,52.000
0.041,0.000,0.010,20.779,7361.289,-2.021,52.000
0.054,0.000,0.010,26.666,-49226.820,-0.951,52.000
0.051,0.004,0.012,19.716,163021.750,2.773,52.000
0.058,0.000,0.007,24.547,-4356.945,0.662,52.000
0.051,0.001,0.011,23.221,119048.320,2.734,52.000
0.048,0.020,0.013,20.333,171776.312,7.128,52.000
0.050,0.008,0.009,16.561,166691.031,4.372,52.000
0.052,0.001,0.013,21.327,130211.508,2.325,52.000
0.051,0.002,0.018,21.374,122867.398,3.095,52.000
0.051,0.013,0.013,20.189,162876.750,7.649,52.000
0.051,0.009,0.015,23.238,156922.844,6.702,52.000
0.048,0.019,0.010,19.181,194112.188,7.742,52.000
0.048,0.001,0.016,23.506,138742.344,3.276,52.000
0.051,0.024,0.011,18.817,153272.250,6.729,52.000
0.049,0.004,0.014,19.099,165175.906,1.330,52.000
0.049,0.005,0.011,21.023,150914.156,2.683,52.000
0.053,0.000,0.015,24.498,12649.523,0.856,52.000
0.052,0.022,0.012,17.978,148582.188,6.912,52.000
0.051,0.018,0.012,18.581,180371.375,7.971,52.000
0.045,0.001,0.009,23.774,78914.195,1.756,52.000
0.057,0.001,0.014,24.984,82170.539,-0.261,52.000
0.052,0.002,0.019,20.069,105444.008,2.503,52.000
0.048,0.001,0.006,23.314,29072.570,1.660,52.000
0.046,0.001,0.004,19.244,119708.117,1.603,52.000
0.057,0.000,0.011,28.844,-30001.477,0.002,52.000
0.050,0.016,0.010,18.325,189291.938,6.965,52.000
0.050,0.009,0.011,18.110,118890.273,5.359,52.000
0.051,0.023,0.011,19.865,150201.094,5.934,52.000
0.051,0.007,0.013,20.554,174857.219,5.557,52.000
0.050,0.002,0.009,21.974,159617.969,3.318,52.000
0.002,0.012,0.011,21.011,136554.438,2.253,52.000
0.049,0.008,0.012,18.246,119425.477,5.007,52.000
0.050,0.009,0.013,21.492,177388.500,7.276,52.000
0.048,0.024,0.014,20.535,135011.250,6.454,52.000
0.048,0.014,0.010,17.577,169232.438,6.702,52.000
0.056,0.001,0.004,22.221,73140.383,1.541,52.000
0.056,0.002,0.010,21.519,114452.977,1.033,52.000
0.049,0.000,0.006,21.689,-1316.062,0.562,52.000
0.052,0.016,0.012,19.293,180494.562,7.883,52.000
0.053,0.001,0.007,22.578,105004.508,2.662,52.000
0.050,0.007,0.011,20.044,121870.414,3.344,52.000
0.052,0.001,0.002,20.156,89180.242,1.343,52.000
0.050,0.002,0.010,22.310,160290.156,3.063,52.000
0.000,0.013,0.011,22.195,45950.789,6.621,52.000
0.048,0.007,0.011,19.389,129458.617,3.841,52.000
0.056,0.001,0.018,21.477,105288.523,2.158,52.000
0.049,0.022,0.012,19.981,185191.438,6.834,52.000
0.054,0.001,0.015,24.787,107429.023,1.184,52.000
0.051,0.008,0.011,17.526,136208.312,4.786,52.000
0.052,0.021,0.011,18.351,160466.312,7.024,52.000
0.050,0.023,0.011,20.156,163765.969,6.557,52.000
0.048,0.000,0.018,23.181,673.719,0.115,52.000
0.051,0.000,0.018,25.738,-67151.430,-1.663,52.000
0.041,0.000,0.015,21.537,57839.461,-0.634,52.000
0.039,0.000,0.011,18.980,96380.742,-2.307,52.000
0.051,0.001,0.015,27.288,84482.727,1.228,52.000
0.051,0.012,0.014,23.100,155221.094,7.368,52.000
0.049,0.002,0.007,21.426,102474.570,2.968,52.000
0.055,0.001,0.018,19.803,119684.680,2.673,52.000
0.052,0.019,0.012,18.144,175473.219,7.810,52.000
0.052,0.003,0.010,22.327,159557.188,2.662,52.000
0.047,0.001,0.012,20.945,138877.281,2.701,52.000
0.049,0.021,0.011,20.281,170847.188,6.419,52.000
0.049,0.020,0.011,19.848,174909.500,6.609,52.000
0.044,0.001,0.018,22.751,125423.148,2.381,52.000
0.051,0.021,0.013,18.150,154842.781,7.189,52.000
0.053,0.000,0.005,23.859,22118.789,1.311,52.000
0.056,0.001,0.013,25.025,80072.086,0.495,52.000
0.048,0.001,0.018,24.600,81727.430,1.125,52.000
0.050,0.012,0.010,16.395,152588.312,7.284,52.000
0.050,0.017,0.013,20.307,174002.688,7.824,52.000
0.049,0.011,0.013,21.023,172726.312,8.169,52.000
0.051,0.005,0.015,20.456,186926.688,4.619,52.000
0.051,0.007,0.014,19.904,190515.250,6.405,52.000
0.044,0.001,0.015,23.253,127485.242,1.645,52.000
0.051,0.025,0.013,19.740,135181.562,6.224,52.000
0.042,0.001,0.011,18.974,153022.562,0.886,52.000
0.055,0.001,0.009,25.511,71496.992,0.518,52.000
0.052,0.001,0.017,22.387,130120.492,2.541,52.000
0.041,0.001,0.009,21.286,127441.727,0.966,52.000
0.056,0.002,0.009,22.989,96284.258,1.187,52.000
0.002,0.014,0.012,23.428,137802.531,4.434,52.000
0.052,0.000,0.004,20.333,20146.828,0.409,52.000
0.053,0.001,0.008,26.819,11158.320,0.913,52.000
0.052,0.008,0.012,21.035,149210.375,6.409,52.000
0.050,0.002,0.007,21.448,103225.742,2.817,52.000
0.048,0.009,0.014,21.223,153285.094,6.589,52.000
0.048,0.019,0.012,20.226,194419.250,7.149,52.000
0.049,0.003,0.012,17.994,180220.469,2.665,52.000
0.048,0.027,0.011,15.878,265170.219,6.641,52.000
0.052,0.003,0.013,17.944,188209.000,2.828,52.000
0.047,0.000,0.007,24.253,1119.828,0.256,52.000
0.056,0.001,0.012,21.338,114756.586,1.331,52.000
0.056,0.001,0.009,23.494,103892.727,1.105,52.000
0.051,0.021,0.010,19.315,157513.125,6.226,52.000
0.041,0.001,0.012,20.251,64748.086,-0.081,52.000
0.059,0.001,0.014,19.142,140967.500,1.510,52.000
0.052,0.022,0.010,19.459,148391.562,5.654,52.000
0.048,0.014,0.012,19.150,165973.000,7.840,52.000
0.050,0.023,0.010,20.283,154072.781,5.756,52.000
0.052,0.026,0.011,20.748,142476.312,5.833,52.000
0.047,0.001,0.014,23.260,135083.625,0.372,52.000
0.050,0.001,0.014,24.597,128025.383,1.181,52.000
0.048,0.002,0.005,20.176,100179.727,2.556,52.000
0.050,0.000,0.016,22.443,4387.297,0.799,52.000
0.053,0.000,0.011,32.051,7150.883,2.190,52.000
0.047,0.001,0.021,19.548,13572.086,1.092,52.000
0.050,0.019,0.011,19.673,191700.281,6.926,52.000
0.050,0.000,0.010,29.339,-35137.016,0.629,52.000
0.049,0.015,0.013,20.010,151657.531,7.360,52.000
0.047,0.001,0.015,28.740,37676.180,-0.657,52.000
0.048,0.019,0.011,20.259,195061.281,7.022,52.000
0.049,0.026,0.014,21.193,87637.992,5.608,52.000
0.044,0.002,0.008,21.399,151245.031,3.382,52.000
0.047,0.000,0.013,29.174,-118319.461,-3.298,52.000
0.053,0.001,0.010,24.549,86277.945,1.018,52.000
0.052,0.025,0.012,19.114,141993.875,6.905,52.000
0.051,0.021,0.011,19.072,156346.906,6.048,52.000
0.056,0.002,0.011,19.704,130483.180,1.527,52.000
0.003,0.012,0.011,21.210,137595.281,1.917,52.000
0.050,0.001,0.005,20.726,102477.523,1.991,52.000
0.051,0.008,0.014,21.547,181033.625,7.214,52.000
0.044,0.001,0.019,23.115,100363.773,1.746,52.000
0.098,0.012,0.010,20.040,64381.227,7.569,52.000
0.045,0.001,0.017,26.075,58755.273,0.101,52.000
0.049,0.025,0.013,20.299,151342.531,6.854,52.000
0.058,0.001,0.017,22.799,72442.305,1.175,52.000
0.049,0.016,0.013,20.339,155050.406,7.376,52.000
0.047,0.001,0.004,21.476,40217.023,0.977,52.000
0.051,0.001,0.007,23.714,99788.633,2.599,52.000
0.056,0.001,0.015,22.154,132636.844,1.508,52.000
0.053,0.001,0.020,18.804,90861.617,2.913,52.000
0.056,0.000,0.006,22.726,50221.008,1.537,52.000
0.049,0.016,0.011,18.339,203257.219,7.715,52.000
0.050,0.003,0.010,22.578,161502.812,2.681,52.000
0.060,0.001,0.010,14.748,149127.250,0.815,52.000
0.099,0.012,0.013,21.630,91493.883,2.755,52.000
0.051,0.000,0.021,20.320,8696.719,2.756,52.000
0.049,0.017,0.014,20.090,128316.273,6.443,52.000
0.053,0.000,0.019,18.596,-26883.352,0.100,52.000
0.049,0.011,0.013,21.165,161931.750,7.817,52.000
0.051,0.009,0.011,17.692,150546.688,6.417,52.000
0.059,0.001,0.017,20.957,147109.656,1.229,52.000
0.056,0.002,0.013,20.515,150026.844,2.379,52.000
0.051,0.017,0.013,19.664,173380.906,7.977,52.000
0.056,0.001,0.018,21.889,105416.523,2.126,52.000
0.050,0.026,0.013,21.028,136381.531,6.045,52.000
0.098,0.013,0.012,20.656,76270.711,5.591,52.000
0.051,0.008,0.012,19.334,135899.344,5.801,52.000
0.050,0.010,0.014,23.126,154519.531,7.400,52.000
0.051,0.026,0.012,20.394,97232.227,6.242,52.000
0.050,0.013,0.013,22.132,158304.531,7.562,52.000
0.052,0.009,0.014,22.805,179933.875,7.857,52.000
0.057,0.001,0.007,25.098,40931.148,0.216,52.000
0.049,0.008,0.012,19.200,110202.398,5.055,52.000
0.052,0.015,0.011,19.195,180242.875,6.712,52.000
0.055,0.001,0.017,24.269,92214.977,0.825,52.000
0.047,0.001,0.010,21.319,154329.812,2.739,52.000
0.050,0.011,0.013,22.866,160222.031,7.856,52.000
0.048,0.021,0.011,20.403,178608.750,6.725,52.000
0.049,0.007,0.012,18.568,119004.805,3.853,52.000
0.048,0.016,0.010,18.205,202767.531,7.841,52.000
0.052,0.000,0.002,22.823,96.219,-0.268,52.000
0.049,0.014,0.012,19.890,165533.500,7.916,52.000
0.049,0.025,0.011,22.082,164886.875,6.033,52.000
0.050,0.009,0.012,19.152,136337.375,6.478,52.000
0.053,0.000,0.011,33.072,-119245.852,-0.930,52.000
0.041,0.000,0.009,18.466,-40896.699,0.813,52.000
0.059,0.001,0.012,17.005,128611.023,1.826,52.000
0.050,0.014,0.010,17.604,161089.969,5.994,52.000
0.045,0.000,0.017,25.091,25903.703,-2.053,52.000
0.043,0.001,0.007,21.653,144939.406,2.852,52.000
0.047,0.000,0.021,20.548,-16925.430,1.619,52.000
0.051,0.001,0.008,23.002,127166.727,2.862,52.000
0.044,0.001,0.006,23.063,50576.258,1.265,52.000
0.050,0.001,0.002,19.690,73028.758,0.496,52.000
0.049,0.008,0.010,18.864,139761.438,4.337,52.000
0.050,0.024,0.013,19.775,139869.656,6.365,52.000
0.045,0.000,0.020,20.334,936.711,0.561,52.000
0.053,0.000,0.012,31.064,-31328.555,-1.099,52.000
0.049,0.015,0.012,20.061,179603.469,8.220,52.000
0.050,0.002,0.010,22.309,158083.750,3.072,52.000
0.048,0.000,0.005,22.523,43143.773,0.470,52.000
0.049,0.002,0.005,20.198,99918.555,2.521,52.000
0.050,0.003,0.013,16.639,182194.250,1.914,52.000
0.046,0.000,0.004,20.633,60322.617,-0.132,52.000
0.044,0.002,0.009,21.097,161773.562,3.254,52.000
0.051,0.024,0.012,19.387,160649.000,6.888,52.000
0.046,0.000,0.020,21.157,21899.031,0.655,52.000
0.054,0.001,0.020,18.998,89070.211,2.809,52.000
0.055,0.001,0.010,23.400,116069.461,0.854,52.000
0.050,0.006,0.011,22.318,130947.977,2.705,52.000
0.042,0.001,0.005,19.204,141943.719,2.416,52.000
0.050,0.001,0.015,24.936,135577.594,2.320,52.000
0.049,0.011,0.012,19.281,179122.719,7.861,52.000
0.044,0.000,0.018,24.635,14436.836,-2.326,52.000
0.056,0.001,0.008,26.516,29357.445,0.070,52.000
0.054,0.001,0.018,23.279,81916.977,1.168,52.000
0.049,0.001,0.022,19.484,14585.531,1.606,52.000
0.046,0.001,0.014,19.113,151678.875,1.170,52.000
0.040,0.001,0.013,17.029,121392.805,-0.025,52.000
0.052,0.025,0.011,20.621,149761.438,5.591,52.000
0.059,0.001,0.011,18.132,108338.539,0.879,52.000
0.043,0.001,0.019,23.843,102868.914,1.514,52.000
0.041,0.000,0.014,19.568,-35165.078,-1.548,52.000
0.048,0.020,0.011,20.269,187473.812,6.711,52.000
0.046,0.002,0.018,21.628,129119.398,2.873,52.000
0.051,0.025,0.011,20.208,151245.812,6.101,52.000
0.058,0.001,0.005,20.057,126579.258,2.107,52.000
0.051,0.016,0.013,20.129,153887.625,7.225,52.000
0.052,0.016,0.011,19.217,178361.656,7.080,52.000
0.052,0.002,0.013,18.522,185899.375,2.505,52.000
0.049,0.022,0.010,20.702,160754.969,6.543,52.000
0.099,0.012,0.011,20.131,64039.477,7.115,52.000
0.052,0.013,0.012,19.926,155631.875,7.970,52.000
0.051,0.019,0.011,19.323,182674.156,6.909,52.000
0.048,0.013,0.013,19.256,150686.906,7.889,52.000
0.051,0.013,0.011,18.290,176879.156,7.408,52.000
0.051,0.006,0.010,20.214,145739.281,2.479,52.000
0.050,0.022,0.010,19.797,149299.250,6.403,52.000
0.051,0.021,0.013,18.537,142492.094,6.971,52.000
0.048,0.001,0.020,20.199,91563.773,2.361,52.000
0.059,0.001,0.007,21.942,97013.242,0.400,52.000
0.047,0.002,0.008,21.379,134627.812,3.224,52.000
0.053,0.001,0.020,19.606,81956.336,2.402,52.000
0.048,0.020,0.014,20.293,134251.562,6.697,52.000
0.052,0.004,0.013,18.853,188490.562,3.090,52.000
0.048,0.003,0.011,21.071,166475.750,3.097,52.000
0.041,0.001,0.007,22.535,59515.117,0.983,52.000
0.056,0.002,0.007,22.637,99737.227,1.849,52.000
0.052,0.000,0.011,33.074,-81168.500,-0.936,52.000
0.052,0.010,0.012,20.258,189202.812,7.914,52.000
0.098,0.013,0.011,20.952,66237.930,6.273,52.000
0.047,0.002,0.015,21.583,161639.344,1.375,52.000
0.049,0.002,0.015,22.005,167139.188,2.520,52.000
0.048,0.014,0.013,20.110,157539.688,7.636,52.000
0.047,0.001,0.015,27.585,51799.992,-0.591,52.000
0.046,0.001,0.003,19.714,96387.133,0.911,52.000
0.057,0.001,0.011,19.827,125083.836,1.527,52.000
0.050,0.022,0.014,20.158,111979.930,5.943,52.000
0.053,0.001,0.019,19.572,102470.789,2.522,52.000
0.049,0.016,0.010,18.212,199577.281,7.665,52.000
0.053,0.001,0.009,26.514,45082.336,0.934,52.000
0.058,0.001,0.013,21.537,78523.133,0.542,52.000
0.049,0.001,0.019,21.060,107011.367,2.318,52.000
0.051,0.014,0.011,19.374,174730.781,6.877,52.000
0.048,0.006,0.013,16.763,127378.820,3.131,52.000
0.050,0.001,0.013,21.048,145988.625,1.168,52.000
0.052,0.007,0.011,19.304,140631.094,3.958,52.000
0.053,0.000,0.011,29.305,-89967.734,-1.904,52.000
0.048,0.025,0.010,22.895,159294.500,5.931,52.000
0.044,0.001,0.019,22.042,112268.117,2.226,52.000
0.058,0.001,0.014,19.595,140512.906,1.750,52.000
0.050,0.002,0.008,22.168,130008.305,2.956,52.000
0.046,0.001,0.008,21.657,146579.094,3.176,52.000
0.042,0.000,0.007,18.831,8858.906,1.770,52.000
0.057,0.001,0.004,20.035,117719.008,3.061,52.000
0.052,0.014,0.011,18.786,168849.594,7.192,52.000
0.051,0.022,0.011,19.734,152085.312,5.865,52.000
0.048,0.000,0.017,26.426,-52941.574,-2.512,52.000
0.050,0.005,0.013,17.364,145828.156,3.691,52.000
0.050,0.014,0.013,20.388,162818.344,7.784,52.000
0.057,0.000,0.017,22.715,59402.789,1.794,52.000
0.048,0.023,0.012,20.722,178944.750,6.899,52.000
0.052,0.008,0.014,22.411,180751.656,7.699,52.000
0.050,0.024,0.011,20.416,163541.062,6.400,52.000
0.049,0.026,0.010,22.791,160201.812,5.670,52.000
0.050,0.001,0.013,27.357,30969.445,0.404,52.000
0.048,0.000,0.014,29.546,-24273.633,-2.306,52.000
0.052,0.022,0.012,17.497,154141.812,7.061,52.000
0.054,0.000,0.014,30.756,-28006.578,-1.218,52.000
0.048,0.006,0.014,18.119,155202.781,3.310,52.000
0.052,0.021,0.013,18.483,142857.938,6.920,52.000
0.049,0.001,0.018,21.471,122948.695,2.959,52.000
0.043,0.001,0.019,22.366,122231.586,2.323,52.000
0.100,0.012,0.013,22.564,150.586,11.783,52.000
0.050,0.024,0.012,20.050,164954.781,6.889,52.000
0.048,0.019,0.013,20.285,167482.656,7.331,52.000
0.056,0.001,0.006,21.776,115185.680,2.096,52.000
0.048,0.001,0.003,19.078,112639.102,1.247,52.000
0.048,0.014,0.014,20.111,138683.625,7.002,52.000
0.056,0.000,0.017,24.640,8161.852,0.035,52.000
0.044,0.000,0.013,24.239,-10800.539,-1.300,52.000
0.049,0.002,0.014,19.178,175683.781,1.300,52.000
0.099,0.013,0.012,22.052,80393.258,3.103,52.000
0.049,0.005,0.015,20.122,178499.500,2.651,52.000
0.056,0.001,0.010,22.532,110031.289,0.974,52.000
0.053,0.001,0.003,20.602,95454.227,1.678,52.000
0.050,0.013,0.013,20.036,167013.438,7.891,52.000
0.000,0.011,0.011,19.608,20777.555,11.152,52.000
0.055,0.001,0.007,25.336,55505.992,0.916,52.000
0.050,0.000,0.018,24.339,-58192.805,-1.492,52.000
0.052,0.021,0.013,18.010,144890.844,7.043,52.000
0.050,0.017,0.012,19.926,190877.781,7.516,52.000
0.048,0.021,0.011,20.398,177203.188,6.739,52.000
0.049,0.005,0.010,21.636,157149.906,2.926,52.000
0.043,0.000,0.016,24.132,6005.133,-2.754,52.000
0.049,0.000,0.014,27.091,6974.938,0.501,52.000
0.052,0.016,0.013,19.806,144651.281,7.342,52.000
0.049,0.000,0.014,30.703,-51253.512,-2.808,52.000
0.039,0.001,0.012,19.081,55309.258,-1.048,52.000
0.050,0.020,0.013,19.518,172652.031,7.252,52.000
0.054,0.001,0.003,19.938,110640.945,2.326,52.000
0.049,0.017,0.011,19.114,205408.469,7.699,52.000
0.059,0.001,0.005,19.740,129703.883,2.286,52.000
0.056,0.000,0.004,23.051,55473.148,2.038,52.000
0.048,0.022,0.012,20.700,181543.219,6.704,52.000
0.050,0.023,0.012,18.995,158381.406,6.812,52.000
0.050,0.015,0.014,20.805,139816.062,7.054,52.000
0.044,0.002,0.016,23.860,124947.039,2.196,52.000
0.051,0.008,0.013,20.716,189672.781,6.778,52.000
0.059,0.000,0.014,24.718,-6540.109,1.830,52.000
0.052,0.002,0.010,23.026,140112.312,2.154,52.000
0.048,0.022,0.012,20.871,181243.719,6.714,52.000
0.045,0.000,0.019,21.608,-2274.797,0.084,52.000
0.052,0.010,0.010,16.157,177903.438,7.025,52.000
0.049,0.000,0.019,21.798,-2201.070,0.209,52.000
0.046,0.001,0.021,21.366,68636.945,1.902,52.000
0.050,0.007,0.015,20.322,183191.375,6.021,52.000
0.098,0.011,0.012,20.004,88424.305,5.529,52.000
0.048,0.019,0.013,20.501,163378.469,7.139,52.000
0.056,0.000,0.006,24.691,4496.219,0.733,52.000
0.050,0.020,0.014,20.417,124396.477,6.493,52.000
0.058,0.001,0.010,19.228,123008.461,0.748,52.000
0.058,0.001,0.013,21.039,94187.617,0.286,52.000
0.050,0.027,0.014,21.116,111241.883,3.903,52.000
0.002,0.012,0.013,23.114,104892.461,4.862,52.000
0.050,0.001,0.011,22.916,136839.500,2.826,52.000
0.048,0.003,0.011,21.527,166988.781,3.215,52.000
0.051,0.006,0.013,19.691,155988.219,5.066,52.000
0.047,0.001,0.019,21.611,119750.945,2.537,52.000
0.049,0.027,0.010,22.477,115410.852,5.791,52.000
0.046,0.001,0.014,18.691,164279.938,0.840,52.000
0.051,0.025,0.012,18.728,138303.125,6.845,52.000
0.051,0.001,0.015,27.549,76077.289,0.988,52.000
0.056,0.001,0.019,19.268,114713.711,2.994,52.000
0.057,0.001,0.013,20.080,139368.406,1.989,52.000
0.045,0.001,0.017,23.419,134235.500,2.819,52.000
0.044,0.000,0.011,24.638,39068.398,-0.410,52.000
0.051,0.016,0.011,18.835,191062.250,7.203,52.000
0.043,0.001,0.015,23.265,104780.883,1.095,52.000
0.045,0.001,0.009,22.274,145912.594,2.327,52.000
0.051,0.023,0.012,18.204,144982.750,6.767,52.000
0.052,0.015,0.011,19.094,180846.562,6.893,52.000
0.051,0.012,0.013,21.112,168618.562,7.919,52.000
0.052,0.000,0.022,18.356,-22448.867,3.137,52.000
0.057,0.000,0.018,20.110,-6464.023,-0.969,52.000
0.051,0.015,0.010,18.896,184785.812,6.491,52.000
0.050,0.015,0.014,20.875,131467.781,6.793,52.000
0.049,0.003,0.012,18.400,177184.344,3.193,52.000
0.051,0.008,0.014,21.588,175782.438,6.949,52.000
0.098,0.013,0.012,20.996,78582.898,5.312,52.000
0.052,0.001,0.015,23.494,143537.188,2.599,52.000
0.050,0.012,0.012,20.537,183853.719,8.134,52.000
0.048,0.001,0.004,21.979,-5892.547,0.030,52.000
0.043,0.001,0.015,25.843,32030.117,-1.115,52.000
0.053,0.001,0.008,24.795,84432.945,1.790,52.000
0.048,0.001,0.002,19.032,106604.773,0.756,52.000
0.046,0.001,0.006,20.419,116005.055,2.781,52.000
0.052,0.001,0.020,20.632,74664.211,1.847,52.000
0.048,0.009,0.012,19.220,118563.102,5.485,52.000
0.046,0.001,0.003,18.541,124346.195,1.790,52.000
0.053,0.001,0.012,21.326,168725.000,3.226,52.000
0.052,0.001,0.019,20.112,86177.039,2.106,52.000
0.051,0.021,0.012,18.609,173713.781,7.175,52.000
0.042,0.000,0.013,22.791,-76014.156,-2.067,52.000
0.050,0.010,0.012,19.124,173543.250,7.487,52.000
0.052,0.021,0.012,17.332,164161.500,7.334,52.000
0.055,0.000,0.019,20.516,-35976.461,1.143,52.000
0.053,0.001,0.008,24.038,98864.633,2.309,52.000
0.053,0.001,0.020,18.765,81539.789,2.667,52.000
0.051,0.023,0.012,18.176,152305.750,7.036,52.000
0.053,0.001,0.006,23.858,82549.805,2.113,52.000
0.045,0.000,0.015,25.840,-50383.531,1.103,52.000
0.048,0.001,0.007,24.166,56750.055,2.350,52.000
0.050,0.010,0.015,23.585,147060.969,6.201,52.000
0.056,0.002,0.011,21.360,125203.461,0.944,52.000
0.051,0.000,0.019,22.165,9856.359,1.149,52.000
0.049,0.001,0.006,20.781,97032.367,2.449,52.000
0.057,0.001,0.013,22.691,94398.977,1.459,52.000
0.045,0.000,0.010,26.584,-10548.398,2.425,52.000
0.048,0.006,0.014,17.630,142422.344,3.118,52.000
0.051,0.017,0.013,19.916,144975.594,7.328,52.000
0.044,0.001,0.007,22.217,128493.258,2.198,52.000
0.050,0.001,0.017,22.324,123218.367,2.681,52.000
0.048,0.015,0.012,20.041,180797.062,8.165,52.000
0.048,0.023,0.012,20.815,181734.875,6.776,52.000
0.051,0.012,0.012,19.358,187544.031,8.221,52.000
0.050,0.008,0.009,17.822,163058.125,3.894,52.000
0.058,0.000,0.012,23.808,68947.852,1.136,52.000
0.043,0.000,0.007,19.651,16014.867,1.600,52.000
0.051,0.007,0.013,20.180,184096.344,5.935,52.000
0.052,0.002,0.010,22.740,156646.812,2.974,52.000
0.054,0.001,0.005,22.369,97562.461,2.238,52.000
0.053,0.001,0.016,24.757,110336.898,1.105,52.000
0.049,0.005,0.013,16.940,141864.656,3.671,52.000
0.058,0.001,0.010,23.762,38698.430,-0.206,52.000
0.045,0.000,0.020,21.946,29932.305,0.675,52.000
0.049,0.023,0.011,20.972,168218.875,6.434,52.000
0.049,0.012,0.012,19.941,175585.000,8.301,52.000
0.059,0.001,0.013,19.599,116144.039,1.211,52.000
0.051,0.013,0.012,19.459,164517.406,7.598,52.000
0.049,0.000,0.017,25.296,72818.023,-0.897,52.000
0.052,0.005,0.013,19.454,187360.969,4.719,52.000
0.050,0.014,0.013,20.868,154650.969,7.647,52.000
0.049,0.005,0.012,16.784,145370.688,3.464,52.000
0.041,0.000,0.013,22.672,-4951.422,-0.598,52.000
0.053,0.000,0.008,26.180,-8325.055,0.903,52.000
0.050,0.011,0.009,13.838,154196.906,6.791,52.000
0.049,0.012,0.013,20.660,156566.812,8.101,52.000
0.051,0.006,0.013,18.664,156311.812,4.414,52.000
0.051,0.005,0.011,21.485,151356.969,2.948,52.000
0.051,0.010,0.012,20.948,171372.062,8.030,52.000
0.042,0.000,0.012,23.463,-5120.125,-1.242,52.000
0.048,0.017,0.012,20.407,189715.875,7.496,52.000
0.043,0.000,0.010,22.923,57085.258,-0.727,52.000
0.051,0.019,0.011,18.601,172458.062,7.012,52.000
0.047,0.000,0.022,20.388,-51542.559,1.719,52.000
0.050,0.021,0.010,19.597,150299.594,6.737,52.000
0.001,0.012,0.011,21.515,137855.812,2.380,52.000
0.049,0.026,0.012,21.314,165412.594,6.639,52.000
0.050,0.014,0.014,21.156,142130.500,7.070,52.000
0.049,0.019,0.013,19.907,177490.562,7.469,52.000
0.051,0.026,0.012,19.758,129070.039,6.756,52.000
0.051,0.000,0.018,23.737,-43865.227,-0.026,52.000
0.048,0.000,0.012,28.069,-74412.812,-2.403,52.000
0.060,0.000,0.014,19.094,90899.211,2.329,52.000
0.051,0.025,0.014,20.017,102120.320,6.105,52.000
0.056,0.001,0.008,26.178,43907.523,0.147,52.000
0.043,0.002,0.009,19.813,163160.969,2.836,52.000
0.051,0.000,0.018,24.342,-80356.172,-0.938,52.000
0.052,0.009,0.011,16.864,153830.469,5.292,52.000
0.051,0.013,0.012,19.488,171752.344,7.825,52.000
0.052,0.022,0.011,18.597,150207.125,6.575,52.000
0.049,0.013,0.014,22.239,141794.312,7.256,52.000
0.051,0.016,0.011,19.271,189623.125,7.104,52.000
0.053,0.000,0.019,20.276,-2335.570,2.036,52.000
0.042,0.001,0.010,19.711,142123.594,1.424,52.000
0.051,0.001,0.018,21.360,122636.148,2.905,52.000
0.056,0.000,0.004,21.217,17924.812,0.779,52.000
0.049,0.013,0.011,17.648,158638.719,6.927,52.000
0.052,0.002,0.011,22.666,158102.969,3.050,52.000
0.051,0.027,0.013,19.738,150507.688,7.226,52.000
0.052,0.007,0.013,21.141,180473.500,6.523,52.000
0.051,0.006,0.011,19.497,138880.312,2.999,52.000
0.052,0.006,0.012,19.831,137341.062,3.193,52.000
0.045,0.001,0.005,21.124,114931.711,2.018,52.000
0.100,0.011,0.013,17.507,85770.836,7.287,52.000
0.049,0.007,0.011,20.118,124531.820,4.034,52.000
0.047,0.001,0.006,21.094,107996.445,2.371,52.000
0.050,0.013,0.011,18.687,172478.000,7.121,52.000
0.049,0.013,0.012,19.463,181357.125,7.991,52.000
0.051,0.005,0.014,19.637,182727.438,4.362,52.000
0.051,0.007,0.011,19.700,125163.758,3.358,52.000
0.050,0.009,0.013,21.683,168848.562,7.609,52.000
0.042,0.001,0.019,23.032,27093.445,0.084,52.000
0.055,0.001,0.017,24.394,5869.070,0.516,52.000
0.051,0.015,0.014,21.120,135658.000,7.134,52.000
0.048,0.001,0.014,23.240,120545.664,0.618,52.000
0.045,0.000,0.019,22.141,-7769.922,-0.192,52.000
0.051,0.010,0.013,21.716,182778.906,8.258,52.000
0.044,0.001,0.017,25.020,109404.227,1.442,52.000
0.055,0.001,0.015,22.353,143276.344,1.914,52.000
0.040,0.001,0.010,19.139,139198.781,-0.739,52.000
0.056,0.001,0.015,22.041,142800.875,1.572,52.000
0.044,0.002,0.008,21.229,149533.781,3.437,52.000
0.049,0.012,0.012,19.984,174373.406,8.382,52.000
0.040,0.001,0.012,19.793,54428.102,-0.810,52.000
0.052,0.001,0.008,24.170,103573.273,2.314,52.000
0.050,0.025,0.014,20.087,108085.555,5.794,52.000
0.042,0.001,0.008,21.105,144046.375,2.502,52.000
0.052,0.000,0.010,32.565,411.688,4.262,52.000
0.002,0.012,0.012,22.742,103096.523,4.429,52.000
0.057,0.001,0.019,20.747,33878.383,2.047,52.000
0.048,0.001,0.010,23.780,106667.289,2.659,52.000
0.052,0.019,0.011,18.983,168390.312,6.779,52.000
0.050,0.000,0.005,24.276,3366.539,1.224,52.000
0.052,0.022,0.011,18.508,148636.562,6.673,52.000
0.050,0.023,0.010,20.188,150117.125,6.062,52.000
0.044,0.001,0.003,18.734,137260.969,1.621,52.000
0.054,0.002,0.010,22.935,132982.906,1.331,52.000
0.000,0.013,0.012,18.191,20118.156,7.991,52.000
0.050,0.000,0.018,22.736,-2622.859,0.109,52.000
0.052,0.001,0.018,20.328,113487.961,2.522,52.000
0.054,0.001,0.003,21.448,72626.695,1.390,52.000
0.053,0.001,0.018,22.459,44480.805,1.096,52.000
0.052,0.000,0.003,20.100,-15475.484,-0.129,52.000
0.046,0.001,0.019,24.455,28330.914,0.034,52.000
0.049,0.016,0.010,18.381,201118.594,7.854,52.000
0.058,0.001,0.010,20.272,98200.570,-0.174,52.000
0.050,0.019,0.012,19.803,195277.156,7.301,52.000
0.051,0.020,0.011,19.089,167042.906,6.519,52.000
0.041,0.000,0.011,20.302,-22998.078,0.352,52.000
0.056,0.000,0.019,22.125,-13031.664,1.877,52.000
0.052,0.009,0.014,22.686,170868.156,7.485,52.000
0.000,0.011,0.012,20.460,22904.523,11.503,52.000
0.050,0.009,0.015,23.525,154972.875,6.446,52.000
0.051,0.026,0.011,21.178,157308.562,5.765,52.000
0.049,0.026,0.010,22.865,160745.219,5.643,52.000
0.049,0.017,0.013,20.542,157662.438,7.418,52.000
0.048,0.003,0.011,22.111,167932.000,2.928,52.000
0.040,0.001,0.017,21.071,74845.930,0.612,52.000
0.050,0.022,0.012,19.055,166312.125,6.824,52.000
0.048,0.006,0.010,21.058,148445.062,3.353,52.000
0.050,0.021,0.013,19.874,135240.750,6.566,52.000
0.041,0.000,0.008,20.668,70563.648,-0.817,52.000
0.042,0.000,0.014,22.154,-31295.508,-1.126,52.000
0.096,0.012,0.012,20.900,86023.773,4.269,52.000
0.098,0.011,0.013,20.370,105449.414,3.275,52.000
0.048,0.009,0.012,18.627,123933.898,5.686,52.000
0.051,0.006,0.011,20.712,131794.750,2.828,52.000
0.044,0.001,0.009,23.138,65761.398,1.780,52.000
0.049,0.020,0.012,19.889,188960.188,6.889,52.000
0.059,0.001,0.009,18.120,141200.406,1.387,52.000
0.050,0.013,0.011,17.275,165505.656,7.168,52.000
0.051,0.021,0.011,18.541,161780.500,6.886,52.000
0.050,0.005,0.012,18.428,161223.281,3.026,52.000
0.049,0.009,0.011,17.813,127194.258,6.251,52.000
0.098,0.012,0.013,21.686,97012.992,2.693,52.000
0.044,0.001,0.007,21.471,140148.500,3.123,52.000
0.049,0.023,0.014,20.701,127446.758,6.149,52.000
0.048,0.001,0.012,24.233,82342.102,2.623,52.000
0.046,0.000,0.009,26.538,-16384.406,2.268,52.000
0.043,0.001,0.019,22.354,119895.680,2.239,52.000
0.053,0.000,0.005,24.228,24247.945,1.167,52.000
0.056,0.001,0.016,23.197,104671.867,1.559,52.000
0.044,0.001,0.008,21.502,157757.000,3.165,52.000
0.052,0.002,0.006,20.909,112875.227,2.474,52.000
0.056,0.000,0.015,20.236,43635.539,-0.537,52.000
0.049,0.011,0.014,23.207,139446.156,6.961,52.000
0.050,0.004,0.011,21.318,163548.844,2.908,52.000
0.045,0.000,0.011,28.167,100.594,1.675,52.000
0.042,0.000,0.015,24.638,-17184.883,-1.105,52.000
0.058,0.001,0.011,18.296,119332.336,1.449,52.000
0.051,0.007,0.011,19.117,127867.008,4.072,52.000
0.051,0.027,0.012,16.749,172486.219,6.281,52.000
0.043,0.002,0.014,18.615,143456.719,1.797,52.000
0.045,0.001,0.014,22.403,119873.398,0.428,52.000
0.050,0.020,0.012,19.113,191130.500,7.098,52.000
0.049,0.000,0.023,20.924,-60637.832,4.359,52.000
0.048,0.001,0.018,23.129,23872.180,-0.036,52.000
0.051,0.001,0.018,23.749,88611.070,1.431,52.000
0.051,0.001,0.018,22.553,67031.555,0.954,52.000
0.054,0.001,0.010,27.213,48778.727,0.439,52.000
0.050,0.022,0.013,18.987,144283.812,6.586,52.000
0.049,0.004,0.012,19.128,168771.312,3.120,52.000
0.050,0.003,0.011,22.605,165255.250,2.888,52.000
0.050,0.001,0.016,25.559,111523.289,2.166,52.000
0.059,0.001,0.013,17.859,125200.586,2.006,52.000
0.050,0.019,0.010,18.291,169082.469,8.174,52.000
0.060,0.001,0.016,21.343,145903.375,1.331,52.000
0.046,0.001,0.008,21.643,142107.312,3.258,52.000
0.055,0.001,0.009,27.395,31429.477,0.136,52.000
0.051,0.008,0.010,16.575,147102.750,4.544,52.000
0.045,0.001,0.010,24.397,33194.961,1.705,52.000
0.049,0.002,0.006,20.585,96097.836,2.496,52.000
0.049,0.011,0.013,20.540,160729.344,7.607,52.000
0.050,0.016,0.014,20.457,132115.344,6.632,52.000
0.050,0.022,0.012,19.083,171249.031,6.910,52.000
0.048,0.023,0.012,20.403,178144.500,6.997,52.000
0.051,0.001,0.020,21.596,62629.070,1.246,52.000
0.000,0.012,0.011,20.247,31236.664,10.736,52.000
0.046,0.001,0.011,23.533,94808.742,2.336,52.000
0.049,0.023,0.013,20.077,140607.219,6.552,52.000
0.059,0.001,0.013,18.279,136463.562,2.123,52.000
0.048,0.000,0.002,20.033,37585.758,-1.064,52.000
0.051,0.000,0.013,32.904,-56537.031,-1.475,52.000
0.051,0.015,0.013,20.087,168748.406,8.281,52.000
0.049,0.001,0.011,23.873,118321.852,3.044,52.000
0.044,0.001,0.007,24.842,-11618.898,1.499,52.000
0.047,0.001,0.020,21.551,85289.961,1.884,52.000
0.050,0.022,0.012,19.172,172569.656,6.942,52.000
0.050,0.023,0.010,20.809,151277.531,6.122,52.000
0.051,0.018,0.011,19.228,188210.875,7.237,52.000
0.041,0.000,0.016,22.846,-12506.992,-0.824,52.000
0.052,0.014,0.013,20.919,160590.281,7.665,52.000
0.048,0.001,0.014,21.579,150065.438,0.576,52.000
0.057,0.001,0.018,20.041,122229.633,2.646,52.000
0.058,0.001,0.009,25.273,49793.977,-0.914,52.000
0.048,0.009,0.012,19.241,120496.164,5.707,52.000
0.054,0.001,0.002,22.622,-23574.891,0.142,52.000
0.049,0.023,0.012,20.371,174569.031,6.756,52.000
0.049,0.012,0.011,18.653,177156.438,8.092,52.000
0.042,0.000,0.006,20.365,119770.289,-0.262,52.000
0.051,0.015,0.013,20.110,154816.750,7.507,52.000
0.046,0.000,0.011,27.386,-5906.172,1.181,52.000
0.043,0.001,0.009,21.046,146000.156,1.953,52.000
0.051,0.013,0.010,17.100,162313.625,6.185,52.000
0.051,0.002,0.019,20.586,106507.070,2.518,52.000
0.049,0.027,0.010,11.043,260964.781,5.687,52.000
0.056,0.001,0.013,25.905,65906.539,0.281,52.000
0.048,0.001,0.009,22.154,148451.594,3.237,52.000
0.049,0.001,0.015,22.266,167661.938,2.465,52.000
0.047,0.000,0.007,24.386,-40176.324,0.843,52.000
0.050,0.009,0.011,18.557,131480.375,6.000,52.000
0.049,0.009,0.013,19.995,163760.094,6.938,52.000
0.049,0.022,0.012,19.798,181798.562,6.892,52.000
0.050,0.018,0.011,18.768,198538.594,7.490,52.000
0.048,0.016,0.011,18.420,203086.000,7.792,52.000
0.046,0.001,0.020,20.558,88833.992,2.475,52.000
0.052,0.013,0.012,19.638,162350.188,7.585,52.000
0.045,0.000,0.006,22.401,-7935.094,-1.322,52.000
0.051,0.002,0.006,21.311,101937.008,2.436,52.000
0.050,0.005,0.015,20.264,183635.000,4.202,52.000
0.054,0.002,0.011,22.361,137963.031,2.247,52.000
0.046,0.002,0.008,21.369,142556.906,3.319,52.000
0.057,0.001,0.016,21.683,134395.281,1.644,52.000
0.040,0.000,0.012,20.449,-9905.781,-0.087,52.000
0.057,0.001,0.007,22.335,109281.664,1.320,52.000
0.052,0.005,0.013,19.635,189216.344,4.700,52.000
0.048,0.001,0.008,24.980,5044.172,2.366,52.000
0.047,0.000,0.016,29.586,-20353.234,-2.645,52.000
0.039,0.000,0.012,20.294,17407.938,-2.403,52.000
0.049,0.021,0.012,19.975,186029.094,6.842,52.000
0.052,0.020,0.011,18.667,159638.375,6.650,52.000
0.048,0.012,0.011,16.806,145377.031,7.535,52.000
0.049,0.005,0.014,19.096,176435.156,3.202,52.000
0.043,0.000,0.007,20.142,-15234.820,1.223,52.000
0.050,0.006,0.010,21.401,128565.820,2.964,52.000
0.052,0.019,0.013,18.834,149556.938,7.761,52.000
0.045,0.001,0.008,21.572,154596.156,3.195,52.000
0.047,0.000,0.018,23.364,16910.594,-1.137,52.000
0.050,0.000,0.019,22.155,24486.945,0.696,52.000
0.052,0.001,0.003,21.902,12088.703,0.330,52.000
0.056,0.001,0.018,21.204,75923.508,2.002,52.000
0.045,0.001,0.011,20.211,170115.781,2.847,52.000
0.052,0.000,0.021,20.776,-40916.465,3.155,52.000
0.099,0.012,0.013,21.622,92964.602,3.109,52.000
0.050,0.021,0.011,19.990,160059.594,6.017,52.000
0.046,0.000,0.019,24.207,-3125.398,-0.824,52.000
0.049,0.011,0.012,19.558,172402.156,7.426,52.000
0.050,0.001,0.022,20.083,4870.914,1.117,52.000
0.050,0.000,0.001,18.455,9428.195,0.907,52.000
0.048,0.006,0.013,16.165,128323.477,3.255,52.000
0.049,0.005,0.012,16.877,148772.250,3.243,52.000
0.048,0.001,0.007,22.533,105923.477,2.652,52.000
0.053,0.000,0.012,29.793,30347.383,0.540,52.000
0.051,0.002,0.015,22.565,162594.625,3.442,52.000
0.053,0.002,0.009,23.220,128644.773,1.978,52.000
0.054,0.002,0.008,23.596,95797.070,2.117,52.000
0.054,0.002,0.012,20.061,173056.812,2.685,52.000
0.050,0.018,0.014,20.223,120290.289,6.333,52.000
0.049,0.016,0.013,20.365,156586.812,7.445,52.000
0.043,0.000,0.010,22.661,60216.164,-0.606,52.000
0.053,0.002,0.006,21.350,111830.992,2.624,52.000
0.051,0.003,0.012,18.602,174611.625,2.765,52.000
0.051,0.019,0.014,19.962,122439.477,6.715,52.000
0.052,0.021,0.011,18.826,159925.062,6.589,52.000
0.044,0.000,0.018,24.035,-17951.750,-0.120,52.000
0.052,0.012,0.011,18.242,174613.406,7.314,52.000
0.048,0.026,0.012,21.847,167021.625,6.895,52.000
0.047,0.002,0.012,18.676,181184.125,2.876,52.000
0.049,0.000,0.010,27.163,-27156.016,0.330,52.000
0.048,0.004,0.013,15.771,151666.469,1.849,52.000
0.050,0.009,0.015,23.365,152792.094,6.448,52.000
0.053,0.000,0.014,30.873,-136036.938,0.036,52.000
0.050,0.014,0.013,20.182,165189.156,7.699,52.000
0.099,0.012,0.012,20.635,85347.445,5.363,52.000
0.050,0.016,0.012,20.484,179451.375,8.375,52.000
0.051,0.001,0.001,20.465,82752.039,1.023,52.000
0.049,0.020,0.012,19.971,193821.688,6.974,52.000
0.054,0.000,0.011,31.758,8013.664,1.589,52.000
0.043,0.001,0.018,24.596,107512.180,1.450,52.000
0.056,0.002,0.015,22.019,140174.438,1.690,52.000
0.055,0.000,0.007,26.551,7335.820,2.348,52.000
0.052,0.020,0.011,18.437,166253.781,6.927,52.000
0.050,0.015,0.011,19.241,181465.344,7.338,52.000
0.044,0.000,0.013,24.358,-46721.156,-0.869,52.000
0.045,0.002,0.014,18.710,156208.438,1.356,52.000
0.052,0.022,0.011,18.687,152629.656,6.520,52.000
0.049,0.006,0.010,22.019,149169.688,2.976,52.000
0.042,0.000,0.012,22.874,10336.094,-0.129,52.000
0.052,0.025,0.012,18.606,126222.070,6.795,52.000
0.041,0.001,0.018,22.669,17809.953,-0.260,52.000
0.042,0.001,0.019,21.572,122265.539,2.314,52.000
0.047,0.001,0.013,17.839,168278.531,0.953,52.000
0.051,0.026,0.012,20.280,149010.844,6.592,52.000
0.050,0.000,0.013,28.670,32513.445,0.035,52.000
0.052,0.014,0.012,19.130,164434.875,8.375,52.000
0.051,0.022,0.012,18.459,164674.688,6.964,52.000
0.049,0.007,0.010,20.348,158028.656,3.623,52.000
0.059,0.000,0.012,22.541,21119.430,1.001,52.000
0.049,0.012,0.011,17.877,167544.625,7.986,52.000
0.049,0.001,0.005,20.454,99772.023,2.114,52.000
0.003,0.011,0.011,21.655,124171.805,2.704,52.000
0.050,0.023,0.013,19.327,143275.219,6.537,52.000
0.058,0.001,0.011,19.901,91547.133,0.489,52.000
0.043,0.000,0.014,23.521,-33449.734,-2.282,52.000
0.051,0.007,0.010,19.463,127706.445,2.971,52.000
0.002,0.012,0.012,23.368,106750.211,4.723,52.000
0.052,0.002,0.017,21.931,127491.586,2.800,52.000
0.051,0.025,0.014,20.231,108548.305,6.105,52.000
0.051,0.024,0.010,20.440,142744.969,5.361,52.000
0.049,0.007,0.011,19.349,121390.648,4.053,52.000
0.050,0.003,0.013,16.843,175069.875,2.600,52.000
0.053,0.000,0.008,24.985,8332.641,1.169,52.000
0.055,0.001,0.010,22.790,125403.773,1.171,52.000
0.058,0.000,0.009,22.858,50619.117,-1.511,52.000
0.049,0.011,0.014,23.716,139715.125,6.827,52.000
0.058,0.001,0.012,17.829,124531.539,1.970,52.000
0.049,0.000,0.017,23.407,44786.758,-0.119,52.000
0.050,0.001,0.005,21.730,93021.898,1.803,52.000
0.047,0.001,0.016,25.955,108115.820,1.687,52.000
0.051,0.006,0.012,19.761,140059.156,2.873,52.000
0.051,0.005,0.013,17.669,153885.281,3.663,52.000
0.056,0.001,0.011,20.311,133093.562,1.795,52.000
0.051,0.001,0.015,23.217,152967.250,3.096,52.000
0.052,0.012,0.013,21.163,165157.750,7.786,52.000
0.050,0.013,0.013,20.051,166063.625,7.777,52.000
0.049,0.002,0.013,16.741,182216.438,2.221,52.000
0.057,0.000,0.013,25.822,36343.211,-0.044,52.000
0.053,0.001,0.010,22.767,145526.812,2.283,52.000
0.053,0.000,0.015,28.757,-25610.742,-1.589,52.000
0.051,0.007,0.012,20.050,134794.906,4.723,52.000
0.050,0.018,0.012,20.006,192719.719,7.434,52.000
0.048,0.017,0.011,19.505,208901.156,7.774,52.000
0.049,0.021,0.013,20.305,140452.844,6.730,52.000
0.099,0.013,0.013,21.672,83639.055,3.378,52.000
0.050,0.012,0.014,23.491,142049.219,6.739,52.000
0.049,0.022,0.012,20.399,181600.500,6.633,52.000
0.049,0.000,0.020,19.881,2767.141,2.130,52.000
0.041,0.000,0.011,20.915,6821.344,-2.279,52.000
0.044,0.001,0.010,20.014,166628.781,2.436,52.000
0.056,0.000,0.007,22.819,19103.141,-0.987,52.000
0.057,0.001,0.012,19.296,125024.492,2.179,52.000
0.041,0.001,0.007,21.754,96590.977,1.302,52.000
0.050,0.026,0.013,20.859,142684.719,6.747,52.000
0.057,0.000,0.009,25.253,-15850.641,-0.147,52.000
0.050,0.006,0.014,19.177,176254.500,4.852,52.000
0.050,0.006,0.014,19.452,194783.562,5.687,52.000
0.050,0.024,0.011,20.979,159177.281,6.010,52.000
0.045,0.002,0.017,23.333,135051.312,3.216,52.000
0.048,0.001,0.018,21.998,124318.008,2.780,52.000
0.052,0.001,0.011,29.874,-710.648,1.276,52.000
0.042,0.001,0.012,18.236,153866.531,1.214,52.000
0.050,0.013,0.014,21.914,137331.938,6.806,52.000
0.045,0.001,0.021,22.028,64769.133,1.820,52.000
0.052,0.000,0.020,20.622,-27954.523,2.467,52.000
0.052,0.001,0.014,25.210,111176.695,2.020,52.000
0.050,0.001,0.012,25.597,67630.867,2.372,52.000
0.055,0.000,0.021,19.402,-49326.941,0.160,52.000
0.049,0.005,0.014,19.131,170722.250,2.022,52.000
0.051,0.005,0.013,19.134,180897.688,4.383,52.000
0.050,0.014,0.014,21.477,133164.344,6.818,52.000
0.052,0.003,0.012,19.499,171446.594,2.970,52.000
0.054,0.001,0.004,20.255,112744.742,2.319,52.000
0.049,0.008,0.012,18.641,125199.102,4.797,52.000
0.043,0.001,0.009,22.441,38661.977,1.578,52.000
0.058,0.001,0.012,18.143,118209.508,2.076,52.000
0.002,0.011,0.013,23.206,59577.148,5.932,52.000
0.052,0.024,0.011,18.666,143849.906,6.755,52.000
0.049,0.001,0.020,20.151,85360.102,2.091,52.000
0.050,0.021,0.012,18.956,177312.156,7.114,52.000
0.040,0.001,0.014,17.984,64077.805,0.105,52.000
0.050,0.026,0.010,22.314,156251.312,5.565,52.000
0.052,0.010,0.010,15.897,175657.312,6.246,52.000
0.048,0.001,0.002,19.581,47246.305,-0.245,52.000
0.049,0.005,0.012,17.491,151935.656,3.182,52.000
0.051,0.020,0.013,19.022,131080.094,6.667,52.000
0.060,0.000,0.010,25.646,40450.320,3.365,52.000
0.048,0.010,0.011,18.214,128529.789,6.720,52.000
0.049,0.000,0.007,25.584,-37293.578,0.311,52.000
0.053,0.001,0.005,22.754,88992.430,2.019,52.000
0.041,0.001,0.015,19.797,71831.570,-0.171,52.000
0.051,0.020,0.010,19.038,159060.906,6.624,52.000
0.047,0.000,0.016,27.078,-8997.086,-2.383,52.000
0.051,0.010,0.010,15.011,168078.531,6.269,52.000
0.056,0.002,0.014,21.567,153473.500,2.614,52.000
0.046,0.001,0.010,20.454,174256.750,3.125,52.000
0.041,0.001,0.014,17.607,87733.227,0.555,52.000
0.049,0.009,0.012,19.012,128758.727,6.224,52.000
0.044,0.001,0.015,26.951,25116.891,-0.947,52.000
0.052,0.015,0.012,19.656,167140.500,8.290,52.000
0.050,0.002,0.015,22.534,153409.906,3.309,52.000
0.049,0.000,0.003,22.851,2547.578,-0.463,52.000
0.049,0.001,0.006,21.212,100221.867,2.566,52.000
0.059,0.001,0.017,21.660,111212.086,1.335,52.000
0.057,0.000,0.012,24.264,79224.664,0.805,52.000
0.048,0.020,0.012,20.131,192099.781,7.125,52.000
0.046,0.001,0.020,21.019,96816.367,2.280,52.000
0.045,0.001,0.005,20.098,125379.102,2.252,52.000
0.046,0.000,0.013,29.303,-107051.766,-2.728,52.000
0.051,0.000,0.010,29.694,-83194.945,0.624,52.000
0.049,0.009,0.014,22.853,151572.125,6.922,52.000
0.043,0.001,0.017,24.710,105332.336,1.283,52.000
0.000,0.011,0.011,23.168,14176.656,4.952,52.000
0.050,0.017,0.011,19.867,193004.750,7.398,52.000
0.049,0.011,0.012,19.490,178372.719,7.668,52.000
0.049,0.022,0.010,20.694,157465.781,6.379,52.000
0.058,0.000,0.009,24.965,26238.242,0.597,52.000
0.045,0.001,0.012,20.072,132029.969,2.069,52.000
0.098,0.011,0.011,19.668,81017.648,6.413,52.000
0.002,0.012,0.013,23.181,96515.602,5.000,52.000
0.050,0.022,0.010,19.934,145602.438,6.278,52.000
0.051,0.018,0.011,18.669,184257.312,7.243,52.000
0.050,0.023,0.014,20.371,112044.164,5.828,52.000
0.050,0.019,0.013,19.653,159537.812,7.443,52.000
0.045,0.000,0.006,22.522,49990.945,0.242,52.000
0.057,0.000,0.011,24.063,15028.891,-0.666,52.000
0.098,0.012,0.013,21.214,91874.117,3.755,52.000
0.049,0.025,0.012,21.082,170004.000,6.707,52.000
0.059,0.001,0.010,17.674,137952.375,0.698,52.000
0.051,0.001,0.007,23.485,85731.242,2.448,52.000
0.051,0.017,0.010,18.366,185916.594,7.329,52.000
0.051,0.014,0.013,20.276,159049.875,7.875,52.000
0.053,0.000,0.004,23.465,29676.086,1.171,52.000
0.049,0.008,0.013,19.808,171201.469,6.797,52.000
0.052,0.027,0.011,24.210,124100.602,5.262,52.000
0.058,0.001,0.009,22.032,99696.117,0.610,52.000
0.050,0.021,0.010,19.620,155418.875,6.371,52.000
0.048,0.008,0.011,19.239,112929.289,4.804,52.000
0.049,0.004,0.010,22.248,160766.094,2.855,52.000
0.049,0.007,0.014,19.858,177967.000,5.544,52.000
0.055,0.001,0.012,20.613,146138.344,2.067,52.000
0.052,0.001,0.015,27.475,53296.586,-0.125,52.000
0.048,0.001,0.021,20.581,36800.648,1.426,52.000
0.058,0.001,0.015,22.828,110656.680,0.673,52.000
0.057,0.001,0.010,26.960,-4023.008,-0.577,52.000
0.040,0.001,0.015,18.031,79194.445,0.380,52.000
0.050,0.009,0.013,23.262,178240.281,7.896,52.000
0.050,0.003,0.013,17.147,178621.250,2.181,52.000
0.049,0.006,0.012,18.298,141326.062,3.268,52.000
0.048,0.022,0.012,20.354,184867.469,6.961,52.000
0.050,0.000,0.022,19.121,-48789.969,2.516,52.000
0.045,0.000,0.003,19.635,82161.227,-0.712,52.000
0.047,0.001,0.017,25.196,94123.742,1.583,52.000
0.047,0.001,0.010,21.393,154769.250,2.820,52.000
0.051,0.022,0.012,18.141,157473.531,7.006,52.000
0.002,0.011,0.013,23.157,64739.945,5.756,52.000
0.054,0.001,0.009,29.855,-47540.527,-0.027,52.000
0.043,0.002,0.010,19.569,158949.969,2.482,52.000
0.059,0.001,0.014,18.709,136047.000,1.703,52.000
0.050,0.013,0.013,21.789,160051.375,7.633,52.000
0.051,0.025,0.014,20.002,102164.945,5.934,52.000
0.050,0.014,0.012,20.080,164020.219,7.997,52.000
0.049,0.001,0.012,25.284,68434.133,2.462,52.000
0.044,0.001,0.012,18.972,135947.250,1.994,52.000
0.055,0.001,0.008,26.617,39914.617,0.699,52.000
0.049,0.007,0.013,18.553,148876.094,5.783,52.000
0.049,0.016,0.011,19.253,202087.969,7.551,52.000
0.047,0.001,0.009,20.784,173322.031,3.460,52.000
0.047,0.001,0.019,23.188,41273.273,0.636,52.000
0.002,0.013,0.012,22.471,131874.281,3.898,52.000
0.050,0.010,0.011,18.217,148462.188,6.691,52.000
0.048,0.014,0.013,19.245,155333.250,7.826,52.000
0.051,0.001,0.022,19.396,52452.977,2.018,52.000
0.051,0.000,0.020,18.097,1225.273,1.331,52.000
0.047,0.000,0.014,26.838,10849.031,0.660,52.000
0.051,0.015,0.011,19.508,185069.469,7.240,52.000
0.057,0.000,0.010,25.121,47827.961,-1.386,52.000
0.044,0.002,0.011,19.930,164120.719,2.416,52.000
0.042,0.001,0.012,21.607,53981.148,-0.221,52.000
0.052,0.001,0.014,22.330,170109.938,3.642,52.000
0.043,0.000,0.006,21.105,65711.258,-0.774,52.000
0.051,0.002,0.016,23.466,132413.750,3.011,52.000
0.047,0.001,0.019,22.707,88170.367,1.520,52.000
0.048,0.001,0.009,21.059,172114.938,3.441,52.000
0.058,0.001,0.011,17.517,124859.242,1.546,52.000
0.054,0.001,0.006,21.739,115891.680,2.904,52.000
0.051,0.002,0.013,18.770,191456.719,2.731,52.000
0.052,0.022,0.012,17.708,155726.906,7.027,52.000
0.052,0.006,0.012,19.788,146829.219,2.902,52.000
0.050,0.009,0.015,22.917,158689.750,6.652,52.000
0.051,0.017,0.010,17.875,182366.375,7.607,52.000
0.002,0.012,0.013,23.219,82128.523,5.295,52.000
0.049,0.023,0.014,20.009,110903.258,5.923,52.000
0.053,0.002,0.012,20.146,176812.062,2.889,52.000
0.057,0.001,0.016,22.135,138355.625,1.316,52.000
0.049,0.010,0.011,18.264,149818.969,7.095,52.000
0.099,0.011,0.012,19.754,92061.102,5.388,52.000
0.050,0.025,0.012,20.351,158533.125,6.824,52.000
0.049,0.001,0.007,23.013,95626.820,2.526,52.000
0.047,0.002,0.012,18.866,176970.375,2.696,52.000
0.051,0.021,0.013,18.260,144878.406,7.061,52.000
0.044,0.001,0.012,18.209,164770.156,2.121,52.000
0.053,0.000,0.003,20.611,-32907.031,1.210,52.000
0.051,0.010,0.014,22.485,163928.094,7.264,52.000
0.001,0.013,0.011,20.997,120552.039,2.689,52.000
0.055,0.000,0.006,25.051,9626.547,0.734,52.000
0.056,0.000,0.012,28.756,-22781.664,-0.117,52.000
0.060,0.001,0.008,17.660,149450.344,1.670,52.000
0.051,0.006,0.012,18.443,144309.406,3.778,52.000
0.041,0.001,0.013,20.114,50123.852,-0.131,52.000
0.053,0.000,0.017,23.617,-8883.078,-0.177,52.000
0.052,0.015,0.013,19.576,161895.969,8.213,52.000
0.049,0.002,0.013,16.356,175595.812,1.227,52.000
0.099,0.012,0.013,20.809,91283.570,4.081,52.000
0.059,0.001,0.005,19.309,128797.289,2.455,52.000
0.055,0.001,0.004,22.327,77937.539,1.668,52.000
0.055,0.001,0.012,20.993,144409.438,2.176,52.000
0.049,0.015,0.011,19.067,184207.375,7.753,52.000
0.052,0.013,0.013,21.010,160068.969,7.595,52.000
0.052,0.009,0.011,18.534,167532.562,7.327,52.000
0.049,0.007,0.010,21.303,138489.750,3.619,52.000
0.001,0.013,0.013,23.622,115850.461,4.587,52.000
0.050,0.002,0.010,22.569,157717.688,3.092,52.000
0.051,0.019,0.012,18.520,177870.750,7.814,52.000
0.044,0.001,0.006,20.935,137223.938,2.806,52.000
0.052,0.015,0.013,20.206,151542.062,7.725,52.000
0.046,0.001,0.011,24.942,56615.664,2.225,52.000
0.050,0.019,0.011,19.792,189195.438,6.810,52.000
0.052,0.000,0.009,28.437,-67924.312,0.426,52.000
0.052,0.004,0.012,20.470,159424.562,2.617,52.000
0.048,0.001,0.021,21.525,54038.586,1.441,52.000
0.054,0.001,0.019,19.890,90769.602,2.612,52.000
0.056,0.001,0.020,18.186,114192.508,3.254,52.000
0.049,0.018,0.014,19.941,131515.938,6.462,52.000
0.051,0.004,0.011,21.673,165211.750,2.952,52.000
0.045,0.000,0.010,27.477,-9431.633,2.640,52.000
0.049,0.013,0.011,18.739,181160.188,7.791,52.000
0.050,0.018,0.010,17.878,181631.062,7.936,52.000
0.050,0.022,0.014,20.086,98027.273,5.649,52.000
0.050,0.000,0.003,19.515,34814.758,0.326,52.000
0.050,0.014,0.012,20.326,160974.500,7.822,52.000
0.048,0.018,0.013,20.586,157769.594,7.230,52.000
0.051,0.010,0.011,17.742,154172.281,6.780,52.000
0.043,0.001,0.018,25.402,30226.414,-0.333,52.000
0.049,0.015,0.013,19.680,167345.188,7.906,52.000
0.051,0.001,0.009,22.889,139121.250,2.676,52.000
0.045,0.001,0.004,19.903,122061.383,1.915,52.000
0.043,0.001,0.019,22.115,121607.727,2.316,52.000
0.050,0.003,0.011,22.323,160539.906,2.825,52.000
0.048,0.018,0.010,19.102,205086.156,7.952,52.000
0.055,0.001,0.013,26.713,60557.133,0.683,52.000
0.042,0.000,0.006,18.434,50747.648,1.346,52.000
0.055,0.001,0.017,20.499,123852.602,2.417,52.000
0.057,0.001,0.010,20.631,124754.258,0.836,52.000
0.046,0.001,0.015,28.642,37418.086,-0.548,52.000
0.056,0.001,0.017,21.795,116745.898,1.791,52.000
0.001,0.012,0.011,21.905,133666.844,2.884,52.000
0.054,0.002,0.013,20.507,175507.344,3.360,52.000
0.043,0.001,0.018,23.093,124098.195,2.063,52.000
0.052,0.012,0.012,19.991,177588.188,7.765,52.000
0.050,0.008,0.012,19.368,122609.070,4.282,52.000
0.050,0.018,0.010,17.269,180287.938,7.974,52.000
0.040,0.000,0.007,20.249,25415.523,-2.008,52.000
0.049,0.003,0.010,22.266,164584.531,2.856,52.000
0.048,0.013,0.012,18.848,159074.156,8.099,52.000
0.054,0.001,0.013,27.762,84254.727,1.144,52.000
0.050,0.018,0.010,17.697,186213.875,8.103,52.000
0.048,0.014,0.012,19.170,159288.750,8.009,52.000
0.049,0.007,0.011,19.568,127363.102,3.457,52.000
0.057,0.001,0.020,19.315,92117.367,2.813,52.000
0.001,0.011,0.012,22.855,104458.039,3.795,52.000
0.055,0.000,0.016,25.290,20133.836,-0.459,52.000
0.052,0.003,0.011,22.298,160872.750,3.127,52.000
0.049,0.001,0.004,19.679,104811.711,1.842,52.000
0.049,0.016,0.012,20.101,189701.281,7.946,52.000
0.050,0.026,0.012,20.439,128754.570,6.587,52.000
0.057,0.001,0.007,22.940,97451.305,0.921,52.000
0.050,0.025,0.010,21.320,151425.062,5.558,52.000
0.048,0.006,0.013,16.004,130865.773,3.698,52.000
0.052,0.006,0.010,19.714,151991.875,2.631,52.000
0.051,0.010,0.013,22.555,167407.344,7.777,52.000
0.046,0.000,0.013,29.287,-28809.789,0.596,52.000
0.045,0.001,0.012,17.852,165962.094,2.531,52.000
0.045,0.001,0.016,24.264,125693.039,2.481,52.000
0.052,0.006,0.013,19.974,171894.031,4.728,52.000
0.052,0.004,0.012,19.155,176492.000,2.962,52.000
0.049,0.018,0.014,20.117,127382.336,6.206,52.000
0.055,0.002,0.010,22.394,119086.414,1.089,52.000
0.049,0.006,0.011,20.493,137628.719,3.460,52.000
0.051,0.001,0.020,19.360,85144.461,2.393,52.000
0.050,0.007,0.013,19.149,148065.438,5.560,52.000
0.050,0.003,0.014,18.405,174010.219,1.132,52.000
0.050,0.026,0.014,21.090,107302.258,5.880,52.000
0.051,0.002,0.011,22.682,162996.312,2.939,52.000
0.050,0.015,0.010,18.343,187451.031,6.574,52.000
0.047,0.001,0.019,22.570,104369.570,2.058,52.000
0.048,0.006,0.013,17.016,131573.438,3.245,52.000
0.047,0.001,0.012,18.398,181539.969,2.477,52.000
0.049,0.022,0.013,19.448,165470.906,6.961,52.000
0.053,0.001,0.021,18.622,80589.039,2.895,52.000
0.056,0.001,0.004,21.111,106761.789,2.290,52.000
0.053,0.001,0.009,25.118,84536.570,1.527,52.000
0.052,0.010,0.013,22.954,171878.344,7.918,52.000
0.049,0.004,0.013,15.931,159070.500,1.944,52.000
0.048,0.022,0.012,20.521,183957.000,6.959,52.000
0.050,0.007,0.012,19.359,136227.531,4.684,52.000
0.053,0.000,0.017,26.731,-67812.953,-1.350,52.000
0.048,0.006,0.011,20.285,145467.750,3.146,52.000
0.050,0.002,0.015,21.900,160841.844,3.387,52.000
0.048,0.017,0.013,20.245,179535.625,7.635,52.000
0.050,0.001,0.006,24.280,428.047,1.081,52.000
0.056,0.000,0.016,19.012,9205.789,0.130,52.000
0.048,0.002,0.016,23.288,141579.969,3.232,52.000
0.050,0.013,0.011,17.664,165615.000,7.094,52.000
0.047,0.002,0.013,17.488,163835.875,0.986,52.000
0.050,0.008,0.010,18.306,127218.352,4.418,52.000
0.057,0.000,0.010,25.734,13502.414,0.129,52.000
0.044,0.000,0.013,22.942,-34292.812,-2.249,52.000
0.001,0.013,0.012,23.040,133446.469,3.894,52.000
0.002,0.013,0.011,21.269,141914.062,2.457,52.000
0.046,0.001,0.017,24.315,123485.477,2.272,52.000
0.051,0.022,0.014,18.350,126682.617,6.592,52.000
0.049,0.018,0.012,20.235,190818.062,7.412,52.000
0.045,0.001,0.013,17.143,157815.500,1.627,52.000
0.048,0.000,0.008,26.452,-32663.422,1.504,52.000
0.051,0.027,0.010,22.452,148867.469,5.065,52.000
0.047,0.002,0.018,21.281,124966.805,3.018,52.000
0.050,0.021,0.013,19.742,133176.469,6.616,52.000
0.047,0.001,0.011,21.245,162352.969,3.214,52.000
0.050,0.007,0.011,20.757,122003.055,3.140,52.000
0.049,0.000,0.002,21.105,32296.398,-0.755,52.000
0.049,0.013,0.014,23.034,132173.625,6.495,52.000
0.042,0.001,0.018,21.985,121659.742,2.266,52.000
0.060,0.000,0.012,18.077,104211.023,1.362,52.000
0.048,0.013,0.010,15.922,136920.219,7.217,52.000
0.049,0.009,0.012,18.866,127430.852,5.779,52.000
0.048,0.001,0.012,20.207,154537.875,2.532,52.000
0.047,0.001,0.010,23.218,95257.555,2.620,52.000
0.042,0.001,0.004,19.118,138172.188,2.068,52.000
0.050,0.001,0.016,23.529,138590.438,2.980,52.000
0.041,0.001,0.012,19.004,113022.664,0.074,52.000
0.055,0.001,0.012,27.439,35814.164,0.266,52.000
0.044,0.002,0.014,19.179,148540.156,1.576,52.000
0.053,0.000,0.009,33.814,-17672.242,3.790,52.000
0.051,0.003,0.010,22.199,159901.281,2.682,52.000
0.000,0.012,0.012,18.662,28330.148,11.184,52.000
0.044,0.001,0.015,23.970,114543.398,0.823,52.000
0.041,0.001,0.013,16.857,114708.617,1.052,52.000
0.051,0.001,0.010,23.571,123922.508,2.104,52.000
0.046,0.000,0.002,17.071,28167.336,1.785,52.000
0.048,0.013,0.011,17.710,163274.375,7.364,52.000
0.049,0.015,0.013,19.954,176346.781,8.191,52.000
0.050,0.000,0.017,23.978,-15624.828,-0.393,52.000
0.048,0.019,0.012,20.122,184664.094,7.241,52.000
0.047,0.001,0.007,23.648,53415.867,1.980,52.000
0.051,0.002,0.014,20.655,175745.906,3.032,52.000
0.048,0.008,0.012,18.223,116799.258,5.232,52.000
0.052,0.009,0.011,18.778,151878.719,6.406,52.000
0.050,0.026,0.010,22.345,154329.312,5.452,52.000
0.049,0.020,0.011,19.442,179016.312,6.928,52.000
0.050,0.001,0.015,27.171,78975.773,0.800,52.000
0.049,0.026,0.010,23.203,162436.000,5.667,52.000
0.049,0.023,0.014,20.736,127030.148,6.132,52.000
0.048,0.016,0.012,20.034,182397.000,8.087,52.000
0.059,0.001,0.013,17.900,120703.898,1.740,52.000
0.049,0.018,0.012,20.442,194477.406,7.251,52.000
0.054,0.001,0.012,20.091,171206.844,2.779,52.000
0.049,0.007,0.014,19.688,177992.156,5.595,52.000
0.058,0.000,0.011,20.904,96679.039,0.599,52.000
0.100,0.011,0.011,19.314,17747.656,9.931,52.000
0.002,0.012,0.012,21.971,120043.383,3.283,52.000
0.050,0.008,0.014,21.493,173776.094,6.938,52.000
0.050,0.019,0.010,18.639,174764.594,7.412,52.000
0.048,0.007,0.011,19.787,137522.938,3.660,52.000
0.044,0.002,0.010,19.659,165438.312,2.866,52.000
0.002,0.013,0.012,23.172,124937.430,4.332,52.000
0.052,0.013,0.013,21.800,155972.688,7.377,52.000
0.049,0.003,0.010,22.115,167651.844,3.002,52.000
0.045,0.001,0.014,17.808,157207.938,1.360,52.000
0.045,0.001,0.004,18.594,127556.539,1.954,52.000
0.041,0.001,0.012,18.162,143893.344,0.115,52.000
0.053,0.002,0.005,21.046,115640.211,2.842,52.000
0.049,0.015,0.013,20.315,153430.688,7.506,52.000
0.045,0.001,0.004,19.224,123113.430,1.667,52.000
0.052,0.025,0.012,18.700,132518.906,6.790,52.000
0.056,0.000,0.009,28.271,-50826.156,0.238,52.000
0.046,0.000,0.012,28.741,-111284.281,-3.169,52.000
0.050,0.001,0.019,22.226,27653.836,0.490,52.000
0.051,0.000,0.023,21.164,-67363.516,4.453,52.000
0.050,0.020,0.010,19.459,163687.938,6.468,52.000
0.047,0.001,0.012,27.571,13032.141,0.883,52.000
0.050,0.002,0.006,20.975,96685.117,2.462,52.000
0.042,0.001,0.013,17.999,100873.148,0.954,52.000
0.050,0.016,0.010,18.468,189452.625,6.966,52.000
0.051,0.002,0.006,21.550,103132.836,2.637,52.000
0.050,0.000,0.023,22.030,-78536.305,3.813,52.000
0.048,0.025,0.013,20.825,154887.062,6.712,52.000
0.050,0.013,0.010,17.730,161293.969,6.486,52.000
0.049,0.001,0.006,22.316,85693.727,2.250,52.000
0.050,0.001,0.009,23.246,128487.773,2.766,52.000
0.044,0.000,0.012,24.012,-20103.258,-0.103,52.000
0.046,0.001,0.015,25.346,93224.273,0.107,52.000
0.049,0.018,0.010,18.743,196447.188,7.752,52.000
0.042,0.001,0.018,22.853,119688.711,2.040,52.000
0.057,0.001,0.018,20.311,124328.352,2.517,52.000
0.051,0.000,0.013,30.247,5684.523,1.450,52.000
0.049,0.000,0.007,24.166,-24277.773,0.201,52.000
0.052,0.000,0.002,19.259,29160.305,0.577,52.000
0.044,0.001,0.015,22.151,134641.531,1.888,52.000
0.053,0.001,0.008,24.647,84811.695,1.841,52.000
0.057,0.002,0.015,21.331,151798.312,1.556,52.000
0.049,0.011,0.014,23.459,139691.188,6.761,52.000
0.000,0.012,0.013,19.558,-11491.789,9.814,52.000
0.048,0.002,0.018,22.229,132226.781,3.450,52.000
0.053,0.002,0.013,19.955,183536.688,2.985,52.000
0.098,0.012,0.014,22.308,98942.461,2.198,52.000
0.051,0.027,0.014,13.046,179114.188,6.394,52.000
0.052,0.013,0.014,21.878,145194.406,7.073,52.000
0.058,0.000,0.013,25.410,30035.352,-0.191,52.000
0.050,0.001,0.019,22.208,58169.211,0.887,52.000
0.044,0.001,0.010,20.810,147607.594,2.120,52.000
0.048,0.005,0.013,15.635,132701.469,2.623,52.000
0.050,0.010,0.010,16.124,151658.250,6.417,52.000
0.050,0.023,0.013,19.864,132623.625,6.132,52.000
0.050,0.022,0.013,19.614,132515.781,6.475,52.000
0.052,0.026,0.012,20.084,101409.805,6.385,52.000
0.048,0.014,0.011,18.713,172186.875,7.849,52.000
0.049,0.000,0.003,20.911,-72261.625,-0.524,52.000
0.057,0.001,0.011,21.333,98078.617,0.576,52.000
0.052,0.001,0.008,25.817,50115.758,1.413,52.000
0.056,0.001,0.011,20.777,131515.781,1.472,52.000
0.051,0.002,0.013,17.827,185709.750,2.421,52.000
0.051,0.010,0.013,22.959,174301.688,8.131,52.000
0.050,0.005,0.010,21.385,149058.000,2.539,52.000
0.051,0.013,0.013,20.933,165567.906,7.644,52.000
0.052,0.007,0.011,18.821,141012.750,4.296,52.000
0.049,0.015,0.014,20.050,134827.219,6.678,52.000
0.049,0.001,0.021,19.584,87302.148,2.352,52.000
0.056,0.001,0.017,23.213,110111.445,1.178,52.000
0.051,0.027,0.014,23.900,88442.227,6.373,52.000
0.054,0.002,0.010,23.200,126520.164,1.320,52.000
0.057,0.001,0.016,23.527,83358.008,0.928,52.000
0.040,0.001,0.017,20.015,82230.148,1.075,52.000
0.049,0.004,0.012,18.073,165200.250,2.952,52.000
0.048,0.005,0.010,21.671,154661.531,2.847,52.000
0.050,0.001,0.006,23.420,35040.586,1.621,52.000
0.043,0.001,0.014,23.435,23735.828,-0.819,52.000
0.050,0.000,0.022,20.012,-14603.359,2.448,52.000
0.050,0.019,0.012,19.717,191893.625,7.359,52.000
0.001,0.010,0.012,22.848,87488.617,4.227,52.000
0.043,0.000,0.018,23.720,33652.758,-1.301,52.000
0.051,0.021,0.014,18.787,125241.336,6.563,52.000
0.052,0.010,0.013,22.355,172513.219,8.019,52.000
0.049,0.021,0.013,19.817,154112.312,6.898,52.000
0.043,0.001,0.010,21.530,92368.055,1.253,52.000
0.098,0.011,0.013,20.781,101440.633,3.093,52.000
0.040,0.000,0.008,20.507,-34921.773,2.135,52.000
0.050,0.014,0.010,18.629,169622.250,6.058,52.000
0.051,0.000,0.009,29.476,-31358.969,1.773,52.000
0.052,0.002,0.006,21.457,105695.977,2.509,52.000
0.044,0.000,0.012,25.933,-75582.211,-2.377,52.000
0.054,0.001,0.015,22.832,149112.719,2.656,52.000
0.049,0.019,0.014,20.169,112915.523,6.254,52.000
0.055,0.002,0.014,21.851,147147.531,2.502,52.000
0.046,0.000,0.005,20.305,10633.188,1.208,52.000
0.055,0.002,0.013,21.161,162896.062,3.500,52.000
0.043,0.001,0.010,20.857,124789.398,1.462,52.000
0.042,0.001,0.009,21.233,140212.062,1.785,52.000
0.042,0.001,0.016,23.434,99830.633,0.961,52.000
0.048,0.004,0.011,21.326,159302.062,2.913,52.000
0.043,0.001,0.011,20.686,144699.531,1.672,52.000
0.050,0.003,0.012,18.808,171835.719,2.895,52.000
0.048,0.016,0.013,19.821,167473.625,7.873,52.000
0.052,0.015,0.013,18.961,163046.938,8.133,52.000
0.050,0.026,0.010,22.131,153823.594,5.290,52.000
0.049,0.020,0.013,20.130,167935.531,7.019,52.000
0.042,0.000,0.005,20.043,109953.461,-0.408,52.000
0.043,0.001,0.009,20.512,156965.469,2.570,52.000
0.054,0.001,0.012,20.248,162368.938,2.663,52.000
0.047,0.002,0.014,18.515,166867.438,0.739,52.000
0.057,0.001,0.016,21.480,133728.562,1.799,52.000
0.049,0.000,0.017,22.877,20166.797,0.280,52.000
0.052,0.021,0.013,18.018,145277.500,6.957,52.000
0.051,0.000,0.018,24.873,-94048.312,-1.494,52.000
0.050,0.011,0.012,20.843,185975.000,8.269,52.000
0.050,0.000,0.012,29.684,-13888.656,-1.257,52.000
0.097,0.012,0.012,20.855,79741.523,5.393,52.000
0.042,0.001,0.017,24.915,-19867.445,-2.202,52.000
0.001,0.012,0.013,23.987,96783.367,4.485,52.000
0.049,0.008,0.013,19.471,146687.188,6.487,52.000
0.049,0.001,0.005,21.941,68239.102,1.198,52.000
0.053,0.002,0.012,21.215,171321.062,3.184,52.000
0.055,0.001,0.005,24.114,16338.188,0.831,52.000
0.050,0.000,0.005,24.806,-32675.047,-0.049,52.000
0.046,0.000,0.009,26.467,-29556.008,0.177,52.000
0.046,0.002,0.014,18.078,164448.938,0.856,52.000
0.057,0.000,0.009,26.414,-14355.273,-1.376,52.000
0.050,0.014,0.011,19.214,181114.281,6.962,52.000
0.048,0.013,0.014,21.729,135672.906,6.906,52.000
0.045,0.001,0.009,23.439,64907.758,2.223,52.000
0.051,0.007,0.014,20.888,183888.906,6.969,52.000
0.051,0.017,0.012,19.308,181853.250,7.526,52.000
0.052,0.026,0.011,21.125,110740.117,5.855,52.000
0.046,0.002,0.011,20.588,172524.938,3.080,52.000
0.048,0.007,0.011,19.201,131026.570,4.015,52.000
0.047,0.001,0.018,23.890,49814.320,0.821,52.000
0.050,0.000,0.017,27.558,-37358.180,-2.253,52.000
0.051,0.000,0.009,30.316,-138.844,5.287,52.000
0.001,0.013,0.012,24.056,121857.039,3.997,52.000
0.048,0.000,0.003,22.146,-10154.922,-1.376,52.000
0.050,0.024,0.011,21.187,155463.781,5.611,52.000
0.045,0.000,0.014,26.119,-31875.156,0.714,52.000
0.042,0.001,0.010,21.567,84521.648,0.733,52.000
0.051,0.021,0.013,18.324,156492.344,7.035,52.000
0.050,0.001,0.005,20.898,102797.633,2.008,52.000
0.050,0.011,0.015,23.517,144470.750,6.377,52.000
0.049,0.009,0.011,18.133,121377.289,5.980,52.000
0.043,0.000,0.005,20.476,86477.758,0.032,52.000
0.045,0.001,0.017,25.884,74313.086,0.689,52.000
0.049,0.007,0.010,20.983,128180.367,3.460,52.000
0.050,0.025,0.014,20.380,112393.461,5.897,52.000
0.051,0.026,0.014,20.798,109324.992,6.099,52.000
0.048,0.007,0.013,17.238,129827.492,5.406,52.000
0.052,0.013,0.013,20.352,159245.312,7.821,52.000
0.099,0.011,0.012,20.640,66594.727,3.783,52.000
0.000,0.011,0.013,19.346,5268.188,10.603,52.000
0.046,0.000,0.005,22.112,10936.398,-1.200,52.000
0.050,0.023,0.010,20.508,152776.938,5.825,52.000
0.049,0.009,0.010,17.797,131588.188,5.367,52.000
0.052,0.018,0.012,18.137,174052.656,8.029,52.000
0.050,0.003,0.014,20.878,166761.469,2.641,52.000
0.049,0.014,0.013,20.759,153800.688,7.520,52.000
0.049,0.000,0.021,21.875,-85772.594,1.494,52.000
0.045,0.000,0.014,27.211,-54260.676,1.024,52.000
0.057,0.000,0.009,27.235,-5579.805,0.439,52.000
0.049,0.007,0.010,20.874,146413.906,3.527,52.000
0.049,0.019,0.011,19.871,195238.188,6.850,52.000
0.051,0.017,0.012,19.787,191972.094,7.457,52.000
0.058,0.001,0.013,21.044,79377.570,1.443,52.000
0.055,0.001,0.006,23.040,99483.289,1.925,52.000
0.048,0.000,0.016,26.958,-18296.359,0.023,52.000
0.058,0.000,0.006,27.562,-64748.680,-0.281,52.000
0.054,0.001,0.022,18.029,77899.023,2.951,52.000
0.044,0.000,0.015,26.356,5306.750,-0.393,52.000
0.047,0.001,0.005,20.089,107277.883,2.354,52.000
0.053,0.001,0.011,22.327,145349.656,2.739,52.000
0.049,0.001,0.002,19.768,56452.586,0.129,52.000
0.050,0.008,0.015,21.101,171881.469,6.622,52.000
0.052,0.001,0.005,22.656,52377.117,1.316,52.000
0.049,0.008,0.014,19.821,184672.500,6.186,52.000
0.057,0.000,0.018,23.207,1512.945,1.205,52.000
0.048,0.014,0.014,20.252,140989.938,6.978,52.000
0.051,0.005,0.010,22.180,144908.750,2.624,52.000
0.048,0.014,0.011,18.713,169123.625,7.724,52.000
0.051,0.000,0.013,29.507,-121031.664,-2.431,52.000
0.050,0.000,0.010,28.010,-55888.711,0.238,52.000
0.047,0.001,0.009,21.924,154612.125,3.030,52.000
0.049,0.010,0.013,22.543,160552.375,7.893,52.000
0.049,0.001,0.021,20.252,70570.992,1.952,52.000
0.050,0.000,0.018,21.107,-5499.297,-0.277,52.000
0.050,0.009,0.012,19.058,143015.062,6.583,52.000
0.053,0.001,0.017,20.825,125186.070,2.434,52.000
0.048,0.001,0.011,21.261,172966.312,3.474,52.000
0.050,0.026,0.010,22.411,157084.094,5.503,52.000
0.048,0.010,0.014,21.766,147740.469,7.129,52.000
0.048,0.013,0.014,21.142,140314.688,7.067,52.000
0.059,0.001,0.016,21.124,149214.750,1.510,52.000
0.057,0.000,0.007,22.638,56480.445,1.594,52.000
0.054,0.001,0.015,22.370,136890.969,2.233,52.000
0.051,0.024,0.011,19.651,151626.938,6.155,52.000
0.050,0.013,0.010,16.477,153068.562,7.031,52.000
0.051,0.015,0.011,19.093,182340.188,6.875,52.000
0.051,0.019,0.011,18.860,168290.906,6.656,52.000
0.050,0.001,0.009,22.193,158374.844,3.013,52.000
0.049,0.013,0.012,19.583,162295.500,7.854,52.000
0.052,0.002,0.017,21.274,125829.180,2.825,52.000
0.099,0.013,0.011,21.693,-2632.391,3.752,52.000
0.051,0.001,0.022,19.405,17959.594,1.572,52.000
0.055,0.001,0.011,22.081,119935.273,1.088,52.000
0.049,0.009,0.013,19.376,128721.977,6.056,52.000
0.051,0.010,0.011,16.597,152522.031,6.477,52.000
0.053,0.001,0.015,28.300,41790.430,-0.345,52.000
0.052,0.003,0.014,19.063,190358.219,2.936,52.000
0.049,0.026,0.010,22.772,157148.812,5.725,52.000
0.051,0.000,0.001,17.629,56606.055,0.850,52.000
0.055,0.000,0.022,19.251,23692.031,3.540,52.000
0.046,0.001,0.017,24.699,88035.211,1.441,52.000
0.048,0.005,0.012,16.783,147284.250,3.441,52.000
0.051,0.007,0.013,20.337,142944.625,5.308,52.000
0.048,0.001,0.008,25.782,-1256.984,1.977,52.000
0.044,0.000,0.009,22.638,-56536.148,1.397,52.000
0.048,0.010,0.013,20.874,156945.562,7.533,52.000
0.049,0.000,0.016,25.448,65562.523,-1.275,52.000
0.052,0.000,0.005,20.623,23773.031,0.752,52.000
0.046,0.000,0.021,18.339,-880.352,1.679,52.000
0.045,0.001,0.010,23.910,69939.664,2.324,52.000
0.056,0.001,0.011,24.594,78637.430,0.791,52.000
0.051,0.000,0.013,29.142,-58472.492,-2.677,52.000
0.048,0.013,0.011,17.288,156310.438,6.944,52.000
0.050,0.022,0.013,19.015,146893.281,6.630,52.000
0.048,0.005,0.011,21.168,152016.281,2.690,52.000
0.059,0.000,0.009,23.054,49685.555,0.919,52.000
0.050,0.001,0.011,22.425,143475.531,2.639,52.000
0.059,0.001,0.013,18.753,116028.930,1.412,52.000
0.052,0.001,0.006,21.905,109240.898,2.498,52.000
0.055,0.000,0.019,20.575,-27038.172,0.947,52.000
0.051,0.013,0.013,20.743,161351.438,7.624,52.000
0.051,0.001,0.008,23.549,113040.102,2.572,52.000
0.044,0.000,0.006,22.401,29593.508,-0.343,52.000
0.049,0.002,0.015,22.305,155019.375,3.069,52.000
0.050,0.023,0.011,20.893,156082.656,5.722,52.000
0.054,0.001,0.020,19.685,41226.664,2.114,52.000
0.052,0.001,0.020,20.366,1884.906,1.255,52.000
0.001,0.010,0.011,21.949,117653.133,2.572,52.000
0.058,0.001,0.010,22.268,90908.914,-0.538,52.000
0.057,0.000,0.020,21.609,11938.578,0.616,52.000
0.052,0.001,0.017,24.268,105502.055,1.562,52.000
0.047,0.000,0.019,21.970,31884.227,0.087,52.000
0.052,0.003,0.014,19.832,180513.062,3.169,52.000
0.048,0.013,0.011,17.034,154760.406,7.068,52.000
0.002,0.012,0.013,22.884,86011.555,5.174,52.000
0.051,0.000,0.003,22.338,59856.977,1.016,52.000
0.054,0.002,0.013,20.302,172564.781,2.970,52.000
0.050,0.005,0.010,22.395,143576.750,2.657,52.000
0.055,0.001,0.013,23.547,88269.602,0.301,52.000
0.060,0.000,0.009,22.289,63779.086,1.227,52.000
0.047,0.001,0.009,22.488,141450.906,2.792,52.000
0.097,0.013,0.012,21.380,84637.461,4.008,52.000
0.049,0.001,0.004,19.235,107163.227,1.486,52.000
0.049,0.012,0.010,14.756,139591.969,7.057,52.000
0.041,0.000,0.011,21.934,-3331.781,-2.544,52.000
0.049,0.002,0.017,23.018,131989.781,3.257,52.000
0.049,0.019,0.013,20.284,167430.531,7.275,52.000
0.041,0.001,0.015,21.891,72195.148,-0.102,52.000
0.045,0.001,0.017,26.169,19305.852,-0.802,52.000
0.051,0.017,0.013,18.897,177504.406,8.155,52.000
0.051,0.001,0.018,22.808,88579.789,1.367,52.000
0.048,0.001,0.022,21.140,53253.758,1.587,52.000
0.049,0.001,0.001,18.828,106286.508,1.054,52.000
0.043,0.001,0.016,24.063,117700.227,1.710,52.000
0.051,0.025,0.012,19.140,147576.062,6.889,52.000
0.051,0.002,0.014,21.142,175339.656,3.391,52.000
0.052,0.003,0.013,18.549,191304.938,2.860,52.000
0.049,0.000,0.014,29.597,7731.898,1.147,52.000
0.049,0.002,0.016,22.983,134118.656,3.314,52.000
0.060,0.001,0.009,16.340,147757.938,0.672,52.000
0.042,0.000,0.015,23.233,-65797.406,-2.944,52.000
0.055,0.000,0.011,31.709,13139.367,3.271,52.000
0.049,0.003,0.011,22.132,165885.500,3.056,52.000
0.051,0.001,0.017,22.002,125732.367,2.700,52.000
0.049,0.012,0.011,16.635,150579.344,7.610,52.000
0.053,0.001,0.003,19.865,113457.633,2.046,52.000
0.050,0.018,0.014,20.666,137547.531,6.624,52.000
0.051,0.008,0.015,21.617,173584.844,6.745,52.000
0.049,0.016,0.014,19.906,139178.156,6.912,52.000
0.050,0.008,0.013,21.016,174682.500,6.886,52.000
0.055,0.001,0.016,22.477,125432.102,1.716,52.000
0.050,0.021,0.011,19.840,172324.094,6.452,52.000
0.048,0.001,0.010,21.059,172077.281,3.239,52.000
0.049,0.008,0.010,17.494,151148.031,5.128,52.000
0.050,0.016,0.013,20.366,176071.250,7.978,52.000
0.052,0.018,0.012,18.563,179509.594,8.053,52.000
0.051,0.001,0.023,19.237,17668.883,1.645,52.000
0.047,0.000,0.018,20.745,11893.172,0.420,52.000
0.049,0.020,0.013,20.694,148460.594,6.873,52.000
0.048,0.001,0.006,23.014,9136.992,1.404,52.000
0.050,0.000,0.009,27.965,-51000.520,0.995,52.000
0.050,0.017,0.011,19.280,195590.750,7.333,52.000
0.049,0.014,0.010,17.821,166430.281,6.266,52.000
0.052,0.001,0.006,22.055,107494.242,2.186,52.000
0.044,0.001,0.004,19.324,128224.898,1.844,52.000
0.052,0.014,0.012,19.046,162612.531,8.347,52.000
0.049,0.012,0.014,22.392,146756.062,7.501,52.000
0.051,0.023,0.011,19.242,157309.531,6.588,52.000
0.053,0.000,0.020,20.462,296.461,2.876,52.000
0.049,0.001,0.002,20.546,14813.234,-0.347,52.000
0.050,0.019,0.010,18.862,174757.469,7.108,52.000
0.045,0.000,0.010,26.011,-34273.836,-0.641,52.000
0.055,0.000,0.007,23.508,39903.336,1.468,52.000
0.049,0.019,0.010,18.813,188131.375,7.562,52.000
0.060,0.000,0.013,18.860,100769.852,3.042,52.000
0.052,0.026,0.013,20.638,95419.039,6.088,52.000
0.054,0.001,0.004,19.820,119809.367,2.512,52.000
0.049,0.003,0.012,18.172,171492.281,3.124,52.000
0.056,0.000,0.012,30.836,-78016.438,-0.122,52.000
0.052,0.021,0.012,18.018,163956.781,7.201,52.000
0.054,0.000,0.019,20.567,-39990.258,1.031,52.000
0.058,0.001,0.020,18.093,125747.445,3.220,52.000
0.043,0.002,0.011,19.442,163123.344,2.077,52.000
0.052,0.017,0.011,18.975,183220.188,6.934,52.000
0.053,0.002,0.017,21.042,126666.727,2.658,52.000
0.050,0.008,0.010,18.062,155356.844,3.835,52.000
0.048,0.022,0.012,20.758,182616.031,6.628,52.000
0.051,0.007,0.012,20.538,127547.617,4.283,52.000
0.050,0.001,0.008,22.277,129930.148,2.805,52.000
0.047,0.000,0.019,21.832,42447.664,1.276,52.000
0.051,0.002,0.014,22.260,166677.062,3.523,52.000
0.051,0.005,0.010,21.728,143268.781,2.471,52.000
0.049,0.001,0.002,19.263,83381.727,0.739,52.000
0.048,0.016,0.011,19.669,196918.375,7.621,52.000
0.051,0.019,0.012,19.116,182754.562,7.549,52.000
0.059,0.001,0.013,18.183,117160.789,1.454,52.000
0.056,0.000,0.014,26.783,7949.812,-0.854,52.000
0.051,0.000,0.001,21.553,42212.383,0.053,52.000
0.049,0.000,0.016,21.438,65826.227,1.012,52.000
0.055,0.001,0.012,20.784,142288.594,2.116,52.000
0.049,0.014,0.012,19.770,167886.031,8.157,52.000
0.052,0.027,0.010,17.245,264600.375,6.951,52.000
0.040,0.000,0.015,17.937,50134.039,-0.646,52.000
0.051,0.022,0.012,18.845,168750.562,6.974,52.000
0.048,0.009,0.014,20.429,156766.875,6.334,52.000
0.043,0.000,0.017,24.436,9845.562,-2.638,52.000
0.049,0.023,0.011,21.282,164585.406,6.058,52.000
0.051,0.018,0.010,18.670,178523.219,7.277,52.000
0.049,0.006,0.015,19.695,180560.688,4.450,52.000
0.042,0.001,0.006,22.106,115395.539,1.654,52.000
0.050,0.010,0.009,14.324,170399.781,5.968,52.000
0.052,0.025,0.012,19.114,141293.531,6.842,52.000
0.042,0.001,0.010,19.573,148757.969,1.090,52.000
0.048,0.003,0.012,17.774,178051.562,2.567,52.000
0.049,0.011,0.010,15.581,144462.562,7.267,52.000
0.051,0.022,0.011,19.254,151948.094,5.772,52.000
0.049,0.025,0.011,21.690,162548.906,5.984,52.000
0.052,0.025,0.013,18.548,125269.430,6.846,52.000
0.058,0.000,0.017,24.803,-18866.484,0.539,52.000
0.049,0.011,0.012,19.956,163587.812,7.239,52.000
0.050,0.005,0.015,20.238,179821.438,3.026,52.000
0.052,0.000,0.006,24.413,9920.133,1.223,52.000
0.055,0.000,0.014,24.504,65926.680,-0.434,52.000
0.052,0.000,0.016,22.607,25501.820,-0.222,52.000
0.056,0.000,0.020,21.273,-75160.547,1.709,52.000
0.044,0.001,0.014,20.015,154189.656,1.404,52.000
0.058,0.001,0.008,21.603,108976.883,1.140,52.000
0.050,0.004,0.009,21.621,160543.125,2.864,52.000
0.051,0.000,0.018,23.585,-44195.824,-0.892,52.000
0.048,0.007,0.014,18.700,161298.500,4.418,52.000
0.002,0.013,0.012,23.395,117855.461,4.541,52.000
0.049,0.017,0.011,20.033,200340.094,7.310,52.000
0.048,0.000,0.022,20.815,-23592.992,2.376,52.000
0.051,0.009,0.011,18.467,155846.375,6.626,52.000
0.049,0.024,0.013,20.167,162717.000,7.002,52.000
0.050,0.015,0.013,20.365,154477.688,7.629,52.000
0.049,0.022,0.013,20.226,132708.375,6.349,52.000
0.051,0.020,0.012,18.500,165984.375,7.280,52.000
0.044,0.001,0.005,19.469,132012.750,2.568,52.000
0.049,0.001,0.019,21.487,84697.805,1.595,52.000
0.056,0.000,0.008,26.981,33558.195,-0.142,52.000
0.050,0.010,0.011,18.398,155316.500,7.185,52.000
0.051,0.007,0.012,19.577,120157.617,4.113,52.000
0.052,0.012,0.011,17.526,175024.562,7.240,52.000
0.050,0.007,0.012,18.980,127390.898,3.490,52.000
0.054,0.002,0.010,23.294,123191.383,1.300,52.000
0.049,0.001,0.017,25.714,12272.086,-0.350,52.000
0.049,0.014,0.010,18.578,173906.031,6.628,52.000
0.051,0.002,0.010,22.766,160643.625,3.122,52.000
0.049,0.012,0.014,23.161,139896.469,7.038,52.000
0.048,0.002,0.011,22.212,168430.781,3.176,52.000
0.053,0.001,0.004,20.877,112052.523,2.317,52.000
0.048,0.022,0.012,20.295,181185.531,7.024,52.000
0.050,0.016,0.014,20.262,124106.836,6.381,52.000
0.053,0.001,0.011,22.460,140311.125,1.975,52.000
0.058,0.001,0.015,23.212,100345.773,0.612,52.000
0.040,0.001,0.012,17.688,139051.344,-0.252,52.000
0.051,0.003,0.010,22.514,160938.312,3.020,52.000
0.041,0.001,0.017,23.270,-39592.332,-2.490,52.000
0.054,0.001,0.019,21.719,73805.820,1.756,52.000
0.049,0.012,0.010,15.203,138759.375,7.413,52.000
0.049,0.013,0.011,18.028,170168.906,7.268,52.000
0.045,0.002,0.007,21.347,137612.844,3.415,52.000
0.049,0.014,0.010,17.834,163009.406,6.530,52.000
0.052,0.023,0.011,19.795,148887.750,5.524,52.000
0.054,0.001,0.008,24.606,93200.305,1.715,52.000
0.041,0.001,0.013,17.616,114535.555,0.435,52.000
0.049,0.001,0.011,22.076,157081.781,2.858,52.000
0.051,0.009,0.013,21.675,165751.656,7.226,52.000
0.058,0.001,0.013,19.937,97972.258,0.929,52.000
0.050,0.017,0.010,17.253,183638.031,7.865,52.000
0.052,0.020,0.011,18.895,161238.188,6.407,52.000
0.045,0.002,0.014,17.951,155543.719,1.330,52.000
0.002,0.012,0.013,23.497,105598.227,4.851,52.000
0.050,0.001,0.002,20.656,27882.836,-0.081,52.000
0.055,0.001,0.003,19.784,117127.680,2.745,52.000
0.058,0.000,0.014,24.394,37746.180,1.551,52.000
0.050,0.009,0.014,22.806,165404.906,7.247,52.000
0.045,0.000,0.004,17.229,28963.883,2.951,52.000
0.052,0.008,0.013,21.875,177352.562,7.616,52.000
0.050,0.012,0.015,23.496,144634.469,6.477,52.000
0.055,0.001,0.008,24.640,85125.664,0.989,52.000
0.051,0.003,0.012,18.491,178240.875,2.871,52.000
0.050,0.009,0.014,22.960,167320.031,7.540,52.000
0.053,0.001,0.013,23.697,116550.836,1.628,52.000
0.047,0.002,0.007,21.206,122385.133,3.199,52.000
0.049,0.001,0.014,28.548,19365.820,-0.945,52.000
0.052,0.010,0.011,16.803,175309.875,6.820,52.000
0.050,0.027,0.014,23.172,113321.898,5.227,52.000
0.058,0.000,0.006,26.292,-65784.047,-1.242,52.000
0.057,0.001,0.019,19.171,121991.148,3.137,52.000
0.058,0.000,0.018,19.859,43028.367,-1.212,52.000
0.046,0.000,0.014,28.182,-36751.695,1.550,52.000
0.055,0.001,0.011,21.145,132857.344,1.457,52.000
0.044,0.001,0.010,21.720,102964.445,1.856,52.000
0.098,0.012,0.011,20.187,67476.930,7.145,52.000
0.059,0.000,0.013,25.847,-11286.047,1.196,52.000
0.049,0.017,0.012,20.275,195781.250,7.288,52.000
0.048,0.007,0.010,20.801,138401.250,3.849,52.000
0.052,0.002,0.006,21.669,104805.023,2.570,52.000
0.044,0.002,0.017,23.930,130260.477,2.531,52.000
0.050,0.007,0.014,19.661,187275.625,5.892,52.000
0.051,0.002,0.015,22.124,163057.438,3.358,52.000
0.052,0.025,0.011,20.092,151231.969,6.008,52.000
0.049,0.024,0.011,21.582,165081.062,6.089,52.000
0.049,0.010,0.013,21.777,167833.344,7.976,52.000
0.052,0.000,0.015,25.556,11608.430,-0.202,52.000
0.051,0.009,0.013,22.739,169568.594,7.668,52.000
0.050,0.009,0.014,23.291,166698.031,7.652,52.000
0.053,0.000,0.021,22.314,-83690.500,2.942,52.000
0.051,0.009,0.011,16.890,150308.250,5.242,52.000
0.056,0.000,0.014,27.699,15279.508,0.283,52.000
0.051,0.001,0.012,20.721,151298.031,2.701,52.000
0.049,0.004,0.014,17.707,156006.469,1.466,52.000
0.048,0.012,0.013,19.555,152393.688,8.003,52.000
0.050,0.000,0.022,19.198,-38728.281,2.745,52.000
0.050,0.006,0.014,19.113,185783.656,5.030,52.000
0.049,0.000,0.019,21.205,18805.961,0.577,52.000
0.055,0.000,0.008,28.158,-20942.312,0.725,52.000
0.049,0.001,0.005,20.405,100554.742,2.001,52.000
0.059,0.001,0.017,21.959,123591.727,1.401,52.000
0.048,0.023,0.013,20.090,167081.000,6.960,52.000
0.052,0.001,0.018,22.935,94710.898,1.470,52.000
0.051,0.001,0.006,22.432,94044.195,2.098,52.000
0.051,0.022,0.010,19.513,150327.406,5.862,52.000
0.059,0.001,0.019,19.709,133437.625,2.130,52.000
0.052,0.010,0.011,18.482,172384.344,7.626,52.000
0.052,0.027,0.012,24.443,87332.820,5.240,52.000
0.045,0.001,0.017,24.181,128807.523,2.477,52.000
0.049,0.000,0.001,19.925,33700.555,-0.267,52.000
0.054,0.000,0.003,22.853,17365.562,1.298,52.000
0.051,0.015,0.010,19.144,182202.375,6.257,52.000
0.050,0.001,0.008,23.369,113608.508,2.791,52.000
0.053,0.002,0.006,20.904,116786.961,2.623,52.000
0.055,0.001,0.015,22.326,131357.562,1.857,52.000
0.052,0.002,0.013,19.073,191849.969,3.053,52.000
0.053,0.001,0.007,24.180,96162.508,2.115,52.000
0.050,0.019,0.011,19.165,181332.844,6.833,52.000
0.050,0.023,0.011,20.219,165458.031,6.524,52.000
0.099,0.012,0.012,20.693,64785.258,3.921,52.000
0.057,0.001,0.010,21.645,110556.289,1.090,52.000
0.055,0.001,0.013,20.411,154814.812,2.921,52.000
0.057,0.000,0.009,26.177,72.250,-1.384,52.000
0.053,0.001,0.010,29.028,-266.531,0.932,52.000
0.044,0.002,0.009,21.182,160394.062,3.280,52.000
0.050,0.001,0.007,22.452,114746.586,2.854,52.000
0.057,0.002,0.008,22.740,88816.758,1.262,52.000
0.051,0.023,0.010,20.233,142888.719,5.436,52.000
0.048,0.003,0.013,16.248,164546.531,0.402,52.000
0.053,0.001,0.022,18.390,61004.367,2.559,52.000
0.052,0.005,0.010,21.572,143741.719,2.506,52.000
0.047,0.000,0.007,24.053,10775.242,0.915,52.000
0.042,0.001,0.018,23.542,85263.477,0.726,52.000
0.053,0.001,0.012,20.624,175831.156,2.983,52.000
0.049,0.001,0.008,25.612,18568.961,2.180,52.000
0.045,0.000,0.017,24.504,104155.445,-0.094,52.000
0.050,0.027,0.010,22.119,148164.594,5.374,52.000
0.048,0.007,0.010,19.408,148357.312,4.477,52.000
0.049,0.018,0.011,19.150,203223.938,7.543,52.000
0.053,0.002,0.010,23.222,139085.406,1.948,52.000
0.056,0.001,0.006,23.093,94954.492,1.389,52.000
0.055,0.001,0.012,21.268,137114.406,2.087,52.000
0.045,0.001,0.011,20.449,156296.625,2.409,52.000
0.048,0.025,0.012,21.124,168118.281,7.124,52.000
0.048,0.017,0.012,20.477,194261.875,7.313,52.000
0.052,0.003,0.013,18.126,189607.031,2.921,52.000
0.039,0.001,0.011,18.625,135079.531,-0.624,52.000
0.051,0.025,0.013,18.802,133566.812,6.722,52.000
0.051,0.010,0.014,22.349,160092.812,7.034,52.000
0.052,0.001,0.013,23.121,107774.070,2.007,52.000
0.051,0.007,0.013,20.542,187501.375,6.502,52.000
0.048,0.025,0.011,21.937,169485.938,6.243,52.000
0.045,0.001,0.018,23.238,128620.773,2.600,52.000
0.056,0.000,0.010,30.145,12579.562,2.022,52.000
0.051,0.019,0.013,19.906,137229.625,6.973,52.000
0.049,0.000,0.008,26.196,-39822.395,0.253,52.000
0.050,0.006,0.015,20.118,186512.156,5.095,52.000
0.056,0.000,0.009,25.892,-14791.633,-0.101,52.000
0.002,0.010,0.013,23.029,59914.055,5.649,52.000
0.100,0.013,0.012,24.312,-23826.148,11.942,52.000
0.048,0.010,0.010,16.732,132944.719,6.492,52.000
0.052,0.004,0.012,18.877,174581.406,3.120,52.000
0.052,0.002,0.013,18.714,182824.969,2.469,52.000
0.047,0.002,0.016,23.160,140279.875,3.021,52.000
0.052,0.026,0.012,19.477,121863.070,6.836,52.000
0.052,0.006,0.012,19.443,147466.531,3.278,52.000
0.051,0.014,0.012,20.198,163414.969,7.981,52.000
0.054,0.001,0.016,25.449,60722.586,0.292,52.000
0.055,0.001,0.003,20.534,101550.180,2.020,52.000
0.049,0.007,0.013,18.182,133696.125,5.175,52.000
0.046,0.000,0.014,27.470,-43361.211,1.230,52.000
0.059,0.001,0.006,20.043,126314.055,1.840,52.000
0.045,0.001,0.008,21.547,153017.781,3.150,52.000
0.052,0.010,0.011,17.740,173522.812,7.297,52.000
0.050,0.020,0.013,20.009,135202.844,6.764,52.000
0.049,0.015,0.014,20.161,124936.992,6.407,52.000
0.049,0.001,0.018,21.679,125736.414,2.974,52.000
0.045,0.001,0.019,24.825,34540.961,-0.218,52.000
0.044,0.001,0.009,21.339,161155.125,3.079,52.000
0.048,0.025,0.011,22.144,165711.156,6.027,52.000
0.055,0.000,0.016,23.732,-579.750,-0.511,52.000
0.058,0.001,0.017,20.951,133174.844,1.827,52.000
0.052,0.025,0.012,19.009,135451.844,6.938,52.000
0.046,0.001,0.010,21.126,157961.188,2.738,52.000
0.052,0.002,0.018,20.316,111032.945,2.662,52.000
0.057,0.000,0.012,25.342,59457.711,-0.693,52.000
0.045,0.001,0.007,22.718,117588.195,2.178,52.000
0.049,0.021,0.011,20.130,176882.125,6.407,52.000
0.056,0.000,0.007,25.109,-501.141,-0.079,52.000
0.051,0.021,0.011,18.817,158835.906,6.454,52.000
0.002,0.012,0.012,21.669,130700.617,3.263,52.000
0.050,0.002,0.013,16.388,181712.969,1.551,52.000
0.053,0.001,0.006,23.032,84885.086,2.078,52.000
0.049,0.002,0.010,22.410,163175.250,3.004,52.000
0.052,0.000,0.018,23.001,-31372.828,-0.034,52.000
0.050,0.014,0.014,20.654,126163.039,6.485,52.000
0.052,0.001,0.017,25.671,-16671.445,-0.461,52.000
0.052,0.001,0.004,22.144,32762.867,0.646,52.000
0.039,0.001,0.014,17.807,62697.539,-0.356,52.000
0.048,0.010,0.011,18.034,135732.688,7.030,52.000
0.057,0.001,0.017,22.425,77880.148,1.334,52.000
0.052,0.000,0.010,28.866,-78937.258,-0.123,52.000
0.049,0.003,0.010,22.142,163699.656,3.010,52.000
0.049,0.001,0.009,22.324,151380.844,3.280,52.000
0.053,0.001,0.012,31.049,-974.516,0.571,52.000
0.050,0.016,0.012,20.024,190058.594,7.556,52.000
0.047,0.001,0.011,21.105,173123.500,2.966,52.000
0.042,0.000,0.016,22.416,-10725.828,-3.023,52.000
0.052,0.012,0.011,18.157,176944.375,7.529,52.000
0.055,0.002,0.017,21.240,124723.273,2.209,52.000
0.044,0.001,0.018,22.864,125158.461,2.315,52.000
0.051,0.000,0.015,26.116,86731.039,1.082,52.000
0.000,0.012,0.013,24.794,-71038.461,4.149,52.000
0.047,0.002,0.017,22.873,134309.500,3.435,52.000
0.060,0.001,0.013,19.097,111375.914,1.757,52.000
0.055,0.000,0.021,17.626,-22269.992,0.446,52.000
0.051,0.000,0.018,24.458,-49472.277,0.246,52.000
0.051,0.010,0.011,17.886,170515.812,7.372,52.000
0.049,0.001,0.005,20.585,97638.164,2.238,52.000
0.051,0.011,0.011,18.796,186096.281,7.937,52.000
0.052,0.006,0.012,19.819,152109.406,4.283,52.000
0.050,0.024,0.010,21.132,153952.844,5.593,52.000
0.052,0.012,0.013,22.567,161872.062,7.458,52.000
0.049,0.009,0.014,22.477,148514.156,6.744,52.000
0.049,0.016,0.014,19.742,131732.250,6.587,52.000
0.049,0.000,0.009,27.261,-25912.766,1.861,52.000
0.048,0.011,0.011,17.600,148867.438,7.471,52.000
0.051,0.014,0.011,19.204,165588.406,7.611,52.000
0.052,0.022,0.011,18.489,152962.000,6.768,52.000
0.045,0.001,0.021,21.582,66215.617,2.117,52.000
0.051,0.000,0.004,24.734,-28655.633,-0.080,52.000
0.053,0.000,0.004,19.428,46436.258,1.427,52.000
0.046,0.001,0.010,21.435,142230.438,2.429,52.000
0.052,0.008,0.013,21.705,185630.062,7.232,52.000
0.048,0.014,0.012,19.239,160412.688,7.801,52.000
0.052,0.014,0.012,19.484,163054.688,7.886,52.000
0.059,0.001,0.016,21.134,130386.914,2.009,52.000
0.044,0.001,0.009,21.257,160933.188,3.046,52.000
0.044,0.001,0.015,22.452,125606.977,0.482,52.000
0.051,0.014,0.011,19.232,171854.094,6.757,52.000
0.047,0.000,0.008,28.418,-35918.352,2.060,52.000
0.049,0.006,0.013,16.866,126399.617,4.369,52.000
0.056,0.000,0.019,22.797,-31977.648,1.641,52.000
0.049,0.000,0.022,18.072,-97117.516,0.240,52.000
0.051,0.021,0.011,18.582,164979.719,6.873,52.000
0.052,0.001,0.009,23.093,139130.375,2.133,52.000
0.049,0.013,0.014,22.292,136017.219,6.791,52.000
0.045,0.001,0.011,20.827,154757.969,2.453,52.000
0.051,0.011,0.010,15.985,164406.875,7.235,52.000
0.051,0.017,0.012,19.021,183545.250,8.053,52.000
0.000,0.013,0.012,23.341,105007.773,4.254,52.000
0.050,0.022,0.013,19.068,164651.906,6.968,52.000
0.046,0.000,0.009,24.733,9369.258,0.340,52.000
0.057,0.000,0.008,23.801,21790.594,-1.596,52.000
0.044,0.000,0.019,23.552,-15161.453,0.210,52.000
0.050,0.001,0.002,20.284,74663.805,0.648,52.000
0.049,0.000,0.018,23.454,21581.359,-0.332,52.000
0.048,0.004,0.012,19.144,162347.969,3.002,52.000
0.055,0.001,0.011,21.333,136436.812,1.774,52.000
0.051,0.016,0.010,18.581,184439.844,7.037,52.000
0.053,0.002,0.015,22.945,145634.688,2.822,52.000
0.057,0.000,0.008,26.393,-15308.109,-0.892,52.000
0.050,0.006,0.014,18.994,178425.312,5.022,52.000
0.051,0.002,0.010,22.777,159132.219,3.014,52.000
0.057,0.001,0.012,20.887,98337.336,1.358,52.000
0.052,0.025,0.011,20.453,149067.781,5.369,52.000
0.045,0.001,0.004,19.630,119733.211,1.621,52.000
0.055,0.001,0.018,20.168,107201.820,2.565,52.000
0.051,0.012,0.012,20.117,188840.906,8.230,52.000
0.051,0.012,0.010,14.900,155360.875,6.579,52.000
0.047,0.001,0.003,19.864,68128.430,0.579,52.000
0.050,0.007,0.010,20.220,133882.000,3.575,52.000
0.042,0.001,0.011,22.171,27223.758,-0.554,52.000
0.049,0.019,0.013,20.431,163322.719,7.090,52.000
0.098,0.013,0.013,21.818,84918.180,3.213,52.000
0.049,0.000,0.018,23.540,18280.156,-0.274,52.000
0.048,0.000,0.004,22.592,-32845.867,-1.020,52.000
0.048,0.025,0.011,22.124,168863.125,6.233,52.000
0.049,0.003,0.011,21.551,165667.000,2.998,52.000
0.049,0.002,0.013,16.903,172455.031,0.770,52.000
0.057,0.001,0.011,24.502,46236.289,0.155,52.000
0.041,0.001,0.006,19.925,151985.250,2.422,52.000
0.055,0.001,0.007,24.179,92155.164,1.432,52.000
0.049,0.003,0.014,19.217,162970.312,0.832,52.000
0.098,0.011,0.012,20.024,97933.430,4.627,52.000
0.047,0.000,0.016,27.861,18807.320,-2.218,52.000
0.050,0.019,0.014,20.158,117930.820,6.203,52.000
0.052,0.027,0.013,19.345,174718.094,7.834,52.000
0.048,0.008,0.011,19.180,114577.758,4.787,52.000
0.051,0.013,0.011,18.955,170890.188,7.409,52.000
0.043,0.000,0.020,22.831,-14552.391,0.426,52.000
0.000,0.012,0.011,21.813,46437.352,4.531,52.000
0.052,0.008,0.012,20.944,148583.750,6.489,52.000
0.053,0.001,0.007,23.854,89179.180,2.164,52.000
0.050,0.013,0.010,15.908,149924.031,6.777,52.000
0.043,0.001,0.009,21.994,95395.820,1.698,52.000
0.051,0.002,0.014,21.843,168941.000,3.266,52.000
0.049,0.014,0.012,19.544,168266.219,8.067,52.000
0.048,0.025,0.011,21.990,167910.312,6.377,52.000
0.051,0.000,0.017,25.919,-38613.695,-2.142,52.000
0.053,0.000,0.018,22.397,-22757.719,-0.071,52.000
0.049,0.000,0.012,26.046,65112.586,2.912,52.000
0.049,0.020,0.012,19.991,196569.188,6.953,52.000
0.057,0.001,0.009,24.352,72274.164,-0.186,52.000
0.099,0.013,0.011,20.892,27296.227,5.765,52.000
0.050,0.023,0.012,19.915,167942.156,6.877,52.000
0.051,0.008,0.011,18.950,131634.062,4.431,52.000
0.050,0.020,0.013,19.255,168445.469,7.396,52.000
0.049,0.001,0.014,21.630,163307.594,0.955,52.000
0.052,0.011,0.012,20.891,180257.719,7.959,52.000
0.048,0.006,0.014,17.266,138797.562,2.948,52.000
0.049,0.009,0.009,16.283,163274.281,5.152,52.000
0.055,0.001,0.005,20.533,122098.836,2.617,52.000
0.051,0.013,0.011,19.096,170588.156,7.430,52.000
0.052,0.001,0.015,27.554,78425.789,0.653,52.000
0.049,0.023,0.014,20.360,119806.055,5.986,52.000
0.050,0.004,0.015,20.559,175761.375,3.176,52.000
0.052,0.000,0.013,28.575,20660.312,0.615,52.000
0.048,0.007,0.010,21.394,142001.969,3.673,52.000
0.052,0.000,0.011,34.367,-106994.734,-0.498,52.000
0.049,0.005,0.013,16.764,146449.875,3.244,52.000
0.049,0.020,0.013,20.372,159771.188,6.948,52.000
0.049,0.011,0.013,22.233,153251.969,7.647,52.000
0.050,0.007,0.013,20.035,178854.375,6.189,52.000
0.040,0.001,0.013,19.050,41201.773,-0.788,52.000
0.049,0.003,0.012,17.553,175040.406,2.817,52.000
0.049,0.003,0.010,22.136,164563.219,2.808,52.000
0.051,0.006,0.014,19.945,190368.969,5.421,52.000
0.046,0.002,0.018,22.234,132365.219,3.065,52.000
0.050,0.000,0.021,19.917,-54122.766,2.182,52.000
0.050,0.018,0.011,19.788,192859.375,7.271,52.000
0.055,0.000,0.003,22.750,-12346.031,0.241,52.000
0.048,0.015,0.013,19.830,169046.469,7.978,52.000
0.052,0.006,0.014,19.364,193779.500,5.618,52.000
0.053,0.001,0.014,25.099,110840.586,1.717,52.000
0.051,0.002,0.015,22.479,164487.781,3.454,52.000
0.049,0.019,0.010,19.530,187513.406,7.320,52.000
0.098,0.012,0.013,21.491,98202.383,2.763,52.000
0.052,0.000,0.022,18.335,-37401.727,3.226,52.000
0.043,0.001,0.017,26.160,63046.102,0.143,52.000
0.046,0.001,0.004,19.096,121511.086,1.974,52.000
0.060,0.000,0.014,19.457,37350.992,0.373,52.000
0.050,0.005,0.013,18.071,168448.938,3.088,52.000
0.052,0.003,0.012,20.342,167584.938,2.746,52.000
0.049,0.001,0.009,21.505,167949.062,3.466,52.000
0.001,0.013,0.012,23.883,125999.945,4.532,52.000
0.043,0.000,0.018,23.724,22364.031,-2.059,52.000
0.049,0.015,0.012,19.956,178384.969,8.130,52.000
0.053,0.001,0.021,20.950,42943.414,1.347,52.000
0.048,0.021,0.012,20.123,187152.531,6.957,52.000
0.048,0.002,0.012,17.485,180389.062,2.670,52.000
0.050,0.023,0.014,20.016,106987.602,5.839,52.000
0.051,0.019,0.013,19.253,152510.562,7.531,52.000
0.050,0.016,0.014,20.692,138855.000,6.838,52.000
0.050,0.000,0.006,24.581,-26707.836,0.136,52.000
0.058,0.000,0.011,17.480,122015.773,0.114,52.000
0.051,0.024,0.012,19.064,155992.469,7.002,52.000
0.002,0.012,0.010,20.735,143267.281,1.471,52.000
0.049,0.000,0.017,26.235,7968.867,-2.028,52.000
0.050,0.007,0.014,20.225,186099.188,6.546,52.000
0.050,0.000,0.013,30.945,-40269.129,-1.718,52.000
0.059,0.000,0.017,19.611,19344.492,-0.262,52.000
0.048,0.018,0.012,20.253,188799.562,7.469,52.000
0.051,0.005,0.010,21.255,152488.875,2.493,52.000
0.045,0.001,0.016,27.115,37283.867,-0.258,52.000
0.051,0.014,0.011,19.678,169400.062,7.576,52.000
0.053,0.000,0.008,27.046,-20446.680,0.674,52.000
0.054,0.002,0.008,23.544,97488.102,2.182,52.000
0.050,0.022,0.012,19.123,170794.219,6.944,52.000
0.048,0.001,0.016,25.077,118127.961,2.272,52.000
0.050,0.003,0.015,20.823,166660.438,2.659,52.000
0.000,0.013,0.013,19.478,11786.562,10.788,52.000
0.048,0.006,0.010,21.442,156301.031,3.428,52.000
0.050,0.019,0.011,19.234,183802.969,6.893,52.000
0.056,0.002,0.015,21.643,145986.156,1.489,52.000
0.050,0.000,0.021,20.324,-6178.523,2.541,52.000
0.052,0.016,0.011,18.760,187768.875,7.045,52.000
0.050,0.021,0.013,19.588,148562.375,6.825,52.000
0.059,0.001,0.016,22.035,130163.320,1.043,52.000
0.046,0.001,0.015,25.668,110284.711,1.118,52.000
0.053,0.001,0.018,21.439,98919.023,1.788,52.000
0.050,0.020,0.012,19.119,181194.938,7.315,52.000
0.059,0.001,0.017,21.813,134995.750,1.233,52.000
0.049,0.022,0.014,20.329,128222.539,6.431,52.000
0.050,0.001,0.022,20.285,59033.914,1.848,52.000
0.057,0.001,0.006,25.634,32424.680,0.094,52.000
0.048,0.001,0.010,21.327,169659.406,3.072,52.000
0.042,0.000,0.006,18.087,35738.914,2.790,52.000
0.041,0.001,0.015,22.438,3227.422,-1.233,52.000
0.051,0.022,0.013,18.474,144501.562,6.788,52.000
0.049,0.000,0.013,29.023,7580.539,-2.126,52.000
0.050,0.024,0.013,19.961,132703.125,6.114,52.000
0.051,0.001,0.017,23.240,105089.695,1.710,52.000
0.048,0.010,0.014,21.365,149795.938,7.191,52.000
0.051,0.009,0.011,18.566,138889.656,6.128,52.000
0.047,0.001,0.010,20.967,169725.656,2.953,52.000
0.043,0.000,0.006,18.929,-2149.094,1.745,52.000
0.049,0.018,0.014,19.921,123217.867,6.229,52.000
0.051,0.025,0.010,21.371,149633.375,5.254,52.000
0.048,0.016,0.011,19.490,186095.656,7.813,52.000
0.048,0.001,0.020,20.635,82470.508,2.045,52.000
0.046,0.000,0.015,25.332,-35056.961,0.287,52.000
0.059,0.001,0.012,19.836,89724.383,0.155,52.000
0.098,0.012,0.012,20.637,78268.523,5.569,52.000
0.042,0.000,0.011,23.075,9494.000,-2.044,52.000
0.049,0.022,0.010,20.569,160749.594,6.497,52.000
0.045,0.001,0.010,21.154,149063.594,2.548,52.000
0.056,0.000,0.007,23.176,22379.711,-1.188,52.000
0.047,0.000,0.011,26.997,-37540.992,0.176,52.000
0.044,0.001,0.014,24.397,71550.977,-0.062,52.000
0.045,0.001,0.015,26.303,63022.789,-0.796,52.000
0.053,0.000,0.020,21.648,-70637.484,2.252,52.000
0.050,0.025,0.010,21.414,154017.844,5.708,52.000
0.049,0.023,0.013,20.266,152741.844,6.720,52.000
0.057,0.001,0.012,19.618,126373.992,1.796,52.000
0.049,0.020,0.013,20.272,141545.812,6.623,52.000
0.046,0.000,0.016,27.593,-20841.633,-2.482,52.000
0.050,0.001,0.016,25.919,97320.227,1.450,52.000
0.059,0.001,0.014,19.014,136442.219,1.811,52.000
0.058,0.000,0.019,20.626,37339.195,1.340,52.000
0.044,0.001,0.004,18.524,137510.094,1.908,52.000
0.052,0.023,0.012,18.294,150798.875,7.069,52.000
0.054,0.001,0.011,22.901,100018.211,0.928,52.000
0.048,0.001,0.004,21.802,6441.883,0.338,52.000
0.051,0.011,0.010,13.723,155416.719,6.781,52.000
0.052,0.000,0.021,20.623,-36212.156,3.340,52.000
0.048,0.001,0.011,22.544,140231.656,2.559,52.000
0.051,0.009,0.014,22.905,168223.781,7.394,52.000
0.046,0.001,0.014,24.158,103169.695,0.311,52.000
0.052,0.024,0.012,18.295,143000.688,7.036,52.000
0.051,0.012,0.011,18.182,180810.688,7.634,52.000
0.048,0.008,0.012,18.043,121453.211,4.674,52.000
0.053,0.000,0.006,23.383,41299.867,0.856,52.000
0.048,0.022,0.011,21.183,165506.750,6.490,52.000
0.098,0.013,0.013,21.790,88317.367,3.050,52.000
0.051,0.003,0.015,21.291,167981.781,3.221,52.000
0.050,0.017,0.012,20.271,188292.562,7.902,52.000
0.052,0.008,0.012,20.140,147407.031,6.547,52.000
0.051,0.019,0.014,20.435,124726.445,6.420,52.000
0.053,0.002,0.006,21.940,113541.211,2.974,52.000
0.051,0.006,0.013,19.834,157546.938,4.738,52.000
0.003,0.012,0.011,21.363,132212.312,2.644,52.000
0.053,0.001,0.006,24.196,40297.414,1.075,52.000
0.050,0.001,0.012,21.381,158031.000,2.929,52.000
0.050,0.001,0.012,23.946,78271.742,2.163,52.000
0.057,0.001,0.012,23.133,63242.258,1.494,52.000
0.045,0.000,0.005,21.972,50716.148,2.861,52.000
0.049,0.010,0.011,16.850,143662.094,6.831,52.000
0.046,0.002,0.012,18.756,175422.344,2.677,52.000
0.050,0.003,0.013,17.176,177288.031,1.587,52.000
0.051,0.001,0.009,26.619,27984.664,1.582,52.000
0.048,0.009,0.013,18.911,140380.312,6.564,52.000
0.049,0.000,0.018,24.696,-31581.562,-1.508,52.000
0.047,0.001,0.010,27.493,-40365.008,1.663,52.000
0.049,0.011,0.010,15.341,149408.688,6.984,52.000
0.001,0.013,0.012,23.741,117458.477,4.514,52.000
0.043,0.001,0.018,23.100,126383.867,2.265,52.000
0.050,0.002,0.009,21.987,162846.594,3.162,52.000
0.053,0.000,0.006,24.201,34317.805,1.374,52.000
0.050,0.007,0.010,19.607,137480.312,3.224,52.000
0.048,0.002,0.014,19.591,169592.469,0.751,52.000
0.051,0.006,0.010,20.709,144540.312,2.610,52.000
0.050,0.005,0.012,16.829,150909.938,3.277,52.000
0.048,0.009,0.010,16.772,146570.875,5.794,52.000
0.051,0.022,0.013,19.104,126674.758,6.330,52.000
0.099,0.011,0.012,20.828,36523.430,3.309,52.000
0.058,0.001,0.016,23.214,123743.633,0.781,52.000
0.050,0.001,0.018,21.033,112611.773,2.555,52.000
0.048,0.004,0.012,17.767,165968.906,3.098,52.000
0.059,0.001,0.009,20.044,120680.305,0.119,52.000
0.041,0.000,0.017,21.097,-3463.656,-2.970,52.000
0.049,0.024,0.014,20.454,123763.273,6.001,52.000
0.048,0.009,0.010,17.108,130391.211,6.332,52.000
0.002,0.012,0.013,23.781,83110.961,5.390,52.000
0.050,0.009,0.010,16.173,160213.438,5.556,52.000
0.042,0.001,0.005,20.436,139003.281,2.014,52.000
0.051,0.012,0.011,17.299,165964.250,7.038,52.000
0.050,0.019,0.013,20.141,141313.125,6.992,52.000
0.047,0.001,0.002,20.248,15581.281,-0.924,52.000
0.055,0.002,0.007,22.244,109270.039,2.554,52.000
0.051,0.013,0.011,17.718,168076.094,7.051,52.000
0.055,0.000,0.008,27.887,-15923.602,0.028,52.000
0.048,0.014,0.012,18.950,165029.219,8.171,52.000
0.053,0.000,0.012,27.904,59727.398,-0.326,52.000
0.048,0.001,0.017,28.281,4475.859,-1.010,52.000
0.097,0.012,0.013,21.128,93075.742,3.528,52.000
0.050,0.023,0.014,19.945,100143.320,5.588,52.000
0.049,0.022,0.013,19.413,167061.094,6.963,52.000
0.050,0.021,0.010,19.492,152443.000,6.745,52.000
0.049,0.000,0.010,25.896,-12612.477,-0.000,52.000
0.052,0.011,0.012,19.312,189670.531,8.036,52.000
0.054,0.001,0.009,24.042,97217.695,1.501,52.000
0.051,0.018,0.012,19.457,186098.188,7.954,52.000
0.051,0.005,0.010,21.628,153150.625,2.265,52.000
0.050,0.002,0.014,19.439,177404.250,1.876,52.000
0.045,0.001,0.009,20.634,165793.750,3.112,52.000
0.049,0.023,0.010,21.193,158327.156,6.147,52.000
0.052,0.006,0.011,19.937,156906.562,3.004,52.000
0.049,0.024,0.010,21.601,158466.562,6.029,52.000
0.051,0.021,0.011,19.658,169326.875,6.435,52.000
0.049,0.025,0.010,22.696,160600.938,5.878,52.000
0.043,0.002,0.011,19.242,163386.062,2.005,52.000
0.051,0.001,0.005,21.003,105259.195,2.056,52.000
0.048,0.009,0.013,18.395,122505.945,6.036,52.000
0.049,0.022,0.012,20.625,180066.938,6.657,52.000
0.043,0.001,0.013,17.262,126726.367,1.689,52.000
0.045,0.001,0.020,21.325,99139.852,2.247,52.000
0.052,0.025,0.010,20.504,144147.750,5.319,52.000
0.039,0.001,0.014,17.745,69182.336,0.020,52.000
0.052,0.001,0.020,20.131,31701.289,1.654,52.000
0.048,0.026,0.013,21.091,163083.438,7.122,52.000
0.049,0.004,0.012,17.249,164384.750,2.776,52.000
0.052,0.003,0.011,22.209,159966.625,3.017,52.000
0.050,0.014,0.014,21.641,123680.492,6.457,52.000
0.049,0.024,0.013,19.923,150003.375,6.832,52.000
0.049,0.003,0.013,15.832,175599.438,1.322,52.000
0.054,0.001,0.022,17.066,34224.305,2.812,52.000
0.056,0.001,0.003,19.910,116124.133,2.645,52.000
0.056,0.001,0.005,20.565,123718.367,2.426,52.000
0.058,0.001,0.017,22.057,77324.945,1.475,52.000
0.059,0.001,0.011,15.837,135799.156,1.520,52.000
0.051,0.019,0.011,19.362,183904.375,6.974,52.000
0.054,0.000,0.018,22.374,6979.562,1.233,52.000
0.053,0.001,0.018,22.203,48284.430,0.880,52.000
0.047,0.002,0.013,17.285,168270.469,0.814,52.000
0.055,0.001,0.010,24.863,89597.242,0.529,52.000
0.097,0.012,0.013,21.057,92124.445,3.731,52.000
0.051,0.000,0.017,28.282,-22769.242,-2.273,52.000
0.043,0.000,0.013,22.750,-40669.023,-2.269,52.000
0.042,0.001,0.018,22.553,118128.727,1.966,52.000
0.049,0.019,0.012,19.916,187799.438,7.456,52.000
0.042,0.000,0.013,24.110,-38595.992,-0.739,52.000
0.050,0.016,0.011,19.783,189328.969,7.374,52.000
0.049,0.014,0.012,19.735,165404.938,7.697,52.000
0.051,0.023,0.010,19.835,146785.688,5.452,52.000
0.048,0.027,0.012,21.082,178536.688,5.441,52.000
0.050,0.018,0.010,18.353,190008.938,7.672,52.000
0.050,0.001,0.009,22.594,147191.781,3.084,52.000
0.060,0.001,0.010,18.074,111821.648,-0.165,52.000
0.039,0.001,0.011,18.340,143670.625,-0.430,52.000
0.059,0.001,0.009,19.388,125727.117,0.155,52.000
0.059,0.001,0.010,17.615,135770.750,0.766,52.000
0.051,0.023,0.011,20.099,149253.562,5.640,52.000
0.051,0.006,0.012,18.755,141826.188,4.048,52.000
0.048,0.012,0.013,20.440,152212.156,7.748,52.000
0.050,0.001,0.002,19.900,60016.180,0.407,52.000
0.051,0.001,0.010,25.459,68297.164,2.197,52.000
0.050,0.001,0.020,21.020,24556.977,0.853,52.000
0.053,0.001,0.021,20.312,13811.102,1.173,52.000
0.059,0.000,0.010,22.659,25226.703,1.136,52.000
0.001,0.013,0.012,23.815,122092.227,4.485,52.000
0.050,0.006,0.011,20.675,143033.875,2.949,52.000
0.051,0.014,0.012,19.955,165568.750,8.193,52.000
0.044,0.001,0.004,19.113,131963.906,1.535,52.000
0.055,0.001,0.019,20.118,95959.758,2.539,52.000
0.052,0.005,0.013,19.042,181850.500,4.158,52.000
0.054,0.001,0.017,21.232,125092.367,2.326,52.000
0.061,0.001,0.009,16.678,153651.531,0.966,52.000
0.051,0.019,0.010,18.673,168816.375,7.151,52.000
0.041,0.001,0.009,20.213,134474.938,1.729,52.000
0.046,0.001,0.012,20.289,169735.031,2.979,52.000
0.050,0.017,0.012,20.160,190230.688,7.673,52.000
0.053,0.000,0.015,28.619,15784.148,-1.544,52.000
0.050,0.018,0.011,20.036,197014.281,7.167,52.000
0.045,0.000,0.014,30.132,-45784.270,1.317,52.000
0.059,0.000,0.010,24.431,3719.086,0.925,52.000
0.048,0.013,0.013,18.924,151269.312,7.804,52.000
0.099,0.011,0.013,20.253,93809.883,3.880,52.000
0.050,0.012,0.011,17.856,175601.750,7.900,52.000
0.057,0.001,0.011,24.442,54973.133,-0.194,52.000
0.051,0.011,0.010,14.757,166164.656,6.796,52.000
0.050,0.001,0.019,20.433,98332.039,2.102,52.000
0.051,0.023,0.012,19.147,164129.031,6.851,52.000
0.050,0.022,0.013,18.918,155075.938,6.788,52.000
0.049,0.022,0.014,20.081,129188.586,6.466,52.000
0.047,0.001,0.012,26.022,30067.758,1.591,52.000
0.049,0.024,0.011,21.056,165801.250,6.373,52.000
0.044,0.001,0.012,18.393,147658.875,2.095,52.000
0.051,0.022,0.012,18.339,165989.750,7.079,52.000
0.042,0.000,0.011,22.999,1813.367,0.704,52.000
0.051,0.020,0.011,19.472,178579.938,6.645,52.000
0.050,0.022,0.011,19.932,167830.000,6.378,52.000
0.056,0.001,0.014,22.808,122716.523,1.431,52.000
0.053,0.000,0.007,25.349,19223.938,0.268,52.000
0.048,0.014,0.011,18.720,171816.469,7.600,52.000
0.059,0.000,0.013,23.406,22492.617,3.043,52.000
0.051,0.018,0.013,19.533,166626.438,7.984,52.000
0.099,0.012,0.011,20.240,35443.195,6.415,52.000
0.001,0.011,0.012,22.832,82751.523,3.789,52.000
0.047,0.001,0.009,25.209,5557.430,2.160,52.000
0.048,0.003,0.012,19.823,173029.750,3.325,52.000
0.049,0.018,0.010,18.634,196013.625,7.902,52.000
0.049,0.019,0.012,19.589,191087.094,7.366,52.000
0.059,0.001,0.008,24.797,28186.336,-1.015,52.000
0.099,0.011,0.011,19.603,78039.867,7.112,52.000
0.048,0.003,0.014,17.791,156909.469,0.452,52.000
0.051,0.026,0.013,20.122,103851.633,6.500,52.000
0.045,0.000,0.011,26.447,-45823.109,-2.303,52.000
0.048,0.003,0.013,16.661,164378.344,2.172,52.000
0.051,0.001,0.014,22.543,167269.438,3.591,52.000
0.047,0.001,0.013,19.952,124905.664,1.006,52.000
0.058,0.000,0.005,23.761,-18560.156,1.530,52.000
0.050,0.026,0.013,21.282,127702.680,5.906,52.000
0.050,0.015,0.012,19.881,179489.000,7.747,52.000
0.047,0.001,0.005,21.012,100522.195,2.074,52.000
0.048,0.018,0.011,19.254,204840.344,7.762,52.000
0.002,0.011,0.012,22.219,108871.883,3.425,52.000
0.048,0.026,0.012,21.588,161509.344,6.977,52.000
0.055,0.002,0.009,23.623,91085.008,1.443,52.000
0.048,0.025,0.012,21.373,169356.969,6.959,52.000
0.057,0.001,0.010,21.964,110425.039,1.176,52.000
0.053,0.002,0.008,23.098,102381.930,2.429,52.000
0.050,0.010,0.009,14.332,168717.906,6.017,52.000
0.052,0.025,0.013,18.733,119417.727,6.860,52.000
0.048,0.025,0.011,22.369,162989.719,5.996,52.000
0.051,0.000,0.006,25.388,-38907.336,0.387,52.000
0.052,0.005,0.013,18.870,183871.969,3.569,52.000
0.053,0.001,0.020,19.983,81814.773,2.212,52.000
0.049,0.014,0.013,20.986,148483.219,7.220,52.000
0.045,0.000,0.011,29.565,-7552.094,3.088,52.000
0.049,0.009,0.010,16.698,157015.062,5.295,52.000
0.051,0.021,0.011,19.152,153519.750,5.954,52.000
0.048,0.022,0.012,20.403,183196.656,6.885,52.000
0.045,0.000,0.013,28.134,-51200.789,-1.608,52.000
0.050,0.024,0.010,21.016,155554.562,5.921,52.000
0.048,0.005,0.011,20.106,147246.156,2.764,52.000
0.049,0.012,0.010,15.004,140059.969,7.272,52.000
0.002,0.013,0.012,23.553,131048.227,4.445,52.000
0.045,0.001,0.012,22.749,95485.727,2.075,52.000
0.053,0.000,0.012,32.627,6143.453,0.839,52.000
0.051,0.004,0.013,17.070,185756.500,2.796,52.000
0.052,0.011,0.012,20.879,185769.875,8.051,52.000
0.051,0.001,0.022,19.203,41241.367,1.925,52.000
0.051,0.008,0.013,21.089,189897.906,6.946,52.000
0.002,0.012,0.011,21.404,132266.594,2.743,52.000
0.051,0.021,0.012,17.901,171709.000,7.350,52.000
0.055,0.000,0.017,20.255,-18570.836,-0.911,52.000
0.048,0.016,0.011,18.670,203733.500,7.991,52.000
0.049,0.024,0.010,22.096,158050.125,6.080,52.000
0.055,0.001,0.018,21.097,115266.320,2.335,52.000
0.049,0.019,0.014,20.151,121869.164,6.359,52.000
0.052,0.000,0.006,25.391,-10386.305,0.399,52.000
0.052,0.023,0.013,18.000,129074.648,6.765,52.000
0.051,0.008,0.015,22.227,168083.812,6.671,52.000
0.042,0.001,0.015,24.180,-18107.938,-2.466,52.000
0.050,0.007,0.012,18.757,124269.586,3.702,52.000
0.098,0.012,0.012,20.613,92698.023,4.632,52.000
0.051,0.001,0.012,20.943,142729.781,2.783,52.000
0.051,0.019,0.011,18.906,178719.906,6.910,52.000
0.100,0.012,0.012,22.316,-50369.918,6.711,52.000
0.060,0.001,0.013,17.641,135319.969,2.038,52.000
0.050,0.005,0.010,21.920,151868.188,2.563,52.000
0.049,0.001,0.017,22.265,125121.602,2.794,52.000
0.051,0.022,0.011,19.457,151027.875,5.776,52.000
0.041,0.000,0.010,21.743,18248.695,-2.077,52.000
0.053,0.000,0.013,31.069,-103845.289,-0.751,52.000
0.056,0.001,0.008,25.603,63840.883,0.381,52.000
0.050,0.003,0.014,19.329,167932.000,1.600,52.000
0.050,0.002,0.010,22.465,158196.938,2.910,52.000
0.058,0.001,0.011,18.261,115289.102,1.218,52.000
0.049,0.017,0.011,19.600,204724.375,7.431,52.000
0.051,0.004,0.012,17.914,173342.938,3.079,52.000
0.053,0.001,0.005,21.596,105091.211,2.240,52.000
0.047,0.001,0.016,26.365,98103.523,1.455,52.000
0.049,0.025,0.013,20.439,162914.875,7.041,52.000
0.048,0.001,0.018,25.041,31585.367,0.044,52.000
0.050,0.012,0.012,19.995,183765.906,8.304,52.000
0.051,0.000,0.019,22.042,9213.383,0.575,52.000
0.052,0.001,0.017,21.664,127927.586,2.557,52.000
0.051,0.008,0.012,20.572,134806.281,4.790,52.000
0.043,0.001,0.019,23.700,57160.695,0.875,52.000
0.048,0.010,0.012,19.152,132028.656,6.297,52.000
0.043,0.001,0.008,23.045,-30532.859,0.502,52.000
0.053,0.000,0.011,34.273,-10079.531,2.547,52.000
0.049,0.001,0.005,22.739,56236.133,1.369,52.000
0.050,0.001,0.005,22.571,40914.289,0.997,52.000
0.047,0.001,0.012,26.173,27124.273,1.125,52.000
0.058,0.000,0.013,23.172,36652.211,2.518,52.000
0.040,0.001,0.007,20.144,150289.500,2.143,52.000
0.055,0.001,0.013,27.302,71618.117,0.824,52.000
0.052,0.009,0.012,19.930,166219.156,7.724,52.000
0.098,0.012,0.012,20.623,92350.680,4.544,52.000
0.040,0.000,0.009,17.486,14439.875,1.414,52.000
0.052,0.001,0.003,21.323,68519.367,1.164,52.000
0.051,0.008,0.014,21.985,178867.219,7.271,52.000
0.001,0.012,0.012,23.315,121933.680,4.155,52.000
0.044,0.000,0.008,24.298,-83424.258,0.953,52.000
0.055,0.001,0.004,19.769,118028.195,2.724,52.000
0.058,0.000,0.008,23.516,-20208.703,0.948,52.000
0.050,0.011,0.012,20.251,180913.031,8.025,52.000
0.050,0.001,0.022,19.275,53301.195,2.136,52.000
0.047,0.000,0.014,29.315,17353.820,0.236,52.000
0.049,0.001,0.009,25.827,15952.141,1.924,52.000
0.048,0.008,0.010,18.740,144770.844,4.736,52.000
0.048,0.016,0.011,19.112,188660.719,7.676,52.000
0.049,0.020,0.011,20.061,178188.219,6.809,52.000
0.051,0.004,0.010,21.958,159147.656,2.561,52.000
0.048,0.013,0.012,18.862,169648.312,8.001,52.000
0.048,0.000,0.006,23.360,38696.211,1.351,52.000
0.052,0.015,0.011,18.950,180360.625,6.903,52.000
0.051,0.002,0.010,22.697,150976.938,2.606,52.000
0.055,0.001,0.014,24.296,113138.070,1.105,52.000
0.047,0.000,0.010,27.052,-51588.195,-1.209,52.000
0.051,0.001,0.003,19.652,107099.664,1.851,52.000
0.042,0.000,0.007,21.594,41008.227,-1.148,52.000
0.048,0.007,0.011,19.507,131785.719,4.295,52.000
0.050,0.021,0.011,19.627,175238.969,6.527,52.000
0.044,0.001,0.012,22.415,83788.867,1.837,52.000
0.043,0.001,0.004,18.546,141612.469,2.234,52.000
0.051,0.024,0.010,20.553,149989.812,5.554,52.000
0.043,0.000,0.012,23.246,-24359.266,0.207,52.000
0.053,0.000,0.016,26.724,-27947.781,-1.060,52.000
0.050,0.001,0.017,26.184,-8710.023,-1.014,52.000
0.051,0.000,0.016,26.598,-38185.820,-1.516,52.000
0.049,0.007,0.010,20.503,145745.000,3.919,52.000
0.045,0.001,0.013,17.047,164005.625,1.813,52.000
0.040,0.000,0.015,19.222,9241.195,-1.672,52.000
0.049,0.001,0.005,22.213,63935.414,1.402,52.000
0.059,0.000,0.008,23.171,2229.195,1.051,52.000
0.051,0.002,0.010,22.520,161002.219,2.857,52.000
0.059,0.000,0.009,23.051,49573.227,-0.580,52.000
0.042,0.001,0.005,19.907,138431.531,2.555,52.000
0.045,0.001,0.020,22.352,67486.242,1.511,52.000
0.053,0.000,0.017,26.327,-96355.609,-0.612,52.000
0.050,0.003,0.014,20.603,172461.000,2.741,52.000
0.049,0.011,0.014,23.429,145165.250,7.067,52.000
0.053,0.002,0.017,21.514,128848.211,2.731,52.000
0.051,0.011,0.013,22.257,175914.531,8.051,52.000
0.052,0.023,0.011,18.707,150827.344,6.757,52.000
0.053,0.001,0.005,21.325,115058.523,2.487,52.000
0.057,0.000,0.012,26.756,-1512.188,1.111,52.000
0.051,0.023,0.012,18.244,154799.938,7.176,52.000
0.054,0.001,0.013,25.961,103459.805,1.692,52.000
0.050,0.019,0.013,19.615,172642.281,7.559,52.000
0.052,0.003,0.013,18.099,190554.250,2.998,52.000
0.050,0.023,0.010,20.442,154456.094,5.866,52.000
0.050,0.009,0.010,16.607,148505.250,5.560,52.000
0.051,0.024,0.013,19.495,136605.750,6.296,52.000
0.049,0.005,0.014,18.866,167461.906,1.692,52.000
0.046,0.000,0.015,25.533,-48273.906,0.453,52.000
0.052,0.014,0.013,20.062,154022.938,8.038,52.000
0.051,0.000,0.021,19.539,-2684.961,2.722,52.000
0.056,0.000,0.011,29.412,-86862.047,-0.928,52.000
0.052,0.012,0.011,18.606,174859.781,7.582,52.000
0.049,0.016,0.012,20.235,183689.250,8.168,52.000
0.046,0.001,0.012,23.612,72649.414,2.224,52.000
0.052,0.013,0.012,19.875,157626.469,7.733,52.000
0.050,0.004,0.011,21.685,161997.844,3.003,52.000
0.046,0.001,0.015,23.541,140171.125,2.257,52.000
0.001,0.012,0.011,21.563,123161.867,1.654,52.000
0.050,0.021,0.013,19.626,134287.062,6.506,52.000
0.057,0.001,0.006,24.762,36537.445,0.307,52.000
0.048,0.001,0.007,23.527,30716.461,1.819,52.000
0.002,0.012,0.011,20.997,137655.031,1.830,52.000
0.056,0.001,0.021,18.079,21618.430,2.160,52.000
0.048,0.001,0.014,18.965,175502.656,1.197,52.000
0.048,0.016,0.013,20.212,157201.719,7.376,52.000
0.052,0.001,0.004,20.105,114504.539,2.069,52.000
0.051,0.019,0.013,19.313,150257.531,7.578,52.000
0.052,0.025,0.012,19.300,119488.773,6.757,52.000
0.051,0.009,0.014,22.956,173640.375,7.672,52.000
0.052,0.017,0.012,19.222,182928.500,7.403,52.000
0.049,0.013,0.010,16.266,149021.844,7.094,52.000
0.052,0.016,0.012,19.608,183041.938,7.397,52.000
0.051,0.001,0.010,22.956,141088.562,2.542,52.000
0.057,0.001,0.009,26.622,17835.797,-0.921,52.000
0.049,0.026,0.010,22.713,140852.906,5.736,52.000
0.050,0.010,0.014,23.327,143176.188,6.497,52.000
0.051,0.014,0.012,20.166,164518.844,8.274,52.000
0.049,0.020,0.010,19.615,175736.250,7.084,52.000
0.050,0.006,0.014,19.490,185162.531,4.915,52.000
0.052,0.002,0.014,19.290,190569.250,2.999,52.000
0.053,0.001,0.012,26.801,67515.195,0.993,52.000
0.050,0.010,0.010,14.762,155261.031,6.837,52.000
0.053,0.001,0.009,23.875,119882.086,1.666,52.000
0.049,0.019,0.012,19.854,185256.719,7.459,52.000
0.048,0.001,0.007,24.038,49872.008,2.014,52.000
0.049,0.002,0.017,22.704,130456.523,3.320,52.000
0.051,0.013,0.014,22.337,146672.656,7.090,52.000
0.043,0.000,0.014,22.551,-39739.102,-1.196,52.000
0.051,0.003,0.012,20.124,169492.188,2.923,52.000
0.044,0.001,0.006,21.384,124299.789,2.091,52.000
0.047,0.002,0.012,18.860,175907.438,2.851,52.000
0.060,0.000,0.015,23.124,108915.180,0.668,52.000
0.049,0.006,0.010,21.115,156850.625,3.133,52.000
0.049,0.005,0.013,16.822,140704.469,2.566,52.000
0.051,0.015,0.011,19.502,180517.688,7.134,52.000
0.050,0.013,0.010,17.205,159611.562,6.660,52.000
0.050,0.008,0.011,18.420,117882.523,4.375,52.000
0.048,0.012,0.011,18.279,170506.375,7.781,52.000
0.050,0.000,0.004,22.767,17458.703,-0.285,52.000
0.048,0.016,0.011,18.444,204315.750,7.770,52.000
0.053,0.000,0.013,29.917,-5538.133,2.283,52.000
0.039,0.000,0.014,17.899,33266.805,-0.479,52.000
0.049,0.004,0.014,20.016,173106.750,1.983,52.000
0.050,0.001,0.013,22.194,96437.898,1.896,52.000
0.050,0.016,0.014,20.272,123963.758,6.464,52.000
0.045,0.000,0.012,25.225,-21426.445,-2.500,52.000
0.098,0.012,0.014,21.943,95609.508,2.431,52.000
0.059,0.001,0.008,19.974,122656.680,1.191,52.000
0.048,0.013,0.013,19.135,148273.969,8.026,52.000
0.049,0.019,0.011,19.852,193818.938,6.969,52.000
0.059,0.001,0.010,23.478,21850.844,-0.066,52.000
0.050,0.009,0.009,15.966,172221.125,4.539,52.000
0.052,0.005,0.011,21.800,155003.438,2.768,52.000
0.048,0.021,0.012,20.032,181040.656,7.113,52.000
0.056,0.002,0.008,22.707,86559.227,1.309,52.000
0.049,0.008,0.011,18.971,116071.023,4.554,52.000
0.050,0.017,0.011,19.445,199082.781,7.446,52.000
0.056,0.002,0.016,21.814,131756.281,1.588,52.000
0.047,0.001,0.017,27.193,23686.078,-0.661,52.000
0.050,0.001,0.012,21.219,157331.062,2.901,52.000
0.042,0.001,0.011,22.661,33781.992,-0.204,52.000
0.055,0.000,0.020,21.890,-71658.938,2.558,52.000
0.048,0.005,0.010,21.633,147114.406,2.932,52.000
0.043,0.000,0.015,25.754,8328.805,-1.731,52.000
0.051,0.010,0.012,19.244,180464.969,7.931,52.000
0.050,0.020,0.014,19.738,103356.102,5.942,52.000
0.057,0.001,0.008,22.608,100538.305,1.009,52.000
0.002,0.013,0.013,23.462,110064.617,4.759,52.000
0.043,0.001,0.014,19.991,111177.086,0.807,52.000
0.050,0.005,0.011,22.300,148874.344,2.751,52.000
0.045,0.000,0.006,22.427,23370.805,-0.237,52.000
0.047,0.002,0.016,23.491,136599.062,3.149,52.000
0.055,0.000,0.018,21.882,-4005.008,-0.885,52.000
0.098,0.014,0.012,21.282,73589.398,4.568,52.000
0.051,0.019,0.014,20.126,114575.477,6.257,52.000
0.042,0.001,0.009,20.607,149599.156,2.253,52.000
0.050,0.001,0.019,22.024,68965.852,1.115,52.000
0.055,0.001,0.010,30.023,-15389.203,-0.496,52.000
0.050,0.010,0.014,23.132,149428.188,7.104,52.000
0.098,0.012,0.014,21.489,100300.539,2.714,52.000
0.050,0.023,0.014,20.155,104055.461,5.564,52.000
0.049,0.001,0.014,22.654,159277.812,1.126,52.000
0.050,0.003,0.014,18.576,176204.594,1.218,52.000
0.051,0.025,0.012,19.077,147522.562,6.878,52.000
0.054,0.000,0.007,24.395,51574.711,1.361,52.000
0.041,0.001,0.017,23.953,-5989.070,-1.715,52.000
0.048,0.008,0.011,19.525,110284.680,5.040,52.000
0.056,0.000,0.014,24.714,56704.555,-0.526,52.000
0.049,0.013,0.011,18.422,167456.625,7.237,52.000
0.051,0.009,0.011,17.835,140030.062,6.068,52.000
0.052,0.001,0.005,25.301,-23010.461,0.498,52.000
0.051,0.025,0.013,19.636,132196.906,6.643,52.000
0.051,0.017,0.010,18.165,186597.812,7.474,52.000
0.050,0.021,0.010,19.595,159438.125,6.348,52.000
0.051,0.023,0.011,19.760,150041.438,5.636,52.000
0.051,0.026,0.011,20.399,142736.188,6.336,52.000
0.051,0.024,0.011,20.076,159502.344,6.339,52.000
0.051,0.014,0.014,21.912,140436.562,7.006,52.000
0.052,0.001,0.014,22.489,170077.344,3.764,52.000
0.053,0.000,0.007,24.796,32611.289,0.710,52.000
0.044,0.001,0.011,20.113,163821.219,2.310,52.000
0.043,0.001,0.007,21.557,145044.375,2.986,52.000
0.053,0.002,0.018,20.141,117459.789,2.658,52.000
0.041,0.000,0.017,22.121,-1561.984,-0.847,52.000
0.043,0.001,0.017,26.152,24841.375,-0.643,52.000
0.003,0.013,0.013,22.809,111455.258,4.722,52.000
0.044,0.001,0.017,24.073,121643.867,2.063,52.000
0.052,0.001,0.009,24.422,101854.289,1.977,52.000
0.050,0.000,0.011,26.396,-36202.086,-0.595,52.000
0.055,0.000,0.015,28.783,-68097.766,-0.211,52.000
0.052,0.016,0.013,19.543,149848.031,7.380,52.000
0.057,0.001,0.008,26.207,32545.555,-0.447,52.000
0.051,0.006,0.010,20.499,144280.781,2.539,52.000
0.049,0.001,0.019,21.250,101351.383,2.035,52.000
0.051,0.016,0.013,19.842,182490.656,8.317,52.000
0.052,0.008,0.013,21.509,187899.531,7.303,52.000
0.046,0.000,0.017,23.553,11467.094,-0.009,52.000
0.050,0.006,0.013,18.698,153716.812,4.579,52.000
0.049,0.014,0.014,21.010,129553.789,6.663,52.000
0.048,0.007,0.012,18.162,122497.992,4.581,52.000
0.052,0.001,0.010,23.983,109990.211,1.779,52.000
0.041,0.001,0.013,16.817,108277.508,0.779,52.000
0.043,0.000,0.017,25.043,6104.914,-3.106,52.000
0.099,0.013,0.011,20.710,65103.727,6.574,52.000
0.050,0.000,0.003,22.441,9726.500,0.130,52.000
0.048,0.002,0.010,21.559,168828.250,3.312,52.000
0.051,0.022,0.011,18.604,154969.344,6.814,52.000
0.050,0.004,0.013,17.256,168927.969,2.895,52.000
0.050,0.007,0.013,19.136,164400.812,5.847,52.000
0.052,0.014,0.013,19.872,155573.531,8.048,52.000
0.053,0.002,0.010,23.259,133700.906,1.898,52.000
0.051,0.017,0.013,20.114,146175.875,7.281,52.000
0.055,0.001,0.012,20.222,159744.125,2.754,52.000
0.098,0.012,0.012,20.399,83030.945,5.749,52.000
0.048,0.002,0.010,21.862,170673.875,3.188,52.000
0.049,0.016,0.012,20.264,191960.781,7.560,52.000
0.050,0.021,0.014,20.296,125014.523,6.496,52.000
0.057,0.000,0.009,27.743,-16981.961,0.483,52.000
0.048,0.003,0.011,21.408,166945.094,3.206,52.000
0.052,0.001,0.008,23.373,113914.195,2.563,52.000
0.052,0.026,0.011,21.087,149899.844,5.373,52.000
0.049,0.012,0.014,22.747,147528.188,7.527,52.000
0.055,0.001,0.019,19.147,100902.555,2.851,52.000
0.053,0.000,0.019,21.857,-36533.555,1.103,52.000
0.056,0.002,0.007,22.778,97948.461,1.731,52.000
0.052,0.018,0.013,18.851,166675.438,8.006,52.000
0.046,0.000,0.019,21.712,23443.477,0.272,52.000
0.041,0.001,0.014,18.518,61080.758,0.082,52.000
0.045,0.000,0.008,25.645,1389.586,3.335,52.000
0.051,0.001,0.001,20.695,17996.477,-0.210,52.000
0.048,0.000,0.015,29.199,-45674.090,-1.978,52.000
0.048,0.003,0.012,18.571,175973.781,3.111,52.000
0.049,0.001,0.020,19.879,88847.477,2.366,52.000
0.051,0.007,0.012,19.433,129120.836,3.790,52.000
0.045,0.002,0.010,20.199,170648.469,3.259,52.000
0.050,0.013,0.012,19.643,171379.750,7.575,52.000
0.057,0.000,0.016,21.828,1438.555,0.274,52.000
0.051,0.001,0.008,22.997,117076.039,2.862,52.000
0.043,0.001,0.007,23.344,77418.945,1.901,52.000
0.046,0.000,0.009,24.651,-23306.227,1.804,52.000
0.051,0.001,0.011,30.146,173.242,0.927,52.000
0.002,0.012,0.012,22.702,112260.055,4.363,52.000
0.048,0.007,0.013,17.643,131341.656,5.217,52.000
0.048,0.000,0.004,22.616,1553.594,0.767,52.000
0.047,0.000,0.019,22.674,21659.625,0.011,52.000
0.098,0.011,0.011,19.723,74745.977,7.308,52.000
0.042,0.001,0.017,23.164,107867.852,1.255,52.000
0.002,0.012,0.013,23.694,80392.461,5.591,52.000
0.049,0.016,0.014,19.916,147084.656,7.058,52.000
0.045,0.001,0.011,20.167,172202.594,2.934,52.000
0.044,0.001,0.017,24.662,109277.555,1.736,52.000
0.050,0.001,0.001,19.366,98765.383,1.121,52.000
0.098,0.012,0.012,20.457,84877.430,5.489,52.000
0.055,0.001,0.010,23.982,111819.445,0.819,52.000
0.056,0.001,0.007,26.005,24978.656,0.008,52.000
0.041,0.001,0.015,21.454,80110.305,0.351,52.000
0.051,0.001,0.017,23.312,105469.305,1.914,52.000
0.043,0.000,0.011,23.741,-2812.820,-1.818,52.000
0.050,0.025,0.013,20.672,132642.562,6.187,52.000
0.050,0.000,0.006,24.677,10971.367,0.966,52.000
0.051,0.015,0.011,18.766,184000.438,6.886,52.000
0.051,0.000,0.014,31.554,-17023.656,-2.257,52.000
0.057,0.000,0.006,23.760,37021.680,0.957,52.000
0.050,0.024,0.013,19.537,155179.125,7.002,52.000
0.058,0.001,0.012,19.132,106996.930,1.362,52.000
0.045,0.001,0.017,25.603,103339.023,1.346,52.000
0.051,0.001,0.009,22.656,147867.562,2.558,52.000
0.050,0.024,0.014,20.169,124826.977,6.044,52.000
0.054,0.001,0.021,18.973,81702.727,2.734,52.000
0.047,0.002,0.017,23.219,136104.531,3.396,52.000
0.042,0.001,0.018,23.332,92643.852,0.821,52.000
0.050,0.014,0.014,21.419,131747.219,6.742,52.000
0.055,0.002,0.009,23.720,96028.211,1.880,52.000
0.052,0.011,0.013,22.164,169732.344,7.671,52.000
0.051,0.008,0.013,21.862,186586.125,7.524,52.000
0.044,0.001,0.018,25.986,65150.133,0.239,52.000
0.045,0.002,0.018,22.873,134282.031,3.111,52.000
0.057,0.001,0.005,20.444,123668.008,2.281,52.000
0.050,0.007,0.012,19.258,122631.539,3.545,52.000
0.050,0.015,0.010,18.829,192040.344,7.151,52.000
0.051,0.019,0.012,19.319,190729.250,7.155,52.000
0.048,0.002,0.007,21.211,105831.102,2.914,52.000
0.049,0.027,0.012,21.946,117471.867,5.866,52.000
0.045,0.001,0.006,23.185,36323.117,1.522,52.000
0.049,0.025,0.013,20.766,138651.750,6.224,52.000
0.049,0.022,0.010,20.210,152464.000,6.594,52.000
0.055,0.001,0.012,21.245,126950.336,2.022,52.000
0.059,0.001,0.008,22.660,75256.117,-0.459,52.000
0.050,0.000,0.015,26.917,304.148,0.057,52.000
0.050,0.016,0.014,20.337,141639.375,6.946,52.000
0.049,0.006,0.012,18.213,137385.031,3.463,52.000
0.056,0.000,0.014,26.304,38407.508,-0.150,52.000
0.049,0.004,0.011,21.219,164050.031,3.037,52.000
0.043,0.001,0.018,25.278,88470.180,0.807,52.000
0.050,0.021,0.011,19.976,160246.781,6.151,52.000
0.054,0.000,0.016,25.369,9410.516,-1.084,52.000
0.046,0.000,0.014,29.413,-49566.281,1.560,52.000
0.001,0.012,0.012,23.239,93243.664,4.762,52.000
0.050,0.012,0.012,19.918,187505.250,8.241,52.000
0.051,0.018,0.013,19.539,165923.219,7.990,52.000
0.049,0.001,0.010,25.385,50000.383,2.356,52.000
0.051,0.016,0.014,20.361,137399.500,6.854,52.000
0.042,0.001,0.015,22.225,85150.570,0.493,52.000
0.050,0.018,0.013,20.652,156776.625,7.108,52.000
0.047,0.000,0.013,27.796,-526.562,0.344,52.000
0.052,0.002,0.012,20.145,177060.438,2.766,52.000
0.057,0.000,0.019,19.367,-15318.031,-1.251,52.000
0.052,0.001,0.019,19.582,94339.773,2.426,52.000
0.052,0.026,0.011,20.662,137257.688,5.894,52.000
0.046,0.001,0.012,26.948,2137.930,1.138,52.000
0.050,0.024,0.013,19.333,150811.844,6.740,52.000
0.050,0.001,0.008,22.378,122505.336,2.860,52.000
0.048,0.014,0.012,19.018,170177.781,8.110,52.000
0.050,0.007,0.013,19.599,145844.094,5.388,52.000
0.049,0.003,0.010,22.398,164564.469,2.905,52.000
0.048,0.020,0.011,20.490,182809.531,6.735,52.000
0.051,0.014,0.011,19.429,169584.500,7.462,52.000
0.052,0.000,0.017,27.324,-6824.266,-1.975,52.000
0.051,0.006,0.013,20.024,175161.844,5.460,52.000
0.050,0.010,0.013,23.241,169129.875,7.912,52.000
0.051,0.009,0.013,22.520,177510.094,8.018,52.000
0.050,0.024,0.011,20.995,160878.000,6.120,52.000
0.051,0.005,0.010,22.131,150046.031,2.399,52.000
0.041,0.000,0.018,21.271,-19093.719,-0.345,52.000
0.051,0.005,0.009,21.082,150862.594,2.671,52.000
0.054,0.002,0.012,20.473,170781.094,2.844,52.000
0.048,0.002,0.013,16.814,173134.062,0.709,52.000
0.052,0.002,0.011,22.671,150964.594,3.256,52.000
0.051,0.011,0.012,20.887,187145.062,8.080,52.000
0.099,0.012,0.012,20.961,86389.867,5.016,52.000
0.049,0.000,0.001,20.158,70081.180,0.476,52.000
0.049,0.007,0.014,19.562,180162.312,5.192,52.000
0.047,0.002,0.013,16.921,171569.406,1.327,52.000
0.051,0.005,0.013,18.169,152164.781,3.292,52.000
0.051,0.001,0.008,22.681,128133.273,2.848,52.000
0.045,0.000,0.018,25.762,-58680.484,-2.853,52.000
0.055,0.002,0.015,22.248,134861.781,1.891,52.000
0.052,0.001,0.011,28.462,32100.742,1.666,52.000
0.048,0.019,0.014,20.537,136338.781,6.643,52.000
0.050,0.004,0.015,20.517,178030.125,3.092,52.000
0.048,0.025,0.010,22.602,159703.812,6.056,52.000
0.052,0.010,0.012,19.197,178114.531,7.845,52.000
0.050,0.008,0.012,18.908,116569.117,4.362,52.000
0.050,0.011,0.010,14.820,147475.562,7.143,52.000
0.049,0.016,0.013,20.420,170023.688,7.687,52.000
0.051,0.007,0.011,19.039,121401.445,3.565,52.000
0.050,0.013,0.013,20.834,166496.562,7.674,52.000
0.051,0.000,0.004,25.297,-43763.949,0.346,52.000
0.052,0.013,0.013,21.988,150424.750,7.314,52.000
0.056,0.001,0.014,25.225,86662.227,1.003,52.000
0.055,0.000,0.007,26.629,1888.852,1.871,52.000
0.052,0.007,0.013,20.385,164857.438,5.069,52.000
0.057,0.001,0.017,22.281,82762.695,1.587,52.000
0.044,0.001,0.019,24.610,88085.133,1.107,52.000
0.050,0.012,0.010,14.197,143005.000,7.124,52.000
0.050,0.025,0.012,20.293,162437.094,6.869,52.000
0.056,0.000,0.009,30.878,-15715.406,1.418,52.000
0.052,0.007,0.010,17.972,147340.250,2.864,52.000
0.042,0.000,0.005,20.339,111764.570,-0.491,52.000
0.049,0.007,0.013,18.170,136823.719,5.877,52.000
0.055,0.001,0.013,21.812,123650.602,1.610,52.000
0.051,0.014,0.010,18.517,172128.750,5.804,52.000
0.039,0.001,0.011,19.244,113641.508,-0.956,52.000
0.048,0.017,0.012,20.256,188527.156,7.628,52.000
0.055,0.000,0.014,26.312,3964.320,-0.351,52.000
0.049,0.025,0.014,20.927,130537.133,5.881,52.000
0.048,0.002,0.014,20.226,174484.000,1.221,52.000
0.052,0.006,0.011,19.456,144039.344,3.778,52.000
0.048,0.012,0.012,19.337,162987.469,7.550,52.000
0.046,0.002,0.017,23.278,135970.156,3.219,52.000
0.047,0.000,0.018,24.301,-14714.883,-1.651,52.000
0.049,0.008,0.014,19.773,171621.156,5.887,52.000
0.056,0.002,0.013,20.554,153424.438,2.832,52.000
0.050,0.000,0.009,29.166,-90776.641,0.870,52.000
0.049,0.001,0.007,22.693,98520.477,2.595,52.000
0.049,0.006,0.010,21.632,156562.969,3.197,52.000
0.049,0.002,0.018,21.064,118467.070,2.866,52.000
0.048,0.009,0.010,17.006,133953.781,6.222,52.000
0.053,0.001,0.017,24.681,93365.242,0.931,52.000
0.051,0.001,0.014,24.947,124275.258,2.046,52.000
0.042,0.001,0.010,21.689,62850.555,0.262,52.000
0.051,0.004,0.014,20.334,174785.531,3.317,52.000
0.049,0.000,0.008,25.916,-18177.242,0.741,52.000
0.050,0.008,0.011,18.930,116322.570,4.508,52.000
0.054,0.001,0.007,23.751,88125.602,1.938,52.000
0.051,0.008,0.011,18.266,131465.500,5.266,52.000
0.049,0.001,0.021,20.566,51743.977,1.545,52.000
0.045,0.001,0.020,22.656,67763.633,1.495,52.000
0.100,0.012,0.013,21.750,26136.516,5.311,52.000
0.041,0.001,0.017,25.373,-18817.148,-2.103,52.000
0.048,0.000,0.022,16.207,-96141.523,0.656,52.000
0.051,0.004,0.010,21.938,157185.688,2.401,52.000
0.051,0.001,0.020,21.069,75238.852,1.629,52.000
0.048,0.022,0.013,20.112,141047.062,6.718,52.000
0.045,0.000,0.010,27.737,-28648.766,2.286,52.000
0.042,0.000,0.017,24.656,-36872.625,-3.075,52.000
0.098,0.011,0.012,19.794,92352.211,5.414,52.000
0.052,0.007,0.011,19.119,137481.906,4.032,52.000
0.099,0.012,0.013,21.344,93721.867,2.810,52.000
0.049,0.026,0.010,23.082,160500.812,5.735,52.000
0.055,0.002,0.012,20.321,151004.969,2.585,52.000
0.050,0.022,0.014,19.971,125423.711,6.317,52.000
0.050,0.000,0.004,23.869,-10399.734,0.358,52.000
0.048,0.013,0.011,17.241,161012.562,7.525,52.000
0.050,0.015,0.011,19.057,184351.719,6.949,52.000
0.048,0.001,0.021,20.887,71620.930,1.692,52.000
0.045,0.002,0.006,20.792,127077.898,3.231,52.000
0.049,0.008,0.013,17.912,127847.289,5.439,52.000
0.044,0.001,0.009,23.581,30783.961,1.587,52.000
0.050,0.009,0.010,16.423,147857.406,6.148,52.000
0.049,0.007,0.010,21.014,130888.508,3.498,52.000
0.056,0.001,0.008,23.612,87437.289,1.418,52.000
0.048,0.001,0.006,21.243,103157.508,2.658,52.000
0.050,0.019,0.010,18.329,176073.656,7.787,52.000
0.048,0.008,0.012,18.179,117457.180,5.087,52.000
0.049,0.016,0.011,18.656,203873.688,7.812,52.000
0.047,0.001,0.009,24.039,72639.867,2.627,52.000
0.055,0.001,0.018,20.072,117012.852,2.692,52.000
0.055,0.001,0.012,27.850,29983.945,0.345,52.000
0.002,0.012,0.012,22.321,128116.992,3.442,52.000
0.050,0.019,0.013,20.351,142435.562,6.907,52.000
0.050,0.014,0.012,19.634,169748.750,7.890,52.000
0.051,0.010,0.011,18.561,162283.375,7.059,52.000
0.041,0.000,0.018,21.444,46737.398,0.366,52.000
0.052,0.018,0.010,18.850,176510.688,7.082,52.000
0.041,0.001,0.010,20.556,128736.789,-0.374,52.000
0.050,0.006,0.010,22.247,135488.875,2.830,52.000
0.002,0.014,0.012,23.166,141031.969,3.920,52.000
0.051,0.026,0.012,19.682,144052.875,6.783,52.000
0.052,0.000,0.018,26.524,-107970.250,-0.861,52.000
0.045,0.001,0.002,19.644,63883.852,0.269,52.000
0.049,0.015,0.012,19.570,175962.375,7.972,52.000
0.049,0.005,0.012,16.880,150697.375,3.153,52.000
0.042,0.000,0.007,20.699,69911.258,-0.728,52.000
0.050,0.009,0.009,15.455,172106.469,5.171,52.000
0.046,0.001,0.017,25.993,37885.570,-0.083,52.000
0.055,0.000,0.017,22.861,-204.164,-0.396,52.000
0.051,0.000,0.020,21.243,674.250,1.610,52.000
0.040,0.001,0.012,17.164,129824.242,-0.315,52.000
0.045,0.000,0.017,26.530,56161.508,0.254,52.000
0.056,0.001,0.016,23.033,120500.102,1.244,52.000
0.051,0.017,0.014,20.754,123674.492,6.481,52.000
0.050,0.019,0.013,20.357,140893.781,6.958,52.000
0.048,0.001,0.013,17.977,174132.094,1.132,52.000
0.001,0.013,0.012,23.339,124596.086,4.310,52.000
0.043,0.001,0.018,22.684,124928.164,2.338,52.000
0.048,0.020,0.013,20.539,148235.344,6.927,52.000
0.049,0.005,0.014,18.476,163292.781,3.464,52.000
0.050,0.005,0.013,16.726,156929.938,2.957,52.000
0.052,0.000,0.003,23.663,-9384.930,-0.281,52.000
0.049,0.015,0.010,18.002,185751.781,6.694,52.000
0.042,0.001,0.015,20.621,119170.195,1.333,52.000
0.098,0.011,0.011,20.127,68851.508,7.042,52.000
0.050,0.014,0.014,21.157,123623.695,6.483,52.000
0.049,0.025,0.014,20.972,129597.711,5.989,52.000
0.059,0.001,0.017,20.845,151043.219,1.305,52.000
0.048,0.025,0.013,20.292,148203.281,6.801,52.000
0.049,0.005,0.012,17.046,154058.125,2.968,52.000
0.056,0.001,0.015,23.740,83853.336,1.163,52.000
0.058,0.000,0.009,24.748,31204.852,0.223,52.000
0.049,0.000,0.012,27.677,-70037.727,-2.611,52.000
0.049,0.011,0.010,15.195,149501.625,7.061,52.000
0.052,0.025,0.011,19.456,141312.625,6.610,52.000
0.051,0.000,0.012,30.969,-104569.258,-1.768,52.000
0.051,0.010,0.012,19.097,175372.844,7.703,52.000
0.057,0.001,0.015,23.806,114368.430,0.272,52.000
0.052,0.009,0.011,18.839,156667.656,6.742,52.000
0.048,0.027,0.011,25.609,118186.852,4.624,52.000
0.048,0.018,0.013,20.256,181024.062,7.542,52.000
0.051,0.001,0.021,20.038,32562.680,1.464,52.000
0.050,0.025,0.011,21.268,162952.750,6.298,52.000
0.049,0.022,0.012,19.508,178275.562,6.978,52.000
0.051,0.019,0.011,19.230,177405.375,6.810,52.000
0.045,0.000,0.010,25.096,-1367.953,1.511,52.000
0.049,0.013,0.013,19.858,153266.125,7.610,52.000
0.044,0.001,0.019,22.140,114999.992,2.248,52.000
0.046,0.000,0.010,26.062,-28496.383,-0.275,52.000
0.058,0.001,0.010,19.147,132458.000,1.125,52.000
0.048,0.014,0.010,17.077,159034.438,6.693,52.000
0.051,0.001,0.007,22.129,105074.680,2.629,52.000
0.052,0.007,0.011,19.424,142857.969,3.760,52.000
0.050,0.019,0.012,19.850,193767.469,7.248,52.000
0.051,0.026,0.012,20.075,140916.969,6.783,52.000
0.060,0.001,0.013,19.379,83942.273,1.322,52.000
0.048,0.005,0.012,17.792,155575.281,3.313,52.000
0.045,0.002,0.011,20.611,173642.062,2.917,52.000
0.052,0.018,0.013,19.326,142772.406,7.444,52.000
0.045,0.001,0.017,23.284,135007.656,3.036,52.000
0.048,0.025,0.014,20.689,135470.531,6.267,52.000
0.098,0.011,0.011,19.838,73520.414,6.907,52.000
0.051,0.013,0.013,20.241,163503.406,7.724,52.000
0.049,0.000,0.020,21.470,54748.555,1.888,52.000
0.050,0.000,0.008,26.865,-41174.070,0.344,52.000
0.052,0.001,0.006,24.502,38392.039,1.462,52.000
0.049,0.002,0.006,21.044,100737.148,2.800,52.000
0.052,0.016,0.011,19.038,180732.688,6.965,52.000
0.052,0.001,0.021,20.012,54699.055,1.771,52.000
0.041,0.001,0.015,23.553,-22367.789,-2.143,52.000
0.045,0.001,0.019,22.566,116548.383,2.161,52.000
0.047,0.001,0.006,22.620,79341.773,2.232,52.000
0.048,0.006,0.013,17.064,127633.789,3.665,52.000
0.043,0.001,0.004,18.421,136397.406,2.151,52.000
0.054,0.002,0.011,21.648,150911.531,2.747,52.000
0.052,0.022,0.013,18.327,132714.188,6.593,52.000
0.057,0.000,0.016,24.956,9213.695,0.705,52.000
0.056,0.001,0.007,22.788,101294.820,1.528,52.000
0.049,0.010,0.012,19.022,135306.812,6.441,52.000
0.057,0.001,0.007,23.054,94382.789,0.823,52.000
0.047,0.001,0.017,24.508,116024.695,2.395,52.000
0.049,0.006,0.014,18.507,162856.906,3.742,52.000
0.049,0.001,0.012,19.821,158936.969,2.215,52.000
0.050,0.014,0.014,21.433,131356.375,6.794,52.000
0.049,0.003,0.012,17.432,170787.344,2.789,52.000
0.044,0.000,0.006,22.191,45586.242,2.677,52.000
0.053,0.000,0.020,20.462,-15454.555,2.860,52.000
0.041,0.001,0.016,22.421,69493.789,-0.069,52.000
0.053,0.001,0.012,21.885,117987.852,1.646,52.000
0.050,0.013,0.013,21.921,154948.281,7.463,52.000
0.049,0.010,0.010,16.550,139179.469,6.414,52.000
0.049,0.003,0.011,22.130,162349.062,2.914,52.000
0.052,0.000,0.009,27.826,-20993.633,1.355,52.000
0.051,0.013,0.014,22.692,140429.625,6.685,52.000
0.053,0.001,0.011,32.156,-45058.387,0.240,52.000
0.051,0.001,0.016,24.665,102312.508,1.540,52.000
0.055,0.001,0.014,24.857,95130.555,0.831,52.000
0.041,0.000,0.009,18.686,-31962.562,1.195,52.000
0.050,0.025,0.010,21.294,152712.375,5.771,52.000
0.053,0.000,0.003,22.976,29548.398,1.265,52.000
0.049,0.003,0.011,21.661,163147.469,2.873,52.000
0.050,0.012,0.010,15.864,146507.875,7.580,52.000
0.052,0.000,0.019,21.744,-5139.992,1.403,52.000
0.050,0.022,0.014,20.391,120646.367,5.967,52.000
0.045,0.000,0.013,29.075,-107634.945,-2.040,52.000
0.056,0.000,0.011,25.701,-15810.672,-0.698,52.000
0.049,0.027,0.012,21.876,123201.023,6.189,52.000
0.042,0.001,0.014,21.331,16954.953,-0.693,52.000
0.043,0.000,0.010,24.009,114.008,-0.723,52.000
0.048,0.001,0.011,22.468,135782.750,3.065,52.000
0.054,0.001,0.016,23.316,116385.102,1.328,52.000
0.047,0.000,0.012,28.006,5797.117,0.500,52.000
0.049,0.001,0.006,23.328,8234.516,1.068,52.000
0.052,0.001,0.012,26.182,71870.727,2.174,52.000
0.059,0.001,0.007,20.329,122796.227,1.486,52.000
0.050,0.016,0.010,18.040,186024.625,6.847,52.000
0.050,0.022,0.014,20.225,112846.508,5.845,52.000
0.052,0.010,0.012,21.090,184126.844,8.020,52.000
0.099,0.012,0.011,20.567,31691.805,6.455,52.000
0.054,0.001,0.018,22.210,63954.195,1.605,52.000
0.051,0.010,0.011,17.841,159671.219,6.897,52.000
0.048,0.006,0.012,16.404,136301.594,4.017,52.000
0.058,0.001,0.017,20.829,130264.102,1.783,52.000
0.050,0.005,0.014,19.086,173757.344,3.816,52.000
0.049,0.027,0.012,26.278,95175.102,4.181,52.000
0.057,0.001,0.004,20.476,117977.492,2.220,52.000
0.002,0.012,0.010,20.560,145025.219,1.396,52.000
0.046,0.001,0.006,21.356,117228.742,2.703,52.000
0.053,0.000,0.021,20.887,-53960.441,1.578,52.000
0.050,0.000,0.020,21.017,10063.609,2.244,52.000
0.049,0.000,0.022,20.638,-18279.578,2.712,52.000
0.048,0.015,0.010,18.041,175314.625,6.994,52.000
0.045,0.000,0.006,22.111,38471.898,-0.220,52.000
0.048,0.019,0.013,20.472,161425.875,7.142,52.000
0.050,0.023,0.012,19.180,169880.000,6.901,52.000
0.050,0.025,0.010,21.402,155815.906,5.813,52.000
0.055,0.000,0.013,26.351,56348.102,0.709,52.000
0.049,0.018,0.013,20.175,177180.312,7.474,52.000
0.052,0.001,0.014,27.665,68419.305,0.770,52.000
0.052,0.008,0.011,18.522,137236.812,4.973,52.000
0.043,0.000,0.017,23.895,26768.273,-0.491,52.000
0.048,0.026,0.013,21.376,158988.188,6.973,52.000
0.050,0.001,0.013,26.332,49115.945,0.481,52.000
0.048,0.025,0.012,21.460,170708.688,6.672,52.000
0.060,0.001,0.009,18.455,140580.219,0.593,52.000
0.050,0.004,0.013,17.726,167359.875,2.223,52.000
0.054,0.002,0.016,21.519,131762.812,2.268,52.000
0.055,0.001,0.018,19.780,118026.398,2.681,52.000
0.001,0.013,0.011,21.528,142736.875,2.427,52.000
0.047,0.001,0.010,23.845,99717.148,2.599,52.000
0.049,0.004,0.012,19.197,168605.750,3.086,52.000
0.050,0.011,0.014,23.237,153427.688,7.502,52.000
0.052,0.001,0.022,18.363,7028.102,1.761,52.000
0.050,0.013,0.013,21.721,161450.188,7.462,52.000
0.051,0.008,0.010,18.315,129825.992,3.463,52.000
0.049,0.015,0.011,18.964,184251.688,7.555,52.000
0.054,0.001,0.010,28.681,15132.711,0.087,52.000
0.098,0.013,0.013,21.374,89631.070,3.729,52.000
0.050,0.023,0.010,20.603,153091.188,6.010,52.000
0.044,0.001,0.018,23.504,126863.289,2.304,52.000
0.052,0.001,0.008,26.300,27943.992,1.272,52.000
0.042,0.001,0.004,18.437,143729.969,2.196,52.000
0.043,0.001,0.017,25.920,31311.008,-0.515,52.000
0.057,0.001,0.006,25.296,50062.508,0.512,52.000
0.050,0.012,0.011,16.713,154439.375,7.627,52.000
0.049,0.013,0.010,16.127,143026.000,6.679,52.000
0.052,0.001,0.006,22.228,107660.805,2.528,52.000
0.051,0.013,0.014,22.961,146841.188,6.920,52.000
0.041,0.000,0.007,22.345,96401.258,1.263,52.000
0.048,0.001,0.011,21.794,150112.438,2.888,52.000
0.049,0.006,0.014,18.535,162791.906,3.470,52.000
0.051,0.022,0.012,17.899,157982.344,7.031,52.000
0.057,0.000,0.013,26.205,16416.211,0.888,52.000
0.052,0.000,0.019,20.750,-20557.078,1.833,52.000
0.056,0.001,0.009,26.184,51769.211,-0.122,52.000
0.047,0.001,0.017,23.225,132860.188,3.136,52.000
0.048,0.000,0.007,25.238,1774.102,1.667,52.000
0.098,0.014,0.012,21.607,73142.039,4.269,52.000
0.057,0.001,0.013,22.077,85943.008,0.006,52.000
0.052,0.001,0.022,19.618,50213.820,1.864,52.000
0.053,0.000,0.006,22.258,19065.734,0.313,52.000
0.045,0.001,0.015,26.247,79010.086,-0.167,52.000
0.099,0.011,0.013,20.337,98180.836,4.091,52.000
0.056,0.001,0.009,27.620,20696.898,0.231,52.000
0.048,0.000,0.019,21.816,-29752.695,-0.347,52.000
0.050,0.023,0.012,19.710,166881.156,6.843,52.000
0.051,0.001,0.015,23.549,151045.406,2.926,52.000
0.051,0.003,0.011,21.415,164806.875,2.810,52.000
0.048,0.000,0.020,21.779,34435.680,1.632,52.000
0.045,0.001,0.006,20.945,124964.789,2.529,52.000
0.052,0.013,0.010,18.427,166587.594,6.414,52.000
0.049,0.016,0.011,18.520,199713.219,7.594,52.000
0.047,0.001,0.019,21.506,112546.961,2.382,52.000
0.050,0.014,0.013,21.054,155798.375,7.579,52.000
0.050,0.013,0.011,19.130,172219.125,7.376,52.000
0.049,0.009,0.010,17.119,148746.500,5.320,52.000
0.050,0.018,0.010,18.285,183055.500,7.686,52.000
0.000,0.013,0.013,21.092,3521.773,9.051,52.000
0.050,0.009,0.013,22.599,174126.312,7.832,52.000
0.051,0.023,0.010,20.417,147234.750,5.617,52.000
0.048,0.003,0.010,22.169,168393.469,2.964,52.000
0.100,0.011,0.011,16.618,-6173.234,8.654,52.000
0.041,0.001,0.008,21.355,130085.602,1.705,52.000
0.051,0.001,0.009,22.475,154003.125,2.976,52.000
0.055,0.001,0.012,29.392,26401.383,0.784,52.000
0.055,0.000,0.007,26.726,-39375.184,0.234,52.000
0.051,0.001,0.007,23.756,98927.070,2.670,52.000
0.048,0.001,0.009,26.849,-8478.828,2.405,52.000
0.050,0.018,0.013,19.882,164069.219,7.723,52.000
0.051,0.012,0.011,18.691,181727.906,7.665,52.000
0.049,0.024,0.012,20.654,165943.594,6.937,52.000
0.049,0.008,0.010,19.398,128242.523,4.224,52.000
0.052,0.003,0.011,22.246,161401.969,2.765,52.000
0.052,0.016,0.012,19.221,176269.281,7.435,52.000
0.048,0.021,0.012,20.164,184871.625,7.005,52.000
0.053,0.000,0.012,29.981,-73212.984,-1.454,52.000
0.049,0.001,0.013,19.101,156812.844,1.405,52.000
0.047,0.001,0.018,23.887,94369.836,1.593,52.000
0.051,0.006,0.013,19.261,150203.031,4.465,52.000
0.049,0.025,0.010,22.430,159475.438,5.735,52.000
0.051,0.016,0.010,18.239,186169.250,7.226,52.000
0.050,0.027,0.010,22.352,149958.688,5.325,52.000
0.055,0.000,0.014,25.422,41920.289,0.000,52.000
0.052,0.002,0.010,22.692,157071.438,3.196,52.000
0.050,0.025,0.014,20.467,130234.508,6.021,52.000
0.098,0.012,0.013,21.159,96989.133,3.144,52.000
0.050,0.001,0.011,26.918,46220.195,2.521,52.000
0.049,0.012,0.011,18.459,168651.969,8.005,52.000
0.058,0.000,0.012,21.787,55889.008,0.287,52.000
0.055,0.000,0.005,23.868,-29471.023,0.052,52.000
0.050,0.026,0.014,21.370,107445.320,6.014,52.000
0.048,0.014,0.011,17.655,161558.688,6.974,52.000
0.002,0.012,0.013,23.224,94483.758,4.986,52.000
0.050,0.005,0.014,18.990,172669.938,3.187,52.000
0.049,0.020,0.011,20.548,181146.906,6.615,52.000
0.050,0.008,0.013,21.319,173690.312,6.956,52.000
0.052,0.002,0.013,18.667,187418.938,2.503,52.000
0.048,0.001,0.014,23.250,109880.539,0.726,52.000
0.043,0.000,0.007,21.007,-23510.133,2.218,52.000
0.055,0.001,0.017,20.398,126739.711,2.547,52.000
0.050,0.018,0.010,18.364,181337.031,7.632,52.000
0.042,0.001,0.014,18.412,99182.258,0.776,52.000
0.051,0.006,0.011,20.741,142441.594,2.779,52.000
0.051,0.024,0.012,19.048,149150.219,6.798,52.000
0.050,0.000,0.022,19.134,-58117.695,1.487,52.000
0.049,0.018,0.011,19.065,205653.844,7.577,52.000
0.045,0.001,0.007,21.464,135667.094,3.171,52.000
0.049,0.005,0.012,16.635,148071.812,3.346,52.000
0.050,0.000,0.002,22.103,-38247.133,-2.351,52.000
0.054,0.000,0.003,23.970,6252.141,0.800,52.000
0.099,0.012,0.012,20.842,85457.195,5.192,52.000
0.049,0.018,0.010,18.614,198304.406,7.952,52.000
0.049,0.005,0.009,21.161,161483.781,2.999,52.000
0.040,0.001,0.012,18.099,131021.461,-0.533,52.000
0.050,0.001,0.009,23.134,135682.688,2.771,52.000
0.053,0.000,0.011,34.783,-118837.727,0.544,52.000
0.049,0.027,0.011,24.167,218819.594,7.598,52.000
0.051,0.013,0.014,22.128,137213.938,6.775,52.000
0.052,0.010,0.013,22.394,182634.969,8.145,52.000
0.049,0.017,0.011,19.923,198479.844,7.379,52.000
0.048,0.000,0.020,19.297,29357.930,1.092,52.000
0.052,0.019,0.013,18.562,147164.406,7.638,52.000
0.052,0.024,0.013,18.343,123908.508,6.713,52.000
0.043,0.001,0.008,22.016,138091.688,2.005,52.000
0.055,0.001,0.014,22.209,148838.188,2.317,52.000
0.048,0.001,0.002,18.036,118310.617,0.899,52.000
0.058,0.001,0.009,20.264,121561.680,1.308,52.000
0.048,0.025,0.013,20.828,165089.750,7.080,52.000
0.048,0.006,0.010,21.799,145234.750,3.067,52.000
0.044,0.001,0.014,17.849,153067.094,1.504,52.000
0.052,0.000,0.016,23.985,24207.188,-0.577,52.000
0.045,0.001,0.019,24.484,12178.578,-0.324,52.000
0.050,0.000,0.007,24.173,-11341.398,0.639,52.000
0.049,0.001,0.015,29.973,12092.891,-1.362,52.000
0.056,0.002,0.009,22.160,106151.336,1.274,52.000
0.049,0.002,0.017,22.165,128934.070,3.261,52.000
0.048,0.027,0.013,26.539,104042.320,4.532,52.000
0.053,0.002,0.011,22.426,150332.312,3.039,52.000
0.045,0.001,0.019,23.115,48395.305,0.887,52.000
0.050,0.001,0.006,22.413,94827.164,2.194,52.000
0.003,0.012,0.011,21.225,130771.289,2.354,52.000
0.052,0.017,0.011,19.095,182275.938,7.089,52.000
0.050,0.010,0.010,14.584,163111.562,6.342,52.000
0.052,0.001,0.003,20.416,96591.352,1.432,52.000
0.052,0.005,0.010,21.598,149593.625,2.440,52.000
0.050,0.010,0.012,20.109,162115.750,7.433,52.000
0.052,0.015,0.010,19.535,182664.188,6.352,52.000
0.056,0.001,0.011,22.761,95896.039,0.613,52.000
0.002,0.012,0.011,21.511,131246.375,2.629,52.000
0.052,0.009,0.013,22.981,179748.281,8.099,52.000
0.048,0.012,0.012,19.166,175457.594,7.970,52.000
0.050,0.022,0.010,20.198,154372.562,6.197,52.000
0.049,0.009,0.015,22.969,149619.438,6.607,52.000
0.061,0.001,0.014,19.274,138423.812,1.576,52.000
0.051,0.022,0.014,18.695,125564.930,6.601,52.000
0.052,0.001,0.012,22.297,109437.648,2.403,52.000
0.058,0.001,0.016,21.564,138870.281,1.483,52.000
0.051,0.006,0.010,19.834,150337.312,2.634,52.000
0.050,0.012,0.010,16.177,149078.438,7.316,52.000
0.052,0.000,0.020,20.665,-30221.969,2.038,52.000
0.056,0.001,0.013,26.846,37612.258,0.377,52.000
0.052,0.001,0.012,22.253,120947.055,2.574,52.000
0.052,0.010,0.013,21.987,173771.875,7.771,52.000
0.050,0.012,0.010,14.929,145245.875,6.978,52.000
0.048,0.003,0.011,21.680,164837.750,2.990,52.000
0.043,0.001,0.008,22.682,134045.531,2.528,52.000
0.044,0.001,0.017,25.474,59262.336,0.331,52.000
0.051,0.023,0.014,19.473,110650.289,5.951,52.000
0.051,0.020,0.012,18.313,166503.062,7.594,52.000
0.051,0.020,0.012,18.574,181761.438,7.587,52.000
0.050,0.000,0.022,19.561,-62060.121,2.058,52.000
0.051,0.000,0.006,24.189,24411.211,1.389,52.000
0.048,0.010,0.010,16.064,144076.062,6.516,52.000
0.040,0.001,0.015,19.429,87099.164,0.773,52.000
0.046,0.001,0.022,19.076,50736.633,2.214,52.000
0.057,0.002,0.015,21.725,143421.500,1.529,52.000
0.051,0.002,0.009,22.416,153922.938,3.115,52.000
0.048,0.002,0.011,21.318,168182.938,3.215,52.000
0.057,0.000,0.018,21.381,6703.438,-0.366,52.000
0.050,0.007,0.014,19.460,192285.344,6.200,52.000
0.049,0.001,0.008,26.048,-42737.445,1.504,52.000
0.002,0.013,0.012,23.051,123412.789,4.357,52.000
0.060,0.001,0.013,18.755,124693.367,1.460,52.000
0.049,0.016,0.013,20.085,176736.344,8.079,52.000
0.042,0.001,0.019,23.326,102730.180,1.570,52.000
0.051,0.000,0.019,22.409,30463.898,0.542,52.000
0.049,0.017,0.012,20.342,187317.188,7.757,52.000
0.047,0.001,0.020,21.702,80570.039,1.841,52.000
0.042,0.001,0.007,22.206,92884.977,1.685,52.000
0.043,0.000,0.014,24.278,20396.602,-0.229,52.000
0.049,0.022,0.011,20.677,165598.188,6.279,52.000
0.051,0.020,0.011,18.786,157078.938,6.389,52.000
0.057,0.001,0.013,20.214,135866.656,2.353,52.000
0.049,0.001,0.017,22.064,124270.648,2.784,52.000
0.051,0.024,0.010,20.881,147725.938,5.534,52.000
0.055,0.001,0.003,23.994,-36473.758,-0.088,52.000
0.050,0.006,0.010,21.560,141427.812,2.738,52.000
0.003,0.012,0.012,22.328,116986.727,4.066,52.000
0.043,0.001,0.010,21.775,85146.883,1.214,52.000
0.048,0.024,0.013,20.379,163675.719,7.000,52.000
0.059,0.001,0.013,16.971,131003.523,2.053,52.000
0.051,0.014,0.010,18.985,177226.875,6.002,52.000
0.045,0.001,0.004,20.539,57465.320,1.054,52.000
0.050,0.006,0.011,19.496,138035.875,2.973,52.000
0.049,0.003,0.013,16.697,166127.344,1.248,52.000
0.045,0.001,0.014,17.797,161731.188,1.103,52.000
0.052,0.026,0.012,19.623,127056.883,6.767,52.000
0.052,0.013,0.010,18.607,167992.625,6.516,52.000
0.045,0.001,0.022,20.011,73194.164,2.655,52.000
0.053,0.001,0.021,19.424,-7645.516,1.053,52.000
0.049,0.008,0.010,18.361,144400.656,4.541,52.000
0.051,0.000,0.010,32.755,-17974.742,2.506,52.000
0.049,0.001,0.004,19.878,103855.898,1.771,52.000
0.048,0.027,0.013,17.401,169576.969,5.772,52.000
0.051,0.011,0.012,20.101,190677.344,8.275,52.000
0.055,0.000,0.012,32.421,-11960.961,4.008,52.000
0.059,0.001,0.006,20.109,128116.477,2.049,52.000
0.055,0.002,0.016,21.805,128510.492,1.847,52.000
0.055,0.000,0.009,28.069,-68357.625,0.072,52.000
0.055,0.000,0.021,20.914,-67750.195,2.876,52.000
0.059,0.000,0.018,19.594,-54.555,-0.418,52.000
0.052,0.014,0.012,19.850,164490.531,8.067,52.000
0.051,0.016,0.013,19.697,182485.188,8.217,52.000
0.050,0.011,0.014,23.267,147545.844,7.093,52.000
0.051,0.019,0.011,18.894,173900.188,6.911,52.000
0.050,0.015,0.014,20.566,140565.719,7.032,52.000
0.051,0.022,0.010,19.855,145419.219,5.879,52.000
0.047,0.002,0.012,20.088,176232.531,3.183,52.000
0.049,0.017,0.012,20.331,191393.125,7.540,52.000
0.041,0.001,0.011,20.108,125774.789,-0.114,52.000
0.044,0.002,0.016,23.982,126935.820,2.406,52.000
0.053,0.001,0.020,19.097,86557.883,2.612,52.000
0.043,0.000,0.008,21.840,-8232.758,1.514,52.000
0.050,0.000,0.003,22.359,19562.414,-0.817,52.000
0.052,0.000,0.018,23.409,-84100.969,-0.077,52.000
0.047,0.001,0.016,23.673,135973.469,3.107,52.000
0.049,0.005,0.010,21.628,156525.000,2.719,52.000
0.001,0.013,0.011,21.981,113247.414,3.869,52.000
0.055,0.001,0.004,21.082,95601.992,2.003,52.000
0.051,0.001,0.002,20.773,70245.336,0.924,52.000
0.000,0.013,0.013,26.543,-36878.570,5.434,52.000
0.002,0.012,0.014,23.326,50895.039,6.108,52.000
0.048,0.022,0.013,20.005,166956.812,6.949,52.000
0.048,0.001,0.010,26.013,22333.758,2.534,52.000
0.049,0.000,0.002,19.059,21640.227,0.646,52.000
0.045,0.001,0.013,20.299,92149.383,1.312,52.000
0.053,0.001,0.004,20.866,99196.883,1.833,52.000
0.048,0.007,0.011,18.592,140056.281,3.936,52.000
0.046,0.000,0.006,20.958,-11640.352,1.151,52.000
0.048,0.013,0.014,20.978,132450.594,6.861,52.000
0.050,0.013,0.012,19.237,181464.438,7.797,52.000
0.049,0.009,0.012,19.235,114993.133,5.616,52.000
0.050,0.006,0.012,18.731,133987.281,3.032,52.000
0.059,0.000,0.013,25.535,-15600.984,2.628,52.000
0.099,0.011,0.012,19.904,86145.008,5.991,52.000
0.051,0.008,0.010,17.112,157216.250,3.924,52.000
0.056,0.002,0.012,19.858,145268.438,2.210,52.000
0.049,0.021,0.012,19.480,194313.875,6.906,52.000
0.048,0.006,0.011,19.894,145608.094,3.318,52.000
0.048,0.007,0.012,17.776,137653.000,3.982,52.000
0.049,0.008,0.014,21.448,163398.625,6.623,52.000
0.048,0.000,0.013,29.512,-33904.102,-2.240,52.000
0.051,0.026,0.010,21.655,147340.344,4.923,52.000
0.044,0.000,0.021,21.134,-52322.000,0.887,52.000
0.049,0.014,0.011,18.442,167885.938,6.721,52.000
0.051,0.001,0.012,28.040,24579.422,1.238,52.000
0.001,0.012,0.012,23.804,106031.727,4.399,52.000
0.051,0.001,0.010,28.335,-1803.016,1.670,52.000
0.058,0.000,0.012,23.927,23019.945,1.692,52.000
0.041,0.001,0.013,17.779,99249.461,-0.046,52.000
0.040,0.001,0.011,20.665,34078.930,-1.091,52.000
0.052,0.014,0.012,19.725,157891.188,7.906,52.000
0.049,0.026,0.012,21.218,162221.625,6.693,52.000
0.060,0.000,0.012,13.879,46911.820,-2.734,52.000
0.051,0.003,0.011,21.736,166248.438,2.905,52.000
0.052,0.006,0.011,20.625,142606.875,2.802,52.000
0.049,0.001,0.005,21.159,95673.133,1.759,52.000
0.051,0.012,0.010,16.642,158905.406,6.971,52.000
0.001,0.012,0.012,22.867,121478.289,3.665,52.000
0.051,0.025,0.013,20.163,133454.781,6.361,52.000
0.050,0.020,0.010,19.034,160629.688,7.164,52.000
0.056,0.001,0.005,22.333,99801.664,1.858,52.000
0.057,0.001,0.012,23.863,50890.180,1.022,52.000
0.050,0.007,0.012,19.660,137951.625,5.017,52.000
0.048,0.008,0.012,18.343,124972.852,5.645,52.000
0.048,0.002,0.017,23.004,135288.188,3.492,52.000
0.045,0.001,0.013,17.422,165958.062,2.163,52.000
0.049,0.026,0.013,20.841,162327.000,7.132,52.000
0.048,0.005,0.012,18.009,157522.812,3.177,52.000
0.052,0.021,0.012,17.543,166730.656,7.321,52.000
0.050,0.021,0.013,19.287,148286.062,6.811,52.000
0.051,0.015,0.014,20.960,134052.969,6.923,52.000
0.052,0.013,0.012,19.395,164236.844,7.641,52.000
0.052,0.003,0.013,18.355,192767.938,3.133,52.000
0.002,0.013,0.011,21.468,145179.125,2.746,52.000
0.049,0.005,0.012,18.731,153154.125,2.873,52.000
0.060,0.001,0.014,19.031,133348.156,1.666,52.000
0.046,0.000,0.003,17.317,27850.070,1.615,52.000
0.051,0.000,0.023,20.107,-45375.996,4.188,52.000
0.050,0.023,0.013,19.258,144174.219,6.471,52.000
0.050,0.001,0.018,22.994,45373.320,0.627,52.000
0.051,0.008,0.011,18.942,126671.195,5.214,52.000
0.048,0.001,0.004,18.684,113975.680,1.516,52.000
0.042,0.001,0.010,21.538,80791.836,0.062,52.000
0.050,0.001,0.018,23.276,61234.180,0.701,52.000
0.049,0.020,0.012,19.646,178997.188,7.078,52.000
0.043,0.000,0.019,21.796,-37561.227,-0.621,52.000
0.050,0.001,0.008,22.444,125191.070,2.896,52.000
0.060,0.001,0.012,16.730,130807.664,1.403,52.000
0.003,0.011,0.011,21.374,126532.164,2.567,52.000
0.049,0.025,0.011,22.157,164722.375,5.973,52.000
0.048,0.023,0.014,20.410,134797.781,6.458,52.000
0.046,0.000,0.009,26.197,5187.391,0.695,52.000
0.050,0.017,0.011,19.603,196642.656,7.268,52.000
0.002,0.010,0.013,22.748,68346.227,5.191,52.000
0.052,0.000,0.014,30.405,19914.305,-1.739,52.000
0.040,0.001,0.012,18.561,99108.398,-0.604,52.000
0.055,0.001,0.021,18.628,86025.727,2.796,52.000
0.049,0.014,0.011,18.726,171601.000,6.793,52.000
0.054,0.000,0.017,24.476,-64965.621,-0.887,52.000
0.055,0.002,0.012,20.637,143759.906,2.165,52.000
0.055,0.001,0.018,20.479,113254.633,2.471,52.000
0.045,0.000,0.012,28.652,-103919.711,-2.780,52.000
0.049,0.002,0.010,21.640,167823.375,3.312,52.000
0.049,0.001,0.015,25.988,111177.273,0.760,52.000
0.051,0.004,0.014,19.560,174460.375,3.246,52.000
0.051,0.024,0.013,19.083,128627.430,6.390,52.000
0.044,0.001,0.017,24.263,126661.242,2.345,52.000
0.057,0.001,0.009,26.240,11490.445,0.033,52.000
0.049,0.006,0.010,22.000,137975.812,2.944,52.000
0.050,0.025,0.011,21.337,160785.375,5.775,52.000
0.049,0.008,0.013,19.356,167692.906,6.624,52.000
0.051,0.009,0.013,22.955,172989.531,7.933,52.000
0.049,0.010,0.013,21.079,168624.875,7.777,52.000
0.098,0.012,0.011,19.969,72165.758,6.700,52.000
0.051,0.006,0.012,18.606,136363.438,3.203,52.000
0.052,0.018,0.012,18.455,173351.781,7.877,52.000
0.048,0.007,0.014,18.611,160398.219,5.079,52.000
0.051,0.004,0.012,19.273,169724.375,3.011,52.000
0.051,0.006,0.011,21.419,131756.938,2.817,52.000
0.052,0.001,0.010,23.964,108264.742,1.961,52.000
0.050,0.002,0.011,22.399,166210.125,3.150,52.000
0.051,0.027,0.013,15.093,170178.469,5.558,52.000
0.055,0.002,0.013,21.263,156855.219,3.340,52.000
0.048,0.017,0.012,20.203,192025.562,7.446,52.000
0.051,0.005,0.013,17.275,162226.219,3.076,52.000
0.052,0.008,0.014,21.888,183820.156,7.565,52.000
0.051,0.000,0.008,26.332,-6652.773,0.333,52.000
0.044,0.001,0.004,18.363,137107.469,2.157,52.000
0.052,0.007,0.013,20.677,160080.125,4.969,52.000
0.050,0.009,0.014,23.179,155331.656,6.718,52.000
0.049,0.021,0.011,20.210,163005.000,6.464,52.000
0.050,0.019,0.012,19.583,185611.750,7.670,52.000
0.051,0.016,0.013,19.194,176418.438,8.207,52.000
0.047,0.001,0.014,18.781,169777.406,0.940,52.000
0.048,0.007,0.013,16.540,118745.711,4.521,52.000
0.056,0.000,0.008,24.553,6373.266,-1.167,52.000
0.057,0.001,0.006,26.017,21480.906,-0.216,52.000
0.049,0.002,0.015,22.960,146415.406,3.217,52.000
0.043,0.000,0.007,22.553,54655.977,-0.245,52.000
0.045,0.001,0.004,19.724,122754.773,2.119,52.000
0.047,0.000,0.013,29.196,-37621.469,1.841,52.000
0.052,0.003,0.012,19.931,175059.656,2.792,52.000
0.051,0.021,0.012,18.516,164156.531,7.022,52.000
0.051,0.002,0.013,17.099,186005.625,2.521,52.000
0.057,0.001,0.020,18.577,128743.211,3.255,52.000
0.055,0.001,0.004,20.755,111665.945,2.288,52.000
0.052,0.000,0.004,22.772,37062.148,0.536,52.000
0.048,0.001,0.011,24.675,79792.383,2.571,52.000
0.041,0.001,0.013,16.750,116117.133,0.620,52.000
0.050,0.027,0.012,21.533,91124.523,6.083,52.000
0.058,0.001,0.014,21.980,126117.305,0.797,52.000
0.052,0.002,0.007,22.365,100864.617,2.812,52.000
0.051,0.003,0.011,21.328,164863.250,2.897,52.000
0.051,0.000,0.001,18.892,-12898.852,0.420,52.000
0.055,0.002,0.014,21.570,158281.938,3.158,52.000
0.045,0.002,0.013,16.717,159676.656,1.901,52.000
0.052,0.006,0.011,19.878,137773.938,3.170,52.000
0.050,0.024,0.010,20.952,154060.500,5.779,52.000
0.048,0.026,0.012,22.434,146141.969,6.620,52.000
0.043,0.001,0.009,20.904,156573.750,2.608,52.000
0.061,0.001,0.014,18.324,145603.031,2.161,52.000
0.047,0.000,0.015,29.521,-32558.055,-2.985,52.000
0.047,0.001,0.015,23.363,143843.812,2.662,52.000
0.048,0.012,0.011,18.310,159747.875,7.725,52.000
0.047,0.000,0.011,25.835,-16316.562,0.125,52.000
0.050,0.012,0.010,14.690,147122.156,7.307,52.000
0.047,0.002,0.005,20.093,103874.289,2.648,52.000
0.047,0.000,0.020,22.266,34690.133,1.724,52.000
0.051,0.012,0.012,19.918,172131.312,7.843,52.000
0.050,0.013,0.014,22.805,148516.188,7.061,52.000
0.048,0.014,0.011,18.181,169106.094,7.102,52.000
0.050,0.003,0.013,17.111,182285.594,2.422,52.000
0.048,0.001,0.020,20.727,93319.930,2.157,52.000
0.048,0.001,0.002,19.062,108897.758,0.761,52.000
0.050,0.019,0.011,18.832,184403.250,7.172,52.000
0.056,0.001,0.020,18.647,114965.023,3.179,52.000
0.043,0.001,0.019,22.560,122455.086,2.225,52.000
0.002,0.013,0.013,23.435,107631.070,4.864,52.000
0.053,0.002,0.017,21.232,126593.602,2.867,52.000
0.055,0.001,0.003,23.491,-7039.555,0.236,52.000
0.049,0.014,0.013,19.985,163151.906,7.619,52.000
0.000,0.012,0.013,19.707,-12765.148,10.321,52.000
0.049,0.019,0.012,20.173,196381.531,7.175,52.000
0.048,0.015,0.012,19.547,183860.250,7.836,52.000
0.047,0.002,0.007,21.348,129458.648,3.208,52.000
0.050,0.001,0.009,26.938,-2113.398,2.282,52.000
0.052,0.019,0.013,18.373,164996.969,7.956,52.000
0.041,0.001,0.013,16.674,103782.695,0.623,52.000
0.049,0.004,0.014,19.175,167352.094,1.358,52.000
0.059,0.000,0.011,21.523,56787.680,0.763,52.000
0.049,0.026,0.013,21.295,129542.398,5.957,52.000
0.045,0.001,0.020,21.119,100046.758,2.450,52.000
0.047,0.001,0.006,21.402,107496.133,2.899,52.000
0.047,0.001,0.009,23.377,96293.523,2.671,52.000
0.049,0.003,0.013,15.990,177990.562,1.338,52.000
0.050,0.001,0.007,26.168,-10384.094,1.396,52.000
0.059,0.001,0.015,22.063,120073.977,1.117,52.000
0.049,0.004,0.012,17.943,160659.656,2.913,52.000
0.048,0.001,0.018,24.376,44129.461,0.578,52.000
0.049,0.026,0.012,21.631,136251.062,6.201,52.000
0.049,0.001,0.011,22.086,154874.500,2.955,52.000
0.049,0.024,0.014,20.547,116788.227,5.873,52.000
0.040,0.001,0.015,18.857,84146.789,0.631,52.000
0.052,0.000,0.017,25.633,-52986.930,-1.291,52.000
0.050,0.003,0.010,22.364,162734.969,2.798,52.000
0.049,0.007,0.012,17.563,126126.773,4.692,52.000
0.047,0.002,0.009,21.335,149879.250,3.388,52.000
0.052,0.006,0.014,19.643,198440.625,5.967,52.000
0.050,0.001,0.014,22.618,131873.062,0.879,52.000
0.049,0.002,0.012,17.475,181299.031,2.812,52.000
0.052,0.000,0.013,30.972,-2572.797,0.881,52.000
0.050,0.009,0.011,17.974,121388.414,5.874,52.000
0.050,0.004,0.012,18.394,159744.594,2.788,52.000
0.048,0.015,0.011,18.833,181296.469,7.702,52.000
0.050,0.022,0.014,20.021,98547.961,5.646,52.000
0.051,0.002,0.018,20.965,112277.695,2.827,52.000
0.051,0.008,0.011,19.013,128540.586,5.498,52.000
0.049,0.001,0.003,19.017,110083.211,1.389,52.000
0.049,0.023,0.010,21.312,158967.875,6.305,52.000
0.052,0.015,0.012,19.374,167052.531,8.010,52.000
0.048,0.001,0.017,25.959,95823.367,1.832,52.000
0.045,0.000,0.012,26.761,-13509.289,0.239,52.000
0.052,0.022,0.011,18.797,150089.812,6.560,52.000
0.057,0.001,0.014,20.015,144992.625,1.856,52.000
0.053,0.002,0.013,19.776,181227.469,2.645,52.000
0.042,0.001,0.011,22.706,38363.789,-0.107,52.000
0.052,0.001,0.005,20.645,114645.461,2.268,52.000
0.052,0.014,0.011,19.256,170507.312,6.856,52.000
0.049,0.014,0.012,19.586,163554.938,7.880,52.000
0.052,0.012,0.012,20.428,162141.594,7.760,52.000
0.059,0.001,0.006,19.992,126434.977,2.026,52.000
0.058,0.001,0.005,19.462,126678.867,2.602,52.000
0.047,0.001,0.012,21.278,118157.039,2.120,52.000
0.048,0.001,0.002,19.685,60823.914,0.059,52.000
0.059,0.001,0.013,20.751,91850.742,0.500,52.000
0.051,0.001,0.006,22.735,100640.258,2.252,52.000
0.050,0.026,0.011,22.011,136108.344,5.758,52.000
0.043,0.001,0.007,22.160,138302.406,2.060,52.000
0.050,0.012,0.014,23.428,135377.281,6.536,52.000
0.041,0.001,0.011,18.897,146949.031,0.395,52.000
0.050,0.001,0.006,22.340,94892.039,2.399,52.000
0.051,0.000,0.020,19.871,-11353.031,2.535,52.000
0.048,0.006,0.012,17.896,141367.750,3.831,52.000
0.052,0.001,0.023,17.696,54587.492,2.614,52.000
0.002,0.012,0.013,23.008,93614.758,5.024,52.000
0.041,0.001,0.006,20.139,153003.312,2.394,52.000
0.052,0.001,0.013,19.270,177112.656,2.534,52.000
0.048,0.009,0.010,17.911,130315.117,5.437,52.000
0.099,0.013,0.012,21.505,70326.539,3.208,52.000
0.051,0.012,0.014,23.340,143631.344,6.619,52.000
0.059,0.001,0.011,15.995,133955.969,1.546,52.000
0.048,0.006,0.012,17.868,141528.250,3.773,52.000
0.053,0.001,0.020,19.168,93265.539,2.832,52.000
0.052,0.015,0.011,19.471,174920.938,7.286,52.000
0.050,0.004,0.010,21.917,159978.344,2.614,52.000
0.044,0.002,0.010,19.614,167120.344,2.745,52.000
0.049,0.019,0.011,20.030,194240.750,7.027,52.000
0.058,0.000,0.009,23.277,40486.117,-1.530,52.000
0.045,0.001,0.022,21.144,64772.727,2.287,52.000
0.052,0.007,0.013,21.248,188516.281,6.842,52.000
0.052,0.001,0.011,26.763,62328.148,1.733,52.000
0.049,0.010,0.014,23.018,138685.938,6.420,52.000
0.052,0.010,0.012,20.062,181786.719,7.984,52.000
0.050,0.008,0.011,19.028,112670.961,4.507,52.000
0.052,0.001,0.004,20.804,106656.148,2.042,52.000
0.045,0.000,0.018,24.451,-48250.980,-2.503,52.000
0.048,0.016,0.012,20.365,190922.031,7.611,52.000
0.053,0.001,0.020,20.087,28481.398,1.705,52.000
0.055,0.001,0.006,25.092,55125.633,1.111,52.000
0.041,0.000,0.016,22.186,-624.398,-0.542,52.000
0.051,0.000,0.014,27.459,-6748.727,1.176,52.000
0.052,0.007,0.011,19.404,125350.555,3.206,52.000
0.048,0.000,0.022,17.426,-33113.805,1.831,52.000
0.049,0.014,0.012,19.467,168790.281,7.758,52.000
0.056,0.002,0.011,20.193,136021.938,1.873,52.000
0.098,0.011,0.012,20.231,94293.164,4.757,52.000
0.060,0.000,0.010,22.230,46347.539,1.619,52.000
0.052,0.002,0.013,19.779,184832.125,3.174,52.000
0.051,0.019,0.010,18.888,164673.562,7.013,52.000
0.048,0.013,0.012,19.009,162216.156,8.122,52.000
0.053,0.001,0.007,26.379,10810.977,0.601,52.000
0.051,0.019,0.014,19.529,129680.664,6.712,52.000
0.052,0.012,0.012,19.336,167226.875,7.538,52.000
0.047,0.001,0.017,25.819,88682.555,1.322,52.000
0.042,0.000,0.018,21.916,-66726.656,-2.992,52.000
0.048,0.015,0.012,19.526,170955.938,8.114,52.000
0.051,0.007,0.012,19.316,128225.383,3.363,52.000
0.052,0.001,0.014,22.895,155966.094,2.915,52.000
0.053,0.001,0.015,22.671,141440.469,2.336,52.000
0.056,0.002,0.010,22.222,116497.836,1.006,52.000
0.050,0.021,0.012,19.065,182156.219,6.981,52.000
0.043,0.001,0.020,21.706,110385.492,2.462,52.000
0.050,0.017,0.012,20.362,190869.594,7.816,52.000
0.052,0.008,0.012,20.711,134959.312,5.473,52.000
0.051,0.003,0.011,22.433,162846.219,2.884,52.000
0.049,0.015,0.010,18.269,186437.219,6.757,52.000
0.048,0.002,0.014,18.526,170510.438,0.705,52.000
0.052,0.005,0.013,18.997,193304.938,4.318,52.000
0.059,0.001,0.014,18.394,138060.250,1.793,52.000
0.052,0.013,0.014,21.693,136377.125,6.772,52.000
0.048,0.017,0.013,20.414,169726.500,7.572,52.000
0.056,0.001,0.004,21.897,66579.367,1.437,52.000
0.049,0.000,0.006,23.305,26523.695,0.670,52.000
0.048,0.001,0.012,22.872,98323.133,2.438,52.000
0.051,0.010,0.011,16.809,167055.062,7.048,52.000
0.040,0.000,0.008,20.531,49091.164,-1.998,52.000
0.058,0.001,0.009,20.584,122760.008,1.302,52.000
0.052,0.001,0.012,29.408,24276.273,0.950,52.000
0.052,0.008,0.013,22.380,173192.688,7.716,52.000
0.053,0.001,0.014,23.529,143906.625,2.610,52.000
0.057,0.001,0.005,21.653,110455.914,1.999,52.000
0.052,0.015,0.012,19.186,171058.812,8.336,52.000
0.049,0.025,0.011,21.425,167549.438,6.191,52.000
0.051,0.022,0.014,19.813,119359.133,5.901,52.000
0.043,0.000,0.019,21.962,-14252.766,-1.401,52.000
0.051,0.002,0.017,22.714,128504.711,2.780,52.000
0.053,0.000,0.018,24.345,-69431.195,0.098,52.000
0.046,0.001,0.016,23.991,131484.750,2.496,52.000
0.049,0.007,0.011,19.614,125576.086,3.678,52.000
0.051,0.013,0.013,20.429,166368.438,7.868,52.000
0.050,0.003,0.011,21.360,164175.562,2.815,52.000
0.049,0.000,0.017,25.764,-39406.430,-2.113,52.000
0.051,0.005,0.015,20.454,183847.219,4.306,52.000
0.045,0.000,0.017,24.693,79749.055,-1.125,52.000
0.056,0.001,0.020,17.917,108516.133,3.198,52.000
0.001,0.011,0.012,21.793,75309.617,4.370,52.000
0.055,0.002,0.006,21.975,112682.711,2.709,52.000
0.049,0.001,0.012,24.420,75524.039,2.175,52.000
0.041,0.001,0.015,20.639,67165.445,0.086,52.000
0.050,0.021,0.012,19.595,181389.156,6.806,52.000
0.050,0.000,0.019,21.511,-26700.070,0.952,52.000
0.050,0.006,0.009,20.667,156460.469,2.958,52.000
0.052,0.009,0.013,23.006,172574.906,7.851,52.000
0.046,0.001,0.020,21.958,85566.648,1.859,52.000
0.048,0.010,0.013,20.779,149263.562,7.273,52.000
0.051,0.014,0.010,18.071,167440.000,5.759,52.000
0.052,0.016,0.013,19.146,177516.438,8.339,52.000
0.049,0.006,0.014,19.178,174071.969,4.823,52.000
0.055,0.001,0.010,29.071,-8565.484,0.139,52.000
0.047,0.001,0.018,25.214,75094.445,0.879,52.000
0.042,0.001,0.017,23.090,113380.773,1.493,52.000
0.048,0.002,0.007,21.219,113667.602,2.976,52.000
0.052,0.001,0.017,24.177,81902.852,1.063,52.000
0.050,0.001,0.007,22.453,107361.133,2.809,52.000
0.043,0.000,0.015,23.897,36939.930,-2.282,52.000
0.051,0.021,0.013,18.698,143280.562,6.820,52.000
0.052,0.000,0.003,23.013,-1793.703,0.049,52.000
0.052,0.020,0.012,17.636,168777.875,7.695,52.000
0.049,0.010,0.012,20.282,157272.844,7.101,52.000
0.049,0.015,0.010,18.527,189085.469,6.923,52.000
0.059,0.001,0.009,17.214,141820.750,0.804,52.000
0.042,0.000,0.016,24.462,-20977.133,-2.413,52.000
0.052,0.015,0.013,19.016,171191.312,8.340,52.000
0.047,0.001,0.018,22.720,112281.336,2.126,52.000
0.049,0.008,0.011,19.093,111933.086,5.154,52.000
0.056,0.000,0.003,22.643,-11713.930,-0.348,52.000
0.050,0.015,0.014,20.791,142744.188,7.136,52.000
0.052,0.021,0.013,18.064,141099.781,6.878,52.000
0.055,0.000,0.014,27.228,28549.711,1.661,52.000
0.048,0.014,0.014,20.636,138640.688,6.946,52.000
0.044,0.000,0.009,22.252,-48013.875,1.687,52.000
0.042,0.000,0.014,22.435,-43574.598,-2.539,52.000
0.047,0.001,0.021,19.909,9241.938,1.048,52.000
0.051,0.001,0.008,23.909,108275.383,2.455,52.000
0.048,0.015,0.013,19.856,156819.719,7.772,52.000
0.099,0.012,0.013,21.706,90420.836,2.751,52.000
0.051,0.013,0.012,19.487,170758.188,7.669,52.000
0.055,0.000,0.009,26.638,-45129.020,0.161,52.000
0.052,0.012,0.012,19.192,169918.750,7.458,52.000
0.050,0.016,0.013,20.140,188073.375,8.076,52.000
0.052,0.001,0.009,23.193,133114.688,2.401,52.000
0.050,0.015,0.010,18.138,187163.781,6.567,52.000
0.048,0.001,0.005,20.080,101782.102,2.136,52.000
0.050,0.001,0.005,24.053,-25335.531,0.504,52.000
0.052,0.003,0.013,18.428,187432.688,2.659,52.000
0.050,0.014,0.014,21.143,131806.062,6.746,52.000
0.049,0.003,0.010,22.413,161576.719,2.837,52.000
0.049,0.013,0.010,16.475,149027.531,6.487,52.000
0.049,0.004,0.011,20.353,163647.062,2.871,52.000
0.045,0.001,0.015,20.933,156385.938,1.375,52.000
0.057,0.001,0.005,21.460,111291.195,1.648,52.000
0.050,0.005,0.013,18.221,161692.062,3.490,52.000
0.097,0.013,0.012,21.128,74893.211,4.649,52.000
0.051,0.010,0.011,18.733,181136.344,7.900,52.000
0.043,0.001,0.013,19.389,88487.836,1.352,52.000
0.053,0.000,0.002,20.930,-14193.250,0.055,52.000
0.049,0.021,0.013,20.349,156414.969,6.865,52.000
0.041,0.000,0.015,20.700,23061.820,-1.579,52.000
0.051,0.004,0.012,20.096,166477.531,2.745,52.000
0.051,0.023,0.013,18.643,130238.148,6.383,52.000
0.045,0.002,0.015,22.283,146028.812,2.026,52.000
0.001,0.011,0.011,21.422,120341.117,1.914,52.000
0.048,0.001,0.009,23.337,121666.695,2.635,52.000
0.055,0.001,0.014,22.036,153792.812,2.692,52.000
0.098,0.012,0.013,21.389,95566.664,3.251,52.000
0.052,0.007,0.010,19.241,130891.195,2.980,52.000
0.049,0.015,0.014,20.371,144487.500,7.019,52.000
0.060,0.000,0.010,21.581,49930.461,1.663,52.000
0.048,0.025,0.013,20.542,157429.219,6.939,52.000
0.056,0.001,0.020,21.559,18575.789,1.172,52.000
0.049,0.004,0.009,21.474,159928.906,2.864,52.000
0.045,0.001,0.020,21.616,103142.523,2.321,52.000
0.055,0.001,0.010,29.040,-6510.172,-0.161,52.000
0.055,0.000,0.010,29.639,13123.133,-0.820,52.000
0.043,0.000,0.016,24.114,2801.688,-3.304,52.000
0.042,0.001,0.011,20.514,131780.875,0.624,52.000
0.041,0.000,0.010,19.656,143.164,0.950,52.000
0.097,0.012,0.013,21.191,90837.023,3.755,52.000
0.043,0.001,0.004,18.618,135369.625,1.913,52.000
0.098,0.013,0.011,21.509,70597.445,5.211,52.000
0.052,0.009,0.011,16.742,169760.781,5.945,52.000
0.098,0.013,0.013,21.600,91442.164,3.073,52.000
0.050,0.026,0.010,22.377,154303.562,5.213,52.000
0.043,0.001,0.017,25.035,81468.727,0.462,52.000
0.051,0.025,0.014,20.284,117599.992,5.950,52.000
0.100,0.011,0.012,20.901,-18335.328,5.427,52.000
0.047,0.000,0.015,25.678,-15391.250,0.130,52.000
0.049,0.008,0.012,18.546,128992.039,5.420,52.000
0.044,0.000,0.021,20.475,-41869.684,0.361,52.000
0.050,0.003,0.009,22.022,161826.812,3.074,52.000
0.051,0.012,0.012,19.288,183712.375,8.017,52.000
0.044,0.000,0.006,21.959,-1247.938,-1.077,52.000
0.052,0.013,0.012,19.679,163476.500,7.689,52.000
0.051,0.000,0.003,19.208,13716.156,0.910,52.000
0.050,0.025,0.011,20.862,158244.719,6.071,52.000
0.057,0.000,0.011,26.108,53484.023,-0.715,52.000
0.048,0.009,0.011,18.159,119239.914,6.015,52.000
0.052,0.004,0.013,17.831,192498.188,3.299,52.000
0.048,0.008,0.010,18.724,152574.125,4.604,52.000
0.055,0.001,0.018,22.172,74773.195,1.668,52.000
0.098,0.012,0.012,20.421,86564.820,5.340,52.000
0.052,0.007,0.010,18.376,132131.719,3.062,52.000
0.050,0.005,0.014,19.993,178237.188,2.949,52.000
0.050,0.020,0.010,18.844,162965.250,7.141,52.000
0.050,0.002,0.013,16.552,184648.406,1.985,52.000
0.050,0.024,0.010,21.390,154038.188,5.966,52.000
0.052,0.007,0.014,20.726,196090.812,6.984,52.000
0.050,0.000,0.021,18.395,-38075.031,1.440,52.000
0.052,0.020,0.012,17.421,167514.094,7.484,52.000
0.052,0.007,0.012,19.912,133260.250,4.202,52.000
0.052,0.000,0.008,27.996,-21780.414,1.633,52.000
0.048,0.007,0.012,17.601,120281.180,4.643,52.000
0.049,0.001,0.017,24.400,90027.164,1.423,52.000
0.047,0.001,0.002,19.135,105564.227,0.745,52.000
0.050,0.010,0.015,23.688,143351.500,6.191,52.000
0.050,0.000,0.004,23.914,27588.383,1.733,52.000
0.058,0.001,0.007,21.620,111415.883,1.197,52.000
0.050,0.020,0.011,19.811,181366.844,6.614,52.000
0.052,0.026,0.013,19.825,113721.180,6.719,52.000
0.050,0.005,0.014,18.694,167240.719,3.054,52.000
0.052,0.010,0.010,16.021,176807.562,6.977,52.000
0.052,0.001,0.007,25.886,36863.789,1.353,52.000
0.052,0.016,0.012,19.532,179404.812,8.080,52.000
0.099,0.012,0.012,20.725,88453.398,4.757,52.000
0.052,0.000,0.010,28.749,-85320.672,-0.311,52.000
0.048,0.000,0.016,28.395,-51616.012,-1.828,52.000
0.002,0.011,0.013,23.166,55738.617,6.042,52.000
0.050,0.000,0.023,23.248,-104047.250,3.079,52.000
0.042,0.001,0.015,24.663,-2757.648,-1.853,52.000
0.044,0.001,0.014,22.022,97204.727,0.796,52.000
0.058,0.001,0.012,18.142,120036.555,2.123,52.000
0.045,0.002,0.008,21.412,149524.719,3.352,52.000
0.049,0.026,0.010,22.720,157466.469,5.590,52.000
0.041,0.000,0.009,20.649,31751.539,-1.452,52.000
0.001,0.012,0.012,23.551,115336.227,4.135,52.000
0.051,0.019,0.014,19.848,123742.711,6.397,52.000
0.052,0.022,0.013,18.284,137534.188,6.659,52.000
0.050,0.000,0.020,21.409,-52561.199,1.076,52.000
0.049,0.026,0.012,20.807,157609.250,7.034,52.000
0.051,0.003,0.012,18.945,177893.188,2.573,52.000
0.049,0.025,0.013,20.857,150757.562,6.529,52.000
0.100,0.012,0.011,21.618,-66789.094,8.367,52.000
0.049,0.005,0.010,21.911,151852.594,2.758,52.000
0.053,0.001,0.017,23.156,105036.617,1.397,52.000
0.049,0.009,0.010,17.086,137371.219,5.870,52.000
0.047,0.000,0.006,22.926,57652.633,0.688,52.000
0.056,0.001,0.020,21.244,3775.703,1.154,52.000
0.051,0.027,0.013,25.409,50508.305,5.610,52.000
0.058,0.001,0.006,25.079,30676.211,0.005,52.000
0.051,0.006,0.010,21.712,135912.719,2.941,52.000
0.049,0.023,0.012,19.516,169815.875,6.998,52.000
0.045,0.000,0.005,19.986,-28895.328,2.623,52.000
0.043,0.001,0.012,19.202,152940.812,1.846,52.000
0.051,0.014,0.013,21.165,158044.500,7.737,52.000
0.002,0.010,0.012,22.383,104962.430,3.338,52.000
0.060,0.001,0.009,18.564,137250.219,0.553,52.000
0.052,0.001,0.009,23.875,120868.508,2.142,52.000
0.002,0.012,0.011,21.243,137019.656,2.296,52.000
0.043,0.002,0.009,20.758,161908.156,3.115,52.000
0.050,0.015,0.014,20.230,121675.461,6.460,52.000
0.051,0.016,0.011,18.833,191373.406,7.135,52.000
0.049,0.012,0.011,16.739,140951.219,7.481,52.000
0.049,0.027,0.013,12.857,253767.562,6.482,52.000
0.058,0.001,0.020,18.508,129543.961,3.057,52.000
0.043,0.000,0.009,21.578,-44624.133,1.390,52.000
0.051,0.027,0.011,21.493,127645.383,5.716,52.000
0.058,0.001,0.017,22.184,107658.930,1.373,52.000
0.044,0.000,0.018,24.132,49987.273,-0.046,52.000
0.051,0.001,0.006,21.544,104392.789,2.308,52.000
0.052,0.025,0.012,19.345,125748.086,6.846,52.000
0.049,0.001,0.015,25.899,115010.773,1.276,52.000
0.059,0.001,0.008,19.752,124719.773,1.120,52.000
0.049,0.013,0.014,22.080,139897.250,6.868,52.000
0.050,0.000,0.014,29.268,-7569.062,0.239,52.000
0.051,0.026,0.013,20.176,117988.555,6.350,52.000
0.056,0.002,0.008,22.592,93444.023,1.470,52.000
0.050,0.021,0.013,19.514,148453.469,6.748,52.000
0.001,0.010,0.012,23.081,84297.195,4.360,52.000
0.049,0.001,0.015,22.210,168351.281,2.009,52.000
0.048,0.000,0.009,29.251,-51744.961,2.047,52.000
0.044,0.001,0.005,20.306,128511.727,2.231,52.000
0.050,0.015,0.011,19.192,186210.219,6.873,52.000
0.056,0.001,0.013,21.837,125525.773,1.975,52.000
0.052,0.002,0.009,22.806,145635.781,2.470,52.000
0.046,0.001,0.022,20.912,65980.633,2.202,52.000
0.056,0.001,0.015,24.137,108211.117,0.453,52.000
0.050,0.016,0.012,20.040,193521.750,7.690,52.000
0.043,0.000,0.014,24.355,20667.859,-0.160,52.000
0.049,0.016,0.013,19.996,157612.750,7.584,52.000
0.051,0.027,0.013,19.155,167655.000,7.019,52.000
0.054,0.000,0.020,21.846,-60202.391,2.944,52.000
0.052,0.018,0.011,18.674,183810.656,7.049,52.000
0.051,0.001,0.006,22.003,104873.570,2.089,52.000
0.099,0.011,0.011,19.929,69043.992,7.378,52.000
0.051,0.026,0.014,20.880,99370.039,6.235,52.000
0.056,0.001,0.020,18.552,116037.211,3.208,52.000
0.042,0.000,0.014,22.980,-34189.047,0.542,52.000
0.050,0.013,0.010,16.580,154776.219,6.393,52.000
0.052,0.015,0.011,18.911,183571.938,6.831,52.000
0.050,0.007,0.012,18.769,126402.148,3.871,52.000
0.051,0.005,0.012,18.163,158436.594,3.285,52.000
0.060,0.001,0.012,17.865,111201.398,1.058,52.000
0.050,0.015,0.013,20.071,154972.812,7.633,52.000
0.051,0.000,0.022,15.026,-32408.258,0.889,52.000
0.049,0.012,0.010,16.458,137869.031,7.531,52.000
0.050,0.013,0.010,16.285,156362.406,6.224,52.000
0.055,0.001,0.016,24.783,82499.164,0.696,52.000
0.050,0.001,0.008,26.822,-163.859,1.898,52.000
0.054,0.000,0.010,32.326,9748.047,1.536,52.000
0.050,0.025,0.011,21.707,158488.031,5.629,52.000
0.052,0.002,0.012,20.182,178380.375,2.903,52.000
0.048,0.006,0.013,17.525,129664.445,4.345,52.000
0.050,0.008,0.009,16.916,162273.125,4.123,52.000
0.051,0.025,0.011,21.277,151634.562,5.529,52.000
0.046,0.001,0.011,20.932,174781.625,3.276,52.000
0.049,0.007,0.013,18.927,152972.812,5.892,52.000
0.054,0.000,0.002,23.085,2400.930,1.331,52.000
0.050,0.023,0.011,21.259,158946.875,5.775,52.000
0.051,0.007,0.013,20.604,189367.500,6.207,52.000
0.054,0.001,0.006,24.002,57578.570,1.339,52.000
0.048,0.001,0.005,21.529,74989.789,1.425,52.000
0.051,0.001,0.013,26.413,64605.758,0.807,52.000
0.050,0.026,0.010,22.253,156457.125,5.416,52.000
0.057,0.001,0.020,19.356,94239.258,2.858,52.000
0.053,0.000,0.011,34.287,-7966.820,2.609,52.000
0.050,0.024,0.011,21.068,159868.719,6.127,52.000
0.059,0.000,0.016,19.202,58333.211,0.648,52.000
0.050,0.017,0.014,20.347,131493.312,6.458,52.000
0.043,0.001,0.018,23.900,107480.336,1.581,52.000
0.051,0.008,0.013,21.587,175350.375,6.973,52.000
0.042,0.000,0.010,20.065,-41090.656,0.620,52.000
0.003,0.013,0.012,22.974,131505.438,4.208,52.000
0.048,0.002,0.012,20.647,173228.094,3.301,52.000
0.049,0.018,0.011,19.955,198838.688,7.236,52.000
0.050,0.001,0.021,20.171,60795.430,1.804,52.000
0.059,0.000,0.012,23.185,28651.430,1.024,52.000
0.051,0.001,0.019,21.476,92124.492,1.612,52.000
0.050,0.000,0.009,29.996,-81312.430,1.168,52.000
0.045,0.000,0.004,20.308,66416.414,-0.353,52.000
0.044,0.001,0.006,20.912,129669.555,2.299,52.000
0.040,0.001,0.017,20.440,82419.227,0.982,52.000
0.043,0.000,0.008,20.535,65629.773,-0.530,52.000
0.051,0.007,0.014,20.533,193036.719,6.875,52.000
0.045,0.000,0.018,22.949,-10588.227,-2.113,52.000
0.051,0.007,0.013,20.185,147117.344,5.074,52.000
0.053,0.001,0.013,27.922,52743.508,0.208,52.000
0.049,0.026,0.013,21.150,142345.844,6.534,52.000
0.050,0.005,0.013,18.346,163387.375,3.547,52.000
0.042,0.001,0.019,22.176,122081.086,2.261,52.000
0.048,0.026,0.013,21.146,140126.469,6.223,52.000
0.055,0.000,0.009,36.053,-55793.934,4.519,52.000
0.048,0.001,0.018,24.412,510.070,-1.073,52.000
0.052,0.018,0.012,18.744,180731.344,7.596,52.000
0.049,0.001,0.017,22.198,126435.539,3.019,52.000
0.052,0.019,0.014,19.343,127184.133,6.879,52.000
0.049,0.023,0.011,20.937,171346.719,6.471,52.000
0.051,0.002,0.010,22.725,150368.969,2.442,52.000
0.002,0.010,0.011,21.695,123205.570,2.170,52.000
0.045,0.001,0.018,23.334,129092.117,2.847,52.000
0.050,0.010,0.014,23.274,154375.969,7.119,52.000
0.040,0.001,0.011,18.773,129336.148,-0.475,52.000
0.051,0.002,0.011,21.717,165591.781,3.164,52.000
0.046,0.001,0.009,20.677,173179.500,3.165,52.000
0.050,0.013,0.014,23.102,130158.883,6.357,52.000
0.060,0.000,0.009,21.149,54653.898,1.183,52.000
0.057,0.000,0.008,23.405,26151.367,-1.728,52.000
0.043,0.002,0.010,19.600,162357.438,2.656,52.000
0.050,0.001,0.017,24.293,92333.430,1.435,52.000
0.050,0.022,0.014,20.020,102783.664,5.686,52.000
0.049,0.015,0.012,19.933,171281.188,8.290,52.000
0.052,0.000,0.016,26.637,-29665.508,-1.796,52.000
0.049,0.003,0.014,19.073,167173.250,1.177,52.000
0.050,0.008,0.014,21.079,184785.594,7.080,52.000
0.051,0.011,0.011,16.978,168721.250,7.524,52.000
0.058,0.000,0.008,23.653,23546.320,0.539,52.000
0.049,0.000,0.019,22.670,-10591.680,-0.134,52.000
0.052,0.000,0.022,19.053,-23514.680,2.510,52.000
0.049,0.001,0.012,19.822,162829.312,2.387,52.000
0.050,0.007,0.013,18.517,138915.094,5.256,52.000
0.045,0.001,0.013,24.049,18209.867,1.045,52.000
0.049,0.002,0.010,22.478,166575.219,3.030,52.000
0.051,0.007,0.013,19.976,144078.875,5.167,52.000
0.051,0.007,0.010,20.748,123367.211,2.886,52.000
0.049,0.013,0.010,15.671,137876.531,7.028,52.000
0.045,0.000,0.004,20.050,65822.352,-0.716,52.000
0.051,0.014,0.013,20.022,157276.500,8.010,52.000
0.049,0.001,0.007,23.247,105560.367,2.494,52.000
0.053,0.000,0.016,24.677,-22915.062,0.580,52.000
0.059,0.001,0.015,21.273,149366.562,1.520,52.000
0.049,0.006,0.010,22.012,140618.625,2.928,52.000
0.051,0.000,0.004,25.200,-77365.867,-0.908,52.000
0.059,0.001,0.008,21.240,107325.305,0.598,52.000
0.048,0.005,0.010,21.452,156239.625,2.903,52.000
0.050,0.002,0.015,23.080,144992.844,3.117,52.000
0.051,0.020,0.014,19.815,124011.898,6.541,52.000
0.049,0.002,0.012,17.615,182472.812,2.769,52.000
0.049,0.013,0.012,19.393,157978.688,7.825,52.000
0.052,0.006,0.011,20.879,134339.031,2.825,52.000
0.056,0.001,0.013,20.851,148408.906,2.484,52.000
0.049,0.005,0.012,17.157,152219.625,3.397,52.000
0.051,0.013,0.010,17.796,164932.062,6.415,52.000
0.055,0.000,0.014,28.152,25727.922,-0.442,52.000
0.051,0.024,0.014,19.822,120143.523,6.106,52.000
0.051,0.001,0.002,20.357,100869.289,1.609,52.000
0.044,0.000,0.017,24.382,-28857.758,-2.483,52.000
0.050,0.000,0.002,18.153,30924.086,0.531,52.000
0.053,0.000,0.013,30.570,558.836,2.281,52.000
0.050,0.007,0.009,19.687,157582.062,3.234,52.000
0.052,0.011,0.010,16.199,170929.062,7.182,52.000
0.050,0.024,0.014,20.405,115325.477,5.826,52.000
0.049,0.003,0.010,22.201,166967.156,2.992,52.000
0.040,0.001,0.010,21.263,46523.461,-0.947,52.000
0.049,0.001,0.021,20.776,60767.055,1.687,52.000
0.054,0.000,0.017,24.710,-67370.656,-0.371,52.000
0.043,0.001,0.015,21.300,115676.180,0.914,52.000
0.049,0.003,0.012,19.362,173577.000,3.266,52.000
0.048,0.013,0.012,19.213,174763.812,7.919,52.000
0.052,0.003,0.012,18.439,184284.750,3.189,52.000
0.045,0.001,0.013,17.575,146768.156,1.903,52.000
0.052,0.001,0.014,23.886,132157.625,2.338,52.000
0.050,0.015,0.013,20.257,156493.875,7.727,52.000
0.052,0.001,0.019,20.867,95844.133,1.845,52.000
0.044,0.002,0.013,16.730,153464.062,2.311,52.000
0.098,0.013,0.012,21.382,82800.508,4.548,52.000
0.052,0.024,0.013,19.430,117042.492,6.221,52.000
0.048,0.004,0.013,15.636,137776.219,1.588,52.000
0.052,0.023,0.013,18.083,141404.688,6.760,52.000
0.049,0.001,0.020,20.401,45174.461,1.476,52.000
0.050,0.002,0.013,16.542,182848.562,2.321,52.000
0.050,0.025,0.013,19.988,145877.750,6.645,52.000
0.047,0.000,0.017,25.812,-19425.703,-2.132,52.000
0.049,0.010,0.012,19.655,143825.625,6.513,52.000
0.053,0.001,0.018,24.449,26782.195,0.319,52.000
0.047,0.001,0.012,19.185,180791.188,2.828,52.000
0.048,0.005,0.012,16.469,143518.094,3.665,52.000
0.049,0.007,0.011,19.987,131242.406,3.456,52.000
0.049,0.023,0.012,20.550,178411.938,6.703,52.000
0.058,0.001,0.006,23.455,57631.758,0.619,52.000
0.059,0.001,0.012,17.094,125822.586,2.070,52.000
0.050,0.012,0.011,16.956,160695.750,7.627,52.000
0.046,0.000,0.012,30.137,-15264.039,1.948,52.000
0.051,0.005,0.011,20.800,149273.594,2.798,52.000
0.051,0.018,0.010,18.179,179146.594,7.439,52.000
0.052,0.001,0.003,20.652,92925.008,1.536,52.000
0.049,0.006,0.009,20.786,163225.031,3.382,52.000
0.056,0.000,0.019,21.666,-11531.281,1.544,52.000
0.098,0.011,0.011,19.903,73512.867,7.146,52.000
0.059,0.000,0.008,24.233,-6787.867,0.361,52.000
0.048,0.009,0.013,19.796,148085.281,7.243,52.000
0.052,0.001,0.014,23.228,148520.812,2.686,52.000
0.047,0.001,0.012,25.871,40591.352,2.206,52.000
0.050,0.027,0.011,21.733,114947.570,5.745,52.000
0.053,0.001,0.018,20.302,119306.148,2.496,52.000
0.043,0.000,0.015,24.917,47358.070,0.252,52.000
0.042,0.001,0.013,16.984,128266.742,1.402,52.000
0.051,0.010,0.013,21.876,182762.156,8.208,52.000
0.054,0.000,0.013,31.620,-19209.734,2.767,52.000
0.045,0.000,0.021,18.648,-58516.188,0.345,52.000
0.050,0.007,0.013,19.395,176305.906,6.607,52.000
0.050,0.001,0.019,21.194,93338.305,1.763,52.000
0.046,0.001,0.011,20.820,174530.875,2.962,52.000
0.048,0.026,0.011,22.560,167946.312,6.289,52.000
0.056,0.001,0.010,28.276,-11700.523,-0.690,52.000
0.053,0.001,0.006,26.266,-19117.188,0.335,52.000
0.052,0.000,0.014,32.369,-50064.254,-1.773,52.000
0.049,0.021,0.011,20.263,174746.906,6.510,52.000
0.056,0.001,0.005,20.513,121195.008,2.572,52.000
0.049,0.026,0.012,21.227,159878.031,6.739,52.000
0.048,0.007,0.010,20.926,148536.531,3.741,52.000
0.002,0.012,0.013,23.071,74721.727,5.527,52.000
0.048,0.002,0.011,22.074,169587.438,3.162,52.000
0.041,0.000,0.009,21.493,38977.992,-0.903,52.000
0.052,0.000,0.012,29.593,-13225.094,-0.458,52.000
0.044,0.000,0.008,24.365,4551.867,2.797,52.000
0.056,0.000,0.019,20.135,-35684.969,-0.653,52.000
0.054,0.000,0.020,20.034,-48199.508,2.048,52.000
0.055,0.000,0.021,19.008,1493.945,3.247,52.000
0.049,0.004,0.014,18.941,167603.906,1.468,52.000
0.045,0.001,0.014,24.255,95391.492,0.123,52.000
0.049,0.010,0.011,18.318,137783.250,6.551,52.000
0.051,0.017,0.012,19.392,184882.750,7.546,52.000
0.059,0.000,0.008,22.320,28536.242,-0.163,52.000
0.098,0.011,0.012,19.953,83956.336,5.976,52.000
0.056,0.000,0.020,21.419,-73687.141,3.453,52.000
0.049,0.021,0.011,20.377,170241.250,6.351,52.000
0.056,0.001,0.017,21.703,101085.648,2.191,52.000
0.050,0.025,0.010,21.479,152327.281,5.891,52.000
0.041,0.001,0.018,20.995,113401.602,1.788,52.000
0.051,0.008,0.013,21.769,172779.562,6.847,52.000
0.056,0.000,0.005,23.259,67838.867,1.320,52.000
0.049,0.000,0.017,25.473,22785.609,-1.803,52.000
0.040,0.001,0.015,17.853,74989.852,0.277,52.000
0.048,0.014,0.011,18.141,172428.094,6.927,52.000
0.040,0.001,0.013,16.875,99141.961,0.160,52.000
0.050,0.000,0.017,23.036,-22012.555,0.176,52.000
0.051,0.022,0.010,19.619,148894.500,5.754,52.000
0.098,0.012,0.011,20.140,70027.930,7.121,52.000
0.049,0.007,0.011,20.598,124797.742,3.625,52.000
0.050,0.014,0.010,18.565,168251.500,6.337,52.000
0.049,0.006,0.014,18.790,164058.938,4.199,52.000
0.058,0.000,0.006,24.849,-51903.512,-0.576,52.000
0.049,0.020,0.011,19.940,188068.750,6.705,52.000
0.045,0.001,0.009,21.213,158934.719,3.215,52.000
0.051,0.014,0.013,20.010,160045.531,8.051,52.000
0.098,0.013,0.010,20.562,62273.445,7.191,52.000
0.043,0.001,0.009,21.718,139200.562,1.794,52.000
0.044,0.000,0.011,25.608,-4313.680,-0.885,52.000
0.049,0.020,0.012,19.584,193612.188,7.187,52.000
0.050,0.015,0.014,20.364,121737.867,6.449,52.000
0.051,0.003,0.012,19.617,176586.344,2.856,52.000
0.055,0.001,0.020,19.586,19828.141,1.703,52.000
0.052,0.000,0.011,28.608,-75757.031,-1.936,52.000
0.049,0.000,0.004,22.064,8765.141,-1.802,52.000
0.047,0.000,0.004,18.550,29967.758,4.171,52.000
0.045,0.001,0.009,22.195,147696.000,2.596,52.000
0.047,0.000,0.018,21.779,-48769.855,-0.461,52.000
0.058,0.001,0.010,18.675,129360.086,0.969,52.000
0.049,0.027,0.012,20.910,226309.625,7.038,52.000
0.052,0.025,0.013,19.910,112427.383,6.287,52.000
0.052,0.004,0.011,21.515,165593.906,3.090,52.000
0.054,0.001,0.006,23.438,93689.305,2.158,52.000
0.049,0.005,0.012,17.581,148174.781,3.216,52.000
0.049,0.013,0.013,19.890,159984.156,7.768,52.000
0.051,0.024,0.011,19.273,154381.719,6.573,52.000
0.048,0.012,0.014,21.513,141637.594,7.453,52.000
0.000,0.011,0.012,24.094,47955.461,5.010,52.000
0.044,0.002,0.015,21.427,136655.531,1.943,52.000
0.050,0.014,0.011,19.136,174861.688,6.739,52.000
0.047,0.000,0.010,27.616,-60250.289,0.345,52.000
0.059,0.001,0.011,17.708,111898.836,0.941,52.000
0.098,0.012,0.013,21.287,98726.523,2.993,52.000
0.049,0.006,0.010,21.963,148341.219,2.842,52.000
0.045,0.000,0.007,20.543,-4361.398,1.238,52.000
0.056,0.001,0.011,22.312,98360.305,0.574,52.000
0.041,0.001,0.008,22.548,9651.570,-0.142,52.000
0.050,0.025,0.014,20.605,113319.523,5.808,52.000
0.050,0.010,0.010,14.847,165562.219,6.060,52.000
0.050,0.006,0.014,19.009,182106.781,5.225,52.000
0.055,0.001,0.021,18.607,91064.367,2.906,52.000
0.056,0.001,0.011,21.534,107676.320,1.013,52.000
0.049,0.016,0.012,20.225,188169.062,7.926,52.000
0.043,0.000,0.015,24.201,-20975.211,-2.716,52.000
0.051,0.013,0.011,17.816,166497.562,6.720,52.000
0.048,0.019,0.012,20.046,194304.156,7.171,52.000
0.051,0.018,0.011,18.866,183400.688,7.136,52.000
0.045,0.001,0.005,21.862,62738.773,1.304,52.000
0.040,0.000,0.012,20.163,31691.055,-2.249,52.000
0.052,0.010,0.013,22.556,171009.000,7.794,52.000
0.054,0.001,0.005,23.818,41465.039,1.080,52.000
0.040,0.001,0.009,21.774,73307.039,0.217,52.000
0.050,0.000,0.019,22.006,-9895.758,0.878,52.000
0.055,0.000,0.021,20.915,-45839.312,3.528,52.000
0.048,0.002,0.017,23.192,136230.562,3.475,52.000
0.059,0.001,0.011,19.783,81075.961,0.439,52.000
0.002,0.011,0.011,21.513,124140.195,2.401,52.000
0.056,0.001,0.007,22.999,101707.227,1.693,52.000
0.098,0.013,0.013,22.203,94897.211,2.438,52.000
0.052,0.023,0.010,19.856,144803.812,5.418,52.000
0.049,0.014,0.014,21.413,136623.750,6.952,52.000
0.048,0.026,0.011,22.672,163397.875,6.092,52.000
0.041,0.001,0.014,18.726,81347.086,0.221,52.000
0.049,0.009,0.013,22.197,171391.562,7.722,52.000
0.048,0.011,0.010,16.245,137588.281,7.191,52.000
0.045,0.001,0.007,23.917,29592.711,1.354,52.000
0.052,0.018,0.012,18.517,178764.906,7.894,52.000
0.051,0.027,0.013,22.854,45110.633,5.222,52.000
0.048,0.000,0.007,24.521,2545.938,1.151,52.000
0.055,0.002,0.008,23.699,94358.633,2.196,52.000
0.052,0.012,0.013,22.369,162401.906,7.442,52.000
0.048,0.001,0.021,21.409,64322.773,1.549,52.000
0.051,0.015,0.014,20.633,129434.195,6.846,52.000
0.049,0.000,0.006,23.788,5364.516,0.247,52.000
0.059,0.000,0.011,22.402,38115.914,1.326,52.000
0.052,0.001,0.015,23.180,141729.281,2.668,52.000
0.051,0.006,0.013,20.173,188447.906,5.450,52.000
0.039,0.001,0.009,19.220,131941.938,-0.114,52.000
0.055,0.000,0.004,23.613,-12908.781,1.323,52.000
0.057,0.001,0.018,20.121,121895.461,2.556,52.000
0.049,0.025,0.014,20.508,123583.461,5.862,52.000
0.049,0.001,0.012,21.830,138384.625,2.892,52.000
0.048,0.008,0.011,19.112,116902.008,5.290,52.000
0.049,0.027,0.011,22.312,83153.555,5.392,52.000
0.039,0.001,0.012,18.322,118429.805,-1.016,52.000
0.048,0.001,0.006,22.200,95572.773,2.490,52.000
0.052,0.007,0.012,19.416,132479.188,4.031,52.000
0.050,0.001,0.009,22.712,141343.719,2.947,52.000
0.049,0.014,0.014,20.898,144280.062,7.010,52.000
0.050,0.001,0.004,21.567,44917.789,0.754,52.000
0.049,0.003,0.013,16.508,173290.875,0.766,52.000
0.048,0.007,0.010,21.017,149390.375,3.723,52.000
0.057,0.001,0.015,21.945,108129.664,1.746,52.000
0.050,0.010,0.011,18.200,146771.438,6.914,52.000
0.057,0.000,0.012,26.922,8503.070,0.661,52.000
0.048,0.006,0.013,16.346,127736.883,2.747,52.000
0.049,0.026,0.013,20.714,152968.156,6.887,52.000
0.056,0.001,0.021,18.497,21915.008,2.103,52.000
0.059,0.001,0.009,21.164,99871.273,0.389,52.000
0.061,0.001,0.011,15.100,148149.156,0.716,52.000
0.050,0.019,0.011,19.747,191525.656,6.874,52.000
0.048,0.027,0.012,25.693,139911.438,4.635,52.000
0.050,0.003,0.014,18.885,175884.281,1.643,52.000
0.052,0.027,0.012,12.685,215075.438,6.779,52.000
0.052,0.000,0.007,25.794,-16250.312,-0.074,52.000
0.048,0.000,0.004,22.638,-10861.117,-1.523,52.000
0.045,0.002,0.016,23.633,130624.586,2.521,52.000
0.054,0.000,0.017,23.154,-45249.117,-0.829,52.000
0.049,0.006,0.010,21.001,153606.562,3.382,52.000
0.043,0.001,0.017,25.925,60838.336,0.143,52.000
0.051,0.020,0.010,19.045,155134.062,6.502,52.000
0.045,0.002,0.017,23.487,135069.938,3.047,52.000
0.051,0.013,0.012,20.062,167347.594,7.851,52.000
0.051,0.001,0.016,26.473,43242.633,0.031,52.000
0.052,0.008,0.012,20.766,141388.281,5.506,52.000
0.002,0.012,0.011,21.596,134893.250,2.723,52.000
0.046,0.001,0.014,18.082,165513.625,0.949,52.000
0.049,0.009,0.012,19.130,113879.477,5.387,52.000
0.055,0.001,0.015,22.478,134403.812,1.738,52.000
0.052,0.014,0.011,19.155,172763.438,7.012,52.000
0.049,0.015,0.012,20.050,178796.375,8.171,52.000
0.044,0.000,0.014,25.524,-562.836,0.559,52.000
0.044,0.000,0.019,24.930,-55390.512,-2.531,52.000
0.051,0.023,0.014,20.305,109631.133,5.618,52.000
0.050,0.023,0.012,19.230,169268.531,7.051,52.000
0.055,0.001,0.004,21.806,76799.727,1.658,52.000
0.049,0.014,0.014,20.998,124050.055,6.572,52.000
0.051,0.024,0.011,19.538,149009.406,6.347,52.000
0.051,0.000,0.018,23.346,-18586.070,0.196,52.000
0.051,0.020,0.012,18.271,172514.312,7.355,52.000
0.043,0.001,0.010,19.742,161813.062,2.061,52.000
0.049,0.021,0.014,20.332,129811.852,6.574,52.000
0.049,0.000,0.005,22.637,34715.539,0.761,52.000
0.050,0.016,0.014,20.440,132921.594,6.634,52.000
0.045,0.002,0.015,21.704,141525.469,1.855,52.000
0.098,0.011,0.011,19.537,81926.211,6.546,52.000
0.051,0.002,0.014,19.120,189695.219,2.578,52.000
0.051,0.010,0.011,16.531,160178.562,6.764,52.000
0.052,0.021,0.010,19.288,155788.125,5.826,52.000
0.060,0.001,0.008,21.087,99337.492,0.198,52.000
0.050,0.022,0.013,19.360,132897.531,6.433,52.000
0.050,0.018,0.011,19.726,194553.156,7.294,52.000
0.048,0.021,0.014,20.137,132000.594,6.575,52.000
0.057,0.001,0.007,26.197,24095.062,-0.474,52.000
0.047,0.001,0.005,21.377,65935.680,1.557,52.000
0.047,0.001,0.005,21.558,100977.836,2.250,52.000
0.049,0.001,0.015,27.137,87981.133,0.924,52.000
0.041,0.001,0.018,22.853,86525.523,0.758,52.000
0.045,0.000,0.015,27.116,-64590.926,0.099,52.000
0.098,0.012,0.010,20.399,60480.430,7.316,52.000
0.048,0.002,0.007,21.430,121992.477,3.041,52.000
0.044,0.001,0.012,21.063,90059.258,1.602,52.000
0.051,0.026,0.014,21.232,92097.289,6.058,52.000
0.050,0.020,0.013,19.165,153279.312,7.027,52.000
0.050,0.020,0.012,19.822,191838.938,6.961,52.000
0.048,0.003,0.013,16.336,164549.594,0.482,52.000
0.052,0.026,0.012,19.435,124480.742,6.806,52.000
0.055,0.001,0.018,22.119,65676.305,1.634,52.000
0.052,0.025,0.012,19.065,128881.867,6.777,52.000
0.052,0.001,0.017,26.518,-4924.602,-0.554,52.000
0.050,0.008,0.012,20.187,136984.594,5.637,52.000
0.052,0.002,0.015,23.142,140485.812,2.750,52.000
0.048,0.009,0.012,19.797,114011.367,5.751,52.000
0.054,0.002,0.013,20.351,175924.312,3.285,52.000
0.049,0.001,0.008,24.932,56819.133,2.259,52.000
0.042,0.000,0.010,22.771,11031.383,-1.513,52.000
0.050,0.017,0.014,20.482,130211.586,6.526,52.000
0.051,0.010,0.012,19.859,181319.156,8.025,52.000
0.050,0.001,0.007,25.350,38963.383,2.073,52.000
0.056,0.001,0.007,22.855,104170.102,1.885,52.000
0.098,0.010,0.012,19.472,101184.617,4.655,52.000
0.052,0.008,0.011,18.157,142157.031,5.454,52.000
0.045,0.002,0.010,19.997,171092.062,3.237,52.000
0.051,0.003,0.013,17.275,191659.062,2.818,52.000
0.050,0.026,0.010,21.836,150604.594,5.327,52.000
0.051,0.000,0.020,17.991,-3550.047,1.304,52.000
0.045,0.001,0.011,24.327,69939.383,2.140,52.000
0.057,0.000,0.006,24.374,16383.359,0.632,52.000
0.056,0.001,0.010,26.289,31979.883,-0.367,52.000
0.051,0.000,0.014,29.135,15841.875,0.250,52.000
0.049,0.001,0.020,20.382,59848.602,1.673,52.000
0.052,0.001,0.012,27.966,36156.211,0.540,52.000
0.043,0.001,0.006,20.334,135599.656,2.650,52.000
0.051,0.001,0.005,23.032,30780.742,1.204,52.000
0.050,0.016,0.010,17.973,192090.531,7.407,52.000
0.048,0.007,0.014,18.823,162031.188,4.566,52.000
0.057,0.001,0.004,20.010,120678.273,2.669,52.000
0.051,0.001,0.023,19.061,19689.914,1.769,52.000
0.057,0.000,0.012,25.837,26219.742,-0.001,52.000
0.051,0.000,0.022,19.016,-11312.242,3.117,52.000
0.057,0.001,0.009,22.307,98697.430,0.601,52.000
0.040,0.001,0.014,17.784,79244.305,0.205,52.000
0.056,0.001,0.006,22.818,97418.945,1.689,52.000
0.041,0.001,0.008,23.185,65944.305,0.286,52.000
0.052,0.008,0.012,19.455,138100.781,5.848,52.000
0.056,0.001,0.011,20.643,130720.570,1.562,52.000
0.053,0.001,0.008,26.929,29049.727,0.785,52.000
0.050,0.016,0.014,20.417,134454.312,6.670,52.000
0.048,0.009,0.011,18.080,118658.430,5.936,52.000
0.051,0.026,0.010,21.739,147519.531,5.212,52.000
0.049,0.000,0.010,28.887,-15833.719,1.513,52.000
0.052,0.008,0.014,21.724,178766.062,6.903,52.000
0.051,0.025,0.014,20.384,107220.258,6.000,52.000
0.050,0.003,0.010,22.123,158787.188,2.734,52.000
0.056,0.001,0.014,23.331,83688.320,1.172,52.000
0.053,0.001,0.011,22.322,148750.719,2.542,52.000
0.050,0.015,0.011,19.419,180157.656,7.617,52.000
0.053,0.001,0.008,24.021,97908.805,2.085,52.000
0.050,0.026,0.013,21.008,134152.812,6.469,52.000
0.044,0.001,0.018,24.895,89900.523,0.962,52.000
0.098,0.010,0.011,19.213,89463.008,6.319,52.000
0.001,0.012,0.013,23.591,62970.383,5.862,52.000
0.050,0.010,0.015,23.383,146325.656,6.265,52.000
0.048,0.027,0.010,12.317,256183.094,5.787,52.000
0.050,0.016,0.014,19.911,122087.695,6.350,52.000
0.045,0.000,0.013,26.555,-111871.758,-2.341,52.000
0.052,0.019,0.013,18.227,159567.500,7.885,52.000
0.043,0.000,0.009,21.131,7052.500,-0.398,52.000
0.048,0.001,0.006,23.046,46533.055,1.517,52.000
0.055,0.000,0.013,28.283,22991.117,2.283,52.000
0.051,0.015,0.014,20.879,137658.219,7.097,52.000
0.052,0.006,0.011,19.441,142705.469,3.640,52.000
0.051,0.013,0.012,20.206,164914.719,7.738,52.000
0.048,0.000,0.005,23.139,16932.438,0.487,52.000
0.051,0.001,0.005,21.958,100941.992,2.014,52.000
0.043,0.001,0.012,21.899,82822.102,1.380,52.000
0.049,0.027,0.012,16.258,202392.656,5.928,52.000
0.052,0.015,0.014,20.695,144467.469,7.312,52.000
0.059,0.001,0.014,19.189,153493.250,1.581,52.000
0.048,0.008,0.013,17.554,128010.945,5.735,52.000
0.054,0.001,0.004,20.184,112812.461,2.366,52.000
0.053,0.001,0.017,23.199,108182.258,1.444,52.000
0.003,0.012,0.012,22.474,106634.820,4.208,52.000
0.050,0.020,0.011,19.754,179301.719,6.547,52.000
0.054,0.001,0.012,25.882,60809.117,-0.132,52.000
0.044,0.001,0.012,18.993,168493.656,2.201,52.000
0.050,0.023,0.011,20.536,154973.438,5.799,52.000
0.049,0.001,0.016,24.881,117915.742,2.259,52.000
0.098,0.012,0.013,21.208,91065.492,3.867,52.000
0.060,0.001,0.014,18.365,154390.156,1.909,52.000
0.051,0.001,0.019,20.356,99653.523,2.186,52.000
0.047,0.000,0.019,22.187,27132.836,0.331,52.000
0.045,0.000,0.013,28.594,-104096.500,-3.162,52.000
0.048,0.010,0.010,15.561,145149.562,6.846,52.000
0.049,0.021,0.011,20.054,163181.688,6.363,52.000
0.056,0.000,0.017,23.706,-7676.117,-0.466,52.000
0.050,0.006,0.010,21.519,141269.625,2.735,52.000
0.048,0.001,0.002,18.190,115225.336,0.736,52.000
0.054,0.001,0.021,19.001,7287.539,1.729,52.000
0.052,0.001,0.009,26.582,36726.836,1.690,52.000
0.048,0.023,0.010,21.389,158171.125,6.425,52.000
0.051,0.010,0.009,14.477,173782.125,6.103,52.000
0.051,0.001,0.017,22.497,125573.539,2.636,52.000
0.098,0.012,0.013,20.727,94962.289,3.958,52.000
0.050,0.011,0.012,20.221,178810.000,7.834,52.000
0.045,0.001,0.007,23.842,5689.883,1.257,52.000
0.050,0.002,0.011,22.142,167017.375,3.284,52.000
0.049,0.015,0.011,19.282,180299.844,7.665,52.000
0.043,0.000,0.010,20.017,-29663.547,0.894,52.000
0.048,0.001,0.012,24.137,81901.008,2.440,52.000
0.053,0.001,0.011,23.611,97061.195,1.575,52.000
0.059,0.001,0.011,18.458,104002.180,0.975,52.000
0.046,0.000,0.017,24.447,12169.016,-0.506,52.000
0.055,0.000,0.018,21.763,14045.430,1.569,52.000
0.048,0.009,0.012,19.355,126081.445,5.938,52.000
0.048,0.023,0.013,20.099,165934.188,7.030,52.000
0.050,0.013,0.010,16.213,152351.656,6.317,52.000
0.050,0.022,0.013,19.717,131693.344,6.181,52.000
0.048,0.012,0.013,19.819,160646.844,7.972,52.000
0.049,0.014,0.011,19.058,176848.688,7.284,52.000
0.057,0.001,0.005,23.575,65505.945,1.067,52.000
0.041,0.001,0.010,19.138,146382.562,0.438,52.000
0.050,0.013,0.012,19.812,165972.750,7.806,52.000
0.054,0.001,0.007,23.242,103304.602,2.409,52.000
0.046,0.001,0.014,22.629,136267.500,0.524,52.000
0.049,0.021,0.013,20.398,132213.750,6.476,52.000
0.052,0.012,0.011,17.638,174455.156,7.192,52.000
0.048,0.011,0.014,22.068,141513.781,7.072,52.000
0.050,0.021,0.010,20.043,155715.125,6.316,52.000
0.051,0.006,0.010,21.357,130583.211,2.573,52.000
0.052,0.026,0.011,21.272,149522.188,5.337,52.000
0.050,0.001,0.018,22.495,50347.648,0.807,52.000
0.050,0.004,0.010,21.718,158316.219,2.519,52.000
0.052,0.011,0.012,19.859,184897.094,7.758,52.000
0.052,0.009,0.012,20.030,150287.344,6.875,52.000
0.048,0.020,0.013,20.563,146810.188,6.814,52.000
0.047,0.001,0.014,18.310,164093.562,0.767,52.000
0.048,0.010,0.013,20.910,156748.688,7.742,52.000
0.057,0.000,0.011,25.934,14528.906,-0.360,52.000
0.050,0.020,0.011,19.376,174011.688,6.563,52.000
0.100,0.012,0.013,21.644,31550.336,4.017,52.000
0.049,0.019,0.011,19.371,187212.406,6.947,52.000
0.055,0.001,0.017,24.741,13781.148,0.546,52.000
0.052,0.009,0.011,17.770,165702.281,6.652,52.000
0.052,0.009,0.013,22.995,172993.406,7.809,52.000
0.044,0.001,0.010,19.984,165492.281,2.420,52.000
0.044,0.001,0.004,19.669,128437.195,1.982,52.000
0.048,0.002,0.011,21.148,172774.312,3.225,52.000
0.051,0.024,0.014,19.837,115053.664,5.958,52.000
0.051,0.027,0.011,20.891,117288.117,5.989,52.000
0.049,0.005,0.010,21.791,155298.188,2.703,52.000
0.043,0.001,0.013,21.314,36858.008,0.308,52.000
0.052,0.014,0.012,19.390,160627.906,7.825,52.000
0.056,0.002,0.007,22.563,103754.039,2.115,52.000
0.050,0.008,0.011,18.348,121869.070,4.734,52.000
0.043,0.001,0.011,22.785,63152.820,1.051,52.000
0.056,0.002,0.013,21.176,155844.188,2.959,52.000
0.049,0.012,0.014,23.128,146968.812,7.426,52.000
0.002,0.012,0.012,23.032,112942.445,4.334,52.000
0.044,0.001,0.015,21.671,130979.195,0.991,52.000
0.049,0.015,0.011,18.747,195901.719,7.406,52.000
0.048,0.022,0.012,20.375,184688.625,6.987,52.000
0.055,0.001,0.019,19.326,108474.039,2.903,52.000
0.045,0.000,0.013,29.159,-22597.023,-0.265,52.000
0.049,0.023,0.012,20.032,173827.562,7.076,52.000
0.051,0.010,0.013,21.615,183275.219,7.977,52.000
0.049,0.005,0.014,19.190,174591.844,2.724,52.000
0.050,0.006,0.010,21.764,142158.844,2.593,52.000
0.042,0.000,0.015,23.903,24224.734,-0.828,52.000
0.055,0.001,0.003,20.663,96243.914,2.046,52.000
0.045,0.001,0.011,21.937,124159.727,2.398,52.000
0.049,0.016,0.011,19.271,199985.094,7.529,52.000
0.053,0.002,0.017,22.109,131433.812,2.614,52.000
0.052,0.001,0.019,21.096,87206.477,1.721,52.000
0.049,0.001,0.003,19.637,98161.711,1.124,52.000
0.048,0.010,0.013,20.055,140959.438,6.973,52.000
0.053,0.000,0.018,24.612,-100543.203,0.295,52.000
0.042,0.001,0.012,17.836,157330.500,1.535,52.000
0.049,0.007,0.013,17.082,123266.680,4.751,52.000
0.051,0.023,0.011,20.052,153819.219,6.035,52.000
0.047,0.001,0.013,17.545,171752.500,1.551,52.000
0.053,0.000,0.015,30.811,-102717.898,-1.140,52.000
0.002,0.011,0.013,23.060,60596.398,5.767,52.000
0.050,0.001,0.008,25.738,-2190.359,1.743,52.000
0.040,0.000,0.009,18.454,-32955.438,0.849,52.000
0.050,0.004,0.012,18.226,172942.406,3.065,52.000
0.049,0.015,0.012,19.603,183782.781,7.756,52.000
0.051,0.017,0.013,19.382,182165.844,8.165,52.000
0.049,0.009,0.013,20.710,161813.906,7.513,52.000
0.049,0.018,0.013,20.714,164513.844,7.254,52.000
0.051,0.022,0.012,18.445,159969.594,7.103,52.000
0.042,0.000,0.015,22.287,-29106.469,-2.133,52.000
0.050,0.000,0.003,21.022,5190.352,0.201,52.000
0.052,0.006,0.012,19.523,148176.656,3.561,52.000
0.055,0.001,0.006,25.197,12539.609,0.468,52.000
0.051,0.001,0.018,24.339,33292.695,0.145,52.000
0.054,0.001,0.009,28.275,6106.953,0.586,52.000
0.053,0.000,0.008,26.234,9161.398,0.816,52.000
0.049,0.003,0.015,20.824,161932.125,2.430,52.000
0.052,0.018,0.012,18.476,177333.125,7.672,52.000
0.056,0.001,0.007,23.546,93601.758,0.897,52.000
0.041,0.001,0.007,22.433,57406.289,0.512,52.000
0.043,0.000,0.011,23.393,-27993.328,-2.149,52.000
0.047,0.001,0.007,22.833,50426.008,1.928,52.000
0.050,0.020,0.011,19.223,178611.938,6.777,52.000
0.050,0.001,0.003,21.600,-15719.805,-0.398,52.000
0.048,0.000,0.017,27.496,-53957.184,-2.964,52.000
0.051,0.014,0.012,20.031,161395.719,8.097,52.000
0.046,0.001,0.009,21.064,162326.812,3.025,52.000
0.048,0.026,0.012,22.399,142479.094,6.638,52.000
0.050,0.003,0.013,17.378,185098.844,1.745,52.000
0.051,0.003,0.013,16.751,188654.500,2.232,52.000
0.051,0.014,0.012,19.769,167365.312,7.619,52.000
0.044,0.001,0.017,26.073,72188.102,0.474,52.000
0.042,0.001,0.018,23.905,64646.602,0.607,52.000
0.002,0.012,0.014,23.469,60157.508,5.889,52.000
0.050,0.000,0.023,22.696,-109372.422,3.341,52.000
0.041,0.001,0.013,18.397,109766.867,0.303,52.000
0.052,0.017,0.012,19.011,180975.875,7.796,52.000
0.051,0.010,0.012,21.010,182959.375,8.178,52.000
0.042,0.000,0.007,20.920,80766.945,-0.398,52.000
0.053,0.001,0.015,22.785,146171.875,2.687,52.000
0.049,0.008,0.014,20.105,178102.000,6.134,52.000
0.041,0.001,0.015,21.711,-15085.797,-1.837,52.000
0.049,0.009,0.013,21.950,167849.656,7.640,52.000
0.058,0.001,0.019,19.284,126402.211,2.788,52.000
0.053,0.002,0.011,22.320,150797.406,2.795,52.000
0.054,0.000,0.012,30.793,-7172.414,3.654,52.000
0.051,0.008,0.011,19.266,121059.211,4.467,52.000
0.043,0.001,0.005,19.633,140367.125,2.161,52.000
0.056,0.001,0.005,20.451,123855.570,2.562,52.000
0.052,0.010,0.011,16.670,173822.188,7.157,52.000
0.048,0.003,0.013,16.101,167871.656,1.171,52.000
0.052,0.001,0.009,27.033,23427.930,1.554,52.000
0.048,0.021,0.011,20.714,173635.250,6.655,52.000
0.050,0.017,0.013,20.287,176330.219,7.887,52.000
0.052,0.016,0.013,18.778,176710.344,8.037,52.000
0.052,0.006,0.014,19.784,199070.469,6.040,52.000
0.053,0.000,0.005,24.815,-5357.734,0.839,52.000
0.051,0.005,0.015,20.374,179071.906,3.812,52.000
0.049,0.022,0.012,19.604,177621.562,7.027,52.000
0.052,0.001,0.018,22.798,46920.648,0.556,52.000
0.059,0.001,0.017,22.680,125599.586,0.752,52.000
0.050,0.001,0.017,24.512,96794.055,1.591,52.000
0.056,0.001,0.015,24.010,91299.539,0.821,52.000
0.048,0.014,0.012,19.510,157308.688,7.825,52.000
0.052,0.000,0.011,29.733,38077.977,0.217,52.000
0.054,0.000,0.011,30.051,-87649.656,-1.649,52.000
0.045,0.001,0.006,22.982,67861.227,1.546,52.000
0.052,0.001,0.015,27.374,68071.961,0.381,52.000
0.052,0.000,0.015,28.248,-19004.266,2.270,52.000
0.049,0.018,0.014,19.990,130310.867,6.299,52.000
0.052,0.001,0.017,21.776,128834.570,2.640,52.000
0.050,0.025,0.010,21.315,154093.875,5.673,52.000
0.052,0.004,0.014,19.791,182127.750,3.866,52.000
0.052,0.019,0.010,19.249,163889.031,6.622,52.000
0.050,0.008,0.013,20.902,189355.469,6.965,52.000
0.051,0.024,0.014,19.974,118221.820,5.922,52.000
0.050,0.002,0.014,20.268,174314.281,2.266,52.000
0.049,0.000,0.021,21.647,-86950.672,1.833,52.000
0.048,0.005,0.011,20.932,150708.688,2.970,52.000
0.052,0.003,0.011,22.409,159412.625,2.890,52.000
0.050,0.019,0.014,20.583,124827.367,6.412,52.000
0.050,0.005,0.012,18.837,145906.875,2.857,52.000
0.054,0.001,0.014,26.660,86910.633,0.734,52.000
0.051,0.025,0.012,19.335,131652.188,6.792,52.000
0.050,0.011,0.010,14.269,151658.594,6.893,52.000
0.098,0.011,0.013,20.524,99722.305,3.753,52.000
0.048,0.000,0.023,18.350,35647.148,2.238,52.000
0.050,0.010,0.010,15.544,159299.469,6.125,52.000
0.057,0.002,0.014,20.936,153255.750,1.703,52.000
0.050,0.008,0.011,19.038,118889.961,4.035,52.000
0.048,0.001,0.002,18.967,75056.367,0.313,52.000
0.043,0.001,0.013,16.758,145518.844,1.922,52.000
0.053,0.001,0.014,24.048,125819.945,2.004,52.000
0.052,0.000,0.001,21.512,16748.711,0.587,52.000
0.051,0.000,0.017,23.590,-11638.133,-0.390,52.000
0.043,0.000,0.017,22.920,-15967.609,-2.357,52.000
0.050,0.010,0.015,23.441,142142.625,6.214,52.000
0.051,0.010,0.011,18.692,175230.375,7.661,52.000
0.057,0.001,0.004,19.342,125911.164,2.900,52.000
0.050,0.022,0.011,20.139,169908.719,6.401,52.000
0.052,0.011,0.012,19.286,186982.188,8.041,52.000
0.049,0.005,0.012,18.462,150579.500,2.998,52.000
0.055,0.000,0.021,21.486,-45803.035,2.951,52.000
0.048,0.027,0.011,14.165,274110.719,6.503,52.000
0.052,0.003,0.013,18.292,191792.125,3.074,52.000
0.058,0.001,0.007,23.363,89876.523,0.688,52.000
0.000,0.012,0.012,22.750,75473.602,4.352,52.000
0.051,0.009,0.012,19.933,154424.781,7.290,52.000
0.043,0.001,0.005,19.687,138148.531,2.600,52.000
0.046,0.001,0.013,17.627,169086.656,2.094,52.000
0.048,0.021,0.011,20.325,178081.188,6.622,52.000
0.050,0.013,0.011,18.227,166668.719,6.762,52.000
0.053,0.000,0.017,25.589,-54363.512,-0.632,52.000
0.052,0.004,0.011,21.029,163014.938,2.751,52.000
0.055,0.001,0.004,19.793,119878.133,2.736,52.000
0.060,0.001,0.011,16.119,129739.664,1.008,52.000
0.051,0.004,0.011,21.481,164767.062,2.950,52.000
0.057,0.001,0.011,19.311,122813.227,0.913,52.000
0.055,0.001,0.019,20.012,15038.883,1.722,52.000
0.057,0.002,0.011,19.219,129006.398,1.037,52.000
0.050,0.020,0.012,19.225,189023.500,7.362,52.000
0.044,0.001,0.003,18.487,135698.219,2.108,52.000
0.002,0.013,0.013,23.743,120096.805,4.798,52.000
0.042,0.000,0.019,22.358,20212.086,-0.825,52.000
0.050,0.000,0.010,31.730,-53043.656,1.087,52.000
0.050,0.010,0.013,21.296,159354.562,7.541,52.000
0.051,0.001,0.020,20.271,15418.641,0.953,52.000
0.052,0.007,0.010,19.354,147191.750,2.448,52.000
0.050,0.007,0.010,20.729,133687.062,3.219,52.000
0.047,0.000,0.012,29.714,-62571.676,-1.196,52.000
0.050,0.022,0.012,19.052,177302.219,6.955,52.000
0.049,0.001,0.015,22.627,166919.531,2.397,52.000
0.058,0.001,0.006,20.695,123211.445,1.600,52.000
0.098,0.013,0.011,20.640,59794.008,6.782,52.000
0.051,0.000,0.010,34.157,-5737.367,3.341,52.000
0.052,0.002,0.015,23.505,143205.031,2.977,52.000
0.042,0.000,0.011,23.285,-11742.586,-2.013,52.000
0.051,0.017,0.013,19.094,175822.812,8.156,52.000
0.051,0.001,0.022,19.672,60203.586,2.019,52.000
0.049,0.021,0.014,20.339,129756.852,6.570,52.000
0.047,0.002,0.018,21.483,128381.523,2.977,52.000
0.000,0.013,0.011,21.579,28128.117,11.808,52.000
0.059,0.001,0.009,19.436,124613.320,1.421,52.000
0.051,0.008,0.013,21.452,153076.281,6.147,52.000
0.052,0.000,0.014,27.412,25482.633,-0.005,52.000
0.049,0.024,0.013,19.901,153081.031,6.929,52.000
0.055,0.000,0.003,23.878,-35530.297,0.587,52.000
0.049,0.010,0.010,16.186,142029.312,6.889,52.000
0.040,0.000,0.014,18.579,52987.758,-0.614,52.000
0.002,0.011,0.011,21.291,131510.344,2.070,52.000
0.041,0.001,0.015,20.939,101446.211,1.046,52.000
0.048,0.011,0.012,19.278,159399.312,6.739,52.000
0.050,0.000,0.008,25.712,-10656.203,0.723,52.000
0.049,0.026,0.012,21.166,153852.281,6.624,52.000
0.052,0.017,0.011,18.400,183856.625,7.103,52.000
0.048,0.001,0.006,21.768,90371.414,2.331,52.000
0.048,0.007,0.011,18.855,124960.242,4.261,52.000
0.054,0.000,0.019,20.693,15871.367,2.485,52.000
0.048,0.002,0.013,16.713,165745.531,0.554,52.000
0.044,0.000,0.004,19.205,114835.180,-0.115,52.000
0.052,0.015,0.012,20.012,174945.438,8.139,52.000
0.051,0.007,0.009,18.882,160548.688,3.179,52.000
0.058,0.001,0.011,19.052,105810.008,1.369,52.000
0.056,0.001,0.011,21.660,116133.945,1.354,52.000
0.059,0.000,0.011,22.362,35100.508,1.208,52.000
0.058,0.001,0.014,20.306,132142.531,1.444,52.000
0.046,0.000,0.006,22.867,797.359,-0.448,52.000
0.050,0.000,0.001,21.132,-14270.945,-1.392,52.000
0.054,0.001,0.018,20.317,100857.664,2.322,52.000
0.056,0.001,0.017,24.936,12130.516,0.458,52.000
0.051,0.001,0.020,20.304,71976.961,1.854,52.000
0.048,0.008,0.012,18.093,122238.180,5.487,52.000
0.049,0.005,0.010,21.938,152260.781,2.667,52.000
0.048,0.004,0.011,20.246,157523.438,2.823,52.000
0.047,0.001,0.007,23.183,82448.617,2.150,52.000
0.051,0.003,0.014,21.321,167261.281,2.996,52.000
0.050,0.000,0.020,19.994,-26330.250,2.396,52.000
0.048,0.011,0.011,18.213,148981.844,7.224,52.000
0.051,0.021,0.013,18.498,149821.281,7.051,52.000
0.042,0.000,0.013,23.241,-75150.445,-2.156,52.000
0.050,0.007,0.011,18.990,121253.070,3.610,52.000
0.048,0.001,0.003,18.942,111459.992,1.203,52.000
0.098,0.012,0.012,20.646,80729.945,5.562,52.000
0.000,0.012,0.013,25.084,4059.500,5.831,52.000
0.051,0.023,0.013,18.552,151042.406,6.806,52.000
0.058,0.001,0.019,19.655,120756.508,2.708,52.000
0.051,0.015,0.013,19.985,163233.969,7.951,52.000
0.046,0.000,0.012,27.317,-9318.219,0.861,52.000
0.001,0.012,0.012,22.730,127519.914,3.324,52.000
0.052,0.002,0.013,19.029,182671.219,2.706,52.000
0.049,0.021,0.010,20.518,165282.188,6.716,52.000
0.050,0.009,0.010,15.619,169643.906,5.307,52.000
0.098,0.012,0.013,22.373,95625.570,2.320,52.000
0.050,0.001,0.004,19.945,100831.836,1.344,52.000
0.049,0.006,0.013,17.473,128952.648,3.843,52.000
0.047,0.000,0.009,27.705,-20199.406,3.347,52.000
0.051,0.002,0.008,22.474,119019.242,2.996,52.000
0.047,0.002,0.012,17.410,181175.281,2.382,52.000
0.048,0.012,0.011,17.629,163557.312,7.679,52.000
0.053,0.002,0.012,20.264,177050.188,3.013,52.000
0.048,0.007,0.012,16.468,128797.539,4.381,52.000
0.051,0.017,0.011,18.803,193720.344,7.315,52.000
0.046,0.001,0.014,20.736,137076.000,0.800,52.000
0.050,0.001,0.002,20.708,52388.570,0.513,52.000
0.042,0.001,0.012,18.193,160040.625,1.325,52.000
0.052,0.006,0.012,19.345,142621.219,3.277,52.000
0.049,0.002,0.007,21.650,102726.492,2.919,52.000
0.048,0.014,0.013,20.354,146383.594,7.176,52.000
0.049,0.026,0.014,21.083,130770.992,5.847,52.000
0.052,0.001,0.003,19.488,110806.180,1.798,52.000
0.051,0.021,0.012,18.244,175603.000,7.322,52.000
0.052,0.017,0.013,18.970,178689.469,8.125,52.000
0.048,0.012,0.011,17.017,141932.438,7.557,52.000
0.052,0.025,0.012,18.630,145786.469,6.972,52.000
0.050,0.000,0.020,20.279,-15613.805,1.948,52.000
0.051,0.016,0.011,19.071,190214.844,7.292,52.000
0.002,0.011,0.012,22.646,80767.508,4.825,52.000
0.048,0.006,0.011,19.821,140378.844,3.213,52.000
0.050,0.016,0.013,20.074,178377.219,8.173,52.000
0.050,0.001,0.004,20.067,105363.914,1.649,52.000
0.045,0.001,0.005,19.650,121507.867,2.464,52.000
0.050,0.019,0.014,20.337,125933.242,6.458,52.000
0.051,0.001,0.009,27.913,557.836,1.700,52.000
0.048,0.002,0.006,20.786,108078.398,2.897,52.000
0.050,0.026,0.010,22.280,158830.125,5.521,52.000
0.047,0.001,0.022,19.893,71652.977,2.531,52.000
0.050,0.021,0.013,19.187,163659.219,7.007,52.000
0.048,0.004,0.013,16.200,144699.344,1.470,52.000
0.049,0.003,0.012,17.220,171446.812,2.866,52.000
0.049,0.005,0.014,19.511,179440.125,3.338,52.000
0.052,0.017,0.012,18.790,180254.719,8.037,52.000
0.049,0.000,0.023,15.010,-16230.719,1.571,52.000
0.048,0.024,0.011,21.991,162871.625,6.133,52.000
0.044,0.000,0.008,25.221,6457.828,3.045,52.000
0.051,0.027,0.012,24.923,92972.508,5.079,52.000
0.046,0.001,0.018,22.532,127965.164,2.802,52.000
0.057,0.001,0.007,22.783,101835.367,1.502,52.000
0.050,0.020,0.014,20.264,124322.133,6.432,52.000
0.053,0.000,0.007,25.320,11.953,0.132,52.000
0.052,0.027,0.013,27.478,57187.008,7.273,52.000
0.050,0.018,0.014,19.965,115373.164,6.020,52.000
0.049,0.023,0.013,20.010,135677.750,6.417,52.000
0.045,0.001,0.009,20.237,174969.719,3.311,52.000
0.056,0.001,0.010,21.256,124564.633,0.891,52.000
0.058,0.001,0.012,18.586,115265.852,1.675,52.000
0.043,0.000,0.012,22.806,-21393.312,-2.022,52.000
0.050,0.009,0.012,20.580,145895.312,6.075,52.000
0.045,0.001,0.007,23.036,119391.664,2.196,52.000
0.051,0.014,0.011,19.273,172239.406,6.683,52.000
0.048,0.025,0.012,21.921,171093.094,6.681,52.000
0.048,0.008,0.011,18.869,116889.039,4.923,52.000
0.098,0.012,0.013,21.244,91278.258,3.686,52.000
0.050,0.012,0.010,16.159,146806.250,7.441,52.000
0.042,0.000,0.012,23.377,-31074.320,-2.442,52.000
0.050,0.013,0.010,17.058,158457.906,6.048,52.000
0.052,0.002,0.007,22.235,101154.633,2.786,52.000
0.001,0.013,0.011,21.183,142360.969,2.500,52.000
0.056,0.001,0.008,25.172,64623.742,0.261,52.000
0.053,0.001,0.014,22.771,159214.844,3.121,52.000
0.050,0.022,0.013,19.926,133796.594,6.374,52.000
0.056,0.001,0.006,24.832,49048.117,1.034,52.000
0.050,0.027,0.014,20.317,117388.023,5.043,52.000
0.049,0.010,0.014,23.451,141122.531,6.400,52.000
0.052,0.000,0.009,27.724,-22578.203,0.032,52.000
0.051,0.008,0.010,16.589,163898.188,3.893,52.000
0.051,0.001,0.006,23.797,62804.617,1.743,52.000
0.051,0.027,0.013,24.615,104959.398,5.922,52.000
0.046,0.002,0.014,18.887,164191.750,0.946,52.000
0.051,0.026,0.013,20.048,134222.969,6.600,52.000
0.054,0.001,0.006,25.244,30609.430,0.770,52.000
0.051,0.010,0.010,15.050,164384.344,6.551,52.000
0.051,0.022,0.013,18.439,155222.156,6.911,52.000
0.046,0.000,0.022,19.315,6521.453,3.166,52.000
0.054,0.001,0.009,27.765,32999.195,0.563,52.000
0.049,0.017,0.010,18.414,203578.125,7.964,52.000
0.047,0.001,0.004,18.940,116953.227,1.773,52.000
0.049,0.026,0.011,21.691,165983.781,6.234,52.000
0.051,0.021,0.011,18.964,157995.969,6.520,52.000
0.055,0.001,0.020,18.562,107018.805,3.003,52.000
0.048,0.001,0.022,19.251,68491.164,2.464,52.000
0.050,0.008,0.010,18.390,138052.281,3.808,52.000
0.048,0.012,0.010,16.358,135942.031,7.461,52.000
0.056,0.000,0.017,21.711,-23925.414,-0.171,52.000
0.051,0.002,0.010,22.503,159634.406,2.959,52.000
0.045,0.002,0.013,16.963,160616.250,1.807,52.000
0.050,0.001,0.013,25.814,55852.195,0.833,52.000
0.050,0.027,0.011,25.843,115088.039,4.186,52.000
0.049,0.001,0.010,21.662,164124.312,3.157,52.000
0.047,0.001,0.020,21.465,32999.633,1.047,52.000
0.058,0.000,0.011,21.859,75351.898,0.672,52.000
-0.000,0.013,0.011,20.059,36042.758,10.456,52.000
0.056,0.000,0.003,21.715,-4431.336,0.735,52.000
0.050,0.026,0.010,22.590,152984.531,5.180,52.000
0.050,0.018,0.011,20.001,196923.094,7.239,52.000
0.054,0.000,0.014,28.959,-29245.016,0.314,52.000
0.049,0.001,0.017,22.686,129522.023,3.151,52.000
0.042,0.001,0.004,18.530,139838.656,2.234,52.000
0.052,0.001,0.011,28.169,37637.852,1.582,52.000
0.048,0.014,0.012,18.988,161870.531,8.146,52.000
0.000,0.013,0.011,19.911,27749.305,10.692,52.000
0.051,0.009,0.012,19.298,140904.562,6.246,52.000
0.051,0.018,0.012,19.593,193284.406,7.444,52.000
0.051,0.021,0.014,19.499,127135.445,6.457,52.000
0.051,0.027,0.011,12.820,280689.906,6.113,52.000
0.043,0.001,0.017,26.090,39881.477,-0.335,52.000
0.050,0.016,0.011,19.016,203539.750,7.544,52.000
0.049,0.002,0.015,22.954,145782.938,3.230,52.000
0.049,0.022,0.013,20.106,149735.094,6.784,52.000
0.052,0.001,0.014,27.779,58936.570,0.758,52.000
0.048,0.011,0.011,17.619,144905.656,7.459,52.000
0.051,0.012,0.010,16.589,162255.531,6.807,52.000
0.053,0.001,0.004,19.849,115907.305,2.325,52.000
0.052,0.003,0.010,22.389,160418.781,3.056,52.000
0.048,0.020,0.011,20.030,190992.969,7.056,52.000
0.049,0.001,0.003,20.332,51569.914,0.402,52.000
0.053,0.000,0.014,28.268,-24216.555,0.922,52.000
0.050,0.000,0.020,18.469,3092.359,1.247,52.000
0.048,0.010,0.011,18.734,127457.930,6.530,52.000
0.052,0.014,0.012,19.124,161465.344,8.256,52.000
0.051,0.006,0.013,18.766,146311.531,3.961,52.000
0.045,0.000,0.009,24.319,4941.375,0.492,52.000
0.052,0.009,0.013,22.965,173501.594,7.996,52.000
0.046,0.001,0.017,23.283,133144.750,3.174,52.000
0.050,0.022,0.012,19.429,172662.594,6.790,52.000
0.049,0.001,0.014,23.674,150564.875,1.146,52.000
0.049,0.019,0.011,19.288,196772.844,7.191,52.000
0.049,0.014,0.012,19.443,166984.188,8.054,52.000
0.052,0.005,0.013,19.271,184451.219,3.997,52.000
0.051,0.013,0.013,20.185,164784.594,7.671,52.000
0.051,0.016,0.012,20.208,188633.719,8.011,52.000
0.053,0.001,0.015,23.021,159965.438,3.344,52.000
0.042,0.001,0.006,20.753,147848.719,2.210,52.000
0.050,0.012,0.013,22.739,159454.562,7.736,52.000
0.050,0.005,0.015,20.245,182164.625,3.785,52.000
0.052,0.001,0.008,25.692,53906.008,1.536,52.000
0.002,0.012,0.012,23.034,106008.133,4.749,52.000
0.050,0.010,0.012,20.577,159185.281,7.234,52.000
0.050,0.001,0.003,21.139,48784.164,0.574,52.000
0.051,0.003,0.013,17.453,180216.438,2.731,52.000
0.042,0.001,0.010,21.955,57146.773,0.602,52.000
0.052,0.001,0.018,21.297,109101.977,2.025,52.000
0.046,0.000,0.007,27.391,-40063.199,1.969,52.000
0.048,0.001,0.010,21.572,168273.562,3.127,52.000
0.052,0.011,0.012,20.655,179980.344,7.941,52.000
0.051,0.024,0.013,19.907,127791.758,5.881,52.000
0.050,0.025,0.011,20.880,159820.781,6.288,52.000
0.051,0.015,0.014,20.969,135764.969,7.301,52.000
0.045,0.002,0.012,19.761,171671.875,2.889,52.000
0.049,0.012,0.012,19.341,182973.656,8.057,52.000
0.049,0.007,0.012,18.956,114351.133,3.885,52.000
0.045,0.000,0.008,23.575,-44252.848,-0.257,52.000
0.049,0.015,0.012,19.650,179827.531,7.883,52.000
0.055,0.000,0.013,29.041,-49671.125,-0.856,52.000
0.049,0.003,0.014,18.472,163974.094,0.545,52.000
0.052,0.008,0.013,21.557,180148.312,7.215,52.000
0.050,0.009,0.009,15.035,173130.938,5.569,52.000
0.051,0.018,0.012,18.707,182057.469,8.057,52.000
0.058,0.001,0.011,20.336,103230.961,0.873,52.000
0.049,0.022,0.011,20.173,170806.719,6.570,52.000
0.048,0.001,0.020,20.935,82838.336,1.801,52.000
0.051,0.015,0.012,19.598,170269.875,8.347,52.000
0.050,0.011,0.010,15.135,149992.844,7.026,52.000
0.041,0.000,0.011,20.891,-24018.695,-2.037,52.000
0.048,0.004,0.011,21.784,161220.188,2.980,52.000
0.051,0.007,0.012,19.426,124227.867,4.172,52.000
0.050,0.003,0.010,22.566,164834.906,2.969,52.000
0.045,0.001,0.016,26.928,58262.117,-0.026,52.000
0.051,0.025,0.012,18.952,142443.219,6.909,52.000
0.002,0.012,0.011,21.137,134057.312,2.770,52.000
0.098,0.013,0.011,20.819,62321.164,6.399,52.000
0.049,0.012,0.013,21.068,159243.375,8.048,52.000
0.055,0.001,0.018,20.037,126536.523,2.671,52.000
0.099,0.011,0.011,19.958,48961.133,5.447,52.000
0.050,0.011,0.012,19.414,185705.688,7.946,52.000
0.052,0.025,0.013,19.934,111698.883,6.311,52.000
0.050,0.009,0.009,15.980,168079.375,4.830,52.000
0.049,0.001,0.016,26.136,73068.086,1.189,52.000
0.052,0.001,0.006,21.717,106803.461,2.410,52.000
0.050,0.021,0.014,19.881,95860.477,5.626,52.000
0.050,0.001,0.006,21.718,103432.680,2.643,52.000
0.053,0.001,0.003,19.755,117415.180,2.497,52.000
0.002,0.012,0.014,23.289,64946.086,5.820,52.000
0.054,0.001,0.021,18.292,82874.586,2.946,52.000
0.051,0.026,0.012,19.527,147682.438,6.807,52.000
0.052,0.009,0.011,18.500,164410.781,7.258,52.000
0.052,0.026,0.012,19.891,114876.867,6.650,52.000
0.049,0.009,0.011,17.726,124550.523,5.933,52.000
0.049,0.007,0.011,19.839,131223.281,3.506,52.000
0.047,0.001,0.006,20.783,111278.961,2.848,52.000
0.050,0.025,0.010,21.671,155895.656,5.786,52.000
0.001,0.010,0.013,22.905,52035.664,5.846,52.000
0.050,0.003,0.011,21.540,164116.469,2.888,52.000
0.058,0.001,0.007,21.909,107812.742,1.110,52.000
0.046,0.000,0.012,29.488,-11889.398,0.880,52.000
0.049,0.023,0.012,19.888,172377.719,7.049,52.000
0.049,0.026,0.014,20.915,101287.773,5.792,52.000
0.048,0.005,0.013,16.570,135187.062,2.454,52.000
0.047,0.001,0.014,24.473,76172.477,-0.190,52.000
0.050,0.000,0.004,23.326,-7633.367,-0.241,52.000
0.049,0.008,0.013,18.966,138250.375,5.672,52.000
0.043,0.002,0.010,19.388,162325.125,2.138,52.000
0.044,0.001,0.014,21.712,117732.633,0.386,52.000
0.050,0.009,0.010,17.088,139241.656,5.319,52.000
0.058,0.001,0.013,18.689,116090.023,1.621,52.000
0.051,0.015,0.011,19.059,192108.406,7.115,52.000
0.049,0.001,0.004,21.977,44165.023,0.774,52.000
0.049,0.001,0.020,20.202,86958.086,2.175,52.000
0.049,0.010,0.014,23.408,139500.906,6.446,52.000
0.050,0.022,0.012,19.155,176278.156,6.905,52.000
0.051,0.018,0.012,19.343,184823.719,8.025,52.000
0.051,0.000,0.010,31.019,-70566.000,-0.072,52.000
0.051,0.012,0.013,21.489,167920.656,7.980,52.000
0.049,0.008,0.013,20.275,170424.438,6.902,52.000
0.052,0.002,0.009,22.805,130398.680,2.322,52.000
0.049,0.000,0.010,28.737,-42836.762,0.513,52.000
0.051,0.006,0.011,20.043,136835.219,2.793,52.000
0.043,0.000,0.009,22.581,29702.742,0.057,52.000
0.050,0.023,0.014,20.411,119779.836,5.892,52.000
0.045,0.000,0.006,20.288,37141.930,0.985,52.000
0.048,0.008,0.012,18.903,117771.508,5.156,52.000
0.050,0.001,0.017,25.502,96009.695,1.366,52.000
0.051,0.017,0.014,20.399,122515.039,6.237,52.000
0.050,0.024,0.012,19.929,165524.656,6.912,52.000
0.052,0.012,0.013,20.531,167931.469,7.909,52.000
0.002,0.013,0.011,21.422,136623.406,2.899,52.000
0.048,0.023,0.014,20.402,134004.531,6.440,52.000
0.052,0.010,0.012,20.179,185635.562,7.844,52.000
0.002,0.013,0.012,23.149,125456.242,4.488,52.000
0.054,0.001,0.016,24.120,105236.914,0.877,52.000
0.051,0.005,0.011,20.873,158875.969,2.661,52.000
0.045,0.001,0.013,17.576,148229.438,1.450,52.000
0.049,0.022,0.013,19.761,162106.250,6.843,52.000
0.056,0.002,0.007,22.130,106531.367,2.036,52.000
0.055,0.000,0.011,32.023,-10864.117,3.838,52.000
0.098,0.012,0.013,21.317,93591.883,3.624,52.000
0.049,0.024,0.011,21.628,159549.094,5.963,52.000
0.049,0.026,0.014,20.944,127699.070,5.796,52.000
0.048,0.004,0.014,18.112,157760.094,1.261,52.000
0.049,0.001,0.020,20.633,86886.539,2.043,52.000
0.045,0.000,0.007,23.485,55694.852,1.050,52.000
0.049,0.012,0.012,19.858,175250.219,8.282,52.000
0.050,0.000,0.002,18.413,34835.539,0.456,52.000
0.050,0.025,0.010,21.402,155461.156,5.630,52.000
0.002,0.013,0.013,23.006,112735.617,4.708,52.000
0.001,0.011,0.012,22.942,106907.977,3.533,52.000
0.049,0.006,0.011,19.874,145705.688,2.859,52.000
0.050,0.000,0.001,20.076,35370.305,-0.218,52.000
0.048,0.001,0.002,18.074,118039.258,0.805,52.000
0.047,0.001,0.012,20.270,171014.875,2.974,52.000
0.100,0.012,0.011,21.738,-82692.531,8.242,52.000
0.046,0.001,0.018,26.793,16319.773,-0.945,52.000
0.049,0.005,0.012,17.400,155617.594,3.098,52.000
0.058,0.000,0.010,22.241,48692.914,0.413,52.000
0.049,0.008,0.015,22.024,159593.875,6.597,52.000
0.045,0.000,0.019,21.689,22786.078,-0.012,52.000
0.050,0.017,0.014,20.270,125310.086,6.376,52.000
0.052,0.020,0.013,18.421,148540.875,7.375,52.000
0.049,0.001,0.005,20.004,102094.898,2.028,52.000
0.055,0.001,0.009,27.795,16683.008,0.683,52.000
0.052,0.001,0.018,23.225,94817.414,1.536,52.000
0.053,0.001,0.016,23.152,128315.070,1.716,52.000
0.050,0.026,0.012,20.969,162865.812,6.669,52.000
0.056,0.001,0.020,19.533,33575.477,2.126,52.000
0.051,0.001,0.003,20.142,102351.398,1.621,52.000
0.047,0.001,0.019,23.655,22404.234,0.124,52.000
0.048,0.001,0.015,29.091,36361.086,-0.301,52.000
0.056,0.001,0.008,24.430,79265.102,0.610,52.000
0.049,0.014,0.011,19.238,173371.875,7.508,52.000
0.056,0.000,0.013,26.988,8324.188,-0.633,52.000
0.051,0.001,0.020,19.414,85844.195,2.367,52.000
0.048,0.011,0.011,18.145,145261.719,7.045,52.000
0.052,0.016,0.012,19.518,179566.625,8.254,52.000
0.049,0.003,0.009,21.808,164092.750,3.093,52.000
0.050,0.000,0.008,26.505,-31503.875,0.209,52.000
0.052,0.021,0.012,17.516,163188.594,7.424,52.000
0.041,0.001,0.012,19.841,72513.664,-0.210,52.000
0.043,0.000,0.005,17.679,74986.492,2.420,52.000
0.055,0.000,0.016,23.164,32745.789,-0.355,52.000
0.053,0.001,0.018,21.504,87303.648,1.647,52.000
0.098,0.011,0.013,20.405,104461.258,3.406,52.000
0.046,0.002,0.008,21.362,142823.219,3.353,52.000
0.054,0.001,0.020,18.633,99148.992,3.074,52.000
0.040,0.000,0.009,17.828,34643.242,-1.737,52.000
0.050,0.004,0.010,22.511,153633.312,2.605,52.000
0.052,0.000,0.017,26.028,-13767.789,-1.304,52.000
0.049,0.002,0.018,21.534,121899.102,3.163,52.000
0.050,0.001,0.014,24.827,129871.336,1.214,52.000
0.051,0.002,0.007,21.986,101267.602,2.793,52.000
0.001,0.012,0.011,22.527,122837.508,2.819,52.000
0.048,0.026,0.011,23.057,146274.125,5.777,52.000
0.050,0.023,0.011,20.640,160973.531,6.035,52.000
0.099,0.011,0.013,20.777,106539.977,3.035,52.000
0.050,0.022,0.013,19.461,134978.250,6.406,52.000
0.049,0.019,0.013,20.116,174459.656,7.171,52.000
0.048,0.000,0.013,27.552,-57620.090,-2.996,52.000
0.051,0.022,0.011,19.693,164132.938,6.397,52.000
0.054,0.000,0.010,28.793,-1289.305,-0.790,52.000
0.051,0.003,0.010,22.637,160129.625,2.731,52.000
0.054,0.000,0.013,32.519,-123369.062,-1.060,52.000
0.059,0.000,0.011,22.030,74862.211,-0.146,52.000
0.057,0.001,0.008,26.014,31377.383,-0.736,52.000
0.053,0.000,0.022,18.482,-43772.051,3.110,52.000
0.057,0.000,0.019,20.777,21814.305,1.618,52.000
0.049,0.026,0.010,22.565,142914.938,5.528,52.000
0.057,0.000,0.013,26.366,31112.695,0.350,52.000
0.049,0.007,0.011,20.841,128788.523,3.699,52.000
0.000,0.013,0.012,20.743,10742.570,8.431,52.000
0.050,0.025,0.012,19.649,159992.062,7.014,52.000
0.049,0.010,0.013,22.277,163018.094,7.887,52.000
0.050,0.016,0.010,18.031,187279.281,6.782,52.000
0.050,0.000,0.015,26.957,7490.469,-0.143,52.000
0.049,0.013,0.013,20.487,160604.031,7.942,52.000
0.047,0.000,0.022,19.922,10399.703,2.834,52.000
0.048,0.001,0.016,23.296,140532.812,3.208,52.000
0.051,0.006,0.010,21.607,133639.125,2.705,52.000
0.049,0.010,0.013,20.974,163989.344,7.660,52.000
0.049,0.001,0.021,19.602,86758.555,2.376,52.000
0.050,0.013,0.012,19.869,168168.812,7.937,52.000
0.050,0.026,0.011,21.322,159041.000,5.828,52.000
0.051,0.008,0.010,16.992,158839.969,3.315,52.000
0.048,0.010,0.012,19.523,150223.438,6.572,52.000
0.054,0.001,0.005,22.286,89975.305,2.046,52.000
0.052,0.013,0.012,20.170,154008.031,7.770,52.000
0.051,0.007,0.013,19.616,140580.500,4.562,52.000
0.051,0.021,0.012,18.555,172787.656,7.076,52.000
0.098,0.014,0.011,21.456,61230.852,5.789,52.000
0.058,0.001,0.017,21.314,142346.000,1.458,52.000
0.051,0.015,0.013,19.671,158250.344,8.008,52.000
0.046,0.001,0.007,22.481,113951.602,2.721,52.000
0.049,0.008,0.010,18.250,149106.000,4.536,52.000
0.050,0.013,0.012,19.832,170401.812,8.015,52.000
0.044,0.001,0.010,23.091,39958.195,1.509,52.000
0.050,0.006,0.014,19.264,182573.750,4.307,52.000
0.049,0.007,0.010,20.469,139534.438,3.835,52.000
0.050,0.009,0.009,15.944,171437.906,4.591,52.000
0.045,0.000,0.018,24.992,-21118.453,-2.259,52.000
0.052,0.024,0.011,18.829,146215.094,6.445,52.000
0.050,0.013,0.013,22.308,158856.312,7.489,52.000
0.052,0.000,0.006,24.425,7863.695,1.543,52.000
0.051,0.017,0.013,19.156,158715.000,7.976,52.000
0.042,0.001,0.018,22.611,118017.414,1.840,52.000
0.055,0.000,0.004,25.479,-39616.699,0.395,52.000
0.049,0.020,0.010,19.742,170292.938,6.907,52.000
0.053,0.000,0.009,27.324,-10119.266,0.733,52.000
0.056,0.001,0.005,21.792,97430.164,1.947,52.000
0.050,0.005,0.015,20.228,180470.031,3.136,52.000
0.050,0.000,0.013,27.214,19990.203,0.728,52.000
0.000,0.012,0.011,21.554,32673.367,11.680,52.000
0.049,0.015,0.011,18.469,183303.500,6.903,52.000
0.044,0.000,0.010,25.752,15612.703,-0.350,52.000
0.049,0.007,0.014,18.894,168517.031,5.223,52.000
0.049,0.004,0.015,20.218,173304.938,2.261,52.000
0.043,0.000,0.015,23.939,18583.297,-1.917,52.000
0.048,0.026,0.011,22.934,162697.031,5.781,52.000
0.049,0.018,0.012,20.364,192071.125,7.315,52.000
0.049,0.003,0.011,22.355,165307.250,3.012,52.000
0.052,0.020,0.013,18.444,149309.938,7.642,52.000
0.050,0.001,0.004,23.956,-27913.516,0.268,52.000
0.051,0.018,0.011,18.733,184357.219,7.141,52.000
0.047,0.000,0.018,24.614,-16744.445,-1.800,52.000
0.044,0.001,0.003,19.379,105346.883,1.223,52.000
0.054,0.000,0.004,24.177,-11612.914,0.277,52.000
0.051,0.016,0.013,19.958,149003.781,7.321,52.000
0.052,0.005,0.010,21.701,151393.188,2.328,52.000
0.044,0.001,0.016,25.576,101069.852,0.927,52.000
0.059,0.000,0.008,21.955,37105.898,-1.931,52.000
0.057,0.000,0.019,21.918,-1192.719,1.926,52.000
0.051,0.003,0.014,18.897,183381.688,3.001,52.000
0.047,0.000,0.006,22.515,50997.023,0.199,52.000
0.049,0.006,0.011,21.245,143215.250,2.972,52.000
0.049,0.014,0.014,20.460,127552.820,6.645,52.000
0.047,0.002,0.015,22.518,153645.094,2.099,52.000
0.055,0.000,0.010,26.386,-28764.719,-0.809,52.000
0.047,0.001,0.008,24.357,12194.914,1.874,52.000
0.049,0.023,0.013,19.944,166646.438,7.088,52.000
0.050,0.004,0.010,22.465,157244.938,2.571,52.000
0.041,0.001,0.016,21.444,65234.711,-0.055,52.000
0.050,0.003,0.014,19.933,170040.125,1.955,52.000
0.048,0.001,0.015,25.154,129061.352,1.666,52.000
0.044,0.001,0.013,16.629,150332.719,2.158,52.000
0.048,0.000,0.013,30.847,-30182.055,2.747,52.000
0.052,0.013,0.010,17.804,165496.562,6.141,52.000
0.051,0.015,0.011,19.491,183055.969,7.234,52.000
0.047,0.001,0.013,23.606,64836.055,1.342,52.000
0.057,0.001,0.006,22.145,106250.508,1.449,52.000
0.049,0.007,0.013,18.347,150019.250,6.002,52.000
0.042,0.000,0.012,24.030,-59179.969,-2.341,52.000
0.048,0.011,0.012,18.787,158561.781,6.901,52.000
0.046,0.001,0.020,21.787,70628.352,1.796,52.000
0.051,0.014,0.014,21.591,122354.273,6.388,52.000
0.056,0.000,0.007,24.659,16995.039,0.848,52.000
0.050,0.021,0.010,19.526,156280.750,6.282,52.000
0.098,0.012,0.011,19.907,69021.117,7.530,52.000
0.058,0.001,0.014,19.751,145561.969,1.612,52.000
0.043,0.001,0.014,18.458,104261.836,1.036,52.000
0.048,0.001,0.008,25.848,-31457.258,1.408,52.000
0.049,0.004,0.012,18.377,164122.656,2.926,52.000
0.050,0.010,0.014,23.462,149347.719,6.575,52.000
0.046,0.001,0.019,22.193,92632.773,1.851,52.000
0.049,0.021,0.010,19.854,164620.156,6.623,52.000
0.048,0.000,0.016,25.331,-27369.008,0.422,52.000
0.048,0.018,0.012,20.400,190470.406,7.324,52.000
0.049,0.001,0.006,24.321,40.445,1.238,52.000
0.050,0.003,0.011,22.095,163493.562,3.098,52.000
0.049,0.024,0.011,21.164,168789.938,6.333,52.000
0.051,0.016,0.012,19.653,185947.500,7.798,52.000
0.052,0.026,0.013,19.300,119249.602,6.939,52.000
0.048,0.014,0.011,18.755,172057.031,7.621,52.000
0.046,0.002,0.006,20.397,122137.430,3.022,52.000
0.099,0.013,0.012,21.644,76335.461,4.056,52.000
0.047,0.000,0.018,21.821,-13293.008,0.309,52.000
0.055,0.001,0.005,21.368,110835.242,2.386,52.000
0.050,0.001,0.003,19.605,105217.852,1.515,52.000
0.050,0.000,0.009,31.627,-68742.453,1.597,52.000
0.048,0.010,0.012,18.996,138399.750,6.447,52.000
0.049,0.013,0.010,17.465,156879.344,6.494,52.000
0.049,0.023,0.012,19.795,180182.688,6.978,52.000
0.049,0.001,0.022,19.768,3488.930,1.109,52.000
0.051,0.013,0.010,17.518,163501.688,6.144,52.000
0.057,0.000,0.005,23.595,39852.445,2.304,52.000
0.051,0.001,0.011,23.619,118104.680,2.827,52.000
0.048,0.007,0.012,17.827,118678.586,4.490,52.000
0.053,0.001,0.013,23.765,98173.352,1.493,52.000
0.048,0.003,0.013,16.440,175668.312,1.813,52.000
0.048,0.005,0.012,17.330,154576.344,3.402,52.000
0.052,0.027,0.011,10.159,203241.062,6.355,52.000
0.048,0.027,0.011,23.011,127956.883,5.816,52.000
0.051,0.011,0.010,16.180,153316.344,7.415,52.000
0.042,0.000,0.015,23.724,-65519.043,-2.751,52.000
0.050,0.014,0.010,18.248,170900.500,6.069,52.000
0.043,0.001,0.019,23.302,104414.555,1.736,52.000
0.050,0.026,0.011,21.374,154925.125,5.908,52.000
0.048,0.012,0.011,18.441,172872.344,7.769,52.000
0.052,0.001,0.020,19.581,87745.164,2.321,52.000
0.051,0.012,0.011,18.717,184741.625,7.968,52.000
0.051,0.019,0.012,18.849,184593.188,7.818,52.000
0.050,0.012,0.010,14.663,144908.812,7.298,52.000
0.053,0.001,0.022,17.609,65006.867,2.892,52.000
0.050,0.025,0.014,20.473,119258.086,5.989,52.000
0.055,0.001,0.007,23.525,99586.117,1.953,52.000
0.049,0.001,0.006,23.391,39171.711,1.624,52.000
0.048,0.021,0.012,20.012,189563.656,6.841,52.000
0.050,0.013,0.012,19.966,161534.281,7.764,52.000
0.051,0.011,0.014,22.759,155105.406,7.279,52.000
0.052,0.001,0.004,21.288,94118.773,1.778,52.000
0.049,0.004,0.013,16.317,164615.938,2.491,52.000
0.048,0.009,0.014,19.767,158086.125,6.261,52.000
0.047,0.000,0.007,23.683,18165.180,0.463,52.000
0.060,0.001,0.013,17.499,137119.844,2.048,52.000
0.050,0.021,0.010,19.290,156020.406,6.951,52.000
0.055,0.001,0.019,20.493,88738.961,2.301,52.000
0.053,0.001,0.015,22.904,147990.812,2.778,52.000
0.055,0.001,0.014,24.719,102411.227,0.963,52.000
0.057,0.000,0.008,25.367,-21465.391,0.124,52.000
0.058,0.000,0.005,25.065,-26583.797,0.980,52.000
0.048,0.004,0.011,21.415,157478.781,2.852,52.000
0.049,0.013,0.012,19.450,180943.000,7.997,52.000
0.047,0.001,0.004,20.360,73865.898,0.932,52.000
0.049,0.004,0.009,21.431,160211.156,2.923,52.000
0.049,0.023,0.014,20.286,122853.367,6.262,52.000
0.058,0.001,0.011,18.057,119138.211,1.468,52.000
0.051,0.015,0.011,19.302,183649.688,7.193,52.000
0.057,0.000,0.006,24.911,-15809.383,0.487,52.000
0.052,0.015,0.012,20.073,168552.031,8.270,52.000
0.045,0.001,0.009,20.690,168008.562,3.340,52.000
0.050,0.006,0.011,20.002,140426.531,2.743,52.000
0.050,0.010,0.011,16.604,147694.469,6.340,52.000
0.047,0.001,0.019,21.230,105338.898,2.152,52.000
0.049,0.006,0.010,21.129,152625.062,3.639,52.000
0.056,0.001,0.017,20.756,122914.430,2.564,52.000
0.051,0.026,0.012,20.311,110002.055,6.445,52.000
0.047,0.001,0.011,21.135,172853.031,3.515,52.000
0.050,0.000,0.012,26.121,70756.117,-0.082,52.000
0.053,0.001,0.009,24.540,116287.727,1.745,52.000
0.049,0.006,0.011,20.398,141403.125,3.181,52.000
0.051,0.026,0.012,19.904,133393.875,6.606,52.000
0.052,0.005,0.011,21.149,155464.688,2.897,52.000
0.048,0.008,0.010,18.988,147755.250,4.433,52.000
0.052,0.016,0.012,19.090,177194.812,7.457,52.000
0.056,0.000,0.010,25.422,-18553.859,-0.739,52.000
0.048,0.000,0.002,20.781,38930.914,-0.548,52.000
0.041,0.001,0.010,22.604,5950.711,-0.560,52.000
0.048,0.017,0.013,20.465,154112.594,7.363,52.000
0.043,0.001,0.007,21.202,148317.500,2.853,52.000
0.051,0.001,0.006,23.368,67306.945,1.736,52.000
0.043,0.001,0.006,20.243,134478.531,2.626,52.000
0.044,0.000,0.005,20.770,56416.539,-0.466,52.000
0.051,0.001,0.011,23.173,129679.023,2.542,52.000
0.051,0.001,0.006,22.636,100107.727,2.241,52.000
0.048,0.020,0.013,20.266,172077.281,7.142,52.000
0.048,0.016,0.011,19.727,192602.906,7.670,52.000
0.042,0.001,0.010,21.540,102373.820,-0.212,52.000
0.051,0.016,0.011,18.784,188932.594,7.103,52.000
0.051,0.007,0.014,20.275,191681.031,6.994,52.000
0.051,0.023,0.012,18.603,146177.688,6.693,52.000
0.049,0.002,0.013,16.601,175905.438,1.463,52.000
0.044,0.001,0.016,25.836,100548.680,0.882,52.000
0.052,0.000,0.009,28.195,-29421.180,1.014,52.000
0.041,0.000,0.014,19.508,33173.398,-1.190,52.000
0.050,0.016,0.011,19.220,191193.500,7.307,52.000
0.049,0.012,0.010,15.904,141344.094,7.517,52.000
0.051,0.002,0.011,21.877,166866.906,3.074,52.000
0.052,0.000,0.021,20.052,-1520.273,2.047,52.000
0.051,0.013,0.013,21.933,152711.031,7.430,52.000
0.050,0.016,0.011,19.877,193863.188,7.367,52.000
0.051,0.007,0.010,18.629,142569.281,3.053,52.000
0.050,0.024,0.012,19.577,158271.562,6.974,52.000
0.051,0.016,0.010,18.647,188435.188,7.239,52.000
0.050,0.025,0.014,20.204,110660.055,5.805,52.000
0.051,0.012,0.011,16.957,165827.031,7.559,52.000
0.044,0.001,0.012,21.749,59658.930,1.514,52.000
0.052,0.000,0.007,23.622,3261.633,0.209,52.000
0.051,0.015,0.012,20.153,176753.750,8.385,52.000
0.042,0.000,0.007,18.934,12788.352,2.144,52.000
0.051,0.004,0.014,19.309,177232.531,3.740,52.000
0.044,0.002,0.012,18.856,166516.531,2.282,52.000
0.051,0.001,0.017,23.580,105852.039,1.595,52.000
0.053,0.001,0.006,25.499,2582.516,0.618,52.000
0.054,0.000,0.002,21.039,-4815.547,0.433,52.000
0.002,0.010,0.011,21.803,118267.430,2.560,52.000
0.050,0.014,0.011,19.529,170510.906,7.548,52.000
0.056,0.001,0.017,21.293,128910.586,2.146,52.000
0.049,0.021,0.010,20.297,163298.531,6.752,52.000
0.053,0.001,0.007,24.584,84007.648,1.759,52.000
0.057,0.001,0.010,24.826,43899.305,-0.813,52.000
0.051,0.003,0.013,16.975,189985.875,2.582,52.000
0.050,0.016,0.010,18.565,194506.188,7.381,52.000
0.050,0.021,0.011,19.889,170881.812,6.259,52.000
0.049,0.020,0.014,20.596,121551.195,6.471,52.000
0.049,0.003,0.011,21.989,165968.500,3.122,52.000
0.039,0.001,0.014,17.423,74079.070,0.287,52.000
0.057,0.000,0.020,20.960,-50808.430,1.461,52.000
0.050,0.010,0.011,16.852,144460.688,6.892,52.000
0.049,0.000,0.009,28.927,-34309.594,1.718,52.000
0.049,0.002,0.017,22.976,132150.938,3.298,52.000
0.059,0.000,0.009,22.427,67786.523,-0.394,52.000
0.051,0.020,0.013,18.420,161631.125,7.689,52.000
0.056,0.001,0.014,21.638,153186.562,2.646,52.000
0.052,0.023,0.013,18.107,125831.367,6.751,52.000
0.051,0.013,0.013,20.877,167752.656,7.799,52.000
0.053,0.001,0.007,23.494,99501.914,2.457,52.000
0.053,0.000,0.005,24.351,15976.438,1.235,52.000
0.051,0.014,0.014,21.841,127009.633,6.646,52.000
0.049,0.015,0.010,17.967,189932.875,6.980,52.000
0.055,0.001,0.007,24.228,90337.398,1.647,52.000
0.049,0.023,0.013,19.672,144819.844,6.595,52.000
0.050,0.000,0.013,27.345,54751.602,-0.155,52.000
0.049,0.026,0.014,21.076,108919.617,5.781,52.000
0.055,0.001,0.010,25.021,74133.852,0.261,52.000
0.055,0.001,0.019,19.656,95186.789,2.691,52.000
0.050,0.020,0.011,19.492,169229.688,6.268,52.000
0.050,0.020,0.010,18.859,159414.938,7.102,52.000
0.050,0.004,0.015,20.532,175118.688,2.669,52.000
0.050,0.014,0.012,19.956,161219.938,7.809,52.000
0.054,0.001,0.014,25.391,115908.352,1.735,52.000
0.049,0.016,0.012,20.263,197338.719,7.379,52.000
0.051,0.000,0.022,17.589,-12999.031,3.191,52.000
0.042,0.001,0.015,23.442,20208.875,-1.102,52.000
0.041,0.000,0.009,19.235,44143.680,-1.236,52.000
0.048,0.001,0.010,22.218,140391.250,2.886,52.000
0.098,0.013,0.012,21.235,84063.367,4.628,52.000
0.053,0.001,0.007,23.310,103395.539,2.596,52.000
0.050,0.013,0.012,19.980,161060.469,7.945,52.000
0.051,0.008,0.012,19.354,130967.320,5.628,52.000
0.049,0.023,0.011,20.975,169658.188,6.506,52.000
0.057,0.001,0.006,23.442,84191.383,0.861,52.000
0.048,0.009,0.013,19.113,133602.781,6.599,52.000
0.046,0.001,0.022,19.595,77247.039,2.798,52.000
0.051,0.025,0.010,20.943,145595.219,5.501,52.000
0.050,0.013,0.014,21.708,127173.898,6.551,52.000
0.049,0.005,0.014,17.738,153007.938,1.901,52.000
0.052,0.001,0.016,23.088,129693.039,2.384,52.000
0.048,0.006,0.010,21.794,150748.906,3.088,52.000
0.050,0.006,0.011,21.795,137880.344,2.864,52.000
0.049,0.009,0.012,19.193,120503.055,6.014,52.000
0.044,0.002,0.015,22.963,130692.133,2.144,52.000
0.055,0.000,0.011,32.245,10635.781,2.798,52.000
0.042,0.001,0.006,20.516,145169.938,2.572,52.000
0.049,0.024,0.013,20.248,142954.969,6.629,52.000
0.050,0.000,0.001,21.359,25599.297,-0.323,52.000
0.044,0.000,0.005,20.454,59329.648,-1.000,52.000
0.053,0.000,0.010,29.056,-79478.289,0.305,52.000
0.002,0.011,0.011,21.296,131920.688,1.846,52.000
0.048,0.004,0.013,16.056,147842.875,1.245,52.000
0.048,0.005,0.012,17.389,153587.625,3.418,52.000
0.056,0.000,0.013,25.159,66191.570,-0.802,52.000
0.047,0.001,0.020,22.021,80700.070,1.724,52.000
0.002,0.012,0.013,23.331,86468.930,5.326,52.000
0.050,0.001,0.020,21.753,59799.086,1.189,52.000
0.051,0.022,0.012,18.270,157547.875,6.907,52.000
0.001,0.013,0.011,21.967,116284.820,3.819,52.000
0.049,0.025,0.013,20.543,142424.750,6.552,52.000
0.097,0.012,0.011,20.065,70703.477,6.758,52.000
0.048,0.001,0.019,23.391,74783.555,1.114,52.000
0.050,0.003,0.011,22.244,167271.781,3.195,52.000
0.052,0.027,0.011,12.145,236527.719,7.250,52.000
0.050,0.000,0.003,21.382,22752.188,1.023,52.000
0.045,0.000,0.020,22.030,-19236.852,0.571,52.000
0.050,0.016,0.014,20.582,143325.156,7.026,52.000
0.050,0.003,0.012,17.864,175629.219,2.893,52.000
0.059,0.001,0.015,22.059,123690.117,1.579,52.000
0.055,0.001,0.019,20.410,90904.898,2.444,52.000
0.045,0.001,0.017,25.032,106199.820,1.598,52.000
0.054,0.001,0.022,17.692,73050.711,2.946,52.000
0.055,0.002,0.007,22.830,102549.758,2.469,52.000
0.050,0.001,0.021,20.069,74572.523,2.026,52.000
0.046,0.000,0.010,30.089,-31912.492,2.134,52.000
0.048,0.003,0.014,16.668,162362.312,0.175,52.000
0.049,0.000,0.004,22.380,26935.539,0.300,52.000
0.044,0.000,0.016,24.772,44313.070,-2.152,52.000
0.052,0.001,0.018,21.075,122042.508,2.674,52.000
0.048,0.005,0.012,17.845,155367.781,3.275,52.000
0.052,0.000,0.014,30.650,-59118.594,-2.074,52.000
0.054,0.001,0.005,23.703,50354.164,1.373,52.000
0.046,0.000,0.021,21.510,4664.555,1.875,52.000
0.052,0.025,0.013,19.999,118315.977,6.348,52.000
0.054,0.001,0.002,21.240,53570.164,1.155,52.000
0.048,0.000,0.022,20.819,-17739.203,2.467,52.000
0.057,0.000,0.013,25.655,24068.641,0.281,52.000
0.050,0.026,0.011,21.653,160560.594,5.929,52.000
0.050,0.001,0.017,27.369,23811.969,-0.329,52.000
0.050,0.005,0.011,21.924,151382.375,2.888,52.000
0.046,0.001,0.006,22.430,48516.180,1.617,52.000
0.053,0.001,0.019,20.629,78969.086,2.079,52.000
0.048,0.009,0.013,18.667,126153.445,6.196,52.000
0.049,0.000,0.016,26.287,55167.555,-1.547,52.000
0.059,0.001,0.006,21.135,117031.195,1.274,52.000
0.040,0.000,0.012,20.214,22320.297,-1.453,52.000
0.048,0.025,0.011,22.196,170297.656,6.261,52.000
0.049,0.024,0.011,21.464,163067.750,6.015,52.000
0.043,0.001,0.011,20.071,154984.156,1.638,52.000
0.049,0.021,0.013,20.454,141233.750,6.633,52.000
0.053,0.000,0.012,29.336,-65962.562,-2.174,52.000
0.051,0.017,0.011,18.539,190042.844,7.350,52.000
0.050,0.022,0.014,19.952,125186.180,6.292,52.000
0.051,0.016,0.011,19.372,191550.500,7.173,52.000
0.049,0.014,0.012,19.693,165860.312,7.905,52.000
0.049,0.000,0.014,28.131,45721.336,0.282,52.000
0.049,0.014,0.010,17.260,157710.406,6.269,52.000
0.054,0.001,0.016,21.834,127491.508,2.131,52.000
0.045,0.001,0.015,22.240,138583.375,0.684,52.000
0.050,0.021,0.012,18.909,184303.000,7.057,52.000
0.051,0.025,0.014,20.527,105748.367,6.084,52.000
0.054,0.000,0.004,23.154,35408.680,2.094,52.000
0.052,0.009,0.014,22.897,173122.500,7.913,52.000
0.047,0.001,0.018,23.176,89661.336,1.515,52.000
0.050,0.001,0.003,20.060,97507.852,1.241,52.000
0.052,0.004,0.010,22.163,158767.406,2.744,52.000
0.053,0.001,0.011,24.121,88192.523,1.130,52.000
0.048,0.027,0.013,20.539,171293.781,5.451,52.000
0.053,0.001,0.015,24.747,126812.008,2.044,52.000
0.055,0.001,0.014,27.151,74951.445,0.833,52.000
0.051,0.022,0.013,18.116,155853.875,6.979,52.000
0.045,0.001,0.019,22.251,103595.883,2.120,52.000
0.052,0.007,0.012,19.997,128546.289,4.707,52.000
0.049,0.010,0.010,15.593,156011.000,6.277,52.000
0.050,0.021,0.012,19.411,192783.344,6.951,52.000
0.048,0.016,0.012,20.257,189723.125,7.591,52.000
0.057,0.001,0.017,21.207,130316.273,1.857,52.000
0.055,0.000,0.005,23.425,16435.844,0.310,52.000
0.053,0.001,0.004,21.158,87476.742,1.789,52.000
0.051,0.001,0.005,22.928,52683.180,1.483,52.000
0.042,0.000,0.007,18.895,87726.742,-0.937,52.000
0.050,0.000,0.018,21.686,27496.133,0.564,52.000
0.001,0.012,0.012,23.465,103431.555,4.568,52.000
0.053,0.002,0.013,19.597,182040.375,2.542,52.000
0.050,0.006,0.011,20.397,128904.258,3.201,52.000
0.052,0.006,0.014,19.892,196865.844,6.414,52.000
0.053,0.000,0.005,22.573,45502.367,1.203,52.000
0.050,0.001,0.023,19.126,21875.695,1.758,52.000
0.050,0.024,0.012,19.388,156531.969,6.953,52.000
0.043,0.002,0.013,16.673,147681.406,2.063,52.000
0.053,0.000,0.010,27.981,-56475.000,0.252,52.000
0.055,0.001,0.009,24.674,87389.789,0.695,52.000
0.041,0.000,0.013,20.865,11504.188,-1.491,52.000
0.056,0.001,0.012,27.761,29290.914,0.554,52.000
0.056,0.002,0.012,19.961,139483.875,1.869,52.000
0.048,0.010,0.011,17.403,123538.336,6.406,52.000
0.046,0.000,0.002,17.924,15130.625,4.271,52.000
0.043,0.001,0.009,21.353,145916.750,2.140,52.000
0.053,0.001,0.015,27.154,57779.492,-0.067,52.000
0.043,0.001,0.006,20.747,145035.031,2.618,52.000
0.049,0.003,0.013,16.763,166599.906,2.254,52.000
0.045,0.001,0.002,18.731,119010.602,0.980,52.000
0.049,0.001,0.016,23.509,139377.125,3.039,52.000
0.044,0.001,0.005,19.305,131781.812,2.527,52.000
0.050,0.019,0.011,19.329,190623.250,6.953,52.000
0.048,0.000,0.006,21.684,-7911.484,0.959,52.000
0.042,0.000,0.010,22.834,4519.438,-1.152,52.000
0.049,0.024,0.012,20.221,160966.781,6.810,52.000
0.051,0.021,0.011,19.297,166213.688,6.676,52.000
0.098,0.010,0.012,19.007,93288.117,5.990,52.000
0.051,0.019,0.011,18.812,169293.188,6.776,52.000
0.047,0.001,0.009,21.231,163256.344,3.124,52.000
0.045,0.001,0.006,21.528,120728.508,2.459,52.000
0.050,0.014,0.010,18.250,166908.031,5.978,52.000
0.045,0.001,0.002,19.124,75207.711,0.445,52.000
0.002,0.012,0.012,22.844,96593.977,4.850,52.000
0.053,0.001,0.018,22.211,14201.445,0.679,52.000
0.043,0.001,0.004,18.550,138461.094,2.244,52.000
0.050,0.008,0.011,18.941,116228.945,3.993,52.000
0.040,0.001,0.013,19.060,27739.070,-0.790,52.000
0.042,0.000,0.015,22.056,-48936.273,-2.411,52.000
0.052,0.012,0.013,21.094,167133.094,7.685,52.000
0.049,0.023,0.011,20.851,164394.688,6.177,52.000
0.040,0.001,0.014,17.097,85580.445,0.546,52.000
0.043,0.001,0.014,17.133,126841.586,1.404,52.000
0.002,0.011,0.013,23.182,58474.945,5.858,52.000
0.051,0.003,0.015,21.564,164562.250,3.256,52.000
0.050,0.008,0.013,19.873,164590.062,6.788,52.000
0.048,0.011,0.013,19.954,147123.469,7.123,52.000
0.052,0.026,0.011,20.344,149827.156,6.002,52.000
0.049,0.007,0.011,19.689,124130.133,3.689,52.000
0.048,0.000,0.018,23.591,-56546.523,-1.100,52.000
0.046,0.001,0.019,21.313,105082.602,2.325,52.000
0.048,0.013,0.012,19.197,160850.219,8.071,52.000
0.051,0.009,0.014,22.710,176338.375,7.593,52.000
0.049,0.026,0.014,21.555,110782.742,5.648,52.000
0.048,0.000,0.022,20.373,4703.875,3.153,52.000
0.051,0.022,0.012,18.400,170449.344,7.092,52.000
0.098,0.013,0.011,20.535,63549.211,6.983,52.000
0.048,0.027,0.013,17.983,171563.406,5.697,52.000
0.049,0.019,0.010,19.127,194889.094,7.631,52.000
0.051,0.010,0.012,20.247,187155.438,8.209,52.000
0.052,0.009,0.012,19.999,159834.062,7.665,52.000
0.050,0.010,0.009,14.026,164689.844,6.356,52.000
0.050,0.000,0.015,31.078,-58199.336,-1.968,52.000
0.047,0.002,0.015,21.041,157908.688,1.246,52.000
0.042,0.001,0.015,19.333,114087.164,1.068,52.000
0.001,0.011,0.013,23.614,59771.039,5.167,52.000
0.049,0.008,0.014,19.653,177247.312,6.275,52.000
0.049,0.026,0.013,21.524,129217.383,5.867,52.000
0.051,0.018,0.011,19.199,185746.125,7.269,52.000
0.053,0.000,0.006,23.082,16185.648,0.071,52.000
0.050,0.014,0.010,18.930,172803.781,6.325,52.000
0.060,0.001,0.010,16.574,144534.219,0.719,52.000
0.050,0.015,0.010,18.510,187299.844,6.532,52.000
0.048,0.018,0.012,20.288,193951.031,7.295,52.000
0.098,0.013,0.011,20.928,68294.227,6.110,52.000
0.052,0.004,0.011,21.309,165932.812,3.023,52.000
0.052,0.000,0.004,20.436,6903.938,0.039,52.000
0.058,0.001,0.005,21.426,111622.398,2.041,52.000
0.050,0.020,0.012,19.405,180978.406,7.334,52.000
0.057,0.002,0.012,19.856,139310.781,2.297,52.000
0.047,0.000,0.013,29.893,-113221.281,-2.618,52.000
0.049,0.009,0.011,18.117,119728.945,5.878,52.000
0.049,0.002,0.016,23.103,140730.781,3.283,52.000
0.049,0.009,0.012,19.110,114330.727,5.444,52.000
0.051,0.013,0.014,23.037,133387.938,6.326,52.000
0.045,0.002,0.010,20.038,168096.688,2.978,52.000
0.058,0.001,0.015,22.724,121872.023,0.182,52.000
0.048,0.002,0.012,19.058,179684.688,2.927,52.000
0.050,0.018,0.013,20.021,164826.344,7.785,52.000
0.050,0.008,0.010,17.516,131671.312,4.822,52.000
0.044,0.002,0.007,21.607,146164.750,3.457,52.000
0.050,0.013,0.011,18.959,181513.000,7.817,52.000
0.055,0.001,0.008,24.894,80864.523,0.895,52.000
0.046,0.002,0.017,23.017,134581.062,3.259,52.000
0.052,0.024,0.011,19.241,147478.625,6.409,52.000
0.045,0.000,0.004,20.843,30381.539,-1.575,52.000
0.051,0.019,0.011,19.079,184261.500,6.965,52.000
0.048,0.001,0.018,24.901,31346.695,-0.157,52.000
0.052,0.017,0.011,19.004,185917.719,7.094,52.000
0.041,0.001,0.016,22.327,-1018.758,-1.264,52.000
0.055,0.002,0.007,22.138,110467.117,2.412,52.000
0.052,0.023,0.012,18.021,150932.500,7.011,52.000
0.049,0.007,0.011,20.895,133903.875,3.550,52.000
0.043,0.002,0.014,16.380,137780.188,1.983,52.000
0.047,0.000,0.014,30.103,-61392.922,-2.248,52.000
0.048,0.012,0.012,19.511,173949.500,7.966,52.000
0.050,0.000,0.005,24.376,-7314.766,-0.503,52.000
0.001,0.012,0.011,22.028,126776.305,2.659,52.000
0.052,0.005,0.012,18.938,179558.562,3.089,52.000
0.048,0.011,0.011,17.681,142750.719,7.258,52.000
0.052,0.006,0.013,19.822,186964.000,4.921,52.000
0.048,0.000,0.003,21.166,45750.664,-1.676,52.000
0.050,0.018,0.012,20.022,190426.562,7.552,52.000
0.050,0.000,0.018,24.920,-61809.977,-1.735,52.000
0.050,0.001,0.003,20.868,59921.602,0.599,52.000
0.044,0.000,0.018,23.613,-15262.750,-2.197,52.000
0.052,0.007,0.013,20.821,172128.500,5.225,52.000
0.052,0.001,0.022,19.511,14240.188,1.492,52.000
0.098,0.011,0.011,19.660,76211.180,6.942,52.000
0.049,0.008,0.014,19.954,180492.781,6.382,52.000
0.049,0.017,0.013,20.341,183266.719,7.723,52.000
0.098,0.014,0.012,21.589,70238.820,4.858,52.000
0.052,0.016,0.013,19.588,148249.281,7.672,52.000
0.049,0.001,0.012,20.767,144311.781,2.512,52.000
0.050,0.001,0.017,24.919,104627.930,1.694,52.000
0.050,0.000,0.003,22.243,14118.438,-1.123,52.000
0.049,0.000,0.004,23.054,-28802.555,-1.031,52.000
0.040,0.001,0.011,18.296,140386.375,-0.013,52.000
0.097,0.011,0.011,20.177,78904.367,6.333,52.000
0.050,0.002,0.013,16.986,181344.281,1.114,52.000
0.040,0.000,0.013,20.556,20283.625,-1.184,52.000
0.045,0.000,0.012,27.793,-16253.250,0.154,52.000
0.049,0.003,0.010,22.301,161128.250,2.621,52.000
0.043,0.001,0.009,22.542,92603.602,1.598,52.000
0.041,0.000,0.012,21.934,-23198.664,-1.591,52.000
0.049,0.007,0.012,17.206,124806.164,4.731,52.000
0.047,0.001,0.009,21.714,157157.562,2.979,52.000
0.058,0.001,0.014,21.977,114228.383,0.420,52.000
0.051,0.001,0.004,24.446,-68106.531,-0.196,52.000
0.050,0.022,0.014,20.276,107419.977,5.867,52.000
0.051,0.018,0.010,18.752,179256.344,7.357,52.000
0.056,0.000,0.012,28.139,29014.039,-0.190,52.000
0.051,0.015,0.011,19.494,181654.281,7.303,52.000
0.050,0.012,0.010,15.878,143105.094,7.521,52.000
0.046,0.001,0.008,22.980,92040.055,2.438,52.000
0.100,0.012,0.011,24.146,-37026.766,13.165,52.000
0.056,0.000,0.015,24.867,8735.906,0.172,52.000
0.044,0.001,0.020,22.762,87743.039,1.721,52.000
0.050,0.011,0.014,23.382,147787.750,7.033,52.000
0.048,0.022,0.011,20.791,174842.094,6.504,52.000
0.050,0.010,0.011,16.728,144183.781,7.007,52.000
0.054,0.000,0.006,23.807,51311.352,1.385,52.000
0.053,0.001,0.005,20.669,117733.008,2.343,52.000
0.050,0.006,0.013,19.465,169668.906,5.506,52.000
0.052,0.009,0.012,19.156,168971.781,7.771,52.000
0.051,0.015,0.010,19.129,186517.188,6.550,52.000
0.056,0.001,0.011,22.333,98727.352,0.337,52.000
0.049,0.012,0.013,20.373,168591.031,8.212,52.000
0.000,0.013,0.011,21.422,29721.336,11.572,52.000
0.040,0.001,0.008,19.971,136749.750,1.787,52.000
0.001,0.013,0.013,23.865,115757.773,4.568,52.000
0.050,0.020,0.011,19.652,183046.969,6.735,52.000
0.001,0.012,0.012,22.770,118905.539,3.541,52.000
0.050,0.000,0.013,28.049,-78824.875,-2.432,52.000
0.049,0.011,0.011,17.692,158260.938,7.731,52.000
0.049,0.000,0.014,29.048,-70142.672,-3.123,52.000
0.050,0.000,0.020,20.471,9261.227,1.827,52.000
0.051,0.000,0.015,27.310,-15278.422,1.781,52.000
0.051,0.019,0.011,19.053,181905.844,7.098,52.000
0.049,0.003,0.013,16.598,175118.438,0.847,52.000
0.041,0.001,0.016,20.737,93327.664,0.914,52.000
0.057,0.001,0.012,20.558,97244.445,1.283,52.000
0.048,0.001,0.009,21.638,157388.938,3.257,52.000
0.044,0.001,0.010,19.894,163831.719,2.580,52.000
0.050,0.015,0.013,20.156,171709.312,8.179,52.000
0.001,0.012,0.013,23.943,67587.508,5.385,52.000
0.049,0.015,0.010,18.481,196735.844,7.168,52.000
0.044,0.001,0.013,16.542,147061.594,2.435,52.000
0.049,0.009,0.011,17.971,123254.664,5.523,52.000
0.099,0.011,0.013,20.481,69685.305,3.051,52.000
0.057,0.001,0.014,22.157,123605.602,1.056,52.000
0.049,0.011,0.010,15.601,144449.094,7.044,52.000
0.052,0.020,0.013,18.948,131137.125,6.738,52.000
0.054,0.000,0.022,18.324,13464.742,3.417,52.000
0.042,0.001,0.018,24.763,9906.055,-0.653,52.000
0.049,0.001,0.020,21.085,67092.242,1.468,52.000
0.049,0.006,0.014,18.481,163958.188,5.051,52.000
0.046,0.001,0.005,19.733,121147.039,2.369,52.000
0.048,0.001,0.018,23.654,93886.883,1.518,52.000
0.041,0.001,0.012,18.263,145044.094,0.416,52.000
0.050,0.001,0.007,23.720,96358.086,2.451,52.000
0.051,0.018,0.014,20.580,139747.750,6.754,52.000
0.043,0.000,0.019,20.463,-17125.445,-0.929,52.000
0.051,0.020,0.013,18.759,161115.781,7.235,52.000
0.055,0.000,0.006,25.243,2806.367,0.313,52.000
0.053,0.000,0.016,26.121,-5839.859,-1.391,52.000
0.050,0.021,0.010,19.487,150158.906,6.607,52.000
0.049,0.006,0.013,17.200,134007.562,3.512,52.000
0.045,0.001,0.016,26.199,97536.492,0.960,52.000
0.055,0.000,0.014,28.494,-1892.703,0.601,52.000
0.044,0.001,0.011,20.033,165184.906,2.240,52.000
0.099,0.011,0.013,21.299,95295.898,2.782,52.000
0.047,0.000,0.002,17.042,36848.008,2.311,52.000
0.056,0.000,0.004,23.688,37907.914,2.365,52.000
0.042,0.001,0.016,23.210,110568.727,1.448,52.000
0.041,0.000,0.015,21.485,-48636.398,-2.911,52.000
0.052,0.009,0.013,23.435,176176.875,8.193,52.000
0.052,0.017,0.011,19.292,185055.656,7.168,52.000
0.051,0.008,0.013,20.778,142550.344,5.563,52.000
0.053,0.002,0.012,19.660,180029.406,2.641,52.000
0.049,0.000,0.012,30.607,-66411.766,-1.536,52.000
0.052,0.005,0.013,18.889,191126.906,3.948,52.000
0.053,0.000,0.006,25.414,-7076.094,0.373,52.000
0.048,0.010,0.011,16.954,135409.781,6.948,52.000
0.050,0.026,0.010,22.104,153694.875,5.697,52.000
0.051,0.021,0.012,18.640,181897.000,7.151,52.000
0.052,0.014,0.013,19.401,162235.000,8.156,52.000
0.048,0.009,0.010,16.406,144466.656,6.294,52.000
0.045,0.001,0.012,19.784,170358.406,2.999,52.000
0.049,0.001,0.014,25.056,102628.570,0.607,52.000
0.051,0.000,0.017,25.484,17815.195,-1.005,52.000
0.050,0.011,0.011,18.803,182162.594,7.984,52.000
0.045,0.000,0.015,27.493,-49006.707,0.822,52.000
0.049,0.008,0.014,19.421,171052.156,5.648,52.000
0.049,0.012,0.012,19.227,183142.344,8.166,52.000
0.047,0.000,0.017,23.592,19450.805,-0.352,52.000
0.002,0.013,0.011,21.425,140556.188,2.664,52.000
0.050,0.014,0.013,20.665,154587.562,7.666,52.000
0.051,0.004,0.013,18.085,179392.219,3.174,52.000
0.047,0.001,0.010,26.806,13877.508,2.642,52.000
0.057,0.000,0.008,25.553,3650.820,0.104,52.000
0.050,0.005,0.009,20.789,156474.750,2.716,52.000
0.049,0.009,0.013,21.562,164047.281,7.571,52.000
0.049,0.015,0.013,19.871,151921.438,7.276,52.000
0.052,0.001,0.005,21.365,112109.133,2.403,52.000
0.055,0.001,0.011,27.250,41421.180,-0.376,52.000
0.050,0.006,0.011,21.690,131807.594,2.886,52.000
0.043,0.001,0.006,21.346,137412.156,2.166,52.000
0.002,0.012,0.011,21.400,129393.289,2.175,52.000
0.098,0.012,0.014,22.603,97679.914,2.095,52.000
0.050,0.026,0.012,20.170,142377.906,6.769,52.000
0.044,0.000,0.013,25.489,-23337.078,-1.257,52.000
0.045,0.000,0.013,26.770,-15150.789,-0.162,52.000
0.049,0.014,0.010,18.311,171684.062,6.703,52.000
0.049,0.003,0.010,22.286,162162.031,2.741,52.000
0.049,0.019,0.011,19.628,198019.562,7.141,52.000
0.058,0.001,0.018,20.567,130306.305,1.932,52.000
0.051,0.003,0.014,19.798,178458.531,3.134,52.000
0.052,0.009,0.010,15.468,174216.938,5.190,52.000
0.045,0.000,0.019,21.196,-78361.961,0.186,52.000
0.046,0.001,0.015,22.593,143275.344,0.700,52.000
0.050,0.014,0.010,18.556,173822.594,6.133,52.000
0.051,0.018,0.011,19.127,192814.750,7.268,52.000
0.048,0.000,0.012,28.250,-10511.719,0.091,52.000
0.051,0.014,0.011,19.414,168112.188,7.603,52.000
0.051,0.000,0.002,19.331,-18178.594,0.213,52.000
0.045,0.001,0.013,17.761,141694.969,1.659,52.000
0.047,0.001,0.014,22.200,122828.367,0.521,52.000
0.049,0.026,0.013,20.667,148095.156,6.662,52.000
0.049,0.013,0.010,16.633,147785.281,6.647,52.000
0.053,0.001,0.016,24.718,95522.117,0.934,52.000
0.048,0.025,0.012,20.968,169502.406,7.138,52.000
0.041,0.001,0.006,20.392,151835.969,2.369,52.000
0.051,0.010,0.014,23.026,160700.906,7.478,52.000
0.048,0.002,0.011,21.168,171070.531,3.336,52.000
0.057,0.001,0.013,21.880,95925.180,1.811,52.000
0.051,0.009,0.012,19.976,146093.000,6.385,52.000
0.046,0.001,0.014,20.058,132059.250,0.830,52.000
0.050,0.022,0.010,19.780,153224.281,5.983,52.000
0.042,0.001,0.010,19.627,156302.844,1.596,52.000
0.041,0.000,0.013,20.848,-4693.477,-1.622,52.000
0.057,0.000,0.015,26.019,10103.328,-0.090,52.000
0.053,0.001,0.004,21.528,80890.570,1.699,52.000
0.041,0.000,0.007,19.811,101264.945,-0.831,52.000
0.051,0.015,0.014,20.772,129715.305,6.973,52.000
0.003,0.012,0.013,22.774,95791.336,4.868,52.000
0.047,0.001,0.004,19.391,112169.336,1.917,52.000
0.049,0.008,0.011,19.224,116568.445,4.130,52.000
0.052,0.006,0.011,19.733,141787.844,3.088,52.000
0.048,0.002,0.014,20.780,166787.156,1.349,52.000
0.049,0.013,0.011,17.583,164151.562,7.457,52.000
0.048,0.001,0.012,20.915,150246.781,2.850,52.000
0.048,0.019,0.013,20.161,169547.812,7.381,52.000
0.058,0.001,0.010,19.957,125312.102,1.079,52.000
0.047,0.002,0.018,21.686,131784.844,3.241,52.000
0.052,0.000,0.007,24.151,-460.367,0.504,52.000
0.049,0.001,0.010,25.505,59474.961,2.425,52.000
0.052,0.005,0.013,18.544,185483.156,3.483,52.000
0.050,0.000,0.016,28.877,-37024.078,-1.947,52.000
0.049,0.008,0.010,19.545,128637.930,4.478,52.000
0.052,0.001,0.002,20.680,49051.195,0.553,52.000
0.049,0.018,0.012,20.204,191689.281,7.463,52.000
0.044,0.001,0.008,21.395,158451.656,3.146,52.000
0.051,0.001,0.005,21.534,97338.086,1.661,52.000
0.052,0.026,0.011,19.777,143610.594,6.492,52.000
0.053,0.001,0.020,18.498,88678.195,2.958,52.000
0.045,0.001,0.011,21.164,157523.406,2.800,52.000
0.058,0.001,0.008,23.243,84568.758,-0.252,52.000
0.001,0.010,0.012,22.645,85086.664,4.116,52.000
0.048,0.016,0.012,20.178,185916.719,7.852,52.000
0.051,0.007,0.012,19.690,130274.367,3.744,52.000
0.049,0.013,0.011,18.687,177783.562,7.519,52.000
0.050,0.001,0.018,23.461,52291.023,0.546,52.000
0.048,0.001,0.019,22.236,87171.977,1.695,52.000
0.052,0.001,0.007,24.266,76154.227,1.995,52.000
0.059,0.001,0.014,19.771,123463.805,1.300,52.000
0.047,0.002,0.014,20.383,165816.500,1.089,52.000
0.049,0.013,0.012,19.700,171731.562,7.848,52.000
0.051,0.018,0.011,18.564,187246.406,7.300,52.000
0.098,0.012,0.014,21.848,100618.461,2.473,52.000
0.058,0.000,0.016,22.150,44960.945,-0.755,52.000
0.052,0.000,0.017,25.112,-30836.281,-1.148,52.000
0.049,0.005,0.013,16.877,135790.000,2.960,52.000
0.051,0.001,0.016,23.453,131613.625,2.719,52.000
0.002,0.012,0.011,21.453,128190.586,2.558,52.000
0.002,0.011,0.012,22.928,92236.570,4.372,52.000
0.098,0.011,0.011,19.657,71202.805,7.500,52.000
0.049,0.022,0.011,20.567,165835.844,6.349,52.000
0.050,0.008,0.014,20.851,176628.000,6.675,52.000
0.041,0.001,0.007,21.068,150527.719,2.077,52.000
0.053,0.001,0.015,26.417,76573.211,0.420,52.000
0.052,0.006,0.010,20.658,139013.188,2.443,52.000
0.052,0.006,0.012,19.725,137864.688,3.225,52.000
0.060,0.001,0.010,20.212,90739.523,-0.741,52.000
0.039,0.001,0.010,18.405,144697.781,-0.508,52.000
0.050,0.021,0.014,20.000,123518.961,6.262,52.000
0.048,0.000,0.007,24.469,23875.414,0.925,52.000
0.050,0.019,0.013,20.162,137971.844,6.886,52.000
0.056,0.001,0.018,21.518,62222.055,1.788,52.000
0.050,0.005,0.014,19.565,180227.062,3.430,52.000
0.049,0.002,0.009,21.846,148953.438,3.269,52.000
0.052,0.010,0.011,18.193,179590.156,7.663,52.000
0.048,0.009,0.012,19.207,115260.961,5.395,52.000
0.056,0.000,0.016,24.173,17883.609,-0.864,52.000
0.055,0.001,0.019,21.174,91852.727,2.261,52.000
0.055,0.001,0.017,23.779,91280.523,1.087,52.000
0.048,0.009,0.011,18.638,114024.148,6.158,52.000
0.049,0.000,0.014,29.607,13040.227,-2.014,52.000
0.048,0.016,0.012,20.182,192994.719,7.442,52.000
0.002,0.013,0.011,21.789,142467.625,3.025,52.000
0.052,0.013,0.012,19.257,167638.125,7.721,52.000
0.054,0.001,0.011,29.992,1015.750,0.341,52.000
0.052,0.008,0.013,22.310,182135.188,7.756,52.000
0.058,0.000,0.017,23.948,31568.695,0.991,52.000
0.048,0.002,0.011,20.974,173116.875,3.515,52.000
0.051,0.005,0.014,19.417,180118.719,4.462,52.000
0.050,0.016,0.013,20.196,176673.438,8.257,52.000
0.047,0.000,0.022,20.249,-57742.125,1.626,52.000
0.048,0.001,0.005,20.111,103674.508,2.232,52.000
0.050,0.013,0.012,19.384,178935.375,7.967,52.000
0.052,0.001,0.004,22.314,43397.008,0.878,52.000
0.045,0.002,0.013,16.998,157331.188,1.407,52.000
0.050,0.008,0.013,20.257,158235.875,6.738,52.000
0.055,0.001,0.020,18.149,101523.977,3.139,52.000
0.053,0.001,0.008,23.818,104334.945,2.281,52.000
0.046,0.001,0.019,22.010,107988.039,2.153,52.000
0.047,0.001,0.005,21.124,88462.664,1.475,52.000
0.057,0.001,0.011,19.865,124532.211,0.819,52.000
0.049,0.002,0.009,21.892,163819.219,3.441,52.000
0.049,0.001,0.022,18.935,10436.617,1.554,52.000
0.052,0.010,0.010,15.404,172835.844,6.918,52.000
0.050,0.021,0.011,19.864,171376.094,6.314,52.000
0.043,0.000,0.012,24.255,9177.297,-0.079,52.000
0.050,0.002,0.014,21.011,168761.969,2.763,52.000
0.043,0.001,0.011,21.319,113653.539,0.744,52.000
0.048,0.024,0.011,22.098,165425.562,6.089,52.000
0.050,0.007,0.011,19.331,116706.008,3.738,52.000
0.056,0.001,0.010,28.350,-3978.703,-0.678,52.000
0.055,0.000,0.004,26.092,-76994.016,-0.021,52.000
0.051,0.012,0.010,14.573,158779.125,6.656,52.000
0.055,0.001,0.012,20.601,152300.031,2.348,52.000
0.047,0.001,0.015,24.602,129502.883,0.297,52.000
0.098,0.011,0.014,21.032,102559.086,2.811,52.000
0.052,0.001,0.005,20.876,112119.789,2.169,52.000
0.053,0.001,0.006,22.179,110472.477,2.701,52.000
0.051,0.013,0.014,22.699,148446.500,6.963,52.000
0.052,0.000,0.017,25.908,-73940.930,-1.321,52.000
0.040,0.001,0.013,18.604,87172.898,-0.733,52.000
0.052,0.012,0.014,22.478,161917.344,7.216,52.000
0.050,0.002,0.007,21.771,104242.352,2.878,52.000
0.049,0.007,0.010,20.735,155647.781,3.853,52.000
0.049,0.004,0.012,19.589,161700.094,2.817,52.000
0.056,0.000,0.005,23.303,57026.836,1.557,52.000
0.048,0.004,0.013,15.667,144229.375,2.058,52.000
0.047,0.001,0.021,20.870,54250.602,1.702,52.000
0.049,0.011,0.012,19.560,179487.938,7.825,52.000
0.050,0.008,0.013,20.230,181236.125,6.849,52.000
0.002,0.012,0.013,23.572,67713.039,5.816,52.000
0.045,0.001,0.017,25.591,68987.602,0.586,52.000
0.051,0.001,0.018,20.977,105316.570,2.031,52.000
0.059,0.001,0.010,17.344,127877.305,0.751,52.000
0.052,0.026,0.011,20.615,149782.406,5.958,52.000
0.050,0.008,0.015,22.076,162598.469,6.702,52.000
0.051,0.014,0.012,19.805,165603.219,7.694,52.000
0.055,0.001,0.016,21.945,124763.180,2.003,52.000
0.100,0.011,0.013,16.873,63447.492,7.439,52.000
0.049,0.012,0.013,19.902,161846.094,8.068,52.000
0.050,0.011,0.010,16.079,146909.594,7.254,52.000
0.055,0.000,0.010,30.388,-54335.426,-0.101,52.000
0.045,0.001,0.010,20.852,155553.344,2.330,52.000
0.047,0.002,0.019,21.061,118954.039,2.768,52.000
0.053,0.002,0.015,22.847,143856.906,2.781,52.000
0.056,0.001,0.018,21.578,92968.695,2.108,52.000
0.043,0.000,0.007,22.407,46154.789,-0.584,52.000
0.052,0.007,0.012,19.722,135426.875,3.649,52.000
0.046,0.001,0.006,21.525,112853.195,2.590,52.000
0.098,0.010,0.013,20.236,107842.477,3.486,52.000
0.058,0.001,0.008,21.461,106891.789,1.097,52.000
0.049,0.006,0.010,21.958,141019.188,2.830,52.000
0.051,0.006,0.010,21.445,139250.594,2.635,52.000
0.055,0.001,0.006,24.873,35509.852,0.915,52.000
0.056,0.001,0.008,23.467,94238.695,1.554,52.000
0.050,0.000,0.002,21.337,-21489.750,-1.851,52.000
0.049,0.011,0.012,20.199,170647.562,7.581,52.000
0.055,0.001,0.020,19.762,75444.055,2.292,52.000
0.050,0.000,0.009,30.048,-16779.508,4.366,52.000
0.051,0.016,0.014,20.327,132663.344,6.899,52.000
0.100,0.013,0.013,21.865,32318.336,2.735,52.000
0.051,0.022,0.014,19.867,121278.680,6.116,52.000
0.049,0.014,0.014,20.672,125666.602,6.500,52.000
0.052,0.009,0.013,22.641,166327.156,7.562,52.000
0.048,0.026,0.012,21.493,166778.781,7.100,52.000
0.050,0.021,0.010,19.899,152099.938,6.418,52.000
0.061,0.000,0.012,18.176,115393.023,1.287,52.000
0.053,0.001,0.005,23.556,63577.445,1.510,52.000
0.052,0.001,0.007,22.971,103657.570,2.636,52.000
0.043,0.000,0.017,23.463,11058.773,-0.358,52.000
0.039,0.001,0.013,16.797,116411.805,-0.446,52.000
0.049,0.022,0.011,20.688,160702.406,6.088,52.000
0.051,0.018,0.012,19.164,185398.438,7.955,52.000
0.051,0.016,0.012,19.639,178544.812,8.270,52.000
0.047,0.001,0.006,21.932,104639.633,2.600,52.000
0.051,0.024,0.013,19.715,126259.805,6.133,52.000
0.099,0.010,0.012,19.362,101278.055,5.183,52.000
0.043,0.000,0.012,23.068,-33606.867,1.299,52.000
0.051,0.016,0.013,19.744,146871.094,7.363,52.000
0.099,0.012,0.013,21.490,79955.039,2.702,52.000
0.049,0.011,0.013,21.347,163898.594,7.960,52.000
0.049,0.000,0.015,24.943,38179.055,-0.098,52.000
0.055,0.001,0.011,22.387,103898.508,0.789,52.000
0.055,0.001,0.013,23.283,98982.758,1.078,52.000
0.052,0.015,0.011,19.297,174839.000,7.338,52.000
0.051,0.015,0.014,20.842,131306.938,6.829,52.000
0.051,0.003,0.011,21.497,165737.469,2.866,52.000
0.041,0.001,0.014,17.627,97222.523,0.612,52.000
0.043,0.000,0.015,23.097,42220.430,-1.330,52.000
0.051,0.018,0.012,19.036,181102.562,8.014,52.000
0.051,0.022,0.012,18.060,159870.125,7.228,52.000
0.049,0.000,0.003,21.861,30841.102,1.297,52.000
0.050,0.023,0.010,20.635,149861.250,6.084,52.000
0.045,0.001,0.005,20.255,124121.445,2.146,52.000
0.049,0.003,0.014,19.596,163984.125,0.844,52.000
0.056,0.001,0.017,21.252,129444.336,1.964,52.000
0.050,0.003,0.013,17.165,176842.062,1.133,52.000
0.052,0.001,0.005,22.955,69132.992,1.578,52.000
0.049,0.000,0.002,19.785,7534.414,0.571,52.000
0.047,0.000,0.010,28.779,-41797.242,1.762,52.000
0.049,0.000,0.003,21.610,45656.883,1.804,52.000
0.046,0.001,0.006,21.556,105373.914,2.419,52.000
0.050,0.017,0.014,20.636,136882.719,6.758,52.000
0.047,0.002,0.013,17.620,178002.281,1.930,52.000
0.048,0.001,0.007,24.578,24811.391,1.793,52.000
0.049,0.009,0.014,20.984,173107.375,6.917,52.000
0.042,0.001,0.007,22.099,117536.461,1.631,52.000
0.053,0.001,0.015,26.066,81041.664,0.466,52.000
0.050,0.000,0.005,22.852,18335.336,0.829,52.000
0.050,0.000,0.013,26.991,55028.695,-0.152,52.000
0.042,0.001,0.012,22.442,34233.070,-0.034,52.000
0.001,0.012,0.012,22.957,118896.523,3.547,52.000
0.044,0.000,0.018,22.634,-35411.422,-1.629,52.000
0.050,0.000,0.013,31.339,-69787.734,-2.140,52.000
0.052,0.001,0.007,24.087,89980.195,2.362,52.000
0.003,0.013,0.011,21.362,137900.125,2.918,52.000
0.049,0.021,0.013,19.664,167590.844,6.986,52.000
0.055,0.001,0.018,20.054,123218.227,2.592,52.000
0.047,0.001,0.011,26.276,30395.961,2.528,52.000
0.051,0.026,0.014,20.954,94961.617,6.074,52.000
0.047,0.000,0.004,18.217,41565.102,2.107,52.000
0.044,0.001,0.010,22.302,84010.352,1.577,52.000
0.052,0.023,0.013,18.178,135052.938,6.669,52.000
0.043,0.001,0.018,24.808,59646.602,0.583,52.000
0.051,0.000,0.018,22.615,-2909.266,0.312,52.000
0.056,0.002,0.011,20.510,126459.195,0.936,52.000
0.044,0.001,0.004,19.174,128673.445,2.349,52.000
0.051,0.001,0.018,26.310,-12726.500,-0.826,52.000
0.049,0.025,0.012,20.410,167673.094,7.078,52.000
0.048,0.008,0.011,19.588,123656.023,4.512,52.000
0.049,0.008,0.015,20.598,169291.750,6.049,52.000
0.055,0.001,0.006,22.720,95897.070,2.027,52.000
0.055,0.001,0.012,23.222,92076.258,0.671,52.000
0.097,0.012,0.013,20.976,93136.602,3.585,52.000
0.051,0.002,0.015,23.076,153670.156,3.141,52.000
0.056,0.000,0.009,27.384,-25629.031,-0.934,52.000
0.050,0.001,0.010,22.997,131571.812,2.566,52.000
0.050,0.009,0.014,23.186,168235.406,7.655,52.000
0.051,0.008,0.014,21.010,191410.906,7.430,52.000
0.049,0.000,0.020,21.595,12951.516,0.600,52.000
0.053,0.001,0.018,20.049,118663.258,2.497,52.000
0.049,0.027,0.012,21.443,131794.656,6.560,52.000
0.002,0.013,0.014,23.528,75263.289,5.893,52.000
0.051,0.001,0.014,26.167,79120.680,0.706,52.000
0.055,0.001,0.017,21.539,125164.180,2.120,52.000
0.054,0.001,0.010,23.600,125566.977,1.252,52.000
0.052,0.001,0.009,23.437,127826.758,2.615,52.000
0.048,0.009,0.011,19.042,117501.852,5.468,52.000
0.052,0.000,0.016,23.225,37688.555,-0.414,52.000
0.050,0.010,0.010,16.109,154169.125,6.452,52.000
0.052,0.003,0.011,21.962,161323.562,2.936,52.000
0.049,0.005,0.012,17.465,147103.938,3.256,52.000
0.050,0.006,0.012,18.329,134529.219,3.843,52.000
0.054,0.000,0.018,23.460,-11979.125,0.076,52.000
0.051,0.008,0.010,18.207,140583.312,3.565,52.000
0.049,0.004,0.014,19.122,169980.000,1.675,52.000
0.052,0.005,0.010,21.240,148540.312,2.606,52.000
0.048,0.021,0.013,20.103,154393.562,6.866,52.000
0.052,0.010,0.014,22.512,167255.500,7.380,52.000
0.051,0.024,0.010,20.379,148320.812,5.461,52.000
0.044,0.001,0.007,22.329,130412.336,2.497,52.000
0.059,0.000,0.007,24.002,-9364.344,1.013,52.000
0.051,0.024,0.013,19.456,121088.008,6.168,52.000
0.047,0.000,0.021,20.995,-55201.918,1.780,52.000
0.051,0.014,0.010,18.776,171527.406,6.020,52.000
0.041,0.000,0.013,22.116,-20456.961,-1.015,52.000
0.050,0.020,0.013,19.781,136586.750,6.739,52.000
0.051,0.004,0.011,20.932,166012.500,2.891,52.000
0.046,0.000,0.005,18.575,49570.445,1.990,52.000
0.047,0.001,0.004,20.790,89215.805,1.254,52.000
0.051,0.003,0.014,21.412,169916.188,3.083,52.000
0.048,0.014,0.013,20.641,141775.531,7.153,52.000
0.050,0.015,0.012,20.313,180671.938,8.369,52.000
0.049,0.022,0.012,19.750,170562.406,6.853,52.000
0.048,0.026,0.012,22.022,168721.625,6.522,52.000
0.059,0.001,0.008,19.267,128577.680,1.497,52.000
0.050,0.014,0.012,20.040,163021.062,8.018,52.000
0.052,0.017,0.013,19.315,150169.438,7.690,52.000
0.051,0.018,0.010,18.641,183365.969,7.417,52.000
0.059,0.001,0.013,20.773,93724.695,0.969,52.000
0.051,0.001,0.001,19.986,88863.492,1.105,52.000
0.051,0.000,0.008,24.388,-15557.594,-0.070,52.000
0.048,0.013,0.013,19.366,150715.094,7.838,52.000
0.055,0.002,0.017,20.246,127821.961,2.501,52.000
0.098,0.013,0.012,21.538,83951.211,4.011,52.000
0.052,0.010,0.012,21.406,187861.969,7.896,52.000
0.048,0.000,0.004,20.167,42933.055,0.927,52.000
0.049,0.014,0.010,17.177,156139.969,6.378,52.000
0.054,0.000,0.005,25.786,-38038.047,-0.064,52.000
0.052,0.002,0.017,21.524,128540.602,2.694,52.000
0.052,0.001,0.020,20.245,68706.148,1.852,52.000
0.046,0.002,0.011,20.775,174634.750,3.215,52.000
0.049,0.001,0.015,25.579,116491.992,0.867,52.000
0.043,0.002,0.015,20.801,131631.500,1.984,52.000
0.002,0.014,0.011,21.346,144206.250,2.930,52.000
0.002,0.012,0.011,20.874,142993.969,1.938,52.000
0.100,0.012,0.011,21.481,-59910.180,10.359,52.000
0.056,0.001,0.014,22.047,145756.125,1.809,52.000
0.051,0.010,0.014,22.449,163495.125,7.304,52.000
0.048,0.021,0.012,20.385,184128.062,6.704,52.000
0.050,0.007,0.009,18.399,160676.000,3.772,52.000
0.048,0.005,0.011,21.048,149669.906,2.710,52.000
0.042,0.001,0.010,20.595,135044.125,0.392,52.000
0.051,0.018,0.013,19.758,159511.406,7.802,52.000
0.048,0.001,0.023,18.070,40564.336,2.329,52.000
0.051,0.001,0.004,21.855,78042.414,1.568,52.000
0.050,0.005,0.011,20.023,155052.344,2.662,52.000
0.055,0.001,0.013,20.179,161477.656,2.796,52.000
0.047,0.001,0.022,21.277,53814.242,1.619,52.000
0.049,0.017,0.013,20.266,182559.750,7.906,52.000
0.054,0.002,0.018,20.045,121325.648,2.435,52.000
0.051,0.016,0.010,18.502,186735.562,7.094,52.000
0.052,0.011,0.013,22.049,172013.656,8.107,52.000
0.052,0.001,0.021,19.650,65506.867,2.047,52.000
0.052,0.024,0.013,19.295,117596.633,6.462,52.000
0.051,0.016,0.013,19.914,161148.844,7.794,52.000
0.049,0.018,0.014,20.414,145530.688,6.981,52.000
0.044,0.001,0.009,20.782,163114.594,2.993,52.000
0.050,0.004,0.013,17.023,166948.344,1.777,52.000
0.056,0.000,0.014,21.385,40006.352,-0.591,52.000
0.044,0.000,0.012,23.897,2080.445,-0.044,52.000
0.052,0.001,0.001,20.490,38588.898,0.435,52.000
0.044,0.001,0.010,21.205,143347.469,1.935,52.000
0.050,0.008,0.011,19.081,115440.992,4.090,52.000
0.051,0.010,0.013,22.794,176761.938,8.271,52.000
0.052,0.018,0.012,18.069,173744.625,8.047,52.000
0.049,0.010,0.013,21.675,165608.062,7.749,52.000
0.050,0.019,0.014,20.487,125138.414,6.295,52.000
0.041,0.000,0.012,20.891,-3911.484,-2.260,52.000
0.050,0.005,0.010,21.456,149704.875,2.586,52.000
0.042,0.001,0.006,21.137,125918.930,1.645,52.000
0.041,0.000,0.014,20.426,17697.211,-1.178,52.000
0.051,0.027,0.012,22.534,185087.125,7.681,52.000
0.049,0.018,0.012,20.337,196686.500,7.132,52.000
0.057,0.000,0.011,26.987,45011.586,-0.865,52.000
0.043,0.000,0.013,24.053,33682.305,0.236,52.000
0.050,0.021,0.014,20.222,124865.898,6.340,52.000
0.050,0.012,0.014,23.259,151791.062,7.283,52.000
0.051,0.000,0.013,28.992,1.695,0.584,52.000
0.044,0.001,0.017,24.808,113733.586,1.654,52.000
0.039,0.001,0.015,17.881,71036.727,-0.064,52.000
0.053,0.000,0.020,21.015,-40102.051,2.887,52.000
0.052,0.005,0.014,19.377,186628.406,4.694,52.000
0.057,0.000,0.005,21.301,30557.570,1.012,52.000
0.053,0.000,0.017,23.688,-45697.766,0.253,52.000
0.048,0.000,0.013,28.395,-78669.469,-2.706,52.000
0.051,0.025,0.012,18.850,137194.719,6.898,52.000
0.054,0.002,0.018,20.015,120634.055,2.471,52.000
0.098,0.013,0.012,21.110,76937.773,5.252,52.000
0.056,0.001,0.016,24.107,101281.414,0.468,52.000
0.059,0.001,0.011,17.193,119470.898,0.910,52.000
0.049,0.003,0.012,18.747,178667.844,3.221,52.000
0.048,0.001,0.010,22.025,151693.688,2.916,52.000
0.051,0.000,0.015,27.287,26645.242,0.523,52.000
0.044,0.001,0.014,19.399,147940.438,1.537,52.000
0.047,0.002,0.016,23.346,139514.875,2.936,52.000
0.045,0.001,0.007,21.330,130786.383,3.189,52.000
0.056,0.000,0.006,24.120,9859.688,1.156,52.000
0.046,0.001,0.019,21.624,115012.164,2.357,52.000
0.042,0.001,0.012,18.293,158804.438,1.637,52.000
0.050,0.001,0.004,21.073,89813.508,1.316,52.000
0.051,0.000,0.002,22.312,-22460.305,-2.140,52.000
0.045,0.001,0.011,20.783,159363.031,2.422,52.000
0.057,0.001,0.012,23.354,50221.930,1.655,52.000
0.046,0.001,0.014,25.919,51379.258,-0.887,52.000
0.050,0.018,0.011,20.049,195011.750,7.101,52.000
0.058,0.001,0.012,18.699,113607.305,1.984,52.000
0.049,0.018,0.011,20.186,199096.562,7.223,52.000
0.051,0.001,0.019,22.381,40866.820,0.809,52.000
0.052,0.000,0.007,23.611,43259.039,1.161,52.000
0.052,0.024,0.011,18.746,147137.031,6.685,52.000
0.048,0.024,0.012,20.986,173817.188,6.909,52.000
0.048,0.003,0.014,17.518,157441.469,0.616,52.000
0.048,0.000,0.010,29.371,-50157.816,1.446,52.000
0.050,0.022,0.011,19.905,157679.125,5.939,52.000
0.050,0.021,0.011,19.556,164055.938,6.279,52.000
0.049,0.024,0.011,21.033,167018.094,6.344,52.000
0.050,0.002,0.017,22.723,128647.898,3.248,52.000
0.049,0.001,0.013,21.368,131084.500,1.201,52.000
0.048,0.025,0.010,22.775,158501.469,5.974,52.000
0.053,0.001,0.020,19.583,73046.805,2.330,52.000
0.049,0.025,0.013,20.239,146776.438,6.726,52.000
0.049,0.001,0.003,22.281,-35180.906,-0.366,52.000
0.051,0.013,0.014,21.966,126847.898,6.424,52.000
0.000,0.012,0.013,25.517,-45535.559,5.077,52.000
0.049,0.014,0.010,18.102,167228.375,6.342,52.000
0.050,0.007,0.015,20.391,180172.062,6.120,52.000
0.051,0.009,0.012,19.069,150979.156,6.879,52.000
0.051,0.001,0.004,20.776,103422.430,1.876,52.000
0.056,0.001,0.005,20.256,123677.617,2.616,52.000
0.040,0.001,0.009,20.159,125707.664,-0.047,52.000
0.050,0.013,0.010,17.266,157078.531,6.199,52.000
0.054,0.001,0.018,23.427,53144.836,1.054,52.000
0.045,0.001,0.010,21.171,153997.844,2.632,52.000
0.055,0.001,0.003,20.494,98309.602,2.083,52.000
0.054,0.002,0.017,20.999,128376.539,2.403,52.000
0.053,0.000,0.019,22.770,-64615.180,0.902,52.000
0.041,0.001,0.016,21.379,65069.492,0.075,52.000
0.054,0.000,0.003,19.935,26471.438,0.938,52.000
0.054,0.001,0.004,19.798,117403.180,2.614,52.000
0.057,0.001,0.016,22.686,132041.594,1.100,52.000
0.045,0.002,0.017,23.738,131416.969,2.851,52.000
0.052,0.013,0.013,21.237,160328.625,7.599,52.000
0.049,0.012,0.012,19.651,171692.656,8.303,52.000
0.049,0.012,0.011,16.418,146635.625,7.685,52.000
0.050,0.000,0.020,20.280,-8865.945,2.509,52.000
0.049,0.024,0.013,19.669,158166.344,6.894,52.000
0.049,0.009,0.012,20.141,140895.562,6.450,52.000
0.051,0.018,0.010,18.288,178396.438,7.454,52.000
0.051,0.000,0.012,30.177,-23836.734,-0.564,52.000
0.046,0.001,0.005,20.759,113926.398,2.239,52.000
0.051,0.013,0.010,16.441,156491.062,6.514,52.000
0.043,0.001,0.012,22.238,38781.883,0.924,52.000
0.047,0.001,0.022,20.428,63210.492,2.094,52.000
0.045,0.001,0.017,23.824,128837.352,2.812,52.000
0.048,0.022,0.011,21.009,165760.469,6.529,52.000
0.055,0.001,0.004,20.146,115844.930,2.644,52.000
0.054,0.000,0.015,24.956,27090.367,-0.307,52.000
0.051,0.012,0.010,14.835,162281.406,6.764,52.000
0.048,0.005,0.013,16.277,131096.000,2.359,52.000
0.059,0.000,0.015,22.804,71802.867,-0.076,52.000
0.049,0.017,0.014,19.831,126389.555,6.322,52.000
0.051,0.007,0.011,19.403,125512.492,3.676,52.000
0.056,0.001,0.006,25.552,35218.336,0.297,52.000
0.052,0.013,0.013,20.303,156819.344,7.754,52.000
0.050,0.026,0.014,21.215,104652.992,5.722,52.000
0.043,0.001,0.017,23.709,120628.961,2.018,52.000
0.048,0.012,0.014,21.748,144434.375,7.534,52.000
0.049,0.004,0.013,16.733,155071.219,1.286,52.000
0.048,0.006,0.012,17.734,141458.969,3.847,52.000
0.050,0.004,0.010,22.443,155624.625,2.608,52.000
0.049,0.001,0.022,19.527,53870.883,2.103,52.000
0.050,0.003,0.014,19.469,168727.125,1.590,52.000
0.051,0.001,0.010,23.031,134642.219,2.248,52.000
0.051,0.002,0.011,22.734,161694.156,3.076,52.000
0.051,0.007,0.012,19.264,125856.789,3.344,52.000
0.050,0.010,0.011,17.610,137928.406,6.670,52.000
0.052,0.001,0.011,22.257,149135.906,2.624,52.000
0.052,0.019,0.013,18.074,163791.250,8.035,52.000
0.053,0.000,0.008,25.944,-10129.328,-0.112,52.000
0.051,0.024,0.011,20.518,150087.688,5.601,52.000
0.052,0.008,0.013,21.925,165003.469,6.932,52.000
0.052,0.003,0.011,22.321,161453.344,2.974,52.000
0.058,0.001,0.012,17.816,117153.789,1.286,52.000
0.055,0.001,0.008,24.325,89805.258,1.241,52.000
0.045,0.001,0.008,24.112,51818.539,2.220,52.000
0.051,0.020,0.012,18.796,164072.156,7.407,52.000
0.048,0.000,0.012,28.158,11578.773,0.940,52.000
0.052,0.007,0.012,19.427,133061.094,3.672,52.000
0.099,0.012,0.013,21.485,91879.711,2.802,52.000
0.045,0.001,0.007,23.300,111377.258,2.441,52.000
0.057,0.001,0.006,23.841,70137.805,0.646,52.000
0.001,0.013,0.011,22.093,140659.438,3.062,52.000
0.050,0.007,0.011,19.662,119644.445,3.716,52.000
0.056,0.001,0.006,21.871,115453.617,2.196,52.000
0.056,0.001,0.004,22.153,81960.883,1.808,52.000
0.041,0.001,0.016,22.115,88682.305,0.669,52.000
0.052,0.012,0.010,16.950,165047.844,6.853,52.000
0.048,0.004,0.010,22.055,158373.406,2.780,52.000
0.051,0.003,0.011,21.976,167684.906,3.097,52.000
0.047,0.001,0.002,19.614,44074.617,-0.248,52.000
0.052,0.021,0.014,18.519,128885.414,6.715,52.000
0.053,0.001,0.012,19.980,176457.906,2.661,52.000
0.047,0.000,0.003,18.443,-5982.180,3.303,52.000
0.051,0.025,0.010,20.849,148732.844,5.339,52.000
0.058,0.001,0.009,24.159,63909.008,-0.651,52.000
0.043,0.000,0.005,17.150,46769.523,3.429,52.000
0.054,0.002,0.012,21.254,157578.500,2.939,52.000
0.051,0.016,0.013,19.435,173129.250,8.406,52.000
0.057,0.000,0.006,25.626,-17504.836,0.248,52.000
0.048,0.001,0.022,19.725,33672.570,1.656,52.000
0.051,0.000,0.021,19.750,-11546.477,2.842,52.000
0.051,0.020,0.011,19.385,171825.594,6.529,52.000
0.045,0.001,0.018,25.837,16758.453,-0.497,52.000
0.052,0.005,0.014,19.768,181754.000,4.287,52.000
0.047,0.001,0.014,21.225,168846.688,1.283,52.000
0.045,0.001,0.004,18.564,128243.602,2.001,52.000
0.059,0.001,0.014,21.199,125545.602,0.601,52.000
0.002,0.011,0.013,22.853,78287.977,5.320,52.000
0.047,0.001,0.007,21.539,119752.711,3.021,52.000
0.047,0.000,0.016,28.891,-29249.773,-2.604,52.000
0.050,0.020,0.010,19.297,162584.781,6.638,52.000
0.050,0.020,0.014,20.265,124207.508,6.494,52.000
0.048,0.000,0.015,30.052,-7783.172,-2.490,52.000
0.043,0.000,0.010,20.395,-20238.125,0.512,52.000
0.048,0.014,0.013,19.271,159559.750,7.819,52.000
0.051,0.007,0.014,20.676,183679.906,6.942,52.000
0.001,0.013,0.013,23.775,103850.445,4.843,52.000
0.098,0.011,0.013,20.710,99194.852,3.368,52.000
0.050,0.012,0.013,20.395,169413.750,8.123,52.000
0.051,0.019,0.012,19.255,187609.000,7.185,52.000
0.048,0.000,0.017,25.788,-7770.102,-0.164,52.000
0.049,0.000,0.006,23.739,34069.695,1.160,52.000
0.049,0.014,0.011,18.564,169844.406,6.700,52.000
0.055,0.001,0.011,21.540,137565.219,2.027,52.000
0.045,0.001,0.019,24.109,91403.695,1.311,52.000
0.051,0.024,0.013,19.315,122309.430,6.410,52.000
0.051,0.000,0.016,24.095,4901.555,0.164,52.000
0.047,0.001,0.003,20.278,54804.977,0.573,52.000
0.048,0.007,0.013,17.023,121795.648,4.711,52.000
0.052,0.024,0.013,19.398,122802.039,6.365,52.000
0.051,0.007,0.014,20.996,180579.625,7.015,52.000
0.052,0.000,0.018,22.212,7720.586,1.073,52.000
0.050,0.008,0.015,22.047,167623.438,6.725,52.000
0.053,0.001,0.017,21.275,128359.742,2.444,52.000
0.048,0.003,0.010,22.110,166298.688,3.007,52.000
0.051,0.013,0.010,16.893,162427.812,6.629,52.000
0.099,0.013,0.011,20.970,31831.602,4.825,52.000
0.042,0.001,0.014,16.836,128004.930,1.567,52.000
0.053,0.001,0.019,20.371,47483.164,1.721,52.000
0.059,0.001,0.007,26.509,-8431.406,-0.728,52.000
0.043,0.001,0.010,20.602,141824.969,1.557,52.000
0.051,0.010,0.013,22.434,167705.875,7.709,52.000
0.052,0.027,0.010,24.502,83607.445,5.213,52.000
0.049,0.000,0.001,19.052,-41315.734,2.358,52.000
0.049,0.000,0.003,22.745,-46416.332,-2.416,52.000
0.040,0.001,0.016,22.087,5169.359,-1.211,52.000
0.060,0.001,0.015,21.169,151072.344,1.700,52.000
0.047,0.000,0.007,23.802,39514.242,1.253,52.000
0.049,0.011,0.012,19.643,169788.156,7.250,52.000
0.049,0.012,0.013,21.476,161348.469,8.035,52.000
0.045,0.001,0.017,23.480,133712.625,2.860,52.000
0.046,0.001,0.019,22.968,102153.242,1.779,52.000
0.056,0.002,0.013,20.472,154423.719,2.897,52.000
0.050,0.012,0.012,20.058,173810.312,7.898,52.000
0.047,0.000,0.005,21.221,81197.648,1.169,52.000
0.059,0.001,0.014,21.720,102393.539,0.199,52.000
0.044,0.000,0.006,20.509,23108.359,1.060,52.000
0.048,0.007,0.013,16.757,121998.633,5.080,52.000
0.047,0.001,0.007,22.003,121755.680,2.855,52.000
0.048,0.020,0.013,20.170,173796.719,7.251,52.000
0.050,0.002,0.009,22.082,158921.438,3.230,52.000
0.051,0.018,0.012,18.861,181526.875,7.937,52.000
0.058,0.000,0.018,19.937,53964.648,-0.905,52.000
0.051,0.001,0.015,24.537,137306.031,2.341,52.000
0.051,0.009,0.014,22.897,162883.625,6.943,52.000
0.050,0.017,0.014,20.425,142081.750,6.843,52.000
0.048,0.023,0.012,20.844,179857.344,6.758,52.000
0.052,0.000,0.018,25.900,-97116.172,-0.689,52.000
0.050,0.010,0.012,19.901,159749.781,7.348,52.000
0.060,0.001,0.011,14.530,151857.219,0.867,52.000
0.052,0.021,0.011,18.604,159181.812,6.626,52.000
0.052,0.000,0.015,25.828,-873.898,1.089,52.000
0.049,0.001,0.019,22.348,65828.273,1.053,52.000
0.050,0.000,0.017,25.355,-37377.133,-0.691,52.000
0.050,0.026,0.013,21.082,121585.273,6.159,52.000
0.050,0.024,0.013,19.886,138176.531,6.197,52.000
0.052,0.019,0.013,18.529,155108.688,7.692,52.000
0.051,0.008,0.010,17.088,157978.000,3.878,52.000
0.049,0.008,0.010,17.758,147582.031,4.758,52.000
0.042,0.001,0.016,21.747,104529.508,1.305,52.000
0.047,0.000,0.016,25.464,6692.477,0.147,52.000
0.052,0.002,0.017,22.445,129378.570,2.724,52.000
0.050,0.018,0.014,19.871,119709.773,6.090,52.000
0.042,0.001,0.008,21.469,137068.250,1.990,52.000
0.050,0.024,0.013,19.894,134341.531,6.163,52.000
0.048,0.012,0.012,18.984,170768.000,7.601,52.000
0.043,0.001,0.004,20.219,96782.836,1.396,52.000
0.051,0.016,0.014,20.548,133079.375,6.991,52.000
0.051,0.002,0.018,20.944,117178.055,3.003,52.000
0.002,0.012,0.011,20.954,134759.469,1.782,52.000
0.045,0.001,0.017,24.672,113544.055,1.823,52.000
0.050,0.001,0.010,23.354,114167.367,2.465,52.000
0.053,0.001,0.015,23.939,118903.523,1.264,52.000
0.047,0.000,0.009,26.911,-24512.664,2.076,52.000
0.053,0.000,0.015,28.349,-12050.922,0.485,52.000
0.048,0.016,0.013,19.966,152612.688,7.307,52.000
0.044,0.001,0.014,17.418,150739.906,1.990,52.000
0.049,0.008,0.013,19.122,144921.594,6.563,52.000
0.042,0.001,0.005,20.003,142272.344,2.084,52.000
0.057,0.001,0.012,20.104,94690.852,1.206,52.000
0.051,0.014,0.013,20.842,162555.844,7.637,52.000
0.047,0.001,0.016,27.955,27832.258,-0.512,52.000
0.050,0.005,0.014,19.846,178370.250,2.740,52.000
0.052,0.001,0.004,20.195,113033.586,2.075,52.000
0.048,0.002,0.006,20.952,102869.227,2.821,52.000
0.051,0.000,0.017,21.316,-32767.695,0.644,52.000
0.050,0.026,0.011,21.734,159627.125,5.788,52.000
0.059,0.001,0.011,16.186,132224.469,1.423,52.000
0.055,0.001,0.008,24.456,89255.586,1.546,52.000
0.058,0.001,0.017,20.910,142089.719,1.742,52.000
0.045,0.001,0.014,20.415,138520.406,0.550,52.000
0.050,0.018,0.012,19.506,184736.875,7.781,52.000
0.043,0.002,0.010,19.614,165627.938,2.401,52.000
0.054,0.001,0.004,20.155,119059.617,2.456,52.000
0.049,0.022,0.013,20.537,137582.406,6.497,52.000
0.047,0.001,0.019,22.446,29956.477,0.480,52.000
0.050,0.009,0.014,22.289,182232.219,7.525,52.000
0.050,0.021,0.013,18.697,158705.781,6.959,52.000
0.051,0.021,0.012,17.862,170261.094,7.469,52.000
0.049,0.020,0.010,19.431,176845.188,7.166,52.000
0.051,0.006,0.012,18.604,136633.531,3.491,52.000
0.058,0.001,0.011,17.661,123949.883,1.512,52.000
0.048,0.001,0.009,22.384,146069.469,2.667,52.000
0.099,0.011,0.013,19.713,100632.523,4.547,52.000
0.049,0.016,0.011,19.366,190504.062,7.623,52.000
0.050,0.024,0.011,21.098,155279.375,5.712,52.000
0.055,0.001,0.020,18.484,105440.445,3.110,52.000
0.051,0.023,0.014,19.671,103761.867,5.760,52.000
0.051,0.023,0.013,18.467,138499.125,6.649,52.000
0.049,0.001,0.014,21.798,172900.156,1.691,52.000
0.057,0.001,0.006,21.895,114245.898,1.570,52.000
0.048,0.006,0.011,20.299,141312.438,3.251,52.000
0.055,0.002,0.012,20.363,146766.125,2.066,52.000
0.051,0.008,0.011,17.980,129951.461,4.539,52.000
0.055,0.001,0.018,21.023,60855.695,2.003,52.000
0.049,0.000,0.009,27.342,-5754.000,1.125,52.000
0.046,0.002,0.015,23.072,142978.219,2.512,52.000
0.049,0.020,0.013,20.083,159624.719,6.987,52.000
0.052,0.000,0.009,26.128,-18230.055,1.302,52.000
0.051,0.012,0.013,20.731,169308.094,8.032,52.000
0.048,0.006,0.011,19.934,146135.219,2.981,52.000
0.051,0.007,0.011,19.687,122866.836,3.348,52.000
0.052,0.026,0.013,20.873,89886.430,6.110,52.000
0.048,0.003,0.010,22.075,167892.375,2.886,52.000
0.050,0.015,0.014,20.867,122523.773,6.526,52.000
0.052,0.000,0.006,24.542,20018.203,1.535,52.000
0.049,0.013,0.013,19.579,154865.938,7.777,52.000
0.001,0.013,0.012,22.745,132205.531,3.598,52.000
0.045,0.001,0.016,26.236,76885.586,0.636,52.000
0.054,0.001,0.004,23.594,7217.969,0.656,52.000
0.055,0.001,0.012,27.688,38898.992,0.606,52.000
0.058,0.000,0.014,22.193,84960.227,2.465,52.000
0.058,0.000,0.014,24.920,14837.547,1.000,52.000
0.053,0.001,0.006,21.139,114893.992,2.465,52.000
0.048,0.009,0.011,19.266,113105.242,6.000,52.000
0.051,0.003,0.012,19.386,173294.531,2.840,52.000
0.050,0.001,0.020,21.062,65284.742,1.573,52.000
0.055,0.001,0.020,20.070,91242.023,2.546,52.000
0.040,0.001,0.008,20.251,138269.875,1.969,52.000
0.050,0.001,0.004,19.280,107668.820,1.458,52.000
0.048,0.001,0.020,21.202,80109.117,1.707,52.000
0.050,0.016,0.011,19.078,194073.812,7.292,52.000
0.044,0.001,0.019,23.568,96342.180,1.641,52.000
0.049,0.016,0.010,18.341,200576.719,7.609,52.000
0.049,0.005,0.010,21.830,156048.969,2.654,52.000
0.049,0.023,0.010,21.052,153732.219,6.175,52.000
0.049,0.006,0.011,21.220,140972.188,3.011,52.000
0.053,0.001,0.003,21.340,48284.352,0.713,52.000
0.051,0.008,0.011,17.297,141726.094,4.801,52.000
0.052,0.002,0.011,22.436,150685.969,2.992,52.000
0.051,0.001,0.011,28.053,30056.180,1.827,52.000
0.051,0.025,0.011,20.139,153255.500,6.054,52.000
0.049,0.009,0.014,22.845,146093.719,6.672,52.000
0.048,0.001,0.013,22.519,88606.914,1.163,52.000
0.051,0.008,0.011,17.666,134631.406,4.418,52.000
0.057,0.000,0.006,24.238,21021.328,0.401,52.000
0.052,0.010,0.011,18.484,171894.000,7.542,52.000
0.049,0.016,0.012,20.152,184308.312,8.086,52.000
0.058,0.001,0.009,20.288,119896.883,0.791,52.000
0.051,0.005,0.013,18.047,183073.344,3.540,52.000
0.054,0.000,0.009,35.009,-35561.648,5.012,52.000
0.049,0.011,0.012,19.252,172564.719,7.397,52.000
0.050,0.021,0.012,19.410,183488.812,6.870,52.000
0.049,0.001,0.019,22.276,48128.523,0.542,52.000
0.054,0.001,0.008,26.822,37396.758,1.071,52.000
0.049,0.001,0.017,23.771,104432.523,1.834,52.000
0.099,0.011,0.012,20.417,53211.430,4.801,52.000
0.044,0.001,0.009,22.989,71925.398,2.104,52.000
0.046,0.001,0.015,23.297,137699.969,0.563,52.000
0.057,0.001,0.005,23.779,51320.711,0.873,52.000
0.051,0.008,0.013,21.721,153843.281,6.513,52.000
0.053,0.001,0.011,31.895,-34484.148,0.357,52.000
0.060,0.001,0.009,17.554,146882.688,1.047,52.000
0.098,0.013,0.012,21.128,76955.773,4.829,52.000
0.048,0.009,0.012,18.599,122548.164,5.774,52.000
0.052,0.015,0.013,18.876,171101.656,8.233,52.000
0.049,0.006,0.013,16.667,132242.844,3.593,52.000
0.049,0.013,0.011,18.391,168147.906,7.175,52.000
0.041,0.001,0.010,18.987,145735.844,0.280,52.000
0.049,0.000,0.014,29.169,26391.492,-1.654,52.000
0.051,0.008,0.012,19.454,124578.055,4.536,52.000
0.044,0.001,0.006,20.951,122549.695,2.323,52.000
0.050,0.015,0.012,20.242,175138.938,8.246,52.000
0.052,0.013,0.011,18.551,165666.188,7.512,52.000
0.049,0.011,0.013,21.010,172503.344,8.036,52.000
0.049,0.006,0.012,17.106,143765.938,3.560,52.000
0.052,0.005,0.013,18.839,179881.844,3.702,52.000
0.049,0.008,0.013,19.884,149418.750,6.623,52.000
0.047,0.000,0.004,18.493,36186.117,1.724,52.000
0.052,0.009,0.012,20.974,163155.062,7.460,52.000
0.050,0.008,0.010,18.178,126460.320,4.348,52.000
0.051,0.017,0.012,19.156,185076.969,8.072,52.000
0.048,0.013,0.010,16.793,150530.875,6.856,52.000
0.045,0.000,0.007,22.967,8917.406,0.337,52.000
0.048,0.023,0.011,21.143,170768.625,6.584,52.000
0.049,0.012,0.011,18.517,178250.344,7.897,52.000
0.050,0.005,0.010,22.303,145359.531,2.496,52.000
0.050,0.001,0.004,19.671,106431.258,1.493,52.000
0.048,0.016,0.012,20.246,184707.094,7.962,52.000
0.049,0.017,0.011,19.449,204023.812,7.397,52.000
0.041,0.001,0.007,20.816,141849.625,2.213,52.000
0.050,0.005,0.011,21.990,149230.156,2.590,52.000
0.048,0.026,0.011,22.714,165944.906,5.987,52.000
0.051,0.012,0.012,20.196,172366.906,7.899,52.000
0.051,0.014,0.013,20.148,161244.500,7.853,52.000
0.051,0.002,0.014,19.376,187190.906,2.940,52.000
0.050,0.013,0.010,16.845,156086.438,6.109,52.000
0.048,0.001,0.020,20.743,92945.195,2.236,52.000
0.055,0.000,0.003,21.205,46381.961,0.734,52.000
0.046,0.001,0.006,21.141,118908.773,2.985,52.000
0.051,0.017,0.013,20.322,151143.594,7.431,52.000
0.045,0.002,0.010,20.221,166983.344,2.748,52.000
0.050,0.019,0.013,19.251,171324.156,7.529,52.000
0.056,0.000,0.010,27.089,-21246.531,-0.760,52.000
0.041,0.000,0.006,22.288,66691.695,0.763,52.000
0.049,0.012,0.011,18.608,182444.625,7.925,52.000
0.051,0.027,0.011,10.712,250702.344,5.693,52.000
0.050,0.005,0.014,19.459,174800.438,2.880,52.000
0.044,0.001,0.004,18.768,129932.883,2.201,52.000
0.051,0.018,0.014,19.875,130846.273,6.987,52.000
0.042,0.000,0.011,22.092,-28343.477,-0.012,52.000
0.052,0.000,0.013,30.424,-12261.117,-0.746,52.000
0.051,0.018,0.014,19.411,122477.086,6.926,52.000
0.049,0.006,0.013,16.973,128535.414,4.071,52.000
0.049,0.009,0.014,21.676,162222.812,6.903,52.000
0.049,0.027,0.014,25.018,76883.336,5.018,52.000
0.051,0.014,0.010,18.214,170536.875,5.783,52.000
0.047,0.002,0.013,17.217,171179.531,1.433,52.000
0.058,0.000,0.019,21.786,61667.883,2.651,52.000
0.043,0.001,0.011,21.040,119326.820,0.919,52.000
0.053,0.002,0.019,19.700,104701.148,2.489,52.000
0.048,0.007,0.010,20.569,152485.062,3.915,52.000
0.050,0.022,0.011,20.276,162269.500,6.162,52.000
0.042,0.001,0.006,20.509,147277.594,2.520,52.000
0.049,0.011,0.012,19.946,170872.219,7.675,52.000
0.052,0.012,0.011,17.285,172005.688,7.196,52.000
0.045,0.001,0.009,21.591,153789.344,2.481,52.000
0.052,0.015,0.012,19.232,176742.625,7.606,52.000
0.048,0.007,0.011,19.437,133670.312,4.049,52.000
0.055,0.001,0.003,21.589,56304.836,1.290,52.000
0.053,0.001,0.022,16.668,-1283.516,2.378,52.000
0.051,0.022,0.011,19.786,157665.062,6.188,52.000
0.040,0.000,0.010,19.712,35751.914,-2.004,52.000
0.051,0.006,0.012,19.182,141364.469,3.213,52.000
0.055,0.000,0.010,27.647,-58285.027,-1.017,52.000
0.052,0.025,0.011,19.429,144907.969,6.250,52.000
0.001,0.011,0.011,21.642,133007.594,1.753,52.000
0.050,0.005,0.012,18.579,151958.781,2.954,52.000
0.052,0.012,0.013,20.728,166391.000,7.664,52.000
0.051,0.020,0.012,18.752,179569.531,7.293,52.000
0.049,0.003,0.010,21.969,166654.281,3.178,52.000
0.048,0.019,0.010,19.589,187118.094,7.398,52.000
0.051,0.001,0.015,22.903,159771.781,3.269,52.000
0.050,0.019,0.011,19.729,192936.969,7.138,52.000
0.000,0.013,0.012,26.128,-14439.633,5.264,52.000
0.041,0.001,0.015,19.082,75772.086,-0.143,52.000
0.055,0.000,0.019,22.661,-8334.625,0.987,52.000
0.050,0.021,0.012,19.435,177864.938,6.799,52.000
0.044,0.001,0.007,21.924,137689.281,2.455,52.000
0.054,0.001,0.008,24.891,81194.867,1.477,52.000
0.053,0.000,0.003,19.584,15273.383,0.874,52.000
0.051,0.023,0.011,19.806,148231.781,5.577,52.000
0.055,0.001,0.004,19.597,120445.898,2.784,52.000
0.051,0.019,0.013,18.653,165212.938,7.727,52.000
0.051,0.027,0.014,22.696,33252.852,5.382,52.000
0.098,0.011,0.013,20.183,100805.836,4.243,52.000
0.052,0.001,0.004,22.433,54549.211,1.370,52.000
0.049,0.003,0.011,21.220,165396.812,3.141,52.000
0.049,0.008,0.010,18.918,147576.406,4.624,52.000
0.054,0.001,0.017,24.127,92412.477,0.960,52.000
0.048,0.001,0.019,21.529,90454.320,1.886,52.000
0.047,0.001,0.020,21.883,76900.883,1.720,52.000
0.053,0.001,0.015,26.928,67111.992,0.297,52.000
0.058,0.001,0.009,24.449,40385.008,-0.344,52.000
0.052,0.002,0.016,23.486,136078.750,2.926,52.000
0.049,0.001,0.014,27.069,84142.992,0.812,52.000
0.051,0.008,0.012,20.013,137308.500,5.785,52.000
0.052,0.000,0.021,21.135,-73274.516,2.405,52.000
0.052,0.012,0.013,20.717,169878.562,7.934,52.000
0.051,0.001,0.005,20.894,111289.555,2.171,52.000
0.045,0.001,0.009,24.222,46628.195,1.913,52.000
0.050,0.007,0.014,19.626,193525.250,6.478,52.000
0.055,0.001,0.005,21.523,110621.102,2.369,52.000
0.048,0.000,0.008,25.645,-51031.016,0.585,52.000
0.051,0.006,0.011,19.629,134678.500,3.157,52.000
0.049,0.010,0.013,22.465,163265.750,7.901,52.000
0.044,0.001,0.012,18.750,150618.438,2.114,52.000
0.002,0.012,0.013,23.850,76513.961,5.665,52.000
0.002,0.012,0.012,22.177,123870.383,3.433,52.000
0.050,0.025,0.014,20.295,110196.648,5.787,52.000
0.049,0.019,0.013,20.752,143448.312,6.685,52.000
0.056,0.001,0.010,22.531,99141.883,0.307,52.000
0.052,0.007,0.012,19.905,132560.750,4.006,52.000
0.041,0.001,0.018,22.406,83442.445,0.684,52.000
0.048,0.003,0.012,18.300,171966.438,3.101,52.000
0.044,0.000,0.004,19.904,87752.711,-2.016,52.000
0.058,0.000,0.015,20.434,15647.188,0.429,52.000
0.054,0.001,0.018,21.535,72237.695,1.734,52.000
0.049,0.022,0.013,19.677,149638.156,6.827,52.000
0.044,0.000,0.004,17.856,20636.289,2.125,52.000
0.050,0.019,0.012,19.499,183702.031,7.565,52.000
0.049,0.018,0.012,20.306,187569.094,7.425,52.000
0.002,0.013,0.012,23.363,127332.227,4.538,52.000
0.049,0.024,0.014,20.667,124879.945,5.983,52.000
0.049,0.024,0.011,20.901,167418.656,6.335,52.000
0.048,0.001,0.011,22.070,141779.094,2.996,52.000
0.043,0.001,0.012,22.326,57174.258,0.228,52.000
0.002,0.012,0.011,21.221,136322.531,2.178,52.000
0.049,0.009,0.015,23.371,145728.938,6.466,52.000
0.047,0.001,0.017,26.551,23662.273,-0.494,52.000
0.052,0.000,0.015,27.445,-34674.484,-1.463,52.000
0.051,0.019,0.010,19.036,163683.188,6.733,52.000
0.048,0.002,0.011,21.770,168458.250,3.184,52.000
0.046,0.001,0.004,18.824,119184.461,1.810,52.000
0.050,0.004,0.009,21.601,160931.250,2.769,52.000
0.049,0.022,0.013,19.698,147447.469,6.649,52.000
0.044,0.001,0.015,23.107,118728.648,0.985,52.000
0.046,0.000,0.003,19.671,82157.242,-0.388,52.000
0.045,0.000,0.010,29.054,-24085.062,2.047,52.000
0.048,0.009,0.012,18.676,121322.758,5.571,52.000
0.051,0.009,0.012,20.940,161733.375,7.155,52.000
0.051,0.025,0.011,19.546,153131.312,6.603,52.000
0.051,0.008,0.012,19.995,129286.820,4.618,52.000
0.048,0.004,0.011,20.967,157053.188,2.885,52.000
0.053,0.000,0.009,26.238,20704.008,1.472,52.000
0.050,0.022,0.013,18.949,144041.188,6.675,52.000
0.046,0.001,0.003,20.990,-11189.852,-1.079,52.000
0.047,0.001,0.021,20.583,78890.648,2.178,52.000
0.048,0.019,0.013,20.221,174888.500,7.333,52.000
0.052,0.002,0.012,20.013,176995.156,2.883,52.000
0.061,0.001,0.010,14.747,154347.625,0.957,52.000
0.049,0.020,0.012,19.866,192582.438,6.964,52.000
0.048,0.025,0.011,22.239,164351.281,6.157,52.000
0.058,0.001,0.017,23.451,56827.570,0.824,52.000
0.046,0.000,0.015,27.596,-50642.605,1.476,52.000
0.050,0.021,0.014,20.190,120825.352,6.273,52.000
0.050,0.000,0.016,26.213,-14221.680,-0.344,52.000
0.051,0.005,0.012,18.436,161659.375,3.155,52.000
0.059,0.001,0.006,20.813,112106.633,1.131,52.000
0.047,0.001,0.017,25.087,105211.164,2.039,52.000
0.051,0.004,0.011,21.545,165733.625,3.095,52.000
0.051,0.006,0.015,20.547,189512.625,5.892,52.000
0.048,0.002,0.009,21.617,152076.156,3.438,52.000
0.052,0.018,0.013,18.878,152771.750,7.857,52.000
0.049,0.002,0.012,20.456,172283.281,3.391,52.000
0.050,0.021,0.012,19.297,185267.812,6.909,52.000
0.051,0.020,0.011,18.861,170357.500,6.886,52.000
0.052,0.008,0.013,22.395,179961.156,7.959,52.000
0.056,0.000,0.013,26.699,-9873.289,-1.189,52.000
0.049,0.013,0.012,19.506,171790.156,7.716,52.000
0.053,0.000,0.022,17.606,-27769.758,0.771,52.000
0.044,0.001,0.009,21.398,144825.219,1.992,52.000
0.041,0.001,0.008,22.554,72788.711,1.168,52.000
0.048,0.001,0.002,19.066,103227.102,0.802,52.000
0.050,0.000,0.022,19.416,-58256.625,2.417,52.000
0.049,0.001,0.009,21.744,160680.562,3.363,52.000
0.098,0.010,0.012,19.544,95283.617,5.297,52.000
0.048,0.001,0.003,18.995,110669.148,1.521,52.000
0.052,0.019,0.012,18.301,164564.688,7.875,52.000
0.049,0.001,0.019,20.826,101132.898,2.205,52.000
0.048,0.025,0.011,21.979,168747.469,6.446,52.000
0.049,0.026,0.011,21.685,131303.375,5.683,52.000
0.048,0.013,0.012,19.100,174995.094,7.890,52.000
0.052,0.026,0.011,20.031,141264.688,6.424,52.000
0.050,0.001,0.008,23.827,108745.180,2.604,52.000
0.047,0.001,0.011,21.243,172514.344,3.286,52.000
0.046,0.001,0.008,22.314,131581.000,2.688,52.000
0.050,0.016,0.014,20.540,139375.156,6.881,52.000
0.047,0.001,0.004,19.307,115575.289,1.437,52.000
0.051,0.004,0.014,19.640,172547.312,2.881,52.000
0.056,0.001,0.015,24.060,111857.273,0.615,52.000
0.046,0.000,0.015,26.125,-45704.469,1.221,52.000
0.048,0.006,0.013,15.991,128756.742,3.952,52.000
0.054,0.001,0.018,19.869,118393.695,2.534,52.000
0.057,0.000,0.017,25.153,-13075.547,1.200,52.000
0.058,0.000,0.012,22.850,48039.227,1.879,52.000
0.058,0.000,0.010,24.268,27654.133,0.553,52.000
0.044,0.002,0.009,20.492,164803.562,3.174,52.000
0.041,0.001,0.007,20.450,142063.125,2.085,52.000
0.049,0.014,0.013,20.140,158602.531,7.675,52.000
0.045,0.002,0.011,20.650,171328.750,2.829,52.000
0.045,0.000,0.020,20.144,-3425.734,0.701,52.000
0.051,0.000,0.010,33.372,-37777.883,3.616,52.000
0.058,0.001,0.013,22.390,87989.992,-0.277,52.000
0.049,0.001,0.019,20.977,107820.680,2.283,52.000
0.052,0.005,0.012,20.115,154261.906,2.730,52.000
0.053,0.001,0.020,19.852,67560.711,2.080,52.000
0.049,0.003,0.011,22.270,161429.250,2.914,52.000
0.059,0.000,0.016,22.488,107884.633,1.974,52.000
0.048,0.004,0.013,16.355,157490.938,2.325,52.000
0.051,0.014,0.013,21.673,149201.812,7.431,52.000
0.050,0.007,0.011,19.670,116434.055,3.538,52.000
0.050,0.024,0.013,19.885,133150.938,6.121,52.000
0.048,0.001,0.011,25.367,66915.539,2.657,52.000
0.049,0.001,0.008,23.618,112895.289,2.477,52.000
0.050,0.021,0.013,19.221,166607.281,6.947,52.000
0.051,0.013,0.010,18.057,165340.094,6.218,52.000
0.049,0.020,0.011,19.991,177812.312,6.479,52.000
0.098,0.012,0.011,20.502,66510.070,6.507,52.000
0.049,0.006,0.012,16.718,131238.969,4.168,52.000
0.048,0.001,0.011,24.745,85735.305,2.691,52.000
0.049,0.014,0.010,17.899,172114.844,6.716,52.000
0.048,0.015,0.012,19.224,174785.031,8.093,52.000
0.049,0.000,0.011,28.470,-2624.125,0.363,52.000
0.051,0.023,0.014,19.394,112074.305,5.945,52.000
0.050,0.021,0.013,19.479,135794.656,6.703,52.000
0.049,0.018,0.010,18.220,187209.781,8.129,52.000
0.051,0.014,0.014,21.286,133235.156,6.789,52.000
0.043,0.000,0.006,21.804,50687.320,-0.655,52.000
0.057,0.001,0.015,22.034,138556.031,1.477,52.000
0.042,0.001,0.013,17.245,124855.180,1.595,52.000
0.050,0.019,0.013,20.728,138841.969,6.700,52.000
0.049,0.004,0.010,21.833,165764.188,3.002,52.000
0.047,0.001,0.013,25.166,35680.305,0.991,52.000
0.056,0.001,0.012,20.754,106458.242,1.354,52.000
0.052,0.008,0.013,21.303,185445.500,7.030,52.000
0.047,0.002,0.007,21.165,110351.102,3.004,52.000
0.057,0.000,0.018,21.804,18669.797,-0.139,52.000
0.050,0.013,0.010,17.644,161339.469,6.352,52.000
0.051,0.003,0.012,19.743,174052.344,2.710,52.000
0.048,0.000,0.022,20.552,-45929.984,1.812,52.000
0.045,0.001,0.021,22.154,25964.305,0.991,52.000
0.059,0.001,0.011,21.800,55590.477,-0.210,52.000
0.057,0.000,0.005,24.891,-12718.828,0.897,52.000
0.049,0.009,0.013,20.250,157111.812,6.952,52.000
0.047,0.001,0.006,21.088,105416.695,2.824,52.000
0.049,0.006,0.014,18.681,173485.625,4.026,52.000
0.053,0.001,0.011,28.614,23583.578,1.253,52.000
0.052,0.009,0.014,22.851,177426.719,7.912,52.000
0.051,0.003,0.013,17.487,190116.938,2.320,52.000
0.057,0.000,0.013,20.202,30799.555,-0.710,52.000
0.052,0.001,0.023,18.513,42361.398,2.201,52.000
0.056,0.000,0.010,27.947,16782.781,0.357,52.000
0.049,0.007,0.013,18.683,150514.562,5.453,52.000
0.055,0.001,0.006,25.037,37548.898,0.911,52.000
0.055,0.000,0.004,25.062,-30037.086,0.688,52.000
0.051,0.011,0.011,16.928,157289.781,7.570,52.000
0.049,0.006,0.012,17.221,135535.031,3.841,52.000
0.046,0.001,0.003,18.817,123670.961,1.536,52.000
0.053,0.001,0.018,26.184,-42020.316,-0.654,52.000
0.051,0.013,0.013,20.960,166845.875,7.649,52.000
0.051,0.021,0.012,18.044,163539.375,7.255,52.000
0.048,0.024,0.013,20.200,157054.875,7.026,52.000
0.055,0.002,0.018,19.633,117362.445,2.587,52.000
0.056,0.001,0.006,25.301,32861.039,0.606,52.000
0.049,0.001,0.006,22.065,92278.945,2.284,52.000
0.051,0.024,0.013,18.617,133872.031,6.609,52.000
0.050,0.001,0.005,20.918,102128.789,2.070,52.000
0.048,0.000,0.007,21.500,4559.242,0.909,52.000
0.047,0.000,0.006,20.636,32642.742,0.792,52.000
0.098,0.014,0.012,21.840,81050.070,3.660,52.000
0.044,0.001,0.005,19.697,133553.125,2.585,52.000
0.049,0.012,0.012,19.134,176970.406,7.914,52.000
0.043,0.001,0.018,24.915,47948.820,0.267,52.000
0.049,0.011,0.010,16.278,138768.781,7.228,52.000
0.049,0.005,0.013,16.737,147158.719,3.127,52.000
0.056,0.000,0.019,22.038,-39115.590,1.682,52.000
0.050,0.006,0.013,18.801,149845.875,4.902,52.000
0.049,0.022,0.012,19.594,169424.281,6.896,52.000
0.058,0.001,0.018,19.869,128748.336,2.328,52.000
0.099,0.011,0.011,19.667,74179.367,7.224,52.000
0.044,0.001,0.009,21.638,144126.469,2.417,52.000
0.052,0.023,0.010,20.086,145007.344,5.375,52.000
0.050,0.021,0.014,20.067,111266.461,5.969,52.000
0.052,0.014,0.012,18.922,162636.781,7.853,52.000
0.052,0.001,0.014,24.685,133259.688,2.288,52.000
0.042,0.001,0.009,21.518,85975.023,1.227,52.000
0.051,0.022,0.013,18.472,130106.414,6.575,52.000
0.043,0.002,0.011,18.759,168914.250,2.014,52.000
0.040,0.001,0.016,19.718,85321.664,0.920,52.000
0.050,0.001,0.005,22.146,90327.445,1.924,52.000
0.058,0.000,0.012,23.193,57513.070,-0.133,52.000
0.049,0.027,0.013,21.495,120648.508,6.487,52.000
0.051,0.020,0.014,19.963,114265.742,6.217,52.000
0.041,0.001,0.012,19.234,119636.711,-0.148,52.000
0.042,0.000,0.013,23.365,-78924.180,-1.799,52.000
0.052,0.010,0.013,22.232,169237.594,7.731,52.000
0.051,0.026,0.014,21.074,85815.695,6.098,52.000
0.099,0.012,0.012,20.616,90183.133,4.923,52.000
0.052,0.023,0.013,18.903,119483.086,6.415,52.000
0.055,0.001,0.015,22.280,134331.844,1.807,52.000
0.049,0.001,0.002,18.352,114849.398,1.048,52.000
0.052,0.001,0.022,18.090,56981.789,2.498,52.000
0.054,0.002,0.007,22.510,103284.133,2.638,52.000
0.050,0.022,0.010,19.779,152151.750,6.021,52.000
0.060,0.001,0.012,17.931,115200.133,0.634,52.000
0.052,0.014,0.013,20.130,152514.125,7.818,52.000
0.051,0.006,0.010,20.952,140106.906,2.661,52.000
0.051,0.009,0.014,22.820,163984.438,7.179,52.000
0.100,0.012,0.011,23.781,-39637.816,12.954,52.000
0.048,0.002,0.010,21.971,168138.719,2.964,52.000
0.050,0.025,0.012,19.802,150068.531,6.976,52.000
0.056,0.000,0.012,32.358,-72737.477,0.340,52.000
0.045,0.001,0.012,18.696,170272.656,2.584,52.000
0.051,0.027,0.012,21.199,215578.031,8.587,52.000
0.045,0.001,0.015,22.366,145976.125,1.983,52.000
0.058,0.001,0.017,20.849,138333.656,1.734,52.000
0.043,0.001,0.010,19.917,155686.219,2.317,52.000
0.097,0.011,0.011,19.953,72579.164,6.904,52.000
0.056,0.001,0.020,20.079,3314.711,1.278,52.000
0.098,0.011,0.013,20.267,97338.695,4.257,52.000
0.048,0.002,0.012,20.655,171801.375,3.233,52.000
0.051,0.010,0.012,19.032,155967.719,6.888,52.000
0.045,0.001,0.020,22.786,64639.727,1.329,52.000
0.049,0.004,0.011,20.427,166615.312,2.981,52.000
0.058,0.001,0.014,22.142,100955.008,0.611,52.000
0.049,0.024,0.011,21.858,160363.625,5.897,52.000
0.051,0.014,0.014,21.778,127187.945,6.661,52.000
0.049,0.027,0.011,26.922,78784.211,3.368,52.000
0.052,0.007,0.012,19.410,134066.250,4.474,52.000
0.049,0.006,0.014,18.837,170883.406,4.623,52.000
0.001,0.012,0.011,21.581,133836.625,2.094,52.000
0.050,0.019,0.013,19.535,176230.844,7.718,52.000
0.053,0.001,0.011,32.223,-44467.285,0.123,52.000
0.053,0.000,0.004,23.463,36621.336,1.661,52.000
0.100,0.013,0.013,17.600,17531.180,5.458,52.000
0.048,0.000,0.010,29.017,-16902.070,3.350,52.000
0.001,0.014,0.013,23.484,125858.930,4.818,52.000
0.044,0.000,0.012,26.466,-95579.586,-2.695,52.000
0.051,0.001,0.004,20.707,96172.664,1.604,52.000
0.052,0.001,0.005,24.185,6770.742,0.953,52.000
0.047,0.001,0.003,18.665,121372.133,1.618,52.000
0.048,0.000,0.008,25.591,-16607.266,0.130,52.000
0.048,0.003,0.011,21.160,167859.531,3.190,52.000
0.050,0.000,0.002,21.956,89.695,-0.917,52.000
0.052,0.018,0.012,18.874,182357.750,7.917,52.000
0.098,0.012,0.011,20.008,70728.148,7.008,52.000
0.051,0.019,0.010,18.411,168937.781,7.269,52.000
0.050,0.015,0.014,20.405,134027.906,6.777,52.000
0.048,0.012,0.011,17.593,149514.406,7.644,52.000
0.048,0.000,0.007,24.010,26271.336,0.784,52.000
0.049,0.011,0.013,20.816,170934.188,8.078,52.000
0.054,0.001,0.019,20.243,57862.602,2.102,52.000
0.043,0.001,0.009,20.067,159161.688,2.598,52.000
0.043,0.001,0.019,21.985,117607.008,2.304,52.000
0.051,0.001,0.004,20.484,102024.430,1.559,52.000
0.049,0.005,0.011,20.928,149929.469,2.750,52.000
0.003,0.013,0.012,22.942,115025.633,4.588,52.000
0.052,0.010,0.013,21.977,184452.938,7.939,52.000
0.040,0.000,0.010,18.315,36441.039,-2.006,52.000
0.049,0.021,0.012,19.483,191909.125,6.953,52.000
0.098,0.013,0.011,21.033,67334.820,5.826,52.000
0.050,0.012,0.012,20.226,177636.844,8.108,52.000
0.043,0.001,0.006,21.943,127300.945,1.865,52.000
0.053,0.002,0.018,19.976,117863.680,2.566,52.000
0.047,0.001,0.018,24.520,74215.289,0.831,52.000
0.050,0.018,0.011,19.294,193921.594,7.313,52.000
0.051,0.007,0.014,20.295,198785.562,6.722,52.000
0.050,0.020,0.013,19.210,169305.969,7.270,52.000
0.048,0.009,0.014,20.969,153282.812,7.055,52.000
0.053,0.002,0.011,22.360,140688.469,2.211,52.000
0.058,0.001,0.010,18.222,122516.117,0.842,52.000
0.055,0.002,0.013,20.266,158769.000,2.788,52.000
0.002,0.013,0.013,23.855,93043.180,5.637,52.000
0.051,0.023,0.012,18.456,157721.438,6.934,52.000
0.053,0.000,0.005,24.212,11545.547,1.207,52.000
0.051,0.002,0.012,19.585,179166.500,2.864,52.000
0.052,0.015,0.012,19.403,175604.000,7.729,52.000
0.050,0.001,0.019,22.709,60596.867,0.797,52.000
0.044,0.000,0.005,20.994,103711.617,-0.128,52.000
0.052,0.013,0.011,18.624,169964.812,6.744,52.000
0.056,0.001,0.004,19.852,122655.289,2.708,52.000
0.098,0.012,0.012,20.713,92735.336,4.434,52.000
0.051,0.004,0.013,17.440,171523.375,2.731,52.000
0.051,0.000,0.015,29.529,-7161.195,-2.154,52.000
0.051,0.008,0.014,20.999,188050.438,7.250,52.000
0.048,0.008,0.014,19.578,168998.531,5.395,52.000
0.053,0.002,0.009,23.037,138516.094,2.237,52.000
0.048,0.010,0.010,16.668,133162.469,6.621,52.000
0.058,0.000,0.006,25.365,-66245.781,0.764,52.000
0.049,0.001,0.004,19.671,104759.195,1.671,52.000
0.000,0.013,0.011,24.545,21327.805,5.413,52.000
0.051,0.015,0.010,18.863,183439.250,6.958,52.000
0.046,0.001,0.009,23.204,98906.461,2.477,52.000
0.054,0.000,0.016,26.440,-455.625,-1.557,52.000
0.050,0.019,0.014,20.590,124051.836,6.269,52.000
0.049,0.021,0.013,19.941,170461.969,7.014,52.000
0.059,0.000,0.014,21.852,47549.586,1.797,52.000
0.051,0.016,0.014,20.463,143201.281,7.096,52.000
0.003,0.012,0.013,22.789,95276.242,4.937,52.000
0.050,0.000,0.001,18.577,61612.805,1.158,52.000
0.048,0.023,0.013,20.147,154856.562,6.766,52.000
0.053,0.000,0.021,19.762,-23063.008,2.968,52.000
0.048,0.001,0.007,21.678,114168.289,2.901,52.000
0.050,0.007,0.014,19.593,193803.562,5.865,52.000
0.049,0.006,0.013,17.133,128229.117,4.473,52.000
0.051,0.009,0.010,16.013,168690.750,4.563,52.000
0.049,0.021,0.012,19.910,177311.812,7.013,52.000
0.048,0.000,0.002,18.998,87571.602,0.602,52.000
0.049,0.026,0.013,21.189,140868.125,6.098,52.000
0.048,0.014,0.012,19.396,167223.719,7.971,52.000
0.052,0.003,0.010,22.654,158874.969,2.915,52.000
0.050,0.015,0.014,20.737,130651.602,6.804,52.000
0.054,0.000,0.009,32.108,-5289.711,3.591,52.000
0.048,0.000,0.009,27.924,-24905.234,1.065,52.000
0.046,0.001,0.007,21.479,126011.633,3.122,52.000
0.049,0.018,0.011,20.113,197740.781,7.137,52.000
0.049,0.000,0.018,25.586,-25661.398,-1.815,52.000
0.051,0.001,0.005,22.856,71911.664,1.591,52.000
0.052,0.007,0.014,21.170,189310.344,7.052,52.000
0.058,0.001,0.019,19.499,125091.492,2.674,52.000
0.100,0.013,0.012,21.827,33852.148,3.275,52.000
0.048,0.002,0.013,16.993,167100.094,0.689,52.000
0.044,0.001,0.012,21.233,100419.789,1.805,52.000
0.054,0.001,0.010,23.362,121499.414,1.166,52.000
0.049,0.008,0.012,19.027,134999.312,5.837,52.000
0.052,0.003,0.013,18.201,191650.438,2.790,52.000
0.050,0.004,0.012,19.988,160760.844,2.720,52.000
0.052,0.000,0.022,18.385,-12494.859,3.286,52.000
0.051,0.023,0.012,18.095,154931.875,7.013,52.000
0.041,0.001,0.015,19.841,49779.492,-0.531,52.000
0.049,0.009,0.012,19.602,127691.367,5.982,52.000
0.057,0.002,0.010,21.394,113966.461,1.276,52.000
0.047,0.001,0.005,21.889,82879.023,2.069,52.000
0.050,0.001,0.017,26.787,30743.414,-0.171,52.000
0.052,0.001,0.001,20.504,34232.289,0.188,52.000
0.049,0.003,0.010,22.403,163598.094,2.901,52.000
0.049,0.003,0.012,17.571,168583.312,2.724,52.000
0.045,0.000,0.017,24.810,73533.805,-1.283,52.000
0.049,0.001,0.004,22.176,-11421.906,-0.051,52.000
0.052,0.025,0.012,19.175,130458.398,6.890,52.000
0.050,0.006,0.014,19.737,187469.969,5.109,52.000
0.056,0.002,0.014,21.878,145354.969,1.838,52.000
0.052,0.001,0.015,25.501,126520.695,2.185,52.000
0.051,0.021,0.014,19.417,125618.148,6.445,52.000
0.051,0.003,0.013,17.806,182463.094,2.789,52.000
0.049,0.021,0.014,20.125,129332.648,6.566,52.000
0.058,0.000,0.008,27.313,-30956.500,0.816,52.000
0.050,0.022,0.010,19.826,149496.281,6.160,52.000
0.048,0.001,0.017,23.494,132129.344,3.175,52.000
0.049,0.019,0.014,20.869,133696.375,6.492,52.000
0.048,0.003,0.011,21.904,163569.125,2.990,52.000
0.048,0.008,0.011,20.078,129452.430,4.426,52.000
0.053,0.000,0.004,19.926,34557.992,1.083,52.000
0.052,0.020,0.013,18.797,134851.469,7.084,52.000
0.053,0.001,0.013,20.296,181126.906,2.864,52.000
0.048,0.001,0.012,20.545,138766.531,2.301,52.000
0.044,0.001,0.014,22.828,36534.977,0.029,52.000
0.052,0.001,0.023,17.591,36819.164,2.496,52.000
0.049,0.016,0.012,20.171,183095.125,8.151,52.000
0.047,0.001,0.016,28.057,29953.727,-0.483,52.000
0.002,0.011,0.013,22.829,73633.227,5.227,52.000
0.042,0.001,0.013,16.749,125891.961,1.411,52.000
0.049,0.003,0.014,20.352,165865.500,1.861,52.000
0.050,0.026,0.010,22.520,152054.281,5.365,52.000
0.047,0.000,0.002,20.077,60167.930,-0.522,52.000
0.048,0.001,0.010,21.405,169505.781,3.356,52.000
0.050,0.015,0.013,20.271,174179.906,8.227,52.000
0.051,0.010,0.010,15.938,158983.250,6.194,52.000
0.051,0.026,0.011,20.699,151541.000,6.209,52.000
0.058,0.001,0.010,19.415,120497.086,0.394,52.000
0.050,0.022,0.012,19.476,174902.062,6.716,52.000
0.050,0.022,0.011,19.952,165806.531,6.458,52.000
0.051,0.025,0.014,20.109,107977.258,6.095,52.000
0.045,0.001,0.015,29.181,-24214.414,-3.245,52.000
0.052,0.025,0.012,19.163,123884.508,6.844,52.000
0.052,0.008,0.011,17.543,140294.219,4.608,52.000
0.052,0.002,0.012,20.495,175782.219,2.815,52.000
0.052,0.002,0.017,21.695,126855.273,2.936,52.000
0.045,0.001,0.015,23.696,130080.695,2.023,52.000
0.048,0.025,0.011,22.352,161378.250,6.111,52.000
0.051,0.016,0.013,19.961,149396.406,7.363,52.000
0.058,0.001,0.019,21.283,99402.133,2.127,52.000
0.060,0.001,0.012,16.718,133455.688,1.960,52.000
0.054,0.001,0.014,28.977,30445.227,-0.187,52.000
0.056,0.001,0.014,21.519,152005.062,2.500,52.000
0.046,0.000,0.021,20.215,30734.008,1.523,52.000
0.050,0.022,0.010,19.967,148016.094,6.355,52.000
0.052,0.015,0.014,20.887,132466.000,7.016,52.000
0.042,0.001,0.018,23.483,62326.117,0.995,52.000
0.047,0.001,0.005,19.814,114182.523,2.257,52.000
0.052,0.001,0.016,26.755,41546.555,-0.214,52.000
0.052,0.011,0.013,22.095,167203.562,7.693,52.000
0.051,0.022,0.012,18.119,154960.781,7.016,52.000
0.052,0.004,0.010,22.066,158740.375,2.857,52.000
0.052,0.018,0.012,17.850,175089.594,7.991,52.000
0.043,0.001,0.015,20.136,139751.156,1.675,52.000
0.051,0.011,0.011,16.697,168404.438,7.208,52.000
0.049,0.001,0.004,22.028,44287.367,0.767,52.000
0.051,0.019,0.010,18.817,169580.500,6.881,52.000
0.052,0.022,0.011,18.266,152787.250,6.928,52.000
0.044,0.000,0.009,22.004,-1111.445,-0.326,52.000
0.051,0.012,0.011,18.893,180865.469,7.769,52.000
0.052,0.001,0.016,22.896,131073.500,2.521,52.000
0.052,0.009,0.011,18.449,169094.344,7.401,52.000
0.050,0.019,0.013,20.096,156433.375,7.427,52.000
0.048,0.007,0.014,18.360,154347.531,4.448,52.000
0.050,0.022,0.011,19.886,169003.875,6.447,52.000
0.048,0.013,0.011,17.970,162114.969,7.202,52.000
0.044,0.001,0.018,23.166,128146.102,2.494,52.000
0.051,0.001,0.016,23.793,136614.344,2.957,52.000
0.055,0.001,0.020,19.712,-13657.891,1.414,52.000
0.051,0.006,0.013,19.776,167863.094,4.649,52.000
0.048,0.018,0.011,19.657,203797.875,7.430,52.000
0.053,0.000,0.016,27.192,-44229.992,-1.214,52.000
0.055,0.001,0.004,19.620,118773.398,2.718,52.000
0.055,0.000,0.005,25.045,10438.430,0.942,52.000
0.060,0.001,0.011,19.613,77103.227,0.352,52.000
0.051,0.025,0.014,20.608,113725.961,6.006,52.000
0.050,0.025,0.012,19.981,153677.031,6.902,52.000
0.051,0.000,0.009,27.523,-46547.809,0.946,52.000
0.049,0.011,0.010,15.454,147697.969,7.003,52.000
0.044,0.001,0.005,20.544,81772.992,1.594,52.000
0.052,0.017,0.013,18.942,151396.875,7.793,52.000
0.049,0.018,0.010,18.523,199278.469,8.007,52.000
0.040,0.001,0.013,17.173,99763.055,-0.486,52.000
0.050,0.004,0.011,21.170,165318.062,2.998,52.000
0.052,0.001,0.020,20.332,76385.773,1.959,52.000
0.049,0.000,0.018,22.871,23090.750,0.093,52.000
0.052,0.001,0.010,31.107,-65666.219,0.433,52.000
0.054,0.001,0.006,22.947,98256.555,2.312,52.000
0.048,0.021,0.013,20.035,169530.594,7.193,52.000
0.057,0.001,0.019,18.749,122345.539,3.246,52.000
0.053,0.001,0.018,20.935,105978.773,2.016,52.000
0.048,0.001,0.017,22.939,132185.875,3.345,52.000
0.097,0.012,0.012,20.282,81904.789,5.817,52.000
0.045,0.000,0.022,18.370,-71344.562,0.503,52.000
0.042,0.001,0.009,20.539,140493.281,2.016,52.000
0.050,0.007,0.014,19.376,181492.938,6.077,52.000
0.052,0.000,0.013,28.283,34235.945,0.615,52.000
0.046,0.001,0.017,23.205,132014.219,3.076,52.000
0.040,0.000,0.015,20.152,-40101.762,0.085,52.000
0.050,0.001,0.018,23.370,55591.273,0.584,52.000
0.055,0.001,0.007,22.660,109385.602,2.565,52.000
0.049,0.013,0.012,19.728,163904.094,7.897,52.000
0.047,0.002,0.010,21.589,173059.812,2.915,52.000
0.052,0.025,0.011,20.231,150235.156,5.987,52.000
0.043,0.001,0.007,21.927,142753.344,2.642,52.000
0.049,0.010,0.013,20.759,157105.250,7.349,52.000
0.047,0.000,0.002,19.969,103380.461,-0.107,52.000
0.047,0.002,0.008,21.368,143968.031,3.248,52.000
0.049,0.001,0.015,23.142,148168.719,3.094,52.000
0.050,0.013,0.011,18.455,172104.312,7.340,52.000
0.041,0.001,0.009,20.804,126708.945,0.305,52.000
0.052,0.000,0.019,20.999,-16104.203,0.969,52.000
0.050,0.000,0.015,27.481,13268.312,0.688,52.000
0.055,0.000,0.015,28.849,-38124.875,0.273,52.000
0.049,0.012,0.011,18.701,183308.812,8.170,52.000
0.052,0.001,0.007,24.100,79750.633,2.225,52.000
0.048,0.008,0.011,19.986,125191.836,4.463,52.000
0.050,0.013,0.012,19.487,177947.219,7.916,52.000
0.049,0.001,0.018,23.357,98576.992,1.651,52.000
0.052,0.001,0.016,22.701,130886.633,2.440,52.000
0.050,0.011,0.011,18.514,173276.500,7.973,52.000
0.052,0.000,0.007,24.701,29856.742,0.745,52.000
0.052,0.000,0.014,28.545,17100.039,0.877,52.000
0.051,0.025,0.010,20.960,147375.500,5.458,52.000
0.052,0.007,0.013,20.642,165324.375,5.518,52.000
0.050,0.022,0.012,19.452,173178.938,6.782,52.000
0.052,0.025,0.011,20.101,147740.625,5.617,52.000
0.048,0.026,0.013,20.982,163677.844,7.173,52.000
0.040,0.001,0.011,19.547,111695.930,-0.930,52.000
0.048,0.010,0.014,22.166,143429.781,6.889,52.000
0.052,0.011,0.014,22.068,164041.344,7.351,52.000
0.047,0.000,0.004,20.944,52131.711,-0.078,52.000
0.052,0.001,0.010,23.219,137487.000,1.821,52.000
0.046,0.000,0.021,18.740,19863.094,1.491,52.000
0.051,0.006,0.012,19.577,138794.781,2.842,52.000
0.051,0.026,0.013,21.788,103451.867,5.917,52.000
0.050,0.000,0.011,26.123,70496.164,2.545,52.000
0.044,0.000,0.021,21.001,-54340.461,1.274,52.000
0.051,0.001,0.022,20.270,26755.992,1.343,52.000
0.049,0.026,0.014,20.698,122557.570,5.794,52.000
0.049,0.010,0.010,16.223,140851.781,6.492,52.000
0.051,0.001,0.006,24.234,21334.312,1.194,52.000
0.049,0.015,0.011,18.975,181035.312,7.708,52.000
0.042,0.000,0.006,20.298,70704.102,-1.477,52.000
0.051,0.025,0.012,19.237,149034.875,6.834,52.000
0.060,0.001,0.008,18.123,144486.625,2.020,52.000
0.048,0.002,0.018,21.471,124973.477,3.201,52.000
0.044,0.000,0.015,30.013,-106952.945,-3.445,52.000
0.050,0.003,0.014,20.187,169378.562,2.020,52.000
0.048,0.012,0.012,19.230,167934.938,7.409,52.000
0.052,0.010,0.011,17.886,171945.031,7.248,52.000
0.052,0.007,0.013,20.769,190419.938,6.239,52.000
0.049,0.009,0.011,17.923,125027.227,6.203,52.000
0.052,0.001,0.016,23.093,136354.969,2.470,52.000
0.047,0.001,0.022,19.689,68926.617,2.547,52.000
0.050,0.020,0.013,19.668,154845.000,7.215,52.000
0.053,0.000,0.022,19.113,-29429.992,2.969,52.000
0.042,0.001,0.010,20.790,138098.531,0.955,52.000
0.051,0.001,0.021,19.134,83728.273,2.436,52.000
0.050,0.023,0.013,19.224,143682.500,6.563,52.000
0.054,0.001,0.019,20.365,86336.086,2.249,52.000
0.042,0.001,0.018,22.911,121418.398,1.931,52.000
0.051,0.018,0.014,20.226,122542.945,6.622,52.000
0.052,0.001,0.018,20.757,118574.789,2.594,52.000
0.050,0.006,0.009,20.001,155449.312,3.199,52.000
0.049,0.007,0.012,18.236,127614.320,3.649,52.000
0.059,0.001,0.008,25.382,19519.945,-1.188,52.000
0.048,0.020,0.013,20.373,160712.844,7.019,52.000
0.041,0.001,0.012,20.090,92291.570,-0.166,52.000
0.055,0.000,0.011,32.565,-8222.117,-0.235,52.000
0.048,0.004,0.012,18.510,171340.969,3.370,52.000
0.058,0.001,0.017,21.374,135585.031,1.575,52.000
0.051,0.023,0.011,19.233,157581.750,6.692,52.000
0.050,0.003,0.013,17.679,175372.125,2.499,52.000
0.047,0.001,0.008,21.654,134118.875,3.055,52.000
0.050,0.018,0.012,19.722,195016.500,7.379,52.000
0.048,0.006,0.011,20.210,147303.250,3.378,52.000
0.052,0.016,0.013,19.044,159328.625,7.963,52.000
0.049,0.027,0.014,9.381,192489.000,4.369,52.000
0.046,0.002,0.010,20.228,170513.656,3.291,52.000
0.049,0.013,0.011,18.385,168155.688,7.280,52.000
0.042,0.001,0.012,17.595,146555.250,1.242,52.000
0.050,0.008,0.014,22.195,168230.781,6.942,52.000
0.051,0.022,0.013,18.672,129937.805,6.677,52.000
0.057,0.001,0.007,22.112,108243.086,1.263,52.000
0.049,0.025,0.014,20.593,122770.695,5.867,52.000
0.051,0.003,0.014,21.082,168181.562,2.916,52.000
0.049,0.000,0.003,21.870,28882.117,1.024,52.000
0.049,0.022,0.013,19.956,170106.844,7.002,52.000
0.051,0.018,0.011,19.216,186043.656,7.160,52.000
0.055,0.000,0.006,24.041,16953.555,0.261,52.000
0.043,0.001,0.008,22.792,24414.578,1.325,52.000
0.049,0.016,0.012,20.223,189160.906,7.969,52.000
0.049,0.015,0.014,20.096,142892.375,7.049,52.000
0.049,0.020,0.013,20.407,144189.281,6.760,52.000
0.049,0.018,0.011,19.509,202915.469,7.251,52.000
0.051,0.001,0.005,22.421,61100.164,1.332,52.000
0.047,0.001,0.013,20.359,114176.383,1.451,52.000
0.050,0.022,0.013,18.732,159587.156,6.933,52.000
0.048,0.001,0.018,22.375,128138.961,3.082,52.000
0.059,0.001,0.012,16.885,127996.836,2.012,52.000
0.052,0.018,0.012,18.235,173648.219,8.093,52.000
0.051,0.001,0.012,21.788,145014.031,2.868,52.000
0.044,0.000,0.009,24.132,33799.492,0.807,52.000
0.050,0.013,0.010,17.496,160290.000,6.106,52.000
0.002,0.011,0.013,23.314,57202.414,6.010,52.000
0.052,0.003,0.013,18.243,193399.906,2.824,52.000
0.048,0.010,0.011,18.279,125085.742,6.660,52.000
0.048,0.008,0.013,17.768,135822.781,5.708,52.000
0.052,0.008,0.011,17.443,149674.938,4.871,52.000
0.051,0.013,0.014,22.061,134626.781,6.731,52.000
0.098,0.013,0.014,22.189,95461.320,2.290,52.000
0.049,0.006,0.011,20.703,144122.812,2.920,52.000
0.055,0.002,0.009,23.690,95065.539,1.601,52.000
0.046,0.000,0.008,24.672,-11143.141,1.124,52.000
0.048,0.000,0.019,20.841,-46903.379,-0.837,52.000
0.051,0.026,0.014,20.872,113271.930,6.170,52.000
0.047,0.000,0.015,29.108,-64013.859,-2.350,52.000
0.050,0.001,0.015,23.064,157081.438,3.136,52.000
0.052,0.019,0.012,18.352,178439.281,7.509,52.000
0.052,0.025,0.013,19.221,124046.055,6.687,52.000
0.048,0.016,0.011,18.863,205446.969,7.980,52.000
0.047,0.000,0.003,20.497,51667.633,0.334,52.000
0.050,0.021,0.014,19.706,102802.367,5.714,52.000
0.050,0.000,0.002,21.593,17181.391,-0.637,52.000
0.098,0.011,0.012,19.722,92334.820,5.454,52.000
0.047,0.000,0.007,26.337,-5622.188,3.408,52.000
0.000,0.012,0.012,19.880,56983.258,10.841,52.000
0.056,0.001,0.009,25.744,65090.320,0.073,52.000
0.048,0.025,0.013,20.993,163732.969,7.147,52.000
0.044,0.002,0.011,19.804,165743.125,2.434,52.000
0.043,0.001,0.017,25.099,94177.398,0.991,52.000
0.048,0.020,0.013,20.463,159648.125,7.073,52.000
0.045,0.000,0.007,24.229,-52903.500,-0.902,52.000
0.057,0.001,0.014,22.947,121603.133,0.413,52.000
0.052,0.001,0.013,19.969,153523.438,2.143,52.000
0.050,0.011,0.014,23.337,146199.656,6.664,52.000
0.045,0.001,0.013,17.131,155816.656,1.918,52.000
0.052,0.023,0.011,18.576,144637.656,6.831,52.000
0.055,0.000,0.017,23.833,-45243.242,-0.286,52.000
0.050,0.009,0.010,16.760,140873.406,5.193,52.000
0.049,0.001,0.005,20.090,101970.180,1.937,52.000
0.050,0.005,0.010,22.136,148106.500,2.372,52.000
0.048,0.019,0.012,20.293,194116.000,7.133,52.000
0.051,0.000,0.002,19.454,-44125.695,-0.517,52.000
0.049,0.010,0.013,21.025,158530.375,7.534,52.000
0.040,0.001,0.010,20.309,60956.680,-1.009,52.000
0.039,0.000,0.012,20.951,-23884.016,-2.531,52.000
0.049,0.005,0.014,18.769,167479.594,1.995,52.000
0.043,0.001,0.008,21.454,147197.844,2.797,52.000
0.050,0.020,0.010,18.765,168830.000,6.947,52.000
0.043,0.001,0.011,20.789,124966.445,1.374,52.000
0.051,0.001,0.020,19.973,89760.023,2.173,52.000
0.050,0.001,0.020,22.104,12983.852,0.492,52.000
0.051,0.013,0.011,18.869,171466.188,7.232,52.000
0.054,0.001,0.013,30.067,41336.148,0.506,52.000
0.042,0.001,0.006,20.987,145600.812,2.265,52.000
0.052,0.026,0.012,19.831,113811.555,6.599,52.000
0.053,0.000,0.011,29.627,-96999.828,-2.247,52.000
0.054,0.000,0.011,32.843,17615.102,0.997,52.000
0.041,0.001,0.009,22.141,40582.492,0.391,52.000
0.049,0.026,0.013,21.113,138823.906,6.029,52.000
0.048,0.018,0.012,20.375,192313.062,7.323,52.000
0.051,0.003,0.010,22.559,159220.969,2.731,52.000
0.059,0.000,0.007,27.110,-52915.434,-0.341,52.000
0.040,0.001,0.012,18.116,138559.656,-0.075,52.000
0.046,0.001,0.022,19.517,70341.820,2.612,52.000
0.047,0.001,0.011,26.702,26489.766,2.334,52.000
0.048,0.000,0.014,30.143,-9825.734,-2.266,52.000
0.098,0.013,0.011,20.894,59444.570,6.619,52.000
0.043,0.001,0.005,21.057,111430.539,1.792,52.000
0.050,0.001,0.012,20.522,161920.156,2.675,52.000
0.044,0.001,0.015,20.264,144399.969,1.444,52.000
0.047,0.000,0.009,27.062,-40895.871,0.105,52.000
0.052,0.020,0.012,17.231,168352.562,7.663,52.000
0.050,0.003,0.010,22.438,162861.938,2.726,52.000
0.051,0.001,0.002,21.740,-11564.211,-0.459,52.000
0.051,0.017,0.011,18.838,193631.875,7.372,52.000
0.050,0.021,0.012,18.931,174514.656,7.064,52.000
0.048,0.013,0.012,19.136,171690.250,7.939,52.000
0.056,0.000,0.018,21.947,3436.523,0.543,52.000
0.050,0.026,0.014,20.309,107224.070,5.771,52.000
0.048,0.001,0.006,23.110,29331.961,1.565,52.000
0.042,0.001,0.016,23.945,33496.148,-0.652,52.000
0.048,0.000,0.006,20.977,38803.367,1.176,52.000
0.055,0.001,0.002,21.249,76470.711,1.752,52.000
0.049,0.023,0.014,20.558,128069.102,6.188,52.000
0.044,0.000,0.017,23.905,45359.586,-0.191,52.000
0.047,0.001,0.020,21.144,31781.102,0.888,52.000
0.050,0.012,0.010,15.946,146288.812,7.548,52.000
0.052,0.023,0.012,18.138,152667.906,6.971,52.000
0.002,0.012,0.013,23.744,85367.445,5.238,52.000
0.054,0.002,0.017,21.461,128927.789,2.383,52.000
0.050,0.015,0.011,19.247,182588.500,7.563,52.000
0.051,0.006,0.012,18.716,144274.562,3.593,52.000
0.045,0.000,0.009,26.229,-38464.055,0.027,52.000
0.045,0.000,0.021,21.716,13751.133,1.963,52.000
0.051,0.022,0.012,18.645,155451.375,6.774,52.000
0.047,0.000,0.012,29.354,-8141.625,2.156,52.000
0.051,0.012,0.011,17.168,171019.125,7.354,52.000
0.051,0.009,0.010,15.304,174262.000,4.965,52.000
0.049,0.025,0.012,20.871,165549.000,6.849,52.000
0.049,0.026,0.010,22.922,157780.000,5.651,52.000
0.048,0.015,0.013,19.741,174873.531,8.076,52.000
0.050,0.006,0.010,21.708,127125.117,2.858,52.000
0.051,0.012,0.012,19.422,180453.594,7.828,52.000
0.049,0.000,0.017,22.509,17037.289,-0.094,52.000
0.052,0.000,0.002,22.719,-33348.289,-1.055,52.000
0.053,0.001,0.022,18.599,57029.789,2.406,52.000
0.051,0.007,0.013,21.103,169232.562,6.070,52.000
0.056,0.001,0.020,18.233,102850.164,3.100,52.000
0.059,0.001,0.018,20.124,148009.688,1.811,52.000
0.051,0.027,0.013,14.074,166598.844,6.321,52.000
0.050,0.015,0.011,19.186,188714.281,7.018,52.000
0.049,0.005,0.013,16.690,143395.375,3.192,52.000
0.049,0.010,0.012,18.939,152618.250,6.782,52.000
0.047,0.001,0.006,22.100,95169.992,2.317,52.000
0.052,0.001,0.010,30.436,-35870.305,0.547,52.000
0.051,0.000,0.011,24.448,56039.148,1.354,52.000
0.001,0.011,0.011,21.460,128285.758,2.001,52.000
0.049,0.003,0.013,15.904,164640.719,1.731,52.000
0.044,0.001,0.017,23.747,124103.430,2.365,52.000
0.052,0.016,0.012,18.992,178160.562,8.015,52.000
0.048,0.000,0.019,23.532,8041.844,-0.446,52.000
0.050,0.022,0.010,20.084,153467.062,5.940,52.000
0.050,0.009,0.013,21.447,160881.000,7.007,52.000
0.056,0.000,0.018,19.973,-2205.844,-0.620,52.000
0.050,0.001,0.020,22.782,13685.484,0.159,52.000
0.048,0.000,0.022,20.287,-74691.312,1.698,52.000
0.045,0.001,0.005,20.517,117035.477,2.202,52.000
0.048,0.012,0.013,19.422,154144.125,7.783,52.000
0.051,0.003,0.014,19.951,177714.031,2.795,52.000
0.057,0.000,0.006,25.009,-13249.477,-0.584,52.000
0.049,0.013,0.014,21.633,134541.312,6.827,52.000
0.049,0.025,0.014,20.538,120585.023,5.892,52.000
0.055,0.000,0.017,23.328,9438.391,-0.652,52.000
0.058,0.000,0.005,25.726,-18074.609,2.426,52.000
0.050,0.020,0.012,19.629,187209.812,6.872,52.000
0.050,0.018,0.010,18.410,188539.969,7.510,52.000
0.051,0.002,0.018,20.653,111558.992,2.797,52.000
0.044,0.001,0.008,22.382,148603.844,2.496,52.000
0.049,0.013,0.011,19.075,176394.719,7.495,52.000
0.056,0.002,0.017,20.692,131246.844,2.353,52.000
0.044,0.001,0.017,24.935,106332.477,1.574,52.000
0.052,0.025,0.011,19.551,148101.656,6.537,52.000
0.051,0.027,0.013,24.970,71172.992,5.771,52.000
0.058,0.001,0.006,21.128,116579.102,1.386,52.000
0.051,0.023,0.010,20.030,147380.375,5.562,52.000
0.056,0.001,0.004,19.998,119535.273,2.669,52.000
0.052,0.010,0.012,20.255,193777.562,8.054,52.000
0.049,0.000,0.005,19.846,28957.336,1.094,52.000
0.051,0.003,0.011,21.500,163483.125,2.843,52.000
0.049,0.002,0.011,22.340,164974.156,3.013,52.000
0.050,0.016,0.014,20.281,129714.336,6.579,52.000
0.048,0.003,0.012,18.494,176848.062,3.196,52.000
0.050,0.000,0.007,26.186,-30327.508,0.308,52.000
0.057,0.000,0.012,24.052,3052.281,0.747,52.000
0.058,0.001,0.012,17.459,124783.195,1.570,52.000
0.057,0.001,0.004,21.140,111649.648,2.319,52.000
0.049,0.007,0.012,16.881,129582.133,4.491,52.000
0.060,0.001,0.009,17.136,151834.156,1.298,52.000
0.049,0.008,0.012,18.586,124780.773,4.911,52.000
0.044,0.001,0.016,26.124,58544.383,-0.410,52.000
0.050,0.022,0.011,20.168,162869.750,6.136,52.000
0.046,0.001,0.015,21.053,157257.594,1.273,52.000
0.048,0.022,0.012,20.279,183907.750,6.914,52.000
0.050,0.005,0.013,17.234,156484.719,3.372,52.000
0.055,0.001,0.006,22.509,111976.367,2.346,52.000
0.048,0.002,0.013,17.286,178572.719,1.898,52.000
0.056,0.000,0.015,23.970,23266.781,-0.322,52.000
0.050,0.010,0.013,22.883,174918.250,8.209,52.000
0.049,0.010,0.014,23.486,142357.500,6.451,52.000
0.051,0.001,0.020,20.369,77245.102,1.870,52.000
0.049,0.008,0.014,20.287,174610.688,6.531,52.000
0.059,0.001,0.012,19.816,88088.805,1.254,52.000
0.052,0.017,0.011,18.792,185822.562,7.088,52.000
0.050,0.019,0.010,18.556,182238.562,7.438,52.000
0.049,0.020,0.014,20.004,116335.445,6.400,52.000
0.054,0.001,0.012,22.550,112049.195,1.378,52.000
0.048,0.018,0.012,20.007,188927.562,7.430,52.000
0.099,0.012,0.011,19.964,67082.367,7.433,52.000
0.050,0.014,0.011,19.438,175772.500,7.641,52.000
0.050,0.015,0.012,20.187,177399.531,8.357,52.000
0.051,0.014,0.014,21.868,127769.320,6.690,52.000
0.048,0.020,0.014,20.382,137811.500,6.804,52.000
0.047,0.000,0.009,27.276,-38690.875,0.305,52.000
0.052,0.018,0.013,18.934,159505.250,7.995,52.000
0.049,0.009,0.011,17.459,126044.633,6.358,52.000
0.049,0.022,0.011,20.968,166298.500,6.314,52.000
0.051,0.011,0.011,18.116,180615.344,7.852,52.000
0.047,0.002,0.011,20.626,176087.031,3.617,52.000
0.051,0.021,0.012,18.272,160837.688,7.004,52.000
0.050,0.014,0.013,21.673,151764.062,7.400,52.000
0.042,0.000,0.015,21.465,4839.344,-1.872,52.000
0.042,0.001,0.007,21.074,147493.094,2.455,52.000
0.048,0.000,0.019,20.449,-30224.266,-0.750,52.000
0.051,0.011,0.012,20.012,191329.375,8.171,52.000
0.055,0.002,0.011,21.709,125203.023,1.192,52.000
0.041,0.000,0.012,19.397,15954.688,-0.749,52.000
0.050,0.014,0.011,19.234,176133.438,6.751,52.000
0.048,0.000,0.004,21.772,2588.438,-1.499,52.000
0.048,0.000,0.018,24.777,-35318.258,-1.862,52.000
0.039,0.001,0.012,17.464,132079.750,-0.479,52.000
0.048,0.023,0.012,20.337,172082.688,7.000,52.000
0.051,0.004,0.012,18.317,172591.562,2.964,52.000
0.044,0.001,0.013,21.995,45470.930,1.145,52.000
0.041,0.001,0.009,19.587,135202.469,1.225,52.000
0.052,0.007,0.012,19.285,134938.250,3.908,52.000
0.052,0.001,0.005,22.444,93133.227,2.048,52.000
0.052,0.002,0.005,20.868,107910.414,2.414,52.000
0.041,0.001,0.016,23.170,8114.547,-1.257,52.000
0.053,0.000,0.007,22.003,27292.227,-0.328,52.000
0.044,0.001,0.009,22.973,110403.617,1.750,52.000
0.058,0.001,0.014,22.532,87660.695,1.039,52.000
0.049,0.010,0.014,22.838,148500.781,6.840,52.000
0.043,0.000,0.018,22.877,40246.430,-0.978,52.000
0.050,0.003,0.009,21.966,162243.000,2.998,52.000
0.050,0.003,0.014,20.073,172079.750,2.148,52.000
0.053,0.001,0.010,23.279,138099.812,1.856,52.000
0.047,0.000,0.012,28.014,8104.922,-0.531,52.000
0.048,0.008,0.011,18.715,119469.305,5.126,52.000
0.049,0.021,0.013,19.986,154835.438,6.932,52.000
0.052,0.007,0.011,19.097,128449.820,3.708,52.000
0.052,0.012,0.011,17.952,176945.000,7.439,52.000
0.048,0.006,0.014,17.789,146575.812,2.838,52.000
0.050,0.001,0.007,23.034,111512.523,2.723,52.000
0.051,0.025,0.013,19.275,137912.844,6.806,52.000
0.044,0.000,0.005,22.368,-10457.906,1.332,52.000
0.050,0.024,0.010,20.911,149253.000,5.729,52.000
0.050,0.002,0.010,22.556,161846.344,2.933,52.000
0.002,0.010,0.013,23.071,53063.336,6.021,52.000
0.049,0.006,0.014,19.331,180330.344,3.727,52.000
0.051,0.006,0.011,21.607,132463.094,2.698,52.000
0.052,0.001,0.022,17.314,15368.469,2.278,52.000
0.048,0.003,0.012,18.715,177988.188,3.163,52.000
0.044,0.000,0.007,23.388,-10641.445,1.418,52.000
0.059,0.000,0.013,21.439,5865.172,0.395,52.000
0.041,0.000,0.016,20.133,-36186.367,-2.961,52.000
0.098,0.012,0.014,22.228,96297.430,2.264,52.000
0.049,0.009,0.011,18.244,121161.070,5.506,52.000
0.051,0.011,0.014,22.383,160641.969,7.104,52.000
0.059,0.001,0.013,19.950,91140.367,1.230,52.000
0.055,0.002,0.010,23.009,115047.070,1.131,52.000
0.049,0.002,0.010,21.763,163994.094,3.283,52.000
0.060,0.001,0.008,20.351,118739.883,0.863,52.000
0.055,0.002,0.009,23.509,85747.258,1.572,52.000
0.054,0.001,0.005,24.962,-9008.453,0.454,52.000
0.052,0.004,0.013,18.431,194567.844,3.350,52.000
0.051,0.027,0.014,17.020,75678.945,3.395,52.000
0.100,0.012,0.011,17.287,-12170.344,8.728,52.000
0.050,0.026,0.014,20.914,93112.789,5.852,52.000
0.050,0.001,0.020,21.347,72630.570,1.517,52.000
0.050,0.000,0.015,29.661,-47919.117,-2.218,52.000
0.050,0.007,0.013,19.301,165876.719,6.150,52.000
0.051,0.009,0.014,22.750,168684.438,7.268,52.000
0.042,0.001,0.011,21.071,106454.711,0.540,52.000
0.051,0.018,0.012,19.506,188093.625,7.794,52.000
0.050,0.009,0.014,22.517,170532.375,7.193,52.000
0.048,0.002,0.013,16.621,166487.094,0.647,52.000
0.057,0.001,0.009,22.190,108471.586,1.263,52.000
0.048,0.004,0.012,17.696,165993.594,3.141,52.000
0.051,0.009,0.011,18.485,161021.906,6.868,52.000
0.046,0.000,0.010,29.274,-25930.875,2.354,52.000
0.043,0.002,0.013,16.193,140115.125,2.245,52.000
0.060,0.001,0.010,15.119,146697.719,0.604,52.000
0.043,0.001,0.006,22.584,41458.586,1.028,52.000
0.047,0.001,0.018,25.044,36966.836,0.068,52.000
0.051,0.027,0.013,21.111,79356.477,6.138,52.000
0.058,0.001,0.014,22.182,89012.336,1.228,52.000
0.056,0.000,0.007,24.833,14868.742,0.262,52.000
0.051,0.001,0.009,23.216,132963.719,2.604,52.000
0.055,0.000,0.011,30.560,-57751.945,-0.253,52.000
0.043,0.000,0.015,24.190,46218.695,-0.798,52.000
0.052,0.022,0.012,17.893,153785.250,7.083,52.000
0.052,0.023,0.013,19.457,122888.320,6.020,52.000
0.051,0.012,0.014,22.747,158310.906,7.280,52.000
0.050,0.014,0.013,21.627,155765.344,7.467,52.000
0.052,0.001,0.010,23.066,138899.250,1.862,52.000
0.042,0.001,0.005,20.445,121939.805,1.720,52.000
0.047,0.001,0.016,23.745,134926.469,2.949,52.000
0.045,0.001,0.017,24.920,111003.523,1.940,52.000
0.052,0.007,0.010,19.532,150451.125,2.428,52.000
0.049,0.010,0.013,21.257,161801.438,7.887,52.000
0.060,0.000,0.013,16.779,57049.398,-0.255,52.000
0.053,0.000,0.011,34.161,-7450.648,2.455,52.000
0.041,0.000,0.014,20.519,21586.227,-0.795,52.000
0.048,0.002,0.017,22.464,134316.344,3.549,52.000
0.051,0.017,0.012,19.425,185698.875,8.018,52.000
0.050,0.020,0.014,20.155,124936.180,6.363,52.000
0.056,0.000,0.017,25.095,-58460.738,-0.362,52.000
0.050,0.026,0.011,21.720,160135.062,5.888,52.000
0.045,0.000,0.021,21.516,-21364.031,1.206,52.000
0.051,0.001,0.014,28.932,51518.352,-0.003,52.000
0.048,0.014,0.012,18.902,168819.938,8.135,52.000
0.051,0.000,0.002,21.894,-31832.969,-1.890,52.000
0.002,0.011,0.011,21.312,124913.102,2.538,52.000
0.051,0.000,0.010,30.422,-88994.523,0.687,52.000
0.049,0.006,0.013,17.375,125475.477,4.446,52.000
0.099,0.011,0.012,19.780,96250.758,4.880,52.000
0.056,0.000,0.012,25.264,-75050.898,-1.370,52.000
0.041,0.001,0.016,20.606,86994.039,0.936,52.000
0.050,0.014,0.010,18.149,165313.500,5.885,52.000
0.053,0.001,0.020,20.467,36059.648,1.655,52.000
0.050,0.020,0.011,19.755,186193.219,6.840,52.000
0.048,0.015,0.012,19.868,177019.750,8.128,52.000
0.051,0.001,0.012,29.354,5871.898,1.159,52.000
0.002,0.012,0.011,21.068,136897.812,2.434,52.000
0.058,0.001,0.019,19.364,124060.570,2.890,52.000
0.051,0.009,0.013,22.306,168088.406,7.387,52.000
0.098,0.012,0.013,21.061,96651.320,3.215,52.000
0.040,0.001,0.017,20.069,81577.648,0.990,52.000
0.053,0.000,0.009,29.268,-26357.625,2.003,52.000
0.048,0.000,0.001,16.737,63388.805,3.411,52.000
0.052,0.024,0.011,18.950,151040.938,6.685,52.000
0.049,0.019,0.012,20.149,193033.344,7.347,52.000
0.053,0.002,0.010,23.346,129733.430,1.755,52.000
0.057,0.001,0.015,23.345,88067.148,1.051,52.000
0.048,0.012,0.013,19.648,155922.562,7.914,52.000
0.049,0.008,0.009,17.431,160976.688,4.382,52.000
0.050,0.000,0.004,24.167,-98715.734,-1.862,52.000
0.053,0.001,0.008,24.660,89414.227,1.931,52.000
-0.000,0.013,0.011,21.209,48594.055,12.393,52.000
0.049,0.000,0.004,23.265,-17486.695,-0.958,52.000
0.045,0.000,0.020,22.023,4651.023,1.217,52.000
0.050,0.002,0.015,22.256,155157.000,3.200,52.000
0.051,0.020,0.013,19.856,130728.602,6.495,52.000
0.050,0.017,0.010,18.087,194696.781,7.779,52.000
0.050,0.014,0.013,20.159,164435.250,8.165,52.000
0.055,0.002,0.015,22.433,137284.969,2.146,52.000
0.052,0.011,0.011,18.066,180652.312,7.454,52.000
0.045,0.001,0.004,19.525,121496.930,1.752,52.000
0.048,0.003,0.012,17.447,166937.719,2.713,52.000
0.051,0.007,0.014,20.249,196309.688,6.716,52.000
0.049,0.008,0.011,19.566,115922.898,4.186,52.000
0.052,0.009,0.013,22.856,169108.062,7.502,52.000
0.052,0.016,0.011,19.079,180111.781,6.970,52.000
0.052,0.020,0.010,19.078,156725.188,6.483,52.000
0.048,0.001,0.005,21.660,60183.367,1.623,52.000
0.056,0.001,0.009,25.060,76619.352,0.098,52.000
0.041,0.001,0.010,20.168,131910.938,-0.037,52.000
0.049,0.003,0.011,22.397,166825.375,3.171,52.000
0.050,0.008,0.014,21.892,170088.156,6.918,52.000
0.050,0.013,0.014,22.877,150620.625,7.069,52.000
0.048,0.013,0.011,18.363,170432.281,7.605,52.000
0.057,0.000,0.018,21.921,-17157.367,0.515,52.000
0.052,0.001,0.017,22.330,123035.227,2.202,52.000
0.048,0.008,0.012,17.118,121354.633,5.365,52.000
0.046,0.000,0.009,24.569,8458.742,0.585,52.000
0.052,0.000,0.009,33.657,-52895.410,1.612,52.000
0.052,0.014,0.012,19.009,162548.344,8.016,52.000
0.049,0.005,0.014,17.598,148541.875,2.265,52.000
0.002,0.013,0.011,21.127,148175.812,2.618,52.000
0.050,0.001,0.015,25.620,126466.773,2.058,52.000
0.054,0.002,0.017,20.827,126593.133,2.418,52.000
0.051,0.026,0.012,19.538,125795.977,6.871,52.000
0.048,0.001,0.006,21.258,103417.789,2.770,52.000
0.052,0.004,0.012,18.626,171705.938,3.107,52.000
0.052,0.010,0.012,19.235,186151.875,7.824,52.000
0.048,0.000,0.012,27.019,-58805.289,-2.407,52.000
0.049,0.013,0.011,17.480,163722.250,7.148,52.000
0.056,0.001,0.014,22.132,143927.594,1.895,52.000
0.049,0.001,0.007,22.999,91604.352,2.527,52.000
0.050,0.001,0.020,22.212,5942.398,0.072,52.000
0.059,0.001,0.006,22.974,77512.664,0.987,52.000
0.051,0.000,0.022,19.748,-9584.266,2.424,52.000
0.099,0.013,0.013,21.871,65808.102,2.296,52.000
0.042,0.000,0.017,23.063,-46062.270,-0.707,52.000
0.049,0.000,0.014,29.987,7132.828,-1.673,52.000
0.051,0.009,0.010,15.707,167445.938,5.300,52.000
0.048,0.016,0.014,19.579,145621.094,7.138,52.000
0.051,0.005,0.012,17.706,155513.000,3.166,52.000
0.052,0.003,0.012,20.857,167775.188,2.871,52.000
0.059,0.001,0.012,21.462,60190.195,0.062,52.000
0.053,0.000,0.015,23.887,-19307.070,0.539,52.000
0.048,0.001,0.004,20.526,97866.133,1.564,52.000
0.054,0.001,0.004,20.346,115378.758,2.602,52.000
0.052,0.000,0.011,33.000,8488.398,2.297,52.000
0.050,0.016,0.011,19.857,199236.906,7.296,52.000
0.052,0.021,0.013,17.578,146848.594,7.066,52.000
0.047,0.001,0.005,20.782,109050.273,2.113,52.000
0.049,0.005,0.012,18.547,161356.750,3.012,52.000
0.051,0.005,0.014,19.273,178508.219,3.806,52.000
0.049,0.025,0.014,20.467,132381.531,6.156,52.000
0.056,0.000,0.013,30.500,-45523.016,-0.477,52.000
0.051,0.003,0.010,22.291,161578.688,2.826,52.000
0.051,0.006,0.012,18.828,137668.938,3.429,52.000
0.050,0.000,0.017,23.226,-19329.250,0.794,52.000
0.050,0.015,0.014,20.634,142992.469,7.109,52.000
0.051,0.021,0.012,18.571,170309.031,7.065,52.000
0.048,0.001,0.014,24.868,116586.508,0.498,52.000
0.048,0.026,0.012,21.960,165256.438,6.627,52.000
0.050,0.014,0.011,18.910,172473.656,6.687,52.000
0.043,0.001,0.009,23.197,84945.820,1.542,52.000
0.052,0.002,0.014,20.443,185141.406,3.418,52.000
0.051,0.026,0.011,20.844,153404.500,6.218,52.000
0.052,0.005,0.012,20.094,156138.469,2.783,52.000
0.048,0.001,0.019,21.205,114574.711,2.507,52.000
0.052,0.002,0.013,18.257,185734.125,2.421,52.000
0.051,0.027,0.010,14.005,245666.312,6.461,52.000
0.051,0.014,0.010,18.619,171107.375,5.997,52.000
0.052,0.002,0.009,22.835,124860.930,2.584,52.000
0.052,0.001,0.021,20.486,53291.789,1.662,52.000
0.049,0.026,0.010,22.541,158407.031,5.611,52.000
0.057,0.000,0.010,27.063,-11455.398,0.016,52.000
0.055,0.001,0.017,22.288,73577.695,1.559,52.000
0.052,0.001,0.019,19.741,98959.164,2.400,52.000
0.050,0.013,0.012,19.856,165456.188,7.828,52.000
0.044,0.001,0.008,21.831,151469.812,3.280,52.000
0.055,0.001,0.006,23.238,98178.680,1.915,52.000
0.049,0.007,0.014,19.363,177409.188,4.963,52.000
0.098,0.011,0.011,19.699,78255.992,6.586,52.000
0.043,0.000,0.010,23.606,21822.383,-0.533,52.000
0.050,0.000,0.022,18.255,-27523.586,1.623,52.000
0.050,0.022,0.014,19.915,124721.070,6.194,52.000
0.051,0.003,0.011,22.234,163641.812,3.113,52.000
0.058,0.001,0.007,25.596,7533.570,-0.522,52.000
0.048,0.007,0.011,19.529,135128.625,4.123,52.000
0.046,0.001,0.009,22.048,150440.156,2.649,52.000
0.041,0.000,0.012,20.812,2716.727,-1.523,52.000
0.049,0.001,0.004,19.163,107427.820,1.507,52.000
0.049,0.000,0.005,22.746,26031.742,0.808,52.000
0.050,0.021,0.013,19.927,134772.531,6.541,52.000
0.098,0.012,0.013,21.742,97291.320,2.696,52.000
0.049,0.000,0.012,27.981,19261.484,-0.258,52.000
0.049,0.007,0.011,19.409,130089.820,3.551,52.000
0.051,0.003,0.013,17.834,183723.688,2.466,52.000
0.051,0.009,0.014,23.126,172758.250,7.867,52.000
0.045,0.000,0.019,22.265,-28674.281,-0.137,52.000
0.040,0.001,0.014,16.714,88334.836,0.400,52.000
0.042,0.001,0.019,22.852,99621.430,1.802,52.000
0.048,0.013,0.010,16.470,146001.531,6.850,52.000
0.054,0.001,0.021,19.054,52452.992,2.454,52.000
0.050,0.024,0.014,20.161,125512.227,5.928,52.000
0.049,0.012,0.012,19.785,169635.781,8.305,52.000
0.051,0.006,0.013,19.756,180683.156,4.638,52.000
0.059,0.000,0.008,25.853,-12991.398,-0.214,52.000
0.049,0.006,0.011,19.555,136906.844,3.266,52.000
0.052,0.000,0.019,20.205,9983.648,-0.168,52.000
0.052,0.014,0.013,20.161,158461.469,7.962,52.000
0.051,0.006,0.014,19.878,198143.000,6.177,52.000
0.049,0.006,0.014,19.031,174513.875,3.790,52.000
0.049,0.021,0.011,20.132,167860.031,6.496,52.000
0.053,0.001,0.015,23.935,138056.156,2.143,52.000
0.048,0.025,0.012,21.560,169934.188,6.934,52.000
0.052,0.020,0.013,18.406,152469.344,7.563,52.000
0.053,0.000,0.019,17.367,-32159.312,-0.332,52.000
0.049,0.022,0.013,19.605,150154.688,6.756,52.000
0.048,0.001,0.017,22.516,129743.383,3.271,52.000
0.051,0.007,0.011,19.325,124902.602,3.764,52.000
0.051,0.026,0.014,20.796,105830.383,6.159,52.000
0.047,0.001,0.014,20.465,162585.938,1.084,52.000
0.049,0.000,0.020,17.313,30572.695,0.536,52.000
0.060,0.000,0.012,20.384,82108.680,2.307,52.000
0.052,0.000,0.009,29.363,-56517.211,0.569,52.000
0.048,0.001,0.021,20.708,22374.070,1.274,52.000
0.049,0.016,0.014,20.071,129960.039,6.645,52.000
0.049,0.001,0.009,25.666,26800.039,1.829,52.000
0.002,0.013,0.011,21.507,139356.500,2.850,52.000
0.050,0.016,0.014,20.245,123581.664,6.308,52.000
0.048,0.010,0.011,18.987,116098.961,6.214,52.000
0.058,0.001,0.013,21.671,84493.398,1.481,52.000
0.055,0.001,0.011,24.914,82584.070,1.162,52.000
0.052,0.000,0.022,20.066,-39315.141,2.473,52.000
0.048,0.005,0.011,20.398,151751.969,3.168,52.000
0.052,0.022,0.012,17.471,154214.188,7.050,52.000
0.050,0.001,0.004,20.854,95992.961,1.429,52.000
0.050,0.006,0.012,18.245,141437.938,3.039,52.000
0.050,0.001,0.022,19.325,10254.164,1.565,52.000
0.060,0.001,0.009,20.611,84750.430,0.169,52.000
0.052,0.001,0.004,19.368,113791.148,1.919,52.000
0.049,0.008,0.013,18.348,134780.469,5.987,52.000
0.050,0.026,0.013,20.765,123467.320,6.200,52.000
0.051,0.011,0.013,21.184,179240.625,8.049,52.000
0.044,0.000,0.012,23.489,-45337.953,-1.983,52.000
0.051,0.011,0.013,21.281,179165.906,8.146,52.000
0.052,0.002,0.008,22.738,110994.336,2.928,52.000
0.055,0.002,0.013,20.545,157818.656,3.322,52.000
0.054,0.000,0.006,22.903,50860.508,1.646,52.000
0.051,0.027,0.012,15.583,198222.438,6.861,52.000
0.045,0.000,0.017,24.000,70567.758,-1.214,52.000
0.051,0.002,0.010,22.574,157300.062,2.789,52.000
0.050,0.001,0.021,20.674,10407.555,0.918,52.000
0.052,0.006,0.014,19.965,192736.719,6.385,52.000
0.049,0.009,0.011,18.632,118215.836,5.776,52.000
0.054,0.002,0.016,22.072,133255.812,2.210,52.000
0.051,0.002,0.007,22.295,105283.742,2.896,52.000
0.051,0.007,0.012,19.454,128198.992,4.133,52.000
0.059,0.001,0.014,20.650,121691.352,1.177,52.000
0.048,0.026,0.013,21.197,148244.406,6.658,52.000
0.049,0.007,0.014,19.049,182711.812,5.221,52.000
0.051,0.008,0.015,21.571,174631.594,6.792,52.000
0.042,0.000,0.017,23.534,20000.062,-2.081,52.000
0.048,0.019,0.012,20.152,197307.969,7.080,52.000
0.049,0.005,0.010,22.085,143185.312,2.752,52.000
0.049,0.008,0.011,19.116,116989.914,4.612,52.000
0.056,0.000,0.018,20.920,29405.711,0.638,52.000
0.050,0.023,0.013,19.491,142224.000,6.552,52.000
0.049,0.002,0.006,21.040,101182.586,2.811,52.000
0.053,0.000,0.019,21.729,233.680,2.027,52.000
0.055,0.001,0.015,26.930,47453.633,0.453,52.000
0.047,0.000,0.020,22.048,21388.109,0.760,52.000
0.050,0.002,0.006,20.914,98407.742,2.447,52.000
0.052,0.001,0.015,26.177,87236.336,0.939,52.000
0.059,0.000,0.017,23.566,30879.336,0.372,52.000
0.051,0.026,0.011,19.939,154801.594,6.386,52.000
0.058,0.001,0.016,22.223,129769.820,1.301,52.000
0.051,0.001,0.011,22.332,142913.344,2.759,52.000
0.059,0.001,0.010,18.062,125787.164,0.274,52.000
0.098,0.010,0.012,19.654,95613.258,5.306,52.000
0.048,0.007,0.012,17.572,140223.750,3.997,52.000
0.044,0.002,0.011,19.190,168484.750,2.286,52.000
0.049,0.007,0.011,20.585,129024.398,3.461,52.000
0.048,0.001,0.018,22.654,92194.727,1.625,52.000
0.042,0.001,0.018,23.903,30699.695,0.064,52.000
0.046,0.001,0.018,24.511,37170.570,0.378,52.000
0.046,0.000,0.008,27.914,-15390.117,3.545,52.000
0.042,0.001,0.009,20.485,148428.906,2.068,52.000
0.044,0.001,0.010,19.997,163218.688,2.663,52.000
0.044,0.000,0.012,25.282,12836.164,0.959,52.000
0.050,0.019,0.011,19.725,190307.719,6.922,52.000
0.049,0.020,0.014,19.948,115974.102,6.305,52.000
0.049,0.003,0.013,16.600,172204.375,0.922,52.000
0.049,0.019,0.011,19.915,193299.031,6.818,52.000
0.051,0.020,0.013,19.480,132787.250,6.583,52.000
0.046,0.002,0.011,20.989,173251.750,2.975,52.000
0.051,0.024,0.013,18.672,142786.688,6.784,52.000
0.050,0.024,0.010,21.089,151973.219,5.746,52.000
0.041,0.000,0.006,18.831,149246.531,-1.135,52.000
0.054,0.000,0.007,25.683,5804.047,0.300,52.000
0.057,0.000,0.019,18.566,-21190.789,-0.520,52.000
0.048,0.013,0.012,19.011,157218.000,8.048,52.000
0.049,0.000,0.018,24.290,-39066.285,-1.896,52.000
0.049,0.015,0.012,19.814,172757.000,8.201,52.000
0.054,0.000,0.011,32.481,9592.180,2.110,52.000
0.054,0.000,0.011,26.962,-66867.734,-1.994,52.000
0.052,0.001,0.006,22.056,105548.398,2.503,52.000
0.051,0.021,0.011,18.501,162018.469,6.815,52.000
0.050,0.019,0.013,19.737,161524.875,7.433,52.000
0.043,0.001,0.010,23.107,13680.203,1.124,52.000
0.045,0.000,0.015,29.749,-68400.547,-3.384,52.000
0.049,0.016,0.010,18.023,189023.250,7.083,52.000
0.047,0.001,0.021,20.805,66551.336,1.980,52.000
0.054,0.000,0.012,30.411,14363.844,1.770,52.000
0.049,0.016,0.012,20.278,190415.250,7.852,52.000
0.050,0.009,0.011,17.221,131534.812,6.245,52.000
0.051,0.015,0.010,19.002,181064.938,6.399,52.000
0.049,0.000,0.008,25.853,-28520.156,0.627,52.000
0.051,0.001,0.018,20.631,115776.539,2.629,52.000
0.052,0.023,0.011,18.959,148032.125,6.405,52.000
0.054,0.000,0.021,21.667,-82765.656,3.049,52.000
0.051,0.026,0.013,20.258,133527.125,6.619,52.000
0.058,0.001,0.014,19.430,142783.438,1.553,52.000
0.052,0.013,0.011,18.664,166905.219,7.228,52.000
0.051,0.000,0.005,23.561,12369.844,1.121,52.000
0.052,0.000,0.007,25.727,4880.719,0.200,52.000
0.058,0.000,0.006,25.624,-47658.844,0.678,52.000
0.054,0.001,0.021,18.036,95551.180,3.084,52.000
0.051,0.025,0.012,19.041,141853.719,6.748,52.000
0.050,0.023,0.014,20.324,112032.977,5.830,52.000
0.055,0.002,0.012,20.840,145175.375,2.131,52.000
0.054,0.001,0.015,22.619,145392.938,2.331,52.000
0.051,0.008,0.013,21.279,148173.562,6.098,52.000
0.051,0.026,0.014,20.587,105199.539,6.211,52.000
0.046,0.001,0.007,21.382,122500.930,3.063,52.000
0.050,0.000,0.016,27.911,-36624.016,-1.984,52.000
0.052,0.011,0.011,18.675,177703.594,7.560,52.000
0.044,0.000,0.018,24.102,-683.867,-0.666,52.000
0.049,0.008,0.011,18.544,118606.117,5.096,52.000
0.049,0.001,0.005,20.402,100318.211,1.988,52.000
0.052,0.001,0.011,23.295,113111.789,2.780,52.000
0.052,0.002,0.006,20.820,112399.008,2.375,52.000
0.049,0.012,0.013,20.460,160615.719,8.073,52.000
0.048,0.000,0.020,20.918,10448.023,1.982,52.000
0.046,0.001,0.017,23.802,132292.250,2.985,52.000
0.048,0.006,0.012,18.584,141778.656,3.332,52.000
0.058,0.001,0.014,23.274,93871.055,0.024,52.000
0.052,0.002,0.017,22.402,129568.336,2.668,52.000
0.049,0.006,0.010,21.983,144571.062,3.057,52.000
0.052,0.002,0.012,19.077,182744.500,2.627,52.000
0.049,0.025,0.012,20.108,162428.312,7.062,52.000
0.097,0.012,0.012,20.585,87074.305,5.260,52.000
0.059,0.000,0.014,20.750,109865.289,1.516,52.000
0.051,0.000,0.011,29.771,-74557.094,-0.453,52.000
0.055,0.000,0.020,21.988,-47377.297,2.767,52.000
0.053,0.000,0.004,21.313,9697.398,0.407,52.000
0.052,0.009,0.011,16.645,171035.250,6.156,52.000
0.052,0.005,0.013,19.266,192269.156,4.331,52.000
0.053,0.000,0.018,23.671,-63781.543,0.454,52.000
0.002,0.010,0.011,21.787,119515.727,2.247,52.000
0.053,0.001,0.010,23.570,132188.531,1.805,52.000
0.050,0.014,0.010,17.457,159482.781,6.101,52.000
0.052,0.005,0.014,19.229,188087.875,4.632,52.000
0.054,0.001,0.021,18.667,86472.602,2.870,52.000
0.049,0.013,0.010,16.987,153162.594,6.332,52.000
0.050,0.019,0.014,20.240,118176.273,6.268,52.000
0.050,0.026,0.013,21.176,117676.023,6.459,52.000
0.048,0.000,0.006,21.297,-8161.695,0.610,52.000
0.049,0.001,0.004,19.333,107516.133,1.650,52.000
0.057,0.001,0.020,17.911,119839.570,3.240,52.000
0.051,0.012,0.012,19.406,174944.375,7.706,52.000
0.050,0.005,0.013,17.795,161429.875,3.765,52.000
0.002,0.010,0.012,22.721,77059.539,4.703,52.000
0.052,0.019,0.013,18.260,153954.406,7.983,52.000
0.050,0.021,0.012,19.597,181921.250,6.780,52.000
0.044,0.002,0.010,20.049,167239.469,2.704,52.000
0.047,0.001,0.013,25.501,44218.742,0.123,52.000
0.049,0.001,0.013,19.859,143925.469,1.851,52.000
0.056,0.000,0.019,24.339,-46082.168,1.240,52.000
0.056,0.001,0.018,21.179,114169.961,2.412,52.000
0.048,0.023,0.012,20.299,176239.125,7.034,52.000
0.050,0.012,0.012,20.079,174803.938,8.201,52.000
0.049,0.013,0.012,19.702,175726.219,8.038,52.000
0.052,0.001,0.006,21.722,108937.133,2.450,52.000
0.042,0.001,0.014,18.661,111970.430,1.132,52.000
0.050,0.021,0.011,19.992,167019.500,6.225,52.000
0.059,0.001,0.015,21.751,139618.500,0.768,52.000
0.048,0.006,0.013,16.385,128984.992,3.423,52.000
0.043,0.001,0.013,16.531,145494.938,2.422,52.000
0.048,0.019,0.012,20.326,193898.875,7.195,52.000
0.041,0.000,0.009,19.778,56395.898,-1.134,52.000
0.061,0.000,0.013,18.139,101731.695,2.956,52.000
0.051,0.021,0.013,17.920,155493.406,6.994,52.000
0.052,0.006,0.011,20.005,150620.844,2.972,52.000
0.002,0.012,0.012,23.096,108750.773,4.727,52.000
0.052,0.010,0.011,16.913,171185.750,7.064,52.000
0.058,0.001,0.006,20.415,126629.977,1.789,52.000
0.051,0.007,0.010,19.716,125168.148,2.957,52.000
0.057,0.000,0.005,22.568,30326.961,1.965,52.000
0.051,0.021,0.013,18.981,124853.977,6.489,52.000
0.052,0.013,0.010,18.388,166989.438,6.376,52.000
0.050,0.007,0.010,19.351,133782.812,3.492,52.000
0.049,0.017,0.013,20.659,157866.375,7.391,52.000
0.050,0.005,0.011,22.254,152350.469,2.706,52.000
0.002,0.011,0.012,22.680,96360.898,4.445,52.000
0.000,0.012,0.013,19.991,12451.000,9.588,52.000
0.001,0.012,0.011,22.148,128642.648,2.866,52.000
0.055,0.001,0.019,20.795,94313.211,2.360,52.000
0.049,0.020,0.011,19.924,190041.594,6.774,52.000
0.050,0.010,0.011,17.550,146520.156,6.703,52.000
0.097,0.013,0.013,21.092,88841.883,3.498,52.000
0.051,0.024,0.012,18.335,149200.594,7.019,52.000
0.049,0.012,0.012,19.737,184745.188,8.064,52.000
0.052,0.005,0.012,20.012,151852.938,2.710,52.000
0.049,0.010,0.014,23.079,142911.375,6.724,52.000
0.054,0.000,0.020,18.436,-31590.625,0.272,52.000
0.057,0.001,0.013,23.284,59713.664,0.774,52.000
0.052,0.008,0.010,17.234,157162.469,3.297,52.000
0.046,0.001,0.014,18.727,165735.969,1.150,52.000
0.046,0.001,0.008,23.374,75379.789,2.365,52.000
0.100,0.012,0.013,19.203,32311.711,7.649,52.000
0.049,0.006,0.013,16.809,138377.594,3.671,52.000
0.048,0.016,0.012,20.324,189201.719,7.778,52.000
0.050,0.001,0.007,22.026,107569.773,2.666,52.000
0.051,0.026,0.011,21.133,152029.719,5.364,52.000
0.050,0.000,0.019,20.283,25102.469,-0.033,52.000
0.047,0.001,0.008,24.120,58679.273,2.174,52.000
0.051,0.011,0.014,22.300,159672.125,7.396,52.000
0.053,0.000,0.013,27.223,-56772.332,-1.885,52.000
0.051,0.001,0.007,22.361,102241.992,2.432,52.000
0.050,0.003,0.010,22.486,160551.156,2.751,52.000
0.001,0.012,0.012,22.912,127672.398,3.490,52.000
0.051,0.017,0.013,19.732,185933.438,8.146,52.000
0.052,0.001,0.008,24.103,98265.398,2.318,52.000
0.051,0.017,0.011,19.130,186347.469,7.296,52.000
0.048,0.000,0.019,19.733,1353.531,0.302,52.000
0.050,0.001,0.010,22.539,141935.250,2.619,52.000
0.058,0.001,0.011,17.592,129362.852,1.169,52.000
0.051,0.020,0.012,19.075,184322.281,7.272,52.000
0.048,0.022,0.012,20.169,177887.938,7.008,52.000
0.059,0.001,0.014,21.355,89261.633,1.108,52.000
0.050,0.000,0.011,28.922,-8298.555,0.037,52.000
0.050,0.015,0.010,18.935,184204.312,6.692,52.000
0.049,0.005,0.010,21.753,155883.438,2.600,52.000
0.051,0.019,0.014,19.620,127977.211,6.873,52.000
0.058,0.000,0.007,27.620,-56701.176,-0.311,52.000
0.053,0.001,0.007,26.268,18985.250,0.677,52.000
0.048,0.004,0.013,16.063,152000.906,2.508,52.000
0.051,0.000,0.017,26.515,-46853.371,-2.329,52.000
0.052,0.005,0.012,18.919,171708.594,3.116,52.000
0.052,0.020,0.013,17.935,160430.094,7.709,52.000
0.049,0.002,0.015,21.862,159802.875,2.775,52.000
0.052,0.001,0.010,24.895,85210.680,1.509,52.000
0.050,0.026,0.014,21.302,121639.461,5.710,52.000
0.002,0.013,0.012,23.414,135725.219,4.169,52.000
0.047,0.002,0.014,20.299,163110.125,1.099,52.000
0.051,0.023,0.011,20.021,157052.219,6.122,52.000
0.049,0.000,0.020,16.195,11186.117,0.435,52.000
0.049,0.003,0.013,16.736,173297.500,2.320,52.000
0.044,0.001,0.011,20.695,148250.969,1.813,52.000
0.051,0.018,0.012,18.868,182965.125,8.059,52.000
0.055,0.001,0.014,27.653,64412.352,0.442,52.000
0.048,0.020,0.013,20.556,170406.156,7.087,52.000
0.052,0.016,0.012,19.175,179468.375,7.313,52.000
0.050,0.000,0.019,21.163,28255.617,0.839,52.000
0.049,0.001,0.021,19.641,85752.648,2.333,52.000
0.057,0.000,0.017,24.474,-17740.797,0.018,52.000
0.055,0.001,0.020,19.648,85705.195,2.523,52.000
0.048,0.000,0.018,24.261,14213.539,-1.486,52.000
0.049,0.016,0.013,20.080,178889.000,8.077,52.000
0.053,0.001,0.020,19.221,85971.945,2.638,52.000
0.058,0.000,0.018,20.129,75017.273,2.294,52.000
0.049,0.019,0.014,20.731,132027.375,6.396,52.000
0.049,0.016,0.011,19.332,201656.625,7.639,52.000
0.050,0.015,0.011,19.117,180976.344,7.429,52.000
0.050,0.014,0.013,20.272,160762.250,7.828,52.000
0.050,0.019,0.012,19.400,186238.375,7.691,52.000
0.048,0.001,0.012,21.389,117533.414,2.224,52.000
0.050,0.007,0.011,20.769,123261.445,3.205,52.000
0.047,0.001,0.007,23.061,60136.539,1.984,52.000
0.051,0.001,0.001,20.262,34773.164,-0.003,52.000
0.052,0.013,0.011,18.551,168670.281,7.433,52.000
0.054,0.001,0.012,29.379,22061.312,0.523,52.000
0.047,0.001,0.022,17.940,32538.414,2.300,52.000
0.055,0.001,0.015,22.597,134871.375,1.935,52.000
0.050,0.001,0.004,21.187,90410.680,1.483,52.000
0.050,0.005,0.009,21.271,152954.188,2.657,52.000
0.042,0.001,0.017,23.411,110795.945,1.380,52.000
0.096,0.013,0.012,20.817,83343.820,4.404,52.000
0.048,0.001,0.014,20.204,175963.594,1.352,52.000
0.044,0.001,0.017,25.169,106128.664,1.414,52.000
0.051,0.016,0.014,20.255,135195.344,7.039,52.000
0.051,0.023,0.012,18.856,158550.406,7.060,52.000
0.056,0.001,0.019,21.358,89766.164,2.109,52.000
0.056,0.001,0.020,18.693,109662.289,3.022,52.000
0.059,0.000,0.014,20.631,33997.836,-0.412,52.000
0.049,0.012,0.010,14.819,145569.906,7.153,52.000
0.051,0.000,0.014,31.492,-32820.297,-2.076,52.000
0.047,0.000,0.011,26.497,-6516.711,-0.268,52.000
0.051,0.010,0.014,23.022,158256.344,7.206,52.000
0.050,0.001,0.004,20.774,92823.758,1.419,52.000
0.050,0.000,0.001,18.348,16215.695,0.820,52.000
0.050,0.021,0.011,19.712,175664.250,6.540,52.000
0.049,0.004,0.012,17.172,155660.156,2.810,52.000
0.055,0.000,0.012,32.283,288.039,2.255,52.000
0.051,0.022,0.014,20.101,114723.602,5.987,52.000
0.053,0.001,0.004,19.935,116505.555,2.373,52.000
0.050,0.000,0.008,26.827,-21525.688,1.111,52.000
0.051,0.010,0.012,21.136,182305.188,8.135,52.000
0.050,0.023,0.012,19.797,173799.125,6.823,52.000
0.047,0.001,0.019,22.667,31104.367,0.406,52.000
0.042,0.001,0.009,20.137,140659.938,1.583,52.000
0.051,0.026,0.014,21.258,90318.445,6.040,52.000
0.050,0.018,0.013,20.245,153207.312,7.291,52.000
0.055,0.002,0.011,21.032,133372.812,1.502,52.000
0.049,0.022,0.012,19.703,181648.875,6.844,52.000
0.043,0.000,0.006,21.256,12554.773,-1.891,52.000
0.045,0.001,0.014,26.600,17434.281,-1.712,52.000
0.052,0.001,0.006,25.364,16589.133,0.986,52.000
0.050,0.005,0.010,22.050,147905.062,2.434,52.000
0.050,0.020,0.011,19.501,177599.531,6.570,52.000
0.051,0.000,0.009,27.636,-3538.938,3.111,52.000
0.052,0.000,0.010,28.413,-69516.312,-0.438,52.000
0.051,0.010,0.011,16.933,163379.406,7.202,52.000
0.051,0.005,0.013,18.553,177102.344,3.432,52.000
0.052,0.007,0.013,21.015,156987.312,5.844,52.000
0.048,0.017,0.011,19.074,206675.312,7.867,52.000
0.041,0.001,0.010,19.062,140919.562,0.465,52.000
0.047,0.001,0.005,20.379,103349.633,2.496,52.000
0.049,0.026,0.014,20.939,119565.305,5.748,52.000
0.052,0.026,0.014,20.391,109445.711,6.290,52.000
0.051,0.025,0.012,19.198,150256.969,6.918,52.000
0.055,0.000,0.015,21.169,17700.875,3.082,52.000
0.051,0.008,0.013,21.379,188615.844,7.258,52.000
0.050,0.024,0.012,19.382,156658.344,6.977,52.000
0.051,0.020,0.011,19.380,167512.875,6.196,52.000
0.048,0.010,0.013,20.392,149588.062,7.408,52.000
0.049,0.020,0.011,19.753,188042.500,6.694,52.000
0.050,0.001,0.019,21.652,79937.367,1.415,52.000
0.045,0.001,0.012,17.866,161116.719,2.637,52.000
0.052,0.001,0.020,19.532,89977.273,2.434,52.000
0.051,0.012,0.014,23.105,150128.312,7.042,52.000
0.048,0.026,0.013,21.861,126346.898,6.382,52.000
0.051,0.007,0.011,19.359,121438.195,4.022,52.000
0.054,0.001,0.011,22.038,141983.875,2.533,52.000
0.050,0.009,0.015,23.545,151134.281,6.354,52.000
0.050,0.006,0.013,19.287,162901.219,4.964,52.000
0.002,0.012,0.013,23.037,86118.930,5.201,52.000
0.049,0.001,0.017,22.753,128905.898,3.045,52.000
0.051,0.008,0.014,22.295,184663.500,7.662,52.000
0.051,0.014,0.014,21.631,125706.352,6.777,52.000
0.052,0.002,0.018,20.394,117463.617,2.756,52.000
0.047,0.001,0.019,21.510,118230.055,2.499,52.000
0.051,0.001,0.007,25.170,19892.055,1.496,52.000
0.050,0.008,0.011,19.275,115395.586,4.855,52.000
0.059,0.000,0.013,21.316,37118.492,0.492,52.000
0.056,0.001,0.019,20.256,101442.773,2.632,52.000
0.052,0.000,0.013,28.403,14087.195,1.995,52.000
0.049,0.001,0.005,20.348,100154.961,2.142,52.000
0.040,0.001,0.016,20.100,85702.898,0.970,52.000
0.052,0.005,0.011,20.272,151851.562,2.893,52.000
0.051,0.018,0.011,18.886,185528.531,7.141,52.000
0.050,0.000,0.006,24.734,7219.922,1.140,52.000
0.043,0.001,0.011,22.905,36146.477,0.162,52.000
0.048,0.008,0.012,18.106,120956.398,4.781,52.000
0.052,0.018,0.012,18.165,174420.250,7.988,52.000
0.049,0.002,0.013,16.802,179118.219,2.118,52.000
0.041,0.000,0.009,20.438,-58995.859,1.797,52.000
0.053,0.002,0.012,20.285,173402.688,2.971,52.000
0.050,0.012,0.013,20.575,170914.906,8.054,52.000
0.048,0.003,0.011,22.183,168825.625,3.024,52.000
0.052,0.011,0.013,21.294,171031.156,7.959,52.000
0.053,0.001,0.009,25.958,59533.586,1.168,52.000
0.047,0.001,0.020,21.014,81680.883,2.082,52.000
0.045,0.001,0.010,21.505,145120.719,2.546,52.000
0.051,0.010,0.012,19.291,187082.875,8.010,52.000
0.049,0.002,0.011,22.580,162278.625,2.898,52.000
0.043,0.000,0.006,22.292,42833.273,0.890,52.000
0.057,0.001,0.008,23.991,80193.414,0.479,52.000
0.052,0.006,0.011,21.360,141521.188,2.821,52.000
0.051,0.016,0.012,20.085,188678.469,7.697,52.000
0.048,0.001,0.012,18.718,181402.719,2.476,52.000
0.043,0.001,0.016,23.555,115793.883,1.514,52.000
0.055,0.001,0.017,20.395,130112.805,2.621,52.000
0.048,0.010,0.011,17.566,125409.227,6.481,52.000
0.052,0.005,0.012,19.897,149000.406,2.754,52.000
0.051,0.007,0.011,19.053,124235.664,3.980,52.000
0.051,0.001,0.016,24.560,122963.398,2.003,52.000
0.044,0.001,0.021,20.404,93293.914,2.710,52.000
0.039,0.001,0.011,18.509,132859.719,-0.645,52.000
0.047,0.000,0.002,19.759,86099.180,-0.694,52.000
0.048,0.009,0.011,17.997,119585.914,6.275,52.000
0.053,0.001,0.021,18.933,73777.477,2.596,52.000
0.052,0.009,0.014,22.689,176765.125,7.812,52.000
0.055,0.001,0.004,19.917,122160.227,2.600,52.000
0.043,0.000,0.012,24.355,-38104.953,-0.755,52.000
0.050,0.026,0.014,21.387,72366.195,5.598,52.000
0.050,0.001,0.009,29.789,-81777.234,1.741,52.000
0.052,0.001,0.017,26.094,26087.508,-0.296,52.000
0.052,0.011,0.010,16.195,170607.500,7.040,52.000
0.054,0.001,0.007,25.779,56024.789,1.182,52.000
0.049,0.014,0.013,19.953,165513.250,7.780,52.000
0.048,0.001,0.022,20.341,65817.445,2.071,52.000
0.043,0.000,0.020,22.551,6390.578,-0.190,52.000
0.047,0.001,0.006,22.644,40686.945,1.575,52.000
0.049,0.008,0.014,21.410,167102.812,6.656,52.000
0.056,0.000,0.012,27.260,-25862.289,-1.611,52.000
0.051,0.001,0.022,19.284,1484.125,1.344,52.000
0.051,0.024,0.011,20.356,154901.312,6.134,52.000
0.048,0.006,0.011,20.147,143183.312,3.273,52.000
0.048,0.007,0.014,17.890,142294.094,4.493,52.000
0.048,0.007,0.011,19.460,130348.945,4.273,52.000
0.056,0.001,0.012,20.488,140045.188,1.955,52.000
0.052,0.024,0.012,18.503,137388.750,6.825,52.000
0.052,0.001,0.002,22.446,-19628.680,-0.112,52.000
0.043,0.002,0.012,17.136,155283.094,2.139,52.000
0.049,0.020,0.013,20.485,142580.969,6.653,52.000
0.052,0.001,0.012,27.316,56788.289,1.673,52.000
0.057,0.000,0.016,21.700,-2852.383,0.507,52.000
0.050,0.002,0.010,22.841,161345.594,2.812,52.000
0.056,0.000,0.009,26.059,-24039.211,0.193,52.000
0.043,0.001,0.009,20.998,152932.750,2.196,52.000
0.047,0.000,0.002,17.775,10153.672,4.096,52.000
0.051,0.011,0.014,22.696,161374.125,7.339,52.000
0.049,0.013,0.013,21.068,145484.531,7.343,52.000
0.050,0.004,0.009,21.599,158059.719,2.696,52.000
0.046,0.001,0.007,23.191,86596.961,2.301,52.000
0.056,0.001,0.007,22.577,105447.727,1.931,52.000
0.051,0.000,0.019,19.605,-8931.484,0.177,52.000
0.050,0.022,0.011,19.956,162548.656,6.189,52.000
0.052,0.007,0.013,20.820,177158.438,5.904,52.000
0.051,0.005,0.012,18.188,147834.469,3.273,52.000
0.048,0.001,0.018,24.858,54854.039,0.559,52.000
0.048,0.000,0.021,19.350,-23025.172,1.196,52.000
0.051,0.006,0.011,21.377,132768.781,2.731,52.000
0.055,0.000,0.012,30.981,19912.219,1.012,52.000
0.050,0.025,0.014,20.090,111205.352,5.829,52.000
0.053,0.001,0.006,21.540,114405.148,2.721,52.000
0.049,0.021,0.011,20.136,170782.250,6.537,52.000
0.046,0.001,0.018,25.594,9148.211,-1.036,52.000
0.059,0.001,0.008,18.840,132214.938,1.580,52.000
0.048,0.025,0.012,21.358,169544.438,6.986,52.000
0.052,0.001,0.003,22.844,-2329.688,0.378,52.000
0.049,0.016,0.013,20.158,156015.562,7.422,52.000
0.050,0.022,0.011,20.066,158221.156,6.143,52.000
0.055,0.000,0.003,23.614,-12135.578,0.945,52.000
0.052,0.000,0.016,27.599,2036.883,-1.564,52.000
0.047,0.002,0.010,20.982,171969.312,3.291,52.000
0.051,0.000,0.014,32.312,-19499.289,-2.256,52.000
0.051,0.002,0.009,22.472,154147.125,2.972,52.000
0.056,0.001,0.011,28.788,8551.203,0.940,52.000
0.050,0.001,0.015,23.569,144101.469,3.001,52.000
0.049,0.006,0.012,16.921,132534.125,4.230,52.000
0.049,0.010,0.011,17.101,134031.156,6.780,52.000
0.048,0.009,0.013,19.318,141307.969,6.989,52.000
0.048,0.004,0.013,15.829,139010.531,1.549,52.000
0.056,0.001,0.016,21.990,133854.562,1.749,52.000
0.043,0.000,0.019,24.507,-32540.141,-2.378,52.000
0.050,0.024,0.012,20.138,164798.344,6.855,52.000
0.051,0.001,0.009,23.847,120919.508,2.215,52.000
0.051,0.016,0.014,20.289,130726.945,6.881,52.000
0.045,0.001,0.002,19.680,60472.242,0.094,52.000
0.051,0.010,0.012,19.335,186320.906,8.055,52.000
0.049,0.002,0.014,19.382,168302.531,0.693,52.000
0.058,0.000,0.017,23.895,24540.719,2.480,52.000
0.051,0.000,0.017,21.222,-32348.133,0.028,52.000
0.057,0.001,0.014,23.821,96999.852,0.301,52.000
0.058,0.001,0.005,23.372,61502.008,1.052,52.000
0.055,0.001,0.005,20.736,120612.383,2.685,52.000
0.053,0.000,0.020,20.082,-22309.648,2.612,52.000
0.049,0.016,0.013,20.080,173355.062,7.754,52.000
0.050,0.020,0.014,20.010,125702.086,6.339,52.000
0.044,0.000,0.017,24.673,71036.633,-1.394,52.000
0.047,0.002,0.011,21.176,172571.781,3.155,52.000
0.053,0.001,0.019,19.455,95319.039,2.463,52.000
0.053,0.002,0.010,22.682,137153.688,1.851,52.000
0.048,0.024,0.012,20.816,168059.406,7.016,52.000
0.099,0.013,0.013,21.521,91851.523,3.312,52.000
0.052,0.000,0.004,23.342,22818.047,0.516,52.000
0.041,0.001,0.011,18.860,147303.125,0.621,52.000
0.053,0.001,0.020,20.094,52613.289,1.961,52.000
0.052,0.001,0.006,21.478,110914.164,2.381,52.000
0.042,0.000,0.016,24.218,23670.633,-1.456,52.000
0.097,0.013,0.011,20.866,70695.367,5.669,52.000
0.050,0.004,0.011,20.603,164498.156,2.826,52.000
0.056,0.001,0.015,25.438,74348.789,0.527,52.000
0.050,0.008,0.011,19.325,117805.883,5.055,52.000
0.048,0.004,0.011,21.269,160788.531,2.862,52.000
0.059,0.000,0.007,25.881,-37169.969,-0.071,52.000
0.048,0.001,0.009,24.833,67894.055,2.212,52.000
0.048,0.015,0.011,18.694,176381.438,7.825,52.000
0.047,0.000,0.003,20.218,62262.836,-0.260,52.000
0.052,0.000,0.019,21.290,-31362.594,1.073,52.000
0.050,0.008,0.009,17.192,162085.156,4.176,52.000
0.049,0.012,0.012,19.591,171239.750,8.184,52.000
0.049,0.019,0.012,20.167,195164.625,7.130,52.000
0.052,0.002,0.006,21.609,108944.945,2.638,52.000
0.049,0.020,0.013,20.063,152828.438,6.796,52.000
0.049,0.001,0.006,22.006,85000.039,2.135,52.000
0.048,0.003,0.012,18.891,175595.406,3.441,52.000
0.053,0.001,0.003,20.926,77823.805,1.620,52.000
0.048,0.002,0.014,17.175,165716.344,0.406,52.000
0.056,0.001,0.019,20.524,32630.477,1.955,52.000
0.058,0.001,0.017,21.785,138977.438,1.331,52.000
0.049,0.002,0.008,21.825,129912.805,3.099,52.000
0.049,0.005,0.014,18.339,160167.500,2.006,52.000
0.052,0.023,0.011,18.995,149773.562,6.450,52.000
0.048,0.009,0.010,17.445,130096.695,5.944,52.000
0.051,0.004,0.011,21.179,166752.188,3.039,52.000
0.002,0.013,0.011,20.889,145493.938,2.020,52.000
0.051,0.023,0.012,18.250,154387.812,7.121,52.000
0.052,0.002,0.016,22.655,131134.125,2.568,52.000
0.043,0.001,0.007,23.244,60043.602,2.097,52.000
0.048,0.006,0.010,21.471,147629.156,3.219,52.000
0.052,0.000,0.006,23.993,27094.539,1.013,52.000
0.057,0.000,0.013,24.217,59479.852,-0.663,52.000
0.040,0.001,0.015,19.905,22178.898,-0.840,52.000
0.040,0.000,0.011,19.753,-43530.992,0.848,52.000
0.052,0.000,0.021,19.064,-44108.324,2.903,52.000
0.049,0.002,0.014,18.355,170493.938,0.733,52.000
0.049,0.024,0.013,20.154,156307.406,6.831,52.000
0.049,0.008,0.010,19.375,128318.883,4.280,52.000
0.059,0.001,0.009,21.175,95922.805,0.219,52.000
0.056,0.001,0.013,20.281,144986.438,2.435,52.000
0.048,0.012,0.013,21.487,146961.312,7.579,52.000
0.002,0.013,0.012,22.868,137939.031,3.855,52.000
0.052,0.023,0.012,17.979,147798.750,6.936,52.000
0.052,0.004,0.012,20.804,161651.281,2.599,52.000
0.052,0.001,0.003,21.115,67223.195,1.004,52.000
0.048,0.001,0.012,19.599,178498.344,2.766,52.000
0.051,0.001,0.006,22.065,102920.477,2.492,52.000
0.052,0.026,0.013,20.486,90010.570,6.291,52.000
0.041,0.000,0.011,19.896,-34115.594,0.097,52.000
0.050,0.000,0.002,21.634,22190.609,-1.127,52.000
0.050,0.023,0.010,20.545,152825.938,5.710,52.000
0.042,0.001,0.018,24.205,85729.555,0.588,52.000
0.048,0.009,0.014,20.155,159518.156,6.423,52.000
0.049,0.012,0.011,18.519,180071.219,7.874,52.000
0.052,0.002,0.013,19.560,190353.469,3.079,52.000
0.050,0.014,0.010,17.826,162278.500,6.025,52.000
0.097,0.011,0.012,20.124,90434.148,5.485,52.000
0.058,0.001,0.014,21.199,131377.938,0.738,52.000
0.056,0.000,0.012,27.207,17590.398,0.051,52.000
0.049,0.002,0.006,20.977,96543.023,2.767,52.000
0.059,0.001,0.007,23.505,58098.430,-0.700,52.000
0.100,0.011,0.012,21.615,-19241.703,6.914,52.000
0.098,0.011,0.012,20.325,94850.836,4.751,52.000
0.044,0.000,0.016,22.608,-16970.891,0.078,52.000
0.051,0.000,0.006,24.966,10922.578,1.286,52.000
0.049,0.000,0.006,22.400,-3108.477,0.367,52.000
0.052,0.025,0.013,18.920,118366.586,6.971,52.000
0.060,0.001,0.015,20.336,156460.281,1.415,52.000
0.050,0.000,0.019,22.440,-1438.164,0.361,52.000
0.045,0.001,0.015,26.493,89882.883,0.709,52.000
0.051,0.023,0.014,19.217,115841.336,6.141,52.000
0.057,0.001,0.018,19.743,118132.508,2.916,52.000
0.049,0.007,0.013,18.392,138640.406,5.569,52.000
0.045,0.000,0.015,25.254,-59989.090,2.161,52.000
0.051,0.006,0.010,21.334,136849.188,2.535,52.000
0.058,0.001,0.018,21.093,115183.289,2.070,52.000
0.052,0.005,0.013,18.942,193616.875,3.819,52.000
0.044,0.000,0.018,22.903,27749.133,-0.077,52.000
0.054,0.002,0.009,23.608,122781.445,1.775,52.000
0.047,0.001,0.022,19.366,45375.164,2.029,52.000
0.050,0.020,0.011,19.878,181460.188,6.614,52.000
0.053,0.000,0.014,31.297,-129351.938,0.076,52.000
0.052,0.004,0.011,21.148,162945.406,2.872,52.000
0.055,0.002,0.014,22.234,143159.750,2.072,52.000
0.051,0.013,0.012,19.274,164004.000,7.502,52.000
0.056,0.000,0.015,22.168,29531.070,1.080,52.000
0.049,0.026,0.014,20.973,132504.406,6.026,52.000
0.042,0.001,0.014,17.241,127835.680,1.346,52.000
0.050,0.009,0.015,22.615,157230.719,6.682,52.000
0.048,0.014,0.012,18.977,168971.938,8.153,52.000
0.051,0.003,0.014,20.656,176530.469,2.876,52.000
0.043,0.000,0.004,19.807,118052.523,-0.767,52.000
0.052,0.000,0.020,20.437,-247.555,2.732,52.000
0.050,0.003,0.013,16.471,181088.688,1.731,52.000
0.098,0.010,0.012,19.304,91493.117,5.943,52.000
0.051,0.000,0.018,25.583,-95495.031,-0.670,52.000
0.056,0.002,0.012,20.103,147174.219,2.318,52.000
0.051,0.001,0.017,25.733,10061.422,-0.458,52.000
0.055,0.000,0.010,29.036,23650.609,0.186,52.000
0.050,0.009,0.014,23.347,151729.031,6.688,52.000
0.051,0.016,0.011,18.753,190372.188,7.196,52.000
0.048,0.005,0.012,16.712,143437.531,3.584,52.000
0.049,0.017,0.013,20.686,160060.156,7.344,52.000
0.054,0.001,0.003,21.504,59707.727,1.213,52.000
0.052,0.001,0.007,22.571,103989.680,2.453,52.000
0.045,0.001,0.015,23.433,124899.289,1.232,52.000
0.044,0.000,0.012,24.630,-53086.016,-2.198,52.000
0.049,0.007,0.012,17.243,128594.555,4.338,52.000
0.048,0.016,0.013,19.855,168502.562,7.911,52.000
0.054,0.000,0.016,21.304,1260.203,-0.747,52.000
0.048,0.023,0.012,20.763,176126.688,6.724,52.000
0.049,0.000,0.022,19.669,-111780.008,0.366,52.000
0.052,0.002,0.010,23.125,138512.219,1.981,52.000
0.049,0.004,0.011,20.391,160926.750,2.797,52.000
0.047,0.002,0.014,19.359,165789.625,0.988,52.000
0.054,0.001,0.007,24.453,88749.539,1.776,52.000
0.043,0.000,0.008,22.872,-16028.008,-1.307,52.000
0.044,0.001,0.009,21.064,157182.375,2.453,52.000
0.053,0.001,0.020,19.965,81741.664,2.342,52.000
0.048,0.001,0.003,20.217,77012.992,0.948,52.000
0.044,0.001,0.011,20.201,152002.031,2.018,52.000
0.052,0.026,0.011,21.089,137721.500,5.401,52.000
0.057,0.001,0.008,23.581,91081.273,0.979,52.000
0.044,0.000,0.010,21.170,-9136.227,0.252,52.000
0.049,0.025,0.014,20.459,125506.320,5.975,52.000
0.051,0.013,0.011,18.770,175630.406,7.530,52.000
0.050,0.005,0.013,17.934,163369.938,3.021,52.000
0.053,0.001,0.020,19.398,90452.680,2.590,52.000
0.100,0.013,0.011,21.999,-95039.781,5.796,52.000
0.050,0.005,0.011,22.484,135291.250,2.697,52.000
0.048,0.000,0.013,29.049,-31434.219,-1.822,52.000
0.049,0.013,0.012,19.244,162935.812,7.918,52.000
0.049,0.022,0.012,19.712,182099.375,6.875,52.000
0.050,0.020,0.011,19.478,170098.219,6.401,52.000
0.046,0.000,0.008,28.068,10888.328,4.693,52.000
0.042,0.001,0.006,20.231,143984.938,2.529,52.000
0.041,0.000,0.017,21.804,-15167.938,-2.927,52.000
0.002,0.013,0.011,20.910,148381.438,2.092,52.000
0.052,0.010,0.014,22.415,166756.062,7.237,52.000
0.050,0.000,0.005,23.182,19281.102,0.883,52.000
0.054,0.000,0.014,27.872,-11640.055,3.886,52.000
0.046,0.000,0.012,30.165,-16533.641,3.142,52.000
0.052,0.020,0.011,18.678,163299.406,6.717,52.000
0.053,0.001,0.004,20.482,113656.992,2.310,52.000
0.051,0.027,0.012,22.640,28297.211,4.889,52.000
0.051,0.010,0.013,21.792,184639.406,8.295,52.000
0.050,0.009,0.010,17.106,136318.906,5.525,52.000
0.045,0.000,0.010,24.339,8168.117,0.913,52.000
0.052,0.025,0.011,20.532,147994.094,5.673,52.000
0.051,0.001,0.006,22.488,98535.555,2.215,52.000
0.056,0.000,0.019,20.704,-7376.492,-0.959,52.000
0.051,0.007,0.010,18.400,150390.625,3.268,52.000
0.048,0.001,0.010,26.323,15893.578,2.531,52.000
0.058,0.001,0.018,20.986,123724.242,1.901,52.000
0.042,0.001,0.015,22.188,92221.102,0.279,52.000
0.052,0.001,0.005,22.570,57056.742,1.470,52.000
0.050,0.011,0.013,22.349,172678.188,8.121,52.000
0.048,0.002,0.013,16.622,176092.156,1.391,52.000
0.052,0.000,0.004,23.509,-76113.633,-0.677,52.000
0.050,0.014,0.014,21.287,134996.969,6.718,52.000
0.056,0.000,0.011,33.286,-13803.328,1.249,52.000
0.054,0.001,0.003,20.865,80667.195,1.704,52.000
0.060,0.000,0.015,21.697,134500.406,1.728,52.000
0.052,0.004,0.010,22.041,157644.531,2.689,52.000
0.046,0.001,0.016,23.870,130948.164,2.868,52.000
0.047,0.001,0.021,20.731,77233.242,2.002,52.000
0.059,0.000,0.017,23.622,43770.320,1.644,52.000
0.053,0.000,0.010,33.180,-3696.258,2.674,52.000
0.051,0.003,0.010,22.356,160582.594,2.639,52.000
0.041,0.001,0.012,20.954,51396.820,-0.202,52.000
0.098,0.012,0.011,19.790,73624.852,6.837,52.000
0.051,0.026,0.012,19.746,134033.938,6.716,52.000
0.046,0.001,0.010,23.156,94458.430,2.513,52.000
0.052,0.002,0.010,22.962,145561.375,2.277,52.000
0.052,0.015,0.013,19.063,170444.219,8.403,52.000
0.041,0.001,0.012,17.905,133634.500,0.224,52.000
0.046,0.001,0.007,23.907,33766.383,2.082,52.000
0.045,0.002,0.012,17.459,163898.812,2.351,52.000
0.043,0.000,0.006,21.014,83273.602,-0.609,52.000
0.049,0.010,0.010,14.903,159524.250,6.676,52.000
0.050,0.008,0.010,17.510,132671.000,4.820,52.000
0.049,0.005,0.013,16.831,141163.500,3.440,52.000
0.053,0.000,0.020,20.078,-12335.422,2.558,52.000
0.049,0.022,0.010,20.796,153977.438,6.310,52.000
0.047,0.001,0.004,19.791,113744.492,1.590,52.000
0.049,0.011,0.013,20.798,168148.219,7.873,52.000
0.054,0.001,0.015,26.485,57838.883,0.196,52.000
0.055,0.000,0.012,29.426,-58551.941,-0.521,52.000
0.051,0.011,0.010,16.037,167369.625,7.136,52.000
0.049,0.002,0.012,20.774,169361.406,3.295,52.000
0.057,0.000,0.014,21.538,63715.180,1.266,52.000
0.048,0.004,0.013,15.680,144409.469,2.092,52.000
0.050,0.004,0.010,21.870,157257.312,2.508,52.000
0.042,0.001,0.007,21.135,144591.094,2.486,52.000
0.049,0.014,0.011,19.043,171505.562,7.394,52.000
0.051,0.008,0.014,21.307,179322.500,7.025,52.000
0.051,0.018,0.012,18.700,181587.156,7.963,52.000
0.050,0.026,0.011,21.444,158446.406,5.712,52.000
0.049,0.010,0.013,22.328,167232.406,7.883,52.000
0.043,0.001,0.018,23.339,125726.711,2.169,52.000
0.053,0.001,0.012,22.086,109928.867,1.650,52.000
0.046,0.001,0.016,23.892,131290.812,2.722,52.000
0.044,0.001,0.017,24.265,123152.430,2.207,52.000
0.048,0.016,0.013,20.184,181372.906,7.927,52.000
0.041,0.000,0.013,20.750,-17767.680,-0.239,52.000
0.051,0.014,0.014,21.601,133416.750,7.084,52.000
0.057,0.001,0.005,20.723,122859.352,1.997,52.000
0.051,0.014,0.011,19.165,171225.719,7.044,52.000
0.049,0.000,0.012,29.131,-16300.555,-0.903,52.000
0.049,0.005,0.014,19.305,177802.219,3.147,52.000
0.052,0.000,0.016,27.336,-4201.586,-1.831,52.000
0.042,0.001,0.006,20.639,144816.125,2.146,52.000
0.048,0.001,0.010,21.612,168455.562,2.917,52.000
0.049,0.003,0.010,22.307,165142.156,2.754,52.000
0.053,0.001,0.022,16.413,-1703.891,2.441,52.000
0.050,0.018,0.011,18.597,193347.781,7.433,52.000
0.045,0.001,0.018,25.243,17512.445,-0.657,52.000
0.047,0.000,0.015,25.171,-22088.422,0.917,52.000
0.048,0.001,0.004,20.232,98927.820,1.384,52.000
0.099,0.012,0.012,20.636,78417.586,5.755,52.000
0.052,0.008,0.012,19.997,139437.281,5.670,52.000
0.051,0.021,0.012,18.272,174274.844,7.179,52.000
0.052,0.027,0.012,21.269,79607.914,5.846,52.000
0.051,0.015,0.012,20.311,169055.969,8.331,52.000
0.098,0.012,0.011,19.956,72739.664,7.069,52.000
0.044,0.001,0.021,21.546,77459.070,2.125,52.000
0.050,0.006,0.013,19.412,157381.688,5.213,52.000
0.044,0.001,0.008,21.643,156668.344,3.134,52.000
0.051,0.017,0.012,19.714,187750.562,7.736,52.000
0.058,0.000,0.009,24.418,1462.008,0.907,52.000
0.050,0.014,0.011,18.967,179076.469,6.808,52.000
0.044,0.002,0.010,19.725,168324.281,2.863,52.000
0.044,0.000,0.017,24.842,6032.734,-0.680,52.000
0.051,0.001,0.005,22.298,77104.523,1.748,52.000
0.051,0.002,0.014,21.810,167405.750,3.306,52.000
0.051,0.014,0.010,19.216,177159.750,6.494,52.000
0.050,0.020,0.013,19.672,151278.188,6.992,52.000
0.050,0.004,0.011,21.618,162717.938,3.014,52.000
0.050,0.001,0.018,21.518,105092.711,2.013,52.000
0.056,0.000,0.012,26.970,-73329.406,-2.214,52.000
0.042,0.000,0.015,22.640,-23984.008,0.433,52.000
0.054,0.001,0.005,21.581,116002.195,2.611,52.000
0.052,0.005,0.011,19.935,158901.875,3.004,52.000
0.056,0.000,0.020,21.832,-76007.734,3.398,52.000
0.051,0.000,0.017,20.802,-8479.117,0.202,52.000
0.049,0.020,0.014,20.405,128177.680,6.538,52.000
0.048,0.023,0.013,20.365,143680.469,6.601,52.000
0.057,0.001,0.015,23.645,119716.758,0.304,52.000
0.051,0.015,0.011,19.227,181930.812,7.210,52.000
0.050,0.015,0.010,18.285,187770.281,6.591,52.000
0.049,0.011,0.010,15.097,148517.406,7.121,52.000
0.044,0.001,0.020,21.760,107437.711,2.347,52.000
0.048,0.012,0.011,18.317,174811.594,7.739,52.000
0.043,0.000,0.017,23.653,26825.977,-0.352,52.000
0.050,0.016,0.012,20.332,190517.281,7.887,52.000
0.051,0.009,0.010,15.017,175425.906,5.424,52.000
0.051,0.004,0.011,20.963,162695.281,2.827,52.000
0.002,0.013,0.011,21.157,138750.750,2.538,52.000
0.050,0.001,0.012,20.080,142391.938,2.275,52.000
0.050,0.010,0.011,16.554,143795.719,6.418,52.000
0.050,0.019,0.010,18.791,180120.062,7.195,52.000
0.050,0.006,0.010,22.218,133313.688,2.848,52.000
0.045,0.000,0.008,24.612,-12297.523,0.848,52.000
0.052,0.000,0.017,26.591,-41084.066,-1.912,52.000
0.043,0.000,0.004,17.266,93571.992,3.391,52.000
0.051,0.016,0.012,19.965,181406.594,8.298,52.000
0.041,0.001,0.018,24.018,5256.625,-0.900,52.000
0.053,0.000,0.011,34.062,-1351.617,1.385,52.000
0.050,0.003,0.014,18.803,172641.312,1.577,52.000
0.047,0.002,0.015,22.630,149936.906,2.488,52.000
0.050,0.018,0.013,20.229,147743.562,7.415,52.000
0.046,0.001,0.008,21.992,145186.062,2.714,52.000
0.056,0.000,0.004,23.429,-15123.273,1.106,52.000
0.051,0.025,0.014,20.334,116292.352,5.925,52.000
0.051,0.016,0.014,20.550,134441.875,6.896,52.000
0.049,0.003,0.011,21.742,163889.219,2.982,52.000
0.048,0.007,0.012,16.878,120991.555,5.126,52.000
0.051,0.001,0.010,23.762,114425.289,2.265,52.000
0.049,0.020,0.013,19.893,168885.562,7.050,52.000
0.053,0.001,0.020,19.759,-4236.398,1.369,52.000
0.099,0.013,0.013,21.660,85382.445,3.041,52.000
0.051,0.006,0.014,19.709,193517.906,5.824,52.000
0.050,0.013,0.010,15.514,147619.031,6.875,52.000
0.051,0.009,0.014,23.086,169599.312,7.699,52.000
0.049,0.001,0.001,18.317,116099.180,1.031,52.000
0.050,0.001,0.007,22.017,104607.320,2.720,52.000
0.048,0.001,0.009,23.214,119978.117,3.124,52.000
0.048,0.027,0.012,15.231,218009.688,5.800,52.000
0.052,0.000,0.012,30.113,24845.297,0.432,52.000
0.056,0.000,0.005,23.301,70748.367,1.386,52.000
0.051,0.001,0.007,23.748,103976.617,2.672,52.000
0.043,0.001,0.019,22.502,124066.477,2.236,52.000
0.050,0.008,0.012,18.932,126712.883,4.975,52.000
0.050,0.016,0.010,18.751,192348.938,7.361,52.000
0.056,0.001,0.019,21.143,84006.758,2.187,52.000
0.046,0.000,0.006,23.030,25435.797,0.047,52.000
0.048,0.023,0.011,22.015,164257.656,6.229,52.000
0.048,0.001,0.013,25.541,43031.008,1.193,52.000
0.055,0.001,0.014,24.991,91742.039,0.917,52.000
0.048,0.001,0.004,21.584,60744.570,1.082,52.000
0.046,0.000,0.014,27.682,-48694.910,0.782,52.000
0.048,0.001,0.015,26.445,90085.383,0.208,52.000
0.059,0.001,0.018,19.862,142718.094,1.907,52.000
0.051,0.014,0.013,20.171,162345.688,8.137,52.000
0.052,0.001,0.002,21.096,55090.852,0.820,52.000
0.051,0.025,0.013,20.527,124118.070,6.038,52.000
0.050,0.017,0.012,20.375,187764.719,7.797,52.000
0.050,0.015,0.010,18.867,193234.125,7.092,52.000
0.051,0.019,0.013,18.813,154705.281,7.779,52.000
0.049,0.008,0.010,18.697,151669.531,4.302,52.000
0.048,0.008,0.011,18.911,123480.680,4.570,52.000
0.052,0.001,0.013,22.144,132637.031,1.968,52.000
0.056,0.001,0.010,26.267,30184.570,-1.003,52.000
0.049,0.007,0.014,18.474,156062.375,5.321,52.000
0.052,0.008,0.011,19.000,143521.562,5.815,52.000
0.050,0.019,0.012,19.712,194106.562,7.310,52.000
0.056,0.001,0.018,19.522,115532.383,2.933,52.000
0.040,0.001,0.012,17.527,128140.461,-0.512,52.000
0.058,0.001,0.018,21.504,96552.305,1.982,52.000
0.050,0.001,0.011,22.683,140739.938,2.798,52.000
0.049,0.001,0.020,21.008,87755.383,1.906,52.000
0.054,0.001,0.011,34.208,-79718.766,-0.213,52.000
0.050,0.007,0.010,19.952,134840.594,3.399,52.000
0.047,0.001,0.017,23.616,131226.750,3.020,52.000
0.043,0.000,0.007,23.001,37515.867,-0.504,52.000
0.046,0.001,0.020,21.025,65968.133,1.896,52.000
0.050,0.007,0.012,19.495,131766.000,4.627,52.000
0.051,0.020,0.011,19.189,169033.656,6.725,52.000
0.041,0.001,0.017,23.370,66816.742,-0.167,52.000
0.057,0.001,0.013,21.430,107844.445,1.206,52.000
0.047,0.000,0.011,27.737,-30892.773,-0.191,52.000
0.048,0.001,0.009,21.728,151635.625,3.283,52.000
0.051,0.001,0.016,23.603,136718.156,2.641,52.000
0.041,0.001,0.014,19.689,49839.992,0.034,52.000
0.056,0.002,0.016,21.876,130185.102,1.700,52.000
0.049,0.000,0.005,22.377,69462.648,0.764,52.000
0.049,0.019,0.012,19.957,187945.250,7.542,52.000
0.049,0.005,0.011,20.697,148361.312,2.472,52.000
0.051,0.007,0.010,20.002,123125.102,3.123,52.000
0.050,0.005,0.014,19.353,177331.125,3.050,52.000
0.049,0.010,0.013,21.529,166136.969,8.007,52.000
0.051,0.007,0.010,19.042,149468.000,3.136,52.000
0.043,0.000,0.004,18.075,63292.258,1.433,52.000
0.047,0.002,0.006,20.341,114748.492,2.939,52.000
0.052,0.014,0.013,20.222,157844.781,7.949,52.000
0.056,0.000,0.017,22.932,6760.594,-0.273,52.000
0.050,0.025,0.012,19.869,154094.219,6.904,52.000
0.050,0.018,0.014,20.446,128124.898,6.261,52.000
0.050,0.001,0.015,28.301,67620.023,0.839,52.000
0.052,0.018,0.012,18.296,171559.812,7.974,52.000
0.049,0.005,0.011,20.372,151063.562,2.515,52.000
0.051,0.009,0.015,23.021,158929.156,6.645,52.000
0.001,0.011,0.012,22.950,97313.977,4.203,52.000
0.002,0.012,0.012,22.356,127226.008,3.330,52.000
0.054,0.001,0.002,21.008,64867.664,1.437,52.000
0.045,0.001,0.006,20.855,127229.555,3.003,52.000
0.052,0.001,0.013,22.487,146615.688,2.397,52.000
0.050,0.001,0.003,19.971,100870.539,1.326,52.000
0.050,0.007,0.011,19.398,112213.133,3.652,52.000
0.055,0.000,0.012,33.237,2464.484,1.620,52.000
0.054,0.000,0.010,28.890,24256.430,2.168,52.000
0.049,0.007,0.015,20.189,174911.719,5.443,52.000
0.052,0.003,0.011,22.354,158680.656,3.100,52.000
0.097,0.012,0.013,20.686,94994.930,4.220,52.000
0.050,0.011,0.013,22.313,167303.094,8.066,52.000
0.001,0.012,0.012,23.184,109307.383,4.247,52.000
0.049,0.006,0.012,16.777,140249.594,3.794,52.000
0.050,0.024,0.011,21.005,160275.688,5.881,52.000
0.050,0.001,0.010,25.809,50755.711,2.386,52.000
0.050,0.000,0.002,19.453,-60359.457,-0.242,52.000
0.050,0.023,0.012,19.234,167691.625,7.108,52.000
0.057,0.000,0.009,26.809,-46102.559,0.082,52.000
0.050,0.021,0.013,19.527,156525.875,6.939,52.000
0.052,0.005,0.013,18.956,182966.031,3.891,52.000
0.044,0.001,0.008,23.126,-37555.812,1.066,52.000
0.048,0.010,0.013,20.588,149008.281,7.229,52.000
0.056,0.001,0.008,25.246,67808.820,0.615,52.000
0.051,0.023,0.010,20.065,144583.719,5.560,52.000
0.049,0.021,0.010,20.090,154927.875,6.720,52.000
0.001,0.012,0.014,23.423,61642.883,5.899,52.000
0.060,0.001,0.014,19.035,128647.789,1.510,52.000
0.051,0.019,0.010,18.710,175456.062,7.241,52.000
0.049,0.027,0.010,13.732,268883.000,5.527,52.000
0.048,0.001,0.012,19.659,158339.906,2.367,52.000
0.050,0.016,0.013,20.182,166526.312,7.834,52.000
0.042,0.000,0.015,23.507,-17592.008,-2.143,52.000
0.050,0.008,0.013,21.284,185922.344,7.231,52.000
0.049,0.021,0.013,20.287,139710.156,6.696,52.000
0.051,0.001,0.012,19.946,153367.500,2.371,52.000
0.050,0.025,0.010,21.435,152264.469,5.476,52.000
0.054,0.000,0.017,25.107,-76537.719,-0.755,52.000
0.051,0.012,0.013,21.786,168502.469,8.077,52.000
0.051,0.011,0.010,14.563,168573.750,6.711,52.000
0.050,0.020,0.013,19.679,152859.469,6.946,52.000
0.049,0.016,0.013,20.242,181937.562,7.990,52.000
0.053,0.000,0.019,20.921,-50562.465,-0.447,52.000
0.056,0.002,0.010,20.825,124185.242,1.001,52.000
0.052,0.005,0.010,22.167,150986.375,2.473,52.000
0.053,0.000,0.015,28.158,-11780.922,-1.957,52.000
0.052,0.004,0.011,20.974,162330.031,2.768,52.000
0.049,0.025,0.011,22.274,162872.719,5.881,52.000
0.051,0.014,0.012,20.184,162623.094,8.081,52.000
0.051,0.013,0.011,18.621,175074.688,7.352,52.000
0.041,0.000,0.011,21.243,-13950.320,0.223,52.000
0.002,0.010,0.013,22.783,66557.383,5.248,52.000
0.052,0.006,0.013,20.225,157562.625,4.268,52.000
0.048,0.008,0.013,17.599,125454.398,5.604,52.000
0.048,0.022,0.014,20.025,133015.938,6.590,52.000
0.059,0.001,0.015,21.707,126800.820,1.792,52.000
0.053,0.002,0.013,19.856,176950.625,2.560,52.000
0.044,0.001,0.014,23.047,66078.367,0.123,52.000
0.050,0.026,0.011,22.127,160320.875,5.521,52.000
0.045,0.001,0.018,25.864,-22612.500,-1.621,52.000
0.050,0.001,0.017,23.220,126743.289,2.798,52.000
0.055,0.000,0.004,25.556,-70451.438,-0.923,52.000
0.050,0.004,0.014,18.615,169787.094,1.539,52.000
0.048,0.019,0.011,20.060,198825.312,7.321,52.000
0.052,0.002,0.007,22.022,100505.180,2.679,52.000
0.051,0.011,0.012,20.662,184967.000,7.990,52.000
0.100,0.013,0.012,22.318,-53349.246,8.458,52.000
0.050,0.001,0.005,20.745,99290.195,2.083,52.000
0.049,0.013,0.014,22.892,133480.438,6.566,52.000
0.001,0.012,0.011,21.640,130696.430,2.469,52.000
0.048,0.005,0.013,15.824,138162.781,3.255,52.000
0.050,0.002,0.011,21.889,166296.594,2.992,52.000
0.051,0.005,0.011,21.430,161528.000,2.916,52.000
0.054,0.001,0.019,21.448,9946.844,0.845,52.000
0.003,0.012,0.012,22.644,112394.602,4.600,52.000
0.053,0.001,0.004,20.227,117610.195,2.444,52.000
0.050,0.022,0.014,20.353,123643.914,6.047,52.000
0.048,0.001,0.017,22.330,126652.789,2.931,52.000
0.050,0.009,0.011,17.582,125599.586,5.976,52.000
0.058,0.000,0.013,24.173,46228.680,0.644,52.000
0.099,0.013,0.013,21.460,65619.133,3.062,52.000
0.050,0.001,0.013,22.961,92291.914,1.448,52.000
0.052,0.000,0.004,23.264,5202.742,0.202,52.000
0.051,0.019,0.010,18.573,167852.344,7.141,52.000
0.041,0.000,0.016,20.810,16116.430,-2.293,52.000
0.051,0.026,0.013,21.100,121369.633,6.033,52.000
0.049,0.007,0.011,19.309,115641.648,3.867,52.000
0.053,0.001,0.007,25.534,36915.898,1.216,52.000
0.052,0.027,0.012,20.909,69892.945,5.812,52.000
0.059,0.001,0.010,17.200,134987.281,0.640,52.000
0.051,0.023,0.011,20.229,155810.250,6.076,52.000
0.042,0.000,0.011,21.918,-29008.430,0.421,52.000
0.052,0.006,0.013,19.812,158504.562,3.789,52.000
0.051,0.005,0.013,19.615,183369.188,4.562,52.000
0.051,0.010,0.009,14.053,166455.031,6.629,52.000
0.049,0.022,0.010,21.165,158713.438,6.386,52.000
0.056,0.002,0.014,21.615,150259.188,2.219,52.000
0.047,0.001,0.004,20.012,108763.664,1.449,52.000
0.050,0.000,0.007,24.816,10872.586,0.952,52.000
0.050,0.010,0.012,20.799,173489.594,7.876,52.000
0.052,0.008,0.012,20.107,143748.656,6.471,52.000
0.052,0.011,0.011,16.943,170482.188,7.117,52.000
0.041,0.000,0.006,18.834,50718.773,4.092,52.000
0.053,0.001,0.013,19.526,177469.531,2.575,52.000
0.002,0.012,0.013,23.802,86173.805,5.384,52.000
0.052,0.010,0.011,18.702,175272.312,7.719,52.000
0.056,0.001,0.015,24.895,91192.742,-0.356,52.000
0.053,0.001,0.004,19.980,119616.805,2.470,52.000
0.051,0.015,0.010,19.317,180066.812,6.387,52.000
0.045,0.001,0.014,25.559,78291.648,-0.411,52.000
0.057,0.001,0.015,24.221,102470.148,-0.147,52.000
0.047,0.001,0.010,21.068,171336.406,3.232,52.000
0.051,0.012,0.011,18.010,177494.969,7.594,52.000
0.000,0.012,0.011,24.078,58660.867,4.766,52.000
0.051,0.015,0.011,19.235,185784.531,7.056,52.000
0.050,0.013,0.014,22.390,129130.289,6.491,52.000
0.048,0.014,0.012,18.995,167122.625,8.063,52.000
0.058,0.001,0.012,18.545,115408.742,1.918,52.000
0.057,0.000,0.006,23.511,13597.445,0.453,52.000
0.054,0.000,0.003,23.177,21541.492,1.009,52.000
0.051,0.012,0.012,20.018,176413.594,7.884,52.000
0.052,0.001,0.013,19.373,179414.000,2.518,52.000
0.046,0.001,0.016,23.681,135008.344,2.680,52.000
0.040,0.000,0.013,19.883,39923.898,-1.721,52.000
0.050,0.023,0.013,19.220,154972.906,6.884,52.000
0.051,0.020,0.011,19.177,176934.406,6.883,52.000
0.045,0.001,0.005,20.737,99165.477,1.627,52.000
0.050,0.017,0.010,17.483,186550.906,7.936,52.000
0.051,0.007,0.015,20.997,178803.875,6.766,52.000
0.051,0.017,0.012,19.127,183516.750,7.853,52.000
0.055,0.001,0.004,21.083,94485.008,1.971,52.000
0.051,0.001,0.013,25.808,62395.523,1.106,52.000
0.060,0.001,0.009,19.760,90603.039,0.127,52.000
0.052,0.010,0.012,21.004,188453.250,7.961,52.000
0.049,0.002,0.006,20.372,99127.555,2.617,52.000
0.052,0.008,0.011,17.932,143087.219,4.418,52.000
0.047,0.002,0.009,21.206,149585.125,3.334,52.000
0.052,0.019,0.012,17.966,171303.156,7.948,52.000
0.050,0.023,0.013,19.215,148852.250,6.793,52.000
0.047,0.000,0.011,27.432,-79250.367,-1.850,52.000
0.050,0.000,0.021,18.434,-30954.875,1.338,52.000
0.056,0.001,0.006,22.940,99912.336,1.636,52.000
0.049,0.010,0.012,20.540,152964.625,7.025,52.000
0.041,0.000,0.015,19.904,-57500.410,-3.260,52.000
0.052,0.025,0.013,19.566,121033.445,6.373,52.000
0.099,0.012,0.011,20.109,66850.742,7.471,52.000
0.040,0.001,0.014,18.356,31523.180,-0.448,52.000
0.050,0.004,0.012,17.839,162483.875,2.721,52.000
0.051,0.008,0.012,19.916,126655.570,4.686,52.000
0.100,0.011,0.011,20.149,-11136.906,9.907,52.000
0.045,0.001,0.006,21.456,116449.727,2.412,52.000
0.049,0.025,0.013,20.159,152123.375,6.848,52.000
0.050,0.027,0.011,21.340,135991.594,5.996,52.000
0.039,0.000,0.012,19.683,-22246.172,-0.101,52.000
0.049,0.006,0.013,17.896,142089.188,3.788,52.000
0.055,0.000,0.013,27.745,-40323.938,-1.094,52.000
0.052,0.006,0.011,19.667,141735.062,3.466,52.000
0.049,0.009,0.010,16.402,145382.812,6.287,52.000
0.050,0.020,0.013,20.063,139904.062,6.958,52.000
0.050,0.005,0.015,20.413,181529.375,3.363,52.000
0.045,0.001,0.006,20.453,128060.102,2.834,52.000
0.055,0.001,0.019,19.396,114562.492,2.966,52.000
0.050,0.018,0.010,18.110,179119.562,8.045,52.000
0.049,0.007,0.015,20.312,172019.781,5.871,52.000
0.052,0.004,0.011,21.222,166775.375,3.199,52.000
0.060,0.001,0.011,16.205,131602.094,0.378,52.000
0.045,0.000,0.016,25.039,22147.625,-0.092,52.000
0.044,0.001,0.018,25.354,73855.148,0.674,52.000
0.049,0.012,0.010,16.138,138135.938,7.542,52.000
0.099,0.013,0.012,21.189,84388.414,4.738,52.000
0.002,0.012,0.011,21.031,133630.344,2.144,52.000
0.049,0.009,0.013,19.979,147162.812,6.869,52.000
0.050,0.007,0.010,20.004,154338.250,3.199,52.000
0.001,0.012,0.013,23.498,57402.508,5.150,52.000
0.052,0.010,0.011,18.542,170765.250,7.650,52.000
0.055,0.001,0.013,21.164,138224.156,2.299,52.000
0.052,0.008,0.011,18.112,145483.375,4.862,52.000
0.057,0.002,0.014,20.540,154942.031,2.154,52.000
0.048,0.010,0.014,21.750,149730.375,7.198,52.000
0.100,0.013,0.011,22.817,-94608.484,8.389,52.000
0.097,0.012,0.012,20.756,83434.680,4.975,52.000
0.049,0.020,0.012,19.838,191744.062,6.962,52.000
0.050,0.023,0.012,19.761,170318.594,6.855,52.000
0.049,0.009,0.014,22.126,158690.969,6.869,52.000
0.049,0.010,0.010,15.375,151283.375,6.804,52.000
0.051,0.012,0.012,19.463,182503.344,8.209,52.000
0.049,0.009,0.010,16.375,161486.344,5.353,52.000
0.051,0.003,0.012,20.337,169348.219,2.884,52.000
0.048,0.002,0.016,23.194,138419.594,3.466,52.000
0.054,0.001,0.014,27.119,84456.352,0.881,52.000
0.049,0.023,0.014,20.542,127807.102,6.127,52.000
0.048,0.006,0.012,16.472,128519.102,4.396,52.000
0.003,0.012,0.012,22.655,107474.773,4.575,52.000
0.050,0.005,0.013,17.034,150210.469,3.336,52.000
0.056,0.001,0.019,19.353,117308.805,3.037,52.000
0.044,0.000,0.014,28.126,-114686.219,-3.225,52.000
0.052,0.008,0.011,18.506,139965.688,5.175,52.000
0.046,0.000,0.006,20.422,3611.391,1.167,52.000
0.044,0.001,0.010,20.510,161383.188,2.538,52.000
0.044,0.001,0.010,20.003,170546.062,2.790,52.000
0.049,0.000,0.017,23.202,84036.164,0.239,52.000
0.059,0.001,0.015,21.844,140785.344,0.891,52.000
0.047,0.002,0.009,20.835,170124.844,3.534,52.000
0.050,0.022,0.014,20.317,122947.305,6.190,52.000
0.042,0.001,0.007,21.453,145921.219,2.702,52.000
0.098,0.014,0.011,21.559,64677.211,5.288,52.000
0.058,0.001,0.016,22.109,137228.688,1.139,52.000
0.049,0.001,0.004,19.573,103964.477,1.736,52.000
0.051,0.005,0.013,19.074,174158.719,4.076,52.000
0.050,0.007,0.014,19.416,193956.375,5.925,52.000
0.049,0.018,0.014,20.485,139986.438,6.754,52.000
0.044,0.001,0.007,22.934,74399.461,1.777,52.000
0.052,0.007,0.012,20.595,137907.188,5.162,52.000
0.044,0.001,0.006,21.512,126194.367,2.217,52.000
0.040,0.001,0.009,18.792,137795.438,0.285,52.000
0.047,0.001,0.010,20.994,169895.125,2.938,52.000
0.050,0.006,0.012,18.920,134694.812,2.965,52.000
0.050,0.001,0.007,24.327,36723.695,1.812,52.000
0.048,0.000,0.017,25.081,-35094.297,-2.461,52.000
0.000,0.013,0.011,23.514,28228.180,5.237,52.000
0.050,0.006,0.010,22.191,131677.750,2.806,52.000
0.042,0.000,0.014,22.224,-23289.336,-1.375,52.000
0.052,0.012,0.014,22.743,160106.094,7.062,52.000
0.051,0.022,0.011,19.176,156901.844,6.607,52.000
0.055,0.001,0.007,25.998,45405.492,0.867,52.000
0.051,0.025,0.014,20.230,107161.758,5.956,52.000
0.052,0.000,0.020,19.406,-12563.375,0.255,52.000
0.052,0.015,0.012,19.459,168824.969,7.879,52.000
0.050,0.009,0.010,15.644,170450.969,5.134,52.000
0.058,0.001,0.014,20.758,136953.969,1.234,52.000
0.049,0.002,0.015,21.021,162918.594,2.372,52.000
0.052,0.006,0.011,19.863,143994.281,3.131,52.000
0.043,0.000,0.014,21.935,11961.891,-0.945,52.000
0.057,0.001,0.018,21.142,116631.461,2.341,52.000
0.050,0.000,0.018,25.870,-44044.816,-1.712,52.000
0.051,0.011,0.011,18.612,187224.375,8.036,52.000
0.050,0.013,0.011,18.116,176601.656,7.602,52.000
0.100,0.012,0.012,23.668,-22549.859,10.009,52.000
0.049,0.013,0.010,16.368,151633.156,6.553,52.000
0.050,0.008,0.012,20.503,139679.469,5.632,52.000
0.053,0.000,0.005,24.344,20331.047,1.147,52.000
0.049,0.001,0.017,26.629,63874.680,0.649,52.000
0.048,0.005,0.013,16.509,147331.250,2.708,52.000
0.049,0.013,0.014,21.678,128864.336,6.587,52.000
0.055,0.000,0.010,29.023,26101.359,0.776,52.000
0.049,0.027,0.011,18.075,201478.750,6.055,52.000
0.051,0.003,0.013,17.610,186788.281,2.552,52.000
0.051,0.000,0.019,21.185,9931.539,0.786,52.000
0.047,0.001,0.004,19.276,117297.023,2.046,52.000
0.056,0.000,0.015,25.840,46525.695,-0.324,52.000
0.051,0.012,0.010,16.554,167820.531,7.150,52.000
0.050,0.005,0.013,18.283,156063.531,4.174,52.000
0.099,0.012,0.011,20.261,63871.758,7.282,52.000
0.058,0.001,0.013,19.195,114971.492,1.439,52.000
0.048,0.001,0.023,19.254,60673.961,2.369,52.000
0.050,0.004,0.012,17.972,172099.625,2.746,52.000
0.048,0.001,0.013,17.927,175360.281,1.475,52.000
0.002,0.010,0.013,22.819,67647.805,5.242,52.000
0.045,0.001,0.011,20.250,168692.969,2.466,52.000
0.052,0.003,0.011,22.251,160365.688,3.163,52.000
0.050,0.001,0.005,21.333,95763.398,1.630,52.000
0.051,0.007,0.010,18.465,148851.625,3.383,52.000
0.052,0.017,0.011,18.637,183483.969,6.944,52.000
0.050,0.011,0.011,16.588,142692.688,7.342,52.000
0.048,0.025,0.013,20.495,167906.125,7.150,52.000
0.049,0.008,0.010,17.973,130348.492,4.973,52.000
0.002,0.012,0.012,23.052,91058.242,4.935,52.000
0.042,0.001,0.009,21.895,104691.742,1.336,52.000
0.053,0.001,0.004,21.753,82502.242,1.863,52.000
0.045,0.000,0.011,27.216,-19013.969,0.102,52.000
0.049,0.001,0.002,19.387,97079.883,0.965,52.000
0.050,0.000,0.016,24.636,9833.266,-0.004,52.000
0.048,0.000,0.006,23.390,-2066.734,-0.208,52.000
0.050,0.011,0.011,16.568,148256.344,7.416,52.000
0.048,0.022,0.013,20.206,165149.594,6.920,52.000
0.045,0.002,0.013,17.182,167388.000,2.023,52.000
0.058,0.001,0.006,21.340,111950.695,1.301,52.000
0.051,0.014,0.013,21.776,153031.500,7.375,52.000
0.047,0.001,0.005,21.024,91150.523,1.543,52.000
0.050,0.006,0.015,20.142,186066.906,4.805,52.000
0.043,0.001,0.012,18.493,161784.688,1.530,52.000
0.048,0.014,0.014,20.505,137313.719,6.962,52.000
0.002,0.011,0.011,21.178,137379.531,1.653,52.000
0.055,0.000,0.018,22.343,-12719.984,-0.055,52.000
0.058,0.001,0.009,19.321,134038.125,1.256,52.000
0.051,0.005,0.012,19.623,151089.438,2.853,52.000
0.049,0.009,0.013,20.326,143863.312,6.932,52.000
0.053,0.001,0.004,21.748,82212.586,1.776,52.000
0.048,0.008,0.013,17.930,125565.492,6.106,52.000
0.052,0.001,0.019,20.293,42269.320,1.749,52.000
0.051,0.001,0.015,27.356,92160.242,1.367,52.000
0.049,0.027,0.012,18.746,204107.750,6.912,52.000
0.051,0.001,0.017,23.614,107403.211,1.813,52.000
0.049,0.001,0.008,22.013,130482.492,2.914,52.000
0.052,0.000,0.011,30.953,22690.484,0.541,52.000
0.052,0.018,0.013,17.945,171247.500,8.184,52.000
0.051,0.023,0.012,18.405,151495.281,7.161,52.000
0.049,0.017,0.013,20.383,161359.094,7.542,52.000
0.047,0.001,0.015,29.796,21199.352,-1.419,52.000
0.097,0.012,0.011,20.493,67714.820,6.417,52.000
0.050,0.025,0.013,20.069,139605.656,6.469,52.000
0.044,0.001,0.009,22.982,38472.914,1.708,52.000
0.051,0.001,0.016,23.463,129955.398,2.528,52.000
0.050,0.027,0.010,22.644,148886.719,5.323,52.000
0.052,0.006,0.011,20.348,153123.531,3.033,52.000
0.057,0.001,0.013,20.168,146843.969,2.269,52.000
0.050,0.000,0.013,28.175,-39920.082,-2.433,52.000
0.047,0.000,0.008,28.117,-13535.383,3.490,52.000
0.047,0.001,0.020,20.783,91265.492,2.194,52.000
0.050,0.005,0.009,21.140,155714.219,2.642,52.000
0.040,0.001,0.016,19.700,84817.992,0.973,52.000
0.052,0.027,0.012,15.065,189556.500,7.581,52.000
0.048,0.001,0.020,21.113,84373.258,1.875,52.000
0.049,0.019,0.012,20.123,193891.625,7.299,52.000
0.049,0.002,0.010,22.093,164369.281,3.150,52.000
0.052,0.004,0.014,19.086,184575.500,3.886,52.000
0.052,0.010,0.014,22.545,168722.406,7.505,52.000
0.045,0.001,0.006,20.397,126228.633,2.841,52.000
0.044,0.001,0.016,25.632,96229.883,0.886,52.000
0.051,0.025,0.010,21.309,148598.438,5.344,52.000
0.049,0.000,0.021,22.175,-113521.922,2.219,52.000
0.050,0.014,0.010,17.654,159971.469,6.093,52.000
0.053,0.001,0.022,18.463,51374.820,2.313,52.000
0.053,0.000,0.015,29.310,-9289.961,-1.635,52.000
0.051,0.001,0.010,22.857,146476.625,2.229,52.000
0.049,0.023,0.011,20.673,167857.094,6.410,52.000
0.052,0.001,0.010,22.966,141360.969,2.108,52.000
0.059,0.001,0.009,21.333,107885.539,0.571,52.000
0.052,0.004,0.014,19.176,180865.281,3.918,52.000
0.054,0.002,0.015,22.591,145602.875,2.421,52.000
0.048,0.012,0.013,19.916,160760.750,7.911,52.000
0.050,0.006,0.009,20.751,154361.562,2.915,52.000
0.052,0.001,0.004,21.279,87547.664,1.592,52.000
0.050,0.023,0.014,20.065,127903.992,6.047,52.000
0.051,0.001,0.013,20.937,136852.000,2.032,52.000
0.057,0.000,0.018,21.950,50149.008,1.676,52.000
0.003,0.012,0.012,22.538,112502.883,4.234,52.000
0.048,0.010,0.012,20.031,138043.469,6.324,52.000
0.050,0.008,0.012,20.570,141716.688,5.812,52.000
0.051,0.009,0.012,19.791,163140.688,7.586,52.000
0.059,0.001,0.018,20.979,138871.094,1.876,52.000
0.057,0.001,0.012,21.024,95707.164,1.270,52.000
0.055,0.000,0.013,28.939,21543.430,0.281,52.000
0.050,0.001,0.017,26.489,9472.188,-0.756,52.000
0.044,0.001,0.004,19.259,131757.000,2.491,52.000
0.050,0.018,0.014,19.703,121297.570,6.003,52.000
0.058,0.001,0.013,18.218,121450.367,1.964,52.000
0.059,0.001,0.007,20.569,120102.352,1.435,52.000
0.040,0.001,0.015,19.027,52089.680,-0.476,52.000
0.050,0.025,0.013,20.386,130641.945,6.272,52.000
0.050,0.012,0.009,13.458,151324.656,6.793,52.000
0.058,0.001,0.007,21.628,113442.148,1.267,52.000
0.047,0.001,0.009,21.507,155057.969,3.267,52.000
0.058,0.000,0.017,22.202,-31318.594,0.648,52.000
0.050,0.003,0.010,22.626,158555.188,2.627,52.000
0.050,0.001,0.017,23.215,109003.195,1.977,52.000
0.052,0.002,0.014,21.685,178144.688,3.821,52.000
0.042,0.001,0.017,23.940,81145.555,0.399,52.000
0.053,0.001,0.016,26.049,73832.727,0.230,52.000
0.050,0.020,0.010,19.029,158837.125,7.294,52.000
0.058,0.001,0.017,20.903,139689.156,1.761,52.000
0.052,0.000,0.017,25.055,-50712.414,-1.209,52.000
0.049,0.025,0.014,20.535,129733.133,6.131,52.000
0.050,0.000,0.004,23.384,13604.477,1.076,52.000
0.051,0.024,0.012,18.561,138781.344,6.764,52.000
0.050,0.019,0.014,19.725,108361.773,5.935,52.000
0.049,0.000,0.022,22.763,-84719.172,1.549,52.000
0.051,0.020,0.012,18.205,167092.375,7.550,52.000
0.054,0.000,0.020,20.584,-25829.086,1.421,52.000
0.050,0.006,0.015,20.444,187444.781,5.394,52.000
0.044,0.000,0.020,22.523,-54842.383,0.060,52.000
0.097,0.012,0.011,20.566,62633.414,6.667,52.000
0.048,0.008,0.012,17.887,118236.867,5.225,52.000
0.056,0.001,0.011,21.814,121957.992,1.060,52.000
0.048,0.001,0.010,22.183,144720.469,2.878,52.000
0.048,0.013,0.011,16.620,149745.469,7.292,52.000
0.048,0.001,0.018,25.033,35052.820,0.143,52.000
0.046,0.001,0.006,21.903,114757.148,2.634,52.000
0.098,0.013,0.012,21.491,82794.758,4.021,52.000
0.051,0.012,0.011,18.753,188447.406,8.037,52.000
0.052,0.002,0.012,19.657,179542.531,2.485,52.000
0.051,0.020,0.013,18.575,164446.781,7.474,52.000
0.054,0.001,0.008,23.842,96579.148,1.947,52.000
0.049,0.007,0.010,19.406,140255.094,3.996,52.000
0.053,0.000,0.005,25.047,-17538.523,0.561,52.000
0.049,0.027,0.011,21.816,197255.938,5.928,52.000
0.043,0.000,0.017,24.381,10595.516,-0.764,52.000
0.054,0.001,0.002,21.638,51590.586,1.281,52.000
0.052,0.005,0.012,19.608,165176.000,2.922,52.000
0.051,0.001,0.015,23.715,145081.812,2.950,52.000
0.051,0.002,0.006,20.833,104541.820,2.293,52.000
0.051,0.027,0.012,21.052,104030.227,6.058,52.000
0.002,0.011,0.011,21.536,125589.305,2.167,52.000
0.052,0.025,0.013,19.805,119855.289,6.323,52.000
0.042,0.001,0.013,19.021,99432.914,0.644,52.000
0.048,0.008,0.010,18.434,149886.469,4.841,52.000
0.048,0.026,0.013,21.149,159312.500,7.028,52.000
0.059,0.000,0.007,24.704,-31487.984,0.992,52.000
0.098,0.010,0.012,19.051,102502.727,5.027,52.000
0.051,0.010,0.013,22.334,182062.625,8.233,52.000
0.048,0.014,0.011,18.686,174591.375,7.328,52.000
0.059,0.001,0.009,18.263,142904.031,0.902,52.000
0.053,0.000,0.004,23.186,45369.227,1.807,52.000
0.055,0.001,0.009,25.396,75898.977,1.058,52.000
0.052,0.000,0.006,25.306,11168.680,1.721,52.000
0.052,0.013,0.013,21.841,151660.031,7.362,52.000
0.041,0.001,0.011,18.596,149749.938,0.483,52.000
0.051,0.024,0.013,18.977,144593.625,6.773,52.000
0.053,0.001,0.019,19.374,93036.836,2.741,52.000
0.051,0.007,0.012,19.286,131010.758,3.853,52.000
0.002,0.012,0.013,23.675,75082.602,5.617,52.000
0.098,0.012,0.012,20.350,86573.617,5.321,52.000
0.051,0.006,0.012,19.248,138578.875,2.823,52.000
0.049,0.002,0.005,20.348,98311.055,2.497,52.000
0.055,0.001,0.012,22.970,101014.320,0.777,52.000
0.051,0.023,0.014,19.790,104860.867,5.616,52.000
0.051,0.012,0.011,17.226,171657.719,7.277,52.000
0.053,0.001,0.010,24.893,99588.086,1.469,52.000
0.099,0.012,0.011,20.220,34279.570,5.766,52.000
0.048,0.001,0.009,24.712,82485.336,2.202,52.000
0.043,0.001,0.008,23.214,4833.984,1.338,52.000
0.048,0.005,0.013,15.761,139368.375,2.256,52.000
0.049,0.015,0.011,18.460,187565.875,7.128,52.000
0.051,0.008,0.012,20.828,142352.281,5.699,52.000
0.057,0.001,0.018,20.602,119592.617,2.371,52.000
0.050,0.024,0.014,20.213,114987.617,5.887,52.000
0.050,0.004,0.012,17.303,167790.312,2.802,52.000
0.059,0.000,0.010,23.156,54883.227,-1.101,52.000
0.051,0.000,0.013,30.792,-5140.727,0.747,52.000
0.048,0.002,0.011,21.842,170936.031,2.786,52.000
0.048,0.003,0.012,17.747,172886.594,2.681,52.000
0.044,0.000,0.011,22.615,10484.789,0.454,52.000
0.047,0.001,0.013,17.551,165801.500,1.117,52.000
0.050,0.009,0.011,17.938,123182.555,5.725,52.000
0.056,0.000,0.019,22.564,-51056.801,0.690,52.000
0.051,0.019,0.012,19.154,186414.000,7.171,52.000
0.050,0.020,0.012,19.626,187997.781,6.862,52.000
0.048,0.008,0.011,19.182,120593.867,4.837,52.000
0.051,0.001,0.013,20.251,151378.031,1.896,52.000
0.055,0.001,0.009,25.607,70888.461,0.177,52.000
0.053,0.002,0.012,20.012,178626.344,2.618,52.000
0.055,0.000,0.019,19.321,-38083.289,-0.324,52.000
0.052,0.012,0.012,20.362,162661.594,7.806,52.000
0.052,0.001,0.018,23.419,30178.836,0.446,52.000
0.056,0.001,0.008,26.200,34108.727,-0.353,52.000
0.048,0.007,0.012,17.102,127607.383,4.300,52.000
0.055,0.001,0.016,21.874,128499.695,1.914,52.000
0.050,0.008,0.010,16.860,159747.812,4.366,52.000
0.051,0.010,0.014,23.115,155171.406,6.820,52.000
0.052,0.007,0.014,20.447,198314.031,6.810,52.000
0.002,0.013,0.013,23.764,81331.742,5.715,52.000
0.049,0.000,0.013,29.779,-18957.234,2.884,52.000
0.050,0.022,0.012,19.379,178834.094,6.868,52.000
0.049,0.016,0.011,19.511,198443.562,7.373,52.000
0.049,0.000,0.006,23.020,-9680.828,0.411,52.000
0.051,0.003,0.014,19.131,187039.938,2.883,52.000
0.045,0.002,0.017,23.359,135394.125,3.115,52.000
0.050,0.023,0.013,19.809,138329.938,6.393,52.000
0.050,0.006,0.012,18.735,129347.242,3.245,52.000
0.049,0.000,0.009,26.853,-23302.461,1.283,52.000
0.050,0.003,0.013,16.922,171809.250,1.398,52.000
0.043,0.001,0.006,20.930,141626.062,2.808,52.000
0.056,0.001,0.004,21.473,86782.414,1.697,52.000
0.049,0.018,0.014,20.503,134920.062,6.634,52.000
0.057,0.001,0.011,23.033,58720.445,-0.033,52.000
0.041,0.001,0.013,20.806,48708.398,-0.093,52.000
0.055,0.001,0.004,21.985,70603.414,1.479,52.000
0.049,0.019,0.012,19.809,192750.406,7.291,52.000
0.052,0.017,0.012,19.025,178581.969,7.452,52.000
0.045,0.001,0.020,21.888,79598.523,1.854,52.000
0.052,0.000,0.010,32.200,-118361.500,0.254,52.000
0.049,0.009,0.014,21.605,154775.031,6.837,52.000
0.052,0.000,0.011,27.260,-64990.215,-2.192,52.000
0.050,0.023,0.011,20.507,154944.531,5.772,52.000
0.053,0.001,0.019,20.541,82532.680,1.933,52.000
0.051,0.025,0.014,20.351,115301.352,5.989,52.000
0.053,0.000,0.014,30.714,-112476.023,-1.325,52.000
0.050,0.018,0.014,20.569,135822.188,6.620,52.000
0.051,0.007,0.010,20.559,126587.133,2.813,52.000
0.050,0.019,0.014,20.097,116950.445,6.133,52.000
0.050,0.006,0.012,19.431,136391.688,2.788,52.000
0.050,0.022,0.013,18.803,153245.344,6.714,52.000
0.048,0.000,0.017,25.718,-35581.539,-2.009,52.000
0.049,0.003,0.011,20.572,169439.094,3.190,52.000
0.053,0.000,0.022,18.410,-42530.375,0.961,52.000
0.042,0.001,0.006,20.295,139228.188,2.587,52.000
0.041,0.001,0.010,21.911,15319.914,-0.950,52.000
0.049,0.014,0.014,20.850,132489.188,6.781,52.000
0.051,0.025,0.013,19.965,115369.086,6.291,52.000
0.049,0.007,0.010,20.783,129321.258,3.656,52.000
0.050,0.016,0.011,18.488,197359.531,7.499,52.000
0.050,0.001,0.016,27.707,33107.805,-0.078,52.000
0.050,0.011,0.011,16.753,146438.844,7.514,52.000
0.050,0.003,0.015,20.960,161833.312,2.691,52.000
0.049,0.007,0.011,20.733,128510.758,3.371,52.000
0.048,0.022,0.011,21.224,167027.000,6.409,52.000
0.049,0.025,0.010,21.849,158206.875,5.841,52.000
0.055,0.001,0.007,24.398,87155.305,1.616,52.000
0.056,0.001,0.006,24.972,31308.430,0.517,52.000
0.050,0.000,0.017,25.237,9350.484,-0.475,52.000
0.052,0.014,0.013,20.267,159401.594,7.888,52.000
0.048,0.008,0.010,17.945,142515.750,5.091,52.000
0.052,0.006,0.013,20.556,168277.750,4.624,52.000
0.050,0.013,0.014,22.536,139016.406,6.717,52.000
0.050,0.013,0.011,18.343,177494.062,7.397,52.000
0.057,0.000,0.013,27.503,-3372.773,0.874,52.000
0.050,0.001,0.005,22.032,88645.445,1.871,52.000
0.050,0.022,0.011,20.253,156923.906,5.881,52.000
0.049,0.020,0.010,19.479,170891.938,7.291,52.000
0.060,0.001,0.008,22.283,74701.523,-0.149,52.000
0.048,0.001,0.011,27.452,7808.336,2.504,52.000
0.051,0.024,0.012,18.546,148939.000,6.950,52.000
0.051,0.007,0.013,20.945,160897.781,5.605,52.000
0.050,0.001,0.021,20.703,12251.297,0.948,52.000
0.055,0.001,0.019,21.250,84372.555,2.202,52.000
0.049,0.022,0.011,20.781,170059.094,6.365,52.000
0.051,0.012,0.012,19.962,175393.969,7.873,52.000
0.050,0.011,0.009,13.914,156606.375,6.794,52.000
0.052,0.024,0.012,18.488,125822.727,6.628,52.000
0.053,0.001,0.012,29.080,36455.211,0.755,52.000
0.049,0.010,0.012,20.552,146533.031,6.798,52.000
0.052,0.001,0.010,24.108,105684.711,1.927,52.000
0.049,0.003,0.011,20.934,165803.094,2.979,52.000
0.041,0.001,0.011,19.645,136564.906,0.352,52.000
0.053,0.001,0.022,18.859,63620.055,2.443,52.000
0.048,0.015,0.012,19.840,175306.375,8.105,52.000
0.050,0.022,0.013,18.943,146079.656,6.755,52.000
0.049,0.020,0.014,20.163,114039.055,6.412,52.000
0.051,0.001,0.003,20.998,69846.773,1.068,52.000
0.049,0.009,0.010,17.093,149950.969,5.212,52.000
0.051,0.000,0.005,21.844,3787.508,0.624,52.000
0.050,0.007,0.011,20.167,125670.867,3.273,52.000
0.057,0.000,0.018,22.544,17310.555,1.909,52.000
0.048,0.002,0.015,21.807,164763.219,1.603,52.000
0.049,0.008,0.011,18.908,113115.930,4.680,52.000
0.049,0.001,0.007,22.765,111190.320,2.662,52.000
0.050,0.021,0.013,19.466,166235.812,7.031,52.000
0.050,0.026,0.014,21.336,75043.961,5.604,52.000
0.002,0.012,0.011,20.900,137968.000,2.067,52.000
0.051,0.008,0.013,21.274,174062.469,6.520,52.000
0.052,0.011,0.013,21.459,173021.312,8.161,52.000
0.044,0.000,0.009,24.162,23681.773,0.745,52.000
0.098,0.012,0.011,20.617,66573.336,6.782,52.000
0.048,0.001,0.008,23.160,108037.133,2.606,52.000
0.051,0.001,0.007,22.425,100048.773,2.738,52.000
0.046,0.001,0.004,20.394,76813.008,1.079,52.000
0.053,0.001,0.011,22.600,148014.094,2.694,52.000
0.049,0.022,0.011,20.844,165734.000,6.415,52.000
0.051,0.021,0.013,19.517,128888.805,6.432,52.000
0.050,0.020,0.013,20.313,139314.344,6.797,52.000
0.050,0.020,0.011,19.162,177309.438,6.678,52.000
0.055,0.000,0.013,28.655,12992.492,-0.137,52.000
0.042,0.001,0.017,24.751,71694.383,0.156,52.000
0.048,0.010,0.014,22.116,146280.281,7.107,52.000
0.056,0.001,0.017,20.836,127272.570,2.333,52.000
0.048,0.002,0.009,21.493,150332.562,3.390,52.000
0.098,0.012,0.012,20.548,87367.992,5.117,52.000
0.049,0.001,0.006,21.317,100335.133,2.668,52.000
0.051,0.014,0.014,21.850,143806.094,7.097,52.000
0.044,0.000,0.010,24.612,3968.242,-0.824,52.000
0.050,0.018,0.014,20.421,129702.336,6.227,52.000
0.059,0.000,0.006,28.326,-55254.035,2.309,52.000
0.048,0.024,0.011,21.800,169159.188,6.496,52.000
0.052,0.000,0.022,18.233,-36081.125,3.027,52.000
0.050,0.012,0.011,17.815,171671.281,7.896,52.000
0.051,0.001,0.012,25.273,84493.242,2.480,52.000
0.060,0.001,0.016,21.223,148770.625,0.945,52.000
0.048,0.006,0.011,20.731,144001.562,3.265,52.000
0.052,0.000,0.001,22.160,22609.016,0.983,52.000
0.051,0.024,0.013,18.687,134786.812,6.740,52.000
0.047,0.000,0.019,20.120,8155.961,0.505,52.000
0.050,0.011,0.012,20.192,191616.281,8.350,52.000
0.053,0.001,0.016,22.448,130159.133,2.126,52.000
0.047,0.001,0.007,22.380,117609.055,2.672,52.000
0.002,0.011,0.013,23.197,53527.289,6.064,52.000
0.053,0.001,0.013,29.575,45255.617,0.681,52.000
0.059,0.000,0.010,24.666,6182.180,0.825,52.000
0.051,0.015,0.013,19.865,175160.594,8.310,52.000
0.048,0.004,0.010,21.702,157951.281,2.882,52.000
0.050,0.002,0.006,20.780,94307.055,2.441,52.000
0.053,0.000,0.010,28.657,-73745.062,-0.268,52.000
0.044,0.000,0.007,23.715,-17427.586,1.257,52.000
0.050,0.002,0.016,23.399,137980.094,3.106,52.000
0.049,0.025,0.012,20.907,163646.781,6.823,52.000
0.047,0.002,0.011,21.144,173393.750,3.277,52.000
0.060,0.001,0.009,20.389,73309.242,-0.148,52.000
0.051,0.010,0.014,23.077,160571.406,7.482,52.000
0.045,0.000,0.016,27.114,-91219.281,-2.397,52.000
0.052,0.001,0.016,24.766,105836.133,1.552,52.000
0.041,0.000,0.018,20.676,5336.766,-2.368,52.000
0.051,0.016,0.013,20.164,150100.594,7.201,52.000
0.051,0.012,0.014,23.194,148746.750,6.969,52.000
0.048,0.017,0.013,20.266,178225.750,7.835,52.000
0.050,0.007,0.014,19.581,196592.156,5.995,52.000
0.051,0.009,0.010,16.226,155505.719,5.077,52.000
0.042,0.001,0.012,18.659,124563.039,0.742,52.000
0.049,0.001,0.009,22.819,140502.906,2.873,52.000
0.050,0.000,0.018,23.748,-45957.965,-1.232,52.000
0.048,0.026,0.013,21.522,150517.000,6.838,52.000
0.052,0.005,0.010,21.225,148139.438,2.457,52.000
0.052,0.005,0.013,18.798,194652.531,3.696,52.000
0.051,0.023,0.013,18.826,140758.531,6.538,52.000
0.051,0.026,0.013,20.842,118422.789,6.213,52.000
0.049,0.001,0.018,21.826,123867.992,2.998,52.000
0.043,0.001,0.009,20.879,150368.844,2.183,52.000
0.054,0.001,0.006,21.806,115349.727,2.919,52.000
0.056,0.001,0.018,22.353,66820.211,1.706,52.000
0.049,0.025,0.014,20.536,117993.367,5.828,52.000
0.044,0.001,0.015,23.084,125499.820,1.642,52.000
0.048,0.000,0.008,28.447,-43141.945,1.868,52.000
0.052,0.027,0.013,22.951,27194.008,4.974,52.000
0.049,0.016,0.010,18.478,202287.812,7.731,52.000
0.051,0.025,0.010,20.746,144982.750,5.318,52.000
0.042,0.000,0.009,19.312,-35169.141,1.191,52.000
0.050,0.006,0.010,20.836,152603.844,2.915,52.000
0.041,0.001,0.009,22.321,53935.742,0.052,52.000
0.050,0.004,0.011,20.960,164080.594,2.891,52.000
0.049,0.012,0.013,21.913,152329.938,7.866,52.000
0.051,0.019,0.013,19.816,136651.219,6.961,52.000
0.055,0.001,0.021,18.005,100388.852,3.114,52.000
0.050,0.015,0.011,19.162,186028.781,7.241,52.000
0.049,0.027,0.014,11.969,164706.906,5.541,52.000
0.051,0.021,0.011,19.100,171678.469,6.710,52.000
0.055,0.001,0.008,23.659,95493.273,1.788,52.000
0.047,0.001,0.005,20.032,112476.523,2.416,52.000
0.059,0.001,0.008,19.943,122831.492,1.409,52.000
0.048,0.002,0.011,22.003,168314.000,3.167,52.000
0.051,0.002,0.012,18.837,181005.219,2.574,52.000
0.048,0.001,0.019,22.349,29297.039,0.368,52.000
0.046,0.000,0.013,29.347,-12894.742,0.382,52.000
0.057,0.000,0.010,24.565,-175.992,-0.458,52.000
0.054,0.000,0.015,26.384,12634.273,-0.924,52.000
0.056,0.001,0.020,18.389,109123.023,3.091,52.000
0.057,0.001,0.004,22.073,74441.695,1.468,52.000
0.048,0.009,0.011,18.984,114379.602,5.515,52.000
0.054,0.002,0.009,23.639,96229.117,1.975,52.000
0.059,0.001,0.010,22.363,45130.727,-0.316,52.000
0.049,0.009,0.014,21.731,167637.375,6.966,52.000
0.047,0.002,0.016,23.453,138448.062,3.192,52.000
0.049,0.021,0.010,20.054,155902.750,6.859,52.000
0.050,0.001,0.012,24.507,89957.445,2.989,52.000
0.054,0.001,0.017,20.599,125041.883,2.314,52.000
0.052,0.001,0.008,23.942,108368.945,2.334,52.000
0.098,0.011,0.012,20.001,87482.023,5.520,52.000
0.050,0.012,0.012,19.859,175198.250,8.208,52.000
0.049,0.005,0.010,21.960,144373.375,2.890,52.000
0.049,0.013,0.011,18.045,174231.688,7.306,52.000
0.051,0.008,0.012,20.446,133093.719,4.730,52.000
0.051,0.001,0.020,20.468,4074.305,0.918,52.000
0.052,0.003,0.013,18.388,187058.781,2.953,52.000
0.058,0.001,0.006,23.461,64189.773,0.383,52.000
0.053,0.002,0.009,23.270,105217.617,2.277,52.000
0.061,0.000,0.010,24.615,60843.383,3.655,52.000
0.050,0.020,0.011,19.776,189060.875,6.794,52.000
0.049,0.027,0.012,10.902,231851.094,5.288,52.000
0.052,0.013,0.013,20.430,165892.719,7.769,52.000
0.049,0.007,0.014,19.650,175657.000,5.309,52.000
0.041,0.001,0.015,19.953,88930.367,0.814,52.000
0.049,0.012,0.014,22.975,141204.000,7.088,52.000
0.049,0.020,0.013,20.308,173574.594,7.099,52.000
0.055,0.002,0.006,21.694,117581.773,3.103,52.000
0.043,0.000,0.008,23.599,-4313.109,1.859,52.000
0.050,0.006,0.010,21.134,151898.531,2.736,52.000
0.048,0.006,0.012,16.375,142459.781,3.814,52.000
0.050,0.021,0.011,20.079,165833.312,6.053,52.000
0.049,0.027,0.011,23.810,213836.938,7.273,52.000
0.057,0.001,0.004,20.167,120701.555,2.335,52.000
0.051,0.001,0.014,23.990,124120.805,1.632,52.000
0.042,0.000,0.014,22.612,-33099.266,-1.294,52.000
0.051,0.001,0.017,27.480,-74.195,-0.804,52.000
0.048,0.003,0.012,19.162,176353.062,3.358,52.000
0.045,0.000,0.011,26.344,6677.516,0.886,52.000
0.049,0.004,0.010,22.223,156266.469,2.585,52.000
0.056,0.001,0.021,18.219,94903.930,2.914,52.000
0.044,0.001,0.017,24.805,107472.477,1.570,52.000
0.048,0.000,0.019,21.279,-10873.891,-0.077,52.000
0.052,0.012,0.011,18.403,169936.406,7.389,52.000
0.050,0.016,0.012,20.090,187361.656,7.621,52.000
0.042,0.001,0.009,22.039,57723.227,0.893,52.000
0.052,0.014,0.013,21.762,148660.094,7.432,52.000
0.057,0.000,0.004,22.382,73906.211,2.383,52.000
0.046,0.001,0.009,21.290,162601.656,2.866,52.000
0.048,0.024,0.012,21.065,174001.812,6.903,52.000
0.046,0.001,0.014,20.779,159643.438,0.883,52.000
0.053,0.000,0.004,23.251,41047.617,1.684,52.000
0.042,0.001,0.007,22.819,59749.570,1.385,52.000
0.043,0.002,0.012,16.920,157642.469,1.992,52.000
0.051,0.004,0.011,21.850,161856.406,2.882,52.000
0.042,0.001,0.009,22.127,62516.367,1.423,52.000
0.050,0.023,0.014,19.985,105260.367,5.719,52.000
0.044,0.000,0.015,25.336,-28243.992,-2.547,52.000
0.050,0.001,0.020,21.387,68565.289,1.423,52.000
0.048,0.009,0.011,19.360,110591.195,5.301,52.000
0.050,0.016,0.014,20.301,132652.531,6.661,52.000
0.049,0.000,0.002,18.740,23824.336,0.864,52.000
0.048,0.003,0.013,16.743,174994.594,1.908,52.000
0.052,0.013,0.011,18.351,164818.938,7.365,52.000
0.049,0.020,0.011,20.203,179720.812,6.559,52.000
0.049,0.008,0.011,19.180,108263.523,4.933,52.000
0.048,0.021,0.013,20.136,156829.719,6.937,52.000
0.044,0.001,0.012,19.051,161667.594,2.147,52.000
0.051,0.001,0.019,20.089,99214.023,2.241,52.000
0.048,0.007,0.011,19.493,126396.227,3.858,52.000
0.098,0.010,0.012,19.592,99312.133,5.015,52.000
0.050,0.011,0.010,15.122,150939.969,7.016,52.000
0.049,0.000,0.009,27.018,-27776.805,0.899,52.000
0.051,0.015,0.014,20.702,133964.250,6.840,52.000
0.050,0.001,0.010,22.374,141563.469,2.691,52.000
0.045,0.000,0.012,25.394,5092.031,-0.091,52.000
0.052,0.013,0.013,20.295,159299.875,7.717,52.000
0.048,0.000,0.015,25.690,-38833.305,1.771,52.000
0.049,0.000,0.004,23.067,23682.203,-0.286,52.000
0.000,0.011,0.013,21.161,29952.320,10.580,52.000
0.048,0.001,0.002,19.921,43476.789,-0.372,52.000
0.049,0.023,0.012,20.187,173432.438,6.726,52.000
0.048,0.010,0.011,18.976,117790.180,6.284,52.000
0.042,0.001,0.015,21.142,96855.539,0.452,52.000
0.060,0.001,0.012,15.728,142633.438,1.369,52.000
0.049,0.021,0.012,19.809,188361.094,6.880,52.000
0.049,0.009,0.013,19.940,151353.219,7.164,52.000
0.052,0.023,0.011,18.578,147249.969,6.938,52.000
0.051,0.015,0.012,19.740,177112.688,8.067,52.000
0.051,0.007,0.014,20.331,198254.125,6.802,52.000
0.052,0.001,0.018,21.083,104499.242,1.948,52.000
0.052,0.015,0.012,19.043,170850.344,8.214,52.000
0.048,0.008,0.013,18.206,129208.273,6.122,52.000
0.049,0.015,0.011,18.891,189954.062,7.586,52.000
0.051,0.014,0.012,20.042,166440.188,8.088,52.000
0.056,0.000,0.007,24.917,23086.875,0.710,52.000
0.048,0.009,0.012,19.297,117230.898,5.608,52.000
0.051,0.001,0.015,23.569,144008.938,2.909,52.000
0.040,0.001,0.012,19.373,79247.711,-0.520,52.000
0.061,0.001,0.013,17.357,133455.281,1.882,52.000
0.043,0.001,0.013,17.814,120365.711,1.728,52.000
0.048,0.002,0.017,22.666,133353.562,3.512,52.000
0.041,0.001,0.013,18.014,110242.992,-0.167,52.000
0.043,0.002,0.012,17.451,160569.969,2.269,52.000
0.049,0.012,0.010,14.909,145420.406,7.185,52.000
0.049,0.004,0.010,21.997,164308.250,2.804,52.000
0.048,0.001,0.013,18.894,167631.844,1.486,52.000
0.050,0.000,0.022,20.432,-62994.602,2.050,52.000
0.051,0.007,0.012,19.765,136040.500,4.596,52.000
0.050,0.020,0.010,19.301,158017.594,7.053,52.000
0.051,0.008,0.014,20.734,190559.594,7.231,52.000
0.041,0.001,0.012,17.721,141705.844,0.166,52.000
0.050,0.022,0.013,18.956,145259.281,6.585,52.000
0.050,0.027,0.011,21.887,140163.781,5.743,52.000
0.050,0.018,0.011,19.759,195460.812,7.053,52.000
0.050,0.006,0.015,19.923,182837.094,4.255,52.000
0.054,0.001,0.019,20.067,56595.258,2.125,52.000
0.049,0.005,0.012,16.892,150360.688,3.213,52.000
0.048,0.023,0.013,20.123,167221.750,7.048,52.000
0.049,0.001,0.018,21.512,121903.867,2.783,52.000
0.048,0.000,0.019,23.269,20056.078,0.510,52.000
0.047,0.001,0.013,24.502,49779.430,0.690,52.000
0.042,0.001,0.004,18.624,139841.000,2.256,52.000
0.048,0.002,0.010,21.735,166748.219,3.160,52.000
0.049,0.025,0.014,20.438,121434.992,6.005,52.000
0.047,0.000,0.015,25.158,-25836.211,0.392,52.000
0.055,0.000,0.017,24.459,-22539.648,-0.155,52.000
0.052,0.000,0.020,21.288,-56717.402,2.168,52.000
0.045,0.001,0.006,20.640,128337.086,2.889,52.000
0.047,0.000,0.012,28.816,-19342.156,0.051,52.000
0.099,0.012,0.012,20.919,87101.711,4.527,52.000
0.055,0.001,0.014,21.811,156334.531,3.012,52.000
0.060,0.001,0.007,22.694,74569.367,-0.059,52.000
0.043,0.001,0.018,25.225,78006.820,0.760,52.000
0.050,0.022,0.012,19.008,161236.375,6.770,52.000
0.049,0.001,0.015,22.842,160159.500,2.751,52.000
0.051,0.001,0.012,24.409,85504.992,2.788,52.000
0.050,0.017,0.011,19.215,205072.281,7.352,52.000
0.051,0.002,0.017,22.403,126344.867,2.936,52.000
0.056,0.001,0.014,22.984,126608.867,1.339,52.000
0.049,0.018,0.010,18.401,182950.312,8.061,52.000
0.050,0.019,0.012,19.614,193464.938,7.371,52.000
0.049,0.005,0.010,22.140,146129.250,2.736,52.000
0.050,0.001,0.007,25.320,45042.055,2.054,52.000
0.050,0.001,0.007,25.028,12314.539,1.746,52.000
0.054,0.000,0.012,32.120,20494.602,0.524,52.000
0.051,0.001,0.021,19.968,71431.383,2.000,52.000
0.051,0.011,0.014,22.599,157632.844,7.141,52.000
0.043,0.001,0.019,24.348,97050.258,1.241,52.000
0.050,0.008,0.013,19.810,160819.219,6.583,52.000
0.048,0.015,0.014,19.379,137135.125,6.812,52.000
0.046,0.001,0.018,25.259,78009.820,0.930,52.000
0.050,0.021,0.010,19.674,149441.969,6.947,52.000
0.039,0.001,0.013,17.456,106656.258,-0.714,52.000
0.060,0.000,0.010,22.616,32495.164,1.300,52.000
0.052,0.008,0.013,22.052,182347.938,7.587,52.000
0.052,0.019,0.012,18.074,170374.500,7.939,52.000
0.041,0.001,0.014,17.887,92877.305,0.699,52.000
0.051,0.022,0.011,19.563,152636.000,5.850,52.000
0.050,0.009,0.015,23.578,147375.688,6.364,52.000
0.052,0.017,0.012,19.119,180893.000,8.068,52.000
0.051,0.002,0.005,20.911,104100.227,2.369,52.000
0.058,0.001,0.012,18.119,120716.836,1.667,52.000
0.051,0.011,0.012,20.791,186800.531,8.172,52.000
0.044,0.000,0.008,26.043,25027.445,4.161,52.000
0.053,0.001,0.009,23.980,108527.930,1.798,52.000
0.056,0.001,0.003,20.439,109358.961,2.375,52.000
0.052,0.024,0.012,18.434,127607.789,6.816,52.000
0.051,0.004,0.009,21.723,157733.906,2.615,52.000
0.053,0.001,0.009,24.595,94633.961,1.534,52.000
0.048,0.023,0.011,21.535,168107.875,6.224,52.000
0.049,0.018,0.011,19.992,198557.312,7.135,52.000
0.050,0.015,0.013,19.898,163152.812,8.060,52.000
0.050,0.010,0.011,17.869,162707.094,7.492,52.000
0.054,0.002,0.013,21.174,172688.156,3.818,52.000
0.049,0.006,0.011,20.691,144863.406,2.977,52.000
0.049,0.003,0.011,22.203,167163.281,2.987,52.000
0.044,0.000,0.006,19.730,62819.820,2.337,52.000
0.050,0.017,0.013,20.599,149529.719,7.201,52.000
0.049,0.026,0.013,21.129,151175.812,6.846,52.000
0.050,0.025,0.014,20.186,104286.883,5.802,52.000
0.053,0.001,0.022,18.116,60435.055,2.621,52.000
0.051,0.026,0.014,20.972,95786.914,6.241,52.000
0.054,0.001,0.015,22.562,141508.469,2.320,52.000
0.003,0.011,0.012,22.689,95617.023,4.586,52.000
0.051,0.023,0.014,20.399,119749.258,5.742,52.000
0.048,0.002,0.018,21.206,122100.273,2.945,52.000
0.044,0.001,0.007,21.859,141095.406,3.205,52.000
0.048,0.002,0.017,22.757,133818.188,3.544,52.000
0.045,0.001,0.008,23.984,-18363.086,2.180,52.000
0.051,0.018,0.011,19.176,186088.375,7.291,52.000
0.056,0.002,0.011,19.906,126368.852,1.034,52.000
0.050,0.004,0.014,19.873,171928.812,2.363,52.000
0.050,0.003,0.010,22.667,161564.562,2.871,52.000
0.052,0.008,0.010,16.650,157533.812,3.667,52.000
0.049,0.006,0.012,17.004,141546.594,3.769,52.000
0.049,0.023,0.010,21.305,156479.625,5.969,52.000
0.049,0.025,0.014,20.609,128882.102,5.967,52.000
0.044,0.000,0.007,22.250,31016.320,0.044,52.000
0.052,0.026,0.012,19.866,127373.664,6.520,52.000
0.051,0.005,0.012,18.182,155105.062,3.223,52.000
0.049,0.005,0.011,21.569,154290.875,2.856,52.000
0.051,0.002,0.007,22.261,99620.930,2.864,52.000
0.048,0.018,0.011,19.700,203070.688,7.425,52.000
0.058,0.001,0.009,19.894,124712.742,1.333,52.000
0.047,0.001,0.017,27.333,22023.883,-0.464,52.000
0.050,0.001,0.011,25.564,79840.117,2.666,52.000
0.050,0.017,0.014,20.393,130140.117,6.496,52.000
0.058,0.001,0.011,19.457,99945.133,1.090,52.000
0.050,0.005,0.011,21.872,143728.531,2.624,52.000
0.050,0.010,0.012,19.683,167140.844,7.369,52.000
0.049,0.008,0.013,19.242,134647.969,6.008,52.000
0.059,0.001,0.012,17.393,122420.398,2.084,52.000
0.048,0.017,0.013,20.292,156317.125,7.397,52.000
0.049,0.007,0.011,19.421,122977.148,3.657,52.000
0.040,0.000,0.014,18.581,37053.883,-1.020,52.000
0.056,0.001,0.012,21.520,113647.352,1.256,52.000
0.049,0.003,0.011,21.725,167016.125,3.033,52.000
0.043,0.002,0.010,19.671,163060.625,2.620,52.000
0.040,0.000,0.011,20.884,10857.336,-2.273,52.000
0.059,0.000,0.011,20.918,48605.320,1.666,52.000
0.048,0.000,0.003,19.607,-23041.312,0.527,52.000
0.049,0.012,0.014,23.388,141988.938,7.167,52.000
0.048,0.024,0.012,20.606,171229.156,7.055,52.000
0.056,0.002,0.010,22.524,110956.320,1.040,52.000
0.052,0.009,0.013,23.072,173684.219,7.975,52.000
0.041,0.000,0.011,19.860,-10893.289,0.039,52.000
0.099,0.012,0.012,20.720,71761.836,5.323,52.000
0.051,0.017,0.010,17.825,180905.469,7.614,52.000
0.052,0.001,0.016,23.914,117819.773,1.845,52.000
0.057,0.001,0.010,23.117,85228.789,0.039,52.000
0.049,0.003,0.012,17.774,178059.875,2.682,52.000
0.049,0.001,0.014,23.599,130105.852,0.793,52.000
0.059,0.001,0.011,22.304,50234.617,-0.224,52.000
0.048,0.009,0.012,19.895,116470.367,5.560,52.000
0.056,0.000,0.018,19.299,903.570,-0.377,52.000
0.049,0.014,0.013,20.075,148889.219,7.344,52.000
0.048,0.003,0.013,16.458,153583.500,0.987,52.000
0.050,0.006,0.010,21.163,151710.438,3.090,52.000
0.052,0.021,0.012,17.343,159829.469,7.232,52.000
0.050,0.004,0.011,22.456,157521.438,2.676,52.000
0.049,0.021,0.010,19.968,166548.312,6.725,52.000
0.050,0.027,0.014,24.233,52929.477,5.532,52.000
0.048,0.000,0.012,27.796,-75493.664,-2.452,52.000
0.051,0.023,0.011,19.884,145238.500,5.662,52.000
0.048,0.026,0.013,20.897,153931.125,6.812,52.000
0.046,0.002,0.013,17.113,165618.781,1.605,52.000
0.058,0.001,0.005,19.919,126356.664,2.055,52.000
0.051,0.000,0.003,22.407,10994.039,0.245,52.000
0.051,0.003,0.014,21.075,171674.812,3.292,52.000
0.050,0.018,0.012,19.774,191439.438,7.552,52.000
0.044,0.002,0.013,16.434,147229.219,2.369,52.000
0.050,0.001,0.002,20.511,30856.523,-0.125,52.000
0.045,0.000,0.003,20.060,54077.555,-2.825,52.000
0.050,0.002,0.017,22.754,126578.773,3.098,52.000
0.051,0.001,0.007,25.534,31646.711,1.778,52.000
0.050,0.002,0.011,22.219,167012.781,3.108,52.000
0.052,0.010,0.014,22.291,167735.406,7.410,52.000
0.056,0.002,0.014,20.920,152784.688,2.243,52.000
0.040,0.001,0.014,17.178,74528.289,0.055,52.000
0.045,0.002,0.014,20.220,158308.781,1.373,52.000
0.053,0.000,0.004,23.449,32822.727,1.463,52.000
0.051,0.016,0.012,19.827,187948.500,8.070,52.000
0.044,0.000,0.015,26.091,-70070.391,-3.071,52.000
0.050,0.001,0.003,19.666,98466.180,1.044,52.000
0.056,0.000,0.008,25.479,2764.312,-0.567,52.000
0.049,0.022,0.011,20.669,165810.656,6.175,52.000
0.049,0.009,0.012,19.393,128054.695,5.908,52.000
0.050,0.022,0.012,19.937,175575.062,6.751,52.000
0.054,0.001,0.004,21.732,70563.133,1.461,52.000
0.043,0.001,0.015,20.013,135575.281,1.666,52.000
0.058,0.000,0.007,27.017,-28463.484,2.837,52.000
0.047,0.001,0.003,19.736,111091.789,0.967,52.000
0.049,0.000,0.018,23.910,-5429.766,-0.911,52.000
0.098,0.012,0.011,19.908,74854.164,6.809,52.000
0.051,0.018,0.011,18.738,179867.688,7.199,52.000
0.041,0.000,0.012,21.406,-1319.453,-2.134,52.000
0.046,0.001,0.014,20.301,149361.125,0.822,52.000
0.049,0.011,0.011,18.385,165071.281,7.795,52.000
0.050,0.014,0.010,17.344,159601.000,6.034,52.000
0.046,0.000,0.016,26.359,-21507.906,-0.105,52.000
0.050,0.019,0.010,18.473,171861.250,7.507,52.000
0.040,0.001,0.012,17.728,127975.492,-0.417,52.000
0.049,0.001,0.009,22.052,158061.906,3.328,52.000
0.051,0.014,0.014,21.375,122629.445,6.401,52.000
0.052,0.010,0.013,22.413,170436.531,7.791,52.000
0.049,0.013,0.010,16.120,144909.031,7.158,52.000
0.048,0.026,0.013,21.980,132327.812,6.571,52.000
0.060,0.000,0.013,18.634,102475.008,1.228,52.000
0.046,0.000,0.018,24.996,-7984.773,-0.386,52.000
0.051,0.025,0.014,20.225,108882.539,6.055,52.000
0.055,0.001,0.021,17.405,42292.305,2.824,52.000
0.049,0.019,0.013,20.117,177973.969,7.325,52.000
0.050,0.014,0.010,18.915,179218.125,6.541,52.000
0.049,0.002,0.009,21.874,151122.938,3.329,52.000
0.051,0.008,0.011,18.923,124767.961,4.291,52.000
0.042,0.001,0.005,20.781,102877.773,1.507,52.000
0.041,0.000,0.010,20.709,-4272.445,0.600,52.000
0.048,0.005,0.011,20.993,147152.281,2.827,52.000
0.048,0.001,0.007,22.436,100198.586,2.668,52.000
0.050,0.008,0.011,18.161,120461.039,4.938,52.000
0.047,0.000,0.020,20.966,34764.992,1.631,52.000
0.051,0.025,0.011,20.680,148836.781,5.443,52.000
0.049,0.015,0.012,20.107,179334.000,8.222,52.000
0.056,0.000,0.014,26.493,10662.898,-0.257,52.000
0.050,0.024,0.010,20.998,152316.125,5.790,52.000
0.052,0.020,0.011,18.719,161862.281,6.681,52.000
0.052,0.000,0.011,32.492,12610.562,0.903,52.000
0.047,0.001,0.005,20.291,113213.273,2.579,52.000
0.052,0.014,0.012,19.390,162573.500,7.776,52.000
0.059,0.000,0.010,22.760,29497.227,0.957,52.000
0.052,0.017,0.011,18.712,187460.594,7.020,52.000
0.042,0.000,0.017,23.238,14835.742,-0.776,52.000
0.056,0.000,0.009,26.531,-41881.598,0.069,52.000
0.002,0.010,0.011,21.754,125291.727,1.827,52.000
0.051,0.007,0.012,20.026,126243.852,4.135,52.000
0.049,0.026,0.011,22.508,160927.500,5.695,52.000
0.051,0.007,0.013,20.517,160539.094,5.798,52.000
0.049,0.012,0.013,22.264,154504.688,7.771,52.000
0.054,0.001,0.005,23.507,53487.680,1.301,52.000
0.044,0.000,0.016,22.804,-14610.703,0.262,52.000
0.051,0.001,0.020,21.075,72468.758,1.527,52.000
0.049,0.002,0.006,20.626,100146.555,2.695,52.000
0.042,0.000,0.014,22.957,2100.305,-0.267,52.000
0.098,0.013,0.012,21.486,85738.461,4.015,52.000
0.049,0.011,0.011,17.830,155660.188,7.508,52.000
0.049,0.018,0.011,19.582,203697.094,7.366,52.000
0.049,0.013,0.014,22.839,138007.688,6.902,52.000
0.052,0.004,0.014,19.698,179771.938,3.781,52.000
0.050,0.023,0.013,19.234,147078.781,6.835,52.000
0.048,0.000,0.018,24.110,5517.453,-1.407,52.000
0.060,0.001,0.018,20.429,155010.031,1.783,52.000
0.051,0.000,0.004,21.261,-23273.102,0.734,52.000
0.057,0.000,0.006,22.993,31018.070,1.538,52.000
0.052,0.019,0.012,18.400,170335.750,7.924,52.000
0.056,0.001,0.020,21.287,-4392.953,0.976,52.000
0.051,0.019,0.011,18.818,177666.594,7.045,52.000
0.050,0.001,0.020,20.546,89602.445,2.036,52.000
0.049,0.006,0.013,17.510,129823.195,4.617,52.000
0.050,0.020,0.014,20.031,114299.977,6.058,52.000
0.050,0.009,0.014,23.068,157948.375,7.233,52.000
0.049,0.012,0.014,23.608,140538.906,7.109,52.000
0.054,0.001,0.003,20.104,107725.586,2.283,52.000
0.049,0.003,0.011,21.669,163755.250,2.940,52.000
0.054,0.001,0.019,22.391,34281.711,1.093,52.000
0.055,0.002,0.015,22.010,131365.781,1.846,52.000
0.099,0.012,0.013,21.535,76447.555,2.681,52.000
0.048,0.026,0.012,22.025,162377.312,6.480,52.000
0.048,0.021,0.013,20.405,156448.562,6.881,52.000
0.049,0.003,0.012,18.214,172009.469,3.053,52.000
0.049,0.004,0.013,15.911,145905.906,2.132,52.000
0.053,0.001,0.019,19.841,102646.086,2.446,52.000
0.050,0.020,0.010,18.900,160838.406,7.602,52.000
0.052,0.010,0.012,19.319,174062.656,7.917,52.000
0.050,0.009,0.013,21.639,169300.469,7.366,52.000
0.056,0.001,0.015,22.337,132269.500,1.313,52.000
0.048,0.020,0.012,20.229,191588.125,6.953,52.000
0.050,0.016,0.013,19.936,170456.500,7.970,52.000
0.046,0.002,0.018,22.012,132978.750,3.167,52.000
0.051,0.021,0.012,17.919,166335.094,7.240,52.000
0.055,0.001,0.009,27.010,39341.977,0.141,52.000
0.056,0.000,0.011,31.576,-1156.727,2.693,52.000
0.051,0.023,0.013,18.281,147092.938,6.920,52.000
0.053,0.001,0.014,22.465,167178.844,3.652,52.000
0.048,0.001,0.013,21.390,104432.977,1.781,52.000
0.044,0.001,0.006,20.647,132242.281,2.783,52.000
0.052,0.007,0.013,21.186,180373.031,6.458,52.000
0.056,0.001,0.018,21.145,57960.930,1.963,52.000
0.049,0.024,0.010,22.081,156021.375,6.176,52.000
0.060,0.000,0.013,15.657,54243.914,0.224,52.000
0.052,0.023,0.012,17.864,140337.750,7.014,52.000
0.057,0.000,0.018,18.855,14831.461,-0.546,52.000
0.058,0.001,0.005,20.697,123063.570,1.929,52.000
0.050,0.014,0.014,21.707,143971.281,7.111,52.000
0.052,0.008,0.011,19.031,141181.031,5.383,52.000
0.049,0.005,0.011,20.529,154891.781,2.605,52.000
0.048,0.011,0.012,19.248,164746.625,7.077,52.000
0.052,0.019,0.011,18.847,171411.812,6.816,52.000
0.051,0.010,0.012,20.967,176076.812,8.015,52.000
0.052,0.001,0.020,20.564,24660.172,1.247,52.000
0.057,0.001,0.017,20.849,127658.680,2.230,52.000
0.051,0.006,0.012,18.522,142341.875,3.213,52.000
0.046,0.001,0.009,20.574,173694.062,3.443,52.000
0.058,0.001,0.006,21.121,119044.555,1.378,52.000
0.052,0.000,0.002,22.280,21562.656,-0.328,52.000
0.048,0.025,0.012,21.397,171216.844,6.934,52.000
0.049,0.014,0.011,18.970,174321.938,7.148,52.000
0.048,0.022,0.012,20.406,183335.312,6.939,52.000
0.099,0.012,0.011,20.132,46161.180,6.335,52.000
0.050,0.007,0.009,19.675,157894.969,3.312,52.000
0.051,0.012,0.012,20.288,175944.219,8.095,52.000
0.051,0.011,0.013,21.890,169822.250,8.120,52.000
0.050,0.027,0.012,6.797,202396.625,4.673,52.000
0.046,0.002,0.014,19.993,162529.531,1.072,52.000
0.045,0.000,0.019,24.230,-32489.352,-2.082,52.000
0.044,0.002,0.013,16.347,142286.375,2.245,52.000
0.100,0.013,0.013,21.965,17680.375,9.909,52.000
0.043,0.001,0.006,20.584,139602.156,2.596,52.000
0.051,0.003,0.011,21.965,165214.125,3.003,52.000
0.050,0.025,0.013,19.952,143659.531,6.677,52.000
0.050,0.013,0.013,21.412,163744.750,7.815,52.000
0.052,0.022,0.013,18.229,140806.781,6.619,52.000
0.050,0.010,0.014,23.264,156976.438,7.426,52.000
0.051,0.009,0.014,22.982,161354.406,6.902,52.000
0.052,0.012,0.012,20.615,170195.906,8.001,52.000
0.050,0.007,0.012,18.287,125508.898,3.884,52.000
0.050,0.018,0.011,19.342,202063.438,7.323,52.000
0.058,0.000,0.011,20.843,76814.914,1.049,52.000
0.050,0.017,0.012,20.165,192213.719,7.486,52.000
0.049,0.017,0.011,19.272,206170.906,7.597,52.000
0.051,0.000,0.004,22.417,16166.844,0.288,52.000
0.048,0.012,0.013,21.488,147478.500,7.716,52.000
0.048,0.015,0.012,19.933,176828.094,8.126,52.000
0.052,0.001,0.020,19.850,90582.773,2.295,52.000
0.050,0.009,0.012,19.531,130606.711,6.194,52.000
0.043,0.001,0.009,20.231,154799.375,2.496,52.000
0.044,0.002,0.010,19.746,171741.000,3.115,52.000
0.051,0.006,0.011,20.465,134466.219,2.816,52.000
0.052,0.022,0.012,18.245,152077.125,7.025,52.000
0.052,0.016,0.013,19.241,178017.938,8.221,52.000
0.050,0.004,0.010,22.506,157961.469,2.890,52.000
0.052,0.000,0.013,29.281,-831.492,2.287,52.000
0.045,0.002,0.009,20.224,172584.031,3.472,52.000
0.055,0.001,0.008,25.726,65758.352,0.720,52.000
0.051,0.008,0.013,21.471,175621.469,6.721,52.000
0.054,0.000,0.002,22.718,23901.398,1.795,52.000
0.060,0.000,0.008,21.824,70159.867,0.544,52.000
0.052,0.002,0.010,22.982,140645.938,1.999,52.000
0.052,0.009,0.013,23.309,171493.688,7.999,52.000
0.041,0.001,0.010,22.019,15967.562,-1.453,52.000
0.044,0.001,0.008,22.790,133951.500,2.812,52.000
0.047,0.000,0.022,15.429,2235.000,1.762,52.000
0.051,0.000,0.018,24.299,5064.211,-0.375,52.000
0.052,0.017,0.012,18.907,178919.031,7.566,52.000
0.050,0.016,0.012,20.244,189730.938,7.973,52.000
0.045,0.001,0.008,21.950,149120.000,3.265,52.000
0.052,0.010,0.011,16.827,172562.062,6.803,52.000
0.050,0.006,0.014,19.199,191139.750,5.439,52.000
0.051,0.023,0.013,18.532,145401.188,6.701,52.000
0.048,0.014,0.011,18.335,168354.469,7.313,52.000
0.050,0.012,0.013,21.883,166913.250,7.970,52.000
0.050,0.019,0.014,19.790,113162.414,6.011,52.000
0.054,0.000,0.011,29.831,-70896.508,-0.809,52.000
0.047,0.000,0.004,21.277,51214.570,0.004,52.000
0.052,0.023,0.012,17.966,139418.000,6.891,52.000
0.058,0.000,0.016,24.945,64250.227,0.512,52.000
0.050,0.013,0.011,18.950,174078.594,7.195,52.000
0.057,0.002,0.014,20.637,155153.781,1.886,52.000
0.051,0.025,0.010,21.401,149895.375,5.300,52.000
0.049,0.002,0.014,20.042,171840.094,1.470,52.000
0.048,0.001,0.004,21.956,9374.836,0.622,52.000
0.048,0.011,0.010,15.725,142909.094,7.066,52.000
0.045,0.000,0.006,22.640,22939.156,-0.258,52.000
0.049,0.007,0.013,19.050,165083.188,6.331,52.000
0.050,0.014,0.011,19.552,170875.656,7.616,52.000
0.042,0.000,0.017,22.473,-3905.867,-3.096,52.000
0.048,0.021,0.012,20.102,185791.156,6.910,52.000
0.051,0.001,0.020,19.865,89110.289,2.288,52.000
0.048,0.000,0.005,20.418,-3032.336,0.974,52.000
0.048,0.002,0.018,21.173,123660.320,2.960,52.000
0.052,0.001,0.014,26.158,94274.945,1.535,52.000
0.050,0.003,0.014,20.431,174838.062,2.140,52.000
0.041,0.000,0.008,19.533,251.742,1.440,52.000
0.045,0.001,0.013,24.856,18412.266,0.439,52.000
0.048,0.016,0.011,18.730,189160.656,7.829,52.000
0.050,0.015,0.011,19.074,184624.938,7.561,52.000
0.050,0.007,0.012,18.939,116899.711,3.986,52.000
0.050,0.025,0.011,21.119,158880.656,5.891,52.000
0.050,0.001,0.009,30.055,-76061.539,1.516,52.000
0.050,0.024,0.014,20.194,117239.023,5.906,52.000
0.049,0.000,0.021,21.992,-33288.117,1.654,52.000
0.051,0.001,0.004,20.045,109161.852,1.747,52.000
0.049,0.015,0.012,20.066,177375.438,8.313,52.000
0.045,0.001,0.017,24.617,99711.164,1.654,52.000
0.049,0.026,0.011,22.156,162399.375,5.954,52.000
0.053,0.001,0.002,21.278,61899.992,0.997,52.000
0.050,0.004,0.014,19.803,173542.719,2.131,52.000
0.048,0.002,0.013,17.200,173604.469,1.458,52.000
0.048,0.021,0.011,20.343,181896.531,6.650,52.000
0.051,0.023,0.011,20.349,150263.344,5.709,52.000
0.055,0.001,0.010,27.444,35985.102,0.187,52.000
0.051,0.013,0.014,21.983,140868.219,7.016,52.000
0.045,0.000,0.017,24.162,61409.664,-0.118,52.000
0.059,0.000,0.014,17.745,5228.336,-0.792,52.000
0.052,0.015,0.012,19.629,177038.344,8.052,52.000
0.044,0.001,0.003,18.422,138125.500,1.844,52.000
0.050,0.023,0.013,19.156,155828.344,6.929,52.000
0.050,0.002,0.018,20.942,112056.633,2.777,52.000
0.051,0.012,0.013,21.840,169613.875,8.060,52.000
0.056,0.001,0.005,21.261,113220.852,2.232,52.000
0.050,0.026,0.012,20.700,150964.125,6.814,52.000
0.056,0.000,0.017,23.692,18178.461,0.229,52.000
0.057,0.002,0.012,19.351,132137.938,1.521,52.000
0.052,0.020,0.011,18.940,166222.594,6.603,52.000
0.055,0.000,0.009,27.537,-35842.141,0.890,52.000
0.050,0.014,0.010,18.408,165716.406,6.287,52.000
0.051,0.000,0.022,19.362,7848.969,3.797,52.000
0.042,0.001,0.006,20.638,150381.969,2.523,52.000
0.057,0.000,0.017,23.984,32578.227,0.535,52.000
0.050,0.023,0.011,20.240,163853.281,6.469,52.000
0.054,0.001,0.005,20.725,118084.242,2.443,52.000
0.050,0.020,0.011,19.672,187164.750,6.785,52.000
0.049,0.006,0.011,20.365,141167.562,3.161,52.000
0.046,0.000,0.011,28.098,-63670.391,-2.100,52.000
0.054,0.001,0.010,24.782,103315.352,0.984,52.000
0.052,0.002,0.008,22.765,118459.430,2.794,52.000
0.051,0.000,0.004,24.336,-27798.711,0.269,52.000
0.046,0.000,0.011,27.916,-33666.805,-1.168,52.000
0.057,0.001,0.013,22.679,75230.680,0.456,52.000
0.050,0.001,0.020,19.669,86090.398,2.355,52.000
0.051,0.021,0.012,18.184,171848.250,7.225,52.000
0.048,0.005,0.011,20.141,151661.938,2.622,52.000
0.050,0.009,0.010,15.885,161916.906,5.462,52.000
0.049,0.012,0.012,19.681,181578.156,8.176,52.000
0.044,0.001,0.003,18.691,133084.594,1.676,52.000
0.050,0.026,0.012,21.505,148638.500,6.616,52.000
0.059,0.000,0.012,21.227,51056.977,-0.110,52.000
0.049,0.021,0.014,19.985,116787.383,6.417,52.000
0.051,0.009,0.011,17.858,146349.719,6.096,52.000
0.051,0.011,0.014,22.840,152514.562,6.906,52.000
0.043,0.001,0.011,20.014,150203.188,1.365,52.000
0.052,0.005,0.011,21.219,156490.938,2.739,52.000
0.056,0.001,0.020,20.967,67282.914,1.818,52.000
0.048,0.004,0.013,16.434,157243.188,2.307,52.000
0.049,0.015,0.011,19.198,186985.625,7.604,52.000
0.051,0.010,0.013,23.400,168310.781,8.026,52.000
0.050,0.005,0.013,18.028,148090.312,3.687,52.000
0.058,0.001,0.008,25.574,23006.914,-1.006,52.000
0.052,0.010,0.013,21.665,182499.875,8.020,52.000
0.052,0.018,0.011,18.762,176996.344,6.941,52.000
0.051,0.001,0.019,20.645,81946.023,1.756,52.000
0.049,0.011,0.013,22.548,162868.656,7.774,52.000
0.052,0.025,0.013,18.989,117903.570,6.898,52.000
0.044,0.001,0.005,20.364,121185.430,2.180,52.000
0.056,0.001,0.019,19.054,110903.555,3.008,52.000
0.050,0.001,0.004,23.214,-21129.305,0.152,52.000
0.052,0.014,0.011,19.277,171179.469,7.076,52.000
0.100,0.013,0.013,18.086,61361.367,6.330,52.000
0.048,0.026,0.011,22.511,167662.844,6.423,52.000
0.051,0.000,0.011,31.736,-50627.871,-0.389,52.000
0.042,0.001,0.007,21.183,149161.719,2.617,52.000
0.052,0.007,0.011,19.132,137834.375,4.317,52.000
0.050,0.025,0.010,21.767,157057.125,5.711,52.000
0.052,0.009,0.013,22.841,180036.312,8.010,52.000
0.049,0.001,0.010,25.661,63295.508,2.533,52.000
0.049,0.004,0.011,21.295,158826.312,2.861,52.000
0.048,0.014,0.014,20.109,132370.438,6.648,52.000
0.057,0.001,0.018,19.889,120731.539,2.804,52.000
0.056,0.000,0.017,24.662,-19282.359,0.553,52.000
0.049,0.023,0.013,20.271,139464.562,6.499,52.000
0.040,0.001,0.014,16.601,86675.055,0.584,52.000
0.041,0.000,0.017,20.170,187.258,-2.725,52.000
0.050,0.025,0.012,19.887,150700.906,6.897,52.000
0.052,0.001,0.007,26.285,13593.297,0.748,52.000
0.054,0.001,0.018,21.748,44380.711,1.419,52.000
0.044,0.000,0.020,21.262,-40035.996,0.765,52.000
0.050,0.001,0.007,23.185,92403.648,2.585,52.000
0.042,0.001,0.010,19.831,143130.875,1.525,52.000
0.051,0.018,0.013,20.096,149110.688,7.447,52.000
0.051,0.024,0.014,19.746,105465.102,5.976,52.000
0.056,0.001,0.011,20.885,131083.562,1.373,52.000
0.058,0.001,0.008,25.860,5759.109,-0.979,52.000
0.049,0.008,0.012,18.771,130726.742,5.427,52.000
0.053,0.002,0.011,22.485,149682.938,3.025,52.000
0.051,0.003,0.013,17.761,190377.719,2.325,52.000
0.051,0.018,0.012,19.673,190613.312,7.742,52.000
0.052,0.000,0.009,29.144,-34330.664,1.104,52.000
0.044,0.001,0.020,22.493,80281.102,1.708,52.000
0.057,0.000,0.012,24.612,9648.031,0.074,52.000
0.051,0.002,0.014,20.468,177221.562,3.017,52.000
0.049,0.001,0.002,19.116,105273.352,0.954,52.000
0.048,0.003,0.011,21.101,169348.094,3.281,52.000
0.049,0.007,0.012,16.851,132768.906,4.045,52.000
0.048,0.027,0.012,22.908,123562.711,6.254,52.000
0.052,0.001,0.005,22.923,83601.883,1.943,52.000
0.056,0.001,0.004,20.823,110583.664,2.235,52.000
0.046,0.001,0.019,21.980,106822.836,2.163,52.000
0.055,0.002,0.008,23.517,92168.008,2.016,52.000
0.044,0.001,0.012,18.651,166842.250,2.419,52.000
0.049,0.021,0.011,20.556,169038.781,6.464,52.000
0.049,0.007,0.013,17.891,136517.312,4.962,52.000
0.051,0.007,0.011,19.041,130840.977,3.974,52.000
0.052,0.000,0.007,23.476,2628.695,0.001,52.000
0.100,0.011,0.012,21.897,29332.570,10.676,52.000
0.045,0.002,0.017,23.536,133396.281,3.129,52.000
0.049,0.014,0.011,19.451,171864.969,7.551,52.000
0.053,0.002,0.012,21.169,170216.312,3.184,52.000
0.048,0.000,0.017,25.298,-41403.004,-2.518,52.000
0.042,0.001,0.018,22.377,113649.273,1.564,52.000
0.050,0.009,0.011,17.672,132145.844,6.256,52.000
0.052,0.003,0.011,22.312,159926.719,3.103,52.000
0.047,0.000,0.008,25.869,-18230.148,0.806,52.000
0.055,0.001,0.009,24.262,89393.680,1.326,52.000
0.098,0.010,0.013,20.032,105385.914,3.611,52.000
0.055,0.001,0.015,26.347,45949.320,0.422,52.000
0.049,0.025,0.011,22.450,164830.031,5.811,52.000
0.050,0.001,0.004,23.031,18815.250,0.440,52.000
0.050,0.010,0.010,15.337,157453.781,6.557,52.000
0.050,0.010,0.010,15.305,153241.406,6.784,52.000
0.051,0.016,0.011,19.591,188652.531,7.280,52.000
0.002,0.013,0.012,21.878,135442.875,3.406,52.000
0.053,0.001,0.005,22.768,54858.227,1.558,52.000
0.052,0.026,0.011,20.810,130256.414,6.293,52.000
0.046,0.001,0.021,20.250,86028.633,2.474,52.000
0.055,0.001,0.010,23.604,109364.898,0.965,52.000
0.055,0.001,0.013,20.529,155798.156,3.055,52.000
0.049,0.025,0.010,22.439,157033.656,6.065,52.000
0.045,0.000,0.005,22.110,12906.828,-0.986,52.000
0.001,0.010,0.012,23.132,103145.836,3.539,52.000
0.057,0.001,0.017,22.583,110464.008,1.272,52.000
0.043,0.001,0.005,19.337,137796.344,2.527,52.000
0.052,0.002,0.012,21.562,166813.000,2.997,52.000
0.049,0.009,0.012,19.198,124336.305,5.678,52.000
0.047,0.002,0.013,17.564,178347.406,1.966,52.000
0.049,0.017,0.011,19.857,202690.938,7.280,52.000
0.048,0.025,0.012,21.915,169118.500,6.631,52.000
0.054,0.001,0.020,19.527,81979.430,2.510,52.000
0.060,0.000,0.009,20.999,75638.711,-0.771,52.000
0.043,0.001,0.018,24.068,112614.367,1.835,52.000
0.051,0.019,0.010,18.675,171188.531,7.071,52.000
0.049,0.015,0.011,19.018,192880.938,7.543,52.000
0.051,0.014,0.012,20.159,164043.844,8.082,52.000
0.051,0.004,0.012,18.848,172521.438,3.018,52.000
0.050,0.011,0.011,17.520,155415.469,7.725,52.000
0.049,0.000,0.006,24.527,-16256.922,0.106,52.000
0.048,0.019,0.013,20.662,148053.156,6.898,52.000
0.045,0.000,0.010,27.145,-57843.809,-0.646,52.000
0.048,0.001,0.007,21.462,109579.961,2.851,52.000
0.042,0.001,0.014,20.474,44947.023,0.050,52.000
0.055,0.002,0.018,19.647,117847.742,2.548,52.000
0.049,0.007,0.012,17.529,128128.227,4.295,52.000
0.044,0.000,0.010,21.099,-37360.891,1.120,52.000
0.046,0.001,0.007,22.499,118791.648,2.637,52.000
0.047,0.001,0.016,28.415,29750.648,-0.430,52.000
0.048,0.001,0.009,21.395,162117.469,3.310,52.000
0.050,0.007,0.010,19.608,122221.805,3.502,52.000
0.057,0.000,0.017,24.293,-17855.773,0.427,52.000
0.043,0.000,0.012,24.964,-15534.977,-0.777,52.000
0.043,0.000,0.007,21.554,21470.094,-1.415,52.000
0.058,0.000,0.014,25.222,16472.203,0.302,52.000
0.060,0.001,0.010,20.818,67176.898,-0.159,52.000
0.046,0.001,0.020,20.890,92423.820,2.324,52.000
0.053,0.001,0.020,21.041,48246.352,1.655,52.000
0.045,0.000,0.012,28.490,-64219.102,-1.396,52.000
0.051,0.026,0.010,21.298,146570.844,5.184,52.000
0.052,0.006,0.013,20.346,190561.906,5.497,52.000
0.046,0.000,0.011,26.682,-50457.543,-2.295,52.000
0.058,0.000,0.006,24.765,4332.500,0.132,52.000
0.055,0.001,0.006,25.289,27602.773,0.550,52.000
0.051,0.019,0.011,19.195,178408.188,6.873,52.000
0.050,0.009,0.012,19.012,138537.531,6.509,52.000
0.048,0.000,0.011,28.489,-8320.094,0.370,52.000
0.051,0.025,0.014,20.370,118903.039,6.010,52.000
0.051,0.018,0.012,19.149,184122.438,7.855,52.000
0.041,0.000,0.008,21.033,46187.039,-1.536,52.000
0.044,0.000,0.019,23.310,-28260.172,0.416,52.000
0.045,0.001,0.021,21.377,8512.961,0.938,52.000
0.042,0.001,0.007,21.552,144239.969,1.996,52.000
0.050,0.000,0.014,28.017,2514.328,1.426,52.000
0.046,0.000,0.005,22.686,47271.070,-0.783,52.000
0.049,0.001,0.008,22.267,129886.305,2.916,52.000
0.051,0.006,0.014,19.917,191641.469,6.296,52.000
0.048,0.020,0.012,20.086,194589.531,7.048,52.000
0.045,0.001,0.011,20.568,175296.250,3.078,52.000
0.047,0.002,0.012,18.114,177966.719,2.351,52.000
0.050,0.000,0.021,20.423,-11626.188,2.343,52.000
0.049,0.008,0.012,18.450,118110.539,4.843,52.000
0.050,0.015,0.014,20.571,145401.375,7.170,52.000
0.050,0.023,0.014,19.975,102794.977,5.594,52.000
0.047,0.000,0.002,19.368,65062.633,-0.746,52.000
0.060,0.000,0.013,19.447,79474.742,2.184,52.000
0.050,0.010,0.013,22.796,175921.875,8.256,52.000
0.058,0.001,0.011,18.306,119756.711,0.987,52.000
0.001,0.012,0.012,22.676,129371.367,3.506,52.000
0.050,0.025,0.011,20.758,160731.812,6.379,52.000
0.049,0.001,0.017,26.222,54602.539,0.588,52.000
0.040,0.001,0.009,19.570,133930.281,1.376,52.000
0.048,0.001,0.017,23.280,134139.781,3.338,52.000
0.050,0.007,0.012,19.505,119581.055,3.924,52.000
0.054,0.000,0.017,23.804,-19858.969,-0.560,52.000
0.047,0.001,0.011,21.222,171848.812,3.059,52.000
0.053,0.002,0.016,22.271,131519.844,2.474,52.000
0.049,0.021,0.012,19.862,187215.250,6.873,52.000
0.050,0.024,0.010,21.263,156898.656,5.878,52.000
0.052,0.025,0.012,19.068,131110.062,6.909,52.000
0.054,0.001,0.013,20.184,164669.031,2.724,52.000
0.049,0.003,0.011,21.792,164019.000,2.895,52.000
0.045,0.001,0.011,23.630,89553.008,2.259,52.000
0.050,0.005,0.014,19.874,180333.938,3.401,52.000
0.052,0.001,0.018,26.501,-11692.469,-0.804,52.000
0.001,0.012,0.013,24.253,79450.602,5.365,52.000
0.055,0.001,0.020,19.888,-8966.320,1.393,52.000
0.055,0.001,0.013,23.148,89337.586,0.449,52.000
0.042,0.001,0.008,20.822,140311.688,2.275,52.000
0.044,0.000,0.010,24.406,4849.062,-0.483,52.000
0.046,0.002,0.011,20.949,174616.531,3.092,52.000
0.057,0.001,0.015,24.397,103698.773,-0.123,52.000
0.052,0.000,0.005,25.434,-6508.234,1.061,52.000
0.049,0.001,0.018,23.684,46032.867,0.534,52.000
0.054,0.001,0.008,26.903,30481.820,0.980,52.000
0.048,0.001,0.016,23.475,139633.969,3.008,52.000
0.051,0.008,0.014,22.421,173165.125,7.268,52.000
0.098,0.012,0.013,21.485,94046.383,3.154,52.000
0.097,0.011,0.012,20.251,87158.102,5.409,52.000
0.049,0.007,0.014,19.269,171437.219,4.838,52.000
0.050,0.012,0.014,23.238,141190.906,6.915,52.000
0.050,0.007,0.013,20.105,142218.594,5.341,52.000
0.051,0.005,0.012,17.810,160093.031,3.055,52.000
0.053,0.001,0.018,21.749,96534.523,1.638,52.000
0.053,0.000,0.002,22.609,-9841.422,-0.090,52.000
0.051,0.025,0.010,21.213,148592.500,5.255,52.000
0.043,0.001,0.012,18.434,150952.250,1.916,52.000
0.049,0.007,0.014,19.138,182766.031,5.658,52.000
0.097,0.012,0.011,20.091,76677.430,6.439,52.000
0.052,0.026,0.011,20.310,147193.281,6.049,52.000
0.048,0.007,0.014,17.832,146791.719,5.254,52.000
0.047,0.002,0.009,21.312,150486.875,3.390,52.000
0.051,0.004,0.011,22.053,164083.969,2.926,52.000
0.041,0.001,0.017,24.125,7389.773,-1.195,52.000
0.047,0.000,0.012,27.450,-72964.906,-2.528,52.000
0.046,0.001,0.012,20.168,171002.906,3.064,52.000
0.044,0.001,0.021,21.038,86595.539,2.477,52.000
0.001,0.013,0.012,23.607,119063.352,4.502,52.000
0.049,0.015,0.010,18.169,184394.375,6.698,52.000
0.050,0.017,0.010,17.315,182823.188,7.932,52.000
0.047,0.001,0.007,22.536,102538.383,2.557,52.000
0.050,0.011,0.010,14.362,155321.562,6.872,52.000
0.049,0.003,0.012,17.815,176436.688,2.830,52.000
0.044,0.000,0.018,24.151,37628.008,-1.367,52.000
0.049,0.017,0.012,20.192,188593.500,7.810,52.000
0.049,0.009,0.014,22.253,158909.750,6.749,52.000
0.099,0.012,0.011,20.762,30560.492,6.273,52.000
0.049,0.019,0.010,18.789,180179.750,7.720,52.000
0.049,0.026,0.011,22.667,162596.625,5.765,52.000
0.054,0.001,0.004,21.285,98065.164,2.059,52.000
0.052,0.026,0.010,21.676,150108.562,4.823,52.000
0.051,0.013,0.014,22.337,147142.938,7.099,52.000
0.050,0.016,0.013,20.377,178554.781,8.157,52.000
0.051,0.002,0.010,22.615,155434.500,2.747,52.000
0.049,0.000,0.021,20.238,-14654.664,1.749,52.000
0.052,0.020,0.011,18.610,167302.219,6.908,52.000
0.055,0.001,0.013,20.594,161186.094,3.084,52.000
0.050,0.020,0.012,19.137,188475.000,7.090,52.000
0.098,0.010,0.012,19.034,97498.633,5.455,52.000
0.050,0.014,0.011,19.032,172339.156,6.709,52.000
0.046,0.002,0.011,20.749,173792.750,3.133,52.000
0.040,0.001,0.010,18.731,139353.875,-0.034,52.000
0.049,0.026,0.013,20.945,140062.344,6.434,52.000
0.052,0.001,0.010,29.714,-17424.594,0.649,52.000
0.050,0.013,0.013,21.858,156094.531,7.394,52.000
0.054,0.000,0.003,20.484,-11045.594,0.448,52.000
0.042,0.001,0.007,22.306,99746.602,1.530,52.000
0.046,0.001,0.005,21.176,109168.148,1.960,52.000
0.051,0.009,0.010,15.034,176778.594,5.412,52.000
0.055,0.000,0.014,26.653,-830.406,-0.028,52.000
0.050,0.022,0.014,20.265,110966.445,5.810,52.000
0.057,0.001,0.014,22.742,117783.789,0.627,52.000
0.059,0.001,0.010,18.481,129530.258,0.156,52.000
0.052,0.001,0.008,26.443,17778.289,1.088,52.000
0.046,0.001,0.020,22.035,74154.133,1.677,52.000
0.042,0.001,0.007,21.468,147165.062,2.301,52.000
0.059,0.000,0.015,19.927,52549.633,0.556,52.000
0.049,0.001,0.015,24.965,134449.312,1.932,52.000
0.056,0.001,0.015,24.612,103143.664,-0.013,52.000
0.057,0.001,0.015,21.775,147386.500,1.230,52.000
0.052,0.012,0.013,20.668,166326.781,7.843,52.000
0.044,0.001,0.004,19.046,133576.062,1.635,52.000
0.057,0.001,0.011,24.823,45684.680,0.552,52.000
0.053,0.000,0.019,21.122,-816.602,2.066,52.000
0.048,0.005,0.010,21.785,152959.688,2.789,52.000
0.049,0.004,0.014,19.847,172216.188,1.873,52.000
0.045,0.000,0.022,20.683,-40400.840,1.513,52.000
0.052,0.000,0.011,28.292,-83808.406,-2.399,52.000
0.051,0.020,0.014,19.146,120984.758,6.586,52.000
0.049,0.026,0.012,21.003,164067.031,6.955,52.000
0.054,0.002,0.014,22.438,154081.094,2.685,52.000
0.045,0.001,0.017,24.707,60594.914,0.614,52.000
0.051,0.010,0.013,22.774,174310.344,8.228,52.000
0.051,0.015,0.012,20.007,166967.156,8.257,52.000
0.050,0.018,0.013,20.402,170807.844,7.566,52.000
0.044,0.001,0.014,17.719,157856.812,1.637,52.000
0.048,0.027,0.010,25.618,118215.289,4.746,52.000
0.051,0.024,0.011,20.295,149427.375,5.579,52.000
0.051,0.013,0.013,20.166,166753.406,7.814,52.000
0.049,0.010,0.010,16.255,137522.312,6.897,52.000
0.050,0.000,0.006,24.004,17607.852,1.026,52.000
0.041,0.001,0.014,16.597,99035.008,0.805,52.000
0.049,0.012,0.013,21.948,152185.250,7.846,52.000
0.051,0.022,0.012,19.113,165721.938,6.851,52.000
0.055,0.001,0.014,22.168,145178.625,2.155,52.000
0.054,0.001,0.014,22.406,151391.188,2.580,52.000
0.051,0.009,0.013,21.733,167132.000,7.617,52.000
0.051,0.012,0.011,18.081,181797.719,7.845,52.000
0.051,0.001,0.019,22.627,26537.586,0.573,52.000
0.042,0.001,0.011,19.108,157272.781,1.147,52.000
0.046,0.001,0.005,21.164,67703.648,1.487,52.000
0.050,0.014,0.012,19.836,162228.094,7.872,52.000
0.048,0.001,0.009,26.820,-16895.414,2.475,52.000
0.048,0.007,0.012,16.569,126332.555,4.358,52.000
0.050,0.011,0.011,16.440,139826.500,7.111,52.000
0.048,0.006,0.012,18.314,149725.031,3.300,52.000
0.052,0.005,0.010,21.318,152225.406,2.557,52.000
0.052,0.010,0.010,15.895,173815.844,7.000,52.000
0.040,0.001,0.015,19.490,73378.242,0.560,52.000
0.050,0.015,0.013,19.865,167075.500,7.932,52.000
0.050,0.000,0.011,25.622,26311.414,0.030,52.000
0.059,0.001,0.014,18.935,159432.469,1.659,52.000
0.057,0.000,0.017,24.139,14862.766,0.494,52.000
0.052,0.014,0.011,19.046,170486.656,7.230,52.000
0.050,0.001,0.005,22.955,19211.852,0.734,52.000
0.051,0.025,0.013,19.926,133769.125,6.359,52.000
0.047,0.001,0.009,22.475,136956.812,2.964,52.000
0.043,0.000,0.010,24.162,10764.156,-0.942,52.000
0.052,0.001,0.006,21.331,108466.602,2.348,52.000
0.045,0.001,0.016,28.564,3340.047,-1.653,52.000
0.053,0.002,0.013,19.255,183149.250,2.673,52.000
0.048,0.026,0.011,22.654,165535.438,5.963,52.000
0.050,0.000,0.020,21.720,-17819.305,1.564,52.000
0.055,0.000,0.020,20.920,-24698.617,2.579,52.000
0.058,0.000,0.015,24.695,71703.680,0.749,52.000
0.058,0.001,0.012,21.990,61971.773,1.284,52.000
0.043,0.001,0.012,17.417,152883.688,2.274,52.000
0.049,0.004,0.010,21.824,162587.375,2.755,52.000
0.051,0.027,0.011,12.290,261352.094,6.156,52.000
0.049,0.001,0.009,27.480,-32786.930,1.734,52.000
0.051,0.001,0.022,19.364,53485.758,2.065,52.000
0.048,0.003,0.012,20.131,174669.031,3.318,52.000
0.041,0.001,0.013,17.053,118850.492,0.636,52.000
0.100,0.012,0.011,24.104,-25805.977,12.683,52.000
0.050,0.001,0.005,22.651,54804.492,1.295,52.000
0.048,0.016,0.012,20.217,186461.344,7.990,52.000
0.049,0.016,0.011,19.509,195780.875,7.462,52.000
0.057,0.000,0.018,21.329,1061.641,1.658,52.000
0.051,0.013,0.012,19.785,160807.906,7.782,52.000
0.059,0.000,0.013,20.882,70710.586,1.447,52.000
0.043,0.001,0.007,22.063,139111.938,2.157,52.000
0.052,0.023,0.013,18.054,138384.469,6.739,52.000
0.051,0.007,0.009,19.243,156811.031,2.926,52.000
0.053,0.000,0.009,27.660,-26088.695,0.756,52.000
0.049,0.005,0.010,21.869,152644.094,2.956,52.000
0.041,0.001,0.010,22.368,49338.977,-0.791,52.000
0.043,0.002,0.014,19.107,144137.375,1.831,52.000
0.050,0.024,0.014,20.044,109678.320,5.857,52.000
0.043,0.001,0.013,20.971,64494.539,1.094,52.000
0.050,0.018,0.014,20.419,135322.875,6.783,52.000
0.041,0.001,0.019,20.210,117693.773,2.222,52.000
0.051,0.004,0.013,17.290,166510.531,2.856,52.000
0.060,0.001,0.014,18.353,143263.406,1.898,52.000
0.048,0.003,0.013,15.860,157758.094,1.677,52.000
0.051,0.017,0.014,20.604,135731.844,6.887,52.000
0.050,0.012,0.012,19.296,187037.812,8.307,52.000
0.049,0.019,0.011,20.048,195506.812,6.911,52.000
0.048,0.019,0.012,19.880,193862.000,7.170,52.000
0.047,0.001,0.011,22.168,144294.281,3.268,52.000
0.056,0.000,0.004,23.787,26885.289,1.641,52.000
0.050,0.020,0.010,19.145,166523.531,6.867,52.000
0.051,0.006,0.014,19.488,193558.594,5.881,52.000
0.052,0.002,0.016,22.882,130473.992,2.630,52.000
0.041,0.001,0.007,21.589,122529.930,1.556,52.000
0.049,0.000,0.007,25.073,-20129.273,0.142,52.000
0.045,0.001,0.022,19.273,9939.352,1.380,52.000
0.041,0.001,0.015,18.625,92107.773,0.616,52.000
0.046,0.001,0.008,21.678,148363.188,3.158,52.000
0.050,0.008,0.014,20.257,189997.625,6.785,52.000
0.049,0.002,0.010,22.091,164229.250,3.154,52.000
0.051,0.010,0.013,22.548,175464.688,8.219,52.000
0.055,0.002,0.013,21.137,156452.812,3.120,52.000
0.055,0.001,0.005,23.763,41874.477,1.191,52.000
0.052,0.010,0.013,21.493,180636.000,7.775,52.000
0.098,0.013,0.011,20.919,63000.758,6.337,52.000
0.053,0.000,0.009,31.819,-10104.367,5.161,52.000
0.045,0.001,0.015,23.607,135286.844,2.090,52.000
0.051,0.017,0.014,20.552,127661.789,6.468,52.000
0.051,0.009,0.012,19.275,149431.938,6.785,52.000
0.049,0.012,0.012,19.305,186177.750,8.228,52.000
0.046,0.001,0.013,18.676,135233.812,1.346,52.000
0.051,0.024,0.010,20.354,146532.500,5.490,52.000
0.050,0.000,0.017,26.365,-72285.367,-2.292,52.000
0.054,0.001,0.015,25.473,99171.352,1.021,52.000
0.043,0.000,0.009,22.870,36643.133,-0.024,52.000
0.056,0.000,0.019,20.160,-28013.695,-0.868,52.000
0.051,0.022,0.012,18.421,160587.875,6.956,52.000
0.049,0.026,0.011,21.955,158524.156,5.826,52.000
0.051,0.004,0.012,18.467,169724.375,3.165,52.000
0.046,0.000,0.022,15.421,-23423.586,1.558,52.000
0.048,0.019,0.013,20.009,179319.625,7.418,52.000
0.057,0.001,0.010,27.594,-2535.672,-1.016,52.000
0.040,0.001,0.015,19.214,84352.773,0.878,52.000
0.052,0.012,0.011,18.602,176732.594,7.751,52.000
0.055,0.001,0.004,24.661,-46693.891,-0.258,52.000
0.052,0.004,0.011,22.000,162260.406,2.644,52.000
0.050,0.016,0.010,18.802,193115.594,7.256,52.000
0.050,0.024,0.014,20.229,126294.773,6.034,52.000
0.056,0.000,0.020,22.261,-50775.938,3.329,52.000
0.042,0.000,0.005,21.300,81944.242,1.120,52.000
0.041,0.001,0.010,18.888,143330.312,0.380,52.000
0.047,0.001,0.020,21.104,95693.180,2.250,52.000
0.047,0.000,0.007,24.547,-13512.312,1.174,52.000
0.047,0.002,0.012,18.268,182177.094,2.396,52.000
0.054,0.001,0.012,22.671,110887.258,1.521,52.000
0.059,0.001,0.007,24.867,13688.844,-0.712,52.000
0.058,0.000,0.010,19.943,124116.430,0.047,52.000
0.050,0.008,0.013,20.462,189862.500,7.023,52.000
0.049,0.015,0.014,19.975,143449.312,7.033,52.000
0.056,0.000,0.019,21.904,-52809.645,1.362,52.000
0.050,0.001,0.014,28.530,59495.305,0.129,52.000
0.051,0.025,0.013,20.164,127295.055,6.112,52.000
0.050,0.001,0.013,19.525,149140.469,1.857,52.000
0.051,0.011,0.011,18.142,183269.969,7.793,52.000
0.048,0.008,0.012,17.510,122185.852,5.548,52.000
0.049,0.009,0.011,18.403,117397.852,5.514,52.000
0.055,0.001,0.007,22.900,106230.898,2.279,52.000
0.049,0.008,0.010,17.350,155994.719,4.638,52.000
0.052,0.003,0.012,18.697,181989.188,2.902,52.000
0.053,0.001,0.005,21.285,109687.664,2.301,52.000
0.051,0.018,0.012,19.058,187556.938,7.544,52.000
0.042,0.000,0.010,21.110,18415.336,-1.526,52.000
0.051,0.026,0.014,21.054,103862.945,6.131,52.000
0.054,0.001,0.009,25.150,82050.711,1.209,52.000
0.046,0.001,0.021,21.392,61730.773,1.838,52.000
0.049,0.001,0.016,23.483,141447.125,3.049,52.000
0.054,0.002,0.011,21.854,141347.406,2.475,52.000
0.057,0.002,0.012,19.126,127922.305,1.515,52.000
0.044,0.001,0.019,22.931,97320.430,1.783,52.000
0.099,0.011,0.012,20.280,46776.992,2.827,52.000
0.049,0.003,0.010,22.236,164173.781,2.845,52.000
0.058,0.000,0.005,23.813,-16088.398,1.634,52.000
0.050,0.001,0.010,23.030,135273.531,2.797,52.000
0.053,0.001,0.019,20.225,85970.883,2.172,52.000
0.050,0.018,0.010,17.976,184116.062,8.087,52.000
0.051,0.010,0.011,18.812,180441.781,7.893,52.000
0.002,0.013,0.014,23.429,74297.805,5.893,52.000
0.044,0.000,0.013,23.873,16581.539,-0.296,52.000
0.050,0.015,0.014,20.499,144785.781,7.111,52.000
0.050,0.027,0.013,21.456,123607.586,6.476,52.000
0.059,0.000,0.012,22.966,57837.820,-0.562,52.000
0.043,0.001,0.017,24.034,115209.414,1.709,52.000
0.050,0.010,0.014,23.195,153370.125,7.355,52.000
0.058,0.001,0.007,21.995,107570.664,1.054,52.000
0.051,0.000,0.017,25.853,-15917.164,-2.034,52.000
0.055,0.001,0.007,22.265,110125.086,2.238,52.000
0.055,0.001,0.014,22.079,155705.906,2.729,52.000
0.051,0.001,0.005,24.071,7441.648,1.043,52.000
0.053,0.002,0.015,22.882,155647.531,3.199,52.000
0.045,0.001,0.020,21.891,74245.492,1.943,52.000
0.051,0.011,0.012,19.173,188226.156,8.168,52.000
0.052,0.008,0.012,21.111,156342.562,6.555,52.000
0.060,0.001,0.008,18.164,141782.344,1.710,52.000
0.047,0.002,0.013,17.116,169174.906,1.587,52.000
0.050,0.005,0.013,17.288,166856.250,3.378,52.000
0.041,0.000,0.010,20.179,-2098.188,0.868,52.000
0.044,0.000,0.017,24.958,59693.695,-1.532,52.000
0.052,0.001,0.016,24.146,121250.742,1.792,52.000
0.050,0.008,0.011,18.710,113514.664,4.968,52.000
0.059,0.000,0.017,22.570,57055.555,-0.057,52.000
0.057,0.001,0.020,19.304,31159.492,2.053,52.000
0.050,0.010,0.012,20.747,164982.344,7.560,52.000
0.099,0.010,0.012,19.573,101816.773,4.805,52.000
0.051,0.025,0.010,20.902,146125.656,5.298,52.000
0.048,0.001,0.003,19.597,104797.383,1.279,52.000
0.049,0.011,0.014,22.972,150262.875,7.357,52.000
0.044,0.001,0.010,20.640,150780.969,2.004,52.000
0.042,0.001,0.014,17.706,104237.008,1.003,52.000
0.051,0.003,0.014,18.716,181544.469,2.956,52.000
0.049,0.001,0.007,23.053,95104.742,2.544,52.000
0.044,0.002,0.015,20.244,145850.750,1.573,52.000
0.055,0.000,0.013,30.184,-14766.836,0.095,52.000
0.052,0.000,0.005,23.530,39714.836,1.886,52.000
0.046,0.001,0.009,21.654,157198.531,3.061,52.000
0.050,0.000,0.017,24.042,4777.750,-0.330,52.000
0.051,0.000,0.014,27.143,45769.867,0.341,52.000
0.048,0.025,0.012,21.170,172266.000,7.012,52.000
0.042,0.000,0.010,20.170,197.844,1.214,52.000
0.052,0.001,0.019,20.670,91792.727,1.947,52.000
0.050,0.015,0.014,20.546,123083.961,6.535,52.000
0.055,0.001,0.002,22.552,43348.945,1.224,52.000
0.049,0.016,0.012,20.202,189347.000,7.932,52.000
0.042,0.000,0.014,23.826,13541.242,-0.183,52.000
0.051,0.001,0.002,19.480,97772.633,1.080,52.000
0.048,0.001,0.015,27.767,69719.070,0.450,52.000
0.050,0.008,0.010,17.598,155605.000,4.267,52.000
0.050,0.000,0.011,30.064,-35619.367,-0.202,52.000
0.052,0.010,0.011,16.928,175139.938,7.147,52.000
0.055,0.001,0.013,25.747,78487.289,0.782,52.000
0.050,0.020,0.012,19.633,192026.281,7.004,52.000
0.049,0.007,0.014,19.247,176415.781,6.128,52.000
0.050,0.001,0.018,24.172,84090.336,1.161,52.000
0.051,0.001,0.019,20.636,99890.305,1.985,52.000
0.047,0.000,0.004,21.732,33024.133,-0.575,52.000
0.052,0.016,0.011,18.960,181544.969,6.952,52.000
0.056,0.001,0.004,19.656,121797.539,2.646,52.000
0.054,0.000,0.005,23.502,15668.039,0.925,52.000
0.052,0.003,0.014,18.403,191567.562,2.876,52.000
0.049,0.024,0.014,20.736,127342.992,6.130,52.000
0.051,0.008,0.014,22.006,169384.844,6.883,52.000
0.048,0.022,0.013,19.914,172165.000,7.136,52.000
0.051,0.012,0.011,17.099,167166.469,7.436,52.000
0.050,0.026,0.014,21.252,97753.992,5.891,52.000
0.050,0.013,0.014,21.982,144564.406,7.117,52.000
0.046,0.001,0.005,20.069,115308.258,2.495,52.000
0.043,0.001,0.014,18.919,132778.750,1.656,52.000
0.051,0.016,0.011,19.257,187289.312,7.243,52.000
0.055,0.002,0.009,23.501,100388.695,1.422,52.000
0.050,0.018,0.010,18.110,193908.969,7.913,52.000
0.050,0.013,0.011,18.174,167092.031,6.755,52.000
0.048,0.001,0.022,18.600,40456.242,2.133,52.000
0.049,0.020,0.014,20.578,121380.367,6.316,52.000
0.048,0.020,0.011,20.569,179221.094,6.836,52.000
0.053,0.001,0.015,24.036,128426.305,1.773,52.000
0.057,0.002,0.011,19.143,128786.180,1.329,52.000
0.047,0.001,0.012,27.522,1720.703,0.584,52.000
0.057,0.000,0.014,19.715,55259.680,1.678,52.000
0.050,0.023,0.010,20.937,154069.156,5.937,52.000
0.049,0.024,0.014,20.480,118335.789,5.849,52.000
0.050,0.012,0.010,15.930,149736.000,7.570,52.000
0.043,0.000,0.006,18.488,50324.352,0.918,52.000
0.048,0.009,0.011,17.756,121137.930,6.243,52.000
0.055,0.002,0.014,21.536,153381.594,2.780,52.000
0.049,0.012,0.012,20.246,176059.875,8.320,52.000
0.050,0.017,0.011,19.945,193281.312,7.370,52.000
0.042,0.000,0.005,20.378,93015.336,-0.524,52.000
0.048,0.005,0.011,21.421,152869.031,2.843,52.000
0.048,0.001,0.007,22.599,107385.602,2.617,52.000
0.048,0.010,0.011,17.699,136655.375,6.978,52.000
0.045,0.001,0.016,25.492,110016.117,1.388,52.000
0.057,0.001,0.019,19.358,121254.727,2.868,52.000
0.049,0.006,0.013,18.017,132381.375,4.746,52.000
0.050,0.012,0.011,16.777,152868.375,7.484,52.000
0.054,0.001,0.012,27.518,63783.617,0.997,52.000
0.053,0.000,0.007,24.361,-3976.789,-0.306,52.000
0.055,0.000,0.007,24.878,-16644.562,-0.715,52.000
0.053,0.000,0.011,29.640,-97220.938,-2.381,52.000
0.051,0.001,0.009,22.837,143887.500,2.923,52.000
0.048,0.003,0.013,16.257,155724.406,0.663,52.000
0.050,0.001,0.019,21.315,100188.461,1.894,52.000
0.051,0.005,0.014,19.619,183985.406,4.631,52.000
0.048,0.001,0.008,21.856,130174.867,2.927,52.000
0.052,0.000,0.018,23.628,-49599.988,0.676,52.000
0.054,0.001,0.019,20.124,92541.180,2.548,52.000
0.051,0.003,0.011,21.300,168011.062,2.960,52.000
0.053,0.002,0.014,21.181,177302.625,3.581,52.000
0.059,0.000,0.016,22.145,107553.305,1.451,52.000
0.048,0.020,0.011,20.129,187888.688,6.900,52.000
0.050,0.026,0.010,22.313,154366.656,5.203,52.000
0.059,0.001,0.010,19.537,110785.742,-0.772,52.000
0.051,0.018,0.011,19.209,188094.594,7.315,52.000
0.050,0.022,0.014,19.856,102400.555,5.804,52.000
0.052,0.019,0.012,18.067,174378.688,7.765,52.000
0.047,0.002,0.012,20.040,175720.562,3.163,52.000
0.049,0.005,0.015,19.793,176059.000,2.696,52.000
0.051,0.022,0.012,18.272,160264.094,7.041,52.000
0.050,0.005,0.013,18.570,157131.531,3.931,52.000
0.056,0.000,0.020,21.900,-78986.023,3.121,52.000
0.049,0.005,0.011,21.379,151837.531,2.876,52.000
0.050,0.022,0.013,19.054,155847.812,6.707,52.000
0.053,0.000,0.010,32.248,-38541.516,0.935,52.000
0.051,0.001,0.014,27.835,80703.227,1.053,52.000
0.048,0.010,0.011,17.584,137207.531,7.005,52.000
0.049,0.022,0.013,20.168,133514.781,6.365,52.000
0.051,0.008,0.010,17.703,134462.562,3.488,52.000
0.051,0.008,0.015,22.654,162995.969,6.598,52.000
0.044,0.001,0.019,23.382,58466.445,0.847,52.000
0.048,0.001,0.014,25.541,91918.414,0.244,52.000
0.051,0.009,0.012,20.901,160704.844,7.180,52.000
0.051,0.001,0.009,23.095,135807.531,2.879,52.000
0.050,0.017,0.012,19.818,191063.500,7.458,52.000
0.057,0.001,0.010,21.685,115113.695,0.932,52.000
0.052,0.001,0.004,21.484,100484.461,1.998,52.000
0.050,0.022,0.010,20.073,149977.062,6.232,52.000
0.049,0.009,0.014,21.298,156664.594,7.045,52.000
0.052,0.019,0.012,17.675,173756.625,7.664,52.000
0.052,0.009,0.013,23.132,178266.344,8.096,52.000
0.049,0.022,0.013,19.466,161199.719,6.877,52.000
0.041,0.001,0.007,20.896,147333.750,2.354,52.000
0.049,0.025,0.012,21.487,164776.188,6.716,52.000
0.053,0.000,0.018,25.439,-61279.301,-0.540,52.000
0.051,0.013,0.011,18.787,172801.562,7.415,52.000
0.050,0.016,0.014,20.484,142464.125,7.037,52.000
0.052,0.002,0.013,19.044,192117.969,3.127,52.000
0.057,0.001,0.012,24.297,41252.289,0.581,52.000
0.053,0.001,0.010,28.999,11557.625,0.495,52.000
0.059,0.001,0.014,21.257,119296.039,0.788,52.000
0.045,0.000,0.005,22.310,43544.648,-0.548,52.000
0.045,0.001,0.009,20.793,167456.781,3.345,52.000
0.049,0.017,0.014,20.407,146380.406,6.998,52.000
0.056,0.000,0.007,24.981,-1725.141,0.387,52.000
0.047,0.001,0.011,20.725,173887.469,3.346,52.000
0.049,0.009,0.013,21.425,167841.688,7.625,52.000
0.057,0.001,0.016,24.226,101884.977,0.193,52.000
0.056,0.001,0.021,17.563,101210.508,3.180,52.000
0.049,0.000,0.013,29.128,-1973.133,1.493,52.000
0.049,0.025,0.013,20.999,141706.875,6.203,52.000
0.056,0.001,0.016,22.453,122344.961,1.459,52.000
0.057,0.000,0.008,25.280,-24514.586,0.212,52.000
0.052,0.001,0.005,20.517,110937.195,2.161,52.000
0.051,0.001,0.021,19.915,64296.352,1.983,52.000
0.052,0.013,0.014,22.188,144267.812,7.022,52.000
0.058,0.001,0.012,19.120,105182.680,1.409,52.000
0.049,0.005,0.012,16.674,143909.031,3.514,52.000
0.055,0.002,0.012,21.181,148919.938,2.344,52.000
0.051,0.015,0.010,19.255,181763.969,6.391,52.000
0.002,0.013,0.011,21.504,137741.156,2.793,52.000
0.051,0.007,0.013,20.971,181604.469,6.460,52.000
0.001,0.013,0.011,21.784,136695.438,1.970,52.000
0.042,0.001,0.010,20.222,140062.906,1.367,52.000
0.053,0.000,0.022,20.411,-35264.250,3.686,52.000
0.041,0.001,0.007,20.901,149514.688,2.452,52.000
0.049,0.004,0.014,17.862,161714.531,1.134,52.000
0.001,0.013,0.013,24.247,84734.633,5.159,52.000
0.044,0.000,0.017,23.780,10569.828,-0.337,52.000
0.041,0.000,0.012,22.016,-30594.906,-2.127,52.000
0.053,0.000,0.010,29.815,-40408.285,-0.043,52.000
0.048,0.025,0.013,20.972,153176.188,6.611,52.000
0.050,0.018,0.013,20.660,147503.406,7.064,52.000
0.049,0.021,0.013,20.082,154385.406,6.867,52.000
0.054,0.001,0.020,19.114,92657.680,2.870,52.000
0.058,0.000,0.013,21.523,54991.648,0.402,52.000
0.049,0.017,0.012,20.311,188646.312,7.669,52.000
0.049,0.006,0.011,19.565,147341.594,2.920,52.000
0.043,0.001,0.015,19.638,129013.180,1.297,52.000
0.050,0.002,0.017,23.133,130178.680,3.071,52.000
0.043,0.001,0.004,18.715,133642.344,2.241,52.000
0.051,0.007,0.012,19.245,135507.250,4.063,52.000
0.041,0.001,0.014,17.917,73039.508,0.026,52.000
0.047,0.001,0.008,22.906,112696.664,2.453,52.000
0.049,0.010,0.013,21.753,168016.062,7.858,52.000
0.049,0.005,0.014,18.360,161588.719,2.145,52.000
0.045,0.001,0.019,22.373,114391.211,2.140,52.000
0.050,0.018,0.014,20.162,127376.023,6.187,52.000
0.002,0.013,0.011,21.674,145379.344,3.086,52.000
0.052,0.002,0.010,22.947,146415.469,2.419,52.000
0.098,0.012,0.010,20.602,62681.570,7.005,52.000
0.048,0.005,0.012,18.750,157801.344,3.054,52.000
0.048,0.010,0.010,15.877,141801.250,6.668,52.000
0.000,0.012,0.012,25.330,58775.820,4.646,52.000
0.045,0.002,0.007,20.987,129620.711,3.288,52.000
0.049,0.014,0.013,20.024,170168.594,7.936,52.000
0.052,0.017,0.012,19.092,181513.469,7.569,52.000
0.048,0.002,0.005,20.241,102792.086,2.685,52.000
0.053,0.000,0.002,20.218,19265.305,0.004,52.000
0.051,0.008,0.012,21.004,145049.844,5.954,52.000
0.055,0.001,0.009,24.790,85623.445,0.924,52.000
0.050,0.003,0.010,22.077,160198.750,2.772,52.000
0.048,0.020,0.012,20.227,182021.094,7.177,52.000
0.048,0.002,0.016,23.073,140221.844,3.206,52.000
0.048,0.004,0.011,21.017,157925.500,2.903,52.000
0.055,0.000,0.017,23.944,-32259.086,-0.319,52.000
0.042,0.001,0.017,23.478,111876.789,1.523,52.000
0.050,0.020,0.012,18.824,177958.344,7.436,52.000
0.042,0.001,0.010,20.857,130680.820,0.794,52.000
0.050,0.001,0.023,19.335,42753.461,1.929,52.000
0.054,0.001,0.003,19.758,118361.039,2.589,52.000
0.052,0.024,0.013,18.304,123456.305,6.749,52.000
0.052,0.011,0.012,19.930,185554.750,7.939,52.000
0.043,0.000,0.005,20.314,88097.727,-0.201,52.000
0.045,0.000,0.007,21.135,-33652.945,0.955,52.000
0.045,0.001,0.020,22.195,32133.086,0.858,52.000
0.056,0.001,0.005,20.955,120612.195,2.412,52.000
0.051,0.020,0.011,18.857,169127.562,6.795,52.000
0.050,0.001,0.006,22.567,83558.961,1.912,52.000
0.048,0.001,0.010,21.504,168257.688,3.091,52.000
0.058,0.001,0.012,19.968,89600.086,1.756,52.000
0.051,0.026,0.012,20.771,125218.273,6.419,52.000
0.052,0.023,0.012,18.142,152547.812,6.940,52.000
0.049,0.015,0.013,19.731,166330.312,7.768,52.000
0.043,0.000,0.012,24.824,4961.625,-0.056,52.000
0.050,0.001,0.022,20.481,6332.703,0.950,52.000
0.044,0.001,0.018,23.300,127166.711,2.425,52.000
0.049,0.019,0.014,20.137,116582.102,6.249,52.000
0.050,0.020,0.011,19.970,177620.656,6.425,52.000
0.049,0.013,0.013,20.988,149022.500,7.535,52.000
0.050,0.000,0.019,22.136,5696.672,0.702,52.000
0.054,0.000,0.010,25.281,-12297.383,0.096,52.000
0.049,0.021,0.012,19.820,178583.625,6.933,52.000
0.055,0.000,0.007,24.495,12189.117,0.338,52.000
0.049,0.017,0.012,20.384,187724.031,7.621,52.000
0.049,0.005,0.012,16.934,153289.125,2.984,52.000
0.048,0.002,0.015,22.631,154932.625,2.492,52.000
0.053,0.001,0.006,23.492,83963.977,2.150,52.000
0.049,0.001,0.009,24.715,94465.711,2.472,52.000
0.050,0.021,0.014,20.124,114306.930,5.916,52.000
0.049,0.016,0.011,19.848,199018.750,7.358,52.000
0.050,0.003,0.010,22.368,161081.781,2.542,52.000
0.052,0.016,0.013,19.506,162275.156,7.915,52.000
0.053,0.001,0.016,22.404,134860.719,2.222,52.000
0.049,0.008,0.012,18.029,118853.180,4.597,52.000
0.055,0.001,0.018,20.133,122456.477,2.527,52.000
0.044,0.000,0.019,21.928,-81413.844,-1.095,52.000
0.048,0.021,0.013,20.158,137158.938,6.696,52.000
0.051,0.005,0.010,21.891,142933.281,2.848,52.000
0.047,0.001,0.017,22.530,130564.352,3.370,52.000
0.049,0.015,0.014,19.652,130867.867,6.741,52.000
0.049,0.020,0.013,19.849,173772.656,7.158,52.000
0.050,0.022,0.012,19.393,178518.812,6.868,52.000
0.048,0.027,0.012,22.602,134270.844,6.221,52.000
0.051,0.007,0.011,19.936,126617.727,3.270,52.000
0.056,0.002,0.008,22.937,91479.211,1.615,52.000
0.048,0.015,0.013,19.841,172348.344,7.878,52.000
0.052,0.002,0.009,22.662,148905.594,2.736,52.000
0.048,0.002,0.007,21.605,118978.758,3.073,52.000
0.051,0.009,0.011,17.789,153914.219,6.448,52.000
0.002,0.013,0.013,23.845,110046.680,5.160,52.000
0.000,0.013,0.011,23.601,26758.445,5.153,52.000
0.053,0.001,0.017,21.694,127859.273,2.445,52.000
0.043,0.001,0.007,23.439,42434.164,0.936,52.000
0.053,0.001,0.007,22.667,110136.789,2.727,52.000
0.051,0.018,0.011,18.596,182768.375,7.165,52.000
0.049,0.009,0.010,16.709,148509.750,5.693,52.000
0.058,0.001,0.018,19.746,123176.008,2.720,52.000
0.052,0.010,0.014,22.590,170216.312,7.609,52.000
0.049,0.022,0.011,20.500,169925.625,6.398,52.000
0.048,0.001,0.007,21.379,108291.008,2.824,52.000
0.052,0.001,0.008,24.400,94733.492,2.131,52.000
0.051,0.018,0.011,18.686,180535.312,7.096,52.000
0.050,0.003,0.014,19.676,169708.625,1.962,52.000
0.047,0.001,0.016,25.837,103930.664,1.718,52.000
0.052,0.008,0.014,22.247,174157.344,7.387,52.000
0.050,0.025,0.011,21.348,162415.344,5.961,52.000
0.050,0.008,0.010,17.574,145431.656,4.084,52.000
0.050,0.001,0.016,25.301,119417.586,2.209,52.000
0.048,0.012,0.010,16.388,136047.875,7.510,52.000
0.047,0.001,0.018,22.884,100310.820,1.761,52.000
0.048,0.000,0.020,21.534,5686.867,1.384,52.000
0.050,0.020,0.010,19.341,153449.000,7.065,52.000
0.048,0.013,0.012,18.981,163495.938,8.135,52.000
0.098,0.012,0.013,20.550,95866.273,4.362,52.000
0.055,0.000,0.011,26.087,-34894.250,-1.362,52.000
0.044,0.001,0.021,21.134,82203.617,2.443,52.000
0.060,0.001,0.010,19.515,81961.242,0.870,52.000
0.053,0.001,0.018,20.006,118627.180,2.552,52.000
0.052,0.001,0.014,22.832,167527.500,3.577,52.000
0.044,0.001,0.006,21.883,71873.773,1.644,52.000
0.057,0.001,0.011,19.172,126214.617,0.922,52.000
0.049,0.001,0.006,21.678,99151.805,2.784,52.000
0.044,0.001,0.006,22.203,70305.461,1.568,52.000
0.044,0.000,0.016,26.702,-19031.766,-2.656,52.000
0.048,0.013,0.013,20.725,146129.750,7.498,52.000
0.050,0.000,0.018,24.117,-26973.109,-1.130,52.000
0.052,0.002,0.010,22.744,155306.125,2.711,52.000
0.051,0.010,0.011,18.401,152789.656,6.844,52.000
0.049,0.007,0.014,19.013,174639.125,5.033,52.000
0.050,0.001,0.014,27.740,71541.852,0.362,52.000
0.054,0.001,0.019,19.462,101999.492,2.665,52.000
0.051,0.020,0.013,18.868,149002.500,7.562,52.000
0.052,0.026,0.013,20.662,109007.633,6.172,52.000
0.051,0.002,0.008,22.543,125157.570,2.916,52.000
0.048,0.019,0.012,20.204,195658.906,7.041,52.000
0.059,0.001,0.006,25.388,20232.234,-0.035,52.000
0.051,0.014,0.014,21.266,129890.133,6.836,52.000
0.052,0.001,0.021,19.740,33800.398,1.693,52.000
0.050,0.006,0.011,19.887,130177.633,3.083,52.000
0.046,0.001,0.004,19.263,120015.758,1.698,52.000
0.051,0.008,0.013,21.587,155319.719,6.238,52.000
0.051,0.024,0.014,19.619,112502.617,5.970,52.000
0.052,0.011,0.012,19.309,183387.594,7.918,52.000
0.048,0.010,0.014,22.358,140794.812,6.745,52.000
0.058,0.001,0.010,19.888,119063.211,0.252,52.000
0.046,0.000,0.008,30.134,1839.164,4.905,52.000
0.098,0.014,0.012,21.735,75624.820,4.231,52.000
0.055,0.001,0.018,20.705,103357.227,2.384,52.000
0.044,0.001,0.005,20.157,130396.836,2.681,52.000
0.049,0.023,0.011,21.053,164431.844,6.286,52.000
0.097,0.011,0.013,20.370,94892.070,4.426,52.000
0.049,0.001,0.002,20.826,24983.484,0.081,52.000
0.052,0.001,0.011,28.818,27121.664,1.440,52.000
0.045,0.000,0.012,26.649,-107056.008,-2.503,52.000
0.052,0.002,0.011,21.877,164295.719,3.120,52.000
0.047,0.002,0.011,21.674,173847.469,2.939,52.000
0.055,0.001,0.014,22.668,142291.750,2.287,52.000
0.051,0.002,0.010,22.647,157758.906,2.955,52.000
0.050,0.023,0.013,19.712,134748.750,6.135,52.000
0.049,0.003,0.013,16.309,169716.938,0.570,52.000
0.054,0.000,0.017,23.242,7968.195,-0.317,52.000
0.050,0.000,0.007,25.321,-27498.461,0.390,52.000
0.049,0.007,0.014,19.789,181726.594,5.799,52.000
0.050,0.021,0.014,20.013,98820.805,5.632,52.000
0.050,0.014,0.011,19.465,170726.969,7.417,52.000
0.052,0.001,0.019,20.049,104819.523,2.419,52.000
0.052,0.019,0.012,18.135,170859.469,7.536,52.000
0.052,0.001,0.019,22.513,29738.492,0.671,52.000
0.047,0.001,0.015,28.023,37706.305,-1.106,52.000
0.055,0.001,0.005,20.638,122985.742,2.619,52.000
0.049,0.021,0.011,20.333,176013.875,6.400,52.000
0.053,0.001,0.009,26.771,30318.336,0.855,52.000
0.040,0.001,0.010,19.747,130857.602,-0.418,52.000
0.056,0.000,0.006,24.014,-2525.219,-0.502,52.000
0.050,0.008,0.012,19.340,122127.680,4.411,52.000
0.048,0.010,0.011,17.411,126055.086,6.716,52.000
0.047,0.001,0.015,29.691,-17744.141,-2.869,52.000
0.041,0.001,0.015,19.819,38769.023,-0.618,52.000
0.051,0.000,0.009,28.196,-80121.062,1.226,52.000
0.048,0.026,0.011,22.686,165349.062,5.949,52.000
0.050,0.000,0.017,26.357,-53757.414,-2.196,52.000
0.048,0.007,0.013,16.569,121298.570,4.700,52.000
0.049,0.013,0.013,21.467,155083.562,7.498,52.000
0.051,0.004,0.014,19.286,175002.688,3.066,52.000
0.050,0.022,0.013,19.710,133072.656,6.307,52.000
0.048,0.001,0.014,23.000,149279.312,0.427,52.000
0.051,0.013,0.013,20.982,164901.656,7.625,52.000
0.048,0.005,0.014,17.217,134164.906,2.836,52.000
0.048,0.010,0.012,19.860,131238.438,6.220,52.000
0.051,0.022,0.010,19.459,149019.688,5.823,52.000
0.046,0.001,0.016,25.004,117147.805,1.987,52.000
0.044,0.000,0.014,28.535,-34848.555,-0.693,52.000
0.055,0.001,0.010,23.619,117985.617,1.281,52.000
0.048,0.024,0.011,21.681,171002.625,6.262,52.000
0.056,0.001,0.012,21.958,107030.680,0.975,52.000
0.052,0.018,0.014,19.558,130166.273,7.053,52.000
0.051,0.001,0.021,19.854,72721.289,2.039,52.000
0.052,0.000,0.014,31.549,-78139.141,-0.867,52.000
0.044,0.001,0.020,23.622,21005.297,0.203,52.000
0.050,0.002,0.010,22.446,161788.406,2.897,52.000
0.059,0.001,0.013,19.516,104071.305,0.854,52.000
0.048,0.018,0.012,20.330,190952.344,7.286,52.000
0.048,0.009,0.011,18.503,120458.023,5.674,52.000
0.042,0.001,0.016,24.359,67571.305,0.020,52.000
0.048,0.004,0.010,21.785,162937.969,2.951,52.000
0.049,0.021,0.013,20.252,139423.562,6.694,52.000
0.049,0.018,0.012,20.349,190214.125,7.448,52.000
0.049,0.018,0.011,20.187,198272.000,7.181,52.000
0.057,0.001,0.016,22.027,134891.219,1.400,52.000
0.050,0.024,0.011,20.651,163704.688,6.391,52.000
0.001,0.013,0.013,24.009,83075.883,5.695,52.000
0.045,0.001,0.014,22.968,60884.805,0.096,52.000
0.001,0.011,0.011,21.698,108736.523,2.388,52.000
0.051,0.000,0.013,29.118,1152.242,-2.077,52.000
0.049,0.025,0.013,20.535,143360.719,6.551,52.000
0.045,0.001,0.007,24.374,8795.781,1.685,52.000
0.053,0.000,0.012,32.269,-67958.250,-1.387,52.000
0.052,0.000,0.022,19.394,-17394.625,3.996,52.000
0.048,0.001,0.003,18.886,110206.367,0.907,52.000
0.048,0.010,0.013,20.495,144694.375,7.120,52.000
0.050,0.002,0.014,19.966,175106.906,1.711,52.000
0.045,0.001,0.003,19.875,74784.039,0.924,52.000
0.051,0.009,0.013,23.419,175942.250,7.962,52.000
0.050,0.001,0.019,21.942,39864.445,0.827,52.000
0.052,0.005,0.011,21.503,155649.094,2.796,52.000
0.049,0.021,0.012,19.895,177765.500,6.979,52.000
0.059,0.000,0.015,16.912,18537.273,-0.310,52.000
0.048,0.002,0.009,21.013,171622.531,3.517,52.000
0.049,0.003,0.014,18.004,165476.469,0.771,52.000
0.050,0.000,0.023,21.199,-87119.250,5.354,52.000
0.047,0.001,0.021,20.950,74245.945,1.982,52.000
0.058,0.000,0.015,25.167,14336.875,-0.108,52.000
0.049,0.002,0.011,21.737,166926.781,3.219,52.000
0.048,0.000,0.009,27.845,-66832.391,0.096,52.000
0.052,0.005,0.011,21.349,159773.625,2.944,52.000
0.047,0.001,0.006,21.756,100681.539,2.286,52.000
0.052,0.015,0.011,19.355,176087.406,7.142,52.000
0.047,0.001,0.017,24.812,118413.680,2.267,52.000
0.053,0.001,0.009,23.452,127185.117,2.249,52.000
0.052,0.010,0.012,20.895,182154.625,7.959,52.000
0.047,0.000,0.008,29.139,1987.469,5.041,52.000
0.050,0.014,0.014,21.212,142217.438,7.110,52.000
0.051,0.006,0.014,19.677,197769.219,5.998,52.000
0.098,0.011,0.012,19.516,85941.352,6.027,52.000
0.052,0.019,0.011,18.877,164531.031,6.819,52.000
0.054,0.000,0.022,19.122,4205.047,4.113,52.000
0.050,0.027,0.012,21.430,137909.781,6.153,52.000
0.043,0.001,0.012,21.764,67046.211,1.105,52.000
0.047,0.001,0.022,18.379,36673.492,2.302,52.000
0.041,0.000,0.008,19.163,14958.773,1.839,52.000
0.050,0.012,0.013,22.188,162550.688,7.742,52.000
0.048,0.006,0.012,17.277,139910.875,3.708,52.000
0.049,0.007,0.011,19.091,121006.008,3.916,52.000
0.043,0.001,0.005,19.908,135081.062,2.217,52.000
0.050,0.008,0.015,22.213,163322.938,6.756,52.000
0.057,0.001,0.011,18.754,122054.648,1.343,52.000
0.053,0.002,0.014,22.494,166014.875,3.681,52.000
0.046,0.000,0.020,19.928,-4684.594,0.911,52.000
0.049,0.011,0.011,16.924,147527.719,7.545,52.000
0.057,0.001,0.013,23.444,59230.023,0.328,52.000
0.045,0.001,0.018,24.228,95388.695,1.368,52.000
0.048,0.011,0.011,18.098,153911.656,7.487,52.000
0.002,0.014,0.013,23.605,120397.180,5.052,52.000
0.050,0.002,0.009,21.853,159168.312,3.430,52.000
0.049,0.026,0.013,21.111,144090.438,6.779,52.000
0.049,0.011,0.013,21.250,159865.500,7.831,52.000
0.045,0.001,0.008,22.333,145126.969,2.544,52.000
0.051,0.017,0.012,19.294,185233.656,7.491,52.000
0.049,0.005,0.011,20.831,147976.375,2.819,52.000
0.047,0.001,0.002,18.864,95526.367,0.609,52.000
0.050,0.025,0.013,19.798,140694.594,6.489,52.000
0.056,0.001,0.007,24.088,92062.586,1.514,52.000
0.052,0.012,0.013,21.382,167168.406,7.813,52.000
0.047,0.001,0.014,22.111,123785.523,0.285,52.000
0.050,0.015,0.010,18.158,183491.656,6.513,52.000
0.049,0.001,0.019,22.253,29780.570,0.361,52.000
0.058,0.000,0.007,23.736,-2581.234,1.393,52.000
0.051,0.022,0.011,19.691,153778.688,5.847,52.000
0.049,0.023,0.014,20.382,113672.617,5.984,52.000
0.051,0.026,0.013,19.870,131475.094,6.598,52.000
0.050,0.014,0.011,19.369,175605.594,7.129,52.000
0.061,0.001,0.013,17.940,139269.281,2.042,52.000
0.049,0.004,0.011,20.481,166226.812,2.996,52.000
0.049,0.007,0.014,19.473,173546.719,5.256,52.000
0.051,0.002,0.018,20.259,109842.180,2.640,52.000
0.047,0.001,0.019,21.230,99308.180,2.224,52.000
0.051,0.020,0.013,18.250,155315.812,7.620,52.000
0.052,0.000,0.007,25.553,-10163.398,-0.074,52.000
0.056,0.000,0.017,20.749,23372.391,-0.343,52.000
0.052,0.009,0.011,18.615,161395.031,7.182,52.000
0.051,0.022,0.010,19.977,149644.125,5.829,52.000
0.041,0.001,0.008,21.285,131913.531,1.483,52.000
0.046,0.000,0.010,26.476,-21620.891,1.576,52.000
0.055,0.001,0.010,24.384,95128.070,0.468,52.000
0.050,0.008,0.011,18.589,118370.414,5.005,52.000
0.050,0.025,0.014,20.106,106117.914,5.908,52.000
0.059,0.001,0.009,19.268,128585.023,1.280,52.000
0.050,0.007,0.012,19.135,123393.680,3.282,52.000
0.059,0.000,0.011,21.346,49582.805,1.543,52.000
0.052,0.001,0.022,18.704,12123.461,1.659,52.000
0.055,0.001,0.009,23.869,111192.883,1.398,52.000
0.002,0.012,0.012,22.827,115608.898,4.177,52.000
0.049,0.013,0.014,21.908,140982.281,7.087,52.000
0.042,0.000,0.016,21.814,-15217.945,-2.703,52.000
0.051,0.011,0.014,22.842,153203.031,7.050,52.000
0.045,0.000,0.020,19.440,-25994.914,0.749,52.000
0.057,0.000,0.006,24.657,7407.891,0.827,52.000
0.051,0.027,0.014,22.153,54328.523,5.293,52.000
0.044,0.002,0.012,18.129,164082.281,2.318,52.000
0.050,0.026,0.014,21.396,112645.586,5.920,52.000
0.051,0.000,0.007,25.334,-32254.945,0.110,52.000
0.059,0.001,0.015,21.206,116067.664,1.715,52.000
0.040,0.001,0.017,20.742,75290.070,0.842,52.000
0.050,0.002,0.016,23.113,134234.562,3.267,52.000
0.057,0.001,0.017,20.689,127628.258,2.491,52.000
0.058,0.001,0.008,24.131,76607.477,0.166,52.000
0.053,0.000,0.019,22.349,-63116.086,0.869,52.000
0.045,0.002,0.008,21.479,147417.719,3.463,52.000
0.051,0.018,0.013,18.875,175201.000,8.187,52.000
0.050,0.001,0.006,23.773,46444.945,1.675,52.000
0.049,0.002,0.010,21.913,166657.906,3.120,52.000
0.050,0.011,0.013,23.075,164461.312,7.885,52.000
0.058,0.001,0.015,22.730,90161.992,1.406,52.000
0.051,0.018,0.010,18.134,178152.625,7.547,52.000
0.052,0.001,0.018,21.251,105733.508,1.973,52.000
0.049,0.022,0.013,19.925,168057.906,6.995,52.000
0.046,0.000,0.002,19.185,70011.180,-0.802,52.000
0.050,0.001,0.022,19.264,60831.961,2.201,52.000
0.049,0.021,0.014,20.286,127684.273,6.479,52.000
0.050,0.014,0.011,19.019,173186.281,6.975,52.000
0.052,0.013,0.011,18.637,165598.125,7.531,52.000
0.045,0.001,0.010,21.044,156474.875,2.717,52.000
0.053,0.001,0.020,19.984,82828.383,2.400,52.000
0.044,0.000,0.007,22.098,3071.594,1.225,52.000
0.045,0.001,0.022,20.331,74179.633,2.626,52.000
0.050,0.001,0.020,19.726,84112.398,2.239,52.000
0.048,0.018,0.012,20.136,187502.344,7.467,52.000
0.054,0.001,0.007,23.683,99503.508,2.167,52.000
0.098,0.013,0.013,21.228,90337.758,3.896,52.000
0.050,0.018,0.013,19.715,174446.562,7.786,52.000
0.049,0.020,0.012,19.599,194732.875,7.030,52.000
0.100,0.011,0.012,20.774,-54871.375,6.368,52.000
0.052,0.003,0.011,22.021,163000.406,3.009,52.000
0.049,0.023,0.010,20.944,158848.812,6.217,52.000
0.048,0.010,0.011,18.353,141183.469,6.879,52.000
0.049,0.022,0.014,20.030,120626.008,6.277,52.000
0.052,0.009,0.013,23.184,171881.000,7.928,52.000
0.053,0.001,0.012,23.703,91239.242,1.315,52.000
0.055,0.001,0.005,23.377,67672.289,1.458,52.000
0.055,0.000,0.003,25.459,-94077.516,-1.468,52.000
0.057,0.000,0.010,25.218,33296.164,-1.295,52.000
0.050,0.022,0.011,20.073,170129.625,6.397,52.000
0.001,0.011,0.012,23.018,80720.914,4.484,52.000
0.051,0.022,0.013,18.438,139506.375,6.608,52.000
0.002,0.012,0.012,23.247,105118.711,4.702,52.000
0.059,0.001,0.015,19.241,154864.531,1.447,52.000
0.051,0.019,0.013,19.116,148275.812,7.515,52.000
0.049,0.022,0.012,19.709,184354.094,6.824,52.000
0.051,0.019,0.010,18.798,165531.906,6.975,52.000
0.053,0.001,0.013,20.026,170971.562,2.557,52.000
0.045,0.000,0.013,26.952,-11261.508,0.021,52.000
0.046,0.001,0.015,27.809,34024.789,-1.383,52.000
0.046,0.001,0.018,25.677,74190.180,0.762,52.000
0.041,0.001,0.009,20.602,126470.883,0.797,52.000
0.058,0.001,0.010,17.657,128402.102,0.951,52.000
0.050,0.001,0.012,20.569,152172.688,2.616,52.000
0.050,0.025,0.011,21.922,158985.656,5.560,52.000
0.051,0.011,0.010,15.484,168516.000,6.994,52.000
0.041,0.001,0.008,20.824,136860.938,2.181,52.000
0.048,0.025,0.012,21.797,170853.094,6.608,52.000
0.058,0.001,0.007,21.492,112383.305,1.156,52.000
0.052,0.001,0.006,23.997,47235.336,1.537,52.000
0.047,0.001,0.005,21.554,88627.383,1.981,52.000
0.052,0.002,0.015,23.162,153256.531,3.116,52.000
0.050,0.002,0.018,21.012,114833.664,2.825,52.000
0.048,0.010,0.012,19.905,147033.719,6.619,52.000
0.053,0.002,0.011,22.310,158326.469,3.078,52.000
0.049,0.002,0.014,20.654,167395.688,2.066,52.000
0.050,0.007,0.010,20.435,140396.344,3.209,52.000
0.050,0.009,0.011,16.682,144021.219,6.029,52.000
0.057,0.000,0.009,26.767,-61621.453,0.517,52.000
0.055,0.001,0.014,23.398,124459.773,1.359,52.000
0.042,0.001,0.014,21.400,42507.555,-0.057,52.000
0.048,0.015,0.012,19.898,177054.156,8.201,52.000
0.048,0.018,0.011,20.268,200384.812,7.284,52.000
0.045,0.000,0.009,22.289,-40192.102,1.157,52.000
0.051,0.014,0.013,20.220,162625.031,7.992,52.000
0.059,0.001,0.006,19.718,126842.945,1.863,52.000
0.044,0.001,0.003,18.441,138526.688,1.839,52.000
0.044,0.000,0.006,21.619,25351.039,-1.007,52.000
0.048,0.001,0.018,23.528,83584.023,1.374,52.000
0.051,0.009,0.011,16.680,163036.625,6.035,52.000
0.100,0.013,0.011,24.145,-18627.539,12.707,52.000
0.053,0.001,0.012,20.071,171874.125,2.700,52.000
0.055,0.000,0.014,24.094,78765.914,0.088,52.000
0.053,0.002,0.013,19.264,185020.469,2.475,52.000
0.057,0.001,0.004,19.281,124684.836,2.558,52.000
0.043,0.000,0.019,20.552,-4255.750,-0.417,52.000
0.052,0.002,0.014,22.295,168422.281,3.593,52.000
0.042,0.001,0.010,19.740,145128.688,1.419,52.000
0.055,0.001,0.015,23.740,111568.789,0.875,52.000
0.049,0.003,0.014,17.868,161639.750,0.813,52.000
0.060,0.001,0.013,17.042,136825.812,2.115,52.000
0.050,0.021,0.012,18.846,170747.594,6.980,52.000
0.051,0.026,0.012,19.577,135463.031,6.847,52.000
0.052,0.022,0.012,17.719,160012.656,7.169,52.000
0.052,0.000,0.013,29.673,4985.812,0.608,52.000
0.041,0.001,0.008,22.514,55440.961,0.680,52.000
0.050,0.003,0.010,22.398,162422.562,2.771,52.000
0.050,0.011,0.011,18.891,178739.688,8.055,52.000
0.051,0.023,0.014,19.258,117645.805,5.935,52.000
0.098,0.012,0.012,20.815,84214.242,5.121,52.000
0.052,0.001,0.018,21.728,87118.727,1.428,52.000
0.046,0.001,0.007,22.901,53122.102,2.003,52.000
0.048,0.000,0.013,30.304,-12067.219,1.389,52.000
0.051,0.002,0.018,21.326,123600.320,2.999,52.000
0.048,0.008,0.014,19.164,158667.781,6.025,52.000
0.049,0.025,0.013,20.382,153487.250,6.868,52.000
0.052,0.027,0.013,24.304,81466.570,5.787,52.000
0.049,0.025,0.014,20.133,117894.398,5.869,52.000
0.044,0.001,0.010,22.914,66502.383,1.814,52.000
0.044,0.002,0.014,18.861,147452.344,1.591,52.000
0.100,0.011,0.012,20.589,-13309.641,5.444,52.000
0.048,0.001,0.006,21.177,99559.961,2.659,52.000
0.047,0.000,0.006,20.965,-3584.789,1.016,52.000
0.044,0.001,0.019,23.352,107223.617,1.789,52.000
0.048,0.007,0.013,16.812,122200.133,4.733,52.000
0.039,0.001,0.011,18.810,139691.625,-0.738,52.000
0.057,0.000,0.015,25.141,21769.227,0.169,52.000
0.100,0.013,0.012,21.624,10255.398,9.857,52.000
0.052,0.001,0.022,19.078,51631.977,2.071,52.000
0.051,0.020,0.011,18.819,165317.594,6.683,52.000
0.051,0.007,0.014,20.421,188907.188,7.227,52.000
0.057,0.001,0.007,23.435,92056.211,0.848,52.000
0.051,0.002,0.012,20.973,172028.281,3.012,52.000
0.048,0.001,0.008,23.192,110884.617,2.594,52.000
0.051,0.018,0.014,20.338,129563.742,6.616,52.000
0.059,0.001,0.010,18.473,111123.695,0.216,52.000
0.050,0.018,0.010,17.726,178151.781,8.021,52.000
0.053,0.001,0.006,22.133,110821.727,2.678,52.000
0.044,0.001,0.018,22.904,125077.461,2.308,52.000
0.051,0.023,0.011,19.950,155259.062,6.143,52.000
0.051,0.012,0.012,19.840,172401.281,7.703,52.000
0.051,0.022,0.011,19.104,151201.094,6.415,52.000
0.051,0.002,0.006,21.029,106287.664,2.383,52.000
0.051,0.023,0.014,19.869,109056.461,5.824,52.000
0.057,0.001,0.009,24.197,75758.586,-0.080,52.000
0.050,0.001,0.001,18.890,103997.117,1.045,52.000
0.051,0.026,0.012,20.911,114009.055,6.334,52.000
0.044,0.002,0.007,21.344,141662.000,3.474,52.000
0.051,0.009,0.011,18.619,153512.500,6.616,52.000
0.051,0.007,0.011,20.086,123965.555,3.204,52.000
0.052,0.007,0.011,18.896,136524.062,4.492,52.000
0.052,0.008,0.010,16.785,149846.281,4.328,52.000
0.047,0.000,0.014,26.883,10900.648,0.575,52.000
0.048,0.009,0.012,18.935,126494.133,6.038,52.000
0.048,0.025,0.011,22.260,168699.188,6.223,52.000
0.049,0.022,0.013,19.993,140113.375,6.472,52.000
0.051,0.001,0.013,29.336,32066.680,0.227,52.000
0.051,0.010,0.012,19.115,162020.531,7.160,52.000
0.099,0.013,0.011,21.671,-6886.492,4.264,52.000
0.052,0.013,0.011,18.617,167142.031,6.811,52.000
0.044,0.000,0.021,18.803,-59653.688,0.708,52.000
0.051,0.024,0.014,19.951,110913.758,5.989,52.000
0.041,0.000,0.015,21.511,21890.852,-0.386,52.000
0.049,0.001,0.020,20.393,80461.102,1.991,52.000
0.049,0.014,0.010,18.029,164367.906,6.518,52.000
0.041,0.001,0.014,19.325,57633.180,-0.069,52.000
0.051,0.013,0.010,17.371,165210.031,5.986,52.000
0.002,0.012,0.011,21.367,132210.250,2.371,52.000
0.060,0.001,0.011,15.218,140381.031,1.366,52.000
0.051,0.005,0.010,21.238,148690.875,2.530,52.000
0.050,0.000,0.010,32.809,-58933.066,1.443,52.000
0.050,0.015,0.013,19.829,165052.375,7.990,52.000
0.049,0.023,0.012,20.116,174227.406,7.090,52.000
0.047,0.000,0.015,29.047,-61.461,-2.200,52.000
0.048,0.000,0.009,29.758,-52251.527,2.080,52.000
0.043,0.001,0.006,20.760,135529.406,2.153,52.000
0.051,0.020,0.012,19.225,186106.500,7.154,52.000
0.048,0.020,0.011,20.384,179923.312,6.837,52.000
0.048,0.020,0.013,20.107,170998.188,7.157,52.000
0.054,0.000,0.005,22.624,-2390.570,0.098,52.000
0.048,0.002,0.018,21.623,128806.961,3.193,52.000
0.060,0.001,0.011,16.653,127665.227,1.071,52.000
0.054,0.001,0.016,23.511,107461.945,1.090,52.000
0.046,0.001,0.008,22.213,139506.344,2.629,52.000
0.050,0.008,0.011,19.148,111122.414,3.907,52.000
0.045,0.001,0.012,26.824,-16406.250,0.153,52.000
0.043,0.001,0.014,18.543,109312.555,1.065,52.000
0.049,0.025,0.013,20.560,136123.656,6.370,52.000
0.042,0.000,0.011,21.750,-889.562,-0.059,52.000
0.049,0.004,0.013,16.528,156083.125,1.543,52.000
0.003,0.012,0.012,21.782,126482.992,3.523,52.000
0.058,0.001,0.014,21.954,105247.945,0.267,52.000
0.053,0.001,0.021,18.710,77588.695,2.614,52.000
0.059,0.000,0.006,22.242,38796.008,2.925,52.000
0.048,0.010,0.012,18.821,143084.688,6.502,52.000
0.048,0.023,0.012,20.293,173325.062,7.071,52.000
0.054,0.000,0.012,31.440,-54019.945,-0.705,52.000
0.043,0.001,0.019,23.301,34291.789,0.275,52.000
0.059,0.000,0.010,21.538,33961.133,-2.068,52.000
0.050,0.024,0.011,20.991,153681.844,5.751,52.000
0.050,0.003,0.010,22.709,162029.375,2.862,52.000
0.058,0.000,0.013,21.906,94944.086,0.827,52.000
0.051,0.013,0.011,18.900,167658.188,7.598,52.000
0.051,0.007,0.011,19.650,124082.664,3.303,52.000
0.052,0.026,0.011,19.916,141161.844,6.420,52.000
0.050,0.019,0.012,19.612,192267.062,7.580,52.000
0.049,0.023,0.013,19.653,147569.281,6.709,52.000
0.043,0.000,0.011,21.444,-25001.398,0.846,52.000
0.052,0.008,0.010,16.930,144725.594,4.057,52.000
0.048,0.021,0.011,20.598,171263.125,6.704,52.000
0.049,0.001,0.021,20.721,69510.992,1.641,52.000
0.047,0.000,0.019,22.707,14840.172,-0.515,52.000
0.098,0.013,0.013,21.988,91965.320,2.528,52.000
0.048,0.001,0.014,26.759,87654.664,0.249,52.000
0.048,0.001,0.009,22.905,134025.719,2.600,52.000
0.049,0.002,0.010,22.354,168808.531,2.947,52.000
0.049,0.011,0.010,16.122,142075.969,7.161,52.000
0.052,0.000,0.003,19.860,2348.977,-0.063,52.000
0.049,0.012,0.013,21.800,150580.062,7.857,52.000
0.051,0.009,0.013,21.943,167548.656,7.163,52.000
0.044,0.002,0.015,21.464,134776.031,1.999,52.000
0.049,0.000,0.017,24.215,18977.781,-0.515,52.000
0.003,0.012,0.011,21.523,129462.992,2.900,52.000
0.048,0.011,0.013,20.146,152401.188,7.129,52.000
0.044,0.001,0.007,22.435,136305.281,2.846,52.000
0.050,0.001,0.006,22.544,94895.664,2.459,52.000
0.047,0.001,0.007,22.166,116859.289,2.779,52.000
0.050,0.014,0.014,21.267,124508.992,6.464,52.000
0.049,0.006,0.010,21.919,150307.875,2.864,52.000
0.052,0.002,0.012,21.462,168162.031,3.072,52.000
0.051,0.020,0.013,18.684,144525.438,7.602,52.000
0.048,0.010,0.013,20.524,150728.469,7.345,52.000
0.051,0.002,0.015,22.754,155744.031,3.223,52.000
0.043,0.000,0.008,21.912,28890.289,-0.660,52.000
0.052,0.009,0.010,16.016,173207.969,5.987,52.000
0.052,0.000,0.020,20.622,-35898.000,1.990,52.000
0.049,0.000,0.006,22.952,53247.977,0.926,52.000
0.050,0.013,0.013,20.887,164454.031,7.493,52.000
0.048,0.000,0.002,19.436,66920.539,-0.150,52.000
0.055,0.000,0.013,26.974,29644.414,-0.467,52.000
0.051,0.000,0.012,30.741,11918.461,-0.215,52.000
0.051,0.014,0.012,19.526,166785.969,7.761,52.000
0.057,0.001,0.016,22.679,126585.648,1.102,52.000
0.054,0.001,0.004,21.907,72801.445,1.567,52.000
0.049,0.026,0.011,22.102,114552.883,5.503,52.000
0.043,0.001,0.014,16.933,142019.812,2.021,52.000
0.049,0.000,0.017,26.360,31335.227,-0.045,52.000
0.055,0.000,0.003,24.160,-37243.328,0.363,52.000
0.051,0.000,0.011,32.029,2365.188,1.999,52.000
0.056,0.001,0.006,21.694,115892.555,2.145,52.000
0.051,0.000,0.006,25.488,7204.883,1.693,52.000
0.053,0.002,0.013,19.620,184540.344,2.473,52.000
0.050,0.010,0.015,23.634,147345.688,6.221,52.000
0.059,0.001,0.012,17.942,115850.727,1.332,52.000
0.052,0.001,0.011,30.163,4794.242,1.068,52.000
0.057,0.000,0.012,22.512,25152.328,-1.624,52.000
0.049,0.027,0.010,22.910,87768.414,5.859,52.000
0.049,0.006,0.014,19.005,175481.844,3.632,52.000
0.002,0.012,0.013,23.143,93301.117,4.982,52.000
0.054,0.001,0.012,20.423,168932.438,2.926,52.000
0.042,0.001,0.006,21.043,149187.594,2.381,52.000
0.051,0.012,0.013,21.495,167155.875,8.035,52.000
0.045,0.000,0.011,27.204,-18304.781,-0.881,52.000
0.051,0.009,0.014,22.688,176290.875,7.771,52.000
0.051,0.000,0.021,17.833,-18209.141,1.510,52.000
0.049,0.018,0.010,18.900,196536.781,7.843,52.000
0.040,0.001,0.012,18.938,99198.570,-0.893,52.000
0.056,0.001,0.016,22.412,127541.617,1.378,52.000
0.048,0.013,0.011,18.387,169240.719,7.541,52.000
0.056,0.001,0.006,21.568,118795.227,2.345,52.000
0.058,0.000,0.014,25.763,40667.102,0.362,52.000
0.051,0.023,0.010,19.968,147258.906,5.536,52.000
0.041,0.001,0.014,17.054,90592.289,0.752,52.000
0.049,0.009,0.012,19.309,127633.633,5.868,52.000
0.051,0.003,0.012,20.514,170115.531,2.868,52.000
0.044,0.000,0.004,20.654,104047.805,-0.830,52.000
0.044,0.001,0.014,19.013,145178.250,1.249,52.000
0.002,0.011,0.012,22.119,114284.430,3.391,52.000
0.043,0.001,0.012,21.869,48082.805,0.223,52.000
0.048,0.027,0.012,18.964,182132.969,5.548,52.000
0.049,0.014,0.012,19.265,170111.406,7.912,52.000
0.048,0.014,0.013,19.879,147350.438,7.303,52.000
0.047,0.000,0.011,26.941,-35873.711,0.018,52.000
0.051,0.008,0.012,19.350,131560.094,5.325,52.000
0.049,0.021,0.012,20.058,181912.562,6.604,52.000
0.050,0.023,0.011,20.466,157139.094,5.826,52.000
0.057,0.000,0.005,26.065,-11782.812,2.854,52.000
0.047,0.000,0.019,23.043,11509.367,-0.672,52.000
0.048,0.013,0.014,21.810,142303.844,7.359,52.000
0.050,0.021,0.013,18.992,166828.000,7.114,52.000
0.051,0.012,0.012,19.389,175588.531,7.860,52.000
0.048,0.026,0.010,23.151,158070.438,5.804,52.000
0.051,0.024,0.014,19.967,115187.242,5.954,52.000
0.052,0.011,0.010,16.557,174394.781,7.080,52.000
0.048,0.000,0.013,29.002,-2163.516,-0.088,52.000
0.049,0.020,0.011,20.050,191686.062,6.904,52.000
0.052,0.016,0.012,19.277,175450.125,8.052,52.000
0.050,0.021,0.013,19.202,145835.594,6.777,52.000
0.039,0.001,0.014,17.858,52319.805,-0.103,52.000
0.051,0.020,0.010,18.672,164212.594,6.876,52.000
0.050,0.001,0.020,20.402,86485.492,1.979,52.000
0.046,0.001,0.007,21.248,122205.867,3.080,52.000
0.051,0.001,0.008,22.901,120283.008,2.733,52.000
0.055,0.001,0.012,20.298,148868.625,2.613,52.000
0.048,0.007,0.013,17.315,127004.758,5.021,52.000
0.055,0.000,0.007,27.213,-47327.207,-0.254,52.000
0.048,0.001,0.020,20.033,90993.805,2.375,52.000
0.048,0.003,0.012,17.116,165249.250,2.772,52.000
0.048,0.025,0.012,20.963,168553.781,7.145,52.000
0.057,0.001,0.012,24.858,30868.820,0.606,52.000
0.050,0.003,0.010,22.772,161316.719,2.866,52.000
0.044,0.000,0.011,24.458,5826.898,0.549,52.000
0.059,0.001,0.013,23.696,47350.508,1.691,52.000
0.048,0.005,0.011,21.189,151138.250,2.861,52.000
0.048,0.002,0.010,21.584,168447.156,3.107,52.000
0.051,0.000,0.020,21.381,4877.062,2.182,52.000
0.048,0.000,0.018,23.748,-7135.211,-1.242,52.000
0.050,0.014,0.012,19.732,167236.719,7.652,52.000
0.050,0.011,0.012,19.621,177341.250,7.721,52.000
0.047,0.000,0.005,21.455,80932.133,1.322,52.000
0.047,0.000,0.006,23.037,6371.203,-0.308,52.000
0.051,0.022,0.011,18.517,156545.438,6.887,52.000
0.050,0.019,0.014,20.240,117531.773,6.139,52.000
0.050,0.014,0.011,19.545,175101.750,7.514,52.000
0.052,0.002,0.014,22.215,166653.125,3.776,52.000
0.056,0.001,0.011,20.826,126768.148,0.902,52.000
0.049,0.016,0.010,18.256,195901.531,7.369,52.000
0.048,0.000,0.020,22.235,14331.719,0.464,52.000
0.054,0.002,0.006,21.840,115003.461,2.938,52.000
0.050,0.008,0.009,18.166,159574.812,4.079,52.000
0.043,0.001,0.016,26.356,24193.266,-1.068,52.000
0.000,0.012,0.013,19.118,-10734.359,10.619,52.000
0.048,0.002,0.010,22.042,169429.562,2.945,52.000
0.042,0.001,0.019,21.155,116054.680,2.398,52.000
0.048,0.021,0.011,20.658,177108.469,6.769,52.000
0.049,0.006,0.009,20.803,161642.781,3.382,52.000
0.052,0.005,0.011,20.598,158748.500,2.789,52.000
0.060,0.001,0.015,19.887,162025.875,1.588,52.000
0.049,0.004,0.012,19.043,163406.500,2.995,52.000
0.045,0.000,0.010,27.984,-30088.648,1.537,52.000
0.046,0.000,0.004,20.588,63668.133,-0.019,52.000
0.043,0.001,0.005,20.384,135924.625,2.309,52.000
0.049,0.011,0.013,21.598,167187.719,7.982,52.000
0.057,0.001,0.005,21.450,112374.148,1.808,52.000
0.052,0.015,0.012,19.833,175714.156,7.645,52.000
0.049,0.010,0.010,15.921,143892.062,6.667,52.000
0.000,0.011,0.012,24.523,-13065.484,5.639,52.000
0.051,0.008,0.013,22.106,172928.000,7.197,52.000
0.098,0.012,0.010,20.386,63635.164,7.292,52.000
0.055,0.001,0.007,23.623,96468.523,1.815,52.000
0.048,0.005,0.012,17.705,157189.812,3.283,52.000
0.048,0.001,0.010,21.735,155778.719,3.210,52.000
0.046,0.001,0.005,21.472,47560.383,1.446,52.000
0.050,0.014,0.012,20.189,163359.719,8.054,52.000
0.041,0.001,0.009,21.865,7804.320,-0.344,52.000
0.052,0.001,0.014,21.435,178334.156,3.570,52.000
0.051,0.003,0.014,20.661,172555.906,3.225,52.000
0.049,0.012,0.012,19.675,178303.062,8.217,52.000
0.051,0.004,0.010,22.323,156119.125,2.563,52.000
0.052,0.001,0.015,23.566,141977.219,2.672,52.000
0.050,0.006,0.015,20.042,184037.688,5.504,52.000
0.048,0.009,0.012,19.059,117730.289,5.496,52.000
0.052,0.001,0.014,24.226,149630.188,3.168,52.000
0.050,0.009,0.010,16.539,155129.719,5.133,52.000
0.051,0.008,0.013,21.759,186361.875,7.481,52.000
0.046,0.002,0.016,23.551,133221.156,3.014,52.000
0.060,0.001,0.014,19.821,123182.992,1.156,52.000
0.044,0.000,0.006,21.235,32359.539,-0.867,52.000
0.000,0.012,0.011,21.579,51841.773,11.398,52.000
0.050,0.003,0.014,20.024,171158.406,2.268,52.000
0.051,0.009,0.014,22.739,168302.000,7.552,52.000
0.058,0.001,0.006,21.150,117532.180,1.262,52.000
0.051,0.017,0.011,19.174,194010.250,7.292,52.000
0.049,0.013,0.012,19.631,166728.062,8.083,52.000
0.055,0.001,0.018,20.305,28602.102,1.684,52.000
0.050,0.003,0.011,22.493,164478.219,2.895,52.000
0.050,0.009,0.014,22.582,162588.906,6.889,52.000
0.051,0.020,0.011,18.498,165817.469,6.894,52.000
0.046,0.000,0.020,21.962,43637.227,1.904,52.000
0.049,0.005,0.010,21.579,156131.281,2.789,52.000
0.046,0.000,0.011,29.495,-11214.203,2.261,52.000
0.051,0.014,0.014,21.188,135518.094,7.236,52.000
0.050,0.009,0.013,22.603,180859.562,7.863,52.000
0.058,0.000,0.009,25.272,23599.672,-0.612,52.000
0.048,0.010,0.012,19.620,145216.594,6.522,52.000
0.048,0.003,0.014,17.170,156586.750,0.500,52.000
0.049,0.013,0.012,19.068,174358.844,7.927,52.000
0.048,0.015,0.011,18.973,179645.344,7.887,52.000
0.050,0.001,0.003,21.206,30095.461,0.293,52.000
0.043,0.001,0.013,20.950,58174.648,0.748,52.000
0.050,0.000,0.022,20.140,-59648.508,2.751,52.000
0.050,0.002,0.008,22.061,134110.625,3.055,52.000
0.049,0.003,0.014,19.270,166376.531,1.038,52.000
0.049,0.009,0.011,18.232,118010.195,5.933,52.000
0.050,0.025,0.010,21.949,155813.375,5.594,52.000
0.055,0.001,0.022,18.070,80560.570,2.935,52.000
0.050,0.010,0.010,15.390,161206.125,6.073,52.000
0.043,0.001,0.009,21.424,140630.781,1.676,52.000
0.050,0.027,0.014,18.548,95151.242,4.832,52.000
0.053,0.001,0.014,22.073,170928.875,3.813,52.000
0.049,0.019,0.014,20.577,126689.383,6.339,52.000
0.046,0.001,0.021,20.658,14693.484,1.189,52.000
0.049,0.001,0.017,24.116,121757.273,2.368,52.000
0.053,0.001,0.012,21.240,160375.750,2.969,52.000
0.046,0.001,0.009,22.641,120786.852,2.691,52.000
0.051,0.001,0.006,24.391,22678.328,1.262,52.000
0.040,0.001,0.008,19.963,142881.094,1.835,52.000
0.055,0.001,0.021,17.771,54977.430,2.780,52.000
0.049,0.001,0.007,25.541,23912.344,1.803,52.000
0.046,0.001,0.018,21.837,126245.648,2.693,52.000
0.051,0.006,0.014,19.963,191576.062,6.505,52.000
0.050,0.013,0.012,20.026,172429.500,7.843,52.000
0.050,0.001,0.007,23.217,94675.383,2.580,52.000
0.046,0.001,0.013,22.764,71641.867,1.093,52.000
0.049,0.020,0.011,19.845,182648.312,6.609,52.000
0.045,0.001,0.014,23.745,85483.680,0.025,52.000
0.100,0.011,0.011,19.789,18058.688,8.380,52.000
0.051,0.005,0.012,18.452,161685.688,2.957,52.000
0.043,0.000,0.016,23.362,18632.734,-0.701,52.000
0.054,0.001,0.018,21.084,102155.977,2.004,52.000
0.056,0.002,0.012,19.551,139056.125,1.859,52.000
0.052,0.008,0.014,22.187,181726.656,7.759,52.000
0.050,0.001,0.003,19.505,106307.742,1.530,52.000
0.049,0.000,0.017,25.051,-36126.758,-1.996,52.000
0.051,0.013,0.010,16.611,158439.094,6.450,52.000
0.048,0.004,0.012,16.847,154119.625,3.074,52.000
0.048,0.009,0.014,20.775,157178.344,6.439,52.000
0.049,0.008,0.011,19.439,108474.508,4.925,52.000
0.099,0.013,0.012,21.410,76135.102,4.975,52.000
0.047,0.002,0.012,17.748,181884.250,2.458,52.000
0.043,0.000,0.014,22.915,-24063.578,-2.255,52.000
0.055,0.000,0.006,24.456,34356.961,0.984,52.000
0.049,0.026,0.013,21.226,139997.531,6.188,52.000
0.057,0.000,0.019,22.643,485.242,1.948,52.000
0.050,0.021,0.013,18.751,160490.312,7.035,52.000
0.061,0.000,0.014,19.684,133718.000,1.494,52.000
0.059,0.000,0.008,22.962,50866.992,0.033,52.000
0.056,0.000,0.005,22.599,72479.789,2.265,52.000
0.049,0.025,0.012,21.055,166298.250,6.792,52.000
0.051,0.016,0.013,20.101,151603.844,7.391,52.000
0.042,0.000,0.010,20.185,1460.336,1.052,52.000
0.051,0.012,0.014,23.261,145460.719,6.579,52.000
0.042,0.001,0.007,21.803,137805.438,1.980,52.000
0.045,0.000,0.008,24.452,-949.492,2.834,52.000
0.052,0.001,0.015,28.924,58839.352,0.496,52.000
0.050,0.027,0.011,18.478,232735.562,5.891,52.000
0.053,0.001,0.018,19.813,109710.023,2.597,52.000
0.049,0.010,0.010,15.434,146970.312,6.910,52.000
0.050,0.006,0.014,19.383,184498.500,5.115,52.000
0.047,0.002,0.007,21.211,119879.320,3.166,52.000
0.052,0.012,0.010,16.492,171502.562,6.989,52.000
0.057,0.001,0.007,25.848,40753.383,-0.129,52.000
0.048,0.026,0.011,22.241,168589.750,6.221,52.000
0.049,0.016,0.013,19.951,172674.562,7.892,52.000
0.049,0.026,0.010,22.728,150226.281,5.477,52.000
0.052,0.025,0.012,18.801,132773.875,6.922,52.000
0.051,0.010,0.014,22.519,165803.188,7.361,52.000
0.050,0.023,0.011,20.810,161542.438,6.157,52.000
0.047,0.001,0.009,22.638,135716.219,2.660,52.000
0.051,0.001,0.018,20.300,111506.633,2.487,52.000
0.051,0.010,0.012,19.088,173977.188,7.634,52.000
0.058,0.001,0.007,23.399,74225.383,0.113,52.000
0.043,0.000,0.007,19.821,97747.711,-0.717,52.000
0.052,0.002,0.010,22.944,142388.906,2.252,52.000
0.051,0.015,0.011,19.524,177815.125,7.349,52.000
0.050,0.022,0.011,20.285,156722.750,5.931,52.000
0.047,0.002,0.008,21.291,134048.219,3.128,52.000
0.052,0.011,0.011,18.567,181429.156,7.589,52.000
0.046,0.002,0.013,17.363,162160.969,1.119,52.000
0.049,0.009,0.014,22.787,150430.406,6.710,52.000
0.048,0.015,0.012,19.613,181359.812,7.905,52.000
0.040,0.001,0.015,19.510,61755.383,-0.363,52.000
0.053,0.002,0.006,21.696,111198.820,2.789,52.000
0.048,0.022,0.011,20.941,167899.531,6.582,52.000
0.099,0.012,0.011,20.284,43533.914,6.503,52.000
0.051,0.001,0.019,21.624,82705.008,1.444,52.000
0.049,0.001,0.011,27.380,35259.992,2.105,52.000
0.058,0.001,0.008,26.086,24219.961,-0.439,52.000
0.049,0.022,0.011,20.835,171803.312,6.473,52.000
0.051,0.021,0.011,19.243,160268.156,6.099,52.000
0.050,0.019,0.011,19.134,179578.781,6.742,52.000
0.052,0.016,0.012,18.915,176195.562,8.000,52.000
0.046,0.000,0.006,22.477,46100.352,-0.673,52.000
0.042,0.000,0.012,23.376,-48898.258,-1.727,52.000
0.058,0.001,0.017,22.177,127490.008,1.280,52.000
0.057,0.001,0.018,19.831,120505.492,2.692,52.000
0.002,0.012,0.013,23.459,81358.398,5.558,52.000
0.058,0.001,0.016,22.165,139334.000,1.245,52.000
0.048,0.002,0.015,22.931,142903.781,3.088,52.000
0.051,0.025,0.013,19.621,122467.180,6.433,52.000
0.046,0.001,0.010,25.226,46324.398,2.070,52.000
0.056,0.001,0.010,23.450,94176.758,0.395,52.000
0.050,0.005,0.014,19.650,183244.156,4.008,52.000
0.003,0.013,0.011,21.444,136832.875,2.959,52.000
0.048,0.020,0.013,20.170,161942.156,7.154,52.000
0.050,0.018,0.014,19.894,118713.680,6.036,52.000
0.053,0.001,0.012,28.400,44969.914,1.209,52.000
0.051,0.012,0.010,14.825,161752.250,6.604,52.000
0.049,0.001,0.019,21.475,91671.680,1.833,52.000
0.050,0.019,0.011,19.589,187631.625,6.905,52.000
0.052,0.004,0.013,18.488,187989.125,3.763,52.000
0.056,0.001,0.006,23.579,90426.664,1.606,52.000
0.042,0.001,0.015,22.969,80023.711,0.111,52.000
0.049,0.001,0.012,27.847,25880.781,1.615,52.000
0.051,0.017,0.011,19.197,194570.125,7.253,52.000
0.042,0.000,0.012,21.376,37257.273,-1.776,52.000
0.057,0.000,0.017,21.395,66143.133,1.895,52.000
0.052,0.001,0.005,21.251,108881.289,2.188,52.000
0.051,0.011,0.014,22.756,158349.344,7.371,52.000
0.048,0.009,0.012,19.065,120497.555,5.780,52.000
0.048,0.016,0.013,19.912,171148.125,7.864,52.000
0.049,0.006,0.014,18.355,158566.656,3.061,52.000
0.048,0.013,0.010,15.554,134624.562,7.267,52.000
0.053,0.001,0.010,23.283,137395.000,1.919,52.000
0.049,0.007,0.013,18.490,147928.938,6.013,52.000
0.052,0.008,0.010,17.386,150175.531,3.197,52.000
0.048,0.016,0.011,19.758,198317.312,7.576,52.000
0.047,0.000,0.015,29.699,-63903.406,-2.744,52.000
0.058,0.001,0.014,23.425,89261.305,0.057,52.000
0.049,0.007,0.013,18.339,142082.812,5.678,52.000
0.060,0.001,0.014,20.187,147233.250,1.164,52.000
0.053,0.001,0.014,29.015,50425.039,0.072,52.000
0.047,0.001,0.008,21.694,141785.969,3.036,52.000
0.050,0.011,0.015,23.435,142607.750,6.349,52.000
0.052,0.010,0.012,20.094,190996.281,7.883,52.000
0.051,0.006,0.013,19.335,166916.031,4.217,52.000
0.050,0.007,0.011,20.475,122946.773,3.169,52.000
0.051,0.027,0.010,27.614,108880.211,5.698,52.000
0.048,0.016,0.012,20.280,189947.125,7.507,52.000
0.098,0.011,0.012,19.759,88333.539,5.943,52.000
0.050,0.004,0.014,20.075,177617.125,2.875,52.000
0.049,0.015,0.012,20.297,182746.750,8.161,52.000
0.050,0.023,0.011,20.038,165559.344,6.348,52.000
0.051,0.023,0.012,18.585,147127.188,6.766,52.000
0.051,0.012,0.014,23.388,141450.312,6.443,52.000
0.052,0.005,0.011,20.608,161237.219,2.858,52.000
0.057,0.001,0.008,23.254,86290.711,1.099,52.000
0.042,0.001,0.005,21.056,101198.930,1.530,52.000
0.058,0.001,0.009,22.051,102838.414,0.684,52.000
0.060,0.001,0.013,17.057,138966.156,2.034,52.000
0.057,0.000,0.013,23.644,68399.492,0.766,52.000
0.051,0.025,0.010,21.538,148141.000,5.335,52.000
0.049,0.006,0.011,21.213,143649.625,3.020,52.000
0.049,0.001,0.012,20.937,168126.125,2.924,52.000
0.051,0.011,0.011,18.086,170610.938,7.846,52.000
0.048,0.014,0.011,17.751,163571.281,6.984,52.000
0.041,0.001,0.008,20.301,137282.531,1.958,52.000
0.052,0.001,0.005,20.855,115229.023,2.276,52.000
0.049,0.017,0.010,18.484,203029.719,7.960,52.000
0.056,0.000,0.014,27.459,14292.898,-0.203,52.000
0.043,0.001,0.005,19.894,134961.594,2.099,52.000
0.050,0.024,0.012,19.255,161405.406,6.996,52.000
0.099,0.013,0.012,21.103,87783.836,4.446,52.000
0.046,0.000,0.021,21.197,17886.109,2.020,52.000
0.050,0.013,0.014,23.168,133492.500,6.323,52.000
0.050,0.001,0.022,20.618,24997.117,1.204,52.000
0.047,0.002,0.011,21.323,173221.938,3.283,52.000
0.052,0.009,0.012,19.919,155579.562,7.315,52.000
0.052,0.020,0.012,18.283,170699.000,7.351,52.000
0.050,0.003,0.010,22.327,161705.719,2.942,52.000
0.050,0.021,0.012,19.105,185673.812,6.958,52.000
0.059,0.001,0.016,21.673,130748.195,0.854,52.000
0.051,0.007,0.013,20.281,159868.938,5.387,52.000
0.050,0.003,0.009,21.758,160828.562,2.880,52.000
0.049,0.001,0.003,19.647,99101.492,1.238,52.000
0.049,0.001,0.018,22.901,89189.633,1.461,52.000
0.051,0.001,0.002,21.072,14357.102,-0.445,52.000
0.047,0.001,0.006,22.576,37884.883,1.516,52.000
0.051,0.017,0.012,19.475,186144.688,8.040,52.000
0.052,0.008,0.012,20.124,144751.312,6.570,52.000
0.051,0.019,0.011,19.033,168483.938,6.785,52.000
0.052,0.000,0.022,21.073,-38064.523,3.386,52.000
0.052,0.001,0.001,20.448,57484.523,0.873,52.000
0.048,0.011,0.011,17.706,144973.219,7.378,52.000
0.052,0.027,0.012,22.380,21043.188,4.890,52.000
0.044,0.001,0.014,27.581,-1103.555,-1.599,52.000
0.051,0.006,0.014,19.574,184776.688,4.860,52.000
0.053,0.001,0.019,21.771,74258.055,1.480,52.000
0.051,0.000,0.008,27.357,-27495.141,1.186,52.000
0.051,0.002,0.015,23.472,142194.000,3.095,52.000
0.052,0.000,0.005,24.666,-1684.898,0.897,52.000
0.050,0.000,0.020,20.287,-31744.617,0.181,52.000
0.048,0.001,0.005,22.029,52604.570,1.643,52.000
0.054,0.001,0.003,19.899,116589.961,2.734,52.000
0.054,0.001,0.008,23.795,98331.055,1.964,52.000
0.047,0.001,0.015,28.438,49190.977,-0.548,52.000
0.047,0.000,0.005,21.929,73605.367,1.518,52.000
0.050,0.001,0.019,21.366,81810.617,1.551,52.000
0.048,0.019,0.013,20.819,146767.719,6.908,52.000
0.050,0.021,0.012,19.537,182095.094,6.792,52.000
0.052,0.004,0.013,18.044,194306.281,3.362,52.000
0.052,0.006,0.011,20.531,141929.500,3.053,52.000
0.055,0.000,0.009,30.799,-6856.367,2.635,52.000
0.052,0.012,0.014,22.887,152724.562,6.973,52.000
0.049,0.025,0.012,20.464,163786.344,7.075,52.000
0.051,0.001,0.007,26.223,1908.602,1.090,52.000
0.043,0.001,0.015,22.960,54402.789,-0.131,52.000
0.051,0.025,0.011,20.636,147853.375,5.424,52.000
0.054,0.001,0.020,20.559,32630.820,1.752,52.000
0.044,0.000,0.014,25.274,-54043.637,-2.468,52.000
0.052,0.020,0.012,18.183,174322.938,7.577,52.000
0.049,0.010,0.014,22.812,158411.719,7.356,52.000
0.050,0.003,0.015,21.323,162037.188,3.038,52.000
0.047,0.001,0.020,21.018,20982.656,0.977,52.000
0.055,0.002,0.016,21.851,129359.898,2.120,52.000
0.051,0.005,0.013,17.736,157391.875,3.236,52.000
0.045,0.001,0.010,20.214,170061.500,2.859,52.000
0.098,0.014,0.013,21.775,83083.992,3.359,52.000
0.051,0.001,0.013,20.302,144093.562,2.109,52.000
0.054,0.000,0.014,28.665,-6436.992,2.069,52.000
0.039,0.001,0.011,18.361,126332.914,-0.691,52.000
0.049,0.005,0.011,21.640,153621.625,2.873,52.000
0.050,0.006,0.013,19.202,154388.438,5.249,52.000
0.052,0.000,0.011,32.729,19220.117,2.813,52.000
0.058,0.001,0.009,23.726,38349.336,-0.394,52.000
0.050,0.000,0.003,22.695,-25428.109,-1.514,52.000
0.049,0.017,0.012,20.326,192554.031,7.469,52.000
0.052,0.003,0.013,18.334,195575.562,3.007,52.000
0.098,0.014,0.012,21.595,71255.789,4.874,52.000
0.051,0.003,0.010,22.458,161552.188,2.823,52.000
0.052,0.006,0.013,19.257,172392.219,3.993,52.000
0.052,0.006,0.013,19.603,166618.000,4.142,52.000
0.049,0.001,0.015,23.228,145644.844,3.144,52.000
0.051,0.001,0.019,22.568,41686.180,0.619,52.000
0.051,0.022,0.011,19.460,155867.812,6.226,52.000
0.048,0.008,0.013,17.840,125772.805,6.013,52.000
0.053,0.002,0.007,21.953,104687.617,2.686,52.000
0.050,0.003,0.014,18.429,170552.125,1.302,52.000
0.050,0.002,0.010,22.705,161843.188,2.819,52.000
0.048,0.004,0.010,21.889,157282.125,2.872,52.000
0.049,0.006,0.013,17.352,130926.102,4.173,52.000
0.044,0.002,0.016,23.978,125036.477,2.196,52.000
0.044,0.001,0.019,24.492,35346.398,-0.016,52.000
0.052,0.019,0.011,18.642,170741.969,6.917,52.000
0.048,0.018,0.012,20.240,195921.250,7.175,52.000
0.050,0.002,0.017,23.145,132076.188,3.172,52.000
0.044,0.000,0.019,23.356,-61948.621,-0.632,52.000
0.043,0.002,0.013,16.062,140940.250,2.290,52.000
0.050,0.000,0.009,30.159,-55949.520,1.749,52.000
0.051,0.003,0.010,22.745,161103.531,2.877,52.000
0.049,0.012,0.013,20.815,170154.688,8.230,52.000
0.042,0.001,0.018,24.717,-3365.273,-0.984,52.000
0.051,0.008,0.009,16.900,163174.781,4.076,52.000
0.049,0.000,0.019,21.940,-7457.219,-0.161,52.000
0.050,0.012,0.012,19.272,188511.781,8.270,52.000
0.050,0.013,0.014,23.096,140667.562,6.698,52.000
0.050,0.014,0.013,20.074,167739.188,8.128,52.000
0.052,0.006,0.011,21.041,136981.219,2.726,52.000
0.049,0.007,0.010,19.651,146273.625,4.229,52.000
0.051,0.001,0.019,20.481,99080.836,2.159,52.000
0.051,0.008,0.014,22.752,163093.562,6.719,52.000
0.058,0.001,0.007,26.301,-20123.844,-0.008,52.000
0.045,0.000,0.014,27.762,-113693.984,-3.619,52.000
0.051,0.019,0.013,19.222,132062.188,7.032,52.000
0.051,0.027,0.013,21.796,80848.133,5.789,52.000
0.049,0.001,0.014,21.898,131841.531,0.761,52.000
0.051,0.005,0.014,19.558,175726.500,3.516,52.000
0.048,0.017,0.012,20.383,193169.625,7.359,52.000
0.050,0.000,0.020,19.440,-26265.344,0.793,52.000
0.050,0.022,0.012,18.759,168127.188,6.942,52.000
0.048,0.001,0.019,21.275,101979.539,2.096,52.000
0.051,0.008,0.010,16.820,143365.031,4.540,52.000
0.048,0.005,0.012,17.916,158208.219,3.246,52.000
0.049,0.027,0.013,25.935,87452.148,5.126,52.000
0.040,0.001,0.011,19.319,121896.664,-0.941,52.000
0.045,0.001,0.002,18.211,124531.133,1.021,52.000
0.048,0.018,0.010,18.890,197731.844,7.897,52.000
0.054,0.002,0.013,20.010,175589.125,2.755,52.000
0.049,0.019,0.013,20.923,143058.438,6.725,52.000
0.051,0.011,0.014,22.804,154847.906,6.850,52.000
0.058,0.001,0.008,26.167,646.164,-0.570,52.000
0.049,0.008,0.014,19.425,182074.312,6.276,52.000
0.045,0.001,0.017,23.446,134062.875,3.058,52.000
0.045,0.000,0.013,28.118,-20523.617,-0.784,52.000
0.050,0.009,0.012,19.607,135324.781,6.468,52.000
0.049,0.019,0.011,19.729,198622.312,7.016,52.000
0.050,0.003,0.013,16.588,181458.000,2.215,52.000
0.043,0.001,0.012,17.981,159134.438,2.129,52.000
0.048,0.024,0.012,20.864,174942.656,6.958,52.000
0.040,0.001,0.013,16.958,120346.039,-0.296,52.000
0.052,0.019,0.012,18.048,174768.844,7.579,52.000
0.050,0.002,0.015,21.429,162040.781,3.078,52.000
0.045,0.000,0.009,22.508,18611.797,0.371,52.000
0.049,0.003,0.010,22.041,163669.500,2.965,52.000
0.042,0.001,0.008,20.726,145395.719,2.334,52.000
0.051,0.006,0.012,18.777,139217.750,3.181,52.000
0.046,0.001,0.014,19.940,164383.594,1.162,52.000
0.054,0.001,0.011,22.390,133751.344,1.927,52.000
0.052,0.001,0.004,21.933,30230.180,0.548,52.000
0.051,0.005,0.009,21.267,151965.406,2.650,52.000
0.057,0.001,0.019,19.318,118925.695,2.958,52.000
0.049,0.009,0.014,21.082,160414.469,6.587,52.000
0.049,0.021,0.011,20.210,175948.375,6.343,52.000
0.048,0.002,0.011,21.897,168849.781,3.146,52.000
0.059,0.001,0.013,21.330,93571.805,0.204,52.000
0.056,0.000,0.020,23.043,-57263.234,3.033,52.000
0.050,0.000,0.019,18.973,-15159.297,-0.544,52.000
0.051,0.009,0.013,23.564,171363.812,8.025,52.000
0.050,0.001,0.014,29.775,18651.055,-0.901,52.000
0.044,0.000,0.012,24.982,5310.117,0.558,52.000
0.048,0.024,0.011,21.990,166016.094,6.216,52.000
0.051,0.019,0.012,18.691,183033.094,7.452,52.000
0.049,0.021,0.012,19.817,183082.562,7.105,52.000
0.047,0.001,0.020,20.480,89089.023,2.387,52.000
0.049,0.018,0.013,20.617,158910.281,7.252,52.000
0.047,0.001,0.019,22.502,78444.195,1.381,52.000
0.048,0.001,0.022,19.230,65492.867,2.410,52.000
0.056,0.001,0.019,22.168,-25362.711,0.785,52.000
0.045,0.001,0.011,20.586,162836.688,2.904,52.000
0.050,0.017,0.011,19.744,198700.156,7.317,52.000
0.051,0.011,0.012,20.047,191678.344,8.241,52.000
0.050,0.003,0.015,21.177,171548.125,3.101,52.000
0.046,0.001,0.016,25.413,109448.523,1.797,52.000
0.048,0.017,0.011,20.015,195937.812,7.492,52.000
0.050,0.005,0.013,16.668,152719.094,3.114,52.000
0.048,0.010,0.013,20.183,149397.594,7.222,52.000
0.045,0.000,0.009,22.389,-37564.406,1.573,52.000
0.049,0.017,0.010,17.998,199391.438,8.032,52.000
0.044,0.002,0.013,16.550,149756.969,2.002,52.000
0.054,0.001,0.020,19.509,37432.180,2.110,52.000
0.100,0.011,0.013,17.609,67504.242,7.171,52.000
0.046,0.000,0.006,20.762,-11169.625,0.580,52.000
0.053,0.001,0.019,19.586,102481.398,2.527,52.000
0.052,0.008,0.014,22.344,172150.094,7.083,52.000
0.002,0.013,0.013,23.555,96897.273,5.166,52.000
0.046,0.001,0.005,20.272,115711.867,2.592,52.000
0.048,0.001,0.015,22.708,157326.062,2.060,52.000
0.057,0.000,0.007,23.823,27035.648,0.722,52.000
0.049,0.004,0.013,15.839,157469.344,1.937,52.000
0.050,0.009,0.014,22.277,171050.781,7.211,52.000
0.052,0.013,0.012,19.069,166002.094,7.493,52.000
0.051,0.027,0.010,22.104,147589.094,5.050,52.000
0.052,0.001,0.016,26.718,42078.352,-0.068,52.000
0.050,0.014,0.012,19.694,170416.500,7.708,52.000
0.046,0.000,0.010,29.071,-16986.875,2.140,52.000
0.049,0.003,0.014,18.041,164362.938,0.530,52.000
0.059,0.001,0.006,21.042,115598.086,1.458,52.000
0.045,0.001,0.006,22.276,45388.602,1.434,52.000
0.050,0.022,0.014,20.134,117283.992,5.992,52.000
0.042,0.000,0.018,22.157,14059.875,-1.575,52.000
0.050,0.005,0.014,19.979,185458.188,4.354,52.000
0.050,0.019,0.013,19.328,173254.281,7.624,52.000
0.099,0.011,0.013,20.702,92280.898,3.725,52.000
0.048,0.010,0.012,19.692,144316.219,6.476,52.000
0.055,0.001,0.017,25.760,29433.945,0.324,52.000
0.055,0.000,0.012,29.306,25818.250,0.095,52.000
0.041,0.001,0.012,21.727,18731.711,-0.356,52.000
0.051,0.020,0.012,18.796,186229.094,7.508,52.000
0.050,0.000,0.005,25.578,-21412.422,0.931,52.000
0.052,0.009,0.013,23.255,175570.375,8.214,52.000
0.051,0.022,0.014,20.080,122315.602,5.885,52.000
0.052,0.025,0.011,19.151,148323.656,6.678,52.000
0.049,0.025,0.012,20.717,167856.438,6.817,52.000
0.050,0.015,0.011,19.353,176277.438,7.493,52.000
0.051,0.010,0.010,15.185,169649.406,5.983,52.000
0.053,0.002,0.009,23.399,122000.445,1.792,52.000
0.051,0.001,0.005,21.179,108834.867,1.976,52.000
0.056,0.001,0.019,20.650,-17153.711,1.500,52.000
0.050,0.023,0.010,20.846,151385.312,5.984,52.000
0.059,0.000,0.012,22.570,38604.742,-0.014,52.000
0.044,0.001,0.014,21.216,137483.156,0.871,52.000
0.049,0.009,0.013,20.839,151447.281,7.095,52.000
0.052,0.027,0.013,18.810,152705.656,7.811,52.000
0.050,0.017,0.014,20.284,122945.180,6.204,52.000
0.050,0.026,0.012,20.039,157844.438,6.984,52.000
0.050,0.010,0.013,22.923,171136.656,7.933,52.000
0.051,0.018,0.013,19.705,148720.219,7.509,52.000
0.052,0.000,0.012,30.880,-34697.164,-0.560,52.000
0.057,0.000,0.018,21.747,76154.758,1.840,52.000
0.049,0.000,0.019,20.324,-2957.117,0.033,52.000
0.052,0.002,0.012,21.173,171752.094,2.924,52.000
0.056,0.000,0.015,25.112,38213.617,0.013,52.000
0.044,0.000,0.020,20.238,-67518.625,0.150,52.000
0.051,0.003,0.013,17.619,183434.562,2.460,52.000
0.048,0.000,0.020,21.188,-12882.922,1.013,52.000
0.051,0.022,0.011,19.506,157048.094,6.265,52.000
0.051,0.015,0.013,19.830,162561.875,8.042,52.000
0.057,0.001,0.019,20.437,106526.836,2.602,52.000
0.049,0.016,0.013,19.890,171085.625,7.900,52.000
0.051,0.001,0.019,21.012,82403.117,1.584,52.000
0.048,0.012,0.012,19.418,167048.625,8.051,52.000
0.051,0.013,0.014,21.980,146919.906,7.191,52.000
0.059,0.000,0.014,19.883,49678.977,0.935,52.000
0.051,0.000,0.012,26.526,63622.898,2.209,52.000
0.049,0.026,0.011,22.090,162052.469,5.984,52.000
0.052,0.003,0.013,18.875,188126.125,2.632,52.000
0.002,0.011,0.011,21.262,129362.320,2.145,52.000
0.051,0.021,0.010,19.471,154251.469,6.300,52.000
0.056,0.001,0.007,23.868,94441.320,1.312,52.000
0.049,0.001,0.011,21.854,155676.344,3.146,52.000
0.049,0.024,0.014,20.413,125406.180,6.246,52.000
0.048,0.013,0.012,19.572,172773.031,7.988,52.000
0.052,0.015,0.013,20.564,148462.062,7.655,52.000
0.052,0.002,0.006,20.970,107523.852,2.337,52.000
0.055,0.001,0.008,25.964,63039.930,0.583,52.000
0.042,0.000,0.005,16.974,53297.336,3.327,52.000
0.043,0.001,0.013,16.503,140085.562,2.152,52.000
0.057,0.001,0.008,26.206,30571.133,-0.646,52.000
0.042,0.001,0.014,23.133,3549.523,-1.227,52.000
0.050,0.010,0.012,19.243,181593.031,7.743,52.000
0.050,0.021,0.014,20.271,124355.992,6.221,52.000
0.050,0.026,0.014,21.421,98771.945,5.722,52.000
0.055,0.001,0.015,24.078,108828.195,0.766,52.000
0.050,0.019,0.011,19.718,188135.125,6.872,52.000
0.099,0.011,0.011,19.545,81758.977,6.647,52.000
0.056,0.002,0.015,21.797,134470.719,1.430,52.000
0.052,0.010,0.013,23.042,173245.812,7.901,52.000
0.052,0.005,0.010,21.413,147824.844,2.435,52.000
0.050,0.023,0.010,20.662,154215.281,5.967,52.000
0.052,0.014,0.012,19.697,156604.000,8.045,52.000
0.053,0.001,0.003,20.141,109748.180,2.253,52.000
0.049,0.012,0.010,15.993,140111.031,7.482,52.000
0.051,0.019,0.011,19.272,179082.406,6.933,52.000
0.043,0.001,0.015,24.565,70835.586,0.048,52.000
0.043,0.001,0.014,16.582,132425.969,1.689,52.000
0.049,0.001,0.019,22.939,57586.680,0.752,52.000
0.051,0.001,0.019,22.133,32496.945,0.775,52.000
0.048,0.001,0.006,20.831,100056.773,2.653,52.000
0.055,0.001,0.010,23.214,113256.211,0.950,52.000
0.058,0.000,0.018,20.327,78986.867,2.241,52.000
0.049,0.006,0.014,18.779,167629.844,3.487,52.000
0.049,0.012,0.012,19.121,182329.469,8.150,52.000
0.051,0.000,0.021,18.846,-8576.039,3.021,52.000
0.053,0.000,0.010,32.598,-7735.898,2.034,52.000
0.053,0.001,0.020,20.170,56058.711,2.050,52.000
0.048,0.000,0.017,26.248,-71083.703,-2.278,52.000
0.051,0.025,0.010,21.182,149094.500,5.352,52.000
0.049,0.013,0.011,18.858,181612.688,7.817,52.000
0.053,0.001,0.019,21.800,40494.039,1.181,52.000
0.050,0.001,0.004,20.048,103260.258,1.762,52.000
0.048,0.018,0.012,20.293,192024.375,7.258,52.000
0.059,0.001,0.016,22.191,110171.148,1.156,52.000
0.053,0.001,0.016,26.029,57364.133,0.036,52.000
0.050,0.020,0.010,19.372,170248.281,6.883,52.000
0.049,0.012,0.013,22.007,150039.125,7.838,52.000
0.048,0.002,0.012,18.296,182047.656,2.452,52.000
0.098,0.012,0.013,21.185,93331.555,3.698,52.000
0.057,0.000,0.014,25.259,9550.117,-0.353,52.000
0.050,0.020,0.014,19.809,100512.820,5.672,52.000
0.051,0.024,0.013,18.812,142562.500,6.730,52.000
0.051,0.007,0.011,19.414,128294.180,3.751,52.000
0.043,0.000,0.013,24.339,-23226.234,-1.127,52.000
0.049,0.027,0.012,28.150,93874.945,5.562,52.000
0.049,0.001,0.009,22.194,153824.125,3.175,52.000
0.055,0.001,0.019,20.152,28552.398,1.595,52.000
0.098,0.014,0.011,21.379,65632.961,5.559,52.000
0.047,0.001,0.015,26.410,101657.117,1.319,52.000
0.060,0.000,0.012,20.682,35197.742,2.961,52.000
0.050,0.000,0.019,21.287,-5450.469,0.944,52.000
0.048,0.007,0.012,16.833,136841.281,4.245,52.000
0.049,0.025,0.012,20.314,169335.469,7.049,52.000
0.044,0.001,0.014,19.528,148194.969,1.136,52.000
0.050,0.004,0.009,21.475,158567.281,2.712,52.000
0.055,0.001,0.007,23.958,93976.164,1.775,52.000
0.049,0.008,0.014,19.243,171738.406,6.057,52.000
0.050,0.017,0.010,17.430,187413.250,7.678,52.000
0.050,0.007,0.010,18.864,150256.562,3.648,52.000
0.051,0.018,0.012,19.117,184055.938,7.900,52.000
0.052,0.011,0.011,18.118,177950.375,7.573,52.000
0.057,0.002,0.010,21.545,110890.648,1.235,52.000
0.044,0.001,0.005,20.413,101088.289,1.699,52.000
0.042,0.001,0.019,21.306,120695.602,2.348,52.000
0.048,0.015,0.012,19.490,173808.656,8.166,52.000
0.041,0.001,0.007,21.800,131304.500,1.226,52.000
0.049,0.017,0.010,18.142,199997.250,8.111,52.000
0.052,0.012,0.014,23.106,148876.406,6.757,52.000
0.045,0.000,0.013,28.272,-96747.586,-2.066,52.000
0.051,0.013,0.011,18.430,179843.375,7.486,52.000
0.051,0.017,0.010,17.782,182275.438,7.721,52.000
0.048,0.001,0.007,23.123,105093.008,2.629,52.000
0.057,0.001,0.019,20.681,103024.805,2.541,52.000
0.046,0.000,0.014,29.904,-37437.953,-3.278,52.000
0.051,0.003,0.013,17.435,188339.656,1.917,52.000
0.051,0.022,0.012,18.198,162357.906,7.042,52.000
0.051,0.018,0.013,18.555,170680.469,8.041,52.000
0.050,0.018,0.011,19.152,190572.094,7.149,52.000
0.053,0.001,0.013,26.876,92989.039,1.575,52.000
0.045,0.001,0.007,22.369,122522.414,2.252,52.000
0.052,0.002,0.013,19.141,184468.750,2.408,52.000
0.050,0.003,0.013,17.633,178915.500,1.218,52.000
0.059,0.001,0.010,16.498,135712.312,0.549,52.000
0.048,0.027,0.011,22.740,130991.023,5.978,52.000
0.051,0.012,0.013,21.788,170266.188,8.038,52.000
0.051,0.010,0.014,22.321,158405.281,6.849,52.000
0.049,0.002,0.013,17.318,176300.531,0.968,52.000
0.045,0.000,0.006,21.162,28768.633,1.697,52.000
0.059,0.000,0.015,19.515,38674.023,0.747,52.000
0.057,0.001,0.014,23.393,105874.086,0.885,52.000
0.045,0.000,0.019,23.145,-33460.109,0.220,52.000
0.044,0.000,0.007,23.301,47574.789,0.008,52.000
0.000,0.013,0.012,22.037,25312.445,9.357,52.000
0.048,0.009,0.011,18.955,116124.883,5.986,52.000
0.052,0.026,0.011,19.937,151023.781,6.395,52.000
0.049,0.019,0.012,20.135,186287.344,7.354,52.000
0.051,0.024,0.011,19.485,154969.438,6.600,52.000
0.052,0.003,0.012,21.443,163171.188,2.647,52.000
0.002,0.012,0.011,20.693,143813.469,1.676,52.000
0.058,0.000,0.010,24.766,44856.555,-0.684,52.000
0.049,0.018,0.012,20.285,188318.188,7.542,52.000
0.051,0.018,0.012,18.884,183323.344,7.917,52.000
0.042,0.001,0.011,20.151,132767.094,0.626,52.000
0.050,0.022,0.010,19.994,146728.781,6.491,52.000
0.055,0.002,0.017,21.173,126270.508,2.266,52.000
0.050,0.009,0.011,17.683,126927.711,5.333,52.000
0.050,0.020,0.012,19.583,190067.625,6.964,52.000
0.050,0.007,0.011,19.264,121457.133,3.571,52.000
0.052,0.005,0.014,19.238,185723.188,4.597,52.000
0.050,0.001,0.002,19.704,101942.523,1.100,52.000
0.043,0.001,0.014,19.747,104839.805,0.798,52.000
0.053,0.000,0.020,20.442,-2828.062,2.989,52.000
0.048,0.026,0.011,22.506,159010.906,6.081,52.000
0.058,0.001,0.007,22.627,94882.961,0.632,52.000
0.049,0.002,0.015,21.947,169308.062,2.332,52.000
0.049,0.010,0.013,22.035,156094.906,7.837,52.000
0.060,0.001,0.008,18.026,144070.219,1.522,52.000
0.052,0.001,0.017,22.069,129466.945,2.453,52.000
0.049,0.009,0.011,17.487,127566.008,6.384,52.000
0.052,0.014,0.011,19.175,171307.656,6.933,52.000
0.048,0.009,0.013,19.521,144533.156,7.050,52.000
0.051,0.016,0.011,18.983,192542.812,7.128,52.000
0.056,0.001,0.017,25.059,29503.430,0.590,52.000
0.047,0.001,0.007,21.322,119069.320,3.052,52.000
0.047,0.002,0.008,21.462,139785.594,3.162,52.000
0.050,0.016,0.014,20.301,131257.250,6.634,52.000
0.053,0.001,0.018,20.353,119798.336,2.368,52.000
0.056,0.001,0.007,25.634,47762.461,0.704,52.000
0.043,0.001,0.014,22.827,68728.820,0.108,52.000
0.042,0.001,0.013,17.138,134024.250,1.222,52.000
0.052,0.001,0.005,21.569,107421.148,2.208,52.000
0.050,0.003,0.013,17.225,180826.719,1.461,52.000
0.098,0.011,0.012,20.098,88197.992,5.441,52.000
0.049,0.019,0.014,20.516,130472.805,6.502,52.000
0.052,0.014,0.011,19.184,170062.188,7.367,52.000
0.050,0.015,0.013,19.745,172092.375,7.934,52.000
0.048,0.001,0.020,20.733,94182.602,2.236,52.000
0.051,0.009,0.014,22.653,167266.781,7.147,52.000
0.054,0.000,0.009,32.934,-27940.062,1.991,52.000
0.057,0.001,0.008,22.923,96781.680,1.215,52.000
0.056,0.001,0.021,19.576,69696.805,2.142,52.000
0.046,0.001,0.009,23.678,86009.867,2.045,52.000
0.049,0.018,0.012,20.341,187562.188,7.469,52.000
0.000,0.011,0.012,24.354,-7141.234,5.516,52.000
0.060,0.000,0.009,21.561,67060.383,0.837,52.000
0.050,0.011,0.013,21.349,178080.406,8.179,52.000
0.050,0.012,0.014,22.871,150698.000,7.291,52.000
0.058,0.001,0.009,21.331,108002.992,0.616,52.000
0.050,0.013,0.011,18.799,171097.062,7.266,52.000
0.051,0.007,0.011,19.119,129075.008,4.269,52.000
0.099,0.011,0.011,19.894,77277.852,5.932,52.000
0.048,0.022,0.013,20.041,157514.750,6.957,52.000
0.042,0.001,0.018,22.909,35457.086,0.329,52.000
0.045,0.000,0.006,20.679,39755.102,1.550,52.000
0.049,0.001,0.001,19.878,31783.711,-0.325,52.000
0.099,0.012,0.012,20.855,80105.523,5.546,52.000
0.048,0.000,0.005,22.197,37315.117,1.063,52.000
0.052,0.003,0.012,18.876,184777.281,3.016,52.000
0.051,0.003,0.011,22.492,163427.500,2.993,52.000
0.051,0.013,0.014,22.898,150204.125,6.912,52.000
0.049,0.021,0.012,19.766,190928.219,6.910,52.000
0.048,0.001,0.010,21.623,155672.625,2.734,52.000
0.040,0.001,0.013,16.377,99688.742,0.365,52.000
0.050,0.008,0.014,20.481,193325.688,6.857,52.000
0.052,0.024,0.013,18.866,118141.633,6.477,52.000
0.049,0.006,0.012,17.129,134763.594,3.820,52.000
0.046,0.001,0.012,19.442,146420.750,2.322,52.000
0.051,0.010,0.010,14.430,166247.000,6.594,52.000
0.048,0.005,0.014,17.642,152162.531,1.884,52.000
0.060,0.001,0.009,19.898,101608.070,-0.321,52.000
0.051,0.001,0.015,27.979,79630.102,0.919,52.000
0.043,0.002,0.011,19.457,163898.969,2.154,52.000
0.048,0.007,0.013,17.063,123760.242,5.156,52.000
0.043,0.001,0.017,23.830,121401.586,2.105,52.000
0.051,0.018,0.013,19.822,148867.531,7.424,52.000
0.045,0.000,0.008,23.527,-46720.445,-0.031,52.000
0.050,0.010,0.014,23.279,149188.500,6.928,52.000
0.056,0.001,0.005,22.520,88570.008,1.722,52.000
0.049,0.008,0.012,18.018,120450.070,4.682,52.000
0.052,0.005,0.012,20.137,158523.781,2.749,52.000
0.055,0.001,0.022,17.997,83169.961,3.004,52.000
0.046,0.001,0.005,20.224,115319.805,1.939,52.000
0.048,0.001,0.020,20.336,91032.742,2.223,52.000
0.049,0.017,0.013,20.655,171887.500,7.548,52.000
0.049,0.002,0.015,21.157,165541.562,2.332,52.000
0.052,0.007,0.014,20.220,196038.125,6.694,52.000
0.048,0.008,0.013,17.803,126826.742,5.827,52.000
0.058,0.000,0.014,24.713,34495.289,1.251,52.000
0.042,0.000,0.009,20.096,-44042.504,1.065,52.000
0.049,0.005,0.014,19.602,180925.938,2.999,52.000
0.050,0.026,0.010,22.188,153856.844,5.427,52.000
0.051,0.000,0.017,22.397,-43837.852,-0.276,52.000
0.049,0.008,0.012,18.426,122035.227,4.966,52.000
0.050,0.025,0.013,20.077,137981.344,6.489,52.000
0.050,0.020,0.013,19.555,169262.531,7.150,52.000
0.057,0.001,0.014,21.636,126503.180,1.112,52.000
0.048,0.007,0.013,17.807,142143.000,5.676,52.000
0.053,0.001,0.013,19.673,181213.594,2.581,52.000
0.048,0.021,0.013,20.111,158947.281,7.018,52.000
0.052,0.027,0.011,27.313,113037.602,6.834,52.000
0.049,0.016,0.010,18.125,192652.375,7.000,52.000
0.052,0.019,0.012,18.047,171155.844,7.564,52.000
0.047,0.001,0.005,19.833,108998.227,2.234,52.000
0.051,0.005,0.011,21.393,144633.406,2.950,52.000
0.048,0.013,0.010,16.676,148151.344,6.732,52.000
0.051,0.010,0.012,20.889,179511.438,8.129,52.000
0.051,0.026,0.012,19.884,151511.375,6.723,52.000
0.051,0.012,0.013,22.416,162162.938,7.629,52.000
0.058,0.000,0.008,24.101,15428.781,1.191,52.000
0.049,0.011,0.014,22.947,137710.750,6.879,52.000
0.049,0.007,0.011,19.379,127163.742,3.724,52.000
0.048,0.005,0.012,17.266,151386.875,3.046,52.000
0.051,0.008,0.014,22.398,180083.938,7.690,52.000
0.050,0.004,0.010,22.624,155970.688,2.571,52.000
0.049,0.008,0.010,18.926,126655.805,4.801,52.000
0.061,0.001,0.011,14.459,157445.750,0.941,52.000
0.055,0.000,0.002,21.568,-32211.695,-0.005,52.000
0.051,0.014,0.011,19.280,174534.875,7.095,52.000
0.045,0.002,0.012,17.647,169571.688,2.344,52.000
0.045,0.001,0.009,21.115,160662.469,2.941,52.000
0.050,0.011,0.011,16.978,150623.562,7.773,52.000
0.051,0.015,0.013,19.930,174288.531,8.307,52.000
0.051,0.004,0.010,22.355,158812.969,2.646,52.000
0.048,0.005,0.013,16.326,136626.688,3.450,52.000
0.042,0.000,0.013,23.581,19316.883,0.249,52.000
0.052,0.010,0.014,22.188,161655.094,7.023,52.000
0.041,0.000,0.009,18.723,-16031.883,1.268,52.000
0.051,0.001,0.018,22.646,43447.242,0.676,52.000
0.051,0.018,0.012,18.838,184208.750,7.893,52.000
0.051,0.003,0.012,18.076,181692.562,2.840,52.000
0.050,0.017,0.011,18.660,198242.594,7.504,52.000
0.049,0.010,0.014,22.549,156436.844,7.312,52.000
0.051,0.025,0.013,19.983,136555.000,6.540,52.000
0.051,0.007,0.010,19.611,154340.594,2.896,52.000
0.048,0.002,0.006,20.490,103315.023,2.753,52.000
0.050,0.001,0.017,27.485,29553.539,-0.071,52.000
0.042,0.001,0.014,20.997,48828.898,0.169,52.000
0.040,0.001,0.014,16.300,91033.664,0.474,52.000
0.051,0.010,0.014,22.889,162718.250,7.539,52.000
0.043,0.001,0.017,26.009,40785.820,-0.174,52.000
0.048,0.024,0.011,22.294,163169.406,6.068,52.000
0.047,0.001,0.018,24.702,52371.133,0.411,52.000
0.048,0.023,0.011,21.317,164966.344,6.452,52.000
0.057,0.000,0.015,26.172,2876.289,-0.720,52.000
0.051,0.025,0.013,19.876,116862.867,6.418,52.000
0.051,0.000,0.005,24.373,4270.414,0.543,52.000
0.050,0.014,0.012,19.895,165894.625,8.117,52.000
0.050,0.003,0.014,20.195,171650.500,1.987,52.000
0.048,0.011,0.011,17.913,142380.156,7.368,52.000
0.050,0.023,0.012,19.013,160356.906,6.831,52.000
0.044,0.001,0.007,21.809,136951.062,3.297,52.000
0.051,0.023,0.011,20.249,150499.000,5.639,52.000
0.052,0.021,0.012,17.607,165164.469,7.256,52.000
0.043,0.000,0.018,23.440,33378.305,-1.660,52.000
0.051,0.026,0.013,21.198,115963.430,5.999,52.000
0.052,0.020,0.012,18.018,176106.625,7.635,52.000
0.050,0.022,0.012,19.353,171044.625,6.811,52.000
0.049,0.023,0.011,21.613,162697.594,6.012,52.000
0.050,0.016,0.010,18.060,189459.781,7.309,52.000
0.052,0.005,0.012,19.089,155153.875,2.981,52.000
0.052,0.001,0.008,23.990,104276.320,2.266,52.000
0.052,0.001,0.019,21.606,47009.086,1.110,52.000
0.049,0.025,0.014,20.704,131867.688,6.111,52.000
0.049,0.006,0.012,16.641,137379.219,4.059,52.000
0.049,0.020,0.011,20.287,184329.875,6.613,52.000
0.048,0.009,0.013,19.131,148132.469,6.672,52.000
0.048,0.021,0.011,20.546,173533.656,6.791,52.000
0.052,0.006,0.011,20.117,139112.812,3.276,52.000
0.049,0.008,0.015,21.344,166728.750,6.473,52.000
0.057,0.001,0.005,19.820,122373.086,2.482,52.000
0.049,0.024,0.010,21.622,156172.125,6.114,52.000
0.047,0.000,0.018,23.350,-33051.055,-1.800,52.000
0.048,0.004,0.012,18.968,163432.594,3.149,52.000
0.050,0.024,0.010,21.103,152060.594,6.029,52.000
0.048,0.006,0.013,17.013,125493.617,4.232,52.000
0.046,0.002,0.011,20.772,172954.312,2.904,52.000
0.041,0.000,0.012,20.603,10456.539,-0.905,52.000
0.050,0.004,0.013,16.478,162152.906,2.411,52.000
0.052,0.010,0.011,17.897,174701.281,7.475,52.000
0.050,0.000,0.001,18.533,62014.367,1.214,52.000
0.053,0.000,0.012,29.314,-85171.062,-2.291,52.000
0.052,0.000,0.006,25.878,2887.891,1.650,52.000
0.051,0.001,0.019,21.421,25692.125,0.871,52.000
0.052,0.000,0.022,20.061,-36814.641,4.081,52.000
0.045,0.001,0.014,18.585,156144.188,0.960,52.000
0.048,0.001,0.001,18.106,120910.227,0.943,52.000
0.050,0.007,0.010,19.528,122399.383,3.525,52.000
0.048,0.018,0.011,19.953,201193.906,7.394,52.000
0.051,0.000,0.004,25.118,-4192.992,1.658,52.000
0.049,0.000,0.019,21.951,8835.922,0.781,52.000
0.044,0.001,0.010,22.222,69308.148,1.459,52.000
0.048,0.016,0.013,20.159,157783.281,7.499,52.000
0.042,0.001,0.019,23.072,65409.914,0.673,52.000
0.043,0.001,0.016,23.666,101059.867,0.754,52.000
0.098,0.012,0.011,20.519,74039.383,6.126,52.000
0.052,0.008,0.013,21.984,178944.094,7.382,52.000
0.050,0.001,0.018,22.906,95029.258,1.508,52.000
0.048,0.009,0.011,19.045,115415.508,5.472,52.000
0.048,0.002,0.013,17.314,173912.188,1.426,52.000
0.044,0.001,0.011,22.609,98594.852,1.727,52.000
0.056,0.001,0.016,23.759,104650.055,1.005,52.000
0.049,0.001,0.022,20.242,47120.008,1.773,52.000
0.049,0.018,0.013,20.628,169827.562,7.420,52.000
0.057,0.000,0.010,26.341,6721.414,0.155,52.000
0.049,0.014,0.011,18.881,176708.188,7.196,52.000
0.045,0.001,0.016,25.769,100530.273,0.920,52.000
0.051,0.012,0.013,20.912,171662.625,8.054,52.000
0.049,0.012,0.013,20.138,164210.906,8.195,52.000
0.042,0.001,0.007,22.380,77694.977,1.414,52.000
0.051,0.001,0.004,21.789,39684.508,0.912,52.000
0.055,0.001,0.011,22.136,129465.273,1.741,52.000
0.049,0.010,0.010,14.992,151340.062,6.902,52.000
0.051,0.002,0.016,23.195,131191.312,2.867,52.000
0.050,0.018,0.011,18.761,186019.000,7.274,52.000
0.053,0.001,0.014,28.151,73300.195,0.570,52.000
0.051,0.010,0.014,22.696,161729.656,7.372,52.000
0.050,0.001,0.005,20.734,104061.445,1.893,52.000
0.044,0.001,0.011,20.140,168205.938,2.631,52.000
0.041,0.000,0.017,22.115,-27323.984,-0.597,52.000
0.054,0.001,0.018,25.047,-32474.289,-0.162,52.000
0.045,0.001,0.018,22.927,122574.008,2.277,52.000
0.050,0.002,0.006,20.878,100706.586,2.346,52.000
0.050,0.020,0.012,19.360,193416.250,7.283,52.000
0.100,0.012,0.013,24.331,-47742.098,13.126,52.000
0.057,0.001,0.014,21.549,140061.000,1.411,52.000
0.051,0.004,0.012,17.608,166478.406,3.017,52.000
0.055,0.000,0.005,25.364,-65052.457,0.069,52.000
0.049,0.001,0.019,21.743,57020.430,0.857,52.000
0.044,0.002,0.011,19.697,167499.719,2.422,52.000
0.050,0.010,0.013,23.172,164129.875,7.996,52.000
0.051,0.014,0.012,20.251,160744.469,7.840,52.000
0.050,0.001,0.016,28.973,28308.398,-0.321,52.000
0.047,0.000,0.009,29.416,-52659.262,1.942,52.000
0.050,0.001,0.015,28.345,59597.820,-0.194,52.000
0.051,0.014,0.013,21.660,154064.062,7.429,52.000
0.049,0.008,0.011,19.354,112289.602,4.623,52.000
0.051,0.001,0.003,20.140,99533.445,1.446,52.000
0.058,0.000,0.016,22.320,120746.367,1.391,52.000
0.052,0.018,0.011,18.989,183030.750,7.106,52.000
0.050,0.007,0.009,18.422,159928.094,3.685,52.000
0.050,0.000,0.006,25.360,-30223.133,0.371,52.000
0.052,0.008,0.011,18.110,145396.031,4.701,52.000
0.050,0.007,0.013,19.991,176818.656,6.506,52.000
0.051,0.005,0.010,21.881,145565.688,2.492,52.000
0.051,0.019,0.011,18.881,170385.500,6.853,52.000
0.039,0.001,0.012,17.788,109534.430,-1.045,52.000
0.048,0.001,0.014,23.428,126212.523,0.788,52.000
0.048,0.013,0.013,19.833,148578.406,7.612,52.000
0.053,0.002,0.012,19.523,182195.969,2.751,52.000
0.048,0.010,0.012,19.355,144468.594,6.355,52.000
0.057,0.000,0.004,20.841,119885.117,2.398,52.000
0.051,0.013,0.012,19.966,163102.875,7.790,52.000
0.052,0.010,0.011,18.376,178904.344,7.429,52.000
0.048,0.005,0.011,21.069,153790.531,2.764,52.000
0.041,0.001,0.018,21.467,113923.367,1.834,52.000
0.051,0.023,0.011,19.579,157919.844,6.594,52.000
0.050,0.004,0.015,20.628,178483.938,3.288,52.000
0.059,0.001,0.014,18.568,141078.656,1.896,52.000
0.050,0.023,0.013,18.856,150720.375,6.731,52.000
0.047,0.001,0.009,24.060,82980.148,2.289,52.000
0.044,0.001,0.012,17.651,162683.156,2.237,52.000
0.048,0.003,0.013,16.825,160464.344,0.655,52.000
0.051,0.024,0.012,18.854,149912.969,6.818,52.000
0.048,0.000,0.003,20.729,70963.367,-0.767,52.000
0.048,0.000,0.004,22.316,-42.914,-0.551,52.000
0.046,0.000,0.013,29.438,-130994.281,-3.066,52.000
0.049,0.021,0.012,19.841,187872.594,6.900,52.000
0.058,0.001,0.014,19.730,149600.156,1.537,52.000
0.057,0.001,0.013,19.061,124709.180,2.129,52.000
0.057,0.001,0.012,19.535,127877.867,2.316,52.000
0.056,0.001,0.004,20.270,122120.148,2.311,52.000
0.059,0.000,0.012,20.749,82563.258,0.166,52.000
0.041,0.000,0.014,23.115,-6448.586,-0.635,52.000
0.049,0.021,0.014,20.322,125913.445,6.537,52.000
0.058,0.001,0.006,22.135,99074.070,1.020,52.000
0.058,0.001,0.012,17.896,120331.477,1.656,52.000
0.048,0.016,0.012,20.284,186364.375,7.953,52.000
0.056,0.000,0.012,28.421,38161.102,0.263,52.000
0.050,0.000,0.015,30.097,-16147.539,-2.465,52.000
0.049,0.007,0.010,20.739,127845.195,3.661,52.000
0.046,0.000,0.006,23.176,37702.023,0.381,52.000
0.052,0.010,0.011,18.563,171441.844,7.463,52.000
0.058,0.001,0.013,22.929,78853.820,-0.160,52.000
0.051,0.004,0.011,21.527,165593.438,3.005,52.000
0.058,0.001,0.011,19.365,100874.664,0.854,52.000
0.052,0.002,0.012,20.798,174200.125,3.182,52.000
0.052,0.001,0.010,24.280,112186.039,1.585,52.000
0.052,0.001,0.019,21.161,6862.141,0.921,52.000
0.052,0.025,0.014,20.196,107330.242,6.287,52.000
0.058,0.001,0.020,18.158,129874.586,3.167,52.000
0.050,0.009,0.013,20.094,150135.125,6.556,52.000
0.047,0.001,0.011,21.240,174377.156,3.026,52.000
0.051,0.001,0.019,19.965,94474.289,2.241,52.000
0.049,0.001,0.020,21.136,68433.555,1.505,52.000
0.050,0.018,0.013,20.019,161262.938,7.693,52.000
0.051,0.019,0.013,19.516,131972.188,7.016,52.000
0.050,0.010,0.009,14.026,159523.906,6.704,52.000
0.051,0.002,0.016,23.495,136127.125,3.045,52.000
0.049,0.024,0.013,20.084,156947.375,6.996,52.000
0.048,0.021,0.011,20.672,177142.469,6.675,52.000
0.040,0.001,0.009,20.390,128275.820,1.018,52.000
0.051,0.001,0.018,21.607,95493.727,1.589,52.000
0.098,0.013,0.014,22.421,94737.492,2.099,52.000
0.061,0.001,0.012,15.418,143312.906,1.336,52.000
0.047,0.000,0.012,28.081,2269.625,0.724,52.000
0.057,0.001,0.011,20.060,104400.102,0.981,52.000
0.048,0.001,0.006,21.415,106035.852,2.876,52.000
0.098,0.012,0.011,20.393,62911.289,6.990,52.000
0.044,0.002,0.008,21.331,158425.125,3.349,52.000
0.052,0.022,0.010,19.218,148994.906,5.687,52.000
0.053,0.001,0.002,21.901,2646.719,-0.045,52.000
0.057,0.001,0.008,23.140,91526.586,1.085,52.000
0.053,0.001,0.015,26.536,77064.164,0.484,52.000
0.050,0.021,0.012,18.643,175326.562,7.037,52.000
0.056,0.001,0.007,23.015,100774.648,1.699,52.000
0.047,0.001,0.019,23.791,26370.141,0.136,52.000
0.049,0.006,0.013,16.716,128814.133,4.065,52.000
0.051,0.023,0.014,19.673,114168.539,5.915,52.000
0.050,0.026,0.010,21.861,155402.750,5.525,52.000
0.054,0.001,0.016,22.122,130698.539,2.059,52.000
0.045,0.001,0.020,22.579,37993.352,0.907,52.000
0.041,0.000,0.012,21.135,-14850.375,-2.350,52.000
0.056,0.001,0.015,22.296,134933.656,1.425,52.000
0.052,0.018,0.012,18.949,184377.250,7.542,52.000
0.050,0.009,0.012,19.817,139100.469,6.312,52.000
0.057,0.001,0.008,23.975,81769.711,0.446,52.000
0.051,0.015,0.011,19.125,181635.281,6.841,52.000
0.047,0.001,0.020,21.648,78100.461,1.670,52.000
0.052,0.001,0.004,19.671,114135.852,2.090,52.000
0.050,0.004,0.013,17.980,173195.062,2.668,52.000
0.051,0.004,0.013,17.385,170775.500,2.955,52.000
0.052,0.000,0.019,18.792,-52984.176,-0.643,52.000
0.050,0.024,0.010,20.918,152269.562,5.629,52.000
0.051,0.016,0.011,19.596,189556.750,7.238,52.000
0.052,0.009,0.012,21.770,173949.062,7.671,52.000
0.043,0.001,0.016,25.954,45723.664,-0.941,52.000
0.048,0.009,0.013,19.670,151181.938,6.955,52.000
0.052,0.024,0.011,20.016,147310.031,5.770,52.000
0.053,0.000,0.003,22.331,50943.586,1.077,52.000
0.048,0.012,0.012,19.586,166866.812,7.770,52.000
0.051,0.020,0.011,19.052,164381.375,6.562,52.000
0.002,0.011,0.012,22.871,82563.648,4.795,52.000
0.051,0.005,0.010,21.166,148971.625,2.499,52.000
0.050,0.001,0.017,24.176,91266.602,1.508,52.000
0.051,0.012,0.011,18.746,181272.906,7.661,52.000
0.052,0.000,0.011,28.478,-69090.328,-1.774,52.000
0.051,0.002,0.017,22.162,127353.992,2.857,52.000
0.054,0.001,0.012,27.940,53755.102,0.996,52.000
0.049,0.016,0.012,20.287,194178.125,7.374,52.000
0.043,0.001,0.007,21.821,142271.625,3.079,52.000
0.048,0.018,0.011,19.311,207807.594,7.804,52.000
0.046,0.002,0.013,17.196,168747.656,1.489,52.000
0.046,0.000,0.009,27.024,-881.281,3.436,52.000
0.051,0.001,0.010,23.624,123273.258,2.265,52.000
0.050,0.001,0.018,21.126,113002.633,2.470,52.000
0.052,0.026,0.010,21.369,146182.219,5.099,52.000
0.048,0.001,0.016,27.628,39972.523,-0.453,52.000
0.052,0.013,0.013,20.545,162879.000,7.626,52.000
0.051,0.002,0.014,21.762,170106.469,3.694,52.000
0.052,0.009,0.012,19.050,162701.781,7.360,52.000
0.052,0.026,0.011,20.422,142706.438,6.129,52.000
0.051,0.009,0.010,15.925,161035.844,5.778,52.000
0.050,0.025,0.012,20.181,161514.688,6.835,52.000
0.049,0.013,0.012,19.521,177413.312,7.941,52.000
0.051,0.000,0.018,24.248,-41588.473,-0.991,52.000
0.049,0.012,0.012,19.571,182067.344,8.078,52.000
0.050,0.004,0.014,18.888,169932.406,2.208,52.000
0.049,0.013,0.013,20.034,156575.250,7.747,52.000
0.048,0.020,0.013,20.387,162784.188,7.129,52.000
0.049,0.027,0.011,26.844,81287.117,3.392,52.000
0.051,0.020,0.011,19.533,173339.625,6.292,52.000
0.055,0.000,0.016,24.645,36018.211,-0.038,52.000
0.050,0.011,0.014,23.175,151072.312,7.489,52.000
0.051,0.003,0.013,17.006,189816.031,2.204,52.000
0.049,0.025,0.012,20.829,168432.312,6.806,52.000
0.059,0.001,0.008,19.609,127349.617,1.520,52.000
0.057,0.001,0.005,20.750,120966.055,2.258,52.000
0.049,0.024,0.010,21.613,156236.719,5.904,52.000
0.048,0.010,0.012,19.077,142009.906,6.366,52.000
0.052,0.000,0.003,20.319,-14764.867,0.421,52.000
0.051,0.023,0.011,19.956,162682.094,6.288,52.000
0.048,0.025,0.013,20.899,151228.125,6.557,52.000
0.048,0.001,0.008,21.783,140584.688,3.077,52.000
0.049,0.003,0.013,16.748,157677.531,1.035,52.000
0.052,0.021,0.014,18.425,127176.492,6.714,52.000
0.042,0.000,0.013,22.596,-90388.109,-2.103,52.000
0.049,0.004,0.010,22.218,156482.781,2.692,52.000
0.051,0.008,0.015,22.542,166891.500,6.574,52.000
0.049,0.010,0.014,22.925,155191.719,7.247,52.000
0.042,0.000,0.006,21.811,82334.383,1.196,52.000
0.050,0.012,0.010,13.963,148993.844,7.056,52.000
0.048,0.005,0.012,17.324,153344.344,3.357,52.000
0.051,0.022,0.012,18.243,157970.750,7.140,52.000
0.052,0.020,0.012,18.116,163900.344,7.561,52.000
0.048,0.026,0.012,21.962,168447.219,6.649,52.000
0.054,0.001,0.014,22.044,160381.406,3.003,52.000
0.053,0.001,0.005,21.177,115977.180,2.621,52.000
0.048,0.002,0.012,20.740,170937.375,3.337,52.000
0.051,0.016,0.010,18.336,187212.594,6.996,52.000
0.050,0.017,0.010,18.327,195740.562,7.751,52.000
0.052,0.005,0.014,19.279,184400.281,4.567,52.000
0.047,0.001,0.006,22.200,108010.758,2.671,52.000
0.050,0.020,0.010,18.762,167470.812,7.062,52.000
0.048,0.005,0.013,16.102,136380.562,3.379,52.000
0.052,0.018,0.012,18.164,175247.844,7.911,52.000
0.042,0.000,0.013,23.205,-27798.867,-0.573,52.000
0.057,0.001,0.010,27.043,15246.406,-0.906,52.000
0.051,0.002,0.009,22.460,132688.906,2.822,52.000
0.059,0.001,0.017,21.757,138603.531,0.717,52.000
0.050,0.012,0.014,23.474,141049.562,6.778,52.000
0.050,0.018,0.011,19.669,193504.156,7.136,52.000
0.047,0.001,0.004,20.849,48488.242,0.761,52.000
0.057,0.001,0.013,20.493,142856.219,2.219,52.000
0.049,0.011,0.011,18.423,157940.719,7.458,52.000
0.001,0.013,0.012,22.769,132939.469,3.608,52.000
0.055,0.001,0.015,25.053,94883.164,0.704,52.000
0.049,0.006,0.010,21.012,159819.750,3.134,52.000
0.040,0.000,0.009,18.118,51478.289,-1.197,52.000
0.051,0.002,0.005,20.969,101606.367,2.409,52.000
0.050,0.014,0.011,19.360,177359.906,7.290,52.000
0.044,0.001,0.013,16.676,157735.406,2.452,52.000
0.047,0.001,0.004,20.641,63589.758,0.630,52.000
0.060,0.001,0.017,20.728,157753.688,1.226,52.000
0.049,0.018,0.011,19.040,199069.031,7.394,52.000
0.056,0.002,0.011,21.600,122920.602,1.086,52.000
0.055,0.002,0.007,22.566,105646.867,2.507,52.000
0.048,0.002,0.011,21.494,168515.125,3.246,52.000
0.048,0.001,0.020,22.248,71443.898,1.233,52.000
0.050,0.018,0.014,20.695,129341.242,6.473,52.000
0.052,0.014,0.012,19.260,162371.219,8.329,52.000
0.049,0.001,0.016,26.898,71182.336,1.065,52.000
0.040,0.000,0.013,20.862,4934.984,-0.224,52.000
0.059,0.001,0.013,18.262,125706.727,1.904,52.000
0.050,0.017,0.010,17.569,186943.094,7.848,52.000
0.051,0.001,0.017,24.475,54909.289,0.403,52.000
0.051,0.016,0.012,20.089,183084.844,7.892,52.000
0.052,0.009,0.012,19.180,157626.250,7.237,52.000
0.050,0.026,0.014,20.794,94127.445,5.759,52.000
0.051,0.019,0.013,19.486,139247.438,7.174,52.000
0.052,0.001,0.007,22.518,102395.586,2.580,52.000
0.044,0.001,0.009,21.410,152960.125,2.327,52.000
0.048,0.001,0.018,23.446,102189.383,1.710,52.000
0.045,0.001,0.009,23.763,23683.328,1.894,52.000
0.045,0.000,0.007,24.186,-64091.266,0.887,52.000
0.052,0.006,0.013,19.140,166813.812,3.973,52.000
0.051,0.000,0.021,15.527,-31733.258,0.831,52.000
0.051,0.008,0.009,17.416,160246.188,3.778,52.000
0.048,0.001,0.007,23.141,99912.836,2.351,52.000
0.051,0.013,0.012,19.903,163815.406,7.881,52.000
0.049,0.005,0.010,21.670,159651.188,2.838,52.000
0.045,0.000,0.004,18.367,32520.727,4.445,52.000
0.059,0.000,0.011,21.818,39595.289,1.409,52.000
0.058,0.000,0.006,28.357,-78996.289,-0.163,52.000
0.048,0.020,0.012,20.049,183288.938,7.220,52.000
0.050,0.021,0.011,19.927,167563.938,6.306,52.000
0.056,0.001,0.017,23.363,99785.758,1.221,52.000
0.052,0.007,0.011,19.113,134375.812,4.268,52.000
0.051,0.026,0.013,21.228,87944.320,5.901,52.000
0.048,0.006,0.011,19.400,140412.219,3.473,52.000
0.052,0.001,0.019,20.111,88180.320,2.130,52.000
0.049,0.023,0.012,19.626,166965.969,6.899,52.000
0.055,0.000,0.008,24.131,65127.305,1.184,52.000
0.051,0.006,0.010,20.973,133924.125,2.563,52.000
0.057,0.002,0.013,19.486,137693.906,2.215,52.000
0.040,0.001,0.012,18.034,135956.500,-0.207,52.000
0.051,0.002,0.007,22.062,103020.586,2.896,52.000
0.044,0.000,0.007,22.510,24455.086,-0.751,52.000
0.051,0.015,0.013,20.429,151552.594,7.466,52.000
0.049,0.024,0.013,20.319,151135.188,6.846,52.000
0.058,0.001,0.010,20.945,91559.445,0.686,52.000
0.050,0.023,0.014,20.084,102293.727,5.650,52.000
0.052,0.001,0.009,23.044,142891.656,2.326,52.000
0.052,0.016,0.011,19.197,176659.344,7.169,52.000
0.050,0.001,0.009,22.153,158517.906,3.190,52.000
0.047,0.000,0.021,19.215,-53045.195,1.089,52.000
0.050,0.020,0.013,19.433,166665.500,7.067,52.000
0.055,0.001,0.019,20.701,67210.164,2.179,52.000
0.097,0.013,0.011,20.872,62294.961,6.391,52.000
0.052,0.001,0.005,21.120,110485.742,2.231,52.000
0.045,0.001,0.014,18.540,154390.750,1.079,52.000
0.048,0.002,0.011,21.145,173051.219,3.522,52.000
0.048,0.008,0.013,18.060,128945.492,6.130,52.000
0.050,0.007,0.013,19.711,174223.938,6.219,52.000
0.049,0.000,0.022,18.969,-3697.391,2.798,52.000
0.048,0.000,0.010,27.804,-62420.770,0.286,52.000
0.048,0.000,0.018,22.215,-1285.555,0.349,52.000
0.052,0.026,0.011,20.741,149499.594,5.571,52.000
0.050,0.000,0.015,28.668,-4854.086,0.640,52.000
0.042,0.000,0.018,22.447,-13729.523,-2.734,52.000
0.048,0.022,0.012,20.905,180843.719,6.773,52.000
0.050,0.024,0.013,19.596,143236.000,6.475,52.000
0.051,0.001,0.006,22.804,90889.336,2.115,52.000
0.050,0.017,0.010,17.317,185953.969,7.969,52.000
0.052,0.026,0.011,20.087,135249.562,6.293,52.000
0.052,0.013,0.013,22.212,156125.938,7.412,52.000
0.051,0.001,0.020,20.394,73469.945,1.917,52.000
0.049,0.008,0.011,18.970,111453.289,5.058,52.000
0.048,0.002,0.007,21.506,119481.398,3.048,52.000
0.049,0.016,0.013,20.064,178682.000,8.045,52.000
0.051,0.005,0.013,19.247,179434.844,4.629,52.000
0.052,0.027,0.011,15.299,239660.938,8.119,52.000
0.053,0.001,0.006,21.898,112232.352,2.650,52.000
0.046,0.000,0.017,25.355,-35193.414,-2.654,52.000
0.049,0.014,0.012,19.406,161455.031,7.665,52.000
0.052,0.001,0.008,26.817,12830.039,1.233,52.000
0.049,0.023,0.013,20.069,152037.562,6.836,52.000
0.049,0.024,0.011,21.622,160811.594,5.827,52.000
0.048,0.018,0.013,20.499,168581.156,7.371,52.000
0.044,0.001,0.015,27.920,2370.406,-1.980,52.000
0.051,0.015,0.013,20.765,150058.688,7.625,52.000
0.057,0.001,0.016,22.939,119426.586,1.219,52.000
0.051,0.001,0.018,25.858,-25810.844,-0.930,52.000
0.050,0.024,0.010,21.091,153690.844,5.738,52.000
0.049,0.024,0.012,20.022,167825.562,7.061,52.000
0.050,0.011,0.013,21.668,183081.562,8.190,52.000
0.048,0.012,0.011,17.473,156840.656,7.539,52.000
0.049,0.001,0.011,23.533,116145.102,3.204,52.000
0.052,0.019,0.011,18.541,170054.344,6.998,52.000
0.054,0.001,0.022,16.348,34970.867,2.989,52.000
0.052,0.000,0.014,30.903,-5917.375,-1.797,52.000
0.046,0.000,0.020,20.765,4130.125,1.311,52.000
0.050,0.019,0.010,18.406,170007.969,7.991,52.000
0.047,0.001,0.021,21.575,55644.320,1.531,52.000
0.050,0.005,0.010,22.393,138405.000,2.827,52.000
0.050,0.023,0.013,19.128,152456.844,6.754,52.000
0.055,0.000,0.012,27.656,-40085.809,-1.582,52.000
0.051,0.001,0.009,22.669,145825.156,3.002,52.000
0.049,0.012,0.013,20.163,167465.906,8.057,52.000
0.050,0.021,0.013,19.450,133911.938,6.457,52.000
0.058,0.000,0.012,23.195,71837.648,1.065,52.000
0.049,0.010,0.011,17.584,143268.156,6.802,52.000
0.046,0.000,0.011,30.387,-32950.875,1.749,52.000
0.058,0.000,0.018,18.824,16030.297,-0.030,52.000
0.055,0.002,0.011,21.944,130211.711,1.886,52.000
0.055,0.000,0.015,26.075,-27556.039,0.379,52.000
0.050,0.001,0.004,20.183,104506.898,1.748,52.000
0.052,0.025,0.011,20.414,149007.969,5.554,52.000
0.049,0.025,0.011,22.277,164413.969,5.962,52.000
0.043,0.001,0.007,22.355,136009.562,2.552,52.000
0.049,0.004,0.013,16.614,161313.469,1.489,52.000
0.050,0.005,0.010,22.492,147683.844,2.607,52.000
0.051,0.021,0.013,18.909,142575.844,6.871,52.000
0.059,0.001,0.010,19.085,105446.867,0.184,52.000
0.055,0.001,0.017,21.688,111483.258,1.954,52.000
0.058,0.000,0.018,22.126,87843.195,2.612,52.000
0.054,0.002,0.011,22.090,143224.719,2.745,52.000
0.051,0.005,0.009,21.206,154177.781,2.618,52.000
0.047,0.001,0.020,20.256,89289.273,2.346,52.000
0.049,0.000,0.005,23.576,-1388.531,0.574,52.000
0.058,0.001,0.016,21.313,144378.406,1.472,52.000
0.050,0.016,0.014,20.373,122211.633,6.364,52.000
0.053,0.001,0.009,23.295,137429.344,2.107,52.000
0.049,0.005,0.011,21.534,146127.219,2.850,52.000
0.049,0.019,0.013,20.265,165794.750,7.156,52.000
0.051,0.020,0.010,18.726,162708.406,7.009,52.000
0.052,0.001,0.011,23.432,109696.055,2.687,52.000
0.050,0.000,0.005,24.041,-34338.234,-0.634,52.000
0.049,0.017,0.011,19.758,202445.531,7.522,52.000
0.098,0.012,0.012,20.330,77913.211,5.980,52.000
0.052,0.026,0.013,20.827,91536.664,6.171,52.000
0.051,0.019,0.012,18.678,176174.469,7.799,52.000
0.050,0.001,0.015,26.234,114348.805,1.837,52.000
0.046,0.002,0.014,17.965,162370.469,0.949,52.000
0.099,0.013,0.013,21.975,83857.773,3.021,52.000
0.046,0.000,0.018,23.812,18231.367,-1.340,52.000
0.056,0.002,0.012,20.285,142288.438,1.972,52.000
0.057,0.000,0.014,23.044,61549.742,0.180,52.000
0.051,0.001,0.016,24.452,114687.383,2.012,52.000
0.050,0.001,0.022,20.226,-2286.977,1.049,52.000
0.049,0.019,0.010,19.035,186535.969,7.339,52.000
0.059,0.001,0.012,19.761,69748.289,0.781,52.000
0.051,0.017,0.013,19.647,166674.000,7.846,52.000
0.051,0.013,0.012,19.986,163491.000,7.836,52.000
0.051,0.000,0.006,23.862,34303.852,1.999,52.000
0.042,0.001,0.017,24.733,80183.852,0.426,52.000
0.052,0.001,0.004,19.857,112634.789,2.097,52.000
0.048,0.016,0.012,20.186,185103.156,7.899,52.000
0.054,0.002,0.014,21.699,164534.094,3.541,52.000
0.050,0.025,0.010,21.253,148717.719,5.504,52.000
0.001,0.011,0.013,23.662,65084.570,5.859,52.000
0.051,0.003,0.010,22.408,159187.344,2.833,52.000
0.047,0.001,0.010,24.591,40065.898,1.985,52.000
0.045,0.000,0.010,24.729,-9765.773,-1.576,52.000
0.050,0.016,0.011,19.817,191100.656,7.400,52.000
0.050,0.000,0.007,25.205,-11713.422,0.796,52.000
0.043,0.000,0.010,21.563,1667.266,-1.042,52.000
0.043,0.001,0.018,23.274,125392.477,2.221,52.000
0.049,0.018,0.013,20.188,180816.406,7.472,52.000
0.044,0.000,0.007,22.932,-24957.633,-1.326,52.000
0.052,0.017,0.012,18.863,181042.375,7.977,52.000
0.001,0.012,0.011,21.454,134600.812,2.255,52.000
0.002,0.012,0.011,20.585,145826.344,1.716,52.000
0.041,0.001,0.017,21.602,66754.961,0.221,52.000
0.049,0.003,0.010,22.004,165899.719,3.063,52.000
0.048,0.022,0.010,21.381,159643.469,6.468,52.000
0.049,0.013,0.014,21.807,137451.438,6.823,52.000
0.047,0.001,0.014,25.369,77566.867,0.040,52.000
0.057,0.001,0.017,21.027,130526.695,1.908,52.000
0.099,0.013,0.012,21.725,27804.883,2.790,52.000
0.048,0.012,0.011,16.498,142441.812,7.383,52.000
0.052,0.026,0.011,20.218,126752.742,6.158,52.000
0.061,0.001,0.012,15.498,141644.281,1.089,52.000
0.050,0.023,0.014,20.202,123926.570,5.965,52.000
0.049,0.023,0.011,20.970,165834.625,6.144,52.000
0.050,0.014,0.012,20.273,158880.344,7.770,52.000
0.052,0.027,0.012,23.983,111327.195,5.807,52.000
0.048,0.025,0.013,20.918,144635.500,6.458,52.000
0.049,0.000,0.017,25.764,58016.305,0.829,52.000
0.051,0.020,0.012,18.047,172728.781,7.591,52.000
0.053,0.001,0.003,20.968,77007.211,1.500,52.000
0.051,0.001,0.006,21.793,103383.773,2.334,52.000
0.050,0.000,0.023,21.571,-87964.758,5.323,52.000
0.060,0.001,0.011,18.710,95243.930,0.689,52.000
0.049,0.010,0.011,17.146,135427.125,6.615,52.000
0.055,0.001,0.003,24.465,-38747.453,-0.213,52.000
0.049,0.008,0.013,18.544,156291.688,6.246,52.000
0.050,0.012,0.014,23.151,152292.062,7.394,52.000
0.048,0.009,0.013,20.210,157511.750,7.095,52.000
0.052,0.024,0.011,18.842,140580.594,6.784,52.000
0.098,0.014,0.013,21.941,87584.570,2.911,52.000
0.051,0.021,0.010,19.388,147491.562,6.176,52.000
0.052,0.023,0.013,18.203,124316.680,6.670,52.000
0.044,0.001,0.008,24.703,-30076.492,1.206,52.000
0.051,0.016,0.012,20.003,184546.062,7.841,52.000
0.051,0.020,0.011,19.437,177531.250,6.647,52.000
0.047,0.000,0.007,24.942,-15285.375,1.795,52.000
0.051,0.017,0.010,18.196,178196.438,7.483,52.000
0.050,0.026,0.013,20.092,142558.688,6.688,52.000
0.050,0.009,0.013,22.849,179970.344,7.837,52.000
0.043,0.001,0.013,16.630,141117.438,2.163,52.000
0.050,0.022,0.013,20.144,132807.750,6.293,52.000
0.059,0.000,0.010,22.974,19820.930,0.932,52.000
0.046,0.001,0.010,21.764,139503.656,2.702,52.000
0.054,0.001,0.014,24.175,120209.117,1.550,52.000
0.044,0.001,0.007,22.254,134791.844,2.700,52.000
0.055,0.000,0.020,21.095,-47012.785,1.506,52.000
0.050,0.001,0.010,28.861,-7353.945,1.577,52.000
0.098,0.013,0.013,22.316,92679.445,2.325,52.000
0.051,0.009,0.010,15.131,177050.969,5.103,52.000
0.049,0.000,0.010,26.254,-22172.531,0.144,52.000
0.049,0.009,0.014,22.201,165285.750,7.323,52.000
0.051,0.010,0.014,23.114,156435.875,7.115,52.000
0.053,0.001,0.014,27.996,86188.555,1.221,52.000
0.053,0.002,0.014,22.209,168073.625,3.790,52.000
0.100,0.013,0.013,20.626,38568.477,9.746,52.000
0.048,0.001,0.014,19.579,175400.500,1.186,52.000
0.052,0.019,0.013,18.068,152693.688,7.948,52.000
0.047,0.001,0.011,22.036,146789.125,2.840,52.000
0.043,0.001,0.015,25.340,38461.102,-1.007,52.000
0.053,0.000,0.010,30.918,-63408.914,-0.113,52.000
0.002,0.011,0.013,22.919,83911.289,5.159,52.000
0.056,0.001,0.004,19.788,122294.336,2.595,52.000
0.052,0.010,0.010,15.208,176121.906,5.763,52.000
0.053,0.001,0.002,20.641,86339.195,1.459,52.000
0.051,0.019,0.012,18.678,182568.906,7.370,52.000
0.052,0.001,0.001,20.488,88772.758,1.560,52.000
0.058,0.001,0.006,21.065,119744.539,1.563,52.000
0.002,0.013,0.013,23.535,126289.273,4.686,52.000
0.048,0.011,0.012,19.375,168521.031,7.196,52.000
0.052,0.024,0.012,18.395,126389.586,6.657,52.000
0.060,0.001,0.010,16.005,140673.781,0.660,52.000
0.049,0.001,0.005,21.543,94376.914,2.082,52.000
0.054,0.000,0.008,32.260,-52932.320,3.408,52.000
0.050,0.016,0.012,20.366,187497.938,8.015,52.000
0.050,0.007,0.015,20.827,176116.250,6.517,52.000
0.052,0.013,0.013,21.020,160529.062,7.624,52.000
0.049,0.000,0.020,21.118,41758.305,2.328,52.000
0.043,0.000,0.012,24.213,-39889.371,-1.306,52.000
0.059,0.001,0.017,20.943,131646.938,1.978,52.000
0.049,0.001,0.010,22.093,148737.188,2.928,52.000
0.055,0.000,0.010,31.725,13747.328,3.387,52.000
0.050,0.009,0.014,23.127,176425.469,7.715,52.000
0.053,0.001,0.011,28.317,12447.930,0.413,52.000
0.051,0.000,0.017,26.004,-53864.781,-1.818,52.000
0.001,0.012,0.013,23.969,87477.977,5.265,52.000
0.048,0.020,0.014,20.361,131336.281,6.612,52.000
0.051,0.013,0.012,19.902,165943.406,7.841,52.000
0.045,0.001,0.005,21.274,110689.914,2.067,52.000
0.049,0.012,0.012,19.600,177171.156,8.171,52.000
0.048,0.012,0.013,19.770,147091.438,7.694,52.000
0.051,0.002,0.008,22.289,128322.836,2.920,52.000
0.048,0.000,0.007,25.802,-53343.320,0.815,52.000
0.052,0.013,0.012,20.375,159328.156,7.740,52.000
0.057,0.000,0.015,25.583,14318.258,-0.898,52.000
0.052,0.009,0.011,16.786,174842.562,6.501,52.000
0.055,0.001,0.021,18.313,40770.320,2.546,52.000
0.052,0.002,0.013,18.749,183205.188,2.350,52.000
0.058,0.001,0.011,18.806,110130.273,1.349,52.000
0.050,0.023,0.012,19.658,171357.688,6.824,52.000
0.043,0.001,0.005,19.985,135593.344,2.364,52.000
0.046,0.000,0.009,25.777,-15622.289,2.238,52.000
0.051,0.019,0.014,19.126,122684.914,6.856,52.000
0.048,0.011,0.011,17.776,145682.719,7.522,52.000
0.050,0.016,0.010,17.931,188070.094,7.124,52.000
0.053,0.000,0.007,25.356,15455.508,0.158,52.000
0.052,0.006,0.013,20.025,188441.625,4.624,52.000
0.000,0.011,0.012,24.601,10357.680,5.513,52.000
0.048,0.015,0.013,19.828,174364.594,8.033,52.000
0.052,0.001,0.017,21.456,127133.805,2.610,52.000
0.097,0.012,0.012,20.778,81533.883,5.315,52.000
0.048,0.011,0.013,19.735,145065.312,6.981,52.000
0.049,0.016,0.012,20.317,188058.312,7.866,52.000
0.047,0.000,0.017,26.728,-12009.719,-2.575,52.000
0.048,0.026,0.012,21.617,165157.875,7.029,52.000
0.048,0.007,0.011,20.461,135100.375,3.932,52.000
0.048,0.012,0.010,15.970,139410.969,7.361,52.000
0.053,0.002,0.007,22.929,101491.430,2.692,52.000
0.049,0.004,0.010,22.378,158381.469,2.819,52.000
0.051,0.005,0.011,20.803,145548.125,2.760,52.000
0.049,0.009,0.012,18.654,124127.180,5.578,52.000
0.051,0.003,0.010,22.107,158835.000,2.651,52.000
0.051,0.000,0.007,24.407,-17698.367,0.022,52.000
0.048,0.020,0.012,20.236,180411.812,7.273,52.000
0.051,0.026,0.012,19.952,131031.820,6.711,52.000
0.041,0.000,0.013,21.595,-58485.047,-2.045,52.000
0.051,0.003,0.011,21.898,168489.156,3.113,52.000
0.047,0.000,0.003,17.576,34911.430,2.033,52.000
0.051,0.022,0.010,19.697,149729.719,5.807,52.000
0.052,0.012,0.012,19.827,171430.719,7.751,52.000
0.049,0.001,0.017,25.772,95892.102,1.421,52.000
0.098,0.012,0.013,21.565,98358.211,2.722,52.000
0.058,0.000,0.016,21.974,99572.273,1.465,52.000
0.045,0.000,0.002,20.111,49819.320,-1.727,52.000
0.052,0.000,0.016,26.879,1891.805,-1.775,52.000
0.055,0.000,0.002,23.650,-16614.195,0.943,52.000
0.043,0.000,0.016,23.538,27493.602,-1.188,52.000
0.049,0.023,0.013,19.846,162145.750,7.085,52.000
0.053,0.000,0.009,33.076,-4595.758,4.898,52.000
0.050,0.015,0.014,20.347,134961.625,6.745,52.000
0.052,0.023,0.011,18.520,150149.969,6.924,52.000
0.048,0.023,0.011,21.237,166303.750,6.338,52.000
0.059,0.000,0.018,22.541,48752.852,1.757,52.000
0.045,0.001,0.004,19.748,85657.086,1.256,52.000
0.047,0.001,0.013,17.656,173698.625,1.560,52.000
0.048,0.001,0.007,22.239,103605.477,2.586,52.000
0.050,0.015,0.010,18.273,184333.500,6.303,52.000
0.044,0.001,0.020,22.134,19075.141,0.524,52.000
0.040,0.000,0.010,21.014,27865.383,-2.368,52.000
0.050,0.005,0.012,19.456,160962.719,2.717,52.000
0.048,0.011,0.013,20.007,149525.281,7.458,52.000
0.051,0.002,0.013,17.421,189816.344,2.151,52.000
0.044,0.000,0.007,20.460,-9701.844,1.545,52.000
0.050,0.007,0.011,19.761,122028.195,3.431,52.000
0.049,0.026,0.014,20.743,120288.789,5.822,52.000
0.051,0.001,0.008,23.457,120751.102,2.746,52.000
0.049,0.001,0.014,26.491,91013.539,0.840,52.000
0.052,0.001,0.009,26.989,12558.328,1.623,52.000
0.051,0.020,0.010,18.902,157092.281,6.774,52.000
0.050,0.020,0.010,18.850,160628.438,7.441,52.000
0.044,0.002,0.014,16.847,145053.250,1.863,52.000
0.051,0.025,0.012,18.923,150009.312,6.916,52.000
0.051,0.001,0.004,19.492,110960.227,1.720,52.000
0.041,0.000,0.008,19.083,2468.602,1.428,52.000
0.055,0.001,0.011,21.912,125319.039,1.221,52.000
0.061,0.001,0.011,15.778,134207.062,0.912,52.000
0.052,0.000,0.020,19.855,-33200.156,2.607,52.000
0.044,0.001,0.019,25.123,-35560.594,-1.666,52.000
0.051,0.007,0.010,19.488,136812.438,3.041,52.000
0.046,0.001,0.012,19.126,171386.594,2.568,52.000
0.058,0.000,0.018,22.177,38950.523,2.232,52.000
0.043,0.001,0.010,19.842,164001.125,2.172,52.000
0.049,0.016,0.010,18.008,189478.625,6.885,52.000
0.049,0.009,0.014,22.002,155984.844,6.748,52.000
0.055,0.000,0.009,29.964,-84450.016,0.130,52.000
0.050,0.015,0.010,18.165,185798.812,6.476,52.000
0.050,0.021,0.012,18.857,170532.438,6.944,52.000
0.048,0.006,0.014,17.768,147507.750,3.612,52.000
0.054,0.000,0.006,24.552,29408.227,1.028,52.000
0.048,0.020,0.012,19.912,186301.156,7.319,52.000
0.059,0.000,0.007,26.075,-59083.629,-1.619,52.000
0.050,0.006,0.014,19.290,192089.688,5.720,52.000
0.048,0.012,0.012,19.129,179011.719,8.018,52.000
0.043,0.001,0.010,20.513,145341.781,1.707,52.000
0.000,0.013,0.011,24.775,21304.477,5.922,52.000
0.052,0.020,0.012,17.908,170998.188,7.629,52.000
0.054,0.001,0.009,25.803,67375.570,0.789,52.000
0.054,0.000,0.021,21.902,-53684.785,3.265,52.000
0.050,0.003,0.009,22.268,161254.031,3.086,52.000
0.050,0.023,0.012,19.278,158815.500,6.852,52.000
0.048,0.001,0.011,21.461,169243.625,3.255,52.000
0.051,0.026,0.012,20.039,147533.000,6.707,52.000
0.055,0.000,0.011,32.928,-78692.109,0.119,52.000
0.047,0.001,0.014,20.884,122899.430,0.290,52.000
0.001,0.011,0.012,23.027,84975.898,3.812,52.000
0.054,0.000,0.013,31.179,2341.984,2.677,52.000
0.052,0.020,0.012,18.016,165965.031,7.429,52.000
0.056,0.001,0.005,20.820,118481.773,2.303,52.000
0.051,0.006,0.013,19.431,176349.531,4.526,52.000
0.050,0.023,0.011,20.636,158515.469,6.088,52.000
0.050,0.001,0.022,19.512,66703.758,2.171,52.000
0.053,0.000,0.002,23.118,-7347.562,0.210,52.000
0.050,0.001,0.005,21.507,95901.133,1.782,52.000
0.052,0.018,0.011,18.896,184087.562,6.999,52.000
0.049,0.018,0.011,19.010,204390.219,7.668,52.000
0.045,0.001,0.008,22.869,134264.625,2.668,52.000
0.050,0.012,0.011,16.982,158028.000,7.381,52.000
0.056,0.001,0.020,19.470,10147.734,1.671,52.000
0.050,0.001,0.005,20.824,98471.789,2.064,52.000
0.049,0.025,0.011,21.473,163983.938,6.344,52.000
0.050,0.006,0.014,19.630,188662.969,5.436,52.000
0.053,0.001,0.007,26.135,34503.805,1.008,52.000
0.050,0.027,0.014,16.624,158836.375,5.266,52.000
0.049,0.022,0.012,19.796,179105.062,6.979,52.000
0.049,0.019,0.011,19.091,192305.406,7.221,52.000
0.049,0.023,0.013,19.779,149341.844,6.773,52.000
0.044,0.001,0.009,20.027,172235.781,3.127,52.000
0.050,0.021,0.013,19.640,134363.625,6.515,52.000
0.050,0.015,0.011,19.059,194469.938,7.183,52.000
0.054,0.000,0.010,29.749,-14628.867,-0.200,52.000
0.049,0.000,0.004,20.843,48601.102,1.107,52.000
0.043,0.001,0.018,25.593,68612.273,0.482,52.000
0.056,0.001,0.005,22.060,108877.789,2.133,52.000
0.057,0.000,0.017,22.446,-18771.383,0.145,52.000
0.050,0.000,0.019,20.210,-13626.516,0.073,52.000
0.049,0.019,0.012,19.880,194450.500,7.307,52.000
0.051,0.005,0.012,20.063,157578.031,2.659,52.000
0.046,0.000,0.019,22.825,23237.789,0.032,52.000
0.051,0.015,0.011,19.225,187378.500,7.146,52.000
0.043,0.001,0.018,22.945,124229.070,2.239,52.000
0.050,0.008,0.012,18.895,131560.750,5.222,52.000
0.050,0.025,0.011,21.236,153443.125,5.529,52.000
0.040,0.001,0.015,18.823,45977.664,-0.430,52.000
0.051,0.012,0.010,15.061,157059.500,6.536,52.000
0.052,0.004,0.011,21.356,162291.719,2.773,52.000
0.098,0.014,0.012,21.770,79816.867,3.754,52.000
0.054,0.002,0.006,21.315,118698.648,2.912,52.000
0.052,0.003,0.012,18.620,175724.531,2.898,52.000
0.051,0.023,0.010,19.882,148423.125,5.694,52.000
0.051,0.015,0.014,20.802,136449.250,6.893,52.000
0.051,0.001,0.005,23.721,29819.289,1.278,52.000
0.051,0.007,0.011,19.461,121479.758,3.173,52.000
0.049,0.015,0.010,18.157,192922.688,6.882,52.000
0.048,0.015,0.012,18.976,169838.500,8.280,52.000
0.051,0.000,0.012,28.724,-101759.242,-2.767,52.000
0.055,0.001,0.013,23.749,104400.773,1.013,52.000
0.050,0.021,0.014,19.926,97024.164,5.630,52.000
0.052,0.017,0.012,18.617,178408.500,7.983,52.000
0.054,0.000,0.013,30.241,-22913.422,3.484,52.000
0.048,0.000,0.004,22.933,10589.844,-0.868,52.000
0.048,0.025,0.012,20.867,167792.500,7.077,52.000
0.048,0.002,0.006,20.630,101459.039,2.771,52.000
0.044,0.001,0.016,24.182,118076.258,1.855,52.000
0.059,0.001,0.009,17.769,140386.688,0.971,52.000
0.049,0.011,0.011,18.316,157971.031,7.658,52.000
0.046,0.002,0.013,17.425,167812.719,1.987,52.000
0.051,0.014,0.013,20.512,155493.844,7.720,52.000
0.049,0.025,0.010,22.080,160547.594,5.794,52.000
0.052,0.005,0.011,21.365,147753.125,2.815,52.000
0.048,0.000,0.005,22.332,15314.008,1.238,52.000
0.053,0.001,0.004,20.419,110400.914,2.218,52.000
0.051,0.021,0.013,18.769,145032.688,6.921,52.000
0.050,0.020,0.010,18.695,163050.281,7.352,52.000
0.055,0.000,0.009,26.670,-11411.578,-0.371,52.000
0.058,0.001,0.007,22.464,95502.742,0.785,52.000
0.059,0.001,0.016,21.163,147033.188,1.382,52.000
0.003,0.012,0.012,21.714,122081.977,3.259,52.000
0.048,0.001,0.005,20.450,101990.945,2.496,52.000
0.002,0.014,0.011,21.867,143706.500,3.394,52.000
0.056,0.002,0.013,19.770,142713.562,2.253,52.000
0.057,0.001,0.015,21.945,142631.281,1.373,52.000
0.054,0.001,0.010,29.660,-5541.492,-0.419,52.000
0.050,0.008,0.015,21.597,167482.531,6.713,52.000
0.049,0.002,0.010,22.296,162647.625,3.081,52.000
0.042,0.001,0.017,22.328,113593.633,1.587,52.000
0.053,0.000,0.022,18.722,-28573.883,3.128,52.000
0.046,0.000,0.005,22.104,17866.430,-0.812,52.000
0.041,0.001,0.017,20.625,86427.570,0.845,52.000
0.057,0.001,0.017,23.457,54718.492,1.031,52.000
0.049,0.000,0.007,23.551,-16589.172,0.348,52.000
0.051,0.003,0.010,22.246,161066.375,2.637,52.000
0.050,0.011,0.010,16.186,147485.688,7.522,52.000
0.050,0.000,0.017,25.051,-67067.406,-1.851,52.000
0.048,0.001,0.012,26.813,36202.492,1.734,52.000
0.056,0.001,0.012,20.267,144560.000,1.907,52.000
0.049,0.016,0.014,19.961,137557.094,6.635,52.000
0.050,0.010,0.013,21.565,172769.375,8.150,52.000
0.049,0.010,0.011,16.830,136175.938,6.877,52.000
0.058,0.001,0.004,19.755,122872.836,2.931,52.000
0.050,0.012,0.011,18.877,182789.281,7.967,52.000
0.051,0.015,0.013,20.236,152159.281,7.454,52.000
0.049,0.013,0.014,22.472,137577.688,6.728,52.000
0.051,0.018,0.013,19.249,177207.750,8.147,52.000
0.048,0.017,0.012,20.433,192151.406,7.488,52.000
0.051,0.001,0.016,24.407,121625.445,1.992,52.000
0.044,0.001,0.016,26.690,58878.945,-0.027,52.000
0.058,0.000,0.015,24.763,14474.781,0.838,52.000
0.052,0.001,0.009,23.949,124975.180,2.147,52.000
0.051,0.012,0.014,23.413,143154.281,6.607,52.000
0.049,0.005,0.011,20.758,147181.094,2.821,52.000
0.051,0.016,0.014,20.698,139259.969,7.091,52.000
0.052,0.008,0.012,19.422,143632.938,6.253,52.000
0.050,0.024,0.012,19.481,163954.938,7.002,52.000
0.059,0.001,0.018,20.052,143097.719,1.932,52.000
0.048,0.025,0.012,20.934,170563.219,7.061,52.000
0.048,0.008,0.012,17.781,124035.961,5.822,52.000
0.057,0.001,0.007,22.327,110933.836,1.554,52.000
0.050,0.008,0.010,18.014,144255.906,4.289,52.000
0.055,0.002,0.011,21.477,138178.688,2.126,52.000
0.045,0.000,0.008,25.127,11991.984,3.077,52.000
0.050,0.006,0.010,21.993,139930.875,2.896,52.000
0.039,0.001,0.015,17.615,74415.836,0.178,52.000
0.056,0.000,0.004,21.397,21422.562,-0.030,52.000
0.048,0.000,0.006,23.068,50465.367,0.795,52.000
0.043,0.002,0.015,20.817,133293.188,1.980,52.000
0.052,0.001,0.006,21.630,113039.305,2.503,52.000
0.049,0.000,0.007,25.059,-17646.336,0.566,52.000
0.049,0.018,0.011,18.966,200232.062,7.505,52.000
0.050,0.001,0.018,22.424,101192.617,1.748,52.000
0.058,0.001,0.016,21.766,145257.969,1.526,52.000
0.048,0.020,0.012,19.997,191197.000,7.152,52.000
0.048,0.000,0.018,23.446,-35178.922,-1.155,52.000
0.058,0.001,0.019,19.481,124345.930,2.510,52.000
0.049,0.015,0.011,19.028,183001.281,7.426,52.000
0.048,0.001,0.016,23.542,136837.094,3.168,52.000
0.050,0.020,0.013,19.841,159516.188,7.133,52.000
0.050,0.001,0.007,23.066,110279.398,2.653,52.000
0.054,0.001,0.017,23.662,100344.227,1.161,52.000
0.058,0.001,0.009,23.405,74554.492,-0.120,52.000
0.049,0.006,0.010,20.990,154792.250,3.452,52.000
0.052,0.016,0.012,19.198,179477.156,8.021,52.000
0.050,0.001,0.015,29.463,30103.570,-0.536,52.000
0.051,0.001,0.011,23.406,112444.852,2.201,52.000
0.052,0.005,0.013,19.612,185627.875,4.598,52.000
0.049,0.018,0.014,20.747,128658.570,6.484,52.000
0.048,0.008,0.013,17.306,125318.477,5.719,52.000
0.059,0.000,0.018,21.175,52523.602,1.164,52.000
0.049,0.018,0.011,19.094,200069.938,7.459,52.000
0.040,0.000,0.011,19.487,80766.758,-2.314,52.000
0.040,0.001,0.007,20.316,143445.406,2.111,52.000
0.049,0.002,0.011,22.408,165030.031,3.024,52.000
0.048,0.025,0.012,21.395,169721.062,6.979,52.000
0.048,0.019,0.013,20.491,172705.562,7.140,52.000
0.051,0.019,0.010,18.686,170236.750,7.101,52.000
0.051,0.008,0.012,20.931,146031.531,6.386,52.000
0.051,0.001,0.008,25.812,22955.062,1.771,52.000
0.044,0.001,0.011,19.927,167285.438,2.492,52.000
0.049,0.001,0.022,19.423,-2172.438,0.602,52.000
0.060,0.000,0.014,17.899,31630.836,-1.235,52.000
0.048,0.006,0.013,16.241,130991.883,3.726,52.000
0.041,0.001,0.013,19.667,77253.883,-0.306,52.000
0.050,0.024,0.012,19.460,160384.000,7.016,52.000
0.002,0.011,0.012,22.915,88591.008,4.811,52.000
0.050,0.017,0.010,18.452,196847.312,7.651,52.000
0.051,0.013,0.012,20.099,162014.188,7.766,52.000
0.054,0.002,0.013,21.375,168746.875,3.778,52.000
0.099,0.012,0.011,20.345,54560.523,6.772,52.000
0.049,0.017,0.012,20.227,190368.375,7.801,52.000
0.044,0.002,0.015,21.744,138312.906,2.049,52.000
0.054,0.001,0.006,21.456,116521.477,2.735,52.000
0.050,0.008,0.015,22.383,163361.969,6.739,52.000
0.049,0.019,0.011,19.352,195197.906,7.300,52.000
0.052,0.014,0.014,21.507,135059.500,6.754,52.000
0.048,0.015,0.011,18.653,180726.281,7.407,52.000
0.047,0.000,0.006,21.922,-2477.422,1.390,52.000
0.051,0.026,0.011,21.504,144256.000,5.886,52.000
0.052,0.002,0.012,20.806,174048.188,3.151,52.000
0.053,0.001,0.004,21.594,60197.695,1.188,52.000
0.053,0.001,0.014,29.224,31336.539,-0.621,52.000
0.051,0.005,0.012,17.833,151379.031,3.266,52.000
0.051,0.016,0.014,20.643,140761.938,7.137,52.000
0.052,0.015,0.012,19.280,162344.531,8.343,52.000
0.052,0.000,0.015,26.051,-17244.367,1.591,52.000
0.051,0.014,0.011,19.108,172951.188,6.688,52.000
0.050,0.024,0.010,20.907,151762.969,5.664,52.000
0.052,0.000,0.002,20.054,6684.086,-0.076,52.000
0.098,0.012,0.012,20.657,77849.492,5.632,52.000
0.060,0.001,0.015,20.279,159893.094,1.430,52.000
0.048,0.001,0.004,20.068,98527.539,1.338,52.000
0.044,0.001,0.007,21.717,138376.812,3.259,52.000
0.046,0.001,0.018,22.788,114187.320,2.128,52.000
0.052,0.016,0.011,18.676,180297.188,6.889,52.000
0.047,0.002,0.017,22.362,133933.375,3.621,52.000
0.053,0.002,0.006,21.688,108108.555,2.703,52.000
0.049,0.020,0.011,19.852,187949.750,6.786,52.000
0.052,0.002,0.014,22.009,168435.250,3.587,52.000
0.049,0.001,0.019,22.191,54602.102,0.954,52.000
0.001,0.012,0.014,23.317,53363.805,6.090,52.000
0.060,0.001,0.011,17.665,106616.211,0.811,52.000
0.048,0.008,0.013,18.380,134108.312,6.093,52.000
0.049,0.017,0.011,19.917,202582.438,7.442,52.000
0.050,0.006,0.010,21.241,140795.125,2.861,52.000
0.048,0.022,0.012,20.119,186587.906,6.941,52.000
0.050,0.015,0.013,20.073,157732.000,7.594,52.000
0.049,0.001,0.011,23.111,130875.664,3.214,52.000
0.052,0.009,0.012,19.152,165834.781,7.813,52.000
0.053,0.000,0.014,29.191,-14933.758,1.488,52.000
0.048,0.001,0.012,20.102,159122.156,2.457,52.000
0.002,0.013,0.012,23.472,118785.445,4.513,52.000
0.050,0.007,0.010,20.324,152872.188,3.401,52.000
0.050,0.022,0.011,19.831,166602.094,6.426,52.000
0.051,0.003,0.013,18.057,189348.500,2.356,52.000
0.050,0.024,0.011,20.544,162467.719,6.355,52.000
0.057,0.001,0.017,20.462,126124.773,2.467,52.000
0.053,0.001,0.021,18.855,15348.172,1.885,52.000
0.047,0.000,0.016,26.362,-10012.867,0.212,52.000
0.051,0.001,0.010,23.140,140132.344,2.589,52.000
0.050,0.000,0.023,21.354,-80280.672,4.149,52.000
0.000,0.012,0.011,23.053,327.445,5.283,52.000
0.052,0.003,0.011,22.080,161757.500,3.028,52.000
0.048,0.021,0.013,20.196,167628.812,7.084,52.000
0.053,0.000,0.016,22.985,4173.484,-0.453,52.000
0.050,0.021,0.010,19.951,151185.688,6.541,52.000
0.046,0.001,0.016,25.518,109675.195,1.631,52.000
0.050,0.012,0.011,18.691,186445.031,8.046,52.000
0.051,0.009,0.014,22.916,168897.656,7.360,52.000
0.042,0.001,0.016,23.939,90208.164,0.697,52.000
0.050,0.024,0.011,20.783,165886.906,6.370,52.000
0.048,0.020,0.012,20.221,193224.312,7.025,52.000
0.049,0.022,0.013,20.348,135380.875,6.487,52.000
0.051,0.026,0.010,21.816,150673.625,5.164,52.000
0.056,0.001,0.009,28.010,-26250.828,-0.085,52.000
0.049,0.017,0.014,20.059,144998.594,7.034,52.000
0.043,0.001,0.020,22.106,106963.883,2.186,52.000
0.048,0.001,0.013,18.706,170538.531,1.360,52.000
0.041,0.001,0.010,21.603,20115.312,-0.121,52.000
0.048,0.000,0.013,31.287,-45803.914,3.643,52.000
0.049,0.018,0.013,20.937,150895.344,6.991,52.000
0.052,0.001,0.015,25.234,134904.812,2.498,52.000
0.041,0.001,0.011,20.034,138985.438,0.065,52.000
0.051,0.025,0.013,19.951,129221.539,6.090,52.000
0.048,0.001,0.004,21.811,34994.117,0.978,52.000
0.060,0.001,0.017,20.657,156051.438,1.258,52.000
0.049,0.001,0.005,20.497,100231.195,2.319,52.000
0.052,0.001,0.017,26.471,622.461,-0.656,52.000
0.042,0.001,0.009,20.207,140099.562,1.792,52.000
0.052,0.015,0.013,19.920,154547.375,8.041,52.000
0.051,0.001,0.011,25.551,81382.695,2.573,52.000
0.059,0.001,0.009,22.077,52460.023,-0.105,52.000
0.059,0.001,0.013,17.585,129033.961,1.964,52.000
0.052,0.024,0.011,19.141,148121.469,6.320,52.000
0.054,0.001,0.017,22.024,109407.742,1.713,52.000
0.056,0.001,0.019,20.840,95565.805,2.402,52.000
0.050,0.018,0.012,19.616,190483.500,7.635,52.000
0.054,0.001,0.013,22.897,119934.086,1.526,52.000
0.051,0.021,0.010,19.211,153063.406,5.998,52.000
0.046,0.001,0.012,18.910,157897.469,2.159,52.000
0.051,0.003,0.010,22.309,160090.344,2.450,52.000
0.049,0.017,0.013,20.318,180147.031,7.819,52.000
0.051,0.009,0.012,20.017,162321.062,7.474,52.000
0.047,0.001,0.002,18.374,118081.992,0.808,52.000
0.053,0.001,0.021,18.377,85425.430,2.934,52.000
0.052,0.000,0.003,20.248,32660.320,0.705,52.000
0.052,0.004,0.012,18.823,175804.969,3.025,52.000
0.049,0.009,0.012,19.143,118348.945,5.758,52.000
0.054,0.001,0.014,22.140,163180.625,3.240,52.000
0.051,0.023,0.013,19.804,129958.727,5.956,52.000
0.002,0.010,0.012,22.756,75597.680,4.797,52.000
0.050,0.002,0.006,20.902,95817.773,2.554,52.000
0.060,0.001,0.011,15.367,138314.562,0.987,52.000
0.042,0.001,0.014,20.787,38376.445,-0.051,52.000
0.044,0.000,0.009,24.540,28662.711,0.775,52.000
0.048,0.001,0.008,21.903,131574.094,2.977,52.000
0.050,0.011,0.015,23.491,145501.438,6.501,52.000
0.048,0.027,0.013,26.465,78056.836,4.911,52.000
0.049,0.004,0.013,16.198,153149.312,2.515,52.000
0.049,0.018,0.013,20.341,167081.469,7.318,52.000
0.048,0.014,0.013,19.709,163392.594,7.719,52.000
0.052,0.014,0.014,21.801,144586.875,7.065,52.000
0.051,0.020,0.014,18.603,127435.945,7.045,52.000
0.051,0.001,0.023,17.716,-7713.930,1.697,52.000
0.054,0.002,0.009,23.498,101465.195,2.058,52.000
0.060,0.000,0.014,21.536,83640.492,1.437,52.000
0.097,0.011,0.012,19.942,86047.773,5.804,52.000
0.043,0.001,0.020,23.294,88290.805,1.679,52.000
0.051,0.010,0.012,21.253,188945.062,8.142,52.000
0.045,0.002,0.010,19.964,170570.312,3.165,52.000
0.049,0.025,0.013,20.858,154261.500,6.753,52.000
0.055,0.001,0.009,24.110,87777.867,0.958,52.000
0.050,0.001,0.008,26.955,-10238.703,1.815,52.000
0.048,0.002,0.015,22.155,165080.156,1.896,52.000
0.054,0.001,0.007,24.518,81477.805,1.980,52.000
0.049,0.003,0.013,16.220,161909.375,1.638,52.000
0.046,0.000,0.005,21.516,55088.477,0.429,52.000
0.050,0.015,0.012,20.046,173178.812,8.306,52.000
0.050,0.000,0.012,25.307,59885.086,0.203,52.000
0.048,0.007,0.013,17.499,135040.281,4.865,52.000
0.048,0.017,0.011,19.913,199407.531,7.421,52.000
0.052,0.001,0.011,23.551,112142.320,2.106,52.000
0.100,0.013,0.012,21.934,31492.648,2.692,52.000
0.049,0.007,0.012,18.576,119964.367,3.820,52.000
0.041,0.001,0.006,19.929,150970.750,2.405,52.000
0.044,0.000,0.004,20.288,56674.055,-1.446,52.000
0.042,0.001,0.011,20.294,143911.281,0.952,52.000
0.048,0.004,0.012,17.147,162377.312,2.761,52.000
0.050,0.007,0.009,18.974,160994.344,3.422,52.000
0.049,0.016,0.014,19.753,132399.375,6.643,52.000
0.057,0.001,0.020,17.850,120819.180,3.225,52.000
0.057,0.000,0.018,22.957,-6911.062,1.944,52.000
0.043,0.001,0.014,20.948,109992.758,0.662,52.000
0.053,0.000,0.013,29.957,-2354.109,2.540,52.000
0.049,0.025,0.013,20.331,154849.594,6.819,52.000
0.046,0.001,0.020,22.091,66861.602,1.492,52.000
0.055,0.000,0.006,24.726,14514.977,0.429,52.000
0.040,0.001,0.010,19.697,135150.062,-0.530,52.000
0.047,0.000,0.010,28.169,-57251.824,-0.884,52.000
0.056,0.001,0.004,19.836,118912.477,2.793,52.000
0.052,0.001,0.018,22.791,59905.008,0.792,52.000
0.047,0.000,0.008,25.236,-23245.328,1.581,52.000
0.057,0.001,0.011,20.343,125495.195,0.848,52.000
0.049,0.017,0.012,20.317,197276.062,7.292,52.000
0.043,0.000,0.016,23.811,24583.641,-2.737,52.000
0.050,0.013,0.011,17.860,165973.375,6.954,52.000
0.051,0.000,0.014,30.876,-50643.512,-1.800,52.000
0.045,0.002,0.009,21.101,158655.000,3.444,52.000
0.043,0.001,0.010,20.172,146257.031,1.435,52.000
0.051,0.000,0.011,30.741,22666.883,0.491,52.000
0.051,0.007,0.011,19.609,120596.242,3.546,52.000
0.049,0.002,0.014,20.697,174510.875,1.625,52.000
0.050,0.023,0.010,20.888,153479.312,5.760,52.000
0.050,0.013,0.014,22.388,143968.469,7.015,52.000
0.051,0.017,0.011,19.621,192392.406,7.315,52.000
0.045,0.002,0.011,20.058,171375.812,2.915,52.000
0.052,0.007,0.013,21.164,179776.625,6.601,52.000
0.052,0.001,0.013,24.913,99615.523,1.651,52.000
0.001,0.013,0.011,21.676,137565.062,2.254,52.000
0.047,0.000,0.018,24.969,-58796.102,-2.666,52.000
0.049,0.008,0.011,19.130,113847.117,4.150,52.000
0.047,0.001,0.016,28.530,8751.359,-1.158,52.000
0.043,0.001,0.005,20.029,135872.281,2.623,52.000
0.047,0.002,0.018,22.376,135351.562,3.358,52.000
0.052,0.001,0.006,23.347,91098.008,2.056,52.000
0.051,0.000,0.005,21.609,6289.234,0.782,52.000
0.047,0.000,0.017,23.360,16401.055,-0.587,52.000
0.051,0.007,0.010,19.998,133424.562,2.544,52.000
0.099,0.011,0.012,20.252,60411.898,4.457,52.000
0.050,0.011,0.014,23.465,147339.250,6.715,52.000
0.049,0.025,0.010,22.158,157959.750,5.917,52.000
0.048,0.006,0.011,21.122,145239.312,3.009,52.000
0.051,0.020,0.013,19.219,150260.750,7.450,52.000
0.051,0.023,0.012,18.094,146425.625,6.777,52.000
0.041,0.001,0.009,20.313,137690.500,1.879,52.000
0.050,0.021,0.012,18.822,180257.406,7.015,52.000
0.049,0.004,0.010,22.348,154951.125,2.690,52.000
0.049,0.027,0.010,25.709,125203.320,4.930,52.000
0.052,0.001,0.017,23.374,99288.164,1.545,52.000
0.049,0.021,0.011,20.218,167715.938,6.219,52.000
0.049,0.013,0.014,22.482,136807.906,6.995,52.000
0.052,0.002,0.013,18.969,185849.562,2.537,52.000
0.049,0.001,0.009,21.844,162526.438,3.342,52.000
0.052,0.010,0.011,18.446,172964.094,7.589,52.000
0.050,0.004,0.012,18.306,164885.156,2.966,52.000
0.044,0.001,0.017,25.777,40781.945,-0.218,52.000
0.051,0.001,0.013,20.233,152093.031,1.799,52.000
0.049,0.023,0.013,19.926,157859.906,6.943,52.000
0.050,0.010,0.014,23.213,153981.906,7.113,52.000
0.045,0.001,0.005,19.729,121954.805,2.511,52.000
0.041,0.000,0.015,21.539,-4912.602,-2.407,52.000
0.040,0.001,0.010,18.900,138853.938,0.151,52.000
0.002,0.010,0.012,22.496,92692.930,3.925,52.000
0.050,0.001,0.019,21.207,90145.195,1.659,52.000
0.051,0.001,0.005,22.800,31029.961,1.112,52.000
0.041,0.000,0.017,21.651,-9627.367,-3.041,52.000
0.052,0.005,0.011,20.341,157455.719,3.072,52.000
0.049,0.003,0.012,20.316,172150.781,3.272,52.000
0.047,0.000,0.006,23.171,27030.055,0.569,52.000
0.045,0.002,0.007,21.190,130877.602,3.329,52.000
0.052,0.012,0.011,18.689,170215.062,7.322,52.000
0.051,0.000,0.013,25.663,67832.633,0.613,52.000
0.050,0.003,0.014,19.347,174533.500,1.810,52.000
0.050,0.021,0.014,20.165,125215.617,6.392,52.000
0.002,0.012,0.013,23.445,83591.133,5.347,52.000
0.042,0.001,0.011,20.320,140811.594,0.573,52.000
0.048,0.000,0.004,22.567,1577.828,0.802,52.000
0.051,0.001,0.018,23.779,42732.070,0.228,52.000
0.050,0.003,0.012,19.733,170317.562,3.195,52.000
0.050,0.004,0.010,22.651,154646.188,2.673,52.000
0.052,0.001,0.005,22.281,93019.570,1.918,52.000
0.050,0.018,0.012,19.773,192618.875,7.675,52.000
0.048,0.005,0.010,21.547,157658.875,3.091,52.000
0.041,0.001,0.011,19.155,148142.625,0.727,52.000
0.052,0.016,0.014,20.105,140680.656,7.191,52.000
0.050,0.001,0.022,19.805,54253.445,1.932,52.000
0.039,0.001,0.010,20.757,34721.680,-1.223,52.000
0.049,0.019,0.011,19.915,196646.000,7.033,52.000
0.053,0.000,0.018,23.221,-54447.922,0.504,52.000
0.052,0.002,0.017,21.918,128164.758,2.715,52.000
0.058,0.000,0.005,24.786,-24875.031,0.389,52.000
0.057,0.002,0.011,19.636,128469.898,1.481,52.000
0.044,0.001,0.020,22.566,81888.289,1.955,52.000
0.050,0.004,0.011,21.615,158361.125,2.828,52.000
0.057,0.001,0.004,19.827,120506.008,2.962,52.000
0.056,0.001,0.013,21.047,150116.750,2.619,52.000
0.044,0.001,0.017,24.046,130016.102,2.612,52.000
0.044,0.001,0.007,23.657,22542.844,1.545,52.000
0.052,0.011,0.012,19.365,185715.188,8.094,52.000
0.051,0.005,0.009,21.467,156338.531,2.599,52.000
0.047,0.001,0.006,22.712,54326.898,1.553,52.000
0.051,0.000,0.023,21.041,-72391.000,5.143,52.000
0.052,0.012,0.012,19.290,181794.406,7.866,52.000
0.048,0.001,0.019,22.246,36644.914,0.753,52.000
0.056,0.002,0.015,21.828,138514.500,1.538,52.000
0.051,0.026,0.010,21.708,144679.812,5.005,52.000
0.050,0.004,0.014,19.186,170810.594,1.800,52.000
0.049,0.004,0.013,16.700,149373.719,1.642,52.000
0.051,0.014,0.010,18.937,171823.906,6.338,52.000
0.052,0.006,0.012,19.467,157300.500,3.395,52.000
0.057,0.001,0.016,23.964,99024.836,0.790,52.000
0.052,0.002,0.007,22.418,99098.508,2.723,52.000
0.048,0.002,0.011,22.276,166256.906,2.756,52.000
0.050,0.009,0.013,23.057,177701.875,7.951,52.000
0.001,0.013,0.012,23.909,106376.508,4.587,52.000
0.050,0.002,0.015,22.601,152031.375,3.262,52.000
0.050,0.000,0.023,21.940,-76817.516,3.959,52.000
0.051,0.014,0.010,19.336,174224.438,6.602,52.000
0.056,0.000,0.004,21.232,97431.336,1.830,52.000
0.050,0.000,0.014,31.116,-36812.883,-1.993,52.000
0.097,0.013,0.012,20.971,85506.664,4.318,52.000
0.051,0.004,0.011,20.736,165436.906,2.855,52.000
0.042,0.001,0.009,20.278,137966.875,1.298,52.000
0.056,0.000,0.007,25.137,-12752.891,-0.286,52.000
0.052,0.020,0.012,17.699,170517.688,7.552,52.000
0.050,0.000,0.020,21.012,-46917.285,1.403,52.000
0.052,0.002,0.016,23.196,134014.688,2.764,52.000
0.059,0.000,0.008,23.610,23466.211,-1.932,52.000
0.052,0.001,0.020,19.647,89841.711,2.408,52.000
0.054,0.001,0.015,29.152,-21692.445,-0.678,52.000
0.051,0.006,0.015,20.529,187055.031,5.986,52.000
0.041,0.001,0.017,21.719,98146.758,1.033,52.000
0.049,0.007,0.013,17.831,132085.719,5.219,52.000
0.049,0.022,0.014,20.350,124936.492,6.259,52.000
0.049,0.026,0.013,21.060,150569.312,6.934,52.000
0.048,0.000,0.004,22.306,7290.094,0.786,52.000
0.051,0.022,0.012,17.809,161162.531,7.191,52.000
0.098,0.013,0.013,21.744,88432.336,3.270,52.000
0.049,0.001,0.018,22.794,101009.164,1.805,52.000
0.045,0.000,0.012,26.795,-89263.359,-2.549,52.000
0.053,0.001,0.020,18.936,89110.523,2.754,52.000
0.048,0.015,0.013,19.600,151002.094,7.419,52.000
0.053,0.001,0.010,29.842,411.680,0.158,52.000
0.057,0.001,0.018,21.670,111854.805,1.809,52.000
0.050,0.000,0.014,31.471,-88752.062,-2.313,52.000
0.052,0.001,0.016,22.977,135540.344,2.376,52.000
0.052,0.015,0.010,19.483,184878.094,6.353,52.000
0.043,0.001,0.004,20.377,59941.086,0.743,52.000
0.052,0.006,0.010,20.722,145499.469,2.522,52.000
0.051,0.023,0.013,18.819,146025.781,6.722,52.000
0.054,0.001,0.009,25.695,76849.492,0.728,52.000
0.042,0.000,0.014,22.103,30532.117,-0.731,52.000
0.052,0.023,0.013,19.078,122828.414,6.304,52.000
0.059,0.000,0.006,28.251,-44861.066,2.562,52.000
0.048,0.000,0.014,27.580,25900.023,-1.664,52.000
0.050,0.013,0.013,20.813,163838.281,7.647,52.000
0.051,0.012,0.012,20.567,181761.438,8.094,52.000
0.050,0.000,0.016,28.589,-35395.555,-2.456,52.000
0.048,0.018,0.012,20.448,193431.125,7.166,52.000
0.060,0.001,0.007,19.522,133434.781,1.823,52.000
0.050,0.001,0.008,23.845,103709.430,2.399,52.000
0.049,0.001,0.012,25.137,60823.477,2.019,52.000
0.047,0.002,0.013,17.162,170910.938,1.497,52.000
0.046,0.001,0.015,28.277,25771.719,-1.304,52.000
0.051,0.009,0.013,21.576,156932.750,6.900,52.000
0.049,0.017,0.011,19.080,205558.156,7.731,52.000
0.052,0.010,0.013,22.307,180703.469,7.760,52.000
0.047,0.000,0.015,28.474,-15406.180,-2.193,52.000
0.051,0.007,0.012,19.858,132251.969,3.832,52.000
0.051,0.005,0.012,17.137,156027.438,3.321,52.000
0.049,0.001,0.007,23.796,47965.805,1.896,52.000
0.045,0.002,0.010,19.983,168396.688,2.971,52.000
0.048,0.002,0.007,21.159,109172.070,2.981,52.000
0.051,0.024,0.010,20.402,149081.281,5.591,52.000
0.052,0.002,0.014,20.714,180039.344,3.761,52.000
0.048,0.001,0.008,24.609,59006.492,2.363,52.000
0.049,0.015,0.011,19.161,185734.656,7.661,52.000
0.051,0.022,0.013,18.755,132086.281,6.506,52.000
0.052,0.021,0.011,18.188,164118.812,6.803,52.000
0.049,0.026,0.010,22.664,158460.844,5.629,52.000
0.056,0.001,0.021,17.638,104287.648,3.227,52.000
0.052,0.011,0.010,16.191,174501.875,7.012,52.000
0.050,0.012,0.010,14.785,143722.594,7.327,52.000
0.049,0.016,0.012,20.354,190575.531,7.904,52.000
0.049,0.021,0.012,20.033,185974.406,6.847,52.000
0.048,0.001,0.015,22.832,158631.375,2.372,52.000
0.048,0.015,0.011,18.506,178438.438,7.429,52.000
0.057,0.001,0.011,20.064,98515.805,0.975,52.000
0.056,0.000,0.007,24.898,17536.141,0.084,52.000
0.040,0.001,0.011,19.248,138872.625,-0.507,52.000
0.051,0.000,0.009,27.420,-58483.371,0.148,52.000
0.053,0.000,0.010,32.859,-595.336,1.350,52.000
0.047,0.000,0.022,16.938,-30593.336,1.942,52.000
0.047,0.000,0.011,26.537,-53932.609,-2.171,52.000
0.052,0.000,0.004,20.087,4771.500,-0.079,52.000
0.057,0.001,0.007,23.342,86089.273,0.602,52.000
0.098,0.011,0.013,20.112,100820.727,4.203,52.000
0.048,0.024,0.012,20.682,168671.500,7.019,52.000
0.051,0.015,0.013,19.713,167191.375,7.951,52.000
0.053,0.000,0.009,29.625,-48190.738,0.236,52.000
0.051,0.000,0.023,19.491,-60620.988,3.584,52.000
0.050,0.009,0.010,15.736,164986.094,5.836,52.000
0.044,0.001,0.021,21.520,48382.758,1.475,52.000
0.048,0.000,0.013,30.014,-22917.320,-2.380,52.000
0.045,0.001,0.020,22.374,86999.383,1.784,52.000
0.048,0.002,0.013,16.383,174451.094,1.222,52.000
0.050,0.013,0.010,16.569,155384.812,6.949,52.000
0.052,0.017,0.012,19.046,182945.969,7.875,52.000
0.100,0.011,0.011,20.629,-27882.547,10.013,52.000
0.049,0.013,0.012,19.764,163176.469,7.774,52.000
0.043,0.001,0.016,25.553,19543.219,-0.994,52.000
0.058,0.001,0.015,21.949,145400.594,1.438,52.000
0.045,0.002,0.010,20.428,169195.000,2.858,52.000
0.049,0.009,0.012,19.602,138427.375,6.190,52.000
0.052,0.022,0.012,17.809,152219.375,6.949,52.000
0.045,0.001,0.018,25.077,56515.602,0.227,52.000
0.051,0.001,0.015,24.191,139448.688,2.332,52.000
0.051,0.013,0.014,22.553,130038.867,6.365,52.000
0.099,0.013,0.013,21.717,72310.320,2.632,52.000
0.051,0.001,0.005,20.768,109109.367,2.065,52.000
0.050,0.013,0.010,17.209,159333.062,6.706,52.000
0.050,0.014,0.013,20.297,164088.906,7.914,52.000
0.098,0.010,0.012,19.306,96242.648,5.325,52.000
0.046,0.000,0.010,26.832,-33275.055,-0.583,52.000
0.052,0.002,0.011,22.825,154402.969,3.055,52.000
0.050,0.003,0.009,21.759,163163.312,2.985,52.000
0.050,0.014,0.013,20.256,162846.875,7.762,52.000
0.051,0.001,0.007,25.450,1974.070,1.273,52.000
0.055,0.001,0.013,20.382,152946.969,2.667,52.000
0.044,0.002,0.010,19.952,165778.031,2.635,52.000
0.003,0.013,0.012,22.848,119559.008,4.444,52.000
0.052,0.001,0.010,28.522,12432.219,0.869,52.000
0.051,0.022,0.012,17.678,156295.781,7.117,52.000
0.044,0.000,0.006,22.253,28777.180,-0.964,52.000
0.050,0.010,0.013,23.198,171279.781,7.938,52.000
0.050,0.014,0.012,19.585,167630.594,7.741,52.000
0.052,0.001,0.018,22.682,37149.070,0.776,52.000
0.055,0.001,0.004,21.427,87478.523,1.869,52.000
0.055,0.001,0.016,24.202,86606.414,0.972,52.000
0.045,0.001,0.008,22.893,138652.531,2.457,52.000
0.048,0.008,0.013,17.677,120985.398,5.718,52.000
0.055,0.000,0.015,26.830,-16975.203,1.521,52.000
0.051,0.018,0.013,19.679,146515.125,7.483,52.000
0.051,0.009,0.010,16.259,151679.344,5.584,52.000
0.052,0.004,0.011,21.638,164361.688,3.062,52.000
0.052,0.001,0.017,22.657,116406.617,1.892,52.000
0.049,0.006,0.011,20.541,143727.750,3.075,52.000
0.051,0.022,0.012,18.309,159447.250,7.136,52.000
0.049,0.004,0.013,16.519,157839.312,2.321,52.000
0.050,0.027,0.013,23.919,121195.758,5.959,52.000
0.048,0.014,0.012,19.252,161206.500,7.974,52.000
0.050,0.027,0.014,21.084,158581.156,5.698,52.000
0.050,0.001,0.019,21.292,91131.789,1.700,52.000
0.050,0.009,0.011,17.566,125620.930,5.339,52.000
0.045,0.001,0.003,18.750,121797.102,1.162,52.000
0.057,0.001,0.005,21.037,116472.242,2.067,52.000
0.057,0.001,0.010,23.116,84938.914,-0.164,52.000
0.041,0.001,0.007,20.481,146129.281,2.189,52.000
0.047,0.002,0.011,20.579,176717.812,3.531,52.000
0.050,0.006,0.014,19.672,184715.031,4.360,52.000
0.050,0.019,0.010,18.782,177586.875,7.099,52.000
0.051,0.002,0.009,22.309,151605.531,3.262,52.000
0.051,0.021,0.010,19.414,152555.250,5.923,52.000
0.052,0.001,0.021,19.083,81036.805,2.435,52.000
0.055,0.001,0.016,24.013,100933.023,0.924,52.000
0.049,0.002,0.011,22.613,165044.844,3.001,52.000
0.052,0.025,0.012,18.559,137704.625,6.942,52.000
0.052,0.001,0.016,23.557,126846.211,1.656,52.000
0.049,0.020,0.013,20.174,160627.125,6.981,52.000
0.048,0.002,0.014,18.410,166004.719,0.495,52.000
0.057,0.000,0.007,24.905,5225.461,-0.324,52.000
0.045,0.001,0.008,21.738,149391.250,3.187,52.000
0.049,0.011,0.011,17.851,156499.062,7.836,52.000
0.043,0.001,0.007,21.735,143249.438,3.118,52.000
0.100,0.011,0.012,19.880,23369.453,7.693,52.000
0.049,0.001,0.012,21.494,155138.875,2.945,52.000
0.049,0.023,0.010,21.731,157992.250,6.192,52.000
0.046,0.001,0.022,19.723,74258.180,2.619,52.000
0.050,0.003,0.012,17.491,181061.938,2.736,52.000
0.047,0.000,0.003,20.318,80688.633,0.173,52.000
0.052,0.003,0.010,22.234,160624.344,2.991,52.000
0.042,0.000,0.019,23.467,5995.047,-0.535,52.000
0.050,0.015,0.011,19.089,182209.375,7.517,52.000
0.052,0.018,0.013,18.981,142882.812,7.491,52.000
0.048,0.025,0.012,21.267,168647.844,7.104,52.000
0.050,0.001,0.017,26.589,-4341.930,-0.968,52.000
0.055,0.001,0.015,22.721,144900.344,2.204,52.000
0.058,0.000,0.018,21.958,51045.539,0.383,52.000
0.055,0.000,0.011,31.908,11046.711,2.972,52.000
0.050,0.017,0.012,19.845,191232.219,7.697,52.000
0.055,0.002,0.012,20.576,153721.219,2.292,52.000
0.051,0.015,0.010,19.163,183421.844,6.445,52.000
0.048,0.012,0.013,21.028,143125.688,7.640,52.000
0.056,0.000,0.021,20.622,-56740.000,-0.114,52.000
0.049,0.017,0.011,19.602,205070.469,7.425,52.000
0.050,0.004,0.012,18.814,161292.406,2.736,52.000
0.049,0.000,0.020,16.019,-11746.156,0.896,52.000
0.048,0.013,0.013,19.522,153243.438,7.970,52.000
0.051,0.014,0.014,21.711,122240.445,6.387,52.000
0.048,0.013,0.012,19.195,160965.719,8.018,52.000
0.040,0.001,0.012,18.991,125008.414,-0.555,52.000
0.050,0.000,0.008,25.769,534.875,1.193,52.000
0.051,0.000,0.008,23.389,45959.492,1.223,52.000
0.047,0.001,0.006,22.153,75459.055,1.814,52.000
0.051,0.013,0.010,17.726,164283.969,5.882,52.000
0.050,0.010,0.010,15.296,154804.688,6.763,52.000
0.051,0.010,0.013,23.510,167990.969,8.063,52.000
0.000,0.013,0.013,20.276,4905.375,10.101,52.000
0.053,0.000,0.007,22.159,20982.602,-0.241,52.000
0.053,0.001,0.017,22.701,105695.852,1.495,52.000
0.053,0.002,0.016,22.487,133247.000,2.440,52.000
0.048,0.001,0.022,19.343,13624.578,1.417,52.000
0.055,0.002,0.011,20.894,142960.281,2.146,52.000
0.046,0.001,0.019,22.529,105133.195,2.003,52.000
0.049,0.001,0.019,20.855,98657.492,2.144,52.000
0.051,0.006,0.013,19.316,145578.438,4.428,52.000
0.049,0.007,0.012,18.129,119028.805,4.239,52.000
0.051,0.025,0.010,20.729,142155.406,5.319,52.000
0.052,0.022,0.012,17.988,155284.594,7.029,52.000
0.052,0.002,0.014,19.416,193439.969,2.922,52.000
0.051,0.017,0.014,20.494,129698.602,6.641,52.000
0.051,0.002,0.010,22.496,154225.969,2.888,52.000
0.045,0.000,0.005,21.789,30815.086,-0.705,52.000
0.051,0.013,0.013,20.485,164439.375,7.743,52.000
0.048,0.001,0.015,21.987,165010.219,1.666,52.000
0.039,0.001,0.011,18.619,125905.539,-0.605,52.000
0.052,0.012,0.011,18.181,172664.781,7.374,52.000
0.100,0.011,0.012,16.886,16840.805,5.666,52.000
0.043,0.001,0.010,20.272,150653.875,1.627,52.000
0.049,0.001,0.007,21.941,119682.242,2.906,52.000
0.052,0.023,0.012,18.198,128629.133,6.623,52.000
0.046,0.000,0.010,27.455,-52295.590,-1.077,52.000
0.048,0.001,0.012,20.504,174460.125,3.223,52.000
0.057,0.001,0.012,19.888,99434.195,0.880,52.000
0.049,0.026,0.014,21.120,124322.695,5.698,52.000
0.002,0.013,0.012,22.876,139773.500,3.805,52.000
0.051,0.007,0.014,20.323,186120.719,6.704,52.000
0.051,0.018,0.013,19.687,146200.031,7.507,52.000
0.055,0.000,0.002,21.205,-33356.914,0.452,52.000
0.054,0.001,0.021,18.161,50085.789,2.606,52.000
0.051,0.010,0.011,16.967,159438.812,7.291,52.000
0.050,0.018,0.010,17.516,179329.062,8.158,52.000
0.050,0.026,0.013,20.469,145190.406,6.783,52.000
0.042,0.001,0.010,22.024,31821.039,-0.212,52.000
0.050,0.000,0.009,33.103,-44590.422,3.948,52.000
0.050,0.016,0.010,17.777,192317.281,7.608,52.000
0.056,0.000,0.004,20.099,48724.633,1.212,52.000
0.049,0.019,0.014,20.667,128037.820,6.458,52.000
0.046,0.000,0.021,18.058,-8065.555,1.779,52.000
0.060,0.001,0.011,15.982,130583.523,0.777,52.000
0.099,0.012,0.011,20.084,76454.523,6.560,52.000
0.051,0.010,0.012,20.125,188948.812,8.190,52.000
0.051,0.003,0.011,22.389,161310.875,2.868,52.000
0.050,0.012,0.012,20.113,176392.031,8.219,52.000
0.058,0.000,0.010,23.252,45759.430,0.002,52.000
0.001,0.011,0.012,23.012,97908.914,4.112,52.000
0.043,0.001,0.011,18.933,165862.688,2.225,52.000
0.053,0.001,0.009,24.845,85437.117,1.573,52.000
0.050,0.011,0.014,23.304,154619.344,7.582,52.000
0.049,0.006,0.011,20.100,145229.781,2.754,52.000
0.057,0.001,0.009,26.123,22380.617,-0.160,52.000
0.056,0.001,0.006,25.412,4163.797,0.242,52.000
0.052,0.008,0.013,21.928,182919.000,7.716,52.000
0.048,0.001,0.009,25.041,40382.555,2.072,52.000
0.043,0.001,0.012,18.752,128985.633,1.334,52.000
0.051,0.000,0.016,26.793,34672.273,-1.022,52.000
0.051,0.015,0.012,19.938,176660.062,7.687,52.000
0.052,0.006,0.010,19.928,150070.750,2.475,52.000
0.045,0.001,0.014,20.111,161184.375,1.286,52.000
0.051,0.004,0.014,20.115,175279.969,3.252,52.000
0.048,0.006,0.013,16.530,116793.086,4.286,52.000
0.054,0.001,0.019,19.057,99568.305,2.899,52.000
0.050,0.000,0.010,28.800,-36623.781,-0.169,52.000
0.053,0.001,0.006,23.610,81657.320,2.226,52.000
0.051,0.000,0.007,24.001,39086.711,1.322,52.000
0.053,0.001,0.008,26.479,33090.227,1.211,52.000
0.057,0.002,0.014,20.925,153717.219,1.938,52.000
0.052,0.000,0.017,23.953,-33538.055,-0.324,52.000
0.043,0.000,0.018,23.392,11036.312,-0.392,52.000
0.049,0.014,0.013,20.568,148388.500,7.223,52.000
0.049,0.008,0.011,19.256,110425.430,4.697,52.000
0.050,0.020,0.013,19.457,151185.562,6.982,52.000
0.048,0.016,0.011,19.816,188976.875,7.750,52.000
0.045,0.000,0.015,27.783,-52636.574,-0.449,52.000
0.053,0.001,0.015,23.066,143422.281,2.809,52.000
0.049,0.001,0.014,25.039,118527.461,0.816,52.000
0.043,0.000,0.007,21.817,23011.844,-1.497,52.000
0.052,0.011,0.012,19.837,188028.531,7.921,52.000
0.050,0.023,0.013,19.090,158653.656,6.877,52.000
0.048,0.000,0.009,27.850,-44126.363,0.018,52.000
0.050,0.000,0.003,20.004,-15900.820,0.746,52.000
0.052,0.000,0.001,21.762,29308.742,0.062,52.000
0.044,0.001,0.017,25.795,74441.633,0.639,52.000
0.041,0.001,0.013,18.222,81587.930,0.137,52.000
0.048,0.006,0.014,17.495,136592.625,4.133,52.000
0.049,0.009,0.010,16.043,153881.250,6.117,52.000
0.050,0.006,0.013,17.160,141791.094,3.856,52.000
0.049,0.000,0.002,17.232,46889.305,1.518,52.000
0.053,0.001,0.010,23.536,126662.336,1.563,52.000
0.049,0.010,0.012,20.520,154623.031,6.946,52.000
0.056,0.000,0.020,23.728,-44422.516,2.743,52.000
0.050,0.019,0.014,20.376,127755.930,6.465,52.000
0.051,0.002,0.014,19.861,182693.250,3.055,52.000
0.050,0.000,0.004,22.798,341.094,0.522,52.000
0.051,0.016,0.014,20.491,132786.031,6.891,52.000
0.049,0.012,0.011,16.853,150870.750,7.671,52.000
0.049,0.010,0.014,23.338,136278.812,6.422,52.000
0.050,0.000,0.022,20.184,-40616.617,2.558,52.000
0.044,0.001,0.008,24.202,45289.023,1.937,52.000
0.049,0.019,0.013,21.046,144130.156,6.743,52.000
0.051,0.024,0.013,19.293,121202.789,6.416,52.000
0.046,0.000,0.018,25.525,-18361.398,-0.471,52.000
0.042,0.001,0.016,23.837,82860.617,0.317,52.000
0.050,0.008,0.014,21.659,180119.781,7.276,52.000
0.047,0.000,0.004,22.230,34049.711,-1.048,52.000
0.041,0.001,0.012,19.835,123864.289,0.099,52.000
0.049,0.000,0.005,20.122,-43647.461,1.464,52.000
0.048,0.001,0.017,27.171,-3047.508,-1.232,52.000
0.054,0.000,0.002,21.656,-26154.180,0.065,52.000
0.050,0.007,0.012,18.332,130554.273,4.588,52.000
0.051,0.016,0.014,20.546,141361.969,7.177,52.000
0.052,0.020,0.012,17.675,168554.219,7.484,52.000
0.051,0.009,0.011,18.348,149554.719,6.482,52.000
0.051,0.013,0.010,16.782,161516.281,6.211,52.000
0.054,0.001,0.013,29.729,42722.602,0.659,52.000
0.048,0.000,0.008,28.262,-11954.594,3.781,52.000
0.045,0.001,0.018,22.329,122527.883,2.384,52.000
0.049,0.021,0.013,19.545,166079.156,6.977,52.000
0.050,0.020,0.011,19.588,177382.219,6.552,52.000
0.042,0.001,0.013,22.011,-26652.992,-0.794,52.000
0.054,0.001,0.006,22.136,114223.273,2.722,52.000
0.050,0.020,0.013,19.288,161139.281,7.091,52.000
0.048,0.007,0.011,19.849,130621.992,3.896,52.000
0.052,0.016,0.011,18.868,181851.250,6.814,52.000
0.049,0.026,0.012,21.065,151910.031,6.842,52.000
0.058,0.001,0.012,17.896,122180.039,2.096,52.000
0.049,0.001,0.010,24.356,86277.430,2.669,52.000
0.053,0.000,0.015,29.873,-48293.250,-1.537,52.000
0.000,0.013,0.013,20.150,12884.984,8.640,52.000
0.051,0.012,0.013,21.270,167946.281,7.970,52.000
0.042,0.000,0.015,22.651,-73898.883,-3.111,52.000
0.001,0.013,0.013,23.372,56755.070,5.659,52.000
0.049,0.026,0.011,22.166,167563.969,6.103,52.000
0.048,0.001,0.003,18.850,111855.086,1.499,52.000
0.043,0.001,0.015,24.710,69973.664,-0.125,52.000
0.050,0.023,0.011,20.244,159812.000,6.142,52.000
0.051,0.012,0.011,17.975,179966.719,7.677,52.000
0.049,0.007,0.014,18.922,168630.750,4.512,52.000
0.057,0.000,0.004,21.481,96824.039,1.793,52.000
0.043,0.001,0.007,21.973,141164.219,2.707,52.000
0.048,0.015,0.011,18.555,182335.156,7.540,52.000
0.050,0.001,0.015,24.631,138888.125,1.733,52.000
0.050,0.017,0.014,20.107,119490.492,6.213,52.000
0.049,0.020,0.011,19.742,181828.531,6.700,52.000
0.058,0.001,0.014,19.930,149285.781,1.515,52.000
0.039,0.001,0.013,19.089,50796.570,-0.805,52.000
0.054,0.001,0.010,23.700,124599.367,1.470,52.000
0.050,0.008,0.013,20.223,191572.812,6.845,52.000
0.059,0.001,0.014,22.614,86543.445,0.810,52.000
0.052,0.001,0.006,25.402,13438.578,0.910,52.000
0.052,0.000,0.010,31.717,-59022.023,-0.306,52.000
0.055,0.001,0.014,21.646,156122.562,2.903,52.000
0.046,0.001,0.006,20.729,120754.633,2.910,52.000
0.053,0.001,0.014,24.550,122219.727,1.783,52.000
0.051,0.001,0.008,24.039,98868.695,2.583,52.000
0.048,0.019,0.014,20.477,131918.250,6.682,52.000
0.052,0.016,0.012,19.063,175771.625,7.864,52.000
0.059,0.001,0.006,22.083,94013.742,0.566,52.000
0.043,0.001,0.006,22.409,97147.086,1.371,52.000
0.052,0.020,0.012,17.541,169508.625,7.597,52.000
0.050,0.014,0.011,19.078,175202.281,6.606,52.000
0.047,0.000,0.009,25.221,9875.445,0.588,52.000
0.052,0.008,0.014,21.950,183637.969,7.677,52.000
0.040,0.001,0.013,16.397,93893.570,0.142,52.000
0.055,0.000,0.018,24.238,-19310.188,-0.013,52.000
0.048,0.019,0.013,19.949,183462.281,7.575,52.000
0.045,0.001,0.002,18.804,119303.680,1.075,52.000
0.043,0.000,0.016,26.451,12167.273,-1.300,52.000
0.050,0.018,0.012,20.193,186804.438,7.520,52.000
0.044,0.002,0.010,19.804,166271.500,2.543,52.000
0.052,0.006,0.012,19.876,152043.312,2.854,52.000
0.054,0.001,0.007,26.596,8287.266,0.319,52.000
0.050,0.005,0.012,17.132,151319.812,3.473,52.000
0.054,0.001,0.006,23.949,57897.195,1.548,52.000
0.051,0.010,0.010,15.360,165771.344,6.080,52.000
0.049,0.012,0.013,21.351,159545.094,8.022,52.000
0.048,0.006,0.012,16.963,147162.719,3.830,52.000
0.050,0.001,0.013,20.530,149066.344,1.283,52.000
0.055,0.000,0.005,25.412,-26246.914,0.180,52.000
0.050,0.018,0.013,20.512,177739.125,7.692,52.000
0.050,0.016,0.011,18.924,200621.594,7.533,52.000
0.050,0.003,0.013,16.908,180569.344,2.365,52.000
0.056,0.001,0.012,19.584,133632.969,1.948,52.000
0.048,0.018,0.011,19.936,204918.062,7.514,52.000
0.051,0.001,0.004,19.827,112052.242,1.821,52.000
0.044,0.001,0.012,21.582,88157.836,1.770,52.000
0.048,0.000,0.009,27.231,-32222.289,0.723,52.000
0.050,0.007,0.014,20.016,183726.625,6.337,52.000
0.053,0.000,0.007,24.885,34226.680,0.935,52.000
0.052,0.000,0.023,18.625,-3062.352,2.624,52.000
0.045,0.002,0.015,23.081,138033.094,2.382,52.000
0.052,0.010,0.012,19.339,188768.062,8.032,52.000
0.048,0.004,0.013,16.274,151745.438,2.536,52.000
0.044,0.000,0.014,24.384,-1535.242,-1.227,52.000
0.058,0.000,0.008,26.939,-27290.586,0.454,52.000
0.052,0.001,0.019,19.721,94932.805,2.330,52.000
0.060,0.001,0.012,20.208,57870.242,0.752,52.000
0.052,0.001,0.013,25.956,70944.117,1.300,52.000
0.050,0.022,0.013,19.114,143419.219,6.667,52.000
0.052,0.003,0.013,18.891,195577.812,3.049,52.000
0.052,0.001,0.022,19.529,54604.711,1.936,52.000
0.056,0.001,0.020,19.622,86663.852,2.518,52.000
0.049,0.009,0.012,18.992,123823.211,5.611,52.000
0.050,0.026,0.012,20.142,147445.219,6.735,52.000
0.051,0.008,0.013,21.428,171554.469,6.644,52.000
0.054,0.001,0.022,18.360,63410.086,2.543,52.000
0.048,0.005,0.012,17.067,150571.812,3.562,52.000
0.050,0.001,0.007,24.615,32469.633,1.699,52.000
0.043,0.001,0.005,20.139,115816.242,1.901,52.000
0.051,0.001,0.006,21.661,105590.461,2.372,52.000
0.050,0.007,0.013,19.820,180033.062,6.007,52.000
0.096,0.012,0.012,20.557,83027.414,5.129,52.000
0.051,0.009,0.013,21.634,163763.281,7.217,52.000
0.041,0.000,0.007,20.542,72469.211,-1.222,52.000
0.050,0.012,0.011,17.598,173670.062,7.670,52.000
0.000,0.013,0.013,27.564,-11972.570,5.439,52.000
0.051,0.008,0.013,21.040,170700.188,6.507,52.000
0.050,0.019,0.010,18.800,170361.531,7.349,52.000
0.051,0.005,0.014,19.528,182269.594,4.679,52.000
0.050,0.005,0.009,21.381,156615.000,2.623,52.000
0.003,0.011,0.012,22.570,97964.273,4.326,52.000
0.002,0.010,0.012,22.686,92250.711,4.146,52.000
0.051,0.005,0.010,22.382,148778.156,2.701,52.000
0.052,0.005,0.014,19.675,181605.219,4.020,52.000
0.051,0.014,0.011,19.482,174333.406,6.830,52.000
0.056,0.001,0.006,21.912,114551.961,2.076,52.000
0.048,0.008,0.012,18.427,118749.492,5.147,52.000
0.048,0.016,0.013,19.659,174683.094,8.122,52.000
0.047,0.001,0.014,26.390,50465.570,-0.555,52.000
0.050,0.001,0.016,28.594,31762.883,-0.198,52.000
0.051,0.005,0.013,18.181,166268.406,3.353,52.000
0.049,0.015,0.013,19.875,156930.344,7.552,52.000
0.098,0.012,0.011,20.231,66556.398,6.871,52.000
0.043,0.001,0.004,18.518,137713.188,2.193,52.000
0.051,0.002,0.017,22.087,127324.977,2.904,52.000
0.097,0.013,0.013,21.726,83526.914,3.166,52.000
0.050,0.015,0.012,20.348,174787.938,8.436,52.000
0.051,0.003,0.011,22.287,163084.312,2.952,52.000
0.058,0.001,0.008,23.027,86586.727,0.020,52.000
0.046,0.001,0.004,19.852,119365.367,1.607,52.000
0.052,0.001,0.003,20.397,99942.336,1.524,52.000
0.048,0.001,0.022,19.245,69534.008,2.444,52.000
0.049,0.008,0.012,18.679,118476.883,4.696,52.000
0.049,0.016,0.014,20.060,144312.750,6.952,52.000
0.053,0.001,0.002,21.236,24454.047,0.064,52.000
0.052,0.010,0.012,21.231,187123.344,7.844,52.000
0.052,0.001,0.019,19.932,94828.180,2.277,52.000
0.049,0.021,0.012,19.493,179687.656,6.985,52.000
0.052,0.001,0.007,22.918,100739.852,2.721,52.000
0.045,0.001,0.006,22.350,69605.523,1.501,52.000
0.058,0.000,0.018,22.229,39157.930,0.428,52.000
0.100,0.013,0.013,22.540,-3886.719,3.519,52.000
0.050,0.021,0.011,19.628,160744.031,6.172,52.000
0.049,0.002,0.014,20.909,171569.531,1.933,52.000
0.049,0.005,0.011,21.480,150679.969,2.844,52.000
0.050,0.018,0.010,17.390,179947.469,7.904,52.000
0.048,0.000,0.022,19.041,-42800.664,1.448,52.000
0.050,0.005,0.010,22.354,149567.844,2.399,52.000
0.052,0.007,0.013,20.838,175934.750,5.439,52.000
0.050,0.018,0.013,20.288,147884.281,7.340,52.000
0.053,0.000,0.014,27.973,-7248.570,1.395,52.000
0.048,0.001,0.011,25.764,58293.680,2.624,52.000
0.049,0.018,0.013,20.323,180151.344,7.528,52.000
0.049,0.022,0.012,19.772,177066.875,6.852,52.000
0.049,0.013,0.013,20.055,150699.938,7.757,52.000
0.045,0.000,0.018,22.013,-21462.930,-1.004,52.000
0.046,0.000,0.014,28.828,-39434.664,1.938,52.000
0.052,0.002,0.007,22.672,102965.633,2.751,52.000
0.100,0.013,0.011,22.204,-32962.758,10.500,52.000
0.051,0.003,0.012,19.035,176496.219,2.875,52.000
0.048,0.012,0.010,16.327,136872.500,7.520,52.000
0.050,0.021,0.012,19.142,188340.719,7.034,52.000
0.052,0.018,0.013,18.871,152191.125,7.775,52.000
0.053,0.000,0.015,22.166,1511.539,-0.021,52.000
0.049,0.001,0.017,26.452,14379.859,-0.445,52.000
0.054,0.000,0.009,34.529,-52360.492,4.330,52.000
0.049,0.013,0.012,19.442,170060.062,7.946,52.000
0.048,0.018,0.013,20.487,156605.000,7.104,52.000
0.049,0.004,0.012,17.425,157789.469,2.726,52.000
0.059,0.001,0.015,19.657,150610.219,1.355,52.000
0.057,0.001,0.018,20.273,122428.055,2.629,52.000
0.048,0.006,0.014,17.768,140168.812,4.054,52.000
0.056,0.001,0.020,20.832,84631.430,2.167,52.000
0.049,0.020,0.012,20.169,193248.312,6.920,52.000
0.050,0.005,0.009,21.265,157059.062,2.724,52.000
0.051,0.024,0.012,18.459,149617.125,7.023,52.000
0.049,0.019,0.013,20.578,145393.719,6.734,52.000
0.050,0.002,0.009,22.135,148341.125,3.278,52.000
0.049,0.001,0.013,22.197,104398.273,1.886,52.000
0.049,0.018,0.012,20.383,190748.312,7.427,52.000
0.044,0.001,0.010,22.123,113900.164,1.992,52.000
0.051,0.025,0.014,20.456,105325.945,6.103,52.000
0.051,0.001,0.015,25.943,116013.039,1.870,52.000
0.051,0.006,0.010,21.828,136840.156,3.024,52.000
0.048,0.000,0.017,24.068,4535.906,-0.703,52.000
0.051,0.020,0.013,18.345,147587.281,7.510,52.000
0.002,0.012,0.010,20.775,143319.312,1.390,52.000
0.100,0.013,0.011,24.578,3097.562,11.061,52.000
0.049,0.005,0.013,16.265,134871.906,3.258,52.000
0.042,0.001,0.009,20.742,134448.469,1.319,52.000
0.049,0.007,0.012,17.592,121165.602,4.685,52.000
0.051,0.001,0.022,19.140,-8960.734,1.325,52.000
0.057,0.001,0.009,25.656,37978.680,-0.414,52.000
0.001,0.013,0.013,23.977,83683.961,4.713,52.000
0.057,0.001,0.018,20.897,119883.977,2.271,52.000
0.043,0.000,0.005,20.556,106092.586,0.010,52.000
0.049,0.024,0.013,20.104,148497.156,6.793,52.000
0.049,0.007,0.013,17.641,124632.555,4.596,52.000
0.050,0.018,0.014,20.102,118945.398,6.027,52.000
0.040,0.000,0.011,20.582,-60150.957,0.694,52.000
0.043,0.001,0.015,24.514,92515.680,0.198,52.000
0.049,0.007,0.013,17.692,124851.617,4.845,52.000
0.051,0.026,0.010,21.872,118378.445,4.775,52.000
0.044,0.000,0.014,24.786,-33009.883,-1.343,52.000
0.051,0.026,0.010,22.061,151331.812,4.944,52.000
0.057,0.000,0.007,26.129,-19045.883,-0.010,52.000
0.048,0.001,0.005,20.716,101864.992,2.151,52.000
0.047,0.001,0.008,21.558,137483.062,3.128,52.000
0.056,0.000,0.019,22.439,-58739.555,2.271,52.000
0.046,0.001,0.019,21.422,110729.977,2.404,52.000
0.099,0.013,0.011,20.353,63535.055,6.903,52.000
0.057,0.000,0.009,24.798,1262.797,-0.158,52.000
0.050,0.001,0.014,28.742,50573.961,-0.392,52.000
0.051,0.004,0.012,20.236,161429.562,2.621,52.000
0.047,0.001,0.015,26.607,95124.617,1.079,52.000
0.051,0.001,0.009,24.009,105909.148,2.151,52.000
0.056,0.001,0.014,24.446,96455.633,-0.015,52.000
0.049,0.008,0.013,19.216,148280.406,6.473,52.000
0.048,0.000,0.012,28.625,11111.828,-0.375,52.000
0.050,0.001,0.003,19.705,100947.086,1.179,52.000
0.049,0.005,0.012,16.767,144571.438,3.494,52.000
0.045,0.001,0.005,19.905,119134.195,2.497,52.000
0.050,0.001,0.016,24.907,126083.602,2.390,52.000
0.049,0.027,0.010,11.517,265031.500,5.629,52.000
0.049,0.016,0.011,19.084,197068.250,7.628,52.000
0.056,0.001,0.007,25.381,48985.445,0.241,52.000
0.051,0.010,0.010,15.851,161326.562,6.104,52.000
0.045,0.001,0.013,16.881,160512.406,2.046,52.000
0.052,0.019,0.013,18.668,147506.781,7.617,52.000
0.060,0.001,0.012,17.554,115789.773,1.211,52.000
0.051,0.026,0.013,20.515,110796.289,6.212,52.000
0.057,0.001,0.007,24.846,62320.711,0.422,52.000
0.052,0.003,0.013,18.053,195122.906,2.829,52.000
0.051,0.001,0.009,27.603,-10544.797,1.560,52.000
0.053,0.000,0.015,24.995,21434.352,0.412,52.000
0.052,0.001,0.005,21.240,107212.383,2.111,52.000
0.041,0.001,0.010,19.433,147347.875,0.881,52.000
0.052,0.016,0.010,18.707,185266.031,6.879,52.000
0.098,0.014,0.012,21.715,77419.727,4.230,52.000
0.055,0.001,0.017,24.506,41199.805,0.665,52.000
0.048,0.022,0.013,19.980,157149.812,6.934,52.000
0.050,0.018,0.010,17.648,183354.438,7.983,52.000
0.048,0.000,0.011,28.804,571.094,2.849,52.000
0.052,0.000,0.002,21.995,-9576.930,-0.680,52.000
0.056,0.001,0.018,19.868,119261.711,2.841,52.000
0.051,0.025,0.013,19.391,127863.383,6.630,52.000
0.050,0.000,0.008,27.782,-31376.562,1.513,52.000
0.043,0.001,0.010,19.825,161245.094,2.369,52.000
0.049,0.023,0.011,21.797,161229.125,6.087,52.000
0.048,0.014,0.013,21.023,144803.375,7.160,52.000
0.049,0.006,0.010,22.050,145511.406,2.908,52.000
0.049,0.001,0.006,22.265,88172.742,2.399,52.000
0.058,0.001,0.012,17.901,121203.367,2.109,52.000
0.051,0.001,0.019,22.003,49338.680,0.949,52.000
0.055,0.001,0.019,20.910,53711.898,1.926,52.000
0.050,0.021,0.014,20.108,110226.352,5.909,52.000
0.052,0.002,0.008,22.729,104651.633,2.623,52.000
0.049,0.021,0.011,20.184,176926.969,6.578,52.000
0.049,0.022,0.011,21.124,163510.094,6.331,52.000
0.050,0.020,0.012,19.582,187172.656,6.945,52.000
0.048,0.000,0.016,27.589,-55911.738,-2.275,52.000
0.060,0.000,0.011,19.565,72493.039,2.009,52.000
0.052,0.010,0.013,22.341,180033.594,7.881,52.000
0.051,0.009,0.012,21.039,169057.344,7.684,52.000
0.042,0.001,0.013,16.817,125449.633,1.469,52.000
0.048,0.012,0.013,20.811,145994.438,7.659,52.000
0.044,0.001,0.009,21.133,161117.156,2.910,52.000
0.049,0.015,0.012,19.418,173608.656,7.880,52.000
0.050,0.000,0.004,22.071,12857.984,0.893,52.000
0.044,0.001,0.005,20.744,122833.305,2.202,52.000
0.098,0.013,0.011,21.128,71542.461,5.609,52.000
0.055,0.000,0.015,28.298,-41834.891,-0.777,52.000
0.055,0.000,0.017,23.224,20561.469,0.468,52.000
0.058,0.001,0.006,26.485,-33503.641,-0.087,52.000
0.047,0.000,0.013,29.956,-28206.289,0.545,52.000
0.052,0.002,0.014,20.288,184411.875,3.433,52.000
0.052,0.000,0.006,24.484,18663.867,1.500,52.000
0.052,0.010,0.012,20.108,180885.812,8.085,52.000
0.053,0.000,0.015,27.110,-24443.969,-1.017,52.000
0.046,0.000,0.014,27.590,-27564.422,1.781,52.000
0.051,0.021,0.014,19.224,120888.992,6.532,52.000
0.057,0.000,0.014,21.877,60169.555,0.988,52.000
0.050,0.026,0.013,20.832,135193.938,6.165,52.000
0.040,0.001,0.011,18.929,133467.062,-0.522,52.000
0.059,0.001,0.018,20.276,143770.094,1.958,52.000
0.054,0.002,0.015,22.609,138243.250,2.491,52.000
0.051,0.004,0.010,22.030,156137.875,2.507,52.000
0.046,0.001,0.013,26.520,14812.625,-0.674,52.000
0.049,0.000,0.005,23.926,612.625,0.655,52.000
0.050,0.023,0.013,18.899,145653.562,6.656,52.000
0.052,0.025,0.011,20.581,149020.188,5.426,52.000
0.057,0.001,0.018,20.380,111501.789,2.742,52.000
0.051,0.002,0.015,21.876,162976.094,3.199,52.000
0.053,0.002,0.009,23.633,103599.602,2.262,52.000
0.045,0.000,0.021,21.321,-32404.602,1.378,52.000
0.053,0.001,0.009,23.966,104222.180,2.060,52.000
0.052,0.013,0.012,19.474,158950.250,7.598,52.000
0.044,0.001,0.017,23.463,131720.906,2.750,52.000
0.041,0.000,0.011,21.750,-40076.121,-1.655,52.000
0.051,0.023,0.013,18.186,134508.469,6.661,52.000
0.049,0.001,0.003,19.311,106557.961,1.201,52.000
0.051,0.004,0.012,18.688,166043.062,2.904,52.000
0.050,0.008,0.014,20.992,192307.844,7.226,52.000
0.052,0.013,0.012,19.029,163928.969,7.455,52.000
0.045,0.001,0.018,24.853,99461.117,1.320,52.000
0.044,0.002,0.013,16.302,141911.844,2.219,52.000
0.050,0.014,0.011,19.251,174885.438,7.005,52.000
0.048,0.007,0.012,16.516,124829.305,4.837,52.000
0.043,0.001,0.012,22.303,68810.211,0.235,52.000
0.052,0.001,0.001,20.099,92850.523,1.531,52.000
0.051,0.023,0.013,19.305,122808.023,6.010,52.000
0.050,0.012,0.009,13.765,148155.031,6.880,52.000
0.045,0.002,0.007,21.090,130813.320,3.256,52.000
0.059,0.000,0.013,21.966,21016.328,0.171,52.000
0.049,0.010,0.014,22.579,153576.719,7.403,52.000
0.049,0.006,0.012,17.296,139909.000,3.601,52.000
0.046,0.002,0.007,20.957,122597.820,3.179,52.000
0.052,0.022,0.013,18.074,142721.000,6.751,52.000
0.042,0.000,0.017,22.571,-60463.188,-3.009,52.000
0.048,0.024,0.013,20.115,158871.281,7.062,52.000
0.048,0.024,0.012,20.525,172872.344,7.077,52.000
0.050,0.018,0.013,20.472,168356.562,7.477,52.000
0.051,0.006,0.010,20.296,148550.125,2.887,52.000
0.050,0.000,0.013,29.542,-57218.176,-2.561,52.000
0.041,0.001,0.005,19.228,150515.000,2.433,52.000
0.055,0.001,0.010,24.014,90114.945,0.539,52.000
0.050,0.018,0.014,20.503,130722.602,6.777,52.000
0.059,0.000,0.012,24.482,1721.711,1.745,52.000
0.049,0.024,0.012,19.931,161492.625,6.969,52.000
0.049,0.005,0.011,20.277,147718.469,2.632,52.000
0.051,0.010,0.013,23.118,174999.875,8.181,52.000
0.047,0.001,0.017,26.831,68064.352,0.790,52.000
0.049,0.025,0.012,20.486,167951.094,7.086,52.000
0.050,0.012,0.014,23.696,139513.562,6.621,52.000
0.056,0.001,0.017,23.248,79850.602,1.225,52.000
0.051,0.020,0.014,19.590,117702.492,6.334,52.000
0.051,0.023,0.010,20.208,147240.375,5.507,52.000
0.048,0.010,0.010,16.820,134306.594,6.495,52.000
0.098,0.011,0.011,19.861,74269.930,6.979,52.000
0.058,0.001,0.014,19.367,145416.719,1.688,52.000
0.050,0.010,0.013,21.328,167031.188,7.851,52.000
0.052,0.020,0.011,18.155,163602.531,7.020,52.000
0.057,0.001,0.006,23.698,74039.586,0.710,52.000
0.050,0.027,0.011,17.868,204478.406,6.237,52.000
0.044,0.001,0.015,25.515,89593.742,0.367,52.000
0.054,0.002,0.014,21.701,163231.656,3.449,52.000
0.051,0.006,0.009,20.093,152818.781,2.857,52.000
0.052,0.016,0.012,19.488,181842.469,7.899,52.000
0.042,0.001,0.011,21.618,80644.914,-0.353,52.000
0.052,0.001,0.002,20.653,85471.023,1.259,52.000
0.054,0.001,0.013,21.261,168162.500,3.549,52.000
0.050,0.022,0.012,19.087,178854.781,6.957,52.000
0.049,0.000,0.012,26.770,-52153.301,-2.409,52.000
0.050,0.018,0.014,20.555,126861.023,6.335,52.000
0.054,0.001,0.006,22.718,95440.102,2.235,52.000
0.049,0.014,0.014,20.753,129438.195,6.623,52.000
0.048,0.019,0.011,20.258,201408.938,7.135,52.000
0.052,0.021,0.013,18.224,135713.906,6.899,52.000
0.051,0.001,0.008,26.283,31143.008,1.500,52.000
0.051,0.001,0.015,25.795,109389.508,1.496,52.000
0.051,0.021,0.011,19.579,171496.906,6.479,52.000
0.052,0.012,0.011,17.356,173059.250,7.145,52.000
0.050,0.017,0.011,19.485,198897.531,7.396,52.000
0.049,0.018,0.013,20.475,165055.406,7.330,52.000
0.051,0.001,0.014,25.062,134385.969,2.591,52.000
0.046,0.001,0.014,18.107,166144.156,1.201,52.000
0.046,0.001,0.002,18.421,119306.836,0.898,52.000
0.052,0.006,0.012,19.781,150713.250,3.053,52.000
0.054,0.000,0.008,31.070,-56849.797,1.476,52.000
0.049,0.009,0.010,17.752,129755.336,5.625,52.000
0.051,0.011,0.010,15.978,166776.969,7.111,52.000
0.049,0.008,0.012,18.461,122745.383,5.438,52.000
0.049,0.006,0.010,21.385,156381.719,2.968,52.000
0.098,0.013,0.011,20.712,60824.070,6.711,52.000
0.041,0.001,0.006,21.821,112676.367,1.468,52.000
0.041,0.001,0.016,22.299,12755.953,-0.958,52.000
0.048,0.014,0.013,19.458,156377.844,7.708,52.000
0.051,0.008,0.015,22.707,163373.531,6.585,52.000
0.057,0.001,0.014,21.075,152937.938,1.647,52.000
0.050,0.009,0.013,21.430,168772.906,7.431,52.000
0.048,0.016,0.012,20.212,191210.969,7.545,52.000
0.048,0.013,0.011,18.097,167528.438,7.581,52.000
0.045,0.000,0.005,20.622,38103.836,1.508,52.000
0.050,0.013,0.012,19.863,167628.062,7.939,52.000
0.043,0.001,0.007,21.993,141214.719,3.048,52.000
0.099,0.013,0.012,21.528,85981.992,3.923,52.000
0.048,0.000,0.021,20.282,-31736.844,1.421,52.000
0.043,0.000,0.014,22.624,11761.719,-1.060,52.000
0.050,0.005,0.014,19.441,181696.094,3.904,52.000
0.052,0.022,0.011,18.180,151277.812,6.838,52.000
0.002,0.010,0.012,22.458,92580.352,4.090,52.000
0.041,0.000,0.013,21.197,11531.336,-1.028,52.000
0.049,0.019,0.011,19.903,198331.719,7.009,52.000
0.043,0.000,0.019,21.740,-21981.578,-0.291,52.000
0.041,0.001,0.018,21.268,111667.680,1.688,52.000
0.049,0.000,0.015,26.688,53083.570,1.032,52.000
0.057,0.002,0.015,21.513,149864.281,1.514,52.000
0.050,0.007,0.014,19.720,182870.688,5.476,52.000
0.048,0.012,0.013,19.468,153977.344,7.446,52.000
0.050,0.008,0.011,17.987,122998.492,4.841,52.000
0.045,0.001,0.021,21.487,62135.914,2.017,52.000
0.050,0.006,0.010,20.841,151386.406,3.237,52.000
0.053,0.002,0.010,22.565,148338.688,2.581,52.000
0.051,0.007,0.010,18.045,146903.562,2.902,52.000
0.048,0.000,0.013,30.313,-22123.266,2.664,52.000
0.049,0.008,0.014,21.128,175859.344,6.700,52.000
0.051,0.027,0.012,25.336,56051.820,5.321,52.000
0.051,0.006,0.011,21.588,137418.219,2.783,52.000
0.049,0.001,0.020,21.322,62746.992,1.304,52.000
0.041,0.000,0.017,21.950,-24420.414,-0.554,52.000
0.051,0.003,0.013,16.798,190775.062,2.467,52.000
0.057,0.001,0.009,27.583,-33413.547,-0.082,52.000
0.049,0.025,0.010,22.846,160279.562,5.815,52.000
0.050,0.000,0.006,24.862,-11334.914,0.804,52.000
0.048,0.006,0.011,20.075,140408.719,3.362,52.000
0.050,0.019,0.014,20.471,123516.695,6.393,52.000
0.049,0.022,0.012,20.044,180031.062,6.600,52.000
0.051,0.016,0.013,19.715,145338.812,7.427,52.000
0.050,0.008,0.014,21.455,188944.188,7.321,52.000
0.048,0.003,0.013,16.101,160976.125,0.440,52.000
0.051,0.025,0.012,19.641,154193.031,6.896,52.000
0.051,0.026,0.014,20.650,92614.852,6.114,52.000
0.048,0.024,0.013,20.219,154964.312,6.956,52.000
0.050,0.001,0.001,19.972,36113.539,-0.016,52.000
0.047,0.002,0.008,21.210,137815.812,3.229,52.000
0.042,0.001,0.016,22.110,104957.508,1.386,52.000
0.051,0.018,0.011,18.559,184100.094,7.278,52.000
0.002,0.010,0.011,21.837,120237.430,2.497,52.000
0.098,0.010,0.011,19.435,81725.492,6.759,52.000
0.049,0.017,0.013,20.448,168654.000,7.673,52.000
0.001,0.013,0.013,24.048,115346.523,4.490,52.000
0.047,0.000,0.005,19.171,23867.164,3.756,52.000
0.052,0.010,0.011,18.617,181353.875,7.750,52.000
0.047,0.002,0.008,21.442,142080.812,3.241,52.000
0.051,0.005,0.012,20.264,155652.469,2.506,52.000
0.049,0.015,0.013,19.989,160849.594,7.811,52.000
0.043,0.001,0.013,16.436,138974.000,1.990,52.000
0.049,0.000,0.008,28.877,-44946.109,1.885,52.000
0.050,0.001,0.019,22.217,57853.664,0.891,52.000
0.050,0.012,0.014,23.535,142217.094,6.851,52.000
0.052,0.001,0.007,25.945,24612.477,1.005,52.000
0.061,0.000,0.012,16.891,125232.445,2.858,52.000
0.051,0.005,0.010,21.305,145551.031,2.363,52.000
0.046,0.000,0.009,24.890,-26684.828,1.635,52.000
0.052,0.004,0.010,22.161,159158.062,2.702,52.000
0.050,0.025,0.013,19.836,143079.062,6.737,52.000
0.053,0.001,0.011,30.845,-22421.383,0.775,52.000
0.051,0.001,0.005,21.689,99887.898,1.875,52.000
0.050,0.003,0.011,21.765,165978.594,3.061,52.000
0.048,0.000,0.017,26.524,-2985.273,-0.044,52.000
0.044,0.001,0.006,20.601,128385.773,2.881,52.000
0.052,0.004,0.013,18.175,182813.375,3.139,52.000
0.057,0.001,0.006,24.339,65631.664,0.902,52.000
0.049,0.025,0.011,22.198,161264.500,5.596,52.000
0.052,0.019,0.011,18.488,172777.250,7.256,52.000
0.046,0.000,0.015,29.239,-25925.609,-3.237,52.000
0.044,0.000,0.017,24.769,4976.516,-2.317,52.000
0.046,0.001,0.006,21.056,122435.445,3.011,52.000
0.045,0.000,0.014,27.615,-10340.953,-0.179,52.000
0.049,0.021,0.012,19.720,176793.438,6.923,52.000
0.098,0.012,0.011,20.145,65738.133,6.999,52.000
0.055,0.001,0.009,27.372,26919.773,0.262,52.000
0.050,0.001,0.023,18.191,-9957.195,0.991,52.000
0.051,0.024,0.013,18.956,136007.156,6.413,52.000
0.045,0.001,0.003,18.687,128947.789,1.429,52.000
0.056,0.001,0.017,22.844,60000.680,1.312,52.000
0.058,0.001,0.005,21.960,103084.180,1.329,52.000
0.042,0.000,0.018,21.847,-17913.703,-0.383,52.000
0.050,0.003,0.014,20.442,166172.250,2.241,52.000
0.050,0.007,0.014,19.784,193505.688,6.590,52.000
0.050,0.025,0.012,19.824,160217.688,6.979,52.000
0.051,0.020,0.013,18.116,157043.688,7.343,52.000
0.049,0.010,0.011,18.323,132469.406,6.480,52.000
0.002,0.013,0.013,23.660,107339.836,5.431,52.000
0.051,0.015,0.012,20.244,175021.125,8.165,52.000
0.002,0.010,0.013,23.010,51878.648,5.908,52.000
0.047,0.001,0.010,20.859,171030.156,3.204,52.000
0.049,0.006,0.013,18.261,141407.375,4.893,52.000
0.051,0.006,0.010,20.791,140976.969,2.678,52.000
0.051,0.006,0.010,20.910,150961.031,2.572,52.000
0.055,0.001,0.011,28.022,36345.867,0.070,52.000
0.056,0.000,0.013,22.099,69011.258,1.707,52.000
0.052,0.000,0.008,26.531,-23166.875,0.052,52.000
0.050,0.018,0.013,20.071,165970.781,7.759,52.000
0.057,0.001,0.011,18.857,126745.195,1.075,52.000
0.049,0.011,0.013,20.435,165901.531,7.893,52.000
0.045,0.002,0.010,20.511,166626.812,3.083,52.000
0.050,0.004,0.014,20.211,174375.906,2.635,52.000
0.051,0.026,0.010,21.707,150758.312,5.112,52.000
0.002,0.013,0.012,23.299,138522.688,4.143,52.000
0.052,0.011,0.013,21.392,174987.500,7.946,52.000
0.052,0.014,0.011,19.003,166678.250,7.608,52.000
0.049,0.023,0.013,19.617,157800.500,6.885,52.000
0.098,0.010,0.011,19.187,86349.305,6.595,52.000
0.048,0.002,0.013,16.414,171040.969,1.173,52.000
0.051,0.023,0.011,18.743,154616.656,6.790,52.000
0.052,0.008,0.012,19.328,134618.031,5.076,52.000
0.051,0.013,0.011,19.036,169857.125,7.240,52.000
0.050,0.011,0.013,22.917,162076.438,7.865,52.000
0.052,0.011,0.013,21.752,170837.062,7.982,52.000
0.051,0.009,0.013,22.645,180876.094,7.732,52.000
0.000,0.013,0.012,21.590,19229.133,9.518,52.000
0.050,0.011,0.010,16.089,144806.094,7.157,52.000
0.049,0.011,0.014,22.945,146182.750,7.261,52.000
0.048,0.027,0.013,25.785,75251.383,4.979,52.000
0.044,0.001,0.011,22.171,111832.383,1.675,52.000
0.051,0.005,0.012,18.273,152987.281,3.104,52.000
0.054,0.001,0.008,23.893,95340.148,1.960,52.000
0.050,0.004,0.012,19.693,161592.219,2.723,52.000
0.049,0.009,0.011,18.689,115535.523,5.630,52.000
0.045,0.001,0.019,22.549,89854.227,1.723,52.000
0.043,0.001,0.020,23.629,20771.672,-0.082,52.000
0.049,0.000,0.007,24.459,16246.867,0.688,52.000
0.052,0.003,0.012,20.712,166538.438,2.882,52.000
0.051,0.010,0.010,15.888,169981.312,7.079,52.000
0.048,0.000,0.019,24.519,-14569.852,-1.326,52.000
0.042,0.001,0.008,20.915,149605.000,2.439,52.000
0.044,0.000,0.008,23.296,-11869.195,-0.116,52.000
0.058,0.001,0.012,18.593,110760.914,1.304,52.000
0.051,0.000,0.007,25.730,1853.000,0.658,52.000
0.041,0.001,0.017,22.583,1486.812,-1.129,52.000
0.049,0.020,0.013,19.964,157080.219,6.950,52.000
0.049,0.014,0.013,20.266,160373.375,7.513,52.000
0.057,0.000,0.015,19.366,11825.297,0.025,52.000
0.050,0.003,0.012,16.939,172185.281,3.114,52.000
0.050,0.024,0.012,20.007,161753.062,6.871,52.000
0.049,0.010,0.012,19.625,147273.125,6.619,52.000
0.043,0.001,0.019,23.048,101792.492,1.813,52.000
0.055,0.000,0.007,26.247,-30770.328,0.056,52.000
0.052,0.006,0.013,19.887,180013.156,4.714,52.000
0.055,0.000,0.013,27.738,38990.633,0.273,52.000
0.046,0.002,0.014,18.949,162987.031,1.136,52.000
0.050,0.020,0.013,19.841,138630.125,6.965,52.000
0.049,0.001,0.010,22.108,146006.875,2.991,52.000
0.051,0.009,0.012,18.987,158749.281,7.173,52.000
0.051,0.000,0.011,26.875,43115.789,1.052,52.000
0.054,0.001,0.013,20.147,171195.188,2.739,52.000
0.049,0.024,0.010,21.406,156379.188,6.015,52.000
0.052,0.025,0.011,20.274,152716.344,5.821,52.000
0.056,0.000,0.019,21.557,-19102.359,1.451,52.000
0.053,0.001,0.002,20.576,98282.680,2.090,52.000
0.051,0.001,0.017,25.940,87067.977,1.238,52.000
0.049,0.021,0.011,20.655,173420.562,6.474,52.000
0.051,0.001,0.013,22.087,122420.492,1.882,52.000
0.044,0.001,0.013,17.758,132767.531,2.046,52.000
0.050,0.000,0.014,28.467,-11098.250,1.000,52.000
0.050,0.000,0.015,28.988,-15823.484,-2.254,52.000
0.056,0.000,0.011,29.727,19487.898,0.503,52.000
0.059,0.000,0.017,19.533,4200.852,1.391,52.000
0.042,0.000,0.008,19.205,6423.367,1.493,52.000
0.051,0.001,0.019,20.586,103750.023,2.322,52.000
0.048,0.009,0.014,20.639,156418.125,6.753,52.000
0.055,0.000,0.009,28.656,-20058.289,0.792,52.000
0.049,0.000,0.010,26.931,2302.375,1.017,52.000
0.042,0.001,0.009,21.435,132927.844,1.605,52.000
0.098,0.010,0.013,19.622,104742.273,4.176,52.000
0.047,0.001,0.016,29.867,-1578.305,-1.582,52.000
0.051,0.020,0.014,19.601,117862.820,6.449,52.000
0.052,0.024,0.011,19.603,145366.938,5.966,52.000
0.051,0.004,0.013,17.233,190100.594,3.059,52.000
0.052,0.001,0.012,22.992,115512.758,2.603,52.000
0.045,0.000,0.021,20.790,-14564.805,1.546,52.000
0.052,0.000,0.019,20.897,4218.492,2.089,52.000
0.046,0.001,0.017,24.715,112335.883,2.152,52.000
0.002,0.010,0.011,21.740,121355.680,2.459,52.000
0.045,0.001,0.014,21.131,118820.133,0.638,52.000
0.048,0.015,0.014,19.719,130215.086,6.723,52.000
0.048,0.008,0.013,18.682,145377.531,6.360,52.000
0.055,0.000,0.009,35.985,-49930.629,4.109,52.000
0.056,0.001,0.007,23.868,90936.289,1.065,52.000
0.058,0.001,0.017,22.559,117969.930,1.206,52.000
0.044,0.000,0.009,22.893,-7338.555,1.985,52.000
0.051,0.025,0.012,19.180,148534.156,6.829,52.000
0.043,0.001,0.006,22.202,30484.555,0.658,52.000
0.047,0.000,0.007,25.067,-13323.336,1.797,52.000
0.052,0.020,0.013,18.349,156516.656,7.653,52.000
0.049,0.004,0.012,18.027,165690.031,2.986,52.000
0.052,0.003,0.013,17.701,193323.250,2.686,52.000
0.041,0.001,0.009,19.709,135996.781,1.397,52.000
0.057,0.000,0.011,24.457,68651.195,0.748,52.000
0.049,0.021,0.010,20.101,158287.938,6.773,52.000
0.003,0.012,0.013,22.741,93420.648,4.934,52.000
0.042,0.001,0.009,21.961,87433.805,1.246,52.000
0.055,0.001,0.018,20.574,117869.148,2.451,52.000
0.053,0.001,0.003,21.086,80213.977,1.498,52.000
0.056,0.001,0.012,29.100,9645.609,0.510,52.000
0.050,0.002,0.016,23.259,134177.594,3.272,52.000
0.045,0.002,0.007,21.601,142950.531,3.593,52.000
0.050,0.013,0.010,15.226,145159.688,6.760,52.000
0.055,0.001,0.005,24.804,-21744.750,0.510,52.000
0.098,0.012,0.014,22.151,101150.258,2.316,52.000
0.048,0.024,0.013,20.358,164631.844,7.017,52.000
0.051,0.016,0.011,19.580,193665.844,7.302,52.000
0.051,0.001,0.008,23.406,113832.805,2.760,52.000
0.098,0.013,0.012,21.189,73805.930,5.174,52.000
0.049,0.010,0.012,19.019,162370.969,7.010,52.000
0.049,0.005,0.012,18.451,147315.719,3.039,52.000
0.051,0.001,0.018,23.336,86953.258,1.328,52.000
0.050,0.000,0.018,22.854,3081.008,-0.495,52.000
0.051,0.001,0.023,18.665,-16155.180,2.626,52.000
0.058,0.001,0.013,20.493,91040.086,0.917,52.000
0.055,0.001,0.014,22.915,133087.312,1.987,52.000
0.051,0.004,0.014,19.845,175189.000,3.122,52.000
0.056,0.001,0.013,20.327,148142.219,2.336,52.000
0.050,0.026,0.012,20.910,159683.406,6.803,52.000
0.051,0.026,0.011,21.437,153132.094,5.315,52.000
0.051,0.023,0.014,19.862,118103.477,5.868,52.000
0.050,0.000,0.016,25.649,6400.469,-0.089,52.000
0.047,0.001,0.005,20.792,106302.945,1.860,52.000
0.048,0.016,0.012,19.850,186444.562,7.727,52.000
0.099,0.012,0.013,21.661,94585.070,2.739,52.000
0.051,0.000,0.002,21.883,7083.250,-0.362,52.000
0.049,0.010,0.011,16.935,146091.594,7.033,52.000
0.056,0.000,0.010,28.375,-37035.078,0.272,52.000
0.048,0.019,0.012,20.278,184208.000,7.288,52.000
0.100,0.012,0.011,23.997,-14424.250,12.394,52.000
0.052,0.013,0.012,20.274,157669.688,7.604,52.000
0.055,0.000,0.019,21.378,-35605.172,0.763,52.000
0.059,0.001,0.007,26.208,-6683.555,-1.130,52.000
0.057,0.000,0.017,22.404,41066.305,1.631,52.000
0.054,0.000,0.015,30.500,-81280.953,-1.841,52.000
0.049,0.002,0.014,18.320,176336.250,0.985,52.000
0.051,0.001,0.010,23.074,132088.781,2.365,52.000
0.049,0.018,0.011,20.075,198679.250,7.073,52.000
0.047,0.000,0.007,23.804,12316.180,0.611,52.000
0.048,0.021,0.013,20.339,142017.594,6.667,52.000
0.048,0.024,0.011,21.938,169163.531,6.339,52.000
0.050,0.004,0.011,20.918,164428.656,2.808,52.000
0.050,0.021,0.013,19.051,161799.656,7.006,52.000
0.049,0.017,0.013,20.502,170142.531,7.557,52.000
0.051,0.000,0.015,29.207,17481.297,-1.870,52.000
0.053,0.002,0.007,23.082,97659.914,2.565,52.000
0.051,0.002,0.013,17.823,189725.094,2.342,52.000
0.050,0.015,0.011,19.049,190415.031,7.080,52.000
0.051,0.002,0.016,23.569,136701.156,3.118,52.000
0.050,0.021,0.011,19.907,159191.531,6.053,52.000
0.048,0.006,0.014,17.897,150441.000,3.307,52.000
0.049,0.002,0.017,22.840,130754.398,3.299,52.000
0.043,0.000,0.018,23.502,13228.984,-2.080,52.000
0.051,0.006,0.015,20.430,189407.750,6.114,52.000
0.043,0.001,0.011,22.360,68758.492,1.243,52.000
0.002,0.010,0.012,22.642,84038.086,4.586,52.000
0.056,0.002,0.016,21.754,132065.906,1.557,52.000
0.045,0.001,0.005,21.666,70033.195,1.381,52.000
0.060,0.000,0.011,20.215,60627.930,2.104,52.000
0.040,0.001,0.013,17.082,85377.133,-0.304,52.000
0.045,0.000,0.004,20.607,66868.195,0.007,52.000
0.050,0.002,0.010,22.504,160618.312,3.100,52.000
0.050,0.012,0.010,15.318,146988.750,7.112,52.000
0.052,0.017,0.012,18.890,177592.125,7.431,52.000
0.051,0.004,0.015,20.788,173767.688,3.380,52.000
0.054,0.002,0.007,22.445,107367.227,2.847,52.000
0.051,0.007,0.013,20.280,185405.844,6.188,52.000
0.052,0.007,0.011,19.601,140506.844,3.688,52.000
0.041,0.000,0.014,21.591,-17454.156,-1.164,52.000
0.052,0.000,0.005,24.861,-6585.438,0.842,52.000
0.048,0.000,0.019,23.239,19124.469,0.467,52.000
0.052,0.001,0.019,22.004,36590.336,0.996,52.000
0.002,0.011,0.011,21.678,121060.664,2.549,52.000
0.048,0.001,0.015,22.262,163491.281,1.598,52.000
0.040,0.000,0.009,20.808,20546.703,-1.962,52.000
0.044,0.000,0.020,21.794,-49820.875,0.563,52.000
0.043,0.000,0.014,21.533,33235.039,-0.058,52.000
0.051,0.021,0.012,18.279,170403.375,7.257,52.000
0.051,0.012,0.012,20.662,183269.031,7.970,52.000
0.056,0.000,0.011,30.656,-9126.219,3.303,52.000
0.048,0.013,0.013,19.504,145198.594,7.715,52.000
0.052,0.001,0.023,17.637,58447.633,2.687,52.000
0.051,0.016,0.012,20.106,184287.406,8.254,52.000
0.050,0.002,0.009,21.961,159992.250,3.251,52.000
0.042,0.001,0.012,19.459,117944.086,0.487,52.000
0.052,0.021,0.012,17.635,164497.812,7.414,52.000
0.048,0.001,0.022,19.792,-13579.453,0.629,52.000
0.055,0.001,0.011,26.732,45353.805,-0.200,52.000
0.001,0.012,0.012,23.460,112292.742,4.639,52.000
0.053,0.000,0.002,19.259,20961.633,0.136,52.000
0.042,0.001,0.006,21.036,150420.500,2.348,52.000
0.050,0.012,0.013,21.237,172610.781,8.177,52.000
0.052,0.021,0.013,17.955,142374.875,7.015,52.000
0.046,0.001,0.002,19.289,64792.773,0.178,52.000
0.043,0.001,0.012,19.435,130272.961,1.303,52.000
0.052,0.024,0.012,18.318,130898.883,6.925,52.000
0.043,0.001,0.012,17.394,153075.125,1.781,52.000
0.049,0.015,0.011,18.743,180092.531,7.363,52.000
0.050,0.024,0.010,20.882,153049.000,5.659,52.000
0.049,0.020,0.014,20.362,128280.742,6.463,52.000
0.051,0.006,0.012,18.999,132643.281,3.169,52.000
0.044,0.001,0.020,23.856,17597.219,0.001,52.000
0.048,0.001,0.020,19.988,90420.492,2.432,52.000
0.044,0.000,0.013,22.568,29155.148,0.633,52.000
0.044,0.001,0.006,21.899,52383.133,1.423,52.000
0.048,0.027,0.012,25.280,150110.906,5.431,52.000
0.049,0.010,0.013,21.068,162065.375,7.591,52.000
0.049,0.011,0.011,16.770,143330.031,7.155,52.000
0.043,0.001,0.017,25.727,20411.930,-0.717,52.000
0.050,0.019,0.013,20.264,146297.281,7.060,52.000
0.055,0.000,0.015,22.785,12916.602,1.304,52.000
0.047,0.001,0.013,17.653,174248.375,2.118,52.000
0.052,0.022,0.012,17.760,151776.656,7.017,52.000
0.051,0.000,0.019,20.930,-15103.539,1.692,52.000
0.060,0.000,0.011,24.805,47747.539,3.560,52.000
0.053,0.001,0.005,22.269,93373.508,2.026,52.000
0.052,0.017,0.011,18.836,185256.094,6.860,52.000
0.047,0.001,0.014,23.687,93181.227,-0.157,52.000
0.051,0.006,0.009,20.092,153082.250,2.970,52.000
0.050,0.011,0.010,16.279,143033.125,7.501,52.000
0.049,0.001,0.004,22.276,7895.203,0.378,52.000
0.050,0.009,0.010,16.142,159263.969,5.519,52.000
0.041,0.001,0.010,20.309,132296.594,0.008,52.000
0.059,0.001,0.018,20.376,137145.500,2.065,52.000
0.048,0.023,0.013,20.137,154252.344,6.778,52.000
0.046,0.001,0.008,22.535,128581.336,2.779,52.000
0.053,0.001,0.004,19.623,117791.789,2.191,52.000
0.058,0.001,0.015,21.347,149611.719,1.373,52.000
0.053,0.001,0.006,25.693,15488.898,0.820,52.000
0.051,0.005,0.010,21.477,152784.750,2.511,52.000
0.050,0.021,0.014,19.849,97309.555,5.651,52.000
0.058,0.001,0.008,23.630,78373.383,0.061,52.000
0.050,0.007,0.011,19.412,124089.398,3.293,52.000
0.048,0.001,0.010,21.314,168093.750,2.943,52.000
0.056,0.001,0.010,25.427,70013.758,0.073,52.000
0.045,0.001,0.011,20.314,173550.062,3.114,52.000
0.047,0.001,0.017,23.565,133865.562,3.171,52.000
0.043,0.001,0.006,21.977,130877.820,2.093,52.000
0.042,0.000,0.017,23.273,-17989.086,-3.313,52.000
0.052,0.008,0.011,16.999,150795.344,4.904,52.000
0.050,0.001,0.016,23.531,137033.312,2.956,52.000
0.040,0.001,0.009,20.023,128167.773,0.652,52.000
0.047,0.001,0.007,21.590,124735.555,2.920,52.000
0.049,0.002,0.018,21.582,125340.477,3.121,52.000
0.049,0.010,0.010,15.612,151015.156,6.392,52.000
0.057,0.001,0.019,19.385,117252.852,3.050,52.000
0.051,0.010,0.011,18.072,167617.906,7.571,52.000
0.050,0.008,0.013,20.460,147420.594,5.910,52.000
0.046,0.001,0.010,23.966,75356.086,2.326,52.000
0.051,0.008,0.014,21.636,187202.875,7.529,52.000
0.054,0.000,0.016,25.067,8712.516,-0.829,52.000
0.058,0.001,0.015,23.069,96244.445,1.221,52.000
0.050,0.007,0.014,19.810,191719.531,6.409,52.000
0.049,0.016,0.014,19.649,132308.375,6.697,52.000
0.043,0.001,0.011,19.718,161245.188,2.042,52.000
0.052,0.007,0.014,20.222,192335.188,6.649,52.000
0.051,0.007,0.014,20.688,191937.562,7.181,52.000
0.040,0.001,0.013,17.329,116773.852,-0.532,52.000
0.050,0.019,0.011,18.987,184991.031,6.978,52.000
0.047,0.002,0.010,21.059,170064.344,2.896,52.000
0.045,0.001,0.012,19.610,170727.969,2.872,52.000
0.048,0.013,0.012,19.040,167442.281,8.083,52.000
0.043,0.000,0.009,20.222,-38064.773,0.924,52.000
0.052,0.007,0.012,20.038,131101.031,4.819,52.000
0.054,0.002,0.010,23.331,120394.977,1.460,52.000
0.050,0.012,0.013,20.792,172230.219,8.047,52.000
0.046,0.001,0.004,20.892,73417.242,1.269,52.000
0.056,0.002,0.011,20.273,139104.156,1.952,52.000
0.050,0.021,0.011,20.055,170869.562,6.446,52.000
0.050,0.026,0.014,21.361,77274.086,5.493,52.000
0.051,0.012,0.011,18.206,181112.406,7.521,52.000
0.049,0.001,0.019,23.097,38465.023,0.339,52.000
0.054,0.000,0.008,29.634,-37436.688,1.585,52.000
0.049,0.014,0.013,20.173,153736.062,7.489,52.000
0.049,0.020,0.010,19.516,173268.625,7.018,52.000
0.054,0.001,0.020,18.846,99415.492,3.001,52.000
0.046,0.000,0.020,20.299,-8905.609,0.366,52.000
0.053,0.001,0.010,26.291,65260.117,0.698,52.000
0.056,0.000,0.008,25.797,-19651.250,0.412,52.000
0.052,0.023,0.012,18.110,137835.500,6.801,52.000
0.048,0.001,0.019,22.736,83698.508,1.487,52.000
0.055,0.001,0.011,25.908,65742.367,0.588,52.000
0.057,0.000,0.016,20.824,23461.562,0.724,52.000
0.058,0.001,0.006,20.460,123899.273,1.723,52.000
0.055,0.000,0.007,24.586,708.445,0.662,52.000
0.057,0.000,0.015,21.630,20342.836,-0.247,52.000
0.055,0.000,0.012,31.988,4121.719,3.234,52.000
0.056,0.000,0.009,27.719,-15473.641,0.676,52.000
0.045,0.000,0.011,26.392,-801.164,-0.782,52.000
0.051,0.026,0.012,20.256,149343.312,6.548,52.000
0.052,0.010,0.012,21.298,190645.250,8.043,52.000
0.042,0.001,0.014,19.577,109551.258,0.571,52.000
0.048,0.009,0.013,20.836,160323.844,7.321,52.000
0.056,0.001,0.010,27.351,18963.227,0.126,52.000
0.052,0.001,0.018,22.356,102020.258,1.679,52.000
0.051,0.004,0.013,17.624,181787.125,2.650,52.000
0.045,0.000,0.020,18.403,-41299.504,0.395,52.000
0.051,0.010,0.010,15.351,165568.406,6.063,52.000
0.052,0.011,0.014,22.130,162956.250,7.306,52.000
0.043,0.000,0.007,21.057,-37888.766,2.247,52.000
0.048,0.006,0.011,19.844,146099.844,3.025,52.000
0.048,0.024,0.012,20.368,174984.781,7.112,52.000
0.045,0.001,0.007,23.046,11382.711,1.604,52.000
0.050,0.012,0.014,23.175,151967.750,7.342,52.000
0.050,0.025,0.010,21.387,152638.500,5.448,52.000
0.047,0.001,0.007,22.460,109924.133,2.524,52.000
0.050,0.012,0.011,18.605,182159.125,8.029,52.000
0.051,0.016,0.011,19.621,191144.500,7.254,52.000
0.057,0.001,0.011,22.822,76678.633,-0.397,52.000
0.051,0.019,0.011,19.340,187850.844,7.119,52.000
0.052,0.014,0.010,19.234,172533.750,6.184,52.000
0.051,0.016,0.010,18.339,190690.375,7.463,52.000
0.100,0.012,0.013,18.072,36199.305,7.084,52.000
0.054,0.001,0.015,22.686,142571.469,2.467,52.000
0.057,0.000,0.006,22.385,50767.445,1.954,52.000
0.057,0.001,0.008,23.018,96342.117,1.359,52.000
0.052,0.013,0.011,18.617,169432.531,7.185,52.000
0.046,0.001,0.020,21.232,43042.289,1.370,52.000
0.041,0.001,0.008,20.397,138161.875,1.963,52.000
0.050,0.007,0.013,18.126,133650.031,4.951,52.000
0.058,0.001,0.014,21.796,136570.469,0.810,52.000
0.049,0.015,0.010,18.459,183275.562,6.689,52.000
0.056,0.000,0.017,22.328,-44833.098,-0.440,52.000
0.049,0.001,0.020,20.687,81506.758,1.830,52.000
0.045,0.000,0.019,22.907,-221.750,-0.859,52.000
0.050,0.023,0.013,19.559,135230.250,6.351,52.000
0.049,0.015,0.014,20.548,128724.086,6.692,52.000
0.053,0.001,0.007,26.090,8123.477,0.670,52.000
0.048,0.014,0.013,19.883,157687.250,7.855,52.000
0.048,0.021,0.012,20.073,185277.688,7.086,52.000
0.042,0.001,0.017,24.195,86768.633,0.559,52.000
0.051,0.004,0.012,17.959,167297.469,2.976,52.000
0.051,0.012,0.011,18.141,180403.312,7.651,52.000
0.051,0.013,0.013,22.130,156940.562,7.390,52.000
0.049,0.018,0.011,19.603,201959.531,7.295,52.000
0.045,0.000,0.009,26.281,-20862.930,2.628,52.000
0.049,0.023,0.013,19.974,164225.125,6.943,52.000
0.046,0.002,0.015,22.255,149587.594,1.985,52.000
0.097,0.012,0.012,20.449,81290.883,5.606,52.000
0.049,0.010,0.011,17.108,131963.500,6.513,52.000
0.050,0.020,0.010,18.950,167502.688,7.382,52.000
0.051,0.022,0.011,18.986,162327.250,6.552,52.000
0.049,0.025,0.011,21.990,164614.031,5.924,52.000
0.050,0.010,0.010,14.624,169434.969,6.036,52.000
0.056,0.000,0.015,26.336,-7537.812,0.196,52.000
0.048,0.007,0.011,20.036,133874.656,4.309,52.000
0.052,0.013,0.014,22.611,148727.031,6.971,52.000
0.049,0.001,0.007,21.859,110188.102,2.853,52.000
0.048,0.013,0.012,18.923,170975.562,7.746,52.000
0.051,0.020,0.010,18.788,164072.281,6.734,52.000
0.060,0.001,0.014,21.015,90720.133,2.111,52.000
0.050,0.019,0.010,19.032,182177.438,7.237,52.000
0.052,0.018,0.012,18.452,175426.844,8.076,52.000
0.001,0.012,0.012,23.639,111531.773,4.572,52.000
0.050,0.027,0.014,22.789,40061.289,4.876,52.000
0.050,0.016,0.013,20.243,151395.406,7.234,52.000
0.001,0.012,0.013,23.213,93622.898,4.921,52.000
0.054,0.002,0.009,23.640,99122.820,1.675,52.000
0.050,0.002,0.014,21.274,169768.094,2.847,52.000
0.045,0.000,0.013,25.347,-1930.875,-0.132,52.000
0.050,0.022,0.010,19.880,148121.719,6.512,52.000
0.059,0.001,0.015,19.896,125251.852,2.125,52.000
0.040,0.000,0.014,19.790,-13750.836,0.837,52.000
0.060,0.000,0.013,18.201,101994.367,1.527,52.000
0.050,0.019,0.014,19.850,105330.117,5.928,52.000
0.049,0.000,0.012,29.218,-24698.828,-0.749,52.000
0.044,0.000,0.004,20.397,77725.508,-1.771,52.000
0.053,0.001,0.005,21.926,94189.570,2.111,52.000
0.043,0.000,0.005,19.098,-7791.227,3.806,52.000
0.048,0.005,0.013,16.588,131333.625,2.731,52.000
0.058,0.001,0.011,18.358,128317.883,0.933,52.000
0.051,0.003,0.014,18.882,177393.281,2.372,52.000
0.048,0.000,0.011,29.891,-12516.359,1.094,52.000
0.052,0.012,0.013,20.972,167044.562,7.819,52.000
0.055,0.000,0.017,24.543,-50879.863,-0.594,52.000
0.044,0.001,0.019,22.360,118761.523,2.230,52.000
0.055,0.001,0.017,24.389,37443.320,0.667,52.000
0.054,0.001,0.010,24.470,101108.992,0.813,52.000
0.051,0.008,0.010,16.547,156753.688,4.253,52.000
0.053,0.001,0.014,28.924,39147.211,0.170,52.000
0.050,0.000,0.006,22.272,6991.000,0.789,52.000
0.056,0.001,0.010,23.072,106352.164,1.084,52.000
0.050,0.000,0.015,29.961,-4923.047,-2.173,52.000
0.047,0.002,0.006,20.657,107528.352,2.930,52.000
0.048,0.001,0.005,21.599,57363.602,1.329,52.000
0.055,0.002,0.010,22.708,123200.430,1.216,52.000
0.003,0.012,0.013,22.805,107725.102,4.713,52.000
0.050,0.000,0.010,28.319,-64524.543,0.404,52.000
0.048,0.012,0.012,19.096,179734.406,7.945,52.000
0.052,0.000,0.014,28.615,-4035.641,1.726,52.000
0.053,0.000,0.012,28.610,42960.430,-0.712,52.000
0.048,0.002,0.008,21.367,129823.664,3.057,52.000
0.044,0.001,0.006,20.186,131644.312,2.700,52.000
0.051,0.019,0.013,18.709,172118.969,7.927,52.000
0.098,0.010,0.012,19.537,100849.320,4.791,52.000
0.048,0.025,0.012,21.093,169994.969,6.996,52.000
0.051,0.000,0.010,33.513,-49323.719,1.220,52.000
0.051,0.005,0.011,20.906,155509.781,2.803,52.000
0.049,0.008,0.014,20.457,171867.500,6.144,52.000
0.051,0.015,0.012,19.902,179702.344,7.677,52.000
0.056,0.001,0.016,22.701,112237.102,1.619,52.000
0.052,0.000,0.018,24.829,-67641.586,-0.318,52.000
0.049,0.009,0.010,16.948,134575.906,6.241,52.000
0.049,0.011,0.014,22.725,144349.562,7.142,52.000
0.051,0.010,0.010,15.193,162367.031,6.428,52.000
0.055,0.001,0.010,23.660,110217.820,1.149,52.000
0.055,0.001,0.015,24.956,102903.023,0.843,52.000
0.049,0.000,0.002,21.761,-6093.305,-1.206,52.000
0.052,0.012,0.013,21.781,169122.500,7.942,52.000
0.056,0.002,0.008,23.141,88402.539,1.528,52.000
0.045,0.002,0.008,21.527,152833.062,3.376,52.000
0.045,0.001,0.010,21.006,149674.281,2.475,52.000
0.047,0.000,0.009,29.677,-3389.648,4.689,52.000
0.053,0.000,0.022,16.420,-65416.312,0.159,52.000
0.049,0.014,0.013,20.040,163058.875,7.732,52.000
0.055,0.001,0.020,19.943,84323.992,2.458,52.000
0.058,0.001,0.015,22.986,122782.945,0.155,52.000
0.060,0.001,0.013,18.715,107251.445,1.552,52.000
0.052,0.005,0.010,21.019,150229.062,2.563,52.000
0.052,0.006,0.014,19.919,197484.438,6.094,52.000
0.048,0.001,0.005,21.755,75919.383,2.010,52.000
0.051,0.025,0.012,19.180,141142.938,6.776,52.000
0.049,0.020,0.013,19.950,161303.750,6.971,52.000
0.047,0.002,0.009,21.211,157079.531,3.510,52.000
0.051,0.020,0.014,18.883,128897.008,6.721,52.000
0.049,0.026,0.014,21.541,97940.180,5.723,52.000
0.002,0.010,0.012,22.567,90730.414,4.037,52.000
0.051,0.014,0.012,20.061,160672.938,7.906,52.000
0.049,0.016,0.011,19.681,194830.531,7.549,52.000
0.055,0.001,0.016,23.844,100902.227,0.904,52.000
0.049,0.018,0.011,19.484,199467.781,7.199,52.000
0.054,0.000,0.017,23.244,-63295.402,-0.743,52.000
0.051,0.025,0.013,20.243,123263.008,6.037,52.000
0.049,0.001,0.018,21.311,116942.055,2.535,52.000
0.049,0.001,0.006,20.945,97862.992,2.404,52.000
0.049,0.013,0.013,20.562,160312.469,7.487,52.000
0.058,0.000,0.015,25.563,10034.602,-0.266,52.000
0.054,0.001,0.020,18.253,97188.711,3.070,52.000
0.045,0.000,0.012,25.208,6905.273,0.770,52.000
0.058,0.001,0.011,17.802,117271.195,1.323,52.000
0.050,0.003,0.012,20.358,172811.906,3.088,52.000
0.050,0.015,0.013,20.344,156283.531,7.670,52.000
0.050,0.026,0.010,22.199,152979.719,5.468,52.000
0.052,0.007,0.012,19.520,134329.156,3.982,52.000
0.051,0.004,0.014,19.805,175920.812,3.459,52.000
0.001,0.013,0.013,24.218,121794.367,4.465,52.000
0.049,0.012,0.013,20.179,165271.656,8.276,52.000
0.055,0.001,0.018,19.690,111498.945,2.726,52.000
0.002,0.010,0.013,22.864,65817.492,5.118,52.000
0.048,0.005,0.010,21.726,155947.688,2.745,52.000
0.052,0.018,0.013,19.216,147003.281,7.668,52.000
0.048,0.004,0.014,18.236,158784.281,0.771,52.000
0.049,0.014,0.010,17.402,161081.094,6.442,52.000
0.051,0.010,0.010,16.023,166805.438,6.803,52.000
0.044,0.001,0.017,23.813,130017.430,2.695,52.000
0.049,0.019,0.013,19.846,179444.281,7.377,52.000
0.052,0.001,0.002,20.740,62792.180,0.841,52.000
0.045,0.001,0.011,20.579,164369.906,2.661,52.000
0.048,0.014,0.010,16.653,153988.906,6.654,52.000
0.049,0.004,0.011,22.177,161310.844,2.851,52.000
0.051,0.018,0.013,19.029,176473.531,8.048,52.000
0.051,0.001,0.006,23.366,66872.414,1.684,52.000
0.051,0.016,0.012,19.902,187720.812,7.807,52.000
0.049,0.005,0.010,21.631,157787.062,3.108,52.000
0.045,0.000,0.022,20.962,-47686.426,1.037,52.000
0.043,0.001,0.009,23.100,57454.445,1.559,52.000
0.058,0.001,0.017,22.808,91858.727,1.025,52.000
0.049,0.001,0.020,20.520,93495.258,2.225,52.000
0.049,0.026,0.010,22.593,142744.719,5.683,52.000
0.052,0.000,0.019,18.236,-49078.141,-0.491,52.000
0.051,0.015,0.010,18.703,189316.438,6.725,52.000
0.049,0.001,0.016,26.995,67175.258,0.975,52.000
0.055,0.000,0.014,31.061,-96076.352,-0.293,52.000
0.045,0.001,0.012,18.585,167123.969,2.733,52.000
0.050,0.021,0.011,20.106,172920.656,6.402,52.000
0.043,0.001,0.004,19.258,130527.680,1.871,52.000
0.054,0.001,0.015,26.738,54442.539,0.165,52.000
0.052,0.025,0.013,20.112,113875.023,6.342,52.000
0.050,0.026,0.012,20.933,146249.531,6.685,52.000
0.050,0.005,0.014,19.317,174378.562,2.558,52.000
0.050,0.008,0.012,19.730,123006.648,4.379,52.000
0.050,0.000,0.002,19.284,-7543.484,0.836,52.000
0.053,0.001,0.002,21.642,28198.055,0.816,52.000
0.049,0.017,0.014,19.853,129384.305,6.434,52.000
0.048,0.001,0.013,19.062,156282.125,0.920,52.000
0.056,0.000,0.020,21.310,-56896.152,1.545,52.000
0.051,0.015,0.014,20.519,131084.094,6.854,52.000
0.052,0.006,0.011,20.769,145968.562,2.875,52.000
0.057,0.001,0.010,20.873,117834.664,1.025,52.000
0.059,0.000,0.017,19.328,62696.555,-0.407,52.000
0.051,0.013,0.012,19.448,168788.750,7.731,52.000
0.052,0.008,0.013,22.110,166001.844,7.265,52.000
0.057,0.001,0.014,23.016,106227.820,1.084,52.000
0.050,0.010,0.013,23.224,165283.938,8.001,52.000
0.050,0.011,0.010,14.700,147918.938,7.112,52.000
0.049,0.019,0.012,19.863,189772.750,7.311,52.000
0.051,0.007,0.010,19.355,136442.062,2.977,52.000
0.044,0.002,0.017,23.803,131442.812,2.764,52.000
0.051,0.012,0.014,22.766,156199.250,7.368,52.000
0.049,0.016,0.013,20.131,160693.312,7.491,52.000
0.046,0.000,0.022,19.113,11746.859,3.081,52.000
0.051,0.004,0.014,19.192,170818.438,2.838,52.000
0.056,0.002,0.017,20.664,127061.695,2.249,52.000
0.055,0.001,0.007,25.683,31818.867,0.700,52.000
0.049,0.001,0.003,21.234,-15273.477,-0.675,52.000
0.048,0.011,0.012,19.406,161439.156,6.815,52.000
0.060,0.001,0.010,15.763,140904.469,0.504,52.000
0.099,0.011,0.011,20.182,69269.930,5.821,52.000
0.051,0.017,0.011,19.163,185396.219,7.232,52.000
0.048,0.001,0.013,22.913,85418.430,1.642,52.000
0.052,0.007,0.011,19.269,136279.000,3.612,52.000
0.002,0.011,0.013,22.800,71992.836,5.306,52.000
0.100,0.012,0.013,22.602,-874.547,11.649,52.000
0.051,0.012,0.014,23.068,148044.938,6.660,52.000
0.049,0.009,0.011,18.239,121134.148,5.505,52.000
0.050,0.021,0.013,18.976,149399.375,6.896,52.000
0.053,0.002,0.012,21.677,168070.594,3.085,52.000
0.051,0.011,0.011,18.714,187304.281,8.026,52.000
0.048,0.001,0.002,18.816,93140.586,0.653,52.000
0.058,0.001,0.012,19.040,107838.492,1.400,52.000
0.041,0.001,0.010,21.112,94977.727,-0.658,52.000
0.050,0.020,0.011,19.876,179853.969,6.586,52.000
0.053,0.002,0.014,20.557,184641.875,3.331,52.000
0.052,0.001,0.021,20.034,52869.695,1.668,52.000
0.051,0.007,0.013,20.763,163460.531,6.108,52.000
0.049,0.005,0.011,20.846,151923.406,2.733,52.000
0.049,0.009,0.012,19.268,133291.406,5.966,52.000
0.098,0.013,0.012,21.000,73748.102,5.312,52.000
0.002,0.012,0.010,20.591,145114.188,1.497,52.000
0.045,0.001,0.015,28.295,40955.805,-0.629,52.000
0.049,0.016,0.012,19.842,188678.562,7.729,52.000
0.051,0.016,0.012,19.920,190264.062,7.454,52.000
0.051,0.017,0.011,18.884,195615.281,7.367,52.000
0.051,0.001,0.015,26.157,98909.445,1.609,52.000
0.045,0.001,0.015,24.141,128669.305,1.111,52.000
0.047,0.000,0.017,26.767,-24745.188,-2.293,52.000
0.043,0.001,0.011,19.540,160401.594,1.832,52.000
0.051,0.021,0.013,18.500,145662.156,6.865,52.000
0.050,0.007,0.013,18.708,143188.250,5.257,52.000
0.052,0.006,0.010,20.402,147052.312,2.597,52.000
0.001,0.013,0.011,21.909,137231.625,2.879,52.000
0.049,0.001,0.014,24.172,143027.125,1.049,52.000
0.045,0.002,0.016,23.957,129205.539,2.598,52.000
0.051,0.021,0.010,19.463,147567.406,6.121,52.000
0.041,0.001,0.014,19.090,68361.570,-0.227,52.000
0.048,0.000,0.018,22.129,12610.180,0.079,52.000
0.051,0.023,0.011,20.215,153659.375,5.775,52.000
0.050,0.003,0.011,21.293,168889.000,3.152,52.000
0.053,0.001,0.022,17.851,68868.633,2.862,52.000
0.054,0.000,0.018,24.108,-53002.844,-0.212,52.000
0.052,0.003,0.013,17.821,188779.656,2.990,52.000
0.049,0.003,0.012,19.141,173275.438,3.346,52.000
0.047,0.001,0.018,26.167,26239.570,-0.542,52.000
0.048,0.000,0.022,18.755,-67243.062,1.985,52.000
0.056,0.000,0.007,24.523,20321.781,0.231,52.000
0.059,0.000,0.014,22.966,74795.289,0.511,52.000
0.052,0.008,0.012,20.013,135383.719,5.475,52.000
0.051,0.000,0.007,24.562,21488.633,1.129,52.000
0.056,0.002,0.008,22.992,87747.258,1.520,52.000
0.043,0.000,0.018,24.959,7288.633,-0.708,52.000
0.045,0.000,0.004,20.878,49612.914,-0.911,52.000
0.042,0.000,0.018,21.019,-7376.211,-2.886,52.000
0.048,0.004,0.013,15.902,150275.156,1.880,52.000
0.052,0.026,0.012,19.597,135158.594,6.661,52.000
0.049,0.015,0.013,19.881,171625.719,7.963,52.000
0.051,0.011,0.013,21.423,182257.469,8.028,52.000
0.051,0.001,0.002,19.989,95207.055,1.266,52.000
0.058,0.001,0.014,19.106,137775.000,1.771,52.000
0.049,0.008,0.012,18.556,116878.305,4.909,52.000
0.048,0.014,0.013,19.229,162323.125,7.821,52.000
0.052,0.015,0.013,19.957,147509.000,7.640,52.000
0.048,0.018,0.011,20.014,198519.125,7.226,52.000
0.050,0.005,0.011,22.019,140984.031,2.770,52.000
0.048,0.000,0.004,21.977,39709.992,-1.067,52.000
0.048,0.007,0.012,17.048,133147.375,4.064,52.000
0.052,0.017,0.010,18.417,182683.500,7.236,52.000
0.051,0.012,0.012,20.382,178344.031,8.050,52.000
0.057,0.001,0.011,28.341,-12028.125,-0.734,52.000
0.051,0.005,0.012,17.156,162144.469,3.218,52.000
0.051,0.000,0.002,22.381,-26473.992,-1.490,52.000
0.043,0.001,0.017,24.285,119918.867,1.796,52.000
0.053,0.000,0.010,28.865,10155.414,0.329,52.000
0.054,0.001,0.007,26.091,38082.742,1.028,52.000
0.051,0.021,0.011,18.967,163058.625,6.808,52.000
0.052,0.009,0.012,19.242,160840.469,7.409,52.000
0.047,0.001,0.018,22.258,123441.914,2.761,52.000
0.002,0.010,0.012,22.103,106884.961,3.283,52.000
0.051,0.023,0.013,18.168,141127.906,6.763,52.000
0.052,0.024,0.012,18.290,126609.586,6.715,52.000
0.049,0.021,0.014,20.338,128432.242,6.459,52.000
0.048,0.005,0.011,21.444,146068.844,2.826,52.000
0.050,0.002,0.017,22.769,127773.727,3.171,52.000
0.049,0.001,0.008,22.048,141800.250,2.949,52.000
0.053,0.000,0.013,29.019,19666.672,0.706,52.000
0.050,0.013,0.012,19.864,166578.656,7.863,52.000
0.048,0.000,0.006,22.283,-7008.922,1.212,52.000
0.051,0.018,0.013,19.859,152023.969,7.615,52.000
0.046,0.001,0.020,22.632,49101.555,1.088,52.000
0.057,0.001,0.012,22.189,71292.180,0.160,52.000
0.048,0.002,0.018,21.501,126480.461,3.182,52.000
0.050,0.023,0.011,20.210,162736.125,6.449,52.000
0.048,0.005,0.013,16.057,135685.062,1.866,52.000
0.058,0.001,0.010,21.166,87014.727,-0.018,52.000
0.050,0.008,0.011,19.134,110153.117,4.631,52.000
0.048,0.019,0.012,20.313,196041.281,7.070,52.000
0.044,0.001,0.012,18.385,164306.000,2.263,52.000
0.048,0.000,0.002,20.147,69580.617,-1.158,52.000
0.054,0.001,0.002,20.968,90931.195,1.882,52.000
0.052,0.000,0.014,31.561,-58353.453,-1.606,52.000
0.049,0.005,0.010,21.918,150954.844,2.751,52.000
0.053,0.001,0.007,23.262,105238.305,2.632,52.000
0.044,0.000,0.016,23.538,-5215.062,-2.213,52.000
0.053,0.001,0.007,26.414,21049.586,0.925,52.000
0.049,0.003,0.011,21.506,164480.125,2.903,52.000
0.047,0.001,0.022,21.153,59981.898,1.908,52.000
0.049,0.004,0.013,16.660,155451.219,2.651,52.000
0.052,0.001,0.012,29.179,17757.016,0.908,52.000
0.049,0.006,0.011,20.030,137643.281,3.381,52.000
0.042,0.001,0.011,21.557,78493.773,-0.080,52.000
0.052,0.005,0.011,20.636,160735.875,2.704,52.000
0.050,0.013,0.014,22.538,129581.805,6.411,52.000
0.052,0.027,0.013,14.561,158365.781,6.001,52.000
0.042,0.001,0.005,19.438,141004.125,2.491,52.000
0.052,0.016,0.013,19.819,145931.781,7.441,52.000
0.042,0.001,0.011,19.179,159350.406,1.196,52.000
0.048,0.005,0.013,15.720,127736.383,2.927,52.000
0.050,0.003,0.014,19.419,172513.719,1.375,52.000
0.050,0.009,0.014,22.630,163526.344,7.135,52.000
0.048,0.002,0.014,17.792,170080.531,0.406,52.000
0.052,0.015,0.012,19.503,175242.719,8.323,52.000
0.051,0.018,0.013,19.080,163641.438,8.000,52.000
0.048,0.012,0.012,19.564,167313.375,8.040,52.000
0.050,0.010,0.015,23.483,149146.406,6.306,52.000
0.050,0.000,0.013,29.417,16472.438,-0.102,52.000
0.051,0.001,0.021,19.844,67313.633,1.883,52.000
0.043,0.002,0.014,17.868,143261.656,1.859,52.000
0.047,0.002,0.006,20.416,108163.305,2.904,52.000
0.048,0.003,0.011,21.295,165655.938,2.995,52.000
0.048,0.003,0.011,21.841,165949.906,3.087,52.000
0.050,0.023,0.010,20.408,147315.000,6.214,52.000
0.049,0.003,0.015,20.424,172020.094,2.406,52.000
0.051,0.016,0.013,19.516,162958.125,7.971,52.000
0.040,0.000,0.012,19.095,-24216.727,0.432,52.000
0.051,0.008,0.014,21.394,189462.875,7.414,52.000
0.050,0.000,0.022,21.715,-89824.758,2.508,52.000
0.059,0.000,0.006,27.106,-32533.500,2.118,52.000
0.043,0.000,0.017,23.332,12167.414,-2.618,52.000
0.049,0.022,0.011,20.829,166564.250,6.341,52.000
0.043,0.000,0.009,24.589,19664.273,3.866,52.000
0.051,0.026,0.014,20.528,107626.820,6.197,52.000
0.052,0.012,0.012,20.454,163980.500,7.869,52.000
0.055,0.001,0.005,21.226,108590.727,2.301,52.000
0.044,0.001,0.012,19.340,159254.062,2.329,52.000
0.048,0.018,0.011,19.159,204016.938,7.655,52.000
0.050,0.005,0.012,17.768,150872.281,3.235,52.000
0.042,0.000,0.014,22.253,-39215.551,-1.217,52.000
0.053,0.001,0.003,19.950,112110.805,2.264,52.000
0.055,0.001,0.010,28.829,-8009.234,0.024,52.000
0.050,0.001,0.007,22.602,100838.352,2.578,52.000
0.054,0.001,0.005,20.893,120601.227,2.471,52.000
0.051,0.001,0.005,20.780,106510.227,1.995,52.000
0.042,0.001,0.018,24.261,92863.352,0.889,52.000
0.044,0.001,0.020,21.495,102389.461,2.416,52.000
0.051,0.026,0.011,20.243,150011.094,6.393,52.000
0.044,0.000,0.011,22.853,2419.891,-0.025,52.000
0.050,0.000,0.017,26.216,-48341.613,-2.197,52.000
0.049,0.001,0.012,20.678,154932.875,2.435,52.000
0.057,0.001,0.018,21.204,107144.945,2.381,52.000
0.045,0.001,0.004,19.216,124467.945,2.258,52.000
0.053,0.001,0.004,21.010,109032.992,2.242,52.000
0.048,0.000,0.018,23.779,-13167.688,0.121,52.000
0.051,0.001,0.013,21.052,151370.406,1.753,52.000
0.047,0.000,0.022,20.617,-173.438,2.415,52.000
0.043,0.001,0.010,20.970,142448.062,1.619,52.000
0.051,0.012,0.014,23.226,141669.594,6.353,52.000
0.056,0.001,0.014,21.655,150482.656,2.318,52.000
0.050,0.019,0.010,18.926,178571.094,7.176,52.000
0.045,0.001,0.013,23.046,54564.898,0.568,52.000
0.051,0.013,0.010,17.539,165248.594,5.973,52.000
0.052,0.002,0.012,19.117,183082.875,2.800,52.000
0.046,0.001,0.012,18.714,154363.906,2.213,52.000
0.043,0.001,0.005,19.517,138462.000,2.229,52.000
0.053,0.001,0.009,24.700,100612.117,1.511,52.000
0.053,0.000,0.015,29.596,-38744.898,-1.721,52.000
0.049,0.015,0.013,20.208,177884.844,8.140,52.000
0.049,0.005,0.011,21.047,152963.688,2.700,52.000
0.051,0.001,0.021,19.231,7321.266,1.481,52.000
0.051,0.000,0.020,19.033,-5226.367,0.813,52.000
0.043,0.001,0.015,22.514,96915.695,0.588,52.000
0.051,0.003,0.012,17.996,176590.344,2.899,52.000
0.049,0.006,0.012,17.248,143764.656,3.526,52.000
0.052,0.001,0.011,23.212,113078.398,2.787,52.000
0.098,0.012,0.012,21.117,90136.602,4.186,52.000
0.098,0.011,0.012,20.019,97245.133,4.676,52.000
0.056,0.001,0.009,24.404,83696.820,0.127,52.000
0.050,0.022,0.011,20.262,160568.562,6.133,52.000
0.099,0.013,0.011,20.827,27016.945,5.473,52.000
0.051,0.014,0.010,19.021,171727.125,6.545,52.000
0.051,0.011,0.014,22.704,155749.125,7.157,52.000
0.053,0.002,0.012,20.928,169764.281,3.333,52.000
0.049,0.015,0.010,18.236,187072.906,6.998,52.000
0.050,0.004,0.014,20.358,174474.844,2.609,52.000
0.050,0.017,0.010,18.452,196987.562,7.791,52.000
0.048,0.006,0.011,20.456,141688.750,3.514,52.000
0.052,0.000,0.002,19.750,34099.742,0.718,52.000
0.047,0.002,0.017,23.185,135050.000,3.392,52.000
0.048,0.001,0.017,24.730,88287.758,1.467,52.000
0.052,0.023,0.011,19.307,148588.062,6.159,52.000
0.050,0.004,0.014,19.101,170853.781,2.348,52.000
0.049,0.026,0.012,20.866,160376.156,6.951,52.000
0.048,0.001,0.013,18.181,175295.594,1.391,52.000
0.099,0.012,0.012,20.613,82372.570,5.842,52.000
0.044,0.001,0.010,20.633,152492.625,2.107,52.000
0.050,0.000,0.004,22.777,12807.188,0.025,52.000
0.047,0.001,0.008,25.159,12510.336,1.702,52.000
0.049,0.001,0.007,21.866,105786.914,2.773,52.000
0.051,0.015,0.011,19.148,182618.844,6.834,52.000
0.049,0.022,0.013,20.004,134977.750,6.392,52.000
0.051,0.019,0.012,19.439,189581.906,7.390,52.000
0.046,0.001,0.019,22.583,50489.086,0.905,52.000
0.049,0.001,0.016,24.857,126284.930,2.470,52.000
0.059,0.000,0.011,22.920,64293.805,-0.506,52.000
0.048,0.020,0.013,20.298,173847.094,7.102,52.000
0.048,0.017,0.012,20.394,192424.188,7.374,52.000
0.051,0.006,0.013,18.946,158894.406,4.272,52.000
0.050,0.009,0.014,22.697,164179.438,6.908,52.000
0.056,0.001,0.013,21.931,134727.781,2.182,52.000
0.001,0.011,0.011,22.711,110505.336,3.026,52.000
0.050,0.027,0.010,22.675,150591.656,5.298,52.000
0.054,0.001,0.018,19.866,116430.242,2.533,52.000
0.048,0.005,0.011,21.438,150232.594,2.833,52.000
0.039,0.000,0.013,21.273,9799.953,-0.402,52.000
0.049,0.023,0.013,20.283,136232.656,6.378,52.000
0.050,0.017,0.014,20.548,129697.789,6.419,52.000
0.047,0.001,0.019,22.237,89415.773,1.663,52.000
0.049,0.007,0.013,17.851,129507.070,4.846,52.000
0.052,0.000,0.007,22.369,-28025.609,-0.071,52.000
0.049,0.023,0.011,21.522,162031.562,5.982,52.000
0.049,0.015,0.010,18.013,181383.000,6.822,52.000
0.052,0.018,0.013,18.802,157428.656,7.966,52.000
0.050,0.005,0.013,17.871,163852.375,2.711,52.000
0.053,0.000,0.022,19.464,-18106.984,3.738,52.000
0.052,0.026,0.012,19.377,140126.094,6.768,52.000
0.052,0.011,0.013,21.880,171891.938,8.149,52.000
0.049,0.008,0.012,18.617,124990.555,5.401,52.000
0.043,0.001,0.019,23.151,108267.492,1.916,52.000
0.047,0.000,0.006,22.673,23779.625,0.026,52.000
0.047,0.001,0.004,20.248,76353.383,0.937,52.000
0.049,0.003,0.011,22.207,168788.688,3.124,52.000
0.058,0.001,0.013,21.150,91251.977,1.879,52.000
0.051,0.003,0.012,20.653,173105.406,3.042,52.000
0.060,0.001,0.015,21.111,141096.344,0.764,52.000
0.046,0.002,0.017,23.054,135038.562,3.336,52.000
0.048,0.001,0.009,26.925,-1988.805,2.261,52.000
0.049,0.004,0.011,20.485,164402.094,2.975,52.000
0.048,0.014,0.013,19.685,144292.062,7.336,52.000
0.051,0.001,0.016,25.667,86849.945,0.994,52.000
0.049,0.006,0.010,21.324,148294.281,3.150,52.000
0.056,0.000,0.018,20.233,-18939.164,-0.725,52.000
0.047,0.000,0.011,27.263,-61383.863,-1.177,52.000
0.051,0.024,0.011,20.150,152496.156,6.173,52.000
0.054,0.000,0.005,22.479,49846.773,1.432,52.000
0.049,0.000,0.007,24.437,8933.680,0.677,52.000
0.049,0.020,0.010,19.372,172957.500,7.339,52.000
0.052,0.018,0.013,18.134,170858.594,8.183,52.000
0.043,0.001,0.020,23.369,25981.422,0.284,52.000
0.056,0.001,0.019,18.964,114919.898,3.122,52.000
0.050,0.024,0.014,20.076,110125.352,5.855,52.000
0.050,0.025,0.012,19.421,151509.531,6.824,52.000
0.098,0.013,0.014,22.229,93953.883,2.225,52.000
0.049,0.004,0.013,17.021,154481.875,1.853,52.000
0.051,0.003,0.009,21.926,161938.188,2.910,52.000
0.049,0.002,0.016,23.179,139726.688,3.165,52.000
0.050,0.001,0.011,23.876,110384.883,2.807,52.000
0.048,0.001,0.010,22.435,140851.625,2.976,52.000
0.048,0.026,0.011,22.814,160726.688,5.904,52.000
0.051,0.017,0.013,19.740,170695.812,7.972,52.000
0.050,0.006,0.014,19.493,185216.281,4.300,52.000
0.045,0.001,0.012,18.018,167844.188,2.312,52.000
0.052,0.000,0.009,27.563,-69447.547,-0.587,52.000
0.052,0.014,0.011,19.516,173590.844,6.722,52.000
0.050,0.006,0.014,19.039,174863.125,4.366,52.000
0.050,0.019,0.013,20.187,158445.250,7.408,52.000
0.055,0.001,0.013,23.080,92440.195,0.593,52.000
0.040,0.001,0.009,18.957,135579.750,0.760,52.000
0.055,0.001,0.011,21.492,124204.398,1.334,52.000
0.099,0.011,0.013,20.848,100804.633,3.208,52.000
0.053,0.002,0.008,23.240,98168.320,2.450,52.000
0.051,0.006,0.015,20.521,189988.406,5.350,52.000
0.045,0.002,0.006,20.531,126913.492,3.159,52.000
0.048,0.001,0.017,25.455,90920.555,1.606,52.000
0.049,0.003,0.012,18.572,177861.500,3.139,52.000
0.051,0.002,0.010,22.558,157444.125,2.907,52.000
0.057,0.001,0.020,19.500,97149.695,2.667,52.000
0.050,0.026,0.013,20.805,146003.656,6.724,52.000
0.097,0.013,0.012,21.261,87442.008,4.028,52.000
0.050,0.004,0.014,19.509,169281.094,2.054,52.000
0.052,0.007,0.010,19.807,136858.844,2.555,52.000
0.098,0.012,0.011,20.189,63863.805,7.283,52.000
0.051,0.008,0.011,18.471,127906.117,3.946,52.000
0.051,0.010,0.014,23.198,157366.906,6.886,52.000
0.052,0.006,0.012,19.937,144064.500,2.796,52.000
0.051,0.012,0.013,22.685,158478.156,7.734,52.000
0.042,0.001,0.013,21.835,33232.039,0.114,52.000
0.051,0.001,0.021,20.438,40226.320,1.386,52.000
0.051,0.022,0.010,19.571,151281.250,5.763,52.000
0.047,0.001,0.013,18.363,157512.156,1.479,52.000
0.043,0.000,0.020,21.637,-25696.281,-0.041,52.000
0.044,0.000,0.005,20.459,16622.328,1.609,52.000
0.049,0.000,0.022,22.045,-98181.422,2.311,52.000
0.048,0.027,0.013,13.580,161657.562,5.447,52.000
0.050,0.007,0.014,20.264,184461.219,6.575,52.000
0.048,0.013,0.012,18.904,152226.625,8.101,52.000
0.049,0.013,0.014,21.860,140488.312,7.102,52.000
0.048,0.023,0.012,20.350,176939.312,7.039,52.000
0.051,0.016,0.012,19.505,185005.188,8.047,52.000
0.052,0.006,0.014,20.117,197924.094,6.413,52.000
0.053,0.001,0.017,23.226,102173.211,1.460,52.000
0.041,0.000,0.007,19.686,-8564.727,3.294,52.000
0.050,0.005,0.012,17.079,155005.250,3.018,52.000
0.051,0.018,0.014,20.059,130582.320,6.936,52.000
0.050,0.003,0.015,20.723,171787.031,2.764,52.000
0.048,0.001,0.005,21.903,44244.336,1.452,52.000
0.041,0.000,0.015,22.508,-29392.445,-3.096,52.000
0.052,0.000,0.006,24.827,11671.367,1.000,52.000
0.041,0.001,0.013,17.443,109227.523,0.969,52.000
0.049,0.000,0.004,22.916,33781.570,-0.147,52.000
0.055,0.002,0.012,20.218,160656.156,2.703,52.000
0.049,0.000,0.014,27.830,10135.688,0.569,52.000
0.048,0.000,0.006,23.601,27345.648,0.827,52.000
0.044,0.001,0.004,20.655,65604.805,1.195,52.000
0.054,0.001,0.004,23.166,36242.898,1.044,52.000
0.050,0.018,0.011,19.166,193767.312,7.240,52.000
0.050,0.012,0.013,22.313,155931.000,7.752,52.000
0.052,0.001,0.007,24.406,84963.992,2.096,52.000
0.050,0.000,0.010,30.046,-68254.969,0.153,52.000
0.051,0.018,0.014,20.622,127384.133,6.486,52.000
0.049,0.026,0.012,21.318,162956.562,7.088,52.000
0.048,0.006,0.013,16.714,126274.211,3.798,52.000
0.052,0.009,0.010,15.901,177950.906,5.910,52.000
0.045,0.000,0.005,21.109,75268.180,1.255,52.000
0.057,0.000,0.006,22.824,-2762.664,-0.380,52.000
0.051,0.005,0.014,20.011,180951.156,3.977,52.000
0.001,0.011,0.012,23.283,91954.633,4.532,52.000
0.057,0.001,0.014,22.475,103678.242,1.313,52.000
0.001,0.012,0.011,21.681,135017.344,2.000,52.000
0.048,0.000,0.012,27.797,10632.016,1.147,52.000
0.046,0.001,0.018,22.987,114455.242,2.053,52.000
0.050,0.000,0.019,21.125,7596.977,0.999,52.000
0.002,0.014,0.013,23.697,126147.273,4.782,52.000
0.051,0.012,0.013,21.272,173377.062,8.149,52.000
0.057,0.000,0.017,21.051,25941.367,-0.439,52.000
0.052,0.011,0.011,18.058,180453.812,7.385,52.000
0.053,0.002,0.017,21.429,128200.883,2.531,52.000
0.054,0.002,0.015,22.317,135953.406,2.290,52.000
0.057,0.001,0.019,21.324,94232.430,2.227,52.000
0.051,0.004,0.013,17.275,179338.781,2.981,52.000
0.050,0.020,0.013,19.336,156413.562,7.324,52.000
0.051,0.004,0.013,17.840,184966.406,2.789,52.000
0.051,0.010,0.011,17.722,159188.438,7.140,52.000
0.056,0.000,0.019,21.954,-53609.801,-1.067,52.000
0.049,0.015,0.011,18.803,191474.250,7.008,52.000
0.049,0.011,0.013,21.430,165442.156,7.916,52.000
0.052,0.019,0.013,18.933,137675.531,7.227,52.000
0.052,0.006,0.010,21.036,146693.000,2.572,52.000
0.044,0.001,0.009,23.580,58099.148,1.976,52.000
0.050,0.000,0.005,24.533,-6363.773,0.494,52.000
0.044,0.000,0.004,17.998,24902.750,2.335,52.000
0.053,0.000,0.002,22.899,-12049.867,-0.315,52.000
0.051,0.005,0.011,20.459,146696.875,2.638,52.000
0.051,0.023,0.011,20.202,151715.375,5.743,52.000
0.058,0.000,0.011,20.156,74383.086,1.162,52.000
0.051,0.009,0.012,19.911,142417.719,6.203,52.000
0.052,0.004,0.012,20.822,161914.844,2.813,52.000
0.047,0.001,0.014,21.973,113663.492,0.567,52.000
0.048,0.015,0.013,19.466,152630.031,7.584,52.000
0.000,0.013,0.013,26.463,-35098.039,5.494,52.000
0.055,0.000,0.020,20.622,-39348.008,1.628,52.000
0.057,0.001,0.012,21.234,92115.039,0.958,52.000
0.047,0.000,0.007,24.902,-17730.633,0.383,52.000
0.060,0.000,0.014,23.019,33213.555,2.656,52.000
0.048,0.014,0.014,20.586,135731.969,6.780,52.000
0.050,0.006,0.010,21.116,140223.594,2.907,52.000
0.047,0.000,0.004,22.336,-7547.539,-1.375,52.000
0.098,0.013,0.012,21.263,87989.992,4.120,52.000
0.052,0.014,0.010,19.344,173224.719,6.396,52.000
0.048,0.016,0.012,19.913,186773.031,7.823,52.000
0.044,0.000,0.019,21.931,-35219.781,-0.406,52.000
0.052,0.012,0.014,22.885,154524.938,6.995,52.000
0.051,0.020,0.011,18.782,158193.219,6.472,52.000
0.050,0.025,0.013,19.783,140827.656,6.646,52.000
0.042,0.001,0.011,19.352,154497.312,1.383,52.000
0.047,0.000,0.015,28.919,-2248.711,0.157,52.000
0.098,0.011,0.010,20.003,68226.508,7.479,52.000
0.047,0.001,0.003,19.274,115064.117,1.299,52.000
0.055,0.001,0.006,21.778,118523.445,2.511,52.000
0.045,0.001,0.009,20.275,175854.188,3.350,52.000
0.046,0.001,0.010,20.495,168120.219,2.914,52.000
0.058,0.001,0.013,18.397,120363.602,1.816,52.000
0.052,0.015,0.013,19.797,155074.656,7.999,52.000
0.100,0.013,0.012,21.782,-24556.094,8.275,52.000
0.044,0.000,0.012,24.978,-27398.953,-0.735,52.000
0.046,0.001,0.014,19.194,165711.688,1.167,52.000
0.051,0.018,0.013,18.710,171412.719,8.179,52.000
0.056,0.001,0.019,20.188,20522.523,1.745,52.000
0.052,0.001,0.020,20.059,69257.023,1.975,52.000
0.050,0.003,0.015,21.559,162788.062,3.075,52.000
0.057,0.001,0.017,22.812,116377.695,1.147,52.000
0.046,0.000,0.005,21.880,41856.617,-0.231,52.000
0.051,0.005,0.014,19.056,172023.656,3.102,52.000
0.048,0.020,0.011,19.977,188352.000,7.106,52.000
0.049,0.014,0.013,20.152,163544.781,7.782,52.000
0.052,0.001,0.007,26.106,23647.734,1.114,52.000
0.059,0.001,0.011,16.714,127418.133,1.282,52.000
0.053,0.000,0.006,22.909,50248.695,1.361,52.000
0.055,0.000,0.017,21.561,-1664.570,-0.416,52.000
0.054,0.000,0.019,21.734,-38944.121,0.811,52.000
0.045,0.001,0.009,21.587,158589.156,3.220,52.000
0.053,0.001,0.016,26.154,50221.758,-0.033,52.000
0.046,0.002,0.015,20.857,155307.156,1.338,52.000
0.048,0.027,0.012,15.682,218210.062,6.164,52.000
0.059,0.000,0.009,22.396,49617.211,-1.898,52.000
0.049,0.000,0.002,21.497,18228.312,-1.209,52.000
0.000,0.011,0.011,22.183,-9648.992,5.047,52.000
0.048,0.001,0.013,18.651,168186.531,1.551,52.000
0.052,0.004,0.013,18.599,191439.312,3.805,52.000
0.050,0.022,0.012,18.958,171084.281,6.962,52.000
0.051,0.006,0.014,19.878,196957.188,6.410,52.000
0.051,0.005,0.014,19.516,178547.250,3.859,52.000
0.050,0.005,0.014,19.818,182378.875,4.044,52.000
0.049,0.010,0.012,19.593,157568.188,6.914,52.000
0.052,0.001,0.019,20.077,100130.133,2.242,52.000
0.049,0.011,0.013,21.735,166563.844,8.043,52.000
0.059,0.000,0.009,22.605,60477.586,-0.912,52.000
0.048,0.025,0.011,22.358,163961.281,6.045,52.000
0.050,0.004,0.011,22.169,155805.250,2.770,52.000
0.041,0.001,0.006,20.277,149525.938,2.430,52.000
0.052,0.013,0.012,19.778,158190.438,7.684,52.000
0.051,0.022,0.013,19.663,128504.008,6.123,52.000
0.050,0.006,0.011,20.976,129658.539,3.173,52.000
0.052,0.009,0.013,22.914,176689.406,8.098,52.000
0.052,0.027,0.012,13.893,168973.406,5.739,52.000
0.053,0.000,0.012,30.676,-91182.906,-1.655,52.000
0.042,0.000,0.014,22.176,14490.258,-0.941,52.000
0.049,0.002,0.008,21.600,129562.180,3.067,52.000
0.050,0.012,0.010,14.925,145640.875,7.343,52.000
0.049,0.004,0.012,18.040,158738.219,2.891,52.000
0.053,0.001,0.019,21.269,40130.898,1.561,52.000
0.050,0.023,0.010,20.724,152627.531,5.822,52.000
0.045,0.001,0.006,21.268,123654.867,2.404,52.000
0.050,0.021,0.010,19.445,152145.688,6.954,52.000
0.048,0.002,0.012,19.402,177815.344,3.098,52.000
0.043,0.001,0.016,23.028,116526.555,1.627,52.000
0.051,0.015,0.011,18.866,188083.219,7.036,52.000
0.050,0.008,0.013,20.878,150352.562,6.119,52.000
0.061,0.001,0.011,14.801,145245.969,1.237,52.000
0.047,0.000,0.018,23.725,11999.086,-1.136,52.000
0.050,0.025,0.010,22.241,156189.094,5.534,52.000
0.052,0.004,0.012,19.093,168851.875,3.171,52.000
0.002,0.010,0.012,22.838,77493.336,4.599,52.000
0.056,0.000,0.020,24.220,-66374.172,2.610,52.000
0.042,0.000,0.013,23.140,-24822.195,-0.629,52.000
0.049,0.021,0.013,20.338,132384.875,6.495,52.000
0.056,0.001,0.015,21.913,145223.031,1.481,52.000
0.050,0.017,0.014,20.071,120012.273,6.174,52.000
0.055,0.001,0.019,19.026,108991.883,3.041,52.000
0.042,0.000,0.008,19.066,13422.672,2.015,52.000
0.047,0.001,0.017,23.311,133519.531,3.225,52.000
0.041,0.001,0.012,18.399,150752.156,0.682,52.000
0.050,0.000,0.007,25.871,-952.273,1.099,52.000
0.051,0.006,0.011,19.979,132406.562,3.169,52.000
0.050,0.025,0.013,20.032,146246.656,6.836,52.000
0.049,0.003,0.013,16.827,175834.000,2.103,52.000
0.056,0.002,0.013,20.325,153558.719,2.534,52.000
0.041,0.001,0.010,19.370,143078.438,0.945,52.000
0.057,0.000,0.017,21.592,51804.320,-0.019,52.000
0.052,0.003,0.012,19.831,177453.125,2.934,52.000
0.050,0.015,0.010,18.574,182601.938,6.453,52.000
0.048,0.023,0.013,20.094,164963.250,7.002,52.000
0.050,0.021,0.011,20.142,169570.375,6.271,52.000
0.051,0.001,0.004,21.271,88006.695,1.682,52.000
0.049,0.007,0.011,19.565,130638.211,3.527,52.000
0.050,0.019,0.014,20.553,127253.961,6.385,52.000
0.050,0.019,0.011,19.204,189040.969,6.977,52.000
0.050,0.020,0.013,20.035,138340.781,6.660,52.000
0.051,0.022,0.010,19.324,146746.469,5.742,52.000
0.040,0.001,0.009,19.225,132491.844,0.074,52.000
0.055,0.000,0.006,24.321,-13734.062,-0.220,52.000
0.051,0.009,0.014,22.655,168999.500,7.418,52.000
0.049,0.024,0.011,21.546,160490.656,5.875,52.000
0.051,0.014,0.013,20.155,160571.094,7.882,52.000
0.047,0.001,0.006,22.740,47910.180,1.597,52.000
0.057,0.000,0.009,25.853,-1815.359,0.294,52.000
0.051,0.009,0.014,22.674,166095.125,7.319,52.000
0.051,0.025,0.013,19.450,119983.508,6.437,52.000
0.052,0.016,0.013,19.245,177591.375,8.115,52.000
0.058,0.000,0.014,20.188,40792.992,0.798,52.000
0.051,0.010,0.010,15.181,171825.375,6.323,52.000
0.050,0.013,0.013,20.164,164055.594,7.655,52.000
0.054,0.001,0.018,21.446,88304.586,1.932,52.000
0.052,0.002,0.018,20.289,111403.430,2.717,52.000
0.046,0.000,0.005,18.580,42913.305,2.260,52.000
0.051,0.015,0.010,19.268,186035.781,6.747,52.000
0.055,0.001,0.013,20.779,142078.125,2.441,52.000
0.041,0.000,0.018,18.896,17481.250,-1.309,52.000
0.049,0.004,0.011,21.852,158221.406,2.745,52.000
0.049,0.020,0.013,20.698,142487.625,6.738,52.000
0.051,0.011,0.013,22.584,163630.656,7.643,52.000
0.049,0.007,0.013,18.776,151124.969,6.123,52.000
0.041,0.001,0.006,20.062,149824.438,2.449,52.000
0.048,0.026,0.012,22.346,155814.531,6.547,52.000
0.050,0.022,0.011,20.184,158566.062,5.925,52.000
0.047,0.000,0.020,21.590,6772.570,1.617,52.000
0.057,0.001,0.012,18.550,119647.367,2.058,52.000
0.051,0.025,0.012,19.427,147951.594,6.868,52.000
0.058,0.001,0.018,20.970,102272.195,2.037,52.000
0.051,0.012,0.012,20.131,189701.969,8.176,52.000
0.050,0.000,0.011,27.859,15930.359,0.213,52.000
0.051,0.013,0.012,19.330,170078.406,7.739,52.000
0.002,0.011,0.011,21.415,129169.070,1.978,52.000
0.049,0.019,0.013,20.439,161541.094,7.053,52.000
0.048,0.017,0.013,20.442,166264.719,7.596,52.000
0.048,0.025,0.011,22.563,162500.094,5.931,52.000
0.050,0.001,0.006,21.748,101446.977,2.746,52.000
0.050,0.006,0.015,19.875,183040.812,5.107,52.000
0.001,0.012,0.012,23.255,101925.414,4.745,52.000
0.049,0.020,0.014,20.511,126234.570,6.452,52.000
0.052,0.012,0.011,18.056,175493.469,7.385,52.000
0.058,0.001,0.018,21.214,104831.039,2.035,52.000
0.049,0.023,0.014,20.597,111958.055,5.811,52.000
0.052,0.007,0.012,19.383,132398.531,4.411,52.000
0.055,0.001,0.014,25.065,90508.711,0.716,52.000
0.050,0.000,0.017,23.620,-4286.633,-0.402,52.000
0.052,0.011,0.014,21.990,165857.219,7.377,52.000
0.050,0.004,0.010,22.560,157866.656,2.516,52.000
0.040,0.000,0.008,20.333,18351.406,-2.181,52.000
0.058,0.001,0.006,20.584,123040.055,1.610,52.000
0.047,0.001,0.005,19.839,112191.023,2.253,52.000
0.042,0.001,0.010,20.583,134084.438,0.988,52.000
0.049,0.003,0.013,16.493,169693.406,0.814,52.000
0.049,0.023,0.014,20.546,115172.883,6.016,52.000
0.060,0.000,0.012,19.279,65571.961,2.305,52.000
0.054,0.001,0.019,20.741,51562.086,1.739,52.000
0.044,0.000,0.012,25.995,-13677.906,-0.503,52.000
0.043,0.001,0.011,20.744,128947.820,0.908,52.000
0.042,0.000,0.007,19.852,91711.398,-0.665,52.000
0.042,0.000,0.013,23.046,-49568.844,-1.286,52.000
0.040,0.001,0.010,18.732,141368.562,-0.270,52.000
0.097,0.011,0.013,20.216,99223.523,4.296,52.000
0.050,0.026,0.013,20.733,138425.719,6.404,52.000
0.051,0.004,0.014,20.020,174485.281,3.198,52.000
0.045,0.001,0.010,20.532,168896.250,2.937,52.000
0.098,0.013,0.011,20.749,72201.555,5.944,52.000
0.045,0.001,0.018,25.098,79506.742,0.788,52.000
0.051,0.013,0.014,22.439,135969.625,6.772,52.000
0.001,0.012,0.013,22.238,29088.914,5.612,52.000
0.050,0.026,0.011,21.337,163629.844,6.201,52.000
0.056,0.001,0.013,22.281,126314.227,1.840,52.000
0.047,0.000,0.020,19.293,-11317.852,0.521,52.000
0.049,0.001,0.013,20.073,151873.156,0.986,52.000
0.048,0.001,0.016,25.719,109279.523,1.980,52.000
0.043,0.002,0.012,17.704,160007.656,2.271,52.000
0.050,0.001,0.006,23.861,49930.914,1.556,52.000
0.050,0.008,0.009,16.485,166546.188,4.268,52.000
0.052,0.025,0.012,18.995,123072.258,6.758,52.000
0.050,0.016,0.014,20.127,120398.117,6.316,52.000
0.048,0.009,0.011,18.714,116185.352,5.793,52.000
0.050,0.014,0.012,19.731,169625.719,7.775,52.000
0.056,0.000,0.010,29.359,-58404.695,0.110,52.000
0.042,0.001,0.011,18.920,159533.812,1.395,52.000
0.052,0.012,0.011,18.726,172428.281,7.281,52.000
0.049,0.003,0.012,20.224,172392.062,3.316,52.000
0.048,0.008,0.010,19.247,143399.625,4.577,52.000
0.049,0.023,0.013,20.193,138958.688,6.566,52.000
0.055,0.000,0.019,20.612,-9824.789,2.772,52.000
0.044,0.001,0.018,24.779,104308.227,1.347,52.000
0.049,0.010,0.011,18.584,126777.477,6.471,52.000
0.052,0.022,0.012,18.046,156369.844,7.035,52.000
0.052,0.007,0.012,19.918,133548.625,3.595,52.000
0.051,0.003,0.013,17.344,188282.844,2.025,52.000
0.044,0.001,0.013,20.767,68884.617,1.378,52.000
0.047,0.001,0.011,21.382,173332.969,3.221,52.000
0.051,0.009,0.011,16.696,154237.500,6.098,52.000
0.058,0.000,0.009,26.805,12639.406,-0.692,52.000
0.041,0.000,0.014,21.205,16178.312,1.077,52.000
0.052,0.001,0.018,20.261,115781.680,2.407,52.000
0.002,0.011,0.012,22.544,103490.164,4.168,52.000
0.003,0.011,0.012,21.786,120493.164,3.167,52.000
0.049,0.007,0.010,20.458,154677.375,3.526,52.000
0.051,0.005,0.011,20.199,151046.781,2.813,52.000
0.055,0.000,0.022,17.125,-5410.516,0.902,52.000
0.050,0.000,0.013,27.313,27276.602,1.144,52.000
0.002,0.012,0.010,20.621,147709.000,1.491,52.000
0.100,0.012,0.013,23.334,-17114.242,12.095,52.000
0.048,0.002,0.011,21.581,169966.594,3.262,52.000
0.056,0.000,0.006,24.633,7209.664,0.873,52.000
0.051,0.005,0.011,20.902,160055.312,2.745,52.000
0.050,0.013,0.011,17.044,158969.844,7.215,52.000
0.050,0.001,0.006,23.776,49414.352,1.712,52.000
0.049,0.010,0.013,21.139,160854.781,7.585,52.000
0.049,0.011,0.010,15.440,148325.500,7.237,52.000
0.044,0.001,0.005,19.662,128187.883,2.606,52.000
0.049,0.020,0.013,20.302,161168.406,6.981,52.000
0.057,0.000,0.019,20.361,26669.305,2.165,52.000
0.059,0.000,0.011,25.161,43305.508,1.169,52.000
0.056,0.001,0.009,27.811,-21143.352,0.032,52.000
0.057,0.001,0.010,23.578,60905.836,-0.939,52.000
0.049,0.023,0.014,20.578,125143.898,6.030,52.000
0.049,0.001,0.021,20.256,-29661.242,-0.170,52.000
0.051,0.004,0.010,22.317,158429.312,2.557,52.000
0.043,0.000,0.018,22.617,35590.039,-1.098,52.000
0.052,0.022,0.011,19.071,153319.844,5.909,52.000
0.049,0.010,0.012,19.047,127940.836,6.240,52.000
0.059,0.001,0.018,20.214,137517.719,2.013,52.000
0.051,0.026,0.013,21.735,86438.383,5.876,52.000
0.049,0.007,0.011,19.395,121215.086,3.825,52.000
0.050,0.018,0.012,20.264,187392.906,7.589,52.000
0.059,0.001,0.015,21.007,135913.438,0.808,52.000
0.048,0.015,0.013,19.874,154604.844,7.481,52.000
0.047,0.001,0.012,25.698,36028.398,2.111,52.000
0.048,0.000,0.014,29.946,7367.648,-2.328,52.000
0.044,0.001,0.011,22.090,98038.758,1.503,52.000
0.051,0.025,0.012,19.041,154391.875,6.963,52.000
0.048,0.002,0.013,16.721,178680.750,2.037,52.000
0.049,0.020,0.012,19.645,184599.188,7.254,52.000
0.044,0.000,0.013,23.798,-3817.062,-0.860,52.000
0.048,0.006,0.013,16.279,129151.680,4.038,52.000
0.049,0.009,0.013,20.262,149933.125,6.903,52.000
0.048,0.021,0.012,20.072,182647.688,7.087,52.000
0.051,0.007,0.011,19.737,128288.352,3.495,52.000
0.051,0.021,0.010,19.111,150779.656,6.143,52.000
0.050,0.023,0.012,19.713,167555.250,6.825,52.000
0.048,0.007,0.013,17.291,130848.008,4.656,52.000
0.052,0.007,0.011,19.484,139216.281,3.653,52.000
0.045,0.000,0.014,27.126,-83338.750,-3.251,52.000
0.049,0.015,0.011,18.818,185040.656,7.446,52.000
0.050,0.010,0.011,17.539,144448.906,6.748,52.000
0.047,0.001,0.014,23.280,142759.031,0.537,52.000
0.052,0.007,0.012,19.955,133258.969,3.738,52.000
0.051,0.009,0.012,19.280,145160.625,6.474,52.000
0.048,0.025,0.011,22.305,168976.031,6.315,52.000
0.051,0.018,0.011,18.876,190699.094,7.351,52.000
0.043,0.001,0.014,17.645,141906.156,1.679,52.000
0.050,0.005,0.014,18.660,166698.625,2.536,52.000
0.049,0.003,0.014,18.428,172741.562,1.017,52.000
0.049,0.017,0.013,20.333,163753.281,7.499,52.000
0.046,0.001,0.013,17.254,165085.438,1.763,52.000
0.049,0.012,0.011,17.456,166831.375,7.798,52.000
0.052,0.027,0.012,21.359,59252.836,5.669,52.000
0.054,0.000,0.015,26.993,12435.633,-1.000,52.000
0.001,0.012,0.013,23.968,80051.414,5.673,52.000
0.059,0.000,0.007,23.459,27707.461,0.118,52.000
0.052,0.001,0.018,22.324,95267.445,1.464,52.000
0.051,0.000,0.013,30.356,-3689.852,1.238,52.000
0.051,0.009,0.010,15.911,158357.656,5.868,52.000
0.055,0.001,0.004,22.740,21318.258,0.835,52.000
0.043,0.001,0.005,20.207,133343.656,2.693,52.000
0.049,0.025,0.011,21.194,165061.906,6.335,52.000
0.047,0.001,0.009,22.475,139995.156,2.620,52.000
0.050,0.021,0.012,19.442,173548.125,6.892,52.000
0.056,0.000,0.005,24.156,32846.727,1.726,52.000
0.054,0.002,0.017,21.207,130583.492,2.391,52.000
0.050,0.002,0.017,22.207,126122.008,3.082,52.000
0.052,0.000,0.015,31.578,-68705.430,-1.252,52.000
0.051,0.019,0.012,18.581,177932.000,7.885,52.000
0.051,0.002,0.008,22.581,121031.086,2.833,52.000
0.050,0.021,0.013,19.617,135887.250,6.570,52.000
0.052,0.015,0.012,19.275,171419.938,7.794,52.000
0.056,0.002,0.009,22.985,88156.633,1.264,52.000
0.052,0.012,0.012,20.553,179479.781,7.966,52.000
0.058,0.001,0.015,21.532,146869.812,1.328,52.000
0.057,0.000,0.007,25.638,-16432.578,0.087,52.000
0.052,0.000,0.014,28.786,-13907.297,-0.082,52.000
0.050,0.014,0.014,21.309,125446.336,6.536,52.000
0.054,0.002,0.014,22.170,159291.469,3.064,52.000
0.055,0.001,0.011,21.179,138754.625,1.913,52.000
0.051,0.002,0.009,22.606,143835.156,3.045,52.000
0.050,0.019,0.014,20.371,126222.023,6.529,52.000
0.051,0.025,0.010,21.607,150289.500,5.276,52.000
0.043,0.001,0.015,21.529,131594.875,1.932,52.000
0.049,0.019,0.010,19.159,187939.031,7.420,52.000
0.053,0.000,0.004,22.815,40425.773,1.361,52.000
0.054,0.001,0.014,21.666,162865.250,3.397,52.000
0.047,0.001,0.014,26.387,69922.414,-0.411,52.000
0.050,0.005,0.012,20.156,158597.312,2.523,52.000
0.002,0.014,0.012,23.483,139942.500,4.262,52.000
0.098,0.013,0.012,21.282,88106.398,4.106,52.000
0.051,0.018,0.013,19.441,161084.375,7.867,52.000
0.051,0.016,0.014,20.563,139725.812,7.084,52.000
0.052,0.004,0.012,20.692,160426.938,2.664,52.000
0.053,0.001,0.018,20.594,124172.648,2.617,52.000
0.046,0.001,0.017,23.270,134474.438,3.025,52.000
0.051,0.020,0.012,18.930,183395.625,7.368,52.000
0.050,0.025,0.013,20.174,138809.688,6.512,52.000
0.060,0.000,0.011,21.905,48933.555,2.151,52.000
0.051,0.015,0.014,20.879,139193.406,7.048,52.000
0.048,0.002,0.016,23.054,136665.125,3.386,52.000
0.050,0.000,0.017,27.193,5095.055,-2.288,52.000
0.052,0.002,0.013,19.016,184758.188,2.470,52.000
0.051,0.013,0.012,19.906,167233.156,7.835,52.000
0.050,0.000,0.011,27.405,33959.367,0.789,52.000
0.049,0.002,0.009,21.825,164564.312,3.400,52.000
0.048,0.026,0.013,21.225,158362.688,7.086,52.000
0.047,0.000,0.003,20.325,40497.914,-1.146,52.000
0.045,0.001,0.011,22.520,102918.008,1.926,52.000
0.045,0.000,0.006,22.705,36857.633,-0.185,52.000
0.053,0.001,0.011,31.513,-24673.227,0.457,52.000
0.048,0.007,0.012,18.226,123254.555,4.472,52.000
0.049,0.018,0.010,18.460,196593.688,7.883,52.000
0.050,0.001,0.009,23.300,132334.438,2.799,52.000
0.045,0.000,0.008,24.739,-29052.781,1.485,52.000
0.047,0.001,0.002,18.739,114523.086,0.808,52.000
0.049,0.008,0.013,19.061,129146.367,5.931,52.000
0.052,0.007,0.014,21.140,186473.656,7.080,52.000
0.054,0.001,0.009,27.626,22211.773,0.728,52.000
0.049,0.016,0.014,19.826,127910.758,6.374,52.000
0.057,0.001,0.018,20.999,37999.320,1.987,52.000
0.047,0.001,0.022,19.802,45798.320,1.997,52.000
0.002,0.013,0.011,21.570,146150.500,3.057,52.000
0.051,0.010,0.011,16.586,158057.344,6.405,52.000
0.042,0.001,0.019,21.171,121700.289,2.283,52.000
0.044,0.001,0.007,22.814,125123.414,2.481,52.000
0.042,0.001,0.015,24.204,-1686.812,-1.541,52.000
0.049,0.012,0.010,15.880,139405.469,7.575,52.000
0.049,0.025,0.013,20.866,148062.875,6.507,52.000
0.049,0.001,0.012,22.587,118313.961,2.964,52.000
0.000,0.013,0.013,20.318,9308.969,8.517,52.000
0.044,0.000,0.003,19.995,54468.680,0.380,52.000
0.053,0.000,0.002,20.189,-39983.262,-0.037,52.000
0.048,0.000,0.015,25.488,-36876.227,0.618,52.000
0.049,0.005,0.013,16.738,138784.906,3.536,52.000
0.044,0.001,0.007,21.351,142888.188,2.997,52.000
0.043,0.001,0.010,19.778,152320.781,2.089,52.000
0.052,0.007,0.012,20.405,141745.562,4.944,52.000
0.043,0.001,0.007,21.565,144079.062,2.425,52.000
0.048,0.007,0.014,18.242,153164.750,4.688,52.000
0.052,0.019,0.012,18.196,172392.219,7.517,52.000
0.051,0.006,0.014,19.971,199143.406,6.482,52.000
0.045,0.000,0.014,26.631,-41980.727,0.168,52.000
0.053,0.002,0.010,23.132,138284.531,2.066,52.000
0.052,0.021,0.012,17.825,169515.281,7.460,52.000
0.044,0.000,0.010,22.460,7203.148,-0.849,52.000
0.058,0.001,0.007,22.006,107466.977,1.112,52.000
0.049,0.011,0.010,16.211,141347.750,7.002,52.000
0.051,0.021,0.012,18.488,165717.719,7.047,52.000
0.056,0.001,0.016,23.080,103125.664,1.473,52.000
0.049,0.007,0.011,19.197,118305.805,3.975,52.000
0.049,0.000,0.011,26.645,39516.992,0.430,52.000
0.056,0.001,0.016,21.708,129327.102,1.858,52.000
0.060,0.000,0.011,18.786,51867.367,-1.283,52.000
0.052,0.025,0.012,18.642,131941.781,6.937,52.000
0.050,0.003,0.012,20.633,167893.531,2.867,52.000
0.051,0.001,0.017,24.190,78097.133,0.980,52.000
0.050,0.010,0.013,21.753,183040.188,8.329,52.000
0.042,0.001,0.017,23.091,119326.336,1.807,52.000
0.049,0.005,0.010,22.109,152916.500,2.471,52.000
0.049,0.000,0.016,28.569,10681.398,-2.126,52.000
0.047,0.000,0.017,25.653,-423.625,-0.177,52.000
0.049,0.001,0.017,25.236,104749.195,1.683,52.000
0.050,0.025,0.012,20.171,164268.156,7.079,52.000
0.052,0.026,0.014,21.232,92153.586,6.043,52.000
0.050,0.000,0.014,31.773,-75834.172,-1.771,52.000
0.051,0.020,0.012,18.609,175457.938,7.473,52.000
0.050,0.023,0.013,19.808,135072.969,6.150,52.000
0.057,0.002,0.012,18.819,128757.867,1.796,52.000
0.049,0.000,0.013,29.840,-19934.305,2.845,52.000
0.097,0.013,0.012,21.166,83507.352,4.568,52.000
0.044,0.001,0.018,25.856,68968.555,0.375,52.000
0.050,0.003,0.010,22.082,161458.656,2.880,52.000
0.052,0.001,0.012,26.707,61710.898,1.935,52.000
0.048,0.001,0.013,19.700,146143.344,1.728,52.000
0.055,0.001,0.015,23.421,124513.727,1.365,52.000
0.042,0.001,0.013,17.751,115967.023,1.193,52.000
0.001,0.012,0.013,23.646,63392.164,5.339,52.000
0.052,0.008,0.010,16.352,151873.781,4.337,52.000
0.050,0.008,0.015,21.341,171755.781,6.727,52.000
0.058,0.001,0.010,20.797,102593.133,0.141,52.000
0.050,0.022,0.011,20.229,162731.188,6.273,52.000
0.049,0.016,0.012,20.284,191518.031,7.690,52.000
0.051,0.023,0.013,18.060,139561.531,6.776,52.000
0.042,0.000,0.009,21.099,105488.727,-0.101,52.000
0.049,0.005,0.014,18.057,156799.625,2.062,52.000
0.048,0.025,0.013,20.917,144926.500,6.421,52.000
0.049,0.003,0.013,15.959,175196.500,1.196,52.000
0.099,0.012,0.012,20.794,87430.445,4.274,52.000
0.045,0.000,0.011,26.172,-21783.680,-1.532,52.000
0.055,0.001,0.010,22.648,116772.273,0.867,52.000
0.052,0.017,0.013,19.340,167082.156,7.932,52.000
0.051,0.001,0.020,19.623,86724.992,2.369,52.000
0.058,0.000,0.010,22.272,80573.195,-0.806,52.000
0.058,0.001,0.009,21.647,110041.680,0.856,52.000
0.049,0.024,0.012,20.281,171890.594,7.045,52.000
0.045,0.000,0.022,18.465,-20165.883,1.501,52.000
0.056,0.000,0.020,21.835,-45550.973,3.037,52.000
0.099,0.012,0.012,20.845,80598.742,4.951,52.000
0.050,0.001,0.020,21.826,66616.867,1.261,52.000
0.057,0.001,0.019,20.068,49226.977,2.235,52.000
0.050,0.000,0.018,22.818,33079.461,0.393,52.000
0.051,0.024,0.010,20.451,148707.250,5.379,52.000
0.050,0.001,0.003,21.279,60207.836,0.856,52.000
0.097,0.012,0.013,20.791,95633.648,3.697,52.000
0.050,0.008,0.014,20.679,191593.312,7.034,52.000
0.051,0.020,0.012,18.620,174271.188,7.258,52.000
0.051,0.002,0.013,19.151,189680.812,2.910,52.000
0.049,0.002,0.007,21.320,106862.992,2.919,52.000
0.046,0.001,0.019,22.151,88353.680,1.821,52.000
0.058,0.001,0.004,19.371,124768.883,2.783,52.000
0.049,0.025,0.014,20.715,130726.195,6.029,52.000
0.001,0.011,0.012,23.002,98610.336,3.994,52.000
0.051,0.008,0.012,19.549,121457.195,4.876,52.000
0.049,0.026,0.011,21.759,163427.094,6.240,52.000
0.099,0.012,0.013,21.015,99125.836,3.073,52.000
0.050,0.009,0.009,15.245,171797.438,5.244,52.000
0.048,0.000,0.002,20.860,28555.008,-0.983,52.000
0.051,0.000,0.022,17.729,-16006.328,1.715,52.000
0.051,0.006,0.012,18.152,148746.625,3.560,52.000
0.050,0.013,0.010,16.691,157852.375,6.873,52.000
0.052,0.022,0.011,18.384,152411.719,6.739,52.000
0.050,0.012,0.014,23.610,140673.219,6.760,52.000
0.044,0.001,0.016,24.499,121091.180,1.896,52.000
0.049,0.015,0.010,18.362,180453.344,6.761,52.000
0.048,0.003,0.012,17.873,179038.250,2.555,52.000
0.050,0.012,0.012,20.052,173542.312,8.014,52.000
0.043,0.000,0.006,19.450,-11241.758,1.212,52.000
0.043,0.000,0.018,22.399,29983.992,-0.070,52.000
0.044,0.002,0.008,21.402,155700.438,3.286,52.000
0.058,0.001,0.017,21.346,90714.945,1.536,52.000
0.052,0.019,0.011,18.855,172855.281,6.864,52.000
0.049,0.025,0.013,21.046,153493.750,6.671,52.000
0.050,0.001,0.017,25.226,85010.414,1.152,52.000
0.051,0.001,0.005,22.264,94200.070,1.948,52.000
0.059,0.001,0.018,20.490,146719.031,1.867,52.000
0.047,0.002,0.012,20.412,175419.219,3.212,52.000
0.048,0.025,0.013,20.579,161208.031,6.970,52.000
0.052,0.005,0.014,19.485,188461.969,4.688,52.000
0.049,0.000,0.011,24.626,51418.555,1.387,52.000
0.050,0.018,0.010,18.138,178670.531,7.862,52.000
0.051,0.014,0.011,19.413,177604.625,7.160,52.000
0.045,0.001,0.014,28.780,-41164.160,-2.433,52.000
0.100,0.013,0.011,22.424,-116586.352,5.501,52.000
0.001,0.012,0.012,23.350,96184.367,4.365,52.000
0.048,0.016,0.011,19.147,200771.812,7.788,52.000
0.055,0.000,0.019,21.187,-50194.566,1.582,52.000
0.058,0.001,0.005,24.747,25231.648,0.552,52.000
0.054,0.000,0.021,21.291,-47142.867,1.752,52.000
0.041,0.001,0.007,22.452,104127.477,0.975,52.000
0.042,0.001,0.012,18.429,143565.531,1.105,52.000
0.050,0.020,0.011,19.732,181154.344,6.655,52.000
0.049,0.001,0.015,29.724,22197.203,-1.015,52.000
0.050,0.000,0.006,24.271,21866.617,1.135,52.000
0.049,0.026,0.014,21.654,108573.227,5.556,52.000
0.053,0.000,0.013,29.463,-54858.543,-1.972,52.000
0.052,0.011,0.012,19.303,183942.625,7.846,52.000
0.048,0.000,0.007,23.872,17263.898,1.093,52.000
0.049,0.014,0.010,17.442,159288.438,6.255,52.000
0.048,0.025,0.013,20.596,162072.656,6.987,52.000
0.048,0.000,0.005,22.601,58809.320,0.810,52.000
0.045,0.000,0.002,20.119,32866.648,-2.297,52.000
0.042,0.000,0.009,20.660,24476.953,-0.647,52.000
0.049,0.018,0.012,20.086,194143.281,7.354,52.000
0.052,0.026,0.013,21.045,108891.711,6.183,52.000
0.048,0.020,0.012,20.410,186572.812,7.207,52.000
0.049,0.001,0.018,25.462,9833.867,-0.455,52.000
0.054,0.001,0.012,20.685,156667.781,2.488,52.000
0.056,0.001,0.004,20.348,112713.023,2.186,52.000
0.046,0.000,0.018,23.197,-53129.375,-1.210,52.000
0.041,0.001,0.015,20.107,99252.883,0.887,52.000
0.043,0.001,0.012,20.600,98648.055,1.519,52.000
0.049,0.018,0.011,20.104,197846.031,7.137,52.000
0.043,0.000,0.014,24.223,-41758.250,-1.154,52.000
0.055,0.001,0.012,22.208,111930.820,1.275,52.000
0.051,0.027,0.011,21.518,110699.430,5.769,52.000
0.052,0.026,0.012,19.966,125092.992,6.478,52.000
0.002,0.013,0.011,21.148,147500.938,2.400,52.000
0.049,0.023,0.012,20.527,170992.406,6.720,52.000
0.050,0.013,0.013,21.639,156010.875,7.470,52.000
0.041,0.000,0.014,19.080,40659.227,-0.830,52.000
0.051,0.001,0.020,20.762,4281.773,0.711,52.000
0.049,0.002,0.018,21.092,115614.055,2.749,52.000
0.054,0.001,0.017,22.675,101184.211,1.519,52.000
0.050,0.002,0.015,21.652,162951.719,3.113,52.000
0.059,0.000,0.014,22.059,62696.383,1.505,52.000
0.052,0.005,0.013,19.062,187187.438,4.509,52.000
0.047,0.001,0.006,21.160,111075.523,2.860,52.000
0.045,0.000,0.017,23.862,37998.852,-0.243,52.000
0.042,0.000,0.008,22.798,79498.461,1.435,52.000
0.051,0.001,0.003,20.080,97974.820,1.351,52.000
0.056,0.001,0.018,20.766,52913.352,2.023,52.000
0.049,0.007,0.012,17.382,127880.820,4.109,52.000
0.047,0.002,0.017,23.041,135453.906,3.427,52.000
0.057,0.001,0.009,22.730,98349.195,0.863,52.000
0.053,0.000,0.017,22.864,-38083.461,2.375,52.000
0.002,0.011,0.014,23.126,50234.727,6.175,52.000
0.044,0.001,0.010,20.454,158562.531,2.303,52.000
0.049,0.018,0.012,20.146,189403.750,7.448,52.000
0.048,0.017,0.012,20.669,189854.375,7.348,52.000
0.046,0.001,0.004,19.965,118936.992,1.742,52.000
0.047,0.002,0.011,21.269,171000.031,2.645,52.000
0.044,0.001,0.012,20.040,145642.500,2.133,52.000
0.048,0.014,0.011,18.641,169833.969,8.126,52.000
0.049,0.001,0.006,22.334,91759.586,2.412,52.000
0.046,0.000,0.013,28.697,-28102.945,0.829,52.000
0.050,0.012,0.011,18.696,185115.594,7.988,52.000
0.051,0.025,0.011,21.341,154432.781,5.391,52.000
0.049,0.021,0.013,20.244,152174.906,6.912,52.000
0.055,0.001,0.007,23.383,101687.258,2.344,52.000
0.045,0.002,0.013,16.753,151360.531,1.857,52.000
0.051,0.007,0.012,19.245,132720.344,3.530,52.000
0.041,0.001,0.006,21.571,79240.102,1.168,52.000
0.049,0.001,0.002,18.879,92219.852,0.667,52.000
0.056,0.000,0.010,30.558,-4813.797,-0.185,52.000
0.001,0.011,0.012,22.296,94725.023,3.228,52.000
0.049,0.005,0.012,17.191,149172.000,3.385,52.000
0.050,0.021,0.013,18.794,161621.656,6.973,52.000
0.051,0.014,0.011,19.268,174842.375,7.081,52.000
0.050,0.020,0.014,20.270,110917.195,5.855,52.000
0.050,0.003,0.009,21.916,159504.281,2.841,52.000
0.054,0.001,0.010,26.541,58266.961,0.564,52.000
0.049,0.027,0.014,24.590,65070.383,5.303,52.000
0.054,0.000,0.020,20.547,-9479.328,3.010,52.000
0.051,0.024,0.010,20.600,147087.625,5.346,52.000
0.050,0.012,0.012,20.045,182462.688,8.198,52.000
0.051,0.000,0.014,30.858,-57743.660,-1.503,52.000
0.050,0.010,0.010,16.203,147915.531,6.801,52.000
0.055,0.001,0.017,21.427,117026.445,2.104,52.000
0.042,0.000,0.006,20.958,75005.508,-0.612,52.000
0.059,0.000,0.010,25.452,1097.547,0.279,52.000
0.049,0.001,0.008,23.352,118800.758,2.635,52.000
0.048,0.015,0.012,19.994,183555.844,8.027,52.000
0.051,0.001,0.017,22.141,122884.961,2.531,52.000
0.050,0.015,0.013,20.305,175788.312,8.208,52.000
0.043,0.000,0.011,23.005,-4822.648,-0.274,52.000
0.051,0.012,0.011,18.144,180928.969,7.542,52.000
0.048,0.006,0.012,16.544,141519.000,3.830,52.000
0.045,0.001,0.012,22.147,107289.492,1.857,52.000
0.045,0.001,0.020,20.543,95029.102,2.603,52.000
0.049,0.007,0.011,19.326,120060.664,3.942,52.000
0.052,0.016,0.013,19.936,146686.406,7.526,52.000
0.043,0.001,0.018,24.270,46207.477,0.447,52.000
0.049,0.006,0.013,17.059,135561.875,3.869,52.000
0.052,0.002,0.018,20.300,117295.961,2.672,52.000
0.043,0.002,0.011,19.690,163318.406,2.246,52.000
0.055,0.000,0.004,23.489,-84900.328,-0.446,52.000
0.044,0.000,0.016,27.341,-31720.883,-0.573,52.000
0.051,0.022,0.013,18.442,131219.250,6.570,52.000
0.044,0.001,0.004,20.157,77858.383,1.278,52.000
0.052,0.021,0.011,18.762,159750.156,6.629,52.000
0.052,0.006,0.010,20.508,145397.906,2.614,52.000
0.044,0.000,0.017,24.041,9873.055,-0.398,52.000
0.049,0.008,0.014,20.889,161132.219,6.330,52.000
0.047,0.000,0.012,28.202,-92405.109,-2.293,52.000
0.050,0.012,0.010,15.867,142074.688,7.638,52.000
0.002,0.011,0.014,23.215,50691.586,6.153,52.000
0.050,0.000,0.008,25.915,-14889.203,0.727,52.000
0.051,0.009,0.012,21.065,164709.531,7.481,52.000
0.048,0.010,0.011,18.596,134739.594,6.621,52.000
0.050,0.006,0.013,18.959,163443.469,4.571,52.000
0.053,0.001,0.005,23.673,31493.164,1.064,52.000
0.052,0.016,0.011,18.813,183644.156,6.987,52.000
0.045,0.000,0.012,27.125,-10425.070,-0.046,52.000
0.058,0.001,0.010,18.787,122504.852,0.714,52.000
0.052,0.011,0.011,18.688,176456.906,7.820,52.000
0.045,0.002,0.011,20.595,167032.750,2.690,52.000
0.045,0.001,0.011,23.548,63804.070,2.131,52.000
0.057,0.001,0.015,21.528,148450.500,1.366,52.000
0.045,0.002,0.014,18.262,155195.000,1.337,52.000
0.051,0.010,0.010,15.264,163290.906,6.721,52.000
0.052,0.018,0.011,18.993,184402.688,7.108,52.000
0.050,0.000,0.010,27.927,-18004.828,-0.339,52.000
0.052,0.008,0.014,21.926,181777.219,7.430,52.000
0.050,0.000,0.012,27.712,26876.133,0.270,52.000
0.051,0.014,0.010,19.037,171087.594,6.482,52.000
0.051,0.008,0.012,20.914,146178.312,6.192,52.000
0.098,0.011,0.012,19.727,83155.773,6.155,52.000
0.057,0.000,0.019,21.291,3602.812,1.232,52.000
0.055,0.001,0.014,22.379,147618.750,2.409,52.000
0.057,0.001,0.014,20.597,152324.062,1.754,52.000
0.045,0.000,0.013,27.794,-69047.609,-1.769,52.000
0.048,0.027,0.012,10.666,255169.031,5.415,52.000
0.045,0.000,0.021,21.348,-8234.039,1.403,52.000
0.053,0.000,0.015,28.505,-14883.117,0.593,52.000
0.051,0.000,0.010,29.133,-76378.062,0.705,52.000
0.042,0.001,0.020,21.332,114870.320,2.350,52.000
0.051,0.021,0.013,18.187,154044.094,7.017,52.000
0.051,0.012,0.014,23.004,152565.500,7.021,52.000
0.050,0.001,0.009,22.000,160617.219,3.276,52.000
0.051,0.020,0.013,19.050,135264.062,7.140,52.000
0.053,0.000,0.002,22.737,37634.055,1.393,52.000
0.043,0.002,0.012,17.964,169184.688,2.104,52.000
0.050,0.001,0.022,19.446,51849.586,2.045,52.000
0.051,0.025,0.013,19.814,130815.055,6.376,52.000
0.052,0.016,0.012,19.331,178251.375,7.488,52.000
0.059,0.001,0.009,21.575,75568.523,-0.022,52.000
0.051,0.010,0.012,21.104,187840.188,8.198,52.000
0.050,0.011,0.010,16.018,145455.062,7.179,52.000
0.051,0.024,0.011,19.746,156706.469,6.528,52.000
0.050,0.001,0.002,18.804,108471.164,1.148,52.000
0.056,0.000,0.013,22.387,88057.789,1.321,52.000
0.050,0.001,0.012,24.241,101422.961,3.240,52.000
0.046,0.001,0.002,19.210,64994.242,0.105,52.000
0.060,0.000,0.009,21.117,75715.320,-0.651,52.000
0.046,0.001,0.021,21.263,45414.070,1.621,52.000
0.059,0.001,0.014,19.678,146428.000,1.477,52.000
0.050,0.000,0.012,28.338,15752.898,-0.363,52.000
0.040,0.001,0.010,18.702,144705.281,-0.028,52.000
0.043,0.001,0.011,20.795,132492.031,1.230,52.000
0.050,0.021,0.010,19.641,150618.875,6.470,52.000
0.050,0.007,0.015,20.143,182691.125,5.746,52.000
0.043,0.000,0.013,22.161,-2944.500,0.316,52.000
0.043,0.002,0.009,20.368,162565.438,3.011,52.000
0.054,0.001,0.020,19.344,79290.898,2.585,52.000
0.047,0.000,0.010,28.763,-18294.078,2.522,52.000
0.051,0.021,0.012,18.973,172027.344,6.927,52.000
0.041,0.000,0.013,21.808,-59437.000,-2.227,52.000
0.049,0.001,0.010,22.337,138316.594,3.086,52.000
0.043,0.000,0.007,21.990,27661.133,-1.150,52.000
0.044,0.001,0.019,23.928,84930.227,1.178,52.000
0.049,0.000,0.018,21.676,18165.445,-0.105,52.000
0.048,0.024,0.010,22.032,159119.125,6.213,52.000
0.051,0.023,0.013,19.316,123846.055,6.079,52.000
0.050,0.003,0.012,17.659,180801.500,2.756,52.000
0.049,0.018,0.012,20.352,192828.531,7.325,52.000
0.055,0.000,0.018,22.438,-2914.352,0.897,52.000
0.050,0.026,0.013,20.708,141750.594,6.494,52.000
0.042,0.000,0.008,21.836,51890.883,-0.426,52.000
0.049,0.013,0.013,19.499,154452.719,7.827,52.000
0.061,0.001,0.013,18.429,134177.781,1.914,52.000
0.045,0.002,0.009,20.996,159153.906,3.376,52.000
0.051,0.016,0.010,18.608,183094.500,7.103,52.000
0.051,0.001,0.020,20.454,32789.539,1.343,52.000
0.056,0.001,0.020,19.537,-23603.992,1.382,52.000
0.051,0.018,0.012,19.149,184715.281,7.555,52.000
0.049,0.002,0.006,21.200,101487.273,2.841,52.000
0.045,0.001,0.010,20.261,170037.688,3.065,52.000
0.054,0.001,0.009,24.017,97376.336,1.755,52.000
0.052,0.000,0.007,22.883,64488.648,1.748,52.000
0.044,0.000,0.006,20.077,2921.406,1.535,52.000
0.050,0.012,0.014,23.739,140765.250,6.591,52.000
0.048,0.002,0.012,17.094,180735.031,2.525,52.000
0.042,0.001,0.006,21.837,120864.102,1.876,52.000
0.050,0.010,0.014,23.136,153600.094,7.094,52.000
0.055,0.000,0.015,22.983,15618.977,1.745,52.000
0.059,0.001,0.009,19.324,132116.188,0.861,52.000
0.050,0.013,0.014,22.435,137451.688,6.739,52.000
